Time resolution is 1 ps
[0] Asserting reset...
Info: [XPM_MEMORY 20-1] MEMORY_PRIMITIVE (0) instructs Vivado Synthesis to choose the memory primitive type. Depending on their values, other XPM_MEMORY parameters may preclude the choice of certain memory primitive types. Review XPM_MEMORY documentation and parameter values to understand any limitations, or set MEMORY_PRIMITIVE to a different value. tb_AI_TRIGGER_TOP.dut.u_ADC_INPUT.u_FIFO.\gnuram_async_fifo.xpm_fifo_base_inst .\gen_sdpram.xpm_memory_base_inst .config_drc
Time: 1 ps  Iteration: 0  Process: /tb_AI_TRIGGER_TOP/dut/u_ADC_INPUT/u_FIFO/gnuram_async_fifo.xpm_fifo_base_inst/gen_sdpram.xpm_memory_base_inst/Initial302_28  Scope: tb_AI_TRIGGER_TOP.dut.u_ADC_INPUT.u_FIFO.\gnuram_async_fifo.xpm_fifo_base_inst .\gen_sdpram.xpm_memory_base_inst .config_drc  File: /tools/Xilinx/Vivado/2023.2/data/ip/xpm/xpm_memory/hdl/xpm_memory.sv Line: 506
Info: [XPM_MEMORY 20-1] MEMORY_PRIMITIVE (0) instructs Vivado Synthesis to choose the memory primitive type. Depending on their values, other XPM_MEMORY parameters may preclude the choice of certain memory primitive types. Review XPM_MEMORY documentation and parameter values to understand any limitations, or set MEMORY_PRIMITIVE to a different value. tb_AI_TRIGGER_TOP.dut.u_DUT.u_EVENT_PATH.u_output_fifo.u_FIFO.xpm_fifo_base_inst.\gen_sdpram.xpm_memory_base_inst .config_drc
Time: 1 ps  Iteration: 0  Process: /tb_AI_TRIGGER_TOP/dut/u_DUT/u_EVENT_PATH/u_output_fifo/u_FIFO/xpm_fifo_base_inst/gen_sdpram.xpm_memory_base_inst/Initial302_1807  Scope: tb_AI_TRIGGER_TOP.dut.u_DUT.u_EVENT_PATH.u_output_fifo.u_FIFO.xpm_fifo_base_inst.\gen_sdpram.xpm_memory_base_inst .config_drc  File: /tools/Xilinx/Vivado/2023.2/data/ip/xpm/xpm_memory/hdl/xpm_memory.sv Line: 506
[206000] Starting AI_TRIGGER_TOP test
[206000] TESTHEX_DIR: /home/work1/Works/AI-Trigger-System/build/real_noise_scan/signal_3/testhex_stream
[206000] Samples: 745  Threshold raw: 0 (0.0000)
[206000] MIRROR_RAW_CHANNELS: 0
[206000] PACE_CHUNKS: 1
---------------------------------------------------------------------
Sample | Score (hex) | Score (float) | Label | Pred | Latency (us)
---------------------------------------------------------------------
Note: DIST chunk_start seq=0 lane=0 busy='0'
Time: 266 ns  Iteration: 0  Process: /tb_AI_TRIGGER_TOP/dut/u_DUT/u_DIST/line__134  File: /home/work1/Works/AI-Trigger-System/HDL/rtl/ADC_CHUNK_DISTRIBUTOR.vhd
Note: LANE0 ADC chunk_accept count=1 fifo_full='0'
Time: 266 ns  Iteration: 0  Process: /tb_AI_TRIGGER_TOP/dut/u_DUT/\gen_lanes(0)\/u_LANE/line__191  File: /home/work1/Works/AI-Trigger-System/HDL/rtl/CNN_CORE_LANE.vhd
Note: LANE0 started_next=1 fifo_empty='0' fifo_data_valid='1' ready='0' idle='1'
Time: 302500 ps  Iteration: 0  Process: /tb_AI_TRIGGER_TOP/dut/u_DUT/\gen_lanes(0)\/u_LANE/line__273  File: /home/work1/Works/AI-Trigger-System/HDL/rtl/CNN_CORE_LANE.vhd
Note: LANE0 started=1 fifo_empty='0' fifo_data_valid='1' ready='0'
Time: 1007500 ps  Iteration: 0  Process: /tb_AI_TRIGGER_TOP/dut/u_DUT/\gen_lanes(0)\/u_LANE/line__273  File: /home/work1/Works/AI-Trigger-System/HDL/rtl/CNN_CORE_LANE.vhd
Note: LANE0 ADC busy_clear stream_done_seen='1' wr_count=0
Time: 1018 ns  Iteration: 0  Process: /tb_AI_TRIGGER_TOP/dut/u_DUT/\gen_lanes(0)\/u_LANE/line__191  File: /home/work1/Works/AI-Trigger-System/HDL/rtl/CNN_CORE_LANE.vhd
Note: LANE0 CNN output_valid score_raw=-2436 started=1
Time: 1232500 ps  Iteration: 0  Process: /tb_AI_TRIGGER_TOP/dut/u_DUT/\gen_lanes(0)\/u_LANE/line__273  File: /home/work1/Works/AI-Trigger-System/HDL/rtl/CNN_CORE_LANE.vhd
     0 | 0x003ff67c    |     -1.189453 |     0 |    0 |      1.010
Note: DIST chunk_start seq=1 lane=1 busy='0'
Time: 1278 ns  Iteration: 0  Process: /tb_AI_TRIGGER_TOP/dut/u_DUT/u_DIST/line__134  File: /home/work1/Works/AI-Trigger-System/HDL/rtl/ADC_CHUNK_DISTRIBUTOR.vhd
Note: LANE1 ADC chunk_accept count=1 fifo_full='0'
Time: 1278 ns  Iteration: 0  Process: /tb_AI_TRIGGER_TOP/dut/u_DUT/\gen_lanes(1)\/u_LANE/line__191  File: /home/work1/Works/AI-Trigger-System/HDL/rtl/CNN_CORE_LANE.vhd
Note: LANE1 started_next=1 fifo_empty='0' fifo_data_valid='1' ready='0' idle='1'
Time: 1312500 ps  Iteration: 0  Process: /tb_AI_TRIGGER_TOP/dut/u_DUT/\gen_lanes(1)\/u_LANE/line__273  File: /home/work1/Works/AI-Trigger-System/HDL/rtl/CNN_CORE_LANE.vhd
Note: LANE1 started=1 fifo_empty='0' fifo_data_valid='1' ready='0'
Time: 2017500 ps  Iteration: 0  Process: /tb_AI_TRIGGER_TOP/dut/u_DUT/\gen_lanes(1)\/u_LANE/line__273  File: /home/work1/Works/AI-Trigger-System/HDL/rtl/CNN_CORE_LANE.vhd
Note: LANE1 ADC busy_clear stream_done_seen='1' wr_count=0
Time: 2026 ns  Iteration: 0  Process: /tb_AI_TRIGGER_TOP/dut/u_DUT/\gen_lanes(1)\/u_LANE/line__191  File: /home/work1/Works/AI-Trigger-System/HDL/rtl/CNN_CORE_LANE.vhd
Note: LANE1 CNN output_valid score_raw=-2372 started=1
Time: 2242500 ps  Iteration: 0  Process: /tb_AI_TRIGGER_TOP/dut/u_DUT/\gen_lanes(1)\/u_LANE/line__273  File: /home/work1/Works/AI-Trigger-System/HDL/rtl/CNN_CORE_LANE.vhd
     1 | 0x003ff6bc    |     -1.158203 |     0 |    0 |      1.005
Note: DIST chunk_start seq=2 lane=2 busy='0'
Time: 2286 ns  Iteration: 0  Process: /tb_AI_TRIGGER_TOP/dut/u_DUT/u_DIST/line__134  File: /home/work1/Works/AI-Trigger-System/HDL/rtl/ADC_CHUNK_DISTRIBUTOR.vhd
Note: LANE2 ADC chunk_accept count=1 fifo_full='0'
Time: 2286 ns  Iteration: 0  Process: /tb_AI_TRIGGER_TOP/dut/u_DUT/\gen_lanes(2)\/u_LANE/line__191  File: /home/work1/Works/AI-Trigger-System/HDL/rtl/CNN_CORE_LANE.vhd
Note: LANE2 started_next=1 fifo_empty='0' fifo_data_valid='1' ready='0' idle='1'
Time: 2322500 ps  Iteration: 0  Process: /tb_AI_TRIGGER_TOP/dut/u_DUT/\gen_lanes(2)\/u_LANE/line__273  File: /home/work1/Works/AI-Trigger-System/HDL/rtl/CNN_CORE_LANE.vhd
Note: LANE2 started=1 fifo_empty='0' fifo_data_valid='1' ready='0'
Time: 3027500 ps  Iteration: 0  Process: /tb_AI_TRIGGER_TOP/dut/u_DUT/\gen_lanes(2)\/u_LANE/line__273  File: /home/work1/Works/AI-Trigger-System/HDL/rtl/CNN_CORE_LANE.vhd
Note: LANE2 ADC busy_clear stream_done_seen='1' wr_count=0
Time: 3038 ns  Iteration: 0  Process: /tb_AI_TRIGGER_TOP/dut/u_DUT/\gen_lanes(2)\/u_LANE/line__191  File: /home/work1/Works/AI-Trigger-System/HDL/rtl/CNN_CORE_LANE.vhd
Note: LANE2 CNN output_valid score_raw=-2001 started=1
Time: 3252500 ps  Iteration: 0  Process: /tb_AI_TRIGGER_TOP/dut/u_DUT/\gen_lanes(2)\/u_LANE/line__273  File: /home/work1/Works/AI-Trigger-System/HDL/rtl/CNN_CORE_LANE.vhd
     2 | 0x003ff82f    |     -0.977051 |     0 |    0 |      1.010
Note: DIST chunk_start seq=3 lane=3 busy='0'
Time: 3298 ns  Iteration: 0  Process: /tb_AI_TRIGGER_TOP/dut/u_DUT/u_DIST/line__134  File: /home/work1/Works/AI-Trigger-System/HDL/rtl/ADC_CHUNK_DISTRIBUTOR.vhd
Note: LANE3 ADC chunk_accept count=1 fifo_full='0'
Time: 3298 ns  Iteration: 0  Process: /tb_AI_TRIGGER_TOP/dut/u_DUT/\gen_lanes(3)\/u_LANE/line__191  File: /home/work1/Works/AI-Trigger-System/HDL/rtl/CNN_CORE_LANE.vhd
Note: LANE3 started_next=1 fifo_empty='0' fifo_data_valid='1' ready='0' idle='1'
Time: 3332500 ps  Iteration: 0  Process: /tb_AI_TRIGGER_TOP/dut/u_DUT/\gen_lanes(3)\/u_LANE/line__273  File: /home/work1/Works/AI-Trigger-System/HDL/rtl/CNN_CORE_LANE.vhd
Note: LANE3 started=1 fifo_empty='0' fifo_data_valid='1' ready='0'
Time: 4037500 ps  Iteration: 0  Process: /tb_AI_TRIGGER_TOP/dut/u_DUT/\gen_lanes(3)\/u_LANE/line__273  File: /home/work1/Works/AI-Trigger-System/HDL/rtl/CNN_CORE_LANE.vhd
Note: LANE3 ADC busy_clear stream_done_seen='1' wr_count=0
Time: 4046 ns  Iteration: 0  Process: /tb_AI_TRIGGER_TOP/dut/u_DUT/\gen_lanes(3)\/u_LANE/line__191  File: /home/work1/Works/AI-Trigger-System/HDL/rtl/CNN_CORE_LANE.vhd
Note: LANE3 CNN output_valid score_raw=-2176 started=1
Time: 4262500 ps  Iteration: 0  Process: /tb_AI_TRIGGER_TOP/dut/u_DUT/\gen_lanes(3)\/u_LANE/line__273  File: /home/work1/Works/AI-Trigger-System/HDL/rtl/CNN_CORE_LANE.vhd
     3 | 0x003ff780    |     -1.062500 |     0 |    0 |      1.005
Note: DIST chunk_start seq=4 lane=4 busy='0'
Time: 4306 ns  Iteration: 0  Process: /tb_AI_TRIGGER_TOP/dut/u_DUT/u_DIST/line__134  File: /home/work1/Works/AI-Trigger-System/HDL/rtl/ADC_CHUNK_DISTRIBUTOR.vhd
Note: LANE4 ADC chunk_accept count=1 fifo_full='0'
Time: 4306 ns  Iteration: 0  Process: /tb_AI_TRIGGER_TOP/dut/u_DUT/\gen_lanes(4)\/u_LANE/line__191  File: /home/work1/Works/AI-Trigger-System/HDL/rtl/CNN_CORE_LANE.vhd
Note: LANE4 started_next=1 fifo_empty='0' fifo_data_valid='1' ready='0' idle='1'
Time: 4342500 ps  Iteration: 0  Process: /tb_AI_TRIGGER_TOP/dut/u_DUT/\gen_lanes(4)\/u_LANE/line__273  File: /home/work1/Works/AI-Trigger-System/HDL/rtl/CNN_CORE_LANE.vhd
Note: LANE4 started=1 fifo_empty='0' fifo_data_valid='1' ready='0'
Time: 5047500 ps  Iteration: 0  Process: /tb_AI_TRIGGER_TOP/dut/u_DUT/\gen_lanes(4)\/u_LANE/line__273  File: /home/work1/Works/AI-Trigger-System/HDL/rtl/CNN_CORE_LANE.vhd
Note: LANE4 ADC busy_clear stream_done_seen='1' wr_count=0
Time: 5058 ns  Iteration: 0  Process: /tb_AI_TRIGGER_TOP/dut/u_DUT/\gen_lanes(4)\/u_LANE/line__191  File: /home/work1/Works/AI-Trigger-System/HDL/rtl/CNN_CORE_LANE.vhd
Note: LANE4 CNN output_valid score_raw=-2597 started=1
Time: 5272500 ps  Iteration: 0  Process: /tb_AI_TRIGGER_TOP/dut/u_DUT/\gen_lanes(4)\/u_LANE/line__273  File: /home/work1/Works/AI-Trigger-System/HDL/rtl/CNN_CORE_LANE.vhd
     4 | 0x003ff5db    |     -1.268066 |     0 |    0 |      1.010
Note: DIST chunk_start seq=5 lane=0 busy='0'
Time: 5318 ns  Iteration: 0  Process: /tb_AI_TRIGGER_TOP/dut/u_DUT/u_DIST/line__134  File: /home/work1/Works/AI-Trigger-System/HDL/rtl/ADC_CHUNK_DISTRIBUTOR.vhd
Note: LANE0 ADC chunk_accept count=2 fifo_full='0'
Time: 5318 ns  Iteration: 0  Process: /tb_AI_TRIGGER_TOP/dut/u_DUT/\gen_lanes(0)\/u_LANE/line__191  File: /home/work1/Works/AI-Trigger-System/HDL/rtl/CNN_CORE_LANE.vhd
Note: LANE0 started_next=2 fifo_empty='0' fifo_data_valid='1' ready='0' idle='1'
Time: 5352500 ps  Iteration: 0  Process: /tb_AI_TRIGGER_TOP/dut/u_DUT/\gen_lanes(0)\/u_LANE/line__273  File: /home/work1/Works/AI-Trigger-System/HDL/rtl/CNN_CORE_LANE.vhd
Note: LANE0 started=2 fifo_empty='0' fifo_data_valid='1' ready='0'
Time: 6062500 ps  Iteration: 0  Process: /tb_AI_TRIGGER_TOP/dut/u_DUT/\gen_lanes(0)\/u_LANE/line__273  File: /home/work1/Works/AI-Trigger-System/HDL/rtl/CNN_CORE_LANE.vhd
Note: LANE0 ADC busy_clear stream_done_seen='0' wr_count=0
Time: 6074 ns  Iteration: 0  Process: /tb_AI_TRIGGER_TOP/dut/u_DUT/\gen_lanes(0)\/u_LANE/line__191  File: /home/work1/Works/AI-Trigger-System/HDL/rtl/CNN_CORE_LANE.vhd
Note: LANE0 CNN output_valid score_raw=-2760 started=2
Time: 6287500 ps  Iteration: 0  Process: /tb_AI_TRIGGER_TOP/dut/u_DUT/\gen_lanes(0)\/u_LANE/line__273  File: /home/work1/Works/AI-Trigger-System/HDL/rtl/CNN_CORE_LANE.vhd
     5 | 0x003ff538    |     -1.347656 |     0 |    0 |      1.010
Note: DIST chunk_start seq=6 lane=1 busy='0'
Time: 6330 ns  Iteration: 0  Process: /tb_AI_TRIGGER_TOP/dut/u_DUT/u_DIST/line__134  File: /home/work1/Works/AI-Trigger-System/HDL/rtl/ADC_CHUNK_DISTRIBUTOR.vhd
Note: LANE1 ADC chunk_accept count=2 fifo_full='0'
Time: 6330 ns  Iteration: 0  Process: /tb_AI_TRIGGER_TOP/dut/u_DUT/\gen_lanes(1)\/u_LANE/line__191  File: /home/work1/Works/AI-Trigger-System/HDL/rtl/CNN_CORE_LANE.vhd
Note: LANE1 started_next=2 fifo_empty='0' fifo_data_valid='1' ready='0' idle='1'
Time: 6367500 ps  Iteration: 0  Process: /tb_AI_TRIGGER_TOP/dut/u_DUT/\gen_lanes(1)\/u_LANE/line__273  File: /home/work1/Works/AI-Trigger-System/HDL/rtl/CNN_CORE_LANE.vhd
Note: LANE1 started=2 fifo_empty='0' fifo_data_valid='1' ready='0'
Time: 7077500 ps  Iteration: 0  Process: /tb_AI_TRIGGER_TOP/dut/u_DUT/\gen_lanes(1)\/u_LANE/line__273  File: /home/work1/Works/AI-Trigger-System/HDL/rtl/CNN_CORE_LANE.vhd
Note: LANE1 ADC busy_clear stream_done_seen='0' wr_count=0
Time: 7086 ns  Iteration: 0  Process: /tb_AI_TRIGGER_TOP/dut/u_DUT/\gen_lanes(1)\/u_LANE/line__191  File: /home/work1/Works/AI-Trigger-System/HDL/rtl/CNN_CORE_LANE.vhd
Note: LANE1 CNN output_valid score_raw=-2652 started=2
Time: 7302500 ps  Iteration: 0  Process: /tb_AI_TRIGGER_TOP/dut/u_DUT/\gen_lanes(1)\/u_LANE/line__273  File: /home/work1/Works/AI-Trigger-System/HDL/rtl/CNN_CORE_LANE.vhd
     6 | 0x003ff5a4    |     -1.294922 |     0 |    0 |      1.015
Note: DIST chunk_start seq=7 lane=2 busy='0'
Time: 7346 ns  Iteration: 0  Process: /tb_AI_TRIGGER_TOP/dut/u_DUT/u_DIST/line__134  File: /home/work1/Works/AI-Trigger-System/HDL/rtl/ADC_CHUNK_DISTRIBUTOR.vhd
Note: LANE2 ADC chunk_accept count=2 fifo_full='0'
Time: 7346 ns  Iteration: 0  Process: /tb_AI_TRIGGER_TOP/dut/u_DUT/\gen_lanes(2)\/u_LANE/line__191  File: /home/work1/Works/AI-Trigger-System/HDL/rtl/CNN_CORE_LANE.vhd
Note: LANE2 started_next=2 fifo_empty='0' fifo_data_valid='1' ready='0' idle='1'
Time: 7382500 ps  Iteration: 0  Process: /tb_AI_TRIGGER_TOP/dut/u_DUT/\gen_lanes(2)\/u_LANE/line__273  File: /home/work1/Works/AI-Trigger-System/HDL/rtl/CNN_CORE_LANE.vhd
Note: LANE2 started=2 fifo_empty='0' fifo_data_valid='1' ready='0'
Time: 8092500 ps  Iteration: 0  Process: /tb_AI_TRIGGER_TOP/dut/u_DUT/\gen_lanes(2)\/u_LANE/line__273  File: /home/work1/Works/AI-Trigger-System/HDL/rtl/CNN_CORE_LANE.vhd
Note: LANE2 ADC busy_clear stream_done_seen='0' wr_count=0
Time: 8102 ns  Iteration: 0  Process: /tb_AI_TRIGGER_TOP/dut/u_DUT/\gen_lanes(2)\/u_LANE/line__191  File: /home/work1/Works/AI-Trigger-System/HDL/rtl/CNN_CORE_LANE.vhd
Note: LANE2 CNN output_valid score_raw=-2848 started=2
Time: 8317500 ps  Iteration: 0  Process: /tb_AI_TRIGGER_TOP/dut/u_DUT/\gen_lanes(2)\/u_LANE/line__273  File: /home/work1/Works/AI-Trigger-System/HDL/rtl/CNN_CORE_LANE.vhd
     7 | 0x003ff4e0    |     -1.390625 |     0 |    0 |      1.015
Note: DIST chunk_start seq=8 lane=3 busy='0'
Time: 8362 ns  Iteration: 0  Process: /tb_AI_TRIGGER_TOP/dut/u_DUT/u_DIST/line__134  File: /home/work1/Works/AI-Trigger-System/HDL/rtl/ADC_CHUNK_DISTRIBUTOR.vhd
Note: LANE3 ADC chunk_accept count=2 fifo_full='0'
Time: 8362 ns  Iteration: 0  Process: /tb_AI_TRIGGER_TOP/dut/u_DUT/\gen_lanes(3)\/u_LANE/line__191  File: /home/work1/Works/AI-Trigger-System/HDL/rtl/CNN_CORE_LANE.vhd
Note: LANE3 started_next=2 fifo_empty='0' fifo_data_valid='1' ready='0' idle='1'
Time: 8397500 ps  Iteration: 0  Process: /tb_AI_TRIGGER_TOP/dut/u_DUT/\gen_lanes(3)\/u_LANE/line__273  File: /home/work1/Works/AI-Trigger-System/HDL/rtl/CNN_CORE_LANE.vhd
Note: LANE3 started=2 fifo_empty='0' fifo_data_valid='1' ready='0'
Time: 9107500 ps  Iteration: 0  Process: /tb_AI_TRIGGER_TOP/dut/u_DUT/\gen_lanes(3)\/u_LANE/line__273  File: /home/work1/Works/AI-Trigger-System/HDL/rtl/CNN_CORE_LANE.vhd
Note: LANE3 ADC busy_clear stream_done_seen='0' wr_count=0
Time: 9118 ns  Iteration: 0  Process: /tb_AI_TRIGGER_TOP/dut/u_DUT/\gen_lanes(3)\/u_LANE/line__191  File: /home/work1/Works/AI-Trigger-System/HDL/rtl/CNN_CORE_LANE.vhd
Note: LANE3 CNN output_valid score_raw=-2606 started=2
Time: 9332500 ps  Iteration: 0  Process: /tb_AI_TRIGGER_TOP/dut/u_DUT/\gen_lanes(3)\/u_LANE/line__273  File: /home/work1/Works/AI-Trigger-System/HDL/rtl/CNN_CORE_LANE.vhd
     8 | 0x003ff5d2    |     -1.272461 |     0 |    0 |      1.015
Note: DIST chunk_start seq=9 lane=4 busy='0'
Time: 9378 ns  Iteration: 0  Process: /tb_AI_TRIGGER_TOP/dut/u_DUT/u_DIST/line__134  File: /home/work1/Works/AI-Trigger-System/HDL/rtl/ADC_CHUNK_DISTRIBUTOR.vhd
Note: LANE4 ADC chunk_accept count=2 fifo_full='0'
Time: 9378 ns  Iteration: 0  Process: /tb_AI_TRIGGER_TOP/dut/u_DUT/\gen_lanes(4)\/u_LANE/line__191  File: /home/work1/Works/AI-Trigger-System/HDL/rtl/CNN_CORE_LANE.vhd
Note: LANE4 started_next=2 fifo_empty='0' fifo_data_valid='1' ready='0' idle='1'
Time: 9412500 ps  Iteration: 0  Process: /tb_AI_TRIGGER_TOP/dut/u_DUT/\gen_lanes(4)\/u_LANE/line__273  File: /home/work1/Works/AI-Trigger-System/HDL/rtl/CNN_CORE_LANE.vhd
Note: LANE4 started=2 fifo_empty='0' fifo_data_valid='1' ready='0'
Time: 10122500 ps  Iteration: 0  Process: /tb_AI_TRIGGER_TOP/dut/u_DUT/\gen_lanes(4)\/u_LANE/line__273  File: /home/work1/Works/AI-Trigger-System/HDL/rtl/CNN_CORE_LANE.vhd
Note: LANE4 ADC busy_clear stream_done_seen='0' wr_count=0
Time: 10134 ns  Iteration: 0  Process: /tb_AI_TRIGGER_TOP/dut/u_DUT/\gen_lanes(4)\/u_LANE/line__191  File: /home/work1/Works/AI-Trigger-System/HDL/rtl/CNN_CORE_LANE.vhd
Note: LANE4 CNN output_valid score_raw=-2652 started=2
Time: 10347500 ps  Iteration: 0  Process: /tb_AI_TRIGGER_TOP/dut/u_DUT/\gen_lanes(4)\/u_LANE/line__273  File: /home/work1/Works/AI-Trigger-System/HDL/rtl/CNN_CORE_LANE.vhd
     9 | 0x003ff5a4    |     -1.294922 |     0 |    0 |      1.010
Note: DIST chunk_start seq=10 lane=0 busy='0'
Time: 10390 ns  Iteration: 0  Process: /tb_AI_TRIGGER_TOP/dut/u_DUT/u_DIST/line__134  File: /home/work1/Works/AI-Trigger-System/HDL/rtl/ADC_CHUNK_DISTRIBUTOR.vhd
Note: LANE0 ADC chunk_accept count=3 fifo_full='0'
Time: 10390 ns  Iteration: 0  Process: /tb_AI_TRIGGER_TOP/dut/u_DUT/\gen_lanes(0)\/u_LANE/line__191  File: /home/work1/Works/AI-Trigger-System/HDL/rtl/CNN_CORE_LANE.vhd
Note: LANE0 started_next=3 fifo_empty='0' fifo_data_valid='1' ready='0' idle='1'
Time: 10427500 ps  Iteration: 0  Process: /tb_AI_TRIGGER_TOP/dut/u_DUT/\gen_lanes(0)\/u_LANE/line__273  File: /home/work1/Works/AI-Trigger-System/HDL/rtl/CNN_CORE_LANE.vhd
Note: LANE0 started=3 fifo_empty='0' fifo_data_valid='1' ready='0'
Time: 11137500 ps  Iteration: 0  Process: /tb_AI_TRIGGER_TOP/dut/u_DUT/\gen_lanes(0)\/u_LANE/line__273  File: /home/work1/Works/AI-Trigger-System/HDL/rtl/CNN_CORE_LANE.vhd
Note: LANE0 ADC busy_clear stream_done_seen='1' wr_count=0
Time: 11146 ns  Iteration: 0  Process: /tb_AI_TRIGGER_TOP/dut/u_DUT/\gen_lanes(0)\/u_LANE/line__191  File: /home/work1/Works/AI-Trigger-System/HDL/rtl/CNN_CORE_LANE.vhd
Note: LANE0 CNN output_valid score_raw=-2759 started=3
Time: 11362500 ps  Iteration: 0  Process: /tb_AI_TRIGGER_TOP/dut/u_DUT/\gen_lanes(0)\/u_LANE/line__273  File: /home/work1/Works/AI-Trigger-System/HDL/rtl/CNN_CORE_LANE.vhd
    10 | 0x003ff539    |     -1.347168 |     0 |    0 |      1.015
Note: DIST chunk_start seq=11 lane=1 busy='0'
Time: 11406 ns  Iteration: 0  Process: /tb_AI_TRIGGER_TOP/dut/u_DUT/u_DIST/line__134  File: /home/work1/Works/AI-Trigger-System/HDL/rtl/ADC_CHUNK_DISTRIBUTOR.vhd
Note: LANE1 ADC chunk_accept count=3 fifo_full='0'
Time: 11406 ns  Iteration: 0  Process: /tb_AI_TRIGGER_TOP/dut/u_DUT/\gen_lanes(1)\/u_LANE/line__191  File: /home/work1/Works/AI-Trigger-System/HDL/rtl/CNN_CORE_LANE.vhd
Note: LANE1 started_next=3 fifo_empty='0' fifo_data_valid='1' ready='0' idle='1'
Time: 11442500 ps  Iteration: 0  Process: /tb_AI_TRIGGER_TOP/dut/u_DUT/\gen_lanes(1)\/u_LANE/line__273  File: /home/work1/Works/AI-Trigger-System/HDL/rtl/CNN_CORE_LANE.vhd
Note: LANE1 started=3 fifo_empty='0' fifo_data_valid='1' ready='0'
Time: 12152500 ps  Iteration: 0  Process: /tb_AI_TRIGGER_TOP/dut/u_DUT/\gen_lanes(1)\/u_LANE/line__273  File: /home/work1/Works/AI-Trigger-System/HDL/rtl/CNN_CORE_LANE.vhd
Note: LANE1 ADC busy_clear stream_done_seen='1' wr_count=0
Time: 12162 ns  Iteration: 0  Process: /tb_AI_TRIGGER_TOP/dut/u_DUT/\gen_lanes(1)\/u_LANE/line__191  File: /home/work1/Works/AI-Trigger-System/HDL/rtl/CNN_CORE_LANE.vhd
Note: LANE1 CNN output_valid score_raw=-2791 started=3
Time: 12377500 ps  Iteration: 0  Process: /tb_AI_TRIGGER_TOP/dut/u_DUT/\gen_lanes(1)\/u_LANE/line__273  File: /home/work1/Works/AI-Trigger-System/HDL/rtl/CNN_CORE_LANE.vhd
    11 | 0x003ff519    |     -1.362793 |     0 |    0 |      1.015
Note: DIST chunk_start seq=12 lane=2 busy='0'
Time: 12422 ns  Iteration: 0  Process: /tb_AI_TRIGGER_TOP/dut/u_DUT/u_DIST/line__134  File: /home/work1/Works/AI-Trigger-System/HDL/rtl/ADC_CHUNK_DISTRIBUTOR.vhd
Note: LANE2 ADC chunk_accept count=3 fifo_full='0'
Time: 12422 ns  Iteration: 0  Process: /tb_AI_TRIGGER_TOP/dut/u_DUT/\gen_lanes(2)\/u_LANE/line__191  File: /home/work1/Works/AI-Trigger-System/HDL/rtl/CNN_CORE_LANE.vhd
Note: LANE2 started_next=3 fifo_empty='0' fifo_data_valid='1' ready='0' idle='1'
Time: 12457500 ps  Iteration: 0  Process: /tb_AI_TRIGGER_TOP/dut/u_DUT/\gen_lanes(2)\/u_LANE/line__273  File: /home/work1/Works/AI-Trigger-System/HDL/rtl/CNN_CORE_LANE.vhd
Note: LANE2 started=3 fifo_empty='0' fifo_data_valid='1' ready='0'
Time: 13167500 ps  Iteration: 0  Process: /tb_AI_TRIGGER_TOP/dut/u_DUT/\gen_lanes(2)\/u_LANE/line__273  File: /home/work1/Works/AI-Trigger-System/HDL/rtl/CNN_CORE_LANE.vhd
Note: LANE2 ADC busy_clear stream_done_seen='1' wr_count=0
Time: 13178 ns  Iteration: 0  Process: /tb_AI_TRIGGER_TOP/dut/u_DUT/\gen_lanes(2)\/u_LANE/line__191  File: /home/work1/Works/AI-Trigger-System/HDL/rtl/CNN_CORE_LANE.vhd
Note: LANE2 CNN output_valid score_raw=-2693 started=3
Time: 13392500 ps  Iteration: 0  Process: /tb_AI_TRIGGER_TOP/dut/u_DUT/\gen_lanes(2)\/u_LANE/line__273  File: /home/work1/Works/AI-Trigger-System/HDL/rtl/CNN_CORE_LANE.vhd
    12 | 0x003ff57b    |     -1.314941 |     0 |    0 |      1.015
Note: DIST chunk_start seq=13 lane=3 busy='0'
Time: 13438 ns  Iteration: 0  Process: /tb_AI_TRIGGER_TOP/dut/u_DUT/u_DIST/line__134  File: /home/work1/Works/AI-Trigger-System/HDL/rtl/ADC_CHUNK_DISTRIBUTOR.vhd
Note: LANE3 ADC chunk_accept count=3 fifo_full='0'
Time: 13438 ns  Iteration: 0  Process: /tb_AI_TRIGGER_TOP/dut/u_DUT/\gen_lanes(3)\/u_LANE/line__191  File: /home/work1/Works/AI-Trigger-System/HDL/rtl/CNN_CORE_LANE.vhd
Note: LANE3 started_next=3 fifo_empty='0' fifo_data_valid='1' ready='0' idle='1'
Time: 13472500 ps  Iteration: 0  Process: /tb_AI_TRIGGER_TOP/dut/u_DUT/\gen_lanes(3)\/u_LANE/line__273  File: /home/work1/Works/AI-Trigger-System/HDL/rtl/CNN_CORE_LANE.vhd
Note: LANE3 started=3 fifo_empty='0' fifo_data_valid='1' ready='0'
Time: 14182500 ps  Iteration: 0  Process: /tb_AI_TRIGGER_TOP/dut/u_DUT/\gen_lanes(3)\/u_LANE/line__273  File: /home/work1/Works/AI-Trigger-System/HDL/rtl/CNN_CORE_LANE.vhd
Note: LANE3 ADC busy_clear stream_done_seen='1' wr_count=0
Time: 14194 ns  Iteration: 0  Process: /tb_AI_TRIGGER_TOP/dut/u_DUT/\gen_lanes(3)\/u_LANE/line__191  File: /home/work1/Works/AI-Trigger-System/HDL/rtl/CNN_CORE_LANE.vhd
Note: LANE3 CNN output_valid score_raw=-3057 started=3
Time: 14407500 ps  Iteration: 0  Process: /tb_AI_TRIGGER_TOP/dut/u_DUT/\gen_lanes(3)\/u_LANE/line__273  File: /home/work1/Works/AI-Trigger-System/HDL/rtl/CNN_CORE_LANE.vhd
    13 | 0x003ff40f    |     -1.492676 |     0 |    0 |      1.010
Note: DIST chunk_start seq=14 lane=4 busy='0'
Time: 14450 ns  Iteration: 0  Process: /tb_AI_TRIGGER_TOP/dut/u_DUT/u_DIST/line__134  File: /home/work1/Works/AI-Trigger-System/HDL/rtl/ADC_CHUNK_DISTRIBUTOR.vhd
Note: LANE4 ADC chunk_accept count=3 fifo_full='0'
Time: 14450 ns  Iteration: 0  Process: /tb_AI_TRIGGER_TOP/dut/u_DUT/\gen_lanes(4)\/u_LANE/line__191  File: /home/work1/Works/AI-Trigger-System/HDL/rtl/CNN_CORE_LANE.vhd
Note: LANE4 started_next=3 fifo_empty='0' fifo_data_valid='1' ready='0' idle='1'
Time: 14487500 ps  Iteration: 0  Process: /tb_AI_TRIGGER_TOP/dut/u_DUT/\gen_lanes(4)\/u_LANE/line__273  File: /home/work1/Works/AI-Trigger-System/HDL/rtl/CNN_CORE_LANE.vhd
Note: LANE4 started=3 fifo_empty='0' fifo_data_valid='1' ready='0'
Time: 15197500 ps  Iteration: 0  Process: /tb_AI_TRIGGER_TOP/dut/u_DUT/\gen_lanes(4)\/u_LANE/line__273  File: /home/work1/Works/AI-Trigger-System/HDL/rtl/CNN_CORE_LANE.vhd
Note: LANE4 ADC busy_clear stream_done_seen='1' wr_count=0
Time: 15206 ns  Iteration: 0  Process: /tb_AI_TRIGGER_TOP/dut/u_DUT/\gen_lanes(4)\/u_LANE/line__191  File: /home/work1/Works/AI-Trigger-System/HDL/rtl/CNN_CORE_LANE.vhd
Note: LANE4 CNN output_valid score_raw=-2842 started=3
Time: 15422500 ps  Iteration: 0  Process: /tb_AI_TRIGGER_TOP/dut/u_DUT/\gen_lanes(4)\/u_LANE/line__273  File: /home/work1/Works/AI-Trigger-System/HDL/rtl/CNN_CORE_LANE.vhd
    14 | 0x003ff4e6    |     -1.387695 |     0 |    0 |      1.015
Note: DIST chunk_start seq=15 lane=0 busy='0'
Time: 15466 ns  Iteration: 0  Process: /tb_AI_TRIGGER_TOP/dut/u_DUT/u_DIST/line__134  File: /home/work1/Works/AI-Trigger-System/HDL/rtl/ADC_CHUNK_DISTRIBUTOR.vhd
Note: LANE0 ADC chunk_accept count=4 fifo_full='0'
Time: 15466 ns  Iteration: 0  Process: /tb_AI_TRIGGER_TOP/dut/u_DUT/\gen_lanes(0)\/u_LANE/line__191  File: /home/work1/Works/AI-Trigger-System/HDL/rtl/CNN_CORE_LANE.vhd
Note: LANE0 started_next=4 fifo_empty='0' fifo_data_valid='1' ready='0' idle='1'
Time: 15502500 ps  Iteration: 0  Process: /tb_AI_TRIGGER_TOP/dut/u_DUT/\gen_lanes(0)\/u_LANE/line__273  File: /home/work1/Works/AI-Trigger-System/HDL/rtl/CNN_CORE_LANE.vhd
Note: LANE0 started=4 fifo_empty='0' fifo_data_valid='1' ready='0'
Time: 16212500 ps  Iteration: 0  Process: /tb_AI_TRIGGER_TOP/dut/u_DUT/\gen_lanes(0)\/u_LANE/line__273  File: /home/work1/Works/AI-Trigger-System/HDL/rtl/CNN_CORE_LANE.vhd
Note: LANE0 ADC busy_clear stream_done_seen='0' wr_count=0
Time: 16222 ns  Iteration: 0  Process: /tb_AI_TRIGGER_TOP/dut/u_DUT/\gen_lanes(0)\/u_LANE/line__191  File: /home/work1/Works/AI-Trigger-System/HDL/rtl/CNN_CORE_LANE.vhd
Note: LANE0 CNN output_valid score_raw=-2690 started=4
Time: 16437500 ps  Iteration: 0  Process: /tb_AI_TRIGGER_TOP/dut/u_DUT/\gen_lanes(0)\/u_LANE/line__273  File: /home/work1/Works/AI-Trigger-System/HDL/rtl/CNN_CORE_LANE.vhd
    15 | 0x003ff57e    |     -1.313477 |     0 |    0 |      1.015
Note: DIST chunk_start seq=16 lane=1 busy='0'
Time: 16482 ns  Iteration: 0  Process: /tb_AI_TRIGGER_TOP/dut/u_DUT/u_DIST/line__134  File: /home/work1/Works/AI-Trigger-System/HDL/rtl/ADC_CHUNK_DISTRIBUTOR.vhd
Note: LANE1 ADC chunk_accept count=4 fifo_full='0'
Time: 16482 ns  Iteration: 0  Process: /tb_AI_TRIGGER_TOP/dut/u_DUT/\gen_lanes(1)\/u_LANE/line__191  File: /home/work1/Works/AI-Trigger-System/HDL/rtl/CNN_CORE_LANE.vhd
Note: LANE1 started_next=4 fifo_empty='0' fifo_data_valid='1' ready='0' idle='1'
Time: 16517500 ps  Iteration: 0  Process: /tb_AI_TRIGGER_TOP/dut/u_DUT/\gen_lanes(1)\/u_LANE/line__273  File: /home/work1/Works/AI-Trigger-System/HDL/rtl/CNN_CORE_LANE.vhd
Note: LANE1 started=4 fifo_empty='0' fifo_data_valid='1' ready='0'
Time: 17227500 ps  Iteration: 0  Process: /tb_AI_TRIGGER_TOP/dut/u_DUT/\gen_lanes(1)\/u_LANE/line__273  File: /home/work1/Works/AI-Trigger-System/HDL/rtl/CNN_CORE_LANE.vhd
Note: LANE1 ADC busy_clear stream_done_seen='0' wr_count=0
Time: 17238 ns  Iteration: 0  Process: /tb_AI_TRIGGER_TOP/dut/u_DUT/\gen_lanes(1)\/u_LANE/line__191  File: /home/work1/Works/AI-Trigger-System/HDL/rtl/CNN_CORE_LANE.vhd
Note: LANE1 CNN output_valid score_raw=-2803 started=4
Time: 17452500 ps  Iteration: 0  Process: /tb_AI_TRIGGER_TOP/dut/u_DUT/\gen_lanes(1)\/u_LANE/line__273  File: /home/work1/Works/AI-Trigger-System/HDL/rtl/CNN_CORE_LANE.vhd
    16 | 0x003ff50d    |     -1.368652 |     0 |    0 |      1.015
Note: DIST chunk_start seq=17 lane=2 busy='0'
Time: 17498 ns  Iteration: 0  Process: /tb_AI_TRIGGER_TOP/dut/u_DUT/u_DIST/line__134  File: /home/work1/Works/AI-Trigger-System/HDL/rtl/ADC_CHUNK_DISTRIBUTOR.vhd
Note: LANE2 ADC chunk_accept count=4 fifo_full='0'
Time: 17498 ns  Iteration: 0  Process: /tb_AI_TRIGGER_TOP/dut/u_DUT/\gen_lanes(2)\/u_LANE/line__191  File: /home/work1/Works/AI-Trigger-System/HDL/rtl/CNN_CORE_LANE.vhd
Note: LANE2 started_next=4 fifo_empty='0' fifo_data_valid='1' ready='0' idle='1'
Time: 17532500 ps  Iteration: 0  Process: /tb_AI_TRIGGER_TOP/dut/u_DUT/\gen_lanes(2)\/u_LANE/line__273  File: /home/work1/Works/AI-Trigger-System/HDL/rtl/CNN_CORE_LANE.vhd
Note: LANE2 started=4 fifo_empty='0' fifo_data_valid='1' ready='0'
Time: 18242500 ps  Iteration: 0  Process: /tb_AI_TRIGGER_TOP/dut/u_DUT/\gen_lanes(2)\/u_LANE/line__273  File: /home/work1/Works/AI-Trigger-System/HDL/rtl/CNN_CORE_LANE.vhd
Note: LANE2 ADC busy_clear stream_done_seen='0' wr_count=0
Time: 18254 ns  Iteration: 0  Process: /tb_AI_TRIGGER_TOP/dut/u_DUT/\gen_lanes(2)\/u_LANE/line__191  File: /home/work1/Works/AI-Trigger-System/HDL/rtl/CNN_CORE_LANE.vhd
Note: LANE2 CNN output_valid score_raw=-2798 started=4
Time: 18467500 ps  Iteration: 0  Process: /tb_AI_TRIGGER_TOP/dut/u_DUT/\gen_lanes(2)\/u_LANE/line__273  File: /home/work1/Works/AI-Trigger-System/HDL/rtl/CNN_CORE_LANE.vhd
    17 | 0x003ff512    |     -1.366211 |     0 |    0 |      1.010
Note: DIST chunk_start seq=18 lane=3 busy='0'
Time: 18510 ns  Iteration: 0  Process: /tb_AI_TRIGGER_TOP/dut/u_DUT/u_DIST/line__134  File: /home/work1/Works/AI-Trigger-System/HDL/rtl/ADC_CHUNK_DISTRIBUTOR.vhd
Note: LANE3 ADC chunk_accept count=4 fifo_full='0'
Time: 18510 ns  Iteration: 0  Process: /tb_AI_TRIGGER_TOP/dut/u_DUT/\gen_lanes(3)\/u_LANE/line__191  File: /home/work1/Works/AI-Trigger-System/HDL/rtl/CNN_CORE_LANE.vhd
Note: LANE3 started_next=4 fifo_empty='0' fifo_data_valid='1' ready='0' idle='1'
Time: 18547500 ps  Iteration: 0  Process: /tb_AI_TRIGGER_TOP/dut/u_DUT/\gen_lanes(3)\/u_LANE/line__273  File: /home/work1/Works/AI-Trigger-System/HDL/rtl/CNN_CORE_LANE.vhd
Note: LANE3 started=4 fifo_empty='0' fifo_data_valid='1' ready='0'
Time: 19257500 ps  Iteration: 0  Process: /tb_AI_TRIGGER_TOP/dut/u_DUT/\gen_lanes(3)\/u_LANE/line__273  File: /home/work1/Works/AI-Trigger-System/HDL/rtl/CNN_CORE_LANE.vhd
Note: LANE3 ADC busy_clear stream_done_seen='0' wr_count=0
Time: 19266 ns  Iteration: 0  Process: /tb_AI_TRIGGER_TOP/dut/u_DUT/\gen_lanes(3)\/u_LANE/line__191  File: /home/work1/Works/AI-Trigger-System/HDL/rtl/CNN_CORE_LANE.vhd
Note: LANE3 CNN output_valid score_raw=-2815 started=4
Time: 19482500 ps  Iteration: 0  Process: /tb_AI_TRIGGER_TOP/dut/u_DUT/\gen_lanes(3)\/u_LANE/line__273  File: /home/work1/Works/AI-Trigger-System/HDL/rtl/CNN_CORE_LANE.vhd
    18 | 0x003ff501    |     -1.374512 |     0 |    0 |      1.015
Note: DIST chunk_start seq=19 lane=4 busy='0'
Time: 19526 ns  Iteration: 0  Process: /tb_AI_TRIGGER_TOP/dut/u_DUT/u_DIST/line__134  File: /home/work1/Works/AI-Trigger-System/HDL/rtl/ADC_CHUNK_DISTRIBUTOR.vhd
Note: LANE4 ADC chunk_accept count=4 fifo_full='0'
Time: 19526 ns  Iteration: 0  Process: /tb_AI_TRIGGER_TOP/dut/u_DUT/\gen_lanes(4)\/u_LANE/line__191  File: /home/work1/Works/AI-Trigger-System/HDL/rtl/CNN_CORE_LANE.vhd
Note: LANE4 started_next=4 fifo_empty='0' fifo_data_valid='1' ready='0' idle='1'
Time: 19562500 ps  Iteration: 0  Process: /tb_AI_TRIGGER_TOP/dut/u_DUT/\gen_lanes(4)\/u_LANE/line__273  File: /home/work1/Works/AI-Trigger-System/HDL/rtl/CNN_CORE_LANE.vhd
Note: LANE4 started=4 fifo_empty='0' fifo_data_valid='1' ready='0'
Time: 20272500 ps  Iteration: 0  Process: /tb_AI_TRIGGER_TOP/dut/u_DUT/\gen_lanes(4)\/u_LANE/line__273  File: /home/work1/Works/AI-Trigger-System/HDL/rtl/CNN_CORE_LANE.vhd
Note: LANE4 ADC busy_clear stream_done_seen='0' wr_count=0
Time: 20282 ns  Iteration: 0  Process: /tb_AI_TRIGGER_TOP/dut/u_DUT/\gen_lanes(4)\/u_LANE/line__191  File: /home/work1/Works/AI-Trigger-System/HDL/rtl/CNN_CORE_LANE.vhd
Note: LANE4 CNN output_valid score_raw=-3146 started=4
Time: 20497500 ps  Iteration: 0  Process: /tb_AI_TRIGGER_TOP/dut/u_DUT/\gen_lanes(4)\/u_LANE/line__273  File: /home/work1/Works/AI-Trigger-System/HDL/rtl/CNN_CORE_LANE.vhd
    19 | 0x003ff3b6    |     -1.536133 |     0 |    0 |      1.015
Note: DIST chunk_start seq=20 lane=0 busy='0'
Time: 20542 ns  Iteration: 0  Process: /tb_AI_TRIGGER_TOP/dut/u_DUT/u_DIST/line__134  File: /home/work1/Works/AI-Trigger-System/HDL/rtl/ADC_CHUNK_DISTRIBUTOR.vhd
Note: LANE0 ADC chunk_accept count=5 fifo_full='0'
Time: 20542 ns  Iteration: 0  Process: /tb_AI_TRIGGER_TOP/dut/u_DUT/\gen_lanes(0)\/u_LANE/line__191  File: /home/work1/Works/AI-Trigger-System/HDL/rtl/CNN_CORE_LANE.vhd
Note: LANE0 started_next=5 fifo_empty='0' fifo_data_valid='1' ready='0' idle='1'
Time: 20577500 ps  Iteration: 0  Process: /tb_AI_TRIGGER_TOP/dut/u_DUT/\gen_lanes(0)\/u_LANE/line__273  File: /home/work1/Works/AI-Trigger-System/HDL/rtl/CNN_CORE_LANE.vhd
Note: LANE0 started=5 fifo_empty='0' fifo_data_valid='1' ready='0'
Time: 21287500 ps  Iteration: 0  Process: /tb_AI_TRIGGER_TOP/dut/u_DUT/\gen_lanes(0)\/u_LANE/line__273  File: /home/work1/Works/AI-Trigger-System/HDL/rtl/CNN_CORE_LANE.vhd
Note: LANE0 ADC busy_clear stream_done_seen='1' wr_count=0
Time: 21298 ns  Iteration: 0  Process: /tb_AI_TRIGGER_TOP/dut/u_DUT/\gen_lanes(0)\/u_LANE/line__191  File: /home/work1/Works/AI-Trigger-System/HDL/rtl/CNN_CORE_LANE.vhd
Note: LANE0 CNN output_valid score_raw=-3035 started=5
Time: 21512500 ps  Iteration: 0  Process: /tb_AI_TRIGGER_TOP/dut/u_DUT/\gen_lanes(0)\/u_LANE/line__273  File: /home/work1/Works/AI-Trigger-System/HDL/rtl/CNN_CORE_LANE.vhd
    20 | 0x003ff425    |     -1.481934 |     0 |    0 |      1.015
Note: DIST chunk_start seq=21 lane=1 busy='0'
Time: 21558 ns  Iteration: 0  Process: /tb_AI_TRIGGER_TOP/dut/u_DUT/u_DIST/line__134  File: /home/work1/Works/AI-Trigger-System/HDL/rtl/ADC_CHUNK_DISTRIBUTOR.vhd
Note: LANE1 ADC chunk_accept count=5 fifo_full='0'
Time: 21558 ns  Iteration: 0  Process: /tb_AI_TRIGGER_TOP/dut/u_DUT/\gen_lanes(1)\/u_LANE/line__191  File: /home/work1/Works/AI-Trigger-System/HDL/rtl/CNN_CORE_LANE.vhd
Note: LANE1 started_next=5 fifo_empty='0' fifo_data_valid='1' ready='0' idle='1'
Time: 21592500 ps  Iteration: 0  Process: /tb_AI_TRIGGER_TOP/dut/u_DUT/\gen_lanes(1)\/u_LANE/line__273  File: /home/work1/Works/AI-Trigger-System/HDL/rtl/CNN_CORE_LANE.vhd
Note: LANE1 started=5 fifo_empty='0' fifo_data_valid='1' ready='0'
Time: 22302500 ps  Iteration: 0  Process: /tb_AI_TRIGGER_TOP/dut/u_DUT/\gen_lanes(1)\/u_LANE/line__273  File: /home/work1/Works/AI-Trigger-System/HDL/rtl/CNN_CORE_LANE.vhd
Note: LANE1 ADC busy_clear stream_done_seen='1' wr_count=0
Time: 22314 ns  Iteration: 0  Process: /tb_AI_TRIGGER_TOP/dut/u_DUT/\gen_lanes(1)\/u_LANE/line__191  File: /home/work1/Works/AI-Trigger-System/HDL/rtl/CNN_CORE_LANE.vhd
Note: LANE1 CNN output_valid score_raw=-2823 started=5
Time: 22527500 ps  Iteration: 0  Process: /tb_AI_TRIGGER_TOP/dut/u_DUT/\gen_lanes(1)\/u_LANE/line__273  File: /home/work1/Works/AI-Trigger-System/HDL/rtl/CNN_CORE_LANE.vhd
    21 | 0x003ff4f9    |     -1.378418 |     0 |    0 |      1.010
Note: DIST chunk_start seq=22 lane=2 busy='0'
Time: 22570 ns  Iteration: 0  Process: /tb_AI_TRIGGER_TOP/dut/u_DUT/u_DIST/line__134  File: /home/work1/Works/AI-Trigger-System/HDL/rtl/ADC_CHUNK_DISTRIBUTOR.vhd
Note: LANE2 ADC chunk_accept count=5 fifo_full='0'
Time: 22570 ns  Iteration: 0  Process: /tb_AI_TRIGGER_TOP/dut/u_DUT/\gen_lanes(2)\/u_LANE/line__191  File: /home/work1/Works/AI-Trigger-System/HDL/rtl/CNN_CORE_LANE.vhd
Note: LANE2 started_next=5 fifo_empty='0' fifo_data_valid='1' ready='0' idle='1'
Time: 22607500 ps  Iteration: 0  Process: /tb_AI_TRIGGER_TOP/dut/u_DUT/\gen_lanes(2)\/u_LANE/line__273  File: /home/work1/Works/AI-Trigger-System/HDL/rtl/CNN_CORE_LANE.vhd
Note: LANE2 started=5 fifo_empty='0' fifo_data_valid='1' ready='0'
Time: 23317500 ps  Iteration: 0  Process: /tb_AI_TRIGGER_TOP/dut/u_DUT/\gen_lanes(2)\/u_LANE/line__273  File: /home/work1/Works/AI-Trigger-System/HDL/rtl/CNN_CORE_LANE.vhd
Note: LANE2 ADC busy_clear stream_done_seen='1' wr_count=0
Time: 23326 ns  Iteration: 0  Process: /tb_AI_TRIGGER_TOP/dut/u_DUT/\gen_lanes(2)\/u_LANE/line__191  File: /home/work1/Works/AI-Trigger-System/HDL/rtl/CNN_CORE_LANE.vhd
Note: LANE2 CNN output_valid score_raw=-2615 started=5
Time: 23542500 ps  Iteration: 0  Process: /tb_AI_TRIGGER_TOP/dut/u_DUT/\gen_lanes(2)\/u_LANE/line__273  File: /home/work1/Works/AI-Trigger-System/HDL/rtl/CNN_CORE_LANE.vhd
    22 | 0x003ff5c9    |     -1.276855 |     0 |    0 |      1.015
Note: DIST chunk_start seq=23 lane=3 busy='0'
Time: 23586 ns  Iteration: 0  Process: /tb_AI_TRIGGER_TOP/dut/u_DUT/u_DIST/line__134  File: /home/work1/Works/AI-Trigger-System/HDL/rtl/ADC_CHUNK_DISTRIBUTOR.vhd
Note: LANE3 ADC chunk_accept count=5 fifo_full='0'
Time: 23586 ns  Iteration: 0  Process: /tb_AI_TRIGGER_TOP/dut/u_DUT/\gen_lanes(3)\/u_LANE/line__191  File: /home/work1/Works/AI-Trigger-System/HDL/rtl/CNN_CORE_LANE.vhd
Note: LANE3 started_next=5 fifo_empty='0' fifo_data_valid='1' ready='0' idle='1'
Time: 23622500 ps  Iteration: 0  Process: /tb_AI_TRIGGER_TOP/dut/u_DUT/\gen_lanes(3)\/u_LANE/line__273  File: /home/work1/Works/AI-Trigger-System/HDL/rtl/CNN_CORE_LANE.vhd
Note: LANE3 started=5 fifo_empty='0' fifo_data_valid='1' ready='0'
Time: 24332500 ps  Iteration: 0  Process: /tb_AI_TRIGGER_TOP/dut/u_DUT/\gen_lanes(3)\/u_LANE/line__273  File: /home/work1/Works/AI-Trigger-System/HDL/rtl/CNN_CORE_LANE.vhd
Note: LANE3 ADC busy_clear stream_done_seen='1' wr_count=0
Time: 24342 ns  Iteration: 0  Process: /tb_AI_TRIGGER_TOP/dut/u_DUT/\gen_lanes(3)\/u_LANE/line__191  File: /home/work1/Works/AI-Trigger-System/HDL/rtl/CNN_CORE_LANE.vhd
Note: LANE3 CNN output_valid score_raw=-2561 started=5
Time: 24557500 ps  Iteration: 0  Process: /tb_AI_TRIGGER_TOP/dut/u_DUT/\gen_lanes(3)\/u_LANE/line__273  File: /home/work1/Works/AI-Trigger-System/HDL/rtl/CNN_CORE_LANE.vhd
    23 | 0x003ff5ff    |     -1.250488 |     0 |    0 |      1.015
Note: DIST chunk_start seq=24 lane=4 busy='0'
Time: 24602 ns  Iteration: 0  Process: /tb_AI_TRIGGER_TOP/dut/u_DUT/u_DIST/line__134  File: /home/work1/Works/AI-Trigger-System/HDL/rtl/ADC_CHUNK_DISTRIBUTOR.vhd
Note: LANE4 ADC chunk_accept count=5 fifo_full='0'
Time: 24602 ns  Iteration: 0  Process: /tb_AI_TRIGGER_TOP/dut/u_DUT/\gen_lanes(4)\/u_LANE/line__191  File: /home/work1/Works/AI-Trigger-System/HDL/rtl/CNN_CORE_LANE.vhd
Note: LANE4 started_next=5 fifo_empty='0' fifo_data_valid='1' ready='0' idle='1'
Time: 24637500 ps  Iteration: 0  Process: /tb_AI_TRIGGER_TOP/dut/u_DUT/\gen_lanes(4)\/u_LANE/line__273  File: /home/work1/Works/AI-Trigger-System/HDL/rtl/CNN_CORE_LANE.vhd
Note: LANE4 started=5 fifo_empty='0' fifo_data_valid='1' ready='0'
Time: 25347500 ps  Iteration: 0  Process: /tb_AI_TRIGGER_TOP/dut/u_DUT/\gen_lanes(4)\/u_LANE/line__273  File: /home/work1/Works/AI-Trigger-System/HDL/rtl/CNN_CORE_LANE.vhd
Note: LANE4 ADC busy_clear stream_done_seen='1' wr_count=0
Time: 25358 ns  Iteration: 0  Process: /tb_AI_TRIGGER_TOP/dut/u_DUT/\gen_lanes(4)\/u_LANE/line__191  File: /home/work1/Works/AI-Trigger-System/HDL/rtl/CNN_CORE_LANE.vhd
Note: LANE4 CNN output_valid score_raw=-2723 started=5
Time: 25572500 ps  Iteration: 0  Process: /tb_AI_TRIGGER_TOP/dut/u_DUT/\gen_lanes(4)\/u_LANE/line__273  File: /home/work1/Works/AI-Trigger-System/HDL/rtl/CNN_CORE_LANE.vhd
    24 | 0x003ff55d    |     -1.329590 |     0 |    0 |      1.015
Note: DIST chunk_start seq=25 lane=0 busy='0'
Time: 25618 ns  Iteration: 0  Process: /tb_AI_TRIGGER_TOP/dut/u_DUT/u_DIST/line__134  File: /home/work1/Works/AI-Trigger-System/HDL/rtl/ADC_CHUNK_DISTRIBUTOR.vhd
Note: LANE0 ADC chunk_accept count=6 fifo_full='0'
Time: 25618 ns  Iteration: 0  Process: /tb_AI_TRIGGER_TOP/dut/u_DUT/\gen_lanes(0)\/u_LANE/line__191  File: /home/work1/Works/AI-Trigger-System/HDL/rtl/CNN_CORE_LANE.vhd
Note: LANE0 started_next=6 fifo_empty='0' fifo_data_valid='1' ready='0' idle='1'
Time: 25652500 ps  Iteration: 0  Process: /tb_AI_TRIGGER_TOP/dut/u_DUT/\gen_lanes(0)\/u_LANE/line__273  File: /home/work1/Works/AI-Trigger-System/HDL/rtl/CNN_CORE_LANE.vhd
Note: LANE0 started=6 fifo_empty='0' fifo_data_valid='1' ready='0'
Time: 26362500 ps  Iteration: 0  Process: /tb_AI_TRIGGER_TOP/dut/u_DUT/\gen_lanes(0)\/u_LANE/line__273  File: /home/work1/Works/AI-Trigger-System/HDL/rtl/CNN_CORE_LANE.vhd
Note: LANE0 ADC busy_clear stream_done_seen='0' wr_count=0
Time: 26374 ns  Iteration: 0  Process: /tb_AI_TRIGGER_TOP/dut/u_DUT/\gen_lanes(0)\/u_LANE/line__191  File: /home/work1/Works/AI-Trigger-System/HDL/rtl/CNN_CORE_LANE.vhd
Note: LANE0 CNN output_valid score_raw=-2916 started=6
Time: 26587500 ps  Iteration: 0  Process: /tb_AI_TRIGGER_TOP/dut/u_DUT/\gen_lanes(0)\/u_LANE/line__273  File: /home/work1/Works/AI-Trigger-System/HDL/rtl/CNN_CORE_LANE.vhd
    25 | 0x003ff49c    |     -1.423828 |     0 |    0 |      1.010
Note: DIST chunk_start seq=26 lane=1 busy='0'
Time: 26630 ns  Iteration: 0  Process: /tb_AI_TRIGGER_TOP/dut/u_DUT/u_DIST/line__134  File: /home/work1/Works/AI-Trigger-System/HDL/rtl/ADC_CHUNK_DISTRIBUTOR.vhd
Note: LANE1 ADC chunk_accept count=6 fifo_full='0'
Time: 26630 ns  Iteration: 0  Process: /tb_AI_TRIGGER_TOP/dut/u_DUT/\gen_lanes(1)\/u_LANE/line__191  File: /home/work1/Works/AI-Trigger-System/HDL/rtl/CNN_CORE_LANE.vhd
Note: LANE1 started_next=6 fifo_empty='0' fifo_data_valid='1' ready='0' idle='1'
Time: 26667500 ps  Iteration: 0  Process: /tb_AI_TRIGGER_TOP/dut/u_DUT/\gen_lanes(1)\/u_LANE/line__273  File: /home/work1/Works/AI-Trigger-System/HDL/rtl/CNN_CORE_LANE.vhd
Note: LANE1 started=6 fifo_empty='0' fifo_data_valid='1' ready='0'
Time: 27377500 ps  Iteration: 0  Process: /tb_AI_TRIGGER_TOP/dut/u_DUT/\gen_lanes(1)\/u_LANE/line__273  File: /home/work1/Works/AI-Trigger-System/HDL/rtl/CNN_CORE_LANE.vhd
Note: LANE1 ADC busy_clear stream_done_seen='0' wr_count=0
Time: 27386 ns  Iteration: 0  Process: /tb_AI_TRIGGER_TOP/dut/u_DUT/\gen_lanes(1)\/u_LANE/line__191  File: /home/work1/Works/AI-Trigger-System/HDL/rtl/CNN_CORE_LANE.vhd
Note: LANE1 CNN output_valid score_raw=-2921 started=6
Time: 27602500 ps  Iteration: 0  Process: /tb_AI_TRIGGER_TOP/dut/u_DUT/\gen_lanes(1)\/u_LANE/line__273  File: /home/work1/Works/AI-Trigger-System/HDL/rtl/CNN_CORE_LANE.vhd
    26 | 0x003ff497    |     -1.426270 |     0 |    0 |      1.015
Note: DIST chunk_start seq=27 lane=2 busy='0'
Time: 27646 ns  Iteration: 0  Process: /tb_AI_TRIGGER_TOP/dut/u_DUT/u_DIST/line__134  File: /home/work1/Works/AI-Trigger-System/HDL/rtl/ADC_CHUNK_DISTRIBUTOR.vhd
Note: LANE2 ADC chunk_accept count=6 fifo_full='0'
Time: 27646 ns  Iteration: 0  Process: /tb_AI_TRIGGER_TOP/dut/u_DUT/\gen_lanes(2)\/u_LANE/line__191  File: /home/work1/Works/AI-Trigger-System/HDL/rtl/CNN_CORE_LANE.vhd
Note: LANE2 started_next=6 fifo_empty='0' fifo_data_valid='1' ready='0' idle='1'
Time: 27682500 ps  Iteration: 0  Process: /tb_AI_TRIGGER_TOP/dut/u_DUT/\gen_lanes(2)\/u_LANE/line__273  File: /home/work1/Works/AI-Trigger-System/HDL/rtl/CNN_CORE_LANE.vhd
Note: LANE2 started=6 fifo_empty='0' fifo_data_valid='1' ready='0'
Time: 28392500 ps  Iteration: 0  Process: /tb_AI_TRIGGER_TOP/dut/u_DUT/\gen_lanes(2)\/u_LANE/line__273  File: /home/work1/Works/AI-Trigger-System/HDL/rtl/CNN_CORE_LANE.vhd
Note: LANE2 ADC busy_clear stream_done_seen='0' wr_count=0
Time: 28402 ns  Iteration: 0  Process: /tb_AI_TRIGGER_TOP/dut/u_DUT/\gen_lanes(2)\/u_LANE/line__191  File: /home/work1/Works/AI-Trigger-System/HDL/rtl/CNN_CORE_LANE.vhd
Note: LANE2 CNN output_valid score_raw=-2722 started=6
Time: 28617500 ps  Iteration: 0  Process: /tb_AI_TRIGGER_TOP/dut/u_DUT/\gen_lanes(2)\/u_LANE/line__273  File: /home/work1/Works/AI-Trigger-System/HDL/rtl/CNN_CORE_LANE.vhd
    27 | 0x003ff55e    |     -1.329102 |     0 |    0 |      1.015
Note: DIST chunk_start seq=28 lane=3 busy='0'
Time: 28662 ns  Iteration: 0  Process: /tb_AI_TRIGGER_TOP/dut/u_DUT/u_DIST/line__134  File: /home/work1/Works/AI-Trigger-System/HDL/rtl/ADC_CHUNK_DISTRIBUTOR.vhd
Note: LANE3 ADC chunk_accept count=6 fifo_full='0'
Time: 28662 ns  Iteration: 0  Process: /tb_AI_TRIGGER_TOP/dut/u_DUT/\gen_lanes(3)\/u_LANE/line__191  File: /home/work1/Works/AI-Trigger-System/HDL/rtl/CNN_CORE_LANE.vhd
Note: LANE3 started_next=6 fifo_empty='0' fifo_data_valid='1' ready='0' idle='1'
Time: 28697500 ps  Iteration: 0  Process: /tb_AI_TRIGGER_TOP/dut/u_DUT/\gen_lanes(3)\/u_LANE/line__273  File: /home/work1/Works/AI-Trigger-System/HDL/rtl/CNN_CORE_LANE.vhd
Note: LANE3 started=6 fifo_empty='0' fifo_data_valid='1' ready='0'
Time: 29407500 ps  Iteration: 0  Process: /tb_AI_TRIGGER_TOP/dut/u_DUT/\gen_lanes(3)\/u_LANE/line__273  File: /home/work1/Works/AI-Trigger-System/HDL/rtl/CNN_CORE_LANE.vhd
Note: LANE3 ADC busy_clear stream_done_seen='0' wr_count=0
Time: 29418 ns  Iteration: 0  Process: /tb_AI_TRIGGER_TOP/dut/u_DUT/\gen_lanes(3)\/u_LANE/line__191  File: /home/work1/Works/AI-Trigger-System/HDL/rtl/CNN_CORE_LANE.vhd
Note: LANE3 CNN output_valid score_raw=-2357 started=6
Time: 29632500 ps  Iteration: 0  Process: /tb_AI_TRIGGER_TOP/dut/u_DUT/\gen_lanes(3)\/u_LANE/line__273  File: /home/work1/Works/AI-Trigger-System/HDL/rtl/CNN_CORE_LANE.vhd
    28 | 0x003ff6cb    |     -1.150879 |     0 |    0 |      1.015
Note: DIST chunk_start seq=29 lane=4 busy='0'
Time: 29678 ns  Iteration: 0  Process: /tb_AI_TRIGGER_TOP/dut/u_DUT/u_DIST/line__134  File: /home/work1/Works/AI-Trigger-System/HDL/rtl/ADC_CHUNK_DISTRIBUTOR.vhd
Note: LANE4 ADC chunk_accept count=6 fifo_full='0'
Time: 29678 ns  Iteration: 0  Process: /tb_AI_TRIGGER_TOP/dut/u_DUT/\gen_lanes(4)\/u_LANE/line__191  File: /home/work1/Works/AI-Trigger-System/HDL/rtl/CNN_CORE_LANE.vhd
Note: LANE4 started_next=6 fifo_empty='0' fifo_data_valid='1' ready='0' idle='1'
Time: 29712500 ps  Iteration: 0  Process: /tb_AI_TRIGGER_TOP/dut/u_DUT/\gen_lanes(4)\/u_LANE/line__273  File: /home/work1/Works/AI-Trigger-System/HDL/rtl/CNN_CORE_LANE.vhd
Note: LANE4 started=6 fifo_empty='0' fifo_data_valid='1' ready='0'
Time: 30422500 ps  Iteration: 0  Process: /tb_AI_TRIGGER_TOP/dut/u_DUT/\gen_lanes(4)\/u_LANE/line__273  File: /home/work1/Works/AI-Trigger-System/HDL/rtl/CNN_CORE_LANE.vhd
Note: LANE4 ADC busy_clear stream_done_seen='0' wr_count=0
Time: 30434 ns  Iteration: 0  Process: /tb_AI_TRIGGER_TOP/dut/u_DUT/\gen_lanes(4)\/u_LANE/line__191  File: /home/work1/Works/AI-Trigger-System/HDL/rtl/CNN_CORE_LANE.vhd
Note: LANE4 CNN output_valid score_raw=-2369 started=6
Time: 30647500 ps  Iteration: 0  Process: /tb_AI_TRIGGER_TOP/dut/u_DUT/\gen_lanes(4)\/u_LANE/line__273  File: /home/work1/Works/AI-Trigger-System/HDL/rtl/CNN_CORE_LANE.vhd
    29 | 0x003ff6bf    |     -1.156738 |     0 |    0 |      1.010
Note: DIST chunk_start seq=30 lane=0 busy='0'
Time: 30690 ns  Iteration: 0  Process: /tb_AI_TRIGGER_TOP/dut/u_DUT/u_DIST/line__134  File: /home/work1/Works/AI-Trigger-System/HDL/rtl/ADC_CHUNK_DISTRIBUTOR.vhd
Note: LANE0 ADC chunk_accept count=7 fifo_full='0'
Time: 30690 ns  Iteration: 0  Process: /tb_AI_TRIGGER_TOP/dut/u_DUT/\gen_lanes(0)\/u_LANE/line__191  File: /home/work1/Works/AI-Trigger-System/HDL/rtl/CNN_CORE_LANE.vhd
Note: LANE0 started_next=7 fifo_empty='0' fifo_data_valid='1' ready='0' idle='1'
Time: 30727500 ps  Iteration: 0  Process: /tb_AI_TRIGGER_TOP/dut/u_DUT/\gen_lanes(0)\/u_LANE/line__273  File: /home/work1/Works/AI-Trigger-System/HDL/rtl/CNN_CORE_LANE.vhd
Note: LANE0 started=7 fifo_empty='0' fifo_data_valid='1' ready='0'
Time: 31437500 ps  Iteration: 0  Process: /tb_AI_TRIGGER_TOP/dut/u_DUT/\gen_lanes(0)\/u_LANE/line__273  File: /home/work1/Works/AI-Trigger-System/HDL/rtl/CNN_CORE_LANE.vhd
Note: LANE0 ADC busy_clear stream_done_seen='1' wr_count=0
Time: 31446 ns  Iteration: 0  Process: /tb_AI_TRIGGER_TOP/dut/u_DUT/\gen_lanes(0)\/u_LANE/line__191  File: /home/work1/Works/AI-Trigger-System/HDL/rtl/CNN_CORE_LANE.vhd
Note: LANE0 CNN output_valid score_raw=-2872 started=7
Time: 31662500 ps  Iteration: 0  Process: /tb_AI_TRIGGER_TOP/dut/u_DUT/\gen_lanes(0)\/u_LANE/line__273  File: /home/work1/Works/AI-Trigger-System/HDL/rtl/CNN_CORE_LANE.vhd
    30 | 0x003ff4c8    |     -1.402344 |     0 |    0 |      1.015
Note: DIST chunk_start seq=31 lane=1 busy='0'
Time: 31706 ns  Iteration: 0  Process: /tb_AI_TRIGGER_TOP/dut/u_DUT/u_DIST/line__134  File: /home/work1/Works/AI-Trigger-System/HDL/rtl/ADC_CHUNK_DISTRIBUTOR.vhd
Note: LANE1 ADC chunk_accept count=7 fifo_full='0'
Time: 31706 ns  Iteration: 0  Process: /tb_AI_TRIGGER_TOP/dut/u_DUT/\gen_lanes(1)\/u_LANE/line__191  File: /home/work1/Works/AI-Trigger-System/HDL/rtl/CNN_CORE_LANE.vhd
Note: LANE1 started_next=7 fifo_empty='0' fifo_data_valid='1' ready='0' idle='1'
Time: 31742500 ps  Iteration: 0  Process: /tb_AI_TRIGGER_TOP/dut/u_DUT/\gen_lanes(1)\/u_LANE/line__273  File: /home/work1/Works/AI-Trigger-System/HDL/rtl/CNN_CORE_LANE.vhd
Note: LANE1 started=7 fifo_empty='0' fifo_data_valid='1' ready='0'
Time: 32452500 ps  Iteration: 0  Process: /tb_AI_TRIGGER_TOP/dut/u_DUT/\gen_lanes(1)\/u_LANE/line__273  File: /home/work1/Works/AI-Trigger-System/HDL/rtl/CNN_CORE_LANE.vhd
Note: LANE1 ADC busy_clear stream_done_seen='1' wr_count=0
Time: 32462 ns  Iteration: 0  Process: /tb_AI_TRIGGER_TOP/dut/u_DUT/\gen_lanes(1)\/u_LANE/line__191  File: /home/work1/Works/AI-Trigger-System/HDL/rtl/CNN_CORE_LANE.vhd
Note: LANE1 CNN output_valid score_raw=-2967 started=7
Time: 32677500 ps  Iteration: 0  Process: /tb_AI_TRIGGER_TOP/dut/u_DUT/\gen_lanes(1)\/u_LANE/line__273  File: /home/work1/Works/AI-Trigger-System/HDL/rtl/CNN_CORE_LANE.vhd
    31 | 0x003ff469    |     -1.448730 |     0 |    0 |      1.015
Note: DIST chunk_start seq=32 lane=2 busy='0'
Time: 32722 ns  Iteration: 0  Process: /tb_AI_TRIGGER_TOP/dut/u_DUT/u_DIST/line__134  File: /home/work1/Works/AI-Trigger-System/HDL/rtl/ADC_CHUNK_DISTRIBUTOR.vhd
Note: LANE2 ADC chunk_accept count=7 fifo_full='0'
Time: 32722 ns  Iteration: 0  Process: /tb_AI_TRIGGER_TOP/dut/u_DUT/\gen_lanes(2)\/u_LANE/line__191  File: /home/work1/Works/AI-Trigger-System/HDL/rtl/CNN_CORE_LANE.vhd
Note: LANE2 started_next=7 fifo_empty='0' fifo_data_valid='1' ready='0' idle='1'
Time: 32757500 ps  Iteration: 0  Process: /tb_AI_TRIGGER_TOP/dut/u_DUT/\gen_lanes(2)\/u_LANE/line__273  File: /home/work1/Works/AI-Trigger-System/HDL/rtl/CNN_CORE_LANE.vhd
Note: LANE2 started=7 fifo_empty='0' fifo_data_valid='1' ready='0'
Time: 33467500 ps  Iteration: 0  Process: /tb_AI_TRIGGER_TOP/dut/u_DUT/\gen_lanes(2)\/u_LANE/line__273  File: /home/work1/Works/AI-Trigger-System/HDL/rtl/CNN_CORE_LANE.vhd
Note: LANE2 ADC busy_clear stream_done_seen='1' wr_count=0
Time: 33478 ns  Iteration: 0  Process: /tb_AI_TRIGGER_TOP/dut/u_DUT/\gen_lanes(2)\/u_LANE/line__191  File: /home/work1/Works/AI-Trigger-System/HDL/rtl/CNN_CORE_LANE.vhd
Note: LANE2 CNN output_valid score_raw=-2919 started=7
Time: 33692500 ps  Iteration: 0  Process: /tb_AI_TRIGGER_TOP/dut/u_DUT/\gen_lanes(2)\/u_LANE/line__273  File: /home/work1/Works/AI-Trigger-System/HDL/rtl/CNN_CORE_LANE.vhd
    32 | 0x003ff499    |     -1.425293 |     0 |    0 |      1.015
Note: DIST chunk_start seq=33 lane=3 busy='0'
Time: 33738 ns  Iteration: 0  Process: /tb_AI_TRIGGER_TOP/dut/u_DUT/u_DIST/line__134  File: /home/work1/Works/AI-Trigger-System/HDL/rtl/ADC_CHUNK_DISTRIBUTOR.vhd
Note: LANE3 ADC chunk_accept count=7 fifo_full='0'
Time: 33738 ns  Iteration: 0  Process: /tb_AI_TRIGGER_TOP/dut/u_DUT/\gen_lanes(3)\/u_LANE/line__191  File: /home/work1/Works/AI-Trigger-System/HDL/rtl/CNN_CORE_LANE.vhd
Note: LANE3 started_next=7 fifo_empty='0' fifo_data_valid='1' ready='0' idle='1'
Time: 33772500 ps  Iteration: 0  Process: /tb_AI_TRIGGER_TOP/dut/u_DUT/\gen_lanes(3)\/u_LANE/line__273  File: /home/work1/Works/AI-Trigger-System/HDL/rtl/CNN_CORE_LANE.vhd
Note: LANE3 started=7 fifo_empty='0' fifo_data_valid='1' ready='0'
Time: 34482500 ps  Iteration: 0  Process: /tb_AI_TRIGGER_TOP/dut/u_DUT/\gen_lanes(3)\/u_LANE/line__273  File: /home/work1/Works/AI-Trigger-System/HDL/rtl/CNN_CORE_LANE.vhd
Note: LANE3 ADC busy_clear stream_done_seen='1' wr_count=0
Time: 34494 ns  Iteration: 0  Process: /tb_AI_TRIGGER_TOP/dut/u_DUT/\gen_lanes(3)\/u_LANE/line__191  File: /home/work1/Works/AI-Trigger-System/HDL/rtl/CNN_CORE_LANE.vhd
Note: LANE3 CNN output_valid score_raw=-2868 started=7
Time: 34707500 ps  Iteration: 0  Process: /tb_AI_TRIGGER_TOP/dut/u_DUT/\gen_lanes(3)\/u_LANE/line__273  File: /home/work1/Works/AI-Trigger-System/HDL/rtl/CNN_CORE_LANE.vhd
    33 | 0x003ff4cc    |     -1.400391 |     0 |    0 |      1.010
Note: DIST chunk_start seq=34 lane=4 busy='0'
Time: 34750 ns  Iteration: 0  Process: /tb_AI_TRIGGER_TOP/dut/u_DUT/u_DIST/line__134  File: /home/work1/Works/AI-Trigger-System/HDL/rtl/ADC_CHUNK_DISTRIBUTOR.vhd
Note: LANE4 ADC chunk_accept count=7 fifo_full='0'
Time: 34750 ns  Iteration: 0  Process: /tb_AI_TRIGGER_TOP/dut/u_DUT/\gen_lanes(4)\/u_LANE/line__191  File: /home/work1/Works/AI-Trigger-System/HDL/rtl/CNN_CORE_LANE.vhd
Note: LANE4 started_next=7 fifo_empty='0' fifo_data_valid='1' ready='0' idle='1'
Time: 34787500 ps  Iteration: 0  Process: /tb_AI_TRIGGER_TOP/dut/u_DUT/\gen_lanes(4)\/u_LANE/line__273  File: /home/work1/Works/AI-Trigger-System/HDL/rtl/CNN_CORE_LANE.vhd
Note: LANE4 started=7 fifo_empty='0' fifo_data_valid='1' ready='0'
Time: 35497500 ps  Iteration: 0  Process: /tb_AI_TRIGGER_TOP/dut/u_DUT/\gen_lanes(4)\/u_LANE/line__273  File: /home/work1/Works/AI-Trigger-System/HDL/rtl/CNN_CORE_LANE.vhd
Note: LANE4 ADC busy_clear stream_done_seen='1' wr_count=0
Time: 35506 ns  Iteration: 0  Process: /tb_AI_TRIGGER_TOP/dut/u_DUT/\gen_lanes(4)\/u_LANE/line__191  File: /home/work1/Works/AI-Trigger-System/HDL/rtl/CNN_CORE_LANE.vhd
Note: LANE4 CNN output_valid score_raw=-2335 started=7
Time: 35722500 ps  Iteration: 0  Process: /tb_AI_TRIGGER_TOP/dut/u_DUT/\gen_lanes(4)\/u_LANE/line__273  File: /home/work1/Works/AI-Trigger-System/HDL/rtl/CNN_CORE_LANE.vhd
    34 | 0x003ff6e1    |     -1.140137 |     0 |    0 |      1.015
Note: DIST chunk_start seq=35 lane=0 busy='0'
Time: 35766 ns  Iteration: 0  Process: /tb_AI_TRIGGER_TOP/dut/u_DUT/u_DIST/line__134  File: /home/work1/Works/AI-Trigger-System/HDL/rtl/ADC_CHUNK_DISTRIBUTOR.vhd
Note: LANE0 ADC chunk_accept count=8 fifo_full='0'
Time: 35766 ns  Iteration: 0  Process: /tb_AI_TRIGGER_TOP/dut/u_DUT/\gen_lanes(0)\/u_LANE/line__191  File: /home/work1/Works/AI-Trigger-System/HDL/rtl/CNN_CORE_LANE.vhd
Note: LANE0 started_next=8 fifo_empty='0' fifo_data_valid='1' ready='0' idle='1'
Time: 35802500 ps  Iteration: 0  Process: /tb_AI_TRIGGER_TOP/dut/u_DUT/\gen_lanes(0)\/u_LANE/line__273  File: /home/work1/Works/AI-Trigger-System/HDL/rtl/CNN_CORE_LANE.vhd
Note: LANE0 started=8 fifo_empty='0' fifo_data_valid='1' ready='0'
Time: 36512500 ps  Iteration: 0  Process: /tb_AI_TRIGGER_TOP/dut/u_DUT/\gen_lanes(0)\/u_LANE/line__273  File: /home/work1/Works/AI-Trigger-System/HDL/rtl/CNN_CORE_LANE.vhd
Note: LANE0 ADC busy_clear stream_done_seen='0' wr_count=0
Time: 36522 ns  Iteration: 0  Process: /tb_AI_TRIGGER_TOP/dut/u_DUT/\gen_lanes(0)\/u_LANE/line__191  File: /home/work1/Works/AI-Trigger-System/HDL/rtl/CNN_CORE_LANE.vhd
Note: LANE0 CNN output_valid score_raw=-2179 started=8
Time: 36737500 ps  Iteration: 0  Process: /tb_AI_TRIGGER_TOP/dut/u_DUT/\gen_lanes(0)\/u_LANE/line__273  File: /home/work1/Works/AI-Trigger-System/HDL/rtl/CNN_CORE_LANE.vhd
    35 | 0x003ff77d    |     -1.063965 |     0 |    0 |      1.015
Note: DIST chunk_start seq=36 lane=1 busy='0'
Time: 36782 ns  Iteration: 0  Process: /tb_AI_TRIGGER_TOP/dut/u_DUT/u_DIST/line__134  File: /home/work1/Works/AI-Trigger-System/HDL/rtl/ADC_CHUNK_DISTRIBUTOR.vhd
Note: LANE1 ADC chunk_accept count=8 fifo_full='0'
Time: 36782 ns  Iteration: 0  Process: /tb_AI_TRIGGER_TOP/dut/u_DUT/\gen_lanes(1)\/u_LANE/line__191  File: /home/work1/Works/AI-Trigger-System/HDL/rtl/CNN_CORE_LANE.vhd
Note: LANE1 started_next=8 fifo_empty='0' fifo_data_valid='1' ready='0' idle='1'
Time: 36817500 ps  Iteration: 0  Process: /tb_AI_TRIGGER_TOP/dut/u_DUT/\gen_lanes(1)\/u_LANE/line__273  File: /home/work1/Works/AI-Trigger-System/HDL/rtl/CNN_CORE_LANE.vhd
Note: LANE1 started=8 fifo_empty='0' fifo_data_valid='1' ready='0'
Time: 37527500 ps  Iteration: 0  Process: /tb_AI_TRIGGER_TOP/dut/u_DUT/\gen_lanes(1)\/u_LANE/line__273  File: /home/work1/Works/AI-Trigger-System/HDL/rtl/CNN_CORE_LANE.vhd
Note: LANE1 ADC busy_clear stream_done_seen='0' wr_count=0
Time: 37538 ns  Iteration: 0  Process: /tb_AI_TRIGGER_TOP/dut/u_DUT/\gen_lanes(1)\/u_LANE/line__191  File: /home/work1/Works/AI-Trigger-System/HDL/rtl/CNN_CORE_LANE.vhd
Note: LANE1 CNN output_valid score_raw=-2676 started=8
Time: 37752500 ps  Iteration: 0  Process: /tb_AI_TRIGGER_TOP/dut/u_DUT/\gen_lanes(1)\/u_LANE/line__273  File: /home/work1/Works/AI-Trigger-System/HDL/rtl/CNN_CORE_LANE.vhd
    36 | 0x003ff58c    |     -1.306641 |     0 |    0 |      1.015
Note: DIST chunk_start seq=37 lane=2 busy='0'
Time: 37798 ns  Iteration: 0  Process: /tb_AI_TRIGGER_TOP/dut/u_DUT/u_DIST/line__134  File: /home/work1/Works/AI-Trigger-System/HDL/rtl/ADC_CHUNK_DISTRIBUTOR.vhd
Note: LANE2 ADC chunk_accept count=8 fifo_full='0'
Time: 37798 ns  Iteration: 0  Process: /tb_AI_TRIGGER_TOP/dut/u_DUT/\gen_lanes(2)\/u_LANE/line__191  File: /home/work1/Works/AI-Trigger-System/HDL/rtl/CNN_CORE_LANE.vhd
Note: LANE2 started_next=8 fifo_empty='0' fifo_data_valid='1' ready='0' idle='1'
Time: 37832500 ps  Iteration: 0  Process: /tb_AI_TRIGGER_TOP/dut/u_DUT/\gen_lanes(2)\/u_LANE/line__273  File: /home/work1/Works/AI-Trigger-System/HDL/rtl/CNN_CORE_LANE.vhd
Note: LANE2 started=8 fifo_empty='0' fifo_data_valid='1' ready='0'
Time: 38542500 ps  Iteration: 0  Process: /tb_AI_TRIGGER_TOP/dut/u_DUT/\gen_lanes(2)\/u_LANE/line__273  File: /home/work1/Works/AI-Trigger-System/HDL/rtl/CNN_CORE_LANE.vhd
Note: LANE2 ADC busy_clear stream_done_seen='0' wr_count=0
Time: 38554 ns  Iteration: 0  Process: /tb_AI_TRIGGER_TOP/dut/u_DUT/\gen_lanes(2)\/u_LANE/line__191  File: /home/work1/Works/AI-Trigger-System/HDL/rtl/CNN_CORE_LANE.vhd
Note: LANE2 CNN output_valid score_raw=-2676 started=8
Time: 38767500 ps  Iteration: 0  Process: /tb_AI_TRIGGER_TOP/dut/u_DUT/\gen_lanes(2)\/u_LANE/line__273  File: /home/work1/Works/AI-Trigger-System/HDL/rtl/CNN_CORE_LANE.vhd
    37 | 0x003ff58c    |     -1.306641 |     0 |    0 |      1.010
Note: DIST chunk_start seq=38 lane=3 busy='0'
Time: 38810 ns  Iteration: 0  Process: /tb_AI_TRIGGER_TOP/dut/u_DUT/u_DIST/line__134  File: /home/work1/Works/AI-Trigger-System/HDL/rtl/ADC_CHUNK_DISTRIBUTOR.vhd
Note: LANE3 ADC chunk_accept count=8 fifo_full='0'
Time: 38810 ns  Iteration: 0  Process: /tb_AI_TRIGGER_TOP/dut/u_DUT/\gen_lanes(3)\/u_LANE/line__191  File: /home/work1/Works/AI-Trigger-System/HDL/rtl/CNN_CORE_LANE.vhd
Note: LANE3 started_next=8 fifo_empty='0' fifo_data_valid='1' ready='0' idle='1'
Time: 38847500 ps  Iteration: 0  Process: /tb_AI_TRIGGER_TOP/dut/u_DUT/\gen_lanes(3)\/u_LANE/line__273  File: /home/work1/Works/AI-Trigger-System/HDL/rtl/CNN_CORE_LANE.vhd
Note: LANE3 started=8 fifo_empty='0' fifo_data_valid='1' ready='0'
Time: 39557500 ps  Iteration: 0  Process: /tb_AI_TRIGGER_TOP/dut/u_DUT/\gen_lanes(3)\/u_LANE/line__273  File: /home/work1/Works/AI-Trigger-System/HDL/rtl/CNN_CORE_LANE.vhd
Note: LANE3 ADC busy_clear stream_done_seen='0' wr_count=0
Time: 39566 ns  Iteration: 0  Process: /tb_AI_TRIGGER_TOP/dut/u_DUT/\gen_lanes(3)\/u_LANE/line__191  File: /home/work1/Works/AI-Trigger-System/HDL/rtl/CNN_CORE_LANE.vhd
Note: LANE3 CNN output_valid score_raw=-2843 started=8
Time: 39782500 ps  Iteration: 0  Process: /tb_AI_TRIGGER_TOP/dut/u_DUT/\gen_lanes(3)\/u_LANE/line__273  File: /home/work1/Works/AI-Trigger-System/HDL/rtl/CNN_CORE_LANE.vhd
    38 | 0x003ff4e5    |     -1.388184 |     0 |    0 |      1.015
Note: DIST chunk_start seq=39 lane=4 busy='0'
Time: 39826 ns  Iteration: 0  Process: /tb_AI_TRIGGER_TOP/dut/u_DUT/u_DIST/line__134  File: /home/work1/Works/AI-Trigger-System/HDL/rtl/ADC_CHUNK_DISTRIBUTOR.vhd
Note: LANE4 ADC chunk_accept count=8 fifo_full='0'
Time: 39826 ns  Iteration: 0  Process: /tb_AI_TRIGGER_TOP/dut/u_DUT/\gen_lanes(4)\/u_LANE/line__191  File: /home/work1/Works/AI-Trigger-System/HDL/rtl/CNN_CORE_LANE.vhd
Note: LANE4 started_next=8 fifo_empty='0' fifo_data_valid='1' ready='0' idle='1'
Time: 39862500 ps  Iteration: 0  Process: /tb_AI_TRIGGER_TOP/dut/u_DUT/\gen_lanes(4)\/u_LANE/line__273  File: /home/work1/Works/AI-Trigger-System/HDL/rtl/CNN_CORE_LANE.vhd
Note: LANE4 started=8 fifo_empty='0' fifo_data_valid='1' ready='0'
Time: 40572500 ps  Iteration: 0  Process: /tb_AI_TRIGGER_TOP/dut/u_DUT/\gen_lanes(4)\/u_LANE/line__273  File: /home/work1/Works/AI-Trigger-System/HDL/rtl/CNN_CORE_LANE.vhd
Note: LANE4 ADC busy_clear stream_done_seen='0' wr_count=0
Time: 40582 ns  Iteration: 0  Process: /tb_AI_TRIGGER_TOP/dut/u_DUT/\gen_lanes(4)\/u_LANE/line__191  File: /home/work1/Works/AI-Trigger-System/HDL/rtl/CNN_CORE_LANE.vhd
Note: LANE4 CNN output_valid score_raw=-2879 started=8
Time: 40797500 ps  Iteration: 0  Process: /tb_AI_TRIGGER_TOP/dut/u_DUT/\gen_lanes(4)\/u_LANE/line__273  File: /home/work1/Works/AI-Trigger-System/HDL/rtl/CNN_CORE_LANE.vhd
    39 | 0x003ff4c1    |     -1.405762 |     0 |    0 |      1.015
Note: DIST chunk_start seq=40 lane=0 busy='0'
Time: 40842 ns  Iteration: 0  Process: /tb_AI_TRIGGER_TOP/dut/u_DUT/u_DIST/line__134  File: /home/work1/Works/AI-Trigger-System/HDL/rtl/ADC_CHUNK_DISTRIBUTOR.vhd
Note: LANE0 ADC chunk_accept count=9 fifo_full='0'
Time: 40842 ns  Iteration: 0  Process: /tb_AI_TRIGGER_TOP/dut/u_DUT/\gen_lanes(0)\/u_LANE/line__191  File: /home/work1/Works/AI-Trigger-System/HDL/rtl/CNN_CORE_LANE.vhd
Note: LANE0 started_next=9 fifo_empty='0' fifo_data_valid='1' ready='0' idle='1'
Time: 40877500 ps  Iteration: 0  Process: /tb_AI_TRIGGER_TOP/dut/u_DUT/\gen_lanes(0)\/u_LANE/line__273  File: /home/work1/Works/AI-Trigger-System/HDL/rtl/CNN_CORE_LANE.vhd
Note: LANE0 started=9 fifo_empty='0' fifo_data_valid='1' ready='0'
Time: 41587500 ps  Iteration: 0  Process: /tb_AI_TRIGGER_TOP/dut/u_DUT/\gen_lanes(0)\/u_LANE/line__273  File: /home/work1/Works/AI-Trigger-System/HDL/rtl/CNN_CORE_LANE.vhd
Note: LANE0 ADC busy_clear stream_done_seen='1' wr_count=0
Time: 41598 ns  Iteration: 0  Process: /tb_AI_TRIGGER_TOP/dut/u_DUT/\gen_lanes(0)\/u_LANE/line__191  File: /home/work1/Works/AI-Trigger-System/HDL/rtl/CNN_CORE_LANE.vhd
Note: LANE0 CNN output_valid score_raw=-2205 started=9
Time: 41812500 ps  Iteration: 0  Process: /tb_AI_TRIGGER_TOP/dut/u_DUT/\gen_lanes(0)\/u_LANE/line__273  File: /home/work1/Works/AI-Trigger-System/HDL/rtl/CNN_CORE_LANE.vhd
    40 | 0x003ff763    |     -1.076660 |     0 |    0 |      1.015
Note: DIST chunk_start seq=41 lane=1 busy='0'
Time: 41858 ns  Iteration: 0  Process: /tb_AI_TRIGGER_TOP/dut/u_DUT/u_DIST/line__134  File: /home/work1/Works/AI-Trigger-System/HDL/rtl/ADC_CHUNK_DISTRIBUTOR.vhd
Note: LANE1 ADC chunk_accept count=9 fifo_full='0'
Time: 41858 ns  Iteration: 0  Process: /tb_AI_TRIGGER_TOP/dut/u_DUT/\gen_lanes(1)\/u_LANE/line__191  File: /home/work1/Works/AI-Trigger-System/HDL/rtl/CNN_CORE_LANE.vhd
Note: LANE1 started_next=9 fifo_empty='0' fifo_data_valid='1' ready='0' idle='1'
Time: 41892500 ps  Iteration: 0  Process: /tb_AI_TRIGGER_TOP/dut/u_DUT/\gen_lanes(1)\/u_LANE/line__273  File: /home/work1/Works/AI-Trigger-System/HDL/rtl/CNN_CORE_LANE.vhd
Note: LANE1 started=9 fifo_empty='0' fifo_data_valid='1' ready='0'
Time: 42602500 ps  Iteration: 0  Process: /tb_AI_TRIGGER_TOP/dut/u_DUT/\gen_lanes(1)\/u_LANE/line__273  File: /home/work1/Works/AI-Trigger-System/HDL/rtl/CNN_CORE_LANE.vhd
Note: LANE1 ADC busy_clear stream_done_seen='1' wr_count=0
Time: 42614 ns  Iteration: 0  Process: /tb_AI_TRIGGER_TOP/dut/u_DUT/\gen_lanes(1)\/u_LANE/line__191  File: /home/work1/Works/AI-Trigger-System/HDL/rtl/CNN_CORE_LANE.vhd
Note: LANE1 CNN output_valid score_raw=-2198 started=9
Time: 42827500 ps  Iteration: 0  Process: /tb_AI_TRIGGER_TOP/dut/u_DUT/\gen_lanes(1)\/u_LANE/line__273  File: /home/work1/Works/AI-Trigger-System/HDL/rtl/CNN_CORE_LANE.vhd
    41 | 0x003ff76a    |     -1.073242 |     0 |    0 |      1.010
Note: DIST chunk_start seq=42 lane=2 busy='0'
Time: 42870 ns  Iteration: 0  Process: /tb_AI_TRIGGER_TOP/dut/u_DUT/u_DIST/line__134  File: /home/work1/Works/AI-Trigger-System/HDL/rtl/ADC_CHUNK_DISTRIBUTOR.vhd
Note: LANE2 ADC chunk_accept count=9 fifo_full='0'
Time: 42870 ns  Iteration: 0  Process: /tb_AI_TRIGGER_TOP/dut/u_DUT/\gen_lanes(2)\/u_LANE/line__191  File: /home/work1/Works/AI-Trigger-System/HDL/rtl/CNN_CORE_LANE.vhd
Note: LANE2 started_next=9 fifo_empty='0' fifo_data_valid='1' ready='0' idle='1'
Time: 42907500 ps  Iteration: 0  Process: /tb_AI_TRIGGER_TOP/dut/u_DUT/\gen_lanes(2)\/u_LANE/line__273  File: /home/work1/Works/AI-Trigger-System/HDL/rtl/CNN_CORE_LANE.vhd
Note: LANE2 started=9 fifo_empty='0' fifo_data_valid='1' ready='0'
Time: 43617500 ps  Iteration: 0  Process: /tb_AI_TRIGGER_TOP/dut/u_DUT/\gen_lanes(2)\/u_LANE/line__273  File: /home/work1/Works/AI-Trigger-System/HDL/rtl/CNN_CORE_LANE.vhd
Note: LANE2 ADC busy_clear stream_done_seen='1' wr_count=0
Time: 43626 ns  Iteration: 0  Process: /tb_AI_TRIGGER_TOP/dut/u_DUT/\gen_lanes(2)\/u_LANE/line__191  File: /home/work1/Works/AI-Trigger-System/HDL/rtl/CNN_CORE_LANE.vhd
Note: LANE2 CNN output_valid score_raw=-2809 started=9
Time: 43842500 ps  Iteration: 0  Process: /tb_AI_TRIGGER_TOP/dut/u_DUT/\gen_lanes(2)\/u_LANE/line__273  File: /home/work1/Works/AI-Trigger-System/HDL/rtl/CNN_CORE_LANE.vhd
    42 | 0x003ff507    |     -1.371582 |     0 |    0 |      1.015
Note: DIST chunk_start seq=43 lane=3 busy='0'
Time: 43886 ns  Iteration: 0  Process: /tb_AI_TRIGGER_TOP/dut/u_DUT/u_DIST/line__134  File: /home/work1/Works/AI-Trigger-System/HDL/rtl/ADC_CHUNK_DISTRIBUTOR.vhd
Note: LANE3 ADC chunk_accept count=9 fifo_full='0'
Time: 43886 ns  Iteration: 0  Process: /tb_AI_TRIGGER_TOP/dut/u_DUT/\gen_lanes(3)\/u_LANE/line__191  File: /home/work1/Works/AI-Trigger-System/HDL/rtl/CNN_CORE_LANE.vhd
Note: LANE3 started_next=9 fifo_empty='0' fifo_data_valid='1' ready='0' idle='1'
Time: 43922500 ps  Iteration: 0  Process: /tb_AI_TRIGGER_TOP/dut/u_DUT/\gen_lanes(3)\/u_LANE/line__273  File: /home/work1/Works/AI-Trigger-System/HDL/rtl/CNN_CORE_LANE.vhd
Note: LANE3 started=9 fifo_empty='0' fifo_data_valid='1' ready='0'
Time: 44632500 ps  Iteration: 0  Process: /tb_AI_TRIGGER_TOP/dut/u_DUT/\gen_lanes(3)\/u_LANE/line__273  File: /home/work1/Works/AI-Trigger-System/HDL/rtl/CNN_CORE_LANE.vhd
Note: LANE3 ADC busy_clear stream_done_seen='1' wr_count=0
Time: 44642 ns  Iteration: 0  Process: /tb_AI_TRIGGER_TOP/dut/u_DUT/\gen_lanes(3)\/u_LANE/line__191  File: /home/work1/Works/AI-Trigger-System/HDL/rtl/CNN_CORE_LANE.vhd
Note: LANE3 CNN output_valid score_raw=-2554 started=9
Time: 44857500 ps  Iteration: 0  Process: /tb_AI_TRIGGER_TOP/dut/u_DUT/\gen_lanes(3)\/u_LANE/line__273  File: /home/work1/Works/AI-Trigger-System/HDL/rtl/CNN_CORE_LANE.vhd
    43 | 0x003ff606    |     -1.247070 |     0 |    0 |      1.015
Note: DIST chunk_start seq=44 lane=4 busy='0'
Time: 44902 ns  Iteration: 0  Process: /tb_AI_TRIGGER_TOP/dut/u_DUT/u_DIST/line__134  File: /home/work1/Works/AI-Trigger-System/HDL/rtl/ADC_CHUNK_DISTRIBUTOR.vhd
Note: LANE4 ADC chunk_accept count=9 fifo_full='0'
Time: 44902 ns  Iteration: 0  Process: /tb_AI_TRIGGER_TOP/dut/u_DUT/\gen_lanes(4)\/u_LANE/line__191  File: /home/work1/Works/AI-Trigger-System/HDL/rtl/CNN_CORE_LANE.vhd
Note: LANE4 started_next=9 fifo_empty='0' fifo_data_valid='1' ready='0' idle='1'
Time: 44937500 ps  Iteration: 0  Process: /tb_AI_TRIGGER_TOP/dut/u_DUT/\gen_lanes(4)\/u_LANE/line__273  File: /home/work1/Works/AI-Trigger-System/HDL/rtl/CNN_CORE_LANE.vhd
Note: LANE4 started=9 fifo_empty='0' fifo_data_valid='1' ready='0'
Time: 45647500 ps  Iteration: 0  Process: /tb_AI_TRIGGER_TOP/dut/u_DUT/\gen_lanes(4)\/u_LANE/line__273  File: /home/work1/Works/AI-Trigger-System/HDL/rtl/CNN_CORE_LANE.vhd
Note: LANE4 ADC busy_clear stream_done_seen='1' wr_count=0
Time: 45658 ns  Iteration: 0  Process: /tb_AI_TRIGGER_TOP/dut/u_DUT/\gen_lanes(4)\/u_LANE/line__191  File: /home/work1/Works/AI-Trigger-System/HDL/rtl/CNN_CORE_LANE.vhd
Note: LANE4 CNN output_valid score_raw=-2759 started=9
Time: 45872500 ps  Iteration: 0  Process: /tb_AI_TRIGGER_TOP/dut/u_DUT/\gen_lanes(4)\/u_LANE/line__273  File: /home/work1/Works/AI-Trigger-System/HDL/rtl/CNN_CORE_LANE.vhd
    44 | 0x003ff539    |     -1.347168 |     0 |    0 |      1.015
Note: DIST chunk_start seq=45 lane=0 busy='0'
Time: 45918 ns  Iteration: 0  Process: /tb_AI_TRIGGER_TOP/dut/u_DUT/u_DIST/line__134  File: /home/work1/Works/AI-Trigger-System/HDL/rtl/ADC_CHUNK_DISTRIBUTOR.vhd
Note: LANE0 ADC chunk_accept count=10 fifo_full='0'
Time: 45918 ns  Iteration: 0  Process: /tb_AI_TRIGGER_TOP/dut/u_DUT/\gen_lanes(0)\/u_LANE/line__191  File: /home/work1/Works/AI-Trigger-System/HDL/rtl/CNN_CORE_LANE.vhd
Note: LANE0 started_next=10 fifo_empty='0' fifo_data_valid='1' ready='0' idle='1'
Time: 45952500 ps  Iteration: 0  Process: /tb_AI_TRIGGER_TOP/dut/u_DUT/\gen_lanes(0)\/u_LANE/line__273  File: /home/work1/Works/AI-Trigger-System/HDL/rtl/CNN_CORE_LANE.vhd
Note: LANE0 started=10 fifo_empty='0' fifo_data_valid='1' ready='0'
Time: 46662500 ps  Iteration: 0  Process: /tb_AI_TRIGGER_TOP/dut/u_DUT/\gen_lanes(0)\/u_LANE/line__273  File: /home/work1/Works/AI-Trigger-System/HDL/rtl/CNN_CORE_LANE.vhd
Note: LANE0 ADC busy_clear stream_done_seen='0' wr_count=0
Time: 46674 ns  Iteration: 0  Process: /tb_AI_TRIGGER_TOP/dut/u_DUT/\gen_lanes(0)\/u_LANE/line__191  File: /home/work1/Works/AI-Trigger-System/HDL/rtl/CNN_CORE_LANE.vhd
Note: LANE0 CNN output_valid score_raw=-2878 started=10
Time: 46887500 ps  Iteration: 0  Process: /tb_AI_TRIGGER_TOP/dut/u_DUT/\gen_lanes(0)\/u_LANE/line__273  File: /home/work1/Works/AI-Trigger-System/HDL/rtl/CNN_CORE_LANE.vhd
    45 | 0x003ff4c2    |     -1.405273 |     0 |    0 |      1.010
Note: DIST chunk_start seq=46 lane=1 busy='0'
Time: 46930 ns  Iteration: 0  Process: /tb_AI_TRIGGER_TOP/dut/u_DUT/u_DIST/line__134  File: /home/work1/Works/AI-Trigger-System/HDL/rtl/ADC_CHUNK_DISTRIBUTOR.vhd
Note: LANE1 ADC chunk_accept count=10 fifo_full='0'
Time: 46930 ns  Iteration: 0  Process: /tb_AI_TRIGGER_TOP/dut/u_DUT/\gen_lanes(1)\/u_LANE/line__191  File: /home/work1/Works/AI-Trigger-System/HDL/rtl/CNN_CORE_LANE.vhd
Note: LANE1 started_next=10 fifo_empty='0' fifo_data_valid='1' ready='0' idle='1'
Time: 46967500 ps  Iteration: 0  Process: /tb_AI_TRIGGER_TOP/dut/u_DUT/\gen_lanes(1)\/u_LANE/line__273  File: /home/work1/Works/AI-Trigger-System/HDL/rtl/CNN_CORE_LANE.vhd
Note: LANE1 started=10 fifo_empty='0' fifo_data_valid='1' ready='0'
Time: 47677500 ps  Iteration: 0  Process: /tb_AI_TRIGGER_TOP/dut/u_DUT/\gen_lanes(1)\/u_LANE/line__273  File: /home/work1/Works/AI-Trigger-System/HDL/rtl/CNN_CORE_LANE.vhd
Note: LANE1 ADC busy_clear stream_done_seen='0' wr_count=0
Time: 47686 ns  Iteration: 0  Process: /tb_AI_TRIGGER_TOP/dut/u_DUT/\gen_lanes(1)\/u_LANE/line__191  File: /home/work1/Works/AI-Trigger-System/HDL/rtl/CNN_CORE_LANE.vhd
Note: LANE1 CNN output_valid score_raw=-2191 started=10
Time: 47902500 ps  Iteration: 0  Process: /tb_AI_TRIGGER_TOP/dut/u_DUT/\gen_lanes(1)\/u_LANE/line__273  File: /home/work1/Works/AI-Trigger-System/HDL/rtl/CNN_CORE_LANE.vhd
    46 | 0x003ff771    |     -1.069824 |     0 |    0 |      1.015
Note: DIST chunk_start seq=47 lane=2 busy='0'
Time: 47946 ns  Iteration: 0  Process: /tb_AI_TRIGGER_TOP/dut/u_DUT/u_DIST/line__134  File: /home/work1/Works/AI-Trigger-System/HDL/rtl/ADC_CHUNK_DISTRIBUTOR.vhd
Note: LANE2 ADC chunk_accept count=10 fifo_full='0'
Time: 47946 ns  Iteration: 0  Process: /tb_AI_TRIGGER_TOP/dut/u_DUT/\gen_lanes(2)\/u_LANE/line__191  File: /home/work1/Works/AI-Trigger-System/HDL/rtl/CNN_CORE_LANE.vhd
Note: LANE2 started_next=10 fifo_empty='0' fifo_data_valid='1' ready='0' idle='1'
Time: 47982500 ps  Iteration: 0  Process: /tb_AI_TRIGGER_TOP/dut/u_DUT/\gen_lanes(2)\/u_LANE/line__273  File: /home/work1/Works/AI-Trigger-System/HDL/rtl/CNN_CORE_LANE.vhd
Note: LANE2 started=10 fifo_empty='0' fifo_data_valid='1' ready='0'
Time: 48692500 ps  Iteration: 0  Process: /tb_AI_TRIGGER_TOP/dut/u_DUT/\gen_lanes(2)\/u_LANE/line__273  File: /home/work1/Works/AI-Trigger-System/HDL/rtl/CNN_CORE_LANE.vhd
Note: LANE2 ADC busy_clear stream_done_seen='0' wr_count=0
Time: 48702 ns  Iteration: 0  Process: /tb_AI_TRIGGER_TOP/dut/u_DUT/\gen_lanes(2)\/u_LANE/line__191  File: /home/work1/Works/AI-Trigger-System/HDL/rtl/CNN_CORE_LANE.vhd
Note: LANE2 CNN output_valid score_raw=-2239 started=10
Time: 48917500 ps  Iteration: 0  Process: /tb_AI_TRIGGER_TOP/dut/u_DUT/\gen_lanes(2)\/u_LANE/line__273  File: /home/work1/Works/AI-Trigger-System/HDL/rtl/CNN_CORE_LANE.vhd
    47 | 0x003ff741    |     -1.093262 |     0 |    0 |      1.015
Note: DIST chunk_start seq=48 lane=3 busy='0'
Time: 48962 ns  Iteration: 0  Process: /tb_AI_TRIGGER_TOP/dut/u_DUT/u_DIST/line__134  File: /home/work1/Works/AI-Trigger-System/HDL/rtl/ADC_CHUNK_DISTRIBUTOR.vhd
Note: LANE3 ADC chunk_accept count=10 fifo_full='0'
Time: 48962 ns  Iteration: 0  Process: /tb_AI_TRIGGER_TOP/dut/u_DUT/\gen_lanes(3)\/u_LANE/line__191  File: /home/work1/Works/AI-Trigger-System/HDL/rtl/CNN_CORE_LANE.vhd
Note: LANE3 started_next=10 fifo_empty='0' fifo_data_valid='1' ready='0' idle='1'
Time: 48997500 ps  Iteration: 0  Process: /tb_AI_TRIGGER_TOP/dut/u_DUT/\gen_lanes(3)\/u_LANE/line__273  File: /home/work1/Works/AI-Trigger-System/HDL/rtl/CNN_CORE_LANE.vhd
Note: LANE3 started=10 fifo_empty='0' fifo_data_valid='1' ready='0'
Time: 49707500 ps  Iteration: 0  Process: /tb_AI_TRIGGER_TOP/dut/u_DUT/\gen_lanes(3)\/u_LANE/line__273  File: /home/work1/Works/AI-Trigger-System/HDL/rtl/CNN_CORE_LANE.vhd
Note: LANE3 ADC busy_clear stream_done_seen='0' wr_count=0
Time: 49718 ns  Iteration: 0  Process: /tb_AI_TRIGGER_TOP/dut/u_DUT/\gen_lanes(3)\/u_LANE/line__191  File: /home/work1/Works/AI-Trigger-System/HDL/rtl/CNN_CORE_LANE.vhd
Note: LANE3 CNN output_valid score_raw=-2580 started=10
Time: 49932500 ps  Iteration: 0  Process: /tb_AI_TRIGGER_TOP/dut/u_DUT/\gen_lanes(3)\/u_LANE/line__273  File: /home/work1/Works/AI-Trigger-System/HDL/rtl/CNN_CORE_LANE.vhd
    48 | 0x003ff5ec    |     -1.259766 |     0 |    0 |      1.015
Note: DIST chunk_start seq=49 lane=4 busy='0'
Time: 49978 ns  Iteration: 0  Process: /tb_AI_TRIGGER_TOP/dut/u_DUT/u_DIST/line__134  File: /home/work1/Works/AI-Trigger-System/HDL/rtl/ADC_CHUNK_DISTRIBUTOR.vhd
Note: LANE4 ADC chunk_accept count=10 fifo_full='0'
Time: 49978 ns  Iteration: 0  Process: /tb_AI_TRIGGER_TOP/dut/u_DUT/\gen_lanes(4)\/u_LANE/line__191  File: /home/work1/Works/AI-Trigger-System/HDL/rtl/CNN_CORE_LANE.vhd
Note: LANE4 started_next=10 fifo_empty='0' fifo_data_valid='1' ready='0' idle='1'
Time: 50012500 ps  Iteration: 0  Process: /tb_AI_TRIGGER_TOP/dut/u_DUT/\gen_lanes(4)\/u_LANE/line__273  File: /home/work1/Works/AI-Trigger-System/HDL/rtl/CNN_CORE_LANE.vhd
Note: LANE4 started=10 fifo_empty='0' fifo_data_valid='1' ready='0'
Time: 50722500 ps  Iteration: 0  Process: /tb_AI_TRIGGER_TOP/dut/u_DUT/\gen_lanes(4)\/u_LANE/line__273  File: /home/work1/Works/AI-Trigger-System/HDL/rtl/CNN_CORE_LANE.vhd
Note: LANE4 ADC busy_clear stream_done_seen='0' wr_count=0
Time: 50734 ns  Iteration: 0  Process: /tb_AI_TRIGGER_TOP/dut/u_DUT/\gen_lanes(4)\/u_LANE/line__191  File: /home/work1/Works/AI-Trigger-System/HDL/rtl/CNN_CORE_LANE.vhd
Note: LANE4 CNN output_valid score_raw=-2323 started=10
Time: 50947500 ps  Iteration: 0  Process: /tb_AI_TRIGGER_TOP/dut/u_DUT/\gen_lanes(4)\/u_LANE/line__273  File: /home/work1/Works/AI-Trigger-System/HDL/rtl/CNN_CORE_LANE.vhd
    49 | 0x003ff6ed    |     -1.134277 |     0 |    0 |      1.010
Note: DIST chunk_start seq=50 lane=0 busy='0'
Time: 50990 ns  Iteration: 0  Process: /tb_AI_TRIGGER_TOP/dut/u_DUT/u_DIST/line__134  File: /home/work1/Works/AI-Trigger-System/HDL/rtl/ADC_CHUNK_DISTRIBUTOR.vhd
Note: LANE0 ADC chunk_accept count=11 fifo_full='0'
Time: 50990 ns  Iteration: 0  Process: /tb_AI_TRIGGER_TOP/dut/u_DUT/\gen_lanes(0)\/u_LANE/line__191  File: /home/work1/Works/AI-Trigger-System/HDL/rtl/CNN_CORE_LANE.vhd
Note: LANE0 started_next=11 fifo_empty='0' fifo_data_valid='1' ready='0' idle='1'
Time: 51027500 ps  Iteration: 0  Process: /tb_AI_TRIGGER_TOP/dut/u_DUT/\gen_lanes(0)\/u_LANE/line__273  File: /home/work1/Works/AI-Trigger-System/HDL/rtl/CNN_CORE_LANE.vhd
Note: LANE0 started=11 fifo_empty='0' fifo_data_valid='1' ready='0'
Time: 51737500 ps  Iteration: 0  Process: /tb_AI_TRIGGER_TOP/dut/u_DUT/\gen_lanes(0)\/u_LANE/line__273  File: /home/work1/Works/AI-Trigger-System/HDL/rtl/CNN_CORE_LANE.vhd
Note: LANE0 ADC busy_clear stream_done_seen='1' wr_count=0
Time: 51746 ns  Iteration: 0  Process: /tb_AI_TRIGGER_TOP/dut/u_DUT/\gen_lanes(0)\/u_LANE/line__191  File: /home/work1/Works/AI-Trigger-System/HDL/rtl/CNN_CORE_LANE.vhd
Note: LANE0 CNN output_valid score_raw=-2564 started=11
Time: 51962500 ps  Iteration: 0  Process: /tb_AI_TRIGGER_TOP/dut/u_DUT/\gen_lanes(0)\/u_LANE/line__273  File: /home/work1/Works/AI-Trigger-System/HDL/rtl/CNN_CORE_LANE.vhd
    50 | 0x003ff5fc    |     -1.251953 |     0 |    0 |      1.015
Note: DIST chunk_start seq=51 lane=1 busy='0'
Time: 52006 ns  Iteration: 0  Process: /tb_AI_TRIGGER_TOP/dut/u_DUT/u_DIST/line__134  File: /home/work1/Works/AI-Trigger-System/HDL/rtl/ADC_CHUNK_DISTRIBUTOR.vhd
Note: LANE1 ADC chunk_accept count=11 fifo_full='0'
Time: 52006 ns  Iteration: 0  Process: /tb_AI_TRIGGER_TOP/dut/u_DUT/\gen_lanes(1)\/u_LANE/line__191  File: /home/work1/Works/AI-Trigger-System/HDL/rtl/CNN_CORE_LANE.vhd
Note: LANE1 started_next=11 fifo_empty='0' fifo_data_valid='1' ready='0' idle='1'
Time: 52042500 ps  Iteration: 0  Process: /tb_AI_TRIGGER_TOP/dut/u_DUT/\gen_lanes(1)\/u_LANE/line__273  File: /home/work1/Works/AI-Trigger-System/HDL/rtl/CNN_CORE_LANE.vhd
Note: LANE1 started=11 fifo_empty='0' fifo_data_valid='1' ready='0'
Time: 52752500 ps  Iteration: 0  Process: /tb_AI_TRIGGER_TOP/dut/u_DUT/\gen_lanes(1)\/u_LANE/line__273  File: /home/work1/Works/AI-Trigger-System/HDL/rtl/CNN_CORE_LANE.vhd
Note: LANE1 ADC busy_clear stream_done_seen='1' wr_count=0
Time: 52762 ns  Iteration: 0  Process: /tb_AI_TRIGGER_TOP/dut/u_DUT/\gen_lanes(1)\/u_LANE/line__191  File: /home/work1/Works/AI-Trigger-System/HDL/rtl/CNN_CORE_LANE.vhd
Note: LANE1 CNN output_valid score_raw=-2565 started=11
Time: 52977500 ps  Iteration: 0  Process: /tb_AI_TRIGGER_TOP/dut/u_DUT/\gen_lanes(1)\/u_LANE/line__273  File: /home/work1/Works/AI-Trigger-System/HDL/rtl/CNN_CORE_LANE.vhd
    51 | 0x003ff5fb    |     -1.252441 |     0 |    0 |      1.015
Note: DIST chunk_start seq=52 lane=2 busy='0'
Time: 53022 ns  Iteration: 0  Process: /tb_AI_TRIGGER_TOP/dut/u_DUT/u_DIST/line__134  File: /home/work1/Works/AI-Trigger-System/HDL/rtl/ADC_CHUNK_DISTRIBUTOR.vhd
Note: LANE2 ADC chunk_accept count=11 fifo_full='0'
Time: 53022 ns  Iteration: 0  Process: /tb_AI_TRIGGER_TOP/dut/u_DUT/\gen_lanes(2)\/u_LANE/line__191  File: /home/work1/Works/AI-Trigger-System/HDL/rtl/CNN_CORE_LANE.vhd
Note: LANE2 started_next=11 fifo_empty='0' fifo_data_valid='1' ready='0' idle='1'
Time: 53057500 ps  Iteration: 0  Process: /tb_AI_TRIGGER_TOP/dut/u_DUT/\gen_lanes(2)\/u_LANE/line__273  File: /home/work1/Works/AI-Trigger-System/HDL/rtl/CNN_CORE_LANE.vhd
Note: LANE2 started=11 fifo_empty='0' fifo_data_valid='1' ready='0'
Time: 53767500 ps  Iteration: 0  Process: /tb_AI_TRIGGER_TOP/dut/u_DUT/\gen_lanes(2)\/u_LANE/line__273  File: /home/work1/Works/AI-Trigger-System/HDL/rtl/CNN_CORE_LANE.vhd
Note: LANE2 ADC busy_clear stream_done_seen='1' wr_count=0
Time: 53778 ns  Iteration: 0  Process: /tb_AI_TRIGGER_TOP/dut/u_DUT/\gen_lanes(2)\/u_LANE/line__191  File: /home/work1/Works/AI-Trigger-System/HDL/rtl/CNN_CORE_LANE.vhd
Note: LANE2 CNN output_valid score_raw=-2204 started=11
Time: 53992500 ps  Iteration: 0  Process: /tb_AI_TRIGGER_TOP/dut/u_DUT/\gen_lanes(2)\/u_LANE/line__273  File: /home/work1/Works/AI-Trigger-System/HDL/rtl/CNN_CORE_LANE.vhd
    52 | 0x003ff764    |     -1.076172 |     0 |    0 |      1.015
Note: DIST chunk_start seq=53 lane=3 busy='0'
Time: 54038 ns  Iteration: 0  Process: /tb_AI_TRIGGER_TOP/dut/u_DUT/u_DIST/line__134  File: /home/work1/Works/AI-Trigger-System/HDL/rtl/ADC_CHUNK_DISTRIBUTOR.vhd
Note: LANE3 ADC chunk_accept count=11 fifo_full='0'
Time: 54038 ns  Iteration: 0  Process: /tb_AI_TRIGGER_TOP/dut/u_DUT/\gen_lanes(3)\/u_LANE/line__191  File: /home/work1/Works/AI-Trigger-System/HDL/rtl/CNN_CORE_LANE.vhd
Note: LANE3 started_next=11 fifo_empty='0' fifo_data_valid='1' ready='0' idle='1'
Time: 54072500 ps  Iteration: 0  Process: /tb_AI_TRIGGER_TOP/dut/u_DUT/\gen_lanes(3)\/u_LANE/line__273  File: /home/work1/Works/AI-Trigger-System/HDL/rtl/CNN_CORE_LANE.vhd
Note: LANE3 started=11 fifo_empty='0' fifo_data_valid='1' ready='0'
Time: 54782500 ps  Iteration: 0  Process: /tb_AI_TRIGGER_TOP/dut/u_DUT/\gen_lanes(3)\/u_LANE/line__273  File: /home/work1/Works/AI-Trigger-System/HDL/rtl/CNN_CORE_LANE.vhd
Note: LANE3 ADC busy_clear stream_done_seen='1' wr_count=0
Time: 54794 ns  Iteration: 0  Process: /tb_AI_TRIGGER_TOP/dut/u_DUT/\gen_lanes(3)\/u_LANE/line__191  File: /home/work1/Works/AI-Trigger-System/HDL/rtl/CNN_CORE_LANE.vhd
Note: LANE3 CNN output_valid score_raw=-2186 started=11
Time: 55007500 ps  Iteration: 0  Process: /tb_AI_TRIGGER_TOP/dut/u_DUT/\gen_lanes(3)\/u_LANE/line__273  File: /home/work1/Works/AI-Trigger-System/HDL/rtl/CNN_CORE_LANE.vhd
    53 | 0x003ff776    |     -1.067383 |     0 |    0 |      1.010
Note: DIST chunk_start seq=54 lane=4 busy='0'
Time: 55050 ns  Iteration: 0  Process: /tb_AI_TRIGGER_TOP/dut/u_DUT/u_DIST/line__134  File: /home/work1/Works/AI-Trigger-System/HDL/rtl/ADC_CHUNK_DISTRIBUTOR.vhd
Note: LANE4 ADC chunk_accept count=11 fifo_full='0'
Time: 55050 ns  Iteration: 0  Process: /tb_AI_TRIGGER_TOP/dut/u_DUT/\gen_lanes(4)\/u_LANE/line__191  File: /home/work1/Works/AI-Trigger-System/HDL/rtl/CNN_CORE_LANE.vhd
Note: LANE4 started_next=11 fifo_empty='0' fifo_data_valid='1' ready='0' idle='1'
Time: 55087500 ps  Iteration: 0  Process: /tb_AI_TRIGGER_TOP/dut/u_DUT/\gen_lanes(4)\/u_LANE/line__273  File: /home/work1/Works/AI-Trigger-System/HDL/rtl/CNN_CORE_LANE.vhd
Note: LANE4 started=11 fifo_empty='0' fifo_data_valid='1' ready='0'
Time: 55797500 ps  Iteration: 0  Process: /tb_AI_TRIGGER_TOP/dut/u_DUT/\gen_lanes(4)\/u_LANE/line__273  File: /home/work1/Works/AI-Trigger-System/HDL/rtl/CNN_CORE_LANE.vhd
Note: LANE4 ADC busy_clear stream_done_seen='1' wr_count=0
Time: 55806 ns  Iteration: 0  Process: /tb_AI_TRIGGER_TOP/dut/u_DUT/\gen_lanes(4)\/u_LANE/line__191  File: /home/work1/Works/AI-Trigger-System/HDL/rtl/CNN_CORE_LANE.vhd
Note: LANE4 CNN output_valid score_raw=-2378 started=11
Time: 56022500 ps  Iteration: 0  Process: /tb_AI_TRIGGER_TOP/dut/u_DUT/\gen_lanes(4)\/u_LANE/line__273  File: /home/work1/Works/AI-Trigger-System/HDL/rtl/CNN_CORE_LANE.vhd
    54 | 0x003ff6b6    |     -1.161133 |     0 |    0 |      1.015
Note: DIST chunk_start seq=55 lane=0 busy='0'
Time: 56066 ns  Iteration: 0  Process: /tb_AI_TRIGGER_TOP/dut/u_DUT/u_DIST/line__134  File: /home/work1/Works/AI-Trigger-System/HDL/rtl/ADC_CHUNK_DISTRIBUTOR.vhd
Note: LANE0 ADC chunk_accept count=12 fifo_full='0'
Time: 56066 ns  Iteration: 0  Process: /tb_AI_TRIGGER_TOP/dut/u_DUT/\gen_lanes(0)\/u_LANE/line__191  File: /home/work1/Works/AI-Trigger-System/HDL/rtl/CNN_CORE_LANE.vhd
Note: LANE0 started_next=12 fifo_empty='0' fifo_data_valid='1' ready='0' idle='1'
Time: 56102500 ps  Iteration: 0  Process: /tb_AI_TRIGGER_TOP/dut/u_DUT/\gen_lanes(0)\/u_LANE/line__273  File: /home/work1/Works/AI-Trigger-System/HDL/rtl/CNN_CORE_LANE.vhd
Note: LANE0 started=12 fifo_empty='0' fifo_data_valid='1' ready='0'
Time: 56812500 ps  Iteration: 0  Process: /tb_AI_TRIGGER_TOP/dut/u_DUT/\gen_lanes(0)\/u_LANE/line__273  File: /home/work1/Works/AI-Trigger-System/HDL/rtl/CNN_CORE_LANE.vhd
Note: LANE0 ADC busy_clear stream_done_seen='0' wr_count=0
Time: 56822 ns  Iteration: 0  Process: /tb_AI_TRIGGER_TOP/dut/u_DUT/\gen_lanes(0)\/u_LANE/line__191  File: /home/work1/Works/AI-Trigger-System/HDL/rtl/CNN_CORE_LANE.vhd
Note: LANE0 CNN output_valid score_raw=-2062 started=12
Time: 57037500 ps  Iteration: 0  Process: /tb_AI_TRIGGER_TOP/dut/u_DUT/\gen_lanes(0)\/u_LANE/line__273  File: /home/work1/Works/AI-Trigger-System/HDL/rtl/CNN_CORE_LANE.vhd
    55 | 0x003ff7f2    |     -1.006836 |     0 |    0 |      1.015
Note: DIST chunk_start seq=56 lane=1 busy='0'
Time: 57082 ns  Iteration: 0  Process: /tb_AI_TRIGGER_TOP/dut/u_DUT/u_DIST/line__134  File: /home/work1/Works/AI-Trigger-System/HDL/rtl/ADC_CHUNK_DISTRIBUTOR.vhd
Note: LANE1 ADC chunk_accept count=12 fifo_full='0'
Time: 57082 ns  Iteration: 0  Process: /tb_AI_TRIGGER_TOP/dut/u_DUT/\gen_lanes(1)\/u_LANE/line__191  File: /home/work1/Works/AI-Trigger-System/HDL/rtl/CNN_CORE_LANE.vhd
Note: LANE1 started_next=12 fifo_empty='0' fifo_data_valid='1' ready='0' idle='1'
Time: 57117500 ps  Iteration: 0  Process: /tb_AI_TRIGGER_TOP/dut/u_DUT/\gen_lanes(1)\/u_LANE/line__273  File: /home/work1/Works/AI-Trigger-System/HDL/rtl/CNN_CORE_LANE.vhd
Note: LANE1 started=12 fifo_empty='0' fifo_data_valid='1' ready='0'
Time: 57827500 ps  Iteration: 0  Process: /tb_AI_TRIGGER_TOP/dut/u_DUT/\gen_lanes(1)\/u_LANE/line__273  File: /home/work1/Works/AI-Trigger-System/HDL/rtl/CNN_CORE_LANE.vhd
Note: LANE1 ADC busy_clear stream_done_seen='0' wr_count=0
Time: 57838 ns  Iteration: 0  Process: /tb_AI_TRIGGER_TOP/dut/u_DUT/\gen_lanes(1)\/u_LANE/line__191  File: /home/work1/Works/AI-Trigger-System/HDL/rtl/CNN_CORE_LANE.vhd
Note: LANE1 CNN output_valid score_raw=-2304 started=12
Time: 58052500 ps  Iteration: 0  Process: /tb_AI_TRIGGER_TOP/dut/u_DUT/\gen_lanes(1)\/u_LANE/line__273  File: /home/work1/Works/AI-Trigger-System/HDL/rtl/CNN_CORE_LANE.vhd
    56 | 0x003ff700    |     -1.125000 |     0 |    0 |      1.015
Note: DIST chunk_start seq=57 lane=2 busy='0'
Time: 58098 ns  Iteration: 0  Process: /tb_AI_TRIGGER_TOP/dut/u_DUT/u_DIST/line__134  File: /home/work1/Works/AI-Trigger-System/HDL/rtl/ADC_CHUNK_DISTRIBUTOR.vhd
Note: LANE2 ADC chunk_accept count=12 fifo_full='0'
Time: 58098 ns  Iteration: 0  Process: /tb_AI_TRIGGER_TOP/dut/u_DUT/\gen_lanes(2)\/u_LANE/line__191  File: /home/work1/Works/AI-Trigger-System/HDL/rtl/CNN_CORE_LANE.vhd
Note: LANE2 started_next=12 fifo_empty='0' fifo_data_valid='1' ready='0' idle='1'
Time: 58132500 ps  Iteration: 0  Process: /tb_AI_TRIGGER_TOP/dut/u_DUT/\gen_lanes(2)\/u_LANE/line__273  File: /home/work1/Works/AI-Trigger-System/HDL/rtl/CNN_CORE_LANE.vhd
Note: LANE2 started=12 fifo_empty='0' fifo_data_valid='1' ready='0'
Time: 58842500 ps  Iteration: 0  Process: /tb_AI_TRIGGER_TOP/dut/u_DUT/\gen_lanes(2)\/u_LANE/line__273  File: /home/work1/Works/AI-Trigger-System/HDL/rtl/CNN_CORE_LANE.vhd
Note: LANE2 ADC busy_clear stream_done_seen='0' wr_count=0
Time: 58854 ns  Iteration: 0  Process: /tb_AI_TRIGGER_TOP/dut/u_DUT/\gen_lanes(2)\/u_LANE/line__191  File: /home/work1/Works/AI-Trigger-System/HDL/rtl/CNN_CORE_LANE.vhd
Note: LANE2 CNN output_valid score_raw=-2235 started=12
Time: 59067500 ps  Iteration: 0  Process: /tb_AI_TRIGGER_TOP/dut/u_DUT/\gen_lanes(2)\/u_LANE/line__273  File: /home/work1/Works/AI-Trigger-System/HDL/rtl/CNN_CORE_LANE.vhd
    57 | 0x003ff745    |     -1.091309 |     0 |    0 |      1.010
Note: DIST chunk_start seq=58 lane=3 busy='0'
Time: 59110 ns  Iteration: 0  Process: /tb_AI_TRIGGER_TOP/dut/u_DUT/u_DIST/line__134  File: /home/work1/Works/AI-Trigger-System/HDL/rtl/ADC_CHUNK_DISTRIBUTOR.vhd
Note: LANE3 ADC chunk_accept count=12 fifo_full='0'
Time: 59110 ns  Iteration: 0  Process: /tb_AI_TRIGGER_TOP/dut/u_DUT/\gen_lanes(3)\/u_LANE/line__191  File: /home/work1/Works/AI-Trigger-System/HDL/rtl/CNN_CORE_LANE.vhd
Note: LANE3 started_next=12 fifo_empty='0' fifo_data_valid='1' ready='0' idle='1'
Time: 59147500 ps  Iteration: 0  Process: /tb_AI_TRIGGER_TOP/dut/u_DUT/\gen_lanes(3)\/u_LANE/line__273  File: /home/work1/Works/AI-Trigger-System/HDL/rtl/CNN_CORE_LANE.vhd
Note: LANE3 started=12 fifo_empty='0' fifo_data_valid='1' ready='0'
Time: 59857500 ps  Iteration: 0  Process: /tb_AI_TRIGGER_TOP/dut/u_DUT/\gen_lanes(3)\/u_LANE/line__273  File: /home/work1/Works/AI-Trigger-System/HDL/rtl/CNN_CORE_LANE.vhd
Note: LANE3 ADC busy_clear stream_done_seen='0' wr_count=0
Time: 59866 ns  Iteration: 0  Process: /tb_AI_TRIGGER_TOP/dut/u_DUT/\gen_lanes(3)\/u_LANE/line__191  File: /home/work1/Works/AI-Trigger-System/HDL/rtl/CNN_CORE_LANE.vhd
Note: LANE3 CNN output_valid score_raw=-1918 started=12
Time: 60082500 ps  Iteration: 0  Process: /tb_AI_TRIGGER_TOP/dut/u_DUT/\gen_lanes(3)\/u_LANE/line__273  File: /home/work1/Works/AI-Trigger-System/HDL/rtl/CNN_CORE_LANE.vhd
    58 | 0x003ff882    |     -0.936523 |     0 |    0 |      1.015
Note: DIST chunk_start seq=59 lane=4 busy='0'
Time: 60126 ns  Iteration: 0  Process: /tb_AI_TRIGGER_TOP/dut/u_DUT/u_DIST/line__134  File: /home/work1/Works/AI-Trigger-System/HDL/rtl/ADC_CHUNK_DISTRIBUTOR.vhd
Note: LANE4 ADC chunk_accept count=12 fifo_full='0'
Time: 60126 ns  Iteration: 0  Process: /tb_AI_TRIGGER_TOP/dut/u_DUT/\gen_lanes(4)\/u_LANE/line__191  File: /home/work1/Works/AI-Trigger-System/HDL/rtl/CNN_CORE_LANE.vhd
Note: LANE4 started_next=12 fifo_empty='0' fifo_data_valid='1' ready='0' idle='1'
Time: 60162500 ps  Iteration: 0  Process: /tb_AI_TRIGGER_TOP/dut/u_DUT/\gen_lanes(4)\/u_LANE/line__273  File: /home/work1/Works/AI-Trigger-System/HDL/rtl/CNN_CORE_LANE.vhd
Note: LANE4 started=12 fifo_empty='0' fifo_data_valid='1' ready='0'
Time: 60872500 ps  Iteration: 0  Process: /tb_AI_TRIGGER_TOP/dut/u_DUT/\gen_lanes(4)\/u_LANE/line__273  File: /home/work1/Works/AI-Trigger-System/HDL/rtl/CNN_CORE_LANE.vhd
Note: LANE4 ADC busy_clear stream_done_seen='0' wr_count=0
Time: 60882 ns  Iteration: 0  Process: /tb_AI_TRIGGER_TOP/dut/u_DUT/\gen_lanes(4)\/u_LANE/line__191  File: /home/work1/Works/AI-Trigger-System/HDL/rtl/CNN_CORE_LANE.vhd
Note: LANE4 CNN output_valid score_raw=-1694 started=12
Time: 61097500 ps  Iteration: 0  Process: /tb_AI_TRIGGER_TOP/dut/u_DUT/\gen_lanes(4)\/u_LANE/line__273  File: /home/work1/Works/AI-Trigger-System/HDL/rtl/CNN_CORE_LANE.vhd
    59 | 0x003ff962    |     -0.827148 |     0 |    0 |      1.015
Note: DIST chunk_start seq=60 lane=0 busy='0'
Time: 61142 ns  Iteration: 0  Process: /tb_AI_TRIGGER_TOP/dut/u_DUT/u_DIST/line__134  File: /home/work1/Works/AI-Trigger-System/HDL/rtl/ADC_CHUNK_DISTRIBUTOR.vhd
Note: LANE0 ADC chunk_accept count=13 fifo_full='0'
Time: 61142 ns  Iteration: 0  Process: /tb_AI_TRIGGER_TOP/dut/u_DUT/\gen_lanes(0)\/u_LANE/line__191  File: /home/work1/Works/AI-Trigger-System/HDL/rtl/CNN_CORE_LANE.vhd
Note: LANE0 started_next=13 fifo_empty='0' fifo_data_valid='1' ready='0' idle='1'
Time: 61177500 ps  Iteration: 0  Process: /tb_AI_TRIGGER_TOP/dut/u_DUT/\gen_lanes(0)\/u_LANE/line__273  File: /home/work1/Works/AI-Trigger-System/HDL/rtl/CNN_CORE_LANE.vhd
Note: LANE0 started=13 fifo_empty='0' fifo_data_valid='1' ready='0'
Time: 61887500 ps  Iteration: 0  Process: /tb_AI_TRIGGER_TOP/dut/u_DUT/\gen_lanes(0)\/u_LANE/line__273  File: /home/work1/Works/AI-Trigger-System/HDL/rtl/CNN_CORE_LANE.vhd
Note: LANE0 ADC busy_clear stream_done_seen='1' wr_count=0
Time: 61898 ns  Iteration: 0  Process: /tb_AI_TRIGGER_TOP/dut/u_DUT/\gen_lanes(0)\/u_LANE/line__191  File: /home/work1/Works/AI-Trigger-System/HDL/rtl/CNN_CORE_LANE.vhd
Note: LANE0 CNN output_valid score_raw=-2084 started=13
Time: 62112500 ps  Iteration: 0  Process: /tb_AI_TRIGGER_TOP/dut/u_DUT/\gen_lanes(0)\/u_LANE/line__273  File: /home/work1/Works/AI-Trigger-System/HDL/rtl/CNN_CORE_LANE.vhd
    60 | 0x003ff7dc    |     -1.017578 |     0 |    0 |      1.015
Note: DIST chunk_start seq=61 lane=1 busy='0'
Time: 62158 ns  Iteration: 0  Process: /tb_AI_TRIGGER_TOP/dut/u_DUT/u_DIST/line__134  File: /home/work1/Works/AI-Trigger-System/HDL/rtl/ADC_CHUNK_DISTRIBUTOR.vhd
Note: LANE1 ADC chunk_accept count=13 fifo_full='0'
Time: 62158 ns  Iteration: 0  Process: /tb_AI_TRIGGER_TOP/dut/u_DUT/\gen_lanes(1)\/u_LANE/line__191  File: /home/work1/Works/AI-Trigger-System/HDL/rtl/CNN_CORE_LANE.vhd
Note: LANE1 started_next=13 fifo_empty='0' fifo_data_valid='1' ready='0' idle='1'
Time: 62192500 ps  Iteration: 0  Process: /tb_AI_TRIGGER_TOP/dut/u_DUT/\gen_lanes(1)\/u_LANE/line__273  File: /home/work1/Works/AI-Trigger-System/HDL/rtl/CNN_CORE_LANE.vhd
Note: LANE1 started=13 fifo_empty='0' fifo_data_valid='1' ready='0'
Time: 62902500 ps  Iteration: 0  Process: /tb_AI_TRIGGER_TOP/dut/u_DUT/\gen_lanes(1)\/u_LANE/line__273  File: /home/work1/Works/AI-Trigger-System/HDL/rtl/CNN_CORE_LANE.vhd
Note: LANE1 ADC busy_clear stream_done_seen='1' wr_count=0
Time: 62914 ns  Iteration: 0  Process: /tb_AI_TRIGGER_TOP/dut/u_DUT/\gen_lanes(1)\/u_LANE/line__191  File: /home/work1/Works/AI-Trigger-System/HDL/rtl/CNN_CORE_LANE.vhd
Note: LANE1 CNN output_valid score_raw=-1659 started=13
Time: 63127500 ps  Iteration: 0  Process: /tb_AI_TRIGGER_TOP/dut/u_DUT/\gen_lanes(1)\/u_LANE/line__273  File: /home/work1/Works/AI-Trigger-System/HDL/rtl/CNN_CORE_LANE.vhd
    61 | 0x003ff985    |     -0.810059 |     0 |    0 |      1.010
Note: DIST chunk_start seq=62 lane=2 busy='0'
Time: 63170 ns  Iteration: 0  Process: /tb_AI_TRIGGER_TOP/dut/u_DUT/u_DIST/line__134  File: /home/work1/Works/AI-Trigger-System/HDL/rtl/ADC_CHUNK_DISTRIBUTOR.vhd
Note: LANE2 ADC chunk_accept count=13 fifo_full='0'
Time: 63170 ns  Iteration: 0  Process: /tb_AI_TRIGGER_TOP/dut/u_DUT/\gen_lanes(2)\/u_LANE/line__191  File: /home/work1/Works/AI-Trigger-System/HDL/rtl/CNN_CORE_LANE.vhd
Note: LANE2 started_next=13 fifo_empty='0' fifo_data_valid='1' ready='0' idle='1'
Time: 63207500 ps  Iteration: 0  Process: /tb_AI_TRIGGER_TOP/dut/u_DUT/\gen_lanes(2)\/u_LANE/line__273  File: /home/work1/Works/AI-Trigger-System/HDL/rtl/CNN_CORE_LANE.vhd
Note: LANE2 started=13 fifo_empty='0' fifo_data_valid='1' ready='0'
Time: 63917500 ps  Iteration: 0  Process: /tb_AI_TRIGGER_TOP/dut/u_DUT/\gen_lanes(2)\/u_LANE/line__273  File: /home/work1/Works/AI-Trigger-System/HDL/rtl/CNN_CORE_LANE.vhd
Note: LANE2 ADC busy_clear stream_done_seen='1' wr_count=0
Time: 63926 ns  Iteration: 0  Process: /tb_AI_TRIGGER_TOP/dut/u_DUT/\gen_lanes(2)\/u_LANE/line__191  File: /home/work1/Works/AI-Trigger-System/HDL/rtl/CNN_CORE_LANE.vhd
Note: LANE2 CNN output_valid score_raw=-1527 started=13
Time: 64142500 ps  Iteration: 0  Process: /tb_AI_TRIGGER_TOP/dut/u_DUT/\gen_lanes(2)\/u_LANE/line__273  File: /home/work1/Works/AI-Trigger-System/HDL/rtl/CNN_CORE_LANE.vhd
    62 | 0x003ffa09    |     -0.745605 |     0 |    0 |      1.015
Note: DIST chunk_start seq=63 lane=3 busy='0'
Time: 64186 ns  Iteration: 0  Process: /tb_AI_TRIGGER_TOP/dut/u_DUT/u_DIST/line__134  File: /home/work1/Works/AI-Trigger-System/HDL/rtl/ADC_CHUNK_DISTRIBUTOR.vhd
Note: LANE3 ADC chunk_accept count=13 fifo_full='0'
Time: 64186 ns  Iteration: 0  Process: /tb_AI_TRIGGER_TOP/dut/u_DUT/\gen_lanes(3)\/u_LANE/line__191  File: /home/work1/Works/AI-Trigger-System/HDL/rtl/CNN_CORE_LANE.vhd
Note: LANE3 started_next=13 fifo_empty='0' fifo_data_valid='1' ready='0' idle='1'
Time: 64222500 ps  Iteration: 0  Process: /tb_AI_TRIGGER_TOP/dut/u_DUT/\gen_lanes(3)\/u_LANE/line__273  File: /home/work1/Works/AI-Trigger-System/HDL/rtl/CNN_CORE_LANE.vhd
Note: LANE3 started=13 fifo_empty='0' fifo_data_valid='1' ready='0'
Time: 64932500 ps  Iteration: 0  Process: /tb_AI_TRIGGER_TOP/dut/u_DUT/\gen_lanes(3)\/u_LANE/line__273  File: /home/work1/Works/AI-Trigger-System/HDL/rtl/CNN_CORE_LANE.vhd
Note: LANE3 ADC busy_clear stream_done_seen='1' wr_count=0
Time: 64942 ns  Iteration: 0  Process: /tb_AI_TRIGGER_TOP/dut/u_DUT/\gen_lanes(3)\/u_LANE/line__191  File: /home/work1/Works/AI-Trigger-System/HDL/rtl/CNN_CORE_LANE.vhd
Note: LANE3 CNN output_valid score_raw=-1498 started=13
Time: 65157500 ps  Iteration: 0  Process: /tb_AI_TRIGGER_TOP/dut/u_DUT/\gen_lanes(3)\/u_LANE/line__273  File: /home/work1/Works/AI-Trigger-System/HDL/rtl/CNN_CORE_LANE.vhd
    63 | 0x003ffa26    |     -0.731445 |     0 |    0 |      1.015
Note: DIST chunk_start seq=64 lane=4 busy='0'
Time: 65202 ns  Iteration: 0  Process: /tb_AI_TRIGGER_TOP/dut/u_DUT/u_DIST/line__134  File: /home/work1/Works/AI-Trigger-System/HDL/rtl/ADC_CHUNK_DISTRIBUTOR.vhd
Note: LANE4 ADC chunk_accept count=13 fifo_full='0'
Time: 65202 ns  Iteration: 0  Process: /tb_AI_TRIGGER_TOP/dut/u_DUT/\gen_lanes(4)\/u_LANE/line__191  File: /home/work1/Works/AI-Trigger-System/HDL/rtl/CNN_CORE_LANE.vhd
Note: LANE4 started_next=13 fifo_empty='0' fifo_data_valid='1' ready='0' idle='1'
Time: 65237500 ps  Iteration: 0  Process: /tb_AI_TRIGGER_TOP/dut/u_DUT/\gen_lanes(4)\/u_LANE/line__273  File: /home/work1/Works/AI-Trigger-System/HDL/rtl/CNN_CORE_LANE.vhd
Note: LANE4 started=13 fifo_empty='0' fifo_data_valid='1' ready='0'
Time: 65947500 ps  Iteration: 0  Process: /tb_AI_TRIGGER_TOP/dut/u_DUT/\gen_lanes(4)\/u_LANE/line__273  File: /home/work1/Works/AI-Trigger-System/HDL/rtl/CNN_CORE_LANE.vhd
Note: LANE4 ADC busy_clear stream_done_seen='1' wr_count=0
Time: 65958 ns  Iteration: 0  Process: /tb_AI_TRIGGER_TOP/dut/u_DUT/\gen_lanes(4)\/u_LANE/line__191  File: /home/work1/Works/AI-Trigger-System/HDL/rtl/CNN_CORE_LANE.vhd
Note: LANE4 CNN output_valid score_raw=-1481 started=13
Time: 66172500 ps  Iteration: 0  Process: /tb_AI_TRIGGER_TOP/dut/u_DUT/\gen_lanes(4)\/u_LANE/line__273  File: /home/work1/Works/AI-Trigger-System/HDL/rtl/CNN_CORE_LANE.vhd
    64 | 0x003ffa37    |     -0.723145 |     0 |    0 |      1.015
Note: DIST chunk_start seq=65 lane=0 busy='0'
Time: 66218 ns  Iteration: 0  Process: /tb_AI_TRIGGER_TOP/dut/u_DUT/u_DIST/line__134  File: /home/work1/Works/AI-Trigger-System/HDL/rtl/ADC_CHUNK_DISTRIBUTOR.vhd
Note: LANE0 ADC chunk_accept count=14 fifo_full='0'
Time: 66218 ns  Iteration: 0  Process: /tb_AI_TRIGGER_TOP/dut/u_DUT/\gen_lanes(0)\/u_LANE/line__191  File: /home/work1/Works/AI-Trigger-System/HDL/rtl/CNN_CORE_LANE.vhd
Note: LANE0 started_next=14 fifo_empty='0' fifo_data_valid='1' ready='0' idle='1'
Time: 66252500 ps  Iteration: 0  Process: /tb_AI_TRIGGER_TOP/dut/u_DUT/\gen_lanes(0)\/u_LANE/line__273  File: /home/work1/Works/AI-Trigger-System/HDL/rtl/CNN_CORE_LANE.vhd
Note: LANE0 started=14 fifo_empty='0' fifo_data_valid='1' ready='0'
Time: 66962500 ps  Iteration: 0  Process: /tb_AI_TRIGGER_TOP/dut/u_DUT/\gen_lanes(0)\/u_LANE/line__273  File: /home/work1/Works/AI-Trigger-System/HDL/rtl/CNN_CORE_LANE.vhd
Note: LANE0 ADC busy_clear stream_done_seen='0' wr_count=0
Time: 66974 ns  Iteration: 0  Process: /tb_AI_TRIGGER_TOP/dut/u_DUT/\gen_lanes(0)\/u_LANE/line__191  File: /home/work1/Works/AI-Trigger-System/HDL/rtl/CNN_CORE_LANE.vhd
Note: LANE0 CNN output_valid score_raw=-1375 started=14
Time: 67187500 ps  Iteration: 0  Process: /tb_AI_TRIGGER_TOP/dut/u_DUT/\gen_lanes(0)\/u_LANE/line__273  File: /home/work1/Works/AI-Trigger-System/HDL/rtl/CNN_CORE_LANE.vhd
    65 | 0x003ffaa1    |     -0.671387 |     0 |    0 |      1.010
Note: DIST chunk_start seq=66 lane=1 busy='0'
Time: 67230 ns  Iteration: 0  Process: /tb_AI_TRIGGER_TOP/dut/u_DUT/u_DIST/line__134  File: /home/work1/Works/AI-Trigger-System/HDL/rtl/ADC_CHUNK_DISTRIBUTOR.vhd
Note: LANE1 ADC chunk_accept count=14 fifo_full='0'
Time: 67230 ns  Iteration: 0  Process: /tb_AI_TRIGGER_TOP/dut/u_DUT/\gen_lanes(1)\/u_LANE/line__191  File: /home/work1/Works/AI-Trigger-System/HDL/rtl/CNN_CORE_LANE.vhd
Note: LANE1 started_next=14 fifo_empty='0' fifo_data_valid='1' ready='0' idle='1'
Time: 67267500 ps  Iteration: 0  Process: /tb_AI_TRIGGER_TOP/dut/u_DUT/\gen_lanes(1)\/u_LANE/line__273  File: /home/work1/Works/AI-Trigger-System/HDL/rtl/CNN_CORE_LANE.vhd
Note: LANE1 started=14 fifo_empty='0' fifo_data_valid='1' ready='0'
Time: 67977500 ps  Iteration: 0  Process: /tb_AI_TRIGGER_TOP/dut/u_DUT/\gen_lanes(1)\/u_LANE/line__273  File: /home/work1/Works/AI-Trigger-System/HDL/rtl/CNN_CORE_LANE.vhd
Note: LANE1 ADC busy_clear stream_done_seen='0' wr_count=0
Time: 67986 ns  Iteration: 0  Process: /tb_AI_TRIGGER_TOP/dut/u_DUT/\gen_lanes(1)\/u_LANE/line__191  File: /home/work1/Works/AI-Trigger-System/HDL/rtl/CNN_CORE_LANE.vhd
Note: LANE1 CNN output_valid score_raw=-1572 started=14
Time: 68202500 ps  Iteration: 0  Process: /tb_AI_TRIGGER_TOP/dut/u_DUT/\gen_lanes(1)\/u_LANE/line__273  File: /home/work1/Works/AI-Trigger-System/HDL/rtl/CNN_CORE_LANE.vhd
    66 | 0x003ff9dc    |     -0.767578 |     0 |    0 |      1.015
Note: DIST chunk_start seq=67 lane=2 busy='0'
Time: 68246 ns  Iteration: 0  Process: /tb_AI_TRIGGER_TOP/dut/u_DUT/u_DIST/line__134  File: /home/work1/Works/AI-Trigger-System/HDL/rtl/ADC_CHUNK_DISTRIBUTOR.vhd
Note: LANE2 ADC chunk_accept count=14 fifo_full='0'
Time: 68246 ns  Iteration: 0  Process: /tb_AI_TRIGGER_TOP/dut/u_DUT/\gen_lanes(2)\/u_LANE/line__191  File: /home/work1/Works/AI-Trigger-System/HDL/rtl/CNN_CORE_LANE.vhd
Note: LANE2 started_next=14 fifo_empty='0' fifo_data_valid='1' ready='0' idle='1'
Time: 68282500 ps  Iteration: 0  Process: /tb_AI_TRIGGER_TOP/dut/u_DUT/\gen_lanes(2)\/u_LANE/line__273  File: /home/work1/Works/AI-Trigger-System/HDL/rtl/CNN_CORE_LANE.vhd
Note: LANE2 started=14 fifo_empty='0' fifo_data_valid='1' ready='0'
Time: 68992500 ps  Iteration: 0  Process: /tb_AI_TRIGGER_TOP/dut/u_DUT/\gen_lanes(2)\/u_LANE/line__273  File: /home/work1/Works/AI-Trigger-System/HDL/rtl/CNN_CORE_LANE.vhd
Note: LANE2 ADC busy_clear stream_done_seen='0' wr_count=0
Time: 69002 ns  Iteration: 0  Process: /tb_AI_TRIGGER_TOP/dut/u_DUT/\gen_lanes(2)\/u_LANE/line__191  File: /home/work1/Works/AI-Trigger-System/HDL/rtl/CNN_CORE_LANE.vhd
Note: LANE2 CNN output_valid score_raw=-1301 started=14
Time: 69217500 ps  Iteration: 0  Process: /tb_AI_TRIGGER_TOP/dut/u_DUT/\gen_lanes(2)\/u_LANE/line__273  File: /home/work1/Works/AI-Trigger-System/HDL/rtl/CNN_CORE_LANE.vhd
    67 | 0x003ffaeb    |     -0.635254 |     0 |    0 |      1.015
Note: DIST chunk_start seq=68 lane=3 busy='0'
Time: 69262 ns  Iteration: 0  Process: /tb_AI_TRIGGER_TOP/dut/u_DUT/u_DIST/line__134  File: /home/work1/Works/AI-Trigger-System/HDL/rtl/ADC_CHUNK_DISTRIBUTOR.vhd
Note: LANE3 ADC chunk_accept count=14 fifo_full='0'
Time: 69262 ns  Iteration: 0  Process: /tb_AI_TRIGGER_TOP/dut/u_DUT/\gen_lanes(3)\/u_LANE/line__191  File: /home/work1/Works/AI-Trigger-System/HDL/rtl/CNN_CORE_LANE.vhd
Note: LANE3 started_next=14 fifo_empty='0' fifo_data_valid='1' ready='0' idle='1'
Time: 69297500 ps  Iteration: 0  Process: /tb_AI_TRIGGER_TOP/dut/u_DUT/\gen_lanes(3)\/u_LANE/line__273  File: /home/work1/Works/AI-Trigger-System/HDL/rtl/CNN_CORE_LANE.vhd
Note: LANE3 started=14 fifo_empty='0' fifo_data_valid='1' ready='0'
Time: 70007500 ps  Iteration: 0  Process: /tb_AI_TRIGGER_TOP/dut/u_DUT/\gen_lanes(3)\/u_LANE/line__273  File: /home/work1/Works/AI-Trigger-System/HDL/rtl/CNN_CORE_LANE.vhd
Note: LANE3 ADC busy_clear stream_done_seen='0' wr_count=0
Time: 70018 ns  Iteration: 0  Process: /tb_AI_TRIGGER_TOP/dut/u_DUT/\gen_lanes(3)\/u_LANE/line__191  File: /home/work1/Works/AI-Trigger-System/HDL/rtl/CNN_CORE_LANE.vhd
Note: LANE3 CNN output_valid score_raw=-1512 started=14
Time: 70232500 ps  Iteration: 0  Process: /tb_AI_TRIGGER_TOP/dut/u_DUT/\gen_lanes(3)\/u_LANE/line__273  File: /home/work1/Works/AI-Trigger-System/HDL/rtl/CNN_CORE_LANE.vhd
    68 | 0x003ffa18    |     -0.738281 |     0 |    0 |      1.015
Note: DIST chunk_start seq=69 lane=4 busy='0'
Time: 70278 ns  Iteration: 0  Process: /tb_AI_TRIGGER_TOP/dut/u_DUT/u_DIST/line__134  File: /home/work1/Works/AI-Trigger-System/HDL/rtl/ADC_CHUNK_DISTRIBUTOR.vhd
Note: LANE4 ADC chunk_accept count=14 fifo_full='0'
Time: 70278 ns  Iteration: 0  Process: /tb_AI_TRIGGER_TOP/dut/u_DUT/\gen_lanes(4)\/u_LANE/line__191  File: /home/work1/Works/AI-Trigger-System/HDL/rtl/CNN_CORE_LANE.vhd
Note: LANE4 started_next=14 fifo_empty='0' fifo_data_valid='1' ready='0' idle='1'
Time: 70312500 ps  Iteration: 0  Process: /tb_AI_TRIGGER_TOP/dut/u_DUT/\gen_lanes(4)\/u_LANE/line__273  File: /home/work1/Works/AI-Trigger-System/HDL/rtl/CNN_CORE_LANE.vhd
Note: LANE4 started=14 fifo_empty='0' fifo_data_valid='1' ready='0'
Time: 71022500 ps  Iteration: 0  Process: /tb_AI_TRIGGER_TOP/dut/u_DUT/\gen_lanes(4)\/u_LANE/line__273  File: /home/work1/Works/AI-Trigger-System/HDL/rtl/CNN_CORE_LANE.vhd
Note: LANE4 ADC busy_clear stream_done_seen='0' wr_count=0
Time: 71034 ns  Iteration: 0  Process: /tb_AI_TRIGGER_TOP/dut/u_DUT/\gen_lanes(4)\/u_LANE/line__191  File: /home/work1/Works/AI-Trigger-System/HDL/rtl/CNN_CORE_LANE.vhd
Note: LANE4 CNN output_valid score_raw=-1241 started=14
Time: 71247500 ps  Iteration: 0  Process: /tb_AI_TRIGGER_TOP/dut/u_DUT/\gen_lanes(4)\/u_LANE/line__273  File: /home/work1/Works/AI-Trigger-System/HDL/rtl/CNN_CORE_LANE.vhd
    69 | 0x003ffb27    |     -0.605957 |     0 |    0 |      1.010
Note: DIST chunk_start seq=70 lane=0 busy='0'
Time: 71290 ns  Iteration: 0  Process: /tb_AI_TRIGGER_TOP/dut/u_DUT/u_DIST/line__134  File: /home/work1/Works/AI-Trigger-System/HDL/rtl/ADC_CHUNK_DISTRIBUTOR.vhd
Note: LANE0 ADC chunk_accept count=15 fifo_full='0'
Time: 71290 ns  Iteration: 0  Process: /tb_AI_TRIGGER_TOP/dut/u_DUT/\gen_lanes(0)\/u_LANE/line__191  File: /home/work1/Works/AI-Trigger-System/HDL/rtl/CNN_CORE_LANE.vhd
Note: LANE0 started_next=15 fifo_empty='0' fifo_data_valid='1' ready='0' idle='1'
Time: 71327500 ps  Iteration: 0  Process: /tb_AI_TRIGGER_TOP/dut/u_DUT/\gen_lanes(0)\/u_LANE/line__273  File: /home/work1/Works/AI-Trigger-System/HDL/rtl/CNN_CORE_LANE.vhd
Note: LANE0 started=15 fifo_empty='0' fifo_data_valid='1' ready='0'
Time: 72037500 ps  Iteration: 0  Process: /tb_AI_TRIGGER_TOP/dut/u_DUT/\gen_lanes(0)\/u_LANE/line__273  File: /home/work1/Works/AI-Trigger-System/HDL/rtl/CNN_CORE_LANE.vhd
Note: LANE0 ADC busy_clear stream_done_seen='1' wr_count=0
Time: 72046 ns  Iteration: 0  Process: /tb_AI_TRIGGER_TOP/dut/u_DUT/\gen_lanes(0)\/u_LANE/line__191  File: /home/work1/Works/AI-Trigger-System/HDL/rtl/CNN_CORE_LANE.vhd
Note: LANE0 CNN output_valid score_raw=-1190 started=15
Time: 72262500 ps  Iteration: 0  Process: /tb_AI_TRIGGER_TOP/dut/u_DUT/\gen_lanes(0)\/u_LANE/line__273  File: /home/work1/Works/AI-Trigger-System/HDL/rtl/CNN_CORE_LANE.vhd
    70 | 0x003ffb5a    |     -0.581055 |     0 |    0 |      1.015
Note: DIST chunk_start seq=71 lane=1 busy='0'
Time: 72306 ns  Iteration: 0  Process: /tb_AI_TRIGGER_TOP/dut/u_DUT/u_DIST/line__134  File: /home/work1/Works/AI-Trigger-System/HDL/rtl/ADC_CHUNK_DISTRIBUTOR.vhd
Note: LANE1 ADC chunk_accept count=15 fifo_full='0'
Time: 72306 ns  Iteration: 0  Process: /tb_AI_TRIGGER_TOP/dut/u_DUT/\gen_lanes(1)\/u_LANE/line__191  File: /home/work1/Works/AI-Trigger-System/HDL/rtl/CNN_CORE_LANE.vhd
Note: LANE1 started_next=15 fifo_empty='0' fifo_data_valid='1' ready='0' idle='1'
Time: 72342500 ps  Iteration: 0  Process: /tb_AI_TRIGGER_TOP/dut/u_DUT/\gen_lanes(1)\/u_LANE/line__273  File: /home/work1/Works/AI-Trigger-System/HDL/rtl/CNN_CORE_LANE.vhd
Note: LANE1 started=15 fifo_empty='0' fifo_data_valid='1' ready='0'
Time: 73052500 ps  Iteration: 0  Process: /tb_AI_TRIGGER_TOP/dut/u_DUT/\gen_lanes(1)\/u_LANE/line__273  File: /home/work1/Works/AI-Trigger-System/HDL/rtl/CNN_CORE_LANE.vhd
Note: LANE1 ADC busy_clear stream_done_seen='1' wr_count=0
Time: 73062 ns  Iteration: 0  Process: /tb_AI_TRIGGER_TOP/dut/u_DUT/\gen_lanes(1)\/u_LANE/line__191  File: /home/work1/Works/AI-Trigger-System/HDL/rtl/CNN_CORE_LANE.vhd
Note: LANE1 CNN output_valid score_raw=-1261 started=15
Time: 73277500 ps  Iteration: 0  Process: /tb_AI_TRIGGER_TOP/dut/u_DUT/\gen_lanes(1)\/u_LANE/line__273  File: /home/work1/Works/AI-Trigger-System/HDL/rtl/CNN_CORE_LANE.vhd
    71 | 0x003ffb13    |     -0.615723 |     0 |    0 |      1.015
Note: DIST chunk_start seq=72 lane=2 busy='0'
Time: 73322 ns  Iteration: 0  Process: /tb_AI_TRIGGER_TOP/dut/u_DUT/u_DIST/line__134  File: /home/work1/Works/AI-Trigger-System/HDL/rtl/ADC_CHUNK_DISTRIBUTOR.vhd
Note: LANE2 ADC chunk_accept count=15 fifo_full='0'
Time: 73322 ns  Iteration: 0  Process: /tb_AI_TRIGGER_TOP/dut/u_DUT/\gen_lanes(2)\/u_LANE/line__191  File: /home/work1/Works/AI-Trigger-System/HDL/rtl/CNN_CORE_LANE.vhd
Note: LANE2 started_next=15 fifo_empty='0' fifo_data_valid='1' ready='0' idle='1'
Time: 73357500 ps  Iteration: 0  Process: /tb_AI_TRIGGER_TOP/dut/u_DUT/\gen_lanes(2)\/u_LANE/line__273  File: /home/work1/Works/AI-Trigger-System/HDL/rtl/CNN_CORE_LANE.vhd
Note: LANE2 started=15 fifo_empty='0' fifo_data_valid='1' ready='0'
Time: 74067500 ps  Iteration: 0  Process: /tb_AI_TRIGGER_TOP/dut/u_DUT/\gen_lanes(2)\/u_LANE/line__273  File: /home/work1/Works/AI-Trigger-System/HDL/rtl/CNN_CORE_LANE.vhd
Note: LANE2 ADC busy_clear stream_done_seen='1' wr_count=0
Time: 74078 ns  Iteration: 0  Process: /tb_AI_TRIGGER_TOP/dut/u_DUT/\gen_lanes(2)\/u_LANE/line__191  File: /home/work1/Works/AI-Trigger-System/HDL/rtl/CNN_CORE_LANE.vhd
Note: LANE2 CNN output_valid score_raw=-1538 started=15
Time: 74292500 ps  Iteration: 0  Process: /tb_AI_TRIGGER_TOP/dut/u_DUT/\gen_lanes(2)\/u_LANE/line__273  File: /home/work1/Works/AI-Trigger-System/HDL/rtl/CNN_CORE_LANE.vhd
    72 | 0x003ff9fe    |     -0.750977 |     0 |    0 |      1.015
Note: DIST chunk_start seq=73 lane=3 busy='0'
Time: 74338 ns  Iteration: 0  Process: /tb_AI_TRIGGER_TOP/dut/u_DUT/u_DIST/line__134  File: /home/work1/Works/AI-Trigger-System/HDL/rtl/ADC_CHUNK_DISTRIBUTOR.vhd
Note: LANE3 ADC chunk_accept count=15 fifo_full='0'
Time: 74338 ns  Iteration: 0  Process: /tb_AI_TRIGGER_TOP/dut/u_DUT/\gen_lanes(3)\/u_LANE/line__191  File: /home/work1/Works/AI-Trigger-System/HDL/rtl/CNN_CORE_LANE.vhd
Note: LANE3 started_next=15 fifo_empty='0' fifo_data_valid='1' ready='0' idle='1'
Time: 74372500 ps  Iteration: 0  Process: /tb_AI_TRIGGER_TOP/dut/u_DUT/\gen_lanes(3)\/u_LANE/line__273  File: /home/work1/Works/AI-Trigger-System/HDL/rtl/CNN_CORE_LANE.vhd
Note: LANE3 started=15 fifo_empty='0' fifo_data_valid='1' ready='0'
Time: 75082500 ps  Iteration: 0  Process: /tb_AI_TRIGGER_TOP/dut/u_DUT/\gen_lanes(3)\/u_LANE/line__273  File: /home/work1/Works/AI-Trigger-System/HDL/rtl/CNN_CORE_LANE.vhd
Note: LANE3 ADC busy_clear stream_done_seen='1' wr_count=0
Time: 75094 ns  Iteration: 0  Process: /tb_AI_TRIGGER_TOP/dut/u_DUT/\gen_lanes(3)\/u_LANE/line__191  File: /home/work1/Works/AI-Trigger-System/HDL/rtl/CNN_CORE_LANE.vhd
Note: LANE3 CNN output_valid score_raw=-1123 started=15
Time: 75307500 ps  Iteration: 0  Process: /tb_AI_TRIGGER_TOP/dut/u_DUT/\gen_lanes(3)\/u_LANE/line__273  File: /home/work1/Works/AI-Trigger-System/HDL/rtl/CNN_CORE_LANE.vhd
    73 | 0x003ffb9d    |     -0.548340 |     0 |    0 |      1.010
Note: DIST chunk_start seq=74 lane=4 busy='0'
Time: 75350 ns  Iteration: 0  Process: /tb_AI_TRIGGER_TOP/dut/u_DUT/u_DIST/line__134  File: /home/work1/Works/AI-Trigger-System/HDL/rtl/ADC_CHUNK_DISTRIBUTOR.vhd
Note: LANE4 ADC chunk_accept count=15 fifo_full='0'
Time: 75350 ns  Iteration: 0  Process: /tb_AI_TRIGGER_TOP/dut/u_DUT/\gen_lanes(4)\/u_LANE/line__191  File: /home/work1/Works/AI-Trigger-System/HDL/rtl/CNN_CORE_LANE.vhd
Note: LANE4 started_next=15 fifo_empty='0' fifo_data_valid='1' ready='0' idle='1'
Time: 75387500 ps  Iteration: 0  Process: /tb_AI_TRIGGER_TOP/dut/u_DUT/\gen_lanes(4)\/u_LANE/line__273  File: /home/work1/Works/AI-Trigger-System/HDL/rtl/CNN_CORE_LANE.vhd
Note: LANE4 started=15 fifo_empty='0' fifo_data_valid='1' ready='0'
Time: 76097500 ps  Iteration: 0  Process: /tb_AI_TRIGGER_TOP/dut/u_DUT/\gen_lanes(4)\/u_LANE/line__273  File: /home/work1/Works/AI-Trigger-System/HDL/rtl/CNN_CORE_LANE.vhd
Note: LANE4 ADC busy_clear stream_done_seen='1' wr_count=0
Time: 76106 ns  Iteration: 0  Process: /tb_AI_TRIGGER_TOP/dut/u_DUT/\gen_lanes(4)\/u_LANE/line__191  File: /home/work1/Works/AI-Trigger-System/HDL/rtl/CNN_CORE_LANE.vhd
Note: LANE4 CNN output_valid score_raw=-991 started=15
Time: 76322500 ps  Iteration: 0  Process: /tb_AI_TRIGGER_TOP/dut/u_DUT/\gen_lanes(4)\/u_LANE/line__273  File: /home/work1/Works/AI-Trigger-System/HDL/rtl/CNN_CORE_LANE.vhd
    74 | 0x003ffc21    |     -0.483887 |     0 |    0 |      1.015
Note: DIST chunk_start seq=75 lane=0 busy='0'
Time: 76366 ns  Iteration: 0  Process: /tb_AI_TRIGGER_TOP/dut/u_DUT/u_DIST/line__134  File: /home/work1/Works/AI-Trigger-System/HDL/rtl/ADC_CHUNK_DISTRIBUTOR.vhd
Note: LANE0 ADC chunk_accept count=0 fifo_full='0'
Time: 76366 ns  Iteration: 0  Process: /tb_AI_TRIGGER_TOP/dut/u_DUT/\gen_lanes(0)\/u_LANE/line__191  File: /home/work1/Works/AI-Trigger-System/HDL/rtl/CNN_CORE_LANE.vhd
Note: LANE0 started_next=0 fifo_empty='0' fifo_data_valid='1' ready='0' idle='1'
Time: 76402500 ps  Iteration: 0  Process: /tb_AI_TRIGGER_TOP/dut/u_DUT/\gen_lanes(0)\/u_LANE/line__273  File: /home/work1/Works/AI-Trigger-System/HDL/rtl/CNN_CORE_LANE.vhd
Note: LANE0 started=0 fifo_empty='0' fifo_data_valid='1' ready='0'
Time: 77112500 ps  Iteration: 0  Process: /tb_AI_TRIGGER_TOP/dut/u_DUT/\gen_lanes(0)\/u_LANE/line__273  File: /home/work1/Works/AI-Trigger-System/HDL/rtl/CNN_CORE_LANE.vhd
Note: LANE0 ADC busy_clear stream_done_seen='0' wr_count=0
Time: 77122 ns  Iteration: 0  Process: /tb_AI_TRIGGER_TOP/dut/u_DUT/\gen_lanes(0)\/u_LANE/line__191  File: /home/work1/Works/AI-Trigger-System/HDL/rtl/CNN_CORE_LANE.vhd
Note: LANE0 CNN output_valid score_raw=-1059 started=0
Time: 77337500 ps  Iteration: 0  Process: /tb_AI_TRIGGER_TOP/dut/u_DUT/\gen_lanes(0)\/u_LANE/line__273  File: /home/work1/Works/AI-Trigger-System/HDL/rtl/CNN_CORE_LANE.vhd
    75 | 0x003ffbdd    |     -0.517090 |     0 |    0 |      1.015
Note: DIST chunk_start seq=76 lane=1 busy='0'
Time: 77382 ns  Iteration: 0  Process: /tb_AI_TRIGGER_TOP/dut/u_DUT/u_DIST/line__134  File: /home/work1/Works/AI-Trigger-System/HDL/rtl/ADC_CHUNK_DISTRIBUTOR.vhd
Note: LANE1 ADC chunk_accept count=0 fifo_full='0'
Time: 77382 ns  Iteration: 0  Process: /tb_AI_TRIGGER_TOP/dut/u_DUT/\gen_lanes(1)\/u_LANE/line__191  File: /home/work1/Works/AI-Trigger-System/HDL/rtl/CNN_CORE_LANE.vhd
Note: LANE1 started_next=0 fifo_empty='0' fifo_data_valid='1' ready='0' idle='1'
Time: 77417500 ps  Iteration: 0  Process: /tb_AI_TRIGGER_TOP/dut/u_DUT/\gen_lanes(1)\/u_LANE/line__273  File: /home/work1/Works/AI-Trigger-System/HDL/rtl/CNN_CORE_LANE.vhd
Note: LANE1 started=0 fifo_empty='0' fifo_data_valid='1' ready='0'
Time: 78127500 ps  Iteration: 0  Process: /tb_AI_TRIGGER_TOP/dut/u_DUT/\gen_lanes(1)\/u_LANE/line__273  File: /home/work1/Works/AI-Trigger-System/HDL/rtl/CNN_CORE_LANE.vhd
Note: LANE1 ADC busy_clear stream_done_seen='0' wr_count=0
Time: 78138 ns  Iteration: 0  Process: /tb_AI_TRIGGER_TOP/dut/u_DUT/\gen_lanes(1)\/u_LANE/line__191  File: /home/work1/Works/AI-Trigger-System/HDL/rtl/CNN_CORE_LANE.vhd
Note: LANE1 CNN output_valid score_raw=-1157 started=0
Time: 78352500 ps  Iteration: 0  Process: /tb_AI_TRIGGER_TOP/dut/u_DUT/\gen_lanes(1)\/u_LANE/line__273  File: /home/work1/Works/AI-Trigger-System/HDL/rtl/CNN_CORE_LANE.vhd
    76 | 0x003ffb7b    |     -0.564941 |     0 |    0 |      1.015
Note: DIST chunk_start seq=77 lane=2 busy='0'
Time: 78398 ns  Iteration: 0  Process: /tb_AI_TRIGGER_TOP/dut/u_DUT/u_DIST/line__134  File: /home/work1/Works/AI-Trigger-System/HDL/rtl/ADC_CHUNK_DISTRIBUTOR.vhd
Note: LANE2 ADC chunk_accept count=0 fifo_full='0'
Time: 78398 ns  Iteration: 0  Process: /tb_AI_TRIGGER_TOP/dut/u_DUT/\gen_lanes(2)\/u_LANE/line__191  File: /home/work1/Works/AI-Trigger-System/HDL/rtl/CNN_CORE_LANE.vhd
Note: LANE2 started_next=0 fifo_empty='0' fifo_data_valid='1' ready='0' idle='1'
Time: 78432500 ps  Iteration: 0  Process: /tb_AI_TRIGGER_TOP/dut/u_DUT/\gen_lanes(2)\/u_LANE/line__273  File: /home/work1/Works/AI-Trigger-System/HDL/rtl/CNN_CORE_LANE.vhd
Note: LANE2 started=0 fifo_empty='0' fifo_data_valid='1' ready='0'
Time: 79142500 ps  Iteration: 0  Process: /tb_AI_TRIGGER_TOP/dut/u_DUT/\gen_lanes(2)\/u_LANE/line__273  File: /home/work1/Works/AI-Trigger-System/HDL/rtl/CNN_CORE_LANE.vhd
Note: LANE2 ADC busy_clear stream_done_seen='0' wr_count=0
Time: 79154 ns  Iteration: 0  Process: /tb_AI_TRIGGER_TOP/dut/u_DUT/\gen_lanes(2)\/u_LANE/line__191  File: /home/work1/Works/AI-Trigger-System/HDL/rtl/CNN_CORE_LANE.vhd
Note: LANE2 CNN output_valid score_raw=-1287 started=0
Time: 79367500 ps  Iteration: 0  Process: /tb_AI_TRIGGER_TOP/dut/u_DUT/\gen_lanes(2)\/u_LANE/line__273  File: /home/work1/Works/AI-Trigger-System/HDL/rtl/CNN_CORE_LANE.vhd
    77 | 0x003ffaf9    |     -0.628418 |     0 |    0 |      1.010
Note: DIST chunk_start seq=78 lane=3 busy='0'
Time: 79410 ns  Iteration: 0  Process: /tb_AI_TRIGGER_TOP/dut/u_DUT/u_DIST/line__134  File: /home/work1/Works/AI-Trigger-System/HDL/rtl/ADC_CHUNK_DISTRIBUTOR.vhd
Note: LANE3 ADC chunk_accept count=0 fifo_full='0'
Time: 79410 ns  Iteration: 0  Process: /tb_AI_TRIGGER_TOP/dut/u_DUT/\gen_lanes(3)\/u_LANE/line__191  File: /home/work1/Works/AI-Trigger-System/HDL/rtl/CNN_CORE_LANE.vhd
Note: LANE3 started_next=0 fifo_empty='0' fifo_data_valid='1' ready='0' idle='1'
Time: 79447500 ps  Iteration: 0  Process: /tb_AI_TRIGGER_TOP/dut/u_DUT/\gen_lanes(3)\/u_LANE/line__273  File: /home/work1/Works/AI-Trigger-System/HDL/rtl/CNN_CORE_LANE.vhd
Note: LANE3 started=0 fifo_empty='0' fifo_data_valid='1' ready='0'
Time: 80157500 ps  Iteration: 0  Process: /tb_AI_TRIGGER_TOP/dut/u_DUT/\gen_lanes(3)\/u_LANE/line__273  File: /home/work1/Works/AI-Trigger-System/HDL/rtl/CNN_CORE_LANE.vhd
Note: LANE3 ADC busy_clear stream_done_seen='0' wr_count=0
Time: 80166 ns  Iteration: 0  Process: /tb_AI_TRIGGER_TOP/dut/u_DUT/\gen_lanes(3)\/u_LANE/line__191  File: /home/work1/Works/AI-Trigger-System/HDL/rtl/CNN_CORE_LANE.vhd
Note: LANE3 CNN output_valid score_raw=-1617 started=0
Time: 80382500 ps  Iteration: 0  Process: /tb_AI_TRIGGER_TOP/dut/u_DUT/\gen_lanes(3)\/u_LANE/line__273  File: /home/work1/Works/AI-Trigger-System/HDL/rtl/CNN_CORE_LANE.vhd
    78 | 0x003ff9af    |     -0.789551 |     0 |    0 |      1.015
Note: DIST chunk_start seq=79 lane=4 busy='0'
Time: 80426 ns  Iteration: 0  Process: /tb_AI_TRIGGER_TOP/dut/u_DUT/u_DIST/line__134  File: /home/work1/Works/AI-Trigger-System/HDL/rtl/ADC_CHUNK_DISTRIBUTOR.vhd
Note: LANE4 ADC chunk_accept count=0 fifo_full='0'
Time: 80426 ns  Iteration: 0  Process: /tb_AI_TRIGGER_TOP/dut/u_DUT/\gen_lanes(4)\/u_LANE/line__191  File: /home/work1/Works/AI-Trigger-System/HDL/rtl/CNN_CORE_LANE.vhd
Note: LANE4 started_next=0 fifo_empty='0' fifo_data_valid='1' ready='0' idle='1'
Time: 80462500 ps  Iteration: 0  Process: /tb_AI_TRIGGER_TOP/dut/u_DUT/\gen_lanes(4)\/u_LANE/line__273  File: /home/work1/Works/AI-Trigger-System/HDL/rtl/CNN_CORE_LANE.vhd
Note: LANE4 started=0 fifo_empty='0' fifo_data_valid='1' ready='0'
Time: 81172500 ps  Iteration: 0  Process: /tb_AI_TRIGGER_TOP/dut/u_DUT/\gen_lanes(4)\/u_LANE/line__273  File: /home/work1/Works/AI-Trigger-System/HDL/rtl/CNN_CORE_LANE.vhd
Note: LANE4 ADC busy_clear stream_done_seen='0' wr_count=0
Time: 81182 ns  Iteration: 0  Process: /tb_AI_TRIGGER_TOP/dut/u_DUT/\gen_lanes(4)\/u_LANE/line__191  File: /home/work1/Works/AI-Trigger-System/HDL/rtl/CNN_CORE_LANE.vhd
Note: LANE4 CNN output_valid score_raw=-1344 started=0
Time: 81397500 ps  Iteration: 0  Process: /tb_AI_TRIGGER_TOP/dut/u_DUT/\gen_lanes(4)\/u_LANE/line__273  File: /home/work1/Works/AI-Trigger-System/HDL/rtl/CNN_CORE_LANE.vhd
    79 | 0x003ffac0    |     -0.656250 |     0 |    0 |      1.015
Note: DIST chunk_start seq=80 lane=0 busy='0'
Time: 81442 ns  Iteration: 0  Process: /tb_AI_TRIGGER_TOP/dut/u_DUT/u_DIST/line__134  File: /home/work1/Works/AI-Trigger-System/HDL/rtl/ADC_CHUNK_DISTRIBUTOR.vhd
Note: LANE0 ADC chunk_accept count=1 fifo_full='0'
Time: 81442 ns  Iteration: 0  Process: /tb_AI_TRIGGER_TOP/dut/u_DUT/\gen_lanes(0)\/u_LANE/line__191  File: /home/work1/Works/AI-Trigger-System/HDL/rtl/CNN_CORE_LANE.vhd
Note: LANE0 started_next=1 fifo_empty='0' fifo_data_valid='1' ready='0' idle='1'
Time: 81477500 ps  Iteration: 0  Process: /tb_AI_TRIGGER_TOP/dut/u_DUT/\gen_lanes(0)\/u_LANE/line__273  File: /home/work1/Works/AI-Trigger-System/HDL/rtl/CNN_CORE_LANE.vhd
Note: LANE0 started=1 fifo_empty='0' fifo_data_valid='1' ready='0'
Time: 82187500 ps  Iteration: 0  Process: /tb_AI_TRIGGER_TOP/dut/u_DUT/\gen_lanes(0)\/u_LANE/line__273  File: /home/work1/Works/AI-Trigger-System/HDL/rtl/CNN_CORE_LANE.vhd
Note: LANE0 ADC busy_clear stream_done_seen='1' wr_count=0
Time: 82198 ns  Iteration: 0  Process: /tb_AI_TRIGGER_TOP/dut/u_DUT/\gen_lanes(0)\/u_LANE/line__191  File: /home/work1/Works/AI-Trigger-System/HDL/rtl/CNN_CORE_LANE.vhd
Note: LANE0 CNN output_valid score_raw=-1296 started=1
Time: 82412500 ps  Iteration: 0  Process: /tb_AI_TRIGGER_TOP/dut/u_DUT/\gen_lanes(0)\/u_LANE/line__273  File: /home/work1/Works/AI-Trigger-System/HDL/rtl/CNN_CORE_LANE.vhd
    80 | 0x003ffaf0    |     -0.632812 |     0 |    0 |      1.015
Note: DIST chunk_start seq=81 lane=1 busy='0'
Time: 82458 ns  Iteration: 0  Process: /tb_AI_TRIGGER_TOP/dut/u_DUT/u_DIST/line__134  File: /home/work1/Works/AI-Trigger-System/HDL/rtl/ADC_CHUNK_DISTRIBUTOR.vhd
Note: LANE1 ADC chunk_accept count=1 fifo_full='0'
Time: 82458 ns  Iteration: 0  Process: /tb_AI_TRIGGER_TOP/dut/u_DUT/\gen_lanes(1)\/u_LANE/line__191  File: /home/work1/Works/AI-Trigger-System/HDL/rtl/CNN_CORE_LANE.vhd
Note: LANE1 started_next=1 fifo_empty='0' fifo_data_valid='1' ready='0' idle='1'
Time: 82492500 ps  Iteration: 0  Process: /tb_AI_TRIGGER_TOP/dut/u_DUT/\gen_lanes(1)\/u_LANE/line__273  File: /home/work1/Works/AI-Trigger-System/HDL/rtl/CNN_CORE_LANE.vhd
Note: LANE1 started=1 fifo_empty='0' fifo_data_valid='1' ready='0'
Time: 83202500 ps  Iteration: 0  Process: /tb_AI_TRIGGER_TOP/dut/u_DUT/\gen_lanes(1)\/u_LANE/line__273  File: /home/work1/Works/AI-Trigger-System/HDL/rtl/CNN_CORE_LANE.vhd
Note: LANE1 ADC busy_clear stream_done_seen='1' wr_count=0
Time: 83214 ns  Iteration: 0  Process: /tb_AI_TRIGGER_TOP/dut/u_DUT/\gen_lanes(1)\/u_LANE/line__191  File: /home/work1/Works/AI-Trigger-System/HDL/rtl/CNN_CORE_LANE.vhd
Note: LANE1 CNN output_valid score_raw=-1185 started=1
Time: 83427500 ps  Iteration: 0  Process: /tb_AI_TRIGGER_TOP/dut/u_DUT/\gen_lanes(1)\/u_LANE/line__273  File: /home/work1/Works/AI-Trigger-System/HDL/rtl/CNN_CORE_LANE.vhd
    81 | 0x003ffb5f    |     -0.578613 |     0 |    0 |      1.010
Note: DIST chunk_start seq=82 lane=2 busy='0'
Time: 83470 ns  Iteration: 0  Process: /tb_AI_TRIGGER_TOP/dut/u_DUT/u_DIST/line__134  File: /home/work1/Works/AI-Trigger-System/HDL/rtl/ADC_CHUNK_DISTRIBUTOR.vhd
Note: LANE2 ADC chunk_accept count=1 fifo_full='0'
Time: 83470 ns  Iteration: 0  Process: /tb_AI_TRIGGER_TOP/dut/u_DUT/\gen_lanes(2)\/u_LANE/line__191  File: /home/work1/Works/AI-Trigger-System/HDL/rtl/CNN_CORE_LANE.vhd
Note: LANE2 started_next=1 fifo_empty='0' fifo_data_valid='1' ready='0' idle='1'
Time: 83507500 ps  Iteration: 0  Process: /tb_AI_TRIGGER_TOP/dut/u_DUT/\gen_lanes(2)\/u_LANE/line__273  File: /home/work1/Works/AI-Trigger-System/HDL/rtl/CNN_CORE_LANE.vhd
Note: LANE2 started=1 fifo_empty='0' fifo_data_valid='1' ready='0'
Time: 84217500 ps  Iteration: 0  Process: /tb_AI_TRIGGER_TOP/dut/u_DUT/\gen_lanes(2)\/u_LANE/line__273  File: /home/work1/Works/AI-Trigger-System/HDL/rtl/CNN_CORE_LANE.vhd
Note: LANE2 ADC busy_clear stream_done_seen='1' wr_count=0
Time: 84226 ns  Iteration: 0  Process: /tb_AI_TRIGGER_TOP/dut/u_DUT/\gen_lanes(2)\/u_LANE/line__191  File: /home/work1/Works/AI-Trigger-System/HDL/rtl/CNN_CORE_LANE.vhd
Note: LANE2 CNN output_valid score_raw=-1211 started=1
Time: 84442500 ps  Iteration: 0  Process: /tb_AI_TRIGGER_TOP/dut/u_DUT/\gen_lanes(2)\/u_LANE/line__273  File: /home/work1/Works/AI-Trigger-System/HDL/rtl/CNN_CORE_LANE.vhd
    82 | 0x003ffb45    |     -0.591309 |     0 |    0 |      1.015
Note: DIST chunk_start seq=83 lane=3 busy='0'
Time: 84486 ns  Iteration: 0  Process: /tb_AI_TRIGGER_TOP/dut/u_DUT/u_DIST/line__134  File: /home/work1/Works/AI-Trigger-System/HDL/rtl/ADC_CHUNK_DISTRIBUTOR.vhd
Note: LANE3 ADC chunk_accept count=1 fifo_full='0'
Time: 84486 ns  Iteration: 0  Process: /tb_AI_TRIGGER_TOP/dut/u_DUT/\gen_lanes(3)\/u_LANE/line__191  File: /home/work1/Works/AI-Trigger-System/HDL/rtl/CNN_CORE_LANE.vhd
Note: LANE3 started_next=1 fifo_empty='0' fifo_data_valid='1' ready='0' idle='1'
Time: 84522500 ps  Iteration: 0  Process: /tb_AI_TRIGGER_TOP/dut/u_DUT/\gen_lanes(3)\/u_LANE/line__273  File: /home/work1/Works/AI-Trigger-System/HDL/rtl/CNN_CORE_LANE.vhd
Note: LANE3 started=1 fifo_empty='0' fifo_data_valid='1' ready='0'
Time: 85232500 ps  Iteration: 0  Process: /tb_AI_TRIGGER_TOP/dut/u_DUT/\gen_lanes(3)\/u_LANE/line__273  File: /home/work1/Works/AI-Trigger-System/HDL/rtl/CNN_CORE_LANE.vhd
Note: LANE3 ADC busy_clear stream_done_seen='1' wr_count=0
Time: 85242 ns  Iteration: 0  Process: /tb_AI_TRIGGER_TOP/dut/u_DUT/\gen_lanes(3)\/u_LANE/line__191  File: /home/work1/Works/AI-Trigger-System/HDL/rtl/CNN_CORE_LANE.vhd
Note: LANE3 CNN output_valid score_raw=-1447 started=1
Time: 85457500 ps  Iteration: 0  Process: /tb_AI_TRIGGER_TOP/dut/u_DUT/\gen_lanes(3)\/u_LANE/line__273  File: /home/work1/Works/AI-Trigger-System/HDL/rtl/CNN_CORE_LANE.vhd
    83 | 0x003ffa59    |     -0.706543 |     0 |    0 |      1.015
Note: DIST chunk_start seq=84 lane=4 busy='0'
Time: 85502 ns  Iteration: 0  Process: /tb_AI_TRIGGER_TOP/dut/u_DUT/u_DIST/line__134  File: /home/work1/Works/AI-Trigger-System/HDL/rtl/ADC_CHUNK_DISTRIBUTOR.vhd
Note: LANE4 ADC chunk_accept count=1 fifo_full='0'
Time: 85502 ns  Iteration: 0  Process: /tb_AI_TRIGGER_TOP/dut/u_DUT/\gen_lanes(4)\/u_LANE/line__191  File: /home/work1/Works/AI-Trigger-System/HDL/rtl/CNN_CORE_LANE.vhd
Note: LANE4 started_next=1 fifo_empty='0' fifo_data_valid='1' ready='0' idle='1'
Time: 85537500 ps  Iteration: 0  Process: /tb_AI_TRIGGER_TOP/dut/u_DUT/\gen_lanes(4)\/u_LANE/line__273  File: /home/work1/Works/AI-Trigger-System/HDL/rtl/CNN_CORE_LANE.vhd
Note: LANE4 started=1 fifo_empty='0' fifo_data_valid='1' ready='0'
Time: 86247500 ps  Iteration: 0  Process: /tb_AI_TRIGGER_TOP/dut/u_DUT/\gen_lanes(4)\/u_LANE/line__273  File: /home/work1/Works/AI-Trigger-System/HDL/rtl/CNN_CORE_LANE.vhd
Note: LANE4 ADC busy_clear stream_done_seen='1' wr_count=0
Time: 86258 ns  Iteration: 0  Process: /tb_AI_TRIGGER_TOP/dut/u_DUT/\gen_lanes(4)\/u_LANE/line__191  File: /home/work1/Works/AI-Trigger-System/HDL/rtl/CNN_CORE_LANE.vhd
Note: LANE4 CNN output_valid score_raw=-1706 started=1
Time: 86472500 ps  Iteration: 0  Process: /tb_AI_TRIGGER_TOP/dut/u_DUT/\gen_lanes(4)\/u_LANE/line__273  File: /home/work1/Works/AI-Trigger-System/HDL/rtl/CNN_CORE_LANE.vhd
    84 | 0x003ff956    |     -0.833008 |     0 |    0 |      1.015
Note: DIST chunk_start seq=85 lane=0 busy='0'
Time: 86518 ns  Iteration: 0  Process: /tb_AI_TRIGGER_TOP/dut/u_DUT/u_DIST/line__134  File: /home/work1/Works/AI-Trigger-System/HDL/rtl/ADC_CHUNK_DISTRIBUTOR.vhd
Note: LANE0 ADC chunk_accept count=2 fifo_full='0'
Time: 86518 ns  Iteration: 0  Process: /tb_AI_TRIGGER_TOP/dut/u_DUT/\gen_lanes(0)\/u_LANE/line__191  File: /home/work1/Works/AI-Trigger-System/HDL/rtl/CNN_CORE_LANE.vhd
Note: LANE0 started_next=2 fifo_empty='0' fifo_data_valid='1' ready='0' idle='1'
Time: 86552500 ps  Iteration: 0  Process: /tb_AI_TRIGGER_TOP/dut/u_DUT/\gen_lanes(0)\/u_LANE/line__273  File: /home/work1/Works/AI-Trigger-System/HDL/rtl/CNN_CORE_LANE.vhd
Note: LANE0 started=2 fifo_empty='0' fifo_data_valid='1' ready='0'
Time: 87262500 ps  Iteration: 0  Process: /tb_AI_TRIGGER_TOP/dut/u_DUT/\gen_lanes(0)\/u_LANE/line__273  File: /home/work1/Works/AI-Trigger-System/HDL/rtl/CNN_CORE_LANE.vhd
Note: LANE0 ADC busy_clear stream_done_seen='0' wr_count=0
Time: 87274 ns  Iteration: 0  Process: /tb_AI_TRIGGER_TOP/dut/u_DUT/\gen_lanes(0)\/u_LANE/line__191  File: /home/work1/Works/AI-Trigger-System/HDL/rtl/CNN_CORE_LANE.vhd
Note: LANE0 CNN output_valid score_raw=-1598 started=2
Time: 87487500 ps  Iteration: 0  Process: /tb_AI_TRIGGER_TOP/dut/u_DUT/\gen_lanes(0)\/u_LANE/line__273  File: /home/work1/Works/AI-Trigger-System/HDL/rtl/CNN_CORE_LANE.vhd
    85 | 0x003ff9c2    |     -0.780273 |     0 |    0 |      1.010
Note: DIST chunk_start seq=86 lane=1 busy='0'
Time: 87530 ns  Iteration: 0  Process: /tb_AI_TRIGGER_TOP/dut/u_DUT/u_DIST/line__134  File: /home/work1/Works/AI-Trigger-System/HDL/rtl/ADC_CHUNK_DISTRIBUTOR.vhd
Note: LANE1 ADC chunk_accept count=2 fifo_full='0'
Time: 87530 ns  Iteration: 0  Process: /tb_AI_TRIGGER_TOP/dut/u_DUT/\gen_lanes(1)\/u_LANE/line__191  File: /home/work1/Works/AI-Trigger-System/HDL/rtl/CNN_CORE_LANE.vhd
Note: LANE1 started_next=2 fifo_empty='0' fifo_data_valid='1' ready='0' idle='1'
Time: 87567500 ps  Iteration: 0  Process: /tb_AI_TRIGGER_TOP/dut/u_DUT/\gen_lanes(1)\/u_LANE/line__273  File: /home/work1/Works/AI-Trigger-System/HDL/rtl/CNN_CORE_LANE.vhd
Note: LANE1 started=2 fifo_empty='0' fifo_data_valid='1' ready='0'
Time: 88277500 ps  Iteration: 0  Process: /tb_AI_TRIGGER_TOP/dut/u_DUT/\gen_lanes(1)\/u_LANE/line__273  File: /home/work1/Works/AI-Trigger-System/HDL/rtl/CNN_CORE_LANE.vhd
Note: LANE1 ADC busy_clear stream_done_seen='0' wr_count=0
Time: 88286 ns  Iteration: 0  Process: /tb_AI_TRIGGER_TOP/dut/u_DUT/\gen_lanes(1)\/u_LANE/line__191  File: /home/work1/Works/AI-Trigger-System/HDL/rtl/CNN_CORE_LANE.vhd
Note: LANE1 CNN output_valid score_raw=-1510 started=2
Time: 88502500 ps  Iteration: 0  Process: /tb_AI_TRIGGER_TOP/dut/u_DUT/\gen_lanes(1)\/u_LANE/line__273  File: /home/work1/Works/AI-Trigger-System/HDL/rtl/CNN_CORE_LANE.vhd
    86 | 0x003ffa1a    |     -0.737305 |     0 |    0 |      1.015
Note: DIST chunk_start seq=87 lane=2 busy='0'
Time: 88546 ns  Iteration: 0  Process: /tb_AI_TRIGGER_TOP/dut/u_DUT/u_DIST/line__134  File: /home/work1/Works/AI-Trigger-System/HDL/rtl/ADC_CHUNK_DISTRIBUTOR.vhd
Note: LANE2 ADC chunk_accept count=2 fifo_full='0'
Time: 88546 ns  Iteration: 0  Process: /tb_AI_TRIGGER_TOP/dut/u_DUT/\gen_lanes(2)\/u_LANE/line__191  File: /home/work1/Works/AI-Trigger-System/HDL/rtl/CNN_CORE_LANE.vhd
Note: LANE2 started_next=2 fifo_empty='0' fifo_data_valid='1' ready='0' idle='1'
Time: 88582500 ps  Iteration: 0  Process: /tb_AI_TRIGGER_TOP/dut/u_DUT/\gen_lanes(2)\/u_LANE/line__273  File: /home/work1/Works/AI-Trigger-System/HDL/rtl/CNN_CORE_LANE.vhd
Note: LANE2 started=2 fifo_empty='0' fifo_data_valid='1' ready='0'
Time: 89292500 ps  Iteration: 0  Process: /tb_AI_TRIGGER_TOP/dut/u_DUT/\gen_lanes(2)\/u_LANE/line__273  File: /home/work1/Works/AI-Trigger-System/HDL/rtl/CNN_CORE_LANE.vhd
Note: LANE2 ADC busy_clear stream_done_seen='0' wr_count=0
Time: 89302 ns  Iteration: 0  Process: /tb_AI_TRIGGER_TOP/dut/u_DUT/\gen_lanes(2)\/u_LANE/line__191  File: /home/work1/Works/AI-Trigger-System/HDL/rtl/CNN_CORE_LANE.vhd
Note: LANE2 CNN output_valid score_raw=-1384 started=2
Time: 89517500 ps  Iteration: 0  Process: /tb_AI_TRIGGER_TOP/dut/u_DUT/\gen_lanes(2)\/u_LANE/line__273  File: /home/work1/Works/AI-Trigger-System/HDL/rtl/CNN_CORE_LANE.vhd
    87 | 0x003ffa98    |     -0.675781 |     0 |    0 |      1.015
Note: DIST chunk_start seq=88 lane=3 busy='0'
Time: 89562 ns  Iteration: 0  Process: /tb_AI_TRIGGER_TOP/dut/u_DUT/u_DIST/line__134  File: /home/work1/Works/AI-Trigger-System/HDL/rtl/ADC_CHUNK_DISTRIBUTOR.vhd
Note: LANE3 ADC chunk_accept count=2 fifo_full='0'
Time: 89562 ns  Iteration: 0  Process: /tb_AI_TRIGGER_TOP/dut/u_DUT/\gen_lanes(3)\/u_LANE/line__191  File: /home/work1/Works/AI-Trigger-System/HDL/rtl/CNN_CORE_LANE.vhd
Note: LANE3 started_next=2 fifo_empty='0' fifo_data_valid='1' ready='0' idle='1'
Time: 89597500 ps  Iteration: 0  Process: /tb_AI_TRIGGER_TOP/dut/u_DUT/\gen_lanes(3)\/u_LANE/line__273  File: /home/work1/Works/AI-Trigger-System/HDL/rtl/CNN_CORE_LANE.vhd
Note: LANE3 started=2 fifo_empty='0' fifo_data_valid='1' ready='0'
Time: 90307500 ps  Iteration: 0  Process: /tb_AI_TRIGGER_TOP/dut/u_DUT/\gen_lanes(3)\/u_LANE/line__273  File: /home/work1/Works/AI-Trigger-System/HDL/rtl/CNN_CORE_LANE.vhd
Note: LANE3 ADC busy_clear stream_done_seen='0' wr_count=0
Time: 90318 ns  Iteration: 0  Process: /tb_AI_TRIGGER_TOP/dut/u_DUT/\gen_lanes(3)\/u_LANE/line__191  File: /home/work1/Works/AI-Trigger-System/HDL/rtl/CNN_CORE_LANE.vhd
Note: LANE3 CNN output_valid score_raw=-1666 started=2
Time: 90532500 ps  Iteration: 0  Process: /tb_AI_TRIGGER_TOP/dut/u_DUT/\gen_lanes(3)\/u_LANE/line__273  File: /home/work1/Works/AI-Trigger-System/HDL/rtl/CNN_CORE_LANE.vhd
    88 | 0x003ff97e    |     -0.813477 |     0 |    0 |      1.015
Note: DIST chunk_start seq=89 lane=4 busy='0'
Time: 90578 ns  Iteration: 0  Process: /tb_AI_TRIGGER_TOP/dut/u_DUT/u_DIST/line__134  File: /home/work1/Works/AI-Trigger-System/HDL/rtl/ADC_CHUNK_DISTRIBUTOR.vhd
Note: LANE4 ADC chunk_accept count=2 fifo_full='0'
Time: 90578 ns  Iteration: 0  Process: /tb_AI_TRIGGER_TOP/dut/u_DUT/\gen_lanes(4)\/u_LANE/line__191  File: /home/work1/Works/AI-Trigger-System/HDL/rtl/CNN_CORE_LANE.vhd
Note: LANE4 started_next=2 fifo_empty='0' fifo_data_valid='1' ready='0' idle='1'
Time: 90612500 ps  Iteration: 0  Process: /tb_AI_TRIGGER_TOP/dut/u_DUT/\gen_lanes(4)\/u_LANE/line__273  File: /home/work1/Works/AI-Trigger-System/HDL/rtl/CNN_CORE_LANE.vhd
Note: LANE4 started=2 fifo_empty='0' fifo_data_valid='1' ready='0'
Time: 91322500 ps  Iteration: 0  Process: /tb_AI_TRIGGER_TOP/dut/u_DUT/\gen_lanes(4)\/u_LANE/line__273  File: /home/work1/Works/AI-Trigger-System/HDL/rtl/CNN_CORE_LANE.vhd
Note: LANE4 ADC busy_clear stream_done_seen='0' wr_count=0
Time: 91334 ns  Iteration: 0  Process: /tb_AI_TRIGGER_TOP/dut/u_DUT/\gen_lanes(4)\/u_LANE/line__191  File: /home/work1/Works/AI-Trigger-System/HDL/rtl/CNN_CORE_LANE.vhd
Note: LANE4 CNN output_valid score_raw=-1918 started=2
Time: 91547500 ps  Iteration: 0  Process: /tb_AI_TRIGGER_TOP/dut/u_DUT/\gen_lanes(4)\/u_LANE/line__273  File: /home/work1/Works/AI-Trigger-System/HDL/rtl/CNN_CORE_LANE.vhd
    89 | 0x003ff882    |     -0.936523 |     0 |    0 |      1.010
Note: DIST chunk_start seq=90 lane=0 busy='0'
Time: 91590 ns  Iteration: 0  Process: /tb_AI_TRIGGER_TOP/dut/u_DUT/u_DIST/line__134  File: /home/work1/Works/AI-Trigger-System/HDL/rtl/ADC_CHUNK_DISTRIBUTOR.vhd
Note: LANE0 ADC chunk_accept count=3 fifo_full='0'
Time: 91590 ns  Iteration: 0  Process: /tb_AI_TRIGGER_TOP/dut/u_DUT/\gen_lanes(0)\/u_LANE/line__191  File: /home/work1/Works/AI-Trigger-System/HDL/rtl/CNN_CORE_LANE.vhd
Note: LANE0 started_next=3 fifo_empty='0' fifo_data_valid='1' ready='0' idle='1'
Time: 91627500 ps  Iteration: 0  Process: /tb_AI_TRIGGER_TOP/dut/u_DUT/\gen_lanes(0)\/u_LANE/line__273  File: /home/work1/Works/AI-Trigger-System/HDL/rtl/CNN_CORE_LANE.vhd
Note: LANE0 started=3 fifo_empty='0' fifo_data_valid='1' ready='0'
Time: 92337500 ps  Iteration: 0  Process: /tb_AI_TRIGGER_TOP/dut/u_DUT/\gen_lanes(0)\/u_LANE/line__273  File: /home/work1/Works/AI-Trigger-System/HDL/rtl/CNN_CORE_LANE.vhd
Note: LANE0 ADC busy_clear stream_done_seen='1' wr_count=0
Time: 92346 ns  Iteration: 0  Process: /tb_AI_TRIGGER_TOP/dut/u_DUT/\gen_lanes(0)\/u_LANE/line__191  File: /home/work1/Works/AI-Trigger-System/HDL/rtl/CNN_CORE_LANE.vhd
Note: LANE0 CNN output_valid score_raw=-1884 started=3
Time: 92562500 ps  Iteration: 0  Process: /tb_AI_TRIGGER_TOP/dut/u_DUT/\gen_lanes(0)\/u_LANE/line__273  File: /home/work1/Works/AI-Trigger-System/HDL/rtl/CNN_CORE_LANE.vhd
    90 | 0x003ff8a4    |     -0.919922 |     0 |    0 |      1.015
Note: DIST chunk_start seq=91 lane=1 busy='0'
Time: 92606 ns  Iteration: 0  Process: /tb_AI_TRIGGER_TOP/dut/u_DUT/u_DIST/line__134  File: /home/work1/Works/AI-Trigger-System/HDL/rtl/ADC_CHUNK_DISTRIBUTOR.vhd
Note: LANE1 ADC chunk_accept count=3 fifo_full='0'
Time: 92606 ns  Iteration: 0  Process: /tb_AI_TRIGGER_TOP/dut/u_DUT/\gen_lanes(1)\/u_LANE/line__191  File: /home/work1/Works/AI-Trigger-System/HDL/rtl/CNN_CORE_LANE.vhd
Note: LANE1 started_next=3 fifo_empty='0' fifo_data_valid='1' ready='0' idle='1'
Time: 92642500 ps  Iteration: 0  Process: /tb_AI_TRIGGER_TOP/dut/u_DUT/\gen_lanes(1)\/u_LANE/line__273  File: /home/work1/Works/AI-Trigger-System/HDL/rtl/CNN_CORE_LANE.vhd
Note: LANE1 started=3 fifo_empty='0' fifo_data_valid='1' ready='0'
Time: 93352500 ps  Iteration: 0  Process: /tb_AI_TRIGGER_TOP/dut/u_DUT/\gen_lanes(1)\/u_LANE/line__273  File: /home/work1/Works/AI-Trigger-System/HDL/rtl/CNN_CORE_LANE.vhd
Note: LANE1 ADC busy_clear stream_done_seen='1' wr_count=0
Time: 93362 ns  Iteration: 0  Process: /tb_AI_TRIGGER_TOP/dut/u_DUT/\gen_lanes(1)\/u_LANE/line__191  File: /home/work1/Works/AI-Trigger-System/HDL/rtl/CNN_CORE_LANE.vhd
Note: LANE1 CNN output_valid score_raw=-2076 started=3
Time: 93577500 ps  Iteration: 0  Process: /tb_AI_TRIGGER_TOP/dut/u_DUT/\gen_lanes(1)\/u_LANE/line__273  File: /home/work1/Works/AI-Trigger-System/HDL/rtl/CNN_CORE_LANE.vhd
    91 | 0x003ff7e4    |     -1.013672 |     0 |    0 |      1.015
Note: DIST chunk_start seq=92 lane=2 busy='0'
Time: 93622 ns  Iteration: 0  Process: /tb_AI_TRIGGER_TOP/dut/u_DUT/u_DIST/line__134  File: /home/work1/Works/AI-Trigger-System/HDL/rtl/ADC_CHUNK_DISTRIBUTOR.vhd
Note: LANE2 ADC chunk_accept count=3 fifo_full='0'
Time: 93622 ns  Iteration: 0  Process: /tb_AI_TRIGGER_TOP/dut/u_DUT/\gen_lanes(2)\/u_LANE/line__191  File: /home/work1/Works/AI-Trigger-System/HDL/rtl/CNN_CORE_LANE.vhd
Note: LANE2 started_next=3 fifo_empty='0' fifo_data_valid='1' ready='0' idle='1'
Time: 93657500 ps  Iteration: 0  Process: /tb_AI_TRIGGER_TOP/dut/u_DUT/\gen_lanes(2)\/u_LANE/line__273  File: /home/work1/Works/AI-Trigger-System/HDL/rtl/CNN_CORE_LANE.vhd
Note: LANE2 started=3 fifo_empty='0' fifo_data_valid='1' ready='0'
Time: 94367500 ps  Iteration: 0  Process: /tb_AI_TRIGGER_TOP/dut/u_DUT/\gen_lanes(2)\/u_LANE/line__273  File: /home/work1/Works/AI-Trigger-System/HDL/rtl/CNN_CORE_LANE.vhd
Note: LANE2 ADC busy_clear stream_done_seen='1' wr_count=0
Time: 94378 ns  Iteration: 0  Process: /tb_AI_TRIGGER_TOP/dut/u_DUT/\gen_lanes(2)\/u_LANE/line__191  File: /home/work1/Works/AI-Trigger-System/HDL/rtl/CNN_CORE_LANE.vhd
Note: LANE2 CNN output_valid score_raw=-1952 started=3
Time: 94592500 ps  Iteration: 0  Process: /tb_AI_TRIGGER_TOP/dut/u_DUT/\gen_lanes(2)\/u_LANE/line__273  File: /home/work1/Works/AI-Trigger-System/HDL/rtl/CNN_CORE_LANE.vhd
    92 | 0x003ff860    |     -0.953125 |     0 |    0 |      1.015
Note: DIST chunk_start seq=93 lane=3 busy='0'
Time: 94638 ns  Iteration: 0  Process: /tb_AI_TRIGGER_TOP/dut/u_DUT/u_DIST/line__134  File: /home/work1/Works/AI-Trigger-System/HDL/rtl/ADC_CHUNK_DISTRIBUTOR.vhd
Note: LANE3 ADC chunk_accept count=3 fifo_full='0'
Time: 94638 ns  Iteration: 0  Process: /tb_AI_TRIGGER_TOP/dut/u_DUT/\gen_lanes(3)\/u_LANE/line__191  File: /home/work1/Works/AI-Trigger-System/HDL/rtl/CNN_CORE_LANE.vhd
Note: LANE3 started_next=3 fifo_empty='0' fifo_data_valid='1' ready='0' idle='1'
Time: 94672500 ps  Iteration: 0  Process: /tb_AI_TRIGGER_TOP/dut/u_DUT/\gen_lanes(3)\/u_LANE/line__273  File: /home/work1/Works/AI-Trigger-System/HDL/rtl/CNN_CORE_LANE.vhd
Note: LANE3 started=3 fifo_empty='0' fifo_data_valid='1' ready='0'
Time: 95382500 ps  Iteration: 0  Process: /tb_AI_TRIGGER_TOP/dut/u_DUT/\gen_lanes(3)\/u_LANE/line__273  File: /home/work1/Works/AI-Trigger-System/HDL/rtl/CNN_CORE_LANE.vhd
Note: LANE3 ADC busy_clear stream_done_seen='1' wr_count=0
Time: 95394 ns  Iteration: 0  Process: /tb_AI_TRIGGER_TOP/dut/u_DUT/\gen_lanes(3)\/u_LANE/line__191  File: /home/work1/Works/AI-Trigger-System/HDL/rtl/CNN_CORE_LANE.vhd
Note: LANE3 CNN output_valid score_raw=-1890 started=3
Time: 95607500 ps  Iteration: 0  Process: /tb_AI_TRIGGER_TOP/dut/u_DUT/\gen_lanes(3)\/u_LANE/line__273  File: /home/work1/Works/AI-Trigger-System/HDL/rtl/CNN_CORE_LANE.vhd
    93 | 0x003ff89e    |     -0.922852 |     0 |    0 |      1.010
Note: DIST chunk_start seq=94 lane=4 busy='0'
Time: 95650 ns  Iteration: 0  Process: /tb_AI_TRIGGER_TOP/dut/u_DUT/u_DIST/line__134  File: /home/work1/Works/AI-Trigger-System/HDL/rtl/ADC_CHUNK_DISTRIBUTOR.vhd
Note: LANE4 ADC chunk_accept count=3 fifo_full='0'
Time: 95650 ns  Iteration: 0  Process: /tb_AI_TRIGGER_TOP/dut/u_DUT/\gen_lanes(4)\/u_LANE/line__191  File: /home/work1/Works/AI-Trigger-System/HDL/rtl/CNN_CORE_LANE.vhd
Note: LANE4 started_next=3 fifo_empty='0' fifo_data_valid='1' ready='0' idle='1'
Time: 95687500 ps  Iteration: 0  Process: /tb_AI_TRIGGER_TOP/dut/u_DUT/\gen_lanes(4)\/u_LANE/line__273  File: /home/work1/Works/AI-Trigger-System/HDL/rtl/CNN_CORE_LANE.vhd
Note: LANE4 started=3 fifo_empty='0' fifo_data_valid='1' ready='0'
Time: 96397500 ps  Iteration: 0  Process: /tb_AI_TRIGGER_TOP/dut/u_DUT/\gen_lanes(4)\/u_LANE/line__273  File: /home/work1/Works/AI-Trigger-System/HDL/rtl/CNN_CORE_LANE.vhd
Note: LANE4 ADC busy_clear stream_done_seen='1' wr_count=0
Time: 96406 ns  Iteration: 0  Process: /tb_AI_TRIGGER_TOP/dut/u_DUT/\gen_lanes(4)\/u_LANE/line__191  File: /home/work1/Works/AI-Trigger-System/HDL/rtl/CNN_CORE_LANE.vhd
Note: LANE4 CNN output_valid score_raw=-2094 started=3
Time: 96622500 ps  Iteration: 0  Process: /tb_AI_TRIGGER_TOP/dut/u_DUT/\gen_lanes(4)\/u_LANE/line__273  File: /home/work1/Works/AI-Trigger-System/HDL/rtl/CNN_CORE_LANE.vhd
    94 | 0x003ff7d2    |     -1.022461 |     0 |    0 |      1.015
Note: DIST chunk_start seq=95 lane=0 busy='0'
Time: 96666 ns  Iteration: 0  Process: /tb_AI_TRIGGER_TOP/dut/u_DUT/u_DIST/line__134  File: /home/work1/Works/AI-Trigger-System/HDL/rtl/ADC_CHUNK_DISTRIBUTOR.vhd
Note: LANE0 ADC chunk_accept count=4 fifo_full='0'
Time: 96666 ns  Iteration: 0  Process: /tb_AI_TRIGGER_TOP/dut/u_DUT/\gen_lanes(0)\/u_LANE/line__191  File: /home/work1/Works/AI-Trigger-System/HDL/rtl/CNN_CORE_LANE.vhd
Note: LANE0 started_next=4 fifo_empty='0' fifo_data_valid='1' ready='0' idle='1'
Time: 96702500 ps  Iteration: 0  Process: /tb_AI_TRIGGER_TOP/dut/u_DUT/\gen_lanes(0)\/u_LANE/line__273  File: /home/work1/Works/AI-Trigger-System/HDL/rtl/CNN_CORE_LANE.vhd
Note: LANE0 started=4 fifo_empty='0' fifo_data_valid='1' ready='0'
Time: 97412500 ps  Iteration: 0  Process: /tb_AI_TRIGGER_TOP/dut/u_DUT/\gen_lanes(0)\/u_LANE/line__273  File: /home/work1/Works/AI-Trigger-System/HDL/rtl/CNN_CORE_LANE.vhd
Note: LANE0 ADC busy_clear stream_done_seen='0' wr_count=0
Time: 97422 ns  Iteration: 0  Process: /tb_AI_TRIGGER_TOP/dut/u_DUT/\gen_lanes(0)\/u_LANE/line__191  File: /home/work1/Works/AI-Trigger-System/HDL/rtl/CNN_CORE_LANE.vhd
Note: LANE0 CNN output_valid score_raw=-2108 started=4
Time: 97637500 ps  Iteration: 0  Process: /tb_AI_TRIGGER_TOP/dut/u_DUT/\gen_lanes(0)\/u_LANE/line__273  File: /home/work1/Works/AI-Trigger-System/HDL/rtl/CNN_CORE_LANE.vhd
    95 | 0x003ff7c4    |     -1.029297 |     0 |    0 |      1.015
Note: DIST chunk_start seq=96 lane=1 busy='0'
Time: 97682 ns  Iteration: 0  Process: /tb_AI_TRIGGER_TOP/dut/u_DUT/u_DIST/line__134  File: /home/work1/Works/AI-Trigger-System/HDL/rtl/ADC_CHUNK_DISTRIBUTOR.vhd
Note: LANE1 ADC chunk_accept count=4 fifo_full='0'
Time: 97682 ns  Iteration: 0  Process: /tb_AI_TRIGGER_TOP/dut/u_DUT/\gen_lanes(1)\/u_LANE/line__191  File: /home/work1/Works/AI-Trigger-System/HDL/rtl/CNN_CORE_LANE.vhd
Note: LANE1 started_next=4 fifo_empty='0' fifo_data_valid='1' ready='0' idle='1'
Time: 97717500 ps  Iteration: 0  Process: /tb_AI_TRIGGER_TOP/dut/u_DUT/\gen_lanes(1)\/u_LANE/line__273  File: /home/work1/Works/AI-Trigger-System/HDL/rtl/CNN_CORE_LANE.vhd
Note: LANE1 started=4 fifo_empty='0' fifo_data_valid='1' ready='0'
Time: 98427500 ps  Iteration: 0  Process: /tb_AI_TRIGGER_TOP/dut/u_DUT/\gen_lanes(1)\/u_LANE/line__273  File: /home/work1/Works/AI-Trigger-System/HDL/rtl/CNN_CORE_LANE.vhd
Note: LANE1 ADC busy_clear stream_done_seen='0' wr_count=0
Time: 98438 ns  Iteration: 0  Process: /tb_AI_TRIGGER_TOP/dut/u_DUT/\gen_lanes(1)\/u_LANE/line__191  File: /home/work1/Works/AI-Trigger-System/HDL/rtl/CNN_CORE_LANE.vhd
Note: LANE1 CNN output_valid score_raw=-2196 started=4
Time: 98652500 ps  Iteration: 0  Process: /tb_AI_TRIGGER_TOP/dut/u_DUT/\gen_lanes(1)\/u_LANE/line__273  File: /home/work1/Works/AI-Trigger-System/HDL/rtl/CNN_CORE_LANE.vhd
    96 | 0x003ff76c    |     -1.072266 |     0 |    0 |      1.015
Note: DIST chunk_start seq=97 lane=2 busy='0'
Time: 98698 ns  Iteration: 0  Process: /tb_AI_TRIGGER_TOP/dut/u_DUT/u_DIST/line__134  File: /home/work1/Works/AI-Trigger-System/HDL/rtl/ADC_CHUNK_DISTRIBUTOR.vhd
Note: LANE2 ADC chunk_accept count=4 fifo_full='0'
Time: 98698 ns  Iteration: 0  Process: /tb_AI_TRIGGER_TOP/dut/u_DUT/\gen_lanes(2)\/u_LANE/line__191  File: /home/work1/Works/AI-Trigger-System/HDL/rtl/CNN_CORE_LANE.vhd
Note: LANE2 started_next=4 fifo_empty='0' fifo_data_valid='1' ready='0' idle='1'
Time: 98732500 ps  Iteration: 0  Process: /tb_AI_TRIGGER_TOP/dut/u_DUT/\gen_lanes(2)\/u_LANE/line__273  File: /home/work1/Works/AI-Trigger-System/HDL/rtl/CNN_CORE_LANE.vhd
Note: LANE2 started=4 fifo_empty='0' fifo_data_valid='1' ready='0'
Time: 99442500 ps  Iteration: 0  Process: /tb_AI_TRIGGER_TOP/dut/u_DUT/\gen_lanes(2)\/u_LANE/line__273  File: /home/work1/Works/AI-Trigger-System/HDL/rtl/CNN_CORE_LANE.vhd
Note: LANE2 ADC busy_clear stream_done_seen='0' wr_count=0
Time: 99454 ns  Iteration: 0  Process: /tb_AI_TRIGGER_TOP/dut/u_DUT/\gen_lanes(2)\/u_LANE/line__191  File: /home/work1/Works/AI-Trigger-System/HDL/rtl/CNN_CORE_LANE.vhd
Note: LANE2 CNN output_valid score_raw=-2188 started=4
Time: 99667500 ps  Iteration: 0  Process: /tb_AI_TRIGGER_TOP/dut/u_DUT/\gen_lanes(2)\/u_LANE/line__273  File: /home/work1/Works/AI-Trigger-System/HDL/rtl/CNN_CORE_LANE.vhd
    97 | 0x003ff774    |     -1.068359 |     0 |    0 |      1.010
Note: DIST chunk_start seq=98 lane=3 busy='0'
Time: 99710 ns  Iteration: 0  Process: /tb_AI_TRIGGER_TOP/dut/u_DUT/u_DIST/line__134  File: /home/work1/Works/AI-Trigger-System/HDL/rtl/ADC_CHUNK_DISTRIBUTOR.vhd
Note: LANE3 ADC chunk_accept count=4 fifo_full='0'
Time: 99710 ns  Iteration: 0  Process: /tb_AI_TRIGGER_TOP/dut/u_DUT/\gen_lanes(3)\/u_LANE/line__191  File: /home/work1/Works/AI-Trigger-System/HDL/rtl/CNN_CORE_LANE.vhd
Note: LANE3 started_next=4 fifo_empty='0' fifo_data_valid='1' ready='0' idle='1'
Time: 99747500 ps  Iteration: 0  Process: /tb_AI_TRIGGER_TOP/dut/u_DUT/\gen_lanes(3)\/u_LANE/line__273  File: /home/work1/Works/AI-Trigger-System/HDL/rtl/CNN_CORE_LANE.vhd
Note: LANE3 started=4 fifo_empty='0' fifo_data_valid='1' ready='0'
Time: 100457500 ps  Iteration: 0  Process: /tb_AI_TRIGGER_TOP/dut/u_DUT/\gen_lanes(3)\/u_LANE/line__273  File: /home/work1/Works/AI-Trigger-System/HDL/rtl/CNN_CORE_LANE.vhd
Note: LANE3 ADC busy_clear stream_done_seen='0' wr_count=0
Time: 100466 ns  Iteration: 0  Process: /tb_AI_TRIGGER_TOP/dut/u_DUT/\gen_lanes(3)\/u_LANE/line__191  File: /home/work1/Works/AI-Trigger-System/HDL/rtl/CNN_CORE_LANE.vhd
Note: LANE3 CNN output_valid score_raw=-1956 started=4
Time: 100682500 ps  Iteration: 0  Process: /tb_AI_TRIGGER_TOP/dut/u_DUT/\gen_lanes(3)\/u_LANE/line__273  File: /home/work1/Works/AI-Trigger-System/HDL/rtl/CNN_CORE_LANE.vhd
    98 | 0x003ff85c    |     -0.955078 |     0 |    0 |      1.015
Note: DIST chunk_start seq=99 lane=4 busy='0'
Time: 100726 ns  Iteration: 0  Process: /tb_AI_TRIGGER_TOP/dut/u_DUT/u_DIST/line__134  File: /home/work1/Works/AI-Trigger-System/HDL/rtl/ADC_CHUNK_DISTRIBUTOR.vhd
Note: LANE4 ADC chunk_accept count=4 fifo_full='0'
Time: 100726 ns  Iteration: 0  Process: /tb_AI_TRIGGER_TOP/dut/u_DUT/\gen_lanes(4)\/u_LANE/line__191  File: /home/work1/Works/AI-Trigger-System/HDL/rtl/CNN_CORE_LANE.vhd
Note: LANE4 started_next=4 fifo_empty='0' fifo_data_valid='1' ready='0' idle='1'
Time: 100762500 ps  Iteration: 0  Process: /tb_AI_TRIGGER_TOP/dut/u_DUT/\gen_lanes(4)\/u_LANE/line__273  File: /home/work1/Works/AI-Trigger-System/HDL/rtl/CNN_CORE_LANE.vhd
Note: LANE4 started=4 fifo_empty='0' fifo_data_valid='1' ready='0'
Time: 101472500 ps  Iteration: 0  Process: /tb_AI_TRIGGER_TOP/dut/u_DUT/\gen_lanes(4)\/u_LANE/line__273  File: /home/work1/Works/AI-Trigger-System/HDL/rtl/CNN_CORE_LANE.vhd
Note: LANE4 ADC busy_clear stream_done_seen='0' wr_count=0
Time: 101482 ns  Iteration: 0  Process: /tb_AI_TRIGGER_TOP/dut/u_DUT/\gen_lanes(4)\/u_LANE/line__191  File: /home/work1/Works/AI-Trigger-System/HDL/rtl/CNN_CORE_LANE.vhd
Note: LANE4 CNN output_valid score_raw=-2007 started=4
Time: 101697500 ps  Iteration: 0  Process: /tb_AI_TRIGGER_TOP/dut/u_DUT/\gen_lanes(4)\/u_LANE/line__273  File: /home/work1/Works/AI-Trigger-System/HDL/rtl/CNN_CORE_LANE.vhd
    99 | 0x003ff829    |     -0.979980 |     0 |    0 |      1.015
Note: DIST chunk_start seq=100 lane=0 busy='0'
Time: 101742 ns  Iteration: 0  Process: /tb_AI_TRIGGER_TOP/dut/u_DUT/u_DIST/line__134  File: /home/work1/Works/AI-Trigger-System/HDL/rtl/ADC_CHUNK_DISTRIBUTOR.vhd
Note: LANE0 ADC chunk_accept count=5 fifo_full='0'
Time: 101742 ns  Iteration: 0  Process: /tb_AI_TRIGGER_TOP/dut/u_DUT/\gen_lanes(0)\/u_LANE/line__191  File: /home/work1/Works/AI-Trigger-System/HDL/rtl/CNN_CORE_LANE.vhd
Note: LANE0 started_next=5 fifo_empty='0' fifo_data_valid='1' ready='0' idle='1'
Time: 101777500 ps  Iteration: 0  Process: /tb_AI_TRIGGER_TOP/dut/u_DUT/\gen_lanes(0)\/u_LANE/line__273  File: /home/work1/Works/AI-Trigger-System/HDL/rtl/CNN_CORE_LANE.vhd
Note: LANE0 started=5 fifo_empty='0' fifo_data_valid='1' ready='0'
Time: 102487500 ps  Iteration: 0  Process: /tb_AI_TRIGGER_TOP/dut/u_DUT/\gen_lanes(0)\/u_LANE/line__273  File: /home/work1/Works/AI-Trigger-System/HDL/rtl/CNN_CORE_LANE.vhd
Note: LANE0 ADC busy_clear stream_done_seen='1' wr_count=0
Time: 102498 ns  Iteration: 0  Process: /tb_AI_TRIGGER_TOP/dut/u_DUT/\gen_lanes(0)\/u_LANE/line__191  File: /home/work1/Works/AI-Trigger-System/HDL/rtl/CNN_CORE_LANE.vhd
Note: LANE0 CNN output_valid score_raw=-2150 started=5
Time: 102712500 ps  Iteration: 0  Process: /tb_AI_TRIGGER_TOP/dut/u_DUT/\gen_lanes(0)\/u_LANE/line__273  File: /home/work1/Works/AI-Trigger-System/HDL/rtl/CNN_CORE_LANE.vhd
   100 | 0x003ff79a    |     -1.049805 |     0 |    0 |      1.015
Note: DIST chunk_start seq=101 lane=1 busy='0'
Time: 102758 ns  Iteration: 0  Process: /tb_AI_TRIGGER_TOP/dut/u_DUT/u_DIST/line__134  File: /home/work1/Works/AI-Trigger-System/HDL/rtl/ADC_CHUNK_DISTRIBUTOR.vhd
Note: LANE1 ADC chunk_accept count=5 fifo_full='0'
Time: 102758 ns  Iteration: 0  Process: /tb_AI_TRIGGER_TOP/dut/u_DUT/\gen_lanes(1)\/u_LANE/line__191  File: /home/work1/Works/AI-Trigger-System/HDL/rtl/CNN_CORE_LANE.vhd
Note: LANE1 started_next=5 fifo_empty='0' fifo_data_valid='1' ready='0' idle='1'
Time: 102792500 ps  Iteration: 0  Process: /tb_AI_TRIGGER_TOP/dut/u_DUT/\gen_lanes(1)\/u_LANE/line__273  File: /home/work1/Works/AI-Trigger-System/HDL/rtl/CNN_CORE_LANE.vhd
Note: LANE1 started=5 fifo_empty='0' fifo_data_valid='1' ready='0'
Time: 103502500 ps  Iteration: 0  Process: /tb_AI_TRIGGER_TOP/dut/u_DUT/\gen_lanes(1)\/u_LANE/line__273  File: /home/work1/Works/AI-Trigger-System/HDL/rtl/CNN_CORE_LANE.vhd
Note: LANE1 ADC busy_clear stream_done_seen='1' wr_count=0
Time: 103514 ns  Iteration: 0  Process: /tb_AI_TRIGGER_TOP/dut/u_DUT/\gen_lanes(1)\/u_LANE/line__191  File: /home/work1/Works/AI-Trigger-System/HDL/rtl/CNN_CORE_LANE.vhd
Note: LANE1 CNN output_valid score_raw=-2015 started=5
Time: 103727500 ps  Iteration: 0  Process: /tb_AI_TRIGGER_TOP/dut/u_DUT/\gen_lanes(1)\/u_LANE/line__273  File: /home/work1/Works/AI-Trigger-System/HDL/rtl/CNN_CORE_LANE.vhd
   101 | 0x003ff821    |     -0.983887 |     0 |    0 |      1.010
Note: DIST chunk_start seq=102 lane=2 busy='0'
Time: 103770 ns  Iteration: 0  Process: /tb_AI_TRIGGER_TOP/dut/u_DUT/u_DIST/line__134  File: /home/work1/Works/AI-Trigger-System/HDL/rtl/ADC_CHUNK_DISTRIBUTOR.vhd
Note: LANE2 ADC chunk_accept count=5 fifo_full='0'
Time: 103770 ns  Iteration: 0  Process: /tb_AI_TRIGGER_TOP/dut/u_DUT/\gen_lanes(2)\/u_LANE/line__191  File: /home/work1/Works/AI-Trigger-System/HDL/rtl/CNN_CORE_LANE.vhd
Note: LANE2 started_next=5 fifo_empty='0' fifo_data_valid='1' ready='0' idle='1'
Time: 103807500 ps  Iteration: 0  Process: /tb_AI_TRIGGER_TOP/dut/u_DUT/\gen_lanes(2)\/u_LANE/line__273  File: /home/work1/Works/AI-Trigger-System/HDL/rtl/CNN_CORE_LANE.vhd
Note: LANE2 started=5 fifo_empty='0' fifo_data_valid='1' ready='0'
Time: 104517500 ps  Iteration: 0  Process: /tb_AI_TRIGGER_TOP/dut/u_DUT/\gen_lanes(2)\/u_LANE/line__273  File: /home/work1/Works/AI-Trigger-System/HDL/rtl/CNN_CORE_LANE.vhd
Note: LANE2 ADC busy_clear stream_done_seen='1' wr_count=0
Time: 104526 ns  Iteration: 0  Process: /tb_AI_TRIGGER_TOP/dut/u_DUT/\gen_lanes(2)\/u_LANE/line__191  File: /home/work1/Works/AI-Trigger-System/HDL/rtl/CNN_CORE_LANE.vhd
Note: LANE2 CNN output_valid score_raw=-2117 started=5
Time: 104742500 ps  Iteration: 0  Process: /tb_AI_TRIGGER_TOP/dut/u_DUT/\gen_lanes(2)\/u_LANE/line__273  File: /home/work1/Works/AI-Trigger-System/HDL/rtl/CNN_CORE_LANE.vhd
   102 | 0x003ff7bb    |     -1.033691 |     0 |    0 |      1.015
Note: DIST chunk_start seq=103 lane=3 busy='0'
Time: 104786 ns  Iteration: 0  Process: /tb_AI_TRIGGER_TOP/dut/u_DUT/u_DIST/line__134  File: /home/work1/Works/AI-Trigger-System/HDL/rtl/ADC_CHUNK_DISTRIBUTOR.vhd
Note: LANE3 ADC chunk_accept count=5 fifo_full='0'
Time: 104786 ns  Iteration: 0  Process: /tb_AI_TRIGGER_TOP/dut/u_DUT/\gen_lanes(3)\/u_LANE/line__191  File: /home/work1/Works/AI-Trigger-System/HDL/rtl/CNN_CORE_LANE.vhd
Note: LANE3 started_next=5 fifo_empty='0' fifo_data_valid='1' ready='0' idle='1'
Time: 104822500 ps  Iteration: 0  Process: /tb_AI_TRIGGER_TOP/dut/u_DUT/\gen_lanes(3)\/u_LANE/line__273  File: /home/work1/Works/AI-Trigger-System/HDL/rtl/CNN_CORE_LANE.vhd
Note: LANE3 started=5 fifo_empty='0' fifo_data_valid='1' ready='0'
Time: 105532500 ps  Iteration: 0  Process: /tb_AI_TRIGGER_TOP/dut/u_DUT/\gen_lanes(3)\/u_LANE/line__273  File: /home/work1/Works/AI-Trigger-System/HDL/rtl/CNN_CORE_LANE.vhd
Note: LANE3 ADC busy_clear stream_done_seen='1' wr_count=0
Time: 105542 ns  Iteration: 0  Process: /tb_AI_TRIGGER_TOP/dut/u_DUT/\gen_lanes(3)\/u_LANE/line__191  File: /home/work1/Works/AI-Trigger-System/HDL/rtl/CNN_CORE_LANE.vhd
Note: LANE3 CNN output_valid score_raw=-2275 started=5
Time: 105757500 ps  Iteration: 0  Process: /tb_AI_TRIGGER_TOP/dut/u_DUT/\gen_lanes(3)\/u_LANE/line__273  File: /home/work1/Works/AI-Trigger-System/HDL/rtl/CNN_CORE_LANE.vhd
   103 | 0x003ff71d    |     -1.110840 |     0 |    0 |      1.015
Note: DIST chunk_start seq=104 lane=4 busy='0'
Time: 105802 ns  Iteration: 0  Process: /tb_AI_TRIGGER_TOP/dut/u_DUT/u_DIST/line__134  File: /home/work1/Works/AI-Trigger-System/HDL/rtl/ADC_CHUNK_DISTRIBUTOR.vhd
Note: LANE4 ADC chunk_accept count=5 fifo_full='0'
Time: 105802 ns  Iteration: 0  Process: /tb_AI_TRIGGER_TOP/dut/u_DUT/\gen_lanes(4)\/u_LANE/line__191  File: /home/work1/Works/AI-Trigger-System/HDL/rtl/CNN_CORE_LANE.vhd
Note: LANE4 started_next=5 fifo_empty='0' fifo_data_valid='1' ready='0' idle='1'
Time: 105837500 ps  Iteration: 0  Process: /tb_AI_TRIGGER_TOP/dut/u_DUT/\gen_lanes(4)\/u_LANE/line__273  File: /home/work1/Works/AI-Trigger-System/HDL/rtl/CNN_CORE_LANE.vhd
Note: LANE4 started=5 fifo_empty='0' fifo_data_valid='1' ready='0'
Time: 106547500 ps  Iteration: 0  Process: /tb_AI_TRIGGER_TOP/dut/u_DUT/\gen_lanes(4)\/u_LANE/line__273  File: /home/work1/Works/AI-Trigger-System/HDL/rtl/CNN_CORE_LANE.vhd
Note: LANE4 ADC busy_clear stream_done_seen='1' wr_count=0
Time: 106558 ns  Iteration: 0  Process: /tb_AI_TRIGGER_TOP/dut/u_DUT/\gen_lanes(4)\/u_LANE/line__191  File: /home/work1/Works/AI-Trigger-System/HDL/rtl/CNN_CORE_LANE.vhd
Note: LANE4 CNN output_valid score_raw=-2501 started=5
Time: 106772500 ps  Iteration: 0  Process: /tb_AI_TRIGGER_TOP/dut/u_DUT/\gen_lanes(4)\/u_LANE/line__273  File: /home/work1/Works/AI-Trigger-System/HDL/rtl/CNN_CORE_LANE.vhd
   104 | 0x003ff63b    |     -1.221191 |     0 |    0 |      1.015
Note: DIST chunk_start seq=105 lane=0 busy='0'
Time: 106818 ns  Iteration: 0  Process: /tb_AI_TRIGGER_TOP/dut/u_DUT/u_DIST/line__134  File: /home/work1/Works/AI-Trigger-System/HDL/rtl/ADC_CHUNK_DISTRIBUTOR.vhd
Note: LANE0 ADC chunk_accept count=6 fifo_full='0'
Time: 106818 ns  Iteration: 0  Process: /tb_AI_TRIGGER_TOP/dut/u_DUT/\gen_lanes(0)\/u_LANE/line__191  File: /home/work1/Works/AI-Trigger-System/HDL/rtl/CNN_CORE_LANE.vhd
Note: LANE0 started_next=6 fifo_empty='0' fifo_data_valid='1' ready='0' idle='1'
Time: 106852500 ps  Iteration: 0  Process: /tb_AI_TRIGGER_TOP/dut/u_DUT/\gen_lanes(0)\/u_LANE/line__273  File: /home/work1/Works/AI-Trigger-System/HDL/rtl/CNN_CORE_LANE.vhd
Note: LANE0 started=6 fifo_empty='0' fifo_data_valid='1' ready='0'
Time: 107562500 ps  Iteration: 0  Process: /tb_AI_TRIGGER_TOP/dut/u_DUT/\gen_lanes(0)\/u_LANE/line__273  File: /home/work1/Works/AI-Trigger-System/HDL/rtl/CNN_CORE_LANE.vhd
Note: LANE0 ADC busy_clear stream_done_seen='0' wr_count=0
Time: 107574 ns  Iteration: 0  Process: /tb_AI_TRIGGER_TOP/dut/u_DUT/\gen_lanes(0)\/u_LANE/line__191  File: /home/work1/Works/AI-Trigger-System/HDL/rtl/CNN_CORE_LANE.vhd
Note: LANE0 CNN output_valid score_raw=-2555 started=6
Time: 107787500 ps  Iteration: 0  Process: /tb_AI_TRIGGER_TOP/dut/u_DUT/\gen_lanes(0)\/u_LANE/line__273  File: /home/work1/Works/AI-Trigger-System/HDL/rtl/CNN_CORE_LANE.vhd
   105 | 0x003ff605    |     -1.247559 |     0 |    0 |      1.010
Note: DIST chunk_start seq=106 lane=1 busy='0'
Time: 107830 ns  Iteration: 0  Process: /tb_AI_TRIGGER_TOP/dut/u_DUT/u_DIST/line__134  File: /home/work1/Works/AI-Trigger-System/HDL/rtl/ADC_CHUNK_DISTRIBUTOR.vhd
Note: LANE1 ADC chunk_accept count=6 fifo_full='0'
Time: 107830 ns  Iteration: 0  Process: /tb_AI_TRIGGER_TOP/dut/u_DUT/\gen_lanes(1)\/u_LANE/line__191  File: /home/work1/Works/AI-Trigger-System/HDL/rtl/CNN_CORE_LANE.vhd
Note: LANE1 started_next=6 fifo_empty='0' fifo_data_valid='1' ready='0' idle='1'
Time: 107867500 ps  Iteration: 0  Process: /tb_AI_TRIGGER_TOP/dut/u_DUT/\gen_lanes(1)\/u_LANE/line__273  File: /home/work1/Works/AI-Trigger-System/HDL/rtl/CNN_CORE_LANE.vhd
Note: LANE1 started=6 fifo_empty='0' fifo_data_valid='1' ready='0'
Time: 108577500 ps  Iteration: 0  Process: /tb_AI_TRIGGER_TOP/dut/u_DUT/\gen_lanes(1)\/u_LANE/line__273  File: /home/work1/Works/AI-Trigger-System/HDL/rtl/CNN_CORE_LANE.vhd
Note: LANE1 ADC busy_clear stream_done_seen='0' wr_count=0
Time: 108586 ns  Iteration: 0  Process: /tb_AI_TRIGGER_TOP/dut/u_DUT/\gen_lanes(1)\/u_LANE/line__191  File: /home/work1/Works/AI-Trigger-System/HDL/rtl/CNN_CORE_LANE.vhd
Note: LANE1 CNN output_valid score_raw=-2409 started=6
Time: 108802500 ps  Iteration: 0  Process: /tb_AI_TRIGGER_TOP/dut/u_DUT/\gen_lanes(1)\/u_LANE/line__273  File: /home/work1/Works/AI-Trigger-System/HDL/rtl/CNN_CORE_LANE.vhd
   106 | 0x003ff697    |     -1.176270 |     0 |    0 |      1.015
Note: DIST chunk_start seq=107 lane=2 busy='0'
Time: 108846 ns  Iteration: 0  Process: /tb_AI_TRIGGER_TOP/dut/u_DUT/u_DIST/line__134  File: /home/work1/Works/AI-Trigger-System/HDL/rtl/ADC_CHUNK_DISTRIBUTOR.vhd
Note: LANE2 ADC chunk_accept count=6 fifo_full='0'
Time: 108846 ns  Iteration: 0  Process: /tb_AI_TRIGGER_TOP/dut/u_DUT/\gen_lanes(2)\/u_LANE/line__191  File: /home/work1/Works/AI-Trigger-System/HDL/rtl/CNN_CORE_LANE.vhd
Note: LANE2 started_next=6 fifo_empty='0' fifo_data_valid='1' ready='0' idle='1'
Time: 108882500 ps  Iteration: 0  Process: /tb_AI_TRIGGER_TOP/dut/u_DUT/\gen_lanes(2)\/u_LANE/line__273  File: /home/work1/Works/AI-Trigger-System/HDL/rtl/CNN_CORE_LANE.vhd
Note: LANE2 started=6 fifo_empty='0' fifo_data_valid='1' ready='0'
Time: 109592500 ps  Iteration: 0  Process: /tb_AI_TRIGGER_TOP/dut/u_DUT/\gen_lanes(2)\/u_LANE/line__273  File: /home/work1/Works/AI-Trigger-System/HDL/rtl/CNN_CORE_LANE.vhd
Note: LANE2 ADC busy_clear stream_done_seen='0' wr_count=0
Time: 109602 ns  Iteration: 0  Process: /tb_AI_TRIGGER_TOP/dut/u_DUT/\gen_lanes(2)\/u_LANE/line__191  File: /home/work1/Works/AI-Trigger-System/HDL/rtl/CNN_CORE_LANE.vhd
Note: LANE2 CNN output_valid score_raw=-2118 started=6
Time: 109817500 ps  Iteration: 0  Process: /tb_AI_TRIGGER_TOP/dut/u_DUT/\gen_lanes(2)\/u_LANE/line__273  File: /home/work1/Works/AI-Trigger-System/HDL/rtl/CNN_CORE_LANE.vhd
   107 | 0x003ff7ba    |     -1.034180 |     0 |    0 |      1.015
Note: DIST chunk_start seq=108 lane=3 busy='0'
Time: 109862 ns  Iteration: 0  Process: /tb_AI_TRIGGER_TOP/dut/u_DUT/u_DIST/line__134  File: /home/work1/Works/AI-Trigger-System/HDL/rtl/ADC_CHUNK_DISTRIBUTOR.vhd
Note: LANE3 ADC chunk_accept count=6 fifo_full='0'
Time: 109862 ns  Iteration: 0  Process: /tb_AI_TRIGGER_TOP/dut/u_DUT/\gen_lanes(3)\/u_LANE/line__191  File: /home/work1/Works/AI-Trigger-System/HDL/rtl/CNN_CORE_LANE.vhd
Note: LANE3 started_next=6 fifo_empty='0' fifo_data_valid='1' ready='0' idle='1'
Time: 109897500 ps  Iteration: 0  Process: /tb_AI_TRIGGER_TOP/dut/u_DUT/\gen_lanes(3)\/u_LANE/line__273  File: /home/work1/Works/AI-Trigger-System/HDL/rtl/CNN_CORE_LANE.vhd
Note: LANE3 started=6 fifo_empty='0' fifo_data_valid='1' ready='0'
Time: 110607500 ps  Iteration: 0  Process: /tb_AI_TRIGGER_TOP/dut/u_DUT/\gen_lanes(3)\/u_LANE/line__273  File: /home/work1/Works/AI-Trigger-System/HDL/rtl/CNN_CORE_LANE.vhd
Note: LANE3 ADC busy_clear stream_done_seen='0' wr_count=0
Time: 110618 ns  Iteration: 0  Process: /tb_AI_TRIGGER_TOP/dut/u_DUT/\gen_lanes(3)\/u_LANE/line__191  File: /home/work1/Works/AI-Trigger-System/HDL/rtl/CNN_CORE_LANE.vhd
Note: LANE3 CNN output_valid score_raw=-2265 started=6
Time: 110832500 ps  Iteration: 0  Process: /tb_AI_TRIGGER_TOP/dut/u_DUT/\gen_lanes(3)\/u_LANE/line__273  File: /home/work1/Works/AI-Trigger-System/HDL/rtl/CNN_CORE_LANE.vhd
   108 | 0x003ff727    |     -1.105957 |     0 |    0 |      1.015
Note: DIST chunk_start seq=109 lane=4 busy='0'
Time: 110878 ns  Iteration: 0  Process: /tb_AI_TRIGGER_TOP/dut/u_DUT/u_DIST/line__134  File: /home/work1/Works/AI-Trigger-System/HDL/rtl/ADC_CHUNK_DISTRIBUTOR.vhd
Note: LANE4 ADC chunk_accept count=6 fifo_full='0'
Time: 110878 ns  Iteration: 0  Process: /tb_AI_TRIGGER_TOP/dut/u_DUT/\gen_lanes(4)\/u_LANE/line__191  File: /home/work1/Works/AI-Trigger-System/HDL/rtl/CNN_CORE_LANE.vhd
Note: LANE4 started_next=6 fifo_empty='0' fifo_data_valid='1' ready='0' idle='1'
Time: 110912500 ps  Iteration: 0  Process: /tb_AI_TRIGGER_TOP/dut/u_DUT/\gen_lanes(4)\/u_LANE/line__273  File: /home/work1/Works/AI-Trigger-System/HDL/rtl/CNN_CORE_LANE.vhd
Note: LANE4 started=6 fifo_empty='0' fifo_data_valid='1' ready='0'
Time: 111622500 ps  Iteration: 0  Process: /tb_AI_TRIGGER_TOP/dut/u_DUT/\gen_lanes(4)\/u_LANE/line__273  File: /home/work1/Works/AI-Trigger-System/HDL/rtl/CNN_CORE_LANE.vhd
Note: LANE4 ADC busy_clear stream_done_seen='0' wr_count=0
Time: 111634 ns  Iteration: 0  Process: /tb_AI_TRIGGER_TOP/dut/u_DUT/\gen_lanes(4)\/u_LANE/line__191  File: /home/work1/Works/AI-Trigger-System/HDL/rtl/CNN_CORE_LANE.vhd
Note: LANE4 CNN output_valid score_raw=-2171 started=6
Time: 111847500 ps  Iteration: 0  Process: /tb_AI_TRIGGER_TOP/dut/u_DUT/\gen_lanes(4)\/u_LANE/line__273  File: /home/work1/Works/AI-Trigger-System/HDL/rtl/CNN_CORE_LANE.vhd
   109 | 0x003ff785    |     -1.060059 |     0 |    0 |      1.010
Note: DIST chunk_start seq=110 lane=0 busy='0'
Time: 111890 ns  Iteration: 0  Process: /tb_AI_TRIGGER_TOP/dut/u_DUT/u_DIST/line__134  File: /home/work1/Works/AI-Trigger-System/HDL/rtl/ADC_CHUNK_DISTRIBUTOR.vhd
Note: LANE0 ADC chunk_accept count=7 fifo_full='0'
Time: 111890 ns  Iteration: 0  Process: /tb_AI_TRIGGER_TOP/dut/u_DUT/\gen_lanes(0)\/u_LANE/line__191  File: /home/work1/Works/AI-Trigger-System/HDL/rtl/CNN_CORE_LANE.vhd
Note: LANE0 started_next=7 fifo_empty='0' fifo_data_valid='1' ready='0' idle='1'
Time: 111927500 ps  Iteration: 0  Process: /tb_AI_TRIGGER_TOP/dut/u_DUT/\gen_lanes(0)\/u_LANE/line__273  File: /home/work1/Works/AI-Trigger-System/HDL/rtl/CNN_CORE_LANE.vhd
Note: LANE0 started=7 fifo_empty='0' fifo_data_valid='1' ready='0'
Time: 112637500 ps  Iteration: 0  Process: /tb_AI_TRIGGER_TOP/dut/u_DUT/\gen_lanes(0)\/u_LANE/line__273  File: /home/work1/Works/AI-Trigger-System/HDL/rtl/CNN_CORE_LANE.vhd
Note: LANE0 ADC busy_clear stream_done_seen='1' wr_count=0
Time: 112646 ns  Iteration: 0  Process: /tb_AI_TRIGGER_TOP/dut/u_DUT/\gen_lanes(0)\/u_LANE/line__191  File: /home/work1/Works/AI-Trigger-System/HDL/rtl/CNN_CORE_LANE.vhd
Note: LANE0 CNN output_valid score_raw=-2617 started=7
Time: 112862500 ps  Iteration: 0  Process: /tb_AI_TRIGGER_TOP/dut/u_DUT/\gen_lanes(0)\/u_LANE/line__273  File: /home/work1/Works/AI-Trigger-System/HDL/rtl/CNN_CORE_LANE.vhd
   110 | 0x003ff5c7    |     -1.277832 |     0 |    0 |      1.015
Note: DIST chunk_start seq=111 lane=1 busy='0'
Time: 112906 ns  Iteration: 0  Process: /tb_AI_TRIGGER_TOP/dut/u_DUT/u_DIST/line__134  File: /home/work1/Works/AI-Trigger-System/HDL/rtl/ADC_CHUNK_DISTRIBUTOR.vhd
Note: LANE1 ADC chunk_accept count=7 fifo_full='0'
Time: 112906 ns  Iteration: 0  Process: /tb_AI_TRIGGER_TOP/dut/u_DUT/\gen_lanes(1)\/u_LANE/line__191  File: /home/work1/Works/AI-Trigger-System/HDL/rtl/CNN_CORE_LANE.vhd
Note: LANE1 started_next=7 fifo_empty='0' fifo_data_valid='1' ready='0' idle='1'
Time: 112942500 ps  Iteration: 0  Process: /tb_AI_TRIGGER_TOP/dut/u_DUT/\gen_lanes(1)\/u_LANE/line__273  File: /home/work1/Works/AI-Trigger-System/HDL/rtl/CNN_CORE_LANE.vhd
Note: LANE1 started=7 fifo_empty='0' fifo_data_valid='1' ready='0'
Time: 113652500 ps  Iteration: 0  Process: /tb_AI_TRIGGER_TOP/dut/u_DUT/\gen_lanes(1)\/u_LANE/line__273  File: /home/work1/Works/AI-Trigger-System/HDL/rtl/CNN_CORE_LANE.vhd
Note: LANE1 ADC busy_clear stream_done_seen='1' wr_count=0
Time: 113662 ns  Iteration: 0  Process: /tb_AI_TRIGGER_TOP/dut/u_DUT/\gen_lanes(1)\/u_LANE/line__191  File: /home/work1/Works/AI-Trigger-System/HDL/rtl/CNN_CORE_LANE.vhd
Note: LANE1 CNN output_valid score_raw=-2788 started=7
Time: 113877500 ps  Iteration: 0  Process: /tb_AI_TRIGGER_TOP/dut/u_DUT/\gen_lanes(1)\/u_LANE/line__273  File: /home/work1/Works/AI-Trigger-System/HDL/rtl/CNN_CORE_LANE.vhd
   111 | 0x003ff51c    |     -1.361328 |     0 |    0 |      1.015
Note: DIST chunk_start seq=112 lane=2 busy='0'
Time: 113922 ns  Iteration: 0  Process: /tb_AI_TRIGGER_TOP/dut/u_DUT/u_DIST/line__134  File: /home/work1/Works/AI-Trigger-System/HDL/rtl/ADC_CHUNK_DISTRIBUTOR.vhd
Note: LANE2 ADC chunk_accept count=7 fifo_full='0'
Time: 113922 ns  Iteration: 0  Process: /tb_AI_TRIGGER_TOP/dut/u_DUT/\gen_lanes(2)\/u_LANE/line__191  File: /home/work1/Works/AI-Trigger-System/HDL/rtl/CNN_CORE_LANE.vhd
Note: LANE2 started_next=7 fifo_empty='0' fifo_data_valid='1' ready='0' idle='1'
Time: 113957500 ps  Iteration: 0  Process: /tb_AI_TRIGGER_TOP/dut/u_DUT/\gen_lanes(2)\/u_LANE/line__273  File: /home/work1/Works/AI-Trigger-System/HDL/rtl/CNN_CORE_LANE.vhd
Note: LANE2 started=7 fifo_empty='0' fifo_data_valid='1' ready='0'
Time: 114667500 ps  Iteration: 0  Process: /tb_AI_TRIGGER_TOP/dut/u_DUT/\gen_lanes(2)\/u_LANE/line__273  File: /home/work1/Works/AI-Trigger-System/HDL/rtl/CNN_CORE_LANE.vhd
Note: LANE2 ADC busy_clear stream_done_seen='1' wr_count=0
Time: 114678 ns  Iteration: 0  Process: /tb_AI_TRIGGER_TOP/dut/u_DUT/\gen_lanes(2)\/u_LANE/line__191  File: /home/work1/Works/AI-Trigger-System/HDL/rtl/CNN_CORE_LANE.vhd
Note: LANE2 CNN output_valid score_raw=-2382 started=7
Time: 114892500 ps  Iteration: 0  Process: /tb_AI_TRIGGER_TOP/dut/u_DUT/\gen_lanes(2)\/u_LANE/line__273  File: /home/work1/Works/AI-Trigger-System/HDL/rtl/CNN_CORE_LANE.vhd
   112 | 0x003ff6b2    |     -1.163086 |     0 |    0 |      1.015
Note: DIST chunk_start seq=113 lane=3 busy='0'
Time: 114938 ns  Iteration: 0  Process: /tb_AI_TRIGGER_TOP/dut/u_DUT/u_DIST/line__134  File: /home/work1/Works/AI-Trigger-System/HDL/rtl/ADC_CHUNK_DISTRIBUTOR.vhd
Note: LANE3 ADC chunk_accept count=7 fifo_full='0'
Time: 114938 ns  Iteration: 0  Process: /tb_AI_TRIGGER_TOP/dut/u_DUT/\gen_lanes(3)\/u_LANE/line__191  File: /home/work1/Works/AI-Trigger-System/HDL/rtl/CNN_CORE_LANE.vhd
Note: LANE3 started_next=7 fifo_empty='0' fifo_data_valid='1' ready='0' idle='1'
Time: 114972500 ps  Iteration: 0  Process: /tb_AI_TRIGGER_TOP/dut/u_DUT/\gen_lanes(3)\/u_LANE/line__273  File: /home/work1/Works/AI-Trigger-System/HDL/rtl/CNN_CORE_LANE.vhd
Note: LANE3 started=7 fifo_empty='0' fifo_data_valid='1' ready='0'
Time: 115682500 ps  Iteration: 0  Process: /tb_AI_TRIGGER_TOP/dut/u_DUT/\gen_lanes(3)\/u_LANE/line__273  File: /home/work1/Works/AI-Trigger-System/HDL/rtl/CNN_CORE_LANE.vhd
Note: LANE3 ADC busy_clear stream_done_seen='1' wr_count=0
Time: 115694 ns  Iteration: 0  Process: /tb_AI_TRIGGER_TOP/dut/u_DUT/\gen_lanes(3)\/u_LANE/line__191  File: /home/work1/Works/AI-Trigger-System/HDL/rtl/CNN_CORE_LANE.vhd
Note: LANE3 CNN output_valid score_raw=-2177 started=7
Time: 115907500 ps  Iteration: 0  Process: /tb_AI_TRIGGER_TOP/dut/u_DUT/\gen_lanes(3)\/u_LANE/line__273  File: /home/work1/Works/AI-Trigger-System/HDL/rtl/CNN_CORE_LANE.vhd
   113 | 0x003ff77f    |     -1.062988 |     0 |    0 |      1.010
Note: DIST chunk_start seq=114 lane=4 busy='0'
Time: 115950 ns  Iteration: 0  Process: /tb_AI_TRIGGER_TOP/dut/u_DUT/u_DIST/line__134  File: /home/work1/Works/AI-Trigger-System/HDL/rtl/ADC_CHUNK_DISTRIBUTOR.vhd
Note: LANE4 ADC chunk_accept count=7 fifo_full='0'
Time: 115950 ns  Iteration: 0  Process: /tb_AI_TRIGGER_TOP/dut/u_DUT/\gen_lanes(4)\/u_LANE/line__191  File: /home/work1/Works/AI-Trigger-System/HDL/rtl/CNN_CORE_LANE.vhd
Note: LANE4 started_next=7 fifo_empty='0' fifo_data_valid='1' ready='0' idle='1'
Time: 115987500 ps  Iteration: 0  Process: /tb_AI_TRIGGER_TOP/dut/u_DUT/\gen_lanes(4)\/u_LANE/line__273  File: /home/work1/Works/AI-Trigger-System/HDL/rtl/CNN_CORE_LANE.vhd
Note: LANE4 started=7 fifo_empty='0' fifo_data_valid='1' ready='0'
Time: 116697500 ps  Iteration: 0  Process: /tb_AI_TRIGGER_TOP/dut/u_DUT/\gen_lanes(4)\/u_LANE/line__273  File: /home/work1/Works/AI-Trigger-System/HDL/rtl/CNN_CORE_LANE.vhd
Note: LANE4 ADC busy_clear stream_done_seen='1' wr_count=0
Time: 116706 ns  Iteration: 0  Process: /tb_AI_TRIGGER_TOP/dut/u_DUT/\gen_lanes(4)\/u_LANE/line__191  File: /home/work1/Works/AI-Trigger-System/HDL/rtl/CNN_CORE_LANE.vhd
Note: LANE4 CNN output_valid score_raw=-2226 started=7
Time: 116922500 ps  Iteration: 0  Process: /tb_AI_TRIGGER_TOP/dut/u_DUT/\gen_lanes(4)\/u_LANE/line__273  File: /home/work1/Works/AI-Trigger-System/HDL/rtl/CNN_CORE_LANE.vhd
   114 | 0x003ff74e    |     -1.086914 |     0 |    0 |      1.015
Note: DIST chunk_start seq=115 lane=0 busy='0'
Time: 116966 ns  Iteration: 0  Process: /tb_AI_TRIGGER_TOP/dut/u_DUT/u_DIST/line__134  File: /home/work1/Works/AI-Trigger-System/HDL/rtl/ADC_CHUNK_DISTRIBUTOR.vhd
Note: LANE0 ADC chunk_accept count=8 fifo_full='0'
Time: 116966 ns  Iteration: 0  Process: /tb_AI_TRIGGER_TOP/dut/u_DUT/\gen_lanes(0)\/u_LANE/line__191  File: /home/work1/Works/AI-Trigger-System/HDL/rtl/CNN_CORE_LANE.vhd
Note: LANE0 started_next=8 fifo_empty='0' fifo_data_valid='1' ready='0' idle='1'
Time: 117002500 ps  Iteration: 0  Process: /tb_AI_TRIGGER_TOP/dut/u_DUT/\gen_lanes(0)\/u_LANE/line__273  File: /home/work1/Works/AI-Trigger-System/HDL/rtl/CNN_CORE_LANE.vhd
Note: LANE0 started=8 fifo_empty='0' fifo_data_valid='1' ready='0'
Time: 117712500 ps  Iteration: 0  Process: /tb_AI_TRIGGER_TOP/dut/u_DUT/\gen_lanes(0)\/u_LANE/line__273  File: /home/work1/Works/AI-Trigger-System/HDL/rtl/CNN_CORE_LANE.vhd
Note: LANE0 ADC busy_clear stream_done_seen='0' wr_count=0
Time: 117722 ns  Iteration: 0  Process: /tb_AI_TRIGGER_TOP/dut/u_DUT/\gen_lanes(0)\/u_LANE/line__191  File: /home/work1/Works/AI-Trigger-System/HDL/rtl/CNN_CORE_LANE.vhd
Note: LANE0 CNN output_valid score_raw=-2123 started=8
Time: 117937500 ps  Iteration: 0  Process: /tb_AI_TRIGGER_TOP/dut/u_DUT/\gen_lanes(0)\/u_LANE/line__273  File: /home/work1/Works/AI-Trigger-System/HDL/rtl/CNN_CORE_LANE.vhd
   115 | 0x003ff7b5    |     -1.036621 |     0 |    0 |      1.015
Note: DIST chunk_start seq=116 lane=1 busy='0'
Time: 117982 ns  Iteration: 0  Process: /tb_AI_TRIGGER_TOP/dut/u_DUT/u_DIST/line__134  File: /home/work1/Works/AI-Trigger-System/HDL/rtl/ADC_CHUNK_DISTRIBUTOR.vhd
Note: LANE1 ADC chunk_accept count=8 fifo_full='0'
Time: 117982 ns  Iteration: 0  Process: /tb_AI_TRIGGER_TOP/dut/u_DUT/\gen_lanes(1)\/u_LANE/line__191  File: /home/work1/Works/AI-Trigger-System/HDL/rtl/CNN_CORE_LANE.vhd
Note: LANE1 started_next=8 fifo_empty='0' fifo_data_valid='1' ready='0' idle='1'
Time: 118017500 ps  Iteration: 0  Process: /tb_AI_TRIGGER_TOP/dut/u_DUT/\gen_lanes(1)\/u_LANE/line__273  File: /home/work1/Works/AI-Trigger-System/HDL/rtl/CNN_CORE_LANE.vhd
Note: LANE1 started=8 fifo_empty='0' fifo_data_valid='1' ready='0'
Time: 118727500 ps  Iteration: 0  Process: /tb_AI_TRIGGER_TOP/dut/u_DUT/\gen_lanes(1)\/u_LANE/line__273  File: /home/work1/Works/AI-Trigger-System/HDL/rtl/CNN_CORE_LANE.vhd
Note: LANE1 ADC busy_clear stream_done_seen='0' wr_count=0
Time: 118738 ns  Iteration: 0  Process: /tb_AI_TRIGGER_TOP/dut/u_DUT/\gen_lanes(1)\/u_LANE/line__191  File: /home/work1/Works/AI-Trigger-System/HDL/rtl/CNN_CORE_LANE.vhd
Note: LANE1 CNN output_valid score_raw=-2753 started=8
Time: 118952500 ps  Iteration: 0  Process: /tb_AI_TRIGGER_TOP/dut/u_DUT/\gen_lanes(1)\/u_LANE/line__273  File: /home/work1/Works/AI-Trigger-System/HDL/rtl/CNN_CORE_LANE.vhd
   116 | 0x003ff53f    |     -1.344238 |     0 |    0 |      1.015
Note: DIST chunk_start seq=117 lane=2 busy='0'
Time: 118998 ns  Iteration: 0  Process: /tb_AI_TRIGGER_TOP/dut/u_DUT/u_DIST/line__134  File: /home/work1/Works/AI-Trigger-System/HDL/rtl/ADC_CHUNK_DISTRIBUTOR.vhd
Note: LANE2 ADC chunk_accept count=8 fifo_full='0'
Time: 118998 ns  Iteration: 0  Process: /tb_AI_TRIGGER_TOP/dut/u_DUT/\gen_lanes(2)\/u_LANE/line__191  File: /home/work1/Works/AI-Trigger-System/HDL/rtl/CNN_CORE_LANE.vhd
Note: LANE2 started_next=8 fifo_empty='0' fifo_data_valid='1' ready='0' idle='1'
Time: 119032500 ps  Iteration: 0  Process: /tb_AI_TRIGGER_TOP/dut/u_DUT/\gen_lanes(2)\/u_LANE/line__273  File: /home/work1/Works/AI-Trigger-System/HDL/rtl/CNN_CORE_LANE.vhd
Note: LANE2 started=8 fifo_empty='0' fifo_data_valid='1' ready='0'
Time: 119742500 ps  Iteration: 0  Process: /tb_AI_TRIGGER_TOP/dut/u_DUT/\gen_lanes(2)\/u_LANE/line__273  File: /home/work1/Works/AI-Trigger-System/HDL/rtl/CNN_CORE_LANE.vhd
Note: LANE2 ADC busy_clear stream_done_seen='0' wr_count=0
Time: 119754 ns  Iteration: 0  Process: /tb_AI_TRIGGER_TOP/dut/u_DUT/\gen_lanes(2)\/u_LANE/line__191  File: /home/work1/Works/AI-Trigger-System/HDL/rtl/CNN_CORE_LANE.vhd
Note: LANE2 CNN output_valid score_raw=-2763 started=8
Time: 119967500 ps  Iteration: 0  Process: /tb_AI_TRIGGER_TOP/dut/u_DUT/\gen_lanes(2)\/u_LANE/line__273  File: /home/work1/Works/AI-Trigger-System/HDL/rtl/CNN_CORE_LANE.vhd
   117 | 0x003ff535    |     -1.349121 |     0 |    0 |      1.010
Note: DIST chunk_start seq=118 lane=3 busy='0'
Time: 120010 ns  Iteration: 0  Process: /tb_AI_TRIGGER_TOP/dut/u_DUT/u_DIST/line__134  File: /home/work1/Works/AI-Trigger-System/HDL/rtl/ADC_CHUNK_DISTRIBUTOR.vhd
Note: LANE3 ADC chunk_accept count=8 fifo_full='0'
Time: 120010 ns  Iteration: 0  Process: /tb_AI_TRIGGER_TOP/dut/u_DUT/\gen_lanes(3)\/u_LANE/line__191  File: /home/work1/Works/AI-Trigger-System/HDL/rtl/CNN_CORE_LANE.vhd
Note: LANE3 started_next=8 fifo_empty='0' fifo_data_valid='1' ready='0' idle='1'
Time: 120047500 ps  Iteration: 0  Process: /tb_AI_TRIGGER_TOP/dut/u_DUT/\gen_lanes(3)\/u_LANE/line__273  File: /home/work1/Works/AI-Trigger-System/HDL/rtl/CNN_CORE_LANE.vhd
Note: LANE3 started=8 fifo_empty='0' fifo_data_valid='1' ready='0'
Time: 120757500 ps  Iteration: 0  Process: /tb_AI_TRIGGER_TOP/dut/u_DUT/\gen_lanes(3)\/u_LANE/line__273  File: /home/work1/Works/AI-Trigger-System/HDL/rtl/CNN_CORE_LANE.vhd
Note: LANE3 ADC busy_clear stream_done_seen='0' wr_count=0
Time: 120766 ns  Iteration: 0  Process: /tb_AI_TRIGGER_TOP/dut/u_DUT/\gen_lanes(3)\/u_LANE/line__191  File: /home/work1/Works/AI-Trigger-System/HDL/rtl/CNN_CORE_LANE.vhd
Note: LANE3 CNN output_valid score_raw=-2316 started=8
Time: 120982500 ps  Iteration: 0  Process: /tb_AI_TRIGGER_TOP/dut/u_DUT/\gen_lanes(3)\/u_LANE/line__273  File: /home/work1/Works/AI-Trigger-System/HDL/rtl/CNN_CORE_LANE.vhd
   118 | 0x003ff6f4    |     -1.130859 |     0 |    0 |      1.015
Note: DIST chunk_start seq=119 lane=4 busy='0'
Time: 121026 ns  Iteration: 0  Process: /tb_AI_TRIGGER_TOP/dut/u_DUT/u_DIST/line__134  File: /home/work1/Works/AI-Trigger-System/HDL/rtl/ADC_CHUNK_DISTRIBUTOR.vhd
Note: LANE4 ADC chunk_accept count=8 fifo_full='0'
Time: 121026 ns  Iteration: 0  Process: /tb_AI_TRIGGER_TOP/dut/u_DUT/\gen_lanes(4)\/u_LANE/line__191  File: /home/work1/Works/AI-Trigger-System/HDL/rtl/CNN_CORE_LANE.vhd
Note: LANE4 started_next=8 fifo_empty='0' fifo_data_valid='1' ready='0' idle='1'
Time: 121062500 ps  Iteration: 0  Process: /tb_AI_TRIGGER_TOP/dut/u_DUT/\gen_lanes(4)\/u_LANE/line__273  File: /home/work1/Works/AI-Trigger-System/HDL/rtl/CNN_CORE_LANE.vhd
Note: LANE4 started=8 fifo_empty='0' fifo_data_valid='1' ready='0'
Time: 121772500 ps  Iteration: 0  Process: /tb_AI_TRIGGER_TOP/dut/u_DUT/\gen_lanes(4)\/u_LANE/line__273  File: /home/work1/Works/AI-Trigger-System/HDL/rtl/CNN_CORE_LANE.vhd
Note: LANE4 ADC busy_clear stream_done_seen='0' wr_count=0
Time: 121782 ns  Iteration: 0  Process: /tb_AI_TRIGGER_TOP/dut/u_DUT/\gen_lanes(4)\/u_LANE/line__191  File: /home/work1/Works/AI-Trigger-System/HDL/rtl/CNN_CORE_LANE.vhd
Note: LANE4 CNN output_valid score_raw=-2314 started=8
Time: 121997500 ps  Iteration: 0  Process: /tb_AI_TRIGGER_TOP/dut/u_DUT/\gen_lanes(4)\/u_LANE/line__273  File: /home/work1/Works/AI-Trigger-System/HDL/rtl/CNN_CORE_LANE.vhd
   119 | 0x003ff6f6    |     -1.129883 |     0 |    0 |      1.015
Note: DIST chunk_start seq=120 lane=0 busy='0'
Time: 122042 ns  Iteration: 0  Process: /tb_AI_TRIGGER_TOP/dut/u_DUT/u_DIST/line__134  File: /home/work1/Works/AI-Trigger-System/HDL/rtl/ADC_CHUNK_DISTRIBUTOR.vhd
Note: LANE0 ADC chunk_accept count=9 fifo_full='0'
Time: 122042 ns  Iteration: 0  Process: /tb_AI_TRIGGER_TOP/dut/u_DUT/\gen_lanes(0)\/u_LANE/line__191  File: /home/work1/Works/AI-Trigger-System/HDL/rtl/CNN_CORE_LANE.vhd
Note: LANE0 started_next=9 fifo_empty='0' fifo_data_valid='1' ready='0' idle='1'
Time: 122077500 ps  Iteration: 0  Process: /tb_AI_TRIGGER_TOP/dut/u_DUT/\gen_lanes(0)\/u_LANE/line__273  File: /home/work1/Works/AI-Trigger-System/HDL/rtl/CNN_CORE_LANE.vhd
Note: LANE0 started=9 fifo_empty='0' fifo_data_valid='1' ready='0'
Time: 122787500 ps  Iteration: 0  Process: /tb_AI_TRIGGER_TOP/dut/u_DUT/\gen_lanes(0)\/u_LANE/line__273  File: /home/work1/Works/AI-Trigger-System/HDL/rtl/CNN_CORE_LANE.vhd
Note: LANE0 ADC busy_clear stream_done_seen='1' wr_count=0
Time: 122798 ns  Iteration: 0  Process: /tb_AI_TRIGGER_TOP/dut/u_DUT/\gen_lanes(0)\/u_LANE/line__191  File: /home/work1/Works/AI-Trigger-System/HDL/rtl/CNN_CORE_LANE.vhd
Note: LANE0 CNN output_valid score_raw=-2260 started=9
Time: 123012500 ps  Iteration: 0  Process: /tb_AI_TRIGGER_TOP/dut/u_DUT/\gen_lanes(0)\/u_LANE/line__273  File: /home/work1/Works/AI-Trigger-System/HDL/rtl/CNN_CORE_LANE.vhd
   120 | 0x003ff72c    |     -1.103516 |     0 |    0 |      1.015
Note: DIST chunk_start seq=121 lane=1 busy='0'
Time: 123058 ns  Iteration: 0  Process: /tb_AI_TRIGGER_TOP/dut/u_DUT/u_DIST/line__134  File: /home/work1/Works/AI-Trigger-System/HDL/rtl/ADC_CHUNK_DISTRIBUTOR.vhd
Note: LANE1 ADC chunk_accept count=9 fifo_full='0'
Time: 123058 ns  Iteration: 0  Process: /tb_AI_TRIGGER_TOP/dut/u_DUT/\gen_lanes(1)\/u_LANE/line__191  File: /home/work1/Works/AI-Trigger-System/HDL/rtl/CNN_CORE_LANE.vhd
Note: LANE1 started_next=9 fifo_empty='0' fifo_data_valid='1' ready='0' idle='1'
Time: 123092500 ps  Iteration: 0  Process: /tb_AI_TRIGGER_TOP/dut/u_DUT/\gen_lanes(1)\/u_LANE/line__273  File: /home/work1/Works/AI-Trigger-System/HDL/rtl/CNN_CORE_LANE.vhd
Note: LANE1 started=9 fifo_empty='0' fifo_data_valid='1' ready='0'
Time: 123802500 ps  Iteration: 0  Process: /tb_AI_TRIGGER_TOP/dut/u_DUT/\gen_lanes(1)\/u_LANE/line__273  File: /home/work1/Works/AI-Trigger-System/HDL/rtl/CNN_CORE_LANE.vhd
Note: LANE1 ADC busy_clear stream_done_seen='1' wr_count=0
Time: 123814 ns  Iteration: 0  Process: /tb_AI_TRIGGER_TOP/dut/u_DUT/\gen_lanes(1)\/u_LANE/line__191  File: /home/work1/Works/AI-Trigger-System/HDL/rtl/CNN_CORE_LANE.vhd
Note: LANE1 CNN output_valid score_raw=-2195 started=9
Time: 124027500 ps  Iteration: 0  Process: /tb_AI_TRIGGER_TOP/dut/u_DUT/\gen_lanes(1)\/u_LANE/line__273  File: /home/work1/Works/AI-Trigger-System/HDL/rtl/CNN_CORE_LANE.vhd
   121 | 0x003ff76d    |     -1.071777 |     0 |    0 |      1.010
Note: DIST chunk_start seq=122 lane=2 busy='0'
Time: 124070 ns  Iteration: 0  Process: /tb_AI_TRIGGER_TOP/dut/u_DUT/u_DIST/line__134  File: /home/work1/Works/AI-Trigger-System/HDL/rtl/ADC_CHUNK_DISTRIBUTOR.vhd
Note: LANE2 ADC chunk_accept count=9 fifo_full='0'
Time: 124070 ns  Iteration: 0  Process: /tb_AI_TRIGGER_TOP/dut/u_DUT/\gen_lanes(2)\/u_LANE/line__191  File: /home/work1/Works/AI-Trigger-System/HDL/rtl/CNN_CORE_LANE.vhd
Note: LANE2 started_next=9 fifo_empty='0' fifo_data_valid='1' ready='0' idle='1'
Time: 124107500 ps  Iteration: 0  Process: /tb_AI_TRIGGER_TOP/dut/u_DUT/\gen_lanes(2)\/u_LANE/line__273  File: /home/work1/Works/AI-Trigger-System/HDL/rtl/CNN_CORE_LANE.vhd
Note: LANE2 started=9 fifo_empty='0' fifo_data_valid='1' ready='0'
Time: 124817500 ps  Iteration: 0  Process: /tb_AI_TRIGGER_TOP/dut/u_DUT/\gen_lanes(2)\/u_LANE/line__273  File: /home/work1/Works/AI-Trigger-System/HDL/rtl/CNN_CORE_LANE.vhd
Note: LANE2 ADC busy_clear stream_done_seen='1' wr_count=0
Time: 124826 ns  Iteration: 0  Process: /tb_AI_TRIGGER_TOP/dut/u_DUT/\gen_lanes(2)\/u_LANE/line__191  File: /home/work1/Works/AI-Trigger-System/HDL/rtl/CNN_CORE_LANE.vhd
Note: LANE2 CNN output_valid score_raw=-2819 started=9
Time: 125042500 ps  Iteration: 0  Process: /tb_AI_TRIGGER_TOP/dut/u_DUT/\gen_lanes(2)\/u_LANE/line__273  File: /home/work1/Works/AI-Trigger-System/HDL/rtl/CNN_CORE_LANE.vhd
   122 | 0x003ff4fd    |     -1.376465 |     0 |    0 |      1.015
Note: DIST chunk_start seq=123 lane=3 busy='0'
Time: 125086 ns  Iteration: 0  Process: /tb_AI_TRIGGER_TOP/dut/u_DUT/u_DIST/line__134  File: /home/work1/Works/AI-Trigger-System/HDL/rtl/ADC_CHUNK_DISTRIBUTOR.vhd
Note: LANE3 ADC chunk_accept count=9 fifo_full='0'
Time: 125086 ns  Iteration: 0  Process: /tb_AI_TRIGGER_TOP/dut/u_DUT/\gen_lanes(3)\/u_LANE/line__191  File: /home/work1/Works/AI-Trigger-System/HDL/rtl/CNN_CORE_LANE.vhd
Note: LANE3 started_next=9 fifo_empty='0' fifo_data_valid='1' ready='0' idle='1'
Time: 125122500 ps  Iteration: 0  Process: /tb_AI_TRIGGER_TOP/dut/u_DUT/\gen_lanes(3)\/u_LANE/line__273  File: /home/work1/Works/AI-Trigger-System/HDL/rtl/CNN_CORE_LANE.vhd
Note: LANE3 started=9 fifo_empty='0' fifo_data_valid='1' ready='0'
Time: 125832500 ps  Iteration: 0  Process: /tb_AI_TRIGGER_TOP/dut/u_DUT/\gen_lanes(3)\/u_LANE/line__273  File: /home/work1/Works/AI-Trigger-System/HDL/rtl/CNN_CORE_LANE.vhd
Note: LANE3 ADC busy_clear stream_done_seen='1' wr_count=0
Time: 125842 ns  Iteration: 0  Process: /tb_AI_TRIGGER_TOP/dut/u_DUT/\gen_lanes(3)\/u_LANE/line__191  File: /home/work1/Works/AI-Trigger-System/HDL/rtl/CNN_CORE_LANE.vhd
Note: LANE3 CNN output_valid score_raw=-2780 started=9
Time: 126057500 ps  Iteration: 0  Process: /tb_AI_TRIGGER_TOP/dut/u_DUT/\gen_lanes(3)\/u_LANE/line__273  File: /home/work1/Works/AI-Trigger-System/HDL/rtl/CNN_CORE_LANE.vhd
   123 | 0x003ff524    |     -1.357422 |     0 |    0 |      1.015
Note: DIST chunk_start seq=124 lane=4 busy='0'
Time: 126102 ns  Iteration: 0  Process: /tb_AI_TRIGGER_TOP/dut/u_DUT/u_DIST/line__134  File: /home/work1/Works/AI-Trigger-System/HDL/rtl/ADC_CHUNK_DISTRIBUTOR.vhd
Note: LANE4 ADC chunk_accept count=9 fifo_full='0'
Time: 126102 ns  Iteration: 0  Process: /tb_AI_TRIGGER_TOP/dut/u_DUT/\gen_lanes(4)\/u_LANE/line__191  File: /home/work1/Works/AI-Trigger-System/HDL/rtl/CNN_CORE_LANE.vhd
Note: LANE4 started_next=9 fifo_empty='0' fifo_data_valid='1' ready='0' idle='1'
Time: 126137500 ps  Iteration: 0  Process: /tb_AI_TRIGGER_TOP/dut/u_DUT/\gen_lanes(4)\/u_LANE/line__273  File: /home/work1/Works/AI-Trigger-System/HDL/rtl/CNN_CORE_LANE.vhd
Note: LANE4 started=9 fifo_empty='0' fifo_data_valid='1' ready='0'
Time: 126847500 ps  Iteration: 0  Process: /tb_AI_TRIGGER_TOP/dut/u_DUT/\gen_lanes(4)\/u_LANE/line__273  File: /home/work1/Works/AI-Trigger-System/HDL/rtl/CNN_CORE_LANE.vhd
Note: LANE4 ADC busy_clear stream_done_seen='1' wr_count=0
Time: 126858 ns  Iteration: 0  Process: /tb_AI_TRIGGER_TOP/dut/u_DUT/\gen_lanes(4)\/u_LANE/line__191  File: /home/work1/Works/AI-Trigger-System/HDL/rtl/CNN_CORE_LANE.vhd
Note: LANE4 CNN output_valid score_raw=-2348 started=9
Time: 127072500 ps  Iteration: 0  Process: /tb_AI_TRIGGER_TOP/dut/u_DUT/\gen_lanes(4)\/u_LANE/line__273  File: /home/work1/Works/AI-Trigger-System/HDL/rtl/CNN_CORE_LANE.vhd
   124 | 0x003ff6d4    |     -1.146484 |     0 |    0 |      1.015
Note: DIST chunk_start seq=125 lane=0 busy='0'
Time: 127118 ns  Iteration: 0  Process: /tb_AI_TRIGGER_TOP/dut/u_DUT/u_DIST/line__134  File: /home/work1/Works/AI-Trigger-System/HDL/rtl/ADC_CHUNK_DISTRIBUTOR.vhd
Note: LANE0 ADC chunk_accept count=10 fifo_full='0'
Time: 127118 ns  Iteration: 0  Process: /tb_AI_TRIGGER_TOP/dut/u_DUT/\gen_lanes(0)\/u_LANE/line__191  File: /home/work1/Works/AI-Trigger-System/HDL/rtl/CNN_CORE_LANE.vhd
Note: LANE0 started_next=10 fifo_empty='0' fifo_data_valid='1' ready='0' idle='1'
Time: 127152500 ps  Iteration: 0  Process: /tb_AI_TRIGGER_TOP/dut/u_DUT/\gen_lanes(0)\/u_LANE/line__273  File: /home/work1/Works/AI-Trigger-System/HDL/rtl/CNN_CORE_LANE.vhd
Note: LANE0 started=10 fifo_empty='0' fifo_data_valid='1' ready='0'
Time: 127862500 ps  Iteration: 0  Process: /tb_AI_TRIGGER_TOP/dut/u_DUT/\gen_lanes(0)\/u_LANE/line__273  File: /home/work1/Works/AI-Trigger-System/HDL/rtl/CNN_CORE_LANE.vhd
Note: LANE0 ADC busy_clear stream_done_seen='0' wr_count=0
Time: 127874 ns  Iteration: 0  Process: /tb_AI_TRIGGER_TOP/dut/u_DUT/\gen_lanes(0)\/u_LANE/line__191  File: /home/work1/Works/AI-Trigger-System/HDL/rtl/CNN_CORE_LANE.vhd
Note: LANE0 CNN output_valid score_raw=-2435 started=10
Time: 128087500 ps  Iteration: 0  Process: /tb_AI_TRIGGER_TOP/dut/u_DUT/\gen_lanes(0)\/u_LANE/line__273  File: /home/work1/Works/AI-Trigger-System/HDL/rtl/CNN_CORE_LANE.vhd
   125 | 0x003ff67d    |     -1.188965 |     0 |    0 |      1.010
Note: DIST chunk_start seq=126 lane=1 busy='0'
Time: 128130 ns  Iteration: 0  Process: /tb_AI_TRIGGER_TOP/dut/u_DUT/u_DIST/line__134  File: /home/work1/Works/AI-Trigger-System/HDL/rtl/ADC_CHUNK_DISTRIBUTOR.vhd
Note: LANE1 ADC chunk_accept count=10 fifo_full='0'
Time: 128130 ns  Iteration: 0  Process: /tb_AI_TRIGGER_TOP/dut/u_DUT/\gen_lanes(1)\/u_LANE/line__191  File: /home/work1/Works/AI-Trigger-System/HDL/rtl/CNN_CORE_LANE.vhd
Note: LANE1 started_next=10 fifo_empty='0' fifo_data_valid='1' ready='0' idle='1'
Time: 128167500 ps  Iteration: 0  Process: /tb_AI_TRIGGER_TOP/dut/u_DUT/\gen_lanes(1)\/u_LANE/line__273  File: /home/work1/Works/AI-Trigger-System/HDL/rtl/CNN_CORE_LANE.vhd
Note: LANE1 started=10 fifo_empty='0' fifo_data_valid='1' ready='0'
Time: 128877500 ps  Iteration: 0  Process: /tb_AI_TRIGGER_TOP/dut/u_DUT/\gen_lanes(1)\/u_LANE/line__273  File: /home/work1/Works/AI-Trigger-System/HDL/rtl/CNN_CORE_LANE.vhd
Note: LANE1 ADC busy_clear stream_done_seen='0' wr_count=0
Time: 128886 ns  Iteration: 0  Process: /tb_AI_TRIGGER_TOP/dut/u_DUT/\gen_lanes(1)\/u_LANE/line__191  File: /home/work1/Works/AI-Trigger-System/HDL/rtl/CNN_CORE_LANE.vhd
Note: LANE1 CNN output_valid score_raw=-2205 started=10
Time: 129102500 ps  Iteration: 0  Process: /tb_AI_TRIGGER_TOP/dut/u_DUT/\gen_lanes(1)\/u_LANE/line__273  File: /home/work1/Works/AI-Trigger-System/HDL/rtl/CNN_CORE_LANE.vhd
   126 | 0x003ff763    |     -1.076660 |     0 |    0 |      1.015
Note: DIST chunk_start seq=127 lane=2 busy='0'
Time: 129146 ns  Iteration: 0  Process: /tb_AI_TRIGGER_TOP/dut/u_DUT/u_DIST/line__134  File: /home/work1/Works/AI-Trigger-System/HDL/rtl/ADC_CHUNK_DISTRIBUTOR.vhd
Note: LANE2 ADC chunk_accept count=10 fifo_full='0'
Time: 129146 ns  Iteration: 0  Process: /tb_AI_TRIGGER_TOP/dut/u_DUT/\gen_lanes(2)\/u_LANE/line__191  File: /home/work1/Works/AI-Trigger-System/HDL/rtl/CNN_CORE_LANE.vhd
Note: LANE2 started_next=10 fifo_empty='0' fifo_data_valid='1' ready='0' idle='1'
Time: 129182500 ps  Iteration: 0  Process: /tb_AI_TRIGGER_TOP/dut/u_DUT/\gen_lanes(2)\/u_LANE/line__273  File: /home/work1/Works/AI-Trigger-System/HDL/rtl/CNN_CORE_LANE.vhd
Note: LANE2 started=10 fifo_empty='0' fifo_data_valid='1' ready='0'
Time: 129892500 ps  Iteration: 0  Process: /tb_AI_TRIGGER_TOP/dut/u_DUT/\gen_lanes(2)\/u_LANE/line__273  File: /home/work1/Works/AI-Trigger-System/HDL/rtl/CNN_CORE_LANE.vhd
Note: LANE2 ADC busy_clear stream_done_seen='0' wr_count=0
Time: 129902 ns  Iteration: 0  Process: /tb_AI_TRIGGER_TOP/dut/u_DUT/\gen_lanes(2)\/u_LANE/line__191  File: /home/work1/Works/AI-Trigger-System/HDL/rtl/CNN_CORE_LANE.vhd
Note: LANE2 CNN output_valid score_raw=-2288 started=10
Time: 130117500 ps  Iteration: 0  Process: /tb_AI_TRIGGER_TOP/dut/u_DUT/\gen_lanes(2)\/u_LANE/line__273  File: /home/work1/Works/AI-Trigger-System/HDL/rtl/CNN_CORE_LANE.vhd
   127 | 0x003ff710    |     -1.117188 |     0 |    0 |      1.015
Note: DIST chunk_start seq=128 lane=3 busy='0'
Time: 130162 ns  Iteration: 0  Process: /tb_AI_TRIGGER_TOP/dut/u_DUT/u_DIST/line__134  File: /home/work1/Works/AI-Trigger-System/HDL/rtl/ADC_CHUNK_DISTRIBUTOR.vhd
Note: LANE3 ADC chunk_accept count=10 fifo_full='0'
Time: 130162 ns  Iteration: 0  Process: /tb_AI_TRIGGER_TOP/dut/u_DUT/\gen_lanes(3)\/u_LANE/line__191  File: /home/work1/Works/AI-Trigger-System/HDL/rtl/CNN_CORE_LANE.vhd
Note: LANE3 started_next=10 fifo_empty='0' fifo_data_valid='1' ready='0' idle='1'
Time: 130197500 ps  Iteration: 0  Process: /tb_AI_TRIGGER_TOP/dut/u_DUT/\gen_lanes(3)\/u_LANE/line__273  File: /home/work1/Works/AI-Trigger-System/HDL/rtl/CNN_CORE_LANE.vhd
Note: LANE3 started=10 fifo_empty='0' fifo_data_valid='1' ready='0'
Time: 130907500 ps  Iteration: 0  Process: /tb_AI_TRIGGER_TOP/dut/u_DUT/\gen_lanes(3)\/u_LANE/line__273  File: /home/work1/Works/AI-Trigger-System/HDL/rtl/CNN_CORE_LANE.vhd
Note: LANE3 ADC busy_clear stream_done_seen='0' wr_count=0
Time: 130918 ns  Iteration: 0  Process: /tb_AI_TRIGGER_TOP/dut/u_DUT/\gen_lanes(3)\/u_LANE/line__191  File: /home/work1/Works/AI-Trigger-System/HDL/rtl/CNN_CORE_LANE.vhd
Note: LANE3 CNN output_valid score_raw=-2622 started=10
Time: 131132500 ps  Iteration: 0  Process: /tb_AI_TRIGGER_TOP/dut/u_DUT/\gen_lanes(3)\/u_LANE/line__273  File: /home/work1/Works/AI-Trigger-System/HDL/rtl/CNN_CORE_LANE.vhd
   128 | 0x003ff5c2    |     -1.280273 |     0 |    0 |      1.015
Note: DIST chunk_start seq=129 lane=4 busy='0'
Time: 131178 ns  Iteration: 0  Process: /tb_AI_TRIGGER_TOP/dut/u_DUT/u_DIST/line__134  File: /home/work1/Works/AI-Trigger-System/HDL/rtl/ADC_CHUNK_DISTRIBUTOR.vhd
Note: LANE4 ADC chunk_accept count=10 fifo_full='0'
Time: 131178 ns  Iteration: 0  Process: /tb_AI_TRIGGER_TOP/dut/u_DUT/\gen_lanes(4)\/u_LANE/line__191  File: /home/work1/Works/AI-Trigger-System/HDL/rtl/CNN_CORE_LANE.vhd
Note: LANE4 started_next=10 fifo_empty='0' fifo_data_valid='1' ready='0' idle='1'
Time: 131212500 ps  Iteration: 0  Process: /tb_AI_TRIGGER_TOP/dut/u_DUT/\gen_lanes(4)\/u_LANE/line__273  File: /home/work1/Works/AI-Trigger-System/HDL/rtl/CNN_CORE_LANE.vhd
Note: LANE4 started=10 fifo_empty='0' fifo_data_valid='1' ready='0'
Time: 131922500 ps  Iteration: 0  Process: /tb_AI_TRIGGER_TOP/dut/u_DUT/\gen_lanes(4)\/u_LANE/line__273  File: /home/work1/Works/AI-Trigger-System/HDL/rtl/CNN_CORE_LANE.vhd
Note: LANE4 ADC busy_clear stream_done_seen='0' wr_count=0
Time: 131934 ns  Iteration: 0  Process: /tb_AI_TRIGGER_TOP/dut/u_DUT/\gen_lanes(4)\/u_LANE/line__191  File: /home/work1/Works/AI-Trigger-System/HDL/rtl/CNN_CORE_LANE.vhd
Note: LANE4 CNN output_valid score_raw=-2619 started=10
Time: 132147500 ps  Iteration: 0  Process: /tb_AI_TRIGGER_TOP/dut/u_DUT/\gen_lanes(4)\/u_LANE/line__273  File: /home/work1/Works/AI-Trigger-System/HDL/rtl/CNN_CORE_LANE.vhd
   129 | 0x003ff5c5    |     -1.278809 |     0 |    0 |      1.010
Note: DIST chunk_start seq=130 lane=0 busy='0'
Time: 132190 ns  Iteration: 0  Process: /tb_AI_TRIGGER_TOP/dut/u_DUT/u_DIST/line__134  File: /home/work1/Works/AI-Trigger-System/HDL/rtl/ADC_CHUNK_DISTRIBUTOR.vhd
Note: LANE0 ADC chunk_accept count=11 fifo_full='0'
Time: 132190 ns  Iteration: 0  Process: /tb_AI_TRIGGER_TOP/dut/u_DUT/\gen_lanes(0)\/u_LANE/line__191  File: /home/work1/Works/AI-Trigger-System/HDL/rtl/CNN_CORE_LANE.vhd
Note: LANE0 started_next=11 fifo_empty='0' fifo_data_valid='1' ready='0' idle='1'
Time: 132227500 ps  Iteration: 0  Process: /tb_AI_TRIGGER_TOP/dut/u_DUT/\gen_lanes(0)\/u_LANE/line__273  File: /home/work1/Works/AI-Trigger-System/HDL/rtl/CNN_CORE_LANE.vhd
Note: LANE0 started=11 fifo_empty='0' fifo_data_valid='1' ready='0'
Time: 132937500 ps  Iteration: 0  Process: /tb_AI_TRIGGER_TOP/dut/u_DUT/\gen_lanes(0)\/u_LANE/line__273  File: /home/work1/Works/AI-Trigger-System/HDL/rtl/CNN_CORE_LANE.vhd
Note: LANE0 ADC busy_clear stream_done_seen='1' wr_count=0
Time: 132946 ns  Iteration: 0  Process: /tb_AI_TRIGGER_TOP/dut/u_DUT/\gen_lanes(0)\/u_LANE/line__191  File: /home/work1/Works/AI-Trigger-System/HDL/rtl/CNN_CORE_LANE.vhd
   130 | 0x003ff697    |     -1.176270 |     0 |    0 |      1.015
Note: DIST chunk_start seq=131 lane=1 busy='0'
Time: 133206 ns  Iteration: 0  Process: /tb_AI_TRIGGER_TOP/dut/u_DUT/u_DIST/line__134  File: /home/work1/Works/AI-Trigger-System/HDL/rtl/ADC_CHUNK_DISTRIBUTOR.vhd
Note: LANE1 ADC chunk_accept count=11 fifo_full='0'
Time: 133206 ns  Iteration: 0  Process: /tb_AI_TRIGGER_TOP/dut/u_DUT/\gen_lanes(1)\/u_LANE/line__191  File: /home/work1/Works/AI-Trigger-System/HDL/rtl/CNN_CORE_LANE.vhd
Note: LANE1 started_next=11 fifo_empty='0' fifo_data_valid='1' ready='0' idle='1'
Time: 133242500 ps  Iteration: 0  Process: /tb_AI_TRIGGER_TOP/dut/u_DUT/\gen_lanes(1)\/u_LANE/line__273  File: /home/work1/Works/AI-Trigger-System/HDL/rtl/CNN_CORE_LANE.vhd
Note: LANE1 started=11 fifo_empty='0' fifo_data_valid='1' ready='0'
Time: 133952500 ps  Iteration: 0  Process: /tb_AI_TRIGGER_TOP/dut/u_DUT/\gen_lanes(1)\/u_LANE/line__273  File: /home/work1/Works/AI-Trigger-System/HDL/rtl/CNN_CORE_LANE.vhd
Note: LANE1 ADC busy_clear stream_done_seen='1' wr_count=0
Time: 133962 ns  Iteration: 0  Process: /tb_AI_TRIGGER_TOP/dut/u_DUT/\gen_lanes(1)\/u_LANE/line__191  File: /home/work1/Works/AI-Trigger-System/HDL/rtl/CNN_CORE_LANE.vhd
   131 | 0x003ff663    |     -1.201660 |     0 |    0 |      1.015
Note: DIST chunk_start seq=132 lane=2 busy='0'
Time: 134222 ns  Iteration: 0  Process: /tb_AI_TRIGGER_TOP/dut/u_DUT/u_DIST/line__134  File: /home/work1/Works/AI-Trigger-System/HDL/rtl/ADC_CHUNK_DISTRIBUTOR.vhd
Note: LANE2 ADC chunk_accept count=11 fifo_full='0'
Time: 134222 ns  Iteration: 0  Process: /tb_AI_TRIGGER_TOP/dut/u_DUT/\gen_lanes(2)\/u_LANE/line__191  File: /home/work1/Works/AI-Trigger-System/HDL/rtl/CNN_CORE_LANE.vhd
Note: LANE2 started_next=11 fifo_empty='0' fifo_data_valid='1' ready='0' idle='1'
Time: 134257500 ps  Iteration: 0  Process: /tb_AI_TRIGGER_TOP/dut/u_DUT/\gen_lanes(2)\/u_LANE/line__273  File: /home/work1/Works/AI-Trigger-System/HDL/rtl/CNN_CORE_LANE.vhd
Note: LANE2 started=11 fifo_empty='0' fifo_data_valid='1' ready='0'
Time: 134967500 ps  Iteration: 0  Process: /tb_AI_TRIGGER_TOP/dut/u_DUT/\gen_lanes(2)\/u_LANE/line__273  File: /home/work1/Works/AI-Trigger-System/HDL/rtl/CNN_CORE_LANE.vhd
Note: LANE2 ADC busy_clear stream_done_seen='1' wr_count=0
Time: 134978 ns  Iteration: 0  Process: /tb_AI_TRIGGER_TOP/dut/u_DUT/\gen_lanes(2)\/u_LANE/line__191  File: /home/work1/Works/AI-Trigger-System/HDL/rtl/CNN_CORE_LANE.vhd
   132 | 0x003ff80a    |     -0.995117 |     0 |    0 |      1.015
Note: DIST chunk_start seq=133 lane=3 busy='0'
Time: 135238 ns  Iteration: 0  Process: /tb_AI_TRIGGER_TOP/dut/u_DUT/u_DIST/line__134  File: /home/work1/Works/AI-Trigger-System/HDL/rtl/ADC_CHUNK_DISTRIBUTOR.vhd
Note: LANE3 ADC chunk_accept count=11 fifo_full='0'
Time: 135238 ns  Iteration: 0  Process: /tb_AI_TRIGGER_TOP/dut/u_DUT/\gen_lanes(3)\/u_LANE/line__191  File: /home/work1/Works/AI-Trigger-System/HDL/rtl/CNN_CORE_LANE.vhd
Note: LANE3 started_next=11 fifo_empty='0' fifo_data_valid='1' ready='0' idle='1'
Time: 135272500 ps  Iteration: 0  Process: /tb_AI_TRIGGER_TOP/dut/u_DUT/\gen_lanes(3)\/u_LANE/line__273  File: /home/work1/Works/AI-Trigger-System/HDL/rtl/CNN_CORE_LANE.vhd
Note: LANE3 started=11 fifo_empty='0' fifo_data_valid='1' ready='0'
Time: 135982500 ps  Iteration: 0  Process: /tb_AI_TRIGGER_TOP/dut/u_DUT/\gen_lanes(3)\/u_LANE/line__273  File: /home/work1/Works/AI-Trigger-System/HDL/rtl/CNN_CORE_LANE.vhd
Note: LANE3 ADC busy_clear stream_done_seen='1' wr_count=0
Time: 135994 ns  Iteration: 0  Process: /tb_AI_TRIGGER_TOP/dut/u_DUT/\gen_lanes(3)\/u_LANE/line__191  File: /home/work1/Works/AI-Trigger-System/HDL/rtl/CNN_CORE_LANE.vhd
   133 | 0x003ff6f4    |     -1.130859 |     0 |    0 |      1.010
Note: DIST chunk_start seq=134 lane=4 busy='0'
Time: 136250 ns  Iteration: 0  Process: /tb_AI_TRIGGER_TOP/dut/u_DUT/u_DIST/line__134  File: /home/work1/Works/AI-Trigger-System/HDL/rtl/ADC_CHUNK_DISTRIBUTOR.vhd
Note: LANE4 ADC chunk_accept count=11 fifo_full='0'
Time: 136250 ns  Iteration: 0  Process: /tb_AI_TRIGGER_TOP/dut/u_DUT/\gen_lanes(4)\/u_LANE/line__191  File: /home/work1/Works/AI-Trigger-System/HDL/rtl/CNN_CORE_LANE.vhd
Note: LANE4 started_next=11 fifo_empty='0' fifo_data_valid='1' ready='0' idle='1'
Time: 136287500 ps  Iteration: 0  Process: /tb_AI_TRIGGER_TOP/dut/u_DUT/\gen_lanes(4)\/u_LANE/line__273  File: /home/work1/Works/AI-Trigger-System/HDL/rtl/CNN_CORE_LANE.vhd
Note: LANE4 started=11 fifo_empty='0' fifo_data_valid='1' ready='0'
Time: 136997500 ps  Iteration: 0  Process: /tb_AI_TRIGGER_TOP/dut/u_DUT/\gen_lanes(4)\/u_LANE/line__273  File: /home/work1/Works/AI-Trigger-System/HDL/rtl/CNN_CORE_LANE.vhd
Note: LANE4 ADC busy_clear stream_done_seen='1' wr_count=0
Time: 137006 ns  Iteration: 0  Process: /tb_AI_TRIGGER_TOP/dut/u_DUT/\gen_lanes(4)\/u_LANE/line__191  File: /home/work1/Works/AI-Trigger-System/HDL/rtl/CNN_CORE_LANE.vhd
   134 | 0x003ff549    |     -1.339355 |     0 |    0 |      1.015
Note: DIST chunk_start seq=135 lane=0 busy='0'
Time: 137266 ns  Iteration: 0  Process: /tb_AI_TRIGGER_TOP/dut/u_DUT/u_DIST/line__134  File: /home/work1/Works/AI-Trigger-System/HDL/rtl/ADC_CHUNK_DISTRIBUTOR.vhd
Note: LANE0 ADC chunk_accept count=12 fifo_full='0'
Time: 137266 ns  Iteration: 0  Process: /tb_AI_TRIGGER_TOP/dut/u_DUT/\gen_lanes(0)\/u_LANE/line__191  File: /home/work1/Works/AI-Trigger-System/HDL/rtl/CNN_CORE_LANE.vhd
Note: LANE0 ADC busy_clear stream_done_seen='0' wr_count=0
Time: 138022 ns  Iteration: 0  Process: /tb_AI_TRIGGER_TOP/dut/u_DUT/\gen_lanes(0)\/u_LANE/line__191  File: /home/work1/Works/AI-Trigger-System/HDL/rtl/CNN_CORE_LANE.vhd
   135 | 0x003ff594    |     -1.302734 |     0 |    0 |      1.015
Note: DIST chunk_start seq=136 lane=1 busy='0'
Time: 138282 ns  Iteration: 0  Process: /tb_AI_TRIGGER_TOP/dut/u_DUT/u_DIST/line__134  File: /home/work1/Works/AI-Trigger-System/HDL/rtl/ADC_CHUNK_DISTRIBUTOR.vhd
Note: LANE1 ADC chunk_accept count=12 fifo_full='0'
Time: 138282 ns  Iteration: 0  Process: /tb_AI_TRIGGER_TOP/dut/u_DUT/\gen_lanes(1)\/u_LANE/line__191  File: /home/work1/Works/AI-Trigger-System/HDL/rtl/CNN_CORE_LANE.vhd
Note: LANE1 ADC busy_clear stream_done_seen='0' wr_count=0
Time: 139038 ns  Iteration: 0  Process: /tb_AI_TRIGGER_TOP/dut/u_DUT/\gen_lanes(1)\/u_LANE/line__191  File: /home/work1/Works/AI-Trigger-System/HDL/rtl/CNN_CORE_LANE.vhd
   136 | 0x003ff62d    |     -1.228027 |     0 |    0 |      1.015
Note: DIST chunk_start seq=137 lane=2 busy='0'
Time: 139298 ns  Iteration: 0  Process: /tb_AI_TRIGGER_TOP/dut/u_DUT/u_DIST/line__134  File: /home/work1/Works/AI-Trigger-System/HDL/rtl/ADC_CHUNK_DISTRIBUTOR.vhd
Note: LANE2 ADC chunk_accept count=12 fifo_full='0'
Time: 139298 ns  Iteration: 0  Process: /tb_AI_TRIGGER_TOP/dut/u_DUT/\gen_lanes(2)\/u_LANE/line__191  File: /home/work1/Works/AI-Trigger-System/HDL/rtl/CNN_CORE_LANE.vhd
Note: LANE2 ADC busy_clear stream_done_seen='0' wr_count=0
Time: 140054 ns  Iteration: 0  Process: /tb_AI_TRIGGER_TOP/dut/u_DUT/\gen_lanes(2)\/u_LANE/line__191  File: /home/work1/Works/AI-Trigger-System/HDL/rtl/CNN_CORE_LANE.vhd
   137 | 0x003ff619    |     -1.237793 |     0 |    0 |      1.010
Note: DIST chunk_start seq=138 lane=3 busy='0'
Time: 140310 ns  Iteration: 0  Process: /tb_AI_TRIGGER_TOP/dut/u_DUT/u_DIST/line__134  File: /home/work1/Works/AI-Trigger-System/HDL/rtl/ADC_CHUNK_DISTRIBUTOR.vhd
Note: LANE3 ADC chunk_accept count=12 fifo_full='0'
Time: 140310 ns  Iteration: 0  Process: /tb_AI_TRIGGER_TOP/dut/u_DUT/\gen_lanes(3)\/u_LANE/line__191  File: /home/work1/Works/AI-Trigger-System/HDL/rtl/CNN_CORE_LANE.vhd
Note: LANE3 ADC busy_clear stream_done_seen='0' wr_count=0
Time: 141066 ns  Iteration: 0  Process: /tb_AI_TRIGGER_TOP/dut/u_DUT/\gen_lanes(3)\/u_LANE/line__191  File: /home/work1/Works/AI-Trigger-System/HDL/rtl/CNN_CORE_LANE.vhd
   138 | 0x003ff70a    |     -1.120117 |     0 |    0 |      1.015
Note: DIST chunk_start seq=139 lane=4 busy='0'
Time: 141326 ns  Iteration: 0  Process: /tb_AI_TRIGGER_TOP/dut/u_DUT/u_DIST/line__134  File: /home/work1/Works/AI-Trigger-System/HDL/rtl/ADC_CHUNK_DISTRIBUTOR.vhd
Note: LANE4 ADC chunk_accept count=12 fifo_full='0'
Time: 141326 ns  Iteration: 0  Process: /tb_AI_TRIGGER_TOP/dut/u_DUT/\gen_lanes(4)\/u_LANE/line__191  File: /home/work1/Works/AI-Trigger-System/HDL/rtl/CNN_CORE_LANE.vhd
Note: LANE4 ADC busy_clear stream_done_seen='0' wr_count=0
Time: 142082 ns  Iteration: 0  Process: /tb_AI_TRIGGER_TOP/dut/u_DUT/\gen_lanes(4)\/u_LANE/line__191  File: /home/work1/Works/AI-Trigger-System/HDL/rtl/CNN_CORE_LANE.vhd
   139 | 0x003ff66c    |     -1.197266 |     0 |    0 |      1.015
Note: DIST chunk_start seq=140 lane=0 busy='0'
Time: 142342 ns  Iteration: 0  Process: /tb_AI_TRIGGER_TOP/dut/u_DUT/u_DIST/line__134  File: /home/work1/Works/AI-Trigger-System/HDL/rtl/ADC_CHUNK_DISTRIBUTOR.vhd
Note: LANE0 ADC chunk_accept count=13 fifo_full='0'
Time: 142342 ns  Iteration: 0  Process: /tb_AI_TRIGGER_TOP/dut/u_DUT/\gen_lanes(0)\/u_LANE/line__191  File: /home/work1/Works/AI-Trigger-System/HDL/rtl/CNN_CORE_LANE.vhd
Note: LANE0 ADC busy_clear stream_done_seen='1' wr_count=0
Time: 143098 ns  Iteration: 0  Process: /tb_AI_TRIGGER_TOP/dut/u_DUT/\gen_lanes(0)\/u_LANE/line__191  File: /home/work1/Works/AI-Trigger-System/HDL/rtl/CNN_CORE_LANE.vhd
   140 | 0x003ff596    |     -1.301758 |     0 |    0 |      1.015
Note: DIST chunk_start seq=141 lane=1 busy='0'
Time: 143358 ns  Iteration: 0  Process: /tb_AI_TRIGGER_TOP/dut/u_DUT/u_DIST/line__134  File: /home/work1/Works/AI-Trigger-System/HDL/rtl/ADC_CHUNK_DISTRIBUTOR.vhd
Note: LANE1 ADC chunk_accept count=13 fifo_full='0'
Time: 143358 ns  Iteration: 0  Process: /tb_AI_TRIGGER_TOP/dut/u_DUT/\gen_lanes(1)\/u_LANE/line__191  File: /home/work1/Works/AI-Trigger-System/HDL/rtl/CNN_CORE_LANE.vhd
Note: LANE1 ADC busy_clear stream_done_seen='1' wr_count=0
Time: 144114 ns  Iteration: 0  Process: /tb_AI_TRIGGER_TOP/dut/u_DUT/\gen_lanes(1)\/u_LANE/line__191  File: /home/work1/Works/AI-Trigger-System/HDL/rtl/CNN_CORE_LANE.vhd
   141 | 0x003ff56b    |     -1.322754 |     0 |    0 |      1.010
Note: DIST chunk_start seq=142 lane=2 busy='0'
Time: 144370 ns  Iteration: 0  Process: /tb_AI_TRIGGER_TOP/dut/u_DUT/u_DIST/line__134  File: /home/work1/Works/AI-Trigger-System/HDL/rtl/ADC_CHUNK_DISTRIBUTOR.vhd
Note: LANE2 ADC chunk_accept count=13 fifo_full='0'
Time: 144370 ns  Iteration: 0  Process: /tb_AI_TRIGGER_TOP/dut/u_DUT/\gen_lanes(2)\/u_LANE/line__191  File: /home/work1/Works/AI-Trigger-System/HDL/rtl/CNN_CORE_LANE.vhd
Note: LANE2 ADC busy_clear stream_done_seen='1' wr_count=0
Time: 145126 ns  Iteration: 0  Process: /tb_AI_TRIGGER_TOP/dut/u_DUT/\gen_lanes(2)\/u_LANE/line__191  File: /home/work1/Works/AI-Trigger-System/HDL/rtl/CNN_CORE_LANE.vhd
   142 | 0x003ff596    |     -1.301758 |     0 |    0 |      1.015
Note: DIST chunk_start seq=143 lane=3 busy='0'
Time: 145386 ns  Iteration: 0  Process: /tb_AI_TRIGGER_TOP/dut/u_DUT/u_DIST/line__134  File: /home/work1/Works/AI-Trigger-System/HDL/rtl/ADC_CHUNK_DISTRIBUTOR.vhd
Note: LANE3 ADC chunk_accept count=13 fifo_full='0'
Time: 145386 ns  Iteration: 0  Process: /tb_AI_TRIGGER_TOP/dut/u_DUT/\gen_lanes(3)\/u_LANE/line__191  File: /home/work1/Works/AI-Trigger-System/HDL/rtl/CNN_CORE_LANE.vhd
Note: LANE3 ADC busy_clear stream_done_seen='1' wr_count=0
Time: 146142 ns  Iteration: 0  Process: /tb_AI_TRIGGER_TOP/dut/u_DUT/\gen_lanes(3)\/u_LANE/line__191  File: /home/work1/Works/AI-Trigger-System/HDL/rtl/CNN_CORE_LANE.vhd
   143 | 0x003ff627    |     -1.230957 |     0 |    0 |      1.015
Note: DIST chunk_start seq=144 lane=4 busy='0'
Time: 146402 ns  Iteration: 0  Process: /tb_AI_TRIGGER_TOP/dut/u_DUT/u_DIST/line__134  File: /home/work1/Works/AI-Trigger-System/HDL/rtl/ADC_CHUNK_DISTRIBUTOR.vhd
Note: LANE4 ADC chunk_accept count=13 fifo_full='0'
Time: 146402 ns  Iteration: 0  Process: /tb_AI_TRIGGER_TOP/dut/u_DUT/\gen_lanes(4)\/u_LANE/line__191  File: /home/work1/Works/AI-Trigger-System/HDL/rtl/CNN_CORE_LANE.vhd
Note: LANE4 ADC busy_clear stream_done_seen='1' wr_count=0
Time: 147158 ns  Iteration: 0  Process: /tb_AI_TRIGGER_TOP/dut/u_DUT/\gen_lanes(4)\/u_LANE/line__191  File: /home/work1/Works/AI-Trigger-System/HDL/rtl/CNN_CORE_LANE.vhd
   144 | 0x003ff6be    |     -1.157227 |     0 |    0 |      1.015
Note: DIST chunk_start seq=145 lane=0 busy='0'
Time: 147418 ns  Iteration: 0  Process: /tb_AI_TRIGGER_TOP/dut/u_DUT/u_DIST/line__134  File: /home/work1/Works/AI-Trigger-System/HDL/rtl/ADC_CHUNK_DISTRIBUTOR.vhd
Note: LANE0 ADC chunk_accept count=14 fifo_full='0'
Time: 147418 ns  Iteration: 0  Process: /tb_AI_TRIGGER_TOP/dut/u_DUT/\gen_lanes(0)\/u_LANE/line__191  File: /home/work1/Works/AI-Trigger-System/HDL/rtl/CNN_CORE_LANE.vhd
Note: LANE0 ADC busy_clear stream_done_seen='0' wr_count=0
Time: 148174 ns  Iteration: 0  Process: /tb_AI_TRIGGER_TOP/dut/u_DUT/\gen_lanes(0)\/u_LANE/line__191  File: /home/work1/Works/AI-Trigger-System/HDL/rtl/CNN_CORE_LANE.vhd
   145 | 0x003ff69a    |     -1.174805 |     0 |    0 |      1.010
Note: DIST chunk_start seq=146 lane=1 busy='0'
Time: 148430 ns  Iteration: 0  Process: /tb_AI_TRIGGER_TOP/dut/u_DUT/u_DIST/line__134  File: /home/work1/Works/AI-Trigger-System/HDL/rtl/ADC_CHUNK_DISTRIBUTOR.vhd
Note: LANE1 ADC chunk_accept count=14 fifo_full='0'
Time: 148430 ns  Iteration: 0  Process: /tb_AI_TRIGGER_TOP/dut/u_DUT/\gen_lanes(1)\/u_LANE/line__191  File: /home/work1/Works/AI-Trigger-System/HDL/rtl/CNN_CORE_LANE.vhd
Note: LANE1 ADC busy_clear stream_done_seen='0' wr_count=0
Time: 149186 ns  Iteration: 0  Process: /tb_AI_TRIGGER_TOP/dut/u_DUT/\gen_lanes(1)\/u_LANE/line__191  File: /home/work1/Works/AI-Trigger-System/HDL/rtl/CNN_CORE_LANE.vhd
   146 | 0x003ff545    |     -1.341309 |     0 |    0 |      1.015
Note: DIST chunk_start seq=147 lane=2 busy='0'
Time: 149446 ns  Iteration: 0  Process: /tb_AI_TRIGGER_TOP/dut/u_DUT/u_DIST/line__134  File: /home/work1/Works/AI-Trigger-System/HDL/rtl/ADC_CHUNK_DISTRIBUTOR.vhd
Note: LANE2 ADC chunk_accept count=14 fifo_full='0'
Time: 149446 ns  Iteration: 0  Process: /tb_AI_TRIGGER_TOP/dut/u_DUT/\gen_lanes(2)\/u_LANE/line__191  File: /home/work1/Works/AI-Trigger-System/HDL/rtl/CNN_CORE_LANE.vhd
Note: LANE2 ADC busy_clear stream_done_seen='0' wr_count=0
Time: 150202 ns  Iteration: 0  Process: /tb_AI_TRIGGER_TOP/dut/u_DUT/\gen_lanes(2)\/u_LANE/line__191  File: /home/work1/Works/AI-Trigger-System/HDL/rtl/CNN_CORE_LANE.vhd
   147 | 0x003ff533    |     -1.350098 |     0 |    0 |      1.015
Note: DIST chunk_start seq=148 lane=3 busy='0'
Time: 150462 ns  Iteration: 0  Process: /tb_AI_TRIGGER_TOP/dut/u_DUT/u_DIST/line__134  File: /home/work1/Works/AI-Trigger-System/HDL/rtl/ADC_CHUNK_DISTRIBUTOR.vhd
Note: LANE3 ADC chunk_accept count=14 fifo_full='0'
Time: 150462 ns  Iteration: 0  Process: /tb_AI_TRIGGER_TOP/dut/u_DUT/\gen_lanes(3)\/u_LANE/line__191  File: /home/work1/Works/AI-Trigger-System/HDL/rtl/CNN_CORE_LANE.vhd
Note: LANE3 ADC busy_clear stream_done_seen='0' wr_count=0
Time: 151218 ns  Iteration: 0  Process: /tb_AI_TRIGGER_TOP/dut/u_DUT/\gen_lanes(3)\/u_LANE/line__191  File: /home/work1/Works/AI-Trigger-System/HDL/rtl/CNN_CORE_LANE.vhd
   148 | 0x003ff5b1    |     -1.288574 |     0 |    0 |      1.015
Note: DIST chunk_start seq=149 lane=4 busy='0'
Time: 151478 ns  Iteration: 0  Process: /tb_AI_TRIGGER_TOP/dut/u_DUT/u_DIST/line__134  File: /home/work1/Works/AI-Trigger-System/HDL/rtl/ADC_CHUNK_DISTRIBUTOR.vhd
Note: LANE4 ADC chunk_accept count=14 fifo_full='0'
Time: 151478 ns  Iteration: 0  Process: /tb_AI_TRIGGER_TOP/dut/u_DUT/\gen_lanes(4)\/u_LANE/line__191  File: /home/work1/Works/AI-Trigger-System/HDL/rtl/CNN_CORE_LANE.vhd
Note: LANE4 ADC busy_clear stream_done_seen='0' wr_count=0
Time: 152234 ns  Iteration: 0  Process: /tb_AI_TRIGGER_TOP/dut/u_DUT/\gen_lanes(4)\/u_LANE/line__191  File: /home/work1/Works/AI-Trigger-System/HDL/rtl/CNN_CORE_LANE.vhd
   149 | 0x003ff5c2    |     -1.280273 |     0 |    0 |      1.010
Note: DIST chunk_start seq=150 lane=0 busy='0'
Time: 152490 ns  Iteration: 0  Process: /tb_AI_TRIGGER_TOP/dut/u_DUT/u_DIST/line__134  File: /home/work1/Works/AI-Trigger-System/HDL/rtl/ADC_CHUNK_DISTRIBUTOR.vhd
Note: LANE0 ADC chunk_accept count=15 fifo_full='0'
Time: 152490 ns  Iteration: 0  Process: /tb_AI_TRIGGER_TOP/dut/u_DUT/\gen_lanes(0)\/u_LANE/line__191  File: /home/work1/Works/AI-Trigger-System/HDL/rtl/CNN_CORE_LANE.vhd
Note: LANE0 ADC busy_clear stream_done_seen='1' wr_count=0
Time: 153246 ns  Iteration: 0  Process: /tb_AI_TRIGGER_TOP/dut/u_DUT/\gen_lanes(0)\/u_LANE/line__191  File: /home/work1/Works/AI-Trigger-System/HDL/rtl/CNN_CORE_LANE.vhd
   150 | 0x003ff60e    |     -1.243164 |     0 |    0 |      1.015
Note: DIST chunk_start seq=151 lane=1 busy='0'
Time: 153506 ns  Iteration: 0  Process: /tb_AI_TRIGGER_TOP/dut/u_DUT/u_DIST/line__134  File: /home/work1/Works/AI-Trigger-System/HDL/rtl/ADC_CHUNK_DISTRIBUTOR.vhd
Note: LANE1 ADC chunk_accept count=15 fifo_full='0'
Time: 153506 ns  Iteration: 0  Process: /tb_AI_TRIGGER_TOP/dut/u_DUT/\gen_lanes(1)\/u_LANE/line__191  File: /home/work1/Works/AI-Trigger-System/HDL/rtl/CNN_CORE_LANE.vhd
Note: LANE1 ADC busy_clear stream_done_seen='1' wr_count=0
Time: 154262 ns  Iteration: 0  Process: /tb_AI_TRIGGER_TOP/dut/u_DUT/\gen_lanes(1)\/u_LANE/line__191  File: /home/work1/Works/AI-Trigger-System/HDL/rtl/CNN_CORE_LANE.vhd
   151 | 0x003ff632    |     -1.225586 |     0 |    0 |      1.015
Note: DIST chunk_start seq=152 lane=2 busy='0'
Time: 154522 ns  Iteration: 0  Process: /tb_AI_TRIGGER_TOP/dut/u_DUT/u_DIST/line__134  File: /home/work1/Works/AI-Trigger-System/HDL/rtl/ADC_CHUNK_DISTRIBUTOR.vhd
Note: LANE2 ADC chunk_accept count=15 fifo_full='0'
Time: 154522 ns  Iteration: 0  Process: /tb_AI_TRIGGER_TOP/dut/u_DUT/\gen_lanes(2)\/u_LANE/line__191  File: /home/work1/Works/AI-Trigger-System/HDL/rtl/CNN_CORE_LANE.vhd
Note: LANE2 ADC busy_clear stream_done_seen='1' wr_count=0
Time: 155278 ns  Iteration: 0  Process: /tb_AI_TRIGGER_TOP/dut/u_DUT/\gen_lanes(2)\/u_LANE/line__191  File: /home/work1/Works/AI-Trigger-System/HDL/rtl/CNN_CORE_LANE.vhd
   152 | 0x003ff456    |     -1.458008 |     0 |    0 |      1.015
Note: DIST chunk_start seq=153 lane=3 busy='0'
Time: 155538 ns  Iteration: 0  Process: /tb_AI_TRIGGER_TOP/dut/u_DUT/u_DIST/line__134  File: /home/work1/Works/AI-Trigger-System/HDL/rtl/ADC_CHUNK_DISTRIBUTOR.vhd
Note: LANE3 ADC chunk_accept count=15 fifo_full='0'
Time: 155538 ns  Iteration: 0  Process: /tb_AI_TRIGGER_TOP/dut/u_DUT/\gen_lanes(3)\/u_LANE/line__191  File: /home/work1/Works/AI-Trigger-System/HDL/rtl/CNN_CORE_LANE.vhd
Note: LANE3 ADC busy_clear stream_done_seen='1' wr_count=0
Time: 156294 ns  Iteration: 0  Process: /tb_AI_TRIGGER_TOP/dut/u_DUT/\gen_lanes(3)\/u_LANE/line__191  File: /home/work1/Works/AI-Trigger-System/HDL/rtl/CNN_CORE_LANE.vhd
   153 | 0x003ff4d3    |     -1.396973 |     0 |    0 |      1.010
Note: DIST chunk_start seq=154 lane=4 busy='0'
Time: 156550 ns  Iteration: 0  Process: /tb_AI_TRIGGER_TOP/dut/u_DUT/u_DIST/line__134  File: /home/work1/Works/AI-Trigger-System/HDL/rtl/ADC_CHUNK_DISTRIBUTOR.vhd
Note: LANE4 ADC chunk_accept count=15 fifo_full='0'
Time: 156550 ns  Iteration: 0  Process: /tb_AI_TRIGGER_TOP/dut/u_DUT/\gen_lanes(4)\/u_LANE/line__191  File: /home/work1/Works/AI-Trigger-System/HDL/rtl/CNN_CORE_LANE.vhd
Note: LANE4 ADC busy_clear stream_done_seen='1' wr_count=0
Time: 157306 ns  Iteration: 0  Process: /tb_AI_TRIGGER_TOP/dut/u_DUT/\gen_lanes(4)\/u_LANE/line__191  File: /home/work1/Works/AI-Trigger-System/HDL/rtl/CNN_CORE_LANE.vhd
   154 | 0x003ff5bf    |     -1.281738 |     0 |    0 |      1.015
Note: DIST chunk_start seq=155 lane=0 busy='0'
Time: 157566 ns  Iteration: 0  Process: /tb_AI_TRIGGER_TOP/dut/u_DUT/u_DIST/line__134  File: /home/work1/Works/AI-Trigger-System/HDL/rtl/ADC_CHUNK_DISTRIBUTOR.vhd
Note: LANE0 ADC chunk_accept count=0 fifo_full='0'
Time: 157566 ns  Iteration: 0  Process: /tb_AI_TRIGGER_TOP/dut/u_DUT/\gen_lanes(0)\/u_LANE/line__191  File: /home/work1/Works/AI-Trigger-System/HDL/rtl/CNN_CORE_LANE.vhd
Note: LANE0 ADC busy_clear stream_done_seen='0' wr_count=0
Time: 158322 ns  Iteration: 0  Process: /tb_AI_TRIGGER_TOP/dut/u_DUT/\gen_lanes(0)\/u_LANE/line__191  File: /home/work1/Works/AI-Trigger-System/HDL/rtl/CNN_CORE_LANE.vhd
   155 | 0x003ff59b    |     -1.299316 |     0 |    0 |      1.015
Note: DIST chunk_start seq=156 lane=1 busy='0'
Time: 158582 ns  Iteration: 0  Process: /tb_AI_TRIGGER_TOP/dut/u_DUT/u_DIST/line__134  File: /home/work1/Works/AI-Trigger-System/HDL/rtl/ADC_CHUNK_DISTRIBUTOR.vhd
Note: LANE1 ADC chunk_accept count=0 fifo_full='0'
Time: 158582 ns  Iteration: 0  Process: /tb_AI_TRIGGER_TOP/dut/u_DUT/\gen_lanes(1)\/u_LANE/line__191  File: /home/work1/Works/AI-Trigger-System/HDL/rtl/CNN_CORE_LANE.vhd
Note: LANE1 ADC busy_clear stream_done_seen='0' wr_count=0
Time: 159338 ns  Iteration: 0  Process: /tb_AI_TRIGGER_TOP/dut/u_DUT/\gen_lanes(1)\/u_LANE/line__191  File: /home/work1/Works/AI-Trigger-System/HDL/rtl/CNN_CORE_LANE.vhd
   156 | 0x003ff636    |     -1.223633 |     0 |    0 |      1.015
Note: DIST chunk_start seq=157 lane=2 busy='0'
Time: 159598 ns  Iteration: 0  Process: /tb_AI_TRIGGER_TOP/dut/u_DUT/u_DIST/line__134  File: /home/work1/Works/AI-Trigger-System/HDL/rtl/ADC_CHUNK_DISTRIBUTOR.vhd
Note: LANE2 ADC chunk_accept count=0 fifo_full='0'
Time: 159598 ns  Iteration: 0  Process: /tb_AI_TRIGGER_TOP/dut/u_DUT/\gen_lanes(2)\/u_LANE/line__191  File: /home/work1/Works/AI-Trigger-System/HDL/rtl/CNN_CORE_LANE.vhd
Note: LANE2 ADC busy_clear stream_done_seen='0' wr_count=0
Time: 160354 ns  Iteration: 0  Process: /tb_AI_TRIGGER_TOP/dut/u_DUT/\gen_lanes(2)\/u_LANE/line__191  File: /home/work1/Works/AI-Trigger-System/HDL/rtl/CNN_CORE_LANE.vhd
   157 | 0x003ff671    |     -1.194824 |     0 |    0 |      1.010
Note: DIST chunk_start seq=158 lane=3 busy='0'
Time: 160610 ns  Iteration: 0  Process: /tb_AI_TRIGGER_TOP/dut/u_DUT/u_DIST/line__134  File: /home/work1/Works/AI-Trigger-System/HDL/rtl/ADC_CHUNK_DISTRIBUTOR.vhd
Note: LANE3 ADC chunk_accept count=0 fifo_full='0'
Time: 160610 ns  Iteration: 0  Process: /tb_AI_TRIGGER_TOP/dut/u_DUT/\gen_lanes(3)\/u_LANE/line__191  File: /home/work1/Works/AI-Trigger-System/HDL/rtl/CNN_CORE_LANE.vhd
Note: LANE3 ADC busy_clear stream_done_seen='0' wr_count=0
Time: 161366 ns  Iteration: 0  Process: /tb_AI_TRIGGER_TOP/dut/u_DUT/\gen_lanes(3)\/u_LANE/line__191  File: /home/work1/Works/AI-Trigger-System/HDL/rtl/CNN_CORE_LANE.vhd
   158 | 0x003ff49e    |     -1.422852 |     0 |    0 |      1.015
Note: DIST chunk_start seq=159 lane=4 busy='0'
Time: 161626 ns  Iteration: 0  Process: /tb_AI_TRIGGER_TOP/dut/u_DUT/u_DIST/line__134  File: /home/work1/Works/AI-Trigger-System/HDL/rtl/ADC_CHUNK_DISTRIBUTOR.vhd
Note: LANE4 ADC chunk_accept count=0 fifo_full='0'
Time: 161626 ns  Iteration: 0  Process: /tb_AI_TRIGGER_TOP/dut/u_DUT/\gen_lanes(4)\/u_LANE/line__191  File: /home/work1/Works/AI-Trigger-System/HDL/rtl/CNN_CORE_LANE.vhd
Note: LANE4 ADC busy_clear stream_done_seen='0' wr_count=0
Time: 162382 ns  Iteration: 0  Process: /tb_AI_TRIGGER_TOP/dut/u_DUT/\gen_lanes(4)\/u_LANE/line__191  File: /home/work1/Works/AI-Trigger-System/HDL/rtl/CNN_CORE_LANE.vhd
   159 | 0x003ff563    |     -1.326660 |     0 |    0 |      1.015
Note: LANE0 ADC chunk_accept count=1 fifo_full='0'
Time: 162642 ns  Iteration: 0  Process: /tb_AI_TRIGGER_TOP/dut/u_DUT/\gen_lanes(0)\/u_LANE/line__191  File: /home/work1/Works/AI-Trigger-System/HDL/rtl/CNN_CORE_LANE.vhd
Note: LANE0 ADC busy_clear stream_done_seen='1' wr_count=0
Time: 163398 ns  Iteration: 0  Process: /tb_AI_TRIGGER_TOP/dut/u_DUT/\gen_lanes(0)\/u_LANE/line__191  File: /home/work1/Works/AI-Trigger-System/HDL/rtl/CNN_CORE_LANE.vhd
   160 | 0x003ff668    |     -1.199219 |     0 |    0 |      1.015
Note: LANE1 ADC chunk_accept count=1 fifo_full='0'
Time: 163658 ns  Iteration: 0  Process: /tb_AI_TRIGGER_TOP/dut/u_DUT/\gen_lanes(1)\/u_LANE/line__191  File: /home/work1/Works/AI-Trigger-System/HDL/rtl/CNN_CORE_LANE.vhd
Note: LANE1 ADC busy_clear stream_done_seen='1' wr_count=0
Time: 164414 ns  Iteration: 0  Process: /tb_AI_TRIGGER_TOP/dut/u_DUT/\gen_lanes(1)\/u_LANE/line__191  File: /home/work1/Works/AI-Trigger-System/HDL/rtl/CNN_CORE_LANE.vhd
   161 | 0x003ff590    |     -1.304688 |     0 |    0 |      1.010
Note: LANE2 ADC chunk_accept count=1 fifo_full='0'
Time: 164670 ns  Iteration: 0  Process: /tb_AI_TRIGGER_TOP/dut/u_DUT/\gen_lanes(2)\/u_LANE/line__191  File: /home/work1/Works/AI-Trigger-System/HDL/rtl/CNN_CORE_LANE.vhd
Note: LANE2 ADC busy_clear stream_done_seen='1' wr_count=0
Time: 165426 ns  Iteration: 0  Process: /tb_AI_TRIGGER_TOP/dut/u_DUT/\gen_lanes(2)\/u_LANE/line__191  File: /home/work1/Works/AI-Trigger-System/HDL/rtl/CNN_CORE_LANE.vhd
   162 | 0x003ff60d    |     -1.243652 |     0 |    0 |      1.015
Note: LANE3 ADC chunk_accept count=1 fifo_full='0'
Time: 165686 ns  Iteration: 0  Process: /tb_AI_TRIGGER_TOP/dut/u_DUT/\gen_lanes(3)\/u_LANE/line__191  File: /home/work1/Works/AI-Trigger-System/HDL/rtl/CNN_CORE_LANE.vhd
Note: LANE3 ADC busy_clear stream_done_seen='1' wr_count=0
Time: 166442 ns  Iteration: 0  Process: /tb_AI_TRIGGER_TOP/dut/u_DUT/\gen_lanes(3)\/u_LANE/line__191  File: /home/work1/Works/AI-Trigger-System/HDL/rtl/CNN_CORE_LANE.vhd
   163 | 0x003ff66a    |     -1.198242 |     0 |    0 |      1.015
Note: LANE4 ADC chunk_accept count=1 fifo_full='0'
Time: 166702 ns  Iteration: 0  Process: /tb_AI_TRIGGER_TOP/dut/u_DUT/\gen_lanes(4)\/u_LANE/line__191  File: /home/work1/Works/AI-Trigger-System/HDL/rtl/CNN_CORE_LANE.vhd
Note: LANE4 ADC busy_clear stream_done_seen='1' wr_count=0
Time: 167458 ns  Iteration: 0  Process: /tb_AI_TRIGGER_TOP/dut/u_DUT/\gen_lanes(4)\/u_LANE/line__191  File: /home/work1/Works/AI-Trigger-System/HDL/rtl/CNN_CORE_LANE.vhd
   164 | 0x003ff525    |     -1.356934 |     0 |    0 |      1.015
Note: LANE0 ADC chunk_accept count=2 fifo_full='0'
Time: 167718 ns  Iteration: 0  Process: /tb_AI_TRIGGER_TOP/dut/u_DUT/\gen_lanes(0)\/u_LANE/line__191  File: /home/work1/Works/AI-Trigger-System/HDL/rtl/CNN_CORE_LANE.vhd
Note: LANE0 ADC busy_clear stream_done_seen='0' wr_count=0
Time: 168474 ns  Iteration: 0  Process: /tb_AI_TRIGGER_TOP/dut/u_DUT/\gen_lanes(0)\/u_LANE/line__191  File: /home/work1/Works/AI-Trigger-System/HDL/rtl/CNN_CORE_LANE.vhd
   165 | 0x003ff558    |     -1.332031 |     0 |    0 |      1.010
Note: LANE1 ADC chunk_accept count=2 fifo_full='0'
Time: 168730 ns  Iteration: 0  Process: /tb_AI_TRIGGER_TOP/dut/u_DUT/\gen_lanes(1)\/u_LANE/line__191  File: /home/work1/Works/AI-Trigger-System/HDL/rtl/CNN_CORE_LANE.vhd
Note: LANE1 ADC busy_clear stream_done_seen='0' wr_count=0
Time: 169486 ns  Iteration: 0  Process: /tb_AI_TRIGGER_TOP/dut/u_DUT/\gen_lanes(1)\/u_LANE/line__191  File: /home/work1/Works/AI-Trigger-System/HDL/rtl/CNN_CORE_LANE.vhd
   166 | 0x003ff5ff    |     -1.250488 |     0 |    0 |      1.015
Note: LANE2 ADC chunk_accept count=2 fifo_full='0'
Time: 169746 ns  Iteration: 0  Process: /tb_AI_TRIGGER_TOP/dut/u_DUT/\gen_lanes(2)\/u_LANE/line__191  File: /home/work1/Works/AI-Trigger-System/HDL/rtl/CNN_CORE_LANE.vhd
Note: LANE2 ADC busy_clear stream_done_seen='0' wr_count=0
Time: 170502 ns  Iteration: 0  Process: /tb_AI_TRIGGER_TOP/dut/u_DUT/\gen_lanes(2)\/u_LANE/line__191  File: /home/work1/Works/AI-Trigger-System/HDL/rtl/CNN_CORE_LANE.vhd
   167 | 0x003ff4fc    |     -1.376953 |     0 |    0 |      1.015
Note: LANE3 ADC chunk_accept count=2 fifo_full='0'
Time: 170762 ns  Iteration: 0  Process: /tb_AI_TRIGGER_TOP/dut/u_DUT/\gen_lanes(3)\/u_LANE/line__191  File: /home/work1/Works/AI-Trigger-System/HDL/rtl/CNN_CORE_LANE.vhd
Note: LANE3 ADC busy_clear stream_done_seen='0' wr_count=0
Time: 171518 ns  Iteration: 0  Process: /tb_AI_TRIGGER_TOP/dut/u_DUT/\gen_lanes(3)\/u_LANE/line__191  File: /home/work1/Works/AI-Trigger-System/HDL/rtl/CNN_CORE_LANE.vhd
   168 | 0x003ff5f6    |     -1.254883 |     0 |    0 |      1.015
Note: LANE4 ADC chunk_accept count=2 fifo_full='0'
Time: 171778 ns  Iteration: 0  Process: /tb_AI_TRIGGER_TOP/dut/u_DUT/\gen_lanes(4)\/u_LANE/line__191  File: /home/work1/Works/AI-Trigger-System/HDL/rtl/CNN_CORE_LANE.vhd
Note: LANE4 ADC busy_clear stream_done_seen='0' wr_count=0
Time: 172534 ns  Iteration: 0  Process: /tb_AI_TRIGGER_TOP/dut/u_DUT/\gen_lanes(4)\/u_LANE/line__191  File: /home/work1/Works/AI-Trigger-System/HDL/rtl/CNN_CORE_LANE.vhd
   169 | 0x003ff615    |     -1.239746 |     0 |    0 |      1.010
Note: LANE0 ADC chunk_accept count=3 fifo_full='0'
Time: 172790 ns  Iteration: 0  Process: /tb_AI_TRIGGER_TOP/dut/u_DUT/\gen_lanes(0)\/u_LANE/line__191  File: /home/work1/Works/AI-Trigger-System/HDL/rtl/CNN_CORE_LANE.vhd
Note: LANE0 ADC busy_clear stream_done_seen='1' wr_count=0
Time: 173546 ns  Iteration: 0  Process: /tb_AI_TRIGGER_TOP/dut/u_DUT/\gen_lanes(0)\/u_LANE/line__191  File: /home/work1/Works/AI-Trigger-System/HDL/rtl/CNN_CORE_LANE.vhd
   170 | 0x003ff5e7    |     -1.262207 |     0 |    0 |      1.015
Note: LANE1 ADC chunk_accept count=3 fifo_full='0'
Time: 173806 ns  Iteration: 0  Process: /tb_AI_TRIGGER_TOP/dut/u_DUT/\gen_lanes(1)\/u_LANE/line__191  File: /home/work1/Works/AI-Trigger-System/HDL/rtl/CNN_CORE_LANE.vhd
Note: LANE1 ADC busy_clear stream_done_seen='1' wr_count=0
Time: 174562 ns  Iteration: 0  Process: /tb_AI_TRIGGER_TOP/dut/u_DUT/\gen_lanes(1)\/u_LANE/line__191  File: /home/work1/Works/AI-Trigger-System/HDL/rtl/CNN_CORE_LANE.vhd
   171 | 0x003ff5e5    |     -1.263184 |     0 |    0 |      1.015
Note: LANE2 ADC chunk_accept count=3 fifo_full='0'
Time: 174822 ns  Iteration: 0  Process: /tb_AI_TRIGGER_TOP/dut/u_DUT/\gen_lanes(2)\/u_LANE/line__191  File: /home/work1/Works/AI-Trigger-System/HDL/rtl/CNN_CORE_LANE.vhd
Note: LANE2 ADC busy_clear stream_done_seen='1' wr_count=0
Time: 175578 ns  Iteration: 0  Process: /tb_AI_TRIGGER_TOP/dut/u_DUT/\gen_lanes(2)\/u_LANE/line__191  File: /home/work1/Works/AI-Trigger-System/HDL/rtl/CNN_CORE_LANE.vhd
   172 | 0x003ff594    |     -1.302734 |     0 |    0 |      1.015
Note: LANE3 ADC chunk_accept count=3 fifo_full='0'
Time: 175838 ns  Iteration: 0  Process: /tb_AI_TRIGGER_TOP/dut/u_DUT/\gen_lanes(3)\/u_LANE/line__191  File: /home/work1/Works/AI-Trigger-System/HDL/rtl/CNN_CORE_LANE.vhd
Note: LANE3 ADC busy_clear stream_done_seen='1' wr_count=0
Time: 176594 ns  Iteration: 0  Process: /tb_AI_TRIGGER_TOP/dut/u_DUT/\gen_lanes(3)\/u_LANE/line__191  File: /home/work1/Works/AI-Trigger-System/HDL/rtl/CNN_CORE_LANE.vhd
   173 | 0x003ff49e    |     -1.422852 |     0 |    0 |      1.010
Note: LANE4 ADC chunk_accept count=3 fifo_full='0'
Time: 176850 ns  Iteration: 0  Process: /tb_AI_TRIGGER_TOP/dut/u_DUT/\gen_lanes(4)\/u_LANE/line__191  File: /home/work1/Works/AI-Trigger-System/HDL/rtl/CNN_CORE_LANE.vhd
Note: LANE4 ADC busy_clear stream_done_seen='1' wr_count=0
Time: 177606 ns  Iteration: 0  Process: /tb_AI_TRIGGER_TOP/dut/u_DUT/\gen_lanes(4)\/u_LANE/line__191  File: /home/work1/Works/AI-Trigger-System/HDL/rtl/CNN_CORE_LANE.vhd
   174 | 0x003ff632    |     -1.225586 |     0 |    0 |      1.015
Note: LANE0 ADC chunk_accept count=4 fifo_full='0'
Time: 177866 ns  Iteration: 0  Process: /tb_AI_TRIGGER_TOP/dut/u_DUT/\gen_lanes(0)\/u_LANE/line__191  File: /home/work1/Works/AI-Trigger-System/HDL/rtl/CNN_CORE_LANE.vhd
Note: LANE0 ADC busy_clear stream_done_seen='0' wr_count=0
Time: 178622 ns  Iteration: 0  Process: /tb_AI_TRIGGER_TOP/dut/u_DUT/\gen_lanes(0)\/u_LANE/line__191  File: /home/work1/Works/AI-Trigger-System/HDL/rtl/CNN_CORE_LANE.vhd
   175 | 0x003ff5d6    |     -1.270508 |     0 |    0 |      1.015
Note: LANE1 ADC chunk_accept count=4 fifo_full='0'
Time: 178882 ns  Iteration: 0  Process: /tb_AI_TRIGGER_TOP/dut/u_DUT/\gen_lanes(1)\/u_LANE/line__191  File: /home/work1/Works/AI-Trigger-System/HDL/rtl/CNN_CORE_LANE.vhd
Note: LANE1 ADC busy_clear stream_done_seen='0' wr_count=0
Time: 179638 ns  Iteration: 0  Process: /tb_AI_TRIGGER_TOP/dut/u_DUT/\gen_lanes(1)\/u_LANE/line__191  File: /home/work1/Works/AI-Trigger-System/HDL/rtl/CNN_CORE_LANE.vhd
   176 | 0x003ff607    |     -1.246582 |     0 |    0 |      1.015
Note: LANE2 ADC chunk_accept count=4 fifo_full='0'
Time: 179898 ns  Iteration: 0  Process: /tb_AI_TRIGGER_TOP/dut/u_DUT/\gen_lanes(2)\/u_LANE/line__191  File: /home/work1/Works/AI-Trigger-System/HDL/rtl/CNN_CORE_LANE.vhd
Note: LANE2 ADC busy_clear stream_done_seen='0' wr_count=0
Time: 180654 ns  Iteration: 0  Process: /tb_AI_TRIGGER_TOP/dut/u_DUT/\gen_lanes(2)\/u_LANE/line__191  File: /home/work1/Works/AI-Trigger-System/HDL/rtl/CNN_CORE_LANE.vhd
   177 | 0x003ff5e5    |     -1.263184 |     0 |    0 |      1.010
Note: LANE3 ADC chunk_accept count=4 fifo_full='0'
Time: 180910 ns  Iteration: 0  Process: /tb_AI_TRIGGER_TOP/dut/u_DUT/\gen_lanes(3)\/u_LANE/line__191  File: /home/work1/Works/AI-Trigger-System/HDL/rtl/CNN_CORE_LANE.vhd
Note: LANE3 ADC busy_clear stream_done_seen='0' wr_count=0
Time: 181666 ns  Iteration: 0  Process: /tb_AI_TRIGGER_TOP/dut/u_DUT/\gen_lanes(3)\/u_LANE/line__191  File: /home/work1/Works/AI-Trigger-System/HDL/rtl/CNN_CORE_LANE.vhd
   178 | 0x003ff4c6    |     -1.403320 |     0 |    0 |      1.015
Note: LANE4 ADC chunk_accept count=4 fifo_full='0'
Time: 181926 ns  Iteration: 0  Process: /tb_AI_TRIGGER_TOP/dut/u_DUT/\gen_lanes(4)\/u_LANE/line__191  File: /home/work1/Works/AI-Trigger-System/HDL/rtl/CNN_CORE_LANE.vhd
Note: LANE4 ADC busy_clear stream_done_seen='0' wr_count=0
Time: 182682 ns  Iteration: 0  Process: /tb_AI_TRIGGER_TOP/dut/u_DUT/\gen_lanes(4)\/u_LANE/line__191  File: /home/work1/Works/AI-Trigger-System/HDL/rtl/CNN_CORE_LANE.vhd
   179 | 0x003ff43a    |     -1.471680 |     0 |    0 |      1.015
Note: LANE0 ADC chunk_accept count=5 fifo_full='0'
Time: 182942 ns  Iteration: 0  Process: /tb_AI_TRIGGER_TOP/dut/u_DUT/\gen_lanes(0)\/u_LANE/line__191  File: /home/work1/Works/AI-Trigger-System/HDL/rtl/CNN_CORE_LANE.vhd
Note: LANE0 ADC busy_clear stream_done_seen='1' wr_count=0
Time: 183698 ns  Iteration: 0  Process: /tb_AI_TRIGGER_TOP/dut/u_DUT/\gen_lanes(0)\/u_LANE/line__191  File: /home/work1/Works/AI-Trigger-System/HDL/rtl/CNN_CORE_LANE.vhd
   180 | 0x003ff673    |     -1.193848 |     0 |    0 |      1.015
Note: LANE1 ADC chunk_accept count=5 fifo_full='0'
Time: 183958 ns  Iteration: 0  Process: /tb_AI_TRIGGER_TOP/dut/u_DUT/\gen_lanes(1)\/u_LANE/line__191  File: /home/work1/Works/AI-Trigger-System/HDL/rtl/CNN_CORE_LANE.vhd
Note: LANE1 ADC busy_clear stream_done_seen='1' wr_count=0
Time: 184714 ns  Iteration: 0  Process: /tb_AI_TRIGGER_TOP/dut/u_DUT/\gen_lanes(1)\/u_LANE/line__191  File: /home/work1/Works/AI-Trigger-System/HDL/rtl/CNN_CORE_LANE.vhd
   181 | 0x003ff5de    |     -1.266602 |     0 |    0 |      1.010
Note: LANE2 ADC chunk_accept count=5 fifo_full='0'
Time: 184970 ns  Iteration: 0  Process: /tb_AI_TRIGGER_TOP/dut/u_DUT/\gen_lanes(2)\/u_LANE/line__191  File: /home/work1/Works/AI-Trigger-System/HDL/rtl/CNN_CORE_LANE.vhd
Note: LANE2 ADC busy_clear stream_done_seen='1' wr_count=0
Time: 185726 ns  Iteration: 0  Process: /tb_AI_TRIGGER_TOP/dut/u_DUT/\gen_lanes(2)\/u_LANE/line__191  File: /home/work1/Works/AI-Trigger-System/HDL/rtl/CNN_CORE_LANE.vhd
   182 | 0x003ff632    |     -1.225586 |     0 |    0 |      1.015
Note: LANE3 ADC chunk_accept count=5 fifo_full='0'
Time: 185986 ns  Iteration: 0  Process: /tb_AI_TRIGGER_TOP/dut/u_DUT/\gen_lanes(3)\/u_LANE/line__191  File: /home/work1/Works/AI-Trigger-System/HDL/rtl/CNN_CORE_LANE.vhd
Note: LANE3 ADC busy_clear stream_done_seen='1' wr_count=0
Time: 186742 ns  Iteration: 0  Process: /tb_AI_TRIGGER_TOP/dut/u_DUT/\gen_lanes(3)\/u_LANE/line__191  File: /home/work1/Works/AI-Trigger-System/HDL/rtl/CNN_CORE_LANE.vhd
   183 | 0x003ff5c4    |     -1.279297 |     0 |    0 |      1.015
Note: LANE4 ADC chunk_accept count=5 fifo_full='0'
Time: 187002 ns  Iteration: 0  Process: /tb_AI_TRIGGER_TOP/dut/u_DUT/\gen_lanes(4)\/u_LANE/line__191  File: /home/work1/Works/AI-Trigger-System/HDL/rtl/CNN_CORE_LANE.vhd
Note: LANE4 ADC busy_clear stream_done_seen='1' wr_count=0
Time: 187758 ns  Iteration: 0  Process: /tb_AI_TRIGGER_TOP/dut/u_DUT/\gen_lanes(4)\/u_LANE/line__191  File: /home/work1/Works/AI-Trigger-System/HDL/rtl/CNN_CORE_LANE.vhd
   184 | 0x003ff509    |     -1.370605 |     0 |    0 |      1.015
Note: LANE0 ADC chunk_accept count=6 fifo_full='0'
Time: 188018 ns  Iteration: 0  Process: /tb_AI_TRIGGER_TOP/dut/u_DUT/\gen_lanes(0)\/u_LANE/line__191  File: /home/work1/Works/AI-Trigger-System/HDL/rtl/CNN_CORE_LANE.vhd
Note: LANE0 ADC busy_clear stream_done_seen='0' wr_count=0
Time: 188774 ns  Iteration: 0  Process: /tb_AI_TRIGGER_TOP/dut/u_DUT/\gen_lanes(0)\/u_LANE/line__191  File: /home/work1/Works/AI-Trigger-System/HDL/rtl/CNN_CORE_LANE.vhd
   185 | 0x003ff4ec    |     -1.384766 |     0 |    0 |      1.010
Note: LANE1 ADC chunk_accept count=6 fifo_full='0'
Time: 189030 ns  Iteration: 0  Process: /tb_AI_TRIGGER_TOP/dut/u_DUT/\gen_lanes(1)\/u_LANE/line__191  File: /home/work1/Works/AI-Trigger-System/HDL/rtl/CNN_CORE_LANE.vhd
Note: LANE1 ADC busy_clear stream_done_seen='0' wr_count=0
Time: 189786 ns  Iteration: 0  Process: /tb_AI_TRIGGER_TOP/dut/u_DUT/\gen_lanes(1)\/u_LANE/line__191  File: /home/work1/Works/AI-Trigger-System/HDL/rtl/CNN_CORE_LANE.vhd
   186 | 0x003ff658    |     -1.207031 |     0 |    0 |      1.015
Note: LANE2 ADC chunk_accept count=6 fifo_full='0'
Time: 190046 ns  Iteration: 0  Process: /tb_AI_TRIGGER_TOP/dut/u_DUT/\gen_lanes(2)\/u_LANE/line__191  File: /home/work1/Works/AI-Trigger-System/HDL/rtl/CNN_CORE_LANE.vhd
Note: LANE2 ADC busy_clear stream_done_seen='0' wr_count=0
Time: 190802 ns  Iteration: 0  Process: /tb_AI_TRIGGER_TOP/dut/u_DUT/\gen_lanes(2)\/u_LANE/line__191  File: /home/work1/Works/AI-Trigger-System/HDL/rtl/CNN_CORE_LANE.vhd
   187 | 0x003ff5a4    |     -1.294922 |     0 |    0 |      1.015
Note: LANE3 ADC chunk_accept count=6 fifo_full='0'
Time: 191062 ns  Iteration: 0  Process: /tb_AI_TRIGGER_TOP/dut/u_DUT/\gen_lanes(3)\/u_LANE/line__191  File: /home/work1/Works/AI-Trigger-System/HDL/rtl/CNN_CORE_LANE.vhd
Note: LANE3 ADC busy_clear stream_done_seen='0' wr_count=0
Time: 191818 ns  Iteration: 0  Process: /tb_AI_TRIGGER_TOP/dut/u_DUT/\gen_lanes(3)\/u_LANE/line__191  File: /home/work1/Works/AI-Trigger-System/HDL/rtl/CNN_CORE_LANE.vhd
   188 | 0x003ff609    |     -1.245605 |     0 |    0 |      1.015
Note: LANE4 ADC chunk_accept count=6 fifo_full='0'
Time: 192078 ns  Iteration: 0  Process: /tb_AI_TRIGGER_TOP/dut/u_DUT/\gen_lanes(4)\/u_LANE/line__191  File: /home/work1/Works/AI-Trigger-System/HDL/rtl/CNN_CORE_LANE.vhd
Note: LANE4 ADC busy_clear stream_done_seen='0' wr_count=0
Time: 192834 ns  Iteration: 0  Process: /tb_AI_TRIGGER_TOP/dut/u_DUT/\gen_lanes(4)\/u_LANE/line__191  File: /home/work1/Works/AI-Trigger-System/HDL/rtl/CNN_CORE_LANE.vhd
   189 | 0x003ff54b    |     -1.338379 |     0 |    0 |      1.010
Note: LANE0 ADC chunk_accept count=7 fifo_full='0'
Time: 193090 ns  Iteration: 0  Process: /tb_AI_TRIGGER_TOP/dut/u_DUT/\gen_lanes(0)\/u_LANE/line__191  File: /home/work1/Works/AI-Trigger-System/HDL/rtl/CNN_CORE_LANE.vhd
Note: LANE0 ADC busy_clear stream_done_seen='1' wr_count=0
Time: 193846 ns  Iteration: 0  Process: /tb_AI_TRIGGER_TOP/dut/u_DUT/\gen_lanes(0)\/u_LANE/line__191  File: /home/work1/Works/AI-Trigger-System/HDL/rtl/CNN_CORE_LANE.vhd
   190 | 0x003ff4e8    |     -1.386719 |     0 |    0 |      1.015
Note: LANE1 ADC chunk_accept count=7 fifo_full='0'
Time: 194106 ns  Iteration: 0  Process: /tb_AI_TRIGGER_TOP/dut/u_DUT/\gen_lanes(1)\/u_LANE/line__191  File: /home/work1/Works/AI-Trigger-System/HDL/rtl/CNN_CORE_LANE.vhd
Note: LANE1 ADC busy_clear stream_done_seen='1' wr_count=0
Time: 194862 ns  Iteration: 0  Process: /tb_AI_TRIGGER_TOP/dut/u_DUT/\gen_lanes(1)\/u_LANE/line__191  File: /home/work1/Works/AI-Trigger-System/HDL/rtl/CNN_CORE_LANE.vhd
   191 | 0x003ff50f    |     -1.367676 |     0 |    0 |      1.015
Note: LANE2 ADC chunk_accept count=7 fifo_full='0'
Time: 195122 ns  Iteration: 0  Process: /tb_AI_TRIGGER_TOP/dut/u_DUT/\gen_lanes(2)\/u_LANE/line__191  File: /home/work1/Works/AI-Trigger-System/HDL/rtl/CNN_CORE_LANE.vhd
Note: LANE2 ADC busy_clear stream_done_seen='1' wr_count=0
Time: 195878 ns  Iteration: 0  Process: /tb_AI_TRIGGER_TOP/dut/u_DUT/\gen_lanes(2)\/u_LANE/line__191  File: /home/work1/Works/AI-Trigger-System/HDL/rtl/CNN_CORE_LANE.vhd
   192 | 0x003ff6c0    |     -1.156250 |     0 |    0 |      1.015
Note: LANE3 ADC chunk_accept count=7 fifo_full='0'
Time: 196138 ns  Iteration: 0  Process: /tb_AI_TRIGGER_TOP/dut/u_DUT/\gen_lanes(3)\/u_LANE/line__191  File: /home/work1/Works/AI-Trigger-System/HDL/rtl/CNN_CORE_LANE.vhd
Note: LANE3 ADC busy_clear stream_done_seen='1' wr_count=0
Time: 196894 ns  Iteration: 0  Process: /tb_AI_TRIGGER_TOP/dut/u_DUT/\gen_lanes(3)\/u_LANE/line__191  File: /home/work1/Works/AI-Trigger-System/HDL/rtl/CNN_CORE_LANE.vhd
   193 | 0x003ff5eb    |     -1.260254 |     0 |    0 |      1.010
Note: LANE4 ADC chunk_accept count=7 fifo_full='0'
Time: 197150 ns  Iteration: 0  Process: /tb_AI_TRIGGER_TOP/dut/u_DUT/\gen_lanes(4)\/u_LANE/line__191  File: /home/work1/Works/AI-Trigger-System/HDL/rtl/CNN_CORE_LANE.vhd
Note: LANE4 ADC busy_clear stream_done_seen='1' wr_count=0
Time: 197906 ns  Iteration: 0  Process: /tb_AI_TRIGGER_TOP/dut/u_DUT/\gen_lanes(4)\/u_LANE/line__191  File: /home/work1/Works/AI-Trigger-System/HDL/rtl/CNN_CORE_LANE.vhd
   194 | 0x003ff5a3    |     -1.295410 |     0 |    0 |      1.015
Note: LANE0 ADC chunk_accept count=8 fifo_full='0'
Time: 198166 ns  Iteration: 0  Process: /tb_AI_TRIGGER_TOP/dut/u_DUT/\gen_lanes(0)\/u_LANE/line__191  File: /home/work1/Works/AI-Trigger-System/HDL/rtl/CNN_CORE_LANE.vhd
Note: LANE0 ADC busy_clear stream_done_seen='0' wr_count=0
Time: 198922 ns  Iteration: 0  Process: /tb_AI_TRIGGER_TOP/dut/u_DUT/\gen_lanes(0)\/u_LANE/line__191  File: /home/work1/Works/AI-Trigger-System/HDL/rtl/CNN_CORE_LANE.vhd
   195 | 0x003ff4f4    |     -1.380859 |     0 |    0 |      1.015
Note: LANE1 ADC chunk_accept count=8 fifo_full='0'
Time: 199182 ns  Iteration: 0  Process: /tb_AI_TRIGGER_TOP/dut/u_DUT/\gen_lanes(1)\/u_LANE/line__191  File: /home/work1/Works/AI-Trigger-System/HDL/rtl/CNN_CORE_LANE.vhd
Note: LANE1 ADC busy_clear stream_done_seen='0' wr_count=0
Time: 199938 ns  Iteration: 0  Process: /tb_AI_TRIGGER_TOP/dut/u_DUT/\gen_lanes(1)\/u_LANE/line__191  File: /home/work1/Works/AI-Trigger-System/HDL/rtl/CNN_CORE_LANE.vhd
   196 | 0x003ff635    |     -1.224121 |     0 |    0 |      1.015
Note: LANE2 ADC chunk_accept count=8 fifo_full='0'
Time: 200198 ns  Iteration: 0  Process: /tb_AI_TRIGGER_TOP/dut/u_DUT/\gen_lanes(2)\/u_LANE/line__191  File: /home/work1/Works/AI-Trigger-System/HDL/rtl/CNN_CORE_LANE.vhd
Note: LANE2 ADC busy_clear stream_done_seen='0' wr_count=0
Time: 200954 ns  Iteration: 0  Process: /tb_AI_TRIGGER_TOP/dut/u_DUT/\gen_lanes(2)\/u_LANE/line__191  File: /home/work1/Works/AI-Trigger-System/HDL/rtl/CNN_CORE_LANE.vhd
   197 | 0x003ff62d    |     -1.228027 |     0 |    0 |      1.010
Note: LANE3 ADC chunk_accept count=8 fifo_full='0'
Time: 201210 ns  Iteration: 0  Process: /tb_AI_TRIGGER_TOP/dut/u_DUT/\gen_lanes(3)\/u_LANE/line__191  File: /home/work1/Works/AI-Trigger-System/HDL/rtl/CNN_CORE_LANE.vhd
Note: LANE3 ADC busy_clear stream_done_seen='0' wr_count=0
Time: 201966 ns  Iteration: 0  Process: /tb_AI_TRIGGER_TOP/dut/u_DUT/\gen_lanes(3)\/u_LANE/line__191  File: /home/work1/Works/AI-Trigger-System/HDL/rtl/CNN_CORE_LANE.vhd
   198 | 0x003ff6af    |     -1.164551 |     0 |    0 |      1.015
Note: LANE4 ADC chunk_accept count=8 fifo_full='0'
Time: 202226 ns  Iteration: 0  Process: /tb_AI_TRIGGER_TOP/dut/u_DUT/\gen_lanes(4)\/u_LANE/line__191  File: /home/work1/Works/AI-Trigger-System/HDL/rtl/CNN_CORE_LANE.vhd
Note: LANE4 ADC busy_clear stream_done_seen='0' wr_count=0
Time: 202982 ns  Iteration: 0  Process: /tb_AI_TRIGGER_TOP/dut/u_DUT/\gen_lanes(4)\/u_LANE/line__191  File: /home/work1/Works/AI-Trigger-System/HDL/rtl/CNN_CORE_LANE.vhd
   199 | 0x003ff60f    |     -1.242676 |     0 |    0 |      1.015
   200 | 0x003ff516    |     -1.364258 |     0 |    0 |      1.015
   201 | 0x003ff4dc    |     -1.392578 |     0 |    0 |      1.010
   202 | 0x003ff69b    |     -1.174316 |     0 |    0 |      1.015
   203 | 0x003ff68d    |     -1.181152 |     0 |    0 |      1.015
   204 | 0x003ff6b9    |     -1.159668 |     0 |    0 |      1.015
   205 | 0x003ff6b8    |     -1.160156 |     0 |    0 |      1.010
   206 | 0x003ff5b4    |     -1.287109 |     0 |    0 |      1.015
   207 | 0x003ff5b6    |     -1.286133 |     0 |    0 |      1.015
   208 | 0x003ff7c1    |     -1.030762 |     0 |    0 |      1.015
   209 | 0x003ff725    |     -1.106934 |     0 |    0 |      1.010
   210 | 0x003ff6d2    |     -1.147461 |     0 |    0 |      1.015
   211 | 0x003ff6e2    |     -1.139648 |     0 |    0 |      1.015
   212 | 0x003ff58a    |     -1.307617 |     0 |    0 |      1.015
   213 | 0x003ff67d    |     -1.188965 |     0 |    0 |      1.010
   214 | 0x003ff86e    |     -0.946289 |     0 |    0 |      1.015
   215 | 0x003ff75d    |     -1.079590 |     0 |    0 |      1.015
   216 | 0x003ff6ce    |     -1.149414 |     0 |    0 |      1.015
   217 | 0x003ff6e4    |     -1.138672 |     0 |    0 |      1.010
   218 | 0x003ff630    |     -1.226562 |     0 |    0 |      1.015
   219 | 0x003ff709    |     -1.120605 |     0 |    0 |      1.015
   220 | 0x003ff85e    |     -0.954102 |     0 |    0 |      1.015
   221 | 0x003ff715    |     -1.114746 |     0 |    0 |      1.010
   222 | 0x003ff5e5    |     -1.263184 |     0 |    0 |      1.015
   223 | 0x003ff60b    |     -1.244629 |     0 |    0 |      1.015
   224 | 0x003ff65b    |     -1.205566 |     0 |    0 |      1.015
   225 | 0x003ff6fd    |     -1.126465 |     0 |    0 |      1.010
   226 | 0x003ff837    |     -0.973145 |     0 |    0 |      1.015
   227 | 0x003ff689    |     -1.183105 |     0 |    0 |      1.015
   228 | 0x003ff56f    |     -1.320801 |     0 |    0 |      1.015
   229 | 0x003ff62d    |     -1.228027 |     0 |    0 |      1.010
   230 | 0x003ff6c4    |     -1.154297 |     0 |    0 |      1.015
   231 | 0x003ff6b6    |     -1.161133 |     0 |    0 |      1.015
   232 | 0x003ff7b9    |     -1.034668 |     0 |    0 |      1.015
   233 | 0x003ff616    |     -1.239258 |     0 |    0 |      1.010
   234 | 0x003ff557    |     -1.332520 |     0 |    0 |      1.015
   235 | 0x003ff5da    |     -1.268555 |     0 |    0 |      1.015
   236 | 0x003ff685    |     -1.185059 |     0 |    0 |      1.015
   237 | 0x003ff6ac    |     -1.166016 |     0 |    0 |      1.010
   238 | 0x003ff74c    |     -1.087891 |     0 |    0 |      1.015
   239 | 0x003ff582    |     -1.311523 |     0 |    0 |      1.015
   240 | 0x003ff528    |     -1.355469 |     0 |    0 |      1.015
   241 | 0x003ff613    |     -1.240723 |     0 |    0 |      1.010
   242 | 0x003ff6f0    |     -1.132812 |     0 |    0 |      1.015
   243 | 0x003ff6c3    |     -1.154785 |     0 |    0 |      1.015
   244 | 0x003ff72d    |     -1.103027 |     0 |    0 |      1.015
   245 | 0x003ff640    |     -1.218750 |     0 |    0 |      1.010
   246 | 0x003ff5f6    |     -1.254883 |     0 |    0 |      1.015
   247 | 0x003ff6b6    |     -1.161133 |     0 |    0 |      1.015
   248 | 0x003ff750    |     -1.085938 |     0 |    0 |      1.015
   249 | 0x003ff71b    |     -1.111816 |     0 |    0 |      1.010
   250 | 0x003ff75a    |     -1.081055 |     0 |    0 |      1.015
   251 | 0x003ff6ae    |     -1.165039 |     0 |    0 |      1.015
   252 | 0x003ff6b1    |     -1.163574 |     0 |    0 |      1.015
   253 | 0x003ff735    |     -1.099121 |     0 |    0 |      1.010
   254 | 0x003ff802    |     -0.999023 |     0 |    0 |      1.015
   255 | 0x003ff741    |     -1.093262 |     0 |    0 |      1.015
   256 | 0x003ff6af    |     -1.164551 |     0 |    0 |      1.015
   257 | 0x003ff6f0    |     -1.132812 |     0 |    0 |      1.010
   258 | 0x003ff77c    |     -1.064453 |     0 |    0 |      1.015
   259 | 0x003ff81c    |     -0.986328 |     0 |    0 |      1.015
   260 | 0x003ff7bf    |     -1.031738 |     0 |    0 |      1.015
   261 | 0x003ff6a2    |     -1.170898 |     0 |    0 |      1.010
   262 | 0x003ff6e1    |     -1.140137 |     0 |    0 |      1.015
   263 | 0x003ff668    |     -1.199219 |     0 |    0 |      1.015
   264 | 0x003ff748    |     -1.089844 |     0 |    0 |      1.015
   265 | 0x003ff70a    |     -1.120117 |     0 |    0 |      1.010
   266 | 0x003ff691    |     -1.179199 |     0 |    0 |      1.015
   267 | 0x003ff604    |     -1.248047 |     0 |    0 |      1.015
   268 | 0x003ff609    |     -1.245605 |     0 |    0 |      1.015
   269 | 0x003ff631    |     -1.226074 |     0 |    0 |      1.010
   270 | 0x003ff75c    |     -1.080078 |     0 |    0 |      1.015
   271 | 0x003ff6e5    |     -1.138184 |     0 |    0 |      1.015
   272 | 0x003ff5a2    |     -1.295898 |     0 |    0 |      1.015
   273 | 0x003ff53a    |     -1.346680 |     0 |    0 |      1.010
   274 | 0x003ff5ab    |     -1.291504 |     0 |    0 |      1.015
   275 | 0x003ff5bc    |     -1.283203 |     0 |    0 |      1.015
   276 | 0x003ff609    |     -1.245605 |     0 |    0 |      1.015
   277 | 0x003ff571    |     -1.319824 |     0 |    0 |      1.010
   278 | 0x003ff470    |     -1.445312 |     0 |    0 |      1.015
   279 | 0x003ff468    |     -1.449219 |     0 |    0 |      1.015
   280 | 0x003ff4e6    |     -1.387695 |     0 |    0 |      1.015
   281 | 0x003ff5cc    |     -1.275391 |     0 |    0 |      1.010
   282 | 0x003ff625    |     -1.231934 |     0 |    0 |      1.015
   283 | 0x003ff5cc    |     -1.275391 |     0 |    0 |      1.015
   284 | 0x003ff46b    |     -1.447754 |     0 |    0 |      1.015
   285 | 0x003ff554    |     -1.333984 |     0 |    0 |      1.010
   286 | 0x003ff610    |     -1.242188 |     0 |    0 |      1.015
   287 | 0x003ff66a    |     -1.198242 |     0 |    0 |      1.015
   288 | 0x003ff62c    |     -1.228516 |     0 |    0 |      1.015
   289 | 0x003ff621    |     -1.233887 |     0 |    0 |      1.010
   290 | 0x003ff58e    |     -1.305664 |     0 |    0 |      1.015
   291 | 0x003ff684    |     -1.185547 |     0 |    0 |      1.015
   292 | 0x003ff6cd    |     -1.149902 |     0 |    0 |      1.015
   293 | 0x003ff6b2    |     -1.163086 |     0 |    0 |      1.010
   294 | 0x003ff6f5    |     -1.130371 |     0 |    0 |      1.015
   295 | 0x003ff709    |     -1.120605 |     0 |    0 |      1.015
   296 | 0x003ff696    |     -1.176758 |     0 |    0 |      1.015
   297 | 0x003ff776    |     -1.067383 |     0 |    0 |      1.010
   298 | 0x003ff71e    |     -1.110352 |     0 |    0 |      1.015
   299 | 0x003ff711    |     -1.116699 |     0 |    0 |      1.015
   300 | 0x003ff6eb    |     -1.135254 |     0 |    0 |      1.015
   301 | 0x003ff74c    |     -1.087891 |     0 |    0 |      1.010
   302 | 0x003ff72d    |     -1.103027 |     0 |    0 |      1.015
   303 | 0x003ff786    |     -1.059570 |     0 |    0 |      1.015
   304 | 0x003ff756    |     -1.083008 |     0 |    0 |      1.015
   305 | 0x003ff72e    |     -1.102539 |     0 |    0 |      1.010
   306 | 0x003ff710    |     -1.117188 |     0 |    0 |      1.015
   307 | 0x003ff810    |     -0.992188 |     0 |    0 |      1.015
   308 | 0x003ff7f7    |     -1.004395 |     0 |    0 |      1.015
   309 | 0x003ff70e    |     -1.118164 |     0 |    0 |      1.010
   310 | 0x003ff71f    |     -1.109863 |     0 |    0 |      1.015
   311 | 0x003ff6bd    |     -1.157715 |     0 |    0 |      1.015
   312 | 0x003ff67d    |     -1.188965 |     0 |    0 |      1.015
   313 | 0x003ff751    |     -1.085449 |     0 |    0 |      1.010
   314 | 0x003ff713    |     -1.115723 |     0 |    0 |      1.015
   315 | 0x003ff611    |     -1.241699 |     0 |    0 |      1.015
   316 | 0x003ff6bf    |     -1.156738 |     0 |    0 |      1.015
   317 | 0x003ff660    |     -1.203125 |     0 |    0 |      1.010
   318 | 0x003ff624    |     -1.232422 |     0 |    0 |      1.015
   319 | 0x003ff680    |     -1.187500 |     0 |    0 |      1.015
   320 | 0x003ff5c3    |     -1.279785 |     0 |    0 |      1.015
   321 | 0x003ff483    |     -1.436035 |     0 |    0 |      1.010
   322 | 0x003ff5a8    |     -1.292969 |     0 |    0 |      1.015
   323 | 0x003ff601    |     -1.249512 |     0 |    0 |      1.015
   324 | 0x003ff5b2    |     -1.288086 |     0 |    0 |      1.015
   325 | 0x003ff5c3    |     -1.279785 |     0 |    0 |      1.010
   326 | 0x003ff552    |     -1.334961 |     0 |    0 |      1.015
   327 | 0x003ff3e6    |     -1.512695 |     0 |    0 |      1.015
   328 | 0x003ff50e    |     -1.368164 |     0 |    0 |      1.015
   329 | 0x003ff5a0    |     -1.296875 |     0 |    0 |      1.010
   330 | 0x003ff577    |     -1.316895 |     0 |    0 |      1.015
   331 | 0x003ff58e    |     -1.305664 |     0 |    0 |      1.015
   332 | 0x003ff4fc    |     -1.376953 |     0 |    0 |      1.015
   333 | 0x003ff3ca    |     -1.526367 |     0 |    0 |      1.010
   334 | 0x003ff53c    |     -1.345703 |     0 |    0 |      1.015
   335 | 0x003ff60e    |     -1.243164 |     0 |    0 |      1.015
   336 | 0x003ff5bf    |     -1.281738 |     0 |    0 |      1.015
   337 | 0x003ff5a8    |     -1.292969 |     0 |    0 |      1.010
   338 | 0x003ff536    |     -1.348633 |     0 |    0 |      1.015
   339 | 0x003ff46e    |     -1.446289 |     0 |    0 |      1.015
   340 | 0x003ff577    |     -1.316895 |     0 |    0 |      1.015
   341 | 0x003ff5bc    |     -1.283203 |     0 |    0 |      1.010
   342 | 0x003ff5f7    |     -1.254395 |     0 |    0 |      1.015
   343 | 0x003ff564    |     -1.326172 |     0 |    0 |      1.015
   344 | 0x003ff480    |     -1.437500 |     0 |    0 |      1.015
   345 | 0x003ff424    |     -1.482422 |     0 |    0 |      1.010
   346 | 0x003ff57d    |     -1.313965 |     0 |    0 |      1.015
   347 | 0x003ff566    |     -1.325195 |     0 |    0 |      1.015
   348 | 0x003ff5cf    |     -1.273926 |     0 |    0 |      1.015
   349 | 0x003ff4e5    |     -1.388184 |     0 |    0 |      1.010
   350 | 0x003ff401    |     -1.499512 |     0 |    0 |      1.015
   351 | 0x003ff50d    |     -1.368652 |     0 |    0 |      1.015
   352 | 0x003ff5de    |     -1.266602 |     0 |    0 |      1.015
   353 | 0x003ff576    |     -1.317383 |     0 |    0 |      1.010
   354 | 0x003ff61f    |     -1.234863 |     0 |    0 |      1.015
   355 | 0x003ff531    |     -1.351074 |     0 |    0 |      1.015
   356 | 0x003ff42b    |     -1.479004 |     0 |    0 |      1.015
   357 | 0x003ff593    |     -1.303223 |     0 |    0 |      1.010
   358 | 0x003ff676    |     -1.192383 |     0 |    0 |      1.015
   359 | 0x003ff5c6    |     -1.278320 |     0 |    0 |      1.015
   360 | 0x003ff606    |     -1.247070 |     0 |    0 |      1.015
   361 | 0x003ff4c5    |     -1.403809 |     0 |    0 |      1.010
   362 | 0x003ff48c    |     -1.431641 |     0 |    0 |      1.015
   363 | 0x003ff645    |     -1.216309 |     0 |    0 |      1.015
   364 | 0x003ff665    |     -1.200684 |     0 |    0 |      1.015
   365 | 0x003ff5a6    |     -1.293945 |     0 |    0 |      1.010
   366 | 0x003ff61f    |     -1.234863 |     0 |    0 |      1.015
   367 | 0x003ff493    |     -1.428223 |     0 |    0 |      1.015
   368 | 0x003ff48f    |     -1.430176 |     0 |    0 |      1.015
   369 | 0x003ff6af    |     -1.164551 |     0 |    0 |      1.010
   370 | 0x003ff62e    |     -1.227539 |     0 |    0 |      1.015
   371 | 0x003ff57e    |     -1.313477 |     0 |    0 |      1.015
   372 | 0x003ff5bf    |     -1.281738 |     0 |    0 |      1.015
   373 | 0x003ff403    |     -1.498535 |     0 |    0 |      1.010
   374 | 0x003ff4c2    |     -1.405273 |     0 |    0 |      1.015
   375 | 0x003ff6bc    |     -1.158203 |     0 |    0 |      1.015
   376 | 0x003ff609    |     -1.245605 |     0 |    0 |      1.015
   377 | 0x003ff5ec    |     -1.259766 |     0 |    0 |      1.010
   378 | 0x003ff57f    |     -1.312988 |     0 |    0 |      1.015
   379 | 0x003ff451    |     -1.460449 |     0 |    0 |      1.015
   380 | 0x003ff582    |     -1.311523 |     0 |    0 |      1.015
   381 | 0x003ff69e    |     -1.172852 |     0 |    0 |      1.010
   382 | 0x003ff5ec    |     -1.259766 |     0 |    0 |      1.015
   383 | 0x003ff5b1    |     -1.288574 |     0 |    0 |      1.015
   384 | 0x003ff5a4    |     -1.294922 |     0 |    0 |      1.015
   385 | 0x003ff4a7    |     -1.418457 |     0 |    0 |      1.010
   386 | 0x003ff533    |     -1.350098 |     0 |    0 |      1.015
   387 | 0x003ff683    |     -1.186035 |     0 |    0 |      1.015
   388 | 0x003ff566    |     -1.325195 |     0 |    0 |      1.015
   389 | 0x003ff51b    |     -1.361816 |     0 |    0 |      1.010
   390 | 0x003ff556    |     -1.333008 |     0 |    0 |      1.015
   391 | 0x003ff511    |     -1.366699 |     0 |    0 |      1.015
   392 | 0x003ff4ff    |     -1.375488 |     0 |    0 |      1.015
   393 | 0x003ff5d1    |     -1.272949 |     0 |    0 |      1.010
   394 | 0x003ff4fb    |     -1.377441 |     0 |    0 |      1.015
   395 | 0x003ff4f5    |     -1.380371 |     0 |    0 |      1.015
   396 | 0x003ff5b5    |     -1.286621 |     0 |    0 |      1.015
   397 | 0x003ff537    |     -1.348145 |     0 |    0 |      1.010
   398 | 0x003ff4cd    |     -1.399902 |     0 |    0 |      1.015
   399 | 0x003ff5ce    |     -1.274414 |     0 |    0 |      1.015
   400 | 0x003ff4ba    |     -1.409180 |     0 |    0 |      1.015
   401 | 0x003ff4d6    |     -1.395508 |     0 |    0 |      1.010
   402 | 0x003ff5ee    |     -1.258789 |     0 |    0 |      1.015
   403 | 0x003ff56d    |     -1.321777 |     0 |    0 |      1.015
   404 | 0x003ff56f    |     -1.320801 |     0 |    0 |      1.015
   405 | 0x003ff690    |     -1.179688 |     0 |    0 |      1.010
   406 | 0x003ff550    |     -1.335938 |     0 |    0 |      1.015
   407 | 0x003ff603    |     -1.248535 |     0 |    0 |      1.015
   408 | 0x003ff690    |     -1.179688 |     0 |    0 |      1.015
   409 | 0x003ff553    |     -1.334473 |     0 |    0 |      1.010
   410 | 0x003ff5bb    |     -1.283691 |     0 |    0 |      1.015
   411 | 0x003ff735    |     -1.099121 |     0 |    0 |      1.015
   412 | 0x003ff5ad    |     -1.290527 |     0 |    0 |      1.015
   413 | 0x003ff6ab    |     -1.166504 |     0 |    0 |      1.010
   414 | 0x003ff71e    |     -1.110352 |     0 |    0 |      1.015
   415 | 0x003ff656    |     -1.208008 |     0 |    0 |      1.015
   416 | 0x003ff67f    |     -1.187988 |     0 |    0 |      1.015
   417 | 0x003ff814    |     -0.990234 |     0 |    0 |      1.010
   418 | 0x003ff6cf    |     -1.148926 |     0 |    0 |      1.015
   419 | 0x003ff763    |     -1.076660 |     0 |    0 |      1.015
   420 | 0x003ff711    |     -1.116699 |     0 |    0 |      1.015
   421 | 0x003ff5f9    |     -1.253418 |     0 |    0 |      1.010
   422 | 0x003ff674    |     -1.193359 |     0 |    0 |      1.015
   423 | 0x003ff803    |     -0.998535 |     0 |    0 |      1.015
   424 | 0x003ff6f1    |     -1.132324 |     0 |    0 |      1.015
   425 | 0x003ff723    |     -1.107910 |     0 |    0 |      1.010
   426 | 0x003ff6ef    |     -1.133301 |     0 |    0 |      1.015
   427 | 0x003ff66e    |     -1.196289 |     0 |    0 |      1.015
   428 | 0x003ff661    |     -1.202637 |     0 |    0 |      1.015
   429 | 0x003ff797    |     -1.051270 |     0 |    0 |      1.010
   430 | 0x003ff713    |     -1.115723 |     0 |    0 |      1.015
   431 | 0x003ff642    |     -1.217773 |     0 |    0 |      1.015
   432 | 0x003ff699    |     -1.175293 |     0 |    0 |      1.015
   433 | 0x003ff653    |     -1.209473 |     0 |    0 |      1.010
   434 | 0x003ff66e    |     -1.196289 |     0 |    0 |      1.015
   435 | 0x003ff734    |     -1.099609 |     0 |    0 |      1.015
   436 | 0x003ff743    |     -1.092285 |     0 |    0 |      1.015
   437 | 0x003ff66f    |     -1.195801 |     0 |    0 |      1.010
   438 | 0x003ff70e    |     -1.118164 |     0 |    0 |      1.015
   439 | 0x003ff6e6    |     -1.137695 |     0 |    0 |      1.015
   440 | 0x003ff6bc    |     -1.158203 |     0 |    0 |      1.015
   441 | 0x003ff6c5    |     -1.153809 |     0 |    0 |      1.010
   442 | 0x003ff74a    |     -1.088867 |     0 |    0 |      1.015
   443 | 0x003ff637    |     -1.223145 |     0 |    0 |      1.015
   444 | 0x003ff6de    |     -1.141602 |     0 |    0 |      1.015
   445 | 0x003ff614    |     -1.240234 |     0 |    0 |      1.010
   446 | 0x003ff5df    |     -1.266113 |     0 |    0 |      1.015
   447 | 0x003ff610    |     -1.242188 |     0 |    0 |      1.015
   448 | 0x003ff722    |     -1.108398 |     0 |    0 |      1.015
   449 | 0x003ff75a    |     -1.081055 |     0 |    0 |      1.010
   450 | 0x003ff7a3    |     -1.045410 |     0 |    0 |      1.015
   451 | 0x003ff675    |     -1.192871 |     0 |    0 |      1.015
   452 | 0x003ff635    |     -1.224121 |     0 |    0 |      1.015
   453 | 0x003ff683    |     -1.186035 |     0 |    0 |      1.010
   454 | 0x003ff6c8    |     -1.152344 |     0 |    0 |      1.015
   455 | 0x003ff7cb    |     -1.025879 |     0 |    0 |      1.015
   456 | 0x003ff745    |     -1.091309 |     0 |    0 |      1.015
   457 | 0x003ff542    |     -1.342773 |     0 |    0 |      1.010
   458 | 0x003ff503    |     -1.373535 |     0 |    0 |      1.015
   459 | 0x003ff6d1    |     -1.147949 |     0 |    0 |      1.015
   460 | 0x003ff683    |     -1.186035 |     0 |    0 |      1.015
   461 | 0x003ff7e2    |     -1.014648 |     0 |    0 |      1.010
   462 | 0x003ff6a5    |     -1.169434 |     0 |    0 |      1.015
   463 | 0x003ff4ca    |     -1.401367 |     0 |    0 |      1.015
   464 | 0x003ff4e3    |     -1.389160 |     0 |    0 |      1.015
   465 | 0x003ff5eb    |     -1.260254 |     0 |    0 |      1.010
   466 | 0x003ff4b3    |     -1.412598 |     0 |    0 |      1.015
   467 | 0x003ff6f8    |     -1.128906 |     0 |    0 |      1.015
   468 | 0x003ff59d    |     -1.298340 |     0 |    0 |      1.015
   469 | 0x003ff416    |     -1.489258 |     0 |    0 |      1.010
   470 | 0x003ff4c3    |     -1.404785 |     0 |    0 |      1.015
   471 | 0x003ff609    |     -1.245605 |     0 |    0 |      1.015
   472 | 0x003ff465    |     -1.450684 |     0 |    0 |      1.015
   473 | 0x003ff5f9    |     -1.253418 |     0 |    0 |      1.010
   474 | 0x003ff4a1    |     -1.421387 |     0 |    0 |      1.015
   475 | 0x003ff389    |     -1.558105 |     0 |    0 |      1.015
   476 | 0x003ff448    |     -1.464844 |     0 |    0 |      1.015
   477 | 0x003ff4ef    |     -1.383301 |     0 |    0 |      1.010
   478 | 0x003ff3bb    |     -1.533691 |     0 |    0 |      1.015
   479 | 0x003ff4d1    |     -1.397949 |     0 |    0 |      1.015
   480 | 0x003ff406    |     -1.497070 |     0 |    0 |      1.015
   481 | 0x003ff399    |     -1.550293 |     0 |    0 |      1.010
   482 | 0x003ff411    |     -1.491699 |     0 |    0 |      1.015
   483 | 0x003ff48b    |     -1.432129 |     0 |    0 |      1.015
   484 | 0x003ff3dc    |     -1.517578 |     0 |    0 |      1.015
   485 | 0x003ff519    |     -1.362793 |     0 |    0 |      1.010
   486 | 0x003ff42d    |     -1.478027 |     0 |    0 |      1.015
   487 | 0x003ff38e    |     -1.555664 |     0 |    0 |      1.015
   488 | 0x003ff482    |     -1.436523 |     0 |    0 |      1.015
   489 | 0x003ff46b    |     -1.447754 |     0 |    0 |      1.010
   490 | 0x003ff3ff    |     -1.500488 |     0 |    0 |      1.015
   491 | 0x003ff51e    |     -1.360352 |     0 |    0 |      1.015
   492 | 0x003ff48a    |     -1.432617 |     0 |    0 |      1.015
   493 | 0x003ff3c9    |     -1.526855 |     0 |    0 |      1.010
   494 | 0x003ff485    |     -1.435059 |     0 |    0 |      1.015
   495 | 0x003ff44c    |     -1.462891 |     0 |    0 |      1.015
   496 | 0x003ff415    |     -1.489746 |     0 |    0 |      1.015
   497 | 0x003ff545    |     -1.341309 |     0 |    0 |      1.010
   498 | 0x003ff4b1    |     -1.413574 |     0 |    0 |      1.015
   499 | 0x003ff3a6    |     -1.543945 |     0 |    0 |      1.015
   500 | 0x003ff464    |     -1.451172 |     0 |    0 |      1.015
   501 | 0x003ff424    |     -1.482422 |     0 |    0 |      1.010
   502 | 0x003ff461    |     -1.452637 |     0 |    0 |      1.015
   503 | 0x003ff57e    |     -1.313477 |     0 |    0 |      1.015
   504 | 0x003ff55d    |     -1.329590 |     0 |    0 |      1.015
   505 | 0x003ff4b4    |     -1.412109 |     0 |    0 |      1.010
   506 | 0x003ff550    |     -1.335938 |     0 |    0 |      1.015
   507 | 0x003ff4ef    |     -1.383301 |     0 |    0 |      1.015
   508 | 0x003ff4df    |     -1.391113 |     0 |    0 |      1.015
   509 | 0x003ff56e    |     -1.321289 |     0 |    0 |      1.010
   510 | 0x003ff54f    |     -1.336426 |     0 |    0 |      1.015
   511 | 0x003ff529    |     -1.354980 |     0 |    0 |      1.015
   512 | 0x003ff577    |     -1.316895 |     0 |    0 |      1.015
   513 | 0x003ff4c6    |     -1.403320 |     0 |    0 |      1.010
   514 | 0x003ff5d1    |     -1.272949 |     0 |    0 |      1.015
   515 | 0x003ff5f8    |     -1.253906 |     0 |    0 |      1.015
   516 | 0x003ff570    |     -1.320312 |     0 |    0 |      1.015
   517 | 0x003ff62a    |     -1.229492 |     0 |    0 |      1.010
   518 | 0x003ff623    |     -1.232910 |     0 |    0 |      1.015
   519 | 0x003ff598    |     -1.300781 |     0 |    0 |      1.015
   520 | 0x003ff6b8    |     -1.160156 |     0 |    0 |      1.015
   521 | 0x003ff61a    |     -1.237305 |     0 |    0 |      1.010
   522 | 0x003ff630    |     -1.226562 |     0 |    0 |      1.015
   523 | 0x003ff77b    |     -1.064941 |     0 |    0 |      1.015
   524 | 0x003ff6cf    |     -1.148926 |     0 |    0 |      1.015
   525 | 0x003ff5de    |     -1.266602 |     0 |    0 |      1.010
   526 | 0x003ff6d3    |     -1.146973 |     0 |    0 |      1.015
   527 | 0x003ff6f3    |     -1.131348 |     0 |    0 |      1.015
   528 | 0x003ff62b    |     -1.229004 |     0 |    0 |      1.015
   529 | 0x003ff79a    |     -1.049805 |     0 |    0 |      1.010
   530 | 0x003ff69e    |     -1.172852 |     0 |    0 |      1.015
   531 | 0x003ff5ee    |     -1.258789 |     0 |    0 |      1.015
   532 | 0x003ff6c2    |     -1.155273 |     0 |    0 |      1.015
   533 | 0x003ff68a    |     -1.182617 |     0 |    0 |      1.010
   534 | 0x003ff606    |     -1.247070 |     0 |    0 |      1.015
   535 | 0x003ff7c8    |     -1.027344 |     0 |    0 |      1.015
   536 | 0x003ff614    |     -1.240234 |     0 |    0 |      1.015
   537 | 0x003ff5ce    |     -1.274414 |     0 |    0 |      1.010
   538 | 0x003ff61b    |     -1.236816 |     0 |    0 |      1.015
   539 | 0x003ff60d    |     -1.243652 |     0 |    0 |      1.015
   540 | 0x003ff601    |     -1.249512 |     0 |    0 |      1.015
   541 | 0x003ff771    |     -1.069824 |     0 |    0 |      1.010
   542 | 0x003ff636    |     -1.223633 |     0 |    0 |      1.015
   543 | 0x003ff664    |     -1.201172 |     0 |    0 |      1.015
   544 | 0x003ff61d    |     -1.235840 |     0 |    0 |      1.015
   545 | 0x003ff5dc    |     -1.267578 |     0 |    0 |      1.010
   546 | 0x003ff685    |     -1.185059 |     0 |    0 |      1.015
   547 | 0x003ff770    |     -1.070312 |     0 |    0 |      1.015
   548 | 0x003ff5da    |     -1.268555 |     0 |    0 |      1.015
   549 | 0x003ff600    |     -1.250000 |     0 |    0 |      1.010
   550 | 0x003ff530    |     -1.351562 |     0 |    0 |      1.015
   551 | 0x003ff4c7    |     -1.402832 |     0 |    0 |      1.015
   552 | 0x003ff614    |     -1.240234 |     0 |    0 |      1.015
   553 | 0x003ff759    |     -1.081543 |     0 |    0 |      1.010
   554 | 0x003ff66d    |     -1.196777 |     0 |    0 |      1.015
   555 | 0x003ff657    |     -1.207520 |     0 |    0 |      1.015
   556 | 0x003ff591    |     -1.304199 |     0 |    0 |      1.015
   557 | 0x003ff5b3    |     -1.287598 |     0 |    0 |      1.010
   558 | 0x003ff750    |     -1.085938 |     0 |    0 |      1.015
   559 | 0x003ff79d    |     -1.048340 |     0 |    0 |      1.015
   560 | 0x003ff6eb    |     -1.135254 |     0 |    0 |      1.015
   561 | 0x003ff64d    |     -1.212402 |     0 |    0 |      1.010
   562 | 0x003ff540    |     -1.343750 |     0 |    0 |      1.015
   563 | 0x003ff509    |     -1.370605 |     0 |    0 |      1.015
   564 | 0x003ff748    |     -1.089844 |     0 |    0 |      1.015
   565 | 0x003ff7f6    |     -1.004883 |     0 |    0 |      1.010
   566 | 0x003ff7a2    |     -1.045898 |     0 |    0 |      1.015
   567 | 0x003ff6b3    |     -1.162598 |     0 |    0 |      1.015
   568 | 0x003ff68d    |     -1.181152 |     0 |    0 |      1.015
   569 | 0x003ff64a    |     -1.213867 |     0 |    0 |      1.010
   570 | 0x003ff7f1    |     -1.007324 |     0 |    0 |      1.015
   571 | 0x003ff89b    |     -0.924316 |     0 |    0 |      1.015
   572 | 0x003ff727    |     -1.105957 |     0 |    0 |      1.015
   573 | 0x003ff5db    |     -1.268066 |     0 |    0 |      1.010
   574 | 0x003ff62c    |     -1.228516 |     0 |    0 |      1.015
   575 | 0x003ff700    |     -1.125000 |     0 |    0 |      1.015
   576 | 0x003ff81b    |     -0.986816 |     0 |    0 |      1.015
   577 | 0x003ff960    |     -0.828125 |     0 |    0 |      1.010
   578 | 0x003ff7ca    |     -1.026367 |     0 |    0 |      1.015
   579 | 0x003ff739    |     -1.097168 |     0 |    0 |      1.015
   580 | 0x003ff75b    |     -1.080566 |     0 |    0 |      1.015
   581 | 0x003ff7cb    |     -1.025879 |     0 |    0 |      1.010
   582 | 0x003ff878    |     -0.941406 |     0 |    0 |      1.015
   583 | 0x003ff9a0    |     -0.796875 |     0 |    0 |      1.015
   584 | 0x003ff7e9    |     -1.011230 |     0 |    0 |      1.015
   585 | 0x003ff68e    |     -1.180664 |     0 |    0 |      1.010
   586 | 0x003ff7d1    |     -1.022949 |     0 |    0 |      1.015
   587 | 0x003ff729    |     -1.104980 |     0 |    0 |      1.015
   588 | 0x003ff735    |     -1.099121 |     0 |    0 |      1.015
   589 | 0x003ff8a4    |     -0.919922 |     0 |    0 |      1.010
   590 | 0x003ff7ca    |     -1.026367 |     0 |    0 |      1.015
   591 | 0x003ff76a    |     -1.073242 |     0 |    0 |      1.015
   592 | 0x003ff858    |     -0.957031 |     0 |    0 |      1.015
   593 | 0x003ff688    |     -1.183594 |     0 |    0 |      1.010
   594 | 0x003ff755    |     -1.083496 |     0 |    0 |      1.015
   595 | 0x003ff8c2    |     -0.905273 |     0 |    0 |      1.015
   596 | 0x003ff780    |     -1.062500 |     0 |    0 |      1.015
   597 | 0x003ff6e2    |     -1.139648 |     0 |    0 |      1.010
   598 | 0x003ff7a2    |     -1.045898 |     0 |    0 |      1.015
   599 | 0x003ff5a9    |     -1.292480 |     0 |    0 |      1.015
   600 | 0x003ff5fc    |     -1.251953 |     0 |    0 |      1.015
   601 | 0x003ff7a5    |     -1.044434 |     0 |    0 |      1.010
   602 | 0x003ff756    |     -1.083008 |     0 |    0 |      1.015
   603 | 0x003ff704    |     -1.123047 |     0 |    0 |      1.015
   604 | 0x003ff768    |     -1.074219 |     0 |    0 |      1.015
   605 | 0x003ff549    |     -1.339355 |     0 |    0 |      1.010
   606 | 0x003ff5f8    |     -1.253906 |     0 |    0 |      1.015
   607 | 0x003ff6f2    |     -1.131836 |     0 |    0 |      1.015
   608 | 0x003ff607    |     -1.246582 |     0 |    0 |      1.015
   609 | 0x003ff63a    |     -1.221680 |     0 |    0 |      1.010
   610 | 0x003ff6d3    |     -1.146973 |     0 |    0 |      1.015
   611 | 0x003ff51c    |     -1.361328 |     0 |    0 |      1.015
   612 | 0x003ff61c    |     -1.236328 |     0 |    0 |      1.015
   613 | 0x003ff686    |     -1.184570 |     0 |    0 |      1.010
   614 | 0x003ff591    |     -1.304199 |     0 |    0 |      1.015
   615 | 0x003ff6a5    |     -1.169434 |     0 |    0 |      1.015
   616 | 0x003ff780    |     -1.062500 |     0 |    0 |      1.015
   617 | 0x003ff5c3    |     -1.279785 |     0 |    0 |      1.010
   618 | 0x003ff647    |     -1.215332 |     0 |    0 |      1.015
   619 | 0x003ff658    |     -1.207031 |     0 |    0 |      1.015
   620 | 0x003ff554    |     -1.333984 |     0 |    0 |      1.015
   621 | 0x003ff6d5    |     -1.145996 |     0 |    0 |      1.010
   622 | 0x003ff716    |     -1.114258 |     0 |    0 |      1.015
   623 | 0x003ff542    |     -1.342773 |     0 |    0 |      1.015
   624 | 0x003ff5ce    |     -1.274414 |     0 |    0 |      1.015
   625 | 0x003ff513    |     -1.365723 |     0 |    0 |      1.010
   626 | 0x003ff537    |     -1.348145 |     0 |    0 |      1.015
   627 | 0x003ff6b0    |     -1.164062 |     0 |    0 |      1.015
   628 | 0x003ff71a    |     -1.112305 |     0 |    0 |      1.015
   629 | 0x003ff5aa    |     -1.291992 |     0 |    0 |      1.010
   630 | 0x003ff5a3    |     -1.295410 |     0 |    0 |      1.015
   631 | 0x003ff54b    |     -1.338379 |     0 |    0 |      1.015
   632 | 0x003ff623    |     -1.232910 |     0 |    0 |      1.015
   633 | 0x003ff706    |     -1.122070 |     0 |    0 |      1.010
   634 | 0x003ff6cb    |     -1.150879 |     0 |    0 |      1.015
   635 | 0x003ff52e    |     -1.352539 |     0 |    0 |      1.015
   636 | 0x003ff54e    |     -1.336914 |     0 |    0 |      1.015
   637 | 0x003ff4a0    |     -1.421875 |     0 |    0 |      1.010
   638 | 0x003ff5bc    |     -1.283203 |     0 |    0 |      1.015
   639 | 0x003ff5de    |     -1.266602 |     0 |    0 |      1.015
   640 | 0x003ff62a    |     -1.229492 |     0 |    0 |      1.015
   641 | 0x003ff4fb    |     -1.377441 |     0 |    0 |      1.010
   642 | 0x003ff4e4    |     -1.388672 |     0 |    0 |      1.015
   643 | 0x003ff47d    |     -1.438965 |     0 |    0 |      1.015
   644 | 0x003ff50b    |     -1.369629 |     0 |    0 |      1.015
   645 | 0x003ff52f    |     -1.352051 |     0 |    0 |      1.010
   646 | 0x003ff4e4    |     -1.388672 |     0 |    0 |      1.015
   647 | 0x003ff3e6    |     -1.512695 |     0 |    0 |      1.015
   648 | 0x003ff451    |     -1.460449 |     0 |    0 |      1.015
   649 | 0x003ff49d    |     -1.423340 |     0 |    0 |      1.010
   650 | 0x003ff477    |     -1.441895 |     0 |    0 |      1.015
   651 | 0x003ff419    |     -1.487793 |     0 |    0 |      1.015
   652 | 0x003ff3ba    |     -1.534180 |     0 |    0 |      1.015
   653 | 0x003ff45d    |     -1.454590 |     0 |    0 |      1.010
   654 | 0x003ff49d    |     -1.423340 |     0 |    0 |      1.015
   655 | 0x003ff499    |     -1.425293 |     0 |    0 |      1.015
   656 | 0x003ff3ea    |     -1.510742 |     0 |    0 |      1.015
   657 | 0x003ff404    |     -1.498047 |     0 |    0 |      1.010
   658 | 0x003ff2fe    |     -1.625977 |     0 |    0 |      1.015
   659 | 0x003ff49b    |     -1.424316 |     0 |    0 |      1.015
   660 | 0x003ff50b    |     -1.369629 |     0 |    0 |      1.015
   661 | 0x003ff4c0    |     -1.406250 |     0 |    0 |      1.010
   662 | 0x003ff3af    |     -1.539551 |     0 |    0 |      1.015
   663 | 0x003ff436    |     -1.473633 |     0 |    0 |      1.015
   664 | 0x003ff430    |     -1.476562 |     0 |    0 |      1.015
   665 | 0x003ff5bb    |     -1.283691 |     0 |    0 |      1.010
   666 | 0x003ff545    |     -1.341309 |     0 |    0 |      1.015
   667 | 0x003ff486    |     -1.434570 |     0 |    0 |      1.015
   668 | 0x003ff448    |     -1.464844 |     0 |    0 |      1.015
   669 | 0x003ff505    |     -1.372559 |     0 |    0 |      1.010
   670 | 0x003ff467    |     -1.449707 |     0 |    0 |      1.015
   671 | 0x003ff6d1    |     -1.147949 |     0 |    0 |      1.015
   672 | 0x003ff666    |     -1.200195 |     0 |    0 |      1.015
   673 | 0x003ff5a4    |     -1.294922 |     0 |    0 |      1.010
   674 | 0x003ff56d    |     -1.321777 |     0 |    0 |      1.015
   675 | 0x003ff68f    |     -1.180176 |     0 |    0 |      1.015
   676 | 0x003ff5dd    |     -1.267090 |     0 |    0 |      1.015
   677 | 0x003ff7fc    |     -1.001953 |     0 |    0 |      1.010
   678 | 0x003ff728    |     -1.105469 |     0 |    0 |      1.015
   679 | 0x003ff5a4    |     -1.294922 |     0 |    0 |      1.015
   680 | 0x003ff6a1    |     -1.171387 |     0 |    0 |      1.015
   681 | 0x003ff6cc    |     -1.150391 |     0 |    0 |      1.010
   682 | 0x003ff5c3    |     -1.279785 |     0 |    0 |      1.015
   683 | 0x003ff869    |     -0.948730 |     0 |    0 |      1.015
   684 | 0x003ff70d    |     -1.118652 |     0 |    0 |      1.015
   685 | 0x003ff6b1    |     -1.163574 |     0 |    0 |      1.010
   686 | 0x003ff75e    |     -1.079102 |     0 |    0 |      1.015
   687 | 0x003ff707    |     -1.121582 |     0 |    0 |      1.015
   688 | 0x003ff610    |     -1.242188 |     0 |    0 |      1.015
   689 | 0x003ff8ac    |     -0.916016 |     0 |    0 |      1.010
   690 | 0x003ff6f2    |     -1.131836 |     0 |    0 |      1.015
   691 | 0x003ff743    |     -1.092285 |     0 |    0 |      1.015
   692 | 0x003ff7de    |     -1.016602 |     0 |    0 |      1.015
   693 | 0x003ff6e7    |     -1.137207 |     0 |    0 |      1.010
   694 | 0x003ff563    |     -1.326660 |     0 |    0 |      1.015
   695 | 0x003ff778    |     -1.066406 |     0 |    0 |      1.015
   696 | 0x003ff643    |     -1.217285 |     0 |    0 |      1.015
   697 | 0x003ff7d2    |     -1.022461 |     0 |    0 |      1.010
   698 | 0x003ff772    |     -1.069336 |     0 |    0 |      1.015
   699 | 0x003ff6dd    |     -1.142090 |     0 |    0 |      1.015
   700 | 0x003ff65b    |     -1.205566 |     0 |    0 |      1.015
   701 | 0x003ff6d8    |     -1.144531 |     0 |    0 |      1.010
   702 | 0x003ff581    |     -1.312012 |     0 |    0 |      1.015
   703 | 0x003ff75a    |     -1.081055 |     0 |    0 |      1.015
   704 | 0x003ff6e5    |     -1.138184 |     0 |    0 |      1.015
   705 | 0x003ff684    |     -1.185547 |     0 |    0 |      1.010
   706 | 0x003ff705    |     -1.122559 |     0 |    0 |      1.015
   707 | 0x003ff5c3    |     -1.279785 |     0 |    0 |      1.015
   708 | 0x003ff49d    |     -1.423340 |     0 |    0 |      1.015
   709 | 0x003ff6eb    |     -1.135254 |     0 |    0 |      1.010
   710 | 0x003ff642    |     -1.217773 |     0 |    0 |      1.015
   711 | 0x003ff5f2    |     -1.256836 |     0 |    0 |      1.015
   712 | 0x003ff798    |     -1.050781 |     0 |    0 |      1.015
   713 | 0x003ff572    |     -1.319336 |     0 |    0 |      1.010
   714 | 0x003ff476    |     -1.442383 |     0 |    0 |      1.015
   715 | 0x003ff66e    |     -1.196289 |     0 |    0 |      1.015
   716 | 0x003ff5cf    |     -1.273926 |     0 |    0 |      1.015
   717 | 0x003ff59a    |     -1.299805 |     0 |    0 |      1.010
   718 | 0x003ff78c    |     -1.056641 |     0 |    0 |      1.015
   719 | 0x003ff57b    |     -1.314941 |     0 |    0 |      1.015
   720 | 0x003ff4fe    |     -1.375977 |     0 |    0 |      1.015
   721 | 0x003ff650    |     -1.210938 |     0 |    0 |      1.010
   722 | 0x003ff533    |     -1.350098 |     0 |    0 |      1.015
   723 | 0x003ff570    |     -1.320312 |     0 |    0 |      1.015
   724 | 0x003ff778    |     -1.066406 |     0 |    0 |      1.015
   725 | 0x003ff6b6    |     -1.161133 |     0 |    0 |      1.010
   726 | 0x003ff648    |     -1.214844 |     0 |    0 |      1.015
   727 | 0x003ff798    |     -1.050781 |     0 |    0 |      1.015
   728 | 0x003ff615    |     -1.239746 |     0 |    0 |      1.015
   729 | 0x003ff5e3    |     -1.264160 |     0 |    0 |      1.010
   730 | 0x003ff796    |     -1.051758 |     0 |    0 |      1.015
   731 | 0x003ff776    |     -1.067383 |     0 |    0 |      1.015
   732 | 0x003ff6cf    |     -1.148926 |     0 |    0 |      1.015
   733 | 0x003ff77b    |     -1.064941 |     0 |    0 |      1.010
   734 | 0x003ff68c    |     -1.181641 |     0 |    0 |      1.015
   735 | 0x003ff54c    |     -1.337891 |     0 |    0 |      1.015
   736 | 0x003ff652    |     -1.209961 |     0 |    0 |      1.015
   737 | 0x003ff73f    |     -1.094238 |     0 |    0 |      1.010
   738 | 0x003ff71f    |     -1.109863 |     0 |    0 |      1.015
   739 | 0x003ff759    |     -1.081543 |     0 |    0 |      1.015
   740 | 0x003ff6b2    |     -1.163086 |     0 |    0 |      1.015
   741 | 0x003ff57d    |     -1.313965 |     0 |    0 |      1.010
   742 | 0x003ff66f    |     -1.195801 |     0 |    0 |      1.015
   743 | 0x003ff70a    |     -1.120117 |     0 |    0 |      1.015
   744 | 0x003ff6e5    |     -1.138184 |     0 |    0 |      1.015

=============================================================
                    SIMULATION SUMMARY
=============================================================
Top module:       AI_TRIGGER_TOP
CNN cores:        5 (parallel, round-robin)
ADC_SRC_CLK:      250.0 MHz (4.000 ns period)
CLK_ADC:          250.0 MHz (4.000 ns period)
CLK_CNN:          200.0 MHz (5.000 ns period)
CNN_THRESH:       0 raw (0.0000 float)
Score threshold:  0.0000 float
-------------------------------------------------------------
Samples sent:     745
Results received: 745
Output drain:     8192 quiet CLK_CNN cycles
Chunk overflows:  0 (should be 0 in normal operation)
ADC input overflows: 0
Events saved:     0
Event batches:    0
Dropped triggers: 0
Ring misses:      0
Correct:          745 / 745 (100.00%)
-------------------------------------------------------------
Avg latency:      202.7 CLK_CNN cycles  (1.014 us)
Total sim time:   797.520 us
Throughput:       934145.85 samples/sec
=============================================================
Results saved to: /home/work1/Works/AI-Trigger-System/build/real_noise_scan/signal_3/scores.csv
Events saved to:  /home/work1/Works/AI-Trigger-System/build/real_noise_scan/signal_3/events.csv
Simulation complete.
$finish called at time : 797726 ns : File "/home/work1/Works/AI-Trigger-System/HDL/sim/tb_ai_trigger_top.sv" Line 284
INFO: xsimkernel Simulation Memory Usage: 166952 KB (Peak: 194152 KB), Simulation CPU Usage: 18020 ms
