Copyright 1986-2022 Xilinx, Inc. All Rights Reserved. Copyright 2022-2023 Advanced Micro Devices, Inc. All Rights Reserved.
--------------------------------------------------------------------------------------------------------------------------------------------------
| Tool Version : Vivado v.2023.2 (lin64) Build 4029153 Fri Oct 13 20:13:54 MDT 2023
| Date         : Wed Jul  1 12:21:45 2026
| Host         : AlbertsUbuntu running 64-bit Ubuntu 22.04.5 LTS
| Command      : report_methodology -file /home/work1/Works/AI-Trigger-System/build/vivado_ooc_ai_trigger_wrap/reports/post_synth_methodology.rpt
| Design       : AI_TRIGGER_TOP_TB_WRAP
| Device       : xcku5p-ffvb676-2-e
| Speed File   : -2
| Design State : Synthesized
--------------------------------------------------------------------------------------------------------------------------------------------------

Report Methodology

Table of Contents
-----------------
1. REPORT SUMMARY
2. REPORT DETAILS

1. REPORT SUMMARY
-----------------
            Netlist: AI_TRIGGER_TOP_TB_WRAP
          Floorplan: design_1
      Design limits: <entire design considered>
             Max violations: <unlimited>
             Violations found: 1812
+-----------+----------+------------------------------------------+------------+
| Rule      | Severity | Description                              | Violations |
+-----------+----------+------------------------------------------+------------+
| TIMING-18 | Warning  | Missing input or output delay            | 769        |
| TIMING-24 | Warning  | Overridden Max delay datapath only       | 20         |
| XDCH-2    | Warning  | Same min and max delay values on IO port | 1023       |
+-----------+----------+------------------------------------------+------------+

2. REPORT DETAILS
-----------------
TIMING-18#1 Warning
Missing input or output delay  
An input delay is missing on ADC_DATA4_FLAT[0] relative to the rising and/or falling clock edge(s) of ADC_SRC_CLK.
Related violations: <none>

TIMING-18#2 Warning
Missing input or output delay  
An input delay is missing on ADC_DATA4_FLAT[100] relative to the rising and/or falling clock edge(s) of ADC_SRC_CLK.
Related violations: <none>

TIMING-18#3 Warning
Missing input or output delay  
An input delay is missing on ADC_DATA4_FLAT[101] relative to the rising and/or falling clock edge(s) of ADC_SRC_CLK.
Related violations: <none>

TIMING-18#4 Warning
Missing input or output delay  
An input delay is missing on ADC_DATA4_FLAT[102] relative to the rising and/or falling clock edge(s) of ADC_SRC_CLK.
Related violations: <none>

TIMING-18#5 Warning
Missing input or output delay  
An input delay is missing on ADC_DATA4_FLAT[103] relative to the rising and/or falling clock edge(s) of ADC_SRC_CLK.
Related violations: <none>

TIMING-18#6 Warning
Missing input or output delay  
An input delay is missing on ADC_DATA4_FLAT[104] relative to the rising and/or falling clock edge(s) of ADC_SRC_CLK.
Related violations: <none>

TIMING-18#7 Warning
Missing input or output delay  
An input delay is missing on ADC_DATA4_FLAT[105] relative to the rising and/or falling clock edge(s) of ADC_SRC_CLK.
Related violations: <none>

TIMING-18#8 Warning
Missing input or output delay  
An input delay is missing on ADC_DATA4_FLAT[106] relative to the rising and/or falling clock edge(s) of ADC_SRC_CLK.
Related violations: <none>

TIMING-18#9 Warning
Missing input or output delay  
An input delay is missing on ADC_DATA4_FLAT[107] relative to the rising and/or falling clock edge(s) of ADC_SRC_CLK.
Related violations: <none>

TIMING-18#10 Warning
Missing input or output delay  
An input delay is missing on ADC_DATA4_FLAT[108] relative to the rising and/or falling clock edge(s) of ADC_SRC_CLK.
Related violations: <none>

TIMING-18#11 Warning
Missing input or output delay  
An input delay is missing on ADC_DATA4_FLAT[109] relative to the rising and/or falling clock edge(s) of ADC_SRC_CLK.
Related violations: <none>

TIMING-18#12 Warning
Missing input or output delay  
An input delay is missing on ADC_DATA4_FLAT[10] relative to the rising and/or falling clock edge(s) of ADC_SRC_CLK.
Related violations: <none>

TIMING-18#13 Warning
Missing input or output delay  
An input delay is missing on ADC_DATA4_FLAT[110] relative to the rising and/or falling clock edge(s) of ADC_SRC_CLK.
Related violations: <none>

TIMING-18#14 Warning
Missing input or output delay  
An input delay is missing on ADC_DATA4_FLAT[111] relative to the rising and/or falling clock edge(s) of ADC_SRC_CLK.
Related violations: <none>

TIMING-18#15 Warning
Missing input or output delay  
An input delay is missing on ADC_DATA4_FLAT[112] relative to the rising and/or falling clock edge(s) of ADC_SRC_CLK.
Related violations: <none>

TIMING-18#16 Warning
Missing input or output delay  
An input delay is missing on ADC_DATA4_FLAT[113] relative to the rising and/or falling clock edge(s) of ADC_SRC_CLK.
Related violations: <none>

TIMING-18#17 Warning
Missing input or output delay  
An input delay is missing on ADC_DATA4_FLAT[114] relative to the rising and/or falling clock edge(s) of ADC_SRC_CLK.
Related violations: <none>

TIMING-18#18 Warning
Missing input or output delay  
An input delay is missing on ADC_DATA4_FLAT[115] relative to the rising and/or falling clock edge(s) of ADC_SRC_CLK.
Related violations: <none>

TIMING-18#19 Warning
Missing input or output delay  
An input delay is missing on ADC_DATA4_FLAT[116] relative to the rising and/or falling clock edge(s) of ADC_SRC_CLK.
Related violations: <none>

TIMING-18#20 Warning
Missing input or output delay  
An input delay is missing on ADC_DATA4_FLAT[117] relative to the rising and/or falling clock edge(s) of ADC_SRC_CLK.
Related violations: <none>

TIMING-18#21 Warning
Missing input or output delay  
An input delay is missing on ADC_DATA4_FLAT[118] relative to the rising and/or falling clock edge(s) of ADC_SRC_CLK.
Related violations: <none>

TIMING-18#22 Warning
Missing input or output delay  
An input delay is missing on ADC_DATA4_FLAT[119] relative to the rising and/or falling clock edge(s) of ADC_SRC_CLK.
Related violations: <none>

TIMING-18#23 Warning
Missing input or output delay  
An input delay is missing on ADC_DATA4_FLAT[11] relative to the rising and/or falling clock edge(s) of ADC_SRC_CLK.
Related violations: <none>

TIMING-18#24 Warning
Missing input or output delay  
An input delay is missing on ADC_DATA4_FLAT[120] relative to the rising and/or falling clock edge(s) of ADC_SRC_CLK.
Related violations: <none>

TIMING-18#25 Warning
Missing input or output delay  
An input delay is missing on ADC_DATA4_FLAT[121] relative to the rising and/or falling clock edge(s) of ADC_SRC_CLK.
Related violations: <none>

TIMING-18#26 Warning
Missing input or output delay  
An input delay is missing on ADC_DATA4_FLAT[122] relative to the rising and/or falling clock edge(s) of ADC_SRC_CLK.
Related violations: <none>

TIMING-18#27 Warning
Missing input or output delay  
An input delay is missing on ADC_DATA4_FLAT[123] relative to the rising and/or falling clock edge(s) of ADC_SRC_CLK.
Related violations: <none>

TIMING-18#28 Warning
Missing input or output delay  
An input delay is missing on ADC_DATA4_FLAT[124] relative to the rising and/or falling clock edge(s) of ADC_SRC_CLK.
Related violations: <none>

TIMING-18#29 Warning
Missing input or output delay  
An input delay is missing on ADC_DATA4_FLAT[125] relative to the rising and/or falling clock edge(s) of ADC_SRC_CLK.
Related violations: <none>

TIMING-18#30 Warning
Missing input or output delay  
An input delay is missing on ADC_DATA4_FLAT[126] relative to the rising and/or falling clock edge(s) of ADC_SRC_CLK.
Related violations: <none>

TIMING-18#31 Warning
Missing input or output delay  
An input delay is missing on ADC_DATA4_FLAT[127] relative to the rising and/or falling clock edge(s) of ADC_SRC_CLK.
Related violations: <none>

TIMING-18#32 Warning
Missing input or output delay  
An input delay is missing on ADC_DATA4_FLAT[128] relative to the rising and/or falling clock edge(s) of ADC_SRC_CLK.
Related violations: <none>

TIMING-18#33 Warning
Missing input or output delay  
An input delay is missing on ADC_DATA4_FLAT[129] relative to the rising and/or falling clock edge(s) of ADC_SRC_CLK.
Related violations: <none>

TIMING-18#34 Warning
Missing input or output delay  
An input delay is missing on ADC_DATA4_FLAT[12] relative to the rising and/or falling clock edge(s) of ADC_SRC_CLK.
Related violations: <none>

TIMING-18#35 Warning
Missing input or output delay  
An input delay is missing on ADC_DATA4_FLAT[130] relative to the rising and/or falling clock edge(s) of ADC_SRC_CLK.
Related violations: <none>

TIMING-18#36 Warning
Missing input or output delay  
An input delay is missing on ADC_DATA4_FLAT[131] relative to the rising and/or falling clock edge(s) of ADC_SRC_CLK.
Related violations: <none>

TIMING-18#37 Warning
Missing input or output delay  
An input delay is missing on ADC_DATA4_FLAT[132] relative to the rising and/or falling clock edge(s) of ADC_SRC_CLK.
Related violations: <none>

TIMING-18#38 Warning
Missing input or output delay  
An input delay is missing on ADC_DATA4_FLAT[133] relative to the rising and/or falling clock edge(s) of ADC_SRC_CLK.
Related violations: <none>

TIMING-18#39 Warning
Missing input or output delay  
An input delay is missing on ADC_DATA4_FLAT[134] relative to the rising and/or falling clock edge(s) of ADC_SRC_CLK.
Related violations: <none>

TIMING-18#40 Warning
Missing input or output delay  
An input delay is missing on ADC_DATA4_FLAT[135] relative to the rising and/or falling clock edge(s) of ADC_SRC_CLK.
Related violations: <none>

TIMING-18#41 Warning
Missing input or output delay  
An input delay is missing on ADC_DATA4_FLAT[136] relative to the rising and/or falling clock edge(s) of ADC_SRC_CLK.
Related violations: <none>

TIMING-18#42 Warning
Missing input or output delay  
An input delay is missing on ADC_DATA4_FLAT[137] relative to the rising and/or falling clock edge(s) of ADC_SRC_CLK.
Related violations: <none>

TIMING-18#43 Warning
Missing input or output delay  
An input delay is missing on ADC_DATA4_FLAT[138] relative to the rising and/or falling clock edge(s) of ADC_SRC_CLK.
Related violations: <none>

TIMING-18#44 Warning
Missing input or output delay  
An input delay is missing on ADC_DATA4_FLAT[139] relative to the rising and/or falling clock edge(s) of ADC_SRC_CLK.
Related violations: <none>

TIMING-18#45 Warning
Missing input or output delay  
An input delay is missing on ADC_DATA4_FLAT[13] relative to the rising and/or falling clock edge(s) of ADC_SRC_CLK.
Related violations: <none>

TIMING-18#46 Warning
Missing input or output delay  
An input delay is missing on ADC_DATA4_FLAT[140] relative to the rising and/or falling clock edge(s) of ADC_SRC_CLK.
Related violations: <none>

TIMING-18#47 Warning
Missing input or output delay  
An input delay is missing on ADC_DATA4_FLAT[141] relative to the rising and/or falling clock edge(s) of ADC_SRC_CLK.
Related violations: <none>

TIMING-18#48 Warning
Missing input or output delay  
An input delay is missing on ADC_DATA4_FLAT[142] relative to the rising and/or falling clock edge(s) of ADC_SRC_CLK.
Related violations: <none>

TIMING-18#49 Warning
Missing input or output delay  
An input delay is missing on ADC_DATA4_FLAT[143] relative to the rising and/or falling clock edge(s) of ADC_SRC_CLK.
Related violations: <none>

TIMING-18#50 Warning
Missing input or output delay  
An input delay is missing on ADC_DATA4_FLAT[144] relative to the rising and/or falling clock edge(s) of ADC_SRC_CLK.
Related violations: <none>

TIMING-18#51 Warning
Missing input or output delay  
An input delay is missing on ADC_DATA4_FLAT[145] relative to the rising and/or falling clock edge(s) of ADC_SRC_CLK.
Related violations: <none>

TIMING-18#52 Warning
Missing input or output delay  
An input delay is missing on ADC_DATA4_FLAT[146] relative to the rising and/or falling clock edge(s) of ADC_SRC_CLK.
Related violations: <none>

TIMING-18#53 Warning
Missing input or output delay  
An input delay is missing on ADC_DATA4_FLAT[147] relative to the rising and/or falling clock edge(s) of ADC_SRC_CLK.
Related violations: <none>

TIMING-18#54 Warning
Missing input or output delay  
An input delay is missing on ADC_DATA4_FLAT[148] relative to the rising and/or falling clock edge(s) of ADC_SRC_CLK.
Related violations: <none>

TIMING-18#55 Warning
Missing input or output delay  
An input delay is missing on ADC_DATA4_FLAT[149] relative to the rising and/or falling clock edge(s) of ADC_SRC_CLK.
Related violations: <none>

TIMING-18#56 Warning
Missing input or output delay  
An input delay is missing on ADC_DATA4_FLAT[14] relative to the rising and/or falling clock edge(s) of ADC_SRC_CLK.
Related violations: <none>

TIMING-18#57 Warning
Missing input or output delay  
An input delay is missing on ADC_DATA4_FLAT[150] relative to the rising and/or falling clock edge(s) of ADC_SRC_CLK.
Related violations: <none>

TIMING-18#58 Warning
Missing input or output delay  
An input delay is missing on ADC_DATA4_FLAT[151] relative to the rising and/or falling clock edge(s) of ADC_SRC_CLK.
Related violations: <none>

TIMING-18#59 Warning
Missing input or output delay  
An input delay is missing on ADC_DATA4_FLAT[152] relative to the rising and/or falling clock edge(s) of ADC_SRC_CLK.
Related violations: <none>

TIMING-18#60 Warning
Missing input or output delay  
An input delay is missing on ADC_DATA4_FLAT[153] relative to the rising and/or falling clock edge(s) of ADC_SRC_CLK.
Related violations: <none>

TIMING-18#61 Warning
Missing input or output delay  
An input delay is missing on ADC_DATA4_FLAT[154] relative to the rising and/or falling clock edge(s) of ADC_SRC_CLK.
Related violations: <none>

TIMING-18#62 Warning
Missing input or output delay  
An input delay is missing on ADC_DATA4_FLAT[155] relative to the rising and/or falling clock edge(s) of ADC_SRC_CLK.
Related violations: <none>

TIMING-18#63 Warning
Missing input or output delay  
An input delay is missing on ADC_DATA4_FLAT[156] relative to the rising and/or falling clock edge(s) of ADC_SRC_CLK.
Related violations: <none>

TIMING-18#64 Warning
Missing input or output delay  
An input delay is missing on ADC_DATA4_FLAT[157] relative to the rising and/or falling clock edge(s) of ADC_SRC_CLK.
Related violations: <none>

TIMING-18#65 Warning
Missing input or output delay  
An input delay is missing on ADC_DATA4_FLAT[158] relative to the rising and/or falling clock edge(s) of ADC_SRC_CLK.
Related violations: <none>

TIMING-18#66 Warning
Missing input or output delay  
An input delay is missing on ADC_DATA4_FLAT[159] relative to the rising and/or falling clock edge(s) of ADC_SRC_CLK.
Related violations: <none>

TIMING-18#67 Warning
Missing input or output delay  
An input delay is missing on ADC_DATA4_FLAT[15] relative to the rising and/or falling clock edge(s) of ADC_SRC_CLK.
Related violations: <none>

TIMING-18#68 Warning
Missing input or output delay  
An input delay is missing on ADC_DATA4_FLAT[160] relative to the rising and/or falling clock edge(s) of ADC_SRC_CLK.
Related violations: <none>

TIMING-18#69 Warning
Missing input or output delay  
An input delay is missing on ADC_DATA4_FLAT[161] relative to the rising and/or falling clock edge(s) of ADC_SRC_CLK.
Related violations: <none>

TIMING-18#70 Warning
Missing input or output delay  
An input delay is missing on ADC_DATA4_FLAT[162] relative to the rising and/or falling clock edge(s) of ADC_SRC_CLK.
Related violations: <none>

TIMING-18#71 Warning
Missing input or output delay  
An input delay is missing on ADC_DATA4_FLAT[163] relative to the rising and/or falling clock edge(s) of ADC_SRC_CLK.
Related violations: <none>

TIMING-18#72 Warning
Missing input or output delay  
An input delay is missing on ADC_DATA4_FLAT[164] relative to the rising and/or falling clock edge(s) of ADC_SRC_CLK.
Related violations: <none>

TIMING-18#73 Warning
Missing input or output delay  
An input delay is missing on ADC_DATA4_FLAT[165] relative to the rising and/or falling clock edge(s) of ADC_SRC_CLK.
Related violations: <none>

TIMING-18#74 Warning
Missing input or output delay  
An input delay is missing on ADC_DATA4_FLAT[166] relative to the rising and/or falling clock edge(s) of ADC_SRC_CLK.
Related violations: <none>

TIMING-18#75 Warning
Missing input or output delay  
An input delay is missing on ADC_DATA4_FLAT[167] relative to the rising and/or falling clock edge(s) of ADC_SRC_CLK.
Related violations: <none>

TIMING-18#76 Warning
Missing input or output delay  
An input delay is missing on ADC_DATA4_FLAT[168] relative to the rising and/or falling clock edge(s) of ADC_SRC_CLK.
Related violations: <none>

TIMING-18#77 Warning
Missing input or output delay  
An input delay is missing on ADC_DATA4_FLAT[169] relative to the rising and/or falling clock edge(s) of ADC_SRC_CLK.
Related violations: <none>

TIMING-18#78 Warning
Missing input or output delay  
An input delay is missing on ADC_DATA4_FLAT[16] relative to the rising and/or falling clock edge(s) of ADC_SRC_CLK.
Related violations: <none>

TIMING-18#79 Warning
Missing input or output delay  
An input delay is missing on ADC_DATA4_FLAT[170] relative to the rising and/or falling clock edge(s) of ADC_SRC_CLK.
Related violations: <none>

TIMING-18#80 Warning
Missing input or output delay  
An input delay is missing on ADC_DATA4_FLAT[171] relative to the rising and/or falling clock edge(s) of ADC_SRC_CLK.
Related violations: <none>

TIMING-18#81 Warning
Missing input or output delay  
An input delay is missing on ADC_DATA4_FLAT[172] relative to the rising and/or falling clock edge(s) of ADC_SRC_CLK.
Related violations: <none>

TIMING-18#82 Warning
Missing input or output delay  
An input delay is missing on ADC_DATA4_FLAT[173] relative to the rising and/or falling clock edge(s) of ADC_SRC_CLK.
Related violations: <none>

TIMING-18#83 Warning
Missing input or output delay  
An input delay is missing on ADC_DATA4_FLAT[174] relative to the rising and/or falling clock edge(s) of ADC_SRC_CLK.
Related violations: <none>

TIMING-18#84 Warning
Missing input or output delay  
An input delay is missing on ADC_DATA4_FLAT[175] relative to the rising and/or falling clock edge(s) of ADC_SRC_CLK.
Related violations: <none>

TIMING-18#85 Warning
Missing input or output delay  
An input delay is missing on ADC_DATA4_FLAT[176] relative to the rising and/or falling clock edge(s) of ADC_SRC_CLK.
Related violations: <none>

TIMING-18#86 Warning
Missing input or output delay  
An input delay is missing on ADC_DATA4_FLAT[177] relative to the rising and/or falling clock edge(s) of ADC_SRC_CLK.
Related violations: <none>

TIMING-18#87 Warning
Missing input or output delay  
An input delay is missing on ADC_DATA4_FLAT[178] relative to the rising and/or falling clock edge(s) of ADC_SRC_CLK.
Related violations: <none>

TIMING-18#88 Warning
Missing input or output delay  
An input delay is missing on ADC_DATA4_FLAT[179] relative to the rising and/or falling clock edge(s) of ADC_SRC_CLK.
Related violations: <none>

TIMING-18#89 Warning
Missing input or output delay  
An input delay is missing on ADC_DATA4_FLAT[17] relative to the rising and/or falling clock edge(s) of ADC_SRC_CLK.
Related violations: <none>

TIMING-18#90 Warning
Missing input or output delay  
An input delay is missing on ADC_DATA4_FLAT[180] relative to the rising and/or falling clock edge(s) of ADC_SRC_CLK.
Related violations: <none>

TIMING-18#91 Warning
Missing input or output delay  
An input delay is missing on ADC_DATA4_FLAT[181] relative to the rising and/or falling clock edge(s) of ADC_SRC_CLK.
Related violations: <none>

TIMING-18#92 Warning
Missing input or output delay  
An input delay is missing on ADC_DATA4_FLAT[182] relative to the rising and/or falling clock edge(s) of ADC_SRC_CLK.
Related violations: <none>

TIMING-18#93 Warning
Missing input or output delay  
An input delay is missing on ADC_DATA4_FLAT[183] relative to the rising and/or falling clock edge(s) of ADC_SRC_CLK.
Related violations: <none>

TIMING-18#94 Warning
Missing input or output delay  
An input delay is missing on ADC_DATA4_FLAT[184] relative to the rising and/or falling clock edge(s) of ADC_SRC_CLK.
Related violations: <none>

TIMING-18#95 Warning
Missing input or output delay  
An input delay is missing on ADC_DATA4_FLAT[185] relative to the rising and/or falling clock edge(s) of ADC_SRC_CLK.
Related violations: <none>

TIMING-18#96 Warning
Missing input or output delay  
An input delay is missing on ADC_DATA4_FLAT[186] relative to the rising and/or falling clock edge(s) of ADC_SRC_CLK.
Related violations: <none>

TIMING-18#97 Warning
Missing input or output delay  
An input delay is missing on ADC_DATA4_FLAT[187] relative to the rising and/or falling clock edge(s) of ADC_SRC_CLK.
Related violations: <none>

TIMING-18#98 Warning
Missing input or output delay  
An input delay is missing on ADC_DATA4_FLAT[188] relative to the rising and/or falling clock edge(s) of ADC_SRC_CLK.
Related violations: <none>

TIMING-18#99 Warning
Missing input or output delay  
An input delay is missing on ADC_DATA4_FLAT[189] relative to the rising and/or falling clock edge(s) of ADC_SRC_CLK.
Related violations: <none>

TIMING-18#100 Warning
Missing input or output delay  
An input delay is missing on ADC_DATA4_FLAT[18] relative to the rising and/or falling clock edge(s) of ADC_SRC_CLK.
Related violations: <none>

TIMING-18#101 Warning
Missing input or output delay  
An input delay is missing on ADC_DATA4_FLAT[190] relative to the rising and/or falling clock edge(s) of ADC_SRC_CLK.
Related violations: <none>

TIMING-18#102 Warning
Missing input or output delay  
An input delay is missing on ADC_DATA4_FLAT[191] relative to the rising and/or falling clock edge(s) of ADC_SRC_CLK.
Related violations: <none>

TIMING-18#103 Warning
Missing input or output delay  
An input delay is missing on ADC_DATA4_FLAT[192] relative to the rising and/or falling clock edge(s) of ADC_SRC_CLK.
Related violations: <none>

TIMING-18#104 Warning
Missing input or output delay  
An input delay is missing on ADC_DATA4_FLAT[193] relative to the rising and/or falling clock edge(s) of ADC_SRC_CLK.
Related violations: <none>

TIMING-18#105 Warning
Missing input or output delay  
An input delay is missing on ADC_DATA4_FLAT[194] relative to the rising and/or falling clock edge(s) of ADC_SRC_CLK.
Related violations: <none>

TIMING-18#106 Warning
Missing input or output delay  
An input delay is missing on ADC_DATA4_FLAT[195] relative to the rising and/or falling clock edge(s) of ADC_SRC_CLK.
Related violations: <none>

TIMING-18#107 Warning
Missing input or output delay  
An input delay is missing on ADC_DATA4_FLAT[196] relative to the rising and/or falling clock edge(s) of ADC_SRC_CLK.
Related violations: <none>

TIMING-18#108 Warning
Missing input or output delay  
An input delay is missing on ADC_DATA4_FLAT[197] relative to the rising and/or falling clock edge(s) of ADC_SRC_CLK.
Related violations: <none>

TIMING-18#109 Warning
Missing input or output delay  
An input delay is missing on ADC_DATA4_FLAT[198] relative to the rising and/or falling clock edge(s) of ADC_SRC_CLK.
Related violations: <none>

TIMING-18#110 Warning
Missing input or output delay  
An input delay is missing on ADC_DATA4_FLAT[199] relative to the rising and/or falling clock edge(s) of ADC_SRC_CLK.
Related violations: <none>

TIMING-18#111 Warning
Missing input or output delay  
An input delay is missing on ADC_DATA4_FLAT[19] relative to the rising and/or falling clock edge(s) of ADC_SRC_CLK.
Related violations: <none>

TIMING-18#112 Warning
Missing input or output delay  
An input delay is missing on ADC_DATA4_FLAT[1] relative to the rising and/or falling clock edge(s) of ADC_SRC_CLK.
Related violations: <none>

TIMING-18#113 Warning
Missing input or output delay  
An input delay is missing on ADC_DATA4_FLAT[200] relative to the rising and/or falling clock edge(s) of ADC_SRC_CLK.
Related violations: <none>

TIMING-18#114 Warning
Missing input or output delay  
An input delay is missing on ADC_DATA4_FLAT[201] relative to the rising and/or falling clock edge(s) of ADC_SRC_CLK.
Related violations: <none>

TIMING-18#115 Warning
Missing input or output delay  
An input delay is missing on ADC_DATA4_FLAT[202] relative to the rising and/or falling clock edge(s) of ADC_SRC_CLK.
Related violations: <none>

TIMING-18#116 Warning
Missing input or output delay  
An input delay is missing on ADC_DATA4_FLAT[203] relative to the rising and/or falling clock edge(s) of ADC_SRC_CLK.
Related violations: <none>

TIMING-18#117 Warning
Missing input or output delay  
An input delay is missing on ADC_DATA4_FLAT[204] relative to the rising and/or falling clock edge(s) of ADC_SRC_CLK.
Related violations: <none>

TIMING-18#118 Warning
Missing input or output delay  
An input delay is missing on ADC_DATA4_FLAT[205] relative to the rising and/or falling clock edge(s) of ADC_SRC_CLK.
Related violations: <none>

TIMING-18#119 Warning
Missing input or output delay  
An input delay is missing on ADC_DATA4_FLAT[206] relative to the rising and/or falling clock edge(s) of ADC_SRC_CLK.
Related violations: <none>

TIMING-18#120 Warning
Missing input or output delay  
An input delay is missing on ADC_DATA4_FLAT[207] relative to the rising and/or falling clock edge(s) of ADC_SRC_CLK.
Related violations: <none>

TIMING-18#121 Warning
Missing input or output delay  
An input delay is missing on ADC_DATA4_FLAT[208] relative to the rising and/or falling clock edge(s) of ADC_SRC_CLK.
Related violations: <none>

TIMING-18#122 Warning
Missing input or output delay  
An input delay is missing on ADC_DATA4_FLAT[209] relative to the rising and/or falling clock edge(s) of ADC_SRC_CLK.
Related violations: <none>

TIMING-18#123 Warning
Missing input or output delay  
An input delay is missing on ADC_DATA4_FLAT[20] relative to the rising and/or falling clock edge(s) of ADC_SRC_CLK.
Related violations: <none>

TIMING-18#124 Warning
Missing input or output delay  
An input delay is missing on ADC_DATA4_FLAT[210] relative to the rising and/or falling clock edge(s) of ADC_SRC_CLK.
Related violations: <none>

TIMING-18#125 Warning
Missing input or output delay  
An input delay is missing on ADC_DATA4_FLAT[211] relative to the rising and/or falling clock edge(s) of ADC_SRC_CLK.
Related violations: <none>

TIMING-18#126 Warning
Missing input or output delay  
An input delay is missing on ADC_DATA4_FLAT[212] relative to the rising and/or falling clock edge(s) of ADC_SRC_CLK.
Related violations: <none>

TIMING-18#127 Warning
Missing input or output delay  
An input delay is missing on ADC_DATA4_FLAT[213] relative to the rising and/or falling clock edge(s) of ADC_SRC_CLK.
Related violations: <none>

TIMING-18#128 Warning
Missing input or output delay  
An input delay is missing on ADC_DATA4_FLAT[214] relative to the rising and/or falling clock edge(s) of ADC_SRC_CLK.
Related violations: <none>

TIMING-18#129 Warning
Missing input or output delay  
An input delay is missing on ADC_DATA4_FLAT[215] relative to the rising and/or falling clock edge(s) of ADC_SRC_CLK.
Related violations: <none>

TIMING-18#130 Warning
Missing input or output delay  
An input delay is missing on ADC_DATA4_FLAT[216] relative to the rising and/or falling clock edge(s) of ADC_SRC_CLK.
Related violations: <none>

TIMING-18#131 Warning
Missing input or output delay  
An input delay is missing on ADC_DATA4_FLAT[217] relative to the rising and/or falling clock edge(s) of ADC_SRC_CLK.
Related violations: <none>

TIMING-18#132 Warning
Missing input or output delay  
An input delay is missing on ADC_DATA4_FLAT[218] relative to the rising and/or falling clock edge(s) of ADC_SRC_CLK.
Related violations: <none>

TIMING-18#133 Warning
Missing input or output delay  
An input delay is missing on ADC_DATA4_FLAT[219] relative to the rising and/or falling clock edge(s) of ADC_SRC_CLK.
Related violations: <none>

TIMING-18#134 Warning
Missing input or output delay  
An input delay is missing on ADC_DATA4_FLAT[21] relative to the rising and/or falling clock edge(s) of ADC_SRC_CLK.
Related violations: <none>

TIMING-18#135 Warning
Missing input or output delay  
An input delay is missing on ADC_DATA4_FLAT[220] relative to the rising and/or falling clock edge(s) of ADC_SRC_CLK.
Related violations: <none>

TIMING-18#136 Warning
Missing input or output delay  
An input delay is missing on ADC_DATA4_FLAT[221] relative to the rising and/or falling clock edge(s) of ADC_SRC_CLK.
Related violations: <none>

TIMING-18#137 Warning
Missing input or output delay  
An input delay is missing on ADC_DATA4_FLAT[222] relative to the rising and/or falling clock edge(s) of ADC_SRC_CLK.
Related violations: <none>

TIMING-18#138 Warning
Missing input or output delay  
An input delay is missing on ADC_DATA4_FLAT[223] relative to the rising and/or falling clock edge(s) of ADC_SRC_CLK.
Related violations: <none>

TIMING-18#139 Warning
Missing input or output delay  
An input delay is missing on ADC_DATA4_FLAT[224] relative to the rising and/or falling clock edge(s) of ADC_SRC_CLK.
Related violations: <none>

TIMING-18#140 Warning
Missing input or output delay  
An input delay is missing on ADC_DATA4_FLAT[225] relative to the rising and/or falling clock edge(s) of ADC_SRC_CLK.
Related violations: <none>

TIMING-18#141 Warning
Missing input or output delay  
An input delay is missing on ADC_DATA4_FLAT[226] relative to the rising and/or falling clock edge(s) of ADC_SRC_CLK.
Related violations: <none>

TIMING-18#142 Warning
Missing input or output delay  
An input delay is missing on ADC_DATA4_FLAT[227] relative to the rising and/or falling clock edge(s) of ADC_SRC_CLK.
Related violations: <none>

TIMING-18#143 Warning
Missing input or output delay  
An input delay is missing on ADC_DATA4_FLAT[228] relative to the rising and/or falling clock edge(s) of ADC_SRC_CLK.
Related violations: <none>

TIMING-18#144 Warning
Missing input or output delay  
An input delay is missing on ADC_DATA4_FLAT[229] relative to the rising and/or falling clock edge(s) of ADC_SRC_CLK.
Related violations: <none>

TIMING-18#145 Warning
Missing input or output delay  
An input delay is missing on ADC_DATA4_FLAT[22] relative to the rising and/or falling clock edge(s) of ADC_SRC_CLK.
Related violations: <none>

TIMING-18#146 Warning
Missing input or output delay  
An input delay is missing on ADC_DATA4_FLAT[230] relative to the rising and/or falling clock edge(s) of ADC_SRC_CLK.
Related violations: <none>

TIMING-18#147 Warning
Missing input or output delay  
An input delay is missing on ADC_DATA4_FLAT[231] relative to the rising and/or falling clock edge(s) of ADC_SRC_CLK.
Related violations: <none>

TIMING-18#148 Warning
Missing input or output delay  
An input delay is missing on ADC_DATA4_FLAT[232] relative to the rising and/or falling clock edge(s) of ADC_SRC_CLK.
Related violations: <none>

TIMING-18#149 Warning
Missing input or output delay  
An input delay is missing on ADC_DATA4_FLAT[233] relative to the rising and/or falling clock edge(s) of ADC_SRC_CLK.
Related violations: <none>

TIMING-18#150 Warning
Missing input or output delay  
An input delay is missing on ADC_DATA4_FLAT[234] relative to the rising and/or falling clock edge(s) of ADC_SRC_CLK.
Related violations: <none>

TIMING-18#151 Warning
Missing input or output delay  
An input delay is missing on ADC_DATA4_FLAT[235] relative to the rising and/or falling clock edge(s) of ADC_SRC_CLK.
Related violations: <none>

TIMING-18#152 Warning
Missing input or output delay  
An input delay is missing on ADC_DATA4_FLAT[236] relative to the rising and/or falling clock edge(s) of ADC_SRC_CLK.
Related violations: <none>

TIMING-18#153 Warning
Missing input or output delay  
An input delay is missing on ADC_DATA4_FLAT[237] relative to the rising and/or falling clock edge(s) of ADC_SRC_CLK.
Related violations: <none>

TIMING-18#154 Warning
Missing input or output delay  
An input delay is missing on ADC_DATA4_FLAT[238] relative to the rising and/or falling clock edge(s) of ADC_SRC_CLK.
Related violations: <none>

TIMING-18#155 Warning
Missing input or output delay  
An input delay is missing on ADC_DATA4_FLAT[239] relative to the rising and/or falling clock edge(s) of ADC_SRC_CLK.
Related violations: <none>

TIMING-18#156 Warning
Missing input or output delay  
An input delay is missing on ADC_DATA4_FLAT[23] relative to the rising and/or falling clock edge(s) of ADC_SRC_CLK.
Related violations: <none>

TIMING-18#157 Warning
Missing input or output delay  
An input delay is missing on ADC_DATA4_FLAT[240] relative to the rising and/or falling clock edge(s) of ADC_SRC_CLK.
Related violations: <none>

TIMING-18#158 Warning
Missing input or output delay  
An input delay is missing on ADC_DATA4_FLAT[241] relative to the rising and/or falling clock edge(s) of ADC_SRC_CLK.
Related violations: <none>

TIMING-18#159 Warning
Missing input or output delay  
An input delay is missing on ADC_DATA4_FLAT[242] relative to the rising and/or falling clock edge(s) of ADC_SRC_CLK.
Related violations: <none>

TIMING-18#160 Warning
Missing input or output delay  
An input delay is missing on ADC_DATA4_FLAT[243] relative to the rising and/or falling clock edge(s) of ADC_SRC_CLK.
Related violations: <none>

TIMING-18#161 Warning
Missing input or output delay  
An input delay is missing on ADC_DATA4_FLAT[244] relative to the rising and/or falling clock edge(s) of ADC_SRC_CLK.
Related violations: <none>

TIMING-18#162 Warning
Missing input or output delay  
An input delay is missing on ADC_DATA4_FLAT[245] relative to the rising and/or falling clock edge(s) of ADC_SRC_CLK.
Related violations: <none>

TIMING-18#163 Warning
Missing input or output delay  
An input delay is missing on ADC_DATA4_FLAT[246] relative to the rising and/or falling clock edge(s) of ADC_SRC_CLK.
Related violations: <none>

TIMING-18#164 Warning
Missing input or output delay  
An input delay is missing on ADC_DATA4_FLAT[247] relative to the rising and/or falling clock edge(s) of ADC_SRC_CLK.
Related violations: <none>

TIMING-18#165 Warning
Missing input or output delay  
An input delay is missing on ADC_DATA4_FLAT[248] relative to the rising and/or falling clock edge(s) of ADC_SRC_CLK.
Related violations: <none>

TIMING-18#166 Warning
Missing input or output delay  
An input delay is missing on ADC_DATA4_FLAT[249] relative to the rising and/or falling clock edge(s) of ADC_SRC_CLK.
Related violations: <none>

TIMING-18#167 Warning
Missing input or output delay  
An input delay is missing on ADC_DATA4_FLAT[24] relative to the rising and/or falling clock edge(s) of ADC_SRC_CLK.
Related violations: <none>

TIMING-18#168 Warning
Missing input or output delay  
An input delay is missing on ADC_DATA4_FLAT[250] relative to the rising and/or falling clock edge(s) of ADC_SRC_CLK.
Related violations: <none>

TIMING-18#169 Warning
Missing input or output delay  
An input delay is missing on ADC_DATA4_FLAT[251] relative to the rising and/or falling clock edge(s) of ADC_SRC_CLK.
Related violations: <none>

TIMING-18#170 Warning
Missing input or output delay  
An input delay is missing on ADC_DATA4_FLAT[252] relative to the rising and/or falling clock edge(s) of ADC_SRC_CLK.
Related violations: <none>

TIMING-18#171 Warning
Missing input or output delay  
An input delay is missing on ADC_DATA4_FLAT[253] relative to the rising and/or falling clock edge(s) of ADC_SRC_CLK.
Related violations: <none>

TIMING-18#172 Warning
Missing input or output delay  
An input delay is missing on ADC_DATA4_FLAT[254] relative to the rising and/or falling clock edge(s) of ADC_SRC_CLK.
Related violations: <none>

TIMING-18#173 Warning
Missing input or output delay  
An input delay is missing on ADC_DATA4_FLAT[255] relative to the rising and/or falling clock edge(s) of ADC_SRC_CLK.
Related violations: <none>

TIMING-18#174 Warning
Missing input or output delay  
An input delay is missing on ADC_DATA4_FLAT[256] relative to the rising and/or falling clock edge(s) of ADC_SRC_CLK.
Related violations: <none>

TIMING-18#175 Warning
Missing input or output delay  
An input delay is missing on ADC_DATA4_FLAT[257] relative to the rising and/or falling clock edge(s) of ADC_SRC_CLK.
Related violations: <none>

TIMING-18#176 Warning
Missing input or output delay  
An input delay is missing on ADC_DATA4_FLAT[258] relative to the rising and/or falling clock edge(s) of ADC_SRC_CLK.
Related violations: <none>

TIMING-18#177 Warning
Missing input or output delay  
An input delay is missing on ADC_DATA4_FLAT[259] relative to the rising and/or falling clock edge(s) of ADC_SRC_CLK.
Related violations: <none>

TIMING-18#178 Warning
Missing input or output delay  
An input delay is missing on ADC_DATA4_FLAT[25] relative to the rising and/or falling clock edge(s) of ADC_SRC_CLK.
Related violations: <none>

TIMING-18#179 Warning
Missing input or output delay  
An input delay is missing on ADC_DATA4_FLAT[260] relative to the rising and/or falling clock edge(s) of ADC_SRC_CLK.
Related violations: <none>

TIMING-18#180 Warning
Missing input or output delay  
An input delay is missing on ADC_DATA4_FLAT[261] relative to the rising and/or falling clock edge(s) of ADC_SRC_CLK.
Related violations: <none>

TIMING-18#181 Warning
Missing input or output delay  
An input delay is missing on ADC_DATA4_FLAT[262] relative to the rising and/or falling clock edge(s) of ADC_SRC_CLK.
Related violations: <none>

TIMING-18#182 Warning
Missing input or output delay  
An input delay is missing on ADC_DATA4_FLAT[263] relative to the rising and/or falling clock edge(s) of ADC_SRC_CLK.
Related violations: <none>

TIMING-18#183 Warning
Missing input or output delay  
An input delay is missing on ADC_DATA4_FLAT[264] relative to the rising and/or falling clock edge(s) of ADC_SRC_CLK.
Related violations: <none>

TIMING-18#184 Warning
Missing input or output delay  
An input delay is missing on ADC_DATA4_FLAT[265] relative to the rising and/or falling clock edge(s) of ADC_SRC_CLK.
Related violations: <none>

TIMING-18#185 Warning
Missing input or output delay  
An input delay is missing on ADC_DATA4_FLAT[266] relative to the rising and/or falling clock edge(s) of ADC_SRC_CLK.
Related violations: <none>

TIMING-18#186 Warning
Missing input or output delay  
An input delay is missing on ADC_DATA4_FLAT[267] relative to the rising and/or falling clock edge(s) of ADC_SRC_CLK.
Related violations: <none>

TIMING-18#187 Warning
Missing input or output delay  
An input delay is missing on ADC_DATA4_FLAT[268] relative to the rising and/or falling clock edge(s) of ADC_SRC_CLK.
Related violations: <none>

TIMING-18#188 Warning
Missing input or output delay  
An input delay is missing on ADC_DATA4_FLAT[269] relative to the rising and/or falling clock edge(s) of ADC_SRC_CLK.
Related violations: <none>

TIMING-18#189 Warning
Missing input or output delay  
An input delay is missing on ADC_DATA4_FLAT[26] relative to the rising and/or falling clock edge(s) of ADC_SRC_CLK.
Related violations: <none>

TIMING-18#190 Warning
Missing input or output delay  
An input delay is missing on ADC_DATA4_FLAT[270] relative to the rising and/or falling clock edge(s) of ADC_SRC_CLK.
Related violations: <none>

TIMING-18#191 Warning
Missing input or output delay  
An input delay is missing on ADC_DATA4_FLAT[271] relative to the rising and/or falling clock edge(s) of ADC_SRC_CLK.
Related violations: <none>

TIMING-18#192 Warning
Missing input or output delay  
An input delay is missing on ADC_DATA4_FLAT[272] relative to the rising and/or falling clock edge(s) of ADC_SRC_CLK.
Related violations: <none>

TIMING-18#193 Warning
Missing input or output delay  
An input delay is missing on ADC_DATA4_FLAT[273] relative to the rising and/or falling clock edge(s) of ADC_SRC_CLK.
Related violations: <none>

TIMING-18#194 Warning
Missing input or output delay  
An input delay is missing on ADC_DATA4_FLAT[274] relative to the rising and/or falling clock edge(s) of ADC_SRC_CLK.
Related violations: <none>

TIMING-18#195 Warning
Missing input or output delay  
An input delay is missing on ADC_DATA4_FLAT[275] relative to the rising and/or falling clock edge(s) of ADC_SRC_CLK.
Related violations: <none>

TIMING-18#196 Warning
Missing input or output delay  
An input delay is missing on ADC_DATA4_FLAT[276] relative to the rising and/or falling clock edge(s) of ADC_SRC_CLK.
Related violations: <none>

TIMING-18#197 Warning
Missing input or output delay  
An input delay is missing on ADC_DATA4_FLAT[277] relative to the rising and/or falling clock edge(s) of ADC_SRC_CLK.
Related violations: <none>

TIMING-18#198 Warning
Missing input or output delay  
An input delay is missing on ADC_DATA4_FLAT[278] relative to the rising and/or falling clock edge(s) of ADC_SRC_CLK.
Related violations: <none>

TIMING-18#199 Warning
Missing input or output delay  
An input delay is missing on ADC_DATA4_FLAT[279] relative to the rising and/or falling clock edge(s) of ADC_SRC_CLK.
Related violations: <none>

TIMING-18#200 Warning
Missing input or output delay  
An input delay is missing on ADC_DATA4_FLAT[27] relative to the rising and/or falling clock edge(s) of ADC_SRC_CLK.
Related violations: <none>

TIMING-18#201 Warning
Missing input or output delay  
An input delay is missing on ADC_DATA4_FLAT[280] relative to the rising and/or falling clock edge(s) of ADC_SRC_CLK.
Related violations: <none>

TIMING-18#202 Warning
Missing input or output delay  
An input delay is missing on ADC_DATA4_FLAT[281] relative to the rising and/or falling clock edge(s) of ADC_SRC_CLK.
Related violations: <none>

TIMING-18#203 Warning
Missing input or output delay  
An input delay is missing on ADC_DATA4_FLAT[282] relative to the rising and/or falling clock edge(s) of ADC_SRC_CLK.
Related violations: <none>

TIMING-18#204 Warning
Missing input or output delay  
An input delay is missing on ADC_DATA4_FLAT[283] relative to the rising and/or falling clock edge(s) of ADC_SRC_CLK.
Related violations: <none>

TIMING-18#205 Warning
Missing input or output delay  
An input delay is missing on ADC_DATA4_FLAT[284] relative to the rising and/or falling clock edge(s) of ADC_SRC_CLK.
Related violations: <none>

TIMING-18#206 Warning
Missing input or output delay  
An input delay is missing on ADC_DATA4_FLAT[285] relative to the rising and/or falling clock edge(s) of ADC_SRC_CLK.
Related violations: <none>

TIMING-18#207 Warning
Missing input or output delay  
An input delay is missing on ADC_DATA4_FLAT[286] relative to the rising and/or falling clock edge(s) of ADC_SRC_CLK.
Related violations: <none>

TIMING-18#208 Warning
Missing input or output delay  
An input delay is missing on ADC_DATA4_FLAT[287] relative to the rising and/or falling clock edge(s) of ADC_SRC_CLK.
Related violations: <none>

TIMING-18#209 Warning
Missing input or output delay  
An input delay is missing on ADC_DATA4_FLAT[288] relative to the rising and/or falling clock edge(s) of ADC_SRC_CLK.
Related violations: <none>

TIMING-18#210 Warning
Missing input or output delay  
An input delay is missing on ADC_DATA4_FLAT[289] relative to the rising and/or falling clock edge(s) of ADC_SRC_CLK.
Related violations: <none>

TIMING-18#211 Warning
Missing input or output delay  
An input delay is missing on ADC_DATA4_FLAT[28] relative to the rising and/or falling clock edge(s) of ADC_SRC_CLK.
Related violations: <none>

TIMING-18#212 Warning
Missing input or output delay  
An input delay is missing on ADC_DATA4_FLAT[290] relative to the rising and/or falling clock edge(s) of ADC_SRC_CLK.
Related violations: <none>

TIMING-18#213 Warning
Missing input or output delay  
An input delay is missing on ADC_DATA4_FLAT[291] relative to the rising and/or falling clock edge(s) of ADC_SRC_CLK.
Related violations: <none>

TIMING-18#214 Warning
Missing input or output delay  
An input delay is missing on ADC_DATA4_FLAT[292] relative to the rising and/or falling clock edge(s) of ADC_SRC_CLK.
Related violations: <none>

TIMING-18#215 Warning
Missing input or output delay  
An input delay is missing on ADC_DATA4_FLAT[293] relative to the rising and/or falling clock edge(s) of ADC_SRC_CLK.
Related violations: <none>

TIMING-18#216 Warning
Missing input or output delay  
An input delay is missing on ADC_DATA4_FLAT[294] relative to the rising and/or falling clock edge(s) of ADC_SRC_CLK.
Related violations: <none>

TIMING-18#217 Warning
Missing input or output delay  
An input delay is missing on ADC_DATA4_FLAT[295] relative to the rising and/or falling clock edge(s) of ADC_SRC_CLK.
Related violations: <none>

TIMING-18#218 Warning
Missing input or output delay  
An input delay is missing on ADC_DATA4_FLAT[296] relative to the rising and/or falling clock edge(s) of ADC_SRC_CLK.
Related violations: <none>

TIMING-18#219 Warning
Missing input or output delay  
An input delay is missing on ADC_DATA4_FLAT[297] relative to the rising and/or falling clock edge(s) of ADC_SRC_CLK.
Related violations: <none>

TIMING-18#220 Warning
Missing input or output delay  
An input delay is missing on ADC_DATA4_FLAT[298] relative to the rising and/or falling clock edge(s) of ADC_SRC_CLK.
Related violations: <none>

TIMING-18#221 Warning
Missing input or output delay  
An input delay is missing on ADC_DATA4_FLAT[299] relative to the rising and/or falling clock edge(s) of ADC_SRC_CLK.
Related violations: <none>

TIMING-18#222 Warning
Missing input or output delay  
An input delay is missing on ADC_DATA4_FLAT[29] relative to the rising and/or falling clock edge(s) of ADC_SRC_CLK.
Related violations: <none>

TIMING-18#223 Warning
Missing input or output delay  
An input delay is missing on ADC_DATA4_FLAT[2] relative to the rising and/or falling clock edge(s) of ADC_SRC_CLK.
Related violations: <none>

TIMING-18#224 Warning
Missing input or output delay  
An input delay is missing on ADC_DATA4_FLAT[300] relative to the rising and/or falling clock edge(s) of ADC_SRC_CLK.
Related violations: <none>

TIMING-18#225 Warning
Missing input or output delay  
An input delay is missing on ADC_DATA4_FLAT[301] relative to the rising and/or falling clock edge(s) of ADC_SRC_CLK.
Related violations: <none>

TIMING-18#226 Warning
Missing input or output delay  
An input delay is missing on ADC_DATA4_FLAT[302] relative to the rising and/or falling clock edge(s) of ADC_SRC_CLK.
Related violations: <none>

TIMING-18#227 Warning
Missing input or output delay  
An input delay is missing on ADC_DATA4_FLAT[303] relative to the rising and/or falling clock edge(s) of ADC_SRC_CLK.
Related violations: <none>

TIMING-18#228 Warning
Missing input or output delay  
An input delay is missing on ADC_DATA4_FLAT[304] relative to the rising and/or falling clock edge(s) of ADC_SRC_CLK.
Related violations: <none>

TIMING-18#229 Warning
Missing input or output delay  
An input delay is missing on ADC_DATA4_FLAT[305] relative to the rising and/or falling clock edge(s) of ADC_SRC_CLK.
Related violations: <none>

TIMING-18#230 Warning
Missing input or output delay  
An input delay is missing on ADC_DATA4_FLAT[306] relative to the rising and/or falling clock edge(s) of ADC_SRC_CLK.
Related violations: <none>

TIMING-18#231 Warning
Missing input or output delay  
An input delay is missing on ADC_DATA4_FLAT[307] relative to the rising and/or falling clock edge(s) of ADC_SRC_CLK.
Related violations: <none>

TIMING-18#232 Warning
Missing input or output delay  
An input delay is missing on ADC_DATA4_FLAT[308] relative to the rising and/or falling clock edge(s) of ADC_SRC_CLK.
Related violations: <none>

TIMING-18#233 Warning
Missing input or output delay  
An input delay is missing on ADC_DATA4_FLAT[309] relative to the rising and/or falling clock edge(s) of ADC_SRC_CLK.
Related violations: <none>

TIMING-18#234 Warning
Missing input or output delay  
An input delay is missing on ADC_DATA4_FLAT[30] relative to the rising and/or falling clock edge(s) of ADC_SRC_CLK.
Related violations: <none>

TIMING-18#235 Warning
Missing input or output delay  
An input delay is missing on ADC_DATA4_FLAT[310] relative to the rising and/or falling clock edge(s) of ADC_SRC_CLK.
Related violations: <none>

TIMING-18#236 Warning
Missing input or output delay  
An input delay is missing on ADC_DATA4_FLAT[311] relative to the rising and/or falling clock edge(s) of ADC_SRC_CLK.
Related violations: <none>

TIMING-18#237 Warning
Missing input or output delay  
An input delay is missing on ADC_DATA4_FLAT[312] relative to the rising and/or falling clock edge(s) of ADC_SRC_CLK.
Related violations: <none>

TIMING-18#238 Warning
Missing input or output delay  
An input delay is missing on ADC_DATA4_FLAT[313] relative to the rising and/or falling clock edge(s) of ADC_SRC_CLK.
Related violations: <none>

TIMING-18#239 Warning
Missing input or output delay  
An input delay is missing on ADC_DATA4_FLAT[314] relative to the rising and/or falling clock edge(s) of ADC_SRC_CLK.
Related violations: <none>

TIMING-18#240 Warning
Missing input or output delay  
An input delay is missing on ADC_DATA4_FLAT[315] relative to the rising and/or falling clock edge(s) of ADC_SRC_CLK.
Related violations: <none>

TIMING-18#241 Warning
Missing input or output delay  
An input delay is missing on ADC_DATA4_FLAT[316] relative to the rising and/or falling clock edge(s) of ADC_SRC_CLK.
Related violations: <none>

TIMING-18#242 Warning
Missing input or output delay  
An input delay is missing on ADC_DATA4_FLAT[317] relative to the rising and/or falling clock edge(s) of ADC_SRC_CLK.
Related violations: <none>

TIMING-18#243 Warning
Missing input or output delay  
An input delay is missing on ADC_DATA4_FLAT[318] relative to the rising and/or falling clock edge(s) of ADC_SRC_CLK.
Related violations: <none>

TIMING-18#244 Warning
Missing input or output delay  
An input delay is missing on ADC_DATA4_FLAT[319] relative to the rising and/or falling clock edge(s) of ADC_SRC_CLK.
Related violations: <none>

TIMING-18#245 Warning
Missing input or output delay  
An input delay is missing on ADC_DATA4_FLAT[31] relative to the rising and/or falling clock edge(s) of ADC_SRC_CLK.
Related violations: <none>

TIMING-18#246 Warning
Missing input or output delay  
An input delay is missing on ADC_DATA4_FLAT[320] relative to the rising and/or falling clock edge(s) of ADC_SRC_CLK.
Related violations: <none>

TIMING-18#247 Warning
Missing input or output delay  
An input delay is missing on ADC_DATA4_FLAT[321] relative to the rising and/or falling clock edge(s) of ADC_SRC_CLK.
Related violations: <none>

TIMING-18#248 Warning
Missing input or output delay  
An input delay is missing on ADC_DATA4_FLAT[322] relative to the rising and/or falling clock edge(s) of ADC_SRC_CLK.
Related violations: <none>

TIMING-18#249 Warning
Missing input or output delay  
An input delay is missing on ADC_DATA4_FLAT[323] relative to the rising and/or falling clock edge(s) of ADC_SRC_CLK.
Related violations: <none>

TIMING-18#250 Warning
Missing input or output delay  
An input delay is missing on ADC_DATA4_FLAT[324] relative to the rising and/or falling clock edge(s) of ADC_SRC_CLK.
Related violations: <none>

TIMING-18#251 Warning
Missing input or output delay  
An input delay is missing on ADC_DATA4_FLAT[325] relative to the rising and/or falling clock edge(s) of ADC_SRC_CLK.
Related violations: <none>

TIMING-18#252 Warning
Missing input or output delay  
An input delay is missing on ADC_DATA4_FLAT[326] relative to the rising and/or falling clock edge(s) of ADC_SRC_CLK.
Related violations: <none>

TIMING-18#253 Warning
Missing input or output delay  
An input delay is missing on ADC_DATA4_FLAT[327] relative to the rising and/or falling clock edge(s) of ADC_SRC_CLK.
Related violations: <none>

TIMING-18#254 Warning
Missing input or output delay  
An input delay is missing on ADC_DATA4_FLAT[328] relative to the rising and/or falling clock edge(s) of ADC_SRC_CLK.
Related violations: <none>

TIMING-18#255 Warning
Missing input or output delay  
An input delay is missing on ADC_DATA4_FLAT[329] relative to the rising and/or falling clock edge(s) of ADC_SRC_CLK.
Related violations: <none>

TIMING-18#256 Warning
Missing input or output delay  
An input delay is missing on ADC_DATA4_FLAT[32] relative to the rising and/or falling clock edge(s) of ADC_SRC_CLK.
Related violations: <none>

TIMING-18#257 Warning
Missing input or output delay  
An input delay is missing on ADC_DATA4_FLAT[330] relative to the rising and/or falling clock edge(s) of ADC_SRC_CLK.
Related violations: <none>

TIMING-18#258 Warning
Missing input or output delay  
An input delay is missing on ADC_DATA4_FLAT[331] relative to the rising and/or falling clock edge(s) of ADC_SRC_CLK.
Related violations: <none>

TIMING-18#259 Warning
Missing input or output delay  
An input delay is missing on ADC_DATA4_FLAT[332] relative to the rising and/or falling clock edge(s) of ADC_SRC_CLK.
Related violations: <none>

TIMING-18#260 Warning
Missing input or output delay  
An input delay is missing on ADC_DATA4_FLAT[333] relative to the rising and/or falling clock edge(s) of ADC_SRC_CLK.
Related violations: <none>

TIMING-18#261 Warning
Missing input or output delay  
An input delay is missing on ADC_DATA4_FLAT[334] relative to the rising and/or falling clock edge(s) of ADC_SRC_CLK.
Related violations: <none>

TIMING-18#262 Warning
Missing input or output delay  
An input delay is missing on ADC_DATA4_FLAT[335] relative to the rising and/or falling clock edge(s) of ADC_SRC_CLK.
Related violations: <none>

TIMING-18#263 Warning
Missing input or output delay  
An input delay is missing on ADC_DATA4_FLAT[336] relative to the rising and/or falling clock edge(s) of ADC_SRC_CLK.
Related violations: <none>

TIMING-18#264 Warning
Missing input or output delay  
An input delay is missing on ADC_DATA4_FLAT[337] relative to the rising and/or falling clock edge(s) of ADC_SRC_CLK.
Related violations: <none>

TIMING-18#265 Warning
Missing input or output delay  
An input delay is missing on ADC_DATA4_FLAT[338] relative to the rising and/or falling clock edge(s) of ADC_SRC_CLK.
Related violations: <none>

TIMING-18#266 Warning
Missing input or output delay  
An input delay is missing on ADC_DATA4_FLAT[339] relative to the rising and/or falling clock edge(s) of ADC_SRC_CLK.
Related violations: <none>

TIMING-18#267 Warning
Missing input or output delay  
An input delay is missing on ADC_DATA4_FLAT[33] relative to the rising and/or falling clock edge(s) of ADC_SRC_CLK.
Related violations: <none>

TIMING-18#268 Warning
Missing input or output delay  
An input delay is missing on ADC_DATA4_FLAT[340] relative to the rising and/or falling clock edge(s) of ADC_SRC_CLK.
Related violations: <none>

TIMING-18#269 Warning
Missing input or output delay  
An input delay is missing on ADC_DATA4_FLAT[341] relative to the rising and/or falling clock edge(s) of ADC_SRC_CLK.
Related violations: <none>

TIMING-18#270 Warning
Missing input or output delay  
An input delay is missing on ADC_DATA4_FLAT[342] relative to the rising and/or falling clock edge(s) of ADC_SRC_CLK.
Related violations: <none>

TIMING-18#271 Warning
Missing input or output delay  
An input delay is missing on ADC_DATA4_FLAT[343] relative to the rising and/or falling clock edge(s) of ADC_SRC_CLK.
Related violations: <none>

TIMING-18#272 Warning
Missing input or output delay  
An input delay is missing on ADC_DATA4_FLAT[344] relative to the rising and/or falling clock edge(s) of ADC_SRC_CLK.
Related violations: <none>

TIMING-18#273 Warning
Missing input or output delay  
An input delay is missing on ADC_DATA4_FLAT[345] relative to the rising and/or falling clock edge(s) of ADC_SRC_CLK.
Related violations: <none>

TIMING-18#274 Warning
Missing input or output delay  
An input delay is missing on ADC_DATA4_FLAT[346] relative to the rising and/or falling clock edge(s) of ADC_SRC_CLK.
Related violations: <none>

TIMING-18#275 Warning
Missing input or output delay  
An input delay is missing on ADC_DATA4_FLAT[347] relative to the rising and/or falling clock edge(s) of ADC_SRC_CLK.
Related violations: <none>

TIMING-18#276 Warning
Missing input or output delay  
An input delay is missing on ADC_DATA4_FLAT[348] relative to the rising and/or falling clock edge(s) of ADC_SRC_CLK.
Related violations: <none>

TIMING-18#277 Warning
Missing input or output delay  
An input delay is missing on ADC_DATA4_FLAT[349] relative to the rising and/or falling clock edge(s) of ADC_SRC_CLK.
Related violations: <none>

TIMING-18#278 Warning
Missing input or output delay  
An input delay is missing on ADC_DATA4_FLAT[34] relative to the rising and/or falling clock edge(s) of ADC_SRC_CLK.
Related violations: <none>

TIMING-18#279 Warning
Missing input or output delay  
An input delay is missing on ADC_DATA4_FLAT[350] relative to the rising and/or falling clock edge(s) of ADC_SRC_CLK.
Related violations: <none>

TIMING-18#280 Warning
Missing input or output delay  
An input delay is missing on ADC_DATA4_FLAT[351] relative to the rising and/or falling clock edge(s) of ADC_SRC_CLK.
Related violations: <none>

TIMING-18#281 Warning
Missing input or output delay  
An input delay is missing on ADC_DATA4_FLAT[352] relative to the rising and/or falling clock edge(s) of ADC_SRC_CLK.
Related violations: <none>

TIMING-18#282 Warning
Missing input or output delay  
An input delay is missing on ADC_DATA4_FLAT[353] relative to the rising and/or falling clock edge(s) of ADC_SRC_CLK.
Related violations: <none>

TIMING-18#283 Warning
Missing input or output delay  
An input delay is missing on ADC_DATA4_FLAT[354] relative to the rising and/or falling clock edge(s) of ADC_SRC_CLK.
Related violations: <none>

TIMING-18#284 Warning
Missing input or output delay  
An input delay is missing on ADC_DATA4_FLAT[355] relative to the rising and/or falling clock edge(s) of ADC_SRC_CLK.
Related violations: <none>

TIMING-18#285 Warning
Missing input or output delay  
An input delay is missing on ADC_DATA4_FLAT[356] relative to the rising and/or falling clock edge(s) of ADC_SRC_CLK.
Related violations: <none>

TIMING-18#286 Warning
Missing input or output delay  
An input delay is missing on ADC_DATA4_FLAT[357] relative to the rising and/or falling clock edge(s) of ADC_SRC_CLK.
Related violations: <none>

TIMING-18#287 Warning
Missing input or output delay  
An input delay is missing on ADC_DATA4_FLAT[358] relative to the rising and/or falling clock edge(s) of ADC_SRC_CLK.
Related violations: <none>

TIMING-18#288 Warning
Missing input or output delay  
An input delay is missing on ADC_DATA4_FLAT[359] relative to the rising and/or falling clock edge(s) of ADC_SRC_CLK.
Related violations: <none>

TIMING-18#289 Warning
Missing input or output delay  
An input delay is missing on ADC_DATA4_FLAT[35] relative to the rising and/or falling clock edge(s) of ADC_SRC_CLK.
Related violations: <none>

TIMING-18#290 Warning
Missing input or output delay  
An input delay is missing on ADC_DATA4_FLAT[360] relative to the rising and/or falling clock edge(s) of ADC_SRC_CLK.
Related violations: <none>

TIMING-18#291 Warning
Missing input or output delay  
An input delay is missing on ADC_DATA4_FLAT[361] relative to the rising and/or falling clock edge(s) of ADC_SRC_CLK.
Related violations: <none>

TIMING-18#292 Warning
Missing input or output delay  
An input delay is missing on ADC_DATA4_FLAT[362] relative to the rising and/or falling clock edge(s) of ADC_SRC_CLK.
Related violations: <none>

TIMING-18#293 Warning
Missing input or output delay  
An input delay is missing on ADC_DATA4_FLAT[363] relative to the rising and/or falling clock edge(s) of ADC_SRC_CLK.
Related violations: <none>

TIMING-18#294 Warning
Missing input or output delay  
An input delay is missing on ADC_DATA4_FLAT[364] relative to the rising and/or falling clock edge(s) of ADC_SRC_CLK.
Related violations: <none>

TIMING-18#295 Warning
Missing input or output delay  
An input delay is missing on ADC_DATA4_FLAT[365] relative to the rising and/or falling clock edge(s) of ADC_SRC_CLK.
Related violations: <none>

TIMING-18#296 Warning
Missing input or output delay  
An input delay is missing on ADC_DATA4_FLAT[366] relative to the rising and/or falling clock edge(s) of ADC_SRC_CLK.
Related violations: <none>

TIMING-18#297 Warning
Missing input or output delay  
An input delay is missing on ADC_DATA4_FLAT[367] relative to the rising and/or falling clock edge(s) of ADC_SRC_CLK.
Related violations: <none>

TIMING-18#298 Warning
Missing input or output delay  
An input delay is missing on ADC_DATA4_FLAT[368] relative to the rising and/or falling clock edge(s) of ADC_SRC_CLK.
Related violations: <none>

TIMING-18#299 Warning
Missing input or output delay  
An input delay is missing on ADC_DATA4_FLAT[369] relative to the rising and/or falling clock edge(s) of ADC_SRC_CLK.
Related violations: <none>

TIMING-18#300 Warning
Missing input or output delay  
An input delay is missing on ADC_DATA4_FLAT[36] relative to the rising and/or falling clock edge(s) of ADC_SRC_CLK.
Related violations: <none>

TIMING-18#301 Warning
Missing input or output delay  
An input delay is missing on ADC_DATA4_FLAT[370] relative to the rising and/or falling clock edge(s) of ADC_SRC_CLK.
Related violations: <none>

TIMING-18#302 Warning
Missing input or output delay  
An input delay is missing on ADC_DATA4_FLAT[371] relative to the rising and/or falling clock edge(s) of ADC_SRC_CLK.
Related violations: <none>

TIMING-18#303 Warning
Missing input or output delay  
An input delay is missing on ADC_DATA4_FLAT[372] relative to the rising and/or falling clock edge(s) of ADC_SRC_CLK.
Related violations: <none>

TIMING-18#304 Warning
Missing input or output delay  
An input delay is missing on ADC_DATA4_FLAT[373] relative to the rising and/or falling clock edge(s) of ADC_SRC_CLK.
Related violations: <none>

TIMING-18#305 Warning
Missing input or output delay  
An input delay is missing on ADC_DATA4_FLAT[374] relative to the rising and/or falling clock edge(s) of ADC_SRC_CLK.
Related violations: <none>

TIMING-18#306 Warning
Missing input or output delay  
An input delay is missing on ADC_DATA4_FLAT[375] relative to the rising and/or falling clock edge(s) of ADC_SRC_CLK.
Related violations: <none>

TIMING-18#307 Warning
Missing input or output delay  
An input delay is missing on ADC_DATA4_FLAT[376] relative to the rising and/or falling clock edge(s) of ADC_SRC_CLK.
Related violations: <none>

TIMING-18#308 Warning
Missing input or output delay  
An input delay is missing on ADC_DATA4_FLAT[377] relative to the rising and/or falling clock edge(s) of ADC_SRC_CLK.
Related violations: <none>

TIMING-18#309 Warning
Missing input or output delay  
An input delay is missing on ADC_DATA4_FLAT[378] relative to the rising and/or falling clock edge(s) of ADC_SRC_CLK.
Related violations: <none>

TIMING-18#310 Warning
Missing input or output delay  
An input delay is missing on ADC_DATA4_FLAT[379] relative to the rising and/or falling clock edge(s) of ADC_SRC_CLK.
Related violations: <none>

TIMING-18#311 Warning
Missing input or output delay  
An input delay is missing on ADC_DATA4_FLAT[37] relative to the rising and/or falling clock edge(s) of ADC_SRC_CLK.
Related violations: <none>

TIMING-18#312 Warning
Missing input or output delay  
An input delay is missing on ADC_DATA4_FLAT[380] relative to the rising and/or falling clock edge(s) of ADC_SRC_CLK.
Related violations: <none>

TIMING-18#313 Warning
Missing input or output delay  
An input delay is missing on ADC_DATA4_FLAT[381] relative to the rising and/or falling clock edge(s) of ADC_SRC_CLK.
Related violations: <none>

TIMING-18#314 Warning
Missing input or output delay  
An input delay is missing on ADC_DATA4_FLAT[382] relative to the rising and/or falling clock edge(s) of ADC_SRC_CLK.
Related violations: <none>

TIMING-18#315 Warning
Missing input or output delay  
An input delay is missing on ADC_DATA4_FLAT[383] relative to the rising and/or falling clock edge(s) of ADC_SRC_CLK.
Related violations: <none>

TIMING-18#316 Warning
Missing input or output delay  
An input delay is missing on ADC_DATA4_FLAT[384] relative to the rising and/or falling clock edge(s) of ADC_SRC_CLK.
Related violations: <none>

TIMING-18#317 Warning
Missing input or output delay  
An input delay is missing on ADC_DATA4_FLAT[385] relative to the rising and/or falling clock edge(s) of ADC_SRC_CLK.
Related violations: <none>

TIMING-18#318 Warning
Missing input or output delay  
An input delay is missing on ADC_DATA4_FLAT[386] relative to the rising and/or falling clock edge(s) of ADC_SRC_CLK.
Related violations: <none>

TIMING-18#319 Warning
Missing input or output delay  
An input delay is missing on ADC_DATA4_FLAT[387] relative to the rising and/or falling clock edge(s) of ADC_SRC_CLK.
Related violations: <none>

TIMING-18#320 Warning
Missing input or output delay  
An input delay is missing on ADC_DATA4_FLAT[388] relative to the rising and/or falling clock edge(s) of ADC_SRC_CLK.
Related violations: <none>

TIMING-18#321 Warning
Missing input or output delay  
An input delay is missing on ADC_DATA4_FLAT[389] relative to the rising and/or falling clock edge(s) of ADC_SRC_CLK.
Related violations: <none>

TIMING-18#322 Warning
Missing input or output delay  
An input delay is missing on ADC_DATA4_FLAT[38] relative to the rising and/or falling clock edge(s) of ADC_SRC_CLK.
Related violations: <none>

TIMING-18#323 Warning
Missing input or output delay  
An input delay is missing on ADC_DATA4_FLAT[390] relative to the rising and/or falling clock edge(s) of ADC_SRC_CLK.
Related violations: <none>

TIMING-18#324 Warning
Missing input or output delay  
An input delay is missing on ADC_DATA4_FLAT[391] relative to the rising and/or falling clock edge(s) of ADC_SRC_CLK.
Related violations: <none>

TIMING-18#325 Warning
Missing input or output delay  
An input delay is missing on ADC_DATA4_FLAT[392] relative to the rising and/or falling clock edge(s) of ADC_SRC_CLK.
Related violations: <none>

TIMING-18#326 Warning
Missing input or output delay  
An input delay is missing on ADC_DATA4_FLAT[393] relative to the rising and/or falling clock edge(s) of ADC_SRC_CLK.
Related violations: <none>

TIMING-18#327 Warning
Missing input or output delay  
An input delay is missing on ADC_DATA4_FLAT[394] relative to the rising and/or falling clock edge(s) of ADC_SRC_CLK.
Related violations: <none>

TIMING-18#328 Warning
Missing input or output delay  
An input delay is missing on ADC_DATA4_FLAT[395] relative to the rising and/or falling clock edge(s) of ADC_SRC_CLK.
Related violations: <none>

TIMING-18#329 Warning
Missing input or output delay  
An input delay is missing on ADC_DATA4_FLAT[396] relative to the rising and/or falling clock edge(s) of ADC_SRC_CLK.
Related violations: <none>

TIMING-18#330 Warning
Missing input or output delay  
An input delay is missing on ADC_DATA4_FLAT[397] relative to the rising and/or falling clock edge(s) of ADC_SRC_CLK.
Related violations: <none>

TIMING-18#331 Warning
Missing input or output delay  
An input delay is missing on ADC_DATA4_FLAT[398] relative to the rising and/or falling clock edge(s) of ADC_SRC_CLK.
Related violations: <none>

TIMING-18#332 Warning
Missing input or output delay  
An input delay is missing on ADC_DATA4_FLAT[399] relative to the rising and/or falling clock edge(s) of ADC_SRC_CLK.
Related violations: <none>

TIMING-18#333 Warning
Missing input or output delay  
An input delay is missing on ADC_DATA4_FLAT[39] relative to the rising and/or falling clock edge(s) of ADC_SRC_CLK.
Related violations: <none>

TIMING-18#334 Warning
Missing input or output delay  
An input delay is missing on ADC_DATA4_FLAT[3] relative to the rising and/or falling clock edge(s) of ADC_SRC_CLK.
Related violations: <none>

TIMING-18#335 Warning
Missing input or output delay  
An input delay is missing on ADC_DATA4_FLAT[400] relative to the rising and/or falling clock edge(s) of ADC_SRC_CLK.
Related violations: <none>

TIMING-18#336 Warning
Missing input or output delay  
An input delay is missing on ADC_DATA4_FLAT[401] relative to the rising and/or falling clock edge(s) of ADC_SRC_CLK.
Related violations: <none>

TIMING-18#337 Warning
Missing input or output delay  
An input delay is missing on ADC_DATA4_FLAT[402] relative to the rising and/or falling clock edge(s) of ADC_SRC_CLK.
Related violations: <none>

TIMING-18#338 Warning
Missing input or output delay  
An input delay is missing on ADC_DATA4_FLAT[403] relative to the rising and/or falling clock edge(s) of ADC_SRC_CLK.
Related violations: <none>

TIMING-18#339 Warning
Missing input or output delay  
An input delay is missing on ADC_DATA4_FLAT[404] relative to the rising and/or falling clock edge(s) of ADC_SRC_CLK.
Related violations: <none>

TIMING-18#340 Warning
Missing input or output delay  
An input delay is missing on ADC_DATA4_FLAT[405] relative to the rising and/or falling clock edge(s) of ADC_SRC_CLK.
Related violations: <none>

TIMING-18#341 Warning
Missing input or output delay  
An input delay is missing on ADC_DATA4_FLAT[406] relative to the rising and/or falling clock edge(s) of ADC_SRC_CLK.
Related violations: <none>

TIMING-18#342 Warning
Missing input or output delay  
An input delay is missing on ADC_DATA4_FLAT[407] relative to the rising and/or falling clock edge(s) of ADC_SRC_CLK.
Related violations: <none>

TIMING-18#343 Warning
Missing input or output delay  
An input delay is missing on ADC_DATA4_FLAT[408] relative to the rising and/or falling clock edge(s) of ADC_SRC_CLK.
Related violations: <none>

TIMING-18#344 Warning
Missing input or output delay  
An input delay is missing on ADC_DATA4_FLAT[409] relative to the rising and/or falling clock edge(s) of ADC_SRC_CLK.
Related violations: <none>

TIMING-18#345 Warning
Missing input or output delay  
An input delay is missing on ADC_DATA4_FLAT[40] relative to the rising and/or falling clock edge(s) of ADC_SRC_CLK.
Related violations: <none>

TIMING-18#346 Warning
Missing input or output delay  
An input delay is missing on ADC_DATA4_FLAT[410] relative to the rising and/or falling clock edge(s) of ADC_SRC_CLK.
Related violations: <none>

TIMING-18#347 Warning
Missing input or output delay  
An input delay is missing on ADC_DATA4_FLAT[411] relative to the rising and/or falling clock edge(s) of ADC_SRC_CLK.
Related violations: <none>

TIMING-18#348 Warning
Missing input or output delay  
An input delay is missing on ADC_DATA4_FLAT[412] relative to the rising and/or falling clock edge(s) of ADC_SRC_CLK.
Related violations: <none>

TIMING-18#349 Warning
Missing input or output delay  
An input delay is missing on ADC_DATA4_FLAT[413] relative to the rising and/or falling clock edge(s) of ADC_SRC_CLK.
Related violations: <none>

TIMING-18#350 Warning
Missing input or output delay  
An input delay is missing on ADC_DATA4_FLAT[414] relative to the rising and/or falling clock edge(s) of ADC_SRC_CLK.
Related violations: <none>

TIMING-18#351 Warning
Missing input or output delay  
An input delay is missing on ADC_DATA4_FLAT[415] relative to the rising and/or falling clock edge(s) of ADC_SRC_CLK.
Related violations: <none>

TIMING-18#352 Warning
Missing input or output delay  
An input delay is missing on ADC_DATA4_FLAT[416] relative to the rising and/or falling clock edge(s) of ADC_SRC_CLK.
Related violations: <none>

TIMING-18#353 Warning
Missing input or output delay  
An input delay is missing on ADC_DATA4_FLAT[417] relative to the rising and/or falling clock edge(s) of ADC_SRC_CLK.
Related violations: <none>

TIMING-18#354 Warning
Missing input or output delay  
An input delay is missing on ADC_DATA4_FLAT[418] relative to the rising and/or falling clock edge(s) of ADC_SRC_CLK.
Related violations: <none>

TIMING-18#355 Warning
Missing input or output delay  
An input delay is missing on ADC_DATA4_FLAT[419] relative to the rising and/or falling clock edge(s) of ADC_SRC_CLK.
Related violations: <none>

TIMING-18#356 Warning
Missing input or output delay  
An input delay is missing on ADC_DATA4_FLAT[41] relative to the rising and/or falling clock edge(s) of ADC_SRC_CLK.
Related violations: <none>

TIMING-18#357 Warning
Missing input or output delay  
An input delay is missing on ADC_DATA4_FLAT[420] relative to the rising and/or falling clock edge(s) of ADC_SRC_CLK.
Related violations: <none>

TIMING-18#358 Warning
Missing input or output delay  
An input delay is missing on ADC_DATA4_FLAT[421] relative to the rising and/or falling clock edge(s) of ADC_SRC_CLK.
Related violations: <none>

TIMING-18#359 Warning
Missing input or output delay  
An input delay is missing on ADC_DATA4_FLAT[422] relative to the rising and/or falling clock edge(s) of ADC_SRC_CLK.
Related violations: <none>

TIMING-18#360 Warning
Missing input or output delay  
An input delay is missing on ADC_DATA4_FLAT[423] relative to the rising and/or falling clock edge(s) of ADC_SRC_CLK.
Related violations: <none>

TIMING-18#361 Warning
Missing input or output delay  
An input delay is missing on ADC_DATA4_FLAT[424] relative to the rising and/or falling clock edge(s) of ADC_SRC_CLK.
Related violations: <none>

TIMING-18#362 Warning
Missing input or output delay  
An input delay is missing on ADC_DATA4_FLAT[425] relative to the rising and/or falling clock edge(s) of ADC_SRC_CLK.
Related violations: <none>

TIMING-18#363 Warning
Missing input or output delay  
An input delay is missing on ADC_DATA4_FLAT[426] relative to the rising and/or falling clock edge(s) of ADC_SRC_CLK.
Related violations: <none>

TIMING-18#364 Warning
Missing input or output delay  
An input delay is missing on ADC_DATA4_FLAT[427] relative to the rising and/or falling clock edge(s) of ADC_SRC_CLK.
Related violations: <none>

TIMING-18#365 Warning
Missing input or output delay  
An input delay is missing on ADC_DATA4_FLAT[428] relative to the rising and/or falling clock edge(s) of ADC_SRC_CLK.
Related violations: <none>

TIMING-18#366 Warning
Missing input or output delay  
An input delay is missing on ADC_DATA4_FLAT[429] relative to the rising and/or falling clock edge(s) of ADC_SRC_CLK.
Related violations: <none>

TIMING-18#367 Warning
Missing input or output delay  
An input delay is missing on ADC_DATA4_FLAT[42] relative to the rising and/or falling clock edge(s) of ADC_SRC_CLK.
Related violations: <none>

TIMING-18#368 Warning
Missing input or output delay  
An input delay is missing on ADC_DATA4_FLAT[430] relative to the rising and/or falling clock edge(s) of ADC_SRC_CLK.
Related violations: <none>

TIMING-18#369 Warning
Missing input or output delay  
An input delay is missing on ADC_DATA4_FLAT[431] relative to the rising and/or falling clock edge(s) of ADC_SRC_CLK.
Related violations: <none>

TIMING-18#370 Warning
Missing input or output delay  
An input delay is missing on ADC_DATA4_FLAT[432] relative to the rising and/or falling clock edge(s) of ADC_SRC_CLK.
Related violations: <none>

TIMING-18#371 Warning
Missing input or output delay  
An input delay is missing on ADC_DATA4_FLAT[433] relative to the rising and/or falling clock edge(s) of ADC_SRC_CLK.
Related violations: <none>

TIMING-18#372 Warning
Missing input or output delay  
An input delay is missing on ADC_DATA4_FLAT[434] relative to the rising and/or falling clock edge(s) of ADC_SRC_CLK.
Related violations: <none>

TIMING-18#373 Warning
Missing input or output delay  
An input delay is missing on ADC_DATA4_FLAT[435] relative to the rising and/or falling clock edge(s) of ADC_SRC_CLK.
Related violations: <none>

TIMING-18#374 Warning
Missing input or output delay  
An input delay is missing on ADC_DATA4_FLAT[436] relative to the rising and/or falling clock edge(s) of ADC_SRC_CLK.
Related violations: <none>

TIMING-18#375 Warning
Missing input or output delay  
An input delay is missing on ADC_DATA4_FLAT[437] relative to the rising and/or falling clock edge(s) of ADC_SRC_CLK.
Related violations: <none>

TIMING-18#376 Warning
Missing input or output delay  
An input delay is missing on ADC_DATA4_FLAT[438] relative to the rising and/or falling clock edge(s) of ADC_SRC_CLK.
Related violations: <none>

TIMING-18#377 Warning
Missing input or output delay  
An input delay is missing on ADC_DATA4_FLAT[439] relative to the rising and/or falling clock edge(s) of ADC_SRC_CLK.
Related violations: <none>

TIMING-18#378 Warning
Missing input or output delay  
An input delay is missing on ADC_DATA4_FLAT[43] relative to the rising and/or falling clock edge(s) of ADC_SRC_CLK.
Related violations: <none>

TIMING-18#379 Warning
Missing input or output delay  
An input delay is missing on ADC_DATA4_FLAT[440] relative to the rising and/or falling clock edge(s) of ADC_SRC_CLK.
Related violations: <none>

TIMING-18#380 Warning
Missing input or output delay  
An input delay is missing on ADC_DATA4_FLAT[441] relative to the rising and/or falling clock edge(s) of ADC_SRC_CLK.
Related violations: <none>

TIMING-18#381 Warning
Missing input or output delay  
An input delay is missing on ADC_DATA4_FLAT[442] relative to the rising and/or falling clock edge(s) of ADC_SRC_CLK.
Related violations: <none>

TIMING-18#382 Warning
Missing input or output delay  
An input delay is missing on ADC_DATA4_FLAT[443] relative to the rising and/or falling clock edge(s) of ADC_SRC_CLK.
Related violations: <none>

TIMING-18#383 Warning
Missing input or output delay  
An input delay is missing on ADC_DATA4_FLAT[444] relative to the rising and/or falling clock edge(s) of ADC_SRC_CLK.
Related violations: <none>

TIMING-18#384 Warning
Missing input or output delay  
An input delay is missing on ADC_DATA4_FLAT[445] relative to the rising and/or falling clock edge(s) of ADC_SRC_CLK.
Related violations: <none>

TIMING-18#385 Warning
Missing input or output delay  
An input delay is missing on ADC_DATA4_FLAT[446] relative to the rising and/or falling clock edge(s) of ADC_SRC_CLK.
Related violations: <none>

TIMING-18#386 Warning
Missing input or output delay  
An input delay is missing on ADC_DATA4_FLAT[447] relative to the rising and/or falling clock edge(s) of ADC_SRC_CLK.
Related violations: <none>

TIMING-18#387 Warning
Missing input or output delay  
An input delay is missing on ADC_DATA4_FLAT[448] relative to the rising and/or falling clock edge(s) of ADC_SRC_CLK.
Related violations: <none>

TIMING-18#388 Warning
Missing input or output delay  
An input delay is missing on ADC_DATA4_FLAT[449] relative to the rising and/or falling clock edge(s) of ADC_SRC_CLK.
Related violations: <none>

TIMING-18#389 Warning
Missing input or output delay  
An input delay is missing on ADC_DATA4_FLAT[44] relative to the rising and/or falling clock edge(s) of ADC_SRC_CLK.
Related violations: <none>

TIMING-18#390 Warning
Missing input or output delay  
An input delay is missing on ADC_DATA4_FLAT[450] relative to the rising and/or falling clock edge(s) of ADC_SRC_CLK.
Related violations: <none>

TIMING-18#391 Warning
Missing input or output delay  
An input delay is missing on ADC_DATA4_FLAT[451] relative to the rising and/or falling clock edge(s) of ADC_SRC_CLK.
Related violations: <none>

TIMING-18#392 Warning
Missing input or output delay  
An input delay is missing on ADC_DATA4_FLAT[452] relative to the rising and/or falling clock edge(s) of ADC_SRC_CLK.
Related violations: <none>

TIMING-18#393 Warning
Missing input or output delay  
An input delay is missing on ADC_DATA4_FLAT[453] relative to the rising and/or falling clock edge(s) of ADC_SRC_CLK.
Related violations: <none>

TIMING-18#394 Warning
Missing input or output delay  
An input delay is missing on ADC_DATA4_FLAT[454] relative to the rising and/or falling clock edge(s) of ADC_SRC_CLK.
Related violations: <none>

TIMING-18#395 Warning
Missing input or output delay  
An input delay is missing on ADC_DATA4_FLAT[455] relative to the rising and/or falling clock edge(s) of ADC_SRC_CLK.
Related violations: <none>

TIMING-18#396 Warning
Missing input or output delay  
An input delay is missing on ADC_DATA4_FLAT[456] relative to the rising and/or falling clock edge(s) of ADC_SRC_CLK.
Related violations: <none>

TIMING-18#397 Warning
Missing input or output delay  
An input delay is missing on ADC_DATA4_FLAT[457] relative to the rising and/or falling clock edge(s) of ADC_SRC_CLK.
Related violations: <none>

TIMING-18#398 Warning
Missing input or output delay  
An input delay is missing on ADC_DATA4_FLAT[458] relative to the rising and/or falling clock edge(s) of ADC_SRC_CLK.
Related violations: <none>

TIMING-18#399 Warning
Missing input or output delay  
An input delay is missing on ADC_DATA4_FLAT[459] relative to the rising and/or falling clock edge(s) of ADC_SRC_CLK.
Related violations: <none>

TIMING-18#400 Warning
Missing input or output delay  
An input delay is missing on ADC_DATA4_FLAT[45] relative to the rising and/or falling clock edge(s) of ADC_SRC_CLK.
Related violations: <none>

TIMING-18#401 Warning
Missing input or output delay  
An input delay is missing on ADC_DATA4_FLAT[460] relative to the rising and/or falling clock edge(s) of ADC_SRC_CLK.
Related violations: <none>

TIMING-18#402 Warning
Missing input or output delay  
An input delay is missing on ADC_DATA4_FLAT[461] relative to the rising and/or falling clock edge(s) of ADC_SRC_CLK.
Related violations: <none>

TIMING-18#403 Warning
Missing input or output delay  
An input delay is missing on ADC_DATA4_FLAT[462] relative to the rising and/or falling clock edge(s) of ADC_SRC_CLK.
Related violations: <none>

TIMING-18#404 Warning
Missing input or output delay  
An input delay is missing on ADC_DATA4_FLAT[463] relative to the rising and/or falling clock edge(s) of ADC_SRC_CLK.
Related violations: <none>

TIMING-18#405 Warning
Missing input or output delay  
An input delay is missing on ADC_DATA4_FLAT[464] relative to the rising and/or falling clock edge(s) of ADC_SRC_CLK.
Related violations: <none>

TIMING-18#406 Warning
Missing input or output delay  
An input delay is missing on ADC_DATA4_FLAT[465] relative to the rising and/or falling clock edge(s) of ADC_SRC_CLK.
Related violations: <none>

TIMING-18#407 Warning
Missing input or output delay  
An input delay is missing on ADC_DATA4_FLAT[466] relative to the rising and/or falling clock edge(s) of ADC_SRC_CLK.
Related violations: <none>

TIMING-18#408 Warning
Missing input or output delay  
An input delay is missing on ADC_DATA4_FLAT[467] relative to the rising and/or falling clock edge(s) of ADC_SRC_CLK.
Related violations: <none>

TIMING-18#409 Warning
Missing input or output delay  
An input delay is missing on ADC_DATA4_FLAT[468] relative to the rising and/or falling clock edge(s) of ADC_SRC_CLK.
Related violations: <none>

TIMING-18#410 Warning
Missing input or output delay  
An input delay is missing on ADC_DATA4_FLAT[469] relative to the rising and/or falling clock edge(s) of ADC_SRC_CLK.
Related violations: <none>

TIMING-18#411 Warning
Missing input or output delay  
An input delay is missing on ADC_DATA4_FLAT[46] relative to the rising and/or falling clock edge(s) of ADC_SRC_CLK.
Related violations: <none>

TIMING-18#412 Warning
Missing input or output delay  
An input delay is missing on ADC_DATA4_FLAT[470] relative to the rising and/or falling clock edge(s) of ADC_SRC_CLK.
Related violations: <none>

TIMING-18#413 Warning
Missing input or output delay  
An input delay is missing on ADC_DATA4_FLAT[471] relative to the rising and/or falling clock edge(s) of ADC_SRC_CLK.
Related violations: <none>

TIMING-18#414 Warning
Missing input or output delay  
An input delay is missing on ADC_DATA4_FLAT[472] relative to the rising and/or falling clock edge(s) of ADC_SRC_CLK.
Related violations: <none>

TIMING-18#415 Warning
Missing input or output delay  
An input delay is missing on ADC_DATA4_FLAT[473] relative to the rising and/or falling clock edge(s) of ADC_SRC_CLK.
Related violations: <none>

TIMING-18#416 Warning
Missing input or output delay  
An input delay is missing on ADC_DATA4_FLAT[474] relative to the rising and/or falling clock edge(s) of ADC_SRC_CLK.
Related violations: <none>

TIMING-18#417 Warning
Missing input or output delay  
An input delay is missing on ADC_DATA4_FLAT[475] relative to the rising and/or falling clock edge(s) of ADC_SRC_CLK.
Related violations: <none>

TIMING-18#418 Warning
Missing input or output delay  
An input delay is missing on ADC_DATA4_FLAT[476] relative to the rising and/or falling clock edge(s) of ADC_SRC_CLK.
Related violations: <none>

TIMING-18#419 Warning
Missing input or output delay  
An input delay is missing on ADC_DATA4_FLAT[477] relative to the rising and/or falling clock edge(s) of ADC_SRC_CLK.
Related violations: <none>

TIMING-18#420 Warning
Missing input or output delay  
An input delay is missing on ADC_DATA4_FLAT[478] relative to the rising and/or falling clock edge(s) of ADC_SRC_CLK.
Related violations: <none>

TIMING-18#421 Warning
Missing input or output delay  
An input delay is missing on ADC_DATA4_FLAT[479] relative to the rising and/or falling clock edge(s) of ADC_SRC_CLK.
Related violations: <none>

TIMING-18#422 Warning
Missing input or output delay  
An input delay is missing on ADC_DATA4_FLAT[47] relative to the rising and/or falling clock edge(s) of ADC_SRC_CLK.
Related violations: <none>

TIMING-18#423 Warning
Missing input or output delay  
An input delay is missing on ADC_DATA4_FLAT[480] relative to the rising and/or falling clock edge(s) of ADC_SRC_CLK.
Related violations: <none>

TIMING-18#424 Warning
Missing input or output delay  
An input delay is missing on ADC_DATA4_FLAT[481] relative to the rising and/or falling clock edge(s) of ADC_SRC_CLK.
Related violations: <none>

TIMING-18#425 Warning
Missing input or output delay  
An input delay is missing on ADC_DATA4_FLAT[482] relative to the rising and/or falling clock edge(s) of ADC_SRC_CLK.
Related violations: <none>

TIMING-18#426 Warning
Missing input or output delay  
An input delay is missing on ADC_DATA4_FLAT[483] relative to the rising and/or falling clock edge(s) of ADC_SRC_CLK.
Related violations: <none>

TIMING-18#427 Warning
Missing input or output delay  
An input delay is missing on ADC_DATA4_FLAT[484] relative to the rising and/or falling clock edge(s) of ADC_SRC_CLK.
Related violations: <none>

TIMING-18#428 Warning
Missing input or output delay  
An input delay is missing on ADC_DATA4_FLAT[485] relative to the rising and/or falling clock edge(s) of ADC_SRC_CLK.
Related violations: <none>

TIMING-18#429 Warning
Missing input or output delay  
An input delay is missing on ADC_DATA4_FLAT[486] relative to the rising and/or falling clock edge(s) of ADC_SRC_CLK.
Related violations: <none>

TIMING-18#430 Warning
Missing input or output delay  
An input delay is missing on ADC_DATA4_FLAT[487] relative to the rising and/or falling clock edge(s) of ADC_SRC_CLK.
Related violations: <none>

TIMING-18#431 Warning
Missing input or output delay  
An input delay is missing on ADC_DATA4_FLAT[488] relative to the rising and/or falling clock edge(s) of ADC_SRC_CLK.
Related violations: <none>

TIMING-18#432 Warning
Missing input or output delay  
An input delay is missing on ADC_DATA4_FLAT[489] relative to the rising and/or falling clock edge(s) of ADC_SRC_CLK.
Related violations: <none>

TIMING-18#433 Warning
Missing input or output delay  
An input delay is missing on ADC_DATA4_FLAT[48] relative to the rising and/or falling clock edge(s) of ADC_SRC_CLK.
Related violations: <none>

TIMING-18#434 Warning
Missing input or output delay  
An input delay is missing on ADC_DATA4_FLAT[490] relative to the rising and/or falling clock edge(s) of ADC_SRC_CLK.
Related violations: <none>

TIMING-18#435 Warning
Missing input or output delay  
An input delay is missing on ADC_DATA4_FLAT[491] relative to the rising and/or falling clock edge(s) of ADC_SRC_CLK.
Related violations: <none>

TIMING-18#436 Warning
Missing input or output delay  
An input delay is missing on ADC_DATA4_FLAT[492] relative to the rising and/or falling clock edge(s) of ADC_SRC_CLK.
Related violations: <none>

TIMING-18#437 Warning
Missing input or output delay  
An input delay is missing on ADC_DATA4_FLAT[493] relative to the rising and/or falling clock edge(s) of ADC_SRC_CLK.
Related violations: <none>

TIMING-18#438 Warning
Missing input or output delay  
An input delay is missing on ADC_DATA4_FLAT[494] relative to the rising and/or falling clock edge(s) of ADC_SRC_CLK.
Related violations: <none>

TIMING-18#439 Warning
Missing input or output delay  
An input delay is missing on ADC_DATA4_FLAT[495] relative to the rising and/or falling clock edge(s) of ADC_SRC_CLK.
Related violations: <none>

TIMING-18#440 Warning
Missing input or output delay  
An input delay is missing on ADC_DATA4_FLAT[496] relative to the rising and/or falling clock edge(s) of ADC_SRC_CLK.
Related violations: <none>

TIMING-18#441 Warning
Missing input or output delay  
An input delay is missing on ADC_DATA4_FLAT[497] relative to the rising and/or falling clock edge(s) of ADC_SRC_CLK.
Related violations: <none>

TIMING-18#442 Warning
Missing input or output delay  
An input delay is missing on ADC_DATA4_FLAT[498] relative to the rising and/or falling clock edge(s) of ADC_SRC_CLK.
Related violations: <none>

TIMING-18#443 Warning
Missing input or output delay  
An input delay is missing on ADC_DATA4_FLAT[499] relative to the rising and/or falling clock edge(s) of ADC_SRC_CLK.
Related violations: <none>

TIMING-18#444 Warning
Missing input or output delay  
An input delay is missing on ADC_DATA4_FLAT[49] relative to the rising and/or falling clock edge(s) of ADC_SRC_CLK.
Related violations: <none>

TIMING-18#445 Warning
Missing input or output delay  
An input delay is missing on ADC_DATA4_FLAT[4] relative to the rising and/or falling clock edge(s) of ADC_SRC_CLK.
Related violations: <none>

TIMING-18#446 Warning
Missing input or output delay  
An input delay is missing on ADC_DATA4_FLAT[500] relative to the rising and/or falling clock edge(s) of ADC_SRC_CLK.
Related violations: <none>

TIMING-18#447 Warning
Missing input or output delay  
An input delay is missing on ADC_DATA4_FLAT[501] relative to the rising and/or falling clock edge(s) of ADC_SRC_CLK.
Related violations: <none>

TIMING-18#448 Warning
Missing input or output delay  
An input delay is missing on ADC_DATA4_FLAT[502] relative to the rising and/or falling clock edge(s) of ADC_SRC_CLK.
Related violations: <none>

TIMING-18#449 Warning
Missing input or output delay  
An input delay is missing on ADC_DATA4_FLAT[503] relative to the rising and/or falling clock edge(s) of ADC_SRC_CLK.
Related violations: <none>

TIMING-18#450 Warning
Missing input or output delay  
An input delay is missing on ADC_DATA4_FLAT[504] relative to the rising and/or falling clock edge(s) of ADC_SRC_CLK.
Related violations: <none>

TIMING-18#451 Warning
Missing input or output delay  
An input delay is missing on ADC_DATA4_FLAT[505] relative to the rising and/or falling clock edge(s) of ADC_SRC_CLK.
Related violations: <none>

TIMING-18#452 Warning
Missing input or output delay  
An input delay is missing on ADC_DATA4_FLAT[506] relative to the rising and/or falling clock edge(s) of ADC_SRC_CLK.
Related violations: <none>

TIMING-18#453 Warning
Missing input or output delay  
An input delay is missing on ADC_DATA4_FLAT[507] relative to the rising and/or falling clock edge(s) of ADC_SRC_CLK.
Related violations: <none>

TIMING-18#454 Warning
Missing input or output delay  
An input delay is missing on ADC_DATA4_FLAT[508] relative to the rising and/or falling clock edge(s) of ADC_SRC_CLK.
Related violations: <none>

TIMING-18#455 Warning
Missing input or output delay  
An input delay is missing on ADC_DATA4_FLAT[509] relative to the rising and/or falling clock edge(s) of ADC_SRC_CLK.
Related violations: <none>

TIMING-18#456 Warning
Missing input or output delay  
An input delay is missing on ADC_DATA4_FLAT[50] relative to the rising and/or falling clock edge(s) of ADC_SRC_CLK.
Related violations: <none>

TIMING-18#457 Warning
Missing input or output delay  
An input delay is missing on ADC_DATA4_FLAT[510] relative to the rising and/or falling clock edge(s) of ADC_SRC_CLK.
Related violations: <none>

TIMING-18#458 Warning
Missing input or output delay  
An input delay is missing on ADC_DATA4_FLAT[511] relative to the rising and/or falling clock edge(s) of ADC_SRC_CLK.
Related violations: <none>

TIMING-18#459 Warning
Missing input or output delay  
An input delay is missing on ADC_DATA4_FLAT[512] relative to the rising and/or falling clock edge(s) of ADC_SRC_CLK.
Related violations: <none>

TIMING-18#460 Warning
Missing input or output delay  
An input delay is missing on ADC_DATA4_FLAT[513] relative to the rising and/or falling clock edge(s) of ADC_SRC_CLK.
Related violations: <none>

TIMING-18#461 Warning
Missing input or output delay  
An input delay is missing on ADC_DATA4_FLAT[514] relative to the rising and/or falling clock edge(s) of ADC_SRC_CLK.
Related violations: <none>

TIMING-18#462 Warning
Missing input or output delay  
An input delay is missing on ADC_DATA4_FLAT[515] relative to the rising and/or falling clock edge(s) of ADC_SRC_CLK.
Related violations: <none>

TIMING-18#463 Warning
Missing input or output delay  
An input delay is missing on ADC_DATA4_FLAT[516] relative to the rising and/or falling clock edge(s) of ADC_SRC_CLK.
Related violations: <none>

TIMING-18#464 Warning
Missing input or output delay  
An input delay is missing on ADC_DATA4_FLAT[517] relative to the rising and/or falling clock edge(s) of ADC_SRC_CLK.
Related violations: <none>

TIMING-18#465 Warning
Missing input or output delay  
An input delay is missing on ADC_DATA4_FLAT[518] relative to the rising and/or falling clock edge(s) of ADC_SRC_CLK.
Related violations: <none>

TIMING-18#466 Warning
Missing input or output delay  
An input delay is missing on ADC_DATA4_FLAT[519] relative to the rising and/or falling clock edge(s) of ADC_SRC_CLK.
Related violations: <none>

TIMING-18#467 Warning
Missing input or output delay  
An input delay is missing on ADC_DATA4_FLAT[51] relative to the rising and/or falling clock edge(s) of ADC_SRC_CLK.
Related violations: <none>

TIMING-18#468 Warning
Missing input or output delay  
An input delay is missing on ADC_DATA4_FLAT[520] relative to the rising and/or falling clock edge(s) of ADC_SRC_CLK.
Related violations: <none>

TIMING-18#469 Warning
Missing input or output delay  
An input delay is missing on ADC_DATA4_FLAT[521] relative to the rising and/or falling clock edge(s) of ADC_SRC_CLK.
Related violations: <none>

TIMING-18#470 Warning
Missing input or output delay  
An input delay is missing on ADC_DATA4_FLAT[522] relative to the rising and/or falling clock edge(s) of ADC_SRC_CLK.
Related violations: <none>

TIMING-18#471 Warning
Missing input or output delay  
An input delay is missing on ADC_DATA4_FLAT[523] relative to the rising and/or falling clock edge(s) of ADC_SRC_CLK.
Related violations: <none>

TIMING-18#472 Warning
Missing input or output delay  
An input delay is missing on ADC_DATA4_FLAT[524] relative to the rising and/or falling clock edge(s) of ADC_SRC_CLK.
Related violations: <none>

TIMING-18#473 Warning
Missing input or output delay  
An input delay is missing on ADC_DATA4_FLAT[525] relative to the rising and/or falling clock edge(s) of ADC_SRC_CLK.
Related violations: <none>

TIMING-18#474 Warning
Missing input or output delay  
An input delay is missing on ADC_DATA4_FLAT[526] relative to the rising and/or falling clock edge(s) of ADC_SRC_CLK.
Related violations: <none>

TIMING-18#475 Warning
Missing input or output delay  
An input delay is missing on ADC_DATA4_FLAT[527] relative to the rising and/or falling clock edge(s) of ADC_SRC_CLK.
Related violations: <none>

TIMING-18#476 Warning
Missing input or output delay  
An input delay is missing on ADC_DATA4_FLAT[528] relative to the rising and/or falling clock edge(s) of ADC_SRC_CLK.
Related violations: <none>

TIMING-18#477 Warning
Missing input or output delay  
An input delay is missing on ADC_DATA4_FLAT[529] relative to the rising and/or falling clock edge(s) of ADC_SRC_CLK.
Related violations: <none>

TIMING-18#478 Warning
Missing input or output delay  
An input delay is missing on ADC_DATA4_FLAT[52] relative to the rising and/or falling clock edge(s) of ADC_SRC_CLK.
Related violations: <none>

TIMING-18#479 Warning
Missing input or output delay  
An input delay is missing on ADC_DATA4_FLAT[530] relative to the rising and/or falling clock edge(s) of ADC_SRC_CLK.
Related violations: <none>

TIMING-18#480 Warning
Missing input or output delay  
An input delay is missing on ADC_DATA4_FLAT[531] relative to the rising and/or falling clock edge(s) of ADC_SRC_CLK.
Related violations: <none>

TIMING-18#481 Warning
Missing input or output delay  
An input delay is missing on ADC_DATA4_FLAT[532] relative to the rising and/or falling clock edge(s) of ADC_SRC_CLK.
Related violations: <none>

TIMING-18#482 Warning
Missing input or output delay  
An input delay is missing on ADC_DATA4_FLAT[533] relative to the rising and/or falling clock edge(s) of ADC_SRC_CLK.
Related violations: <none>

TIMING-18#483 Warning
Missing input or output delay  
An input delay is missing on ADC_DATA4_FLAT[534] relative to the rising and/or falling clock edge(s) of ADC_SRC_CLK.
Related violations: <none>

TIMING-18#484 Warning
Missing input or output delay  
An input delay is missing on ADC_DATA4_FLAT[535] relative to the rising and/or falling clock edge(s) of ADC_SRC_CLK.
Related violations: <none>

TIMING-18#485 Warning
Missing input or output delay  
An input delay is missing on ADC_DATA4_FLAT[536] relative to the rising and/or falling clock edge(s) of ADC_SRC_CLK.
Related violations: <none>

TIMING-18#486 Warning
Missing input or output delay  
An input delay is missing on ADC_DATA4_FLAT[537] relative to the rising and/or falling clock edge(s) of ADC_SRC_CLK.
Related violations: <none>

TIMING-18#487 Warning
Missing input or output delay  
An input delay is missing on ADC_DATA4_FLAT[538] relative to the rising and/or falling clock edge(s) of ADC_SRC_CLK.
Related violations: <none>

TIMING-18#488 Warning
Missing input or output delay  
An input delay is missing on ADC_DATA4_FLAT[539] relative to the rising and/or falling clock edge(s) of ADC_SRC_CLK.
Related violations: <none>

TIMING-18#489 Warning
Missing input or output delay  
An input delay is missing on ADC_DATA4_FLAT[53] relative to the rising and/or falling clock edge(s) of ADC_SRC_CLK.
Related violations: <none>

TIMING-18#490 Warning
Missing input or output delay  
An input delay is missing on ADC_DATA4_FLAT[540] relative to the rising and/or falling clock edge(s) of ADC_SRC_CLK.
Related violations: <none>

TIMING-18#491 Warning
Missing input or output delay  
An input delay is missing on ADC_DATA4_FLAT[541] relative to the rising and/or falling clock edge(s) of ADC_SRC_CLK.
Related violations: <none>

TIMING-18#492 Warning
Missing input or output delay  
An input delay is missing on ADC_DATA4_FLAT[542] relative to the rising and/or falling clock edge(s) of ADC_SRC_CLK.
Related violations: <none>

TIMING-18#493 Warning
Missing input or output delay  
An input delay is missing on ADC_DATA4_FLAT[543] relative to the rising and/or falling clock edge(s) of ADC_SRC_CLK.
Related violations: <none>

TIMING-18#494 Warning
Missing input or output delay  
An input delay is missing on ADC_DATA4_FLAT[544] relative to the rising and/or falling clock edge(s) of ADC_SRC_CLK.
Related violations: <none>

TIMING-18#495 Warning
Missing input or output delay  
An input delay is missing on ADC_DATA4_FLAT[545] relative to the rising and/or falling clock edge(s) of ADC_SRC_CLK.
Related violations: <none>

TIMING-18#496 Warning
Missing input or output delay  
An input delay is missing on ADC_DATA4_FLAT[546] relative to the rising and/or falling clock edge(s) of ADC_SRC_CLK.
Related violations: <none>

TIMING-18#497 Warning
Missing input or output delay  
An input delay is missing on ADC_DATA4_FLAT[547] relative to the rising and/or falling clock edge(s) of ADC_SRC_CLK.
Related violations: <none>

TIMING-18#498 Warning
Missing input or output delay  
An input delay is missing on ADC_DATA4_FLAT[548] relative to the rising and/or falling clock edge(s) of ADC_SRC_CLK.
Related violations: <none>

TIMING-18#499 Warning
Missing input or output delay  
An input delay is missing on ADC_DATA4_FLAT[549] relative to the rising and/or falling clock edge(s) of ADC_SRC_CLK.
Related violations: <none>

TIMING-18#500 Warning
Missing input or output delay  
An input delay is missing on ADC_DATA4_FLAT[54] relative to the rising and/or falling clock edge(s) of ADC_SRC_CLK.
Related violations: <none>

TIMING-18#501 Warning
Missing input or output delay  
An input delay is missing on ADC_DATA4_FLAT[550] relative to the rising and/or falling clock edge(s) of ADC_SRC_CLK.
Related violations: <none>

TIMING-18#502 Warning
Missing input or output delay  
An input delay is missing on ADC_DATA4_FLAT[551] relative to the rising and/or falling clock edge(s) of ADC_SRC_CLK.
Related violations: <none>

TIMING-18#503 Warning
Missing input or output delay  
An input delay is missing on ADC_DATA4_FLAT[552] relative to the rising and/or falling clock edge(s) of ADC_SRC_CLK.
Related violations: <none>

TIMING-18#504 Warning
Missing input or output delay  
An input delay is missing on ADC_DATA4_FLAT[553] relative to the rising and/or falling clock edge(s) of ADC_SRC_CLK.
Related violations: <none>

TIMING-18#505 Warning
Missing input or output delay  
An input delay is missing on ADC_DATA4_FLAT[554] relative to the rising and/or falling clock edge(s) of ADC_SRC_CLK.
Related violations: <none>

TIMING-18#506 Warning
Missing input or output delay  
An input delay is missing on ADC_DATA4_FLAT[555] relative to the rising and/or falling clock edge(s) of ADC_SRC_CLK.
Related violations: <none>

TIMING-18#507 Warning
Missing input or output delay  
An input delay is missing on ADC_DATA4_FLAT[556] relative to the rising and/or falling clock edge(s) of ADC_SRC_CLK.
Related violations: <none>

TIMING-18#508 Warning
Missing input or output delay  
An input delay is missing on ADC_DATA4_FLAT[557] relative to the rising and/or falling clock edge(s) of ADC_SRC_CLK.
Related violations: <none>

TIMING-18#509 Warning
Missing input or output delay  
An input delay is missing on ADC_DATA4_FLAT[558] relative to the rising and/or falling clock edge(s) of ADC_SRC_CLK.
Related violations: <none>

TIMING-18#510 Warning
Missing input or output delay  
An input delay is missing on ADC_DATA4_FLAT[559] relative to the rising and/or falling clock edge(s) of ADC_SRC_CLK.
Related violations: <none>

TIMING-18#511 Warning
Missing input or output delay  
An input delay is missing on ADC_DATA4_FLAT[55] relative to the rising and/or falling clock edge(s) of ADC_SRC_CLK.
Related violations: <none>

TIMING-18#512 Warning
Missing input or output delay  
An input delay is missing on ADC_DATA4_FLAT[560] relative to the rising and/or falling clock edge(s) of ADC_SRC_CLK.
Related violations: <none>

TIMING-18#513 Warning
Missing input or output delay  
An input delay is missing on ADC_DATA4_FLAT[561] relative to the rising and/or falling clock edge(s) of ADC_SRC_CLK.
Related violations: <none>

TIMING-18#514 Warning
Missing input or output delay  
An input delay is missing on ADC_DATA4_FLAT[562] relative to the rising and/or falling clock edge(s) of ADC_SRC_CLK.
Related violations: <none>

TIMING-18#515 Warning
Missing input or output delay  
An input delay is missing on ADC_DATA4_FLAT[563] relative to the rising and/or falling clock edge(s) of ADC_SRC_CLK.
Related violations: <none>

TIMING-18#516 Warning
Missing input or output delay  
An input delay is missing on ADC_DATA4_FLAT[564] relative to the rising and/or falling clock edge(s) of ADC_SRC_CLK.
Related violations: <none>

TIMING-18#517 Warning
Missing input or output delay  
An input delay is missing on ADC_DATA4_FLAT[565] relative to the rising and/or falling clock edge(s) of ADC_SRC_CLK.
Related violations: <none>

TIMING-18#518 Warning
Missing input or output delay  
An input delay is missing on ADC_DATA4_FLAT[566] relative to the rising and/or falling clock edge(s) of ADC_SRC_CLK.
Related violations: <none>

TIMING-18#519 Warning
Missing input or output delay  
An input delay is missing on ADC_DATA4_FLAT[567] relative to the rising and/or falling clock edge(s) of ADC_SRC_CLK.
Related violations: <none>

TIMING-18#520 Warning
Missing input or output delay  
An input delay is missing on ADC_DATA4_FLAT[568] relative to the rising and/or falling clock edge(s) of ADC_SRC_CLK.
Related violations: <none>

TIMING-18#521 Warning
Missing input or output delay  
An input delay is missing on ADC_DATA4_FLAT[569] relative to the rising and/or falling clock edge(s) of ADC_SRC_CLK.
Related violations: <none>

TIMING-18#522 Warning
Missing input or output delay  
An input delay is missing on ADC_DATA4_FLAT[56] relative to the rising and/or falling clock edge(s) of ADC_SRC_CLK.
Related violations: <none>

TIMING-18#523 Warning
Missing input or output delay  
An input delay is missing on ADC_DATA4_FLAT[570] relative to the rising and/or falling clock edge(s) of ADC_SRC_CLK.
Related violations: <none>

TIMING-18#524 Warning
Missing input or output delay  
An input delay is missing on ADC_DATA4_FLAT[571] relative to the rising and/or falling clock edge(s) of ADC_SRC_CLK.
Related violations: <none>

TIMING-18#525 Warning
Missing input or output delay  
An input delay is missing on ADC_DATA4_FLAT[572] relative to the rising and/or falling clock edge(s) of ADC_SRC_CLK.
Related violations: <none>

TIMING-18#526 Warning
Missing input or output delay  
An input delay is missing on ADC_DATA4_FLAT[573] relative to the rising and/or falling clock edge(s) of ADC_SRC_CLK.
Related violations: <none>

TIMING-18#527 Warning
Missing input or output delay  
An input delay is missing on ADC_DATA4_FLAT[574] relative to the rising and/or falling clock edge(s) of ADC_SRC_CLK.
Related violations: <none>

TIMING-18#528 Warning
Missing input or output delay  
An input delay is missing on ADC_DATA4_FLAT[575] relative to the rising and/or falling clock edge(s) of ADC_SRC_CLK.
Related violations: <none>

TIMING-18#529 Warning
Missing input or output delay  
An input delay is missing on ADC_DATA4_FLAT[576] relative to the rising and/or falling clock edge(s) of ADC_SRC_CLK.
Related violations: <none>

TIMING-18#530 Warning
Missing input or output delay  
An input delay is missing on ADC_DATA4_FLAT[577] relative to the rising and/or falling clock edge(s) of ADC_SRC_CLK.
Related violations: <none>

TIMING-18#531 Warning
Missing input or output delay  
An input delay is missing on ADC_DATA4_FLAT[578] relative to the rising and/or falling clock edge(s) of ADC_SRC_CLK.
Related violations: <none>

TIMING-18#532 Warning
Missing input or output delay  
An input delay is missing on ADC_DATA4_FLAT[579] relative to the rising and/or falling clock edge(s) of ADC_SRC_CLK.
Related violations: <none>

TIMING-18#533 Warning
Missing input or output delay  
An input delay is missing on ADC_DATA4_FLAT[57] relative to the rising and/or falling clock edge(s) of ADC_SRC_CLK.
Related violations: <none>

TIMING-18#534 Warning
Missing input or output delay  
An input delay is missing on ADC_DATA4_FLAT[580] relative to the rising and/or falling clock edge(s) of ADC_SRC_CLK.
Related violations: <none>

TIMING-18#535 Warning
Missing input or output delay  
An input delay is missing on ADC_DATA4_FLAT[581] relative to the rising and/or falling clock edge(s) of ADC_SRC_CLK.
Related violations: <none>

TIMING-18#536 Warning
Missing input or output delay  
An input delay is missing on ADC_DATA4_FLAT[582] relative to the rising and/or falling clock edge(s) of ADC_SRC_CLK.
Related violations: <none>

TIMING-18#537 Warning
Missing input or output delay  
An input delay is missing on ADC_DATA4_FLAT[583] relative to the rising and/or falling clock edge(s) of ADC_SRC_CLK.
Related violations: <none>

TIMING-18#538 Warning
Missing input or output delay  
An input delay is missing on ADC_DATA4_FLAT[584] relative to the rising and/or falling clock edge(s) of ADC_SRC_CLK.
Related violations: <none>

TIMING-18#539 Warning
Missing input or output delay  
An input delay is missing on ADC_DATA4_FLAT[585] relative to the rising and/or falling clock edge(s) of ADC_SRC_CLK.
Related violations: <none>

TIMING-18#540 Warning
Missing input or output delay  
An input delay is missing on ADC_DATA4_FLAT[586] relative to the rising and/or falling clock edge(s) of ADC_SRC_CLK.
Related violations: <none>

TIMING-18#541 Warning
Missing input or output delay  
An input delay is missing on ADC_DATA4_FLAT[587] relative to the rising and/or falling clock edge(s) of ADC_SRC_CLK.
Related violations: <none>

TIMING-18#542 Warning
Missing input or output delay  
An input delay is missing on ADC_DATA4_FLAT[588] relative to the rising and/or falling clock edge(s) of ADC_SRC_CLK.
Related violations: <none>

TIMING-18#543 Warning
Missing input or output delay  
An input delay is missing on ADC_DATA4_FLAT[589] relative to the rising and/or falling clock edge(s) of ADC_SRC_CLK.
Related violations: <none>

TIMING-18#544 Warning
Missing input or output delay  
An input delay is missing on ADC_DATA4_FLAT[58] relative to the rising and/or falling clock edge(s) of ADC_SRC_CLK.
Related violations: <none>

TIMING-18#545 Warning
Missing input or output delay  
An input delay is missing on ADC_DATA4_FLAT[590] relative to the rising and/or falling clock edge(s) of ADC_SRC_CLK.
Related violations: <none>

TIMING-18#546 Warning
Missing input or output delay  
An input delay is missing on ADC_DATA4_FLAT[591] relative to the rising and/or falling clock edge(s) of ADC_SRC_CLK.
Related violations: <none>

TIMING-18#547 Warning
Missing input or output delay  
An input delay is missing on ADC_DATA4_FLAT[592] relative to the rising and/or falling clock edge(s) of ADC_SRC_CLK.
Related violations: <none>

TIMING-18#548 Warning
Missing input or output delay  
An input delay is missing on ADC_DATA4_FLAT[593] relative to the rising and/or falling clock edge(s) of ADC_SRC_CLK.
Related violations: <none>

TIMING-18#549 Warning
Missing input or output delay  
An input delay is missing on ADC_DATA4_FLAT[594] relative to the rising and/or falling clock edge(s) of ADC_SRC_CLK.
Related violations: <none>

TIMING-18#550 Warning
Missing input or output delay  
An input delay is missing on ADC_DATA4_FLAT[595] relative to the rising and/or falling clock edge(s) of ADC_SRC_CLK.
Related violations: <none>

TIMING-18#551 Warning
Missing input or output delay  
An input delay is missing on ADC_DATA4_FLAT[596] relative to the rising and/or falling clock edge(s) of ADC_SRC_CLK.
Related violations: <none>

TIMING-18#552 Warning
Missing input or output delay  
An input delay is missing on ADC_DATA4_FLAT[597] relative to the rising and/or falling clock edge(s) of ADC_SRC_CLK.
Related violations: <none>

TIMING-18#553 Warning
Missing input or output delay  
An input delay is missing on ADC_DATA4_FLAT[598] relative to the rising and/or falling clock edge(s) of ADC_SRC_CLK.
Related violations: <none>

TIMING-18#554 Warning
Missing input or output delay  
An input delay is missing on ADC_DATA4_FLAT[599] relative to the rising and/or falling clock edge(s) of ADC_SRC_CLK.
Related violations: <none>

TIMING-18#555 Warning
Missing input or output delay  
An input delay is missing on ADC_DATA4_FLAT[59] relative to the rising and/or falling clock edge(s) of ADC_SRC_CLK.
Related violations: <none>

TIMING-18#556 Warning
Missing input or output delay  
An input delay is missing on ADC_DATA4_FLAT[5] relative to the rising and/or falling clock edge(s) of ADC_SRC_CLK.
Related violations: <none>

TIMING-18#557 Warning
Missing input or output delay  
An input delay is missing on ADC_DATA4_FLAT[600] relative to the rising and/or falling clock edge(s) of ADC_SRC_CLK.
Related violations: <none>

TIMING-18#558 Warning
Missing input or output delay  
An input delay is missing on ADC_DATA4_FLAT[601] relative to the rising and/or falling clock edge(s) of ADC_SRC_CLK.
Related violations: <none>

TIMING-18#559 Warning
Missing input or output delay  
An input delay is missing on ADC_DATA4_FLAT[602] relative to the rising and/or falling clock edge(s) of ADC_SRC_CLK.
Related violations: <none>

TIMING-18#560 Warning
Missing input or output delay  
An input delay is missing on ADC_DATA4_FLAT[603] relative to the rising and/or falling clock edge(s) of ADC_SRC_CLK.
Related violations: <none>

TIMING-18#561 Warning
Missing input or output delay  
An input delay is missing on ADC_DATA4_FLAT[604] relative to the rising and/or falling clock edge(s) of ADC_SRC_CLK.
Related violations: <none>

TIMING-18#562 Warning
Missing input or output delay  
An input delay is missing on ADC_DATA4_FLAT[605] relative to the rising and/or falling clock edge(s) of ADC_SRC_CLK.
Related violations: <none>

TIMING-18#563 Warning
Missing input or output delay  
An input delay is missing on ADC_DATA4_FLAT[606] relative to the rising and/or falling clock edge(s) of ADC_SRC_CLK.
Related violations: <none>

TIMING-18#564 Warning
Missing input or output delay  
An input delay is missing on ADC_DATA4_FLAT[607] relative to the rising and/or falling clock edge(s) of ADC_SRC_CLK.
Related violations: <none>

TIMING-18#565 Warning
Missing input or output delay  
An input delay is missing on ADC_DATA4_FLAT[608] relative to the rising and/or falling clock edge(s) of ADC_SRC_CLK.
Related violations: <none>

TIMING-18#566 Warning
Missing input or output delay  
An input delay is missing on ADC_DATA4_FLAT[609] relative to the rising and/or falling clock edge(s) of ADC_SRC_CLK.
Related violations: <none>

TIMING-18#567 Warning
Missing input or output delay  
An input delay is missing on ADC_DATA4_FLAT[60] relative to the rising and/or falling clock edge(s) of ADC_SRC_CLK.
Related violations: <none>

TIMING-18#568 Warning
Missing input or output delay  
An input delay is missing on ADC_DATA4_FLAT[610] relative to the rising and/or falling clock edge(s) of ADC_SRC_CLK.
Related violations: <none>

TIMING-18#569 Warning
Missing input or output delay  
An input delay is missing on ADC_DATA4_FLAT[611] relative to the rising and/or falling clock edge(s) of ADC_SRC_CLK.
Related violations: <none>

TIMING-18#570 Warning
Missing input or output delay  
An input delay is missing on ADC_DATA4_FLAT[612] relative to the rising and/or falling clock edge(s) of ADC_SRC_CLK.
Related violations: <none>

TIMING-18#571 Warning
Missing input or output delay  
An input delay is missing on ADC_DATA4_FLAT[613] relative to the rising and/or falling clock edge(s) of ADC_SRC_CLK.
Related violations: <none>

TIMING-18#572 Warning
Missing input or output delay  
An input delay is missing on ADC_DATA4_FLAT[614] relative to the rising and/or falling clock edge(s) of ADC_SRC_CLK.
Related violations: <none>

TIMING-18#573 Warning
Missing input or output delay  
An input delay is missing on ADC_DATA4_FLAT[615] relative to the rising and/or falling clock edge(s) of ADC_SRC_CLK.
Related violations: <none>

TIMING-18#574 Warning
Missing input or output delay  
An input delay is missing on ADC_DATA4_FLAT[616] relative to the rising and/or falling clock edge(s) of ADC_SRC_CLK.
Related violations: <none>

TIMING-18#575 Warning
Missing input or output delay  
An input delay is missing on ADC_DATA4_FLAT[617] relative to the rising and/or falling clock edge(s) of ADC_SRC_CLK.
Related violations: <none>

TIMING-18#576 Warning
Missing input or output delay  
An input delay is missing on ADC_DATA4_FLAT[618] relative to the rising and/or falling clock edge(s) of ADC_SRC_CLK.
Related violations: <none>

TIMING-18#577 Warning
Missing input or output delay  
An input delay is missing on ADC_DATA4_FLAT[619] relative to the rising and/or falling clock edge(s) of ADC_SRC_CLK.
Related violations: <none>

TIMING-18#578 Warning
Missing input or output delay  
An input delay is missing on ADC_DATA4_FLAT[61] relative to the rising and/or falling clock edge(s) of ADC_SRC_CLK.
Related violations: <none>

TIMING-18#579 Warning
Missing input or output delay  
An input delay is missing on ADC_DATA4_FLAT[620] relative to the rising and/or falling clock edge(s) of ADC_SRC_CLK.
Related violations: <none>

TIMING-18#580 Warning
Missing input or output delay  
An input delay is missing on ADC_DATA4_FLAT[621] relative to the rising and/or falling clock edge(s) of ADC_SRC_CLK.
Related violations: <none>

TIMING-18#581 Warning
Missing input or output delay  
An input delay is missing on ADC_DATA4_FLAT[622] relative to the rising and/or falling clock edge(s) of ADC_SRC_CLK.
Related violations: <none>

TIMING-18#582 Warning
Missing input or output delay  
An input delay is missing on ADC_DATA4_FLAT[623] relative to the rising and/or falling clock edge(s) of ADC_SRC_CLK.
Related violations: <none>

TIMING-18#583 Warning
Missing input or output delay  
An input delay is missing on ADC_DATA4_FLAT[624] relative to the rising and/or falling clock edge(s) of ADC_SRC_CLK.
Related violations: <none>

TIMING-18#584 Warning
Missing input or output delay  
An input delay is missing on ADC_DATA4_FLAT[625] relative to the rising and/or falling clock edge(s) of ADC_SRC_CLK.
Related violations: <none>

TIMING-18#585 Warning
Missing input or output delay  
An input delay is missing on ADC_DATA4_FLAT[626] relative to the rising and/or falling clock edge(s) of ADC_SRC_CLK.
Related violations: <none>

TIMING-18#586 Warning
Missing input or output delay  
An input delay is missing on ADC_DATA4_FLAT[627] relative to the rising and/or falling clock edge(s) of ADC_SRC_CLK.
Related violations: <none>

TIMING-18#587 Warning
Missing input or output delay  
An input delay is missing on ADC_DATA4_FLAT[628] relative to the rising and/or falling clock edge(s) of ADC_SRC_CLK.
Related violations: <none>

TIMING-18#588 Warning
Missing input or output delay  
An input delay is missing on ADC_DATA4_FLAT[629] relative to the rising and/or falling clock edge(s) of ADC_SRC_CLK.
Related violations: <none>

TIMING-18#589 Warning
Missing input or output delay  
An input delay is missing on ADC_DATA4_FLAT[62] relative to the rising and/or falling clock edge(s) of ADC_SRC_CLK.
Related violations: <none>

TIMING-18#590 Warning
Missing input or output delay  
An input delay is missing on ADC_DATA4_FLAT[630] relative to the rising and/or falling clock edge(s) of ADC_SRC_CLK.
Related violations: <none>

TIMING-18#591 Warning
Missing input or output delay  
An input delay is missing on ADC_DATA4_FLAT[631] relative to the rising and/or falling clock edge(s) of ADC_SRC_CLK.
Related violations: <none>

TIMING-18#592 Warning
Missing input or output delay  
An input delay is missing on ADC_DATA4_FLAT[632] relative to the rising and/or falling clock edge(s) of ADC_SRC_CLK.
Related violations: <none>

TIMING-18#593 Warning
Missing input or output delay  
An input delay is missing on ADC_DATA4_FLAT[633] relative to the rising and/or falling clock edge(s) of ADC_SRC_CLK.
Related violations: <none>

TIMING-18#594 Warning
Missing input or output delay  
An input delay is missing on ADC_DATA4_FLAT[634] relative to the rising and/or falling clock edge(s) of ADC_SRC_CLK.
Related violations: <none>

TIMING-18#595 Warning
Missing input or output delay  
An input delay is missing on ADC_DATA4_FLAT[635] relative to the rising and/or falling clock edge(s) of ADC_SRC_CLK.
Related violations: <none>

TIMING-18#596 Warning
Missing input or output delay  
An input delay is missing on ADC_DATA4_FLAT[636] relative to the rising and/or falling clock edge(s) of ADC_SRC_CLK.
Related violations: <none>

TIMING-18#597 Warning
Missing input or output delay  
An input delay is missing on ADC_DATA4_FLAT[637] relative to the rising and/or falling clock edge(s) of ADC_SRC_CLK.
Related violations: <none>

TIMING-18#598 Warning
Missing input or output delay  
An input delay is missing on ADC_DATA4_FLAT[638] relative to the rising and/or falling clock edge(s) of ADC_SRC_CLK.
Related violations: <none>

TIMING-18#599 Warning
Missing input or output delay  
An input delay is missing on ADC_DATA4_FLAT[639] relative to the rising and/or falling clock edge(s) of ADC_SRC_CLK.
Related violations: <none>

TIMING-18#600 Warning
Missing input or output delay  
An input delay is missing on ADC_DATA4_FLAT[63] relative to the rising and/or falling clock edge(s) of ADC_SRC_CLK.
Related violations: <none>

TIMING-18#601 Warning
Missing input or output delay  
An input delay is missing on ADC_DATA4_FLAT[640] relative to the rising and/or falling clock edge(s) of ADC_SRC_CLK.
Related violations: <none>

TIMING-18#602 Warning
Missing input or output delay  
An input delay is missing on ADC_DATA4_FLAT[641] relative to the rising and/or falling clock edge(s) of ADC_SRC_CLK.
Related violations: <none>

TIMING-18#603 Warning
Missing input or output delay  
An input delay is missing on ADC_DATA4_FLAT[642] relative to the rising and/or falling clock edge(s) of ADC_SRC_CLK.
Related violations: <none>

TIMING-18#604 Warning
Missing input or output delay  
An input delay is missing on ADC_DATA4_FLAT[643] relative to the rising and/or falling clock edge(s) of ADC_SRC_CLK.
Related violations: <none>

TIMING-18#605 Warning
Missing input or output delay  
An input delay is missing on ADC_DATA4_FLAT[644] relative to the rising and/or falling clock edge(s) of ADC_SRC_CLK.
Related violations: <none>

TIMING-18#606 Warning
Missing input or output delay  
An input delay is missing on ADC_DATA4_FLAT[645] relative to the rising and/or falling clock edge(s) of ADC_SRC_CLK.
Related violations: <none>

TIMING-18#607 Warning
Missing input or output delay  
An input delay is missing on ADC_DATA4_FLAT[646] relative to the rising and/or falling clock edge(s) of ADC_SRC_CLK.
Related violations: <none>

TIMING-18#608 Warning
Missing input or output delay  
An input delay is missing on ADC_DATA4_FLAT[647] relative to the rising and/or falling clock edge(s) of ADC_SRC_CLK.
Related violations: <none>

TIMING-18#609 Warning
Missing input or output delay  
An input delay is missing on ADC_DATA4_FLAT[648] relative to the rising and/or falling clock edge(s) of ADC_SRC_CLK.
Related violations: <none>

TIMING-18#610 Warning
Missing input or output delay  
An input delay is missing on ADC_DATA4_FLAT[649] relative to the rising and/or falling clock edge(s) of ADC_SRC_CLK.
Related violations: <none>

TIMING-18#611 Warning
Missing input or output delay  
An input delay is missing on ADC_DATA4_FLAT[64] relative to the rising and/or falling clock edge(s) of ADC_SRC_CLK.
Related violations: <none>

TIMING-18#612 Warning
Missing input or output delay  
An input delay is missing on ADC_DATA4_FLAT[650] relative to the rising and/or falling clock edge(s) of ADC_SRC_CLK.
Related violations: <none>

TIMING-18#613 Warning
Missing input or output delay  
An input delay is missing on ADC_DATA4_FLAT[651] relative to the rising and/or falling clock edge(s) of ADC_SRC_CLK.
Related violations: <none>

TIMING-18#614 Warning
Missing input or output delay  
An input delay is missing on ADC_DATA4_FLAT[652] relative to the rising and/or falling clock edge(s) of ADC_SRC_CLK.
Related violations: <none>

TIMING-18#615 Warning
Missing input or output delay  
An input delay is missing on ADC_DATA4_FLAT[653] relative to the rising and/or falling clock edge(s) of ADC_SRC_CLK.
Related violations: <none>

TIMING-18#616 Warning
Missing input or output delay  
An input delay is missing on ADC_DATA4_FLAT[654] relative to the rising and/or falling clock edge(s) of ADC_SRC_CLK.
Related violations: <none>

TIMING-18#617 Warning
Missing input or output delay  
An input delay is missing on ADC_DATA4_FLAT[655] relative to the rising and/or falling clock edge(s) of ADC_SRC_CLK.
Related violations: <none>

TIMING-18#618 Warning
Missing input or output delay  
An input delay is missing on ADC_DATA4_FLAT[656] relative to the rising and/or falling clock edge(s) of ADC_SRC_CLK.
Related violations: <none>

TIMING-18#619 Warning
Missing input or output delay  
An input delay is missing on ADC_DATA4_FLAT[657] relative to the rising and/or falling clock edge(s) of ADC_SRC_CLK.
Related violations: <none>

TIMING-18#620 Warning
Missing input or output delay  
An input delay is missing on ADC_DATA4_FLAT[658] relative to the rising and/or falling clock edge(s) of ADC_SRC_CLK.
Related violations: <none>

TIMING-18#621 Warning
Missing input or output delay  
An input delay is missing on ADC_DATA4_FLAT[659] relative to the rising and/or falling clock edge(s) of ADC_SRC_CLK.
Related violations: <none>

TIMING-18#622 Warning
Missing input or output delay  
An input delay is missing on ADC_DATA4_FLAT[65] relative to the rising and/or falling clock edge(s) of ADC_SRC_CLK.
Related violations: <none>

TIMING-18#623 Warning
Missing input or output delay  
An input delay is missing on ADC_DATA4_FLAT[660] relative to the rising and/or falling clock edge(s) of ADC_SRC_CLK.
Related violations: <none>

TIMING-18#624 Warning
Missing input or output delay  
An input delay is missing on ADC_DATA4_FLAT[661] relative to the rising and/or falling clock edge(s) of ADC_SRC_CLK.
Related violations: <none>

TIMING-18#625 Warning
Missing input or output delay  
An input delay is missing on ADC_DATA4_FLAT[662] relative to the rising and/or falling clock edge(s) of ADC_SRC_CLK.
Related violations: <none>

TIMING-18#626 Warning
Missing input or output delay  
An input delay is missing on ADC_DATA4_FLAT[663] relative to the rising and/or falling clock edge(s) of ADC_SRC_CLK.
Related violations: <none>

TIMING-18#627 Warning
Missing input or output delay  
An input delay is missing on ADC_DATA4_FLAT[664] relative to the rising and/or falling clock edge(s) of ADC_SRC_CLK.
Related violations: <none>

TIMING-18#628 Warning
Missing input or output delay  
An input delay is missing on ADC_DATA4_FLAT[665] relative to the rising and/or falling clock edge(s) of ADC_SRC_CLK.
Related violations: <none>

TIMING-18#629 Warning
Missing input or output delay  
An input delay is missing on ADC_DATA4_FLAT[666] relative to the rising and/or falling clock edge(s) of ADC_SRC_CLK.
Related violations: <none>

TIMING-18#630 Warning
Missing input or output delay  
An input delay is missing on ADC_DATA4_FLAT[667] relative to the rising and/or falling clock edge(s) of ADC_SRC_CLK.
Related violations: <none>

TIMING-18#631 Warning
Missing input or output delay  
An input delay is missing on ADC_DATA4_FLAT[668] relative to the rising and/or falling clock edge(s) of ADC_SRC_CLK.
Related violations: <none>

TIMING-18#632 Warning
Missing input or output delay  
An input delay is missing on ADC_DATA4_FLAT[669] relative to the rising and/or falling clock edge(s) of ADC_SRC_CLK.
Related violations: <none>

TIMING-18#633 Warning
Missing input or output delay  
An input delay is missing on ADC_DATA4_FLAT[66] relative to the rising and/or falling clock edge(s) of ADC_SRC_CLK.
Related violations: <none>

TIMING-18#634 Warning
Missing input or output delay  
An input delay is missing on ADC_DATA4_FLAT[670] relative to the rising and/or falling clock edge(s) of ADC_SRC_CLK.
Related violations: <none>

TIMING-18#635 Warning
Missing input or output delay  
An input delay is missing on ADC_DATA4_FLAT[671] relative to the rising and/or falling clock edge(s) of ADC_SRC_CLK.
Related violations: <none>

TIMING-18#636 Warning
Missing input or output delay  
An input delay is missing on ADC_DATA4_FLAT[672] relative to the rising and/or falling clock edge(s) of ADC_SRC_CLK.
Related violations: <none>

TIMING-18#637 Warning
Missing input or output delay  
An input delay is missing on ADC_DATA4_FLAT[673] relative to the rising and/or falling clock edge(s) of ADC_SRC_CLK.
Related violations: <none>

TIMING-18#638 Warning
Missing input or output delay  
An input delay is missing on ADC_DATA4_FLAT[674] relative to the rising and/or falling clock edge(s) of ADC_SRC_CLK.
Related violations: <none>

TIMING-18#639 Warning
Missing input or output delay  
An input delay is missing on ADC_DATA4_FLAT[675] relative to the rising and/or falling clock edge(s) of ADC_SRC_CLK.
Related violations: <none>

TIMING-18#640 Warning
Missing input or output delay  
An input delay is missing on ADC_DATA4_FLAT[676] relative to the rising and/or falling clock edge(s) of ADC_SRC_CLK.
Related violations: <none>

TIMING-18#641 Warning
Missing input or output delay  
An input delay is missing on ADC_DATA4_FLAT[677] relative to the rising and/or falling clock edge(s) of ADC_SRC_CLK.
Related violations: <none>

TIMING-18#642 Warning
Missing input or output delay  
An input delay is missing on ADC_DATA4_FLAT[678] relative to the rising and/or falling clock edge(s) of ADC_SRC_CLK.
Related violations: <none>

TIMING-18#643 Warning
Missing input or output delay  
An input delay is missing on ADC_DATA4_FLAT[679] relative to the rising and/or falling clock edge(s) of ADC_SRC_CLK.
Related violations: <none>

TIMING-18#644 Warning
Missing input or output delay  
An input delay is missing on ADC_DATA4_FLAT[67] relative to the rising and/or falling clock edge(s) of ADC_SRC_CLK.
Related violations: <none>

TIMING-18#645 Warning
Missing input or output delay  
An input delay is missing on ADC_DATA4_FLAT[680] relative to the rising and/or falling clock edge(s) of ADC_SRC_CLK.
Related violations: <none>

TIMING-18#646 Warning
Missing input or output delay  
An input delay is missing on ADC_DATA4_FLAT[681] relative to the rising and/or falling clock edge(s) of ADC_SRC_CLK.
Related violations: <none>

TIMING-18#647 Warning
Missing input or output delay  
An input delay is missing on ADC_DATA4_FLAT[682] relative to the rising and/or falling clock edge(s) of ADC_SRC_CLK.
Related violations: <none>

TIMING-18#648 Warning
Missing input or output delay  
An input delay is missing on ADC_DATA4_FLAT[683] relative to the rising and/or falling clock edge(s) of ADC_SRC_CLK.
Related violations: <none>

TIMING-18#649 Warning
Missing input or output delay  
An input delay is missing on ADC_DATA4_FLAT[684] relative to the rising and/or falling clock edge(s) of ADC_SRC_CLK.
Related violations: <none>

TIMING-18#650 Warning
Missing input or output delay  
An input delay is missing on ADC_DATA4_FLAT[685] relative to the rising and/or falling clock edge(s) of ADC_SRC_CLK.
Related violations: <none>

TIMING-18#651 Warning
Missing input or output delay  
An input delay is missing on ADC_DATA4_FLAT[686] relative to the rising and/or falling clock edge(s) of ADC_SRC_CLK.
Related violations: <none>

TIMING-18#652 Warning
Missing input or output delay  
An input delay is missing on ADC_DATA4_FLAT[687] relative to the rising and/or falling clock edge(s) of ADC_SRC_CLK.
Related violations: <none>

TIMING-18#653 Warning
Missing input or output delay  
An input delay is missing on ADC_DATA4_FLAT[688] relative to the rising and/or falling clock edge(s) of ADC_SRC_CLK.
Related violations: <none>

TIMING-18#654 Warning
Missing input or output delay  
An input delay is missing on ADC_DATA4_FLAT[689] relative to the rising and/or falling clock edge(s) of ADC_SRC_CLK.
Related violations: <none>

TIMING-18#655 Warning
Missing input or output delay  
An input delay is missing on ADC_DATA4_FLAT[68] relative to the rising and/or falling clock edge(s) of ADC_SRC_CLK.
Related violations: <none>

TIMING-18#656 Warning
Missing input or output delay  
An input delay is missing on ADC_DATA4_FLAT[690] relative to the rising and/or falling clock edge(s) of ADC_SRC_CLK.
Related violations: <none>

TIMING-18#657 Warning
Missing input or output delay  
An input delay is missing on ADC_DATA4_FLAT[691] relative to the rising and/or falling clock edge(s) of ADC_SRC_CLK.
Related violations: <none>

TIMING-18#658 Warning
Missing input or output delay  
An input delay is missing on ADC_DATA4_FLAT[692] relative to the rising and/or falling clock edge(s) of ADC_SRC_CLK.
Related violations: <none>

TIMING-18#659 Warning
Missing input or output delay  
An input delay is missing on ADC_DATA4_FLAT[693] relative to the rising and/or falling clock edge(s) of ADC_SRC_CLK.
Related violations: <none>

TIMING-18#660 Warning
Missing input or output delay  
An input delay is missing on ADC_DATA4_FLAT[694] relative to the rising and/or falling clock edge(s) of ADC_SRC_CLK.
Related violations: <none>

TIMING-18#661 Warning
Missing input or output delay  
An input delay is missing on ADC_DATA4_FLAT[695] relative to the rising and/or falling clock edge(s) of ADC_SRC_CLK.
Related violations: <none>

TIMING-18#662 Warning
Missing input or output delay  
An input delay is missing on ADC_DATA4_FLAT[696] relative to the rising and/or falling clock edge(s) of ADC_SRC_CLK.
Related violations: <none>

TIMING-18#663 Warning
Missing input or output delay  
An input delay is missing on ADC_DATA4_FLAT[697] relative to the rising and/or falling clock edge(s) of ADC_SRC_CLK.
Related violations: <none>

TIMING-18#664 Warning
Missing input or output delay  
An input delay is missing on ADC_DATA4_FLAT[698] relative to the rising and/or falling clock edge(s) of ADC_SRC_CLK.
Related violations: <none>

TIMING-18#665 Warning
Missing input or output delay  
An input delay is missing on ADC_DATA4_FLAT[699] relative to the rising and/or falling clock edge(s) of ADC_SRC_CLK.
Related violations: <none>

TIMING-18#666 Warning
Missing input or output delay  
An input delay is missing on ADC_DATA4_FLAT[69] relative to the rising and/or falling clock edge(s) of ADC_SRC_CLK.
Related violations: <none>

TIMING-18#667 Warning
Missing input or output delay  
An input delay is missing on ADC_DATA4_FLAT[6] relative to the rising and/or falling clock edge(s) of ADC_SRC_CLK.
Related violations: <none>

TIMING-18#668 Warning
Missing input or output delay  
An input delay is missing on ADC_DATA4_FLAT[700] relative to the rising and/or falling clock edge(s) of ADC_SRC_CLK.
Related violations: <none>

TIMING-18#669 Warning
Missing input or output delay  
An input delay is missing on ADC_DATA4_FLAT[701] relative to the rising and/or falling clock edge(s) of ADC_SRC_CLK.
Related violations: <none>

TIMING-18#670 Warning
Missing input or output delay  
An input delay is missing on ADC_DATA4_FLAT[702] relative to the rising and/or falling clock edge(s) of ADC_SRC_CLK.
Related violations: <none>

TIMING-18#671 Warning
Missing input or output delay  
An input delay is missing on ADC_DATA4_FLAT[703] relative to the rising and/or falling clock edge(s) of ADC_SRC_CLK.
Related violations: <none>

TIMING-18#672 Warning
Missing input or output delay  
An input delay is missing on ADC_DATA4_FLAT[704] relative to the rising and/or falling clock edge(s) of ADC_SRC_CLK.
Related violations: <none>

TIMING-18#673 Warning
Missing input or output delay  
An input delay is missing on ADC_DATA4_FLAT[705] relative to the rising and/or falling clock edge(s) of ADC_SRC_CLK.
Related violations: <none>

TIMING-18#674 Warning
Missing input or output delay  
An input delay is missing on ADC_DATA4_FLAT[706] relative to the rising and/or falling clock edge(s) of ADC_SRC_CLK.
Related violations: <none>

TIMING-18#675 Warning
Missing input or output delay  
An input delay is missing on ADC_DATA4_FLAT[707] relative to the rising and/or falling clock edge(s) of ADC_SRC_CLK.
Related violations: <none>

TIMING-18#676 Warning
Missing input or output delay  
An input delay is missing on ADC_DATA4_FLAT[708] relative to the rising and/or falling clock edge(s) of ADC_SRC_CLK.
Related violations: <none>

TIMING-18#677 Warning
Missing input or output delay  
An input delay is missing on ADC_DATA4_FLAT[709] relative to the rising and/or falling clock edge(s) of ADC_SRC_CLK.
Related violations: <none>

TIMING-18#678 Warning
Missing input or output delay  
An input delay is missing on ADC_DATA4_FLAT[70] relative to the rising and/or falling clock edge(s) of ADC_SRC_CLK.
Related violations: <none>

TIMING-18#679 Warning
Missing input or output delay  
An input delay is missing on ADC_DATA4_FLAT[710] relative to the rising and/or falling clock edge(s) of ADC_SRC_CLK.
Related violations: <none>

TIMING-18#680 Warning
Missing input or output delay  
An input delay is missing on ADC_DATA4_FLAT[711] relative to the rising and/or falling clock edge(s) of ADC_SRC_CLK.
Related violations: <none>

TIMING-18#681 Warning
Missing input or output delay  
An input delay is missing on ADC_DATA4_FLAT[712] relative to the rising and/or falling clock edge(s) of ADC_SRC_CLK.
Related violations: <none>

TIMING-18#682 Warning
Missing input or output delay  
An input delay is missing on ADC_DATA4_FLAT[713] relative to the rising and/or falling clock edge(s) of ADC_SRC_CLK.
Related violations: <none>

TIMING-18#683 Warning
Missing input or output delay  
An input delay is missing on ADC_DATA4_FLAT[714] relative to the rising and/or falling clock edge(s) of ADC_SRC_CLK.
Related violations: <none>

TIMING-18#684 Warning
Missing input or output delay  
An input delay is missing on ADC_DATA4_FLAT[715] relative to the rising and/or falling clock edge(s) of ADC_SRC_CLK.
Related violations: <none>

TIMING-18#685 Warning
Missing input or output delay  
An input delay is missing on ADC_DATA4_FLAT[716] relative to the rising and/or falling clock edge(s) of ADC_SRC_CLK.
Related violations: <none>

TIMING-18#686 Warning
Missing input or output delay  
An input delay is missing on ADC_DATA4_FLAT[717] relative to the rising and/or falling clock edge(s) of ADC_SRC_CLK.
Related violations: <none>

TIMING-18#687 Warning
Missing input or output delay  
An input delay is missing on ADC_DATA4_FLAT[718] relative to the rising and/or falling clock edge(s) of ADC_SRC_CLK.
Related violations: <none>

TIMING-18#688 Warning
Missing input or output delay  
An input delay is missing on ADC_DATA4_FLAT[719] relative to the rising and/or falling clock edge(s) of ADC_SRC_CLK.
Related violations: <none>

TIMING-18#689 Warning
Missing input or output delay  
An input delay is missing on ADC_DATA4_FLAT[71] relative to the rising and/or falling clock edge(s) of ADC_SRC_CLK.
Related violations: <none>

TIMING-18#690 Warning
Missing input or output delay  
An input delay is missing on ADC_DATA4_FLAT[720] relative to the rising and/or falling clock edge(s) of ADC_SRC_CLK.
Related violations: <none>

TIMING-18#691 Warning
Missing input or output delay  
An input delay is missing on ADC_DATA4_FLAT[721] relative to the rising and/or falling clock edge(s) of ADC_SRC_CLK.
Related violations: <none>

TIMING-18#692 Warning
Missing input or output delay  
An input delay is missing on ADC_DATA4_FLAT[722] relative to the rising and/or falling clock edge(s) of ADC_SRC_CLK.
Related violations: <none>

TIMING-18#693 Warning
Missing input or output delay  
An input delay is missing on ADC_DATA4_FLAT[723] relative to the rising and/or falling clock edge(s) of ADC_SRC_CLK.
Related violations: <none>

TIMING-18#694 Warning
Missing input or output delay  
An input delay is missing on ADC_DATA4_FLAT[724] relative to the rising and/or falling clock edge(s) of ADC_SRC_CLK.
Related violations: <none>

TIMING-18#695 Warning
Missing input or output delay  
An input delay is missing on ADC_DATA4_FLAT[725] relative to the rising and/or falling clock edge(s) of ADC_SRC_CLK.
Related violations: <none>

TIMING-18#696 Warning
Missing input or output delay  
An input delay is missing on ADC_DATA4_FLAT[726] relative to the rising and/or falling clock edge(s) of ADC_SRC_CLK.
Related violations: <none>

TIMING-18#697 Warning
Missing input or output delay  
An input delay is missing on ADC_DATA4_FLAT[727] relative to the rising and/or falling clock edge(s) of ADC_SRC_CLK.
Related violations: <none>

TIMING-18#698 Warning
Missing input or output delay  
An input delay is missing on ADC_DATA4_FLAT[728] relative to the rising and/or falling clock edge(s) of ADC_SRC_CLK.
Related violations: <none>

TIMING-18#699 Warning
Missing input or output delay  
An input delay is missing on ADC_DATA4_FLAT[729] relative to the rising and/or falling clock edge(s) of ADC_SRC_CLK.
Related violations: <none>

TIMING-18#700 Warning
Missing input or output delay  
An input delay is missing on ADC_DATA4_FLAT[72] relative to the rising and/or falling clock edge(s) of ADC_SRC_CLK.
Related violations: <none>

TIMING-18#701 Warning
Missing input or output delay  
An input delay is missing on ADC_DATA4_FLAT[730] relative to the rising and/or falling clock edge(s) of ADC_SRC_CLK.
Related violations: <none>

TIMING-18#702 Warning
Missing input or output delay  
An input delay is missing on ADC_DATA4_FLAT[731] relative to the rising and/or falling clock edge(s) of ADC_SRC_CLK.
Related violations: <none>

TIMING-18#703 Warning
Missing input or output delay  
An input delay is missing on ADC_DATA4_FLAT[732] relative to the rising and/or falling clock edge(s) of ADC_SRC_CLK.
Related violations: <none>

TIMING-18#704 Warning
Missing input or output delay  
An input delay is missing on ADC_DATA4_FLAT[733] relative to the rising and/or falling clock edge(s) of ADC_SRC_CLK.
Related violations: <none>

TIMING-18#705 Warning
Missing input or output delay  
An input delay is missing on ADC_DATA4_FLAT[734] relative to the rising and/or falling clock edge(s) of ADC_SRC_CLK.
Related violations: <none>

TIMING-18#706 Warning
Missing input or output delay  
An input delay is missing on ADC_DATA4_FLAT[735] relative to the rising and/or falling clock edge(s) of ADC_SRC_CLK.
Related violations: <none>

TIMING-18#707 Warning
Missing input or output delay  
An input delay is missing on ADC_DATA4_FLAT[736] relative to the rising and/or falling clock edge(s) of ADC_SRC_CLK.
Related violations: <none>

TIMING-18#708 Warning
Missing input or output delay  
An input delay is missing on ADC_DATA4_FLAT[737] relative to the rising and/or falling clock edge(s) of ADC_SRC_CLK.
Related violations: <none>

TIMING-18#709 Warning
Missing input or output delay  
An input delay is missing on ADC_DATA4_FLAT[738] relative to the rising and/or falling clock edge(s) of ADC_SRC_CLK.
Related violations: <none>

TIMING-18#710 Warning
Missing input or output delay  
An input delay is missing on ADC_DATA4_FLAT[739] relative to the rising and/or falling clock edge(s) of ADC_SRC_CLK.
Related violations: <none>

TIMING-18#711 Warning
Missing input or output delay  
An input delay is missing on ADC_DATA4_FLAT[73] relative to the rising and/or falling clock edge(s) of ADC_SRC_CLK.
Related violations: <none>

TIMING-18#712 Warning
Missing input or output delay  
An input delay is missing on ADC_DATA4_FLAT[740] relative to the rising and/or falling clock edge(s) of ADC_SRC_CLK.
Related violations: <none>

TIMING-18#713 Warning
Missing input or output delay  
An input delay is missing on ADC_DATA4_FLAT[741] relative to the rising and/or falling clock edge(s) of ADC_SRC_CLK.
Related violations: <none>

TIMING-18#714 Warning
Missing input or output delay  
An input delay is missing on ADC_DATA4_FLAT[742] relative to the rising and/or falling clock edge(s) of ADC_SRC_CLK.
Related violations: <none>

TIMING-18#715 Warning
Missing input or output delay  
An input delay is missing on ADC_DATA4_FLAT[743] relative to the rising and/or falling clock edge(s) of ADC_SRC_CLK.
Related violations: <none>

TIMING-18#716 Warning
Missing input or output delay  
An input delay is missing on ADC_DATA4_FLAT[744] relative to the rising and/or falling clock edge(s) of ADC_SRC_CLK.
Related violations: <none>

TIMING-18#717 Warning
Missing input or output delay  
An input delay is missing on ADC_DATA4_FLAT[745] relative to the rising and/or falling clock edge(s) of ADC_SRC_CLK.
Related violations: <none>

TIMING-18#718 Warning
Missing input or output delay  
An input delay is missing on ADC_DATA4_FLAT[746] relative to the rising and/or falling clock edge(s) of ADC_SRC_CLK.
Related violations: <none>

TIMING-18#719 Warning
Missing input or output delay  
An input delay is missing on ADC_DATA4_FLAT[747] relative to the rising and/or falling clock edge(s) of ADC_SRC_CLK.
Related violations: <none>

TIMING-18#720 Warning
Missing input or output delay  
An input delay is missing on ADC_DATA4_FLAT[748] relative to the rising and/or falling clock edge(s) of ADC_SRC_CLK.
Related violations: <none>

TIMING-18#721 Warning
Missing input or output delay  
An input delay is missing on ADC_DATA4_FLAT[749] relative to the rising and/or falling clock edge(s) of ADC_SRC_CLK.
Related violations: <none>

TIMING-18#722 Warning
Missing input or output delay  
An input delay is missing on ADC_DATA4_FLAT[74] relative to the rising and/or falling clock edge(s) of ADC_SRC_CLK.
Related violations: <none>

TIMING-18#723 Warning
Missing input or output delay  
An input delay is missing on ADC_DATA4_FLAT[750] relative to the rising and/or falling clock edge(s) of ADC_SRC_CLK.
Related violations: <none>

TIMING-18#724 Warning
Missing input or output delay  
An input delay is missing on ADC_DATA4_FLAT[751] relative to the rising and/or falling clock edge(s) of ADC_SRC_CLK.
Related violations: <none>

TIMING-18#725 Warning
Missing input or output delay  
An input delay is missing on ADC_DATA4_FLAT[752] relative to the rising and/or falling clock edge(s) of ADC_SRC_CLK.
Related violations: <none>

TIMING-18#726 Warning
Missing input or output delay  
An input delay is missing on ADC_DATA4_FLAT[753] relative to the rising and/or falling clock edge(s) of ADC_SRC_CLK.
Related violations: <none>

TIMING-18#727 Warning
Missing input or output delay  
An input delay is missing on ADC_DATA4_FLAT[754] relative to the rising and/or falling clock edge(s) of ADC_SRC_CLK.
Related violations: <none>

TIMING-18#728 Warning
Missing input or output delay  
An input delay is missing on ADC_DATA4_FLAT[755] relative to the rising and/or falling clock edge(s) of ADC_SRC_CLK.
Related violations: <none>

TIMING-18#729 Warning
Missing input or output delay  
An input delay is missing on ADC_DATA4_FLAT[756] relative to the rising and/or falling clock edge(s) of ADC_SRC_CLK.
Related violations: <none>

TIMING-18#730 Warning
Missing input or output delay  
An input delay is missing on ADC_DATA4_FLAT[757] relative to the rising and/or falling clock edge(s) of ADC_SRC_CLK.
Related violations: <none>

TIMING-18#731 Warning
Missing input or output delay  
An input delay is missing on ADC_DATA4_FLAT[758] relative to the rising and/or falling clock edge(s) of ADC_SRC_CLK.
Related violations: <none>

TIMING-18#732 Warning
Missing input or output delay  
An input delay is missing on ADC_DATA4_FLAT[759] relative to the rising and/or falling clock edge(s) of ADC_SRC_CLK.
Related violations: <none>

TIMING-18#733 Warning
Missing input or output delay  
An input delay is missing on ADC_DATA4_FLAT[75] relative to the rising and/or falling clock edge(s) of ADC_SRC_CLK.
Related violations: <none>

TIMING-18#734 Warning
Missing input or output delay  
An input delay is missing on ADC_DATA4_FLAT[760] relative to the rising and/or falling clock edge(s) of ADC_SRC_CLK.
Related violations: <none>

TIMING-18#735 Warning
Missing input or output delay  
An input delay is missing on ADC_DATA4_FLAT[761] relative to the rising and/or falling clock edge(s) of ADC_SRC_CLK.
Related violations: <none>

TIMING-18#736 Warning
Missing input or output delay  
An input delay is missing on ADC_DATA4_FLAT[762] relative to the rising and/or falling clock edge(s) of ADC_SRC_CLK.
Related violations: <none>

TIMING-18#737 Warning
Missing input or output delay  
An input delay is missing on ADC_DATA4_FLAT[763] relative to the rising and/or falling clock edge(s) of ADC_SRC_CLK.
Related violations: <none>

TIMING-18#738 Warning
Missing input or output delay  
An input delay is missing on ADC_DATA4_FLAT[764] relative to the rising and/or falling clock edge(s) of ADC_SRC_CLK.
Related violations: <none>

TIMING-18#739 Warning
Missing input or output delay  
An input delay is missing on ADC_DATA4_FLAT[765] relative to the rising and/or falling clock edge(s) of ADC_SRC_CLK.
Related violations: <none>

TIMING-18#740 Warning
Missing input or output delay  
An input delay is missing on ADC_DATA4_FLAT[766] relative to the rising and/or falling clock edge(s) of ADC_SRC_CLK.
Related violations: <none>

TIMING-18#741 Warning
Missing input or output delay  
An input delay is missing on ADC_DATA4_FLAT[767] relative to the rising and/or falling clock edge(s) of ADC_SRC_CLK.
Related violations: <none>

TIMING-18#742 Warning
Missing input or output delay  
An input delay is missing on ADC_DATA4_FLAT[76] relative to the rising and/or falling clock edge(s) of ADC_SRC_CLK.
Related violations: <none>

TIMING-18#743 Warning
Missing input or output delay  
An input delay is missing on ADC_DATA4_FLAT[77] relative to the rising and/or falling clock edge(s) of ADC_SRC_CLK.
Related violations: <none>

TIMING-18#744 Warning
Missing input or output delay  
An input delay is missing on ADC_DATA4_FLAT[78] relative to the rising and/or falling clock edge(s) of ADC_SRC_CLK.
Related violations: <none>

TIMING-18#745 Warning
Missing input or output delay  
An input delay is missing on ADC_DATA4_FLAT[79] relative to the rising and/or falling clock edge(s) of ADC_SRC_CLK.
Related violations: <none>

TIMING-18#746 Warning
Missing input or output delay  
An input delay is missing on ADC_DATA4_FLAT[7] relative to the rising and/or falling clock edge(s) of ADC_SRC_CLK.
Related violations: <none>

TIMING-18#747 Warning
Missing input or output delay  
An input delay is missing on ADC_DATA4_FLAT[80] relative to the rising and/or falling clock edge(s) of ADC_SRC_CLK.
Related violations: <none>

TIMING-18#748 Warning
Missing input or output delay  
An input delay is missing on ADC_DATA4_FLAT[81] relative to the rising and/or falling clock edge(s) of ADC_SRC_CLK.
Related violations: <none>

TIMING-18#749 Warning
Missing input or output delay  
An input delay is missing on ADC_DATA4_FLAT[82] relative to the rising and/or falling clock edge(s) of ADC_SRC_CLK.
Related violations: <none>

TIMING-18#750 Warning
Missing input or output delay  
An input delay is missing on ADC_DATA4_FLAT[83] relative to the rising and/or falling clock edge(s) of ADC_SRC_CLK.
Related violations: <none>

TIMING-18#751 Warning
Missing input or output delay  
An input delay is missing on ADC_DATA4_FLAT[84] relative to the rising and/or falling clock edge(s) of ADC_SRC_CLK.
Related violations: <none>

TIMING-18#752 Warning
Missing input or output delay  
An input delay is missing on ADC_DATA4_FLAT[85] relative to the rising and/or falling clock edge(s) of ADC_SRC_CLK.
Related violations: <none>

TIMING-18#753 Warning
Missing input or output delay  
An input delay is missing on ADC_DATA4_FLAT[86] relative to the rising and/or falling clock edge(s) of ADC_SRC_CLK.
Related violations: <none>

TIMING-18#754 Warning
Missing input or output delay  
An input delay is missing on ADC_DATA4_FLAT[87] relative to the rising and/or falling clock edge(s) of ADC_SRC_CLK.
Related violations: <none>

TIMING-18#755 Warning
Missing input or output delay  
An input delay is missing on ADC_DATA4_FLAT[88] relative to the rising and/or falling clock edge(s) of ADC_SRC_CLK.
Related violations: <none>

TIMING-18#756 Warning
Missing input or output delay  
An input delay is missing on ADC_DATA4_FLAT[89] relative to the rising and/or falling clock edge(s) of ADC_SRC_CLK.
Related violations: <none>

TIMING-18#757 Warning
Missing input or output delay  
An input delay is missing on ADC_DATA4_FLAT[8] relative to the rising and/or falling clock edge(s) of ADC_SRC_CLK.
Related violations: <none>

TIMING-18#758 Warning
Missing input or output delay  
An input delay is missing on ADC_DATA4_FLAT[90] relative to the rising and/or falling clock edge(s) of ADC_SRC_CLK.
Related violations: <none>

TIMING-18#759 Warning
Missing input or output delay  
An input delay is missing on ADC_DATA4_FLAT[91] relative to the rising and/or falling clock edge(s) of ADC_SRC_CLK.
Related violations: <none>

TIMING-18#760 Warning
Missing input or output delay  
An input delay is missing on ADC_DATA4_FLAT[92] relative to the rising and/or falling clock edge(s) of ADC_SRC_CLK.
Related violations: <none>

TIMING-18#761 Warning
Missing input or output delay  
An input delay is missing on ADC_DATA4_FLAT[93] relative to the rising and/or falling clock edge(s) of ADC_SRC_CLK.
Related violations: <none>

TIMING-18#762 Warning
Missing input or output delay  
An input delay is missing on ADC_DATA4_FLAT[94] relative to the rising and/or falling clock edge(s) of ADC_SRC_CLK.
Related violations: <none>

TIMING-18#763 Warning
Missing input or output delay  
An input delay is missing on ADC_DATA4_FLAT[95] relative to the rising and/or falling clock edge(s) of ADC_SRC_CLK.
Related violations: <none>

TIMING-18#764 Warning
Missing input or output delay  
An input delay is missing on ADC_DATA4_FLAT[96] relative to the rising and/or falling clock edge(s) of ADC_SRC_CLK.
Related violations: <none>

TIMING-18#765 Warning
Missing input or output delay  
An input delay is missing on ADC_DATA4_FLAT[97] relative to the rising and/or falling clock edge(s) of ADC_SRC_CLK.
Related violations: <none>

TIMING-18#766 Warning
Missing input or output delay  
An input delay is missing on ADC_DATA4_FLAT[98] relative to the rising and/or falling clock edge(s) of ADC_SRC_CLK.
Related violations: <none>

TIMING-18#767 Warning
Missing input or output delay  
An input delay is missing on ADC_DATA4_FLAT[99] relative to the rising and/or falling clock edge(s) of ADC_SRC_CLK.
Related violations: <none>

TIMING-18#768 Warning
Missing input or output delay  
An input delay is missing on ADC_DATA4_FLAT[9] relative to the rising and/or falling clock edge(s) of ADC_SRC_CLK.
Related violations: <none>

TIMING-18#769 Warning
Missing input or output delay  
An input delay is missing on DATA_STR relative to the rising and/or falling clock edge(s) of ADC_SRC_CLK.
Related violations: <none>

TIMING-24#1 Warning
Overridden Max delay datapath only  
An asynchronous set_clock_groups or a set_false path (see constraint position 4 in the Timing Constraints window in Vivado IDE) between clocks ADC_SRC_CLK and CLK_ADC overrides a set_max_delay -datapath_only (position 35). It is not recommended to override a set_max_delay -datapath_only constraint. Replace the set_clock_groups or set_false_path between clocks with point-to-point set_false_path constraints
Related violations: <none>

TIMING-24#2 Warning
Overridden Max delay datapath only  
An asynchronous set_clock_groups or a set_false path (see constraint position 4 in the Timing Constraints window in Vivado IDE) between clocks ADC_SRC_CLK and CLK_ADC overrides a set_max_delay -datapath_only (position 37). It is not recommended to override a set_max_delay -datapath_only constraint. Replace the set_clock_groups or set_false_path between clocks with point-to-point set_false_path constraints
Related violations: <none>

TIMING-24#3 Warning
Overridden Max delay datapath only  
An asynchronous set_clock_groups or a set_false path (see constraint position 4 in the Timing Constraints window in Vivado IDE) between clocks CLK_ADC and ADC_SRC_CLK overrides a set_max_delay -datapath_only (position 33). It is not recommended to override a set_max_delay -datapath_only constraint. Replace the set_clock_groups or set_false_path between clocks with point-to-point set_false_path constraints
Related violations: <none>

TIMING-24#4 Warning
Overridden Max delay datapath only  
An asynchronous set_clock_groups or a set_false path (see constraint position 4 in the Timing Constraints window in Vivado IDE) between clocks CLK_ADC and ADC_SRC_CLK overrides a set_max_delay -datapath_only (position 39). It is not recommended to override a set_max_delay -datapath_only constraint. Replace the set_clock_groups or set_false_path between clocks with point-to-point set_false_path constraints
Related violations: <none>

TIMING-24#5 Warning
Overridden Max delay datapath only  
An asynchronous set_clock_groups or a set_false path (see constraint position 4 in the Timing Constraints window in Vivado IDE) between clocks CLK_ADC and CLK_CNN overrides a set_max_delay -datapath_only (position 13). It is not recommended to override a set_max_delay -datapath_only constraint. Replace the set_clock_groups or set_false_path between clocks with point-to-point set_false_path constraints
Related violations: <none>

TIMING-24#6 Warning
Overridden Max delay datapath only  
An asynchronous set_clock_groups or a set_false path (see constraint position 4 in the Timing Constraints window in Vivado IDE) between clocks CLK_ADC and CLK_CNN overrides a set_max_delay -datapath_only (position 15). It is not recommended to override a set_max_delay -datapath_only constraint. Replace the set_clock_groups or set_false_path between clocks with point-to-point set_false_path constraints
Related violations: <none>

TIMING-24#7 Warning
Overridden Max delay datapath only  
An asynchronous set_clock_groups or a set_false path (see constraint position 4 in the Timing Constraints window in Vivado IDE) between clocks CLK_ADC and CLK_CNN overrides a set_max_delay -datapath_only (position 17). It is not recommended to override a set_max_delay -datapath_only constraint. Replace the set_clock_groups or set_false_path between clocks with point-to-point set_false_path constraints
Related violations: <none>

TIMING-24#8 Warning
Overridden Max delay datapath only  
An asynchronous set_clock_groups or a set_false path (see constraint position 4 in the Timing Constraints window in Vivado IDE) between clocks CLK_ADC and CLK_CNN overrides a set_max_delay -datapath_only (position 19). It is not recommended to override a set_max_delay -datapath_only constraint. Replace the set_clock_groups or set_false_path between clocks with point-to-point set_false_path constraints
Related violations: <none>

TIMING-24#9 Warning
Overridden Max delay datapath only  
An asynchronous set_clock_groups or a set_false path (see constraint position 4 in the Timing Constraints window in Vivado IDE) between clocks CLK_ADC and CLK_CNN overrides a set_max_delay -datapath_only (position 21). It is not recommended to override a set_max_delay -datapath_only constraint. Replace the set_clock_groups or set_false_path between clocks with point-to-point set_false_path constraints
Related violations: <none>

TIMING-24#10 Warning
Overridden Max delay datapath only  
An asynchronous set_clock_groups or a set_false path (see constraint position 4 in the Timing Constraints window in Vivado IDE) between clocks CLK_ADC and CLK_CNN overrides a set_max_delay -datapath_only (position 41). It is not recommended to override a set_max_delay -datapath_only constraint. Replace the set_clock_groups or set_false_path between clocks with point-to-point set_false_path constraints
Related violations: <none>

TIMING-24#11 Warning
Overridden Max delay datapath only  
An asynchronous set_clock_groups or a set_false path (see constraint position 4 in the Timing Constraints window in Vivado IDE) between clocks CLK_ADC and CLK_CNN overrides a set_max_delay -datapath_only (position 45). It is not recommended to override a set_max_delay -datapath_only constraint. Replace the set_clock_groups or set_false_path between clocks with point-to-point set_false_path constraints
Related violations: <none>

TIMING-24#12 Warning
Overridden Max delay datapath only  
An asynchronous set_clock_groups or a set_false path (see constraint position 4 in the Timing Constraints window in Vivado IDE) between clocks CLK_ADC and CLK_CNN overrides a set_max_delay -datapath_only (position 47). It is not recommended to override a set_max_delay -datapath_only constraint. Replace the set_clock_groups or set_false_path between clocks with point-to-point set_false_path constraints
Related violations: <none>

TIMING-24#13 Warning
Overridden Max delay datapath only  
An asynchronous set_clock_groups or a set_false path (see constraint position 4 in the Timing Constraints window in Vivado IDE) between clocks CLK_ADC and CLK_CNN overrides a set_max_delay -datapath_only (position 49). It is not recommended to override a set_max_delay -datapath_only constraint. Replace the set_clock_groups or set_false_path between clocks with point-to-point set_false_path constraints
Related violations: <none>

TIMING-24#14 Warning
Overridden Max delay datapath only  
An asynchronous set_clock_groups or a set_false path (see constraint position 4 in the Timing Constraints window in Vivado IDE) between clocks CLK_ADC and CLK_CNN overrides a set_max_delay -datapath_only (position 51). It is not recommended to override a set_max_delay -datapath_only constraint. Replace the set_clock_groups or set_false_path between clocks with point-to-point set_false_path constraints
Related violations: <none>

TIMING-24#15 Warning
Overridden Max delay datapath only  
An asynchronous set_clock_groups or a set_false path (see constraint position 4 in the Timing Constraints window in Vivado IDE) between clocks CLK_CNN and CLK_ADC overrides a set_max_delay -datapath_only (position 23). It is not recommended to override a set_max_delay -datapath_only constraint. Replace the set_clock_groups or set_false_path between clocks with point-to-point set_false_path constraints
Related violations: <none>

TIMING-24#16 Warning
Overridden Max delay datapath only  
An asynchronous set_clock_groups or a set_false path (see constraint position 4 in the Timing Constraints window in Vivado IDE) between clocks CLK_CNN and CLK_ADC overrides a set_max_delay -datapath_only (position 25). It is not recommended to override a set_max_delay -datapath_only constraint. Replace the set_clock_groups or set_false_path between clocks with point-to-point set_false_path constraints
Related violations: <none>

TIMING-24#17 Warning
Overridden Max delay datapath only  
An asynchronous set_clock_groups or a set_false path (see constraint position 4 in the Timing Constraints window in Vivado IDE) between clocks CLK_CNN and CLK_ADC overrides a set_max_delay -datapath_only (position 27). It is not recommended to override a set_max_delay -datapath_only constraint. Replace the set_clock_groups or set_false_path between clocks with point-to-point set_false_path constraints
Related violations: <none>

TIMING-24#18 Warning
Overridden Max delay datapath only  
An asynchronous set_clock_groups or a set_false path (see constraint position 4 in the Timing Constraints window in Vivado IDE) between clocks CLK_CNN and CLK_ADC overrides a set_max_delay -datapath_only (position 29). It is not recommended to override a set_max_delay -datapath_only constraint. Replace the set_clock_groups or set_false_path between clocks with point-to-point set_false_path constraints
Related violations: <none>

TIMING-24#19 Warning
Overridden Max delay datapath only  
An asynchronous set_clock_groups or a set_false path (see constraint position 4 in the Timing Constraints window in Vivado IDE) between clocks CLK_CNN and CLK_ADC overrides a set_max_delay -datapath_only (position 31). It is not recommended to override a set_max_delay -datapath_only constraint. Replace the set_clock_groups or set_false_path between clocks with point-to-point set_false_path constraints
Related violations: <none>

TIMING-24#20 Warning
Overridden Max delay datapath only  
An asynchronous set_clock_groups or a set_false path (see constraint position 4 in the Timing Constraints window in Vivado IDE) between clocks CLK_CNN and CLK_ADC overrides a set_max_delay -datapath_only (position 43). It is not recommended to override a set_max_delay -datapath_only constraint. Replace the set_clock_groups or set_false_path between clocks with point-to-point set_false_path constraints
Related violations: <none>

XDCH-2#1 Warning
Same min and max delay values on IO port  
The same input delay of 0.000 ns has been defined on port 'CNN_THRESH[0]' relative to clock CLK_CNN for both max and min. Make sure this reflects the design intent.
set_input_delay -clock [get_clocks CLK_CNN] 0.000 [get_ports -quiet CNN_THRESH*]
/home/work1/Works/AI-Trigger-System/HDL/constraints/ai_trigger_ooc.xdc (Line: 23)
Related violations: <none>

XDCH-2#2 Warning
Same min and max delay values on IO port  
The same input delay of 0.000 ns has been defined on port 'CNN_THRESH[10]' relative to clock CLK_CNN for both max and min. Make sure this reflects the design intent.
set_input_delay -clock [get_clocks CLK_CNN] 0.000 [get_ports -quiet CNN_THRESH*]
/home/work1/Works/AI-Trigger-System/HDL/constraints/ai_trigger_ooc.xdc (Line: 23)
Related violations: <none>

XDCH-2#3 Warning
Same min and max delay values on IO port  
The same input delay of 0.000 ns has been defined on port 'CNN_THRESH[11]' relative to clock CLK_CNN for both max and min. Make sure this reflects the design intent.
set_input_delay -clock [get_clocks CLK_CNN] 0.000 [get_ports -quiet CNN_THRESH*]
/home/work1/Works/AI-Trigger-System/HDL/constraints/ai_trigger_ooc.xdc (Line: 23)
Related violations: <none>

XDCH-2#4 Warning
Same min and max delay values on IO port  
The same input delay of 0.000 ns has been defined on port 'CNN_THRESH[12]' relative to clock CLK_CNN for both max and min. Make sure this reflects the design intent.
set_input_delay -clock [get_clocks CLK_CNN] 0.000 [get_ports -quiet CNN_THRESH*]
/home/work1/Works/AI-Trigger-System/HDL/constraints/ai_trigger_ooc.xdc (Line: 23)
Related violations: <none>

XDCH-2#5 Warning
Same min and max delay values on IO port  
The same input delay of 0.000 ns has been defined on port 'CNN_THRESH[13]' relative to clock CLK_CNN for both max and min. Make sure this reflects the design intent.
set_input_delay -clock [get_clocks CLK_CNN] 0.000 [get_ports -quiet CNN_THRESH*]
/home/work1/Works/AI-Trigger-System/HDL/constraints/ai_trigger_ooc.xdc (Line: 23)
Related violations: <none>

XDCH-2#6 Warning
Same min and max delay values on IO port  
The same input delay of 0.000 ns has been defined on port 'CNN_THRESH[14]' relative to clock CLK_CNN for both max and min. Make sure this reflects the design intent.
set_input_delay -clock [get_clocks CLK_CNN] 0.000 [get_ports -quiet CNN_THRESH*]
/home/work1/Works/AI-Trigger-System/HDL/constraints/ai_trigger_ooc.xdc (Line: 23)
Related violations: <none>

XDCH-2#7 Warning
Same min and max delay values on IO port  
The same input delay of 0.000 ns has been defined on port 'CNN_THRESH[15]' relative to clock CLK_CNN for both max and min. Make sure this reflects the design intent.
set_input_delay -clock [get_clocks CLK_CNN] 0.000 [get_ports -quiet CNN_THRESH*]
/home/work1/Works/AI-Trigger-System/HDL/constraints/ai_trigger_ooc.xdc (Line: 23)
Related violations: <none>

XDCH-2#8 Warning
Same min and max delay values on IO port  
The same input delay of 0.000 ns has been defined on port 'CNN_THRESH[16]' relative to clock CLK_CNN for both max and min. Make sure this reflects the design intent.
set_input_delay -clock [get_clocks CLK_CNN] 0.000 [get_ports -quiet CNN_THRESH*]
/home/work1/Works/AI-Trigger-System/HDL/constraints/ai_trigger_ooc.xdc (Line: 23)
Related violations: <none>

XDCH-2#9 Warning
Same min and max delay values on IO port  
The same input delay of 0.000 ns has been defined on port 'CNN_THRESH[17]' relative to clock CLK_CNN for both max and min. Make sure this reflects the design intent.
set_input_delay -clock [get_clocks CLK_CNN] 0.000 [get_ports -quiet CNN_THRESH*]
/home/work1/Works/AI-Trigger-System/HDL/constraints/ai_trigger_ooc.xdc (Line: 23)
Related violations: <none>

XDCH-2#10 Warning
Same min and max delay values on IO port  
The same input delay of 0.000 ns has been defined on port 'CNN_THRESH[18]' relative to clock CLK_CNN for both max and min. Make sure this reflects the design intent.
set_input_delay -clock [get_clocks CLK_CNN] 0.000 [get_ports -quiet CNN_THRESH*]
/home/work1/Works/AI-Trigger-System/HDL/constraints/ai_trigger_ooc.xdc (Line: 23)
Related violations: <none>

XDCH-2#11 Warning
Same min and max delay values on IO port  
The same input delay of 0.000 ns has been defined on port 'CNN_THRESH[19]' relative to clock CLK_CNN for both max and min. Make sure this reflects the design intent.
set_input_delay -clock [get_clocks CLK_CNN] 0.000 [get_ports -quiet CNN_THRESH*]
/home/work1/Works/AI-Trigger-System/HDL/constraints/ai_trigger_ooc.xdc (Line: 23)
Related violations: <none>

XDCH-2#12 Warning
Same min and max delay values on IO port  
The same input delay of 0.000 ns has been defined on port 'CNN_THRESH[1]' relative to clock CLK_CNN for both max and min. Make sure this reflects the design intent.
set_input_delay -clock [get_clocks CLK_CNN] 0.000 [get_ports -quiet CNN_THRESH*]
/home/work1/Works/AI-Trigger-System/HDL/constraints/ai_trigger_ooc.xdc (Line: 23)
Related violations: <none>

XDCH-2#13 Warning
Same min and max delay values on IO port  
The same input delay of 0.000 ns has been defined on port 'CNN_THRESH[20]' relative to clock CLK_CNN for both max and min. Make sure this reflects the design intent.
set_input_delay -clock [get_clocks CLK_CNN] 0.000 [get_ports -quiet CNN_THRESH*]
/home/work1/Works/AI-Trigger-System/HDL/constraints/ai_trigger_ooc.xdc (Line: 23)
Related violations: <none>

XDCH-2#14 Warning
Same min and max delay values on IO port  
The same input delay of 0.000 ns has been defined on port 'CNN_THRESH[21]' relative to clock CLK_CNN for both max and min. Make sure this reflects the design intent.
set_input_delay -clock [get_clocks CLK_CNN] 0.000 [get_ports -quiet CNN_THRESH*]
/home/work1/Works/AI-Trigger-System/HDL/constraints/ai_trigger_ooc.xdc (Line: 23)
Related violations: <none>

XDCH-2#15 Warning
Same min and max delay values on IO port  
The same input delay of 0.000 ns has been defined on port 'CNN_THRESH[22]' relative to clock CLK_CNN for both max and min. Make sure this reflects the design intent.
set_input_delay -clock [get_clocks CLK_CNN] 0.000 [get_ports -quiet CNN_THRESH*]
/home/work1/Works/AI-Trigger-System/HDL/constraints/ai_trigger_ooc.xdc (Line: 23)
Related violations: <none>

XDCH-2#16 Warning
Same min and max delay values on IO port  
The same input delay of 0.000 ns has been defined on port 'CNN_THRESH[23]' relative to clock CLK_CNN for both max and min. Make sure this reflects the design intent.
set_input_delay -clock [get_clocks CLK_CNN] 0.000 [get_ports -quiet CNN_THRESH*]
/home/work1/Works/AI-Trigger-System/HDL/constraints/ai_trigger_ooc.xdc (Line: 23)
Related violations: <none>

XDCH-2#17 Warning
Same min and max delay values on IO port  
The same input delay of 0.000 ns has been defined on port 'CNN_THRESH[24]' relative to clock CLK_CNN for both max and min. Make sure this reflects the design intent.
set_input_delay -clock [get_clocks CLK_CNN] 0.000 [get_ports -quiet CNN_THRESH*]
/home/work1/Works/AI-Trigger-System/HDL/constraints/ai_trigger_ooc.xdc (Line: 23)
Related violations: <none>

XDCH-2#18 Warning
Same min and max delay values on IO port  
The same input delay of 0.000 ns has been defined on port 'CNN_THRESH[25]' relative to clock CLK_CNN for both max and min. Make sure this reflects the design intent.
set_input_delay -clock [get_clocks CLK_CNN] 0.000 [get_ports -quiet CNN_THRESH*]
/home/work1/Works/AI-Trigger-System/HDL/constraints/ai_trigger_ooc.xdc (Line: 23)
Related violations: <none>

XDCH-2#19 Warning
Same min and max delay values on IO port  
The same input delay of 0.000 ns has been defined on port 'CNN_THRESH[26]' relative to clock CLK_CNN for both max and min. Make sure this reflects the design intent.
set_input_delay -clock [get_clocks CLK_CNN] 0.000 [get_ports -quiet CNN_THRESH*]
/home/work1/Works/AI-Trigger-System/HDL/constraints/ai_trigger_ooc.xdc (Line: 23)
Related violations: <none>

XDCH-2#20 Warning
Same min and max delay values on IO port  
The same input delay of 0.000 ns has been defined on port 'CNN_THRESH[27]' relative to clock CLK_CNN for both max and min. Make sure this reflects the design intent.
set_input_delay -clock [get_clocks CLK_CNN] 0.000 [get_ports -quiet CNN_THRESH*]
/home/work1/Works/AI-Trigger-System/HDL/constraints/ai_trigger_ooc.xdc (Line: 23)
Related violations: <none>

XDCH-2#21 Warning
Same min and max delay values on IO port  
The same input delay of 0.000 ns has been defined on port 'CNN_THRESH[28]' relative to clock CLK_CNN for both max and min. Make sure this reflects the design intent.
set_input_delay -clock [get_clocks CLK_CNN] 0.000 [get_ports -quiet CNN_THRESH*]
/home/work1/Works/AI-Trigger-System/HDL/constraints/ai_trigger_ooc.xdc (Line: 23)
Related violations: <none>

XDCH-2#22 Warning
Same min and max delay values on IO port  
The same input delay of 0.000 ns has been defined on port 'CNN_THRESH[29]' relative to clock CLK_CNN for both max and min. Make sure this reflects the design intent.
set_input_delay -clock [get_clocks CLK_CNN] 0.000 [get_ports -quiet CNN_THRESH*]
/home/work1/Works/AI-Trigger-System/HDL/constraints/ai_trigger_ooc.xdc (Line: 23)
Related violations: <none>

XDCH-2#23 Warning
Same min and max delay values on IO port  
The same input delay of 0.000 ns has been defined on port 'CNN_THRESH[2]' relative to clock CLK_CNN for both max and min. Make sure this reflects the design intent.
set_input_delay -clock [get_clocks CLK_CNN] 0.000 [get_ports -quiet CNN_THRESH*]
/home/work1/Works/AI-Trigger-System/HDL/constraints/ai_trigger_ooc.xdc (Line: 23)
Related violations: <none>

XDCH-2#24 Warning
Same min and max delay values on IO port  
The same input delay of 0.000 ns has been defined on port 'CNN_THRESH[30]' relative to clock CLK_CNN for both max and min. Make sure this reflects the design intent.
set_input_delay -clock [get_clocks CLK_CNN] 0.000 [get_ports -quiet CNN_THRESH*]
/home/work1/Works/AI-Trigger-System/HDL/constraints/ai_trigger_ooc.xdc (Line: 23)
Related violations: <none>

XDCH-2#25 Warning
Same min and max delay values on IO port  
The same input delay of 0.000 ns has been defined on port 'CNN_THRESH[31]' relative to clock CLK_CNN for both max and min. Make sure this reflects the design intent.
set_input_delay -clock [get_clocks CLK_CNN] 0.000 [get_ports -quiet CNN_THRESH*]
/home/work1/Works/AI-Trigger-System/HDL/constraints/ai_trigger_ooc.xdc (Line: 23)
Related violations: <none>

XDCH-2#26 Warning
Same min and max delay values on IO port  
The same input delay of 0.000 ns has been defined on port 'CNN_THRESH[3]' relative to clock CLK_CNN for both max and min. Make sure this reflects the design intent.
set_input_delay -clock [get_clocks CLK_CNN] 0.000 [get_ports -quiet CNN_THRESH*]
/home/work1/Works/AI-Trigger-System/HDL/constraints/ai_trigger_ooc.xdc (Line: 23)
Related violations: <none>

XDCH-2#27 Warning
Same min and max delay values on IO port  
The same input delay of 0.000 ns has been defined on port 'CNN_THRESH[4]' relative to clock CLK_CNN for both max and min. Make sure this reflects the design intent.
set_input_delay -clock [get_clocks CLK_CNN] 0.000 [get_ports -quiet CNN_THRESH*]
/home/work1/Works/AI-Trigger-System/HDL/constraints/ai_trigger_ooc.xdc (Line: 23)
Related violations: <none>

XDCH-2#28 Warning
Same min and max delay values on IO port  
The same input delay of 0.000 ns has been defined on port 'CNN_THRESH[5]' relative to clock CLK_CNN for both max and min. Make sure this reflects the design intent.
set_input_delay -clock [get_clocks CLK_CNN] 0.000 [get_ports -quiet CNN_THRESH*]
/home/work1/Works/AI-Trigger-System/HDL/constraints/ai_trigger_ooc.xdc (Line: 23)
Related violations: <none>

XDCH-2#29 Warning
Same min and max delay values on IO port  
The same input delay of 0.000 ns has been defined on port 'CNN_THRESH[6]' relative to clock CLK_CNN for both max and min. Make sure this reflects the design intent.
set_input_delay -clock [get_clocks CLK_CNN] 0.000 [get_ports -quiet CNN_THRESH*]
/home/work1/Works/AI-Trigger-System/HDL/constraints/ai_trigger_ooc.xdc (Line: 23)
Related violations: <none>

XDCH-2#30 Warning
Same min and max delay values on IO port  
The same input delay of 0.000 ns has been defined on port 'CNN_THRESH[7]' relative to clock CLK_CNN for both max and min. Make sure this reflects the design intent.
set_input_delay -clock [get_clocks CLK_CNN] 0.000 [get_ports -quiet CNN_THRESH*]
/home/work1/Works/AI-Trigger-System/HDL/constraints/ai_trigger_ooc.xdc (Line: 23)
Related violations: <none>

XDCH-2#31 Warning
Same min and max delay values on IO port  
The same input delay of 0.000 ns has been defined on port 'CNN_THRESH[8]' relative to clock CLK_CNN for both max and min. Make sure this reflects the design intent.
set_input_delay -clock [get_clocks CLK_CNN] 0.000 [get_ports -quiet CNN_THRESH*]
/home/work1/Works/AI-Trigger-System/HDL/constraints/ai_trigger_ooc.xdc (Line: 23)
Related violations: <none>

XDCH-2#32 Warning
Same min and max delay values on IO port  
The same input delay of 0.000 ns has been defined on port 'CNN_THRESH[9]' relative to clock CLK_CNN for both max and min. Make sure this reflects the design intent.
set_input_delay -clock [get_clocks CLK_CNN] 0.000 [get_ports -quiet CNN_THRESH*]
/home/work1/Works/AI-Trigger-System/HDL/constraints/ai_trigger_ooc.xdc (Line: 23)
Related violations: <none>

XDCH-2#33 Warning
Same min and max delay values on IO port  
The same input delay of 0.000 ns has been defined on port 'EVENT_READY' relative to clock CLK_ADC for both max and min. Make sure this reflects the design intent.
set_input_delay -clock [get_clocks CLK_ADC] 0.000 [get_ports -quiet EVENT_READY]
/home/work1/Works/AI-Trigger-System/HDL/constraints/ai_trigger_ooc.xdc (Line: 22)
Related violations: <none>

XDCH-2#34 Warning
Same min and max delay values on IO port  
The same output delay of 0.000 ns has been defined on port 'ADC_INPUT_OVERFLOW_COUNT[0]' relative to clock ADC_SRC_CLK for both max and min. Make sure this reflects the design intent.
set_output_delay -clock [get_clocks ADC_SRC_CLK] 0.000 [get_ports -quiet {ADC_SRC_READY ADC_INPUT_OVERFLOW_COUNT*}]
/home/work1/Works/AI-Trigger-System/HDL/constraints/ai_trigger_ooc.xdc (Line: 28)
Related violations: <none>

XDCH-2#35 Warning
Same min and max delay values on IO port  
The same output delay of 0.000 ns has been defined on port 'ADC_INPUT_OVERFLOW_COUNT[10]' relative to clock ADC_SRC_CLK for both max and min. Make sure this reflects the design intent.
set_output_delay -clock [get_clocks ADC_SRC_CLK] 0.000 [get_ports -quiet {ADC_SRC_READY ADC_INPUT_OVERFLOW_COUNT*}]
/home/work1/Works/AI-Trigger-System/HDL/constraints/ai_trigger_ooc.xdc (Line: 28)
Related violations: <none>

XDCH-2#36 Warning
Same min and max delay values on IO port  
The same output delay of 0.000 ns has been defined on port 'ADC_INPUT_OVERFLOW_COUNT[11]' relative to clock ADC_SRC_CLK for both max and min. Make sure this reflects the design intent.
set_output_delay -clock [get_clocks ADC_SRC_CLK] 0.000 [get_ports -quiet {ADC_SRC_READY ADC_INPUT_OVERFLOW_COUNT*}]
/home/work1/Works/AI-Trigger-System/HDL/constraints/ai_trigger_ooc.xdc (Line: 28)
Related violations: <none>

XDCH-2#37 Warning
Same min and max delay values on IO port  
The same output delay of 0.000 ns has been defined on port 'ADC_INPUT_OVERFLOW_COUNT[12]' relative to clock ADC_SRC_CLK for both max and min. Make sure this reflects the design intent.
set_output_delay -clock [get_clocks ADC_SRC_CLK] 0.000 [get_ports -quiet {ADC_SRC_READY ADC_INPUT_OVERFLOW_COUNT*}]
/home/work1/Works/AI-Trigger-System/HDL/constraints/ai_trigger_ooc.xdc (Line: 28)
Related violations: <none>

XDCH-2#38 Warning
Same min and max delay values on IO port  
The same output delay of 0.000 ns has been defined on port 'ADC_INPUT_OVERFLOW_COUNT[13]' relative to clock ADC_SRC_CLK for both max and min. Make sure this reflects the design intent.
set_output_delay -clock [get_clocks ADC_SRC_CLK] 0.000 [get_ports -quiet {ADC_SRC_READY ADC_INPUT_OVERFLOW_COUNT*}]
/home/work1/Works/AI-Trigger-System/HDL/constraints/ai_trigger_ooc.xdc (Line: 28)
Related violations: <none>

XDCH-2#39 Warning
Same min and max delay values on IO port  
The same output delay of 0.000 ns has been defined on port 'ADC_INPUT_OVERFLOW_COUNT[14]' relative to clock ADC_SRC_CLK for both max and min. Make sure this reflects the design intent.
set_output_delay -clock [get_clocks ADC_SRC_CLK] 0.000 [get_ports -quiet {ADC_SRC_READY ADC_INPUT_OVERFLOW_COUNT*}]
/home/work1/Works/AI-Trigger-System/HDL/constraints/ai_trigger_ooc.xdc (Line: 28)
Related violations: <none>

XDCH-2#40 Warning
Same min and max delay values on IO port  
The same output delay of 0.000 ns has been defined on port 'ADC_INPUT_OVERFLOW_COUNT[15]' relative to clock ADC_SRC_CLK for both max and min. Make sure this reflects the design intent.
set_output_delay -clock [get_clocks ADC_SRC_CLK] 0.000 [get_ports -quiet {ADC_SRC_READY ADC_INPUT_OVERFLOW_COUNT*}]
/home/work1/Works/AI-Trigger-System/HDL/constraints/ai_trigger_ooc.xdc (Line: 28)
Related violations: <none>

XDCH-2#41 Warning
Same min and max delay values on IO port  
The same output delay of 0.000 ns has been defined on port 'ADC_INPUT_OVERFLOW_COUNT[16]' relative to clock ADC_SRC_CLK for both max and min. Make sure this reflects the design intent.
set_output_delay -clock [get_clocks ADC_SRC_CLK] 0.000 [get_ports -quiet {ADC_SRC_READY ADC_INPUT_OVERFLOW_COUNT*}]
/home/work1/Works/AI-Trigger-System/HDL/constraints/ai_trigger_ooc.xdc (Line: 28)
Related violations: <none>

XDCH-2#42 Warning
Same min and max delay values on IO port  
The same output delay of 0.000 ns has been defined on port 'ADC_INPUT_OVERFLOW_COUNT[17]' relative to clock ADC_SRC_CLK for both max and min. Make sure this reflects the design intent.
set_output_delay -clock [get_clocks ADC_SRC_CLK] 0.000 [get_ports -quiet {ADC_SRC_READY ADC_INPUT_OVERFLOW_COUNT*}]
/home/work1/Works/AI-Trigger-System/HDL/constraints/ai_trigger_ooc.xdc (Line: 28)
Related violations: <none>

XDCH-2#43 Warning
Same min and max delay values on IO port  
The same output delay of 0.000 ns has been defined on port 'ADC_INPUT_OVERFLOW_COUNT[18]' relative to clock ADC_SRC_CLK for both max and min. Make sure this reflects the design intent.
set_output_delay -clock [get_clocks ADC_SRC_CLK] 0.000 [get_ports -quiet {ADC_SRC_READY ADC_INPUT_OVERFLOW_COUNT*}]
/home/work1/Works/AI-Trigger-System/HDL/constraints/ai_trigger_ooc.xdc (Line: 28)
Related violations: <none>

XDCH-2#44 Warning
Same min and max delay values on IO port  
The same output delay of 0.000 ns has been defined on port 'ADC_INPUT_OVERFLOW_COUNT[19]' relative to clock ADC_SRC_CLK for both max and min. Make sure this reflects the design intent.
set_output_delay -clock [get_clocks ADC_SRC_CLK] 0.000 [get_ports -quiet {ADC_SRC_READY ADC_INPUT_OVERFLOW_COUNT*}]
/home/work1/Works/AI-Trigger-System/HDL/constraints/ai_trigger_ooc.xdc (Line: 28)
Related violations: <none>

XDCH-2#45 Warning
Same min and max delay values on IO port  
The same output delay of 0.000 ns has been defined on port 'ADC_INPUT_OVERFLOW_COUNT[1]' relative to clock ADC_SRC_CLK for both max and min. Make sure this reflects the design intent.
set_output_delay -clock [get_clocks ADC_SRC_CLK] 0.000 [get_ports -quiet {ADC_SRC_READY ADC_INPUT_OVERFLOW_COUNT*}]
/home/work1/Works/AI-Trigger-System/HDL/constraints/ai_trigger_ooc.xdc (Line: 28)
Related violations: <none>

XDCH-2#46 Warning
Same min and max delay values on IO port  
The same output delay of 0.000 ns has been defined on port 'ADC_INPUT_OVERFLOW_COUNT[20]' relative to clock ADC_SRC_CLK for both max and min. Make sure this reflects the design intent.
set_output_delay -clock [get_clocks ADC_SRC_CLK] 0.000 [get_ports -quiet {ADC_SRC_READY ADC_INPUT_OVERFLOW_COUNT*}]
/home/work1/Works/AI-Trigger-System/HDL/constraints/ai_trigger_ooc.xdc (Line: 28)
Related violations: <none>

XDCH-2#47 Warning
Same min and max delay values on IO port  
The same output delay of 0.000 ns has been defined on port 'ADC_INPUT_OVERFLOW_COUNT[21]' relative to clock ADC_SRC_CLK for both max and min. Make sure this reflects the design intent.
set_output_delay -clock [get_clocks ADC_SRC_CLK] 0.000 [get_ports -quiet {ADC_SRC_READY ADC_INPUT_OVERFLOW_COUNT*}]
/home/work1/Works/AI-Trigger-System/HDL/constraints/ai_trigger_ooc.xdc (Line: 28)
Related violations: <none>

XDCH-2#48 Warning
Same min and max delay values on IO port  
The same output delay of 0.000 ns has been defined on port 'ADC_INPUT_OVERFLOW_COUNT[22]' relative to clock ADC_SRC_CLK for both max and min. Make sure this reflects the design intent.
set_output_delay -clock [get_clocks ADC_SRC_CLK] 0.000 [get_ports -quiet {ADC_SRC_READY ADC_INPUT_OVERFLOW_COUNT*}]
/home/work1/Works/AI-Trigger-System/HDL/constraints/ai_trigger_ooc.xdc (Line: 28)
Related violations: <none>

XDCH-2#49 Warning
Same min and max delay values on IO port  
The same output delay of 0.000 ns has been defined on port 'ADC_INPUT_OVERFLOW_COUNT[23]' relative to clock ADC_SRC_CLK for both max and min. Make sure this reflects the design intent.
set_output_delay -clock [get_clocks ADC_SRC_CLK] 0.000 [get_ports -quiet {ADC_SRC_READY ADC_INPUT_OVERFLOW_COUNT*}]
/home/work1/Works/AI-Trigger-System/HDL/constraints/ai_trigger_ooc.xdc (Line: 28)
Related violations: <none>

XDCH-2#50 Warning
Same min and max delay values on IO port  
The same output delay of 0.000 ns has been defined on port 'ADC_INPUT_OVERFLOW_COUNT[24]' relative to clock ADC_SRC_CLK for both max and min. Make sure this reflects the design intent.
set_output_delay -clock [get_clocks ADC_SRC_CLK] 0.000 [get_ports -quiet {ADC_SRC_READY ADC_INPUT_OVERFLOW_COUNT*}]
/home/work1/Works/AI-Trigger-System/HDL/constraints/ai_trigger_ooc.xdc (Line: 28)
Related violations: <none>

XDCH-2#51 Warning
Same min and max delay values on IO port  
The same output delay of 0.000 ns has been defined on port 'ADC_INPUT_OVERFLOW_COUNT[25]' relative to clock ADC_SRC_CLK for both max and min. Make sure this reflects the design intent.
set_output_delay -clock [get_clocks ADC_SRC_CLK] 0.000 [get_ports -quiet {ADC_SRC_READY ADC_INPUT_OVERFLOW_COUNT*}]
/home/work1/Works/AI-Trigger-System/HDL/constraints/ai_trigger_ooc.xdc (Line: 28)
Related violations: <none>

XDCH-2#52 Warning
Same min and max delay values on IO port  
The same output delay of 0.000 ns has been defined on port 'ADC_INPUT_OVERFLOW_COUNT[26]' relative to clock ADC_SRC_CLK for both max and min. Make sure this reflects the design intent.
set_output_delay -clock [get_clocks ADC_SRC_CLK] 0.000 [get_ports -quiet {ADC_SRC_READY ADC_INPUT_OVERFLOW_COUNT*}]
/home/work1/Works/AI-Trigger-System/HDL/constraints/ai_trigger_ooc.xdc (Line: 28)
Related violations: <none>

XDCH-2#53 Warning
Same min and max delay values on IO port  
The same output delay of 0.000 ns has been defined on port 'ADC_INPUT_OVERFLOW_COUNT[27]' relative to clock ADC_SRC_CLK for both max and min. Make sure this reflects the design intent.
set_output_delay -clock [get_clocks ADC_SRC_CLK] 0.000 [get_ports -quiet {ADC_SRC_READY ADC_INPUT_OVERFLOW_COUNT*}]
/home/work1/Works/AI-Trigger-System/HDL/constraints/ai_trigger_ooc.xdc (Line: 28)
Related violations: <none>

XDCH-2#54 Warning
Same min and max delay values on IO port  
The same output delay of 0.000 ns has been defined on port 'ADC_INPUT_OVERFLOW_COUNT[28]' relative to clock ADC_SRC_CLK for both max and min. Make sure this reflects the design intent.
set_output_delay -clock [get_clocks ADC_SRC_CLK] 0.000 [get_ports -quiet {ADC_SRC_READY ADC_INPUT_OVERFLOW_COUNT*}]
/home/work1/Works/AI-Trigger-System/HDL/constraints/ai_trigger_ooc.xdc (Line: 28)
Related violations: <none>

XDCH-2#55 Warning
Same min and max delay values on IO port  
The same output delay of 0.000 ns has been defined on port 'ADC_INPUT_OVERFLOW_COUNT[29]' relative to clock ADC_SRC_CLK for both max and min. Make sure this reflects the design intent.
set_output_delay -clock [get_clocks ADC_SRC_CLK] 0.000 [get_ports -quiet {ADC_SRC_READY ADC_INPUT_OVERFLOW_COUNT*}]
/home/work1/Works/AI-Trigger-System/HDL/constraints/ai_trigger_ooc.xdc (Line: 28)
Related violations: <none>

XDCH-2#56 Warning
Same min and max delay values on IO port  
The same output delay of 0.000 ns has been defined on port 'ADC_INPUT_OVERFLOW_COUNT[2]' relative to clock ADC_SRC_CLK for both max and min. Make sure this reflects the design intent.
set_output_delay -clock [get_clocks ADC_SRC_CLK] 0.000 [get_ports -quiet {ADC_SRC_READY ADC_INPUT_OVERFLOW_COUNT*}]
/home/work1/Works/AI-Trigger-System/HDL/constraints/ai_trigger_ooc.xdc (Line: 28)
Related violations: <none>

XDCH-2#57 Warning
Same min and max delay values on IO port  
The same output delay of 0.000 ns has been defined on port 'ADC_INPUT_OVERFLOW_COUNT[30]' relative to clock ADC_SRC_CLK for both max and min. Make sure this reflects the design intent.
set_output_delay -clock [get_clocks ADC_SRC_CLK] 0.000 [get_ports -quiet {ADC_SRC_READY ADC_INPUT_OVERFLOW_COUNT*}]
/home/work1/Works/AI-Trigger-System/HDL/constraints/ai_trigger_ooc.xdc (Line: 28)
Related violations: <none>

XDCH-2#58 Warning
Same min and max delay values on IO port  
The same output delay of 0.000 ns has been defined on port 'ADC_INPUT_OVERFLOW_COUNT[31]' relative to clock ADC_SRC_CLK for both max and min. Make sure this reflects the design intent.
set_output_delay -clock [get_clocks ADC_SRC_CLK] 0.000 [get_ports -quiet {ADC_SRC_READY ADC_INPUT_OVERFLOW_COUNT*}]
/home/work1/Works/AI-Trigger-System/HDL/constraints/ai_trigger_ooc.xdc (Line: 28)
Related violations: <none>

XDCH-2#59 Warning
Same min and max delay values on IO port  
The same output delay of 0.000 ns has been defined on port 'ADC_INPUT_OVERFLOW_COUNT[3]' relative to clock ADC_SRC_CLK for both max and min. Make sure this reflects the design intent.
set_output_delay -clock [get_clocks ADC_SRC_CLK] 0.000 [get_ports -quiet {ADC_SRC_READY ADC_INPUT_OVERFLOW_COUNT*}]
/home/work1/Works/AI-Trigger-System/HDL/constraints/ai_trigger_ooc.xdc (Line: 28)
Related violations: <none>

XDCH-2#60 Warning
Same min and max delay values on IO port  
The same output delay of 0.000 ns has been defined on port 'ADC_INPUT_OVERFLOW_COUNT[4]' relative to clock ADC_SRC_CLK for both max and min. Make sure this reflects the design intent.
set_output_delay -clock [get_clocks ADC_SRC_CLK] 0.000 [get_ports -quiet {ADC_SRC_READY ADC_INPUT_OVERFLOW_COUNT*}]
/home/work1/Works/AI-Trigger-System/HDL/constraints/ai_trigger_ooc.xdc (Line: 28)
Related violations: <none>

XDCH-2#61 Warning
Same min and max delay values on IO port  
The same output delay of 0.000 ns has been defined on port 'ADC_INPUT_OVERFLOW_COUNT[5]' relative to clock ADC_SRC_CLK for both max and min. Make sure this reflects the design intent.
set_output_delay -clock [get_clocks ADC_SRC_CLK] 0.000 [get_ports -quiet {ADC_SRC_READY ADC_INPUT_OVERFLOW_COUNT*}]
/home/work1/Works/AI-Trigger-System/HDL/constraints/ai_trigger_ooc.xdc (Line: 28)
Related violations: <none>

XDCH-2#62 Warning
Same min and max delay values on IO port  
The same output delay of 0.000 ns has been defined on port 'ADC_INPUT_OVERFLOW_COUNT[6]' relative to clock ADC_SRC_CLK for both max and min. Make sure this reflects the design intent.
set_output_delay -clock [get_clocks ADC_SRC_CLK] 0.000 [get_ports -quiet {ADC_SRC_READY ADC_INPUT_OVERFLOW_COUNT*}]
/home/work1/Works/AI-Trigger-System/HDL/constraints/ai_trigger_ooc.xdc (Line: 28)
Related violations: <none>

XDCH-2#63 Warning
Same min and max delay values on IO port  
The same output delay of 0.000 ns has been defined on port 'ADC_INPUT_OVERFLOW_COUNT[7]' relative to clock ADC_SRC_CLK for both max and min. Make sure this reflects the design intent.
set_output_delay -clock [get_clocks ADC_SRC_CLK] 0.000 [get_ports -quiet {ADC_SRC_READY ADC_INPUT_OVERFLOW_COUNT*}]
/home/work1/Works/AI-Trigger-System/HDL/constraints/ai_trigger_ooc.xdc (Line: 28)
Related violations: <none>

XDCH-2#64 Warning
Same min and max delay values on IO port  
The same output delay of 0.000 ns has been defined on port 'ADC_INPUT_OVERFLOW_COUNT[8]' relative to clock ADC_SRC_CLK for both max and min. Make sure this reflects the design intent.
set_output_delay -clock [get_clocks ADC_SRC_CLK] 0.000 [get_ports -quiet {ADC_SRC_READY ADC_INPUT_OVERFLOW_COUNT*}]
/home/work1/Works/AI-Trigger-System/HDL/constraints/ai_trigger_ooc.xdc (Line: 28)
Related violations: <none>

XDCH-2#65 Warning
Same min and max delay values on IO port  
The same output delay of 0.000 ns has been defined on port 'ADC_INPUT_OVERFLOW_COUNT[9]' relative to clock ADC_SRC_CLK for both max and min. Make sure this reflects the design intent.
set_output_delay -clock [get_clocks ADC_SRC_CLK] 0.000 [get_ports -quiet {ADC_SRC_READY ADC_INPUT_OVERFLOW_COUNT*}]
/home/work1/Works/AI-Trigger-System/HDL/constraints/ai_trigger_ooc.xdc (Line: 28)
Related violations: <none>

XDCH-2#66 Warning
Same min and max delay values on IO port  
The same output delay of 0.000 ns has been defined on port 'ADC_SRC_READY' relative to clock ADC_SRC_CLK for both max and min. Make sure this reflects the design intent.
set_output_delay -clock [get_clocks ADC_SRC_CLK] 0.000 [get_ports -quiet {ADC_SRC_READY ADC_INPUT_OVERFLOW_COUNT*}]
/home/work1/Works/AI-Trigger-System/HDL/constraints/ai_trigger_ooc.xdc (Line: 28)
Related violations: <none>

XDCH-2#67 Warning
Same min and max delay values on IO port  
The same output delay of 0.000 ns has been defined on port 'CHUNK_OVERFLOW' relative to clock CLK_ADC for both max and min. Make sure this reflects the design intent.
set_output_delay -clock [get_clocks CLK_ADC] 0.000 [get_ports -quiet {EVENT_VALID EVENT_DATA* EVENT_LAST EVENT_CHUNK_ID* EVENT_TIMESTAMP* EVENT_SCORE* RING_MISS_COUNT* CHUNK_OVERFLOW}]
/home/work1/Works/AI-Trigger-System/HDL/constraints/ai_trigger_ooc.xdc (Line: 30)
Related violations: <none>

XDCH-2#68 Warning
Same min and max delay values on IO port  
The same output delay of 0.000 ns has been defined on port 'CNN_OUT_CHUNK_ID[0]' relative to clock CLK_CNN for both max and min. Make sure this reflects the design intent.
set_output_delay -clock [get_clocks CLK_CNN] 0.000 [get_ports -quiet {CNN_TRIG CNN_OUT_DATA* CNN_OUT_CHUNK_ID* CNN_OUT_VALID DROPPED_TRIGGER_COUNT*}]
/home/work1/Works/AI-Trigger-System/HDL/constraints/ai_trigger_ooc.xdc (Line: 29)
Related violations: <none>

XDCH-2#69 Warning
Same min and max delay values on IO port  
The same output delay of 0.000 ns has been defined on port 'CNN_OUT_CHUNK_ID[10]' relative to clock CLK_CNN for both max and min. Make sure this reflects the design intent.
set_output_delay -clock [get_clocks CLK_CNN] 0.000 [get_ports -quiet {CNN_TRIG CNN_OUT_DATA* CNN_OUT_CHUNK_ID* CNN_OUT_VALID DROPPED_TRIGGER_COUNT*}]
/home/work1/Works/AI-Trigger-System/HDL/constraints/ai_trigger_ooc.xdc (Line: 29)
Related violations: <none>

XDCH-2#70 Warning
Same min and max delay values on IO port  
The same output delay of 0.000 ns has been defined on port 'CNN_OUT_CHUNK_ID[11]' relative to clock CLK_CNN for both max and min. Make sure this reflects the design intent.
set_output_delay -clock [get_clocks CLK_CNN] 0.000 [get_ports -quiet {CNN_TRIG CNN_OUT_DATA* CNN_OUT_CHUNK_ID* CNN_OUT_VALID DROPPED_TRIGGER_COUNT*}]
/home/work1/Works/AI-Trigger-System/HDL/constraints/ai_trigger_ooc.xdc (Line: 29)
Related violations: <none>

XDCH-2#71 Warning
Same min and max delay values on IO port  
The same output delay of 0.000 ns has been defined on port 'CNN_OUT_CHUNK_ID[12]' relative to clock CLK_CNN for both max and min. Make sure this reflects the design intent.
set_output_delay -clock [get_clocks CLK_CNN] 0.000 [get_ports -quiet {CNN_TRIG CNN_OUT_DATA* CNN_OUT_CHUNK_ID* CNN_OUT_VALID DROPPED_TRIGGER_COUNT*}]
/home/work1/Works/AI-Trigger-System/HDL/constraints/ai_trigger_ooc.xdc (Line: 29)
Related violations: <none>

XDCH-2#72 Warning
Same min and max delay values on IO port  
The same output delay of 0.000 ns has been defined on port 'CNN_OUT_CHUNK_ID[13]' relative to clock CLK_CNN for both max and min. Make sure this reflects the design intent.
set_output_delay -clock [get_clocks CLK_CNN] 0.000 [get_ports -quiet {CNN_TRIG CNN_OUT_DATA* CNN_OUT_CHUNK_ID* CNN_OUT_VALID DROPPED_TRIGGER_COUNT*}]
/home/work1/Works/AI-Trigger-System/HDL/constraints/ai_trigger_ooc.xdc (Line: 29)
Related violations: <none>

XDCH-2#73 Warning
Same min and max delay values on IO port  
The same output delay of 0.000 ns has been defined on port 'CNN_OUT_CHUNK_ID[14]' relative to clock CLK_CNN for both max and min. Make sure this reflects the design intent.
set_output_delay -clock [get_clocks CLK_CNN] 0.000 [get_ports -quiet {CNN_TRIG CNN_OUT_DATA* CNN_OUT_CHUNK_ID* CNN_OUT_VALID DROPPED_TRIGGER_COUNT*}]
/home/work1/Works/AI-Trigger-System/HDL/constraints/ai_trigger_ooc.xdc (Line: 29)
Related violations: <none>

XDCH-2#74 Warning
Same min and max delay values on IO port  
The same output delay of 0.000 ns has been defined on port 'CNN_OUT_CHUNK_ID[15]' relative to clock CLK_CNN for both max and min. Make sure this reflects the design intent.
set_output_delay -clock [get_clocks CLK_CNN] 0.000 [get_ports -quiet {CNN_TRIG CNN_OUT_DATA* CNN_OUT_CHUNK_ID* CNN_OUT_VALID DROPPED_TRIGGER_COUNT*}]
/home/work1/Works/AI-Trigger-System/HDL/constraints/ai_trigger_ooc.xdc (Line: 29)
Related violations: <none>

XDCH-2#75 Warning
Same min and max delay values on IO port  
The same output delay of 0.000 ns has been defined on port 'CNN_OUT_CHUNK_ID[1]' relative to clock CLK_CNN for both max and min. Make sure this reflects the design intent.
set_output_delay -clock [get_clocks CLK_CNN] 0.000 [get_ports -quiet {CNN_TRIG CNN_OUT_DATA* CNN_OUT_CHUNK_ID* CNN_OUT_VALID DROPPED_TRIGGER_COUNT*}]
/home/work1/Works/AI-Trigger-System/HDL/constraints/ai_trigger_ooc.xdc (Line: 29)
Related violations: <none>

XDCH-2#76 Warning
Same min and max delay values on IO port  
The same output delay of 0.000 ns has been defined on port 'CNN_OUT_CHUNK_ID[2]' relative to clock CLK_CNN for both max and min. Make sure this reflects the design intent.
set_output_delay -clock [get_clocks CLK_CNN] 0.000 [get_ports -quiet {CNN_TRIG CNN_OUT_DATA* CNN_OUT_CHUNK_ID* CNN_OUT_VALID DROPPED_TRIGGER_COUNT*}]
/home/work1/Works/AI-Trigger-System/HDL/constraints/ai_trigger_ooc.xdc (Line: 29)
Related violations: <none>

XDCH-2#77 Warning
Same min and max delay values on IO port  
The same output delay of 0.000 ns has been defined on port 'CNN_OUT_CHUNK_ID[3]' relative to clock CLK_CNN for both max and min. Make sure this reflects the design intent.
set_output_delay -clock [get_clocks CLK_CNN] 0.000 [get_ports -quiet {CNN_TRIG CNN_OUT_DATA* CNN_OUT_CHUNK_ID* CNN_OUT_VALID DROPPED_TRIGGER_COUNT*}]
/home/work1/Works/AI-Trigger-System/HDL/constraints/ai_trigger_ooc.xdc (Line: 29)
Related violations: <none>

XDCH-2#78 Warning
Same min and max delay values on IO port  
The same output delay of 0.000 ns has been defined on port 'CNN_OUT_CHUNK_ID[4]' relative to clock CLK_CNN for both max and min. Make sure this reflects the design intent.
set_output_delay -clock [get_clocks CLK_CNN] 0.000 [get_ports -quiet {CNN_TRIG CNN_OUT_DATA* CNN_OUT_CHUNK_ID* CNN_OUT_VALID DROPPED_TRIGGER_COUNT*}]
/home/work1/Works/AI-Trigger-System/HDL/constraints/ai_trigger_ooc.xdc (Line: 29)
Related violations: <none>

XDCH-2#79 Warning
Same min and max delay values on IO port  
The same output delay of 0.000 ns has been defined on port 'CNN_OUT_CHUNK_ID[5]' relative to clock CLK_CNN for both max and min. Make sure this reflects the design intent.
set_output_delay -clock [get_clocks CLK_CNN] 0.000 [get_ports -quiet {CNN_TRIG CNN_OUT_DATA* CNN_OUT_CHUNK_ID* CNN_OUT_VALID DROPPED_TRIGGER_COUNT*}]
/home/work1/Works/AI-Trigger-System/HDL/constraints/ai_trigger_ooc.xdc (Line: 29)
Related violations: <none>

XDCH-2#80 Warning
Same min and max delay values on IO port  
The same output delay of 0.000 ns has been defined on port 'CNN_OUT_CHUNK_ID[6]' relative to clock CLK_CNN for both max and min. Make sure this reflects the design intent.
set_output_delay -clock [get_clocks CLK_CNN] 0.000 [get_ports -quiet {CNN_TRIG CNN_OUT_DATA* CNN_OUT_CHUNK_ID* CNN_OUT_VALID DROPPED_TRIGGER_COUNT*}]
/home/work1/Works/AI-Trigger-System/HDL/constraints/ai_trigger_ooc.xdc (Line: 29)
Related violations: <none>

XDCH-2#81 Warning
Same min and max delay values on IO port  
The same output delay of 0.000 ns has been defined on port 'CNN_OUT_CHUNK_ID[7]' relative to clock CLK_CNN for both max and min. Make sure this reflects the design intent.
set_output_delay -clock [get_clocks CLK_CNN] 0.000 [get_ports -quiet {CNN_TRIG CNN_OUT_DATA* CNN_OUT_CHUNK_ID* CNN_OUT_VALID DROPPED_TRIGGER_COUNT*}]
/home/work1/Works/AI-Trigger-System/HDL/constraints/ai_trigger_ooc.xdc (Line: 29)
Related violations: <none>

XDCH-2#82 Warning
Same min and max delay values on IO port  
The same output delay of 0.000 ns has been defined on port 'CNN_OUT_CHUNK_ID[8]' relative to clock CLK_CNN for both max and min. Make sure this reflects the design intent.
set_output_delay -clock [get_clocks CLK_CNN] 0.000 [get_ports -quiet {CNN_TRIG CNN_OUT_DATA* CNN_OUT_CHUNK_ID* CNN_OUT_VALID DROPPED_TRIGGER_COUNT*}]
/home/work1/Works/AI-Trigger-System/HDL/constraints/ai_trigger_ooc.xdc (Line: 29)
Related violations: <none>

XDCH-2#83 Warning
Same min and max delay values on IO port  
The same output delay of 0.000 ns has been defined on port 'CNN_OUT_CHUNK_ID[9]' relative to clock CLK_CNN for both max and min. Make sure this reflects the design intent.
set_output_delay -clock [get_clocks CLK_CNN] 0.000 [get_ports -quiet {CNN_TRIG CNN_OUT_DATA* CNN_OUT_CHUNK_ID* CNN_OUT_VALID DROPPED_TRIGGER_COUNT*}]
/home/work1/Works/AI-Trigger-System/HDL/constraints/ai_trigger_ooc.xdc (Line: 29)
Related violations: <none>

XDCH-2#84 Warning
Same min and max delay values on IO port  
The same output delay of 0.000 ns has been defined on port 'CNN_OUT_DATA[0]' relative to clock CLK_CNN for both max and min. Make sure this reflects the design intent.
set_output_delay -clock [get_clocks CLK_CNN] 0.000 [get_ports -quiet {CNN_TRIG CNN_OUT_DATA* CNN_OUT_CHUNK_ID* CNN_OUT_VALID DROPPED_TRIGGER_COUNT*}]
/home/work1/Works/AI-Trigger-System/HDL/constraints/ai_trigger_ooc.xdc (Line: 29)
Related violations: <none>

XDCH-2#85 Warning
Same min and max delay values on IO port  
The same output delay of 0.000 ns has been defined on port 'CNN_OUT_DATA[10]' relative to clock CLK_CNN for both max and min. Make sure this reflects the design intent.
set_output_delay -clock [get_clocks CLK_CNN] 0.000 [get_ports -quiet {CNN_TRIG CNN_OUT_DATA* CNN_OUT_CHUNK_ID* CNN_OUT_VALID DROPPED_TRIGGER_COUNT*}]
/home/work1/Works/AI-Trigger-System/HDL/constraints/ai_trigger_ooc.xdc (Line: 29)
Related violations: <none>

XDCH-2#86 Warning
Same min and max delay values on IO port  
The same output delay of 0.000 ns has been defined on port 'CNN_OUT_DATA[11]' relative to clock CLK_CNN for both max and min. Make sure this reflects the design intent.
set_output_delay -clock [get_clocks CLK_CNN] 0.000 [get_ports -quiet {CNN_TRIG CNN_OUT_DATA* CNN_OUT_CHUNK_ID* CNN_OUT_VALID DROPPED_TRIGGER_COUNT*}]
/home/work1/Works/AI-Trigger-System/HDL/constraints/ai_trigger_ooc.xdc (Line: 29)
Related violations: <none>

XDCH-2#87 Warning
Same min and max delay values on IO port  
The same output delay of 0.000 ns has been defined on port 'CNN_OUT_DATA[12]' relative to clock CLK_CNN for both max and min. Make sure this reflects the design intent.
set_output_delay -clock [get_clocks CLK_CNN] 0.000 [get_ports -quiet {CNN_TRIG CNN_OUT_DATA* CNN_OUT_CHUNK_ID* CNN_OUT_VALID DROPPED_TRIGGER_COUNT*}]
/home/work1/Works/AI-Trigger-System/HDL/constraints/ai_trigger_ooc.xdc (Line: 29)
Related violations: <none>

XDCH-2#88 Warning
Same min and max delay values on IO port  
The same output delay of 0.000 ns has been defined on port 'CNN_OUT_DATA[13]' relative to clock CLK_CNN for both max and min. Make sure this reflects the design intent.
set_output_delay -clock [get_clocks CLK_CNN] 0.000 [get_ports -quiet {CNN_TRIG CNN_OUT_DATA* CNN_OUT_CHUNK_ID* CNN_OUT_VALID DROPPED_TRIGGER_COUNT*}]
/home/work1/Works/AI-Trigger-System/HDL/constraints/ai_trigger_ooc.xdc (Line: 29)
Related violations: <none>

XDCH-2#89 Warning
Same min and max delay values on IO port  
The same output delay of 0.000 ns has been defined on port 'CNN_OUT_DATA[14]' relative to clock CLK_CNN for both max and min. Make sure this reflects the design intent.
set_output_delay -clock [get_clocks CLK_CNN] 0.000 [get_ports -quiet {CNN_TRIG CNN_OUT_DATA* CNN_OUT_CHUNK_ID* CNN_OUT_VALID DROPPED_TRIGGER_COUNT*}]
/home/work1/Works/AI-Trigger-System/HDL/constraints/ai_trigger_ooc.xdc (Line: 29)
Related violations: <none>

XDCH-2#90 Warning
Same min and max delay values on IO port  
The same output delay of 0.000 ns has been defined on port 'CNN_OUT_DATA[15]' relative to clock CLK_CNN for both max and min. Make sure this reflects the design intent.
set_output_delay -clock [get_clocks CLK_CNN] 0.000 [get_ports -quiet {CNN_TRIG CNN_OUT_DATA* CNN_OUT_CHUNK_ID* CNN_OUT_VALID DROPPED_TRIGGER_COUNT*}]
/home/work1/Works/AI-Trigger-System/HDL/constraints/ai_trigger_ooc.xdc (Line: 29)
Related violations: <none>

XDCH-2#91 Warning
Same min and max delay values on IO port  
The same output delay of 0.000 ns has been defined on port 'CNN_OUT_DATA[16]' relative to clock CLK_CNN for both max and min. Make sure this reflects the design intent.
set_output_delay -clock [get_clocks CLK_CNN] 0.000 [get_ports -quiet {CNN_TRIG CNN_OUT_DATA* CNN_OUT_CHUNK_ID* CNN_OUT_VALID DROPPED_TRIGGER_COUNT*}]
/home/work1/Works/AI-Trigger-System/HDL/constraints/ai_trigger_ooc.xdc (Line: 29)
Related violations: <none>

XDCH-2#92 Warning
Same min and max delay values on IO port  
The same output delay of 0.000 ns has been defined on port 'CNN_OUT_DATA[17]' relative to clock CLK_CNN for both max and min. Make sure this reflects the design intent.
set_output_delay -clock [get_clocks CLK_CNN] 0.000 [get_ports -quiet {CNN_TRIG CNN_OUT_DATA* CNN_OUT_CHUNK_ID* CNN_OUT_VALID DROPPED_TRIGGER_COUNT*}]
/home/work1/Works/AI-Trigger-System/HDL/constraints/ai_trigger_ooc.xdc (Line: 29)
Related violations: <none>

XDCH-2#93 Warning
Same min and max delay values on IO port  
The same output delay of 0.000 ns has been defined on port 'CNN_OUT_DATA[18]' relative to clock CLK_CNN for both max and min. Make sure this reflects the design intent.
set_output_delay -clock [get_clocks CLK_CNN] 0.000 [get_ports -quiet {CNN_TRIG CNN_OUT_DATA* CNN_OUT_CHUNK_ID* CNN_OUT_VALID DROPPED_TRIGGER_COUNT*}]
/home/work1/Works/AI-Trigger-System/HDL/constraints/ai_trigger_ooc.xdc (Line: 29)
Related violations: <none>

XDCH-2#94 Warning
Same min and max delay values on IO port  
The same output delay of 0.000 ns has been defined on port 'CNN_OUT_DATA[19]' relative to clock CLK_CNN for both max and min. Make sure this reflects the design intent.
set_output_delay -clock [get_clocks CLK_CNN] 0.000 [get_ports -quiet {CNN_TRIG CNN_OUT_DATA* CNN_OUT_CHUNK_ID* CNN_OUT_VALID DROPPED_TRIGGER_COUNT*}]
/home/work1/Works/AI-Trigger-System/HDL/constraints/ai_trigger_ooc.xdc (Line: 29)
Related violations: <none>

XDCH-2#95 Warning
Same min and max delay values on IO port  
The same output delay of 0.000 ns has been defined on port 'CNN_OUT_DATA[1]' relative to clock CLK_CNN for both max and min. Make sure this reflects the design intent.
set_output_delay -clock [get_clocks CLK_CNN] 0.000 [get_ports -quiet {CNN_TRIG CNN_OUT_DATA* CNN_OUT_CHUNK_ID* CNN_OUT_VALID DROPPED_TRIGGER_COUNT*}]
/home/work1/Works/AI-Trigger-System/HDL/constraints/ai_trigger_ooc.xdc (Line: 29)
Related violations: <none>

XDCH-2#96 Warning
Same min and max delay values on IO port  
The same output delay of 0.000 ns has been defined on port 'CNN_OUT_DATA[20]' relative to clock CLK_CNN for both max and min. Make sure this reflects the design intent.
set_output_delay -clock [get_clocks CLK_CNN] 0.000 [get_ports -quiet {CNN_TRIG CNN_OUT_DATA* CNN_OUT_CHUNK_ID* CNN_OUT_VALID DROPPED_TRIGGER_COUNT*}]
/home/work1/Works/AI-Trigger-System/HDL/constraints/ai_trigger_ooc.xdc (Line: 29)
Related violations: <none>

XDCH-2#97 Warning
Same min and max delay values on IO port  
The same output delay of 0.000 ns has been defined on port 'CNN_OUT_DATA[21]' relative to clock CLK_CNN for both max and min. Make sure this reflects the design intent.
set_output_delay -clock [get_clocks CLK_CNN] 0.000 [get_ports -quiet {CNN_TRIG CNN_OUT_DATA* CNN_OUT_CHUNK_ID* CNN_OUT_VALID DROPPED_TRIGGER_COUNT*}]
/home/work1/Works/AI-Trigger-System/HDL/constraints/ai_trigger_ooc.xdc (Line: 29)
Related violations: <none>

XDCH-2#98 Warning
Same min and max delay values on IO port  
The same output delay of 0.000 ns has been defined on port 'CNN_OUT_DATA[22]' relative to clock CLK_CNN for both max and min. Make sure this reflects the design intent.
set_output_delay -clock [get_clocks CLK_CNN] 0.000 [get_ports -quiet {CNN_TRIG CNN_OUT_DATA* CNN_OUT_CHUNK_ID* CNN_OUT_VALID DROPPED_TRIGGER_COUNT*}]
/home/work1/Works/AI-Trigger-System/HDL/constraints/ai_trigger_ooc.xdc (Line: 29)
Related violations: <none>

XDCH-2#99 Warning
Same min and max delay values on IO port  
The same output delay of 0.000 ns has been defined on port 'CNN_OUT_DATA[23]' relative to clock CLK_CNN for both max and min. Make sure this reflects the design intent.
set_output_delay -clock [get_clocks CLK_CNN] 0.000 [get_ports -quiet {CNN_TRIG CNN_OUT_DATA* CNN_OUT_CHUNK_ID* CNN_OUT_VALID DROPPED_TRIGGER_COUNT*}]
/home/work1/Works/AI-Trigger-System/HDL/constraints/ai_trigger_ooc.xdc (Line: 29)
Related violations: <none>

XDCH-2#100 Warning
Same min and max delay values on IO port  
The same output delay of 0.000 ns has been defined on port 'CNN_OUT_DATA[24]' relative to clock CLK_CNN for both max and min. Make sure this reflects the design intent.
set_output_delay -clock [get_clocks CLK_CNN] 0.000 [get_ports -quiet {CNN_TRIG CNN_OUT_DATA* CNN_OUT_CHUNK_ID* CNN_OUT_VALID DROPPED_TRIGGER_COUNT*}]
/home/work1/Works/AI-Trigger-System/HDL/constraints/ai_trigger_ooc.xdc (Line: 29)
Related violations: <none>

XDCH-2#101 Warning
Same min and max delay values on IO port  
The same output delay of 0.000 ns has been defined on port 'CNN_OUT_DATA[25]' relative to clock CLK_CNN for both max and min. Make sure this reflects the design intent.
set_output_delay -clock [get_clocks CLK_CNN] 0.000 [get_ports -quiet {CNN_TRIG CNN_OUT_DATA* CNN_OUT_CHUNK_ID* CNN_OUT_VALID DROPPED_TRIGGER_COUNT*}]
/home/work1/Works/AI-Trigger-System/HDL/constraints/ai_trigger_ooc.xdc (Line: 29)
Related violations: <none>

XDCH-2#102 Warning
Same min and max delay values on IO port  
The same output delay of 0.000 ns has been defined on port 'CNN_OUT_DATA[26]' relative to clock CLK_CNN for both max and min. Make sure this reflects the design intent.
set_output_delay -clock [get_clocks CLK_CNN] 0.000 [get_ports -quiet {CNN_TRIG CNN_OUT_DATA* CNN_OUT_CHUNK_ID* CNN_OUT_VALID DROPPED_TRIGGER_COUNT*}]
/home/work1/Works/AI-Trigger-System/HDL/constraints/ai_trigger_ooc.xdc (Line: 29)
Related violations: <none>

XDCH-2#103 Warning
Same min and max delay values on IO port  
The same output delay of 0.000 ns has been defined on port 'CNN_OUT_DATA[27]' relative to clock CLK_CNN for both max and min. Make sure this reflects the design intent.
set_output_delay -clock [get_clocks CLK_CNN] 0.000 [get_ports -quiet {CNN_TRIG CNN_OUT_DATA* CNN_OUT_CHUNK_ID* CNN_OUT_VALID DROPPED_TRIGGER_COUNT*}]
/home/work1/Works/AI-Trigger-System/HDL/constraints/ai_trigger_ooc.xdc (Line: 29)
Related violations: <none>

XDCH-2#104 Warning
Same min and max delay values on IO port  
The same output delay of 0.000 ns has been defined on port 'CNN_OUT_DATA[28]' relative to clock CLK_CNN for both max and min. Make sure this reflects the design intent.
set_output_delay -clock [get_clocks CLK_CNN] 0.000 [get_ports -quiet {CNN_TRIG CNN_OUT_DATA* CNN_OUT_CHUNK_ID* CNN_OUT_VALID DROPPED_TRIGGER_COUNT*}]
/home/work1/Works/AI-Trigger-System/HDL/constraints/ai_trigger_ooc.xdc (Line: 29)
Related violations: <none>

XDCH-2#105 Warning
Same min and max delay values on IO port  
The same output delay of 0.000 ns has been defined on port 'CNN_OUT_DATA[29]' relative to clock CLK_CNN for both max and min. Make sure this reflects the design intent.
set_output_delay -clock [get_clocks CLK_CNN] 0.000 [get_ports -quiet {CNN_TRIG CNN_OUT_DATA* CNN_OUT_CHUNK_ID* CNN_OUT_VALID DROPPED_TRIGGER_COUNT*}]
/home/work1/Works/AI-Trigger-System/HDL/constraints/ai_trigger_ooc.xdc (Line: 29)
Related violations: <none>

XDCH-2#106 Warning
Same min and max delay values on IO port  
The same output delay of 0.000 ns has been defined on port 'CNN_OUT_DATA[2]' relative to clock CLK_CNN for both max and min. Make sure this reflects the design intent.
set_output_delay -clock [get_clocks CLK_CNN] 0.000 [get_ports -quiet {CNN_TRIG CNN_OUT_DATA* CNN_OUT_CHUNK_ID* CNN_OUT_VALID DROPPED_TRIGGER_COUNT*}]
/home/work1/Works/AI-Trigger-System/HDL/constraints/ai_trigger_ooc.xdc (Line: 29)
Related violations: <none>

XDCH-2#107 Warning
Same min and max delay values on IO port  
The same output delay of 0.000 ns has been defined on port 'CNN_OUT_DATA[30]' relative to clock CLK_CNN for both max and min. Make sure this reflects the design intent.
set_output_delay -clock [get_clocks CLK_CNN] 0.000 [get_ports -quiet {CNN_TRIG CNN_OUT_DATA* CNN_OUT_CHUNK_ID* CNN_OUT_VALID DROPPED_TRIGGER_COUNT*}]
/home/work1/Works/AI-Trigger-System/HDL/constraints/ai_trigger_ooc.xdc (Line: 29)
Related violations: <none>

XDCH-2#108 Warning
Same min and max delay values on IO port  
The same output delay of 0.000 ns has been defined on port 'CNN_OUT_DATA[31]' relative to clock CLK_CNN for both max and min. Make sure this reflects the design intent.
set_output_delay -clock [get_clocks CLK_CNN] 0.000 [get_ports -quiet {CNN_TRIG CNN_OUT_DATA* CNN_OUT_CHUNK_ID* CNN_OUT_VALID DROPPED_TRIGGER_COUNT*}]
/home/work1/Works/AI-Trigger-System/HDL/constraints/ai_trigger_ooc.xdc (Line: 29)
Related violations: <none>

XDCH-2#109 Warning
Same min and max delay values on IO port  
The same output delay of 0.000 ns has been defined on port 'CNN_OUT_DATA[3]' relative to clock CLK_CNN for both max and min. Make sure this reflects the design intent.
set_output_delay -clock [get_clocks CLK_CNN] 0.000 [get_ports -quiet {CNN_TRIG CNN_OUT_DATA* CNN_OUT_CHUNK_ID* CNN_OUT_VALID DROPPED_TRIGGER_COUNT*}]
/home/work1/Works/AI-Trigger-System/HDL/constraints/ai_trigger_ooc.xdc (Line: 29)
Related violations: <none>

XDCH-2#110 Warning
Same min and max delay values on IO port  
The same output delay of 0.000 ns has been defined on port 'CNN_OUT_DATA[4]' relative to clock CLK_CNN for both max and min. Make sure this reflects the design intent.
set_output_delay -clock [get_clocks CLK_CNN] 0.000 [get_ports -quiet {CNN_TRIG CNN_OUT_DATA* CNN_OUT_CHUNK_ID* CNN_OUT_VALID DROPPED_TRIGGER_COUNT*}]
/home/work1/Works/AI-Trigger-System/HDL/constraints/ai_trigger_ooc.xdc (Line: 29)
Related violations: <none>

XDCH-2#111 Warning
Same min and max delay values on IO port  
The same output delay of 0.000 ns has been defined on port 'CNN_OUT_DATA[5]' relative to clock CLK_CNN for both max and min. Make sure this reflects the design intent.
set_output_delay -clock [get_clocks CLK_CNN] 0.000 [get_ports -quiet {CNN_TRIG CNN_OUT_DATA* CNN_OUT_CHUNK_ID* CNN_OUT_VALID DROPPED_TRIGGER_COUNT*}]
/home/work1/Works/AI-Trigger-System/HDL/constraints/ai_trigger_ooc.xdc (Line: 29)
Related violations: <none>

XDCH-2#112 Warning
Same min and max delay values on IO port  
The same output delay of 0.000 ns has been defined on port 'CNN_OUT_DATA[6]' relative to clock CLK_CNN for both max and min. Make sure this reflects the design intent.
set_output_delay -clock [get_clocks CLK_CNN] 0.000 [get_ports -quiet {CNN_TRIG CNN_OUT_DATA* CNN_OUT_CHUNK_ID* CNN_OUT_VALID DROPPED_TRIGGER_COUNT*}]
/home/work1/Works/AI-Trigger-System/HDL/constraints/ai_trigger_ooc.xdc (Line: 29)
Related violations: <none>

XDCH-2#113 Warning
Same min and max delay values on IO port  
The same output delay of 0.000 ns has been defined on port 'CNN_OUT_DATA[7]' relative to clock CLK_CNN for both max and min. Make sure this reflects the design intent.
set_output_delay -clock [get_clocks CLK_CNN] 0.000 [get_ports -quiet {CNN_TRIG CNN_OUT_DATA* CNN_OUT_CHUNK_ID* CNN_OUT_VALID DROPPED_TRIGGER_COUNT*}]
/home/work1/Works/AI-Trigger-System/HDL/constraints/ai_trigger_ooc.xdc (Line: 29)
Related violations: <none>

XDCH-2#114 Warning
Same min and max delay values on IO port  
The same output delay of 0.000 ns has been defined on port 'CNN_OUT_DATA[8]' relative to clock CLK_CNN for both max and min. Make sure this reflects the design intent.
set_output_delay -clock [get_clocks CLK_CNN] 0.000 [get_ports -quiet {CNN_TRIG CNN_OUT_DATA* CNN_OUT_CHUNK_ID* CNN_OUT_VALID DROPPED_TRIGGER_COUNT*}]
/home/work1/Works/AI-Trigger-System/HDL/constraints/ai_trigger_ooc.xdc (Line: 29)
Related violations: <none>

XDCH-2#115 Warning
Same min and max delay values on IO port  
The same output delay of 0.000 ns has been defined on port 'CNN_OUT_DATA[9]' relative to clock CLK_CNN for both max and min. Make sure this reflects the design intent.
set_output_delay -clock [get_clocks CLK_CNN] 0.000 [get_ports -quiet {CNN_TRIG CNN_OUT_DATA* CNN_OUT_CHUNK_ID* CNN_OUT_VALID DROPPED_TRIGGER_COUNT*}]
/home/work1/Works/AI-Trigger-System/HDL/constraints/ai_trigger_ooc.xdc (Line: 29)
Related violations: <none>

XDCH-2#116 Warning
Same min and max delay values on IO port  
The same output delay of 0.000 ns has been defined on port 'CNN_OUT_VALID' relative to clock CLK_CNN for both max and min. Make sure this reflects the design intent.
set_output_delay -clock [get_clocks CLK_CNN] 0.000 [get_ports -quiet {CNN_TRIG CNN_OUT_DATA* CNN_OUT_CHUNK_ID* CNN_OUT_VALID DROPPED_TRIGGER_COUNT*}]
/home/work1/Works/AI-Trigger-System/HDL/constraints/ai_trigger_ooc.xdc (Line: 29)
Related violations: <none>

XDCH-2#117 Warning
Same min and max delay values on IO port  
The same output delay of 0.000 ns has been defined on port 'CNN_TRIG' relative to clock CLK_CNN for both max and min. Make sure this reflects the design intent.
set_output_delay -clock [get_clocks CLK_CNN] 0.000 [get_ports -quiet {CNN_TRIG CNN_OUT_DATA* CNN_OUT_CHUNK_ID* CNN_OUT_VALID DROPPED_TRIGGER_COUNT*}]
/home/work1/Works/AI-Trigger-System/HDL/constraints/ai_trigger_ooc.xdc (Line: 29)
Related violations: <none>

XDCH-2#118 Warning
Same min and max delay values on IO port  
The same output delay of 0.000 ns has been defined on port 'DROPPED_TRIGGER_COUNT[0]' relative to clock CLK_CNN for both max and min. Make sure this reflects the design intent.
set_output_delay -clock [get_clocks CLK_CNN] 0.000 [get_ports -quiet {CNN_TRIG CNN_OUT_DATA* CNN_OUT_CHUNK_ID* CNN_OUT_VALID DROPPED_TRIGGER_COUNT*}]
/home/work1/Works/AI-Trigger-System/HDL/constraints/ai_trigger_ooc.xdc (Line: 29)
Related violations: <none>

XDCH-2#119 Warning
Same min and max delay values on IO port  
The same output delay of 0.000 ns has been defined on port 'DROPPED_TRIGGER_COUNT[10]' relative to clock CLK_CNN for both max and min. Make sure this reflects the design intent.
set_output_delay -clock [get_clocks CLK_CNN] 0.000 [get_ports -quiet {CNN_TRIG CNN_OUT_DATA* CNN_OUT_CHUNK_ID* CNN_OUT_VALID DROPPED_TRIGGER_COUNT*}]
/home/work1/Works/AI-Trigger-System/HDL/constraints/ai_trigger_ooc.xdc (Line: 29)
Related violations: <none>

XDCH-2#120 Warning
Same min and max delay values on IO port  
The same output delay of 0.000 ns has been defined on port 'DROPPED_TRIGGER_COUNT[11]' relative to clock CLK_CNN for both max and min. Make sure this reflects the design intent.
set_output_delay -clock [get_clocks CLK_CNN] 0.000 [get_ports -quiet {CNN_TRIG CNN_OUT_DATA* CNN_OUT_CHUNK_ID* CNN_OUT_VALID DROPPED_TRIGGER_COUNT*}]
/home/work1/Works/AI-Trigger-System/HDL/constraints/ai_trigger_ooc.xdc (Line: 29)
Related violations: <none>

XDCH-2#121 Warning
Same min and max delay values on IO port  
The same output delay of 0.000 ns has been defined on port 'DROPPED_TRIGGER_COUNT[12]' relative to clock CLK_CNN for both max and min. Make sure this reflects the design intent.
set_output_delay -clock [get_clocks CLK_CNN] 0.000 [get_ports -quiet {CNN_TRIG CNN_OUT_DATA* CNN_OUT_CHUNK_ID* CNN_OUT_VALID DROPPED_TRIGGER_COUNT*}]
/home/work1/Works/AI-Trigger-System/HDL/constraints/ai_trigger_ooc.xdc (Line: 29)
Related violations: <none>

XDCH-2#122 Warning
Same min and max delay values on IO port  
The same output delay of 0.000 ns has been defined on port 'DROPPED_TRIGGER_COUNT[13]' relative to clock CLK_CNN for both max and min. Make sure this reflects the design intent.
set_output_delay -clock [get_clocks CLK_CNN] 0.000 [get_ports -quiet {CNN_TRIG CNN_OUT_DATA* CNN_OUT_CHUNK_ID* CNN_OUT_VALID DROPPED_TRIGGER_COUNT*}]
/home/work1/Works/AI-Trigger-System/HDL/constraints/ai_trigger_ooc.xdc (Line: 29)
Related violations: <none>

XDCH-2#123 Warning
Same min and max delay values on IO port  
The same output delay of 0.000 ns has been defined on port 'DROPPED_TRIGGER_COUNT[14]' relative to clock CLK_CNN for both max and min. Make sure this reflects the design intent.
set_output_delay -clock [get_clocks CLK_CNN] 0.000 [get_ports -quiet {CNN_TRIG CNN_OUT_DATA* CNN_OUT_CHUNK_ID* CNN_OUT_VALID DROPPED_TRIGGER_COUNT*}]
/home/work1/Works/AI-Trigger-System/HDL/constraints/ai_trigger_ooc.xdc (Line: 29)
Related violations: <none>

XDCH-2#124 Warning
Same min and max delay values on IO port  
The same output delay of 0.000 ns has been defined on port 'DROPPED_TRIGGER_COUNT[15]' relative to clock CLK_CNN for both max and min. Make sure this reflects the design intent.
set_output_delay -clock [get_clocks CLK_CNN] 0.000 [get_ports -quiet {CNN_TRIG CNN_OUT_DATA* CNN_OUT_CHUNK_ID* CNN_OUT_VALID DROPPED_TRIGGER_COUNT*}]
/home/work1/Works/AI-Trigger-System/HDL/constraints/ai_trigger_ooc.xdc (Line: 29)
Related violations: <none>

XDCH-2#125 Warning
Same min and max delay values on IO port  
The same output delay of 0.000 ns has been defined on port 'DROPPED_TRIGGER_COUNT[16]' relative to clock CLK_CNN for both max and min. Make sure this reflects the design intent.
set_output_delay -clock [get_clocks CLK_CNN] 0.000 [get_ports -quiet {CNN_TRIG CNN_OUT_DATA* CNN_OUT_CHUNK_ID* CNN_OUT_VALID DROPPED_TRIGGER_COUNT*}]
/home/work1/Works/AI-Trigger-System/HDL/constraints/ai_trigger_ooc.xdc (Line: 29)
Related violations: <none>

XDCH-2#126 Warning
Same min and max delay values on IO port  
The same output delay of 0.000 ns has been defined on port 'DROPPED_TRIGGER_COUNT[17]' relative to clock CLK_CNN for both max and min. Make sure this reflects the design intent.
set_output_delay -clock [get_clocks CLK_CNN] 0.000 [get_ports -quiet {CNN_TRIG CNN_OUT_DATA* CNN_OUT_CHUNK_ID* CNN_OUT_VALID DROPPED_TRIGGER_COUNT*}]
/home/work1/Works/AI-Trigger-System/HDL/constraints/ai_trigger_ooc.xdc (Line: 29)
Related violations: <none>

XDCH-2#127 Warning
Same min and max delay values on IO port  
The same output delay of 0.000 ns has been defined on port 'DROPPED_TRIGGER_COUNT[18]' relative to clock CLK_CNN for both max and min. Make sure this reflects the design intent.
set_output_delay -clock [get_clocks CLK_CNN] 0.000 [get_ports -quiet {CNN_TRIG CNN_OUT_DATA* CNN_OUT_CHUNK_ID* CNN_OUT_VALID DROPPED_TRIGGER_COUNT*}]
/home/work1/Works/AI-Trigger-System/HDL/constraints/ai_trigger_ooc.xdc (Line: 29)
Related violations: <none>

XDCH-2#128 Warning
Same min and max delay values on IO port  
The same output delay of 0.000 ns has been defined on port 'DROPPED_TRIGGER_COUNT[19]' relative to clock CLK_CNN for both max and min. Make sure this reflects the design intent.
set_output_delay -clock [get_clocks CLK_CNN] 0.000 [get_ports -quiet {CNN_TRIG CNN_OUT_DATA* CNN_OUT_CHUNK_ID* CNN_OUT_VALID DROPPED_TRIGGER_COUNT*}]
/home/work1/Works/AI-Trigger-System/HDL/constraints/ai_trigger_ooc.xdc (Line: 29)
Related violations: <none>

XDCH-2#129 Warning
Same min and max delay values on IO port  
The same output delay of 0.000 ns has been defined on port 'DROPPED_TRIGGER_COUNT[1]' relative to clock CLK_CNN for both max and min. Make sure this reflects the design intent.
set_output_delay -clock [get_clocks CLK_CNN] 0.000 [get_ports -quiet {CNN_TRIG CNN_OUT_DATA* CNN_OUT_CHUNK_ID* CNN_OUT_VALID DROPPED_TRIGGER_COUNT*}]
/home/work1/Works/AI-Trigger-System/HDL/constraints/ai_trigger_ooc.xdc (Line: 29)
Related violations: <none>

XDCH-2#130 Warning
Same min and max delay values on IO port  
The same output delay of 0.000 ns has been defined on port 'DROPPED_TRIGGER_COUNT[20]' relative to clock CLK_CNN for both max and min. Make sure this reflects the design intent.
set_output_delay -clock [get_clocks CLK_CNN] 0.000 [get_ports -quiet {CNN_TRIG CNN_OUT_DATA* CNN_OUT_CHUNK_ID* CNN_OUT_VALID DROPPED_TRIGGER_COUNT*}]
/home/work1/Works/AI-Trigger-System/HDL/constraints/ai_trigger_ooc.xdc (Line: 29)
Related violations: <none>

XDCH-2#131 Warning
Same min and max delay values on IO port  
The same output delay of 0.000 ns has been defined on port 'DROPPED_TRIGGER_COUNT[21]' relative to clock CLK_CNN for both max and min. Make sure this reflects the design intent.
set_output_delay -clock [get_clocks CLK_CNN] 0.000 [get_ports -quiet {CNN_TRIG CNN_OUT_DATA* CNN_OUT_CHUNK_ID* CNN_OUT_VALID DROPPED_TRIGGER_COUNT*}]
/home/work1/Works/AI-Trigger-System/HDL/constraints/ai_trigger_ooc.xdc (Line: 29)
Related violations: <none>

XDCH-2#132 Warning
Same min and max delay values on IO port  
The same output delay of 0.000 ns has been defined on port 'DROPPED_TRIGGER_COUNT[22]' relative to clock CLK_CNN for both max and min. Make sure this reflects the design intent.
set_output_delay -clock [get_clocks CLK_CNN] 0.000 [get_ports -quiet {CNN_TRIG CNN_OUT_DATA* CNN_OUT_CHUNK_ID* CNN_OUT_VALID DROPPED_TRIGGER_COUNT*}]
/home/work1/Works/AI-Trigger-System/HDL/constraints/ai_trigger_ooc.xdc (Line: 29)
Related violations: <none>

XDCH-2#133 Warning
Same min and max delay values on IO port  
The same output delay of 0.000 ns has been defined on port 'DROPPED_TRIGGER_COUNT[23]' relative to clock CLK_CNN for both max and min. Make sure this reflects the design intent.
set_output_delay -clock [get_clocks CLK_CNN] 0.000 [get_ports -quiet {CNN_TRIG CNN_OUT_DATA* CNN_OUT_CHUNK_ID* CNN_OUT_VALID DROPPED_TRIGGER_COUNT*}]
/home/work1/Works/AI-Trigger-System/HDL/constraints/ai_trigger_ooc.xdc (Line: 29)
Related violations: <none>

XDCH-2#134 Warning
Same min and max delay values on IO port  
The same output delay of 0.000 ns has been defined on port 'DROPPED_TRIGGER_COUNT[24]' relative to clock CLK_CNN for both max and min. Make sure this reflects the design intent.
set_output_delay -clock [get_clocks CLK_CNN] 0.000 [get_ports -quiet {CNN_TRIG CNN_OUT_DATA* CNN_OUT_CHUNK_ID* CNN_OUT_VALID DROPPED_TRIGGER_COUNT*}]
/home/work1/Works/AI-Trigger-System/HDL/constraints/ai_trigger_ooc.xdc (Line: 29)
Related violations: <none>

XDCH-2#135 Warning
Same min and max delay values on IO port  
The same output delay of 0.000 ns has been defined on port 'DROPPED_TRIGGER_COUNT[25]' relative to clock CLK_CNN for both max and min. Make sure this reflects the design intent.
set_output_delay -clock [get_clocks CLK_CNN] 0.000 [get_ports -quiet {CNN_TRIG CNN_OUT_DATA* CNN_OUT_CHUNK_ID* CNN_OUT_VALID DROPPED_TRIGGER_COUNT*}]
/home/work1/Works/AI-Trigger-System/HDL/constraints/ai_trigger_ooc.xdc (Line: 29)
Related violations: <none>

XDCH-2#136 Warning
Same min and max delay values on IO port  
The same output delay of 0.000 ns has been defined on port 'DROPPED_TRIGGER_COUNT[26]' relative to clock CLK_CNN for both max and min. Make sure this reflects the design intent.
set_output_delay -clock [get_clocks CLK_CNN] 0.000 [get_ports -quiet {CNN_TRIG CNN_OUT_DATA* CNN_OUT_CHUNK_ID* CNN_OUT_VALID DROPPED_TRIGGER_COUNT*}]
/home/work1/Works/AI-Trigger-System/HDL/constraints/ai_trigger_ooc.xdc (Line: 29)
Related violations: <none>

XDCH-2#137 Warning
Same min and max delay values on IO port  
The same output delay of 0.000 ns has been defined on port 'DROPPED_TRIGGER_COUNT[27]' relative to clock CLK_CNN for both max and min. Make sure this reflects the design intent.
set_output_delay -clock [get_clocks CLK_CNN] 0.000 [get_ports -quiet {CNN_TRIG CNN_OUT_DATA* CNN_OUT_CHUNK_ID* CNN_OUT_VALID DROPPED_TRIGGER_COUNT*}]
/home/work1/Works/AI-Trigger-System/HDL/constraints/ai_trigger_ooc.xdc (Line: 29)
Related violations: <none>

XDCH-2#138 Warning
Same min and max delay values on IO port  
The same output delay of 0.000 ns has been defined on port 'DROPPED_TRIGGER_COUNT[28]' relative to clock CLK_CNN for both max and min. Make sure this reflects the design intent.
set_output_delay -clock [get_clocks CLK_CNN] 0.000 [get_ports -quiet {CNN_TRIG CNN_OUT_DATA* CNN_OUT_CHUNK_ID* CNN_OUT_VALID DROPPED_TRIGGER_COUNT*}]
/home/work1/Works/AI-Trigger-System/HDL/constraints/ai_trigger_ooc.xdc (Line: 29)
Related violations: <none>

XDCH-2#139 Warning
Same min and max delay values on IO port  
The same output delay of 0.000 ns has been defined on port 'DROPPED_TRIGGER_COUNT[29]' relative to clock CLK_CNN for both max and min. Make sure this reflects the design intent.
set_output_delay -clock [get_clocks CLK_CNN] 0.000 [get_ports -quiet {CNN_TRIG CNN_OUT_DATA* CNN_OUT_CHUNK_ID* CNN_OUT_VALID DROPPED_TRIGGER_COUNT*}]
/home/work1/Works/AI-Trigger-System/HDL/constraints/ai_trigger_ooc.xdc (Line: 29)
Related violations: <none>

XDCH-2#140 Warning
Same min and max delay values on IO port  
The same output delay of 0.000 ns has been defined on port 'DROPPED_TRIGGER_COUNT[2]' relative to clock CLK_CNN for both max and min. Make sure this reflects the design intent.
set_output_delay -clock [get_clocks CLK_CNN] 0.000 [get_ports -quiet {CNN_TRIG CNN_OUT_DATA* CNN_OUT_CHUNK_ID* CNN_OUT_VALID DROPPED_TRIGGER_COUNT*}]
/home/work1/Works/AI-Trigger-System/HDL/constraints/ai_trigger_ooc.xdc (Line: 29)
Related violations: <none>

XDCH-2#141 Warning
Same min and max delay values on IO port  
The same output delay of 0.000 ns has been defined on port 'DROPPED_TRIGGER_COUNT[30]' relative to clock CLK_CNN for both max and min. Make sure this reflects the design intent.
set_output_delay -clock [get_clocks CLK_CNN] 0.000 [get_ports -quiet {CNN_TRIG CNN_OUT_DATA* CNN_OUT_CHUNK_ID* CNN_OUT_VALID DROPPED_TRIGGER_COUNT*}]
/home/work1/Works/AI-Trigger-System/HDL/constraints/ai_trigger_ooc.xdc (Line: 29)
Related violations: <none>

XDCH-2#142 Warning
Same min and max delay values on IO port  
The same output delay of 0.000 ns has been defined on port 'DROPPED_TRIGGER_COUNT[31]' relative to clock CLK_CNN for both max and min. Make sure this reflects the design intent.
set_output_delay -clock [get_clocks CLK_CNN] 0.000 [get_ports -quiet {CNN_TRIG CNN_OUT_DATA* CNN_OUT_CHUNK_ID* CNN_OUT_VALID DROPPED_TRIGGER_COUNT*}]
/home/work1/Works/AI-Trigger-System/HDL/constraints/ai_trigger_ooc.xdc (Line: 29)
Related violations: <none>

XDCH-2#143 Warning
Same min and max delay values on IO port  
The same output delay of 0.000 ns has been defined on port 'DROPPED_TRIGGER_COUNT[3]' relative to clock CLK_CNN for both max and min. Make sure this reflects the design intent.
set_output_delay -clock [get_clocks CLK_CNN] 0.000 [get_ports -quiet {CNN_TRIG CNN_OUT_DATA* CNN_OUT_CHUNK_ID* CNN_OUT_VALID DROPPED_TRIGGER_COUNT*}]
/home/work1/Works/AI-Trigger-System/HDL/constraints/ai_trigger_ooc.xdc (Line: 29)
Related violations: <none>

XDCH-2#144 Warning
Same min and max delay values on IO port  
The same output delay of 0.000 ns has been defined on port 'DROPPED_TRIGGER_COUNT[4]' relative to clock CLK_CNN for both max and min. Make sure this reflects the design intent.
set_output_delay -clock [get_clocks CLK_CNN] 0.000 [get_ports -quiet {CNN_TRIG CNN_OUT_DATA* CNN_OUT_CHUNK_ID* CNN_OUT_VALID DROPPED_TRIGGER_COUNT*}]
/home/work1/Works/AI-Trigger-System/HDL/constraints/ai_trigger_ooc.xdc (Line: 29)
Related violations: <none>

XDCH-2#145 Warning
Same min and max delay values on IO port  
The same output delay of 0.000 ns has been defined on port 'DROPPED_TRIGGER_COUNT[5]' relative to clock CLK_CNN for both max and min. Make sure this reflects the design intent.
set_output_delay -clock [get_clocks CLK_CNN] 0.000 [get_ports -quiet {CNN_TRIG CNN_OUT_DATA* CNN_OUT_CHUNK_ID* CNN_OUT_VALID DROPPED_TRIGGER_COUNT*}]
/home/work1/Works/AI-Trigger-System/HDL/constraints/ai_trigger_ooc.xdc (Line: 29)
Related violations: <none>

XDCH-2#146 Warning
Same min and max delay values on IO port  
The same output delay of 0.000 ns has been defined on port 'DROPPED_TRIGGER_COUNT[6]' relative to clock CLK_CNN for both max and min. Make sure this reflects the design intent.
set_output_delay -clock [get_clocks CLK_CNN] 0.000 [get_ports -quiet {CNN_TRIG CNN_OUT_DATA* CNN_OUT_CHUNK_ID* CNN_OUT_VALID DROPPED_TRIGGER_COUNT*}]
/home/work1/Works/AI-Trigger-System/HDL/constraints/ai_trigger_ooc.xdc (Line: 29)
Related violations: <none>

XDCH-2#147 Warning
Same min and max delay values on IO port  
The same output delay of 0.000 ns has been defined on port 'DROPPED_TRIGGER_COUNT[7]' relative to clock CLK_CNN for both max and min. Make sure this reflects the design intent.
set_output_delay -clock [get_clocks CLK_CNN] 0.000 [get_ports -quiet {CNN_TRIG CNN_OUT_DATA* CNN_OUT_CHUNK_ID* CNN_OUT_VALID DROPPED_TRIGGER_COUNT*}]
/home/work1/Works/AI-Trigger-System/HDL/constraints/ai_trigger_ooc.xdc (Line: 29)
Related violations: <none>

XDCH-2#148 Warning
Same min and max delay values on IO port  
The same output delay of 0.000 ns has been defined on port 'DROPPED_TRIGGER_COUNT[8]' relative to clock CLK_CNN for both max and min. Make sure this reflects the design intent.
set_output_delay -clock [get_clocks CLK_CNN] 0.000 [get_ports -quiet {CNN_TRIG CNN_OUT_DATA* CNN_OUT_CHUNK_ID* CNN_OUT_VALID DROPPED_TRIGGER_COUNT*}]
/home/work1/Works/AI-Trigger-System/HDL/constraints/ai_trigger_ooc.xdc (Line: 29)
Related violations: <none>

XDCH-2#149 Warning
Same min and max delay values on IO port  
The same output delay of 0.000 ns has been defined on port 'DROPPED_TRIGGER_COUNT[9]' relative to clock CLK_CNN for both max and min. Make sure this reflects the design intent.
set_output_delay -clock [get_clocks CLK_CNN] 0.000 [get_ports -quiet {CNN_TRIG CNN_OUT_DATA* CNN_OUT_CHUNK_ID* CNN_OUT_VALID DROPPED_TRIGGER_COUNT*}]
/home/work1/Works/AI-Trigger-System/HDL/constraints/ai_trigger_ooc.xdc (Line: 29)
Related violations: <none>

XDCH-2#150 Warning
Same min and max delay values on IO port  
The same output delay of 0.000 ns has been defined on port 'EVENT_CHUNK_ID[0]' relative to clock CLK_ADC for both max and min. Make sure this reflects the design intent.
set_output_delay -clock [get_clocks CLK_ADC] 0.000 [get_ports -quiet {EVENT_VALID EVENT_DATA* EVENT_LAST EVENT_CHUNK_ID* EVENT_TIMESTAMP* EVENT_SCORE* RING_MISS_COUNT* CHUNK_OVERFLOW}]
/home/work1/Works/AI-Trigger-System/HDL/constraints/ai_trigger_ooc.xdc (Line: 30)
Related violations: <none>

XDCH-2#151 Warning
Same min and max delay values on IO port  
The same output delay of 0.000 ns has been defined on port 'EVENT_CHUNK_ID[10]' relative to clock CLK_ADC for both max and min. Make sure this reflects the design intent.
set_output_delay -clock [get_clocks CLK_ADC] 0.000 [get_ports -quiet {EVENT_VALID EVENT_DATA* EVENT_LAST EVENT_CHUNK_ID* EVENT_TIMESTAMP* EVENT_SCORE* RING_MISS_COUNT* CHUNK_OVERFLOW}]
/home/work1/Works/AI-Trigger-System/HDL/constraints/ai_trigger_ooc.xdc (Line: 30)
Related violations: <none>

XDCH-2#152 Warning
Same min and max delay values on IO port  
The same output delay of 0.000 ns has been defined on port 'EVENT_CHUNK_ID[11]' relative to clock CLK_ADC for both max and min. Make sure this reflects the design intent.
set_output_delay -clock [get_clocks CLK_ADC] 0.000 [get_ports -quiet {EVENT_VALID EVENT_DATA* EVENT_LAST EVENT_CHUNK_ID* EVENT_TIMESTAMP* EVENT_SCORE* RING_MISS_COUNT* CHUNK_OVERFLOW}]
/home/work1/Works/AI-Trigger-System/HDL/constraints/ai_trigger_ooc.xdc (Line: 30)
Related violations: <none>

XDCH-2#153 Warning
Same min and max delay values on IO port  
The same output delay of 0.000 ns has been defined on port 'EVENT_CHUNK_ID[12]' relative to clock CLK_ADC for both max and min. Make sure this reflects the design intent.
set_output_delay -clock [get_clocks CLK_ADC] 0.000 [get_ports -quiet {EVENT_VALID EVENT_DATA* EVENT_LAST EVENT_CHUNK_ID* EVENT_TIMESTAMP* EVENT_SCORE* RING_MISS_COUNT* CHUNK_OVERFLOW}]
/home/work1/Works/AI-Trigger-System/HDL/constraints/ai_trigger_ooc.xdc (Line: 30)
Related violations: <none>

XDCH-2#154 Warning
Same min and max delay values on IO port  
The same output delay of 0.000 ns has been defined on port 'EVENT_CHUNK_ID[13]' relative to clock CLK_ADC for both max and min. Make sure this reflects the design intent.
set_output_delay -clock [get_clocks CLK_ADC] 0.000 [get_ports -quiet {EVENT_VALID EVENT_DATA* EVENT_LAST EVENT_CHUNK_ID* EVENT_TIMESTAMP* EVENT_SCORE* RING_MISS_COUNT* CHUNK_OVERFLOW}]
/home/work1/Works/AI-Trigger-System/HDL/constraints/ai_trigger_ooc.xdc (Line: 30)
Related violations: <none>

XDCH-2#155 Warning
Same min and max delay values on IO port  
The same output delay of 0.000 ns has been defined on port 'EVENT_CHUNK_ID[14]' relative to clock CLK_ADC for both max and min. Make sure this reflects the design intent.
set_output_delay -clock [get_clocks CLK_ADC] 0.000 [get_ports -quiet {EVENT_VALID EVENT_DATA* EVENT_LAST EVENT_CHUNK_ID* EVENT_TIMESTAMP* EVENT_SCORE* RING_MISS_COUNT* CHUNK_OVERFLOW}]
/home/work1/Works/AI-Trigger-System/HDL/constraints/ai_trigger_ooc.xdc (Line: 30)
Related violations: <none>

XDCH-2#156 Warning
Same min and max delay values on IO port  
The same output delay of 0.000 ns has been defined on port 'EVENT_CHUNK_ID[15]' relative to clock CLK_ADC for both max and min. Make sure this reflects the design intent.
set_output_delay -clock [get_clocks CLK_ADC] 0.000 [get_ports -quiet {EVENT_VALID EVENT_DATA* EVENT_LAST EVENT_CHUNK_ID* EVENT_TIMESTAMP* EVENT_SCORE* RING_MISS_COUNT* CHUNK_OVERFLOW}]
/home/work1/Works/AI-Trigger-System/HDL/constraints/ai_trigger_ooc.xdc (Line: 30)
Related violations: <none>

XDCH-2#157 Warning
Same min and max delay values on IO port  
The same output delay of 0.000 ns has been defined on port 'EVENT_CHUNK_ID[1]' relative to clock CLK_ADC for both max and min. Make sure this reflects the design intent.
set_output_delay -clock [get_clocks CLK_ADC] 0.000 [get_ports -quiet {EVENT_VALID EVENT_DATA* EVENT_LAST EVENT_CHUNK_ID* EVENT_TIMESTAMP* EVENT_SCORE* RING_MISS_COUNT* CHUNK_OVERFLOW}]
/home/work1/Works/AI-Trigger-System/HDL/constraints/ai_trigger_ooc.xdc (Line: 30)
Related violations: <none>

XDCH-2#158 Warning
Same min and max delay values on IO port  
The same output delay of 0.000 ns has been defined on port 'EVENT_CHUNK_ID[2]' relative to clock CLK_ADC for both max and min. Make sure this reflects the design intent.
set_output_delay -clock [get_clocks CLK_ADC] 0.000 [get_ports -quiet {EVENT_VALID EVENT_DATA* EVENT_LAST EVENT_CHUNK_ID* EVENT_TIMESTAMP* EVENT_SCORE* RING_MISS_COUNT* CHUNK_OVERFLOW}]
/home/work1/Works/AI-Trigger-System/HDL/constraints/ai_trigger_ooc.xdc (Line: 30)
Related violations: <none>

XDCH-2#159 Warning
Same min and max delay values on IO port  
The same output delay of 0.000 ns has been defined on port 'EVENT_CHUNK_ID[3]' relative to clock CLK_ADC for both max and min. Make sure this reflects the design intent.
set_output_delay -clock [get_clocks CLK_ADC] 0.000 [get_ports -quiet {EVENT_VALID EVENT_DATA* EVENT_LAST EVENT_CHUNK_ID* EVENT_TIMESTAMP* EVENT_SCORE* RING_MISS_COUNT* CHUNK_OVERFLOW}]
/home/work1/Works/AI-Trigger-System/HDL/constraints/ai_trigger_ooc.xdc (Line: 30)
Related violations: <none>

XDCH-2#160 Warning
Same min and max delay values on IO port  
The same output delay of 0.000 ns has been defined on port 'EVENT_CHUNK_ID[4]' relative to clock CLK_ADC for both max and min. Make sure this reflects the design intent.
set_output_delay -clock [get_clocks CLK_ADC] 0.000 [get_ports -quiet {EVENT_VALID EVENT_DATA* EVENT_LAST EVENT_CHUNK_ID* EVENT_TIMESTAMP* EVENT_SCORE* RING_MISS_COUNT* CHUNK_OVERFLOW}]
/home/work1/Works/AI-Trigger-System/HDL/constraints/ai_trigger_ooc.xdc (Line: 30)
Related violations: <none>

XDCH-2#161 Warning
Same min and max delay values on IO port  
The same output delay of 0.000 ns has been defined on port 'EVENT_CHUNK_ID[5]' relative to clock CLK_ADC for both max and min. Make sure this reflects the design intent.
set_output_delay -clock [get_clocks CLK_ADC] 0.000 [get_ports -quiet {EVENT_VALID EVENT_DATA* EVENT_LAST EVENT_CHUNK_ID* EVENT_TIMESTAMP* EVENT_SCORE* RING_MISS_COUNT* CHUNK_OVERFLOW}]
/home/work1/Works/AI-Trigger-System/HDL/constraints/ai_trigger_ooc.xdc (Line: 30)
Related violations: <none>

XDCH-2#162 Warning
Same min and max delay values on IO port  
The same output delay of 0.000 ns has been defined on port 'EVENT_CHUNK_ID[6]' relative to clock CLK_ADC for both max and min. Make sure this reflects the design intent.
set_output_delay -clock [get_clocks CLK_ADC] 0.000 [get_ports -quiet {EVENT_VALID EVENT_DATA* EVENT_LAST EVENT_CHUNK_ID* EVENT_TIMESTAMP* EVENT_SCORE* RING_MISS_COUNT* CHUNK_OVERFLOW}]
/home/work1/Works/AI-Trigger-System/HDL/constraints/ai_trigger_ooc.xdc (Line: 30)
Related violations: <none>

XDCH-2#163 Warning
Same min and max delay values on IO port  
The same output delay of 0.000 ns has been defined on port 'EVENT_CHUNK_ID[7]' relative to clock CLK_ADC for both max and min. Make sure this reflects the design intent.
set_output_delay -clock [get_clocks CLK_ADC] 0.000 [get_ports -quiet {EVENT_VALID EVENT_DATA* EVENT_LAST EVENT_CHUNK_ID* EVENT_TIMESTAMP* EVENT_SCORE* RING_MISS_COUNT* CHUNK_OVERFLOW}]
/home/work1/Works/AI-Trigger-System/HDL/constraints/ai_trigger_ooc.xdc (Line: 30)
Related violations: <none>

XDCH-2#164 Warning
Same min and max delay values on IO port  
The same output delay of 0.000 ns has been defined on port 'EVENT_CHUNK_ID[8]' relative to clock CLK_ADC for both max and min. Make sure this reflects the design intent.
set_output_delay -clock [get_clocks CLK_ADC] 0.000 [get_ports -quiet {EVENT_VALID EVENT_DATA* EVENT_LAST EVENT_CHUNK_ID* EVENT_TIMESTAMP* EVENT_SCORE* RING_MISS_COUNT* CHUNK_OVERFLOW}]
/home/work1/Works/AI-Trigger-System/HDL/constraints/ai_trigger_ooc.xdc (Line: 30)
Related violations: <none>

XDCH-2#165 Warning
Same min and max delay values on IO port  
The same output delay of 0.000 ns has been defined on port 'EVENT_CHUNK_ID[9]' relative to clock CLK_ADC for both max and min. Make sure this reflects the design intent.
set_output_delay -clock [get_clocks CLK_ADC] 0.000 [get_ports -quiet {EVENT_VALID EVENT_DATA* EVENT_LAST EVENT_CHUNK_ID* EVENT_TIMESTAMP* EVENT_SCORE* RING_MISS_COUNT* CHUNK_OVERFLOW}]
/home/work1/Works/AI-Trigger-System/HDL/constraints/ai_trigger_ooc.xdc (Line: 30)
Related violations: <none>

XDCH-2#166 Warning
Same min and max delay values on IO port  
The same output delay of 0.000 ns has been defined on port 'EVENT_DATA[0]' relative to clock CLK_ADC for both max and min. Make sure this reflects the design intent.
set_output_delay -clock [get_clocks CLK_ADC] 0.000 [get_ports -quiet {EVENT_VALID EVENT_DATA* EVENT_LAST EVENT_CHUNK_ID* EVENT_TIMESTAMP* EVENT_SCORE* RING_MISS_COUNT* CHUNK_OVERFLOW}]
/home/work1/Works/AI-Trigger-System/HDL/constraints/ai_trigger_ooc.xdc (Line: 30)
Related violations: <none>

XDCH-2#167 Warning
Same min and max delay values on IO port  
The same output delay of 0.000 ns has been defined on port 'EVENT_DATA[100]' relative to clock CLK_ADC for both max and min. Make sure this reflects the design intent.
set_output_delay -clock [get_clocks CLK_ADC] 0.000 [get_ports -quiet {EVENT_VALID EVENT_DATA* EVENT_LAST EVENT_CHUNK_ID* EVENT_TIMESTAMP* EVENT_SCORE* RING_MISS_COUNT* CHUNK_OVERFLOW}]
/home/work1/Works/AI-Trigger-System/HDL/constraints/ai_trigger_ooc.xdc (Line: 30)
Related violations: <none>

XDCH-2#168 Warning
Same min and max delay values on IO port  
The same output delay of 0.000 ns has been defined on port 'EVENT_DATA[101]' relative to clock CLK_ADC for both max and min. Make sure this reflects the design intent.
set_output_delay -clock [get_clocks CLK_ADC] 0.000 [get_ports -quiet {EVENT_VALID EVENT_DATA* EVENT_LAST EVENT_CHUNK_ID* EVENT_TIMESTAMP* EVENT_SCORE* RING_MISS_COUNT* CHUNK_OVERFLOW}]
/home/work1/Works/AI-Trigger-System/HDL/constraints/ai_trigger_ooc.xdc (Line: 30)
Related violations: <none>

XDCH-2#169 Warning
Same min and max delay values on IO port  
The same output delay of 0.000 ns has been defined on port 'EVENT_DATA[102]' relative to clock CLK_ADC for both max and min. Make sure this reflects the design intent.
set_output_delay -clock [get_clocks CLK_ADC] 0.000 [get_ports -quiet {EVENT_VALID EVENT_DATA* EVENT_LAST EVENT_CHUNK_ID* EVENT_TIMESTAMP* EVENT_SCORE* RING_MISS_COUNT* CHUNK_OVERFLOW}]
/home/work1/Works/AI-Trigger-System/HDL/constraints/ai_trigger_ooc.xdc (Line: 30)
Related violations: <none>

XDCH-2#170 Warning
Same min and max delay values on IO port  
The same output delay of 0.000 ns has been defined on port 'EVENT_DATA[103]' relative to clock CLK_ADC for both max and min. Make sure this reflects the design intent.
set_output_delay -clock [get_clocks CLK_ADC] 0.000 [get_ports -quiet {EVENT_VALID EVENT_DATA* EVENT_LAST EVENT_CHUNK_ID* EVENT_TIMESTAMP* EVENT_SCORE* RING_MISS_COUNT* CHUNK_OVERFLOW}]
/home/work1/Works/AI-Trigger-System/HDL/constraints/ai_trigger_ooc.xdc (Line: 30)
Related violations: <none>

XDCH-2#171 Warning
Same min and max delay values on IO port  
The same output delay of 0.000 ns has been defined on port 'EVENT_DATA[104]' relative to clock CLK_ADC for both max and min. Make sure this reflects the design intent.
set_output_delay -clock [get_clocks CLK_ADC] 0.000 [get_ports -quiet {EVENT_VALID EVENT_DATA* EVENT_LAST EVENT_CHUNK_ID* EVENT_TIMESTAMP* EVENT_SCORE* RING_MISS_COUNT* CHUNK_OVERFLOW}]
/home/work1/Works/AI-Trigger-System/HDL/constraints/ai_trigger_ooc.xdc (Line: 30)
Related violations: <none>

XDCH-2#172 Warning
Same min and max delay values on IO port  
The same output delay of 0.000 ns has been defined on port 'EVENT_DATA[105]' relative to clock CLK_ADC for both max and min. Make sure this reflects the design intent.
set_output_delay -clock [get_clocks CLK_ADC] 0.000 [get_ports -quiet {EVENT_VALID EVENT_DATA* EVENT_LAST EVENT_CHUNK_ID* EVENT_TIMESTAMP* EVENT_SCORE* RING_MISS_COUNT* CHUNK_OVERFLOW}]
/home/work1/Works/AI-Trigger-System/HDL/constraints/ai_trigger_ooc.xdc (Line: 30)
Related violations: <none>

XDCH-2#173 Warning
Same min and max delay values on IO port  
The same output delay of 0.000 ns has been defined on port 'EVENT_DATA[106]' relative to clock CLK_ADC for both max and min. Make sure this reflects the design intent.
set_output_delay -clock [get_clocks CLK_ADC] 0.000 [get_ports -quiet {EVENT_VALID EVENT_DATA* EVENT_LAST EVENT_CHUNK_ID* EVENT_TIMESTAMP* EVENT_SCORE* RING_MISS_COUNT* CHUNK_OVERFLOW}]
/home/work1/Works/AI-Trigger-System/HDL/constraints/ai_trigger_ooc.xdc (Line: 30)
Related violations: <none>

XDCH-2#174 Warning
Same min and max delay values on IO port  
The same output delay of 0.000 ns has been defined on port 'EVENT_DATA[107]' relative to clock CLK_ADC for both max and min. Make sure this reflects the design intent.
set_output_delay -clock [get_clocks CLK_ADC] 0.000 [get_ports -quiet {EVENT_VALID EVENT_DATA* EVENT_LAST EVENT_CHUNK_ID* EVENT_TIMESTAMP* EVENT_SCORE* RING_MISS_COUNT* CHUNK_OVERFLOW}]
/home/work1/Works/AI-Trigger-System/HDL/constraints/ai_trigger_ooc.xdc (Line: 30)
Related violations: <none>

XDCH-2#175 Warning
Same min and max delay values on IO port  
The same output delay of 0.000 ns has been defined on port 'EVENT_DATA[108]' relative to clock CLK_ADC for both max and min. Make sure this reflects the design intent.
set_output_delay -clock [get_clocks CLK_ADC] 0.000 [get_ports -quiet {EVENT_VALID EVENT_DATA* EVENT_LAST EVENT_CHUNK_ID* EVENT_TIMESTAMP* EVENT_SCORE* RING_MISS_COUNT* CHUNK_OVERFLOW}]
/home/work1/Works/AI-Trigger-System/HDL/constraints/ai_trigger_ooc.xdc (Line: 30)
Related violations: <none>

XDCH-2#176 Warning
Same min and max delay values on IO port  
The same output delay of 0.000 ns has been defined on port 'EVENT_DATA[109]' relative to clock CLK_ADC for both max and min. Make sure this reflects the design intent.
set_output_delay -clock [get_clocks CLK_ADC] 0.000 [get_ports -quiet {EVENT_VALID EVENT_DATA* EVENT_LAST EVENT_CHUNK_ID* EVENT_TIMESTAMP* EVENT_SCORE* RING_MISS_COUNT* CHUNK_OVERFLOW}]
/home/work1/Works/AI-Trigger-System/HDL/constraints/ai_trigger_ooc.xdc (Line: 30)
Related violations: <none>

XDCH-2#177 Warning
Same min and max delay values on IO port  
The same output delay of 0.000 ns has been defined on port 'EVENT_DATA[10]' relative to clock CLK_ADC for both max and min. Make sure this reflects the design intent.
set_output_delay -clock [get_clocks CLK_ADC] 0.000 [get_ports -quiet {EVENT_VALID EVENT_DATA* EVENT_LAST EVENT_CHUNK_ID* EVENT_TIMESTAMP* EVENT_SCORE* RING_MISS_COUNT* CHUNK_OVERFLOW}]
/home/work1/Works/AI-Trigger-System/HDL/constraints/ai_trigger_ooc.xdc (Line: 30)
Related violations: <none>

XDCH-2#178 Warning
Same min and max delay values on IO port  
The same output delay of 0.000 ns has been defined on port 'EVENT_DATA[110]' relative to clock CLK_ADC for both max and min. Make sure this reflects the design intent.
set_output_delay -clock [get_clocks CLK_ADC] 0.000 [get_ports -quiet {EVENT_VALID EVENT_DATA* EVENT_LAST EVENT_CHUNK_ID* EVENT_TIMESTAMP* EVENT_SCORE* RING_MISS_COUNT* CHUNK_OVERFLOW}]
/home/work1/Works/AI-Trigger-System/HDL/constraints/ai_trigger_ooc.xdc (Line: 30)
Related violations: <none>

XDCH-2#179 Warning
Same min and max delay values on IO port  
The same output delay of 0.000 ns has been defined on port 'EVENT_DATA[111]' relative to clock CLK_ADC for both max and min. Make sure this reflects the design intent.
set_output_delay -clock [get_clocks CLK_ADC] 0.000 [get_ports -quiet {EVENT_VALID EVENT_DATA* EVENT_LAST EVENT_CHUNK_ID* EVENT_TIMESTAMP* EVENT_SCORE* RING_MISS_COUNT* CHUNK_OVERFLOW}]
/home/work1/Works/AI-Trigger-System/HDL/constraints/ai_trigger_ooc.xdc (Line: 30)
Related violations: <none>

XDCH-2#180 Warning
Same min and max delay values on IO port  
The same output delay of 0.000 ns has been defined on port 'EVENT_DATA[112]' relative to clock CLK_ADC for both max and min. Make sure this reflects the design intent.
set_output_delay -clock [get_clocks CLK_ADC] 0.000 [get_ports -quiet {EVENT_VALID EVENT_DATA* EVENT_LAST EVENT_CHUNK_ID* EVENT_TIMESTAMP* EVENT_SCORE* RING_MISS_COUNT* CHUNK_OVERFLOW}]
/home/work1/Works/AI-Trigger-System/HDL/constraints/ai_trigger_ooc.xdc (Line: 30)
Related violations: <none>

XDCH-2#181 Warning
Same min and max delay values on IO port  
The same output delay of 0.000 ns has been defined on port 'EVENT_DATA[113]' relative to clock CLK_ADC for both max and min. Make sure this reflects the design intent.
set_output_delay -clock [get_clocks CLK_ADC] 0.000 [get_ports -quiet {EVENT_VALID EVENT_DATA* EVENT_LAST EVENT_CHUNK_ID* EVENT_TIMESTAMP* EVENT_SCORE* RING_MISS_COUNT* CHUNK_OVERFLOW}]
/home/work1/Works/AI-Trigger-System/HDL/constraints/ai_trigger_ooc.xdc (Line: 30)
Related violations: <none>

XDCH-2#182 Warning
Same min and max delay values on IO port  
The same output delay of 0.000 ns has been defined on port 'EVENT_DATA[114]' relative to clock CLK_ADC for both max and min. Make sure this reflects the design intent.
set_output_delay -clock [get_clocks CLK_ADC] 0.000 [get_ports -quiet {EVENT_VALID EVENT_DATA* EVENT_LAST EVENT_CHUNK_ID* EVENT_TIMESTAMP* EVENT_SCORE* RING_MISS_COUNT* CHUNK_OVERFLOW}]
/home/work1/Works/AI-Trigger-System/HDL/constraints/ai_trigger_ooc.xdc (Line: 30)
Related violations: <none>

XDCH-2#183 Warning
Same min and max delay values on IO port  
The same output delay of 0.000 ns has been defined on port 'EVENT_DATA[115]' relative to clock CLK_ADC for both max and min. Make sure this reflects the design intent.
set_output_delay -clock [get_clocks CLK_ADC] 0.000 [get_ports -quiet {EVENT_VALID EVENT_DATA* EVENT_LAST EVENT_CHUNK_ID* EVENT_TIMESTAMP* EVENT_SCORE* RING_MISS_COUNT* CHUNK_OVERFLOW}]
/home/work1/Works/AI-Trigger-System/HDL/constraints/ai_trigger_ooc.xdc (Line: 30)
Related violations: <none>

XDCH-2#184 Warning
Same min and max delay values on IO port  
The same output delay of 0.000 ns has been defined on port 'EVENT_DATA[116]' relative to clock CLK_ADC for both max and min. Make sure this reflects the design intent.
set_output_delay -clock [get_clocks CLK_ADC] 0.000 [get_ports -quiet {EVENT_VALID EVENT_DATA* EVENT_LAST EVENT_CHUNK_ID* EVENT_TIMESTAMP* EVENT_SCORE* RING_MISS_COUNT* CHUNK_OVERFLOW}]
/home/work1/Works/AI-Trigger-System/HDL/constraints/ai_trigger_ooc.xdc (Line: 30)
Related violations: <none>

XDCH-2#185 Warning
Same min and max delay values on IO port  
The same output delay of 0.000 ns has been defined on port 'EVENT_DATA[117]' relative to clock CLK_ADC for both max and min. Make sure this reflects the design intent.
set_output_delay -clock [get_clocks CLK_ADC] 0.000 [get_ports -quiet {EVENT_VALID EVENT_DATA* EVENT_LAST EVENT_CHUNK_ID* EVENT_TIMESTAMP* EVENT_SCORE* RING_MISS_COUNT* CHUNK_OVERFLOW}]
/home/work1/Works/AI-Trigger-System/HDL/constraints/ai_trigger_ooc.xdc (Line: 30)
Related violations: <none>

XDCH-2#186 Warning
Same min and max delay values on IO port  
The same output delay of 0.000 ns has been defined on port 'EVENT_DATA[118]' relative to clock CLK_ADC for both max and min. Make sure this reflects the design intent.
set_output_delay -clock [get_clocks CLK_ADC] 0.000 [get_ports -quiet {EVENT_VALID EVENT_DATA* EVENT_LAST EVENT_CHUNK_ID* EVENT_TIMESTAMP* EVENT_SCORE* RING_MISS_COUNT* CHUNK_OVERFLOW}]
/home/work1/Works/AI-Trigger-System/HDL/constraints/ai_trigger_ooc.xdc (Line: 30)
Related violations: <none>

XDCH-2#187 Warning
Same min and max delay values on IO port  
The same output delay of 0.000 ns has been defined on port 'EVENT_DATA[119]' relative to clock CLK_ADC for both max and min. Make sure this reflects the design intent.
set_output_delay -clock [get_clocks CLK_ADC] 0.000 [get_ports -quiet {EVENT_VALID EVENT_DATA* EVENT_LAST EVENT_CHUNK_ID* EVENT_TIMESTAMP* EVENT_SCORE* RING_MISS_COUNT* CHUNK_OVERFLOW}]
/home/work1/Works/AI-Trigger-System/HDL/constraints/ai_trigger_ooc.xdc (Line: 30)
Related violations: <none>

XDCH-2#188 Warning
Same min and max delay values on IO port  
The same output delay of 0.000 ns has been defined on port 'EVENT_DATA[11]' relative to clock CLK_ADC for both max and min. Make sure this reflects the design intent.
set_output_delay -clock [get_clocks CLK_ADC] 0.000 [get_ports -quiet {EVENT_VALID EVENT_DATA* EVENT_LAST EVENT_CHUNK_ID* EVENT_TIMESTAMP* EVENT_SCORE* RING_MISS_COUNT* CHUNK_OVERFLOW}]
/home/work1/Works/AI-Trigger-System/HDL/constraints/ai_trigger_ooc.xdc (Line: 30)
Related violations: <none>

XDCH-2#189 Warning
Same min and max delay values on IO port  
The same output delay of 0.000 ns has been defined on port 'EVENT_DATA[120]' relative to clock CLK_ADC for both max and min. Make sure this reflects the design intent.
set_output_delay -clock [get_clocks CLK_ADC] 0.000 [get_ports -quiet {EVENT_VALID EVENT_DATA* EVENT_LAST EVENT_CHUNK_ID* EVENT_TIMESTAMP* EVENT_SCORE* RING_MISS_COUNT* CHUNK_OVERFLOW}]
/home/work1/Works/AI-Trigger-System/HDL/constraints/ai_trigger_ooc.xdc (Line: 30)
Related violations: <none>

XDCH-2#190 Warning
Same min and max delay values on IO port  
The same output delay of 0.000 ns has been defined on port 'EVENT_DATA[121]' relative to clock CLK_ADC for both max and min. Make sure this reflects the design intent.
set_output_delay -clock [get_clocks CLK_ADC] 0.000 [get_ports -quiet {EVENT_VALID EVENT_DATA* EVENT_LAST EVENT_CHUNK_ID* EVENT_TIMESTAMP* EVENT_SCORE* RING_MISS_COUNT* CHUNK_OVERFLOW}]
/home/work1/Works/AI-Trigger-System/HDL/constraints/ai_trigger_ooc.xdc (Line: 30)
Related violations: <none>

XDCH-2#191 Warning
Same min and max delay values on IO port  
The same output delay of 0.000 ns has been defined on port 'EVENT_DATA[122]' relative to clock CLK_ADC for both max and min. Make sure this reflects the design intent.
set_output_delay -clock [get_clocks CLK_ADC] 0.000 [get_ports -quiet {EVENT_VALID EVENT_DATA* EVENT_LAST EVENT_CHUNK_ID* EVENT_TIMESTAMP* EVENT_SCORE* RING_MISS_COUNT* CHUNK_OVERFLOW}]
/home/work1/Works/AI-Trigger-System/HDL/constraints/ai_trigger_ooc.xdc (Line: 30)
Related violations: <none>

XDCH-2#192 Warning
Same min and max delay values on IO port  
The same output delay of 0.000 ns has been defined on port 'EVENT_DATA[123]' relative to clock CLK_ADC for both max and min. Make sure this reflects the design intent.
set_output_delay -clock [get_clocks CLK_ADC] 0.000 [get_ports -quiet {EVENT_VALID EVENT_DATA* EVENT_LAST EVENT_CHUNK_ID* EVENT_TIMESTAMP* EVENT_SCORE* RING_MISS_COUNT* CHUNK_OVERFLOW}]
/home/work1/Works/AI-Trigger-System/HDL/constraints/ai_trigger_ooc.xdc (Line: 30)
Related violations: <none>

XDCH-2#193 Warning
Same min and max delay values on IO port  
The same output delay of 0.000 ns has been defined on port 'EVENT_DATA[124]' relative to clock CLK_ADC for both max and min. Make sure this reflects the design intent.
set_output_delay -clock [get_clocks CLK_ADC] 0.000 [get_ports -quiet {EVENT_VALID EVENT_DATA* EVENT_LAST EVENT_CHUNK_ID* EVENT_TIMESTAMP* EVENT_SCORE* RING_MISS_COUNT* CHUNK_OVERFLOW}]
/home/work1/Works/AI-Trigger-System/HDL/constraints/ai_trigger_ooc.xdc (Line: 30)
Related violations: <none>

XDCH-2#194 Warning
Same min and max delay values on IO port  
The same output delay of 0.000 ns has been defined on port 'EVENT_DATA[125]' relative to clock CLK_ADC for both max and min. Make sure this reflects the design intent.
set_output_delay -clock [get_clocks CLK_ADC] 0.000 [get_ports -quiet {EVENT_VALID EVENT_DATA* EVENT_LAST EVENT_CHUNK_ID* EVENT_TIMESTAMP* EVENT_SCORE* RING_MISS_COUNT* CHUNK_OVERFLOW}]
/home/work1/Works/AI-Trigger-System/HDL/constraints/ai_trigger_ooc.xdc (Line: 30)
Related violations: <none>

XDCH-2#195 Warning
Same min and max delay values on IO port  
The same output delay of 0.000 ns has been defined on port 'EVENT_DATA[126]' relative to clock CLK_ADC for both max and min. Make sure this reflects the design intent.
set_output_delay -clock [get_clocks CLK_ADC] 0.000 [get_ports -quiet {EVENT_VALID EVENT_DATA* EVENT_LAST EVENT_CHUNK_ID* EVENT_TIMESTAMP* EVENT_SCORE* RING_MISS_COUNT* CHUNK_OVERFLOW}]
/home/work1/Works/AI-Trigger-System/HDL/constraints/ai_trigger_ooc.xdc (Line: 30)
Related violations: <none>

XDCH-2#196 Warning
Same min and max delay values on IO port  
The same output delay of 0.000 ns has been defined on port 'EVENT_DATA[127]' relative to clock CLK_ADC for both max and min. Make sure this reflects the design intent.
set_output_delay -clock [get_clocks CLK_ADC] 0.000 [get_ports -quiet {EVENT_VALID EVENT_DATA* EVENT_LAST EVENT_CHUNK_ID* EVENT_TIMESTAMP* EVENT_SCORE* RING_MISS_COUNT* CHUNK_OVERFLOW}]
/home/work1/Works/AI-Trigger-System/HDL/constraints/ai_trigger_ooc.xdc (Line: 30)
Related violations: <none>

XDCH-2#197 Warning
Same min and max delay values on IO port  
The same output delay of 0.000 ns has been defined on port 'EVENT_DATA[128]' relative to clock CLK_ADC for both max and min. Make sure this reflects the design intent.
set_output_delay -clock [get_clocks CLK_ADC] 0.000 [get_ports -quiet {EVENT_VALID EVENT_DATA* EVENT_LAST EVENT_CHUNK_ID* EVENT_TIMESTAMP* EVENT_SCORE* RING_MISS_COUNT* CHUNK_OVERFLOW}]
/home/work1/Works/AI-Trigger-System/HDL/constraints/ai_trigger_ooc.xdc (Line: 30)
Related violations: <none>

XDCH-2#198 Warning
Same min and max delay values on IO port  
The same output delay of 0.000 ns has been defined on port 'EVENT_DATA[129]' relative to clock CLK_ADC for both max and min. Make sure this reflects the design intent.
set_output_delay -clock [get_clocks CLK_ADC] 0.000 [get_ports -quiet {EVENT_VALID EVENT_DATA* EVENT_LAST EVENT_CHUNK_ID* EVENT_TIMESTAMP* EVENT_SCORE* RING_MISS_COUNT* CHUNK_OVERFLOW}]
/home/work1/Works/AI-Trigger-System/HDL/constraints/ai_trigger_ooc.xdc (Line: 30)
Related violations: <none>

XDCH-2#199 Warning
Same min and max delay values on IO port  
The same output delay of 0.000 ns has been defined on port 'EVENT_DATA[12]' relative to clock CLK_ADC for both max and min. Make sure this reflects the design intent.
set_output_delay -clock [get_clocks CLK_ADC] 0.000 [get_ports -quiet {EVENT_VALID EVENT_DATA* EVENT_LAST EVENT_CHUNK_ID* EVENT_TIMESTAMP* EVENT_SCORE* RING_MISS_COUNT* CHUNK_OVERFLOW}]
/home/work1/Works/AI-Trigger-System/HDL/constraints/ai_trigger_ooc.xdc (Line: 30)
Related violations: <none>

XDCH-2#200 Warning
Same min and max delay values on IO port  
The same output delay of 0.000 ns has been defined on port 'EVENT_DATA[130]' relative to clock CLK_ADC for both max and min. Make sure this reflects the design intent.
set_output_delay -clock [get_clocks CLK_ADC] 0.000 [get_ports -quiet {EVENT_VALID EVENT_DATA* EVENT_LAST EVENT_CHUNK_ID* EVENT_TIMESTAMP* EVENT_SCORE* RING_MISS_COUNT* CHUNK_OVERFLOW}]
/home/work1/Works/AI-Trigger-System/HDL/constraints/ai_trigger_ooc.xdc (Line: 30)
Related violations: <none>

XDCH-2#201 Warning
Same min and max delay values on IO port  
The same output delay of 0.000 ns has been defined on port 'EVENT_DATA[131]' relative to clock CLK_ADC for both max and min. Make sure this reflects the design intent.
set_output_delay -clock [get_clocks CLK_ADC] 0.000 [get_ports -quiet {EVENT_VALID EVENT_DATA* EVENT_LAST EVENT_CHUNK_ID* EVENT_TIMESTAMP* EVENT_SCORE* RING_MISS_COUNT* CHUNK_OVERFLOW}]
/home/work1/Works/AI-Trigger-System/HDL/constraints/ai_trigger_ooc.xdc (Line: 30)
Related violations: <none>

XDCH-2#202 Warning
Same min and max delay values on IO port  
The same output delay of 0.000 ns has been defined on port 'EVENT_DATA[132]' relative to clock CLK_ADC for both max and min. Make sure this reflects the design intent.
set_output_delay -clock [get_clocks CLK_ADC] 0.000 [get_ports -quiet {EVENT_VALID EVENT_DATA* EVENT_LAST EVENT_CHUNK_ID* EVENT_TIMESTAMP* EVENT_SCORE* RING_MISS_COUNT* CHUNK_OVERFLOW}]
/home/work1/Works/AI-Trigger-System/HDL/constraints/ai_trigger_ooc.xdc (Line: 30)
Related violations: <none>

XDCH-2#203 Warning
Same min and max delay values on IO port  
The same output delay of 0.000 ns has been defined on port 'EVENT_DATA[133]' relative to clock CLK_ADC for both max and min. Make sure this reflects the design intent.
set_output_delay -clock [get_clocks CLK_ADC] 0.000 [get_ports -quiet {EVENT_VALID EVENT_DATA* EVENT_LAST EVENT_CHUNK_ID* EVENT_TIMESTAMP* EVENT_SCORE* RING_MISS_COUNT* CHUNK_OVERFLOW}]
/home/work1/Works/AI-Trigger-System/HDL/constraints/ai_trigger_ooc.xdc (Line: 30)
Related violations: <none>

XDCH-2#204 Warning
Same min and max delay values on IO port  
The same output delay of 0.000 ns has been defined on port 'EVENT_DATA[134]' relative to clock CLK_ADC for both max and min. Make sure this reflects the design intent.
set_output_delay -clock [get_clocks CLK_ADC] 0.000 [get_ports -quiet {EVENT_VALID EVENT_DATA* EVENT_LAST EVENT_CHUNK_ID* EVENT_TIMESTAMP* EVENT_SCORE* RING_MISS_COUNT* CHUNK_OVERFLOW}]
/home/work1/Works/AI-Trigger-System/HDL/constraints/ai_trigger_ooc.xdc (Line: 30)
Related violations: <none>

XDCH-2#205 Warning
Same min and max delay values on IO port  
The same output delay of 0.000 ns has been defined on port 'EVENT_DATA[135]' relative to clock CLK_ADC for both max and min. Make sure this reflects the design intent.
set_output_delay -clock [get_clocks CLK_ADC] 0.000 [get_ports -quiet {EVENT_VALID EVENT_DATA* EVENT_LAST EVENT_CHUNK_ID* EVENT_TIMESTAMP* EVENT_SCORE* RING_MISS_COUNT* CHUNK_OVERFLOW}]
/home/work1/Works/AI-Trigger-System/HDL/constraints/ai_trigger_ooc.xdc (Line: 30)
Related violations: <none>

XDCH-2#206 Warning
Same min and max delay values on IO port  
The same output delay of 0.000 ns has been defined on port 'EVENT_DATA[136]' relative to clock CLK_ADC for both max and min. Make sure this reflects the design intent.
set_output_delay -clock [get_clocks CLK_ADC] 0.000 [get_ports -quiet {EVENT_VALID EVENT_DATA* EVENT_LAST EVENT_CHUNK_ID* EVENT_TIMESTAMP* EVENT_SCORE* RING_MISS_COUNT* CHUNK_OVERFLOW}]
/home/work1/Works/AI-Trigger-System/HDL/constraints/ai_trigger_ooc.xdc (Line: 30)
Related violations: <none>

XDCH-2#207 Warning
Same min and max delay values on IO port  
The same output delay of 0.000 ns has been defined on port 'EVENT_DATA[137]' relative to clock CLK_ADC for both max and min. Make sure this reflects the design intent.
set_output_delay -clock [get_clocks CLK_ADC] 0.000 [get_ports -quiet {EVENT_VALID EVENT_DATA* EVENT_LAST EVENT_CHUNK_ID* EVENT_TIMESTAMP* EVENT_SCORE* RING_MISS_COUNT* CHUNK_OVERFLOW}]
/home/work1/Works/AI-Trigger-System/HDL/constraints/ai_trigger_ooc.xdc (Line: 30)
Related violations: <none>

XDCH-2#208 Warning
Same min and max delay values on IO port  
The same output delay of 0.000 ns has been defined on port 'EVENT_DATA[138]' relative to clock CLK_ADC for both max and min. Make sure this reflects the design intent.
set_output_delay -clock [get_clocks CLK_ADC] 0.000 [get_ports -quiet {EVENT_VALID EVENT_DATA* EVENT_LAST EVENT_CHUNK_ID* EVENT_TIMESTAMP* EVENT_SCORE* RING_MISS_COUNT* CHUNK_OVERFLOW}]
/home/work1/Works/AI-Trigger-System/HDL/constraints/ai_trigger_ooc.xdc (Line: 30)
Related violations: <none>

XDCH-2#209 Warning
Same min and max delay values on IO port  
The same output delay of 0.000 ns has been defined on port 'EVENT_DATA[139]' relative to clock CLK_ADC for both max and min. Make sure this reflects the design intent.
set_output_delay -clock [get_clocks CLK_ADC] 0.000 [get_ports -quiet {EVENT_VALID EVENT_DATA* EVENT_LAST EVENT_CHUNK_ID* EVENT_TIMESTAMP* EVENT_SCORE* RING_MISS_COUNT* CHUNK_OVERFLOW}]
/home/work1/Works/AI-Trigger-System/HDL/constraints/ai_trigger_ooc.xdc (Line: 30)
Related violations: <none>

XDCH-2#210 Warning
Same min and max delay values on IO port  
The same output delay of 0.000 ns has been defined on port 'EVENT_DATA[13]' relative to clock CLK_ADC for both max and min. Make sure this reflects the design intent.
set_output_delay -clock [get_clocks CLK_ADC] 0.000 [get_ports -quiet {EVENT_VALID EVENT_DATA* EVENT_LAST EVENT_CHUNK_ID* EVENT_TIMESTAMP* EVENT_SCORE* RING_MISS_COUNT* CHUNK_OVERFLOW}]
/home/work1/Works/AI-Trigger-System/HDL/constraints/ai_trigger_ooc.xdc (Line: 30)
Related violations: <none>

XDCH-2#211 Warning
Same min and max delay values on IO port  
The same output delay of 0.000 ns has been defined on port 'EVENT_DATA[140]' relative to clock CLK_ADC for both max and min. Make sure this reflects the design intent.
set_output_delay -clock [get_clocks CLK_ADC] 0.000 [get_ports -quiet {EVENT_VALID EVENT_DATA* EVENT_LAST EVENT_CHUNK_ID* EVENT_TIMESTAMP* EVENT_SCORE* RING_MISS_COUNT* CHUNK_OVERFLOW}]
/home/work1/Works/AI-Trigger-System/HDL/constraints/ai_trigger_ooc.xdc (Line: 30)
Related violations: <none>

XDCH-2#212 Warning
Same min and max delay values on IO port  
The same output delay of 0.000 ns has been defined on port 'EVENT_DATA[141]' relative to clock CLK_ADC for both max and min. Make sure this reflects the design intent.
set_output_delay -clock [get_clocks CLK_ADC] 0.000 [get_ports -quiet {EVENT_VALID EVENT_DATA* EVENT_LAST EVENT_CHUNK_ID* EVENT_TIMESTAMP* EVENT_SCORE* RING_MISS_COUNT* CHUNK_OVERFLOW}]
/home/work1/Works/AI-Trigger-System/HDL/constraints/ai_trigger_ooc.xdc (Line: 30)
Related violations: <none>

XDCH-2#213 Warning
Same min and max delay values on IO port  
The same output delay of 0.000 ns has been defined on port 'EVENT_DATA[142]' relative to clock CLK_ADC for both max and min. Make sure this reflects the design intent.
set_output_delay -clock [get_clocks CLK_ADC] 0.000 [get_ports -quiet {EVENT_VALID EVENT_DATA* EVENT_LAST EVENT_CHUNK_ID* EVENT_TIMESTAMP* EVENT_SCORE* RING_MISS_COUNT* CHUNK_OVERFLOW}]
/home/work1/Works/AI-Trigger-System/HDL/constraints/ai_trigger_ooc.xdc (Line: 30)
Related violations: <none>

XDCH-2#214 Warning
Same min and max delay values on IO port  
The same output delay of 0.000 ns has been defined on port 'EVENT_DATA[143]' relative to clock CLK_ADC for both max and min. Make sure this reflects the design intent.
set_output_delay -clock [get_clocks CLK_ADC] 0.000 [get_ports -quiet {EVENT_VALID EVENT_DATA* EVENT_LAST EVENT_CHUNK_ID* EVENT_TIMESTAMP* EVENT_SCORE* RING_MISS_COUNT* CHUNK_OVERFLOW}]
/home/work1/Works/AI-Trigger-System/HDL/constraints/ai_trigger_ooc.xdc (Line: 30)
Related violations: <none>

XDCH-2#215 Warning
Same min and max delay values on IO port  
The same output delay of 0.000 ns has been defined on port 'EVENT_DATA[144]' relative to clock CLK_ADC for both max and min. Make sure this reflects the design intent.
set_output_delay -clock [get_clocks CLK_ADC] 0.000 [get_ports -quiet {EVENT_VALID EVENT_DATA* EVENT_LAST EVENT_CHUNK_ID* EVENT_TIMESTAMP* EVENT_SCORE* RING_MISS_COUNT* CHUNK_OVERFLOW}]
/home/work1/Works/AI-Trigger-System/HDL/constraints/ai_trigger_ooc.xdc (Line: 30)
Related violations: <none>

XDCH-2#216 Warning
Same min and max delay values on IO port  
The same output delay of 0.000 ns has been defined on port 'EVENT_DATA[145]' relative to clock CLK_ADC for both max and min. Make sure this reflects the design intent.
set_output_delay -clock [get_clocks CLK_ADC] 0.000 [get_ports -quiet {EVENT_VALID EVENT_DATA* EVENT_LAST EVENT_CHUNK_ID* EVENT_TIMESTAMP* EVENT_SCORE* RING_MISS_COUNT* CHUNK_OVERFLOW}]
/home/work1/Works/AI-Trigger-System/HDL/constraints/ai_trigger_ooc.xdc (Line: 30)
Related violations: <none>

XDCH-2#217 Warning
Same min and max delay values on IO port  
The same output delay of 0.000 ns has been defined on port 'EVENT_DATA[146]' relative to clock CLK_ADC for both max and min. Make sure this reflects the design intent.
set_output_delay -clock [get_clocks CLK_ADC] 0.000 [get_ports -quiet {EVENT_VALID EVENT_DATA* EVENT_LAST EVENT_CHUNK_ID* EVENT_TIMESTAMP* EVENT_SCORE* RING_MISS_COUNT* CHUNK_OVERFLOW}]
/home/work1/Works/AI-Trigger-System/HDL/constraints/ai_trigger_ooc.xdc (Line: 30)
Related violations: <none>

XDCH-2#218 Warning
Same min and max delay values on IO port  
The same output delay of 0.000 ns has been defined on port 'EVENT_DATA[147]' relative to clock CLK_ADC for both max and min. Make sure this reflects the design intent.
set_output_delay -clock [get_clocks CLK_ADC] 0.000 [get_ports -quiet {EVENT_VALID EVENT_DATA* EVENT_LAST EVENT_CHUNK_ID* EVENT_TIMESTAMP* EVENT_SCORE* RING_MISS_COUNT* CHUNK_OVERFLOW}]
/home/work1/Works/AI-Trigger-System/HDL/constraints/ai_trigger_ooc.xdc (Line: 30)
Related violations: <none>

XDCH-2#219 Warning
Same min and max delay values on IO port  
The same output delay of 0.000 ns has been defined on port 'EVENT_DATA[148]' relative to clock CLK_ADC for both max and min. Make sure this reflects the design intent.
set_output_delay -clock [get_clocks CLK_ADC] 0.000 [get_ports -quiet {EVENT_VALID EVENT_DATA* EVENT_LAST EVENT_CHUNK_ID* EVENT_TIMESTAMP* EVENT_SCORE* RING_MISS_COUNT* CHUNK_OVERFLOW}]
/home/work1/Works/AI-Trigger-System/HDL/constraints/ai_trigger_ooc.xdc (Line: 30)
Related violations: <none>

XDCH-2#220 Warning
Same min and max delay values on IO port  
The same output delay of 0.000 ns has been defined on port 'EVENT_DATA[149]' relative to clock CLK_ADC for both max and min. Make sure this reflects the design intent.
set_output_delay -clock [get_clocks CLK_ADC] 0.000 [get_ports -quiet {EVENT_VALID EVENT_DATA* EVENT_LAST EVENT_CHUNK_ID* EVENT_TIMESTAMP* EVENT_SCORE* RING_MISS_COUNT* CHUNK_OVERFLOW}]
/home/work1/Works/AI-Trigger-System/HDL/constraints/ai_trigger_ooc.xdc (Line: 30)
Related violations: <none>

XDCH-2#221 Warning
Same min and max delay values on IO port  
The same output delay of 0.000 ns has been defined on port 'EVENT_DATA[14]' relative to clock CLK_ADC for both max and min. Make sure this reflects the design intent.
set_output_delay -clock [get_clocks CLK_ADC] 0.000 [get_ports -quiet {EVENT_VALID EVENT_DATA* EVENT_LAST EVENT_CHUNK_ID* EVENT_TIMESTAMP* EVENT_SCORE* RING_MISS_COUNT* CHUNK_OVERFLOW}]
/home/work1/Works/AI-Trigger-System/HDL/constraints/ai_trigger_ooc.xdc (Line: 30)
Related violations: <none>

XDCH-2#222 Warning
Same min and max delay values on IO port  
The same output delay of 0.000 ns has been defined on port 'EVENT_DATA[150]' relative to clock CLK_ADC for both max and min. Make sure this reflects the design intent.
set_output_delay -clock [get_clocks CLK_ADC] 0.000 [get_ports -quiet {EVENT_VALID EVENT_DATA* EVENT_LAST EVENT_CHUNK_ID* EVENT_TIMESTAMP* EVENT_SCORE* RING_MISS_COUNT* CHUNK_OVERFLOW}]
/home/work1/Works/AI-Trigger-System/HDL/constraints/ai_trigger_ooc.xdc (Line: 30)
Related violations: <none>

XDCH-2#223 Warning
Same min and max delay values on IO port  
The same output delay of 0.000 ns has been defined on port 'EVENT_DATA[151]' relative to clock CLK_ADC for both max and min. Make sure this reflects the design intent.
set_output_delay -clock [get_clocks CLK_ADC] 0.000 [get_ports -quiet {EVENT_VALID EVENT_DATA* EVENT_LAST EVENT_CHUNK_ID* EVENT_TIMESTAMP* EVENT_SCORE* RING_MISS_COUNT* CHUNK_OVERFLOW}]
/home/work1/Works/AI-Trigger-System/HDL/constraints/ai_trigger_ooc.xdc (Line: 30)
Related violations: <none>

XDCH-2#224 Warning
Same min and max delay values on IO port  
The same output delay of 0.000 ns has been defined on port 'EVENT_DATA[152]' relative to clock CLK_ADC for both max and min. Make sure this reflects the design intent.
set_output_delay -clock [get_clocks CLK_ADC] 0.000 [get_ports -quiet {EVENT_VALID EVENT_DATA* EVENT_LAST EVENT_CHUNK_ID* EVENT_TIMESTAMP* EVENT_SCORE* RING_MISS_COUNT* CHUNK_OVERFLOW}]
/home/work1/Works/AI-Trigger-System/HDL/constraints/ai_trigger_ooc.xdc (Line: 30)
Related violations: <none>

XDCH-2#225 Warning
Same min and max delay values on IO port  
The same output delay of 0.000 ns has been defined on port 'EVENT_DATA[153]' relative to clock CLK_ADC for both max and min. Make sure this reflects the design intent.
set_output_delay -clock [get_clocks CLK_ADC] 0.000 [get_ports -quiet {EVENT_VALID EVENT_DATA* EVENT_LAST EVENT_CHUNK_ID* EVENT_TIMESTAMP* EVENT_SCORE* RING_MISS_COUNT* CHUNK_OVERFLOW}]
/home/work1/Works/AI-Trigger-System/HDL/constraints/ai_trigger_ooc.xdc (Line: 30)
Related violations: <none>

XDCH-2#226 Warning
Same min and max delay values on IO port  
The same output delay of 0.000 ns has been defined on port 'EVENT_DATA[154]' relative to clock CLK_ADC for both max and min. Make sure this reflects the design intent.
set_output_delay -clock [get_clocks CLK_ADC] 0.000 [get_ports -quiet {EVENT_VALID EVENT_DATA* EVENT_LAST EVENT_CHUNK_ID* EVENT_TIMESTAMP* EVENT_SCORE* RING_MISS_COUNT* CHUNK_OVERFLOW}]
/home/work1/Works/AI-Trigger-System/HDL/constraints/ai_trigger_ooc.xdc (Line: 30)
Related violations: <none>

XDCH-2#227 Warning
Same min and max delay values on IO port  
The same output delay of 0.000 ns has been defined on port 'EVENT_DATA[155]' relative to clock CLK_ADC for both max and min. Make sure this reflects the design intent.
set_output_delay -clock [get_clocks CLK_ADC] 0.000 [get_ports -quiet {EVENT_VALID EVENT_DATA* EVENT_LAST EVENT_CHUNK_ID* EVENT_TIMESTAMP* EVENT_SCORE* RING_MISS_COUNT* CHUNK_OVERFLOW}]
/home/work1/Works/AI-Trigger-System/HDL/constraints/ai_trigger_ooc.xdc (Line: 30)
Related violations: <none>

XDCH-2#228 Warning
Same min and max delay values on IO port  
The same output delay of 0.000 ns has been defined on port 'EVENT_DATA[156]' relative to clock CLK_ADC for both max and min. Make sure this reflects the design intent.
set_output_delay -clock [get_clocks CLK_ADC] 0.000 [get_ports -quiet {EVENT_VALID EVENT_DATA* EVENT_LAST EVENT_CHUNK_ID* EVENT_TIMESTAMP* EVENT_SCORE* RING_MISS_COUNT* CHUNK_OVERFLOW}]
/home/work1/Works/AI-Trigger-System/HDL/constraints/ai_trigger_ooc.xdc (Line: 30)
Related violations: <none>

XDCH-2#229 Warning
Same min and max delay values on IO port  
The same output delay of 0.000 ns has been defined on port 'EVENT_DATA[157]' relative to clock CLK_ADC for both max and min. Make sure this reflects the design intent.
set_output_delay -clock [get_clocks CLK_ADC] 0.000 [get_ports -quiet {EVENT_VALID EVENT_DATA* EVENT_LAST EVENT_CHUNK_ID* EVENT_TIMESTAMP* EVENT_SCORE* RING_MISS_COUNT* CHUNK_OVERFLOW}]
/home/work1/Works/AI-Trigger-System/HDL/constraints/ai_trigger_ooc.xdc (Line: 30)
Related violations: <none>

XDCH-2#230 Warning
Same min and max delay values on IO port  
The same output delay of 0.000 ns has been defined on port 'EVENT_DATA[158]' relative to clock CLK_ADC for both max and min. Make sure this reflects the design intent.
set_output_delay -clock [get_clocks CLK_ADC] 0.000 [get_ports -quiet {EVENT_VALID EVENT_DATA* EVENT_LAST EVENT_CHUNK_ID* EVENT_TIMESTAMP* EVENT_SCORE* RING_MISS_COUNT* CHUNK_OVERFLOW}]
/home/work1/Works/AI-Trigger-System/HDL/constraints/ai_trigger_ooc.xdc (Line: 30)
Related violations: <none>

XDCH-2#231 Warning
Same min and max delay values on IO port  
The same output delay of 0.000 ns has been defined on port 'EVENT_DATA[159]' relative to clock CLK_ADC for both max and min. Make sure this reflects the design intent.
set_output_delay -clock [get_clocks CLK_ADC] 0.000 [get_ports -quiet {EVENT_VALID EVENT_DATA* EVENT_LAST EVENT_CHUNK_ID* EVENT_TIMESTAMP* EVENT_SCORE* RING_MISS_COUNT* CHUNK_OVERFLOW}]
/home/work1/Works/AI-Trigger-System/HDL/constraints/ai_trigger_ooc.xdc (Line: 30)
Related violations: <none>

XDCH-2#232 Warning
Same min and max delay values on IO port  
The same output delay of 0.000 ns has been defined on port 'EVENT_DATA[15]' relative to clock CLK_ADC for both max and min. Make sure this reflects the design intent.
set_output_delay -clock [get_clocks CLK_ADC] 0.000 [get_ports -quiet {EVENT_VALID EVENT_DATA* EVENT_LAST EVENT_CHUNK_ID* EVENT_TIMESTAMP* EVENT_SCORE* RING_MISS_COUNT* CHUNK_OVERFLOW}]
/home/work1/Works/AI-Trigger-System/HDL/constraints/ai_trigger_ooc.xdc (Line: 30)
Related violations: <none>

XDCH-2#233 Warning
Same min and max delay values on IO port  
The same output delay of 0.000 ns has been defined on port 'EVENT_DATA[160]' relative to clock CLK_ADC for both max and min. Make sure this reflects the design intent.
set_output_delay -clock [get_clocks CLK_ADC] 0.000 [get_ports -quiet {EVENT_VALID EVENT_DATA* EVENT_LAST EVENT_CHUNK_ID* EVENT_TIMESTAMP* EVENT_SCORE* RING_MISS_COUNT* CHUNK_OVERFLOW}]
/home/work1/Works/AI-Trigger-System/HDL/constraints/ai_trigger_ooc.xdc (Line: 30)
Related violations: <none>

XDCH-2#234 Warning
Same min and max delay values on IO port  
The same output delay of 0.000 ns has been defined on port 'EVENT_DATA[161]' relative to clock CLK_ADC for both max and min. Make sure this reflects the design intent.
set_output_delay -clock [get_clocks CLK_ADC] 0.000 [get_ports -quiet {EVENT_VALID EVENT_DATA* EVENT_LAST EVENT_CHUNK_ID* EVENT_TIMESTAMP* EVENT_SCORE* RING_MISS_COUNT* CHUNK_OVERFLOW}]
/home/work1/Works/AI-Trigger-System/HDL/constraints/ai_trigger_ooc.xdc (Line: 30)
Related violations: <none>

XDCH-2#235 Warning
Same min and max delay values on IO port  
The same output delay of 0.000 ns has been defined on port 'EVENT_DATA[162]' relative to clock CLK_ADC for both max and min. Make sure this reflects the design intent.
set_output_delay -clock [get_clocks CLK_ADC] 0.000 [get_ports -quiet {EVENT_VALID EVENT_DATA* EVENT_LAST EVENT_CHUNK_ID* EVENT_TIMESTAMP* EVENT_SCORE* RING_MISS_COUNT* CHUNK_OVERFLOW}]
/home/work1/Works/AI-Trigger-System/HDL/constraints/ai_trigger_ooc.xdc (Line: 30)
Related violations: <none>

XDCH-2#236 Warning
Same min and max delay values on IO port  
The same output delay of 0.000 ns has been defined on port 'EVENT_DATA[163]' relative to clock CLK_ADC for both max and min. Make sure this reflects the design intent.
set_output_delay -clock [get_clocks CLK_ADC] 0.000 [get_ports -quiet {EVENT_VALID EVENT_DATA* EVENT_LAST EVENT_CHUNK_ID* EVENT_TIMESTAMP* EVENT_SCORE* RING_MISS_COUNT* CHUNK_OVERFLOW}]
/home/work1/Works/AI-Trigger-System/HDL/constraints/ai_trigger_ooc.xdc (Line: 30)
Related violations: <none>

XDCH-2#237 Warning
Same min and max delay values on IO port  
The same output delay of 0.000 ns has been defined on port 'EVENT_DATA[164]' relative to clock CLK_ADC for both max and min. Make sure this reflects the design intent.
set_output_delay -clock [get_clocks CLK_ADC] 0.000 [get_ports -quiet {EVENT_VALID EVENT_DATA* EVENT_LAST EVENT_CHUNK_ID* EVENT_TIMESTAMP* EVENT_SCORE* RING_MISS_COUNT* CHUNK_OVERFLOW}]
/home/work1/Works/AI-Trigger-System/HDL/constraints/ai_trigger_ooc.xdc (Line: 30)
Related violations: <none>

XDCH-2#238 Warning
Same min and max delay values on IO port  
The same output delay of 0.000 ns has been defined on port 'EVENT_DATA[165]' relative to clock CLK_ADC for both max and min. Make sure this reflects the design intent.
set_output_delay -clock [get_clocks CLK_ADC] 0.000 [get_ports -quiet {EVENT_VALID EVENT_DATA* EVENT_LAST EVENT_CHUNK_ID* EVENT_TIMESTAMP* EVENT_SCORE* RING_MISS_COUNT* CHUNK_OVERFLOW}]
/home/work1/Works/AI-Trigger-System/HDL/constraints/ai_trigger_ooc.xdc (Line: 30)
Related violations: <none>

XDCH-2#239 Warning
Same min and max delay values on IO port  
The same output delay of 0.000 ns has been defined on port 'EVENT_DATA[166]' relative to clock CLK_ADC for both max and min. Make sure this reflects the design intent.
set_output_delay -clock [get_clocks CLK_ADC] 0.000 [get_ports -quiet {EVENT_VALID EVENT_DATA* EVENT_LAST EVENT_CHUNK_ID* EVENT_TIMESTAMP* EVENT_SCORE* RING_MISS_COUNT* CHUNK_OVERFLOW}]
/home/work1/Works/AI-Trigger-System/HDL/constraints/ai_trigger_ooc.xdc (Line: 30)
Related violations: <none>

XDCH-2#240 Warning
Same min and max delay values on IO port  
The same output delay of 0.000 ns has been defined on port 'EVENT_DATA[167]' relative to clock CLK_ADC for both max and min. Make sure this reflects the design intent.
set_output_delay -clock [get_clocks CLK_ADC] 0.000 [get_ports -quiet {EVENT_VALID EVENT_DATA* EVENT_LAST EVENT_CHUNK_ID* EVENT_TIMESTAMP* EVENT_SCORE* RING_MISS_COUNT* CHUNK_OVERFLOW}]
/home/work1/Works/AI-Trigger-System/HDL/constraints/ai_trigger_ooc.xdc (Line: 30)
Related violations: <none>

XDCH-2#241 Warning
Same min and max delay values on IO port  
The same output delay of 0.000 ns has been defined on port 'EVENT_DATA[168]' relative to clock CLK_ADC for both max and min. Make sure this reflects the design intent.
set_output_delay -clock [get_clocks CLK_ADC] 0.000 [get_ports -quiet {EVENT_VALID EVENT_DATA* EVENT_LAST EVENT_CHUNK_ID* EVENT_TIMESTAMP* EVENT_SCORE* RING_MISS_COUNT* CHUNK_OVERFLOW}]
/home/work1/Works/AI-Trigger-System/HDL/constraints/ai_trigger_ooc.xdc (Line: 30)
Related violations: <none>

XDCH-2#242 Warning
Same min and max delay values on IO port  
The same output delay of 0.000 ns has been defined on port 'EVENT_DATA[169]' relative to clock CLK_ADC for both max and min. Make sure this reflects the design intent.
set_output_delay -clock [get_clocks CLK_ADC] 0.000 [get_ports -quiet {EVENT_VALID EVENT_DATA* EVENT_LAST EVENT_CHUNK_ID* EVENT_TIMESTAMP* EVENT_SCORE* RING_MISS_COUNT* CHUNK_OVERFLOW}]
/home/work1/Works/AI-Trigger-System/HDL/constraints/ai_trigger_ooc.xdc (Line: 30)
Related violations: <none>

XDCH-2#243 Warning
Same min and max delay values on IO port  
The same output delay of 0.000 ns has been defined on port 'EVENT_DATA[16]' relative to clock CLK_ADC for both max and min. Make sure this reflects the design intent.
set_output_delay -clock [get_clocks CLK_ADC] 0.000 [get_ports -quiet {EVENT_VALID EVENT_DATA* EVENT_LAST EVENT_CHUNK_ID* EVENT_TIMESTAMP* EVENT_SCORE* RING_MISS_COUNT* CHUNK_OVERFLOW}]
/home/work1/Works/AI-Trigger-System/HDL/constraints/ai_trigger_ooc.xdc (Line: 30)
Related violations: <none>

XDCH-2#244 Warning
Same min and max delay values on IO port  
The same output delay of 0.000 ns has been defined on port 'EVENT_DATA[170]' relative to clock CLK_ADC for both max and min. Make sure this reflects the design intent.
set_output_delay -clock [get_clocks CLK_ADC] 0.000 [get_ports -quiet {EVENT_VALID EVENT_DATA* EVENT_LAST EVENT_CHUNK_ID* EVENT_TIMESTAMP* EVENT_SCORE* RING_MISS_COUNT* CHUNK_OVERFLOW}]
/home/work1/Works/AI-Trigger-System/HDL/constraints/ai_trigger_ooc.xdc (Line: 30)
Related violations: <none>

XDCH-2#245 Warning
Same min and max delay values on IO port  
The same output delay of 0.000 ns has been defined on port 'EVENT_DATA[171]' relative to clock CLK_ADC for both max and min. Make sure this reflects the design intent.
set_output_delay -clock [get_clocks CLK_ADC] 0.000 [get_ports -quiet {EVENT_VALID EVENT_DATA* EVENT_LAST EVENT_CHUNK_ID* EVENT_TIMESTAMP* EVENT_SCORE* RING_MISS_COUNT* CHUNK_OVERFLOW}]
/home/work1/Works/AI-Trigger-System/HDL/constraints/ai_trigger_ooc.xdc (Line: 30)
Related violations: <none>

XDCH-2#246 Warning
Same min and max delay values on IO port  
The same output delay of 0.000 ns has been defined on port 'EVENT_DATA[172]' relative to clock CLK_ADC for both max and min. Make sure this reflects the design intent.
set_output_delay -clock [get_clocks CLK_ADC] 0.000 [get_ports -quiet {EVENT_VALID EVENT_DATA* EVENT_LAST EVENT_CHUNK_ID* EVENT_TIMESTAMP* EVENT_SCORE* RING_MISS_COUNT* CHUNK_OVERFLOW}]
/home/work1/Works/AI-Trigger-System/HDL/constraints/ai_trigger_ooc.xdc (Line: 30)
Related violations: <none>

XDCH-2#247 Warning
Same min and max delay values on IO port  
The same output delay of 0.000 ns has been defined on port 'EVENT_DATA[173]' relative to clock CLK_ADC for both max and min. Make sure this reflects the design intent.
set_output_delay -clock [get_clocks CLK_ADC] 0.000 [get_ports -quiet {EVENT_VALID EVENT_DATA* EVENT_LAST EVENT_CHUNK_ID* EVENT_TIMESTAMP* EVENT_SCORE* RING_MISS_COUNT* CHUNK_OVERFLOW}]
/home/work1/Works/AI-Trigger-System/HDL/constraints/ai_trigger_ooc.xdc (Line: 30)
Related violations: <none>

XDCH-2#248 Warning
Same min and max delay values on IO port  
The same output delay of 0.000 ns has been defined on port 'EVENT_DATA[174]' relative to clock CLK_ADC for both max and min. Make sure this reflects the design intent.
set_output_delay -clock [get_clocks CLK_ADC] 0.000 [get_ports -quiet {EVENT_VALID EVENT_DATA* EVENT_LAST EVENT_CHUNK_ID* EVENT_TIMESTAMP* EVENT_SCORE* RING_MISS_COUNT* CHUNK_OVERFLOW}]
/home/work1/Works/AI-Trigger-System/HDL/constraints/ai_trigger_ooc.xdc (Line: 30)
Related violations: <none>

XDCH-2#249 Warning
Same min and max delay values on IO port  
The same output delay of 0.000 ns has been defined on port 'EVENT_DATA[175]' relative to clock CLK_ADC for both max and min. Make sure this reflects the design intent.
set_output_delay -clock [get_clocks CLK_ADC] 0.000 [get_ports -quiet {EVENT_VALID EVENT_DATA* EVENT_LAST EVENT_CHUNK_ID* EVENT_TIMESTAMP* EVENT_SCORE* RING_MISS_COUNT* CHUNK_OVERFLOW}]
/home/work1/Works/AI-Trigger-System/HDL/constraints/ai_trigger_ooc.xdc (Line: 30)
Related violations: <none>

XDCH-2#250 Warning
Same min and max delay values on IO port  
The same output delay of 0.000 ns has been defined on port 'EVENT_DATA[176]' relative to clock CLK_ADC for both max and min. Make sure this reflects the design intent.
set_output_delay -clock [get_clocks CLK_ADC] 0.000 [get_ports -quiet {EVENT_VALID EVENT_DATA* EVENT_LAST EVENT_CHUNK_ID* EVENT_TIMESTAMP* EVENT_SCORE* RING_MISS_COUNT* CHUNK_OVERFLOW}]
/home/work1/Works/AI-Trigger-System/HDL/constraints/ai_trigger_ooc.xdc (Line: 30)
Related violations: <none>

XDCH-2#251 Warning
Same min and max delay values on IO port  
The same output delay of 0.000 ns has been defined on port 'EVENT_DATA[177]' relative to clock CLK_ADC for both max and min. Make sure this reflects the design intent.
set_output_delay -clock [get_clocks CLK_ADC] 0.000 [get_ports -quiet {EVENT_VALID EVENT_DATA* EVENT_LAST EVENT_CHUNK_ID* EVENT_TIMESTAMP* EVENT_SCORE* RING_MISS_COUNT* CHUNK_OVERFLOW}]
/home/work1/Works/AI-Trigger-System/HDL/constraints/ai_trigger_ooc.xdc (Line: 30)
Related violations: <none>

XDCH-2#252 Warning
Same min and max delay values on IO port  
The same output delay of 0.000 ns has been defined on port 'EVENT_DATA[178]' relative to clock CLK_ADC for both max and min. Make sure this reflects the design intent.
set_output_delay -clock [get_clocks CLK_ADC] 0.000 [get_ports -quiet {EVENT_VALID EVENT_DATA* EVENT_LAST EVENT_CHUNK_ID* EVENT_TIMESTAMP* EVENT_SCORE* RING_MISS_COUNT* CHUNK_OVERFLOW}]
/home/work1/Works/AI-Trigger-System/HDL/constraints/ai_trigger_ooc.xdc (Line: 30)
Related violations: <none>

XDCH-2#253 Warning
Same min and max delay values on IO port  
The same output delay of 0.000 ns has been defined on port 'EVENT_DATA[179]' relative to clock CLK_ADC for both max and min. Make sure this reflects the design intent.
set_output_delay -clock [get_clocks CLK_ADC] 0.000 [get_ports -quiet {EVENT_VALID EVENT_DATA* EVENT_LAST EVENT_CHUNK_ID* EVENT_TIMESTAMP* EVENT_SCORE* RING_MISS_COUNT* CHUNK_OVERFLOW}]
/home/work1/Works/AI-Trigger-System/HDL/constraints/ai_trigger_ooc.xdc (Line: 30)
Related violations: <none>

XDCH-2#254 Warning
Same min and max delay values on IO port  
The same output delay of 0.000 ns has been defined on port 'EVENT_DATA[17]' relative to clock CLK_ADC for both max and min. Make sure this reflects the design intent.
set_output_delay -clock [get_clocks CLK_ADC] 0.000 [get_ports -quiet {EVENT_VALID EVENT_DATA* EVENT_LAST EVENT_CHUNK_ID* EVENT_TIMESTAMP* EVENT_SCORE* RING_MISS_COUNT* CHUNK_OVERFLOW}]
/home/work1/Works/AI-Trigger-System/HDL/constraints/ai_trigger_ooc.xdc (Line: 30)
Related violations: <none>

XDCH-2#255 Warning
Same min and max delay values on IO port  
The same output delay of 0.000 ns has been defined on port 'EVENT_DATA[180]' relative to clock CLK_ADC for both max and min. Make sure this reflects the design intent.
set_output_delay -clock [get_clocks CLK_ADC] 0.000 [get_ports -quiet {EVENT_VALID EVENT_DATA* EVENT_LAST EVENT_CHUNK_ID* EVENT_TIMESTAMP* EVENT_SCORE* RING_MISS_COUNT* CHUNK_OVERFLOW}]
/home/work1/Works/AI-Trigger-System/HDL/constraints/ai_trigger_ooc.xdc (Line: 30)
Related violations: <none>

XDCH-2#256 Warning
Same min and max delay values on IO port  
The same output delay of 0.000 ns has been defined on port 'EVENT_DATA[181]' relative to clock CLK_ADC for both max and min. Make sure this reflects the design intent.
set_output_delay -clock [get_clocks CLK_ADC] 0.000 [get_ports -quiet {EVENT_VALID EVENT_DATA* EVENT_LAST EVENT_CHUNK_ID* EVENT_TIMESTAMP* EVENT_SCORE* RING_MISS_COUNT* CHUNK_OVERFLOW}]
/home/work1/Works/AI-Trigger-System/HDL/constraints/ai_trigger_ooc.xdc (Line: 30)
Related violations: <none>

XDCH-2#257 Warning
Same min and max delay values on IO port  
The same output delay of 0.000 ns has been defined on port 'EVENT_DATA[182]' relative to clock CLK_ADC for both max and min. Make sure this reflects the design intent.
set_output_delay -clock [get_clocks CLK_ADC] 0.000 [get_ports -quiet {EVENT_VALID EVENT_DATA* EVENT_LAST EVENT_CHUNK_ID* EVENT_TIMESTAMP* EVENT_SCORE* RING_MISS_COUNT* CHUNK_OVERFLOW}]
/home/work1/Works/AI-Trigger-System/HDL/constraints/ai_trigger_ooc.xdc (Line: 30)
Related violations: <none>

XDCH-2#258 Warning
Same min and max delay values on IO port  
The same output delay of 0.000 ns has been defined on port 'EVENT_DATA[183]' relative to clock CLK_ADC for both max and min. Make sure this reflects the design intent.
set_output_delay -clock [get_clocks CLK_ADC] 0.000 [get_ports -quiet {EVENT_VALID EVENT_DATA* EVENT_LAST EVENT_CHUNK_ID* EVENT_TIMESTAMP* EVENT_SCORE* RING_MISS_COUNT* CHUNK_OVERFLOW}]
/home/work1/Works/AI-Trigger-System/HDL/constraints/ai_trigger_ooc.xdc (Line: 30)
Related violations: <none>

XDCH-2#259 Warning
Same min and max delay values on IO port  
The same output delay of 0.000 ns has been defined on port 'EVENT_DATA[184]' relative to clock CLK_ADC for both max and min. Make sure this reflects the design intent.
set_output_delay -clock [get_clocks CLK_ADC] 0.000 [get_ports -quiet {EVENT_VALID EVENT_DATA* EVENT_LAST EVENT_CHUNK_ID* EVENT_TIMESTAMP* EVENT_SCORE* RING_MISS_COUNT* CHUNK_OVERFLOW}]
/home/work1/Works/AI-Trigger-System/HDL/constraints/ai_trigger_ooc.xdc (Line: 30)
Related violations: <none>

XDCH-2#260 Warning
Same min and max delay values on IO port  
The same output delay of 0.000 ns has been defined on port 'EVENT_DATA[185]' relative to clock CLK_ADC for both max and min. Make sure this reflects the design intent.
set_output_delay -clock [get_clocks CLK_ADC] 0.000 [get_ports -quiet {EVENT_VALID EVENT_DATA* EVENT_LAST EVENT_CHUNK_ID* EVENT_TIMESTAMP* EVENT_SCORE* RING_MISS_COUNT* CHUNK_OVERFLOW}]
/home/work1/Works/AI-Trigger-System/HDL/constraints/ai_trigger_ooc.xdc (Line: 30)
Related violations: <none>

XDCH-2#261 Warning
Same min and max delay values on IO port  
The same output delay of 0.000 ns has been defined on port 'EVENT_DATA[186]' relative to clock CLK_ADC for both max and min. Make sure this reflects the design intent.
set_output_delay -clock [get_clocks CLK_ADC] 0.000 [get_ports -quiet {EVENT_VALID EVENT_DATA* EVENT_LAST EVENT_CHUNK_ID* EVENT_TIMESTAMP* EVENT_SCORE* RING_MISS_COUNT* CHUNK_OVERFLOW}]
/home/work1/Works/AI-Trigger-System/HDL/constraints/ai_trigger_ooc.xdc (Line: 30)
Related violations: <none>

XDCH-2#262 Warning
Same min and max delay values on IO port  
The same output delay of 0.000 ns has been defined on port 'EVENT_DATA[187]' relative to clock CLK_ADC for both max and min. Make sure this reflects the design intent.
set_output_delay -clock [get_clocks CLK_ADC] 0.000 [get_ports -quiet {EVENT_VALID EVENT_DATA* EVENT_LAST EVENT_CHUNK_ID* EVENT_TIMESTAMP* EVENT_SCORE* RING_MISS_COUNT* CHUNK_OVERFLOW}]
/home/work1/Works/AI-Trigger-System/HDL/constraints/ai_trigger_ooc.xdc (Line: 30)
Related violations: <none>

XDCH-2#263 Warning
Same min and max delay values on IO port  
The same output delay of 0.000 ns has been defined on port 'EVENT_DATA[188]' relative to clock CLK_ADC for both max and min. Make sure this reflects the design intent.
set_output_delay -clock [get_clocks CLK_ADC] 0.000 [get_ports -quiet {EVENT_VALID EVENT_DATA* EVENT_LAST EVENT_CHUNK_ID* EVENT_TIMESTAMP* EVENT_SCORE* RING_MISS_COUNT* CHUNK_OVERFLOW}]
/home/work1/Works/AI-Trigger-System/HDL/constraints/ai_trigger_ooc.xdc (Line: 30)
Related violations: <none>

XDCH-2#264 Warning
Same min and max delay values on IO port  
The same output delay of 0.000 ns has been defined on port 'EVENT_DATA[189]' relative to clock CLK_ADC for both max and min. Make sure this reflects the design intent.
set_output_delay -clock [get_clocks CLK_ADC] 0.000 [get_ports -quiet {EVENT_VALID EVENT_DATA* EVENT_LAST EVENT_CHUNK_ID* EVENT_TIMESTAMP* EVENT_SCORE* RING_MISS_COUNT* CHUNK_OVERFLOW}]
/home/work1/Works/AI-Trigger-System/HDL/constraints/ai_trigger_ooc.xdc (Line: 30)
Related violations: <none>

XDCH-2#265 Warning
Same min and max delay values on IO port  
The same output delay of 0.000 ns has been defined on port 'EVENT_DATA[18]' relative to clock CLK_ADC for both max and min. Make sure this reflects the design intent.
set_output_delay -clock [get_clocks CLK_ADC] 0.000 [get_ports -quiet {EVENT_VALID EVENT_DATA* EVENT_LAST EVENT_CHUNK_ID* EVENT_TIMESTAMP* EVENT_SCORE* RING_MISS_COUNT* CHUNK_OVERFLOW}]
/home/work1/Works/AI-Trigger-System/HDL/constraints/ai_trigger_ooc.xdc (Line: 30)
Related violations: <none>

XDCH-2#266 Warning
Same min and max delay values on IO port  
The same output delay of 0.000 ns has been defined on port 'EVENT_DATA[190]' relative to clock CLK_ADC for both max and min. Make sure this reflects the design intent.
set_output_delay -clock [get_clocks CLK_ADC] 0.000 [get_ports -quiet {EVENT_VALID EVENT_DATA* EVENT_LAST EVENT_CHUNK_ID* EVENT_TIMESTAMP* EVENT_SCORE* RING_MISS_COUNT* CHUNK_OVERFLOW}]
/home/work1/Works/AI-Trigger-System/HDL/constraints/ai_trigger_ooc.xdc (Line: 30)
Related violations: <none>

XDCH-2#267 Warning
Same min and max delay values on IO port  
The same output delay of 0.000 ns has been defined on port 'EVENT_DATA[191]' relative to clock CLK_ADC for both max and min. Make sure this reflects the design intent.
set_output_delay -clock [get_clocks CLK_ADC] 0.000 [get_ports -quiet {EVENT_VALID EVENT_DATA* EVENT_LAST EVENT_CHUNK_ID* EVENT_TIMESTAMP* EVENT_SCORE* RING_MISS_COUNT* CHUNK_OVERFLOW}]
/home/work1/Works/AI-Trigger-System/HDL/constraints/ai_trigger_ooc.xdc (Line: 30)
Related violations: <none>

XDCH-2#268 Warning
Same min and max delay values on IO port  
The same output delay of 0.000 ns has been defined on port 'EVENT_DATA[192]' relative to clock CLK_ADC for both max and min. Make sure this reflects the design intent.
set_output_delay -clock [get_clocks CLK_ADC] 0.000 [get_ports -quiet {EVENT_VALID EVENT_DATA* EVENT_LAST EVENT_CHUNK_ID* EVENT_TIMESTAMP* EVENT_SCORE* RING_MISS_COUNT* CHUNK_OVERFLOW}]
/home/work1/Works/AI-Trigger-System/HDL/constraints/ai_trigger_ooc.xdc (Line: 30)
Related violations: <none>

XDCH-2#269 Warning
Same min and max delay values on IO port  
The same output delay of 0.000 ns has been defined on port 'EVENT_DATA[193]' relative to clock CLK_ADC for both max and min. Make sure this reflects the design intent.
set_output_delay -clock [get_clocks CLK_ADC] 0.000 [get_ports -quiet {EVENT_VALID EVENT_DATA* EVENT_LAST EVENT_CHUNK_ID* EVENT_TIMESTAMP* EVENT_SCORE* RING_MISS_COUNT* CHUNK_OVERFLOW}]
/home/work1/Works/AI-Trigger-System/HDL/constraints/ai_trigger_ooc.xdc (Line: 30)
Related violations: <none>

XDCH-2#270 Warning
Same min and max delay values on IO port  
The same output delay of 0.000 ns has been defined on port 'EVENT_DATA[194]' relative to clock CLK_ADC for both max and min. Make sure this reflects the design intent.
set_output_delay -clock [get_clocks CLK_ADC] 0.000 [get_ports -quiet {EVENT_VALID EVENT_DATA* EVENT_LAST EVENT_CHUNK_ID* EVENT_TIMESTAMP* EVENT_SCORE* RING_MISS_COUNT* CHUNK_OVERFLOW}]
/home/work1/Works/AI-Trigger-System/HDL/constraints/ai_trigger_ooc.xdc (Line: 30)
Related violations: <none>

XDCH-2#271 Warning
Same min and max delay values on IO port  
The same output delay of 0.000 ns has been defined on port 'EVENT_DATA[195]' relative to clock CLK_ADC for both max and min. Make sure this reflects the design intent.
set_output_delay -clock [get_clocks CLK_ADC] 0.000 [get_ports -quiet {EVENT_VALID EVENT_DATA* EVENT_LAST EVENT_CHUNK_ID* EVENT_TIMESTAMP* EVENT_SCORE* RING_MISS_COUNT* CHUNK_OVERFLOW}]
/home/work1/Works/AI-Trigger-System/HDL/constraints/ai_trigger_ooc.xdc (Line: 30)
Related violations: <none>

XDCH-2#272 Warning
Same min and max delay values on IO port  
The same output delay of 0.000 ns has been defined on port 'EVENT_DATA[196]' relative to clock CLK_ADC for both max and min. Make sure this reflects the design intent.
set_output_delay -clock [get_clocks CLK_ADC] 0.000 [get_ports -quiet {EVENT_VALID EVENT_DATA* EVENT_LAST EVENT_CHUNK_ID* EVENT_TIMESTAMP* EVENT_SCORE* RING_MISS_COUNT* CHUNK_OVERFLOW}]
/home/work1/Works/AI-Trigger-System/HDL/constraints/ai_trigger_ooc.xdc (Line: 30)
Related violations: <none>

XDCH-2#273 Warning
Same min and max delay values on IO port  
The same output delay of 0.000 ns has been defined on port 'EVENT_DATA[197]' relative to clock CLK_ADC for both max and min. Make sure this reflects the design intent.
set_output_delay -clock [get_clocks CLK_ADC] 0.000 [get_ports -quiet {EVENT_VALID EVENT_DATA* EVENT_LAST EVENT_CHUNK_ID* EVENT_TIMESTAMP* EVENT_SCORE* RING_MISS_COUNT* CHUNK_OVERFLOW}]
/home/work1/Works/AI-Trigger-System/HDL/constraints/ai_trigger_ooc.xdc (Line: 30)
Related violations: <none>

XDCH-2#274 Warning
Same min and max delay values on IO port  
The same output delay of 0.000 ns has been defined on port 'EVENT_DATA[198]' relative to clock CLK_ADC for both max and min. Make sure this reflects the design intent.
set_output_delay -clock [get_clocks CLK_ADC] 0.000 [get_ports -quiet {EVENT_VALID EVENT_DATA* EVENT_LAST EVENT_CHUNK_ID* EVENT_TIMESTAMP* EVENT_SCORE* RING_MISS_COUNT* CHUNK_OVERFLOW}]
/home/work1/Works/AI-Trigger-System/HDL/constraints/ai_trigger_ooc.xdc (Line: 30)
Related violations: <none>

XDCH-2#275 Warning
Same min and max delay values on IO port  
The same output delay of 0.000 ns has been defined on port 'EVENT_DATA[199]' relative to clock CLK_ADC for both max and min. Make sure this reflects the design intent.
set_output_delay -clock [get_clocks CLK_ADC] 0.000 [get_ports -quiet {EVENT_VALID EVENT_DATA* EVENT_LAST EVENT_CHUNK_ID* EVENT_TIMESTAMP* EVENT_SCORE* RING_MISS_COUNT* CHUNK_OVERFLOW}]
/home/work1/Works/AI-Trigger-System/HDL/constraints/ai_trigger_ooc.xdc (Line: 30)
Related violations: <none>

XDCH-2#276 Warning
Same min and max delay values on IO port  
The same output delay of 0.000 ns has been defined on port 'EVENT_DATA[19]' relative to clock CLK_ADC for both max and min. Make sure this reflects the design intent.
set_output_delay -clock [get_clocks CLK_ADC] 0.000 [get_ports -quiet {EVENT_VALID EVENT_DATA* EVENT_LAST EVENT_CHUNK_ID* EVENT_TIMESTAMP* EVENT_SCORE* RING_MISS_COUNT* CHUNK_OVERFLOW}]
/home/work1/Works/AI-Trigger-System/HDL/constraints/ai_trigger_ooc.xdc (Line: 30)
Related violations: <none>

XDCH-2#277 Warning
Same min and max delay values on IO port  
The same output delay of 0.000 ns has been defined on port 'EVENT_DATA[1]' relative to clock CLK_ADC for both max and min. Make sure this reflects the design intent.
set_output_delay -clock [get_clocks CLK_ADC] 0.000 [get_ports -quiet {EVENT_VALID EVENT_DATA* EVENT_LAST EVENT_CHUNK_ID* EVENT_TIMESTAMP* EVENT_SCORE* RING_MISS_COUNT* CHUNK_OVERFLOW}]
/home/work1/Works/AI-Trigger-System/HDL/constraints/ai_trigger_ooc.xdc (Line: 30)
Related violations: <none>

XDCH-2#278 Warning
Same min and max delay values on IO port  
The same output delay of 0.000 ns has been defined on port 'EVENT_DATA[200]' relative to clock CLK_ADC for both max and min. Make sure this reflects the design intent.
set_output_delay -clock [get_clocks CLK_ADC] 0.000 [get_ports -quiet {EVENT_VALID EVENT_DATA* EVENT_LAST EVENT_CHUNK_ID* EVENT_TIMESTAMP* EVENT_SCORE* RING_MISS_COUNT* CHUNK_OVERFLOW}]
/home/work1/Works/AI-Trigger-System/HDL/constraints/ai_trigger_ooc.xdc (Line: 30)
Related violations: <none>

XDCH-2#279 Warning
Same min and max delay values on IO port  
The same output delay of 0.000 ns has been defined on port 'EVENT_DATA[201]' relative to clock CLK_ADC for both max and min. Make sure this reflects the design intent.
set_output_delay -clock [get_clocks CLK_ADC] 0.000 [get_ports -quiet {EVENT_VALID EVENT_DATA* EVENT_LAST EVENT_CHUNK_ID* EVENT_TIMESTAMP* EVENT_SCORE* RING_MISS_COUNT* CHUNK_OVERFLOW}]
/home/work1/Works/AI-Trigger-System/HDL/constraints/ai_trigger_ooc.xdc (Line: 30)
Related violations: <none>

XDCH-2#280 Warning
Same min and max delay values on IO port  
The same output delay of 0.000 ns has been defined on port 'EVENT_DATA[202]' relative to clock CLK_ADC for both max and min. Make sure this reflects the design intent.
set_output_delay -clock [get_clocks CLK_ADC] 0.000 [get_ports -quiet {EVENT_VALID EVENT_DATA* EVENT_LAST EVENT_CHUNK_ID* EVENT_TIMESTAMP* EVENT_SCORE* RING_MISS_COUNT* CHUNK_OVERFLOW}]
/home/work1/Works/AI-Trigger-System/HDL/constraints/ai_trigger_ooc.xdc (Line: 30)
Related violations: <none>

XDCH-2#281 Warning
Same min and max delay values on IO port  
The same output delay of 0.000 ns has been defined on port 'EVENT_DATA[203]' relative to clock CLK_ADC for both max and min. Make sure this reflects the design intent.
set_output_delay -clock [get_clocks CLK_ADC] 0.000 [get_ports -quiet {EVENT_VALID EVENT_DATA* EVENT_LAST EVENT_CHUNK_ID* EVENT_TIMESTAMP* EVENT_SCORE* RING_MISS_COUNT* CHUNK_OVERFLOW}]
/home/work1/Works/AI-Trigger-System/HDL/constraints/ai_trigger_ooc.xdc (Line: 30)
Related violations: <none>

XDCH-2#282 Warning
Same min and max delay values on IO port  
The same output delay of 0.000 ns has been defined on port 'EVENT_DATA[204]' relative to clock CLK_ADC for both max and min. Make sure this reflects the design intent.
set_output_delay -clock [get_clocks CLK_ADC] 0.000 [get_ports -quiet {EVENT_VALID EVENT_DATA* EVENT_LAST EVENT_CHUNK_ID* EVENT_TIMESTAMP* EVENT_SCORE* RING_MISS_COUNT* CHUNK_OVERFLOW}]
/home/work1/Works/AI-Trigger-System/HDL/constraints/ai_trigger_ooc.xdc (Line: 30)
Related violations: <none>

XDCH-2#283 Warning
Same min and max delay values on IO port  
The same output delay of 0.000 ns has been defined on port 'EVENT_DATA[205]' relative to clock CLK_ADC for both max and min. Make sure this reflects the design intent.
set_output_delay -clock [get_clocks CLK_ADC] 0.000 [get_ports -quiet {EVENT_VALID EVENT_DATA* EVENT_LAST EVENT_CHUNK_ID* EVENT_TIMESTAMP* EVENT_SCORE* RING_MISS_COUNT* CHUNK_OVERFLOW}]
/home/work1/Works/AI-Trigger-System/HDL/constraints/ai_trigger_ooc.xdc (Line: 30)
Related violations: <none>

XDCH-2#284 Warning
Same min and max delay values on IO port  
The same output delay of 0.000 ns has been defined on port 'EVENT_DATA[206]' relative to clock CLK_ADC for both max and min. Make sure this reflects the design intent.
set_output_delay -clock [get_clocks CLK_ADC] 0.000 [get_ports -quiet {EVENT_VALID EVENT_DATA* EVENT_LAST EVENT_CHUNK_ID* EVENT_TIMESTAMP* EVENT_SCORE* RING_MISS_COUNT* CHUNK_OVERFLOW}]
/home/work1/Works/AI-Trigger-System/HDL/constraints/ai_trigger_ooc.xdc (Line: 30)
Related violations: <none>

XDCH-2#285 Warning
Same min and max delay values on IO port  
The same output delay of 0.000 ns has been defined on port 'EVENT_DATA[207]' relative to clock CLK_ADC for both max and min. Make sure this reflects the design intent.
set_output_delay -clock [get_clocks CLK_ADC] 0.000 [get_ports -quiet {EVENT_VALID EVENT_DATA* EVENT_LAST EVENT_CHUNK_ID* EVENT_TIMESTAMP* EVENT_SCORE* RING_MISS_COUNT* CHUNK_OVERFLOW}]
/home/work1/Works/AI-Trigger-System/HDL/constraints/ai_trigger_ooc.xdc (Line: 30)
Related violations: <none>

XDCH-2#286 Warning
Same min and max delay values on IO port  
The same output delay of 0.000 ns has been defined on port 'EVENT_DATA[208]' relative to clock CLK_ADC for both max and min. Make sure this reflects the design intent.
set_output_delay -clock [get_clocks CLK_ADC] 0.000 [get_ports -quiet {EVENT_VALID EVENT_DATA* EVENT_LAST EVENT_CHUNK_ID* EVENT_TIMESTAMP* EVENT_SCORE* RING_MISS_COUNT* CHUNK_OVERFLOW}]
/home/work1/Works/AI-Trigger-System/HDL/constraints/ai_trigger_ooc.xdc (Line: 30)
Related violations: <none>

XDCH-2#287 Warning
Same min and max delay values on IO port  
The same output delay of 0.000 ns has been defined on port 'EVENT_DATA[209]' relative to clock CLK_ADC for both max and min. Make sure this reflects the design intent.
set_output_delay -clock [get_clocks CLK_ADC] 0.000 [get_ports -quiet {EVENT_VALID EVENT_DATA* EVENT_LAST EVENT_CHUNK_ID* EVENT_TIMESTAMP* EVENT_SCORE* RING_MISS_COUNT* CHUNK_OVERFLOW}]
/home/work1/Works/AI-Trigger-System/HDL/constraints/ai_trigger_ooc.xdc (Line: 30)
Related violations: <none>

XDCH-2#288 Warning
Same min and max delay values on IO port  
The same output delay of 0.000 ns has been defined on port 'EVENT_DATA[20]' relative to clock CLK_ADC for both max and min. Make sure this reflects the design intent.
set_output_delay -clock [get_clocks CLK_ADC] 0.000 [get_ports -quiet {EVENT_VALID EVENT_DATA* EVENT_LAST EVENT_CHUNK_ID* EVENT_TIMESTAMP* EVENT_SCORE* RING_MISS_COUNT* CHUNK_OVERFLOW}]
/home/work1/Works/AI-Trigger-System/HDL/constraints/ai_trigger_ooc.xdc (Line: 30)
Related violations: <none>

XDCH-2#289 Warning
Same min and max delay values on IO port  
The same output delay of 0.000 ns has been defined on port 'EVENT_DATA[210]' relative to clock CLK_ADC for both max and min. Make sure this reflects the design intent.
set_output_delay -clock [get_clocks CLK_ADC] 0.000 [get_ports -quiet {EVENT_VALID EVENT_DATA* EVENT_LAST EVENT_CHUNK_ID* EVENT_TIMESTAMP* EVENT_SCORE* RING_MISS_COUNT* CHUNK_OVERFLOW}]
/home/work1/Works/AI-Trigger-System/HDL/constraints/ai_trigger_ooc.xdc (Line: 30)
Related violations: <none>

XDCH-2#290 Warning
Same min and max delay values on IO port  
The same output delay of 0.000 ns has been defined on port 'EVENT_DATA[211]' relative to clock CLK_ADC for both max and min. Make sure this reflects the design intent.
set_output_delay -clock [get_clocks CLK_ADC] 0.000 [get_ports -quiet {EVENT_VALID EVENT_DATA* EVENT_LAST EVENT_CHUNK_ID* EVENT_TIMESTAMP* EVENT_SCORE* RING_MISS_COUNT* CHUNK_OVERFLOW}]
/home/work1/Works/AI-Trigger-System/HDL/constraints/ai_trigger_ooc.xdc (Line: 30)
Related violations: <none>

XDCH-2#291 Warning
Same min and max delay values on IO port  
The same output delay of 0.000 ns has been defined on port 'EVENT_DATA[212]' relative to clock CLK_ADC for both max and min. Make sure this reflects the design intent.
set_output_delay -clock [get_clocks CLK_ADC] 0.000 [get_ports -quiet {EVENT_VALID EVENT_DATA* EVENT_LAST EVENT_CHUNK_ID* EVENT_TIMESTAMP* EVENT_SCORE* RING_MISS_COUNT* CHUNK_OVERFLOW}]
/home/work1/Works/AI-Trigger-System/HDL/constraints/ai_trigger_ooc.xdc (Line: 30)
Related violations: <none>

XDCH-2#292 Warning
Same min and max delay values on IO port  
The same output delay of 0.000 ns has been defined on port 'EVENT_DATA[213]' relative to clock CLK_ADC for both max and min. Make sure this reflects the design intent.
set_output_delay -clock [get_clocks CLK_ADC] 0.000 [get_ports -quiet {EVENT_VALID EVENT_DATA* EVENT_LAST EVENT_CHUNK_ID* EVENT_TIMESTAMP* EVENT_SCORE* RING_MISS_COUNT* CHUNK_OVERFLOW}]
/home/work1/Works/AI-Trigger-System/HDL/constraints/ai_trigger_ooc.xdc (Line: 30)
Related violations: <none>

XDCH-2#293 Warning
Same min and max delay values on IO port  
The same output delay of 0.000 ns has been defined on port 'EVENT_DATA[214]' relative to clock CLK_ADC for both max and min. Make sure this reflects the design intent.
set_output_delay -clock [get_clocks CLK_ADC] 0.000 [get_ports -quiet {EVENT_VALID EVENT_DATA* EVENT_LAST EVENT_CHUNK_ID* EVENT_TIMESTAMP* EVENT_SCORE* RING_MISS_COUNT* CHUNK_OVERFLOW}]
/home/work1/Works/AI-Trigger-System/HDL/constraints/ai_trigger_ooc.xdc (Line: 30)
Related violations: <none>

XDCH-2#294 Warning
Same min and max delay values on IO port  
The same output delay of 0.000 ns has been defined on port 'EVENT_DATA[215]' relative to clock CLK_ADC for both max and min. Make sure this reflects the design intent.
set_output_delay -clock [get_clocks CLK_ADC] 0.000 [get_ports -quiet {EVENT_VALID EVENT_DATA* EVENT_LAST EVENT_CHUNK_ID* EVENT_TIMESTAMP* EVENT_SCORE* RING_MISS_COUNT* CHUNK_OVERFLOW}]
/home/work1/Works/AI-Trigger-System/HDL/constraints/ai_trigger_ooc.xdc (Line: 30)
Related violations: <none>

XDCH-2#295 Warning
Same min and max delay values on IO port  
The same output delay of 0.000 ns has been defined on port 'EVENT_DATA[216]' relative to clock CLK_ADC for both max and min. Make sure this reflects the design intent.
set_output_delay -clock [get_clocks CLK_ADC] 0.000 [get_ports -quiet {EVENT_VALID EVENT_DATA* EVENT_LAST EVENT_CHUNK_ID* EVENT_TIMESTAMP* EVENT_SCORE* RING_MISS_COUNT* CHUNK_OVERFLOW}]
/home/work1/Works/AI-Trigger-System/HDL/constraints/ai_trigger_ooc.xdc (Line: 30)
Related violations: <none>

XDCH-2#296 Warning
Same min and max delay values on IO port  
The same output delay of 0.000 ns has been defined on port 'EVENT_DATA[217]' relative to clock CLK_ADC for both max and min. Make sure this reflects the design intent.
set_output_delay -clock [get_clocks CLK_ADC] 0.000 [get_ports -quiet {EVENT_VALID EVENT_DATA* EVENT_LAST EVENT_CHUNK_ID* EVENT_TIMESTAMP* EVENT_SCORE* RING_MISS_COUNT* CHUNK_OVERFLOW}]
/home/work1/Works/AI-Trigger-System/HDL/constraints/ai_trigger_ooc.xdc (Line: 30)
Related violations: <none>

XDCH-2#297 Warning
Same min and max delay values on IO port  
The same output delay of 0.000 ns has been defined on port 'EVENT_DATA[218]' relative to clock CLK_ADC for both max and min. Make sure this reflects the design intent.
set_output_delay -clock [get_clocks CLK_ADC] 0.000 [get_ports -quiet {EVENT_VALID EVENT_DATA* EVENT_LAST EVENT_CHUNK_ID* EVENT_TIMESTAMP* EVENT_SCORE* RING_MISS_COUNT* CHUNK_OVERFLOW}]
/home/work1/Works/AI-Trigger-System/HDL/constraints/ai_trigger_ooc.xdc (Line: 30)
Related violations: <none>

XDCH-2#298 Warning
Same min and max delay values on IO port  
The same output delay of 0.000 ns has been defined on port 'EVENT_DATA[219]' relative to clock CLK_ADC for both max and min. Make sure this reflects the design intent.
set_output_delay -clock [get_clocks CLK_ADC] 0.000 [get_ports -quiet {EVENT_VALID EVENT_DATA* EVENT_LAST EVENT_CHUNK_ID* EVENT_TIMESTAMP* EVENT_SCORE* RING_MISS_COUNT* CHUNK_OVERFLOW}]
/home/work1/Works/AI-Trigger-System/HDL/constraints/ai_trigger_ooc.xdc (Line: 30)
Related violations: <none>

XDCH-2#299 Warning
Same min and max delay values on IO port  
The same output delay of 0.000 ns has been defined on port 'EVENT_DATA[21]' relative to clock CLK_ADC for both max and min. Make sure this reflects the design intent.
set_output_delay -clock [get_clocks CLK_ADC] 0.000 [get_ports -quiet {EVENT_VALID EVENT_DATA* EVENT_LAST EVENT_CHUNK_ID* EVENT_TIMESTAMP* EVENT_SCORE* RING_MISS_COUNT* CHUNK_OVERFLOW}]
/home/work1/Works/AI-Trigger-System/HDL/constraints/ai_trigger_ooc.xdc (Line: 30)
Related violations: <none>

XDCH-2#300 Warning
Same min and max delay values on IO port  
The same output delay of 0.000 ns has been defined on port 'EVENT_DATA[220]' relative to clock CLK_ADC for both max and min. Make sure this reflects the design intent.
set_output_delay -clock [get_clocks CLK_ADC] 0.000 [get_ports -quiet {EVENT_VALID EVENT_DATA* EVENT_LAST EVENT_CHUNK_ID* EVENT_TIMESTAMP* EVENT_SCORE* RING_MISS_COUNT* CHUNK_OVERFLOW}]
/home/work1/Works/AI-Trigger-System/HDL/constraints/ai_trigger_ooc.xdc (Line: 30)
Related violations: <none>

XDCH-2#301 Warning
Same min and max delay values on IO port  
The same output delay of 0.000 ns has been defined on port 'EVENT_DATA[221]' relative to clock CLK_ADC for both max and min. Make sure this reflects the design intent.
set_output_delay -clock [get_clocks CLK_ADC] 0.000 [get_ports -quiet {EVENT_VALID EVENT_DATA* EVENT_LAST EVENT_CHUNK_ID* EVENT_TIMESTAMP* EVENT_SCORE* RING_MISS_COUNT* CHUNK_OVERFLOW}]
/home/work1/Works/AI-Trigger-System/HDL/constraints/ai_trigger_ooc.xdc (Line: 30)
Related violations: <none>

XDCH-2#302 Warning
Same min and max delay values on IO port  
The same output delay of 0.000 ns has been defined on port 'EVENT_DATA[222]' relative to clock CLK_ADC for both max and min. Make sure this reflects the design intent.
set_output_delay -clock [get_clocks CLK_ADC] 0.000 [get_ports -quiet {EVENT_VALID EVENT_DATA* EVENT_LAST EVENT_CHUNK_ID* EVENT_TIMESTAMP* EVENT_SCORE* RING_MISS_COUNT* CHUNK_OVERFLOW}]
/home/work1/Works/AI-Trigger-System/HDL/constraints/ai_trigger_ooc.xdc (Line: 30)
Related violations: <none>

XDCH-2#303 Warning
Same min and max delay values on IO port  
The same output delay of 0.000 ns has been defined on port 'EVENT_DATA[223]' relative to clock CLK_ADC for both max and min. Make sure this reflects the design intent.
set_output_delay -clock [get_clocks CLK_ADC] 0.000 [get_ports -quiet {EVENT_VALID EVENT_DATA* EVENT_LAST EVENT_CHUNK_ID* EVENT_TIMESTAMP* EVENT_SCORE* RING_MISS_COUNT* CHUNK_OVERFLOW}]
/home/work1/Works/AI-Trigger-System/HDL/constraints/ai_trigger_ooc.xdc (Line: 30)
Related violations: <none>

XDCH-2#304 Warning
Same min and max delay values on IO port  
The same output delay of 0.000 ns has been defined on port 'EVENT_DATA[224]' relative to clock CLK_ADC for both max and min. Make sure this reflects the design intent.
set_output_delay -clock [get_clocks CLK_ADC] 0.000 [get_ports -quiet {EVENT_VALID EVENT_DATA* EVENT_LAST EVENT_CHUNK_ID* EVENT_TIMESTAMP* EVENT_SCORE* RING_MISS_COUNT* CHUNK_OVERFLOW}]
/home/work1/Works/AI-Trigger-System/HDL/constraints/ai_trigger_ooc.xdc (Line: 30)
Related violations: <none>

XDCH-2#305 Warning
Same min and max delay values on IO port  
The same output delay of 0.000 ns has been defined on port 'EVENT_DATA[225]' relative to clock CLK_ADC for both max and min. Make sure this reflects the design intent.
set_output_delay -clock [get_clocks CLK_ADC] 0.000 [get_ports -quiet {EVENT_VALID EVENT_DATA* EVENT_LAST EVENT_CHUNK_ID* EVENT_TIMESTAMP* EVENT_SCORE* RING_MISS_COUNT* CHUNK_OVERFLOW}]
/home/work1/Works/AI-Trigger-System/HDL/constraints/ai_trigger_ooc.xdc (Line: 30)
Related violations: <none>

XDCH-2#306 Warning
Same min and max delay values on IO port  
The same output delay of 0.000 ns has been defined on port 'EVENT_DATA[226]' relative to clock CLK_ADC for both max and min. Make sure this reflects the design intent.
set_output_delay -clock [get_clocks CLK_ADC] 0.000 [get_ports -quiet {EVENT_VALID EVENT_DATA* EVENT_LAST EVENT_CHUNK_ID* EVENT_TIMESTAMP* EVENT_SCORE* RING_MISS_COUNT* CHUNK_OVERFLOW}]
/home/work1/Works/AI-Trigger-System/HDL/constraints/ai_trigger_ooc.xdc (Line: 30)
Related violations: <none>

XDCH-2#307 Warning
Same min and max delay values on IO port  
The same output delay of 0.000 ns has been defined on port 'EVENT_DATA[227]' relative to clock CLK_ADC for both max and min. Make sure this reflects the design intent.
set_output_delay -clock [get_clocks CLK_ADC] 0.000 [get_ports -quiet {EVENT_VALID EVENT_DATA* EVENT_LAST EVENT_CHUNK_ID* EVENT_TIMESTAMP* EVENT_SCORE* RING_MISS_COUNT* CHUNK_OVERFLOW}]
/home/work1/Works/AI-Trigger-System/HDL/constraints/ai_trigger_ooc.xdc (Line: 30)
Related violations: <none>

XDCH-2#308 Warning
Same min and max delay values on IO port  
The same output delay of 0.000 ns has been defined on port 'EVENT_DATA[228]' relative to clock CLK_ADC for both max and min. Make sure this reflects the design intent.
set_output_delay -clock [get_clocks CLK_ADC] 0.000 [get_ports -quiet {EVENT_VALID EVENT_DATA* EVENT_LAST EVENT_CHUNK_ID* EVENT_TIMESTAMP* EVENT_SCORE* RING_MISS_COUNT* CHUNK_OVERFLOW}]
/home/work1/Works/AI-Trigger-System/HDL/constraints/ai_trigger_ooc.xdc (Line: 30)
Related violations: <none>

XDCH-2#309 Warning
Same min and max delay values on IO port  
The same output delay of 0.000 ns has been defined on port 'EVENT_DATA[229]' relative to clock CLK_ADC for both max and min. Make sure this reflects the design intent.
set_output_delay -clock [get_clocks CLK_ADC] 0.000 [get_ports -quiet {EVENT_VALID EVENT_DATA* EVENT_LAST EVENT_CHUNK_ID* EVENT_TIMESTAMP* EVENT_SCORE* RING_MISS_COUNT* CHUNK_OVERFLOW}]
/home/work1/Works/AI-Trigger-System/HDL/constraints/ai_trigger_ooc.xdc (Line: 30)
Related violations: <none>

XDCH-2#310 Warning
Same min and max delay values on IO port  
The same output delay of 0.000 ns has been defined on port 'EVENT_DATA[22]' relative to clock CLK_ADC for both max and min. Make sure this reflects the design intent.
set_output_delay -clock [get_clocks CLK_ADC] 0.000 [get_ports -quiet {EVENT_VALID EVENT_DATA* EVENT_LAST EVENT_CHUNK_ID* EVENT_TIMESTAMP* EVENT_SCORE* RING_MISS_COUNT* CHUNK_OVERFLOW}]
/home/work1/Works/AI-Trigger-System/HDL/constraints/ai_trigger_ooc.xdc (Line: 30)
Related violations: <none>

XDCH-2#311 Warning
Same min and max delay values on IO port  
The same output delay of 0.000 ns has been defined on port 'EVENT_DATA[230]' relative to clock CLK_ADC for both max and min. Make sure this reflects the design intent.
set_output_delay -clock [get_clocks CLK_ADC] 0.000 [get_ports -quiet {EVENT_VALID EVENT_DATA* EVENT_LAST EVENT_CHUNK_ID* EVENT_TIMESTAMP* EVENT_SCORE* RING_MISS_COUNT* CHUNK_OVERFLOW}]
/home/work1/Works/AI-Trigger-System/HDL/constraints/ai_trigger_ooc.xdc (Line: 30)
Related violations: <none>

XDCH-2#312 Warning
Same min and max delay values on IO port  
The same output delay of 0.000 ns has been defined on port 'EVENT_DATA[231]' relative to clock CLK_ADC for both max and min. Make sure this reflects the design intent.
set_output_delay -clock [get_clocks CLK_ADC] 0.000 [get_ports -quiet {EVENT_VALID EVENT_DATA* EVENT_LAST EVENT_CHUNK_ID* EVENT_TIMESTAMP* EVENT_SCORE* RING_MISS_COUNT* CHUNK_OVERFLOW}]
/home/work1/Works/AI-Trigger-System/HDL/constraints/ai_trigger_ooc.xdc (Line: 30)
Related violations: <none>

XDCH-2#313 Warning
Same min and max delay values on IO port  
The same output delay of 0.000 ns has been defined on port 'EVENT_DATA[232]' relative to clock CLK_ADC for both max and min. Make sure this reflects the design intent.
set_output_delay -clock [get_clocks CLK_ADC] 0.000 [get_ports -quiet {EVENT_VALID EVENT_DATA* EVENT_LAST EVENT_CHUNK_ID* EVENT_TIMESTAMP* EVENT_SCORE* RING_MISS_COUNT* CHUNK_OVERFLOW}]
/home/work1/Works/AI-Trigger-System/HDL/constraints/ai_trigger_ooc.xdc (Line: 30)
Related violations: <none>

XDCH-2#314 Warning
Same min and max delay values on IO port  
The same output delay of 0.000 ns has been defined on port 'EVENT_DATA[233]' relative to clock CLK_ADC for both max and min. Make sure this reflects the design intent.
set_output_delay -clock [get_clocks CLK_ADC] 0.000 [get_ports -quiet {EVENT_VALID EVENT_DATA* EVENT_LAST EVENT_CHUNK_ID* EVENT_TIMESTAMP* EVENT_SCORE* RING_MISS_COUNT* CHUNK_OVERFLOW}]
/home/work1/Works/AI-Trigger-System/HDL/constraints/ai_trigger_ooc.xdc (Line: 30)
Related violations: <none>

XDCH-2#315 Warning
Same min and max delay values on IO port  
The same output delay of 0.000 ns has been defined on port 'EVENT_DATA[234]' relative to clock CLK_ADC for both max and min. Make sure this reflects the design intent.
set_output_delay -clock [get_clocks CLK_ADC] 0.000 [get_ports -quiet {EVENT_VALID EVENT_DATA* EVENT_LAST EVENT_CHUNK_ID* EVENT_TIMESTAMP* EVENT_SCORE* RING_MISS_COUNT* CHUNK_OVERFLOW}]
/home/work1/Works/AI-Trigger-System/HDL/constraints/ai_trigger_ooc.xdc (Line: 30)
Related violations: <none>

XDCH-2#316 Warning
Same min and max delay values on IO port  
The same output delay of 0.000 ns has been defined on port 'EVENT_DATA[235]' relative to clock CLK_ADC for both max and min. Make sure this reflects the design intent.
set_output_delay -clock [get_clocks CLK_ADC] 0.000 [get_ports -quiet {EVENT_VALID EVENT_DATA* EVENT_LAST EVENT_CHUNK_ID* EVENT_TIMESTAMP* EVENT_SCORE* RING_MISS_COUNT* CHUNK_OVERFLOW}]
/home/work1/Works/AI-Trigger-System/HDL/constraints/ai_trigger_ooc.xdc (Line: 30)
Related violations: <none>

XDCH-2#317 Warning
Same min and max delay values on IO port  
The same output delay of 0.000 ns has been defined on port 'EVENT_DATA[236]' relative to clock CLK_ADC for both max and min. Make sure this reflects the design intent.
set_output_delay -clock [get_clocks CLK_ADC] 0.000 [get_ports -quiet {EVENT_VALID EVENT_DATA* EVENT_LAST EVENT_CHUNK_ID* EVENT_TIMESTAMP* EVENT_SCORE* RING_MISS_COUNT* CHUNK_OVERFLOW}]
/home/work1/Works/AI-Trigger-System/HDL/constraints/ai_trigger_ooc.xdc (Line: 30)
Related violations: <none>

XDCH-2#318 Warning
Same min and max delay values on IO port  
The same output delay of 0.000 ns has been defined on port 'EVENT_DATA[237]' relative to clock CLK_ADC for both max and min. Make sure this reflects the design intent.
set_output_delay -clock [get_clocks CLK_ADC] 0.000 [get_ports -quiet {EVENT_VALID EVENT_DATA* EVENT_LAST EVENT_CHUNK_ID* EVENT_TIMESTAMP* EVENT_SCORE* RING_MISS_COUNT* CHUNK_OVERFLOW}]
/home/work1/Works/AI-Trigger-System/HDL/constraints/ai_trigger_ooc.xdc (Line: 30)
Related violations: <none>

XDCH-2#319 Warning
Same min and max delay values on IO port  
The same output delay of 0.000 ns has been defined on port 'EVENT_DATA[238]' relative to clock CLK_ADC for both max and min. Make sure this reflects the design intent.
set_output_delay -clock [get_clocks CLK_ADC] 0.000 [get_ports -quiet {EVENT_VALID EVENT_DATA* EVENT_LAST EVENT_CHUNK_ID* EVENT_TIMESTAMP* EVENT_SCORE* RING_MISS_COUNT* CHUNK_OVERFLOW}]
/home/work1/Works/AI-Trigger-System/HDL/constraints/ai_trigger_ooc.xdc (Line: 30)
Related violations: <none>

XDCH-2#320 Warning
Same min and max delay values on IO port  
The same output delay of 0.000 ns has been defined on port 'EVENT_DATA[239]' relative to clock CLK_ADC for both max and min. Make sure this reflects the design intent.
set_output_delay -clock [get_clocks CLK_ADC] 0.000 [get_ports -quiet {EVENT_VALID EVENT_DATA* EVENT_LAST EVENT_CHUNK_ID* EVENT_TIMESTAMP* EVENT_SCORE* RING_MISS_COUNT* CHUNK_OVERFLOW}]
/home/work1/Works/AI-Trigger-System/HDL/constraints/ai_trigger_ooc.xdc (Line: 30)
Related violations: <none>

XDCH-2#321 Warning
Same min and max delay values on IO port  
The same output delay of 0.000 ns has been defined on port 'EVENT_DATA[23]' relative to clock CLK_ADC for both max and min. Make sure this reflects the design intent.
set_output_delay -clock [get_clocks CLK_ADC] 0.000 [get_ports -quiet {EVENT_VALID EVENT_DATA* EVENT_LAST EVENT_CHUNK_ID* EVENT_TIMESTAMP* EVENT_SCORE* RING_MISS_COUNT* CHUNK_OVERFLOW}]
/home/work1/Works/AI-Trigger-System/HDL/constraints/ai_trigger_ooc.xdc (Line: 30)
Related violations: <none>

XDCH-2#322 Warning
Same min and max delay values on IO port  
The same output delay of 0.000 ns has been defined on port 'EVENT_DATA[240]' relative to clock CLK_ADC for both max and min. Make sure this reflects the design intent.
set_output_delay -clock [get_clocks CLK_ADC] 0.000 [get_ports -quiet {EVENT_VALID EVENT_DATA* EVENT_LAST EVENT_CHUNK_ID* EVENT_TIMESTAMP* EVENT_SCORE* RING_MISS_COUNT* CHUNK_OVERFLOW}]
/home/work1/Works/AI-Trigger-System/HDL/constraints/ai_trigger_ooc.xdc (Line: 30)
Related violations: <none>

XDCH-2#323 Warning
Same min and max delay values on IO port  
The same output delay of 0.000 ns has been defined on port 'EVENT_DATA[241]' relative to clock CLK_ADC for both max and min. Make sure this reflects the design intent.
set_output_delay -clock [get_clocks CLK_ADC] 0.000 [get_ports -quiet {EVENT_VALID EVENT_DATA* EVENT_LAST EVENT_CHUNK_ID* EVENT_TIMESTAMP* EVENT_SCORE* RING_MISS_COUNT* CHUNK_OVERFLOW}]
/home/work1/Works/AI-Trigger-System/HDL/constraints/ai_trigger_ooc.xdc (Line: 30)
Related violations: <none>

XDCH-2#324 Warning
Same min and max delay values on IO port  
The same output delay of 0.000 ns has been defined on port 'EVENT_DATA[242]' relative to clock CLK_ADC for both max and min. Make sure this reflects the design intent.
set_output_delay -clock [get_clocks CLK_ADC] 0.000 [get_ports -quiet {EVENT_VALID EVENT_DATA* EVENT_LAST EVENT_CHUNK_ID* EVENT_TIMESTAMP* EVENT_SCORE* RING_MISS_COUNT* CHUNK_OVERFLOW}]
/home/work1/Works/AI-Trigger-System/HDL/constraints/ai_trigger_ooc.xdc (Line: 30)
Related violations: <none>

XDCH-2#325 Warning
Same min and max delay values on IO port  
The same output delay of 0.000 ns has been defined on port 'EVENT_DATA[243]' relative to clock CLK_ADC for both max and min. Make sure this reflects the design intent.
set_output_delay -clock [get_clocks CLK_ADC] 0.000 [get_ports -quiet {EVENT_VALID EVENT_DATA* EVENT_LAST EVENT_CHUNK_ID* EVENT_TIMESTAMP* EVENT_SCORE* RING_MISS_COUNT* CHUNK_OVERFLOW}]
/home/work1/Works/AI-Trigger-System/HDL/constraints/ai_trigger_ooc.xdc (Line: 30)
Related violations: <none>

XDCH-2#326 Warning
Same min and max delay values on IO port  
The same output delay of 0.000 ns has been defined on port 'EVENT_DATA[244]' relative to clock CLK_ADC for both max and min. Make sure this reflects the design intent.
set_output_delay -clock [get_clocks CLK_ADC] 0.000 [get_ports -quiet {EVENT_VALID EVENT_DATA* EVENT_LAST EVENT_CHUNK_ID* EVENT_TIMESTAMP* EVENT_SCORE* RING_MISS_COUNT* CHUNK_OVERFLOW}]
/home/work1/Works/AI-Trigger-System/HDL/constraints/ai_trigger_ooc.xdc (Line: 30)
Related violations: <none>

XDCH-2#327 Warning
Same min and max delay values on IO port  
The same output delay of 0.000 ns has been defined on port 'EVENT_DATA[245]' relative to clock CLK_ADC for both max and min. Make sure this reflects the design intent.
set_output_delay -clock [get_clocks CLK_ADC] 0.000 [get_ports -quiet {EVENT_VALID EVENT_DATA* EVENT_LAST EVENT_CHUNK_ID* EVENT_TIMESTAMP* EVENT_SCORE* RING_MISS_COUNT* CHUNK_OVERFLOW}]
/home/work1/Works/AI-Trigger-System/HDL/constraints/ai_trigger_ooc.xdc (Line: 30)
Related violations: <none>

XDCH-2#328 Warning
Same min and max delay values on IO port  
The same output delay of 0.000 ns has been defined on port 'EVENT_DATA[246]' relative to clock CLK_ADC for both max and min. Make sure this reflects the design intent.
set_output_delay -clock [get_clocks CLK_ADC] 0.000 [get_ports -quiet {EVENT_VALID EVENT_DATA* EVENT_LAST EVENT_CHUNK_ID* EVENT_TIMESTAMP* EVENT_SCORE* RING_MISS_COUNT* CHUNK_OVERFLOW}]
/home/work1/Works/AI-Trigger-System/HDL/constraints/ai_trigger_ooc.xdc (Line: 30)
Related violations: <none>

XDCH-2#329 Warning
Same min and max delay values on IO port  
The same output delay of 0.000 ns has been defined on port 'EVENT_DATA[247]' relative to clock CLK_ADC for both max and min. Make sure this reflects the design intent.
set_output_delay -clock [get_clocks CLK_ADC] 0.000 [get_ports -quiet {EVENT_VALID EVENT_DATA* EVENT_LAST EVENT_CHUNK_ID* EVENT_TIMESTAMP* EVENT_SCORE* RING_MISS_COUNT* CHUNK_OVERFLOW}]
/home/work1/Works/AI-Trigger-System/HDL/constraints/ai_trigger_ooc.xdc (Line: 30)
Related violations: <none>

XDCH-2#330 Warning
Same min and max delay values on IO port  
The same output delay of 0.000 ns has been defined on port 'EVENT_DATA[248]' relative to clock CLK_ADC for both max and min. Make sure this reflects the design intent.
set_output_delay -clock [get_clocks CLK_ADC] 0.000 [get_ports -quiet {EVENT_VALID EVENT_DATA* EVENT_LAST EVENT_CHUNK_ID* EVENT_TIMESTAMP* EVENT_SCORE* RING_MISS_COUNT* CHUNK_OVERFLOW}]
/home/work1/Works/AI-Trigger-System/HDL/constraints/ai_trigger_ooc.xdc (Line: 30)
Related violations: <none>

XDCH-2#331 Warning
Same min and max delay values on IO port  
The same output delay of 0.000 ns has been defined on port 'EVENT_DATA[249]' relative to clock CLK_ADC for both max and min. Make sure this reflects the design intent.
set_output_delay -clock [get_clocks CLK_ADC] 0.000 [get_ports -quiet {EVENT_VALID EVENT_DATA* EVENT_LAST EVENT_CHUNK_ID* EVENT_TIMESTAMP* EVENT_SCORE* RING_MISS_COUNT* CHUNK_OVERFLOW}]
/home/work1/Works/AI-Trigger-System/HDL/constraints/ai_trigger_ooc.xdc (Line: 30)
Related violations: <none>

XDCH-2#332 Warning
Same min and max delay values on IO port  
The same output delay of 0.000 ns has been defined on port 'EVENT_DATA[24]' relative to clock CLK_ADC for both max and min. Make sure this reflects the design intent.
set_output_delay -clock [get_clocks CLK_ADC] 0.000 [get_ports -quiet {EVENT_VALID EVENT_DATA* EVENT_LAST EVENT_CHUNK_ID* EVENT_TIMESTAMP* EVENT_SCORE* RING_MISS_COUNT* CHUNK_OVERFLOW}]
/home/work1/Works/AI-Trigger-System/HDL/constraints/ai_trigger_ooc.xdc (Line: 30)
Related violations: <none>

XDCH-2#333 Warning
Same min and max delay values on IO port  
The same output delay of 0.000 ns has been defined on port 'EVENT_DATA[250]' relative to clock CLK_ADC for both max and min. Make sure this reflects the design intent.
set_output_delay -clock [get_clocks CLK_ADC] 0.000 [get_ports -quiet {EVENT_VALID EVENT_DATA* EVENT_LAST EVENT_CHUNK_ID* EVENT_TIMESTAMP* EVENT_SCORE* RING_MISS_COUNT* CHUNK_OVERFLOW}]
/home/work1/Works/AI-Trigger-System/HDL/constraints/ai_trigger_ooc.xdc (Line: 30)
Related violations: <none>

XDCH-2#334 Warning
Same min and max delay values on IO port  
The same output delay of 0.000 ns has been defined on port 'EVENT_DATA[251]' relative to clock CLK_ADC for both max and min. Make sure this reflects the design intent.
set_output_delay -clock [get_clocks CLK_ADC] 0.000 [get_ports -quiet {EVENT_VALID EVENT_DATA* EVENT_LAST EVENT_CHUNK_ID* EVENT_TIMESTAMP* EVENT_SCORE* RING_MISS_COUNT* CHUNK_OVERFLOW}]
/home/work1/Works/AI-Trigger-System/HDL/constraints/ai_trigger_ooc.xdc (Line: 30)
Related violations: <none>

XDCH-2#335 Warning
Same min and max delay values on IO port  
The same output delay of 0.000 ns has been defined on port 'EVENT_DATA[252]' relative to clock CLK_ADC for both max and min. Make sure this reflects the design intent.
set_output_delay -clock [get_clocks CLK_ADC] 0.000 [get_ports -quiet {EVENT_VALID EVENT_DATA* EVENT_LAST EVENT_CHUNK_ID* EVENT_TIMESTAMP* EVENT_SCORE* RING_MISS_COUNT* CHUNK_OVERFLOW}]
/home/work1/Works/AI-Trigger-System/HDL/constraints/ai_trigger_ooc.xdc (Line: 30)
Related violations: <none>

XDCH-2#336 Warning
Same min and max delay values on IO port  
The same output delay of 0.000 ns has been defined on port 'EVENT_DATA[253]' relative to clock CLK_ADC for both max and min. Make sure this reflects the design intent.
set_output_delay -clock [get_clocks CLK_ADC] 0.000 [get_ports -quiet {EVENT_VALID EVENT_DATA* EVENT_LAST EVENT_CHUNK_ID* EVENT_TIMESTAMP* EVENT_SCORE* RING_MISS_COUNT* CHUNK_OVERFLOW}]
/home/work1/Works/AI-Trigger-System/HDL/constraints/ai_trigger_ooc.xdc (Line: 30)
Related violations: <none>

XDCH-2#337 Warning
Same min and max delay values on IO port  
The same output delay of 0.000 ns has been defined on port 'EVENT_DATA[254]' relative to clock CLK_ADC for both max and min. Make sure this reflects the design intent.
set_output_delay -clock [get_clocks CLK_ADC] 0.000 [get_ports -quiet {EVENT_VALID EVENT_DATA* EVENT_LAST EVENT_CHUNK_ID* EVENT_TIMESTAMP* EVENT_SCORE* RING_MISS_COUNT* CHUNK_OVERFLOW}]
/home/work1/Works/AI-Trigger-System/HDL/constraints/ai_trigger_ooc.xdc (Line: 30)
Related violations: <none>

XDCH-2#338 Warning
Same min and max delay values on IO port  
The same output delay of 0.000 ns has been defined on port 'EVENT_DATA[255]' relative to clock CLK_ADC for both max and min. Make sure this reflects the design intent.
set_output_delay -clock [get_clocks CLK_ADC] 0.000 [get_ports -quiet {EVENT_VALID EVENT_DATA* EVENT_LAST EVENT_CHUNK_ID* EVENT_TIMESTAMP* EVENT_SCORE* RING_MISS_COUNT* CHUNK_OVERFLOW}]
/home/work1/Works/AI-Trigger-System/HDL/constraints/ai_trigger_ooc.xdc (Line: 30)
Related violations: <none>

XDCH-2#339 Warning
Same min and max delay values on IO port  
The same output delay of 0.000 ns has been defined on port 'EVENT_DATA[256]' relative to clock CLK_ADC for both max and min. Make sure this reflects the design intent.
set_output_delay -clock [get_clocks CLK_ADC] 0.000 [get_ports -quiet {EVENT_VALID EVENT_DATA* EVENT_LAST EVENT_CHUNK_ID* EVENT_TIMESTAMP* EVENT_SCORE* RING_MISS_COUNT* CHUNK_OVERFLOW}]
/home/work1/Works/AI-Trigger-System/HDL/constraints/ai_trigger_ooc.xdc (Line: 30)
Related violations: <none>

XDCH-2#340 Warning
Same min and max delay values on IO port  
The same output delay of 0.000 ns has been defined on port 'EVENT_DATA[257]' relative to clock CLK_ADC for both max and min. Make sure this reflects the design intent.
set_output_delay -clock [get_clocks CLK_ADC] 0.000 [get_ports -quiet {EVENT_VALID EVENT_DATA* EVENT_LAST EVENT_CHUNK_ID* EVENT_TIMESTAMP* EVENT_SCORE* RING_MISS_COUNT* CHUNK_OVERFLOW}]
/home/work1/Works/AI-Trigger-System/HDL/constraints/ai_trigger_ooc.xdc (Line: 30)
Related violations: <none>

XDCH-2#341 Warning
Same min and max delay values on IO port  
The same output delay of 0.000 ns has been defined on port 'EVENT_DATA[258]' relative to clock CLK_ADC for both max and min. Make sure this reflects the design intent.
set_output_delay -clock [get_clocks CLK_ADC] 0.000 [get_ports -quiet {EVENT_VALID EVENT_DATA* EVENT_LAST EVENT_CHUNK_ID* EVENT_TIMESTAMP* EVENT_SCORE* RING_MISS_COUNT* CHUNK_OVERFLOW}]
/home/work1/Works/AI-Trigger-System/HDL/constraints/ai_trigger_ooc.xdc (Line: 30)
Related violations: <none>

XDCH-2#342 Warning
Same min and max delay values on IO port  
The same output delay of 0.000 ns has been defined on port 'EVENT_DATA[259]' relative to clock CLK_ADC for both max and min. Make sure this reflects the design intent.
set_output_delay -clock [get_clocks CLK_ADC] 0.000 [get_ports -quiet {EVENT_VALID EVENT_DATA* EVENT_LAST EVENT_CHUNK_ID* EVENT_TIMESTAMP* EVENT_SCORE* RING_MISS_COUNT* CHUNK_OVERFLOW}]
/home/work1/Works/AI-Trigger-System/HDL/constraints/ai_trigger_ooc.xdc (Line: 30)
Related violations: <none>

XDCH-2#343 Warning
Same min and max delay values on IO port  
The same output delay of 0.000 ns has been defined on port 'EVENT_DATA[25]' relative to clock CLK_ADC for both max and min. Make sure this reflects the design intent.
set_output_delay -clock [get_clocks CLK_ADC] 0.000 [get_ports -quiet {EVENT_VALID EVENT_DATA* EVENT_LAST EVENT_CHUNK_ID* EVENT_TIMESTAMP* EVENT_SCORE* RING_MISS_COUNT* CHUNK_OVERFLOW}]
/home/work1/Works/AI-Trigger-System/HDL/constraints/ai_trigger_ooc.xdc (Line: 30)
Related violations: <none>

XDCH-2#344 Warning
Same min and max delay values on IO port  
The same output delay of 0.000 ns has been defined on port 'EVENT_DATA[260]' relative to clock CLK_ADC for both max and min. Make sure this reflects the design intent.
set_output_delay -clock [get_clocks CLK_ADC] 0.000 [get_ports -quiet {EVENT_VALID EVENT_DATA* EVENT_LAST EVENT_CHUNK_ID* EVENT_TIMESTAMP* EVENT_SCORE* RING_MISS_COUNT* CHUNK_OVERFLOW}]
/home/work1/Works/AI-Trigger-System/HDL/constraints/ai_trigger_ooc.xdc (Line: 30)
Related violations: <none>

XDCH-2#345 Warning
Same min and max delay values on IO port  
The same output delay of 0.000 ns has been defined on port 'EVENT_DATA[261]' relative to clock CLK_ADC for both max and min. Make sure this reflects the design intent.
set_output_delay -clock [get_clocks CLK_ADC] 0.000 [get_ports -quiet {EVENT_VALID EVENT_DATA* EVENT_LAST EVENT_CHUNK_ID* EVENT_TIMESTAMP* EVENT_SCORE* RING_MISS_COUNT* CHUNK_OVERFLOW}]
/home/work1/Works/AI-Trigger-System/HDL/constraints/ai_trigger_ooc.xdc (Line: 30)
Related violations: <none>

XDCH-2#346 Warning
Same min and max delay values on IO port  
The same output delay of 0.000 ns has been defined on port 'EVENT_DATA[262]' relative to clock CLK_ADC for both max and min. Make sure this reflects the design intent.
set_output_delay -clock [get_clocks CLK_ADC] 0.000 [get_ports -quiet {EVENT_VALID EVENT_DATA* EVENT_LAST EVENT_CHUNK_ID* EVENT_TIMESTAMP* EVENT_SCORE* RING_MISS_COUNT* CHUNK_OVERFLOW}]
/home/work1/Works/AI-Trigger-System/HDL/constraints/ai_trigger_ooc.xdc (Line: 30)
Related violations: <none>

XDCH-2#347 Warning
Same min and max delay values on IO port  
The same output delay of 0.000 ns has been defined on port 'EVENT_DATA[263]' relative to clock CLK_ADC for both max and min. Make sure this reflects the design intent.
set_output_delay -clock [get_clocks CLK_ADC] 0.000 [get_ports -quiet {EVENT_VALID EVENT_DATA* EVENT_LAST EVENT_CHUNK_ID* EVENT_TIMESTAMP* EVENT_SCORE* RING_MISS_COUNT* CHUNK_OVERFLOW}]
/home/work1/Works/AI-Trigger-System/HDL/constraints/ai_trigger_ooc.xdc (Line: 30)
Related violations: <none>

XDCH-2#348 Warning
Same min and max delay values on IO port  
The same output delay of 0.000 ns has been defined on port 'EVENT_DATA[264]' relative to clock CLK_ADC for both max and min. Make sure this reflects the design intent.
set_output_delay -clock [get_clocks CLK_ADC] 0.000 [get_ports -quiet {EVENT_VALID EVENT_DATA* EVENT_LAST EVENT_CHUNK_ID* EVENT_TIMESTAMP* EVENT_SCORE* RING_MISS_COUNT* CHUNK_OVERFLOW}]
/home/work1/Works/AI-Trigger-System/HDL/constraints/ai_trigger_ooc.xdc (Line: 30)
Related violations: <none>

XDCH-2#349 Warning
Same min and max delay values on IO port  
The same output delay of 0.000 ns has been defined on port 'EVENT_DATA[265]' relative to clock CLK_ADC for both max and min. Make sure this reflects the design intent.
set_output_delay -clock [get_clocks CLK_ADC] 0.000 [get_ports -quiet {EVENT_VALID EVENT_DATA* EVENT_LAST EVENT_CHUNK_ID* EVENT_TIMESTAMP* EVENT_SCORE* RING_MISS_COUNT* CHUNK_OVERFLOW}]
/home/work1/Works/AI-Trigger-System/HDL/constraints/ai_trigger_ooc.xdc (Line: 30)
Related violations: <none>

XDCH-2#350 Warning
Same min and max delay values on IO port  
The same output delay of 0.000 ns has been defined on port 'EVENT_DATA[266]' relative to clock CLK_ADC for both max and min. Make sure this reflects the design intent.
set_output_delay -clock [get_clocks CLK_ADC] 0.000 [get_ports -quiet {EVENT_VALID EVENT_DATA* EVENT_LAST EVENT_CHUNK_ID* EVENT_TIMESTAMP* EVENT_SCORE* RING_MISS_COUNT* CHUNK_OVERFLOW}]
/home/work1/Works/AI-Trigger-System/HDL/constraints/ai_trigger_ooc.xdc (Line: 30)
Related violations: <none>

XDCH-2#351 Warning
Same min and max delay values on IO port  
The same output delay of 0.000 ns has been defined on port 'EVENT_DATA[267]' relative to clock CLK_ADC for both max and min. Make sure this reflects the design intent.
set_output_delay -clock [get_clocks CLK_ADC] 0.000 [get_ports -quiet {EVENT_VALID EVENT_DATA* EVENT_LAST EVENT_CHUNK_ID* EVENT_TIMESTAMP* EVENT_SCORE* RING_MISS_COUNT* CHUNK_OVERFLOW}]
/home/work1/Works/AI-Trigger-System/HDL/constraints/ai_trigger_ooc.xdc (Line: 30)
Related violations: <none>

XDCH-2#352 Warning
Same min and max delay values on IO port  
The same output delay of 0.000 ns has been defined on port 'EVENT_DATA[268]' relative to clock CLK_ADC for both max and min. Make sure this reflects the design intent.
set_output_delay -clock [get_clocks CLK_ADC] 0.000 [get_ports -quiet {EVENT_VALID EVENT_DATA* EVENT_LAST EVENT_CHUNK_ID* EVENT_TIMESTAMP* EVENT_SCORE* RING_MISS_COUNT* CHUNK_OVERFLOW}]
/home/work1/Works/AI-Trigger-System/HDL/constraints/ai_trigger_ooc.xdc (Line: 30)
Related violations: <none>

XDCH-2#353 Warning
Same min and max delay values on IO port  
The same output delay of 0.000 ns has been defined on port 'EVENT_DATA[269]' relative to clock CLK_ADC for both max and min. Make sure this reflects the design intent.
set_output_delay -clock [get_clocks CLK_ADC] 0.000 [get_ports -quiet {EVENT_VALID EVENT_DATA* EVENT_LAST EVENT_CHUNK_ID* EVENT_TIMESTAMP* EVENT_SCORE* RING_MISS_COUNT* CHUNK_OVERFLOW}]
/home/work1/Works/AI-Trigger-System/HDL/constraints/ai_trigger_ooc.xdc (Line: 30)
Related violations: <none>

XDCH-2#354 Warning
Same min and max delay values on IO port  
The same output delay of 0.000 ns has been defined on port 'EVENT_DATA[26]' relative to clock CLK_ADC for both max and min. Make sure this reflects the design intent.
set_output_delay -clock [get_clocks CLK_ADC] 0.000 [get_ports -quiet {EVENT_VALID EVENT_DATA* EVENT_LAST EVENT_CHUNK_ID* EVENT_TIMESTAMP* EVENT_SCORE* RING_MISS_COUNT* CHUNK_OVERFLOW}]
/home/work1/Works/AI-Trigger-System/HDL/constraints/ai_trigger_ooc.xdc (Line: 30)
Related violations: <none>

XDCH-2#355 Warning
Same min and max delay values on IO port  
The same output delay of 0.000 ns has been defined on port 'EVENT_DATA[270]' relative to clock CLK_ADC for both max and min. Make sure this reflects the design intent.
set_output_delay -clock [get_clocks CLK_ADC] 0.000 [get_ports -quiet {EVENT_VALID EVENT_DATA* EVENT_LAST EVENT_CHUNK_ID* EVENT_TIMESTAMP* EVENT_SCORE* RING_MISS_COUNT* CHUNK_OVERFLOW}]
/home/work1/Works/AI-Trigger-System/HDL/constraints/ai_trigger_ooc.xdc (Line: 30)
Related violations: <none>

XDCH-2#356 Warning
Same min and max delay values on IO port  
The same output delay of 0.000 ns has been defined on port 'EVENT_DATA[271]' relative to clock CLK_ADC for both max and min. Make sure this reflects the design intent.
set_output_delay -clock [get_clocks CLK_ADC] 0.000 [get_ports -quiet {EVENT_VALID EVENT_DATA* EVENT_LAST EVENT_CHUNK_ID* EVENT_TIMESTAMP* EVENT_SCORE* RING_MISS_COUNT* CHUNK_OVERFLOW}]
/home/work1/Works/AI-Trigger-System/HDL/constraints/ai_trigger_ooc.xdc (Line: 30)
Related violations: <none>

XDCH-2#357 Warning
Same min and max delay values on IO port  
The same output delay of 0.000 ns has been defined on port 'EVENT_DATA[272]' relative to clock CLK_ADC for both max and min. Make sure this reflects the design intent.
set_output_delay -clock [get_clocks CLK_ADC] 0.000 [get_ports -quiet {EVENT_VALID EVENT_DATA* EVENT_LAST EVENT_CHUNK_ID* EVENT_TIMESTAMP* EVENT_SCORE* RING_MISS_COUNT* CHUNK_OVERFLOW}]
/home/work1/Works/AI-Trigger-System/HDL/constraints/ai_trigger_ooc.xdc (Line: 30)
Related violations: <none>

XDCH-2#358 Warning
Same min and max delay values on IO port  
The same output delay of 0.000 ns has been defined on port 'EVENT_DATA[273]' relative to clock CLK_ADC for both max and min. Make sure this reflects the design intent.
set_output_delay -clock [get_clocks CLK_ADC] 0.000 [get_ports -quiet {EVENT_VALID EVENT_DATA* EVENT_LAST EVENT_CHUNK_ID* EVENT_TIMESTAMP* EVENT_SCORE* RING_MISS_COUNT* CHUNK_OVERFLOW}]
/home/work1/Works/AI-Trigger-System/HDL/constraints/ai_trigger_ooc.xdc (Line: 30)
Related violations: <none>

XDCH-2#359 Warning
Same min and max delay values on IO port  
The same output delay of 0.000 ns has been defined on port 'EVENT_DATA[274]' relative to clock CLK_ADC for both max and min. Make sure this reflects the design intent.
set_output_delay -clock [get_clocks CLK_ADC] 0.000 [get_ports -quiet {EVENT_VALID EVENT_DATA* EVENT_LAST EVENT_CHUNK_ID* EVENT_TIMESTAMP* EVENT_SCORE* RING_MISS_COUNT* CHUNK_OVERFLOW}]
/home/work1/Works/AI-Trigger-System/HDL/constraints/ai_trigger_ooc.xdc (Line: 30)
Related violations: <none>

XDCH-2#360 Warning
Same min and max delay values on IO port  
The same output delay of 0.000 ns has been defined on port 'EVENT_DATA[275]' relative to clock CLK_ADC for both max and min. Make sure this reflects the design intent.
set_output_delay -clock [get_clocks CLK_ADC] 0.000 [get_ports -quiet {EVENT_VALID EVENT_DATA* EVENT_LAST EVENT_CHUNK_ID* EVENT_TIMESTAMP* EVENT_SCORE* RING_MISS_COUNT* CHUNK_OVERFLOW}]
/home/work1/Works/AI-Trigger-System/HDL/constraints/ai_trigger_ooc.xdc (Line: 30)
Related violations: <none>

XDCH-2#361 Warning
Same min and max delay values on IO port  
The same output delay of 0.000 ns has been defined on port 'EVENT_DATA[276]' relative to clock CLK_ADC for both max and min. Make sure this reflects the design intent.
set_output_delay -clock [get_clocks CLK_ADC] 0.000 [get_ports -quiet {EVENT_VALID EVENT_DATA* EVENT_LAST EVENT_CHUNK_ID* EVENT_TIMESTAMP* EVENT_SCORE* RING_MISS_COUNT* CHUNK_OVERFLOW}]
/home/work1/Works/AI-Trigger-System/HDL/constraints/ai_trigger_ooc.xdc (Line: 30)
Related violations: <none>

XDCH-2#362 Warning
Same min and max delay values on IO port  
The same output delay of 0.000 ns has been defined on port 'EVENT_DATA[277]' relative to clock CLK_ADC for both max and min. Make sure this reflects the design intent.
set_output_delay -clock [get_clocks CLK_ADC] 0.000 [get_ports -quiet {EVENT_VALID EVENT_DATA* EVENT_LAST EVENT_CHUNK_ID* EVENT_TIMESTAMP* EVENT_SCORE* RING_MISS_COUNT* CHUNK_OVERFLOW}]
/home/work1/Works/AI-Trigger-System/HDL/constraints/ai_trigger_ooc.xdc (Line: 30)
Related violations: <none>

XDCH-2#363 Warning
Same min and max delay values on IO port  
The same output delay of 0.000 ns has been defined on port 'EVENT_DATA[278]' relative to clock CLK_ADC for both max and min. Make sure this reflects the design intent.
set_output_delay -clock [get_clocks CLK_ADC] 0.000 [get_ports -quiet {EVENT_VALID EVENT_DATA* EVENT_LAST EVENT_CHUNK_ID* EVENT_TIMESTAMP* EVENT_SCORE* RING_MISS_COUNT* CHUNK_OVERFLOW}]
/home/work1/Works/AI-Trigger-System/HDL/constraints/ai_trigger_ooc.xdc (Line: 30)
Related violations: <none>

XDCH-2#364 Warning
Same min and max delay values on IO port  
The same output delay of 0.000 ns has been defined on port 'EVENT_DATA[279]' relative to clock CLK_ADC for both max and min. Make sure this reflects the design intent.
set_output_delay -clock [get_clocks CLK_ADC] 0.000 [get_ports -quiet {EVENT_VALID EVENT_DATA* EVENT_LAST EVENT_CHUNK_ID* EVENT_TIMESTAMP* EVENT_SCORE* RING_MISS_COUNT* CHUNK_OVERFLOW}]
/home/work1/Works/AI-Trigger-System/HDL/constraints/ai_trigger_ooc.xdc (Line: 30)
Related violations: <none>

XDCH-2#365 Warning
Same min and max delay values on IO port  
The same output delay of 0.000 ns has been defined on port 'EVENT_DATA[27]' relative to clock CLK_ADC for both max and min. Make sure this reflects the design intent.
set_output_delay -clock [get_clocks CLK_ADC] 0.000 [get_ports -quiet {EVENT_VALID EVENT_DATA* EVENT_LAST EVENT_CHUNK_ID* EVENT_TIMESTAMP* EVENT_SCORE* RING_MISS_COUNT* CHUNK_OVERFLOW}]
/home/work1/Works/AI-Trigger-System/HDL/constraints/ai_trigger_ooc.xdc (Line: 30)
Related violations: <none>

XDCH-2#366 Warning
Same min and max delay values on IO port  
The same output delay of 0.000 ns has been defined on port 'EVENT_DATA[280]' relative to clock CLK_ADC for both max and min. Make sure this reflects the design intent.
set_output_delay -clock [get_clocks CLK_ADC] 0.000 [get_ports -quiet {EVENT_VALID EVENT_DATA* EVENT_LAST EVENT_CHUNK_ID* EVENT_TIMESTAMP* EVENT_SCORE* RING_MISS_COUNT* CHUNK_OVERFLOW}]
/home/work1/Works/AI-Trigger-System/HDL/constraints/ai_trigger_ooc.xdc (Line: 30)
Related violations: <none>

XDCH-2#367 Warning
Same min and max delay values on IO port  
The same output delay of 0.000 ns has been defined on port 'EVENT_DATA[281]' relative to clock CLK_ADC for both max and min. Make sure this reflects the design intent.
set_output_delay -clock [get_clocks CLK_ADC] 0.000 [get_ports -quiet {EVENT_VALID EVENT_DATA* EVENT_LAST EVENT_CHUNK_ID* EVENT_TIMESTAMP* EVENT_SCORE* RING_MISS_COUNT* CHUNK_OVERFLOW}]
/home/work1/Works/AI-Trigger-System/HDL/constraints/ai_trigger_ooc.xdc (Line: 30)
Related violations: <none>

XDCH-2#368 Warning
Same min and max delay values on IO port  
The same output delay of 0.000 ns has been defined on port 'EVENT_DATA[282]' relative to clock CLK_ADC for both max and min. Make sure this reflects the design intent.
set_output_delay -clock [get_clocks CLK_ADC] 0.000 [get_ports -quiet {EVENT_VALID EVENT_DATA* EVENT_LAST EVENT_CHUNK_ID* EVENT_TIMESTAMP* EVENT_SCORE* RING_MISS_COUNT* CHUNK_OVERFLOW}]
/home/work1/Works/AI-Trigger-System/HDL/constraints/ai_trigger_ooc.xdc (Line: 30)
Related violations: <none>

XDCH-2#369 Warning
Same min and max delay values on IO port  
The same output delay of 0.000 ns has been defined on port 'EVENT_DATA[283]' relative to clock CLK_ADC for both max and min. Make sure this reflects the design intent.
set_output_delay -clock [get_clocks CLK_ADC] 0.000 [get_ports -quiet {EVENT_VALID EVENT_DATA* EVENT_LAST EVENT_CHUNK_ID* EVENT_TIMESTAMP* EVENT_SCORE* RING_MISS_COUNT* CHUNK_OVERFLOW}]
/home/work1/Works/AI-Trigger-System/HDL/constraints/ai_trigger_ooc.xdc (Line: 30)
Related violations: <none>

XDCH-2#370 Warning
Same min and max delay values on IO port  
The same output delay of 0.000 ns has been defined on port 'EVENT_DATA[284]' relative to clock CLK_ADC for both max and min. Make sure this reflects the design intent.
set_output_delay -clock [get_clocks CLK_ADC] 0.000 [get_ports -quiet {EVENT_VALID EVENT_DATA* EVENT_LAST EVENT_CHUNK_ID* EVENT_TIMESTAMP* EVENT_SCORE* RING_MISS_COUNT* CHUNK_OVERFLOW}]
/home/work1/Works/AI-Trigger-System/HDL/constraints/ai_trigger_ooc.xdc (Line: 30)
Related violations: <none>

XDCH-2#371 Warning
Same min and max delay values on IO port  
The same output delay of 0.000 ns has been defined on port 'EVENT_DATA[285]' relative to clock CLK_ADC for both max and min. Make sure this reflects the design intent.
set_output_delay -clock [get_clocks CLK_ADC] 0.000 [get_ports -quiet {EVENT_VALID EVENT_DATA* EVENT_LAST EVENT_CHUNK_ID* EVENT_TIMESTAMP* EVENT_SCORE* RING_MISS_COUNT* CHUNK_OVERFLOW}]
/home/work1/Works/AI-Trigger-System/HDL/constraints/ai_trigger_ooc.xdc (Line: 30)
Related violations: <none>

XDCH-2#372 Warning
Same min and max delay values on IO port  
The same output delay of 0.000 ns has been defined on port 'EVENT_DATA[286]' relative to clock CLK_ADC for both max and min. Make sure this reflects the design intent.
set_output_delay -clock [get_clocks CLK_ADC] 0.000 [get_ports -quiet {EVENT_VALID EVENT_DATA* EVENT_LAST EVENT_CHUNK_ID* EVENT_TIMESTAMP* EVENT_SCORE* RING_MISS_COUNT* CHUNK_OVERFLOW}]
/home/work1/Works/AI-Trigger-System/HDL/constraints/ai_trigger_ooc.xdc (Line: 30)
Related violations: <none>

XDCH-2#373 Warning
Same min and max delay values on IO port  
The same output delay of 0.000 ns has been defined on port 'EVENT_DATA[287]' relative to clock CLK_ADC for both max and min. Make sure this reflects the design intent.
set_output_delay -clock [get_clocks CLK_ADC] 0.000 [get_ports -quiet {EVENT_VALID EVENT_DATA* EVENT_LAST EVENT_CHUNK_ID* EVENT_TIMESTAMP* EVENT_SCORE* RING_MISS_COUNT* CHUNK_OVERFLOW}]
/home/work1/Works/AI-Trigger-System/HDL/constraints/ai_trigger_ooc.xdc (Line: 30)
Related violations: <none>

XDCH-2#374 Warning
Same min and max delay values on IO port  
The same output delay of 0.000 ns has been defined on port 'EVENT_DATA[288]' relative to clock CLK_ADC for both max and min. Make sure this reflects the design intent.
set_output_delay -clock [get_clocks CLK_ADC] 0.000 [get_ports -quiet {EVENT_VALID EVENT_DATA* EVENT_LAST EVENT_CHUNK_ID* EVENT_TIMESTAMP* EVENT_SCORE* RING_MISS_COUNT* CHUNK_OVERFLOW}]
/home/work1/Works/AI-Trigger-System/HDL/constraints/ai_trigger_ooc.xdc (Line: 30)
Related violations: <none>

XDCH-2#375 Warning
Same min and max delay values on IO port  
The same output delay of 0.000 ns has been defined on port 'EVENT_DATA[289]' relative to clock CLK_ADC for both max and min. Make sure this reflects the design intent.
set_output_delay -clock [get_clocks CLK_ADC] 0.000 [get_ports -quiet {EVENT_VALID EVENT_DATA* EVENT_LAST EVENT_CHUNK_ID* EVENT_TIMESTAMP* EVENT_SCORE* RING_MISS_COUNT* CHUNK_OVERFLOW}]
/home/work1/Works/AI-Trigger-System/HDL/constraints/ai_trigger_ooc.xdc (Line: 30)
Related violations: <none>

XDCH-2#376 Warning
Same min and max delay values on IO port  
The same output delay of 0.000 ns has been defined on port 'EVENT_DATA[28]' relative to clock CLK_ADC for both max and min. Make sure this reflects the design intent.
set_output_delay -clock [get_clocks CLK_ADC] 0.000 [get_ports -quiet {EVENT_VALID EVENT_DATA* EVENT_LAST EVENT_CHUNK_ID* EVENT_TIMESTAMP* EVENT_SCORE* RING_MISS_COUNT* CHUNK_OVERFLOW}]
/home/work1/Works/AI-Trigger-System/HDL/constraints/ai_trigger_ooc.xdc (Line: 30)
Related violations: <none>

XDCH-2#377 Warning
Same min and max delay values on IO port  
The same output delay of 0.000 ns has been defined on port 'EVENT_DATA[290]' relative to clock CLK_ADC for both max and min. Make sure this reflects the design intent.
set_output_delay -clock [get_clocks CLK_ADC] 0.000 [get_ports -quiet {EVENT_VALID EVENT_DATA* EVENT_LAST EVENT_CHUNK_ID* EVENT_TIMESTAMP* EVENT_SCORE* RING_MISS_COUNT* CHUNK_OVERFLOW}]
/home/work1/Works/AI-Trigger-System/HDL/constraints/ai_trigger_ooc.xdc (Line: 30)
Related violations: <none>

XDCH-2#378 Warning
Same min and max delay values on IO port  
The same output delay of 0.000 ns has been defined on port 'EVENT_DATA[291]' relative to clock CLK_ADC for both max and min. Make sure this reflects the design intent.
set_output_delay -clock [get_clocks CLK_ADC] 0.000 [get_ports -quiet {EVENT_VALID EVENT_DATA* EVENT_LAST EVENT_CHUNK_ID* EVENT_TIMESTAMP* EVENT_SCORE* RING_MISS_COUNT* CHUNK_OVERFLOW}]
/home/work1/Works/AI-Trigger-System/HDL/constraints/ai_trigger_ooc.xdc (Line: 30)
Related violations: <none>

XDCH-2#379 Warning
Same min and max delay values on IO port  
The same output delay of 0.000 ns has been defined on port 'EVENT_DATA[292]' relative to clock CLK_ADC for both max and min. Make sure this reflects the design intent.
set_output_delay -clock [get_clocks CLK_ADC] 0.000 [get_ports -quiet {EVENT_VALID EVENT_DATA* EVENT_LAST EVENT_CHUNK_ID* EVENT_TIMESTAMP* EVENT_SCORE* RING_MISS_COUNT* CHUNK_OVERFLOW}]
/home/work1/Works/AI-Trigger-System/HDL/constraints/ai_trigger_ooc.xdc (Line: 30)
Related violations: <none>

XDCH-2#380 Warning
Same min and max delay values on IO port  
The same output delay of 0.000 ns has been defined on port 'EVENT_DATA[293]' relative to clock CLK_ADC for both max and min. Make sure this reflects the design intent.
set_output_delay -clock [get_clocks CLK_ADC] 0.000 [get_ports -quiet {EVENT_VALID EVENT_DATA* EVENT_LAST EVENT_CHUNK_ID* EVENT_TIMESTAMP* EVENT_SCORE* RING_MISS_COUNT* CHUNK_OVERFLOW}]
/home/work1/Works/AI-Trigger-System/HDL/constraints/ai_trigger_ooc.xdc (Line: 30)
Related violations: <none>

XDCH-2#381 Warning
Same min and max delay values on IO port  
The same output delay of 0.000 ns has been defined on port 'EVENT_DATA[294]' relative to clock CLK_ADC for both max and min. Make sure this reflects the design intent.
set_output_delay -clock [get_clocks CLK_ADC] 0.000 [get_ports -quiet {EVENT_VALID EVENT_DATA* EVENT_LAST EVENT_CHUNK_ID* EVENT_TIMESTAMP* EVENT_SCORE* RING_MISS_COUNT* CHUNK_OVERFLOW}]
/home/work1/Works/AI-Trigger-System/HDL/constraints/ai_trigger_ooc.xdc (Line: 30)
Related violations: <none>

XDCH-2#382 Warning
Same min and max delay values on IO port  
The same output delay of 0.000 ns has been defined on port 'EVENT_DATA[295]' relative to clock CLK_ADC for both max and min. Make sure this reflects the design intent.
set_output_delay -clock [get_clocks CLK_ADC] 0.000 [get_ports -quiet {EVENT_VALID EVENT_DATA* EVENT_LAST EVENT_CHUNK_ID* EVENT_TIMESTAMP* EVENT_SCORE* RING_MISS_COUNT* CHUNK_OVERFLOW}]
/home/work1/Works/AI-Trigger-System/HDL/constraints/ai_trigger_ooc.xdc (Line: 30)
Related violations: <none>

XDCH-2#383 Warning
Same min and max delay values on IO port  
The same output delay of 0.000 ns has been defined on port 'EVENT_DATA[296]' relative to clock CLK_ADC for both max and min. Make sure this reflects the design intent.
set_output_delay -clock [get_clocks CLK_ADC] 0.000 [get_ports -quiet {EVENT_VALID EVENT_DATA* EVENT_LAST EVENT_CHUNK_ID* EVENT_TIMESTAMP* EVENT_SCORE* RING_MISS_COUNT* CHUNK_OVERFLOW}]
/home/work1/Works/AI-Trigger-System/HDL/constraints/ai_trigger_ooc.xdc (Line: 30)
Related violations: <none>

XDCH-2#384 Warning
Same min and max delay values on IO port  
The same output delay of 0.000 ns has been defined on port 'EVENT_DATA[297]' relative to clock CLK_ADC for both max and min. Make sure this reflects the design intent.
set_output_delay -clock [get_clocks CLK_ADC] 0.000 [get_ports -quiet {EVENT_VALID EVENT_DATA* EVENT_LAST EVENT_CHUNK_ID* EVENT_TIMESTAMP* EVENT_SCORE* RING_MISS_COUNT* CHUNK_OVERFLOW}]
/home/work1/Works/AI-Trigger-System/HDL/constraints/ai_trigger_ooc.xdc (Line: 30)
Related violations: <none>

XDCH-2#385 Warning
Same min and max delay values on IO port  
The same output delay of 0.000 ns has been defined on port 'EVENT_DATA[298]' relative to clock CLK_ADC for both max and min. Make sure this reflects the design intent.
set_output_delay -clock [get_clocks CLK_ADC] 0.000 [get_ports -quiet {EVENT_VALID EVENT_DATA* EVENT_LAST EVENT_CHUNK_ID* EVENT_TIMESTAMP* EVENT_SCORE* RING_MISS_COUNT* CHUNK_OVERFLOW}]
/home/work1/Works/AI-Trigger-System/HDL/constraints/ai_trigger_ooc.xdc (Line: 30)
Related violations: <none>

XDCH-2#386 Warning
Same min and max delay values on IO port  
The same output delay of 0.000 ns has been defined on port 'EVENT_DATA[299]' relative to clock CLK_ADC for both max and min. Make sure this reflects the design intent.
set_output_delay -clock [get_clocks CLK_ADC] 0.000 [get_ports -quiet {EVENT_VALID EVENT_DATA* EVENT_LAST EVENT_CHUNK_ID* EVENT_TIMESTAMP* EVENT_SCORE* RING_MISS_COUNT* CHUNK_OVERFLOW}]
/home/work1/Works/AI-Trigger-System/HDL/constraints/ai_trigger_ooc.xdc (Line: 30)
Related violations: <none>

XDCH-2#387 Warning
Same min and max delay values on IO port  
The same output delay of 0.000 ns has been defined on port 'EVENT_DATA[29]' relative to clock CLK_ADC for both max and min. Make sure this reflects the design intent.
set_output_delay -clock [get_clocks CLK_ADC] 0.000 [get_ports -quiet {EVENT_VALID EVENT_DATA* EVENT_LAST EVENT_CHUNK_ID* EVENT_TIMESTAMP* EVENT_SCORE* RING_MISS_COUNT* CHUNK_OVERFLOW}]
/home/work1/Works/AI-Trigger-System/HDL/constraints/ai_trigger_ooc.xdc (Line: 30)
Related violations: <none>

XDCH-2#388 Warning
Same min and max delay values on IO port  
The same output delay of 0.000 ns has been defined on port 'EVENT_DATA[2]' relative to clock CLK_ADC for both max and min. Make sure this reflects the design intent.
set_output_delay -clock [get_clocks CLK_ADC] 0.000 [get_ports -quiet {EVENT_VALID EVENT_DATA* EVENT_LAST EVENT_CHUNK_ID* EVENT_TIMESTAMP* EVENT_SCORE* RING_MISS_COUNT* CHUNK_OVERFLOW}]
/home/work1/Works/AI-Trigger-System/HDL/constraints/ai_trigger_ooc.xdc (Line: 30)
Related violations: <none>

XDCH-2#389 Warning
Same min and max delay values on IO port  
The same output delay of 0.000 ns has been defined on port 'EVENT_DATA[300]' relative to clock CLK_ADC for both max and min. Make sure this reflects the design intent.
set_output_delay -clock [get_clocks CLK_ADC] 0.000 [get_ports -quiet {EVENT_VALID EVENT_DATA* EVENT_LAST EVENT_CHUNK_ID* EVENT_TIMESTAMP* EVENT_SCORE* RING_MISS_COUNT* CHUNK_OVERFLOW}]
/home/work1/Works/AI-Trigger-System/HDL/constraints/ai_trigger_ooc.xdc (Line: 30)
Related violations: <none>

XDCH-2#390 Warning
Same min and max delay values on IO port  
The same output delay of 0.000 ns has been defined on port 'EVENT_DATA[301]' relative to clock CLK_ADC for both max and min. Make sure this reflects the design intent.
set_output_delay -clock [get_clocks CLK_ADC] 0.000 [get_ports -quiet {EVENT_VALID EVENT_DATA* EVENT_LAST EVENT_CHUNK_ID* EVENT_TIMESTAMP* EVENT_SCORE* RING_MISS_COUNT* CHUNK_OVERFLOW}]
/home/work1/Works/AI-Trigger-System/HDL/constraints/ai_trigger_ooc.xdc (Line: 30)
Related violations: <none>

XDCH-2#391 Warning
Same min and max delay values on IO port  
The same output delay of 0.000 ns has been defined on port 'EVENT_DATA[302]' relative to clock CLK_ADC for both max and min. Make sure this reflects the design intent.
set_output_delay -clock [get_clocks CLK_ADC] 0.000 [get_ports -quiet {EVENT_VALID EVENT_DATA* EVENT_LAST EVENT_CHUNK_ID* EVENT_TIMESTAMP* EVENT_SCORE* RING_MISS_COUNT* CHUNK_OVERFLOW}]
/home/work1/Works/AI-Trigger-System/HDL/constraints/ai_trigger_ooc.xdc (Line: 30)
Related violations: <none>

XDCH-2#392 Warning
Same min and max delay values on IO port  
The same output delay of 0.000 ns has been defined on port 'EVENT_DATA[303]' relative to clock CLK_ADC for both max and min. Make sure this reflects the design intent.
set_output_delay -clock [get_clocks CLK_ADC] 0.000 [get_ports -quiet {EVENT_VALID EVENT_DATA* EVENT_LAST EVENT_CHUNK_ID* EVENT_TIMESTAMP* EVENT_SCORE* RING_MISS_COUNT* CHUNK_OVERFLOW}]
/home/work1/Works/AI-Trigger-System/HDL/constraints/ai_trigger_ooc.xdc (Line: 30)
Related violations: <none>

XDCH-2#393 Warning
Same min and max delay values on IO port  
The same output delay of 0.000 ns has been defined on port 'EVENT_DATA[304]' relative to clock CLK_ADC for both max and min. Make sure this reflects the design intent.
set_output_delay -clock [get_clocks CLK_ADC] 0.000 [get_ports -quiet {EVENT_VALID EVENT_DATA* EVENT_LAST EVENT_CHUNK_ID* EVENT_TIMESTAMP* EVENT_SCORE* RING_MISS_COUNT* CHUNK_OVERFLOW}]
/home/work1/Works/AI-Trigger-System/HDL/constraints/ai_trigger_ooc.xdc (Line: 30)
Related violations: <none>

XDCH-2#394 Warning
Same min and max delay values on IO port  
The same output delay of 0.000 ns has been defined on port 'EVENT_DATA[305]' relative to clock CLK_ADC for both max and min. Make sure this reflects the design intent.
set_output_delay -clock [get_clocks CLK_ADC] 0.000 [get_ports -quiet {EVENT_VALID EVENT_DATA* EVENT_LAST EVENT_CHUNK_ID* EVENT_TIMESTAMP* EVENT_SCORE* RING_MISS_COUNT* CHUNK_OVERFLOW}]
/home/work1/Works/AI-Trigger-System/HDL/constraints/ai_trigger_ooc.xdc (Line: 30)
Related violations: <none>

XDCH-2#395 Warning
Same min and max delay values on IO port  
The same output delay of 0.000 ns has been defined on port 'EVENT_DATA[306]' relative to clock CLK_ADC for both max and min. Make sure this reflects the design intent.
set_output_delay -clock [get_clocks CLK_ADC] 0.000 [get_ports -quiet {EVENT_VALID EVENT_DATA* EVENT_LAST EVENT_CHUNK_ID* EVENT_TIMESTAMP* EVENT_SCORE* RING_MISS_COUNT* CHUNK_OVERFLOW}]
/home/work1/Works/AI-Trigger-System/HDL/constraints/ai_trigger_ooc.xdc (Line: 30)
Related violations: <none>

XDCH-2#396 Warning
Same min and max delay values on IO port  
The same output delay of 0.000 ns has been defined on port 'EVENT_DATA[307]' relative to clock CLK_ADC for both max and min. Make sure this reflects the design intent.
set_output_delay -clock [get_clocks CLK_ADC] 0.000 [get_ports -quiet {EVENT_VALID EVENT_DATA* EVENT_LAST EVENT_CHUNK_ID* EVENT_TIMESTAMP* EVENT_SCORE* RING_MISS_COUNT* CHUNK_OVERFLOW}]
/home/work1/Works/AI-Trigger-System/HDL/constraints/ai_trigger_ooc.xdc (Line: 30)
Related violations: <none>

XDCH-2#397 Warning
Same min and max delay values on IO port  
The same output delay of 0.000 ns has been defined on port 'EVENT_DATA[308]' relative to clock CLK_ADC for both max and min. Make sure this reflects the design intent.
set_output_delay -clock [get_clocks CLK_ADC] 0.000 [get_ports -quiet {EVENT_VALID EVENT_DATA* EVENT_LAST EVENT_CHUNK_ID* EVENT_TIMESTAMP* EVENT_SCORE* RING_MISS_COUNT* CHUNK_OVERFLOW}]
/home/work1/Works/AI-Trigger-System/HDL/constraints/ai_trigger_ooc.xdc (Line: 30)
Related violations: <none>

XDCH-2#398 Warning
Same min and max delay values on IO port  
The same output delay of 0.000 ns has been defined on port 'EVENT_DATA[309]' relative to clock CLK_ADC for both max and min. Make sure this reflects the design intent.
set_output_delay -clock [get_clocks CLK_ADC] 0.000 [get_ports -quiet {EVENT_VALID EVENT_DATA* EVENT_LAST EVENT_CHUNK_ID* EVENT_TIMESTAMP* EVENT_SCORE* RING_MISS_COUNT* CHUNK_OVERFLOW}]
/home/work1/Works/AI-Trigger-System/HDL/constraints/ai_trigger_ooc.xdc (Line: 30)
Related violations: <none>

XDCH-2#399 Warning
Same min and max delay values on IO port  
The same output delay of 0.000 ns has been defined on port 'EVENT_DATA[30]' relative to clock CLK_ADC for both max and min. Make sure this reflects the design intent.
set_output_delay -clock [get_clocks CLK_ADC] 0.000 [get_ports -quiet {EVENT_VALID EVENT_DATA* EVENT_LAST EVENT_CHUNK_ID* EVENT_TIMESTAMP* EVENT_SCORE* RING_MISS_COUNT* CHUNK_OVERFLOW}]
/home/work1/Works/AI-Trigger-System/HDL/constraints/ai_trigger_ooc.xdc (Line: 30)
Related violations: <none>

XDCH-2#400 Warning
Same min and max delay values on IO port  
The same output delay of 0.000 ns has been defined on port 'EVENT_DATA[310]' relative to clock CLK_ADC for both max and min. Make sure this reflects the design intent.
set_output_delay -clock [get_clocks CLK_ADC] 0.000 [get_ports -quiet {EVENT_VALID EVENT_DATA* EVENT_LAST EVENT_CHUNK_ID* EVENT_TIMESTAMP* EVENT_SCORE* RING_MISS_COUNT* CHUNK_OVERFLOW}]
/home/work1/Works/AI-Trigger-System/HDL/constraints/ai_trigger_ooc.xdc (Line: 30)
Related violations: <none>

XDCH-2#401 Warning
Same min and max delay values on IO port  
The same output delay of 0.000 ns has been defined on port 'EVENT_DATA[311]' relative to clock CLK_ADC for both max and min. Make sure this reflects the design intent.
set_output_delay -clock [get_clocks CLK_ADC] 0.000 [get_ports -quiet {EVENT_VALID EVENT_DATA* EVENT_LAST EVENT_CHUNK_ID* EVENT_TIMESTAMP* EVENT_SCORE* RING_MISS_COUNT* CHUNK_OVERFLOW}]
/home/work1/Works/AI-Trigger-System/HDL/constraints/ai_trigger_ooc.xdc (Line: 30)
Related violations: <none>

XDCH-2#402 Warning
Same min and max delay values on IO port  
The same output delay of 0.000 ns has been defined on port 'EVENT_DATA[312]' relative to clock CLK_ADC for both max and min. Make sure this reflects the design intent.
set_output_delay -clock [get_clocks CLK_ADC] 0.000 [get_ports -quiet {EVENT_VALID EVENT_DATA* EVENT_LAST EVENT_CHUNK_ID* EVENT_TIMESTAMP* EVENT_SCORE* RING_MISS_COUNT* CHUNK_OVERFLOW}]
/home/work1/Works/AI-Trigger-System/HDL/constraints/ai_trigger_ooc.xdc (Line: 30)
Related violations: <none>

XDCH-2#403 Warning
Same min and max delay values on IO port  
The same output delay of 0.000 ns has been defined on port 'EVENT_DATA[313]' relative to clock CLK_ADC for both max and min. Make sure this reflects the design intent.
set_output_delay -clock [get_clocks CLK_ADC] 0.000 [get_ports -quiet {EVENT_VALID EVENT_DATA* EVENT_LAST EVENT_CHUNK_ID* EVENT_TIMESTAMP* EVENT_SCORE* RING_MISS_COUNT* CHUNK_OVERFLOW}]
/home/work1/Works/AI-Trigger-System/HDL/constraints/ai_trigger_ooc.xdc (Line: 30)
Related violations: <none>

XDCH-2#404 Warning
Same min and max delay values on IO port  
The same output delay of 0.000 ns has been defined on port 'EVENT_DATA[314]' relative to clock CLK_ADC for both max and min. Make sure this reflects the design intent.
set_output_delay -clock [get_clocks CLK_ADC] 0.000 [get_ports -quiet {EVENT_VALID EVENT_DATA* EVENT_LAST EVENT_CHUNK_ID* EVENT_TIMESTAMP* EVENT_SCORE* RING_MISS_COUNT* CHUNK_OVERFLOW}]
/home/work1/Works/AI-Trigger-System/HDL/constraints/ai_trigger_ooc.xdc (Line: 30)
Related violations: <none>

XDCH-2#405 Warning
Same min and max delay values on IO port  
The same output delay of 0.000 ns has been defined on port 'EVENT_DATA[315]' relative to clock CLK_ADC for both max and min. Make sure this reflects the design intent.
set_output_delay -clock [get_clocks CLK_ADC] 0.000 [get_ports -quiet {EVENT_VALID EVENT_DATA* EVENT_LAST EVENT_CHUNK_ID* EVENT_TIMESTAMP* EVENT_SCORE* RING_MISS_COUNT* CHUNK_OVERFLOW}]
/home/work1/Works/AI-Trigger-System/HDL/constraints/ai_trigger_ooc.xdc (Line: 30)
Related violations: <none>

XDCH-2#406 Warning
Same min and max delay values on IO port  
The same output delay of 0.000 ns has been defined on port 'EVENT_DATA[316]' relative to clock CLK_ADC for both max and min. Make sure this reflects the design intent.
set_output_delay -clock [get_clocks CLK_ADC] 0.000 [get_ports -quiet {EVENT_VALID EVENT_DATA* EVENT_LAST EVENT_CHUNK_ID* EVENT_TIMESTAMP* EVENT_SCORE* RING_MISS_COUNT* CHUNK_OVERFLOW}]
/home/work1/Works/AI-Trigger-System/HDL/constraints/ai_trigger_ooc.xdc (Line: 30)
Related violations: <none>

XDCH-2#407 Warning
Same min and max delay values on IO port  
The same output delay of 0.000 ns has been defined on port 'EVENT_DATA[317]' relative to clock CLK_ADC for both max and min. Make sure this reflects the design intent.
set_output_delay -clock [get_clocks CLK_ADC] 0.000 [get_ports -quiet {EVENT_VALID EVENT_DATA* EVENT_LAST EVENT_CHUNK_ID* EVENT_TIMESTAMP* EVENT_SCORE* RING_MISS_COUNT* CHUNK_OVERFLOW}]
/home/work1/Works/AI-Trigger-System/HDL/constraints/ai_trigger_ooc.xdc (Line: 30)
Related violations: <none>

XDCH-2#408 Warning
Same min and max delay values on IO port  
The same output delay of 0.000 ns has been defined on port 'EVENT_DATA[318]' relative to clock CLK_ADC for both max and min. Make sure this reflects the design intent.
set_output_delay -clock [get_clocks CLK_ADC] 0.000 [get_ports -quiet {EVENT_VALID EVENT_DATA* EVENT_LAST EVENT_CHUNK_ID* EVENT_TIMESTAMP* EVENT_SCORE* RING_MISS_COUNT* CHUNK_OVERFLOW}]
/home/work1/Works/AI-Trigger-System/HDL/constraints/ai_trigger_ooc.xdc (Line: 30)
Related violations: <none>

XDCH-2#409 Warning
Same min and max delay values on IO port  
The same output delay of 0.000 ns has been defined on port 'EVENT_DATA[319]' relative to clock CLK_ADC for both max and min. Make sure this reflects the design intent.
set_output_delay -clock [get_clocks CLK_ADC] 0.000 [get_ports -quiet {EVENT_VALID EVENT_DATA* EVENT_LAST EVENT_CHUNK_ID* EVENT_TIMESTAMP* EVENT_SCORE* RING_MISS_COUNT* CHUNK_OVERFLOW}]
/home/work1/Works/AI-Trigger-System/HDL/constraints/ai_trigger_ooc.xdc (Line: 30)
Related violations: <none>

XDCH-2#410 Warning
Same min and max delay values on IO port  
The same output delay of 0.000 ns has been defined on port 'EVENT_DATA[31]' relative to clock CLK_ADC for both max and min. Make sure this reflects the design intent.
set_output_delay -clock [get_clocks CLK_ADC] 0.000 [get_ports -quiet {EVENT_VALID EVENT_DATA* EVENT_LAST EVENT_CHUNK_ID* EVENT_TIMESTAMP* EVENT_SCORE* RING_MISS_COUNT* CHUNK_OVERFLOW}]
/home/work1/Works/AI-Trigger-System/HDL/constraints/ai_trigger_ooc.xdc (Line: 30)
Related violations: <none>

XDCH-2#411 Warning
Same min and max delay values on IO port  
The same output delay of 0.000 ns has been defined on port 'EVENT_DATA[320]' relative to clock CLK_ADC for both max and min. Make sure this reflects the design intent.
set_output_delay -clock [get_clocks CLK_ADC] 0.000 [get_ports -quiet {EVENT_VALID EVENT_DATA* EVENT_LAST EVENT_CHUNK_ID* EVENT_TIMESTAMP* EVENT_SCORE* RING_MISS_COUNT* CHUNK_OVERFLOW}]
/home/work1/Works/AI-Trigger-System/HDL/constraints/ai_trigger_ooc.xdc (Line: 30)
Related violations: <none>

XDCH-2#412 Warning
Same min and max delay values on IO port  
The same output delay of 0.000 ns has been defined on port 'EVENT_DATA[321]' relative to clock CLK_ADC for both max and min. Make sure this reflects the design intent.
set_output_delay -clock [get_clocks CLK_ADC] 0.000 [get_ports -quiet {EVENT_VALID EVENT_DATA* EVENT_LAST EVENT_CHUNK_ID* EVENT_TIMESTAMP* EVENT_SCORE* RING_MISS_COUNT* CHUNK_OVERFLOW}]
/home/work1/Works/AI-Trigger-System/HDL/constraints/ai_trigger_ooc.xdc (Line: 30)
Related violations: <none>

XDCH-2#413 Warning
Same min and max delay values on IO port  
The same output delay of 0.000 ns has been defined on port 'EVENT_DATA[322]' relative to clock CLK_ADC for both max and min. Make sure this reflects the design intent.
set_output_delay -clock [get_clocks CLK_ADC] 0.000 [get_ports -quiet {EVENT_VALID EVENT_DATA* EVENT_LAST EVENT_CHUNK_ID* EVENT_TIMESTAMP* EVENT_SCORE* RING_MISS_COUNT* CHUNK_OVERFLOW}]
/home/work1/Works/AI-Trigger-System/HDL/constraints/ai_trigger_ooc.xdc (Line: 30)
Related violations: <none>

XDCH-2#414 Warning
Same min and max delay values on IO port  
The same output delay of 0.000 ns has been defined on port 'EVENT_DATA[323]' relative to clock CLK_ADC for both max and min. Make sure this reflects the design intent.
set_output_delay -clock [get_clocks CLK_ADC] 0.000 [get_ports -quiet {EVENT_VALID EVENT_DATA* EVENT_LAST EVENT_CHUNK_ID* EVENT_TIMESTAMP* EVENT_SCORE* RING_MISS_COUNT* CHUNK_OVERFLOW}]
/home/work1/Works/AI-Trigger-System/HDL/constraints/ai_trigger_ooc.xdc (Line: 30)
Related violations: <none>

XDCH-2#415 Warning
Same min and max delay values on IO port  
The same output delay of 0.000 ns has been defined on port 'EVENT_DATA[324]' relative to clock CLK_ADC for both max and min. Make sure this reflects the design intent.
set_output_delay -clock [get_clocks CLK_ADC] 0.000 [get_ports -quiet {EVENT_VALID EVENT_DATA* EVENT_LAST EVENT_CHUNK_ID* EVENT_TIMESTAMP* EVENT_SCORE* RING_MISS_COUNT* CHUNK_OVERFLOW}]
/home/work1/Works/AI-Trigger-System/HDL/constraints/ai_trigger_ooc.xdc (Line: 30)
Related violations: <none>

XDCH-2#416 Warning
Same min and max delay values on IO port  
The same output delay of 0.000 ns has been defined on port 'EVENT_DATA[325]' relative to clock CLK_ADC for both max and min. Make sure this reflects the design intent.
set_output_delay -clock [get_clocks CLK_ADC] 0.000 [get_ports -quiet {EVENT_VALID EVENT_DATA* EVENT_LAST EVENT_CHUNK_ID* EVENT_TIMESTAMP* EVENT_SCORE* RING_MISS_COUNT* CHUNK_OVERFLOW}]
/home/work1/Works/AI-Trigger-System/HDL/constraints/ai_trigger_ooc.xdc (Line: 30)
Related violations: <none>

XDCH-2#417 Warning
Same min and max delay values on IO port  
The same output delay of 0.000 ns has been defined on port 'EVENT_DATA[326]' relative to clock CLK_ADC for both max and min. Make sure this reflects the design intent.
set_output_delay -clock [get_clocks CLK_ADC] 0.000 [get_ports -quiet {EVENT_VALID EVENT_DATA* EVENT_LAST EVENT_CHUNK_ID* EVENT_TIMESTAMP* EVENT_SCORE* RING_MISS_COUNT* CHUNK_OVERFLOW}]
/home/work1/Works/AI-Trigger-System/HDL/constraints/ai_trigger_ooc.xdc (Line: 30)
Related violations: <none>

XDCH-2#418 Warning
Same min and max delay values on IO port  
The same output delay of 0.000 ns has been defined on port 'EVENT_DATA[327]' relative to clock CLK_ADC for both max and min. Make sure this reflects the design intent.
set_output_delay -clock [get_clocks CLK_ADC] 0.000 [get_ports -quiet {EVENT_VALID EVENT_DATA* EVENT_LAST EVENT_CHUNK_ID* EVENT_TIMESTAMP* EVENT_SCORE* RING_MISS_COUNT* CHUNK_OVERFLOW}]
/home/work1/Works/AI-Trigger-System/HDL/constraints/ai_trigger_ooc.xdc (Line: 30)
Related violations: <none>

XDCH-2#419 Warning
Same min and max delay values on IO port  
The same output delay of 0.000 ns has been defined on port 'EVENT_DATA[328]' relative to clock CLK_ADC for both max and min. Make sure this reflects the design intent.
set_output_delay -clock [get_clocks CLK_ADC] 0.000 [get_ports -quiet {EVENT_VALID EVENT_DATA* EVENT_LAST EVENT_CHUNK_ID* EVENT_TIMESTAMP* EVENT_SCORE* RING_MISS_COUNT* CHUNK_OVERFLOW}]
/home/work1/Works/AI-Trigger-System/HDL/constraints/ai_trigger_ooc.xdc (Line: 30)
Related violations: <none>

XDCH-2#420 Warning
Same min and max delay values on IO port  
The same output delay of 0.000 ns has been defined on port 'EVENT_DATA[329]' relative to clock CLK_ADC for both max and min. Make sure this reflects the design intent.
set_output_delay -clock [get_clocks CLK_ADC] 0.000 [get_ports -quiet {EVENT_VALID EVENT_DATA* EVENT_LAST EVENT_CHUNK_ID* EVENT_TIMESTAMP* EVENT_SCORE* RING_MISS_COUNT* CHUNK_OVERFLOW}]
/home/work1/Works/AI-Trigger-System/HDL/constraints/ai_trigger_ooc.xdc (Line: 30)
Related violations: <none>

XDCH-2#421 Warning
Same min and max delay values on IO port  
The same output delay of 0.000 ns has been defined on port 'EVENT_DATA[32]' relative to clock CLK_ADC for both max and min. Make sure this reflects the design intent.
set_output_delay -clock [get_clocks CLK_ADC] 0.000 [get_ports -quiet {EVENT_VALID EVENT_DATA* EVENT_LAST EVENT_CHUNK_ID* EVENT_TIMESTAMP* EVENT_SCORE* RING_MISS_COUNT* CHUNK_OVERFLOW}]
/home/work1/Works/AI-Trigger-System/HDL/constraints/ai_trigger_ooc.xdc (Line: 30)
Related violations: <none>

XDCH-2#422 Warning
Same min and max delay values on IO port  
The same output delay of 0.000 ns has been defined on port 'EVENT_DATA[330]' relative to clock CLK_ADC for both max and min. Make sure this reflects the design intent.
set_output_delay -clock [get_clocks CLK_ADC] 0.000 [get_ports -quiet {EVENT_VALID EVENT_DATA* EVENT_LAST EVENT_CHUNK_ID* EVENT_TIMESTAMP* EVENT_SCORE* RING_MISS_COUNT* CHUNK_OVERFLOW}]
/home/work1/Works/AI-Trigger-System/HDL/constraints/ai_trigger_ooc.xdc (Line: 30)
Related violations: <none>

XDCH-2#423 Warning
Same min and max delay values on IO port  
The same output delay of 0.000 ns has been defined on port 'EVENT_DATA[331]' relative to clock CLK_ADC for both max and min. Make sure this reflects the design intent.
set_output_delay -clock [get_clocks CLK_ADC] 0.000 [get_ports -quiet {EVENT_VALID EVENT_DATA* EVENT_LAST EVENT_CHUNK_ID* EVENT_TIMESTAMP* EVENT_SCORE* RING_MISS_COUNT* CHUNK_OVERFLOW}]
/home/work1/Works/AI-Trigger-System/HDL/constraints/ai_trigger_ooc.xdc (Line: 30)
Related violations: <none>

XDCH-2#424 Warning
Same min and max delay values on IO port  
The same output delay of 0.000 ns has been defined on port 'EVENT_DATA[332]' relative to clock CLK_ADC for both max and min. Make sure this reflects the design intent.
set_output_delay -clock [get_clocks CLK_ADC] 0.000 [get_ports -quiet {EVENT_VALID EVENT_DATA* EVENT_LAST EVENT_CHUNK_ID* EVENT_TIMESTAMP* EVENT_SCORE* RING_MISS_COUNT* CHUNK_OVERFLOW}]
/home/work1/Works/AI-Trigger-System/HDL/constraints/ai_trigger_ooc.xdc (Line: 30)
Related violations: <none>

XDCH-2#425 Warning
Same min and max delay values on IO port  
The same output delay of 0.000 ns has been defined on port 'EVENT_DATA[333]' relative to clock CLK_ADC for both max and min. Make sure this reflects the design intent.
set_output_delay -clock [get_clocks CLK_ADC] 0.000 [get_ports -quiet {EVENT_VALID EVENT_DATA* EVENT_LAST EVENT_CHUNK_ID* EVENT_TIMESTAMP* EVENT_SCORE* RING_MISS_COUNT* CHUNK_OVERFLOW}]
/home/work1/Works/AI-Trigger-System/HDL/constraints/ai_trigger_ooc.xdc (Line: 30)
Related violations: <none>

XDCH-2#426 Warning
Same min and max delay values on IO port  
The same output delay of 0.000 ns has been defined on port 'EVENT_DATA[334]' relative to clock CLK_ADC for both max and min. Make sure this reflects the design intent.
set_output_delay -clock [get_clocks CLK_ADC] 0.000 [get_ports -quiet {EVENT_VALID EVENT_DATA* EVENT_LAST EVENT_CHUNK_ID* EVENT_TIMESTAMP* EVENT_SCORE* RING_MISS_COUNT* CHUNK_OVERFLOW}]
/home/work1/Works/AI-Trigger-System/HDL/constraints/ai_trigger_ooc.xdc (Line: 30)
Related violations: <none>

XDCH-2#427 Warning
Same min and max delay values on IO port  
The same output delay of 0.000 ns has been defined on port 'EVENT_DATA[335]' relative to clock CLK_ADC for both max and min. Make sure this reflects the design intent.
set_output_delay -clock [get_clocks CLK_ADC] 0.000 [get_ports -quiet {EVENT_VALID EVENT_DATA* EVENT_LAST EVENT_CHUNK_ID* EVENT_TIMESTAMP* EVENT_SCORE* RING_MISS_COUNT* CHUNK_OVERFLOW}]
/home/work1/Works/AI-Trigger-System/HDL/constraints/ai_trigger_ooc.xdc (Line: 30)
Related violations: <none>

XDCH-2#428 Warning
Same min and max delay values on IO port  
The same output delay of 0.000 ns has been defined on port 'EVENT_DATA[336]' relative to clock CLK_ADC for both max and min. Make sure this reflects the design intent.
set_output_delay -clock [get_clocks CLK_ADC] 0.000 [get_ports -quiet {EVENT_VALID EVENT_DATA* EVENT_LAST EVENT_CHUNK_ID* EVENT_TIMESTAMP* EVENT_SCORE* RING_MISS_COUNT* CHUNK_OVERFLOW}]
/home/work1/Works/AI-Trigger-System/HDL/constraints/ai_trigger_ooc.xdc (Line: 30)
Related violations: <none>

XDCH-2#429 Warning
Same min and max delay values on IO port  
The same output delay of 0.000 ns has been defined on port 'EVENT_DATA[337]' relative to clock CLK_ADC for both max and min. Make sure this reflects the design intent.
set_output_delay -clock [get_clocks CLK_ADC] 0.000 [get_ports -quiet {EVENT_VALID EVENT_DATA* EVENT_LAST EVENT_CHUNK_ID* EVENT_TIMESTAMP* EVENT_SCORE* RING_MISS_COUNT* CHUNK_OVERFLOW}]
/home/work1/Works/AI-Trigger-System/HDL/constraints/ai_trigger_ooc.xdc (Line: 30)
Related violations: <none>

XDCH-2#430 Warning
Same min and max delay values on IO port  
The same output delay of 0.000 ns has been defined on port 'EVENT_DATA[338]' relative to clock CLK_ADC for both max and min. Make sure this reflects the design intent.
set_output_delay -clock [get_clocks CLK_ADC] 0.000 [get_ports -quiet {EVENT_VALID EVENT_DATA* EVENT_LAST EVENT_CHUNK_ID* EVENT_TIMESTAMP* EVENT_SCORE* RING_MISS_COUNT* CHUNK_OVERFLOW}]
/home/work1/Works/AI-Trigger-System/HDL/constraints/ai_trigger_ooc.xdc (Line: 30)
Related violations: <none>

XDCH-2#431 Warning
Same min and max delay values on IO port  
The same output delay of 0.000 ns has been defined on port 'EVENT_DATA[339]' relative to clock CLK_ADC for both max and min. Make sure this reflects the design intent.
set_output_delay -clock [get_clocks CLK_ADC] 0.000 [get_ports -quiet {EVENT_VALID EVENT_DATA* EVENT_LAST EVENT_CHUNK_ID* EVENT_TIMESTAMP* EVENT_SCORE* RING_MISS_COUNT* CHUNK_OVERFLOW}]
/home/work1/Works/AI-Trigger-System/HDL/constraints/ai_trigger_ooc.xdc (Line: 30)
Related violations: <none>

XDCH-2#432 Warning
Same min and max delay values on IO port  
The same output delay of 0.000 ns has been defined on port 'EVENT_DATA[33]' relative to clock CLK_ADC for both max and min. Make sure this reflects the design intent.
set_output_delay -clock [get_clocks CLK_ADC] 0.000 [get_ports -quiet {EVENT_VALID EVENT_DATA* EVENT_LAST EVENT_CHUNK_ID* EVENT_TIMESTAMP* EVENT_SCORE* RING_MISS_COUNT* CHUNK_OVERFLOW}]
/home/work1/Works/AI-Trigger-System/HDL/constraints/ai_trigger_ooc.xdc (Line: 30)
Related violations: <none>

XDCH-2#433 Warning
Same min and max delay values on IO port  
The same output delay of 0.000 ns has been defined on port 'EVENT_DATA[340]' relative to clock CLK_ADC for both max and min. Make sure this reflects the design intent.
set_output_delay -clock [get_clocks CLK_ADC] 0.000 [get_ports -quiet {EVENT_VALID EVENT_DATA* EVENT_LAST EVENT_CHUNK_ID* EVENT_TIMESTAMP* EVENT_SCORE* RING_MISS_COUNT* CHUNK_OVERFLOW}]
/home/work1/Works/AI-Trigger-System/HDL/constraints/ai_trigger_ooc.xdc (Line: 30)
Related violations: <none>

XDCH-2#434 Warning
Same min and max delay values on IO port  
The same output delay of 0.000 ns has been defined on port 'EVENT_DATA[341]' relative to clock CLK_ADC for both max and min. Make sure this reflects the design intent.
set_output_delay -clock [get_clocks CLK_ADC] 0.000 [get_ports -quiet {EVENT_VALID EVENT_DATA* EVENT_LAST EVENT_CHUNK_ID* EVENT_TIMESTAMP* EVENT_SCORE* RING_MISS_COUNT* CHUNK_OVERFLOW}]
/home/work1/Works/AI-Trigger-System/HDL/constraints/ai_trigger_ooc.xdc (Line: 30)
Related violations: <none>

XDCH-2#435 Warning
Same min and max delay values on IO port  
The same output delay of 0.000 ns has been defined on port 'EVENT_DATA[342]' relative to clock CLK_ADC for both max and min. Make sure this reflects the design intent.
set_output_delay -clock [get_clocks CLK_ADC] 0.000 [get_ports -quiet {EVENT_VALID EVENT_DATA* EVENT_LAST EVENT_CHUNK_ID* EVENT_TIMESTAMP* EVENT_SCORE* RING_MISS_COUNT* CHUNK_OVERFLOW}]
/home/work1/Works/AI-Trigger-System/HDL/constraints/ai_trigger_ooc.xdc (Line: 30)
Related violations: <none>

XDCH-2#436 Warning
Same min and max delay values on IO port  
The same output delay of 0.000 ns has been defined on port 'EVENT_DATA[343]' relative to clock CLK_ADC for both max and min. Make sure this reflects the design intent.
set_output_delay -clock [get_clocks CLK_ADC] 0.000 [get_ports -quiet {EVENT_VALID EVENT_DATA* EVENT_LAST EVENT_CHUNK_ID* EVENT_TIMESTAMP* EVENT_SCORE* RING_MISS_COUNT* CHUNK_OVERFLOW}]
/home/work1/Works/AI-Trigger-System/HDL/constraints/ai_trigger_ooc.xdc (Line: 30)
Related violations: <none>

XDCH-2#437 Warning
Same min and max delay values on IO port  
The same output delay of 0.000 ns has been defined on port 'EVENT_DATA[344]' relative to clock CLK_ADC for both max and min. Make sure this reflects the design intent.
set_output_delay -clock [get_clocks CLK_ADC] 0.000 [get_ports -quiet {EVENT_VALID EVENT_DATA* EVENT_LAST EVENT_CHUNK_ID* EVENT_TIMESTAMP* EVENT_SCORE* RING_MISS_COUNT* CHUNK_OVERFLOW}]
/home/work1/Works/AI-Trigger-System/HDL/constraints/ai_trigger_ooc.xdc (Line: 30)
Related violations: <none>

XDCH-2#438 Warning
Same min and max delay values on IO port  
The same output delay of 0.000 ns has been defined on port 'EVENT_DATA[345]' relative to clock CLK_ADC for both max and min. Make sure this reflects the design intent.
set_output_delay -clock [get_clocks CLK_ADC] 0.000 [get_ports -quiet {EVENT_VALID EVENT_DATA* EVENT_LAST EVENT_CHUNK_ID* EVENT_TIMESTAMP* EVENT_SCORE* RING_MISS_COUNT* CHUNK_OVERFLOW}]
/home/work1/Works/AI-Trigger-System/HDL/constraints/ai_trigger_ooc.xdc (Line: 30)
Related violations: <none>

XDCH-2#439 Warning
Same min and max delay values on IO port  
The same output delay of 0.000 ns has been defined on port 'EVENT_DATA[346]' relative to clock CLK_ADC for both max and min. Make sure this reflects the design intent.
set_output_delay -clock [get_clocks CLK_ADC] 0.000 [get_ports -quiet {EVENT_VALID EVENT_DATA* EVENT_LAST EVENT_CHUNK_ID* EVENT_TIMESTAMP* EVENT_SCORE* RING_MISS_COUNT* CHUNK_OVERFLOW}]
/home/work1/Works/AI-Trigger-System/HDL/constraints/ai_trigger_ooc.xdc (Line: 30)
Related violations: <none>

XDCH-2#440 Warning
Same min and max delay values on IO port  
The same output delay of 0.000 ns has been defined on port 'EVENT_DATA[347]' relative to clock CLK_ADC for both max and min. Make sure this reflects the design intent.
set_output_delay -clock [get_clocks CLK_ADC] 0.000 [get_ports -quiet {EVENT_VALID EVENT_DATA* EVENT_LAST EVENT_CHUNK_ID* EVENT_TIMESTAMP* EVENT_SCORE* RING_MISS_COUNT* CHUNK_OVERFLOW}]
/home/work1/Works/AI-Trigger-System/HDL/constraints/ai_trigger_ooc.xdc (Line: 30)
Related violations: <none>

XDCH-2#441 Warning
Same min and max delay values on IO port  
The same output delay of 0.000 ns has been defined on port 'EVENT_DATA[348]' relative to clock CLK_ADC for both max and min. Make sure this reflects the design intent.
set_output_delay -clock [get_clocks CLK_ADC] 0.000 [get_ports -quiet {EVENT_VALID EVENT_DATA* EVENT_LAST EVENT_CHUNK_ID* EVENT_TIMESTAMP* EVENT_SCORE* RING_MISS_COUNT* CHUNK_OVERFLOW}]
/home/work1/Works/AI-Trigger-System/HDL/constraints/ai_trigger_ooc.xdc (Line: 30)
Related violations: <none>

XDCH-2#442 Warning
Same min and max delay values on IO port  
The same output delay of 0.000 ns has been defined on port 'EVENT_DATA[349]' relative to clock CLK_ADC for both max and min. Make sure this reflects the design intent.
set_output_delay -clock [get_clocks CLK_ADC] 0.000 [get_ports -quiet {EVENT_VALID EVENT_DATA* EVENT_LAST EVENT_CHUNK_ID* EVENT_TIMESTAMP* EVENT_SCORE* RING_MISS_COUNT* CHUNK_OVERFLOW}]
/home/work1/Works/AI-Trigger-System/HDL/constraints/ai_trigger_ooc.xdc (Line: 30)
Related violations: <none>

XDCH-2#443 Warning
Same min and max delay values on IO port  
The same output delay of 0.000 ns has been defined on port 'EVENT_DATA[34]' relative to clock CLK_ADC for both max and min. Make sure this reflects the design intent.
set_output_delay -clock [get_clocks CLK_ADC] 0.000 [get_ports -quiet {EVENT_VALID EVENT_DATA* EVENT_LAST EVENT_CHUNK_ID* EVENT_TIMESTAMP* EVENT_SCORE* RING_MISS_COUNT* CHUNK_OVERFLOW}]
/home/work1/Works/AI-Trigger-System/HDL/constraints/ai_trigger_ooc.xdc (Line: 30)
Related violations: <none>

XDCH-2#444 Warning
Same min and max delay values on IO port  
The same output delay of 0.000 ns has been defined on port 'EVENT_DATA[350]' relative to clock CLK_ADC for both max and min. Make sure this reflects the design intent.
set_output_delay -clock [get_clocks CLK_ADC] 0.000 [get_ports -quiet {EVENT_VALID EVENT_DATA* EVENT_LAST EVENT_CHUNK_ID* EVENT_TIMESTAMP* EVENT_SCORE* RING_MISS_COUNT* CHUNK_OVERFLOW}]
/home/work1/Works/AI-Trigger-System/HDL/constraints/ai_trigger_ooc.xdc (Line: 30)
Related violations: <none>

XDCH-2#445 Warning
Same min and max delay values on IO port  
The same output delay of 0.000 ns has been defined on port 'EVENT_DATA[351]' relative to clock CLK_ADC for both max and min. Make sure this reflects the design intent.
set_output_delay -clock [get_clocks CLK_ADC] 0.000 [get_ports -quiet {EVENT_VALID EVENT_DATA* EVENT_LAST EVENT_CHUNK_ID* EVENT_TIMESTAMP* EVENT_SCORE* RING_MISS_COUNT* CHUNK_OVERFLOW}]
/home/work1/Works/AI-Trigger-System/HDL/constraints/ai_trigger_ooc.xdc (Line: 30)
Related violations: <none>

XDCH-2#446 Warning
Same min and max delay values on IO port  
The same output delay of 0.000 ns has been defined on port 'EVENT_DATA[352]' relative to clock CLK_ADC for both max and min. Make sure this reflects the design intent.
set_output_delay -clock [get_clocks CLK_ADC] 0.000 [get_ports -quiet {EVENT_VALID EVENT_DATA* EVENT_LAST EVENT_CHUNK_ID* EVENT_TIMESTAMP* EVENT_SCORE* RING_MISS_COUNT* CHUNK_OVERFLOW}]
/home/work1/Works/AI-Trigger-System/HDL/constraints/ai_trigger_ooc.xdc (Line: 30)
Related violations: <none>

XDCH-2#447 Warning
Same min and max delay values on IO port  
The same output delay of 0.000 ns has been defined on port 'EVENT_DATA[353]' relative to clock CLK_ADC for both max and min. Make sure this reflects the design intent.
set_output_delay -clock [get_clocks CLK_ADC] 0.000 [get_ports -quiet {EVENT_VALID EVENT_DATA* EVENT_LAST EVENT_CHUNK_ID* EVENT_TIMESTAMP* EVENT_SCORE* RING_MISS_COUNT* CHUNK_OVERFLOW}]
/home/work1/Works/AI-Trigger-System/HDL/constraints/ai_trigger_ooc.xdc (Line: 30)
Related violations: <none>

XDCH-2#448 Warning
Same min and max delay values on IO port  
The same output delay of 0.000 ns has been defined on port 'EVENT_DATA[354]' relative to clock CLK_ADC for both max and min. Make sure this reflects the design intent.
set_output_delay -clock [get_clocks CLK_ADC] 0.000 [get_ports -quiet {EVENT_VALID EVENT_DATA* EVENT_LAST EVENT_CHUNK_ID* EVENT_TIMESTAMP* EVENT_SCORE* RING_MISS_COUNT* CHUNK_OVERFLOW}]
/home/work1/Works/AI-Trigger-System/HDL/constraints/ai_trigger_ooc.xdc (Line: 30)
Related violations: <none>

XDCH-2#449 Warning
Same min and max delay values on IO port  
The same output delay of 0.000 ns has been defined on port 'EVENT_DATA[355]' relative to clock CLK_ADC for both max and min. Make sure this reflects the design intent.
set_output_delay -clock [get_clocks CLK_ADC] 0.000 [get_ports -quiet {EVENT_VALID EVENT_DATA* EVENT_LAST EVENT_CHUNK_ID* EVENT_TIMESTAMP* EVENT_SCORE* RING_MISS_COUNT* CHUNK_OVERFLOW}]
/home/work1/Works/AI-Trigger-System/HDL/constraints/ai_trigger_ooc.xdc (Line: 30)
Related violations: <none>

XDCH-2#450 Warning
Same min and max delay values on IO port  
The same output delay of 0.000 ns has been defined on port 'EVENT_DATA[356]' relative to clock CLK_ADC for both max and min. Make sure this reflects the design intent.
set_output_delay -clock [get_clocks CLK_ADC] 0.000 [get_ports -quiet {EVENT_VALID EVENT_DATA* EVENT_LAST EVENT_CHUNK_ID* EVENT_TIMESTAMP* EVENT_SCORE* RING_MISS_COUNT* CHUNK_OVERFLOW}]
/home/work1/Works/AI-Trigger-System/HDL/constraints/ai_trigger_ooc.xdc (Line: 30)
Related violations: <none>

XDCH-2#451 Warning
Same min and max delay values on IO port  
The same output delay of 0.000 ns has been defined on port 'EVENT_DATA[357]' relative to clock CLK_ADC for both max and min. Make sure this reflects the design intent.
set_output_delay -clock [get_clocks CLK_ADC] 0.000 [get_ports -quiet {EVENT_VALID EVENT_DATA* EVENT_LAST EVENT_CHUNK_ID* EVENT_TIMESTAMP* EVENT_SCORE* RING_MISS_COUNT* CHUNK_OVERFLOW}]
/home/work1/Works/AI-Trigger-System/HDL/constraints/ai_trigger_ooc.xdc (Line: 30)
Related violations: <none>

XDCH-2#452 Warning
Same min and max delay values on IO port  
The same output delay of 0.000 ns has been defined on port 'EVENT_DATA[358]' relative to clock CLK_ADC for both max and min. Make sure this reflects the design intent.
set_output_delay -clock [get_clocks CLK_ADC] 0.000 [get_ports -quiet {EVENT_VALID EVENT_DATA* EVENT_LAST EVENT_CHUNK_ID* EVENT_TIMESTAMP* EVENT_SCORE* RING_MISS_COUNT* CHUNK_OVERFLOW}]
/home/work1/Works/AI-Trigger-System/HDL/constraints/ai_trigger_ooc.xdc (Line: 30)
Related violations: <none>

XDCH-2#453 Warning
Same min and max delay values on IO port  
The same output delay of 0.000 ns has been defined on port 'EVENT_DATA[359]' relative to clock CLK_ADC for both max and min. Make sure this reflects the design intent.
set_output_delay -clock [get_clocks CLK_ADC] 0.000 [get_ports -quiet {EVENT_VALID EVENT_DATA* EVENT_LAST EVENT_CHUNK_ID* EVENT_TIMESTAMP* EVENT_SCORE* RING_MISS_COUNT* CHUNK_OVERFLOW}]
/home/work1/Works/AI-Trigger-System/HDL/constraints/ai_trigger_ooc.xdc (Line: 30)
Related violations: <none>

XDCH-2#454 Warning
Same min and max delay values on IO port  
The same output delay of 0.000 ns has been defined on port 'EVENT_DATA[35]' relative to clock CLK_ADC for both max and min. Make sure this reflects the design intent.
set_output_delay -clock [get_clocks CLK_ADC] 0.000 [get_ports -quiet {EVENT_VALID EVENT_DATA* EVENT_LAST EVENT_CHUNK_ID* EVENT_TIMESTAMP* EVENT_SCORE* RING_MISS_COUNT* CHUNK_OVERFLOW}]
/home/work1/Works/AI-Trigger-System/HDL/constraints/ai_trigger_ooc.xdc (Line: 30)
Related violations: <none>

XDCH-2#455 Warning
Same min and max delay values on IO port  
The same output delay of 0.000 ns has been defined on port 'EVENT_DATA[360]' relative to clock CLK_ADC for both max and min. Make sure this reflects the design intent.
set_output_delay -clock [get_clocks CLK_ADC] 0.000 [get_ports -quiet {EVENT_VALID EVENT_DATA* EVENT_LAST EVENT_CHUNK_ID* EVENT_TIMESTAMP* EVENT_SCORE* RING_MISS_COUNT* CHUNK_OVERFLOW}]
/home/work1/Works/AI-Trigger-System/HDL/constraints/ai_trigger_ooc.xdc (Line: 30)
Related violations: <none>

XDCH-2#456 Warning
Same min and max delay values on IO port  
The same output delay of 0.000 ns has been defined on port 'EVENT_DATA[361]' relative to clock CLK_ADC for both max and min. Make sure this reflects the design intent.
set_output_delay -clock [get_clocks CLK_ADC] 0.000 [get_ports -quiet {EVENT_VALID EVENT_DATA* EVENT_LAST EVENT_CHUNK_ID* EVENT_TIMESTAMP* EVENT_SCORE* RING_MISS_COUNT* CHUNK_OVERFLOW}]
/home/work1/Works/AI-Trigger-System/HDL/constraints/ai_trigger_ooc.xdc (Line: 30)
Related violations: <none>

XDCH-2#457 Warning
Same min and max delay values on IO port  
The same output delay of 0.000 ns has been defined on port 'EVENT_DATA[362]' relative to clock CLK_ADC for both max and min. Make sure this reflects the design intent.
set_output_delay -clock [get_clocks CLK_ADC] 0.000 [get_ports -quiet {EVENT_VALID EVENT_DATA* EVENT_LAST EVENT_CHUNK_ID* EVENT_TIMESTAMP* EVENT_SCORE* RING_MISS_COUNT* CHUNK_OVERFLOW}]
/home/work1/Works/AI-Trigger-System/HDL/constraints/ai_trigger_ooc.xdc (Line: 30)
Related violations: <none>

XDCH-2#458 Warning
Same min and max delay values on IO port  
The same output delay of 0.000 ns has been defined on port 'EVENT_DATA[363]' relative to clock CLK_ADC for both max and min. Make sure this reflects the design intent.
set_output_delay -clock [get_clocks CLK_ADC] 0.000 [get_ports -quiet {EVENT_VALID EVENT_DATA* EVENT_LAST EVENT_CHUNK_ID* EVENT_TIMESTAMP* EVENT_SCORE* RING_MISS_COUNT* CHUNK_OVERFLOW}]
/home/work1/Works/AI-Trigger-System/HDL/constraints/ai_trigger_ooc.xdc (Line: 30)
Related violations: <none>

XDCH-2#459 Warning
Same min and max delay values on IO port  
The same output delay of 0.000 ns has been defined on port 'EVENT_DATA[364]' relative to clock CLK_ADC for both max and min. Make sure this reflects the design intent.
set_output_delay -clock [get_clocks CLK_ADC] 0.000 [get_ports -quiet {EVENT_VALID EVENT_DATA* EVENT_LAST EVENT_CHUNK_ID* EVENT_TIMESTAMP* EVENT_SCORE* RING_MISS_COUNT* CHUNK_OVERFLOW}]
/home/work1/Works/AI-Trigger-System/HDL/constraints/ai_trigger_ooc.xdc (Line: 30)
Related violations: <none>

XDCH-2#460 Warning
Same min and max delay values on IO port  
The same output delay of 0.000 ns has been defined on port 'EVENT_DATA[365]' relative to clock CLK_ADC for both max and min. Make sure this reflects the design intent.
set_output_delay -clock [get_clocks CLK_ADC] 0.000 [get_ports -quiet {EVENT_VALID EVENT_DATA* EVENT_LAST EVENT_CHUNK_ID* EVENT_TIMESTAMP* EVENT_SCORE* RING_MISS_COUNT* CHUNK_OVERFLOW}]
/home/work1/Works/AI-Trigger-System/HDL/constraints/ai_trigger_ooc.xdc (Line: 30)
Related violations: <none>

XDCH-2#461 Warning
Same min and max delay values on IO port  
The same output delay of 0.000 ns has been defined on port 'EVENT_DATA[366]' relative to clock CLK_ADC for both max and min. Make sure this reflects the design intent.
set_output_delay -clock [get_clocks CLK_ADC] 0.000 [get_ports -quiet {EVENT_VALID EVENT_DATA* EVENT_LAST EVENT_CHUNK_ID* EVENT_TIMESTAMP* EVENT_SCORE* RING_MISS_COUNT* CHUNK_OVERFLOW}]
/home/work1/Works/AI-Trigger-System/HDL/constraints/ai_trigger_ooc.xdc (Line: 30)
Related violations: <none>

XDCH-2#462 Warning
Same min and max delay values on IO port  
The same output delay of 0.000 ns has been defined on port 'EVENT_DATA[367]' relative to clock CLK_ADC for both max and min. Make sure this reflects the design intent.
set_output_delay -clock [get_clocks CLK_ADC] 0.000 [get_ports -quiet {EVENT_VALID EVENT_DATA* EVENT_LAST EVENT_CHUNK_ID* EVENT_TIMESTAMP* EVENT_SCORE* RING_MISS_COUNT* CHUNK_OVERFLOW}]
/home/work1/Works/AI-Trigger-System/HDL/constraints/ai_trigger_ooc.xdc (Line: 30)
Related violations: <none>

XDCH-2#463 Warning
Same min and max delay values on IO port  
The same output delay of 0.000 ns has been defined on port 'EVENT_DATA[368]' relative to clock CLK_ADC for both max and min. Make sure this reflects the design intent.
set_output_delay -clock [get_clocks CLK_ADC] 0.000 [get_ports -quiet {EVENT_VALID EVENT_DATA* EVENT_LAST EVENT_CHUNK_ID* EVENT_TIMESTAMP* EVENT_SCORE* RING_MISS_COUNT* CHUNK_OVERFLOW}]
/home/work1/Works/AI-Trigger-System/HDL/constraints/ai_trigger_ooc.xdc (Line: 30)
Related violations: <none>

XDCH-2#464 Warning
Same min and max delay values on IO port  
The same output delay of 0.000 ns has been defined on port 'EVENT_DATA[369]' relative to clock CLK_ADC for both max and min. Make sure this reflects the design intent.
set_output_delay -clock [get_clocks CLK_ADC] 0.000 [get_ports -quiet {EVENT_VALID EVENT_DATA* EVENT_LAST EVENT_CHUNK_ID* EVENT_TIMESTAMP* EVENT_SCORE* RING_MISS_COUNT* CHUNK_OVERFLOW}]
/home/work1/Works/AI-Trigger-System/HDL/constraints/ai_trigger_ooc.xdc (Line: 30)
Related violations: <none>

XDCH-2#465 Warning
Same min and max delay values on IO port  
The same output delay of 0.000 ns has been defined on port 'EVENT_DATA[36]' relative to clock CLK_ADC for both max and min. Make sure this reflects the design intent.
set_output_delay -clock [get_clocks CLK_ADC] 0.000 [get_ports -quiet {EVENT_VALID EVENT_DATA* EVENT_LAST EVENT_CHUNK_ID* EVENT_TIMESTAMP* EVENT_SCORE* RING_MISS_COUNT* CHUNK_OVERFLOW}]
/home/work1/Works/AI-Trigger-System/HDL/constraints/ai_trigger_ooc.xdc (Line: 30)
Related violations: <none>

XDCH-2#466 Warning
Same min and max delay values on IO port  
The same output delay of 0.000 ns has been defined on port 'EVENT_DATA[370]' relative to clock CLK_ADC for both max and min. Make sure this reflects the design intent.
set_output_delay -clock [get_clocks CLK_ADC] 0.000 [get_ports -quiet {EVENT_VALID EVENT_DATA* EVENT_LAST EVENT_CHUNK_ID* EVENT_TIMESTAMP* EVENT_SCORE* RING_MISS_COUNT* CHUNK_OVERFLOW}]
/home/work1/Works/AI-Trigger-System/HDL/constraints/ai_trigger_ooc.xdc (Line: 30)
Related violations: <none>

XDCH-2#467 Warning
Same min and max delay values on IO port  
The same output delay of 0.000 ns has been defined on port 'EVENT_DATA[371]' relative to clock CLK_ADC for both max and min. Make sure this reflects the design intent.
set_output_delay -clock [get_clocks CLK_ADC] 0.000 [get_ports -quiet {EVENT_VALID EVENT_DATA* EVENT_LAST EVENT_CHUNK_ID* EVENT_TIMESTAMP* EVENT_SCORE* RING_MISS_COUNT* CHUNK_OVERFLOW}]
/home/work1/Works/AI-Trigger-System/HDL/constraints/ai_trigger_ooc.xdc (Line: 30)
Related violations: <none>

XDCH-2#468 Warning
Same min and max delay values on IO port  
The same output delay of 0.000 ns has been defined on port 'EVENT_DATA[372]' relative to clock CLK_ADC for both max and min. Make sure this reflects the design intent.
set_output_delay -clock [get_clocks CLK_ADC] 0.000 [get_ports -quiet {EVENT_VALID EVENT_DATA* EVENT_LAST EVENT_CHUNK_ID* EVENT_TIMESTAMP* EVENT_SCORE* RING_MISS_COUNT* CHUNK_OVERFLOW}]
/home/work1/Works/AI-Trigger-System/HDL/constraints/ai_trigger_ooc.xdc (Line: 30)
Related violations: <none>

XDCH-2#469 Warning
Same min and max delay values on IO port  
The same output delay of 0.000 ns has been defined on port 'EVENT_DATA[373]' relative to clock CLK_ADC for both max and min. Make sure this reflects the design intent.
set_output_delay -clock [get_clocks CLK_ADC] 0.000 [get_ports -quiet {EVENT_VALID EVENT_DATA* EVENT_LAST EVENT_CHUNK_ID* EVENT_TIMESTAMP* EVENT_SCORE* RING_MISS_COUNT* CHUNK_OVERFLOW}]
/home/work1/Works/AI-Trigger-System/HDL/constraints/ai_trigger_ooc.xdc (Line: 30)
Related violations: <none>

XDCH-2#470 Warning
Same min and max delay values on IO port  
The same output delay of 0.000 ns has been defined on port 'EVENT_DATA[374]' relative to clock CLK_ADC for both max and min. Make sure this reflects the design intent.
set_output_delay -clock [get_clocks CLK_ADC] 0.000 [get_ports -quiet {EVENT_VALID EVENT_DATA* EVENT_LAST EVENT_CHUNK_ID* EVENT_TIMESTAMP* EVENT_SCORE* RING_MISS_COUNT* CHUNK_OVERFLOW}]
/home/work1/Works/AI-Trigger-System/HDL/constraints/ai_trigger_ooc.xdc (Line: 30)
Related violations: <none>

XDCH-2#471 Warning
Same min and max delay values on IO port  
The same output delay of 0.000 ns has been defined on port 'EVENT_DATA[375]' relative to clock CLK_ADC for both max and min. Make sure this reflects the design intent.
set_output_delay -clock [get_clocks CLK_ADC] 0.000 [get_ports -quiet {EVENT_VALID EVENT_DATA* EVENT_LAST EVENT_CHUNK_ID* EVENT_TIMESTAMP* EVENT_SCORE* RING_MISS_COUNT* CHUNK_OVERFLOW}]
/home/work1/Works/AI-Trigger-System/HDL/constraints/ai_trigger_ooc.xdc (Line: 30)
Related violations: <none>

XDCH-2#472 Warning
Same min and max delay values on IO port  
The same output delay of 0.000 ns has been defined on port 'EVENT_DATA[376]' relative to clock CLK_ADC for both max and min. Make sure this reflects the design intent.
set_output_delay -clock [get_clocks CLK_ADC] 0.000 [get_ports -quiet {EVENT_VALID EVENT_DATA* EVENT_LAST EVENT_CHUNK_ID* EVENT_TIMESTAMP* EVENT_SCORE* RING_MISS_COUNT* CHUNK_OVERFLOW}]
/home/work1/Works/AI-Trigger-System/HDL/constraints/ai_trigger_ooc.xdc (Line: 30)
Related violations: <none>

XDCH-2#473 Warning
Same min and max delay values on IO port  
The same output delay of 0.000 ns has been defined on port 'EVENT_DATA[377]' relative to clock CLK_ADC for both max and min. Make sure this reflects the design intent.
set_output_delay -clock [get_clocks CLK_ADC] 0.000 [get_ports -quiet {EVENT_VALID EVENT_DATA* EVENT_LAST EVENT_CHUNK_ID* EVENT_TIMESTAMP* EVENT_SCORE* RING_MISS_COUNT* CHUNK_OVERFLOW}]
/home/work1/Works/AI-Trigger-System/HDL/constraints/ai_trigger_ooc.xdc (Line: 30)
Related violations: <none>

XDCH-2#474 Warning
Same min and max delay values on IO port  
The same output delay of 0.000 ns has been defined on port 'EVENT_DATA[378]' relative to clock CLK_ADC for both max and min. Make sure this reflects the design intent.
set_output_delay -clock [get_clocks CLK_ADC] 0.000 [get_ports -quiet {EVENT_VALID EVENT_DATA* EVENT_LAST EVENT_CHUNK_ID* EVENT_TIMESTAMP* EVENT_SCORE* RING_MISS_COUNT* CHUNK_OVERFLOW}]
/home/work1/Works/AI-Trigger-System/HDL/constraints/ai_trigger_ooc.xdc (Line: 30)
Related violations: <none>

XDCH-2#475 Warning
Same min and max delay values on IO port  
The same output delay of 0.000 ns has been defined on port 'EVENT_DATA[379]' relative to clock CLK_ADC for both max and min. Make sure this reflects the design intent.
set_output_delay -clock [get_clocks CLK_ADC] 0.000 [get_ports -quiet {EVENT_VALID EVENT_DATA* EVENT_LAST EVENT_CHUNK_ID* EVENT_TIMESTAMP* EVENT_SCORE* RING_MISS_COUNT* CHUNK_OVERFLOW}]
/home/work1/Works/AI-Trigger-System/HDL/constraints/ai_trigger_ooc.xdc (Line: 30)
Related violations: <none>

XDCH-2#476 Warning
Same min and max delay values on IO port  
The same output delay of 0.000 ns has been defined on port 'EVENT_DATA[37]' relative to clock CLK_ADC for both max and min. Make sure this reflects the design intent.
set_output_delay -clock [get_clocks CLK_ADC] 0.000 [get_ports -quiet {EVENT_VALID EVENT_DATA* EVENT_LAST EVENT_CHUNK_ID* EVENT_TIMESTAMP* EVENT_SCORE* RING_MISS_COUNT* CHUNK_OVERFLOW}]
/home/work1/Works/AI-Trigger-System/HDL/constraints/ai_trigger_ooc.xdc (Line: 30)
Related violations: <none>

XDCH-2#477 Warning
Same min and max delay values on IO port  
The same output delay of 0.000 ns has been defined on port 'EVENT_DATA[380]' relative to clock CLK_ADC for both max and min. Make sure this reflects the design intent.
set_output_delay -clock [get_clocks CLK_ADC] 0.000 [get_ports -quiet {EVENT_VALID EVENT_DATA* EVENT_LAST EVENT_CHUNK_ID* EVENT_TIMESTAMP* EVENT_SCORE* RING_MISS_COUNT* CHUNK_OVERFLOW}]
/home/work1/Works/AI-Trigger-System/HDL/constraints/ai_trigger_ooc.xdc (Line: 30)
Related violations: <none>

XDCH-2#478 Warning
Same min and max delay values on IO port  
The same output delay of 0.000 ns has been defined on port 'EVENT_DATA[381]' relative to clock CLK_ADC for both max and min. Make sure this reflects the design intent.
set_output_delay -clock [get_clocks CLK_ADC] 0.000 [get_ports -quiet {EVENT_VALID EVENT_DATA* EVENT_LAST EVENT_CHUNK_ID* EVENT_TIMESTAMP* EVENT_SCORE* RING_MISS_COUNT* CHUNK_OVERFLOW}]
/home/work1/Works/AI-Trigger-System/HDL/constraints/ai_trigger_ooc.xdc (Line: 30)
Related violations: <none>

XDCH-2#479 Warning
Same min and max delay values on IO port  
The same output delay of 0.000 ns has been defined on port 'EVENT_DATA[382]' relative to clock CLK_ADC for both max and min. Make sure this reflects the design intent.
set_output_delay -clock [get_clocks CLK_ADC] 0.000 [get_ports -quiet {EVENT_VALID EVENT_DATA* EVENT_LAST EVENT_CHUNK_ID* EVENT_TIMESTAMP* EVENT_SCORE* RING_MISS_COUNT* CHUNK_OVERFLOW}]
/home/work1/Works/AI-Trigger-System/HDL/constraints/ai_trigger_ooc.xdc (Line: 30)
Related violations: <none>

XDCH-2#480 Warning
Same min and max delay values on IO port  
The same output delay of 0.000 ns has been defined on port 'EVENT_DATA[383]' relative to clock CLK_ADC for both max and min. Make sure this reflects the design intent.
set_output_delay -clock [get_clocks CLK_ADC] 0.000 [get_ports -quiet {EVENT_VALID EVENT_DATA* EVENT_LAST EVENT_CHUNK_ID* EVENT_TIMESTAMP* EVENT_SCORE* RING_MISS_COUNT* CHUNK_OVERFLOW}]
/home/work1/Works/AI-Trigger-System/HDL/constraints/ai_trigger_ooc.xdc (Line: 30)
Related violations: <none>

XDCH-2#481 Warning
Same min and max delay values on IO port  
The same output delay of 0.000 ns has been defined on port 'EVENT_DATA[384]' relative to clock CLK_ADC for both max and min. Make sure this reflects the design intent.
set_output_delay -clock [get_clocks CLK_ADC] 0.000 [get_ports -quiet {EVENT_VALID EVENT_DATA* EVENT_LAST EVENT_CHUNK_ID* EVENT_TIMESTAMP* EVENT_SCORE* RING_MISS_COUNT* CHUNK_OVERFLOW}]
/home/work1/Works/AI-Trigger-System/HDL/constraints/ai_trigger_ooc.xdc (Line: 30)
Related violations: <none>

XDCH-2#482 Warning
Same min and max delay values on IO port  
The same output delay of 0.000 ns has been defined on port 'EVENT_DATA[385]' relative to clock CLK_ADC for both max and min. Make sure this reflects the design intent.
set_output_delay -clock [get_clocks CLK_ADC] 0.000 [get_ports -quiet {EVENT_VALID EVENT_DATA* EVENT_LAST EVENT_CHUNK_ID* EVENT_TIMESTAMP* EVENT_SCORE* RING_MISS_COUNT* CHUNK_OVERFLOW}]
/home/work1/Works/AI-Trigger-System/HDL/constraints/ai_trigger_ooc.xdc (Line: 30)
Related violations: <none>

XDCH-2#483 Warning
Same min and max delay values on IO port  
The same output delay of 0.000 ns has been defined on port 'EVENT_DATA[386]' relative to clock CLK_ADC for both max and min. Make sure this reflects the design intent.
set_output_delay -clock [get_clocks CLK_ADC] 0.000 [get_ports -quiet {EVENT_VALID EVENT_DATA* EVENT_LAST EVENT_CHUNK_ID* EVENT_TIMESTAMP* EVENT_SCORE* RING_MISS_COUNT* CHUNK_OVERFLOW}]
/home/work1/Works/AI-Trigger-System/HDL/constraints/ai_trigger_ooc.xdc (Line: 30)
Related violations: <none>

XDCH-2#484 Warning
Same min and max delay values on IO port  
The same output delay of 0.000 ns has been defined on port 'EVENT_DATA[387]' relative to clock CLK_ADC for both max and min. Make sure this reflects the design intent.
set_output_delay -clock [get_clocks CLK_ADC] 0.000 [get_ports -quiet {EVENT_VALID EVENT_DATA* EVENT_LAST EVENT_CHUNK_ID* EVENT_TIMESTAMP* EVENT_SCORE* RING_MISS_COUNT* CHUNK_OVERFLOW}]
/home/work1/Works/AI-Trigger-System/HDL/constraints/ai_trigger_ooc.xdc (Line: 30)
Related violations: <none>

XDCH-2#485 Warning
Same min and max delay values on IO port  
The same output delay of 0.000 ns has been defined on port 'EVENT_DATA[388]' relative to clock CLK_ADC for both max and min. Make sure this reflects the design intent.
set_output_delay -clock [get_clocks CLK_ADC] 0.000 [get_ports -quiet {EVENT_VALID EVENT_DATA* EVENT_LAST EVENT_CHUNK_ID* EVENT_TIMESTAMP* EVENT_SCORE* RING_MISS_COUNT* CHUNK_OVERFLOW}]
/home/work1/Works/AI-Trigger-System/HDL/constraints/ai_trigger_ooc.xdc (Line: 30)
Related violations: <none>

XDCH-2#486 Warning
Same min and max delay values on IO port  
The same output delay of 0.000 ns has been defined on port 'EVENT_DATA[389]' relative to clock CLK_ADC for both max and min. Make sure this reflects the design intent.
set_output_delay -clock [get_clocks CLK_ADC] 0.000 [get_ports -quiet {EVENT_VALID EVENT_DATA* EVENT_LAST EVENT_CHUNK_ID* EVENT_TIMESTAMP* EVENT_SCORE* RING_MISS_COUNT* CHUNK_OVERFLOW}]
/home/work1/Works/AI-Trigger-System/HDL/constraints/ai_trigger_ooc.xdc (Line: 30)
Related violations: <none>

XDCH-2#487 Warning
Same min and max delay values on IO port  
The same output delay of 0.000 ns has been defined on port 'EVENT_DATA[38]' relative to clock CLK_ADC for both max and min. Make sure this reflects the design intent.
set_output_delay -clock [get_clocks CLK_ADC] 0.000 [get_ports -quiet {EVENT_VALID EVENT_DATA* EVENT_LAST EVENT_CHUNK_ID* EVENT_TIMESTAMP* EVENT_SCORE* RING_MISS_COUNT* CHUNK_OVERFLOW}]
/home/work1/Works/AI-Trigger-System/HDL/constraints/ai_trigger_ooc.xdc (Line: 30)
Related violations: <none>

XDCH-2#488 Warning
Same min and max delay values on IO port  
The same output delay of 0.000 ns has been defined on port 'EVENT_DATA[390]' relative to clock CLK_ADC for both max and min. Make sure this reflects the design intent.
set_output_delay -clock [get_clocks CLK_ADC] 0.000 [get_ports -quiet {EVENT_VALID EVENT_DATA* EVENT_LAST EVENT_CHUNK_ID* EVENT_TIMESTAMP* EVENT_SCORE* RING_MISS_COUNT* CHUNK_OVERFLOW}]
/home/work1/Works/AI-Trigger-System/HDL/constraints/ai_trigger_ooc.xdc (Line: 30)
Related violations: <none>

XDCH-2#489 Warning
Same min and max delay values on IO port  
The same output delay of 0.000 ns has been defined on port 'EVENT_DATA[391]' relative to clock CLK_ADC for both max and min. Make sure this reflects the design intent.
set_output_delay -clock [get_clocks CLK_ADC] 0.000 [get_ports -quiet {EVENT_VALID EVENT_DATA* EVENT_LAST EVENT_CHUNK_ID* EVENT_TIMESTAMP* EVENT_SCORE* RING_MISS_COUNT* CHUNK_OVERFLOW}]
/home/work1/Works/AI-Trigger-System/HDL/constraints/ai_trigger_ooc.xdc (Line: 30)
Related violations: <none>

XDCH-2#490 Warning
Same min and max delay values on IO port  
The same output delay of 0.000 ns has been defined on port 'EVENT_DATA[392]' relative to clock CLK_ADC for both max and min. Make sure this reflects the design intent.
set_output_delay -clock [get_clocks CLK_ADC] 0.000 [get_ports -quiet {EVENT_VALID EVENT_DATA* EVENT_LAST EVENT_CHUNK_ID* EVENT_TIMESTAMP* EVENT_SCORE* RING_MISS_COUNT* CHUNK_OVERFLOW}]
/home/work1/Works/AI-Trigger-System/HDL/constraints/ai_trigger_ooc.xdc (Line: 30)
Related violations: <none>

XDCH-2#491 Warning
Same min and max delay values on IO port  
The same output delay of 0.000 ns has been defined on port 'EVENT_DATA[393]' relative to clock CLK_ADC for both max and min. Make sure this reflects the design intent.
set_output_delay -clock [get_clocks CLK_ADC] 0.000 [get_ports -quiet {EVENT_VALID EVENT_DATA* EVENT_LAST EVENT_CHUNK_ID* EVENT_TIMESTAMP* EVENT_SCORE* RING_MISS_COUNT* CHUNK_OVERFLOW}]
/home/work1/Works/AI-Trigger-System/HDL/constraints/ai_trigger_ooc.xdc (Line: 30)
Related violations: <none>

XDCH-2#492 Warning
Same min and max delay values on IO port  
The same output delay of 0.000 ns has been defined on port 'EVENT_DATA[394]' relative to clock CLK_ADC for both max and min. Make sure this reflects the design intent.
set_output_delay -clock [get_clocks CLK_ADC] 0.000 [get_ports -quiet {EVENT_VALID EVENT_DATA* EVENT_LAST EVENT_CHUNK_ID* EVENT_TIMESTAMP* EVENT_SCORE* RING_MISS_COUNT* CHUNK_OVERFLOW}]
/home/work1/Works/AI-Trigger-System/HDL/constraints/ai_trigger_ooc.xdc (Line: 30)
Related violations: <none>

XDCH-2#493 Warning
Same min and max delay values on IO port  
The same output delay of 0.000 ns has been defined on port 'EVENT_DATA[395]' relative to clock CLK_ADC for both max and min. Make sure this reflects the design intent.
set_output_delay -clock [get_clocks CLK_ADC] 0.000 [get_ports -quiet {EVENT_VALID EVENT_DATA* EVENT_LAST EVENT_CHUNK_ID* EVENT_TIMESTAMP* EVENT_SCORE* RING_MISS_COUNT* CHUNK_OVERFLOW}]
/home/work1/Works/AI-Trigger-System/HDL/constraints/ai_trigger_ooc.xdc (Line: 30)
Related violations: <none>

XDCH-2#494 Warning
Same min and max delay values on IO port  
The same output delay of 0.000 ns has been defined on port 'EVENT_DATA[396]' relative to clock CLK_ADC for both max and min. Make sure this reflects the design intent.
set_output_delay -clock [get_clocks CLK_ADC] 0.000 [get_ports -quiet {EVENT_VALID EVENT_DATA* EVENT_LAST EVENT_CHUNK_ID* EVENT_TIMESTAMP* EVENT_SCORE* RING_MISS_COUNT* CHUNK_OVERFLOW}]
/home/work1/Works/AI-Trigger-System/HDL/constraints/ai_trigger_ooc.xdc (Line: 30)
Related violations: <none>

XDCH-2#495 Warning
Same min and max delay values on IO port  
The same output delay of 0.000 ns has been defined on port 'EVENT_DATA[397]' relative to clock CLK_ADC for both max and min. Make sure this reflects the design intent.
set_output_delay -clock [get_clocks CLK_ADC] 0.000 [get_ports -quiet {EVENT_VALID EVENT_DATA* EVENT_LAST EVENT_CHUNK_ID* EVENT_TIMESTAMP* EVENT_SCORE* RING_MISS_COUNT* CHUNK_OVERFLOW}]
/home/work1/Works/AI-Trigger-System/HDL/constraints/ai_trigger_ooc.xdc (Line: 30)
Related violations: <none>

XDCH-2#496 Warning
Same min and max delay values on IO port  
The same output delay of 0.000 ns has been defined on port 'EVENT_DATA[398]' relative to clock CLK_ADC for both max and min. Make sure this reflects the design intent.
set_output_delay -clock [get_clocks CLK_ADC] 0.000 [get_ports -quiet {EVENT_VALID EVENT_DATA* EVENT_LAST EVENT_CHUNK_ID* EVENT_TIMESTAMP* EVENT_SCORE* RING_MISS_COUNT* CHUNK_OVERFLOW}]
/home/work1/Works/AI-Trigger-System/HDL/constraints/ai_trigger_ooc.xdc (Line: 30)
Related violations: <none>

XDCH-2#497 Warning
Same min and max delay values on IO port  
The same output delay of 0.000 ns has been defined on port 'EVENT_DATA[399]' relative to clock CLK_ADC for both max and min. Make sure this reflects the design intent.
set_output_delay -clock [get_clocks CLK_ADC] 0.000 [get_ports -quiet {EVENT_VALID EVENT_DATA* EVENT_LAST EVENT_CHUNK_ID* EVENT_TIMESTAMP* EVENT_SCORE* RING_MISS_COUNT* CHUNK_OVERFLOW}]
/home/work1/Works/AI-Trigger-System/HDL/constraints/ai_trigger_ooc.xdc (Line: 30)
Related violations: <none>

XDCH-2#498 Warning
Same min and max delay values on IO port  
The same output delay of 0.000 ns has been defined on port 'EVENT_DATA[39]' relative to clock CLK_ADC for both max and min. Make sure this reflects the design intent.
set_output_delay -clock [get_clocks CLK_ADC] 0.000 [get_ports -quiet {EVENT_VALID EVENT_DATA* EVENT_LAST EVENT_CHUNK_ID* EVENT_TIMESTAMP* EVENT_SCORE* RING_MISS_COUNT* CHUNK_OVERFLOW}]
/home/work1/Works/AI-Trigger-System/HDL/constraints/ai_trigger_ooc.xdc (Line: 30)
Related violations: <none>

XDCH-2#499 Warning
Same min and max delay values on IO port  
The same output delay of 0.000 ns has been defined on port 'EVENT_DATA[3]' relative to clock CLK_ADC for both max and min. Make sure this reflects the design intent.
set_output_delay -clock [get_clocks CLK_ADC] 0.000 [get_ports -quiet {EVENT_VALID EVENT_DATA* EVENT_LAST EVENT_CHUNK_ID* EVENT_TIMESTAMP* EVENT_SCORE* RING_MISS_COUNT* CHUNK_OVERFLOW}]
/home/work1/Works/AI-Trigger-System/HDL/constraints/ai_trigger_ooc.xdc (Line: 30)
Related violations: <none>

XDCH-2#500 Warning
Same min and max delay values on IO port  
The same output delay of 0.000 ns has been defined on port 'EVENT_DATA[400]' relative to clock CLK_ADC for both max and min. Make sure this reflects the design intent.
set_output_delay -clock [get_clocks CLK_ADC] 0.000 [get_ports -quiet {EVENT_VALID EVENT_DATA* EVENT_LAST EVENT_CHUNK_ID* EVENT_TIMESTAMP* EVENT_SCORE* RING_MISS_COUNT* CHUNK_OVERFLOW}]
/home/work1/Works/AI-Trigger-System/HDL/constraints/ai_trigger_ooc.xdc (Line: 30)
Related violations: <none>

XDCH-2#501 Warning
Same min and max delay values on IO port  
The same output delay of 0.000 ns has been defined on port 'EVENT_DATA[401]' relative to clock CLK_ADC for both max and min. Make sure this reflects the design intent.
set_output_delay -clock [get_clocks CLK_ADC] 0.000 [get_ports -quiet {EVENT_VALID EVENT_DATA* EVENT_LAST EVENT_CHUNK_ID* EVENT_TIMESTAMP* EVENT_SCORE* RING_MISS_COUNT* CHUNK_OVERFLOW}]
/home/work1/Works/AI-Trigger-System/HDL/constraints/ai_trigger_ooc.xdc (Line: 30)
Related violations: <none>

XDCH-2#502 Warning
Same min and max delay values on IO port  
The same output delay of 0.000 ns has been defined on port 'EVENT_DATA[402]' relative to clock CLK_ADC for both max and min. Make sure this reflects the design intent.
set_output_delay -clock [get_clocks CLK_ADC] 0.000 [get_ports -quiet {EVENT_VALID EVENT_DATA* EVENT_LAST EVENT_CHUNK_ID* EVENT_TIMESTAMP* EVENT_SCORE* RING_MISS_COUNT* CHUNK_OVERFLOW}]
/home/work1/Works/AI-Trigger-System/HDL/constraints/ai_trigger_ooc.xdc (Line: 30)
Related violations: <none>

XDCH-2#503 Warning
Same min and max delay values on IO port  
The same output delay of 0.000 ns has been defined on port 'EVENT_DATA[403]' relative to clock CLK_ADC for both max and min. Make sure this reflects the design intent.
set_output_delay -clock [get_clocks CLK_ADC] 0.000 [get_ports -quiet {EVENT_VALID EVENT_DATA* EVENT_LAST EVENT_CHUNK_ID* EVENT_TIMESTAMP* EVENT_SCORE* RING_MISS_COUNT* CHUNK_OVERFLOW}]
/home/work1/Works/AI-Trigger-System/HDL/constraints/ai_trigger_ooc.xdc (Line: 30)
Related violations: <none>

XDCH-2#504 Warning
Same min and max delay values on IO port  
The same output delay of 0.000 ns has been defined on port 'EVENT_DATA[404]' relative to clock CLK_ADC for both max and min. Make sure this reflects the design intent.
set_output_delay -clock [get_clocks CLK_ADC] 0.000 [get_ports -quiet {EVENT_VALID EVENT_DATA* EVENT_LAST EVENT_CHUNK_ID* EVENT_TIMESTAMP* EVENT_SCORE* RING_MISS_COUNT* CHUNK_OVERFLOW}]
/home/work1/Works/AI-Trigger-System/HDL/constraints/ai_trigger_ooc.xdc (Line: 30)
Related violations: <none>

XDCH-2#505 Warning
Same min and max delay values on IO port  
The same output delay of 0.000 ns has been defined on port 'EVENT_DATA[405]' relative to clock CLK_ADC for both max and min. Make sure this reflects the design intent.
set_output_delay -clock [get_clocks CLK_ADC] 0.000 [get_ports -quiet {EVENT_VALID EVENT_DATA* EVENT_LAST EVENT_CHUNK_ID* EVENT_TIMESTAMP* EVENT_SCORE* RING_MISS_COUNT* CHUNK_OVERFLOW}]
/home/work1/Works/AI-Trigger-System/HDL/constraints/ai_trigger_ooc.xdc (Line: 30)
Related violations: <none>

XDCH-2#506 Warning
Same min and max delay values on IO port  
The same output delay of 0.000 ns has been defined on port 'EVENT_DATA[406]' relative to clock CLK_ADC for both max and min. Make sure this reflects the design intent.
set_output_delay -clock [get_clocks CLK_ADC] 0.000 [get_ports -quiet {EVENT_VALID EVENT_DATA* EVENT_LAST EVENT_CHUNK_ID* EVENT_TIMESTAMP* EVENT_SCORE* RING_MISS_COUNT* CHUNK_OVERFLOW}]
/home/work1/Works/AI-Trigger-System/HDL/constraints/ai_trigger_ooc.xdc (Line: 30)
Related violations: <none>

XDCH-2#507 Warning
Same min and max delay values on IO port  
The same output delay of 0.000 ns has been defined on port 'EVENT_DATA[407]' relative to clock CLK_ADC for both max and min. Make sure this reflects the design intent.
set_output_delay -clock [get_clocks CLK_ADC] 0.000 [get_ports -quiet {EVENT_VALID EVENT_DATA* EVENT_LAST EVENT_CHUNK_ID* EVENT_TIMESTAMP* EVENT_SCORE* RING_MISS_COUNT* CHUNK_OVERFLOW}]
/home/work1/Works/AI-Trigger-System/HDL/constraints/ai_trigger_ooc.xdc (Line: 30)
Related violations: <none>

XDCH-2#508 Warning
Same min and max delay values on IO port  
The same output delay of 0.000 ns has been defined on port 'EVENT_DATA[408]' relative to clock CLK_ADC for both max and min. Make sure this reflects the design intent.
set_output_delay -clock [get_clocks CLK_ADC] 0.000 [get_ports -quiet {EVENT_VALID EVENT_DATA* EVENT_LAST EVENT_CHUNK_ID* EVENT_TIMESTAMP* EVENT_SCORE* RING_MISS_COUNT* CHUNK_OVERFLOW}]
/home/work1/Works/AI-Trigger-System/HDL/constraints/ai_trigger_ooc.xdc (Line: 30)
Related violations: <none>

XDCH-2#509 Warning
Same min and max delay values on IO port  
The same output delay of 0.000 ns has been defined on port 'EVENT_DATA[409]' relative to clock CLK_ADC for both max and min. Make sure this reflects the design intent.
set_output_delay -clock [get_clocks CLK_ADC] 0.000 [get_ports -quiet {EVENT_VALID EVENT_DATA* EVENT_LAST EVENT_CHUNK_ID* EVENT_TIMESTAMP* EVENT_SCORE* RING_MISS_COUNT* CHUNK_OVERFLOW}]
/home/work1/Works/AI-Trigger-System/HDL/constraints/ai_trigger_ooc.xdc (Line: 30)
Related violations: <none>

XDCH-2#510 Warning
Same min and max delay values on IO port  
The same output delay of 0.000 ns has been defined on port 'EVENT_DATA[40]' relative to clock CLK_ADC for both max and min. Make sure this reflects the design intent.
set_output_delay -clock [get_clocks CLK_ADC] 0.000 [get_ports -quiet {EVENT_VALID EVENT_DATA* EVENT_LAST EVENT_CHUNK_ID* EVENT_TIMESTAMP* EVENT_SCORE* RING_MISS_COUNT* CHUNK_OVERFLOW}]
/home/work1/Works/AI-Trigger-System/HDL/constraints/ai_trigger_ooc.xdc (Line: 30)
Related violations: <none>

XDCH-2#511 Warning
Same min and max delay values on IO port  
The same output delay of 0.000 ns has been defined on port 'EVENT_DATA[410]' relative to clock CLK_ADC for both max and min. Make sure this reflects the design intent.
set_output_delay -clock [get_clocks CLK_ADC] 0.000 [get_ports -quiet {EVENT_VALID EVENT_DATA* EVENT_LAST EVENT_CHUNK_ID* EVENT_TIMESTAMP* EVENT_SCORE* RING_MISS_COUNT* CHUNK_OVERFLOW}]
/home/work1/Works/AI-Trigger-System/HDL/constraints/ai_trigger_ooc.xdc (Line: 30)
Related violations: <none>

XDCH-2#512 Warning
Same min and max delay values on IO port  
The same output delay of 0.000 ns has been defined on port 'EVENT_DATA[411]' relative to clock CLK_ADC for both max and min. Make sure this reflects the design intent.
set_output_delay -clock [get_clocks CLK_ADC] 0.000 [get_ports -quiet {EVENT_VALID EVENT_DATA* EVENT_LAST EVENT_CHUNK_ID* EVENT_TIMESTAMP* EVENT_SCORE* RING_MISS_COUNT* CHUNK_OVERFLOW}]
/home/work1/Works/AI-Trigger-System/HDL/constraints/ai_trigger_ooc.xdc (Line: 30)
Related violations: <none>

XDCH-2#513 Warning
Same min and max delay values on IO port  
The same output delay of 0.000 ns has been defined on port 'EVENT_DATA[412]' relative to clock CLK_ADC for both max and min. Make sure this reflects the design intent.
set_output_delay -clock [get_clocks CLK_ADC] 0.000 [get_ports -quiet {EVENT_VALID EVENT_DATA* EVENT_LAST EVENT_CHUNK_ID* EVENT_TIMESTAMP* EVENT_SCORE* RING_MISS_COUNT* CHUNK_OVERFLOW}]
/home/work1/Works/AI-Trigger-System/HDL/constraints/ai_trigger_ooc.xdc (Line: 30)
Related violations: <none>

XDCH-2#514 Warning
Same min and max delay values on IO port  
The same output delay of 0.000 ns has been defined on port 'EVENT_DATA[413]' relative to clock CLK_ADC for both max and min. Make sure this reflects the design intent.
set_output_delay -clock [get_clocks CLK_ADC] 0.000 [get_ports -quiet {EVENT_VALID EVENT_DATA* EVENT_LAST EVENT_CHUNK_ID* EVENT_TIMESTAMP* EVENT_SCORE* RING_MISS_COUNT* CHUNK_OVERFLOW}]
/home/work1/Works/AI-Trigger-System/HDL/constraints/ai_trigger_ooc.xdc (Line: 30)
Related violations: <none>

XDCH-2#515 Warning
Same min and max delay values on IO port  
The same output delay of 0.000 ns has been defined on port 'EVENT_DATA[414]' relative to clock CLK_ADC for both max and min. Make sure this reflects the design intent.
set_output_delay -clock [get_clocks CLK_ADC] 0.000 [get_ports -quiet {EVENT_VALID EVENT_DATA* EVENT_LAST EVENT_CHUNK_ID* EVENT_TIMESTAMP* EVENT_SCORE* RING_MISS_COUNT* CHUNK_OVERFLOW}]
/home/work1/Works/AI-Trigger-System/HDL/constraints/ai_trigger_ooc.xdc (Line: 30)
Related violations: <none>

XDCH-2#516 Warning
Same min and max delay values on IO port  
The same output delay of 0.000 ns has been defined on port 'EVENT_DATA[415]' relative to clock CLK_ADC for both max and min. Make sure this reflects the design intent.
set_output_delay -clock [get_clocks CLK_ADC] 0.000 [get_ports -quiet {EVENT_VALID EVENT_DATA* EVENT_LAST EVENT_CHUNK_ID* EVENT_TIMESTAMP* EVENT_SCORE* RING_MISS_COUNT* CHUNK_OVERFLOW}]
/home/work1/Works/AI-Trigger-System/HDL/constraints/ai_trigger_ooc.xdc (Line: 30)
Related violations: <none>

XDCH-2#517 Warning
Same min and max delay values on IO port  
The same output delay of 0.000 ns has been defined on port 'EVENT_DATA[416]' relative to clock CLK_ADC for both max and min. Make sure this reflects the design intent.
set_output_delay -clock [get_clocks CLK_ADC] 0.000 [get_ports -quiet {EVENT_VALID EVENT_DATA* EVENT_LAST EVENT_CHUNK_ID* EVENT_TIMESTAMP* EVENT_SCORE* RING_MISS_COUNT* CHUNK_OVERFLOW}]
/home/work1/Works/AI-Trigger-System/HDL/constraints/ai_trigger_ooc.xdc (Line: 30)
Related violations: <none>

XDCH-2#518 Warning
Same min and max delay values on IO port  
The same output delay of 0.000 ns has been defined on port 'EVENT_DATA[417]' relative to clock CLK_ADC for both max and min. Make sure this reflects the design intent.
set_output_delay -clock [get_clocks CLK_ADC] 0.000 [get_ports -quiet {EVENT_VALID EVENT_DATA* EVENT_LAST EVENT_CHUNK_ID* EVENT_TIMESTAMP* EVENT_SCORE* RING_MISS_COUNT* CHUNK_OVERFLOW}]
/home/work1/Works/AI-Trigger-System/HDL/constraints/ai_trigger_ooc.xdc (Line: 30)
Related violations: <none>

XDCH-2#519 Warning
Same min and max delay values on IO port  
The same output delay of 0.000 ns has been defined on port 'EVENT_DATA[418]' relative to clock CLK_ADC for both max and min. Make sure this reflects the design intent.
set_output_delay -clock [get_clocks CLK_ADC] 0.000 [get_ports -quiet {EVENT_VALID EVENT_DATA* EVENT_LAST EVENT_CHUNK_ID* EVENT_TIMESTAMP* EVENT_SCORE* RING_MISS_COUNT* CHUNK_OVERFLOW}]
/home/work1/Works/AI-Trigger-System/HDL/constraints/ai_trigger_ooc.xdc (Line: 30)
Related violations: <none>

XDCH-2#520 Warning
Same min and max delay values on IO port  
The same output delay of 0.000 ns has been defined on port 'EVENT_DATA[419]' relative to clock CLK_ADC for both max and min. Make sure this reflects the design intent.
set_output_delay -clock [get_clocks CLK_ADC] 0.000 [get_ports -quiet {EVENT_VALID EVENT_DATA* EVENT_LAST EVENT_CHUNK_ID* EVENT_TIMESTAMP* EVENT_SCORE* RING_MISS_COUNT* CHUNK_OVERFLOW}]
/home/work1/Works/AI-Trigger-System/HDL/constraints/ai_trigger_ooc.xdc (Line: 30)
Related violations: <none>

XDCH-2#521 Warning
Same min and max delay values on IO port  
The same output delay of 0.000 ns has been defined on port 'EVENT_DATA[41]' relative to clock CLK_ADC for both max and min. Make sure this reflects the design intent.
set_output_delay -clock [get_clocks CLK_ADC] 0.000 [get_ports -quiet {EVENT_VALID EVENT_DATA* EVENT_LAST EVENT_CHUNK_ID* EVENT_TIMESTAMP* EVENT_SCORE* RING_MISS_COUNT* CHUNK_OVERFLOW}]
/home/work1/Works/AI-Trigger-System/HDL/constraints/ai_trigger_ooc.xdc (Line: 30)
Related violations: <none>

XDCH-2#522 Warning
Same min and max delay values on IO port  
The same output delay of 0.000 ns has been defined on port 'EVENT_DATA[420]' relative to clock CLK_ADC for both max and min. Make sure this reflects the design intent.
set_output_delay -clock [get_clocks CLK_ADC] 0.000 [get_ports -quiet {EVENT_VALID EVENT_DATA* EVENT_LAST EVENT_CHUNK_ID* EVENT_TIMESTAMP* EVENT_SCORE* RING_MISS_COUNT* CHUNK_OVERFLOW}]
/home/work1/Works/AI-Trigger-System/HDL/constraints/ai_trigger_ooc.xdc (Line: 30)
Related violations: <none>

XDCH-2#523 Warning
Same min and max delay values on IO port  
The same output delay of 0.000 ns has been defined on port 'EVENT_DATA[421]' relative to clock CLK_ADC for both max and min. Make sure this reflects the design intent.
set_output_delay -clock [get_clocks CLK_ADC] 0.000 [get_ports -quiet {EVENT_VALID EVENT_DATA* EVENT_LAST EVENT_CHUNK_ID* EVENT_TIMESTAMP* EVENT_SCORE* RING_MISS_COUNT* CHUNK_OVERFLOW}]
/home/work1/Works/AI-Trigger-System/HDL/constraints/ai_trigger_ooc.xdc (Line: 30)
Related violations: <none>

XDCH-2#524 Warning
Same min and max delay values on IO port  
The same output delay of 0.000 ns has been defined on port 'EVENT_DATA[422]' relative to clock CLK_ADC for both max and min. Make sure this reflects the design intent.
set_output_delay -clock [get_clocks CLK_ADC] 0.000 [get_ports -quiet {EVENT_VALID EVENT_DATA* EVENT_LAST EVENT_CHUNK_ID* EVENT_TIMESTAMP* EVENT_SCORE* RING_MISS_COUNT* CHUNK_OVERFLOW}]
/home/work1/Works/AI-Trigger-System/HDL/constraints/ai_trigger_ooc.xdc (Line: 30)
Related violations: <none>

XDCH-2#525 Warning
Same min and max delay values on IO port  
The same output delay of 0.000 ns has been defined on port 'EVENT_DATA[423]' relative to clock CLK_ADC for both max and min. Make sure this reflects the design intent.
set_output_delay -clock [get_clocks CLK_ADC] 0.000 [get_ports -quiet {EVENT_VALID EVENT_DATA* EVENT_LAST EVENT_CHUNK_ID* EVENT_TIMESTAMP* EVENT_SCORE* RING_MISS_COUNT* CHUNK_OVERFLOW}]
/home/work1/Works/AI-Trigger-System/HDL/constraints/ai_trigger_ooc.xdc (Line: 30)
Related violations: <none>

XDCH-2#526 Warning
Same min and max delay values on IO port  
The same output delay of 0.000 ns has been defined on port 'EVENT_DATA[424]' relative to clock CLK_ADC for both max and min. Make sure this reflects the design intent.
set_output_delay -clock [get_clocks CLK_ADC] 0.000 [get_ports -quiet {EVENT_VALID EVENT_DATA* EVENT_LAST EVENT_CHUNK_ID* EVENT_TIMESTAMP* EVENT_SCORE* RING_MISS_COUNT* CHUNK_OVERFLOW}]
/home/work1/Works/AI-Trigger-System/HDL/constraints/ai_trigger_ooc.xdc (Line: 30)
Related violations: <none>

XDCH-2#527 Warning
Same min and max delay values on IO port  
The same output delay of 0.000 ns has been defined on port 'EVENT_DATA[425]' relative to clock CLK_ADC for both max and min. Make sure this reflects the design intent.
set_output_delay -clock [get_clocks CLK_ADC] 0.000 [get_ports -quiet {EVENT_VALID EVENT_DATA* EVENT_LAST EVENT_CHUNK_ID* EVENT_TIMESTAMP* EVENT_SCORE* RING_MISS_COUNT* CHUNK_OVERFLOW}]
/home/work1/Works/AI-Trigger-System/HDL/constraints/ai_trigger_ooc.xdc (Line: 30)
Related violations: <none>

XDCH-2#528 Warning
Same min and max delay values on IO port  
The same output delay of 0.000 ns has been defined on port 'EVENT_DATA[426]' relative to clock CLK_ADC for both max and min. Make sure this reflects the design intent.
set_output_delay -clock [get_clocks CLK_ADC] 0.000 [get_ports -quiet {EVENT_VALID EVENT_DATA* EVENT_LAST EVENT_CHUNK_ID* EVENT_TIMESTAMP* EVENT_SCORE* RING_MISS_COUNT* CHUNK_OVERFLOW}]
/home/work1/Works/AI-Trigger-System/HDL/constraints/ai_trigger_ooc.xdc (Line: 30)
Related violations: <none>

XDCH-2#529 Warning
Same min and max delay values on IO port  
The same output delay of 0.000 ns has been defined on port 'EVENT_DATA[427]' relative to clock CLK_ADC for both max and min. Make sure this reflects the design intent.
set_output_delay -clock [get_clocks CLK_ADC] 0.000 [get_ports -quiet {EVENT_VALID EVENT_DATA* EVENT_LAST EVENT_CHUNK_ID* EVENT_TIMESTAMP* EVENT_SCORE* RING_MISS_COUNT* CHUNK_OVERFLOW}]
/home/work1/Works/AI-Trigger-System/HDL/constraints/ai_trigger_ooc.xdc (Line: 30)
Related violations: <none>

XDCH-2#530 Warning
Same min and max delay values on IO port  
The same output delay of 0.000 ns has been defined on port 'EVENT_DATA[428]' relative to clock CLK_ADC for both max and min. Make sure this reflects the design intent.
set_output_delay -clock [get_clocks CLK_ADC] 0.000 [get_ports -quiet {EVENT_VALID EVENT_DATA* EVENT_LAST EVENT_CHUNK_ID* EVENT_TIMESTAMP* EVENT_SCORE* RING_MISS_COUNT* CHUNK_OVERFLOW}]
/home/work1/Works/AI-Trigger-System/HDL/constraints/ai_trigger_ooc.xdc (Line: 30)
Related violations: <none>

XDCH-2#531 Warning
Same min and max delay values on IO port  
The same output delay of 0.000 ns has been defined on port 'EVENT_DATA[429]' relative to clock CLK_ADC for both max and min. Make sure this reflects the design intent.
set_output_delay -clock [get_clocks CLK_ADC] 0.000 [get_ports -quiet {EVENT_VALID EVENT_DATA* EVENT_LAST EVENT_CHUNK_ID* EVENT_TIMESTAMP* EVENT_SCORE* RING_MISS_COUNT* CHUNK_OVERFLOW}]
/home/work1/Works/AI-Trigger-System/HDL/constraints/ai_trigger_ooc.xdc (Line: 30)
Related violations: <none>

XDCH-2#532 Warning
Same min and max delay values on IO port  
The same output delay of 0.000 ns has been defined on port 'EVENT_DATA[42]' relative to clock CLK_ADC for both max and min. Make sure this reflects the design intent.
set_output_delay -clock [get_clocks CLK_ADC] 0.000 [get_ports -quiet {EVENT_VALID EVENT_DATA* EVENT_LAST EVENT_CHUNK_ID* EVENT_TIMESTAMP* EVENT_SCORE* RING_MISS_COUNT* CHUNK_OVERFLOW}]
/home/work1/Works/AI-Trigger-System/HDL/constraints/ai_trigger_ooc.xdc (Line: 30)
Related violations: <none>

XDCH-2#533 Warning
Same min and max delay values on IO port  
The same output delay of 0.000 ns has been defined on port 'EVENT_DATA[430]' relative to clock CLK_ADC for both max and min. Make sure this reflects the design intent.
set_output_delay -clock [get_clocks CLK_ADC] 0.000 [get_ports -quiet {EVENT_VALID EVENT_DATA* EVENT_LAST EVENT_CHUNK_ID* EVENT_TIMESTAMP* EVENT_SCORE* RING_MISS_COUNT* CHUNK_OVERFLOW}]
/home/work1/Works/AI-Trigger-System/HDL/constraints/ai_trigger_ooc.xdc (Line: 30)
Related violations: <none>

XDCH-2#534 Warning
Same min and max delay values on IO port  
The same output delay of 0.000 ns has been defined on port 'EVENT_DATA[431]' relative to clock CLK_ADC for both max and min. Make sure this reflects the design intent.
set_output_delay -clock [get_clocks CLK_ADC] 0.000 [get_ports -quiet {EVENT_VALID EVENT_DATA* EVENT_LAST EVENT_CHUNK_ID* EVENT_TIMESTAMP* EVENT_SCORE* RING_MISS_COUNT* CHUNK_OVERFLOW}]
/home/work1/Works/AI-Trigger-System/HDL/constraints/ai_trigger_ooc.xdc (Line: 30)
Related violations: <none>

XDCH-2#535 Warning
Same min and max delay values on IO port  
The same output delay of 0.000 ns has been defined on port 'EVENT_DATA[432]' relative to clock CLK_ADC for both max and min. Make sure this reflects the design intent.
set_output_delay -clock [get_clocks CLK_ADC] 0.000 [get_ports -quiet {EVENT_VALID EVENT_DATA* EVENT_LAST EVENT_CHUNK_ID* EVENT_TIMESTAMP* EVENT_SCORE* RING_MISS_COUNT* CHUNK_OVERFLOW}]
/home/work1/Works/AI-Trigger-System/HDL/constraints/ai_trigger_ooc.xdc (Line: 30)
Related violations: <none>

XDCH-2#536 Warning
Same min and max delay values on IO port  
The same output delay of 0.000 ns has been defined on port 'EVENT_DATA[433]' relative to clock CLK_ADC for both max and min. Make sure this reflects the design intent.
set_output_delay -clock [get_clocks CLK_ADC] 0.000 [get_ports -quiet {EVENT_VALID EVENT_DATA* EVENT_LAST EVENT_CHUNK_ID* EVENT_TIMESTAMP* EVENT_SCORE* RING_MISS_COUNT* CHUNK_OVERFLOW}]
/home/work1/Works/AI-Trigger-System/HDL/constraints/ai_trigger_ooc.xdc (Line: 30)
Related violations: <none>

XDCH-2#537 Warning
Same min and max delay values on IO port  
The same output delay of 0.000 ns has been defined on port 'EVENT_DATA[434]' relative to clock CLK_ADC for both max and min. Make sure this reflects the design intent.
set_output_delay -clock [get_clocks CLK_ADC] 0.000 [get_ports -quiet {EVENT_VALID EVENT_DATA* EVENT_LAST EVENT_CHUNK_ID* EVENT_TIMESTAMP* EVENT_SCORE* RING_MISS_COUNT* CHUNK_OVERFLOW}]
/home/work1/Works/AI-Trigger-System/HDL/constraints/ai_trigger_ooc.xdc (Line: 30)
Related violations: <none>

XDCH-2#538 Warning
Same min and max delay values on IO port  
The same output delay of 0.000 ns has been defined on port 'EVENT_DATA[435]' relative to clock CLK_ADC for both max and min. Make sure this reflects the design intent.
set_output_delay -clock [get_clocks CLK_ADC] 0.000 [get_ports -quiet {EVENT_VALID EVENT_DATA* EVENT_LAST EVENT_CHUNK_ID* EVENT_TIMESTAMP* EVENT_SCORE* RING_MISS_COUNT* CHUNK_OVERFLOW}]
/home/work1/Works/AI-Trigger-System/HDL/constraints/ai_trigger_ooc.xdc (Line: 30)
Related violations: <none>

XDCH-2#539 Warning
Same min and max delay values on IO port  
The same output delay of 0.000 ns has been defined on port 'EVENT_DATA[436]' relative to clock CLK_ADC for both max and min. Make sure this reflects the design intent.
set_output_delay -clock [get_clocks CLK_ADC] 0.000 [get_ports -quiet {EVENT_VALID EVENT_DATA* EVENT_LAST EVENT_CHUNK_ID* EVENT_TIMESTAMP* EVENT_SCORE* RING_MISS_COUNT* CHUNK_OVERFLOW}]
/home/work1/Works/AI-Trigger-System/HDL/constraints/ai_trigger_ooc.xdc (Line: 30)
Related violations: <none>

XDCH-2#540 Warning
Same min and max delay values on IO port  
The same output delay of 0.000 ns has been defined on port 'EVENT_DATA[437]' relative to clock CLK_ADC for both max and min. Make sure this reflects the design intent.
set_output_delay -clock [get_clocks CLK_ADC] 0.000 [get_ports -quiet {EVENT_VALID EVENT_DATA* EVENT_LAST EVENT_CHUNK_ID* EVENT_TIMESTAMP* EVENT_SCORE* RING_MISS_COUNT* CHUNK_OVERFLOW}]
/home/work1/Works/AI-Trigger-System/HDL/constraints/ai_trigger_ooc.xdc (Line: 30)
Related violations: <none>

XDCH-2#541 Warning
Same min and max delay values on IO port  
The same output delay of 0.000 ns has been defined on port 'EVENT_DATA[438]' relative to clock CLK_ADC for both max and min. Make sure this reflects the design intent.
set_output_delay -clock [get_clocks CLK_ADC] 0.000 [get_ports -quiet {EVENT_VALID EVENT_DATA* EVENT_LAST EVENT_CHUNK_ID* EVENT_TIMESTAMP* EVENT_SCORE* RING_MISS_COUNT* CHUNK_OVERFLOW}]
/home/work1/Works/AI-Trigger-System/HDL/constraints/ai_trigger_ooc.xdc (Line: 30)
Related violations: <none>

XDCH-2#542 Warning
Same min and max delay values on IO port  
The same output delay of 0.000 ns has been defined on port 'EVENT_DATA[439]' relative to clock CLK_ADC for both max and min. Make sure this reflects the design intent.
set_output_delay -clock [get_clocks CLK_ADC] 0.000 [get_ports -quiet {EVENT_VALID EVENT_DATA* EVENT_LAST EVENT_CHUNK_ID* EVENT_TIMESTAMP* EVENT_SCORE* RING_MISS_COUNT* CHUNK_OVERFLOW}]
/home/work1/Works/AI-Trigger-System/HDL/constraints/ai_trigger_ooc.xdc (Line: 30)
Related violations: <none>

XDCH-2#543 Warning
Same min and max delay values on IO port  
The same output delay of 0.000 ns has been defined on port 'EVENT_DATA[43]' relative to clock CLK_ADC for both max and min. Make sure this reflects the design intent.
set_output_delay -clock [get_clocks CLK_ADC] 0.000 [get_ports -quiet {EVENT_VALID EVENT_DATA* EVENT_LAST EVENT_CHUNK_ID* EVENT_TIMESTAMP* EVENT_SCORE* RING_MISS_COUNT* CHUNK_OVERFLOW}]
/home/work1/Works/AI-Trigger-System/HDL/constraints/ai_trigger_ooc.xdc (Line: 30)
Related violations: <none>

XDCH-2#544 Warning
Same min and max delay values on IO port  
The same output delay of 0.000 ns has been defined on port 'EVENT_DATA[440]' relative to clock CLK_ADC for both max and min. Make sure this reflects the design intent.
set_output_delay -clock [get_clocks CLK_ADC] 0.000 [get_ports -quiet {EVENT_VALID EVENT_DATA* EVENT_LAST EVENT_CHUNK_ID* EVENT_TIMESTAMP* EVENT_SCORE* RING_MISS_COUNT* CHUNK_OVERFLOW}]
/home/work1/Works/AI-Trigger-System/HDL/constraints/ai_trigger_ooc.xdc (Line: 30)
Related violations: <none>

XDCH-2#545 Warning
Same min and max delay values on IO port  
The same output delay of 0.000 ns has been defined on port 'EVENT_DATA[441]' relative to clock CLK_ADC for both max and min. Make sure this reflects the design intent.
set_output_delay -clock [get_clocks CLK_ADC] 0.000 [get_ports -quiet {EVENT_VALID EVENT_DATA* EVENT_LAST EVENT_CHUNK_ID* EVENT_TIMESTAMP* EVENT_SCORE* RING_MISS_COUNT* CHUNK_OVERFLOW}]
/home/work1/Works/AI-Trigger-System/HDL/constraints/ai_trigger_ooc.xdc (Line: 30)
Related violations: <none>

XDCH-2#546 Warning
Same min and max delay values on IO port  
The same output delay of 0.000 ns has been defined on port 'EVENT_DATA[442]' relative to clock CLK_ADC for both max and min. Make sure this reflects the design intent.
set_output_delay -clock [get_clocks CLK_ADC] 0.000 [get_ports -quiet {EVENT_VALID EVENT_DATA* EVENT_LAST EVENT_CHUNK_ID* EVENT_TIMESTAMP* EVENT_SCORE* RING_MISS_COUNT* CHUNK_OVERFLOW}]
/home/work1/Works/AI-Trigger-System/HDL/constraints/ai_trigger_ooc.xdc (Line: 30)
Related violations: <none>

XDCH-2#547 Warning
Same min and max delay values on IO port  
The same output delay of 0.000 ns has been defined on port 'EVENT_DATA[443]' relative to clock CLK_ADC for both max and min. Make sure this reflects the design intent.
set_output_delay -clock [get_clocks CLK_ADC] 0.000 [get_ports -quiet {EVENT_VALID EVENT_DATA* EVENT_LAST EVENT_CHUNK_ID* EVENT_TIMESTAMP* EVENT_SCORE* RING_MISS_COUNT* CHUNK_OVERFLOW}]
/home/work1/Works/AI-Trigger-System/HDL/constraints/ai_trigger_ooc.xdc (Line: 30)
Related violations: <none>

XDCH-2#548 Warning
Same min and max delay values on IO port  
The same output delay of 0.000 ns has been defined on port 'EVENT_DATA[444]' relative to clock CLK_ADC for both max and min. Make sure this reflects the design intent.
set_output_delay -clock [get_clocks CLK_ADC] 0.000 [get_ports -quiet {EVENT_VALID EVENT_DATA* EVENT_LAST EVENT_CHUNK_ID* EVENT_TIMESTAMP* EVENT_SCORE* RING_MISS_COUNT* CHUNK_OVERFLOW}]
/home/work1/Works/AI-Trigger-System/HDL/constraints/ai_trigger_ooc.xdc (Line: 30)
Related violations: <none>

XDCH-2#549 Warning
Same min and max delay values on IO port  
The same output delay of 0.000 ns has been defined on port 'EVENT_DATA[445]' relative to clock CLK_ADC for both max and min. Make sure this reflects the design intent.
set_output_delay -clock [get_clocks CLK_ADC] 0.000 [get_ports -quiet {EVENT_VALID EVENT_DATA* EVENT_LAST EVENT_CHUNK_ID* EVENT_TIMESTAMP* EVENT_SCORE* RING_MISS_COUNT* CHUNK_OVERFLOW}]
/home/work1/Works/AI-Trigger-System/HDL/constraints/ai_trigger_ooc.xdc (Line: 30)
Related violations: <none>

XDCH-2#550 Warning
Same min and max delay values on IO port  
The same output delay of 0.000 ns has been defined on port 'EVENT_DATA[446]' relative to clock CLK_ADC for both max and min. Make sure this reflects the design intent.
set_output_delay -clock [get_clocks CLK_ADC] 0.000 [get_ports -quiet {EVENT_VALID EVENT_DATA* EVENT_LAST EVENT_CHUNK_ID* EVENT_TIMESTAMP* EVENT_SCORE* RING_MISS_COUNT* CHUNK_OVERFLOW}]
/home/work1/Works/AI-Trigger-System/HDL/constraints/ai_trigger_ooc.xdc (Line: 30)
Related violations: <none>

XDCH-2#551 Warning
Same min and max delay values on IO port  
The same output delay of 0.000 ns has been defined on port 'EVENT_DATA[447]' relative to clock CLK_ADC for both max and min. Make sure this reflects the design intent.
set_output_delay -clock [get_clocks CLK_ADC] 0.000 [get_ports -quiet {EVENT_VALID EVENT_DATA* EVENT_LAST EVENT_CHUNK_ID* EVENT_TIMESTAMP* EVENT_SCORE* RING_MISS_COUNT* CHUNK_OVERFLOW}]
/home/work1/Works/AI-Trigger-System/HDL/constraints/ai_trigger_ooc.xdc (Line: 30)
Related violations: <none>

XDCH-2#552 Warning
Same min and max delay values on IO port  
The same output delay of 0.000 ns has been defined on port 'EVENT_DATA[448]' relative to clock CLK_ADC for both max and min. Make sure this reflects the design intent.
set_output_delay -clock [get_clocks CLK_ADC] 0.000 [get_ports -quiet {EVENT_VALID EVENT_DATA* EVENT_LAST EVENT_CHUNK_ID* EVENT_TIMESTAMP* EVENT_SCORE* RING_MISS_COUNT* CHUNK_OVERFLOW}]
/home/work1/Works/AI-Trigger-System/HDL/constraints/ai_trigger_ooc.xdc (Line: 30)
Related violations: <none>

XDCH-2#553 Warning
Same min and max delay values on IO port  
The same output delay of 0.000 ns has been defined on port 'EVENT_DATA[449]' relative to clock CLK_ADC for both max and min. Make sure this reflects the design intent.
set_output_delay -clock [get_clocks CLK_ADC] 0.000 [get_ports -quiet {EVENT_VALID EVENT_DATA* EVENT_LAST EVENT_CHUNK_ID* EVENT_TIMESTAMP* EVENT_SCORE* RING_MISS_COUNT* CHUNK_OVERFLOW}]
/home/work1/Works/AI-Trigger-System/HDL/constraints/ai_trigger_ooc.xdc (Line: 30)
Related violations: <none>

XDCH-2#554 Warning
Same min and max delay values on IO port  
The same output delay of 0.000 ns has been defined on port 'EVENT_DATA[44]' relative to clock CLK_ADC for both max and min. Make sure this reflects the design intent.
set_output_delay -clock [get_clocks CLK_ADC] 0.000 [get_ports -quiet {EVENT_VALID EVENT_DATA* EVENT_LAST EVENT_CHUNK_ID* EVENT_TIMESTAMP* EVENT_SCORE* RING_MISS_COUNT* CHUNK_OVERFLOW}]
/home/work1/Works/AI-Trigger-System/HDL/constraints/ai_trigger_ooc.xdc (Line: 30)
Related violations: <none>

XDCH-2#555 Warning
Same min and max delay values on IO port  
The same output delay of 0.000 ns has been defined on port 'EVENT_DATA[450]' relative to clock CLK_ADC for both max and min. Make sure this reflects the design intent.
set_output_delay -clock [get_clocks CLK_ADC] 0.000 [get_ports -quiet {EVENT_VALID EVENT_DATA* EVENT_LAST EVENT_CHUNK_ID* EVENT_TIMESTAMP* EVENT_SCORE* RING_MISS_COUNT* CHUNK_OVERFLOW}]
/home/work1/Works/AI-Trigger-System/HDL/constraints/ai_trigger_ooc.xdc (Line: 30)
Related violations: <none>

XDCH-2#556 Warning
Same min and max delay values on IO port  
The same output delay of 0.000 ns has been defined on port 'EVENT_DATA[451]' relative to clock CLK_ADC for both max and min. Make sure this reflects the design intent.
set_output_delay -clock [get_clocks CLK_ADC] 0.000 [get_ports -quiet {EVENT_VALID EVENT_DATA* EVENT_LAST EVENT_CHUNK_ID* EVENT_TIMESTAMP* EVENT_SCORE* RING_MISS_COUNT* CHUNK_OVERFLOW}]
/home/work1/Works/AI-Trigger-System/HDL/constraints/ai_trigger_ooc.xdc (Line: 30)
Related violations: <none>

XDCH-2#557 Warning
Same min and max delay values on IO port  
The same output delay of 0.000 ns has been defined on port 'EVENT_DATA[452]' relative to clock CLK_ADC for both max and min. Make sure this reflects the design intent.
set_output_delay -clock [get_clocks CLK_ADC] 0.000 [get_ports -quiet {EVENT_VALID EVENT_DATA* EVENT_LAST EVENT_CHUNK_ID* EVENT_TIMESTAMP* EVENT_SCORE* RING_MISS_COUNT* CHUNK_OVERFLOW}]
/home/work1/Works/AI-Trigger-System/HDL/constraints/ai_trigger_ooc.xdc (Line: 30)
Related violations: <none>

XDCH-2#558 Warning
Same min and max delay values on IO port  
The same output delay of 0.000 ns has been defined on port 'EVENT_DATA[453]' relative to clock CLK_ADC for both max and min. Make sure this reflects the design intent.
set_output_delay -clock [get_clocks CLK_ADC] 0.000 [get_ports -quiet {EVENT_VALID EVENT_DATA* EVENT_LAST EVENT_CHUNK_ID* EVENT_TIMESTAMP* EVENT_SCORE* RING_MISS_COUNT* CHUNK_OVERFLOW}]
/home/work1/Works/AI-Trigger-System/HDL/constraints/ai_trigger_ooc.xdc (Line: 30)
Related violations: <none>

XDCH-2#559 Warning
Same min and max delay values on IO port  
The same output delay of 0.000 ns has been defined on port 'EVENT_DATA[454]' relative to clock CLK_ADC for both max and min. Make sure this reflects the design intent.
set_output_delay -clock [get_clocks CLK_ADC] 0.000 [get_ports -quiet {EVENT_VALID EVENT_DATA* EVENT_LAST EVENT_CHUNK_ID* EVENT_TIMESTAMP* EVENT_SCORE* RING_MISS_COUNT* CHUNK_OVERFLOW}]
/home/work1/Works/AI-Trigger-System/HDL/constraints/ai_trigger_ooc.xdc (Line: 30)
Related violations: <none>

XDCH-2#560 Warning
Same min and max delay values on IO port  
The same output delay of 0.000 ns has been defined on port 'EVENT_DATA[455]' relative to clock CLK_ADC for both max and min. Make sure this reflects the design intent.
set_output_delay -clock [get_clocks CLK_ADC] 0.000 [get_ports -quiet {EVENT_VALID EVENT_DATA* EVENT_LAST EVENT_CHUNK_ID* EVENT_TIMESTAMP* EVENT_SCORE* RING_MISS_COUNT* CHUNK_OVERFLOW}]
/home/work1/Works/AI-Trigger-System/HDL/constraints/ai_trigger_ooc.xdc (Line: 30)
Related violations: <none>

XDCH-2#561 Warning
Same min and max delay values on IO port  
The same output delay of 0.000 ns has been defined on port 'EVENT_DATA[456]' relative to clock CLK_ADC for both max and min. Make sure this reflects the design intent.
set_output_delay -clock [get_clocks CLK_ADC] 0.000 [get_ports -quiet {EVENT_VALID EVENT_DATA* EVENT_LAST EVENT_CHUNK_ID* EVENT_TIMESTAMP* EVENT_SCORE* RING_MISS_COUNT* CHUNK_OVERFLOW}]
/home/work1/Works/AI-Trigger-System/HDL/constraints/ai_trigger_ooc.xdc (Line: 30)
Related violations: <none>

XDCH-2#562 Warning
Same min and max delay values on IO port  
The same output delay of 0.000 ns has been defined on port 'EVENT_DATA[457]' relative to clock CLK_ADC for both max and min. Make sure this reflects the design intent.
set_output_delay -clock [get_clocks CLK_ADC] 0.000 [get_ports -quiet {EVENT_VALID EVENT_DATA* EVENT_LAST EVENT_CHUNK_ID* EVENT_TIMESTAMP* EVENT_SCORE* RING_MISS_COUNT* CHUNK_OVERFLOW}]
/home/work1/Works/AI-Trigger-System/HDL/constraints/ai_trigger_ooc.xdc (Line: 30)
Related violations: <none>

XDCH-2#563 Warning
Same min and max delay values on IO port  
The same output delay of 0.000 ns has been defined on port 'EVENT_DATA[458]' relative to clock CLK_ADC for both max and min. Make sure this reflects the design intent.
set_output_delay -clock [get_clocks CLK_ADC] 0.000 [get_ports -quiet {EVENT_VALID EVENT_DATA* EVENT_LAST EVENT_CHUNK_ID* EVENT_TIMESTAMP* EVENT_SCORE* RING_MISS_COUNT* CHUNK_OVERFLOW}]
/home/work1/Works/AI-Trigger-System/HDL/constraints/ai_trigger_ooc.xdc (Line: 30)
Related violations: <none>

XDCH-2#564 Warning
Same min and max delay values on IO port  
The same output delay of 0.000 ns has been defined on port 'EVENT_DATA[459]' relative to clock CLK_ADC for both max and min. Make sure this reflects the design intent.
set_output_delay -clock [get_clocks CLK_ADC] 0.000 [get_ports -quiet {EVENT_VALID EVENT_DATA* EVENT_LAST EVENT_CHUNK_ID* EVENT_TIMESTAMP* EVENT_SCORE* RING_MISS_COUNT* CHUNK_OVERFLOW}]
/home/work1/Works/AI-Trigger-System/HDL/constraints/ai_trigger_ooc.xdc (Line: 30)
Related violations: <none>

XDCH-2#565 Warning
Same min and max delay values on IO port  
The same output delay of 0.000 ns has been defined on port 'EVENT_DATA[45]' relative to clock CLK_ADC for both max and min. Make sure this reflects the design intent.
set_output_delay -clock [get_clocks CLK_ADC] 0.000 [get_ports -quiet {EVENT_VALID EVENT_DATA* EVENT_LAST EVENT_CHUNK_ID* EVENT_TIMESTAMP* EVENT_SCORE* RING_MISS_COUNT* CHUNK_OVERFLOW}]
/home/work1/Works/AI-Trigger-System/HDL/constraints/ai_trigger_ooc.xdc (Line: 30)
Related violations: <none>

XDCH-2#566 Warning
Same min and max delay values on IO port  
The same output delay of 0.000 ns has been defined on port 'EVENT_DATA[460]' relative to clock CLK_ADC for both max and min. Make sure this reflects the design intent.
set_output_delay -clock [get_clocks CLK_ADC] 0.000 [get_ports -quiet {EVENT_VALID EVENT_DATA* EVENT_LAST EVENT_CHUNK_ID* EVENT_TIMESTAMP* EVENT_SCORE* RING_MISS_COUNT* CHUNK_OVERFLOW}]
/home/work1/Works/AI-Trigger-System/HDL/constraints/ai_trigger_ooc.xdc (Line: 30)
Related violations: <none>

XDCH-2#567 Warning
Same min and max delay values on IO port  
The same output delay of 0.000 ns has been defined on port 'EVENT_DATA[461]' relative to clock CLK_ADC for both max and min. Make sure this reflects the design intent.
set_output_delay -clock [get_clocks CLK_ADC] 0.000 [get_ports -quiet {EVENT_VALID EVENT_DATA* EVENT_LAST EVENT_CHUNK_ID* EVENT_TIMESTAMP* EVENT_SCORE* RING_MISS_COUNT* CHUNK_OVERFLOW}]
/home/work1/Works/AI-Trigger-System/HDL/constraints/ai_trigger_ooc.xdc (Line: 30)
Related violations: <none>

XDCH-2#568 Warning
Same min and max delay values on IO port  
The same output delay of 0.000 ns has been defined on port 'EVENT_DATA[462]' relative to clock CLK_ADC for both max and min. Make sure this reflects the design intent.
set_output_delay -clock [get_clocks CLK_ADC] 0.000 [get_ports -quiet {EVENT_VALID EVENT_DATA* EVENT_LAST EVENT_CHUNK_ID* EVENT_TIMESTAMP* EVENT_SCORE* RING_MISS_COUNT* CHUNK_OVERFLOW}]
/home/work1/Works/AI-Trigger-System/HDL/constraints/ai_trigger_ooc.xdc (Line: 30)
Related violations: <none>

XDCH-2#569 Warning
Same min and max delay values on IO port  
The same output delay of 0.000 ns has been defined on port 'EVENT_DATA[463]' relative to clock CLK_ADC for both max and min. Make sure this reflects the design intent.
set_output_delay -clock [get_clocks CLK_ADC] 0.000 [get_ports -quiet {EVENT_VALID EVENT_DATA* EVENT_LAST EVENT_CHUNK_ID* EVENT_TIMESTAMP* EVENT_SCORE* RING_MISS_COUNT* CHUNK_OVERFLOW}]
/home/work1/Works/AI-Trigger-System/HDL/constraints/ai_trigger_ooc.xdc (Line: 30)
Related violations: <none>

XDCH-2#570 Warning
Same min and max delay values on IO port  
The same output delay of 0.000 ns has been defined on port 'EVENT_DATA[464]' relative to clock CLK_ADC for both max and min. Make sure this reflects the design intent.
set_output_delay -clock [get_clocks CLK_ADC] 0.000 [get_ports -quiet {EVENT_VALID EVENT_DATA* EVENT_LAST EVENT_CHUNK_ID* EVENT_TIMESTAMP* EVENT_SCORE* RING_MISS_COUNT* CHUNK_OVERFLOW}]
/home/work1/Works/AI-Trigger-System/HDL/constraints/ai_trigger_ooc.xdc (Line: 30)
Related violations: <none>

XDCH-2#571 Warning
Same min and max delay values on IO port  
The same output delay of 0.000 ns has been defined on port 'EVENT_DATA[465]' relative to clock CLK_ADC for both max and min. Make sure this reflects the design intent.
set_output_delay -clock [get_clocks CLK_ADC] 0.000 [get_ports -quiet {EVENT_VALID EVENT_DATA* EVENT_LAST EVENT_CHUNK_ID* EVENT_TIMESTAMP* EVENT_SCORE* RING_MISS_COUNT* CHUNK_OVERFLOW}]
/home/work1/Works/AI-Trigger-System/HDL/constraints/ai_trigger_ooc.xdc (Line: 30)
Related violations: <none>

XDCH-2#572 Warning
Same min and max delay values on IO port  
The same output delay of 0.000 ns has been defined on port 'EVENT_DATA[466]' relative to clock CLK_ADC for both max and min. Make sure this reflects the design intent.
set_output_delay -clock [get_clocks CLK_ADC] 0.000 [get_ports -quiet {EVENT_VALID EVENT_DATA* EVENT_LAST EVENT_CHUNK_ID* EVENT_TIMESTAMP* EVENT_SCORE* RING_MISS_COUNT* CHUNK_OVERFLOW}]
/home/work1/Works/AI-Trigger-System/HDL/constraints/ai_trigger_ooc.xdc (Line: 30)
Related violations: <none>

XDCH-2#573 Warning
Same min and max delay values on IO port  
The same output delay of 0.000 ns has been defined on port 'EVENT_DATA[467]' relative to clock CLK_ADC for both max and min. Make sure this reflects the design intent.
set_output_delay -clock [get_clocks CLK_ADC] 0.000 [get_ports -quiet {EVENT_VALID EVENT_DATA* EVENT_LAST EVENT_CHUNK_ID* EVENT_TIMESTAMP* EVENT_SCORE* RING_MISS_COUNT* CHUNK_OVERFLOW}]
/home/work1/Works/AI-Trigger-System/HDL/constraints/ai_trigger_ooc.xdc (Line: 30)
Related violations: <none>

XDCH-2#574 Warning
Same min and max delay values on IO port  
The same output delay of 0.000 ns has been defined on port 'EVENT_DATA[468]' relative to clock CLK_ADC for both max and min. Make sure this reflects the design intent.
set_output_delay -clock [get_clocks CLK_ADC] 0.000 [get_ports -quiet {EVENT_VALID EVENT_DATA* EVENT_LAST EVENT_CHUNK_ID* EVENT_TIMESTAMP* EVENT_SCORE* RING_MISS_COUNT* CHUNK_OVERFLOW}]
/home/work1/Works/AI-Trigger-System/HDL/constraints/ai_trigger_ooc.xdc (Line: 30)
Related violations: <none>

XDCH-2#575 Warning
Same min and max delay values on IO port  
The same output delay of 0.000 ns has been defined on port 'EVENT_DATA[469]' relative to clock CLK_ADC for both max and min. Make sure this reflects the design intent.
set_output_delay -clock [get_clocks CLK_ADC] 0.000 [get_ports -quiet {EVENT_VALID EVENT_DATA* EVENT_LAST EVENT_CHUNK_ID* EVENT_TIMESTAMP* EVENT_SCORE* RING_MISS_COUNT* CHUNK_OVERFLOW}]
/home/work1/Works/AI-Trigger-System/HDL/constraints/ai_trigger_ooc.xdc (Line: 30)
Related violations: <none>

XDCH-2#576 Warning
Same min and max delay values on IO port  
The same output delay of 0.000 ns has been defined on port 'EVENT_DATA[46]' relative to clock CLK_ADC for both max and min. Make sure this reflects the design intent.
set_output_delay -clock [get_clocks CLK_ADC] 0.000 [get_ports -quiet {EVENT_VALID EVENT_DATA* EVENT_LAST EVENT_CHUNK_ID* EVENT_TIMESTAMP* EVENT_SCORE* RING_MISS_COUNT* CHUNK_OVERFLOW}]
/home/work1/Works/AI-Trigger-System/HDL/constraints/ai_trigger_ooc.xdc (Line: 30)
Related violations: <none>

XDCH-2#577 Warning
Same min and max delay values on IO port  
The same output delay of 0.000 ns has been defined on port 'EVENT_DATA[470]' relative to clock CLK_ADC for both max and min. Make sure this reflects the design intent.
set_output_delay -clock [get_clocks CLK_ADC] 0.000 [get_ports -quiet {EVENT_VALID EVENT_DATA* EVENT_LAST EVENT_CHUNK_ID* EVENT_TIMESTAMP* EVENT_SCORE* RING_MISS_COUNT* CHUNK_OVERFLOW}]
/home/work1/Works/AI-Trigger-System/HDL/constraints/ai_trigger_ooc.xdc (Line: 30)
Related violations: <none>

XDCH-2#578 Warning
Same min and max delay values on IO port  
The same output delay of 0.000 ns has been defined on port 'EVENT_DATA[471]' relative to clock CLK_ADC for both max and min. Make sure this reflects the design intent.
set_output_delay -clock [get_clocks CLK_ADC] 0.000 [get_ports -quiet {EVENT_VALID EVENT_DATA* EVENT_LAST EVENT_CHUNK_ID* EVENT_TIMESTAMP* EVENT_SCORE* RING_MISS_COUNT* CHUNK_OVERFLOW}]
/home/work1/Works/AI-Trigger-System/HDL/constraints/ai_trigger_ooc.xdc (Line: 30)
Related violations: <none>

XDCH-2#579 Warning
Same min and max delay values on IO port  
The same output delay of 0.000 ns has been defined on port 'EVENT_DATA[472]' relative to clock CLK_ADC for both max and min. Make sure this reflects the design intent.
set_output_delay -clock [get_clocks CLK_ADC] 0.000 [get_ports -quiet {EVENT_VALID EVENT_DATA* EVENT_LAST EVENT_CHUNK_ID* EVENT_TIMESTAMP* EVENT_SCORE* RING_MISS_COUNT* CHUNK_OVERFLOW}]
/home/work1/Works/AI-Trigger-System/HDL/constraints/ai_trigger_ooc.xdc (Line: 30)
Related violations: <none>

XDCH-2#580 Warning
Same min and max delay values on IO port  
The same output delay of 0.000 ns has been defined on port 'EVENT_DATA[473]' relative to clock CLK_ADC for both max and min. Make sure this reflects the design intent.
set_output_delay -clock [get_clocks CLK_ADC] 0.000 [get_ports -quiet {EVENT_VALID EVENT_DATA* EVENT_LAST EVENT_CHUNK_ID* EVENT_TIMESTAMP* EVENT_SCORE* RING_MISS_COUNT* CHUNK_OVERFLOW}]
/home/work1/Works/AI-Trigger-System/HDL/constraints/ai_trigger_ooc.xdc (Line: 30)
Related violations: <none>

XDCH-2#581 Warning
Same min and max delay values on IO port  
The same output delay of 0.000 ns has been defined on port 'EVENT_DATA[474]' relative to clock CLK_ADC for both max and min. Make sure this reflects the design intent.
set_output_delay -clock [get_clocks CLK_ADC] 0.000 [get_ports -quiet {EVENT_VALID EVENT_DATA* EVENT_LAST EVENT_CHUNK_ID* EVENT_TIMESTAMP* EVENT_SCORE* RING_MISS_COUNT* CHUNK_OVERFLOW}]
/home/work1/Works/AI-Trigger-System/HDL/constraints/ai_trigger_ooc.xdc (Line: 30)
Related violations: <none>

XDCH-2#582 Warning
Same min and max delay values on IO port  
The same output delay of 0.000 ns has been defined on port 'EVENT_DATA[475]' relative to clock CLK_ADC for both max and min. Make sure this reflects the design intent.
set_output_delay -clock [get_clocks CLK_ADC] 0.000 [get_ports -quiet {EVENT_VALID EVENT_DATA* EVENT_LAST EVENT_CHUNK_ID* EVENT_TIMESTAMP* EVENT_SCORE* RING_MISS_COUNT* CHUNK_OVERFLOW}]
/home/work1/Works/AI-Trigger-System/HDL/constraints/ai_trigger_ooc.xdc (Line: 30)
Related violations: <none>

XDCH-2#583 Warning
Same min and max delay values on IO port  
The same output delay of 0.000 ns has been defined on port 'EVENT_DATA[476]' relative to clock CLK_ADC for both max and min. Make sure this reflects the design intent.
set_output_delay -clock [get_clocks CLK_ADC] 0.000 [get_ports -quiet {EVENT_VALID EVENT_DATA* EVENT_LAST EVENT_CHUNK_ID* EVENT_TIMESTAMP* EVENT_SCORE* RING_MISS_COUNT* CHUNK_OVERFLOW}]
/home/work1/Works/AI-Trigger-System/HDL/constraints/ai_trigger_ooc.xdc (Line: 30)
Related violations: <none>

XDCH-2#584 Warning
Same min and max delay values on IO port  
The same output delay of 0.000 ns has been defined on port 'EVENT_DATA[477]' relative to clock CLK_ADC for both max and min. Make sure this reflects the design intent.
set_output_delay -clock [get_clocks CLK_ADC] 0.000 [get_ports -quiet {EVENT_VALID EVENT_DATA* EVENT_LAST EVENT_CHUNK_ID* EVENT_TIMESTAMP* EVENT_SCORE* RING_MISS_COUNT* CHUNK_OVERFLOW}]
/home/work1/Works/AI-Trigger-System/HDL/constraints/ai_trigger_ooc.xdc (Line: 30)
Related violations: <none>

XDCH-2#585 Warning
Same min and max delay values on IO port  
The same output delay of 0.000 ns has been defined on port 'EVENT_DATA[478]' relative to clock CLK_ADC for both max and min. Make sure this reflects the design intent.
set_output_delay -clock [get_clocks CLK_ADC] 0.000 [get_ports -quiet {EVENT_VALID EVENT_DATA* EVENT_LAST EVENT_CHUNK_ID* EVENT_TIMESTAMP* EVENT_SCORE* RING_MISS_COUNT* CHUNK_OVERFLOW}]
/home/work1/Works/AI-Trigger-System/HDL/constraints/ai_trigger_ooc.xdc (Line: 30)
Related violations: <none>

XDCH-2#586 Warning
Same min and max delay values on IO port  
The same output delay of 0.000 ns has been defined on port 'EVENT_DATA[479]' relative to clock CLK_ADC for both max and min. Make sure this reflects the design intent.
set_output_delay -clock [get_clocks CLK_ADC] 0.000 [get_ports -quiet {EVENT_VALID EVENT_DATA* EVENT_LAST EVENT_CHUNK_ID* EVENT_TIMESTAMP* EVENT_SCORE* RING_MISS_COUNT* CHUNK_OVERFLOW}]
/home/work1/Works/AI-Trigger-System/HDL/constraints/ai_trigger_ooc.xdc (Line: 30)
Related violations: <none>

XDCH-2#587 Warning
Same min and max delay values on IO port  
The same output delay of 0.000 ns has been defined on port 'EVENT_DATA[47]' relative to clock CLK_ADC for both max and min. Make sure this reflects the design intent.
set_output_delay -clock [get_clocks CLK_ADC] 0.000 [get_ports -quiet {EVENT_VALID EVENT_DATA* EVENT_LAST EVENT_CHUNK_ID* EVENT_TIMESTAMP* EVENT_SCORE* RING_MISS_COUNT* CHUNK_OVERFLOW}]
/home/work1/Works/AI-Trigger-System/HDL/constraints/ai_trigger_ooc.xdc (Line: 30)
Related violations: <none>

XDCH-2#588 Warning
Same min and max delay values on IO port  
The same output delay of 0.000 ns has been defined on port 'EVENT_DATA[480]' relative to clock CLK_ADC for both max and min. Make sure this reflects the design intent.
set_output_delay -clock [get_clocks CLK_ADC] 0.000 [get_ports -quiet {EVENT_VALID EVENT_DATA* EVENT_LAST EVENT_CHUNK_ID* EVENT_TIMESTAMP* EVENT_SCORE* RING_MISS_COUNT* CHUNK_OVERFLOW}]
/home/work1/Works/AI-Trigger-System/HDL/constraints/ai_trigger_ooc.xdc (Line: 30)
Related violations: <none>

XDCH-2#589 Warning
Same min and max delay values on IO port  
The same output delay of 0.000 ns has been defined on port 'EVENT_DATA[481]' relative to clock CLK_ADC for both max and min. Make sure this reflects the design intent.
set_output_delay -clock [get_clocks CLK_ADC] 0.000 [get_ports -quiet {EVENT_VALID EVENT_DATA* EVENT_LAST EVENT_CHUNK_ID* EVENT_TIMESTAMP* EVENT_SCORE* RING_MISS_COUNT* CHUNK_OVERFLOW}]
/home/work1/Works/AI-Trigger-System/HDL/constraints/ai_trigger_ooc.xdc (Line: 30)
Related violations: <none>

XDCH-2#590 Warning
Same min and max delay values on IO port  
The same output delay of 0.000 ns has been defined on port 'EVENT_DATA[482]' relative to clock CLK_ADC for both max and min. Make sure this reflects the design intent.
set_output_delay -clock [get_clocks CLK_ADC] 0.000 [get_ports -quiet {EVENT_VALID EVENT_DATA* EVENT_LAST EVENT_CHUNK_ID* EVENT_TIMESTAMP* EVENT_SCORE* RING_MISS_COUNT* CHUNK_OVERFLOW}]
/home/work1/Works/AI-Trigger-System/HDL/constraints/ai_trigger_ooc.xdc (Line: 30)
Related violations: <none>

XDCH-2#591 Warning
Same min and max delay values on IO port  
The same output delay of 0.000 ns has been defined on port 'EVENT_DATA[483]' relative to clock CLK_ADC for both max and min. Make sure this reflects the design intent.
set_output_delay -clock [get_clocks CLK_ADC] 0.000 [get_ports -quiet {EVENT_VALID EVENT_DATA* EVENT_LAST EVENT_CHUNK_ID* EVENT_TIMESTAMP* EVENT_SCORE* RING_MISS_COUNT* CHUNK_OVERFLOW}]
/home/work1/Works/AI-Trigger-System/HDL/constraints/ai_trigger_ooc.xdc (Line: 30)
Related violations: <none>

XDCH-2#592 Warning
Same min and max delay values on IO port  
The same output delay of 0.000 ns has been defined on port 'EVENT_DATA[484]' relative to clock CLK_ADC for both max and min. Make sure this reflects the design intent.
set_output_delay -clock [get_clocks CLK_ADC] 0.000 [get_ports -quiet {EVENT_VALID EVENT_DATA* EVENT_LAST EVENT_CHUNK_ID* EVENT_TIMESTAMP* EVENT_SCORE* RING_MISS_COUNT* CHUNK_OVERFLOW}]
/home/work1/Works/AI-Trigger-System/HDL/constraints/ai_trigger_ooc.xdc (Line: 30)
Related violations: <none>

XDCH-2#593 Warning
Same min and max delay values on IO port  
The same output delay of 0.000 ns has been defined on port 'EVENT_DATA[485]' relative to clock CLK_ADC for both max and min. Make sure this reflects the design intent.
set_output_delay -clock [get_clocks CLK_ADC] 0.000 [get_ports -quiet {EVENT_VALID EVENT_DATA* EVENT_LAST EVENT_CHUNK_ID* EVENT_TIMESTAMP* EVENT_SCORE* RING_MISS_COUNT* CHUNK_OVERFLOW}]
/home/work1/Works/AI-Trigger-System/HDL/constraints/ai_trigger_ooc.xdc (Line: 30)
Related violations: <none>

XDCH-2#594 Warning
Same min and max delay values on IO port  
The same output delay of 0.000 ns has been defined on port 'EVENT_DATA[486]' relative to clock CLK_ADC for both max and min. Make sure this reflects the design intent.
set_output_delay -clock [get_clocks CLK_ADC] 0.000 [get_ports -quiet {EVENT_VALID EVENT_DATA* EVENT_LAST EVENT_CHUNK_ID* EVENT_TIMESTAMP* EVENT_SCORE* RING_MISS_COUNT* CHUNK_OVERFLOW}]
/home/work1/Works/AI-Trigger-System/HDL/constraints/ai_trigger_ooc.xdc (Line: 30)
Related violations: <none>

XDCH-2#595 Warning
Same min and max delay values on IO port  
The same output delay of 0.000 ns has been defined on port 'EVENT_DATA[487]' relative to clock CLK_ADC for both max and min. Make sure this reflects the design intent.
set_output_delay -clock [get_clocks CLK_ADC] 0.000 [get_ports -quiet {EVENT_VALID EVENT_DATA* EVENT_LAST EVENT_CHUNK_ID* EVENT_TIMESTAMP* EVENT_SCORE* RING_MISS_COUNT* CHUNK_OVERFLOW}]
/home/work1/Works/AI-Trigger-System/HDL/constraints/ai_trigger_ooc.xdc (Line: 30)
Related violations: <none>

XDCH-2#596 Warning
Same min and max delay values on IO port  
The same output delay of 0.000 ns has been defined on port 'EVENT_DATA[488]' relative to clock CLK_ADC for both max and min. Make sure this reflects the design intent.
set_output_delay -clock [get_clocks CLK_ADC] 0.000 [get_ports -quiet {EVENT_VALID EVENT_DATA* EVENT_LAST EVENT_CHUNK_ID* EVENT_TIMESTAMP* EVENT_SCORE* RING_MISS_COUNT* CHUNK_OVERFLOW}]
/home/work1/Works/AI-Trigger-System/HDL/constraints/ai_trigger_ooc.xdc (Line: 30)
Related violations: <none>

XDCH-2#597 Warning
Same min and max delay values on IO port  
The same output delay of 0.000 ns has been defined on port 'EVENT_DATA[489]' relative to clock CLK_ADC for both max and min. Make sure this reflects the design intent.
set_output_delay -clock [get_clocks CLK_ADC] 0.000 [get_ports -quiet {EVENT_VALID EVENT_DATA* EVENT_LAST EVENT_CHUNK_ID* EVENT_TIMESTAMP* EVENT_SCORE* RING_MISS_COUNT* CHUNK_OVERFLOW}]
/home/work1/Works/AI-Trigger-System/HDL/constraints/ai_trigger_ooc.xdc (Line: 30)
Related violations: <none>

XDCH-2#598 Warning
Same min and max delay values on IO port  
The same output delay of 0.000 ns has been defined on port 'EVENT_DATA[48]' relative to clock CLK_ADC for both max and min. Make sure this reflects the design intent.
set_output_delay -clock [get_clocks CLK_ADC] 0.000 [get_ports -quiet {EVENT_VALID EVENT_DATA* EVENT_LAST EVENT_CHUNK_ID* EVENT_TIMESTAMP* EVENT_SCORE* RING_MISS_COUNT* CHUNK_OVERFLOW}]
/home/work1/Works/AI-Trigger-System/HDL/constraints/ai_trigger_ooc.xdc (Line: 30)
Related violations: <none>

XDCH-2#599 Warning
Same min and max delay values on IO port  
The same output delay of 0.000 ns has been defined on port 'EVENT_DATA[490]' relative to clock CLK_ADC for both max and min. Make sure this reflects the design intent.
set_output_delay -clock [get_clocks CLK_ADC] 0.000 [get_ports -quiet {EVENT_VALID EVENT_DATA* EVENT_LAST EVENT_CHUNK_ID* EVENT_TIMESTAMP* EVENT_SCORE* RING_MISS_COUNT* CHUNK_OVERFLOW}]
/home/work1/Works/AI-Trigger-System/HDL/constraints/ai_trigger_ooc.xdc (Line: 30)
Related violations: <none>

XDCH-2#600 Warning
Same min and max delay values on IO port  
The same output delay of 0.000 ns has been defined on port 'EVENT_DATA[491]' relative to clock CLK_ADC for both max and min. Make sure this reflects the design intent.
set_output_delay -clock [get_clocks CLK_ADC] 0.000 [get_ports -quiet {EVENT_VALID EVENT_DATA* EVENT_LAST EVENT_CHUNK_ID* EVENT_TIMESTAMP* EVENT_SCORE* RING_MISS_COUNT* CHUNK_OVERFLOW}]
/home/work1/Works/AI-Trigger-System/HDL/constraints/ai_trigger_ooc.xdc (Line: 30)
Related violations: <none>

XDCH-2#601 Warning
Same min and max delay values on IO port  
The same output delay of 0.000 ns has been defined on port 'EVENT_DATA[492]' relative to clock CLK_ADC for both max and min. Make sure this reflects the design intent.
set_output_delay -clock [get_clocks CLK_ADC] 0.000 [get_ports -quiet {EVENT_VALID EVENT_DATA* EVENT_LAST EVENT_CHUNK_ID* EVENT_TIMESTAMP* EVENT_SCORE* RING_MISS_COUNT* CHUNK_OVERFLOW}]
/home/work1/Works/AI-Trigger-System/HDL/constraints/ai_trigger_ooc.xdc (Line: 30)
Related violations: <none>

XDCH-2#602 Warning
Same min and max delay values on IO port  
The same output delay of 0.000 ns has been defined on port 'EVENT_DATA[493]' relative to clock CLK_ADC for both max and min. Make sure this reflects the design intent.
set_output_delay -clock [get_clocks CLK_ADC] 0.000 [get_ports -quiet {EVENT_VALID EVENT_DATA* EVENT_LAST EVENT_CHUNK_ID* EVENT_TIMESTAMP* EVENT_SCORE* RING_MISS_COUNT* CHUNK_OVERFLOW}]
/home/work1/Works/AI-Trigger-System/HDL/constraints/ai_trigger_ooc.xdc (Line: 30)
Related violations: <none>

XDCH-2#603 Warning
Same min and max delay values on IO port  
The same output delay of 0.000 ns has been defined on port 'EVENT_DATA[494]' relative to clock CLK_ADC for both max and min. Make sure this reflects the design intent.
set_output_delay -clock [get_clocks CLK_ADC] 0.000 [get_ports -quiet {EVENT_VALID EVENT_DATA* EVENT_LAST EVENT_CHUNK_ID* EVENT_TIMESTAMP* EVENT_SCORE* RING_MISS_COUNT* CHUNK_OVERFLOW}]
/home/work1/Works/AI-Trigger-System/HDL/constraints/ai_trigger_ooc.xdc (Line: 30)
Related violations: <none>

XDCH-2#604 Warning
Same min and max delay values on IO port  
The same output delay of 0.000 ns has been defined on port 'EVENT_DATA[495]' relative to clock CLK_ADC for both max and min. Make sure this reflects the design intent.
set_output_delay -clock [get_clocks CLK_ADC] 0.000 [get_ports -quiet {EVENT_VALID EVENT_DATA* EVENT_LAST EVENT_CHUNK_ID* EVENT_TIMESTAMP* EVENT_SCORE* RING_MISS_COUNT* CHUNK_OVERFLOW}]
/home/work1/Works/AI-Trigger-System/HDL/constraints/ai_trigger_ooc.xdc (Line: 30)
Related violations: <none>

XDCH-2#605 Warning
Same min and max delay values on IO port  
The same output delay of 0.000 ns has been defined on port 'EVENT_DATA[496]' relative to clock CLK_ADC for both max and min. Make sure this reflects the design intent.
set_output_delay -clock [get_clocks CLK_ADC] 0.000 [get_ports -quiet {EVENT_VALID EVENT_DATA* EVENT_LAST EVENT_CHUNK_ID* EVENT_TIMESTAMP* EVENT_SCORE* RING_MISS_COUNT* CHUNK_OVERFLOW}]
/home/work1/Works/AI-Trigger-System/HDL/constraints/ai_trigger_ooc.xdc (Line: 30)
Related violations: <none>

XDCH-2#606 Warning
Same min and max delay values on IO port  
The same output delay of 0.000 ns has been defined on port 'EVENT_DATA[497]' relative to clock CLK_ADC for both max and min. Make sure this reflects the design intent.
set_output_delay -clock [get_clocks CLK_ADC] 0.000 [get_ports -quiet {EVENT_VALID EVENT_DATA* EVENT_LAST EVENT_CHUNK_ID* EVENT_TIMESTAMP* EVENT_SCORE* RING_MISS_COUNT* CHUNK_OVERFLOW}]
/home/work1/Works/AI-Trigger-System/HDL/constraints/ai_trigger_ooc.xdc (Line: 30)
Related violations: <none>

XDCH-2#607 Warning
Same min and max delay values on IO port  
The same output delay of 0.000 ns has been defined on port 'EVENT_DATA[498]' relative to clock CLK_ADC for both max and min. Make sure this reflects the design intent.
set_output_delay -clock [get_clocks CLK_ADC] 0.000 [get_ports -quiet {EVENT_VALID EVENT_DATA* EVENT_LAST EVENT_CHUNK_ID* EVENT_TIMESTAMP* EVENT_SCORE* RING_MISS_COUNT* CHUNK_OVERFLOW}]
/home/work1/Works/AI-Trigger-System/HDL/constraints/ai_trigger_ooc.xdc (Line: 30)
Related violations: <none>

XDCH-2#608 Warning
Same min and max delay values on IO port  
The same output delay of 0.000 ns has been defined on port 'EVENT_DATA[499]' relative to clock CLK_ADC for both max and min. Make sure this reflects the design intent.
set_output_delay -clock [get_clocks CLK_ADC] 0.000 [get_ports -quiet {EVENT_VALID EVENT_DATA* EVENT_LAST EVENT_CHUNK_ID* EVENT_TIMESTAMP* EVENT_SCORE* RING_MISS_COUNT* CHUNK_OVERFLOW}]
/home/work1/Works/AI-Trigger-System/HDL/constraints/ai_trigger_ooc.xdc (Line: 30)
Related violations: <none>

XDCH-2#609 Warning
Same min and max delay values on IO port  
The same output delay of 0.000 ns has been defined on port 'EVENT_DATA[49]' relative to clock CLK_ADC for both max and min. Make sure this reflects the design intent.
set_output_delay -clock [get_clocks CLK_ADC] 0.000 [get_ports -quiet {EVENT_VALID EVENT_DATA* EVENT_LAST EVENT_CHUNK_ID* EVENT_TIMESTAMP* EVENT_SCORE* RING_MISS_COUNT* CHUNK_OVERFLOW}]
/home/work1/Works/AI-Trigger-System/HDL/constraints/ai_trigger_ooc.xdc (Line: 30)
Related violations: <none>

XDCH-2#610 Warning
Same min and max delay values on IO port  
The same output delay of 0.000 ns has been defined on port 'EVENT_DATA[4]' relative to clock CLK_ADC for both max and min. Make sure this reflects the design intent.
set_output_delay -clock [get_clocks CLK_ADC] 0.000 [get_ports -quiet {EVENT_VALID EVENT_DATA* EVENT_LAST EVENT_CHUNK_ID* EVENT_TIMESTAMP* EVENT_SCORE* RING_MISS_COUNT* CHUNK_OVERFLOW}]
/home/work1/Works/AI-Trigger-System/HDL/constraints/ai_trigger_ooc.xdc (Line: 30)
Related violations: <none>

XDCH-2#611 Warning
Same min and max delay values on IO port  
The same output delay of 0.000 ns has been defined on port 'EVENT_DATA[500]' relative to clock CLK_ADC for both max and min. Make sure this reflects the design intent.
set_output_delay -clock [get_clocks CLK_ADC] 0.000 [get_ports -quiet {EVENT_VALID EVENT_DATA* EVENT_LAST EVENT_CHUNK_ID* EVENT_TIMESTAMP* EVENT_SCORE* RING_MISS_COUNT* CHUNK_OVERFLOW}]
/home/work1/Works/AI-Trigger-System/HDL/constraints/ai_trigger_ooc.xdc (Line: 30)
Related violations: <none>

XDCH-2#612 Warning
Same min and max delay values on IO port  
The same output delay of 0.000 ns has been defined on port 'EVENT_DATA[501]' relative to clock CLK_ADC for both max and min. Make sure this reflects the design intent.
set_output_delay -clock [get_clocks CLK_ADC] 0.000 [get_ports -quiet {EVENT_VALID EVENT_DATA* EVENT_LAST EVENT_CHUNK_ID* EVENT_TIMESTAMP* EVENT_SCORE* RING_MISS_COUNT* CHUNK_OVERFLOW}]
/home/work1/Works/AI-Trigger-System/HDL/constraints/ai_trigger_ooc.xdc (Line: 30)
Related violations: <none>

XDCH-2#613 Warning
Same min and max delay values on IO port  
The same output delay of 0.000 ns has been defined on port 'EVENT_DATA[502]' relative to clock CLK_ADC for both max and min. Make sure this reflects the design intent.
set_output_delay -clock [get_clocks CLK_ADC] 0.000 [get_ports -quiet {EVENT_VALID EVENT_DATA* EVENT_LAST EVENT_CHUNK_ID* EVENT_TIMESTAMP* EVENT_SCORE* RING_MISS_COUNT* CHUNK_OVERFLOW}]
/home/work1/Works/AI-Trigger-System/HDL/constraints/ai_trigger_ooc.xdc (Line: 30)
Related violations: <none>

XDCH-2#614 Warning
Same min and max delay values on IO port  
The same output delay of 0.000 ns has been defined on port 'EVENT_DATA[503]' relative to clock CLK_ADC for both max and min. Make sure this reflects the design intent.
set_output_delay -clock [get_clocks CLK_ADC] 0.000 [get_ports -quiet {EVENT_VALID EVENT_DATA* EVENT_LAST EVENT_CHUNK_ID* EVENT_TIMESTAMP* EVENT_SCORE* RING_MISS_COUNT* CHUNK_OVERFLOW}]
/home/work1/Works/AI-Trigger-System/HDL/constraints/ai_trigger_ooc.xdc (Line: 30)
Related violations: <none>

XDCH-2#615 Warning
Same min and max delay values on IO port  
The same output delay of 0.000 ns has been defined on port 'EVENT_DATA[504]' relative to clock CLK_ADC for both max and min. Make sure this reflects the design intent.
set_output_delay -clock [get_clocks CLK_ADC] 0.000 [get_ports -quiet {EVENT_VALID EVENT_DATA* EVENT_LAST EVENT_CHUNK_ID* EVENT_TIMESTAMP* EVENT_SCORE* RING_MISS_COUNT* CHUNK_OVERFLOW}]
/home/work1/Works/AI-Trigger-System/HDL/constraints/ai_trigger_ooc.xdc (Line: 30)
Related violations: <none>

XDCH-2#616 Warning
Same min and max delay values on IO port  
The same output delay of 0.000 ns has been defined on port 'EVENT_DATA[505]' relative to clock CLK_ADC for both max and min. Make sure this reflects the design intent.
set_output_delay -clock [get_clocks CLK_ADC] 0.000 [get_ports -quiet {EVENT_VALID EVENT_DATA* EVENT_LAST EVENT_CHUNK_ID* EVENT_TIMESTAMP* EVENT_SCORE* RING_MISS_COUNT* CHUNK_OVERFLOW}]
/home/work1/Works/AI-Trigger-System/HDL/constraints/ai_trigger_ooc.xdc (Line: 30)
Related violations: <none>

XDCH-2#617 Warning
Same min and max delay values on IO port  
The same output delay of 0.000 ns has been defined on port 'EVENT_DATA[506]' relative to clock CLK_ADC for both max and min. Make sure this reflects the design intent.
set_output_delay -clock [get_clocks CLK_ADC] 0.000 [get_ports -quiet {EVENT_VALID EVENT_DATA* EVENT_LAST EVENT_CHUNK_ID* EVENT_TIMESTAMP* EVENT_SCORE* RING_MISS_COUNT* CHUNK_OVERFLOW}]
/home/work1/Works/AI-Trigger-System/HDL/constraints/ai_trigger_ooc.xdc (Line: 30)
Related violations: <none>

XDCH-2#618 Warning
Same min and max delay values on IO port  
The same output delay of 0.000 ns has been defined on port 'EVENT_DATA[507]' relative to clock CLK_ADC for both max and min. Make sure this reflects the design intent.
set_output_delay -clock [get_clocks CLK_ADC] 0.000 [get_ports -quiet {EVENT_VALID EVENT_DATA* EVENT_LAST EVENT_CHUNK_ID* EVENT_TIMESTAMP* EVENT_SCORE* RING_MISS_COUNT* CHUNK_OVERFLOW}]
/home/work1/Works/AI-Trigger-System/HDL/constraints/ai_trigger_ooc.xdc (Line: 30)
Related violations: <none>

XDCH-2#619 Warning
Same min and max delay values on IO port  
The same output delay of 0.000 ns has been defined on port 'EVENT_DATA[508]' relative to clock CLK_ADC for both max and min. Make sure this reflects the design intent.
set_output_delay -clock [get_clocks CLK_ADC] 0.000 [get_ports -quiet {EVENT_VALID EVENT_DATA* EVENT_LAST EVENT_CHUNK_ID* EVENT_TIMESTAMP* EVENT_SCORE* RING_MISS_COUNT* CHUNK_OVERFLOW}]
/home/work1/Works/AI-Trigger-System/HDL/constraints/ai_trigger_ooc.xdc (Line: 30)
Related violations: <none>

XDCH-2#620 Warning
Same min and max delay values on IO port  
The same output delay of 0.000 ns has been defined on port 'EVENT_DATA[509]' relative to clock CLK_ADC for both max and min. Make sure this reflects the design intent.
set_output_delay -clock [get_clocks CLK_ADC] 0.000 [get_ports -quiet {EVENT_VALID EVENT_DATA* EVENT_LAST EVENT_CHUNK_ID* EVENT_TIMESTAMP* EVENT_SCORE* RING_MISS_COUNT* CHUNK_OVERFLOW}]
/home/work1/Works/AI-Trigger-System/HDL/constraints/ai_trigger_ooc.xdc (Line: 30)
Related violations: <none>

XDCH-2#621 Warning
Same min and max delay values on IO port  
The same output delay of 0.000 ns has been defined on port 'EVENT_DATA[50]' relative to clock CLK_ADC for both max and min. Make sure this reflects the design intent.
set_output_delay -clock [get_clocks CLK_ADC] 0.000 [get_ports -quiet {EVENT_VALID EVENT_DATA* EVENT_LAST EVENT_CHUNK_ID* EVENT_TIMESTAMP* EVENT_SCORE* RING_MISS_COUNT* CHUNK_OVERFLOW}]
/home/work1/Works/AI-Trigger-System/HDL/constraints/ai_trigger_ooc.xdc (Line: 30)
Related violations: <none>

XDCH-2#622 Warning
Same min and max delay values on IO port  
The same output delay of 0.000 ns has been defined on port 'EVENT_DATA[510]' relative to clock CLK_ADC for both max and min. Make sure this reflects the design intent.
set_output_delay -clock [get_clocks CLK_ADC] 0.000 [get_ports -quiet {EVENT_VALID EVENT_DATA* EVENT_LAST EVENT_CHUNK_ID* EVENT_TIMESTAMP* EVENT_SCORE* RING_MISS_COUNT* CHUNK_OVERFLOW}]
/home/work1/Works/AI-Trigger-System/HDL/constraints/ai_trigger_ooc.xdc (Line: 30)
Related violations: <none>

XDCH-2#623 Warning
Same min and max delay values on IO port  
The same output delay of 0.000 ns has been defined on port 'EVENT_DATA[511]' relative to clock CLK_ADC for both max and min. Make sure this reflects the design intent.
set_output_delay -clock [get_clocks CLK_ADC] 0.000 [get_ports -quiet {EVENT_VALID EVENT_DATA* EVENT_LAST EVENT_CHUNK_ID* EVENT_TIMESTAMP* EVENT_SCORE* RING_MISS_COUNT* CHUNK_OVERFLOW}]
/home/work1/Works/AI-Trigger-System/HDL/constraints/ai_trigger_ooc.xdc (Line: 30)
Related violations: <none>

XDCH-2#624 Warning
Same min and max delay values on IO port  
The same output delay of 0.000 ns has been defined on port 'EVENT_DATA[512]' relative to clock CLK_ADC for both max and min. Make sure this reflects the design intent.
set_output_delay -clock [get_clocks CLK_ADC] 0.000 [get_ports -quiet {EVENT_VALID EVENT_DATA* EVENT_LAST EVENT_CHUNK_ID* EVENT_TIMESTAMP* EVENT_SCORE* RING_MISS_COUNT* CHUNK_OVERFLOW}]
/home/work1/Works/AI-Trigger-System/HDL/constraints/ai_trigger_ooc.xdc (Line: 30)
Related violations: <none>

XDCH-2#625 Warning
Same min and max delay values on IO port  
The same output delay of 0.000 ns has been defined on port 'EVENT_DATA[513]' relative to clock CLK_ADC for both max and min. Make sure this reflects the design intent.
set_output_delay -clock [get_clocks CLK_ADC] 0.000 [get_ports -quiet {EVENT_VALID EVENT_DATA* EVENT_LAST EVENT_CHUNK_ID* EVENT_TIMESTAMP* EVENT_SCORE* RING_MISS_COUNT* CHUNK_OVERFLOW}]
/home/work1/Works/AI-Trigger-System/HDL/constraints/ai_trigger_ooc.xdc (Line: 30)
Related violations: <none>

XDCH-2#626 Warning
Same min and max delay values on IO port  
The same output delay of 0.000 ns has been defined on port 'EVENT_DATA[514]' relative to clock CLK_ADC for both max and min. Make sure this reflects the design intent.
set_output_delay -clock [get_clocks CLK_ADC] 0.000 [get_ports -quiet {EVENT_VALID EVENT_DATA* EVENT_LAST EVENT_CHUNK_ID* EVENT_TIMESTAMP* EVENT_SCORE* RING_MISS_COUNT* CHUNK_OVERFLOW}]
/home/work1/Works/AI-Trigger-System/HDL/constraints/ai_trigger_ooc.xdc (Line: 30)
Related violations: <none>

XDCH-2#627 Warning
Same min and max delay values on IO port  
The same output delay of 0.000 ns has been defined on port 'EVENT_DATA[515]' relative to clock CLK_ADC for both max and min. Make sure this reflects the design intent.
set_output_delay -clock [get_clocks CLK_ADC] 0.000 [get_ports -quiet {EVENT_VALID EVENT_DATA* EVENT_LAST EVENT_CHUNK_ID* EVENT_TIMESTAMP* EVENT_SCORE* RING_MISS_COUNT* CHUNK_OVERFLOW}]
/home/work1/Works/AI-Trigger-System/HDL/constraints/ai_trigger_ooc.xdc (Line: 30)
Related violations: <none>

XDCH-2#628 Warning
Same min and max delay values on IO port  
The same output delay of 0.000 ns has been defined on port 'EVENT_DATA[516]' relative to clock CLK_ADC for both max and min. Make sure this reflects the design intent.
set_output_delay -clock [get_clocks CLK_ADC] 0.000 [get_ports -quiet {EVENT_VALID EVENT_DATA* EVENT_LAST EVENT_CHUNK_ID* EVENT_TIMESTAMP* EVENT_SCORE* RING_MISS_COUNT* CHUNK_OVERFLOW}]
/home/work1/Works/AI-Trigger-System/HDL/constraints/ai_trigger_ooc.xdc (Line: 30)
Related violations: <none>

XDCH-2#629 Warning
Same min and max delay values on IO port  
The same output delay of 0.000 ns has been defined on port 'EVENT_DATA[517]' relative to clock CLK_ADC for both max and min. Make sure this reflects the design intent.
set_output_delay -clock [get_clocks CLK_ADC] 0.000 [get_ports -quiet {EVENT_VALID EVENT_DATA* EVENT_LAST EVENT_CHUNK_ID* EVENT_TIMESTAMP* EVENT_SCORE* RING_MISS_COUNT* CHUNK_OVERFLOW}]
/home/work1/Works/AI-Trigger-System/HDL/constraints/ai_trigger_ooc.xdc (Line: 30)
Related violations: <none>

XDCH-2#630 Warning
Same min and max delay values on IO port  
The same output delay of 0.000 ns has been defined on port 'EVENT_DATA[518]' relative to clock CLK_ADC for both max and min. Make sure this reflects the design intent.
set_output_delay -clock [get_clocks CLK_ADC] 0.000 [get_ports -quiet {EVENT_VALID EVENT_DATA* EVENT_LAST EVENT_CHUNK_ID* EVENT_TIMESTAMP* EVENT_SCORE* RING_MISS_COUNT* CHUNK_OVERFLOW}]
/home/work1/Works/AI-Trigger-System/HDL/constraints/ai_trigger_ooc.xdc (Line: 30)
Related violations: <none>

XDCH-2#631 Warning
Same min and max delay values on IO port  
The same output delay of 0.000 ns has been defined on port 'EVENT_DATA[519]' relative to clock CLK_ADC for both max and min. Make sure this reflects the design intent.
set_output_delay -clock [get_clocks CLK_ADC] 0.000 [get_ports -quiet {EVENT_VALID EVENT_DATA* EVENT_LAST EVENT_CHUNK_ID* EVENT_TIMESTAMP* EVENT_SCORE* RING_MISS_COUNT* CHUNK_OVERFLOW}]
/home/work1/Works/AI-Trigger-System/HDL/constraints/ai_trigger_ooc.xdc (Line: 30)
Related violations: <none>

XDCH-2#632 Warning
Same min and max delay values on IO port  
The same output delay of 0.000 ns has been defined on port 'EVENT_DATA[51]' relative to clock CLK_ADC for both max and min. Make sure this reflects the design intent.
set_output_delay -clock [get_clocks CLK_ADC] 0.000 [get_ports -quiet {EVENT_VALID EVENT_DATA* EVENT_LAST EVENT_CHUNK_ID* EVENT_TIMESTAMP* EVENT_SCORE* RING_MISS_COUNT* CHUNK_OVERFLOW}]
/home/work1/Works/AI-Trigger-System/HDL/constraints/ai_trigger_ooc.xdc (Line: 30)
Related violations: <none>

XDCH-2#633 Warning
Same min and max delay values on IO port  
The same output delay of 0.000 ns has been defined on port 'EVENT_DATA[520]' relative to clock CLK_ADC for both max and min. Make sure this reflects the design intent.
set_output_delay -clock [get_clocks CLK_ADC] 0.000 [get_ports -quiet {EVENT_VALID EVENT_DATA* EVENT_LAST EVENT_CHUNK_ID* EVENT_TIMESTAMP* EVENT_SCORE* RING_MISS_COUNT* CHUNK_OVERFLOW}]
/home/work1/Works/AI-Trigger-System/HDL/constraints/ai_trigger_ooc.xdc (Line: 30)
Related violations: <none>

XDCH-2#634 Warning
Same min and max delay values on IO port  
The same output delay of 0.000 ns has been defined on port 'EVENT_DATA[521]' relative to clock CLK_ADC for both max and min. Make sure this reflects the design intent.
set_output_delay -clock [get_clocks CLK_ADC] 0.000 [get_ports -quiet {EVENT_VALID EVENT_DATA* EVENT_LAST EVENT_CHUNK_ID* EVENT_TIMESTAMP* EVENT_SCORE* RING_MISS_COUNT* CHUNK_OVERFLOW}]
/home/work1/Works/AI-Trigger-System/HDL/constraints/ai_trigger_ooc.xdc (Line: 30)
Related violations: <none>

XDCH-2#635 Warning
Same min and max delay values on IO port  
The same output delay of 0.000 ns has been defined on port 'EVENT_DATA[522]' relative to clock CLK_ADC for both max and min. Make sure this reflects the design intent.
set_output_delay -clock [get_clocks CLK_ADC] 0.000 [get_ports -quiet {EVENT_VALID EVENT_DATA* EVENT_LAST EVENT_CHUNK_ID* EVENT_TIMESTAMP* EVENT_SCORE* RING_MISS_COUNT* CHUNK_OVERFLOW}]
/home/work1/Works/AI-Trigger-System/HDL/constraints/ai_trigger_ooc.xdc (Line: 30)
Related violations: <none>

XDCH-2#636 Warning
Same min and max delay values on IO port  
The same output delay of 0.000 ns has been defined on port 'EVENT_DATA[523]' relative to clock CLK_ADC for both max and min. Make sure this reflects the design intent.
set_output_delay -clock [get_clocks CLK_ADC] 0.000 [get_ports -quiet {EVENT_VALID EVENT_DATA* EVENT_LAST EVENT_CHUNK_ID* EVENT_TIMESTAMP* EVENT_SCORE* RING_MISS_COUNT* CHUNK_OVERFLOW}]
/home/work1/Works/AI-Trigger-System/HDL/constraints/ai_trigger_ooc.xdc (Line: 30)
Related violations: <none>

XDCH-2#637 Warning
Same min and max delay values on IO port  
The same output delay of 0.000 ns has been defined on port 'EVENT_DATA[524]' relative to clock CLK_ADC for both max and min. Make sure this reflects the design intent.
set_output_delay -clock [get_clocks CLK_ADC] 0.000 [get_ports -quiet {EVENT_VALID EVENT_DATA* EVENT_LAST EVENT_CHUNK_ID* EVENT_TIMESTAMP* EVENT_SCORE* RING_MISS_COUNT* CHUNK_OVERFLOW}]
/home/work1/Works/AI-Trigger-System/HDL/constraints/ai_trigger_ooc.xdc (Line: 30)
Related violations: <none>

XDCH-2#638 Warning
Same min and max delay values on IO port  
The same output delay of 0.000 ns has been defined on port 'EVENT_DATA[525]' relative to clock CLK_ADC for both max and min. Make sure this reflects the design intent.
set_output_delay -clock [get_clocks CLK_ADC] 0.000 [get_ports -quiet {EVENT_VALID EVENT_DATA* EVENT_LAST EVENT_CHUNK_ID* EVENT_TIMESTAMP* EVENT_SCORE* RING_MISS_COUNT* CHUNK_OVERFLOW}]
/home/work1/Works/AI-Trigger-System/HDL/constraints/ai_trigger_ooc.xdc (Line: 30)
Related violations: <none>

XDCH-2#639 Warning
Same min and max delay values on IO port  
The same output delay of 0.000 ns has been defined on port 'EVENT_DATA[526]' relative to clock CLK_ADC for both max and min. Make sure this reflects the design intent.
set_output_delay -clock [get_clocks CLK_ADC] 0.000 [get_ports -quiet {EVENT_VALID EVENT_DATA* EVENT_LAST EVENT_CHUNK_ID* EVENT_TIMESTAMP* EVENT_SCORE* RING_MISS_COUNT* CHUNK_OVERFLOW}]
/home/work1/Works/AI-Trigger-System/HDL/constraints/ai_trigger_ooc.xdc (Line: 30)
Related violations: <none>

XDCH-2#640 Warning
Same min and max delay values on IO port  
The same output delay of 0.000 ns has been defined on port 'EVENT_DATA[527]' relative to clock CLK_ADC for both max and min. Make sure this reflects the design intent.
set_output_delay -clock [get_clocks CLK_ADC] 0.000 [get_ports -quiet {EVENT_VALID EVENT_DATA* EVENT_LAST EVENT_CHUNK_ID* EVENT_TIMESTAMP* EVENT_SCORE* RING_MISS_COUNT* CHUNK_OVERFLOW}]
/home/work1/Works/AI-Trigger-System/HDL/constraints/ai_trigger_ooc.xdc (Line: 30)
Related violations: <none>

XDCH-2#641 Warning
Same min and max delay values on IO port  
The same output delay of 0.000 ns has been defined on port 'EVENT_DATA[528]' relative to clock CLK_ADC for both max and min. Make sure this reflects the design intent.
set_output_delay -clock [get_clocks CLK_ADC] 0.000 [get_ports -quiet {EVENT_VALID EVENT_DATA* EVENT_LAST EVENT_CHUNK_ID* EVENT_TIMESTAMP* EVENT_SCORE* RING_MISS_COUNT* CHUNK_OVERFLOW}]
/home/work1/Works/AI-Trigger-System/HDL/constraints/ai_trigger_ooc.xdc (Line: 30)
Related violations: <none>

XDCH-2#642 Warning
Same min and max delay values on IO port  
The same output delay of 0.000 ns has been defined on port 'EVENT_DATA[529]' relative to clock CLK_ADC for both max and min. Make sure this reflects the design intent.
set_output_delay -clock [get_clocks CLK_ADC] 0.000 [get_ports -quiet {EVENT_VALID EVENT_DATA* EVENT_LAST EVENT_CHUNK_ID* EVENT_TIMESTAMP* EVENT_SCORE* RING_MISS_COUNT* CHUNK_OVERFLOW}]
/home/work1/Works/AI-Trigger-System/HDL/constraints/ai_trigger_ooc.xdc (Line: 30)
Related violations: <none>

XDCH-2#643 Warning
Same min and max delay values on IO port  
The same output delay of 0.000 ns has been defined on port 'EVENT_DATA[52]' relative to clock CLK_ADC for both max and min. Make sure this reflects the design intent.
set_output_delay -clock [get_clocks CLK_ADC] 0.000 [get_ports -quiet {EVENT_VALID EVENT_DATA* EVENT_LAST EVENT_CHUNK_ID* EVENT_TIMESTAMP* EVENT_SCORE* RING_MISS_COUNT* CHUNK_OVERFLOW}]
/home/work1/Works/AI-Trigger-System/HDL/constraints/ai_trigger_ooc.xdc (Line: 30)
Related violations: <none>

XDCH-2#644 Warning
Same min and max delay values on IO port  
The same output delay of 0.000 ns has been defined on port 'EVENT_DATA[530]' relative to clock CLK_ADC for both max and min. Make sure this reflects the design intent.
set_output_delay -clock [get_clocks CLK_ADC] 0.000 [get_ports -quiet {EVENT_VALID EVENT_DATA* EVENT_LAST EVENT_CHUNK_ID* EVENT_TIMESTAMP* EVENT_SCORE* RING_MISS_COUNT* CHUNK_OVERFLOW}]
/home/work1/Works/AI-Trigger-System/HDL/constraints/ai_trigger_ooc.xdc (Line: 30)
Related violations: <none>

XDCH-2#645 Warning
Same min and max delay values on IO port  
The same output delay of 0.000 ns has been defined on port 'EVENT_DATA[531]' relative to clock CLK_ADC for both max and min. Make sure this reflects the design intent.
set_output_delay -clock [get_clocks CLK_ADC] 0.000 [get_ports -quiet {EVENT_VALID EVENT_DATA* EVENT_LAST EVENT_CHUNK_ID* EVENT_TIMESTAMP* EVENT_SCORE* RING_MISS_COUNT* CHUNK_OVERFLOW}]
/home/work1/Works/AI-Trigger-System/HDL/constraints/ai_trigger_ooc.xdc (Line: 30)
Related violations: <none>

XDCH-2#646 Warning
Same min and max delay values on IO port  
The same output delay of 0.000 ns has been defined on port 'EVENT_DATA[532]' relative to clock CLK_ADC for both max and min. Make sure this reflects the design intent.
set_output_delay -clock [get_clocks CLK_ADC] 0.000 [get_ports -quiet {EVENT_VALID EVENT_DATA* EVENT_LAST EVENT_CHUNK_ID* EVENT_TIMESTAMP* EVENT_SCORE* RING_MISS_COUNT* CHUNK_OVERFLOW}]
/home/work1/Works/AI-Trigger-System/HDL/constraints/ai_trigger_ooc.xdc (Line: 30)
Related violations: <none>

XDCH-2#647 Warning
Same min and max delay values on IO port  
The same output delay of 0.000 ns has been defined on port 'EVENT_DATA[533]' relative to clock CLK_ADC for both max and min. Make sure this reflects the design intent.
set_output_delay -clock [get_clocks CLK_ADC] 0.000 [get_ports -quiet {EVENT_VALID EVENT_DATA* EVENT_LAST EVENT_CHUNK_ID* EVENT_TIMESTAMP* EVENT_SCORE* RING_MISS_COUNT* CHUNK_OVERFLOW}]
/home/work1/Works/AI-Trigger-System/HDL/constraints/ai_trigger_ooc.xdc (Line: 30)
Related violations: <none>

XDCH-2#648 Warning
Same min and max delay values on IO port  
The same output delay of 0.000 ns has been defined on port 'EVENT_DATA[534]' relative to clock CLK_ADC for both max and min. Make sure this reflects the design intent.
set_output_delay -clock [get_clocks CLK_ADC] 0.000 [get_ports -quiet {EVENT_VALID EVENT_DATA* EVENT_LAST EVENT_CHUNK_ID* EVENT_TIMESTAMP* EVENT_SCORE* RING_MISS_COUNT* CHUNK_OVERFLOW}]
/home/work1/Works/AI-Trigger-System/HDL/constraints/ai_trigger_ooc.xdc (Line: 30)
Related violations: <none>

XDCH-2#649 Warning
Same min and max delay values on IO port  
The same output delay of 0.000 ns has been defined on port 'EVENT_DATA[535]' relative to clock CLK_ADC for both max and min. Make sure this reflects the design intent.
set_output_delay -clock [get_clocks CLK_ADC] 0.000 [get_ports -quiet {EVENT_VALID EVENT_DATA* EVENT_LAST EVENT_CHUNK_ID* EVENT_TIMESTAMP* EVENT_SCORE* RING_MISS_COUNT* CHUNK_OVERFLOW}]
/home/work1/Works/AI-Trigger-System/HDL/constraints/ai_trigger_ooc.xdc (Line: 30)
Related violations: <none>

XDCH-2#650 Warning
Same min and max delay values on IO port  
The same output delay of 0.000 ns has been defined on port 'EVENT_DATA[536]' relative to clock CLK_ADC for both max and min. Make sure this reflects the design intent.
set_output_delay -clock [get_clocks CLK_ADC] 0.000 [get_ports -quiet {EVENT_VALID EVENT_DATA* EVENT_LAST EVENT_CHUNK_ID* EVENT_TIMESTAMP* EVENT_SCORE* RING_MISS_COUNT* CHUNK_OVERFLOW}]
/home/work1/Works/AI-Trigger-System/HDL/constraints/ai_trigger_ooc.xdc (Line: 30)
Related violations: <none>

XDCH-2#651 Warning
Same min and max delay values on IO port  
The same output delay of 0.000 ns has been defined on port 'EVENT_DATA[537]' relative to clock CLK_ADC for both max and min. Make sure this reflects the design intent.
set_output_delay -clock [get_clocks CLK_ADC] 0.000 [get_ports -quiet {EVENT_VALID EVENT_DATA* EVENT_LAST EVENT_CHUNK_ID* EVENT_TIMESTAMP* EVENT_SCORE* RING_MISS_COUNT* CHUNK_OVERFLOW}]
/home/work1/Works/AI-Trigger-System/HDL/constraints/ai_trigger_ooc.xdc (Line: 30)
Related violations: <none>

XDCH-2#652 Warning
Same min and max delay values on IO port  
The same output delay of 0.000 ns has been defined on port 'EVENT_DATA[538]' relative to clock CLK_ADC for both max and min. Make sure this reflects the design intent.
set_output_delay -clock [get_clocks CLK_ADC] 0.000 [get_ports -quiet {EVENT_VALID EVENT_DATA* EVENT_LAST EVENT_CHUNK_ID* EVENT_TIMESTAMP* EVENT_SCORE* RING_MISS_COUNT* CHUNK_OVERFLOW}]
/home/work1/Works/AI-Trigger-System/HDL/constraints/ai_trigger_ooc.xdc (Line: 30)
Related violations: <none>

XDCH-2#653 Warning
Same min and max delay values on IO port  
The same output delay of 0.000 ns has been defined on port 'EVENT_DATA[539]' relative to clock CLK_ADC for both max and min. Make sure this reflects the design intent.
set_output_delay -clock [get_clocks CLK_ADC] 0.000 [get_ports -quiet {EVENT_VALID EVENT_DATA* EVENT_LAST EVENT_CHUNK_ID* EVENT_TIMESTAMP* EVENT_SCORE* RING_MISS_COUNT* CHUNK_OVERFLOW}]
/home/work1/Works/AI-Trigger-System/HDL/constraints/ai_trigger_ooc.xdc (Line: 30)
Related violations: <none>

XDCH-2#654 Warning
Same min and max delay values on IO port  
The same output delay of 0.000 ns has been defined on port 'EVENT_DATA[53]' relative to clock CLK_ADC for both max and min. Make sure this reflects the design intent.
set_output_delay -clock [get_clocks CLK_ADC] 0.000 [get_ports -quiet {EVENT_VALID EVENT_DATA* EVENT_LAST EVENT_CHUNK_ID* EVENT_TIMESTAMP* EVENT_SCORE* RING_MISS_COUNT* CHUNK_OVERFLOW}]
/home/work1/Works/AI-Trigger-System/HDL/constraints/ai_trigger_ooc.xdc (Line: 30)
Related violations: <none>

XDCH-2#655 Warning
Same min and max delay values on IO port  
The same output delay of 0.000 ns has been defined on port 'EVENT_DATA[540]' relative to clock CLK_ADC for both max and min. Make sure this reflects the design intent.
set_output_delay -clock [get_clocks CLK_ADC] 0.000 [get_ports -quiet {EVENT_VALID EVENT_DATA* EVENT_LAST EVENT_CHUNK_ID* EVENT_TIMESTAMP* EVENT_SCORE* RING_MISS_COUNT* CHUNK_OVERFLOW}]
/home/work1/Works/AI-Trigger-System/HDL/constraints/ai_trigger_ooc.xdc (Line: 30)
Related violations: <none>

XDCH-2#656 Warning
Same min and max delay values on IO port  
The same output delay of 0.000 ns has been defined on port 'EVENT_DATA[541]' relative to clock CLK_ADC for both max and min. Make sure this reflects the design intent.
set_output_delay -clock [get_clocks CLK_ADC] 0.000 [get_ports -quiet {EVENT_VALID EVENT_DATA* EVENT_LAST EVENT_CHUNK_ID* EVENT_TIMESTAMP* EVENT_SCORE* RING_MISS_COUNT* CHUNK_OVERFLOW}]
/home/work1/Works/AI-Trigger-System/HDL/constraints/ai_trigger_ooc.xdc (Line: 30)
Related violations: <none>

XDCH-2#657 Warning
Same min and max delay values on IO port  
The same output delay of 0.000 ns has been defined on port 'EVENT_DATA[542]' relative to clock CLK_ADC for both max and min. Make sure this reflects the design intent.
set_output_delay -clock [get_clocks CLK_ADC] 0.000 [get_ports -quiet {EVENT_VALID EVENT_DATA* EVENT_LAST EVENT_CHUNK_ID* EVENT_TIMESTAMP* EVENT_SCORE* RING_MISS_COUNT* CHUNK_OVERFLOW}]
/home/work1/Works/AI-Trigger-System/HDL/constraints/ai_trigger_ooc.xdc (Line: 30)
Related violations: <none>

XDCH-2#658 Warning
Same min and max delay values on IO port  
The same output delay of 0.000 ns has been defined on port 'EVENT_DATA[543]' relative to clock CLK_ADC for both max and min. Make sure this reflects the design intent.
set_output_delay -clock [get_clocks CLK_ADC] 0.000 [get_ports -quiet {EVENT_VALID EVENT_DATA* EVENT_LAST EVENT_CHUNK_ID* EVENT_TIMESTAMP* EVENT_SCORE* RING_MISS_COUNT* CHUNK_OVERFLOW}]
/home/work1/Works/AI-Trigger-System/HDL/constraints/ai_trigger_ooc.xdc (Line: 30)
Related violations: <none>

XDCH-2#659 Warning
Same min and max delay values on IO port  
The same output delay of 0.000 ns has been defined on port 'EVENT_DATA[544]' relative to clock CLK_ADC for both max and min. Make sure this reflects the design intent.
set_output_delay -clock [get_clocks CLK_ADC] 0.000 [get_ports -quiet {EVENT_VALID EVENT_DATA* EVENT_LAST EVENT_CHUNK_ID* EVENT_TIMESTAMP* EVENT_SCORE* RING_MISS_COUNT* CHUNK_OVERFLOW}]
/home/work1/Works/AI-Trigger-System/HDL/constraints/ai_trigger_ooc.xdc (Line: 30)
Related violations: <none>

XDCH-2#660 Warning
Same min and max delay values on IO port  
The same output delay of 0.000 ns has been defined on port 'EVENT_DATA[545]' relative to clock CLK_ADC for both max and min. Make sure this reflects the design intent.
set_output_delay -clock [get_clocks CLK_ADC] 0.000 [get_ports -quiet {EVENT_VALID EVENT_DATA* EVENT_LAST EVENT_CHUNK_ID* EVENT_TIMESTAMP* EVENT_SCORE* RING_MISS_COUNT* CHUNK_OVERFLOW}]
/home/work1/Works/AI-Trigger-System/HDL/constraints/ai_trigger_ooc.xdc (Line: 30)
Related violations: <none>

XDCH-2#661 Warning
Same min and max delay values on IO port  
The same output delay of 0.000 ns has been defined on port 'EVENT_DATA[546]' relative to clock CLK_ADC for both max and min. Make sure this reflects the design intent.
set_output_delay -clock [get_clocks CLK_ADC] 0.000 [get_ports -quiet {EVENT_VALID EVENT_DATA* EVENT_LAST EVENT_CHUNK_ID* EVENT_TIMESTAMP* EVENT_SCORE* RING_MISS_COUNT* CHUNK_OVERFLOW}]
/home/work1/Works/AI-Trigger-System/HDL/constraints/ai_trigger_ooc.xdc (Line: 30)
Related violations: <none>

XDCH-2#662 Warning
Same min and max delay values on IO port  
The same output delay of 0.000 ns has been defined on port 'EVENT_DATA[547]' relative to clock CLK_ADC for both max and min. Make sure this reflects the design intent.
set_output_delay -clock [get_clocks CLK_ADC] 0.000 [get_ports -quiet {EVENT_VALID EVENT_DATA* EVENT_LAST EVENT_CHUNK_ID* EVENT_TIMESTAMP* EVENT_SCORE* RING_MISS_COUNT* CHUNK_OVERFLOW}]
/home/work1/Works/AI-Trigger-System/HDL/constraints/ai_trigger_ooc.xdc (Line: 30)
Related violations: <none>

XDCH-2#663 Warning
Same min and max delay values on IO port  
The same output delay of 0.000 ns has been defined on port 'EVENT_DATA[548]' relative to clock CLK_ADC for both max and min. Make sure this reflects the design intent.
set_output_delay -clock [get_clocks CLK_ADC] 0.000 [get_ports -quiet {EVENT_VALID EVENT_DATA* EVENT_LAST EVENT_CHUNK_ID* EVENT_TIMESTAMP* EVENT_SCORE* RING_MISS_COUNT* CHUNK_OVERFLOW}]
/home/work1/Works/AI-Trigger-System/HDL/constraints/ai_trigger_ooc.xdc (Line: 30)
Related violations: <none>

XDCH-2#664 Warning
Same min and max delay values on IO port  
The same output delay of 0.000 ns has been defined on port 'EVENT_DATA[549]' relative to clock CLK_ADC for both max and min. Make sure this reflects the design intent.
set_output_delay -clock [get_clocks CLK_ADC] 0.000 [get_ports -quiet {EVENT_VALID EVENT_DATA* EVENT_LAST EVENT_CHUNK_ID* EVENT_TIMESTAMP* EVENT_SCORE* RING_MISS_COUNT* CHUNK_OVERFLOW}]
/home/work1/Works/AI-Trigger-System/HDL/constraints/ai_trigger_ooc.xdc (Line: 30)
Related violations: <none>

XDCH-2#665 Warning
Same min and max delay values on IO port  
The same output delay of 0.000 ns has been defined on port 'EVENT_DATA[54]' relative to clock CLK_ADC for both max and min. Make sure this reflects the design intent.
set_output_delay -clock [get_clocks CLK_ADC] 0.000 [get_ports -quiet {EVENT_VALID EVENT_DATA* EVENT_LAST EVENT_CHUNK_ID* EVENT_TIMESTAMP* EVENT_SCORE* RING_MISS_COUNT* CHUNK_OVERFLOW}]
/home/work1/Works/AI-Trigger-System/HDL/constraints/ai_trigger_ooc.xdc (Line: 30)
Related violations: <none>

XDCH-2#666 Warning
Same min and max delay values on IO port  
The same output delay of 0.000 ns has been defined on port 'EVENT_DATA[550]' relative to clock CLK_ADC for both max and min. Make sure this reflects the design intent.
set_output_delay -clock [get_clocks CLK_ADC] 0.000 [get_ports -quiet {EVENT_VALID EVENT_DATA* EVENT_LAST EVENT_CHUNK_ID* EVENT_TIMESTAMP* EVENT_SCORE* RING_MISS_COUNT* CHUNK_OVERFLOW}]
/home/work1/Works/AI-Trigger-System/HDL/constraints/ai_trigger_ooc.xdc (Line: 30)
Related violations: <none>

XDCH-2#667 Warning
Same min and max delay values on IO port  
The same output delay of 0.000 ns has been defined on port 'EVENT_DATA[551]' relative to clock CLK_ADC for both max and min. Make sure this reflects the design intent.
set_output_delay -clock [get_clocks CLK_ADC] 0.000 [get_ports -quiet {EVENT_VALID EVENT_DATA* EVENT_LAST EVENT_CHUNK_ID* EVENT_TIMESTAMP* EVENT_SCORE* RING_MISS_COUNT* CHUNK_OVERFLOW}]
/home/work1/Works/AI-Trigger-System/HDL/constraints/ai_trigger_ooc.xdc (Line: 30)
Related violations: <none>

XDCH-2#668 Warning
Same min and max delay values on IO port  
The same output delay of 0.000 ns has been defined on port 'EVENT_DATA[552]' relative to clock CLK_ADC for both max and min. Make sure this reflects the design intent.
set_output_delay -clock [get_clocks CLK_ADC] 0.000 [get_ports -quiet {EVENT_VALID EVENT_DATA* EVENT_LAST EVENT_CHUNK_ID* EVENT_TIMESTAMP* EVENT_SCORE* RING_MISS_COUNT* CHUNK_OVERFLOW}]
/home/work1/Works/AI-Trigger-System/HDL/constraints/ai_trigger_ooc.xdc (Line: 30)
Related violations: <none>

XDCH-2#669 Warning
Same min and max delay values on IO port  
The same output delay of 0.000 ns has been defined on port 'EVENT_DATA[553]' relative to clock CLK_ADC for both max and min. Make sure this reflects the design intent.
set_output_delay -clock [get_clocks CLK_ADC] 0.000 [get_ports -quiet {EVENT_VALID EVENT_DATA* EVENT_LAST EVENT_CHUNK_ID* EVENT_TIMESTAMP* EVENT_SCORE* RING_MISS_COUNT* CHUNK_OVERFLOW}]
/home/work1/Works/AI-Trigger-System/HDL/constraints/ai_trigger_ooc.xdc (Line: 30)
Related violations: <none>

XDCH-2#670 Warning
Same min and max delay values on IO port  
The same output delay of 0.000 ns has been defined on port 'EVENT_DATA[554]' relative to clock CLK_ADC for both max and min. Make sure this reflects the design intent.
set_output_delay -clock [get_clocks CLK_ADC] 0.000 [get_ports -quiet {EVENT_VALID EVENT_DATA* EVENT_LAST EVENT_CHUNK_ID* EVENT_TIMESTAMP* EVENT_SCORE* RING_MISS_COUNT* CHUNK_OVERFLOW}]
/home/work1/Works/AI-Trigger-System/HDL/constraints/ai_trigger_ooc.xdc (Line: 30)
Related violations: <none>

XDCH-2#671 Warning
Same min and max delay values on IO port  
The same output delay of 0.000 ns has been defined on port 'EVENT_DATA[555]' relative to clock CLK_ADC for both max and min. Make sure this reflects the design intent.
set_output_delay -clock [get_clocks CLK_ADC] 0.000 [get_ports -quiet {EVENT_VALID EVENT_DATA* EVENT_LAST EVENT_CHUNK_ID* EVENT_TIMESTAMP* EVENT_SCORE* RING_MISS_COUNT* CHUNK_OVERFLOW}]
/home/work1/Works/AI-Trigger-System/HDL/constraints/ai_trigger_ooc.xdc (Line: 30)
Related violations: <none>

XDCH-2#672 Warning
Same min and max delay values on IO port  
The same output delay of 0.000 ns has been defined on port 'EVENT_DATA[556]' relative to clock CLK_ADC for both max and min. Make sure this reflects the design intent.
set_output_delay -clock [get_clocks CLK_ADC] 0.000 [get_ports -quiet {EVENT_VALID EVENT_DATA* EVENT_LAST EVENT_CHUNK_ID* EVENT_TIMESTAMP* EVENT_SCORE* RING_MISS_COUNT* CHUNK_OVERFLOW}]
/home/work1/Works/AI-Trigger-System/HDL/constraints/ai_trigger_ooc.xdc (Line: 30)
Related violations: <none>

XDCH-2#673 Warning
Same min and max delay values on IO port  
The same output delay of 0.000 ns has been defined on port 'EVENT_DATA[557]' relative to clock CLK_ADC for both max and min. Make sure this reflects the design intent.
set_output_delay -clock [get_clocks CLK_ADC] 0.000 [get_ports -quiet {EVENT_VALID EVENT_DATA* EVENT_LAST EVENT_CHUNK_ID* EVENT_TIMESTAMP* EVENT_SCORE* RING_MISS_COUNT* CHUNK_OVERFLOW}]
/home/work1/Works/AI-Trigger-System/HDL/constraints/ai_trigger_ooc.xdc (Line: 30)
Related violations: <none>

XDCH-2#674 Warning
Same min and max delay values on IO port  
The same output delay of 0.000 ns has been defined on port 'EVENT_DATA[558]' relative to clock CLK_ADC for both max and min. Make sure this reflects the design intent.
set_output_delay -clock [get_clocks CLK_ADC] 0.000 [get_ports -quiet {EVENT_VALID EVENT_DATA* EVENT_LAST EVENT_CHUNK_ID* EVENT_TIMESTAMP* EVENT_SCORE* RING_MISS_COUNT* CHUNK_OVERFLOW}]
/home/work1/Works/AI-Trigger-System/HDL/constraints/ai_trigger_ooc.xdc (Line: 30)
Related violations: <none>

XDCH-2#675 Warning
Same min and max delay values on IO port  
The same output delay of 0.000 ns has been defined on port 'EVENT_DATA[559]' relative to clock CLK_ADC for both max and min. Make sure this reflects the design intent.
set_output_delay -clock [get_clocks CLK_ADC] 0.000 [get_ports -quiet {EVENT_VALID EVENT_DATA* EVENT_LAST EVENT_CHUNK_ID* EVENT_TIMESTAMP* EVENT_SCORE* RING_MISS_COUNT* CHUNK_OVERFLOW}]
/home/work1/Works/AI-Trigger-System/HDL/constraints/ai_trigger_ooc.xdc (Line: 30)
Related violations: <none>

XDCH-2#676 Warning
Same min and max delay values on IO port  
The same output delay of 0.000 ns has been defined on port 'EVENT_DATA[55]' relative to clock CLK_ADC for both max and min. Make sure this reflects the design intent.
set_output_delay -clock [get_clocks CLK_ADC] 0.000 [get_ports -quiet {EVENT_VALID EVENT_DATA* EVENT_LAST EVENT_CHUNK_ID* EVENT_TIMESTAMP* EVENT_SCORE* RING_MISS_COUNT* CHUNK_OVERFLOW}]
/home/work1/Works/AI-Trigger-System/HDL/constraints/ai_trigger_ooc.xdc (Line: 30)
Related violations: <none>

XDCH-2#677 Warning
Same min and max delay values on IO port  
The same output delay of 0.000 ns has been defined on port 'EVENT_DATA[560]' relative to clock CLK_ADC for both max and min. Make sure this reflects the design intent.
set_output_delay -clock [get_clocks CLK_ADC] 0.000 [get_ports -quiet {EVENT_VALID EVENT_DATA* EVENT_LAST EVENT_CHUNK_ID* EVENT_TIMESTAMP* EVENT_SCORE* RING_MISS_COUNT* CHUNK_OVERFLOW}]
/home/work1/Works/AI-Trigger-System/HDL/constraints/ai_trigger_ooc.xdc (Line: 30)
Related violations: <none>

XDCH-2#678 Warning
Same min and max delay values on IO port  
The same output delay of 0.000 ns has been defined on port 'EVENT_DATA[561]' relative to clock CLK_ADC for both max and min. Make sure this reflects the design intent.
set_output_delay -clock [get_clocks CLK_ADC] 0.000 [get_ports -quiet {EVENT_VALID EVENT_DATA* EVENT_LAST EVENT_CHUNK_ID* EVENT_TIMESTAMP* EVENT_SCORE* RING_MISS_COUNT* CHUNK_OVERFLOW}]
/home/work1/Works/AI-Trigger-System/HDL/constraints/ai_trigger_ooc.xdc (Line: 30)
Related violations: <none>

XDCH-2#679 Warning
Same min and max delay values on IO port  
The same output delay of 0.000 ns has been defined on port 'EVENT_DATA[562]' relative to clock CLK_ADC for both max and min. Make sure this reflects the design intent.
set_output_delay -clock [get_clocks CLK_ADC] 0.000 [get_ports -quiet {EVENT_VALID EVENT_DATA* EVENT_LAST EVENT_CHUNK_ID* EVENT_TIMESTAMP* EVENT_SCORE* RING_MISS_COUNT* CHUNK_OVERFLOW}]
/home/work1/Works/AI-Trigger-System/HDL/constraints/ai_trigger_ooc.xdc (Line: 30)
Related violations: <none>

XDCH-2#680 Warning
Same min and max delay values on IO port  
The same output delay of 0.000 ns has been defined on port 'EVENT_DATA[563]' relative to clock CLK_ADC for both max and min. Make sure this reflects the design intent.
set_output_delay -clock [get_clocks CLK_ADC] 0.000 [get_ports -quiet {EVENT_VALID EVENT_DATA* EVENT_LAST EVENT_CHUNK_ID* EVENT_TIMESTAMP* EVENT_SCORE* RING_MISS_COUNT* CHUNK_OVERFLOW}]
/home/work1/Works/AI-Trigger-System/HDL/constraints/ai_trigger_ooc.xdc (Line: 30)
Related violations: <none>

XDCH-2#681 Warning
Same min and max delay values on IO port  
The same output delay of 0.000 ns has been defined on port 'EVENT_DATA[564]' relative to clock CLK_ADC for both max and min. Make sure this reflects the design intent.
set_output_delay -clock [get_clocks CLK_ADC] 0.000 [get_ports -quiet {EVENT_VALID EVENT_DATA* EVENT_LAST EVENT_CHUNK_ID* EVENT_TIMESTAMP* EVENT_SCORE* RING_MISS_COUNT* CHUNK_OVERFLOW}]
/home/work1/Works/AI-Trigger-System/HDL/constraints/ai_trigger_ooc.xdc (Line: 30)
Related violations: <none>

XDCH-2#682 Warning
Same min and max delay values on IO port  
The same output delay of 0.000 ns has been defined on port 'EVENT_DATA[565]' relative to clock CLK_ADC for both max and min. Make sure this reflects the design intent.
set_output_delay -clock [get_clocks CLK_ADC] 0.000 [get_ports -quiet {EVENT_VALID EVENT_DATA* EVENT_LAST EVENT_CHUNK_ID* EVENT_TIMESTAMP* EVENT_SCORE* RING_MISS_COUNT* CHUNK_OVERFLOW}]
/home/work1/Works/AI-Trigger-System/HDL/constraints/ai_trigger_ooc.xdc (Line: 30)
Related violations: <none>

XDCH-2#683 Warning
Same min and max delay values on IO port  
The same output delay of 0.000 ns has been defined on port 'EVENT_DATA[566]' relative to clock CLK_ADC for both max and min. Make sure this reflects the design intent.
set_output_delay -clock [get_clocks CLK_ADC] 0.000 [get_ports -quiet {EVENT_VALID EVENT_DATA* EVENT_LAST EVENT_CHUNK_ID* EVENT_TIMESTAMP* EVENT_SCORE* RING_MISS_COUNT* CHUNK_OVERFLOW}]
/home/work1/Works/AI-Trigger-System/HDL/constraints/ai_trigger_ooc.xdc (Line: 30)
Related violations: <none>

XDCH-2#684 Warning
Same min and max delay values on IO port  
The same output delay of 0.000 ns has been defined on port 'EVENT_DATA[567]' relative to clock CLK_ADC for both max and min. Make sure this reflects the design intent.
set_output_delay -clock [get_clocks CLK_ADC] 0.000 [get_ports -quiet {EVENT_VALID EVENT_DATA* EVENT_LAST EVENT_CHUNK_ID* EVENT_TIMESTAMP* EVENT_SCORE* RING_MISS_COUNT* CHUNK_OVERFLOW}]
/home/work1/Works/AI-Trigger-System/HDL/constraints/ai_trigger_ooc.xdc (Line: 30)
Related violations: <none>

XDCH-2#685 Warning
Same min and max delay values on IO port  
The same output delay of 0.000 ns has been defined on port 'EVENT_DATA[568]' relative to clock CLK_ADC for both max and min. Make sure this reflects the design intent.
set_output_delay -clock [get_clocks CLK_ADC] 0.000 [get_ports -quiet {EVENT_VALID EVENT_DATA* EVENT_LAST EVENT_CHUNK_ID* EVENT_TIMESTAMP* EVENT_SCORE* RING_MISS_COUNT* CHUNK_OVERFLOW}]
/home/work1/Works/AI-Trigger-System/HDL/constraints/ai_trigger_ooc.xdc (Line: 30)
Related violations: <none>

XDCH-2#686 Warning
Same min and max delay values on IO port  
The same output delay of 0.000 ns has been defined on port 'EVENT_DATA[569]' relative to clock CLK_ADC for both max and min. Make sure this reflects the design intent.
set_output_delay -clock [get_clocks CLK_ADC] 0.000 [get_ports -quiet {EVENT_VALID EVENT_DATA* EVENT_LAST EVENT_CHUNK_ID* EVENT_TIMESTAMP* EVENT_SCORE* RING_MISS_COUNT* CHUNK_OVERFLOW}]
/home/work1/Works/AI-Trigger-System/HDL/constraints/ai_trigger_ooc.xdc (Line: 30)
Related violations: <none>

XDCH-2#687 Warning
Same min and max delay values on IO port  
The same output delay of 0.000 ns has been defined on port 'EVENT_DATA[56]' relative to clock CLK_ADC for both max and min. Make sure this reflects the design intent.
set_output_delay -clock [get_clocks CLK_ADC] 0.000 [get_ports -quiet {EVENT_VALID EVENT_DATA* EVENT_LAST EVENT_CHUNK_ID* EVENT_TIMESTAMP* EVENT_SCORE* RING_MISS_COUNT* CHUNK_OVERFLOW}]
/home/work1/Works/AI-Trigger-System/HDL/constraints/ai_trigger_ooc.xdc (Line: 30)
Related violations: <none>

XDCH-2#688 Warning
Same min and max delay values on IO port  
The same output delay of 0.000 ns has been defined on port 'EVENT_DATA[570]' relative to clock CLK_ADC for both max and min. Make sure this reflects the design intent.
set_output_delay -clock [get_clocks CLK_ADC] 0.000 [get_ports -quiet {EVENT_VALID EVENT_DATA* EVENT_LAST EVENT_CHUNK_ID* EVENT_TIMESTAMP* EVENT_SCORE* RING_MISS_COUNT* CHUNK_OVERFLOW}]
/home/work1/Works/AI-Trigger-System/HDL/constraints/ai_trigger_ooc.xdc (Line: 30)
Related violations: <none>

XDCH-2#689 Warning
Same min and max delay values on IO port  
The same output delay of 0.000 ns has been defined on port 'EVENT_DATA[571]' relative to clock CLK_ADC for both max and min. Make sure this reflects the design intent.
set_output_delay -clock [get_clocks CLK_ADC] 0.000 [get_ports -quiet {EVENT_VALID EVENT_DATA* EVENT_LAST EVENT_CHUNK_ID* EVENT_TIMESTAMP* EVENT_SCORE* RING_MISS_COUNT* CHUNK_OVERFLOW}]
/home/work1/Works/AI-Trigger-System/HDL/constraints/ai_trigger_ooc.xdc (Line: 30)
Related violations: <none>

XDCH-2#690 Warning
Same min and max delay values on IO port  
The same output delay of 0.000 ns has been defined on port 'EVENT_DATA[572]' relative to clock CLK_ADC for both max and min. Make sure this reflects the design intent.
set_output_delay -clock [get_clocks CLK_ADC] 0.000 [get_ports -quiet {EVENT_VALID EVENT_DATA* EVENT_LAST EVENT_CHUNK_ID* EVENT_TIMESTAMP* EVENT_SCORE* RING_MISS_COUNT* CHUNK_OVERFLOW}]
/home/work1/Works/AI-Trigger-System/HDL/constraints/ai_trigger_ooc.xdc (Line: 30)
Related violations: <none>

XDCH-2#691 Warning
Same min and max delay values on IO port  
The same output delay of 0.000 ns has been defined on port 'EVENT_DATA[573]' relative to clock CLK_ADC for both max and min. Make sure this reflects the design intent.
set_output_delay -clock [get_clocks CLK_ADC] 0.000 [get_ports -quiet {EVENT_VALID EVENT_DATA* EVENT_LAST EVENT_CHUNK_ID* EVENT_TIMESTAMP* EVENT_SCORE* RING_MISS_COUNT* CHUNK_OVERFLOW}]
/home/work1/Works/AI-Trigger-System/HDL/constraints/ai_trigger_ooc.xdc (Line: 30)
Related violations: <none>

XDCH-2#692 Warning
Same min and max delay values on IO port  
The same output delay of 0.000 ns has been defined on port 'EVENT_DATA[574]' relative to clock CLK_ADC for both max and min. Make sure this reflects the design intent.
set_output_delay -clock [get_clocks CLK_ADC] 0.000 [get_ports -quiet {EVENT_VALID EVENT_DATA* EVENT_LAST EVENT_CHUNK_ID* EVENT_TIMESTAMP* EVENT_SCORE* RING_MISS_COUNT* CHUNK_OVERFLOW}]
/home/work1/Works/AI-Trigger-System/HDL/constraints/ai_trigger_ooc.xdc (Line: 30)
Related violations: <none>

XDCH-2#693 Warning
Same min and max delay values on IO port  
The same output delay of 0.000 ns has been defined on port 'EVENT_DATA[575]' relative to clock CLK_ADC for both max and min. Make sure this reflects the design intent.
set_output_delay -clock [get_clocks CLK_ADC] 0.000 [get_ports -quiet {EVENT_VALID EVENT_DATA* EVENT_LAST EVENT_CHUNK_ID* EVENT_TIMESTAMP* EVENT_SCORE* RING_MISS_COUNT* CHUNK_OVERFLOW}]
/home/work1/Works/AI-Trigger-System/HDL/constraints/ai_trigger_ooc.xdc (Line: 30)
Related violations: <none>

XDCH-2#694 Warning
Same min and max delay values on IO port  
The same output delay of 0.000 ns has been defined on port 'EVENT_DATA[576]' relative to clock CLK_ADC for both max and min. Make sure this reflects the design intent.
set_output_delay -clock [get_clocks CLK_ADC] 0.000 [get_ports -quiet {EVENT_VALID EVENT_DATA* EVENT_LAST EVENT_CHUNK_ID* EVENT_TIMESTAMP* EVENT_SCORE* RING_MISS_COUNT* CHUNK_OVERFLOW}]
/home/work1/Works/AI-Trigger-System/HDL/constraints/ai_trigger_ooc.xdc (Line: 30)
Related violations: <none>

XDCH-2#695 Warning
Same min and max delay values on IO port  
The same output delay of 0.000 ns has been defined on port 'EVENT_DATA[577]' relative to clock CLK_ADC for both max and min. Make sure this reflects the design intent.
set_output_delay -clock [get_clocks CLK_ADC] 0.000 [get_ports -quiet {EVENT_VALID EVENT_DATA* EVENT_LAST EVENT_CHUNK_ID* EVENT_TIMESTAMP* EVENT_SCORE* RING_MISS_COUNT* CHUNK_OVERFLOW}]
/home/work1/Works/AI-Trigger-System/HDL/constraints/ai_trigger_ooc.xdc (Line: 30)
Related violations: <none>

XDCH-2#696 Warning
Same min and max delay values on IO port  
The same output delay of 0.000 ns has been defined on port 'EVENT_DATA[578]' relative to clock CLK_ADC for both max and min. Make sure this reflects the design intent.
set_output_delay -clock [get_clocks CLK_ADC] 0.000 [get_ports -quiet {EVENT_VALID EVENT_DATA* EVENT_LAST EVENT_CHUNK_ID* EVENT_TIMESTAMP* EVENT_SCORE* RING_MISS_COUNT* CHUNK_OVERFLOW}]
/home/work1/Works/AI-Trigger-System/HDL/constraints/ai_trigger_ooc.xdc (Line: 30)
Related violations: <none>

XDCH-2#697 Warning
Same min and max delay values on IO port  
The same output delay of 0.000 ns has been defined on port 'EVENT_DATA[579]' relative to clock CLK_ADC for both max and min. Make sure this reflects the design intent.
set_output_delay -clock [get_clocks CLK_ADC] 0.000 [get_ports -quiet {EVENT_VALID EVENT_DATA* EVENT_LAST EVENT_CHUNK_ID* EVENT_TIMESTAMP* EVENT_SCORE* RING_MISS_COUNT* CHUNK_OVERFLOW}]
/home/work1/Works/AI-Trigger-System/HDL/constraints/ai_trigger_ooc.xdc (Line: 30)
Related violations: <none>

XDCH-2#698 Warning
Same min and max delay values on IO port  
The same output delay of 0.000 ns has been defined on port 'EVENT_DATA[57]' relative to clock CLK_ADC for both max and min. Make sure this reflects the design intent.
set_output_delay -clock [get_clocks CLK_ADC] 0.000 [get_ports -quiet {EVENT_VALID EVENT_DATA* EVENT_LAST EVENT_CHUNK_ID* EVENT_TIMESTAMP* EVENT_SCORE* RING_MISS_COUNT* CHUNK_OVERFLOW}]
/home/work1/Works/AI-Trigger-System/HDL/constraints/ai_trigger_ooc.xdc (Line: 30)
Related violations: <none>

XDCH-2#699 Warning
Same min and max delay values on IO port  
The same output delay of 0.000 ns has been defined on port 'EVENT_DATA[580]' relative to clock CLK_ADC for both max and min. Make sure this reflects the design intent.
set_output_delay -clock [get_clocks CLK_ADC] 0.000 [get_ports -quiet {EVENT_VALID EVENT_DATA* EVENT_LAST EVENT_CHUNK_ID* EVENT_TIMESTAMP* EVENT_SCORE* RING_MISS_COUNT* CHUNK_OVERFLOW}]
/home/work1/Works/AI-Trigger-System/HDL/constraints/ai_trigger_ooc.xdc (Line: 30)
Related violations: <none>

XDCH-2#700 Warning
Same min and max delay values on IO port  
The same output delay of 0.000 ns has been defined on port 'EVENT_DATA[581]' relative to clock CLK_ADC for both max and min. Make sure this reflects the design intent.
set_output_delay -clock [get_clocks CLK_ADC] 0.000 [get_ports -quiet {EVENT_VALID EVENT_DATA* EVENT_LAST EVENT_CHUNK_ID* EVENT_TIMESTAMP* EVENT_SCORE* RING_MISS_COUNT* CHUNK_OVERFLOW}]
/home/work1/Works/AI-Trigger-System/HDL/constraints/ai_trigger_ooc.xdc (Line: 30)
Related violations: <none>

XDCH-2#701 Warning
Same min and max delay values on IO port  
The same output delay of 0.000 ns has been defined on port 'EVENT_DATA[582]' relative to clock CLK_ADC for both max and min. Make sure this reflects the design intent.
set_output_delay -clock [get_clocks CLK_ADC] 0.000 [get_ports -quiet {EVENT_VALID EVENT_DATA* EVENT_LAST EVENT_CHUNK_ID* EVENT_TIMESTAMP* EVENT_SCORE* RING_MISS_COUNT* CHUNK_OVERFLOW}]
/home/work1/Works/AI-Trigger-System/HDL/constraints/ai_trigger_ooc.xdc (Line: 30)
Related violations: <none>

XDCH-2#702 Warning
Same min and max delay values on IO port  
The same output delay of 0.000 ns has been defined on port 'EVENT_DATA[583]' relative to clock CLK_ADC for both max and min. Make sure this reflects the design intent.
set_output_delay -clock [get_clocks CLK_ADC] 0.000 [get_ports -quiet {EVENT_VALID EVENT_DATA* EVENT_LAST EVENT_CHUNK_ID* EVENT_TIMESTAMP* EVENT_SCORE* RING_MISS_COUNT* CHUNK_OVERFLOW}]
/home/work1/Works/AI-Trigger-System/HDL/constraints/ai_trigger_ooc.xdc (Line: 30)
Related violations: <none>

XDCH-2#703 Warning
Same min and max delay values on IO port  
The same output delay of 0.000 ns has been defined on port 'EVENT_DATA[584]' relative to clock CLK_ADC for both max and min. Make sure this reflects the design intent.
set_output_delay -clock [get_clocks CLK_ADC] 0.000 [get_ports -quiet {EVENT_VALID EVENT_DATA* EVENT_LAST EVENT_CHUNK_ID* EVENT_TIMESTAMP* EVENT_SCORE* RING_MISS_COUNT* CHUNK_OVERFLOW}]
/home/work1/Works/AI-Trigger-System/HDL/constraints/ai_trigger_ooc.xdc (Line: 30)
Related violations: <none>

XDCH-2#704 Warning
Same min and max delay values on IO port  
The same output delay of 0.000 ns has been defined on port 'EVENT_DATA[585]' relative to clock CLK_ADC for both max and min. Make sure this reflects the design intent.
set_output_delay -clock [get_clocks CLK_ADC] 0.000 [get_ports -quiet {EVENT_VALID EVENT_DATA* EVENT_LAST EVENT_CHUNK_ID* EVENT_TIMESTAMP* EVENT_SCORE* RING_MISS_COUNT* CHUNK_OVERFLOW}]
/home/work1/Works/AI-Trigger-System/HDL/constraints/ai_trigger_ooc.xdc (Line: 30)
Related violations: <none>

XDCH-2#705 Warning
Same min and max delay values on IO port  
The same output delay of 0.000 ns has been defined on port 'EVENT_DATA[586]' relative to clock CLK_ADC for both max and min. Make sure this reflects the design intent.
set_output_delay -clock [get_clocks CLK_ADC] 0.000 [get_ports -quiet {EVENT_VALID EVENT_DATA* EVENT_LAST EVENT_CHUNK_ID* EVENT_TIMESTAMP* EVENT_SCORE* RING_MISS_COUNT* CHUNK_OVERFLOW}]
/home/work1/Works/AI-Trigger-System/HDL/constraints/ai_trigger_ooc.xdc (Line: 30)
Related violations: <none>

XDCH-2#706 Warning
Same min and max delay values on IO port  
The same output delay of 0.000 ns has been defined on port 'EVENT_DATA[587]' relative to clock CLK_ADC for both max and min. Make sure this reflects the design intent.
set_output_delay -clock [get_clocks CLK_ADC] 0.000 [get_ports -quiet {EVENT_VALID EVENT_DATA* EVENT_LAST EVENT_CHUNK_ID* EVENT_TIMESTAMP* EVENT_SCORE* RING_MISS_COUNT* CHUNK_OVERFLOW}]
/home/work1/Works/AI-Trigger-System/HDL/constraints/ai_trigger_ooc.xdc (Line: 30)
Related violations: <none>

XDCH-2#707 Warning
Same min and max delay values on IO port  
The same output delay of 0.000 ns has been defined on port 'EVENT_DATA[588]' relative to clock CLK_ADC for both max and min. Make sure this reflects the design intent.
set_output_delay -clock [get_clocks CLK_ADC] 0.000 [get_ports -quiet {EVENT_VALID EVENT_DATA* EVENT_LAST EVENT_CHUNK_ID* EVENT_TIMESTAMP* EVENT_SCORE* RING_MISS_COUNT* CHUNK_OVERFLOW}]
/home/work1/Works/AI-Trigger-System/HDL/constraints/ai_trigger_ooc.xdc (Line: 30)
Related violations: <none>

XDCH-2#708 Warning
Same min and max delay values on IO port  
The same output delay of 0.000 ns has been defined on port 'EVENT_DATA[589]' relative to clock CLK_ADC for both max and min. Make sure this reflects the design intent.
set_output_delay -clock [get_clocks CLK_ADC] 0.000 [get_ports -quiet {EVENT_VALID EVENT_DATA* EVENT_LAST EVENT_CHUNK_ID* EVENT_TIMESTAMP* EVENT_SCORE* RING_MISS_COUNT* CHUNK_OVERFLOW}]
/home/work1/Works/AI-Trigger-System/HDL/constraints/ai_trigger_ooc.xdc (Line: 30)
Related violations: <none>

XDCH-2#709 Warning
Same min and max delay values on IO port  
The same output delay of 0.000 ns has been defined on port 'EVENT_DATA[58]' relative to clock CLK_ADC for both max and min. Make sure this reflects the design intent.
set_output_delay -clock [get_clocks CLK_ADC] 0.000 [get_ports -quiet {EVENT_VALID EVENT_DATA* EVENT_LAST EVENT_CHUNK_ID* EVENT_TIMESTAMP* EVENT_SCORE* RING_MISS_COUNT* CHUNK_OVERFLOW}]
/home/work1/Works/AI-Trigger-System/HDL/constraints/ai_trigger_ooc.xdc (Line: 30)
Related violations: <none>

XDCH-2#710 Warning
Same min and max delay values on IO port  
The same output delay of 0.000 ns has been defined on port 'EVENT_DATA[590]' relative to clock CLK_ADC for both max and min. Make sure this reflects the design intent.
set_output_delay -clock [get_clocks CLK_ADC] 0.000 [get_ports -quiet {EVENT_VALID EVENT_DATA* EVENT_LAST EVENT_CHUNK_ID* EVENT_TIMESTAMP* EVENT_SCORE* RING_MISS_COUNT* CHUNK_OVERFLOW}]
/home/work1/Works/AI-Trigger-System/HDL/constraints/ai_trigger_ooc.xdc (Line: 30)
Related violations: <none>

XDCH-2#711 Warning
Same min and max delay values on IO port  
The same output delay of 0.000 ns has been defined on port 'EVENT_DATA[591]' relative to clock CLK_ADC for both max and min. Make sure this reflects the design intent.
set_output_delay -clock [get_clocks CLK_ADC] 0.000 [get_ports -quiet {EVENT_VALID EVENT_DATA* EVENT_LAST EVENT_CHUNK_ID* EVENT_TIMESTAMP* EVENT_SCORE* RING_MISS_COUNT* CHUNK_OVERFLOW}]
/home/work1/Works/AI-Trigger-System/HDL/constraints/ai_trigger_ooc.xdc (Line: 30)
Related violations: <none>

XDCH-2#712 Warning
Same min and max delay values on IO port  
The same output delay of 0.000 ns has been defined on port 'EVENT_DATA[592]' relative to clock CLK_ADC for both max and min. Make sure this reflects the design intent.
set_output_delay -clock [get_clocks CLK_ADC] 0.000 [get_ports -quiet {EVENT_VALID EVENT_DATA* EVENT_LAST EVENT_CHUNK_ID* EVENT_TIMESTAMP* EVENT_SCORE* RING_MISS_COUNT* CHUNK_OVERFLOW}]
/home/work1/Works/AI-Trigger-System/HDL/constraints/ai_trigger_ooc.xdc (Line: 30)
Related violations: <none>

XDCH-2#713 Warning
Same min and max delay values on IO port  
The same output delay of 0.000 ns has been defined on port 'EVENT_DATA[593]' relative to clock CLK_ADC for both max and min. Make sure this reflects the design intent.
set_output_delay -clock [get_clocks CLK_ADC] 0.000 [get_ports -quiet {EVENT_VALID EVENT_DATA* EVENT_LAST EVENT_CHUNK_ID* EVENT_TIMESTAMP* EVENT_SCORE* RING_MISS_COUNT* CHUNK_OVERFLOW}]
/home/work1/Works/AI-Trigger-System/HDL/constraints/ai_trigger_ooc.xdc (Line: 30)
Related violations: <none>

XDCH-2#714 Warning
Same min and max delay values on IO port  
The same output delay of 0.000 ns has been defined on port 'EVENT_DATA[594]' relative to clock CLK_ADC for both max and min. Make sure this reflects the design intent.
set_output_delay -clock [get_clocks CLK_ADC] 0.000 [get_ports -quiet {EVENT_VALID EVENT_DATA* EVENT_LAST EVENT_CHUNK_ID* EVENT_TIMESTAMP* EVENT_SCORE* RING_MISS_COUNT* CHUNK_OVERFLOW}]
/home/work1/Works/AI-Trigger-System/HDL/constraints/ai_trigger_ooc.xdc (Line: 30)
Related violations: <none>

XDCH-2#715 Warning
Same min and max delay values on IO port  
The same output delay of 0.000 ns has been defined on port 'EVENT_DATA[595]' relative to clock CLK_ADC for both max and min. Make sure this reflects the design intent.
set_output_delay -clock [get_clocks CLK_ADC] 0.000 [get_ports -quiet {EVENT_VALID EVENT_DATA* EVENT_LAST EVENT_CHUNK_ID* EVENT_TIMESTAMP* EVENT_SCORE* RING_MISS_COUNT* CHUNK_OVERFLOW}]
/home/work1/Works/AI-Trigger-System/HDL/constraints/ai_trigger_ooc.xdc (Line: 30)
Related violations: <none>

XDCH-2#716 Warning
Same min and max delay values on IO port  
The same output delay of 0.000 ns has been defined on port 'EVENT_DATA[596]' relative to clock CLK_ADC for both max and min. Make sure this reflects the design intent.
set_output_delay -clock [get_clocks CLK_ADC] 0.000 [get_ports -quiet {EVENT_VALID EVENT_DATA* EVENT_LAST EVENT_CHUNK_ID* EVENT_TIMESTAMP* EVENT_SCORE* RING_MISS_COUNT* CHUNK_OVERFLOW}]
/home/work1/Works/AI-Trigger-System/HDL/constraints/ai_trigger_ooc.xdc (Line: 30)
Related violations: <none>

XDCH-2#717 Warning
Same min and max delay values on IO port  
The same output delay of 0.000 ns has been defined on port 'EVENT_DATA[597]' relative to clock CLK_ADC for both max and min. Make sure this reflects the design intent.
set_output_delay -clock [get_clocks CLK_ADC] 0.000 [get_ports -quiet {EVENT_VALID EVENT_DATA* EVENT_LAST EVENT_CHUNK_ID* EVENT_TIMESTAMP* EVENT_SCORE* RING_MISS_COUNT* CHUNK_OVERFLOW}]
/home/work1/Works/AI-Trigger-System/HDL/constraints/ai_trigger_ooc.xdc (Line: 30)
Related violations: <none>

XDCH-2#718 Warning
Same min and max delay values on IO port  
The same output delay of 0.000 ns has been defined on port 'EVENT_DATA[598]' relative to clock CLK_ADC for both max and min. Make sure this reflects the design intent.
set_output_delay -clock [get_clocks CLK_ADC] 0.000 [get_ports -quiet {EVENT_VALID EVENT_DATA* EVENT_LAST EVENT_CHUNK_ID* EVENT_TIMESTAMP* EVENT_SCORE* RING_MISS_COUNT* CHUNK_OVERFLOW}]
/home/work1/Works/AI-Trigger-System/HDL/constraints/ai_trigger_ooc.xdc (Line: 30)
Related violations: <none>

XDCH-2#719 Warning
Same min and max delay values on IO port  
The same output delay of 0.000 ns has been defined on port 'EVENT_DATA[599]' relative to clock CLK_ADC for both max and min. Make sure this reflects the design intent.
set_output_delay -clock [get_clocks CLK_ADC] 0.000 [get_ports -quiet {EVENT_VALID EVENT_DATA* EVENT_LAST EVENT_CHUNK_ID* EVENT_TIMESTAMP* EVENT_SCORE* RING_MISS_COUNT* CHUNK_OVERFLOW}]
/home/work1/Works/AI-Trigger-System/HDL/constraints/ai_trigger_ooc.xdc (Line: 30)
Related violations: <none>

XDCH-2#720 Warning
Same min and max delay values on IO port  
The same output delay of 0.000 ns has been defined on port 'EVENT_DATA[59]' relative to clock CLK_ADC for both max and min. Make sure this reflects the design intent.
set_output_delay -clock [get_clocks CLK_ADC] 0.000 [get_ports -quiet {EVENT_VALID EVENT_DATA* EVENT_LAST EVENT_CHUNK_ID* EVENT_TIMESTAMP* EVENT_SCORE* RING_MISS_COUNT* CHUNK_OVERFLOW}]
/home/work1/Works/AI-Trigger-System/HDL/constraints/ai_trigger_ooc.xdc (Line: 30)
Related violations: <none>

XDCH-2#721 Warning
Same min and max delay values on IO port  
The same output delay of 0.000 ns has been defined on port 'EVENT_DATA[5]' relative to clock CLK_ADC for both max and min. Make sure this reflects the design intent.
set_output_delay -clock [get_clocks CLK_ADC] 0.000 [get_ports -quiet {EVENT_VALID EVENT_DATA* EVENT_LAST EVENT_CHUNK_ID* EVENT_TIMESTAMP* EVENT_SCORE* RING_MISS_COUNT* CHUNK_OVERFLOW}]
/home/work1/Works/AI-Trigger-System/HDL/constraints/ai_trigger_ooc.xdc (Line: 30)
Related violations: <none>

XDCH-2#722 Warning
Same min and max delay values on IO port  
The same output delay of 0.000 ns has been defined on port 'EVENT_DATA[600]' relative to clock CLK_ADC for both max and min. Make sure this reflects the design intent.
set_output_delay -clock [get_clocks CLK_ADC] 0.000 [get_ports -quiet {EVENT_VALID EVENT_DATA* EVENT_LAST EVENT_CHUNK_ID* EVENT_TIMESTAMP* EVENT_SCORE* RING_MISS_COUNT* CHUNK_OVERFLOW}]
/home/work1/Works/AI-Trigger-System/HDL/constraints/ai_trigger_ooc.xdc (Line: 30)
Related violations: <none>

XDCH-2#723 Warning
Same min and max delay values on IO port  
The same output delay of 0.000 ns has been defined on port 'EVENT_DATA[601]' relative to clock CLK_ADC for both max and min. Make sure this reflects the design intent.
set_output_delay -clock [get_clocks CLK_ADC] 0.000 [get_ports -quiet {EVENT_VALID EVENT_DATA* EVENT_LAST EVENT_CHUNK_ID* EVENT_TIMESTAMP* EVENT_SCORE* RING_MISS_COUNT* CHUNK_OVERFLOW}]
/home/work1/Works/AI-Trigger-System/HDL/constraints/ai_trigger_ooc.xdc (Line: 30)
Related violations: <none>

XDCH-2#724 Warning
Same min and max delay values on IO port  
The same output delay of 0.000 ns has been defined on port 'EVENT_DATA[602]' relative to clock CLK_ADC for both max and min. Make sure this reflects the design intent.
set_output_delay -clock [get_clocks CLK_ADC] 0.000 [get_ports -quiet {EVENT_VALID EVENT_DATA* EVENT_LAST EVENT_CHUNK_ID* EVENT_TIMESTAMP* EVENT_SCORE* RING_MISS_COUNT* CHUNK_OVERFLOW}]
/home/work1/Works/AI-Trigger-System/HDL/constraints/ai_trigger_ooc.xdc (Line: 30)
Related violations: <none>

XDCH-2#725 Warning
Same min and max delay values on IO port  
The same output delay of 0.000 ns has been defined on port 'EVENT_DATA[603]' relative to clock CLK_ADC for both max and min. Make sure this reflects the design intent.
set_output_delay -clock [get_clocks CLK_ADC] 0.000 [get_ports -quiet {EVENT_VALID EVENT_DATA* EVENT_LAST EVENT_CHUNK_ID* EVENT_TIMESTAMP* EVENT_SCORE* RING_MISS_COUNT* CHUNK_OVERFLOW}]
/home/work1/Works/AI-Trigger-System/HDL/constraints/ai_trigger_ooc.xdc (Line: 30)
Related violations: <none>

XDCH-2#726 Warning
Same min and max delay values on IO port  
The same output delay of 0.000 ns has been defined on port 'EVENT_DATA[604]' relative to clock CLK_ADC for both max and min. Make sure this reflects the design intent.
set_output_delay -clock [get_clocks CLK_ADC] 0.000 [get_ports -quiet {EVENT_VALID EVENT_DATA* EVENT_LAST EVENT_CHUNK_ID* EVENT_TIMESTAMP* EVENT_SCORE* RING_MISS_COUNT* CHUNK_OVERFLOW}]
/home/work1/Works/AI-Trigger-System/HDL/constraints/ai_trigger_ooc.xdc (Line: 30)
Related violations: <none>

XDCH-2#727 Warning
Same min and max delay values on IO port  
The same output delay of 0.000 ns has been defined on port 'EVENT_DATA[605]' relative to clock CLK_ADC for both max and min. Make sure this reflects the design intent.
set_output_delay -clock [get_clocks CLK_ADC] 0.000 [get_ports -quiet {EVENT_VALID EVENT_DATA* EVENT_LAST EVENT_CHUNK_ID* EVENT_TIMESTAMP* EVENT_SCORE* RING_MISS_COUNT* CHUNK_OVERFLOW}]
/home/work1/Works/AI-Trigger-System/HDL/constraints/ai_trigger_ooc.xdc (Line: 30)
Related violations: <none>

XDCH-2#728 Warning
Same min and max delay values on IO port  
The same output delay of 0.000 ns has been defined on port 'EVENT_DATA[606]' relative to clock CLK_ADC for both max and min. Make sure this reflects the design intent.
set_output_delay -clock [get_clocks CLK_ADC] 0.000 [get_ports -quiet {EVENT_VALID EVENT_DATA* EVENT_LAST EVENT_CHUNK_ID* EVENT_TIMESTAMP* EVENT_SCORE* RING_MISS_COUNT* CHUNK_OVERFLOW}]
/home/work1/Works/AI-Trigger-System/HDL/constraints/ai_trigger_ooc.xdc (Line: 30)
Related violations: <none>

XDCH-2#729 Warning
Same min and max delay values on IO port  
The same output delay of 0.000 ns has been defined on port 'EVENT_DATA[607]' relative to clock CLK_ADC for both max and min. Make sure this reflects the design intent.
set_output_delay -clock [get_clocks CLK_ADC] 0.000 [get_ports -quiet {EVENT_VALID EVENT_DATA* EVENT_LAST EVENT_CHUNK_ID* EVENT_TIMESTAMP* EVENT_SCORE* RING_MISS_COUNT* CHUNK_OVERFLOW}]
/home/work1/Works/AI-Trigger-System/HDL/constraints/ai_trigger_ooc.xdc (Line: 30)
Related violations: <none>

XDCH-2#730 Warning
Same min and max delay values on IO port  
The same output delay of 0.000 ns has been defined on port 'EVENT_DATA[608]' relative to clock CLK_ADC for both max and min. Make sure this reflects the design intent.
set_output_delay -clock [get_clocks CLK_ADC] 0.000 [get_ports -quiet {EVENT_VALID EVENT_DATA* EVENT_LAST EVENT_CHUNK_ID* EVENT_TIMESTAMP* EVENT_SCORE* RING_MISS_COUNT* CHUNK_OVERFLOW}]
/home/work1/Works/AI-Trigger-System/HDL/constraints/ai_trigger_ooc.xdc (Line: 30)
Related violations: <none>

XDCH-2#731 Warning
Same min and max delay values on IO port  
The same output delay of 0.000 ns has been defined on port 'EVENT_DATA[609]' relative to clock CLK_ADC for both max and min. Make sure this reflects the design intent.
set_output_delay -clock [get_clocks CLK_ADC] 0.000 [get_ports -quiet {EVENT_VALID EVENT_DATA* EVENT_LAST EVENT_CHUNK_ID* EVENT_TIMESTAMP* EVENT_SCORE* RING_MISS_COUNT* CHUNK_OVERFLOW}]
/home/work1/Works/AI-Trigger-System/HDL/constraints/ai_trigger_ooc.xdc (Line: 30)
Related violations: <none>

XDCH-2#732 Warning
Same min and max delay values on IO port  
The same output delay of 0.000 ns has been defined on port 'EVENT_DATA[60]' relative to clock CLK_ADC for both max and min. Make sure this reflects the design intent.
set_output_delay -clock [get_clocks CLK_ADC] 0.000 [get_ports -quiet {EVENT_VALID EVENT_DATA* EVENT_LAST EVENT_CHUNK_ID* EVENT_TIMESTAMP* EVENT_SCORE* RING_MISS_COUNT* CHUNK_OVERFLOW}]
/home/work1/Works/AI-Trigger-System/HDL/constraints/ai_trigger_ooc.xdc (Line: 30)
Related violations: <none>

XDCH-2#733 Warning
Same min and max delay values on IO port  
The same output delay of 0.000 ns has been defined on port 'EVENT_DATA[610]' relative to clock CLK_ADC for both max and min. Make sure this reflects the design intent.
set_output_delay -clock [get_clocks CLK_ADC] 0.000 [get_ports -quiet {EVENT_VALID EVENT_DATA* EVENT_LAST EVENT_CHUNK_ID* EVENT_TIMESTAMP* EVENT_SCORE* RING_MISS_COUNT* CHUNK_OVERFLOW}]
/home/work1/Works/AI-Trigger-System/HDL/constraints/ai_trigger_ooc.xdc (Line: 30)
Related violations: <none>

XDCH-2#734 Warning
Same min and max delay values on IO port  
The same output delay of 0.000 ns has been defined on port 'EVENT_DATA[611]' relative to clock CLK_ADC for both max and min. Make sure this reflects the design intent.
set_output_delay -clock [get_clocks CLK_ADC] 0.000 [get_ports -quiet {EVENT_VALID EVENT_DATA* EVENT_LAST EVENT_CHUNK_ID* EVENT_TIMESTAMP* EVENT_SCORE* RING_MISS_COUNT* CHUNK_OVERFLOW}]
/home/work1/Works/AI-Trigger-System/HDL/constraints/ai_trigger_ooc.xdc (Line: 30)
Related violations: <none>

XDCH-2#735 Warning
Same min and max delay values on IO port  
The same output delay of 0.000 ns has been defined on port 'EVENT_DATA[612]' relative to clock CLK_ADC for both max and min. Make sure this reflects the design intent.
set_output_delay -clock [get_clocks CLK_ADC] 0.000 [get_ports -quiet {EVENT_VALID EVENT_DATA* EVENT_LAST EVENT_CHUNK_ID* EVENT_TIMESTAMP* EVENT_SCORE* RING_MISS_COUNT* CHUNK_OVERFLOW}]
/home/work1/Works/AI-Trigger-System/HDL/constraints/ai_trigger_ooc.xdc (Line: 30)
Related violations: <none>

XDCH-2#736 Warning
Same min and max delay values on IO port  
The same output delay of 0.000 ns has been defined on port 'EVENT_DATA[613]' relative to clock CLK_ADC for both max and min. Make sure this reflects the design intent.
set_output_delay -clock [get_clocks CLK_ADC] 0.000 [get_ports -quiet {EVENT_VALID EVENT_DATA* EVENT_LAST EVENT_CHUNK_ID* EVENT_TIMESTAMP* EVENT_SCORE* RING_MISS_COUNT* CHUNK_OVERFLOW}]
/home/work1/Works/AI-Trigger-System/HDL/constraints/ai_trigger_ooc.xdc (Line: 30)
Related violations: <none>

XDCH-2#737 Warning
Same min and max delay values on IO port  
The same output delay of 0.000 ns has been defined on port 'EVENT_DATA[614]' relative to clock CLK_ADC for both max and min. Make sure this reflects the design intent.
set_output_delay -clock [get_clocks CLK_ADC] 0.000 [get_ports -quiet {EVENT_VALID EVENT_DATA* EVENT_LAST EVENT_CHUNK_ID* EVENT_TIMESTAMP* EVENT_SCORE* RING_MISS_COUNT* CHUNK_OVERFLOW}]
/home/work1/Works/AI-Trigger-System/HDL/constraints/ai_trigger_ooc.xdc (Line: 30)
Related violations: <none>

XDCH-2#738 Warning
Same min and max delay values on IO port  
The same output delay of 0.000 ns has been defined on port 'EVENT_DATA[615]' relative to clock CLK_ADC for both max and min. Make sure this reflects the design intent.
set_output_delay -clock [get_clocks CLK_ADC] 0.000 [get_ports -quiet {EVENT_VALID EVENT_DATA* EVENT_LAST EVENT_CHUNK_ID* EVENT_TIMESTAMP* EVENT_SCORE* RING_MISS_COUNT* CHUNK_OVERFLOW}]
/home/work1/Works/AI-Trigger-System/HDL/constraints/ai_trigger_ooc.xdc (Line: 30)
Related violations: <none>

XDCH-2#739 Warning
Same min and max delay values on IO port  
The same output delay of 0.000 ns has been defined on port 'EVENT_DATA[616]' relative to clock CLK_ADC for both max and min. Make sure this reflects the design intent.
set_output_delay -clock [get_clocks CLK_ADC] 0.000 [get_ports -quiet {EVENT_VALID EVENT_DATA* EVENT_LAST EVENT_CHUNK_ID* EVENT_TIMESTAMP* EVENT_SCORE* RING_MISS_COUNT* CHUNK_OVERFLOW}]
/home/work1/Works/AI-Trigger-System/HDL/constraints/ai_trigger_ooc.xdc (Line: 30)
Related violations: <none>

XDCH-2#740 Warning
Same min and max delay values on IO port  
The same output delay of 0.000 ns has been defined on port 'EVENT_DATA[617]' relative to clock CLK_ADC for both max and min. Make sure this reflects the design intent.
set_output_delay -clock [get_clocks CLK_ADC] 0.000 [get_ports -quiet {EVENT_VALID EVENT_DATA* EVENT_LAST EVENT_CHUNK_ID* EVENT_TIMESTAMP* EVENT_SCORE* RING_MISS_COUNT* CHUNK_OVERFLOW}]
/home/work1/Works/AI-Trigger-System/HDL/constraints/ai_trigger_ooc.xdc (Line: 30)
Related violations: <none>

XDCH-2#741 Warning
Same min and max delay values on IO port  
The same output delay of 0.000 ns has been defined on port 'EVENT_DATA[618]' relative to clock CLK_ADC for both max and min. Make sure this reflects the design intent.
set_output_delay -clock [get_clocks CLK_ADC] 0.000 [get_ports -quiet {EVENT_VALID EVENT_DATA* EVENT_LAST EVENT_CHUNK_ID* EVENT_TIMESTAMP* EVENT_SCORE* RING_MISS_COUNT* CHUNK_OVERFLOW}]
/home/work1/Works/AI-Trigger-System/HDL/constraints/ai_trigger_ooc.xdc (Line: 30)
Related violations: <none>

XDCH-2#742 Warning
Same min and max delay values on IO port  
The same output delay of 0.000 ns has been defined on port 'EVENT_DATA[619]' relative to clock CLK_ADC for both max and min. Make sure this reflects the design intent.
set_output_delay -clock [get_clocks CLK_ADC] 0.000 [get_ports -quiet {EVENT_VALID EVENT_DATA* EVENT_LAST EVENT_CHUNK_ID* EVENT_TIMESTAMP* EVENT_SCORE* RING_MISS_COUNT* CHUNK_OVERFLOW}]
/home/work1/Works/AI-Trigger-System/HDL/constraints/ai_trigger_ooc.xdc (Line: 30)
Related violations: <none>

XDCH-2#743 Warning
Same min and max delay values on IO port  
The same output delay of 0.000 ns has been defined on port 'EVENT_DATA[61]' relative to clock CLK_ADC for both max and min. Make sure this reflects the design intent.
set_output_delay -clock [get_clocks CLK_ADC] 0.000 [get_ports -quiet {EVENT_VALID EVENT_DATA* EVENT_LAST EVENT_CHUNK_ID* EVENT_TIMESTAMP* EVENT_SCORE* RING_MISS_COUNT* CHUNK_OVERFLOW}]
/home/work1/Works/AI-Trigger-System/HDL/constraints/ai_trigger_ooc.xdc (Line: 30)
Related violations: <none>

XDCH-2#744 Warning
Same min and max delay values on IO port  
The same output delay of 0.000 ns has been defined on port 'EVENT_DATA[620]' relative to clock CLK_ADC for both max and min. Make sure this reflects the design intent.
set_output_delay -clock [get_clocks CLK_ADC] 0.000 [get_ports -quiet {EVENT_VALID EVENT_DATA* EVENT_LAST EVENT_CHUNK_ID* EVENT_TIMESTAMP* EVENT_SCORE* RING_MISS_COUNT* CHUNK_OVERFLOW}]
/home/work1/Works/AI-Trigger-System/HDL/constraints/ai_trigger_ooc.xdc (Line: 30)
Related violations: <none>

XDCH-2#745 Warning
Same min and max delay values on IO port  
The same output delay of 0.000 ns has been defined on port 'EVENT_DATA[621]' relative to clock CLK_ADC for both max and min. Make sure this reflects the design intent.
set_output_delay -clock [get_clocks CLK_ADC] 0.000 [get_ports -quiet {EVENT_VALID EVENT_DATA* EVENT_LAST EVENT_CHUNK_ID* EVENT_TIMESTAMP* EVENT_SCORE* RING_MISS_COUNT* CHUNK_OVERFLOW}]
/home/work1/Works/AI-Trigger-System/HDL/constraints/ai_trigger_ooc.xdc (Line: 30)
Related violations: <none>

XDCH-2#746 Warning
Same min and max delay values on IO port  
The same output delay of 0.000 ns has been defined on port 'EVENT_DATA[622]' relative to clock CLK_ADC for both max and min. Make sure this reflects the design intent.
set_output_delay -clock [get_clocks CLK_ADC] 0.000 [get_ports -quiet {EVENT_VALID EVENT_DATA* EVENT_LAST EVENT_CHUNK_ID* EVENT_TIMESTAMP* EVENT_SCORE* RING_MISS_COUNT* CHUNK_OVERFLOW}]
/home/work1/Works/AI-Trigger-System/HDL/constraints/ai_trigger_ooc.xdc (Line: 30)
Related violations: <none>

XDCH-2#747 Warning
Same min and max delay values on IO port  
The same output delay of 0.000 ns has been defined on port 'EVENT_DATA[623]' relative to clock CLK_ADC for both max and min. Make sure this reflects the design intent.
set_output_delay -clock [get_clocks CLK_ADC] 0.000 [get_ports -quiet {EVENT_VALID EVENT_DATA* EVENT_LAST EVENT_CHUNK_ID* EVENT_TIMESTAMP* EVENT_SCORE* RING_MISS_COUNT* CHUNK_OVERFLOW}]
/home/work1/Works/AI-Trigger-System/HDL/constraints/ai_trigger_ooc.xdc (Line: 30)
Related violations: <none>

XDCH-2#748 Warning
Same min and max delay values on IO port  
The same output delay of 0.000 ns has been defined on port 'EVENT_DATA[624]' relative to clock CLK_ADC for both max and min. Make sure this reflects the design intent.
set_output_delay -clock [get_clocks CLK_ADC] 0.000 [get_ports -quiet {EVENT_VALID EVENT_DATA* EVENT_LAST EVENT_CHUNK_ID* EVENT_TIMESTAMP* EVENT_SCORE* RING_MISS_COUNT* CHUNK_OVERFLOW}]
/home/work1/Works/AI-Trigger-System/HDL/constraints/ai_trigger_ooc.xdc (Line: 30)
Related violations: <none>

XDCH-2#749 Warning
Same min and max delay values on IO port  
The same output delay of 0.000 ns has been defined on port 'EVENT_DATA[625]' relative to clock CLK_ADC for both max and min. Make sure this reflects the design intent.
set_output_delay -clock [get_clocks CLK_ADC] 0.000 [get_ports -quiet {EVENT_VALID EVENT_DATA* EVENT_LAST EVENT_CHUNK_ID* EVENT_TIMESTAMP* EVENT_SCORE* RING_MISS_COUNT* CHUNK_OVERFLOW}]
/home/work1/Works/AI-Trigger-System/HDL/constraints/ai_trigger_ooc.xdc (Line: 30)
Related violations: <none>

XDCH-2#750 Warning
Same min and max delay values on IO port  
The same output delay of 0.000 ns has been defined on port 'EVENT_DATA[626]' relative to clock CLK_ADC for both max and min. Make sure this reflects the design intent.
set_output_delay -clock [get_clocks CLK_ADC] 0.000 [get_ports -quiet {EVENT_VALID EVENT_DATA* EVENT_LAST EVENT_CHUNK_ID* EVENT_TIMESTAMP* EVENT_SCORE* RING_MISS_COUNT* CHUNK_OVERFLOW}]
/home/work1/Works/AI-Trigger-System/HDL/constraints/ai_trigger_ooc.xdc (Line: 30)
Related violations: <none>

XDCH-2#751 Warning
Same min and max delay values on IO port  
The same output delay of 0.000 ns has been defined on port 'EVENT_DATA[627]' relative to clock CLK_ADC for both max and min. Make sure this reflects the design intent.
set_output_delay -clock [get_clocks CLK_ADC] 0.000 [get_ports -quiet {EVENT_VALID EVENT_DATA* EVENT_LAST EVENT_CHUNK_ID* EVENT_TIMESTAMP* EVENT_SCORE* RING_MISS_COUNT* CHUNK_OVERFLOW}]
/home/work1/Works/AI-Trigger-System/HDL/constraints/ai_trigger_ooc.xdc (Line: 30)
Related violations: <none>

XDCH-2#752 Warning
Same min and max delay values on IO port  
The same output delay of 0.000 ns has been defined on port 'EVENT_DATA[628]' relative to clock CLK_ADC for both max and min. Make sure this reflects the design intent.
set_output_delay -clock [get_clocks CLK_ADC] 0.000 [get_ports -quiet {EVENT_VALID EVENT_DATA* EVENT_LAST EVENT_CHUNK_ID* EVENT_TIMESTAMP* EVENT_SCORE* RING_MISS_COUNT* CHUNK_OVERFLOW}]
/home/work1/Works/AI-Trigger-System/HDL/constraints/ai_trigger_ooc.xdc (Line: 30)
Related violations: <none>

XDCH-2#753 Warning
Same min and max delay values on IO port  
The same output delay of 0.000 ns has been defined on port 'EVENT_DATA[629]' relative to clock CLK_ADC for both max and min. Make sure this reflects the design intent.
set_output_delay -clock [get_clocks CLK_ADC] 0.000 [get_ports -quiet {EVENT_VALID EVENT_DATA* EVENT_LAST EVENT_CHUNK_ID* EVENT_TIMESTAMP* EVENT_SCORE* RING_MISS_COUNT* CHUNK_OVERFLOW}]
/home/work1/Works/AI-Trigger-System/HDL/constraints/ai_trigger_ooc.xdc (Line: 30)
Related violations: <none>

XDCH-2#754 Warning
Same min and max delay values on IO port  
The same output delay of 0.000 ns has been defined on port 'EVENT_DATA[62]' relative to clock CLK_ADC for both max and min. Make sure this reflects the design intent.
set_output_delay -clock [get_clocks CLK_ADC] 0.000 [get_ports -quiet {EVENT_VALID EVENT_DATA* EVENT_LAST EVENT_CHUNK_ID* EVENT_TIMESTAMP* EVENT_SCORE* RING_MISS_COUNT* CHUNK_OVERFLOW}]
/home/work1/Works/AI-Trigger-System/HDL/constraints/ai_trigger_ooc.xdc (Line: 30)
Related violations: <none>

XDCH-2#755 Warning
Same min and max delay values on IO port  
The same output delay of 0.000 ns has been defined on port 'EVENT_DATA[630]' relative to clock CLK_ADC for both max and min. Make sure this reflects the design intent.
set_output_delay -clock [get_clocks CLK_ADC] 0.000 [get_ports -quiet {EVENT_VALID EVENT_DATA* EVENT_LAST EVENT_CHUNK_ID* EVENT_TIMESTAMP* EVENT_SCORE* RING_MISS_COUNT* CHUNK_OVERFLOW}]
/home/work1/Works/AI-Trigger-System/HDL/constraints/ai_trigger_ooc.xdc (Line: 30)
Related violations: <none>

XDCH-2#756 Warning
Same min and max delay values on IO port  
The same output delay of 0.000 ns has been defined on port 'EVENT_DATA[631]' relative to clock CLK_ADC for both max and min. Make sure this reflects the design intent.
set_output_delay -clock [get_clocks CLK_ADC] 0.000 [get_ports -quiet {EVENT_VALID EVENT_DATA* EVENT_LAST EVENT_CHUNK_ID* EVENT_TIMESTAMP* EVENT_SCORE* RING_MISS_COUNT* CHUNK_OVERFLOW}]
/home/work1/Works/AI-Trigger-System/HDL/constraints/ai_trigger_ooc.xdc (Line: 30)
Related violations: <none>

XDCH-2#757 Warning
Same min and max delay values on IO port  
The same output delay of 0.000 ns has been defined on port 'EVENT_DATA[632]' relative to clock CLK_ADC for both max and min. Make sure this reflects the design intent.
set_output_delay -clock [get_clocks CLK_ADC] 0.000 [get_ports -quiet {EVENT_VALID EVENT_DATA* EVENT_LAST EVENT_CHUNK_ID* EVENT_TIMESTAMP* EVENT_SCORE* RING_MISS_COUNT* CHUNK_OVERFLOW}]
/home/work1/Works/AI-Trigger-System/HDL/constraints/ai_trigger_ooc.xdc (Line: 30)
Related violations: <none>

XDCH-2#758 Warning
Same min and max delay values on IO port  
The same output delay of 0.000 ns has been defined on port 'EVENT_DATA[633]' relative to clock CLK_ADC for both max and min. Make sure this reflects the design intent.
set_output_delay -clock [get_clocks CLK_ADC] 0.000 [get_ports -quiet {EVENT_VALID EVENT_DATA* EVENT_LAST EVENT_CHUNK_ID* EVENT_TIMESTAMP* EVENT_SCORE* RING_MISS_COUNT* CHUNK_OVERFLOW}]
/home/work1/Works/AI-Trigger-System/HDL/constraints/ai_trigger_ooc.xdc (Line: 30)
Related violations: <none>

XDCH-2#759 Warning
Same min and max delay values on IO port  
The same output delay of 0.000 ns has been defined on port 'EVENT_DATA[634]' relative to clock CLK_ADC for both max and min. Make sure this reflects the design intent.
set_output_delay -clock [get_clocks CLK_ADC] 0.000 [get_ports -quiet {EVENT_VALID EVENT_DATA* EVENT_LAST EVENT_CHUNK_ID* EVENT_TIMESTAMP* EVENT_SCORE* RING_MISS_COUNT* CHUNK_OVERFLOW}]
/home/work1/Works/AI-Trigger-System/HDL/constraints/ai_trigger_ooc.xdc (Line: 30)
Related violations: <none>

XDCH-2#760 Warning
Same min and max delay values on IO port  
The same output delay of 0.000 ns has been defined on port 'EVENT_DATA[635]' relative to clock CLK_ADC for both max and min. Make sure this reflects the design intent.
set_output_delay -clock [get_clocks CLK_ADC] 0.000 [get_ports -quiet {EVENT_VALID EVENT_DATA* EVENT_LAST EVENT_CHUNK_ID* EVENT_TIMESTAMP* EVENT_SCORE* RING_MISS_COUNT* CHUNK_OVERFLOW}]
/home/work1/Works/AI-Trigger-System/HDL/constraints/ai_trigger_ooc.xdc (Line: 30)
Related violations: <none>

XDCH-2#761 Warning
Same min and max delay values on IO port  
The same output delay of 0.000 ns has been defined on port 'EVENT_DATA[636]' relative to clock CLK_ADC for both max and min. Make sure this reflects the design intent.
set_output_delay -clock [get_clocks CLK_ADC] 0.000 [get_ports -quiet {EVENT_VALID EVENT_DATA* EVENT_LAST EVENT_CHUNK_ID* EVENT_TIMESTAMP* EVENT_SCORE* RING_MISS_COUNT* CHUNK_OVERFLOW}]
/home/work1/Works/AI-Trigger-System/HDL/constraints/ai_trigger_ooc.xdc (Line: 30)
Related violations: <none>

XDCH-2#762 Warning
Same min and max delay values on IO port  
The same output delay of 0.000 ns has been defined on port 'EVENT_DATA[637]' relative to clock CLK_ADC for both max and min. Make sure this reflects the design intent.
set_output_delay -clock [get_clocks CLK_ADC] 0.000 [get_ports -quiet {EVENT_VALID EVENT_DATA* EVENT_LAST EVENT_CHUNK_ID* EVENT_TIMESTAMP* EVENT_SCORE* RING_MISS_COUNT* CHUNK_OVERFLOW}]
/home/work1/Works/AI-Trigger-System/HDL/constraints/ai_trigger_ooc.xdc (Line: 30)
Related violations: <none>

XDCH-2#763 Warning
Same min and max delay values on IO port  
The same output delay of 0.000 ns has been defined on port 'EVENT_DATA[638]' relative to clock CLK_ADC for both max and min. Make sure this reflects the design intent.
set_output_delay -clock [get_clocks CLK_ADC] 0.000 [get_ports -quiet {EVENT_VALID EVENT_DATA* EVENT_LAST EVENT_CHUNK_ID* EVENT_TIMESTAMP* EVENT_SCORE* RING_MISS_COUNT* CHUNK_OVERFLOW}]
/home/work1/Works/AI-Trigger-System/HDL/constraints/ai_trigger_ooc.xdc (Line: 30)
Related violations: <none>

XDCH-2#764 Warning
Same min and max delay values on IO port  
The same output delay of 0.000 ns has been defined on port 'EVENT_DATA[639]' relative to clock CLK_ADC for both max and min. Make sure this reflects the design intent.
set_output_delay -clock [get_clocks CLK_ADC] 0.000 [get_ports -quiet {EVENT_VALID EVENT_DATA* EVENT_LAST EVENT_CHUNK_ID* EVENT_TIMESTAMP* EVENT_SCORE* RING_MISS_COUNT* CHUNK_OVERFLOW}]
/home/work1/Works/AI-Trigger-System/HDL/constraints/ai_trigger_ooc.xdc (Line: 30)
Related violations: <none>

XDCH-2#765 Warning
Same min and max delay values on IO port  
The same output delay of 0.000 ns has been defined on port 'EVENT_DATA[63]' relative to clock CLK_ADC for both max and min. Make sure this reflects the design intent.
set_output_delay -clock [get_clocks CLK_ADC] 0.000 [get_ports -quiet {EVENT_VALID EVENT_DATA* EVENT_LAST EVENT_CHUNK_ID* EVENT_TIMESTAMP* EVENT_SCORE* RING_MISS_COUNT* CHUNK_OVERFLOW}]
/home/work1/Works/AI-Trigger-System/HDL/constraints/ai_trigger_ooc.xdc (Line: 30)
Related violations: <none>

XDCH-2#766 Warning
Same min and max delay values on IO port  
The same output delay of 0.000 ns has been defined on port 'EVENT_DATA[640]' relative to clock CLK_ADC for both max and min. Make sure this reflects the design intent.
set_output_delay -clock [get_clocks CLK_ADC] 0.000 [get_ports -quiet {EVENT_VALID EVENT_DATA* EVENT_LAST EVENT_CHUNK_ID* EVENT_TIMESTAMP* EVENT_SCORE* RING_MISS_COUNT* CHUNK_OVERFLOW}]
/home/work1/Works/AI-Trigger-System/HDL/constraints/ai_trigger_ooc.xdc (Line: 30)
Related violations: <none>

XDCH-2#767 Warning
Same min and max delay values on IO port  
The same output delay of 0.000 ns has been defined on port 'EVENT_DATA[641]' relative to clock CLK_ADC for both max and min. Make sure this reflects the design intent.
set_output_delay -clock [get_clocks CLK_ADC] 0.000 [get_ports -quiet {EVENT_VALID EVENT_DATA* EVENT_LAST EVENT_CHUNK_ID* EVENT_TIMESTAMP* EVENT_SCORE* RING_MISS_COUNT* CHUNK_OVERFLOW}]
/home/work1/Works/AI-Trigger-System/HDL/constraints/ai_trigger_ooc.xdc (Line: 30)
Related violations: <none>

XDCH-2#768 Warning
Same min and max delay values on IO port  
The same output delay of 0.000 ns has been defined on port 'EVENT_DATA[642]' relative to clock CLK_ADC for both max and min. Make sure this reflects the design intent.
set_output_delay -clock [get_clocks CLK_ADC] 0.000 [get_ports -quiet {EVENT_VALID EVENT_DATA* EVENT_LAST EVENT_CHUNK_ID* EVENT_TIMESTAMP* EVENT_SCORE* RING_MISS_COUNT* CHUNK_OVERFLOW}]
/home/work1/Works/AI-Trigger-System/HDL/constraints/ai_trigger_ooc.xdc (Line: 30)
Related violations: <none>

XDCH-2#769 Warning
Same min and max delay values on IO port  
The same output delay of 0.000 ns has been defined on port 'EVENT_DATA[643]' relative to clock CLK_ADC for both max and min. Make sure this reflects the design intent.
set_output_delay -clock [get_clocks CLK_ADC] 0.000 [get_ports -quiet {EVENT_VALID EVENT_DATA* EVENT_LAST EVENT_CHUNK_ID* EVENT_TIMESTAMP* EVENT_SCORE* RING_MISS_COUNT* CHUNK_OVERFLOW}]
/home/work1/Works/AI-Trigger-System/HDL/constraints/ai_trigger_ooc.xdc (Line: 30)
Related violations: <none>

XDCH-2#770 Warning
Same min and max delay values on IO port  
The same output delay of 0.000 ns has been defined on port 'EVENT_DATA[644]' relative to clock CLK_ADC for both max and min. Make sure this reflects the design intent.
set_output_delay -clock [get_clocks CLK_ADC] 0.000 [get_ports -quiet {EVENT_VALID EVENT_DATA* EVENT_LAST EVENT_CHUNK_ID* EVENT_TIMESTAMP* EVENT_SCORE* RING_MISS_COUNT* CHUNK_OVERFLOW}]
/home/work1/Works/AI-Trigger-System/HDL/constraints/ai_trigger_ooc.xdc (Line: 30)
Related violations: <none>

XDCH-2#771 Warning
Same min and max delay values on IO port  
The same output delay of 0.000 ns has been defined on port 'EVENT_DATA[645]' relative to clock CLK_ADC for both max and min. Make sure this reflects the design intent.
set_output_delay -clock [get_clocks CLK_ADC] 0.000 [get_ports -quiet {EVENT_VALID EVENT_DATA* EVENT_LAST EVENT_CHUNK_ID* EVENT_TIMESTAMP* EVENT_SCORE* RING_MISS_COUNT* CHUNK_OVERFLOW}]
/home/work1/Works/AI-Trigger-System/HDL/constraints/ai_trigger_ooc.xdc (Line: 30)
Related violations: <none>

XDCH-2#772 Warning
Same min and max delay values on IO port  
The same output delay of 0.000 ns has been defined on port 'EVENT_DATA[646]' relative to clock CLK_ADC for both max and min. Make sure this reflects the design intent.
set_output_delay -clock [get_clocks CLK_ADC] 0.000 [get_ports -quiet {EVENT_VALID EVENT_DATA* EVENT_LAST EVENT_CHUNK_ID* EVENT_TIMESTAMP* EVENT_SCORE* RING_MISS_COUNT* CHUNK_OVERFLOW}]
/home/work1/Works/AI-Trigger-System/HDL/constraints/ai_trigger_ooc.xdc (Line: 30)
Related violations: <none>

XDCH-2#773 Warning
Same min and max delay values on IO port  
The same output delay of 0.000 ns has been defined on port 'EVENT_DATA[647]' relative to clock CLK_ADC for both max and min. Make sure this reflects the design intent.
set_output_delay -clock [get_clocks CLK_ADC] 0.000 [get_ports -quiet {EVENT_VALID EVENT_DATA* EVENT_LAST EVENT_CHUNK_ID* EVENT_TIMESTAMP* EVENT_SCORE* RING_MISS_COUNT* CHUNK_OVERFLOW}]
/home/work1/Works/AI-Trigger-System/HDL/constraints/ai_trigger_ooc.xdc (Line: 30)
Related violations: <none>

XDCH-2#774 Warning
Same min and max delay values on IO port  
The same output delay of 0.000 ns has been defined on port 'EVENT_DATA[648]' relative to clock CLK_ADC for both max and min. Make sure this reflects the design intent.
set_output_delay -clock [get_clocks CLK_ADC] 0.000 [get_ports -quiet {EVENT_VALID EVENT_DATA* EVENT_LAST EVENT_CHUNK_ID* EVENT_TIMESTAMP* EVENT_SCORE* RING_MISS_COUNT* CHUNK_OVERFLOW}]
/home/work1/Works/AI-Trigger-System/HDL/constraints/ai_trigger_ooc.xdc (Line: 30)
Related violations: <none>

XDCH-2#775 Warning
Same min and max delay values on IO port  
The same output delay of 0.000 ns has been defined on port 'EVENT_DATA[649]' relative to clock CLK_ADC for both max and min. Make sure this reflects the design intent.
set_output_delay -clock [get_clocks CLK_ADC] 0.000 [get_ports -quiet {EVENT_VALID EVENT_DATA* EVENT_LAST EVENT_CHUNK_ID* EVENT_TIMESTAMP* EVENT_SCORE* RING_MISS_COUNT* CHUNK_OVERFLOW}]
/home/work1/Works/AI-Trigger-System/HDL/constraints/ai_trigger_ooc.xdc (Line: 30)
Related violations: <none>

XDCH-2#776 Warning
Same min and max delay values on IO port  
The same output delay of 0.000 ns has been defined on port 'EVENT_DATA[64]' relative to clock CLK_ADC for both max and min. Make sure this reflects the design intent.
set_output_delay -clock [get_clocks CLK_ADC] 0.000 [get_ports -quiet {EVENT_VALID EVENT_DATA* EVENT_LAST EVENT_CHUNK_ID* EVENT_TIMESTAMP* EVENT_SCORE* RING_MISS_COUNT* CHUNK_OVERFLOW}]
/home/work1/Works/AI-Trigger-System/HDL/constraints/ai_trigger_ooc.xdc (Line: 30)
Related violations: <none>

XDCH-2#777 Warning
Same min and max delay values on IO port  
The same output delay of 0.000 ns has been defined on port 'EVENT_DATA[650]' relative to clock CLK_ADC for both max and min. Make sure this reflects the design intent.
set_output_delay -clock [get_clocks CLK_ADC] 0.000 [get_ports -quiet {EVENT_VALID EVENT_DATA* EVENT_LAST EVENT_CHUNK_ID* EVENT_TIMESTAMP* EVENT_SCORE* RING_MISS_COUNT* CHUNK_OVERFLOW}]
/home/work1/Works/AI-Trigger-System/HDL/constraints/ai_trigger_ooc.xdc (Line: 30)
Related violations: <none>

XDCH-2#778 Warning
Same min and max delay values on IO port  
The same output delay of 0.000 ns has been defined on port 'EVENT_DATA[651]' relative to clock CLK_ADC for both max and min. Make sure this reflects the design intent.
set_output_delay -clock [get_clocks CLK_ADC] 0.000 [get_ports -quiet {EVENT_VALID EVENT_DATA* EVENT_LAST EVENT_CHUNK_ID* EVENT_TIMESTAMP* EVENT_SCORE* RING_MISS_COUNT* CHUNK_OVERFLOW}]
/home/work1/Works/AI-Trigger-System/HDL/constraints/ai_trigger_ooc.xdc (Line: 30)
Related violations: <none>

XDCH-2#779 Warning
Same min and max delay values on IO port  
The same output delay of 0.000 ns has been defined on port 'EVENT_DATA[652]' relative to clock CLK_ADC for both max and min. Make sure this reflects the design intent.
set_output_delay -clock [get_clocks CLK_ADC] 0.000 [get_ports -quiet {EVENT_VALID EVENT_DATA* EVENT_LAST EVENT_CHUNK_ID* EVENT_TIMESTAMP* EVENT_SCORE* RING_MISS_COUNT* CHUNK_OVERFLOW}]
/home/work1/Works/AI-Trigger-System/HDL/constraints/ai_trigger_ooc.xdc (Line: 30)
Related violations: <none>

XDCH-2#780 Warning
Same min and max delay values on IO port  
The same output delay of 0.000 ns has been defined on port 'EVENT_DATA[653]' relative to clock CLK_ADC for both max and min. Make sure this reflects the design intent.
set_output_delay -clock [get_clocks CLK_ADC] 0.000 [get_ports -quiet {EVENT_VALID EVENT_DATA* EVENT_LAST EVENT_CHUNK_ID* EVENT_TIMESTAMP* EVENT_SCORE* RING_MISS_COUNT* CHUNK_OVERFLOW}]
/home/work1/Works/AI-Trigger-System/HDL/constraints/ai_trigger_ooc.xdc (Line: 30)
Related violations: <none>

XDCH-2#781 Warning
Same min and max delay values on IO port  
The same output delay of 0.000 ns has been defined on port 'EVENT_DATA[654]' relative to clock CLK_ADC for both max and min. Make sure this reflects the design intent.
set_output_delay -clock [get_clocks CLK_ADC] 0.000 [get_ports -quiet {EVENT_VALID EVENT_DATA* EVENT_LAST EVENT_CHUNK_ID* EVENT_TIMESTAMP* EVENT_SCORE* RING_MISS_COUNT* CHUNK_OVERFLOW}]
/home/work1/Works/AI-Trigger-System/HDL/constraints/ai_trigger_ooc.xdc (Line: 30)
Related violations: <none>

XDCH-2#782 Warning
Same min and max delay values on IO port  
The same output delay of 0.000 ns has been defined on port 'EVENT_DATA[655]' relative to clock CLK_ADC for both max and min. Make sure this reflects the design intent.
set_output_delay -clock [get_clocks CLK_ADC] 0.000 [get_ports -quiet {EVENT_VALID EVENT_DATA* EVENT_LAST EVENT_CHUNK_ID* EVENT_TIMESTAMP* EVENT_SCORE* RING_MISS_COUNT* CHUNK_OVERFLOW}]
/home/work1/Works/AI-Trigger-System/HDL/constraints/ai_trigger_ooc.xdc (Line: 30)
Related violations: <none>

XDCH-2#783 Warning
Same min and max delay values on IO port  
The same output delay of 0.000 ns has been defined on port 'EVENT_DATA[656]' relative to clock CLK_ADC for both max and min. Make sure this reflects the design intent.
set_output_delay -clock [get_clocks CLK_ADC] 0.000 [get_ports -quiet {EVENT_VALID EVENT_DATA* EVENT_LAST EVENT_CHUNK_ID* EVENT_TIMESTAMP* EVENT_SCORE* RING_MISS_COUNT* CHUNK_OVERFLOW}]
/home/work1/Works/AI-Trigger-System/HDL/constraints/ai_trigger_ooc.xdc (Line: 30)
Related violations: <none>

XDCH-2#784 Warning
Same min and max delay values on IO port  
The same output delay of 0.000 ns has been defined on port 'EVENT_DATA[657]' relative to clock CLK_ADC for both max and min. Make sure this reflects the design intent.
set_output_delay -clock [get_clocks CLK_ADC] 0.000 [get_ports -quiet {EVENT_VALID EVENT_DATA* EVENT_LAST EVENT_CHUNK_ID* EVENT_TIMESTAMP* EVENT_SCORE* RING_MISS_COUNT* CHUNK_OVERFLOW}]
/home/work1/Works/AI-Trigger-System/HDL/constraints/ai_trigger_ooc.xdc (Line: 30)
Related violations: <none>

XDCH-2#785 Warning
Same min and max delay values on IO port  
The same output delay of 0.000 ns has been defined on port 'EVENT_DATA[658]' relative to clock CLK_ADC for both max and min. Make sure this reflects the design intent.
set_output_delay -clock [get_clocks CLK_ADC] 0.000 [get_ports -quiet {EVENT_VALID EVENT_DATA* EVENT_LAST EVENT_CHUNK_ID* EVENT_TIMESTAMP* EVENT_SCORE* RING_MISS_COUNT* CHUNK_OVERFLOW}]
/home/work1/Works/AI-Trigger-System/HDL/constraints/ai_trigger_ooc.xdc (Line: 30)
Related violations: <none>

XDCH-2#786 Warning
Same min and max delay values on IO port  
The same output delay of 0.000 ns has been defined on port 'EVENT_DATA[659]' relative to clock CLK_ADC for both max and min. Make sure this reflects the design intent.
set_output_delay -clock [get_clocks CLK_ADC] 0.000 [get_ports -quiet {EVENT_VALID EVENT_DATA* EVENT_LAST EVENT_CHUNK_ID* EVENT_TIMESTAMP* EVENT_SCORE* RING_MISS_COUNT* CHUNK_OVERFLOW}]
/home/work1/Works/AI-Trigger-System/HDL/constraints/ai_trigger_ooc.xdc (Line: 30)
Related violations: <none>

XDCH-2#787 Warning
Same min and max delay values on IO port  
The same output delay of 0.000 ns has been defined on port 'EVENT_DATA[65]' relative to clock CLK_ADC for both max and min. Make sure this reflects the design intent.
set_output_delay -clock [get_clocks CLK_ADC] 0.000 [get_ports -quiet {EVENT_VALID EVENT_DATA* EVENT_LAST EVENT_CHUNK_ID* EVENT_TIMESTAMP* EVENT_SCORE* RING_MISS_COUNT* CHUNK_OVERFLOW}]
/home/work1/Works/AI-Trigger-System/HDL/constraints/ai_trigger_ooc.xdc (Line: 30)
Related violations: <none>

XDCH-2#788 Warning
Same min and max delay values on IO port  
The same output delay of 0.000 ns has been defined on port 'EVENT_DATA[660]' relative to clock CLK_ADC for both max and min. Make sure this reflects the design intent.
set_output_delay -clock [get_clocks CLK_ADC] 0.000 [get_ports -quiet {EVENT_VALID EVENT_DATA* EVENT_LAST EVENT_CHUNK_ID* EVENT_TIMESTAMP* EVENT_SCORE* RING_MISS_COUNT* CHUNK_OVERFLOW}]
/home/work1/Works/AI-Trigger-System/HDL/constraints/ai_trigger_ooc.xdc (Line: 30)
Related violations: <none>

XDCH-2#789 Warning
Same min and max delay values on IO port  
The same output delay of 0.000 ns has been defined on port 'EVENT_DATA[661]' relative to clock CLK_ADC for both max and min. Make sure this reflects the design intent.
set_output_delay -clock [get_clocks CLK_ADC] 0.000 [get_ports -quiet {EVENT_VALID EVENT_DATA* EVENT_LAST EVENT_CHUNK_ID* EVENT_TIMESTAMP* EVENT_SCORE* RING_MISS_COUNT* CHUNK_OVERFLOW}]
/home/work1/Works/AI-Trigger-System/HDL/constraints/ai_trigger_ooc.xdc (Line: 30)
Related violations: <none>

XDCH-2#790 Warning
Same min and max delay values on IO port  
The same output delay of 0.000 ns has been defined on port 'EVENT_DATA[662]' relative to clock CLK_ADC for both max and min. Make sure this reflects the design intent.
set_output_delay -clock [get_clocks CLK_ADC] 0.000 [get_ports -quiet {EVENT_VALID EVENT_DATA* EVENT_LAST EVENT_CHUNK_ID* EVENT_TIMESTAMP* EVENT_SCORE* RING_MISS_COUNT* CHUNK_OVERFLOW}]
/home/work1/Works/AI-Trigger-System/HDL/constraints/ai_trigger_ooc.xdc (Line: 30)
Related violations: <none>

XDCH-2#791 Warning
Same min and max delay values on IO port  
The same output delay of 0.000 ns has been defined on port 'EVENT_DATA[663]' relative to clock CLK_ADC for both max and min. Make sure this reflects the design intent.
set_output_delay -clock [get_clocks CLK_ADC] 0.000 [get_ports -quiet {EVENT_VALID EVENT_DATA* EVENT_LAST EVENT_CHUNK_ID* EVENT_TIMESTAMP* EVENT_SCORE* RING_MISS_COUNT* CHUNK_OVERFLOW}]
/home/work1/Works/AI-Trigger-System/HDL/constraints/ai_trigger_ooc.xdc (Line: 30)
Related violations: <none>

XDCH-2#792 Warning
Same min and max delay values on IO port  
The same output delay of 0.000 ns has been defined on port 'EVENT_DATA[664]' relative to clock CLK_ADC for both max and min. Make sure this reflects the design intent.
set_output_delay -clock [get_clocks CLK_ADC] 0.000 [get_ports -quiet {EVENT_VALID EVENT_DATA* EVENT_LAST EVENT_CHUNK_ID* EVENT_TIMESTAMP* EVENT_SCORE* RING_MISS_COUNT* CHUNK_OVERFLOW}]
/home/work1/Works/AI-Trigger-System/HDL/constraints/ai_trigger_ooc.xdc (Line: 30)
Related violations: <none>

XDCH-2#793 Warning
Same min and max delay values on IO port  
The same output delay of 0.000 ns has been defined on port 'EVENT_DATA[665]' relative to clock CLK_ADC for both max and min. Make sure this reflects the design intent.
set_output_delay -clock [get_clocks CLK_ADC] 0.000 [get_ports -quiet {EVENT_VALID EVENT_DATA* EVENT_LAST EVENT_CHUNK_ID* EVENT_TIMESTAMP* EVENT_SCORE* RING_MISS_COUNT* CHUNK_OVERFLOW}]
/home/work1/Works/AI-Trigger-System/HDL/constraints/ai_trigger_ooc.xdc (Line: 30)
Related violations: <none>

XDCH-2#794 Warning
Same min and max delay values on IO port  
The same output delay of 0.000 ns has been defined on port 'EVENT_DATA[666]' relative to clock CLK_ADC for both max and min. Make sure this reflects the design intent.
set_output_delay -clock [get_clocks CLK_ADC] 0.000 [get_ports -quiet {EVENT_VALID EVENT_DATA* EVENT_LAST EVENT_CHUNK_ID* EVENT_TIMESTAMP* EVENT_SCORE* RING_MISS_COUNT* CHUNK_OVERFLOW}]
/home/work1/Works/AI-Trigger-System/HDL/constraints/ai_trigger_ooc.xdc (Line: 30)
Related violations: <none>

XDCH-2#795 Warning
Same min and max delay values on IO port  
The same output delay of 0.000 ns has been defined on port 'EVENT_DATA[667]' relative to clock CLK_ADC for both max and min. Make sure this reflects the design intent.
set_output_delay -clock [get_clocks CLK_ADC] 0.000 [get_ports -quiet {EVENT_VALID EVENT_DATA* EVENT_LAST EVENT_CHUNK_ID* EVENT_TIMESTAMP* EVENT_SCORE* RING_MISS_COUNT* CHUNK_OVERFLOW}]
/home/work1/Works/AI-Trigger-System/HDL/constraints/ai_trigger_ooc.xdc (Line: 30)
Related violations: <none>

XDCH-2#796 Warning
Same min and max delay values on IO port  
The same output delay of 0.000 ns has been defined on port 'EVENT_DATA[668]' relative to clock CLK_ADC for both max and min. Make sure this reflects the design intent.
set_output_delay -clock [get_clocks CLK_ADC] 0.000 [get_ports -quiet {EVENT_VALID EVENT_DATA* EVENT_LAST EVENT_CHUNK_ID* EVENT_TIMESTAMP* EVENT_SCORE* RING_MISS_COUNT* CHUNK_OVERFLOW}]
/home/work1/Works/AI-Trigger-System/HDL/constraints/ai_trigger_ooc.xdc (Line: 30)
Related violations: <none>

XDCH-2#797 Warning
Same min and max delay values on IO port  
The same output delay of 0.000 ns has been defined on port 'EVENT_DATA[669]' relative to clock CLK_ADC for both max and min. Make sure this reflects the design intent.
set_output_delay -clock [get_clocks CLK_ADC] 0.000 [get_ports -quiet {EVENT_VALID EVENT_DATA* EVENT_LAST EVENT_CHUNK_ID* EVENT_TIMESTAMP* EVENT_SCORE* RING_MISS_COUNT* CHUNK_OVERFLOW}]
/home/work1/Works/AI-Trigger-System/HDL/constraints/ai_trigger_ooc.xdc (Line: 30)
Related violations: <none>

XDCH-2#798 Warning
Same min and max delay values on IO port  
The same output delay of 0.000 ns has been defined on port 'EVENT_DATA[66]' relative to clock CLK_ADC for both max and min. Make sure this reflects the design intent.
set_output_delay -clock [get_clocks CLK_ADC] 0.000 [get_ports -quiet {EVENT_VALID EVENT_DATA* EVENT_LAST EVENT_CHUNK_ID* EVENT_TIMESTAMP* EVENT_SCORE* RING_MISS_COUNT* CHUNK_OVERFLOW}]
/home/work1/Works/AI-Trigger-System/HDL/constraints/ai_trigger_ooc.xdc (Line: 30)
Related violations: <none>

XDCH-2#799 Warning
Same min and max delay values on IO port  
The same output delay of 0.000 ns has been defined on port 'EVENT_DATA[670]' relative to clock CLK_ADC for both max and min. Make sure this reflects the design intent.
set_output_delay -clock [get_clocks CLK_ADC] 0.000 [get_ports -quiet {EVENT_VALID EVENT_DATA* EVENT_LAST EVENT_CHUNK_ID* EVENT_TIMESTAMP* EVENT_SCORE* RING_MISS_COUNT* CHUNK_OVERFLOW}]
/home/work1/Works/AI-Trigger-System/HDL/constraints/ai_trigger_ooc.xdc (Line: 30)
Related violations: <none>

XDCH-2#800 Warning
Same min and max delay values on IO port  
The same output delay of 0.000 ns has been defined on port 'EVENT_DATA[671]' relative to clock CLK_ADC for both max and min. Make sure this reflects the design intent.
set_output_delay -clock [get_clocks CLK_ADC] 0.000 [get_ports -quiet {EVENT_VALID EVENT_DATA* EVENT_LAST EVENT_CHUNK_ID* EVENT_TIMESTAMP* EVENT_SCORE* RING_MISS_COUNT* CHUNK_OVERFLOW}]
/home/work1/Works/AI-Trigger-System/HDL/constraints/ai_trigger_ooc.xdc (Line: 30)
Related violations: <none>

XDCH-2#801 Warning
Same min and max delay values on IO port  
The same output delay of 0.000 ns has been defined on port 'EVENT_DATA[672]' relative to clock CLK_ADC for both max and min. Make sure this reflects the design intent.
set_output_delay -clock [get_clocks CLK_ADC] 0.000 [get_ports -quiet {EVENT_VALID EVENT_DATA* EVENT_LAST EVENT_CHUNK_ID* EVENT_TIMESTAMP* EVENT_SCORE* RING_MISS_COUNT* CHUNK_OVERFLOW}]
/home/work1/Works/AI-Trigger-System/HDL/constraints/ai_trigger_ooc.xdc (Line: 30)
Related violations: <none>

XDCH-2#802 Warning
Same min and max delay values on IO port  
The same output delay of 0.000 ns has been defined on port 'EVENT_DATA[673]' relative to clock CLK_ADC for both max and min. Make sure this reflects the design intent.
set_output_delay -clock [get_clocks CLK_ADC] 0.000 [get_ports -quiet {EVENT_VALID EVENT_DATA* EVENT_LAST EVENT_CHUNK_ID* EVENT_TIMESTAMP* EVENT_SCORE* RING_MISS_COUNT* CHUNK_OVERFLOW}]
/home/work1/Works/AI-Trigger-System/HDL/constraints/ai_trigger_ooc.xdc (Line: 30)
Related violations: <none>

XDCH-2#803 Warning
Same min and max delay values on IO port  
The same output delay of 0.000 ns has been defined on port 'EVENT_DATA[674]' relative to clock CLK_ADC for both max and min. Make sure this reflects the design intent.
set_output_delay -clock [get_clocks CLK_ADC] 0.000 [get_ports -quiet {EVENT_VALID EVENT_DATA* EVENT_LAST EVENT_CHUNK_ID* EVENT_TIMESTAMP* EVENT_SCORE* RING_MISS_COUNT* CHUNK_OVERFLOW}]
/home/work1/Works/AI-Trigger-System/HDL/constraints/ai_trigger_ooc.xdc (Line: 30)
Related violations: <none>

XDCH-2#804 Warning
Same min and max delay values on IO port  
The same output delay of 0.000 ns has been defined on port 'EVENT_DATA[675]' relative to clock CLK_ADC for both max and min. Make sure this reflects the design intent.
set_output_delay -clock [get_clocks CLK_ADC] 0.000 [get_ports -quiet {EVENT_VALID EVENT_DATA* EVENT_LAST EVENT_CHUNK_ID* EVENT_TIMESTAMP* EVENT_SCORE* RING_MISS_COUNT* CHUNK_OVERFLOW}]
/home/work1/Works/AI-Trigger-System/HDL/constraints/ai_trigger_ooc.xdc (Line: 30)
Related violations: <none>

XDCH-2#805 Warning
Same min and max delay values on IO port  
The same output delay of 0.000 ns has been defined on port 'EVENT_DATA[676]' relative to clock CLK_ADC for both max and min. Make sure this reflects the design intent.
set_output_delay -clock [get_clocks CLK_ADC] 0.000 [get_ports -quiet {EVENT_VALID EVENT_DATA* EVENT_LAST EVENT_CHUNK_ID* EVENT_TIMESTAMP* EVENT_SCORE* RING_MISS_COUNT* CHUNK_OVERFLOW}]
/home/work1/Works/AI-Trigger-System/HDL/constraints/ai_trigger_ooc.xdc (Line: 30)
Related violations: <none>

XDCH-2#806 Warning
Same min and max delay values on IO port  
The same output delay of 0.000 ns has been defined on port 'EVENT_DATA[677]' relative to clock CLK_ADC for both max and min. Make sure this reflects the design intent.
set_output_delay -clock [get_clocks CLK_ADC] 0.000 [get_ports -quiet {EVENT_VALID EVENT_DATA* EVENT_LAST EVENT_CHUNK_ID* EVENT_TIMESTAMP* EVENT_SCORE* RING_MISS_COUNT* CHUNK_OVERFLOW}]
/home/work1/Works/AI-Trigger-System/HDL/constraints/ai_trigger_ooc.xdc (Line: 30)
Related violations: <none>

XDCH-2#807 Warning
Same min and max delay values on IO port  
The same output delay of 0.000 ns has been defined on port 'EVENT_DATA[678]' relative to clock CLK_ADC for both max and min. Make sure this reflects the design intent.
set_output_delay -clock [get_clocks CLK_ADC] 0.000 [get_ports -quiet {EVENT_VALID EVENT_DATA* EVENT_LAST EVENT_CHUNK_ID* EVENT_TIMESTAMP* EVENT_SCORE* RING_MISS_COUNT* CHUNK_OVERFLOW}]
/home/work1/Works/AI-Trigger-System/HDL/constraints/ai_trigger_ooc.xdc (Line: 30)
Related violations: <none>

XDCH-2#808 Warning
Same min and max delay values on IO port  
The same output delay of 0.000 ns has been defined on port 'EVENT_DATA[679]' relative to clock CLK_ADC for both max and min. Make sure this reflects the design intent.
set_output_delay -clock [get_clocks CLK_ADC] 0.000 [get_ports -quiet {EVENT_VALID EVENT_DATA* EVENT_LAST EVENT_CHUNK_ID* EVENT_TIMESTAMP* EVENT_SCORE* RING_MISS_COUNT* CHUNK_OVERFLOW}]
/home/work1/Works/AI-Trigger-System/HDL/constraints/ai_trigger_ooc.xdc (Line: 30)
Related violations: <none>

XDCH-2#809 Warning
Same min and max delay values on IO port  
The same output delay of 0.000 ns has been defined on port 'EVENT_DATA[67]' relative to clock CLK_ADC for both max and min. Make sure this reflects the design intent.
set_output_delay -clock [get_clocks CLK_ADC] 0.000 [get_ports -quiet {EVENT_VALID EVENT_DATA* EVENT_LAST EVENT_CHUNK_ID* EVENT_TIMESTAMP* EVENT_SCORE* RING_MISS_COUNT* CHUNK_OVERFLOW}]
/home/work1/Works/AI-Trigger-System/HDL/constraints/ai_trigger_ooc.xdc (Line: 30)
Related violations: <none>

XDCH-2#810 Warning
Same min and max delay values on IO port  
The same output delay of 0.000 ns has been defined on port 'EVENT_DATA[680]' relative to clock CLK_ADC for both max and min. Make sure this reflects the design intent.
set_output_delay -clock [get_clocks CLK_ADC] 0.000 [get_ports -quiet {EVENT_VALID EVENT_DATA* EVENT_LAST EVENT_CHUNK_ID* EVENT_TIMESTAMP* EVENT_SCORE* RING_MISS_COUNT* CHUNK_OVERFLOW}]
/home/work1/Works/AI-Trigger-System/HDL/constraints/ai_trigger_ooc.xdc (Line: 30)
Related violations: <none>

XDCH-2#811 Warning
Same min and max delay values on IO port  
The same output delay of 0.000 ns has been defined on port 'EVENT_DATA[681]' relative to clock CLK_ADC for both max and min. Make sure this reflects the design intent.
set_output_delay -clock [get_clocks CLK_ADC] 0.000 [get_ports -quiet {EVENT_VALID EVENT_DATA* EVENT_LAST EVENT_CHUNK_ID* EVENT_TIMESTAMP* EVENT_SCORE* RING_MISS_COUNT* CHUNK_OVERFLOW}]
/home/work1/Works/AI-Trigger-System/HDL/constraints/ai_trigger_ooc.xdc (Line: 30)
Related violations: <none>

XDCH-2#812 Warning
Same min and max delay values on IO port  
The same output delay of 0.000 ns has been defined on port 'EVENT_DATA[682]' relative to clock CLK_ADC for both max and min. Make sure this reflects the design intent.
set_output_delay -clock [get_clocks CLK_ADC] 0.000 [get_ports -quiet {EVENT_VALID EVENT_DATA* EVENT_LAST EVENT_CHUNK_ID* EVENT_TIMESTAMP* EVENT_SCORE* RING_MISS_COUNT* CHUNK_OVERFLOW}]
/home/work1/Works/AI-Trigger-System/HDL/constraints/ai_trigger_ooc.xdc (Line: 30)
Related violations: <none>

XDCH-2#813 Warning
Same min and max delay values on IO port  
The same output delay of 0.000 ns has been defined on port 'EVENT_DATA[683]' relative to clock CLK_ADC for both max and min. Make sure this reflects the design intent.
set_output_delay -clock [get_clocks CLK_ADC] 0.000 [get_ports -quiet {EVENT_VALID EVENT_DATA* EVENT_LAST EVENT_CHUNK_ID* EVENT_TIMESTAMP* EVENT_SCORE* RING_MISS_COUNT* CHUNK_OVERFLOW}]
/home/work1/Works/AI-Trigger-System/HDL/constraints/ai_trigger_ooc.xdc (Line: 30)
Related violations: <none>

XDCH-2#814 Warning
Same min and max delay values on IO port  
The same output delay of 0.000 ns has been defined on port 'EVENT_DATA[684]' relative to clock CLK_ADC for both max and min. Make sure this reflects the design intent.
set_output_delay -clock [get_clocks CLK_ADC] 0.000 [get_ports -quiet {EVENT_VALID EVENT_DATA* EVENT_LAST EVENT_CHUNK_ID* EVENT_TIMESTAMP* EVENT_SCORE* RING_MISS_COUNT* CHUNK_OVERFLOW}]
/home/work1/Works/AI-Trigger-System/HDL/constraints/ai_trigger_ooc.xdc (Line: 30)
Related violations: <none>

XDCH-2#815 Warning
Same min and max delay values on IO port  
The same output delay of 0.000 ns has been defined on port 'EVENT_DATA[685]' relative to clock CLK_ADC for both max and min. Make sure this reflects the design intent.
set_output_delay -clock [get_clocks CLK_ADC] 0.000 [get_ports -quiet {EVENT_VALID EVENT_DATA* EVENT_LAST EVENT_CHUNK_ID* EVENT_TIMESTAMP* EVENT_SCORE* RING_MISS_COUNT* CHUNK_OVERFLOW}]
/home/work1/Works/AI-Trigger-System/HDL/constraints/ai_trigger_ooc.xdc (Line: 30)
Related violations: <none>

XDCH-2#816 Warning
Same min and max delay values on IO port  
The same output delay of 0.000 ns has been defined on port 'EVENT_DATA[686]' relative to clock CLK_ADC for both max and min. Make sure this reflects the design intent.
set_output_delay -clock [get_clocks CLK_ADC] 0.000 [get_ports -quiet {EVENT_VALID EVENT_DATA* EVENT_LAST EVENT_CHUNK_ID* EVENT_TIMESTAMP* EVENT_SCORE* RING_MISS_COUNT* CHUNK_OVERFLOW}]
/home/work1/Works/AI-Trigger-System/HDL/constraints/ai_trigger_ooc.xdc (Line: 30)
Related violations: <none>

XDCH-2#817 Warning
Same min and max delay values on IO port  
The same output delay of 0.000 ns has been defined on port 'EVENT_DATA[687]' relative to clock CLK_ADC for both max and min. Make sure this reflects the design intent.
set_output_delay -clock [get_clocks CLK_ADC] 0.000 [get_ports -quiet {EVENT_VALID EVENT_DATA* EVENT_LAST EVENT_CHUNK_ID* EVENT_TIMESTAMP* EVENT_SCORE* RING_MISS_COUNT* CHUNK_OVERFLOW}]
/home/work1/Works/AI-Trigger-System/HDL/constraints/ai_trigger_ooc.xdc (Line: 30)
Related violations: <none>

XDCH-2#818 Warning
Same min and max delay values on IO port  
The same output delay of 0.000 ns has been defined on port 'EVENT_DATA[688]' relative to clock CLK_ADC for both max and min. Make sure this reflects the design intent.
set_output_delay -clock [get_clocks CLK_ADC] 0.000 [get_ports -quiet {EVENT_VALID EVENT_DATA* EVENT_LAST EVENT_CHUNK_ID* EVENT_TIMESTAMP* EVENT_SCORE* RING_MISS_COUNT* CHUNK_OVERFLOW}]
/home/work1/Works/AI-Trigger-System/HDL/constraints/ai_trigger_ooc.xdc (Line: 30)
Related violations: <none>

XDCH-2#819 Warning
Same min and max delay values on IO port  
The same output delay of 0.000 ns has been defined on port 'EVENT_DATA[689]' relative to clock CLK_ADC for both max and min. Make sure this reflects the design intent.
set_output_delay -clock [get_clocks CLK_ADC] 0.000 [get_ports -quiet {EVENT_VALID EVENT_DATA* EVENT_LAST EVENT_CHUNK_ID* EVENT_TIMESTAMP* EVENT_SCORE* RING_MISS_COUNT* CHUNK_OVERFLOW}]
/home/work1/Works/AI-Trigger-System/HDL/constraints/ai_trigger_ooc.xdc (Line: 30)
Related violations: <none>

XDCH-2#820 Warning
Same min and max delay values on IO port  
The same output delay of 0.000 ns has been defined on port 'EVENT_DATA[68]' relative to clock CLK_ADC for both max and min. Make sure this reflects the design intent.
set_output_delay -clock [get_clocks CLK_ADC] 0.000 [get_ports -quiet {EVENT_VALID EVENT_DATA* EVENT_LAST EVENT_CHUNK_ID* EVENT_TIMESTAMP* EVENT_SCORE* RING_MISS_COUNT* CHUNK_OVERFLOW}]
/home/work1/Works/AI-Trigger-System/HDL/constraints/ai_trigger_ooc.xdc (Line: 30)
Related violations: <none>

XDCH-2#821 Warning
Same min and max delay values on IO port  
The same output delay of 0.000 ns has been defined on port 'EVENT_DATA[690]' relative to clock CLK_ADC for both max and min. Make sure this reflects the design intent.
set_output_delay -clock [get_clocks CLK_ADC] 0.000 [get_ports -quiet {EVENT_VALID EVENT_DATA* EVENT_LAST EVENT_CHUNK_ID* EVENT_TIMESTAMP* EVENT_SCORE* RING_MISS_COUNT* CHUNK_OVERFLOW}]
/home/work1/Works/AI-Trigger-System/HDL/constraints/ai_trigger_ooc.xdc (Line: 30)
Related violations: <none>

XDCH-2#822 Warning
Same min and max delay values on IO port  
The same output delay of 0.000 ns has been defined on port 'EVENT_DATA[691]' relative to clock CLK_ADC for both max and min. Make sure this reflects the design intent.
set_output_delay -clock [get_clocks CLK_ADC] 0.000 [get_ports -quiet {EVENT_VALID EVENT_DATA* EVENT_LAST EVENT_CHUNK_ID* EVENT_TIMESTAMP* EVENT_SCORE* RING_MISS_COUNT* CHUNK_OVERFLOW}]
/home/work1/Works/AI-Trigger-System/HDL/constraints/ai_trigger_ooc.xdc (Line: 30)
Related violations: <none>

XDCH-2#823 Warning
Same min and max delay values on IO port  
The same output delay of 0.000 ns has been defined on port 'EVENT_DATA[692]' relative to clock CLK_ADC for both max and min. Make sure this reflects the design intent.
set_output_delay -clock [get_clocks CLK_ADC] 0.000 [get_ports -quiet {EVENT_VALID EVENT_DATA* EVENT_LAST EVENT_CHUNK_ID* EVENT_TIMESTAMP* EVENT_SCORE* RING_MISS_COUNT* CHUNK_OVERFLOW}]
/home/work1/Works/AI-Trigger-System/HDL/constraints/ai_trigger_ooc.xdc (Line: 30)
Related violations: <none>

XDCH-2#824 Warning
Same min and max delay values on IO port  
The same output delay of 0.000 ns has been defined on port 'EVENT_DATA[693]' relative to clock CLK_ADC for both max and min. Make sure this reflects the design intent.
set_output_delay -clock [get_clocks CLK_ADC] 0.000 [get_ports -quiet {EVENT_VALID EVENT_DATA* EVENT_LAST EVENT_CHUNK_ID* EVENT_TIMESTAMP* EVENT_SCORE* RING_MISS_COUNT* CHUNK_OVERFLOW}]
/home/work1/Works/AI-Trigger-System/HDL/constraints/ai_trigger_ooc.xdc (Line: 30)
Related violations: <none>

XDCH-2#825 Warning
Same min and max delay values on IO port  
The same output delay of 0.000 ns has been defined on port 'EVENT_DATA[694]' relative to clock CLK_ADC for both max and min. Make sure this reflects the design intent.
set_output_delay -clock [get_clocks CLK_ADC] 0.000 [get_ports -quiet {EVENT_VALID EVENT_DATA* EVENT_LAST EVENT_CHUNK_ID* EVENT_TIMESTAMP* EVENT_SCORE* RING_MISS_COUNT* CHUNK_OVERFLOW}]
/home/work1/Works/AI-Trigger-System/HDL/constraints/ai_trigger_ooc.xdc (Line: 30)
Related violations: <none>

XDCH-2#826 Warning
Same min and max delay values on IO port  
The same output delay of 0.000 ns has been defined on port 'EVENT_DATA[695]' relative to clock CLK_ADC for both max and min. Make sure this reflects the design intent.
set_output_delay -clock [get_clocks CLK_ADC] 0.000 [get_ports -quiet {EVENT_VALID EVENT_DATA* EVENT_LAST EVENT_CHUNK_ID* EVENT_TIMESTAMP* EVENT_SCORE* RING_MISS_COUNT* CHUNK_OVERFLOW}]
/home/work1/Works/AI-Trigger-System/HDL/constraints/ai_trigger_ooc.xdc (Line: 30)
Related violations: <none>

XDCH-2#827 Warning
Same min and max delay values on IO port  
The same output delay of 0.000 ns has been defined on port 'EVENT_DATA[696]' relative to clock CLK_ADC for both max and min. Make sure this reflects the design intent.
set_output_delay -clock [get_clocks CLK_ADC] 0.000 [get_ports -quiet {EVENT_VALID EVENT_DATA* EVENT_LAST EVENT_CHUNK_ID* EVENT_TIMESTAMP* EVENT_SCORE* RING_MISS_COUNT* CHUNK_OVERFLOW}]
/home/work1/Works/AI-Trigger-System/HDL/constraints/ai_trigger_ooc.xdc (Line: 30)
Related violations: <none>

XDCH-2#828 Warning
Same min and max delay values on IO port  
The same output delay of 0.000 ns has been defined on port 'EVENT_DATA[697]' relative to clock CLK_ADC for both max and min. Make sure this reflects the design intent.
set_output_delay -clock [get_clocks CLK_ADC] 0.000 [get_ports -quiet {EVENT_VALID EVENT_DATA* EVENT_LAST EVENT_CHUNK_ID* EVENT_TIMESTAMP* EVENT_SCORE* RING_MISS_COUNT* CHUNK_OVERFLOW}]
/home/work1/Works/AI-Trigger-System/HDL/constraints/ai_trigger_ooc.xdc (Line: 30)
Related violations: <none>

XDCH-2#829 Warning
Same min and max delay values on IO port  
The same output delay of 0.000 ns has been defined on port 'EVENT_DATA[698]' relative to clock CLK_ADC for both max and min. Make sure this reflects the design intent.
set_output_delay -clock [get_clocks CLK_ADC] 0.000 [get_ports -quiet {EVENT_VALID EVENT_DATA* EVENT_LAST EVENT_CHUNK_ID* EVENT_TIMESTAMP* EVENT_SCORE* RING_MISS_COUNT* CHUNK_OVERFLOW}]
/home/work1/Works/AI-Trigger-System/HDL/constraints/ai_trigger_ooc.xdc (Line: 30)
Related violations: <none>

XDCH-2#830 Warning
Same min and max delay values on IO port  
The same output delay of 0.000 ns has been defined on port 'EVENT_DATA[699]' relative to clock CLK_ADC for both max and min. Make sure this reflects the design intent.
set_output_delay -clock [get_clocks CLK_ADC] 0.000 [get_ports -quiet {EVENT_VALID EVENT_DATA* EVENT_LAST EVENT_CHUNK_ID* EVENT_TIMESTAMP* EVENT_SCORE* RING_MISS_COUNT* CHUNK_OVERFLOW}]
/home/work1/Works/AI-Trigger-System/HDL/constraints/ai_trigger_ooc.xdc (Line: 30)
Related violations: <none>

XDCH-2#831 Warning
Same min and max delay values on IO port  
The same output delay of 0.000 ns has been defined on port 'EVENT_DATA[69]' relative to clock CLK_ADC for both max and min. Make sure this reflects the design intent.
set_output_delay -clock [get_clocks CLK_ADC] 0.000 [get_ports -quiet {EVENT_VALID EVENT_DATA* EVENT_LAST EVENT_CHUNK_ID* EVENT_TIMESTAMP* EVENT_SCORE* RING_MISS_COUNT* CHUNK_OVERFLOW}]
/home/work1/Works/AI-Trigger-System/HDL/constraints/ai_trigger_ooc.xdc (Line: 30)
Related violations: <none>

XDCH-2#832 Warning
Same min and max delay values on IO port  
The same output delay of 0.000 ns has been defined on port 'EVENT_DATA[6]' relative to clock CLK_ADC for both max and min. Make sure this reflects the design intent.
set_output_delay -clock [get_clocks CLK_ADC] 0.000 [get_ports -quiet {EVENT_VALID EVENT_DATA* EVENT_LAST EVENT_CHUNK_ID* EVENT_TIMESTAMP* EVENT_SCORE* RING_MISS_COUNT* CHUNK_OVERFLOW}]
/home/work1/Works/AI-Trigger-System/HDL/constraints/ai_trigger_ooc.xdc (Line: 30)
Related violations: <none>

XDCH-2#833 Warning
Same min and max delay values on IO port  
The same output delay of 0.000 ns has been defined on port 'EVENT_DATA[700]' relative to clock CLK_ADC for both max and min. Make sure this reflects the design intent.
set_output_delay -clock [get_clocks CLK_ADC] 0.000 [get_ports -quiet {EVENT_VALID EVENT_DATA* EVENT_LAST EVENT_CHUNK_ID* EVENT_TIMESTAMP* EVENT_SCORE* RING_MISS_COUNT* CHUNK_OVERFLOW}]
/home/work1/Works/AI-Trigger-System/HDL/constraints/ai_trigger_ooc.xdc (Line: 30)
Related violations: <none>

XDCH-2#834 Warning
Same min and max delay values on IO port  
The same output delay of 0.000 ns has been defined on port 'EVENT_DATA[701]' relative to clock CLK_ADC for both max and min. Make sure this reflects the design intent.
set_output_delay -clock [get_clocks CLK_ADC] 0.000 [get_ports -quiet {EVENT_VALID EVENT_DATA* EVENT_LAST EVENT_CHUNK_ID* EVENT_TIMESTAMP* EVENT_SCORE* RING_MISS_COUNT* CHUNK_OVERFLOW}]
/home/work1/Works/AI-Trigger-System/HDL/constraints/ai_trigger_ooc.xdc (Line: 30)
Related violations: <none>

XDCH-2#835 Warning
Same min and max delay values on IO port  
The same output delay of 0.000 ns has been defined on port 'EVENT_DATA[702]' relative to clock CLK_ADC for both max and min. Make sure this reflects the design intent.
set_output_delay -clock [get_clocks CLK_ADC] 0.000 [get_ports -quiet {EVENT_VALID EVENT_DATA* EVENT_LAST EVENT_CHUNK_ID* EVENT_TIMESTAMP* EVENT_SCORE* RING_MISS_COUNT* CHUNK_OVERFLOW}]
/home/work1/Works/AI-Trigger-System/HDL/constraints/ai_trigger_ooc.xdc (Line: 30)
Related violations: <none>

XDCH-2#836 Warning
Same min and max delay values on IO port  
The same output delay of 0.000 ns has been defined on port 'EVENT_DATA[703]' relative to clock CLK_ADC for both max and min. Make sure this reflects the design intent.
set_output_delay -clock [get_clocks CLK_ADC] 0.000 [get_ports -quiet {EVENT_VALID EVENT_DATA* EVENT_LAST EVENT_CHUNK_ID* EVENT_TIMESTAMP* EVENT_SCORE* RING_MISS_COUNT* CHUNK_OVERFLOW}]
/home/work1/Works/AI-Trigger-System/HDL/constraints/ai_trigger_ooc.xdc (Line: 30)
Related violations: <none>

XDCH-2#837 Warning
Same min and max delay values on IO port  
The same output delay of 0.000 ns has been defined on port 'EVENT_DATA[704]' relative to clock CLK_ADC for both max and min. Make sure this reflects the design intent.
set_output_delay -clock [get_clocks CLK_ADC] 0.000 [get_ports -quiet {EVENT_VALID EVENT_DATA* EVENT_LAST EVENT_CHUNK_ID* EVENT_TIMESTAMP* EVENT_SCORE* RING_MISS_COUNT* CHUNK_OVERFLOW}]
/home/work1/Works/AI-Trigger-System/HDL/constraints/ai_trigger_ooc.xdc (Line: 30)
Related violations: <none>

XDCH-2#838 Warning
Same min and max delay values on IO port  
The same output delay of 0.000 ns has been defined on port 'EVENT_DATA[705]' relative to clock CLK_ADC for both max and min. Make sure this reflects the design intent.
set_output_delay -clock [get_clocks CLK_ADC] 0.000 [get_ports -quiet {EVENT_VALID EVENT_DATA* EVENT_LAST EVENT_CHUNK_ID* EVENT_TIMESTAMP* EVENT_SCORE* RING_MISS_COUNT* CHUNK_OVERFLOW}]
/home/work1/Works/AI-Trigger-System/HDL/constraints/ai_trigger_ooc.xdc (Line: 30)
Related violations: <none>

XDCH-2#839 Warning
Same min and max delay values on IO port  
The same output delay of 0.000 ns has been defined on port 'EVENT_DATA[706]' relative to clock CLK_ADC for both max and min. Make sure this reflects the design intent.
set_output_delay -clock [get_clocks CLK_ADC] 0.000 [get_ports -quiet {EVENT_VALID EVENT_DATA* EVENT_LAST EVENT_CHUNK_ID* EVENT_TIMESTAMP* EVENT_SCORE* RING_MISS_COUNT* CHUNK_OVERFLOW}]
/home/work1/Works/AI-Trigger-System/HDL/constraints/ai_trigger_ooc.xdc (Line: 30)
Related violations: <none>

XDCH-2#840 Warning
Same min and max delay values on IO port  
The same output delay of 0.000 ns has been defined on port 'EVENT_DATA[707]' relative to clock CLK_ADC for both max and min. Make sure this reflects the design intent.
set_output_delay -clock [get_clocks CLK_ADC] 0.000 [get_ports -quiet {EVENT_VALID EVENT_DATA* EVENT_LAST EVENT_CHUNK_ID* EVENT_TIMESTAMP* EVENT_SCORE* RING_MISS_COUNT* CHUNK_OVERFLOW}]
/home/work1/Works/AI-Trigger-System/HDL/constraints/ai_trigger_ooc.xdc (Line: 30)
Related violations: <none>

XDCH-2#841 Warning
Same min and max delay values on IO port  
The same output delay of 0.000 ns has been defined on port 'EVENT_DATA[708]' relative to clock CLK_ADC for both max and min. Make sure this reflects the design intent.
set_output_delay -clock [get_clocks CLK_ADC] 0.000 [get_ports -quiet {EVENT_VALID EVENT_DATA* EVENT_LAST EVENT_CHUNK_ID* EVENT_TIMESTAMP* EVENT_SCORE* RING_MISS_COUNT* CHUNK_OVERFLOW}]
/home/work1/Works/AI-Trigger-System/HDL/constraints/ai_trigger_ooc.xdc (Line: 30)
Related violations: <none>

XDCH-2#842 Warning
Same min and max delay values on IO port  
The same output delay of 0.000 ns has been defined on port 'EVENT_DATA[709]' relative to clock CLK_ADC for both max and min. Make sure this reflects the design intent.
set_output_delay -clock [get_clocks CLK_ADC] 0.000 [get_ports -quiet {EVENT_VALID EVENT_DATA* EVENT_LAST EVENT_CHUNK_ID* EVENT_TIMESTAMP* EVENT_SCORE* RING_MISS_COUNT* CHUNK_OVERFLOW}]
/home/work1/Works/AI-Trigger-System/HDL/constraints/ai_trigger_ooc.xdc (Line: 30)
Related violations: <none>

XDCH-2#843 Warning
Same min and max delay values on IO port  
The same output delay of 0.000 ns has been defined on port 'EVENT_DATA[70]' relative to clock CLK_ADC for both max and min. Make sure this reflects the design intent.
set_output_delay -clock [get_clocks CLK_ADC] 0.000 [get_ports -quiet {EVENT_VALID EVENT_DATA* EVENT_LAST EVENT_CHUNK_ID* EVENT_TIMESTAMP* EVENT_SCORE* RING_MISS_COUNT* CHUNK_OVERFLOW}]
/home/work1/Works/AI-Trigger-System/HDL/constraints/ai_trigger_ooc.xdc (Line: 30)
Related violations: <none>

XDCH-2#844 Warning
Same min and max delay values on IO port  
The same output delay of 0.000 ns has been defined on port 'EVENT_DATA[710]' relative to clock CLK_ADC for both max and min. Make sure this reflects the design intent.
set_output_delay -clock [get_clocks CLK_ADC] 0.000 [get_ports -quiet {EVENT_VALID EVENT_DATA* EVENT_LAST EVENT_CHUNK_ID* EVENT_TIMESTAMP* EVENT_SCORE* RING_MISS_COUNT* CHUNK_OVERFLOW}]
/home/work1/Works/AI-Trigger-System/HDL/constraints/ai_trigger_ooc.xdc (Line: 30)
Related violations: <none>

XDCH-2#845 Warning
Same min and max delay values on IO port  
The same output delay of 0.000 ns has been defined on port 'EVENT_DATA[711]' relative to clock CLK_ADC for both max and min. Make sure this reflects the design intent.
set_output_delay -clock [get_clocks CLK_ADC] 0.000 [get_ports -quiet {EVENT_VALID EVENT_DATA* EVENT_LAST EVENT_CHUNK_ID* EVENT_TIMESTAMP* EVENT_SCORE* RING_MISS_COUNT* CHUNK_OVERFLOW}]
/home/work1/Works/AI-Trigger-System/HDL/constraints/ai_trigger_ooc.xdc (Line: 30)
Related violations: <none>

XDCH-2#846 Warning
Same min and max delay values on IO port  
The same output delay of 0.000 ns has been defined on port 'EVENT_DATA[712]' relative to clock CLK_ADC for both max and min. Make sure this reflects the design intent.
set_output_delay -clock [get_clocks CLK_ADC] 0.000 [get_ports -quiet {EVENT_VALID EVENT_DATA* EVENT_LAST EVENT_CHUNK_ID* EVENT_TIMESTAMP* EVENT_SCORE* RING_MISS_COUNT* CHUNK_OVERFLOW}]
/home/work1/Works/AI-Trigger-System/HDL/constraints/ai_trigger_ooc.xdc (Line: 30)
Related violations: <none>

XDCH-2#847 Warning
Same min and max delay values on IO port  
The same output delay of 0.000 ns has been defined on port 'EVENT_DATA[713]' relative to clock CLK_ADC for both max and min. Make sure this reflects the design intent.
set_output_delay -clock [get_clocks CLK_ADC] 0.000 [get_ports -quiet {EVENT_VALID EVENT_DATA* EVENT_LAST EVENT_CHUNK_ID* EVENT_TIMESTAMP* EVENT_SCORE* RING_MISS_COUNT* CHUNK_OVERFLOW}]
/home/work1/Works/AI-Trigger-System/HDL/constraints/ai_trigger_ooc.xdc (Line: 30)
Related violations: <none>

XDCH-2#848 Warning
Same min and max delay values on IO port  
The same output delay of 0.000 ns has been defined on port 'EVENT_DATA[714]' relative to clock CLK_ADC for both max and min. Make sure this reflects the design intent.
set_output_delay -clock [get_clocks CLK_ADC] 0.000 [get_ports -quiet {EVENT_VALID EVENT_DATA* EVENT_LAST EVENT_CHUNK_ID* EVENT_TIMESTAMP* EVENT_SCORE* RING_MISS_COUNT* CHUNK_OVERFLOW}]
/home/work1/Works/AI-Trigger-System/HDL/constraints/ai_trigger_ooc.xdc (Line: 30)
Related violations: <none>

XDCH-2#849 Warning
Same min and max delay values on IO port  
The same output delay of 0.000 ns has been defined on port 'EVENT_DATA[715]' relative to clock CLK_ADC for both max and min. Make sure this reflects the design intent.
set_output_delay -clock [get_clocks CLK_ADC] 0.000 [get_ports -quiet {EVENT_VALID EVENT_DATA* EVENT_LAST EVENT_CHUNK_ID* EVENT_TIMESTAMP* EVENT_SCORE* RING_MISS_COUNT* CHUNK_OVERFLOW}]
/home/work1/Works/AI-Trigger-System/HDL/constraints/ai_trigger_ooc.xdc (Line: 30)
Related violations: <none>

XDCH-2#850 Warning
Same min and max delay values on IO port  
The same output delay of 0.000 ns has been defined on port 'EVENT_DATA[716]' relative to clock CLK_ADC for both max and min. Make sure this reflects the design intent.
set_output_delay -clock [get_clocks CLK_ADC] 0.000 [get_ports -quiet {EVENT_VALID EVENT_DATA* EVENT_LAST EVENT_CHUNK_ID* EVENT_TIMESTAMP* EVENT_SCORE* RING_MISS_COUNT* CHUNK_OVERFLOW}]
/home/work1/Works/AI-Trigger-System/HDL/constraints/ai_trigger_ooc.xdc (Line: 30)
Related violations: <none>

XDCH-2#851 Warning
Same min and max delay values on IO port  
The same output delay of 0.000 ns has been defined on port 'EVENT_DATA[717]' relative to clock CLK_ADC for both max and min. Make sure this reflects the design intent.
set_output_delay -clock [get_clocks CLK_ADC] 0.000 [get_ports -quiet {EVENT_VALID EVENT_DATA* EVENT_LAST EVENT_CHUNK_ID* EVENT_TIMESTAMP* EVENT_SCORE* RING_MISS_COUNT* CHUNK_OVERFLOW}]
/home/work1/Works/AI-Trigger-System/HDL/constraints/ai_trigger_ooc.xdc (Line: 30)
Related violations: <none>

XDCH-2#852 Warning
Same min and max delay values on IO port  
The same output delay of 0.000 ns has been defined on port 'EVENT_DATA[718]' relative to clock CLK_ADC for both max and min. Make sure this reflects the design intent.
set_output_delay -clock [get_clocks CLK_ADC] 0.000 [get_ports -quiet {EVENT_VALID EVENT_DATA* EVENT_LAST EVENT_CHUNK_ID* EVENT_TIMESTAMP* EVENT_SCORE* RING_MISS_COUNT* CHUNK_OVERFLOW}]
/home/work1/Works/AI-Trigger-System/HDL/constraints/ai_trigger_ooc.xdc (Line: 30)
Related violations: <none>

XDCH-2#853 Warning
Same min and max delay values on IO port  
The same output delay of 0.000 ns has been defined on port 'EVENT_DATA[719]' relative to clock CLK_ADC for both max and min. Make sure this reflects the design intent.
set_output_delay -clock [get_clocks CLK_ADC] 0.000 [get_ports -quiet {EVENT_VALID EVENT_DATA* EVENT_LAST EVENT_CHUNK_ID* EVENT_TIMESTAMP* EVENT_SCORE* RING_MISS_COUNT* CHUNK_OVERFLOW}]
/home/work1/Works/AI-Trigger-System/HDL/constraints/ai_trigger_ooc.xdc (Line: 30)
Related violations: <none>

XDCH-2#854 Warning
Same min and max delay values on IO port  
The same output delay of 0.000 ns has been defined on port 'EVENT_DATA[71]' relative to clock CLK_ADC for both max and min. Make sure this reflects the design intent.
set_output_delay -clock [get_clocks CLK_ADC] 0.000 [get_ports -quiet {EVENT_VALID EVENT_DATA* EVENT_LAST EVENT_CHUNK_ID* EVENT_TIMESTAMP* EVENT_SCORE* RING_MISS_COUNT* CHUNK_OVERFLOW}]
/home/work1/Works/AI-Trigger-System/HDL/constraints/ai_trigger_ooc.xdc (Line: 30)
Related violations: <none>

XDCH-2#855 Warning
Same min and max delay values on IO port  
The same output delay of 0.000 ns has been defined on port 'EVENT_DATA[720]' relative to clock CLK_ADC for both max and min. Make sure this reflects the design intent.
set_output_delay -clock [get_clocks CLK_ADC] 0.000 [get_ports -quiet {EVENT_VALID EVENT_DATA* EVENT_LAST EVENT_CHUNK_ID* EVENT_TIMESTAMP* EVENT_SCORE* RING_MISS_COUNT* CHUNK_OVERFLOW}]
/home/work1/Works/AI-Trigger-System/HDL/constraints/ai_trigger_ooc.xdc (Line: 30)
Related violations: <none>

XDCH-2#856 Warning
Same min and max delay values on IO port  
The same output delay of 0.000 ns has been defined on port 'EVENT_DATA[721]' relative to clock CLK_ADC for both max and min. Make sure this reflects the design intent.
set_output_delay -clock [get_clocks CLK_ADC] 0.000 [get_ports -quiet {EVENT_VALID EVENT_DATA* EVENT_LAST EVENT_CHUNK_ID* EVENT_TIMESTAMP* EVENT_SCORE* RING_MISS_COUNT* CHUNK_OVERFLOW}]
/home/work1/Works/AI-Trigger-System/HDL/constraints/ai_trigger_ooc.xdc (Line: 30)
Related violations: <none>

XDCH-2#857 Warning
Same min and max delay values on IO port  
The same output delay of 0.000 ns has been defined on port 'EVENT_DATA[722]' relative to clock CLK_ADC for both max and min. Make sure this reflects the design intent.
set_output_delay -clock [get_clocks CLK_ADC] 0.000 [get_ports -quiet {EVENT_VALID EVENT_DATA* EVENT_LAST EVENT_CHUNK_ID* EVENT_TIMESTAMP* EVENT_SCORE* RING_MISS_COUNT* CHUNK_OVERFLOW}]
/home/work1/Works/AI-Trigger-System/HDL/constraints/ai_trigger_ooc.xdc (Line: 30)
Related violations: <none>

XDCH-2#858 Warning
Same min and max delay values on IO port  
The same output delay of 0.000 ns has been defined on port 'EVENT_DATA[723]' relative to clock CLK_ADC for both max and min. Make sure this reflects the design intent.
set_output_delay -clock [get_clocks CLK_ADC] 0.000 [get_ports -quiet {EVENT_VALID EVENT_DATA* EVENT_LAST EVENT_CHUNK_ID* EVENT_TIMESTAMP* EVENT_SCORE* RING_MISS_COUNT* CHUNK_OVERFLOW}]
/home/work1/Works/AI-Trigger-System/HDL/constraints/ai_trigger_ooc.xdc (Line: 30)
Related violations: <none>

XDCH-2#859 Warning
Same min and max delay values on IO port  
The same output delay of 0.000 ns has been defined on port 'EVENT_DATA[724]' relative to clock CLK_ADC for both max and min. Make sure this reflects the design intent.
set_output_delay -clock [get_clocks CLK_ADC] 0.000 [get_ports -quiet {EVENT_VALID EVENT_DATA* EVENT_LAST EVENT_CHUNK_ID* EVENT_TIMESTAMP* EVENT_SCORE* RING_MISS_COUNT* CHUNK_OVERFLOW}]
/home/work1/Works/AI-Trigger-System/HDL/constraints/ai_trigger_ooc.xdc (Line: 30)
Related violations: <none>

XDCH-2#860 Warning
Same min and max delay values on IO port  
The same output delay of 0.000 ns has been defined on port 'EVENT_DATA[725]' relative to clock CLK_ADC for both max and min. Make sure this reflects the design intent.
set_output_delay -clock [get_clocks CLK_ADC] 0.000 [get_ports -quiet {EVENT_VALID EVENT_DATA* EVENT_LAST EVENT_CHUNK_ID* EVENT_TIMESTAMP* EVENT_SCORE* RING_MISS_COUNT* CHUNK_OVERFLOW}]
/home/work1/Works/AI-Trigger-System/HDL/constraints/ai_trigger_ooc.xdc (Line: 30)
Related violations: <none>

XDCH-2#861 Warning
Same min and max delay values on IO port  
The same output delay of 0.000 ns has been defined on port 'EVENT_DATA[726]' relative to clock CLK_ADC for both max and min. Make sure this reflects the design intent.
set_output_delay -clock [get_clocks CLK_ADC] 0.000 [get_ports -quiet {EVENT_VALID EVENT_DATA* EVENT_LAST EVENT_CHUNK_ID* EVENT_TIMESTAMP* EVENT_SCORE* RING_MISS_COUNT* CHUNK_OVERFLOW}]
/home/work1/Works/AI-Trigger-System/HDL/constraints/ai_trigger_ooc.xdc (Line: 30)
Related violations: <none>

XDCH-2#862 Warning
Same min and max delay values on IO port  
The same output delay of 0.000 ns has been defined on port 'EVENT_DATA[727]' relative to clock CLK_ADC for both max and min. Make sure this reflects the design intent.
set_output_delay -clock [get_clocks CLK_ADC] 0.000 [get_ports -quiet {EVENT_VALID EVENT_DATA* EVENT_LAST EVENT_CHUNK_ID* EVENT_TIMESTAMP* EVENT_SCORE* RING_MISS_COUNT* CHUNK_OVERFLOW}]
/home/work1/Works/AI-Trigger-System/HDL/constraints/ai_trigger_ooc.xdc (Line: 30)
Related violations: <none>

XDCH-2#863 Warning
Same min and max delay values on IO port  
The same output delay of 0.000 ns has been defined on port 'EVENT_DATA[728]' relative to clock CLK_ADC for both max and min. Make sure this reflects the design intent.
set_output_delay -clock [get_clocks CLK_ADC] 0.000 [get_ports -quiet {EVENT_VALID EVENT_DATA* EVENT_LAST EVENT_CHUNK_ID* EVENT_TIMESTAMP* EVENT_SCORE* RING_MISS_COUNT* CHUNK_OVERFLOW}]
/home/work1/Works/AI-Trigger-System/HDL/constraints/ai_trigger_ooc.xdc (Line: 30)
Related violations: <none>

XDCH-2#864 Warning
Same min and max delay values on IO port  
The same output delay of 0.000 ns has been defined on port 'EVENT_DATA[729]' relative to clock CLK_ADC for both max and min. Make sure this reflects the design intent.
set_output_delay -clock [get_clocks CLK_ADC] 0.000 [get_ports -quiet {EVENT_VALID EVENT_DATA* EVENT_LAST EVENT_CHUNK_ID* EVENT_TIMESTAMP* EVENT_SCORE* RING_MISS_COUNT* CHUNK_OVERFLOW}]
/home/work1/Works/AI-Trigger-System/HDL/constraints/ai_trigger_ooc.xdc (Line: 30)
Related violations: <none>

XDCH-2#865 Warning
Same min and max delay values on IO port  
The same output delay of 0.000 ns has been defined on port 'EVENT_DATA[72]' relative to clock CLK_ADC for both max and min. Make sure this reflects the design intent.
set_output_delay -clock [get_clocks CLK_ADC] 0.000 [get_ports -quiet {EVENT_VALID EVENT_DATA* EVENT_LAST EVENT_CHUNK_ID* EVENT_TIMESTAMP* EVENT_SCORE* RING_MISS_COUNT* CHUNK_OVERFLOW}]
/home/work1/Works/AI-Trigger-System/HDL/constraints/ai_trigger_ooc.xdc (Line: 30)
Related violations: <none>

XDCH-2#866 Warning
Same min and max delay values on IO port  
The same output delay of 0.000 ns has been defined on port 'EVENT_DATA[730]' relative to clock CLK_ADC for both max and min. Make sure this reflects the design intent.
set_output_delay -clock [get_clocks CLK_ADC] 0.000 [get_ports -quiet {EVENT_VALID EVENT_DATA* EVENT_LAST EVENT_CHUNK_ID* EVENT_TIMESTAMP* EVENT_SCORE* RING_MISS_COUNT* CHUNK_OVERFLOW}]
/home/work1/Works/AI-Trigger-System/HDL/constraints/ai_trigger_ooc.xdc (Line: 30)
Related violations: <none>

XDCH-2#867 Warning
Same min and max delay values on IO port  
The same output delay of 0.000 ns has been defined on port 'EVENT_DATA[731]' relative to clock CLK_ADC for both max and min. Make sure this reflects the design intent.
set_output_delay -clock [get_clocks CLK_ADC] 0.000 [get_ports -quiet {EVENT_VALID EVENT_DATA* EVENT_LAST EVENT_CHUNK_ID* EVENT_TIMESTAMP* EVENT_SCORE* RING_MISS_COUNT* CHUNK_OVERFLOW}]
/home/work1/Works/AI-Trigger-System/HDL/constraints/ai_trigger_ooc.xdc (Line: 30)
Related violations: <none>

XDCH-2#868 Warning
Same min and max delay values on IO port  
The same output delay of 0.000 ns has been defined on port 'EVENT_DATA[732]' relative to clock CLK_ADC for both max and min. Make sure this reflects the design intent.
set_output_delay -clock [get_clocks CLK_ADC] 0.000 [get_ports -quiet {EVENT_VALID EVENT_DATA* EVENT_LAST EVENT_CHUNK_ID* EVENT_TIMESTAMP* EVENT_SCORE* RING_MISS_COUNT* CHUNK_OVERFLOW}]
/home/work1/Works/AI-Trigger-System/HDL/constraints/ai_trigger_ooc.xdc (Line: 30)
Related violations: <none>

XDCH-2#869 Warning
Same min and max delay values on IO port  
The same output delay of 0.000 ns has been defined on port 'EVENT_DATA[733]' relative to clock CLK_ADC for both max and min. Make sure this reflects the design intent.
set_output_delay -clock [get_clocks CLK_ADC] 0.000 [get_ports -quiet {EVENT_VALID EVENT_DATA* EVENT_LAST EVENT_CHUNK_ID* EVENT_TIMESTAMP* EVENT_SCORE* RING_MISS_COUNT* CHUNK_OVERFLOW}]
/home/work1/Works/AI-Trigger-System/HDL/constraints/ai_trigger_ooc.xdc (Line: 30)
Related violations: <none>

XDCH-2#870 Warning
Same min and max delay values on IO port  
The same output delay of 0.000 ns has been defined on port 'EVENT_DATA[734]' relative to clock CLK_ADC for both max and min. Make sure this reflects the design intent.
set_output_delay -clock [get_clocks CLK_ADC] 0.000 [get_ports -quiet {EVENT_VALID EVENT_DATA* EVENT_LAST EVENT_CHUNK_ID* EVENT_TIMESTAMP* EVENT_SCORE* RING_MISS_COUNT* CHUNK_OVERFLOW}]
/home/work1/Works/AI-Trigger-System/HDL/constraints/ai_trigger_ooc.xdc (Line: 30)
Related violations: <none>

XDCH-2#871 Warning
Same min and max delay values on IO port  
The same output delay of 0.000 ns has been defined on port 'EVENT_DATA[735]' relative to clock CLK_ADC for both max and min. Make sure this reflects the design intent.
set_output_delay -clock [get_clocks CLK_ADC] 0.000 [get_ports -quiet {EVENT_VALID EVENT_DATA* EVENT_LAST EVENT_CHUNK_ID* EVENT_TIMESTAMP* EVENT_SCORE* RING_MISS_COUNT* CHUNK_OVERFLOW}]
/home/work1/Works/AI-Trigger-System/HDL/constraints/ai_trigger_ooc.xdc (Line: 30)
Related violations: <none>

XDCH-2#872 Warning
Same min and max delay values on IO port  
The same output delay of 0.000 ns has been defined on port 'EVENT_DATA[736]' relative to clock CLK_ADC for both max and min. Make sure this reflects the design intent.
set_output_delay -clock [get_clocks CLK_ADC] 0.000 [get_ports -quiet {EVENT_VALID EVENT_DATA* EVENT_LAST EVENT_CHUNK_ID* EVENT_TIMESTAMP* EVENT_SCORE* RING_MISS_COUNT* CHUNK_OVERFLOW}]
/home/work1/Works/AI-Trigger-System/HDL/constraints/ai_trigger_ooc.xdc (Line: 30)
Related violations: <none>

XDCH-2#873 Warning
Same min and max delay values on IO port  
The same output delay of 0.000 ns has been defined on port 'EVENT_DATA[737]' relative to clock CLK_ADC for both max and min. Make sure this reflects the design intent.
set_output_delay -clock [get_clocks CLK_ADC] 0.000 [get_ports -quiet {EVENT_VALID EVENT_DATA* EVENT_LAST EVENT_CHUNK_ID* EVENT_TIMESTAMP* EVENT_SCORE* RING_MISS_COUNT* CHUNK_OVERFLOW}]
/home/work1/Works/AI-Trigger-System/HDL/constraints/ai_trigger_ooc.xdc (Line: 30)
Related violations: <none>

XDCH-2#874 Warning
Same min and max delay values on IO port  
The same output delay of 0.000 ns has been defined on port 'EVENT_DATA[738]' relative to clock CLK_ADC for both max and min. Make sure this reflects the design intent.
set_output_delay -clock [get_clocks CLK_ADC] 0.000 [get_ports -quiet {EVENT_VALID EVENT_DATA* EVENT_LAST EVENT_CHUNK_ID* EVENT_TIMESTAMP* EVENT_SCORE* RING_MISS_COUNT* CHUNK_OVERFLOW}]
/home/work1/Works/AI-Trigger-System/HDL/constraints/ai_trigger_ooc.xdc (Line: 30)
Related violations: <none>

XDCH-2#875 Warning
Same min and max delay values on IO port  
The same output delay of 0.000 ns has been defined on port 'EVENT_DATA[739]' relative to clock CLK_ADC for both max and min. Make sure this reflects the design intent.
set_output_delay -clock [get_clocks CLK_ADC] 0.000 [get_ports -quiet {EVENT_VALID EVENT_DATA* EVENT_LAST EVENT_CHUNK_ID* EVENT_TIMESTAMP* EVENT_SCORE* RING_MISS_COUNT* CHUNK_OVERFLOW}]
/home/work1/Works/AI-Trigger-System/HDL/constraints/ai_trigger_ooc.xdc (Line: 30)
Related violations: <none>

XDCH-2#876 Warning
Same min and max delay values on IO port  
The same output delay of 0.000 ns has been defined on port 'EVENT_DATA[73]' relative to clock CLK_ADC for both max and min. Make sure this reflects the design intent.
set_output_delay -clock [get_clocks CLK_ADC] 0.000 [get_ports -quiet {EVENT_VALID EVENT_DATA* EVENT_LAST EVENT_CHUNK_ID* EVENT_TIMESTAMP* EVENT_SCORE* RING_MISS_COUNT* CHUNK_OVERFLOW}]
/home/work1/Works/AI-Trigger-System/HDL/constraints/ai_trigger_ooc.xdc (Line: 30)
Related violations: <none>

XDCH-2#877 Warning
Same min and max delay values on IO port  
The same output delay of 0.000 ns has been defined on port 'EVENT_DATA[740]' relative to clock CLK_ADC for both max and min. Make sure this reflects the design intent.
set_output_delay -clock [get_clocks CLK_ADC] 0.000 [get_ports -quiet {EVENT_VALID EVENT_DATA* EVENT_LAST EVENT_CHUNK_ID* EVENT_TIMESTAMP* EVENT_SCORE* RING_MISS_COUNT* CHUNK_OVERFLOW}]
/home/work1/Works/AI-Trigger-System/HDL/constraints/ai_trigger_ooc.xdc (Line: 30)
Related violations: <none>

XDCH-2#878 Warning
Same min and max delay values on IO port  
The same output delay of 0.000 ns has been defined on port 'EVENT_DATA[741]' relative to clock CLK_ADC for both max and min. Make sure this reflects the design intent.
set_output_delay -clock [get_clocks CLK_ADC] 0.000 [get_ports -quiet {EVENT_VALID EVENT_DATA* EVENT_LAST EVENT_CHUNK_ID* EVENT_TIMESTAMP* EVENT_SCORE* RING_MISS_COUNT* CHUNK_OVERFLOW}]
/home/work1/Works/AI-Trigger-System/HDL/constraints/ai_trigger_ooc.xdc (Line: 30)
Related violations: <none>

XDCH-2#879 Warning
Same min and max delay values on IO port  
The same output delay of 0.000 ns has been defined on port 'EVENT_DATA[742]' relative to clock CLK_ADC for both max and min. Make sure this reflects the design intent.
set_output_delay -clock [get_clocks CLK_ADC] 0.000 [get_ports -quiet {EVENT_VALID EVENT_DATA* EVENT_LAST EVENT_CHUNK_ID* EVENT_TIMESTAMP* EVENT_SCORE* RING_MISS_COUNT* CHUNK_OVERFLOW}]
/home/work1/Works/AI-Trigger-System/HDL/constraints/ai_trigger_ooc.xdc (Line: 30)
Related violations: <none>

XDCH-2#880 Warning
Same min and max delay values on IO port  
The same output delay of 0.000 ns has been defined on port 'EVENT_DATA[743]' relative to clock CLK_ADC for both max and min. Make sure this reflects the design intent.
set_output_delay -clock [get_clocks CLK_ADC] 0.000 [get_ports -quiet {EVENT_VALID EVENT_DATA* EVENT_LAST EVENT_CHUNK_ID* EVENT_TIMESTAMP* EVENT_SCORE* RING_MISS_COUNT* CHUNK_OVERFLOW}]
/home/work1/Works/AI-Trigger-System/HDL/constraints/ai_trigger_ooc.xdc (Line: 30)
Related violations: <none>

XDCH-2#881 Warning
Same min and max delay values on IO port  
The same output delay of 0.000 ns has been defined on port 'EVENT_DATA[744]' relative to clock CLK_ADC for both max and min. Make sure this reflects the design intent.
set_output_delay -clock [get_clocks CLK_ADC] 0.000 [get_ports -quiet {EVENT_VALID EVENT_DATA* EVENT_LAST EVENT_CHUNK_ID* EVENT_TIMESTAMP* EVENT_SCORE* RING_MISS_COUNT* CHUNK_OVERFLOW}]
/home/work1/Works/AI-Trigger-System/HDL/constraints/ai_trigger_ooc.xdc (Line: 30)
Related violations: <none>

XDCH-2#882 Warning
Same min and max delay values on IO port  
The same output delay of 0.000 ns has been defined on port 'EVENT_DATA[745]' relative to clock CLK_ADC for both max and min. Make sure this reflects the design intent.
set_output_delay -clock [get_clocks CLK_ADC] 0.000 [get_ports -quiet {EVENT_VALID EVENT_DATA* EVENT_LAST EVENT_CHUNK_ID* EVENT_TIMESTAMP* EVENT_SCORE* RING_MISS_COUNT* CHUNK_OVERFLOW}]
/home/work1/Works/AI-Trigger-System/HDL/constraints/ai_trigger_ooc.xdc (Line: 30)
Related violations: <none>

XDCH-2#883 Warning
Same min and max delay values on IO port  
The same output delay of 0.000 ns has been defined on port 'EVENT_DATA[746]' relative to clock CLK_ADC for both max and min. Make sure this reflects the design intent.
set_output_delay -clock [get_clocks CLK_ADC] 0.000 [get_ports -quiet {EVENT_VALID EVENT_DATA* EVENT_LAST EVENT_CHUNK_ID* EVENT_TIMESTAMP* EVENT_SCORE* RING_MISS_COUNT* CHUNK_OVERFLOW}]
/home/work1/Works/AI-Trigger-System/HDL/constraints/ai_trigger_ooc.xdc (Line: 30)
Related violations: <none>

XDCH-2#884 Warning
Same min and max delay values on IO port  
The same output delay of 0.000 ns has been defined on port 'EVENT_DATA[747]' relative to clock CLK_ADC for both max and min. Make sure this reflects the design intent.
set_output_delay -clock [get_clocks CLK_ADC] 0.000 [get_ports -quiet {EVENT_VALID EVENT_DATA* EVENT_LAST EVENT_CHUNK_ID* EVENT_TIMESTAMP* EVENT_SCORE* RING_MISS_COUNT* CHUNK_OVERFLOW}]
/home/work1/Works/AI-Trigger-System/HDL/constraints/ai_trigger_ooc.xdc (Line: 30)
Related violations: <none>

XDCH-2#885 Warning
Same min and max delay values on IO port  
The same output delay of 0.000 ns has been defined on port 'EVENT_DATA[748]' relative to clock CLK_ADC for both max and min. Make sure this reflects the design intent.
set_output_delay -clock [get_clocks CLK_ADC] 0.000 [get_ports -quiet {EVENT_VALID EVENT_DATA* EVENT_LAST EVENT_CHUNK_ID* EVENT_TIMESTAMP* EVENT_SCORE* RING_MISS_COUNT* CHUNK_OVERFLOW}]
/home/work1/Works/AI-Trigger-System/HDL/constraints/ai_trigger_ooc.xdc (Line: 30)
Related violations: <none>

XDCH-2#886 Warning
Same min and max delay values on IO port  
The same output delay of 0.000 ns has been defined on port 'EVENT_DATA[749]' relative to clock CLK_ADC for both max and min. Make sure this reflects the design intent.
set_output_delay -clock [get_clocks CLK_ADC] 0.000 [get_ports -quiet {EVENT_VALID EVENT_DATA* EVENT_LAST EVENT_CHUNK_ID* EVENT_TIMESTAMP* EVENT_SCORE* RING_MISS_COUNT* CHUNK_OVERFLOW}]
/home/work1/Works/AI-Trigger-System/HDL/constraints/ai_trigger_ooc.xdc (Line: 30)
Related violations: <none>

XDCH-2#887 Warning
Same min and max delay values on IO port  
The same output delay of 0.000 ns has been defined on port 'EVENT_DATA[74]' relative to clock CLK_ADC for both max and min. Make sure this reflects the design intent.
set_output_delay -clock [get_clocks CLK_ADC] 0.000 [get_ports -quiet {EVENT_VALID EVENT_DATA* EVENT_LAST EVENT_CHUNK_ID* EVENT_TIMESTAMP* EVENT_SCORE* RING_MISS_COUNT* CHUNK_OVERFLOW}]
/home/work1/Works/AI-Trigger-System/HDL/constraints/ai_trigger_ooc.xdc (Line: 30)
Related violations: <none>

XDCH-2#888 Warning
Same min and max delay values on IO port  
The same output delay of 0.000 ns has been defined on port 'EVENT_DATA[750]' relative to clock CLK_ADC for both max and min. Make sure this reflects the design intent.
set_output_delay -clock [get_clocks CLK_ADC] 0.000 [get_ports -quiet {EVENT_VALID EVENT_DATA* EVENT_LAST EVENT_CHUNK_ID* EVENT_TIMESTAMP* EVENT_SCORE* RING_MISS_COUNT* CHUNK_OVERFLOW}]
/home/work1/Works/AI-Trigger-System/HDL/constraints/ai_trigger_ooc.xdc (Line: 30)
Related violations: <none>

XDCH-2#889 Warning
Same min and max delay values on IO port  
The same output delay of 0.000 ns has been defined on port 'EVENT_DATA[751]' relative to clock CLK_ADC for both max and min. Make sure this reflects the design intent.
set_output_delay -clock [get_clocks CLK_ADC] 0.000 [get_ports -quiet {EVENT_VALID EVENT_DATA* EVENT_LAST EVENT_CHUNK_ID* EVENT_TIMESTAMP* EVENT_SCORE* RING_MISS_COUNT* CHUNK_OVERFLOW}]
/home/work1/Works/AI-Trigger-System/HDL/constraints/ai_trigger_ooc.xdc (Line: 30)
Related violations: <none>

XDCH-2#890 Warning
Same min and max delay values on IO port  
The same output delay of 0.000 ns has been defined on port 'EVENT_DATA[752]' relative to clock CLK_ADC for both max and min. Make sure this reflects the design intent.
set_output_delay -clock [get_clocks CLK_ADC] 0.000 [get_ports -quiet {EVENT_VALID EVENT_DATA* EVENT_LAST EVENT_CHUNK_ID* EVENT_TIMESTAMP* EVENT_SCORE* RING_MISS_COUNT* CHUNK_OVERFLOW}]
/home/work1/Works/AI-Trigger-System/HDL/constraints/ai_trigger_ooc.xdc (Line: 30)
Related violations: <none>

XDCH-2#891 Warning
Same min and max delay values on IO port  
The same output delay of 0.000 ns has been defined on port 'EVENT_DATA[753]' relative to clock CLK_ADC for both max and min. Make sure this reflects the design intent.
set_output_delay -clock [get_clocks CLK_ADC] 0.000 [get_ports -quiet {EVENT_VALID EVENT_DATA* EVENT_LAST EVENT_CHUNK_ID* EVENT_TIMESTAMP* EVENT_SCORE* RING_MISS_COUNT* CHUNK_OVERFLOW}]
/home/work1/Works/AI-Trigger-System/HDL/constraints/ai_trigger_ooc.xdc (Line: 30)
Related violations: <none>

XDCH-2#892 Warning
Same min and max delay values on IO port  
The same output delay of 0.000 ns has been defined on port 'EVENT_DATA[754]' relative to clock CLK_ADC for both max and min. Make sure this reflects the design intent.
set_output_delay -clock [get_clocks CLK_ADC] 0.000 [get_ports -quiet {EVENT_VALID EVENT_DATA* EVENT_LAST EVENT_CHUNK_ID* EVENT_TIMESTAMP* EVENT_SCORE* RING_MISS_COUNT* CHUNK_OVERFLOW}]
/home/work1/Works/AI-Trigger-System/HDL/constraints/ai_trigger_ooc.xdc (Line: 30)
Related violations: <none>

XDCH-2#893 Warning
Same min and max delay values on IO port  
The same output delay of 0.000 ns has been defined on port 'EVENT_DATA[755]' relative to clock CLK_ADC for both max and min. Make sure this reflects the design intent.
set_output_delay -clock [get_clocks CLK_ADC] 0.000 [get_ports -quiet {EVENT_VALID EVENT_DATA* EVENT_LAST EVENT_CHUNK_ID* EVENT_TIMESTAMP* EVENT_SCORE* RING_MISS_COUNT* CHUNK_OVERFLOW}]
/home/work1/Works/AI-Trigger-System/HDL/constraints/ai_trigger_ooc.xdc (Line: 30)
Related violations: <none>

XDCH-2#894 Warning
Same min and max delay values on IO port  
The same output delay of 0.000 ns has been defined on port 'EVENT_DATA[756]' relative to clock CLK_ADC for both max and min. Make sure this reflects the design intent.
set_output_delay -clock [get_clocks CLK_ADC] 0.000 [get_ports -quiet {EVENT_VALID EVENT_DATA* EVENT_LAST EVENT_CHUNK_ID* EVENT_TIMESTAMP* EVENT_SCORE* RING_MISS_COUNT* CHUNK_OVERFLOW}]
/home/work1/Works/AI-Trigger-System/HDL/constraints/ai_trigger_ooc.xdc (Line: 30)
Related violations: <none>

XDCH-2#895 Warning
Same min and max delay values on IO port  
The same output delay of 0.000 ns has been defined on port 'EVENT_DATA[757]' relative to clock CLK_ADC for both max and min. Make sure this reflects the design intent.
set_output_delay -clock [get_clocks CLK_ADC] 0.000 [get_ports -quiet {EVENT_VALID EVENT_DATA* EVENT_LAST EVENT_CHUNK_ID* EVENT_TIMESTAMP* EVENT_SCORE* RING_MISS_COUNT* CHUNK_OVERFLOW}]
/home/work1/Works/AI-Trigger-System/HDL/constraints/ai_trigger_ooc.xdc (Line: 30)
Related violations: <none>

XDCH-2#896 Warning
Same min and max delay values on IO port  
The same output delay of 0.000 ns has been defined on port 'EVENT_DATA[758]' relative to clock CLK_ADC for both max and min. Make sure this reflects the design intent.
set_output_delay -clock [get_clocks CLK_ADC] 0.000 [get_ports -quiet {EVENT_VALID EVENT_DATA* EVENT_LAST EVENT_CHUNK_ID* EVENT_TIMESTAMP* EVENT_SCORE* RING_MISS_COUNT* CHUNK_OVERFLOW}]
/home/work1/Works/AI-Trigger-System/HDL/constraints/ai_trigger_ooc.xdc (Line: 30)
Related violations: <none>

XDCH-2#897 Warning
Same min and max delay values on IO port  
The same output delay of 0.000 ns has been defined on port 'EVENT_DATA[759]' relative to clock CLK_ADC for both max and min. Make sure this reflects the design intent.
set_output_delay -clock [get_clocks CLK_ADC] 0.000 [get_ports -quiet {EVENT_VALID EVENT_DATA* EVENT_LAST EVENT_CHUNK_ID* EVENT_TIMESTAMP* EVENT_SCORE* RING_MISS_COUNT* CHUNK_OVERFLOW}]
/home/work1/Works/AI-Trigger-System/HDL/constraints/ai_trigger_ooc.xdc (Line: 30)
Related violations: <none>

XDCH-2#898 Warning
Same min and max delay values on IO port  
The same output delay of 0.000 ns has been defined on port 'EVENT_DATA[75]' relative to clock CLK_ADC for both max and min. Make sure this reflects the design intent.
set_output_delay -clock [get_clocks CLK_ADC] 0.000 [get_ports -quiet {EVENT_VALID EVENT_DATA* EVENT_LAST EVENT_CHUNK_ID* EVENT_TIMESTAMP* EVENT_SCORE* RING_MISS_COUNT* CHUNK_OVERFLOW}]
/home/work1/Works/AI-Trigger-System/HDL/constraints/ai_trigger_ooc.xdc (Line: 30)
Related violations: <none>

XDCH-2#899 Warning
Same min and max delay values on IO port  
The same output delay of 0.000 ns has been defined on port 'EVENT_DATA[760]' relative to clock CLK_ADC for both max and min. Make sure this reflects the design intent.
set_output_delay -clock [get_clocks CLK_ADC] 0.000 [get_ports -quiet {EVENT_VALID EVENT_DATA* EVENT_LAST EVENT_CHUNK_ID* EVENT_TIMESTAMP* EVENT_SCORE* RING_MISS_COUNT* CHUNK_OVERFLOW}]
/home/work1/Works/AI-Trigger-System/HDL/constraints/ai_trigger_ooc.xdc (Line: 30)
Related violations: <none>

XDCH-2#900 Warning
Same min and max delay values on IO port  
The same output delay of 0.000 ns has been defined on port 'EVENT_DATA[761]' relative to clock CLK_ADC for both max and min. Make sure this reflects the design intent.
set_output_delay -clock [get_clocks CLK_ADC] 0.000 [get_ports -quiet {EVENT_VALID EVENT_DATA* EVENT_LAST EVENT_CHUNK_ID* EVENT_TIMESTAMP* EVENT_SCORE* RING_MISS_COUNT* CHUNK_OVERFLOW}]
/home/work1/Works/AI-Trigger-System/HDL/constraints/ai_trigger_ooc.xdc (Line: 30)
Related violations: <none>

XDCH-2#901 Warning
Same min and max delay values on IO port  
The same output delay of 0.000 ns has been defined on port 'EVENT_DATA[762]' relative to clock CLK_ADC for both max and min. Make sure this reflects the design intent.
set_output_delay -clock [get_clocks CLK_ADC] 0.000 [get_ports -quiet {EVENT_VALID EVENT_DATA* EVENT_LAST EVENT_CHUNK_ID* EVENT_TIMESTAMP* EVENT_SCORE* RING_MISS_COUNT* CHUNK_OVERFLOW}]
/home/work1/Works/AI-Trigger-System/HDL/constraints/ai_trigger_ooc.xdc (Line: 30)
Related violations: <none>

XDCH-2#902 Warning
Same min and max delay values on IO port  
The same output delay of 0.000 ns has been defined on port 'EVENT_DATA[763]' relative to clock CLK_ADC for both max and min. Make sure this reflects the design intent.
set_output_delay -clock [get_clocks CLK_ADC] 0.000 [get_ports -quiet {EVENT_VALID EVENT_DATA* EVENT_LAST EVENT_CHUNK_ID* EVENT_TIMESTAMP* EVENT_SCORE* RING_MISS_COUNT* CHUNK_OVERFLOW}]
/home/work1/Works/AI-Trigger-System/HDL/constraints/ai_trigger_ooc.xdc (Line: 30)
Related violations: <none>

XDCH-2#903 Warning
Same min and max delay values on IO port  
The same output delay of 0.000 ns has been defined on port 'EVENT_DATA[764]' relative to clock CLK_ADC for both max and min. Make sure this reflects the design intent.
set_output_delay -clock [get_clocks CLK_ADC] 0.000 [get_ports -quiet {EVENT_VALID EVENT_DATA* EVENT_LAST EVENT_CHUNK_ID* EVENT_TIMESTAMP* EVENT_SCORE* RING_MISS_COUNT* CHUNK_OVERFLOW}]
/home/work1/Works/AI-Trigger-System/HDL/constraints/ai_trigger_ooc.xdc (Line: 30)
Related violations: <none>

XDCH-2#904 Warning
Same min and max delay values on IO port  
The same output delay of 0.000 ns has been defined on port 'EVENT_DATA[765]' relative to clock CLK_ADC for both max and min. Make sure this reflects the design intent.
set_output_delay -clock [get_clocks CLK_ADC] 0.000 [get_ports -quiet {EVENT_VALID EVENT_DATA* EVENT_LAST EVENT_CHUNK_ID* EVENT_TIMESTAMP* EVENT_SCORE* RING_MISS_COUNT* CHUNK_OVERFLOW}]
/home/work1/Works/AI-Trigger-System/HDL/constraints/ai_trigger_ooc.xdc (Line: 30)
Related violations: <none>

XDCH-2#905 Warning
Same min and max delay values on IO port  
The same output delay of 0.000 ns has been defined on port 'EVENT_DATA[766]' relative to clock CLK_ADC for both max and min. Make sure this reflects the design intent.
set_output_delay -clock [get_clocks CLK_ADC] 0.000 [get_ports -quiet {EVENT_VALID EVENT_DATA* EVENT_LAST EVENT_CHUNK_ID* EVENT_TIMESTAMP* EVENT_SCORE* RING_MISS_COUNT* CHUNK_OVERFLOW}]
/home/work1/Works/AI-Trigger-System/HDL/constraints/ai_trigger_ooc.xdc (Line: 30)
Related violations: <none>

XDCH-2#906 Warning
Same min and max delay values on IO port  
The same output delay of 0.000 ns has been defined on port 'EVENT_DATA[767]' relative to clock CLK_ADC for both max and min. Make sure this reflects the design intent.
set_output_delay -clock [get_clocks CLK_ADC] 0.000 [get_ports -quiet {EVENT_VALID EVENT_DATA* EVENT_LAST EVENT_CHUNK_ID* EVENT_TIMESTAMP* EVENT_SCORE* RING_MISS_COUNT* CHUNK_OVERFLOW}]
/home/work1/Works/AI-Trigger-System/HDL/constraints/ai_trigger_ooc.xdc (Line: 30)
Related violations: <none>

XDCH-2#907 Warning
Same min and max delay values on IO port  
The same output delay of 0.000 ns has been defined on port 'EVENT_DATA[76]' relative to clock CLK_ADC for both max and min. Make sure this reflects the design intent.
set_output_delay -clock [get_clocks CLK_ADC] 0.000 [get_ports -quiet {EVENT_VALID EVENT_DATA* EVENT_LAST EVENT_CHUNK_ID* EVENT_TIMESTAMP* EVENT_SCORE* RING_MISS_COUNT* CHUNK_OVERFLOW}]
/home/work1/Works/AI-Trigger-System/HDL/constraints/ai_trigger_ooc.xdc (Line: 30)
Related violations: <none>

XDCH-2#908 Warning
Same min and max delay values on IO port  
The same output delay of 0.000 ns has been defined on port 'EVENT_DATA[77]' relative to clock CLK_ADC for both max and min. Make sure this reflects the design intent.
set_output_delay -clock [get_clocks CLK_ADC] 0.000 [get_ports -quiet {EVENT_VALID EVENT_DATA* EVENT_LAST EVENT_CHUNK_ID* EVENT_TIMESTAMP* EVENT_SCORE* RING_MISS_COUNT* CHUNK_OVERFLOW}]
/home/work1/Works/AI-Trigger-System/HDL/constraints/ai_trigger_ooc.xdc (Line: 30)
Related violations: <none>

XDCH-2#909 Warning
Same min and max delay values on IO port  
The same output delay of 0.000 ns has been defined on port 'EVENT_DATA[78]' relative to clock CLK_ADC for both max and min. Make sure this reflects the design intent.
set_output_delay -clock [get_clocks CLK_ADC] 0.000 [get_ports -quiet {EVENT_VALID EVENT_DATA* EVENT_LAST EVENT_CHUNK_ID* EVENT_TIMESTAMP* EVENT_SCORE* RING_MISS_COUNT* CHUNK_OVERFLOW}]
/home/work1/Works/AI-Trigger-System/HDL/constraints/ai_trigger_ooc.xdc (Line: 30)
Related violations: <none>

XDCH-2#910 Warning
Same min and max delay values on IO port  
The same output delay of 0.000 ns has been defined on port 'EVENT_DATA[79]' relative to clock CLK_ADC for both max and min. Make sure this reflects the design intent.
set_output_delay -clock [get_clocks CLK_ADC] 0.000 [get_ports -quiet {EVENT_VALID EVENT_DATA* EVENT_LAST EVENT_CHUNK_ID* EVENT_TIMESTAMP* EVENT_SCORE* RING_MISS_COUNT* CHUNK_OVERFLOW}]
/home/work1/Works/AI-Trigger-System/HDL/constraints/ai_trigger_ooc.xdc (Line: 30)
Related violations: <none>

XDCH-2#911 Warning
Same min and max delay values on IO port  
The same output delay of 0.000 ns has been defined on port 'EVENT_DATA[7]' relative to clock CLK_ADC for both max and min. Make sure this reflects the design intent.
set_output_delay -clock [get_clocks CLK_ADC] 0.000 [get_ports -quiet {EVENT_VALID EVENT_DATA* EVENT_LAST EVENT_CHUNK_ID* EVENT_TIMESTAMP* EVENT_SCORE* RING_MISS_COUNT* CHUNK_OVERFLOW}]
/home/work1/Works/AI-Trigger-System/HDL/constraints/ai_trigger_ooc.xdc (Line: 30)
Related violations: <none>

XDCH-2#912 Warning
Same min and max delay values on IO port  
The same output delay of 0.000 ns has been defined on port 'EVENT_DATA[80]' relative to clock CLK_ADC for both max and min. Make sure this reflects the design intent.
set_output_delay -clock [get_clocks CLK_ADC] 0.000 [get_ports -quiet {EVENT_VALID EVENT_DATA* EVENT_LAST EVENT_CHUNK_ID* EVENT_TIMESTAMP* EVENT_SCORE* RING_MISS_COUNT* CHUNK_OVERFLOW}]
/home/work1/Works/AI-Trigger-System/HDL/constraints/ai_trigger_ooc.xdc (Line: 30)
Related violations: <none>

XDCH-2#913 Warning
Same min and max delay values on IO port  
The same output delay of 0.000 ns has been defined on port 'EVENT_DATA[81]' relative to clock CLK_ADC for both max and min. Make sure this reflects the design intent.
set_output_delay -clock [get_clocks CLK_ADC] 0.000 [get_ports -quiet {EVENT_VALID EVENT_DATA* EVENT_LAST EVENT_CHUNK_ID* EVENT_TIMESTAMP* EVENT_SCORE* RING_MISS_COUNT* CHUNK_OVERFLOW}]
/home/work1/Works/AI-Trigger-System/HDL/constraints/ai_trigger_ooc.xdc (Line: 30)
Related violations: <none>

XDCH-2#914 Warning
Same min and max delay values on IO port  
The same output delay of 0.000 ns has been defined on port 'EVENT_DATA[82]' relative to clock CLK_ADC for both max and min. Make sure this reflects the design intent.
set_output_delay -clock [get_clocks CLK_ADC] 0.000 [get_ports -quiet {EVENT_VALID EVENT_DATA* EVENT_LAST EVENT_CHUNK_ID* EVENT_TIMESTAMP* EVENT_SCORE* RING_MISS_COUNT* CHUNK_OVERFLOW}]
/home/work1/Works/AI-Trigger-System/HDL/constraints/ai_trigger_ooc.xdc (Line: 30)
Related violations: <none>

XDCH-2#915 Warning
Same min and max delay values on IO port  
The same output delay of 0.000 ns has been defined on port 'EVENT_DATA[83]' relative to clock CLK_ADC for both max and min. Make sure this reflects the design intent.
set_output_delay -clock [get_clocks CLK_ADC] 0.000 [get_ports -quiet {EVENT_VALID EVENT_DATA* EVENT_LAST EVENT_CHUNK_ID* EVENT_TIMESTAMP* EVENT_SCORE* RING_MISS_COUNT* CHUNK_OVERFLOW}]
/home/work1/Works/AI-Trigger-System/HDL/constraints/ai_trigger_ooc.xdc (Line: 30)
Related violations: <none>

XDCH-2#916 Warning
Same min and max delay values on IO port  
The same output delay of 0.000 ns has been defined on port 'EVENT_DATA[84]' relative to clock CLK_ADC for both max and min. Make sure this reflects the design intent.
set_output_delay -clock [get_clocks CLK_ADC] 0.000 [get_ports -quiet {EVENT_VALID EVENT_DATA* EVENT_LAST EVENT_CHUNK_ID* EVENT_TIMESTAMP* EVENT_SCORE* RING_MISS_COUNT* CHUNK_OVERFLOW}]
/home/work1/Works/AI-Trigger-System/HDL/constraints/ai_trigger_ooc.xdc (Line: 30)
Related violations: <none>

XDCH-2#917 Warning
Same min and max delay values on IO port  
The same output delay of 0.000 ns has been defined on port 'EVENT_DATA[85]' relative to clock CLK_ADC for both max and min. Make sure this reflects the design intent.
set_output_delay -clock [get_clocks CLK_ADC] 0.000 [get_ports -quiet {EVENT_VALID EVENT_DATA* EVENT_LAST EVENT_CHUNK_ID* EVENT_TIMESTAMP* EVENT_SCORE* RING_MISS_COUNT* CHUNK_OVERFLOW}]
/home/work1/Works/AI-Trigger-System/HDL/constraints/ai_trigger_ooc.xdc (Line: 30)
Related violations: <none>

XDCH-2#918 Warning
Same min and max delay values on IO port  
The same output delay of 0.000 ns has been defined on port 'EVENT_DATA[86]' relative to clock CLK_ADC for both max and min. Make sure this reflects the design intent.
set_output_delay -clock [get_clocks CLK_ADC] 0.000 [get_ports -quiet {EVENT_VALID EVENT_DATA* EVENT_LAST EVENT_CHUNK_ID* EVENT_TIMESTAMP* EVENT_SCORE* RING_MISS_COUNT* CHUNK_OVERFLOW}]
/home/work1/Works/AI-Trigger-System/HDL/constraints/ai_trigger_ooc.xdc (Line: 30)
Related violations: <none>

XDCH-2#919 Warning
Same min and max delay values on IO port  
The same output delay of 0.000 ns has been defined on port 'EVENT_DATA[87]' relative to clock CLK_ADC for both max and min. Make sure this reflects the design intent.
set_output_delay -clock [get_clocks CLK_ADC] 0.000 [get_ports -quiet {EVENT_VALID EVENT_DATA* EVENT_LAST EVENT_CHUNK_ID* EVENT_TIMESTAMP* EVENT_SCORE* RING_MISS_COUNT* CHUNK_OVERFLOW}]
/home/work1/Works/AI-Trigger-System/HDL/constraints/ai_trigger_ooc.xdc (Line: 30)
Related violations: <none>

XDCH-2#920 Warning
Same min and max delay values on IO port  
The same output delay of 0.000 ns has been defined on port 'EVENT_DATA[88]' relative to clock CLK_ADC for both max and min. Make sure this reflects the design intent.
set_output_delay -clock [get_clocks CLK_ADC] 0.000 [get_ports -quiet {EVENT_VALID EVENT_DATA* EVENT_LAST EVENT_CHUNK_ID* EVENT_TIMESTAMP* EVENT_SCORE* RING_MISS_COUNT* CHUNK_OVERFLOW}]
/home/work1/Works/AI-Trigger-System/HDL/constraints/ai_trigger_ooc.xdc (Line: 30)
Related violations: <none>

XDCH-2#921 Warning
Same min and max delay values on IO port  
The same output delay of 0.000 ns has been defined on port 'EVENT_DATA[89]' relative to clock CLK_ADC for both max and min. Make sure this reflects the design intent.
set_output_delay -clock [get_clocks CLK_ADC] 0.000 [get_ports -quiet {EVENT_VALID EVENT_DATA* EVENT_LAST EVENT_CHUNK_ID* EVENT_TIMESTAMP* EVENT_SCORE* RING_MISS_COUNT* CHUNK_OVERFLOW}]
/home/work1/Works/AI-Trigger-System/HDL/constraints/ai_trigger_ooc.xdc (Line: 30)
Related violations: <none>

XDCH-2#922 Warning
Same min and max delay values on IO port  
The same output delay of 0.000 ns has been defined on port 'EVENT_DATA[8]' relative to clock CLK_ADC for both max and min. Make sure this reflects the design intent.
set_output_delay -clock [get_clocks CLK_ADC] 0.000 [get_ports -quiet {EVENT_VALID EVENT_DATA* EVENT_LAST EVENT_CHUNK_ID* EVENT_TIMESTAMP* EVENT_SCORE* RING_MISS_COUNT* CHUNK_OVERFLOW}]
/home/work1/Works/AI-Trigger-System/HDL/constraints/ai_trigger_ooc.xdc (Line: 30)
Related violations: <none>

XDCH-2#923 Warning
Same min and max delay values on IO port  
The same output delay of 0.000 ns has been defined on port 'EVENT_DATA[90]' relative to clock CLK_ADC for both max and min. Make sure this reflects the design intent.
set_output_delay -clock [get_clocks CLK_ADC] 0.000 [get_ports -quiet {EVENT_VALID EVENT_DATA* EVENT_LAST EVENT_CHUNK_ID* EVENT_TIMESTAMP* EVENT_SCORE* RING_MISS_COUNT* CHUNK_OVERFLOW}]
/home/work1/Works/AI-Trigger-System/HDL/constraints/ai_trigger_ooc.xdc (Line: 30)
Related violations: <none>

XDCH-2#924 Warning
Same min and max delay values on IO port  
The same output delay of 0.000 ns has been defined on port 'EVENT_DATA[91]' relative to clock CLK_ADC for both max and min. Make sure this reflects the design intent.
set_output_delay -clock [get_clocks CLK_ADC] 0.000 [get_ports -quiet {EVENT_VALID EVENT_DATA* EVENT_LAST EVENT_CHUNK_ID* EVENT_TIMESTAMP* EVENT_SCORE* RING_MISS_COUNT* CHUNK_OVERFLOW}]
/home/work1/Works/AI-Trigger-System/HDL/constraints/ai_trigger_ooc.xdc (Line: 30)
Related violations: <none>

XDCH-2#925 Warning
Same min and max delay values on IO port  
The same output delay of 0.000 ns has been defined on port 'EVENT_DATA[92]' relative to clock CLK_ADC for both max and min. Make sure this reflects the design intent.
set_output_delay -clock [get_clocks CLK_ADC] 0.000 [get_ports -quiet {EVENT_VALID EVENT_DATA* EVENT_LAST EVENT_CHUNK_ID* EVENT_TIMESTAMP* EVENT_SCORE* RING_MISS_COUNT* CHUNK_OVERFLOW}]
/home/work1/Works/AI-Trigger-System/HDL/constraints/ai_trigger_ooc.xdc (Line: 30)
Related violations: <none>

XDCH-2#926 Warning
Same min and max delay values on IO port  
The same output delay of 0.000 ns has been defined on port 'EVENT_DATA[93]' relative to clock CLK_ADC for both max and min. Make sure this reflects the design intent.
set_output_delay -clock [get_clocks CLK_ADC] 0.000 [get_ports -quiet {EVENT_VALID EVENT_DATA* EVENT_LAST EVENT_CHUNK_ID* EVENT_TIMESTAMP* EVENT_SCORE* RING_MISS_COUNT* CHUNK_OVERFLOW}]
/home/work1/Works/AI-Trigger-System/HDL/constraints/ai_trigger_ooc.xdc (Line: 30)
Related violations: <none>

XDCH-2#927 Warning
Same min and max delay values on IO port  
The same output delay of 0.000 ns has been defined on port 'EVENT_DATA[94]' relative to clock CLK_ADC for both max and min. Make sure this reflects the design intent.
set_output_delay -clock [get_clocks CLK_ADC] 0.000 [get_ports -quiet {EVENT_VALID EVENT_DATA* EVENT_LAST EVENT_CHUNK_ID* EVENT_TIMESTAMP* EVENT_SCORE* RING_MISS_COUNT* CHUNK_OVERFLOW}]
/home/work1/Works/AI-Trigger-System/HDL/constraints/ai_trigger_ooc.xdc (Line: 30)
Related violations: <none>

XDCH-2#928 Warning
Same min and max delay values on IO port  
The same output delay of 0.000 ns has been defined on port 'EVENT_DATA[95]' relative to clock CLK_ADC for both max and min. Make sure this reflects the design intent.
set_output_delay -clock [get_clocks CLK_ADC] 0.000 [get_ports -quiet {EVENT_VALID EVENT_DATA* EVENT_LAST EVENT_CHUNK_ID* EVENT_TIMESTAMP* EVENT_SCORE* RING_MISS_COUNT* CHUNK_OVERFLOW}]
/home/work1/Works/AI-Trigger-System/HDL/constraints/ai_trigger_ooc.xdc (Line: 30)
Related violations: <none>

XDCH-2#929 Warning
Same min and max delay values on IO port  
The same output delay of 0.000 ns has been defined on port 'EVENT_DATA[96]' relative to clock CLK_ADC for both max and min. Make sure this reflects the design intent.
set_output_delay -clock [get_clocks CLK_ADC] 0.000 [get_ports -quiet {EVENT_VALID EVENT_DATA* EVENT_LAST EVENT_CHUNK_ID* EVENT_TIMESTAMP* EVENT_SCORE* RING_MISS_COUNT* CHUNK_OVERFLOW}]
/home/work1/Works/AI-Trigger-System/HDL/constraints/ai_trigger_ooc.xdc (Line: 30)
Related violations: <none>

XDCH-2#930 Warning
Same min and max delay values on IO port  
The same output delay of 0.000 ns has been defined on port 'EVENT_DATA[97]' relative to clock CLK_ADC for both max and min. Make sure this reflects the design intent.
set_output_delay -clock [get_clocks CLK_ADC] 0.000 [get_ports -quiet {EVENT_VALID EVENT_DATA* EVENT_LAST EVENT_CHUNK_ID* EVENT_TIMESTAMP* EVENT_SCORE* RING_MISS_COUNT* CHUNK_OVERFLOW}]
/home/work1/Works/AI-Trigger-System/HDL/constraints/ai_trigger_ooc.xdc (Line: 30)
Related violations: <none>

XDCH-2#931 Warning
Same min and max delay values on IO port  
The same output delay of 0.000 ns has been defined on port 'EVENT_DATA[98]' relative to clock CLK_ADC for both max and min. Make sure this reflects the design intent.
set_output_delay -clock [get_clocks CLK_ADC] 0.000 [get_ports -quiet {EVENT_VALID EVENT_DATA* EVENT_LAST EVENT_CHUNK_ID* EVENT_TIMESTAMP* EVENT_SCORE* RING_MISS_COUNT* CHUNK_OVERFLOW}]
/home/work1/Works/AI-Trigger-System/HDL/constraints/ai_trigger_ooc.xdc (Line: 30)
Related violations: <none>

XDCH-2#932 Warning
Same min and max delay values on IO port  
The same output delay of 0.000 ns has been defined on port 'EVENT_DATA[99]' relative to clock CLK_ADC for both max and min. Make sure this reflects the design intent.
set_output_delay -clock [get_clocks CLK_ADC] 0.000 [get_ports -quiet {EVENT_VALID EVENT_DATA* EVENT_LAST EVENT_CHUNK_ID* EVENT_TIMESTAMP* EVENT_SCORE* RING_MISS_COUNT* CHUNK_OVERFLOW}]
/home/work1/Works/AI-Trigger-System/HDL/constraints/ai_trigger_ooc.xdc (Line: 30)
Related violations: <none>

XDCH-2#933 Warning
Same min and max delay values on IO port  
The same output delay of 0.000 ns has been defined on port 'EVENT_DATA[9]' relative to clock CLK_ADC for both max and min. Make sure this reflects the design intent.
set_output_delay -clock [get_clocks CLK_ADC] 0.000 [get_ports -quiet {EVENT_VALID EVENT_DATA* EVENT_LAST EVENT_CHUNK_ID* EVENT_TIMESTAMP* EVENT_SCORE* RING_MISS_COUNT* CHUNK_OVERFLOW}]
/home/work1/Works/AI-Trigger-System/HDL/constraints/ai_trigger_ooc.xdc (Line: 30)
Related violations: <none>

XDCH-2#934 Warning
Same min and max delay values on IO port  
The same output delay of 0.000 ns has been defined on port 'EVENT_LAST' relative to clock CLK_ADC for both max and min. Make sure this reflects the design intent.
set_output_delay -clock [get_clocks CLK_ADC] 0.000 [get_ports -quiet {EVENT_VALID EVENT_DATA* EVENT_LAST EVENT_CHUNK_ID* EVENT_TIMESTAMP* EVENT_SCORE* RING_MISS_COUNT* CHUNK_OVERFLOW}]
/home/work1/Works/AI-Trigger-System/HDL/constraints/ai_trigger_ooc.xdc (Line: 30)
Related violations: <none>

XDCH-2#935 Warning
Same min and max delay values on IO port  
The same output delay of 0.000 ns has been defined on port 'EVENT_SCORE[0]' relative to clock CLK_ADC for both max and min. Make sure this reflects the design intent.
set_output_delay -clock [get_clocks CLK_ADC] 0.000 [get_ports -quiet {EVENT_VALID EVENT_DATA* EVENT_LAST EVENT_CHUNK_ID* EVENT_TIMESTAMP* EVENT_SCORE* RING_MISS_COUNT* CHUNK_OVERFLOW}]
/home/work1/Works/AI-Trigger-System/HDL/constraints/ai_trigger_ooc.xdc (Line: 30)
Related violations: <none>

XDCH-2#936 Warning
Same min and max delay values on IO port  
The same output delay of 0.000 ns has been defined on port 'EVENT_SCORE[10]' relative to clock CLK_ADC for both max and min. Make sure this reflects the design intent.
set_output_delay -clock [get_clocks CLK_ADC] 0.000 [get_ports -quiet {EVENT_VALID EVENT_DATA* EVENT_LAST EVENT_CHUNK_ID* EVENT_TIMESTAMP* EVENT_SCORE* RING_MISS_COUNT* CHUNK_OVERFLOW}]
/home/work1/Works/AI-Trigger-System/HDL/constraints/ai_trigger_ooc.xdc (Line: 30)
Related violations: <none>

XDCH-2#937 Warning
Same min and max delay values on IO port  
The same output delay of 0.000 ns has been defined on port 'EVENT_SCORE[11]' relative to clock CLK_ADC for both max and min. Make sure this reflects the design intent.
set_output_delay -clock [get_clocks CLK_ADC] 0.000 [get_ports -quiet {EVENT_VALID EVENT_DATA* EVENT_LAST EVENT_CHUNK_ID* EVENT_TIMESTAMP* EVENT_SCORE* RING_MISS_COUNT* CHUNK_OVERFLOW}]
/home/work1/Works/AI-Trigger-System/HDL/constraints/ai_trigger_ooc.xdc (Line: 30)
Related violations: <none>

XDCH-2#938 Warning
Same min and max delay values on IO port  
The same output delay of 0.000 ns has been defined on port 'EVENT_SCORE[12]' relative to clock CLK_ADC for both max and min. Make sure this reflects the design intent.
set_output_delay -clock [get_clocks CLK_ADC] 0.000 [get_ports -quiet {EVENT_VALID EVENT_DATA* EVENT_LAST EVENT_CHUNK_ID* EVENT_TIMESTAMP* EVENT_SCORE* RING_MISS_COUNT* CHUNK_OVERFLOW}]
/home/work1/Works/AI-Trigger-System/HDL/constraints/ai_trigger_ooc.xdc (Line: 30)
Related violations: <none>

XDCH-2#939 Warning
Same min and max delay values on IO port  
The same output delay of 0.000 ns has been defined on port 'EVENT_SCORE[13]' relative to clock CLK_ADC for both max and min. Make sure this reflects the design intent.
set_output_delay -clock [get_clocks CLK_ADC] 0.000 [get_ports -quiet {EVENT_VALID EVENT_DATA* EVENT_LAST EVENT_CHUNK_ID* EVENT_TIMESTAMP* EVENT_SCORE* RING_MISS_COUNT* CHUNK_OVERFLOW}]
/home/work1/Works/AI-Trigger-System/HDL/constraints/ai_trigger_ooc.xdc (Line: 30)
Related violations: <none>

XDCH-2#940 Warning
Same min and max delay values on IO port  
The same output delay of 0.000 ns has been defined on port 'EVENT_SCORE[14]' relative to clock CLK_ADC for both max and min. Make sure this reflects the design intent.
set_output_delay -clock [get_clocks CLK_ADC] 0.000 [get_ports -quiet {EVENT_VALID EVENT_DATA* EVENT_LAST EVENT_CHUNK_ID* EVENT_TIMESTAMP* EVENT_SCORE* RING_MISS_COUNT* CHUNK_OVERFLOW}]
/home/work1/Works/AI-Trigger-System/HDL/constraints/ai_trigger_ooc.xdc (Line: 30)
Related violations: <none>

XDCH-2#941 Warning
Same min and max delay values on IO port  
The same output delay of 0.000 ns has been defined on port 'EVENT_SCORE[15]' relative to clock CLK_ADC for both max and min. Make sure this reflects the design intent.
set_output_delay -clock [get_clocks CLK_ADC] 0.000 [get_ports -quiet {EVENT_VALID EVENT_DATA* EVENT_LAST EVENT_CHUNK_ID* EVENT_TIMESTAMP* EVENT_SCORE* RING_MISS_COUNT* CHUNK_OVERFLOW}]
/home/work1/Works/AI-Trigger-System/HDL/constraints/ai_trigger_ooc.xdc (Line: 30)
Related violations: <none>

XDCH-2#942 Warning
Same min and max delay values on IO port  
The same output delay of 0.000 ns has been defined on port 'EVENT_SCORE[16]' relative to clock CLK_ADC for both max and min. Make sure this reflects the design intent.
set_output_delay -clock [get_clocks CLK_ADC] 0.000 [get_ports -quiet {EVENT_VALID EVENT_DATA* EVENT_LAST EVENT_CHUNK_ID* EVENT_TIMESTAMP* EVENT_SCORE* RING_MISS_COUNT* CHUNK_OVERFLOW}]
/home/work1/Works/AI-Trigger-System/HDL/constraints/ai_trigger_ooc.xdc (Line: 30)
Related violations: <none>

XDCH-2#943 Warning
Same min and max delay values on IO port  
The same output delay of 0.000 ns has been defined on port 'EVENT_SCORE[17]' relative to clock CLK_ADC for both max and min. Make sure this reflects the design intent.
set_output_delay -clock [get_clocks CLK_ADC] 0.000 [get_ports -quiet {EVENT_VALID EVENT_DATA* EVENT_LAST EVENT_CHUNK_ID* EVENT_TIMESTAMP* EVENT_SCORE* RING_MISS_COUNT* CHUNK_OVERFLOW}]
/home/work1/Works/AI-Trigger-System/HDL/constraints/ai_trigger_ooc.xdc (Line: 30)
Related violations: <none>

XDCH-2#944 Warning
Same min and max delay values on IO port  
The same output delay of 0.000 ns has been defined on port 'EVENT_SCORE[18]' relative to clock CLK_ADC for both max and min. Make sure this reflects the design intent.
set_output_delay -clock [get_clocks CLK_ADC] 0.000 [get_ports -quiet {EVENT_VALID EVENT_DATA* EVENT_LAST EVENT_CHUNK_ID* EVENT_TIMESTAMP* EVENT_SCORE* RING_MISS_COUNT* CHUNK_OVERFLOW}]
/home/work1/Works/AI-Trigger-System/HDL/constraints/ai_trigger_ooc.xdc (Line: 30)
Related violations: <none>

XDCH-2#945 Warning
Same min and max delay values on IO port  
The same output delay of 0.000 ns has been defined on port 'EVENT_SCORE[19]' relative to clock CLK_ADC for both max and min. Make sure this reflects the design intent.
set_output_delay -clock [get_clocks CLK_ADC] 0.000 [get_ports -quiet {EVENT_VALID EVENT_DATA* EVENT_LAST EVENT_CHUNK_ID* EVENT_TIMESTAMP* EVENT_SCORE* RING_MISS_COUNT* CHUNK_OVERFLOW}]
/home/work1/Works/AI-Trigger-System/HDL/constraints/ai_trigger_ooc.xdc (Line: 30)
Related violations: <none>

XDCH-2#946 Warning
Same min and max delay values on IO port  
The same output delay of 0.000 ns has been defined on port 'EVENT_SCORE[1]' relative to clock CLK_ADC for both max and min. Make sure this reflects the design intent.
set_output_delay -clock [get_clocks CLK_ADC] 0.000 [get_ports -quiet {EVENT_VALID EVENT_DATA* EVENT_LAST EVENT_CHUNK_ID* EVENT_TIMESTAMP* EVENT_SCORE* RING_MISS_COUNT* CHUNK_OVERFLOW}]
/home/work1/Works/AI-Trigger-System/HDL/constraints/ai_trigger_ooc.xdc (Line: 30)
Related violations: <none>

XDCH-2#947 Warning
Same min and max delay values on IO port  
The same output delay of 0.000 ns has been defined on port 'EVENT_SCORE[20]' relative to clock CLK_ADC for both max and min. Make sure this reflects the design intent.
set_output_delay -clock [get_clocks CLK_ADC] 0.000 [get_ports -quiet {EVENT_VALID EVENT_DATA* EVENT_LAST EVENT_CHUNK_ID* EVENT_TIMESTAMP* EVENT_SCORE* RING_MISS_COUNT* CHUNK_OVERFLOW}]
/home/work1/Works/AI-Trigger-System/HDL/constraints/ai_trigger_ooc.xdc (Line: 30)
Related violations: <none>

XDCH-2#948 Warning
Same min and max delay values on IO port  
The same output delay of 0.000 ns has been defined on port 'EVENT_SCORE[21]' relative to clock CLK_ADC for both max and min. Make sure this reflects the design intent.
set_output_delay -clock [get_clocks CLK_ADC] 0.000 [get_ports -quiet {EVENT_VALID EVENT_DATA* EVENT_LAST EVENT_CHUNK_ID* EVENT_TIMESTAMP* EVENT_SCORE* RING_MISS_COUNT* CHUNK_OVERFLOW}]
/home/work1/Works/AI-Trigger-System/HDL/constraints/ai_trigger_ooc.xdc (Line: 30)
Related violations: <none>

XDCH-2#949 Warning
Same min and max delay values on IO port  
The same output delay of 0.000 ns has been defined on port 'EVENT_SCORE[22]' relative to clock CLK_ADC for both max and min. Make sure this reflects the design intent.
set_output_delay -clock [get_clocks CLK_ADC] 0.000 [get_ports -quiet {EVENT_VALID EVENT_DATA* EVENT_LAST EVENT_CHUNK_ID* EVENT_TIMESTAMP* EVENT_SCORE* RING_MISS_COUNT* CHUNK_OVERFLOW}]
/home/work1/Works/AI-Trigger-System/HDL/constraints/ai_trigger_ooc.xdc (Line: 30)
Related violations: <none>

XDCH-2#950 Warning
Same min and max delay values on IO port  
The same output delay of 0.000 ns has been defined on port 'EVENT_SCORE[23]' relative to clock CLK_ADC for both max and min. Make sure this reflects the design intent.
set_output_delay -clock [get_clocks CLK_ADC] 0.000 [get_ports -quiet {EVENT_VALID EVENT_DATA* EVENT_LAST EVENT_CHUNK_ID* EVENT_TIMESTAMP* EVENT_SCORE* RING_MISS_COUNT* CHUNK_OVERFLOW}]
/home/work1/Works/AI-Trigger-System/HDL/constraints/ai_trigger_ooc.xdc (Line: 30)
Related violations: <none>

XDCH-2#951 Warning
Same min and max delay values on IO port  
The same output delay of 0.000 ns has been defined on port 'EVENT_SCORE[24]' relative to clock CLK_ADC for both max and min. Make sure this reflects the design intent.
set_output_delay -clock [get_clocks CLK_ADC] 0.000 [get_ports -quiet {EVENT_VALID EVENT_DATA* EVENT_LAST EVENT_CHUNK_ID* EVENT_TIMESTAMP* EVENT_SCORE* RING_MISS_COUNT* CHUNK_OVERFLOW}]
/home/work1/Works/AI-Trigger-System/HDL/constraints/ai_trigger_ooc.xdc (Line: 30)
Related violations: <none>

XDCH-2#952 Warning
Same min and max delay values on IO port  
The same output delay of 0.000 ns has been defined on port 'EVENT_SCORE[25]' relative to clock CLK_ADC for both max and min. Make sure this reflects the design intent.
set_output_delay -clock [get_clocks CLK_ADC] 0.000 [get_ports -quiet {EVENT_VALID EVENT_DATA* EVENT_LAST EVENT_CHUNK_ID* EVENT_TIMESTAMP* EVENT_SCORE* RING_MISS_COUNT* CHUNK_OVERFLOW}]
/home/work1/Works/AI-Trigger-System/HDL/constraints/ai_trigger_ooc.xdc (Line: 30)
Related violations: <none>

XDCH-2#953 Warning
Same min and max delay values on IO port  
The same output delay of 0.000 ns has been defined on port 'EVENT_SCORE[26]' relative to clock CLK_ADC for both max and min. Make sure this reflects the design intent.
set_output_delay -clock [get_clocks CLK_ADC] 0.000 [get_ports -quiet {EVENT_VALID EVENT_DATA* EVENT_LAST EVENT_CHUNK_ID* EVENT_TIMESTAMP* EVENT_SCORE* RING_MISS_COUNT* CHUNK_OVERFLOW}]
/home/work1/Works/AI-Trigger-System/HDL/constraints/ai_trigger_ooc.xdc (Line: 30)
Related violations: <none>

XDCH-2#954 Warning
Same min and max delay values on IO port  
The same output delay of 0.000 ns has been defined on port 'EVENT_SCORE[27]' relative to clock CLK_ADC for both max and min. Make sure this reflects the design intent.
set_output_delay -clock [get_clocks CLK_ADC] 0.000 [get_ports -quiet {EVENT_VALID EVENT_DATA* EVENT_LAST EVENT_CHUNK_ID* EVENT_TIMESTAMP* EVENT_SCORE* RING_MISS_COUNT* CHUNK_OVERFLOW}]
/home/work1/Works/AI-Trigger-System/HDL/constraints/ai_trigger_ooc.xdc (Line: 30)
Related violations: <none>

XDCH-2#955 Warning
Same min and max delay values on IO port  
The same output delay of 0.000 ns has been defined on port 'EVENT_SCORE[28]' relative to clock CLK_ADC for both max and min. Make sure this reflects the design intent.
set_output_delay -clock [get_clocks CLK_ADC] 0.000 [get_ports -quiet {EVENT_VALID EVENT_DATA* EVENT_LAST EVENT_CHUNK_ID* EVENT_TIMESTAMP* EVENT_SCORE* RING_MISS_COUNT* CHUNK_OVERFLOW}]
/home/work1/Works/AI-Trigger-System/HDL/constraints/ai_trigger_ooc.xdc (Line: 30)
Related violations: <none>

XDCH-2#956 Warning
Same min and max delay values on IO port  
The same output delay of 0.000 ns has been defined on port 'EVENT_SCORE[29]' relative to clock CLK_ADC for both max and min. Make sure this reflects the design intent.
set_output_delay -clock [get_clocks CLK_ADC] 0.000 [get_ports -quiet {EVENT_VALID EVENT_DATA* EVENT_LAST EVENT_CHUNK_ID* EVENT_TIMESTAMP* EVENT_SCORE* RING_MISS_COUNT* CHUNK_OVERFLOW}]
/home/work1/Works/AI-Trigger-System/HDL/constraints/ai_trigger_ooc.xdc (Line: 30)
Related violations: <none>

XDCH-2#957 Warning
Same min and max delay values on IO port  
The same output delay of 0.000 ns has been defined on port 'EVENT_SCORE[2]' relative to clock CLK_ADC for both max and min. Make sure this reflects the design intent.
set_output_delay -clock [get_clocks CLK_ADC] 0.000 [get_ports -quiet {EVENT_VALID EVENT_DATA* EVENT_LAST EVENT_CHUNK_ID* EVENT_TIMESTAMP* EVENT_SCORE* RING_MISS_COUNT* CHUNK_OVERFLOW}]
/home/work1/Works/AI-Trigger-System/HDL/constraints/ai_trigger_ooc.xdc (Line: 30)
Related violations: <none>

XDCH-2#958 Warning
Same min and max delay values on IO port  
The same output delay of 0.000 ns has been defined on port 'EVENT_SCORE[30]' relative to clock CLK_ADC for both max and min. Make sure this reflects the design intent.
set_output_delay -clock [get_clocks CLK_ADC] 0.000 [get_ports -quiet {EVENT_VALID EVENT_DATA* EVENT_LAST EVENT_CHUNK_ID* EVENT_TIMESTAMP* EVENT_SCORE* RING_MISS_COUNT* CHUNK_OVERFLOW}]
/home/work1/Works/AI-Trigger-System/HDL/constraints/ai_trigger_ooc.xdc (Line: 30)
Related violations: <none>

XDCH-2#959 Warning
Same min and max delay values on IO port  
The same output delay of 0.000 ns has been defined on port 'EVENT_SCORE[31]' relative to clock CLK_ADC for both max and min. Make sure this reflects the design intent.
set_output_delay -clock [get_clocks CLK_ADC] 0.000 [get_ports -quiet {EVENT_VALID EVENT_DATA* EVENT_LAST EVENT_CHUNK_ID* EVENT_TIMESTAMP* EVENT_SCORE* RING_MISS_COUNT* CHUNK_OVERFLOW}]
/home/work1/Works/AI-Trigger-System/HDL/constraints/ai_trigger_ooc.xdc (Line: 30)
Related violations: <none>

XDCH-2#960 Warning
Same min and max delay values on IO port  
The same output delay of 0.000 ns has been defined on port 'EVENT_SCORE[3]' relative to clock CLK_ADC for both max and min. Make sure this reflects the design intent.
set_output_delay -clock [get_clocks CLK_ADC] 0.000 [get_ports -quiet {EVENT_VALID EVENT_DATA* EVENT_LAST EVENT_CHUNK_ID* EVENT_TIMESTAMP* EVENT_SCORE* RING_MISS_COUNT* CHUNK_OVERFLOW}]
/home/work1/Works/AI-Trigger-System/HDL/constraints/ai_trigger_ooc.xdc (Line: 30)
Related violations: <none>

XDCH-2#961 Warning
Same min and max delay values on IO port  
The same output delay of 0.000 ns has been defined on port 'EVENT_SCORE[4]' relative to clock CLK_ADC for both max and min. Make sure this reflects the design intent.
set_output_delay -clock [get_clocks CLK_ADC] 0.000 [get_ports -quiet {EVENT_VALID EVENT_DATA* EVENT_LAST EVENT_CHUNK_ID* EVENT_TIMESTAMP* EVENT_SCORE* RING_MISS_COUNT* CHUNK_OVERFLOW}]
/home/work1/Works/AI-Trigger-System/HDL/constraints/ai_trigger_ooc.xdc (Line: 30)
Related violations: <none>

XDCH-2#962 Warning
Same min and max delay values on IO port  
The same output delay of 0.000 ns has been defined on port 'EVENT_SCORE[5]' relative to clock CLK_ADC for both max and min. Make sure this reflects the design intent.
set_output_delay -clock [get_clocks CLK_ADC] 0.000 [get_ports -quiet {EVENT_VALID EVENT_DATA* EVENT_LAST EVENT_CHUNK_ID* EVENT_TIMESTAMP* EVENT_SCORE* RING_MISS_COUNT* CHUNK_OVERFLOW}]
/home/work1/Works/AI-Trigger-System/HDL/constraints/ai_trigger_ooc.xdc (Line: 30)
Related violations: <none>

XDCH-2#963 Warning
Same min and max delay values on IO port  
The same output delay of 0.000 ns has been defined on port 'EVENT_SCORE[6]' relative to clock CLK_ADC for both max and min. Make sure this reflects the design intent.
set_output_delay -clock [get_clocks CLK_ADC] 0.000 [get_ports -quiet {EVENT_VALID EVENT_DATA* EVENT_LAST EVENT_CHUNK_ID* EVENT_TIMESTAMP* EVENT_SCORE* RING_MISS_COUNT* CHUNK_OVERFLOW}]
/home/work1/Works/AI-Trigger-System/HDL/constraints/ai_trigger_ooc.xdc (Line: 30)
Related violations: <none>

XDCH-2#964 Warning
Same min and max delay values on IO port  
The same output delay of 0.000 ns has been defined on port 'EVENT_SCORE[7]' relative to clock CLK_ADC for both max and min. Make sure this reflects the design intent.
set_output_delay -clock [get_clocks CLK_ADC] 0.000 [get_ports -quiet {EVENT_VALID EVENT_DATA* EVENT_LAST EVENT_CHUNK_ID* EVENT_TIMESTAMP* EVENT_SCORE* RING_MISS_COUNT* CHUNK_OVERFLOW}]
/home/work1/Works/AI-Trigger-System/HDL/constraints/ai_trigger_ooc.xdc (Line: 30)
Related violations: <none>

XDCH-2#965 Warning
Same min and max delay values on IO port  
The same output delay of 0.000 ns has been defined on port 'EVENT_SCORE[8]' relative to clock CLK_ADC for both max and min. Make sure this reflects the design intent.
set_output_delay -clock [get_clocks CLK_ADC] 0.000 [get_ports -quiet {EVENT_VALID EVENT_DATA* EVENT_LAST EVENT_CHUNK_ID* EVENT_TIMESTAMP* EVENT_SCORE* RING_MISS_COUNT* CHUNK_OVERFLOW}]
/home/work1/Works/AI-Trigger-System/HDL/constraints/ai_trigger_ooc.xdc (Line: 30)
Related violations: <none>

XDCH-2#966 Warning
Same min and max delay values on IO port  
The same output delay of 0.000 ns has been defined on port 'EVENT_SCORE[9]' relative to clock CLK_ADC for both max and min. Make sure this reflects the design intent.
set_output_delay -clock [get_clocks CLK_ADC] 0.000 [get_ports -quiet {EVENT_VALID EVENT_DATA* EVENT_LAST EVENT_CHUNK_ID* EVENT_TIMESTAMP* EVENT_SCORE* RING_MISS_COUNT* CHUNK_OVERFLOW}]
/home/work1/Works/AI-Trigger-System/HDL/constraints/ai_trigger_ooc.xdc (Line: 30)
Related violations: <none>

XDCH-2#967 Warning
Same min and max delay values on IO port  
The same output delay of 0.000 ns has been defined on port 'EVENT_TIMESTAMP[0]' relative to clock CLK_ADC for both max and min. Make sure this reflects the design intent.
set_output_delay -clock [get_clocks CLK_ADC] 0.000 [get_ports -quiet {EVENT_VALID EVENT_DATA* EVENT_LAST EVENT_CHUNK_ID* EVENT_TIMESTAMP* EVENT_SCORE* RING_MISS_COUNT* CHUNK_OVERFLOW}]
/home/work1/Works/AI-Trigger-System/HDL/constraints/ai_trigger_ooc.xdc (Line: 30)
Related violations: <none>

XDCH-2#968 Warning
Same min and max delay values on IO port  
The same output delay of 0.000 ns has been defined on port 'EVENT_TIMESTAMP[10]' relative to clock CLK_ADC for both max and min. Make sure this reflects the design intent.
set_output_delay -clock [get_clocks CLK_ADC] 0.000 [get_ports -quiet {EVENT_VALID EVENT_DATA* EVENT_LAST EVENT_CHUNK_ID* EVENT_TIMESTAMP* EVENT_SCORE* RING_MISS_COUNT* CHUNK_OVERFLOW}]
/home/work1/Works/AI-Trigger-System/HDL/constraints/ai_trigger_ooc.xdc (Line: 30)
Related violations: <none>

XDCH-2#969 Warning
Same min and max delay values on IO port  
The same output delay of 0.000 ns has been defined on port 'EVENT_TIMESTAMP[11]' relative to clock CLK_ADC for both max and min. Make sure this reflects the design intent.
set_output_delay -clock [get_clocks CLK_ADC] 0.000 [get_ports -quiet {EVENT_VALID EVENT_DATA* EVENT_LAST EVENT_CHUNK_ID* EVENT_TIMESTAMP* EVENT_SCORE* RING_MISS_COUNT* CHUNK_OVERFLOW}]
/home/work1/Works/AI-Trigger-System/HDL/constraints/ai_trigger_ooc.xdc (Line: 30)
Related violations: <none>

XDCH-2#970 Warning
Same min and max delay values on IO port  
The same output delay of 0.000 ns has been defined on port 'EVENT_TIMESTAMP[12]' relative to clock CLK_ADC for both max and min. Make sure this reflects the design intent.
set_output_delay -clock [get_clocks CLK_ADC] 0.000 [get_ports -quiet {EVENT_VALID EVENT_DATA* EVENT_LAST EVENT_CHUNK_ID* EVENT_TIMESTAMP* EVENT_SCORE* RING_MISS_COUNT* CHUNK_OVERFLOW}]
/home/work1/Works/AI-Trigger-System/HDL/constraints/ai_trigger_ooc.xdc (Line: 30)
Related violations: <none>

XDCH-2#971 Warning
Same min and max delay values on IO port  
The same output delay of 0.000 ns has been defined on port 'EVENT_TIMESTAMP[13]' relative to clock CLK_ADC for both max and min. Make sure this reflects the design intent.
set_output_delay -clock [get_clocks CLK_ADC] 0.000 [get_ports -quiet {EVENT_VALID EVENT_DATA* EVENT_LAST EVENT_CHUNK_ID* EVENT_TIMESTAMP* EVENT_SCORE* RING_MISS_COUNT* CHUNK_OVERFLOW}]
/home/work1/Works/AI-Trigger-System/HDL/constraints/ai_trigger_ooc.xdc (Line: 30)
Related violations: <none>

XDCH-2#972 Warning
Same min and max delay values on IO port  
The same output delay of 0.000 ns has been defined on port 'EVENT_TIMESTAMP[14]' relative to clock CLK_ADC for both max and min. Make sure this reflects the design intent.
set_output_delay -clock [get_clocks CLK_ADC] 0.000 [get_ports -quiet {EVENT_VALID EVENT_DATA* EVENT_LAST EVENT_CHUNK_ID* EVENT_TIMESTAMP* EVENT_SCORE* RING_MISS_COUNT* CHUNK_OVERFLOW}]
/home/work1/Works/AI-Trigger-System/HDL/constraints/ai_trigger_ooc.xdc (Line: 30)
Related violations: <none>

XDCH-2#973 Warning
Same min and max delay values on IO port  
The same output delay of 0.000 ns has been defined on port 'EVENT_TIMESTAMP[15]' relative to clock CLK_ADC for both max and min. Make sure this reflects the design intent.
set_output_delay -clock [get_clocks CLK_ADC] 0.000 [get_ports -quiet {EVENT_VALID EVENT_DATA* EVENT_LAST EVENT_CHUNK_ID* EVENT_TIMESTAMP* EVENT_SCORE* RING_MISS_COUNT* CHUNK_OVERFLOW}]
/home/work1/Works/AI-Trigger-System/HDL/constraints/ai_trigger_ooc.xdc (Line: 30)
Related violations: <none>

XDCH-2#974 Warning
Same min and max delay values on IO port  
The same output delay of 0.000 ns has been defined on port 'EVENT_TIMESTAMP[16]' relative to clock CLK_ADC for both max and min. Make sure this reflects the design intent.
set_output_delay -clock [get_clocks CLK_ADC] 0.000 [get_ports -quiet {EVENT_VALID EVENT_DATA* EVENT_LAST EVENT_CHUNK_ID* EVENT_TIMESTAMP* EVENT_SCORE* RING_MISS_COUNT* CHUNK_OVERFLOW}]
/home/work1/Works/AI-Trigger-System/HDL/constraints/ai_trigger_ooc.xdc (Line: 30)
Related violations: <none>

XDCH-2#975 Warning
Same min and max delay values on IO port  
The same output delay of 0.000 ns has been defined on port 'EVENT_TIMESTAMP[17]' relative to clock CLK_ADC for both max and min. Make sure this reflects the design intent.
set_output_delay -clock [get_clocks CLK_ADC] 0.000 [get_ports -quiet {EVENT_VALID EVENT_DATA* EVENT_LAST EVENT_CHUNK_ID* EVENT_TIMESTAMP* EVENT_SCORE* RING_MISS_COUNT* CHUNK_OVERFLOW}]
/home/work1/Works/AI-Trigger-System/HDL/constraints/ai_trigger_ooc.xdc (Line: 30)
Related violations: <none>

XDCH-2#976 Warning
Same min and max delay values on IO port  
The same output delay of 0.000 ns has been defined on port 'EVENT_TIMESTAMP[18]' relative to clock CLK_ADC for both max and min. Make sure this reflects the design intent.
set_output_delay -clock [get_clocks CLK_ADC] 0.000 [get_ports -quiet {EVENT_VALID EVENT_DATA* EVENT_LAST EVENT_CHUNK_ID* EVENT_TIMESTAMP* EVENT_SCORE* RING_MISS_COUNT* CHUNK_OVERFLOW}]
/home/work1/Works/AI-Trigger-System/HDL/constraints/ai_trigger_ooc.xdc (Line: 30)
Related violations: <none>

XDCH-2#977 Warning
Same min and max delay values on IO port  
The same output delay of 0.000 ns has been defined on port 'EVENT_TIMESTAMP[19]' relative to clock CLK_ADC for both max and min. Make sure this reflects the design intent.
set_output_delay -clock [get_clocks CLK_ADC] 0.000 [get_ports -quiet {EVENT_VALID EVENT_DATA* EVENT_LAST EVENT_CHUNK_ID* EVENT_TIMESTAMP* EVENT_SCORE* RING_MISS_COUNT* CHUNK_OVERFLOW}]
/home/work1/Works/AI-Trigger-System/HDL/constraints/ai_trigger_ooc.xdc (Line: 30)
Related violations: <none>

XDCH-2#978 Warning
Same min and max delay values on IO port  
The same output delay of 0.000 ns has been defined on port 'EVENT_TIMESTAMP[1]' relative to clock CLK_ADC for both max and min. Make sure this reflects the design intent.
set_output_delay -clock [get_clocks CLK_ADC] 0.000 [get_ports -quiet {EVENT_VALID EVENT_DATA* EVENT_LAST EVENT_CHUNK_ID* EVENT_TIMESTAMP* EVENT_SCORE* RING_MISS_COUNT* CHUNK_OVERFLOW}]
/home/work1/Works/AI-Trigger-System/HDL/constraints/ai_trigger_ooc.xdc (Line: 30)
Related violations: <none>

XDCH-2#979 Warning
Same min and max delay values on IO port  
The same output delay of 0.000 ns has been defined on port 'EVENT_TIMESTAMP[20]' relative to clock CLK_ADC for both max and min. Make sure this reflects the design intent.
set_output_delay -clock [get_clocks CLK_ADC] 0.000 [get_ports -quiet {EVENT_VALID EVENT_DATA* EVENT_LAST EVENT_CHUNK_ID* EVENT_TIMESTAMP* EVENT_SCORE* RING_MISS_COUNT* CHUNK_OVERFLOW}]
/home/work1/Works/AI-Trigger-System/HDL/constraints/ai_trigger_ooc.xdc (Line: 30)
Related violations: <none>

XDCH-2#980 Warning
Same min and max delay values on IO port  
The same output delay of 0.000 ns has been defined on port 'EVENT_TIMESTAMP[21]' relative to clock CLK_ADC for both max and min. Make sure this reflects the design intent.
set_output_delay -clock [get_clocks CLK_ADC] 0.000 [get_ports -quiet {EVENT_VALID EVENT_DATA* EVENT_LAST EVENT_CHUNK_ID* EVENT_TIMESTAMP* EVENT_SCORE* RING_MISS_COUNT* CHUNK_OVERFLOW}]
/home/work1/Works/AI-Trigger-System/HDL/constraints/ai_trigger_ooc.xdc (Line: 30)
Related violations: <none>

XDCH-2#981 Warning
Same min and max delay values on IO port  
The same output delay of 0.000 ns has been defined on port 'EVENT_TIMESTAMP[22]' relative to clock CLK_ADC for both max and min. Make sure this reflects the design intent.
set_output_delay -clock [get_clocks CLK_ADC] 0.000 [get_ports -quiet {EVENT_VALID EVENT_DATA* EVENT_LAST EVENT_CHUNK_ID* EVENT_TIMESTAMP* EVENT_SCORE* RING_MISS_COUNT* CHUNK_OVERFLOW}]
/home/work1/Works/AI-Trigger-System/HDL/constraints/ai_trigger_ooc.xdc (Line: 30)
Related violations: <none>

XDCH-2#982 Warning
Same min and max delay values on IO port  
The same output delay of 0.000 ns has been defined on port 'EVENT_TIMESTAMP[23]' relative to clock CLK_ADC for both max and min. Make sure this reflects the design intent.
set_output_delay -clock [get_clocks CLK_ADC] 0.000 [get_ports -quiet {EVENT_VALID EVENT_DATA* EVENT_LAST EVENT_CHUNK_ID* EVENT_TIMESTAMP* EVENT_SCORE* RING_MISS_COUNT* CHUNK_OVERFLOW}]
/home/work1/Works/AI-Trigger-System/HDL/constraints/ai_trigger_ooc.xdc (Line: 30)
Related violations: <none>

XDCH-2#983 Warning
Same min and max delay values on IO port  
The same output delay of 0.000 ns has been defined on port 'EVENT_TIMESTAMP[2]' relative to clock CLK_ADC for both max and min. Make sure this reflects the design intent.
set_output_delay -clock [get_clocks CLK_ADC] 0.000 [get_ports -quiet {EVENT_VALID EVENT_DATA* EVENT_LAST EVENT_CHUNK_ID* EVENT_TIMESTAMP* EVENT_SCORE* RING_MISS_COUNT* CHUNK_OVERFLOW}]
/home/work1/Works/AI-Trigger-System/HDL/constraints/ai_trigger_ooc.xdc (Line: 30)
Related violations: <none>

XDCH-2#984 Warning
Same min and max delay values on IO port  
The same output delay of 0.000 ns has been defined on port 'EVENT_TIMESTAMP[3]' relative to clock CLK_ADC for both max and min. Make sure this reflects the design intent.
set_output_delay -clock [get_clocks CLK_ADC] 0.000 [get_ports -quiet {EVENT_VALID EVENT_DATA* EVENT_LAST EVENT_CHUNK_ID* EVENT_TIMESTAMP* EVENT_SCORE* RING_MISS_COUNT* CHUNK_OVERFLOW}]
/home/work1/Works/AI-Trigger-System/HDL/constraints/ai_trigger_ooc.xdc (Line: 30)
Related violations: <none>

XDCH-2#985 Warning
Same min and max delay values on IO port  
The same output delay of 0.000 ns has been defined on port 'EVENT_TIMESTAMP[4]' relative to clock CLK_ADC for both max and min. Make sure this reflects the design intent.
set_output_delay -clock [get_clocks CLK_ADC] 0.000 [get_ports -quiet {EVENT_VALID EVENT_DATA* EVENT_LAST EVENT_CHUNK_ID* EVENT_TIMESTAMP* EVENT_SCORE* RING_MISS_COUNT* CHUNK_OVERFLOW}]
/home/work1/Works/AI-Trigger-System/HDL/constraints/ai_trigger_ooc.xdc (Line: 30)
Related violations: <none>

XDCH-2#986 Warning
Same min and max delay values on IO port  
The same output delay of 0.000 ns has been defined on port 'EVENT_TIMESTAMP[5]' relative to clock CLK_ADC for both max and min. Make sure this reflects the design intent.
set_output_delay -clock [get_clocks CLK_ADC] 0.000 [get_ports -quiet {EVENT_VALID EVENT_DATA* EVENT_LAST EVENT_CHUNK_ID* EVENT_TIMESTAMP* EVENT_SCORE* RING_MISS_COUNT* CHUNK_OVERFLOW}]
/home/work1/Works/AI-Trigger-System/HDL/constraints/ai_trigger_ooc.xdc (Line: 30)
Related violations: <none>

XDCH-2#987 Warning
Same min and max delay values on IO port  
The same output delay of 0.000 ns has been defined on port 'EVENT_TIMESTAMP[6]' relative to clock CLK_ADC for both max and min. Make sure this reflects the design intent.
set_output_delay -clock [get_clocks CLK_ADC] 0.000 [get_ports -quiet {EVENT_VALID EVENT_DATA* EVENT_LAST EVENT_CHUNK_ID* EVENT_TIMESTAMP* EVENT_SCORE* RING_MISS_COUNT* CHUNK_OVERFLOW}]
/home/work1/Works/AI-Trigger-System/HDL/constraints/ai_trigger_ooc.xdc (Line: 30)
Related violations: <none>

XDCH-2#988 Warning
Same min and max delay values on IO port  
The same output delay of 0.000 ns has been defined on port 'EVENT_TIMESTAMP[7]' relative to clock CLK_ADC for both max and min. Make sure this reflects the design intent.
set_output_delay -clock [get_clocks CLK_ADC] 0.000 [get_ports -quiet {EVENT_VALID EVENT_DATA* EVENT_LAST EVENT_CHUNK_ID* EVENT_TIMESTAMP* EVENT_SCORE* RING_MISS_COUNT* CHUNK_OVERFLOW}]
/home/work1/Works/AI-Trigger-System/HDL/constraints/ai_trigger_ooc.xdc (Line: 30)
Related violations: <none>

XDCH-2#989 Warning
Same min and max delay values on IO port  
The same output delay of 0.000 ns has been defined on port 'EVENT_TIMESTAMP[8]' relative to clock CLK_ADC for both max and min. Make sure this reflects the design intent.
set_output_delay -clock [get_clocks CLK_ADC] 0.000 [get_ports -quiet {EVENT_VALID EVENT_DATA* EVENT_LAST EVENT_CHUNK_ID* EVENT_TIMESTAMP* EVENT_SCORE* RING_MISS_COUNT* CHUNK_OVERFLOW}]
/home/work1/Works/AI-Trigger-System/HDL/constraints/ai_trigger_ooc.xdc (Line: 30)
Related violations: <none>

XDCH-2#990 Warning
Same min and max delay values on IO port  
The same output delay of 0.000 ns has been defined on port 'EVENT_TIMESTAMP[9]' relative to clock CLK_ADC for both max and min. Make sure this reflects the design intent.
set_output_delay -clock [get_clocks CLK_ADC] 0.000 [get_ports -quiet {EVENT_VALID EVENT_DATA* EVENT_LAST EVENT_CHUNK_ID* EVENT_TIMESTAMP* EVENT_SCORE* RING_MISS_COUNT* CHUNK_OVERFLOW}]
/home/work1/Works/AI-Trigger-System/HDL/constraints/ai_trigger_ooc.xdc (Line: 30)
Related violations: <none>

XDCH-2#991 Warning
Same min and max delay values on IO port  
The same output delay of 0.000 ns has been defined on port 'EVENT_VALID' relative to clock CLK_ADC for both max and min. Make sure this reflects the design intent.
set_output_delay -clock [get_clocks CLK_ADC] 0.000 [get_ports -quiet {EVENT_VALID EVENT_DATA* EVENT_LAST EVENT_CHUNK_ID* EVENT_TIMESTAMP* EVENT_SCORE* RING_MISS_COUNT* CHUNK_OVERFLOW}]
/home/work1/Works/AI-Trigger-System/HDL/constraints/ai_trigger_ooc.xdc (Line: 30)
Related violations: <none>

XDCH-2#992 Warning
Same min and max delay values on IO port  
The same output delay of 0.000 ns has been defined on port 'RING_MISS_COUNT[0]' relative to clock CLK_ADC for both max and min. Make sure this reflects the design intent.
set_output_delay -clock [get_clocks CLK_ADC] 0.000 [get_ports -quiet {EVENT_VALID EVENT_DATA* EVENT_LAST EVENT_CHUNK_ID* EVENT_TIMESTAMP* EVENT_SCORE* RING_MISS_COUNT* CHUNK_OVERFLOW}]
/home/work1/Works/AI-Trigger-System/HDL/constraints/ai_trigger_ooc.xdc (Line: 30)
Related violations: <none>

XDCH-2#993 Warning
Same min and max delay values on IO port  
The same output delay of 0.000 ns has been defined on port 'RING_MISS_COUNT[10]' relative to clock CLK_ADC for both max and min. Make sure this reflects the design intent.
set_output_delay -clock [get_clocks CLK_ADC] 0.000 [get_ports -quiet {EVENT_VALID EVENT_DATA* EVENT_LAST EVENT_CHUNK_ID* EVENT_TIMESTAMP* EVENT_SCORE* RING_MISS_COUNT* CHUNK_OVERFLOW}]
/home/work1/Works/AI-Trigger-System/HDL/constraints/ai_trigger_ooc.xdc (Line: 30)
Related violations: <none>

XDCH-2#994 Warning
Same min and max delay values on IO port  
The same output delay of 0.000 ns has been defined on port 'RING_MISS_COUNT[11]' relative to clock CLK_ADC for both max and min. Make sure this reflects the design intent.
set_output_delay -clock [get_clocks CLK_ADC] 0.000 [get_ports -quiet {EVENT_VALID EVENT_DATA* EVENT_LAST EVENT_CHUNK_ID* EVENT_TIMESTAMP* EVENT_SCORE* RING_MISS_COUNT* CHUNK_OVERFLOW}]
/home/work1/Works/AI-Trigger-System/HDL/constraints/ai_trigger_ooc.xdc (Line: 30)
Related violations: <none>

XDCH-2#995 Warning
Same min and max delay values on IO port  
The same output delay of 0.000 ns has been defined on port 'RING_MISS_COUNT[12]' relative to clock CLK_ADC for both max and min. Make sure this reflects the design intent.
set_output_delay -clock [get_clocks CLK_ADC] 0.000 [get_ports -quiet {EVENT_VALID EVENT_DATA* EVENT_LAST EVENT_CHUNK_ID* EVENT_TIMESTAMP* EVENT_SCORE* RING_MISS_COUNT* CHUNK_OVERFLOW}]
/home/work1/Works/AI-Trigger-System/HDL/constraints/ai_trigger_ooc.xdc (Line: 30)
Related violations: <none>

XDCH-2#996 Warning
Same min and max delay values on IO port  
The same output delay of 0.000 ns has been defined on port 'RING_MISS_COUNT[13]' relative to clock CLK_ADC for both max and min. Make sure this reflects the design intent.
set_output_delay -clock [get_clocks CLK_ADC] 0.000 [get_ports -quiet {EVENT_VALID EVENT_DATA* EVENT_LAST EVENT_CHUNK_ID* EVENT_TIMESTAMP* EVENT_SCORE* RING_MISS_COUNT* CHUNK_OVERFLOW}]
/home/work1/Works/AI-Trigger-System/HDL/constraints/ai_trigger_ooc.xdc (Line: 30)
Related violations: <none>

XDCH-2#997 Warning
Same min and max delay values on IO port  
The same output delay of 0.000 ns has been defined on port 'RING_MISS_COUNT[14]' relative to clock CLK_ADC for both max and min. Make sure this reflects the design intent.
set_output_delay -clock [get_clocks CLK_ADC] 0.000 [get_ports -quiet {EVENT_VALID EVENT_DATA* EVENT_LAST EVENT_CHUNK_ID* EVENT_TIMESTAMP* EVENT_SCORE* RING_MISS_COUNT* CHUNK_OVERFLOW}]
/home/work1/Works/AI-Trigger-System/HDL/constraints/ai_trigger_ooc.xdc (Line: 30)
Related violations: <none>

XDCH-2#998 Warning
Same min and max delay values on IO port  
The same output delay of 0.000 ns has been defined on port 'RING_MISS_COUNT[15]' relative to clock CLK_ADC for both max and min. Make sure this reflects the design intent.
set_output_delay -clock [get_clocks CLK_ADC] 0.000 [get_ports -quiet {EVENT_VALID EVENT_DATA* EVENT_LAST EVENT_CHUNK_ID* EVENT_TIMESTAMP* EVENT_SCORE* RING_MISS_COUNT* CHUNK_OVERFLOW}]
/home/work1/Works/AI-Trigger-System/HDL/constraints/ai_trigger_ooc.xdc (Line: 30)
Related violations: <none>

XDCH-2#999 Warning
Same min and max delay values on IO port  
The same output delay of 0.000 ns has been defined on port 'RING_MISS_COUNT[16]' relative to clock CLK_ADC for both max and min. Make sure this reflects the design intent.
set_output_delay -clock [get_clocks CLK_ADC] 0.000 [get_ports -quiet {EVENT_VALID EVENT_DATA* EVENT_LAST EVENT_CHUNK_ID* EVENT_TIMESTAMP* EVENT_SCORE* RING_MISS_COUNT* CHUNK_OVERFLOW}]
/home/work1/Works/AI-Trigger-System/HDL/constraints/ai_trigger_ooc.xdc (Line: 30)
Related violations: <none>

XDCH-2#1000 Warning
Same min and max delay values on IO port  
The same output delay of 0.000 ns has been defined on port 'RING_MISS_COUNT[17]' relative to clock CLK_ADC for both max and min. Make sure this reflects the design intent.
set_output_delay -clock [get_clocks CLK_ADC] 0.000 [get_ports -quiet {EVENT_VALID EVENT_DATA* EVENT_LAST EVENT_CHUNK_ID* EVENT_TIMESTAMP* EVENT_SCORE* RING_MISS_COUNT* CHUNK_OVERFLOW}]
/home/work1/Works/AI-Trigger-System/HDL/constraints/ai_trigger_ooc.xdc (Line: 30)
Related violations: <none>

XDCH-2#1001 Warning
Same min and max delay values on IO port  
The same output delay of 0.000 ns has been defined on port 'RING_MISS_COUNT[18]' relative to clock CLK_ADC for both max and min. Make sure this reflects the design intent.
set_output_delay -clock [get_clocks CLK_ADC] 0.000 [get_ports -quiet {EVENT_VALID EVENT_DATA* EVENT_LAST EVENT_CHUNK_ID* EVENT_TIMESTAMP* EVENT_SCORE* RING_MISS_COUNT* CHUNK_OVERFLOW}]
/home/work1/Works/AI-Trigger-System/HDL/constraints/ai_trigger_ooc.xdc (Line: 30)
Related violations: <none>

XDCH-2#1002 Warning
Same min and max delay values on IO port  
The same output delay of 0.000 ns has been defined on port 'RING_MISS_COUNT[19]' relative to clock CLK_ADC for both max and min. Make sure this reflects the design intent.
set_output_delay -clock [get_clocks CLK_ADC] 0.000 [get_ports -quiet {EVENT_VALID EVENT_DATA* EVENT_LAST EVENT_CHUNK_ID* EVENT_TIMESTAMP* EVENT_SCORE* RING_MISS_COUNT* CHUNK_OVERFLOW}]
/home/work1/Works/AI-Trigger-System/HDL/constraints/ai_trigger_ooc.xdc (Line: 30)
Related violations: <none>

XDCH-2#1003 Warning
Same min and max delay values on IO port  
The same output delay of 0.000 ns has been defined on port 'RING_MISS_COUNT[1]' relative to clock CLK_ADC for both max and min. Make sure this reflects the design intent.
set_output_delay -clock [get_clocks CLK_ADC] 0.000 [get_ports -quiet {EVENT_VALID EVENT_DATA* EVENT_LAST EVENT_CHUNK_ID* EVENT_TIMESTAMP* EVENT_SCORE* RING_MISS_COUNT* CHUNK_OVERFLOW}]
/home/work1/Works/AI-Trigger-System/HDL/constraints/ai_trigger_ooc.xdc (Line: 30)
Related violations: <none>

XDCH-2#1004 Warning
Same min and max delay values on IO port  
The same output delay of 0.000 ns has been defined on port 'RING_MISS_COUNT[20]' relative to clock CLK_ADC for both max and min. Make sure this reflects the design intent.
set_output_delay -clock [get_clocks CLK_ADC] 0.000 [get_ports -quiet {EVENT_VALID EVENT_DATA* EVENT_LAST EVENT_CHUNK_ID* EVENT_TIMESTAMP* EVENT_SCORE* RING_MISS_COUNT* CHUNK_OVERFLOW}]
/home/work1/Works/AI-Trigger-System/HDL/constraints/ai_trigger_ooc.xdc (Line: 30)
Related violations: <none>

XDCH-2#1005 Warning
Same min and max delay values on IO port  
The same output delay of 0.000 ns has been defined on port 'RING_MISS_COUNT[21]' relative to clock CLK_ADC for both max and min. Make sure this reflects the design intent.
set_output_delay -clock [get_clocks CLK_ADC] 0.000 [get_ports -quiet {EVENT_VALID EVENT_DATA* EVENT_LAST EVENT_CHUNK_ID* EVENT_TIMESTAMP* EVENT_SCORE* RING_MISS_COUNT* CHUNK_OVERFLOW}]
/home/work1/Works/AI-Trigger-System/HDL/constraints/ai_trigger_ooc.xdc (Line: 30)
Related violations: <none>

XDCH-2#1006 Warning
Same min and max delay values on IO port  
The same output delay of 0.000 ns has been defined on port 'RING_MISS_COUNT[22]' relative to clock CLK_ADC for both max and min. Make sure this reflects the design intent.
set_output_delay -clock [get_clocks CLK_ADC] 0.000 [get_ports -quiet {EVENT_VALID EVENT_DATA* EVENT_LAST EVENT_CHUNK_ID* EVENT_TIMESTAMP* EVENT_SCORE* RING_MISS_COUNT* CHUNK_OVERFLOW}]
/home/work1/Works/AI-Trigger-System/HDL/constraints/ai_trigger_ooc.xdc (Line: 30)
Related violations: <none>

XDCH-2#1007 Warning
Same min and max delay values on IO port  
The same output delay of 0.000 ns has been defined on port 'RING_MISS_COUNT[23]' relative to clock CLK_ADC for both max and min. Make sure this reflects the design intent.
set_output_delay -clock [get_clocks CLK_ADC] 0.000 [get_ports -quiet {EVENT_VALID EVENT_DATA* EVENT_LAST EVENT_CHUNK_ID* EVENT_TIMESTAMP* EVENT_SCORE* RING_MISS_COUNT* CHUNK_OVERFLOW}]
/home/work1/Works/AI-Trigger-System/HDL/constraints/ai_trigger_ooc.xdc (Line: 30)
Related violations: <none>

XDCH-2#1008 Warning
Same min and max delay values on IO port  
The same output delay of 0.000 ns has been defined on port 'RING_MISS_COUNT[24]' relative to clock CLK_ADC for both max and min. Make sure this reflects the design intent.
set_output_delay -clock [get_clocks CLK_ADC] 0.000 [get_ports -quiet {EVENT_VALID EVENT_DATA* EVENT_LAST EVENT_CHUNK_ID* EVENT_TIMESTAMP* EVENT_SCORE* RING_MISS_COUNT* CHUNK_OVERFLOW}]
/home/work1/Works/AI-Trigger-System/HDL/constraints/ai_trigger_ooc.xdc (Line: 30)
Related violations: <none>

XDCH-2#1009 Warning
Same min and max delay values on IO port  
The same output delay of 0.000 ns has been defined on port 'RING_MISS_COUNT[25]' relative to clock CLK_ADC for both max and min. Make sure this reflects the design intent.
set_output_delay -clock [get_clocks CLK_ADC] 0.000 [get_ports -quiet {EVENT_VALID EVENT_DATA* EVENT_LAST EVENT_CHUNK_ID* EVENT_TIMESTAMP* EVENT_SCORE* RING_MISS_COUNT* CHUNK_OVERFLOW}]
/home/work1/Works/AI-Trigger-System/HDL/constraints/ai_trigger_ooc.xdc (Line: 30)
Related violations: <none>

XDCH-2#1010 Warning
Same min and max delay values on IO port  
The same output delay of 0.000 ns has been defined on port 'RING_MISS_COUNT[26]' relative to clock CLK_ADC for both max and min. Make sure this reflects the design intent.
set_output_delay -clock [get_clocks CLK_ADC] 0.000 [get_ports -quiet {EVENT_VALID EVENT_DATA* EVENT_LAST EVENT_CHUNK_ID* EVENT_TIMESTAMP* EVENT_SCORE* RING_MISS_COUNT* CHUNK_OVERFLOW}]
/home/work1/Works/AI-Trigger-System/HDL/constraints/ai_trigger_ooc.xdc (Line: 30)
Related violations: <none>

XDCH-2#1011 Warning
Same min and max delay values on IO port  
The same output delay of 0.000 ns has been defined on port 'RING_MISS_COUNT[27]' relative to clock CLK_ADC for both max and min. Make sure this reflects the design intent.
set_output_delay -clock [get_clocks CLK_ADC] 0.000 [get_ports -quiet {EVENT_VALID EVENT_DATA* EVENT_LAST EVENT_CHUNK_ID* EVENT_TIMESTAMP* EVENT_SCORE* RING_MISS_COUNT* CHUNK_OVERFLOW}]
/home/work1/Works/AI-Trigger-System/HDL/constraints/ai_trigger_ooc.xdc (Line: 30)
Related violations: <none>

XDCH-2#1012 Warning
Same min and max delay values on IO port  
The same output delay of 0.000 ns has been defined on port 'RING_MISS_COUNT[28]' relative to clock CLK_ADC for both max and min. Make sure this reflects the design intent.
set_output_delay -clock [get_clocks CLK_ADC] 0.000 [get_ports -quiet {EVENT_VALID EVENT_DATA* EVENT_LAST EVENT_CHUNK_ID* EVENT_TIMESTAMP* EVENT_SCORE* RING_MISS_COUNT* CHUNK_OVERFLOW}]
/home/work1/Works/AI-Trigger-System/HDL/constraints/ai_trigger_ooc.xdc (Line: 30)
Related violations: <none>

XDCH-2#1013 Warning
Same min and max delay values on IO port  
The same output delay of 0.000 ns has been defined on port 'RING_MISS_COUNT[29]' relative to clock CLK_ADC for both max and min. Make sure this reflects the design intent.
set_output_delay -clock [get_clocks CLK_ADC] 0.000 [get_ports -quiet {EVENT_VALID EVENT_DATA* EVENT_LAST EVENT_CHUNK_ID* EVENT_TIMESTAMP* EVENT_SCORE* RING_MISS_COUNT* CHUNK_OVERFLOW}]
/home/work1/Works/AI-Trigger-System/HDL/constraints/ai_trigger_ooc.xdc (Line: 30)
Related violations: <none>

XDCH-2#1014 Warning
Same min and max delay values on IO port  
The same output delay of 0.000 ns has been defined on port 'RING_MISS_COUNT[2]' relative to clock CLK_ADC for both max and min. Make sure this reflects the design intent.
set_output_delay -clock [get_clocks CLK_ADC] 0.000 [get_ports -quiet {EVENT_VALID EVENT_DATA* EVENT_LAST EVENT_CHUNK_ID* EVENT_TIMESTAMP* EVENT_SCORE* RING_MISS_COUNT* CHUNK_OVERFLOW}]
/home/work1/Works/AI-Trigger-System/HDL/constraints/ai_trigger_ooc.xdc (Line: 30)
Related violations: <none>

XDCH-2#1015 Warning
Same min and max delay values on IO port  
The same output delay of 0.000 ns has been defined on port 'RING_MISS_COUNT[30]' relative to clock CLK_ADC for both max and min. Make sure this reflects the design intent.
set_output_delay -clock [get_clocks CLK_ADC] 0.000 [get_ports -quiet {EVENT_VALID EVENT_DATA* EVENT_LAST EVENT_CHUNK_ID* EVENT_TIMESTAMP* EVENT_SCORE* RING_MISS_COUNT* CHUNK_OVERFLOW}]
/home/work1/Works/AI-Trigger-System/HDL/constraints/ai_trigger_ooc.xdc (Line: 30)
Related violations: <none>

XDCH-2#1016 Warning
Same min and max delay values on IO port  
The same output delay of 0.000 ns has been defined on port 'RING_MISS_COUNT[31]' relative to clock CLK_ADC for both max and min. Make sure this reflects the design intent.
set_output_delay -clock [get_clocks CLK_ADC] 0.000 [get_ports -quiet {EVENT_VALID EVENT_DATA* EVENT_LAST EVENT_CHUNK_ID* EVENT_TIMESTAMP* EVENT_SCORE* RING_MISS_COUNT* CHUNK_OVERFLOW}]
/home/work1/Works/AI-Trigger-System/HDL/constraints/ai_trigger_ooc.xdc (Line: 30)
Related violations: <none>

XDCH-2#1017 Warning
Same min and max delay values on IO port  
The same output delay of 0.000 ns has been defined on port 'RING_MISS_COUNT[3]' relative to clock CLK_ADC for both max and min. Make sure this reflects the design intent.
set_output_delay -clock [get_clocks CLK_ADC] 0.000 [get_ports -quiet {EVENT_VALID EVENT_DATA* EVENT_LAST EVENT_CHUNK_ID* EVENT_TIMESTAMP* EVENT_SCORE* RING_MISS_COUNT* CHUNK_OVERFLOW}]
/home/work1/Works/AI-Trigger-System/HDL/constraints/ai_trigger_ooc.xdc (Line: 30)
Related violations: <none>

XDCH-2#1018 Warning
Same min and max delay values on IO port  
The same output delay of 0.000 ns has been defined on port 'RING_MISS_COUNT[4]' relative to clock CLK_ADC for both max and min. Make sure this reflects the design intent.
set_output_delay -clock [get_clocks CLK_ADC] 0.000 [get_ports -quiet {EVENT_VALID EVENT_DATA* EVENT_LAST EVENT_CHUNK_ID* EVENT_TIMESTAMP* EVENT_SCORE* RING_MISS_COUNT* CHUNK_OVERFLOW}]
/home/work1/Works/AI-Trigger-System/HDL/constraints/ai_trigger_ooc.xdc (Line: 30)
Related violations: <none>

XDCH-2#1019 Warning
Same min and max delay values on IO port  
The same output delay of 0.000 ns has been defined on port 'RING_MISS_COUNT[5]' relative to clock CLK_ADC for both max and min. Make sure this reflects the design intent.
set_output_delay -clock [get_clocks CLK_ADC] 0.000 [get_ports -quiet {EVENT_VALID EVENT_DATA* EVENT_LAST EVENT_CHUNK_ID* EVENT_TIMESTAMP* EVENT_SCORE* RING_MISS_COUNT* CHUNK_OVERFLOW}]
/home/work1/Works/AI-Trigger-System/HDL/constraints/ai_trigger_ooc.xdc (Line: 30)
Related violations: <none>

XDCH-2#1020 Warning
Same min and max delay values on IO port  
The same output delay of 0.000 ns has been defined on port 'RING_MISS_COUNT[6]' relative to clock CLK_ADC for both max and min. Make sure this reflects the design intent.
set_output_delay -clock [get_clocks CLK_ADC] 0.000 [get_ports -quiet {EVENT_VALID EVENT_DATA* EVENT_LAST EVENT_CHUNK_ID* EVENT_TIMESTAMP* EVENT_SCORE* RING_MISS_COUNT* CHUNK_OVERFLOW}]
/home/work1/Works/AI-Trigger-System/HDL/constraints/ai_trigger_ooc.xdc (Line: 30)
Related violations: <none>

XDCH-2#1021 Warning
Same min and max delay values on IO port  
The same output delay of 0.000 ns has been defined on port 'RING_MISS_COUNT[7]' relative to clock CLK_ADC for both max and min. Make sure this reflects the design intent.
set_output_delay -clock [get_clocks CLK_ADC] 0.000 [get_ports -quiet {EVENT_VALID EVENT_DATA* EVENT_LAST EVENT_CHUNK_ID* EVENT_TIMESTAMP* EVENT_SCORE* RING_MISS_COUNT* CHUNK_OVERFLOW}]
/home/work1/Works/AI-Trigger-System/HDL/constraints/ai_trigger_ooc.xdc (Line: 30)
Related violations: <none>

XDCH-2#1022 Warning
Same min and max delay values on IO port  
The same output delay of 0.000 ns has been defined on port 'RING_MISS_COUNT[8]' relative to clock CLK_ADC for both max and min. Make sure this reflects the design intent.
set_output_delay -clock [get_clocks CLK_ADC] 0.000 [get_ports -quiet {EVENT_VALID EVENT_DATA* EVENT_LAST EVENT_CHUNK_ID* EVENT_TIMESTAMP* EVENT_SCORE* RING_MISS_COUNT* CHUNK_OVERFLOW}]
/home/work1/Works/AI-Trigger-System/HDL/constraints/ai_trigger_ooc.xdc (Line: 30)
Related violations: <none>

XDCH-2#1023 Warning
Same min and max delay values on IO port  
The same output delay of 0.000 ns has been defined on port 'RING_MISS_COUNT[9]' relative to clock CLK_ADC for both max and min. Make sure this reflects the design intent.
set_output_delay -clock [get_clocks CLK_ADC] 0.000 [get_ports -quiet {EVENT_VALID EVENT_DATA* EVENT_LAST EVENT_CHUNK_ID* EVENT_TIMESTAMP* EVENT_SCORE* RING_MISS_COUNT* CHUNK_OVERFLOW}]
/home/work1/Works/AI-Trigger-System/HDL/constraints/ai_trigger_ooc.xdc (Line: 30)
Related violations: <none>


