Copyright 1986-2022 Xilinx, Inc. All Rights Reserved. Copyright 2022-2023 Advanced Micro Devices, Inc. All Rights Reserved.
---------------------------------------------------------------------------------------------------------------------------------------------
| Tool Version : Vivado v.2023.2 (lin64) Build 4029153 Fri Oct 13 20:13:54 MDT 2023
| Date         : Mon Jun 29 20:58:56 2026
| Host         : AlbertsUbuntu running 64-bit Ubuntu 22.04.5 LTS
| Command      : report_methodology -file /home/work1/Works/AI-Trigger-System/build/vivado_ooc_ai_trigger/reports/post_synth_methodology.rpt
| Design       : AI_TRIGGER_TOP
| Device       : xcku5p-ffvb676-2-e
| Speed File   : -2
| Design State : Synthesized
---------------------------------------------------------------------------------------------------------------------------------------------

Report Methodology

Table of Contents
-----------------
1. REPORT SUMMARY
2. REPORT DETAILS

1. REPORT SUMMARY
-----------------
            Netlist: AI_TRIGGER_TOP
          Floorplan: design_1
      Design limits: <entire design considered>
             Max violations: <unlimited>
             Violations found: 1775
+-----------+----------+------------------------------------------+------------+
| Rule      | Severity | Description                              | Violations |
+-----------+----------+------------------------------------------+------------+
| TIMING-24 | Warning  | Overridden Max delay datapath only       | 16         |
| XDCH-2    | Warning  | Same min and max delay values on IO port | 1759       |
+-----------+----------+------------------------------------------+------------+

2. REPORT DETAILS
-----------------
TIMING-24#1 Warning
Overridden Max delay datapath only  
An asynchronous set_clock_groups or a set_false path (see constraint position 3 in the Timing Constraints window in Vivado IDE) between clocks CLK_ADC and CLK_CNN overrides a set_max_delay -datapath_only (position 11). It is not recommended to override a set_max_delay -datapath_only constraint. Replace the set_clock_groups or set_false_path between clocks with point-to-point set_false_path constraints
Related violations: <none>

TIMING-24#2 Warning
Overridden Max delay datapath only  
An asynchronous set_clock_groups or a set_false path (see constraint position 3 in the Timing Constraints window in Vivado IDE) between clocks CLK_ADC and CLK_CNN overrides a set_max_delay -datapath_only (position 13). It is not recommended to override a set_max_delay -datapath_only constraint. Replace the set_clock_groups or set_false_path between clocks with point-to-point set_false_path constraints
Related violations: <none>

TIMING-24#3 Warning
Overridden Max delay datapath only  
An asynchronous set_clock_groups or a set_false path (see constraint position 3 in the Timing Constraints window in Vivado IDE) between clocks CLK_ADC and CLK_CNN overrides a set_max_delay -datapath_only (position 15). It is not recommended to override a set_max_delay -datapath_only constraint. Replace the set_clock_groups or set_false_path between clocks with point-to-point set_false_path constraints
Related violations: <none>

TIMING-24#4 Warning
Overridden Max delay datapath only  
An asynchronous set_clock_groups or a set_false path (see constraint position 3 in the Timing Constraints window in Vivado IDE) between clocks CLK_ADC and CLK_CNN overrides a set_max_delay -datapath_only (position 17). It is not recommended to override a set_max_delay -datapath_only constraint. Replace the set_clock_groups or set_false_path between clocks with point-to-point set_false_path constraints
Related violations: <none>

TIMING-24#5 Warning
Overridden Max delay datapath only  
An asynchronous set_clock_groups or a set_false path (see constraint position 3 in the Timing Constraints window in Vivado IDE) between clocks CLK_ADC and CLK_CNN overrides a set_max_delay -datapath_only (position 19). It is not recommended to override a set_max_delay -datapath_only constraint. Replace the set_clock_groups or set_false_path between clocks with point-to-point set_false_path constraints
Related violations: <none>

TIMING-24#6 Warning
Overridden Max delay datapath only  
An asynchronous set_clock_groups or a set_false path (see constraint position 3 in the Timing Constraints window in Vivado IDE) between clocks CLK_ADC and CLK_CNN overrides a set_max_delay -datapath_only (position 31). It is not recommended to override a set_max_delay -datapath_only constraint. Replace the set_clock_groups or set_false_path between clocks with point-to-point set_false_path constraints
Related violations: <none>

TIMING-24#7 Warning
Overridden Max delay datapath only  
An asynchronous set_clock_groups or a set_false path (see constraint position 3 in the Timing Constraints window in Vivado IDE) between clocks CLK_ADC and CLK_CNN overrides a set_max_delay -datapath_only (position 35). It is not recommended to override a set_max_delay -datapath_only constraint. Replace the set_clock_groups or set_false_path between clocks with point-to-point set_false_path constraints
Related violations: <none>

TIMING-24#8 Warning
Overridden Max delay datapath only  
An asynchronous set_clock_groups or a set_false path (see constraint position 3 in the Timing Constraints window in Vivado IDE) between clocks CLK_ADC and CLK_CNN overrides a set_max_delay -datapath_only (position 37). It is not recommended to override a set_max_delay -datapath_only constraint. Replace the set_clock_groups or set_false_path between clocks with point-to-point set_false_path constraints
Related violations: <none>

TIMING-24#9 Warning
Overridden Max delay datapath only  
An asynchronous set_clock_groups or a set_false path (see constraint position 3 in the Timing Constraints window in Vivado IDE) between clocks CLK_ADC and CLK_CNN overrides a set_max_delay -datapath_only (position 39). It is not recommended to override a set_max_delay -datapath_only constraint. Replace the set_clock_groups or set_false_path between clocks with point-to-point set_false_path constraints
Related violations: <none>

TIMING-24#10 Warning
Overridden Max delay datapath only  
An asynchronous set_clock_groups or a set_false path (see constraint position 3 in the Timing Constraints window in Vivado IDE) between clocks CLK_ADC and CLK_CNN overrides a set_max_delay -datapath_only (position 41). It is not recommended to override a set_max_delay -datapath_only constraint. Replace the set_clock_groups or set_false_path between clocks with point-to-point set_false_path constraints
Related violations: <none>

TIMING-24#11 Warning
Overridden Max delay datapath only  
An asynchronous set_clock_groups or a set_false path (see constraint position 3 in the Timing Constraints window in Vivado IDE) between clocks CLK_CNN and CLK_ADC overrides a set_max_delay -datapath_only (position 21). It is not recommended to override a set_max_delay -datapath_only constraint. Replace the set_clock_groups or set_false_path between clocks with point-to-point set_false_path constraints
Related violations: <none>

TIMING-24#12 Warning
Overridden Max delay datapath only  
An asynchronous set_clock_groups or a set_false path (see constraint position 3 in the Timing Constraints window in Vivado IDE) between clocks CLK_CNN and CLK_ADC overrides a set_max_delay -datapath_only (position 23). It is not recommended to override a set_max_delay -datapath_only constraint. Replace the set_clock_groups or set_false_path between clocks with point-to-point set_false_path constraints
Related violations: <none>

TIMING-24#13 Warning
Overridden Max delay datapath only  
An asynchronous set_clock_groups or a set_false path (see constraint position 3 in the Timing Constraints window in Vivado IDE) between clocks CLK_CNN and CLK_ADC overrides a set_max_delay -datapath_only (position 25). It is not recommended to override a set_max_delay -datapath_only constraint. Replace the set_clock_groups or set_false_path between clocks with point-to-point set_false_path constraints
Related violations: <none>

TIMING-24#14 Warning
Overridden Max delay datapath only  
An asynchronous set_clock_groups or a set_false path (see constraint position 3 in the Timing Constraints window in Vivado IDE) between clocks CLK_CNN and CLK_ADC overrides a set_max_delay -datapath_only (position 27). It is not recommended to override a set_max_delay -datapath_only constraint. Replace the set_clock_groups or set_false_path between clocks with point-to-point set_false_path constraints
Related violations: <none>

TIMING-24#15 Warning
Overridden Max delay datapath only  
An asynchronous set_clock_groups or a set_false path (see constraint position 3 in the Timing Constraints window in Vivado IDE) between clocks CLK_CNN and CLK_ADC overrides a set_max_delay -datapath_only (position 29). It is not recommended to override a set_max_delay -datapath_only constraint. Replace the set_clock_groups or set_false_path between clocks with point-to-point set_false_path constraints
Related violations: <none>

TIMING-24#16 Warning
Overridden Max delay datapath only  
An asynchronous set_clock_groups or a set_false path (see constraint position 3 in the Timing Constraints window in Vivado IDE) between clocks CLK_CNN and CLK_ADC overrides a set_max_delay -datapath_only (position 33). It is not recommended to override a set_max_delay -datapath_only constraint. Replace the set_clock_groups or set_false_path between clocks with point-to-point set_false_path constraints
Related violations: <none>

XDCH-2#1 Warning
Same min and max delay values on IO port  
The same input delay of 0.000 ns has been defined on port 'ADC_DATA4[0][0][0]' relative to clock CLK_ADC for both max and min. Make sure this reflects the design intent.
set_input_delay -clock [get_clocks CLK_ADC] 0.000 [get_ports -quiet {DATA_STR ADC_DATA4* EVENT_READY}]
/home/work1/Works/AI-Trigger-System/HDL/constraints/ai_trigger_ooc.xdc (Line: 19)
Related violations: <none>

XDCH-2#2 Warning
Same min and max delay values on IO port  
The same input delay of 0.000 ns has been defined on port 'ADC_DATA4[0][0][10]' relative to clock CLK_ADC for both max and min. Make sure this reflects the design intent.
set_input_delay -clock [get_clocks CLK_ADC] 0.000 [get_ports -quiet {DATA_STR ADC_DATA4* EVENT_READY}]
/home/work1/Works/AI-Trigger-System/HDL/constraints/ai_trigger_ooc.xdc (Line: 19)
Related violations: <none>

XDCH-2#3 Warning
Same min and max delay values on IO port  
The same input delay of 0.000 ns has been defined on port 'ADC_DATA4[0][0][11]' relative to clock CLK_ADC for both max and min. Make sure this reflects the design intent.
set_input_delay -clock [get_clocks CLK_ADC] 0.000 [get_ports -quiet {DATA_STR ADC_DATA4* EVENT_READY}]
/home/work1/Works/AI-Trigger-System/HDL/constraints/ai_trigger_ooc.xdc (Line: 19)
Related violations: <none>

XDCH-2#4 Warning
Same min and max delay values on IO port  
The same input delay of 0.000 ns has been defined on port 'ADC_DATA4[0][0][1]' relative to clock CLK_ADC for both max and min. Make sure this reflects the design intent.
set_input_delay -clock [get_clocks CLK_ADC] 0.000 [get_ports -quiet {DATA_STR ADC_DATA4* EVENT_READY}]
/home/work1/Works/AI-Trigger-System/HDL/constraints/ai_trigger_ooc.xdc (Line: 19)
Related violations: <none>

XDCH-2#5 Warning
Same min and max delay values on IO port  
The same input delay of 0.000 ns has been defined on port 'ADC_DATA4[0][0][2]' relative to clock CLK_ADC for both max and min. Make sure this reflects the design intent.
set_input_delay -clock [get_clocks CLK_ADC] 0.000 [get_ports -quiet {DATA_STR ADC_DATA4* EVENT_READY}]
/home/work1/Works/AI-Trigger-System/HDL/constraints/ai_trigger_ooc.xdc (Line: 19)
Related violations: <none>

XDCH-2#6 Warning
Same min and max delay values on IO port  
The same input delay of 0.000 ns has been defined on port 'ADC_DATA4[0][0][3]' relative to clock CLK_ADC for both max and min. Make sure this reflects the design intent.
set_input_delay -clock [get_clocks CLK_ADC] 0.000 [get_ports -quiet {DATA_STR ADC_DATA4* EVENT_READY}]
/home/work1/Works/AI-Trigger-System/HDL/constraints/ai_trigger_ooc.xdc (Line: 19)
Related violations: <none>

XDCH-2#7 Warning
Same min and max delay values on IO port  
The same input delay of 0.000 ns has been defined on port 'ADC_DATA4[0][0][4]' relative to clock CLK_ADC for both max and min. Make sure this reflects the design intent.
set_input_delay -clock [get_clocks CLK_ADC] 0.000 [get_ports -quiet {DATA_STR ADC_DATA4* EVENT_READY}]
/home/work1/Works/AI-Trigger-System/HDL/constraints/ai_trigger_ooc.xdc (Line: 19)
Related violations: <none>

XDCH-2#8 Warning
Same min and max delay values on IO port  
The same input delay of 0.000 ns has been defined on port 'ADC_DATA4[0][0][5]' relative to clock CLK_ADC for both max and min. Make sure this reflects the design intent.
set_input_delay -clock [get_clocks CLK_ADC] 0.000 [get_ports -quiet {DATA_STR ADC_DATA4* EVENT_READY}]
/home/work1/Works/AI-Trigger-System/HDL/constraints/ai_trigger_ooc.xdc (Line: 19)
Related violations: <none>

XDCH-2#9 Warning
Same min and max delay values on IO port  
The same input delay of 0.000 ns has been defined on port 'ADC_DATA4[0][0][6]' relative to clock CLK_ADC for both max and min. Make sure this reflects the design intent.
set_input_delay -clock [get_clocks CLK_ADC] 0.000 [get_ports -quiet {DATA_STR ADC_DATA4* EVENT_READY}]
/home/work1/Works/AI-Trigger-System/HDL/constraints/ai_trigger_ooc.xdc (Line: 19)
Related violations: <none>

XDCH-2#10 Warning
Same min and max delay values on IO port  
The same input delay of 0.000 ns has been defined on port 'ADC_DATA4[0][0][7]' relative to clock CLK_ADC for both max and min. Make sure this reflects the design intent.
set_input_delay -clock [get_clocks CLK_ADC] 0.000 [get_ports -quiet {DATA_STR ADC_DATA4* EVENT_READY}]
/home/work1/Works/AI-Trigger-System/HDL/constraints/ai_trigger_ooc.xdc (Line: 19)
Related violations: <none>

XDCH-2#11 Warning
Same min and max delay values on IO port  
The same input delay of 0.000 ns has been defined on port 'ADC_DATA4[0][0][8]' relative to clock CLK_ADC for both max and min. Make sure this reflects the design intent.
set_input_delay -clock [get_clocks CLK_ADC] 0.000 [get_ports -quiet {DATA_STR ADC_DATA4* EVENT_READY}]
/home/work1/Works/AI-Trigger-System/HDL/constraints/ai_trigger_ooc.xdc (Line: 19)
Related violations: <none>

XDCH-2#12 Warning
Same min and max delay values on IO port  
The same input delay of 0.000 ns has been defined on port 'ADC_DATA4[0][0][9]' relative to clock CLK_ADC for both max and min. Make sure this reflects the design intent.
set_input_delay -clock [get_clocks CLK_ADC] 0.000 [get_ports -quiet {DATA_STR ADC_DATA4* EVENT_READY}]
/home/work1/Works/AI-Trigger-System/HDL/constraints/ai_trigger_ooc.xdc (Line: 19)
Related violations: <none>

XDCH-2#13 Warning
Same min and max delay values on IO port  
The same input delay of 0.000 ns has been defined on port 'ADC_DATA4[0][10][0]' relative to clock CLK_ADC for both max and min. Make sure this reflects the design intent.
set_input_delay -clock [get_clocks CLK_ADC] 0.000 [get_ports -quiet {DATA_STR ADC_DATA4* EVENT_READY}]
/home/work1/Works/AI-Trigger-System/HDL/constraints/ai_trigger_ooc.xdc (Line: 19)
Related violations: <none>

XDCH-2#14 Warning
Same min and max delay values on IO port  
The same input delay of 0.000 ns has been defined on port 'ADC_DATA4[0][10][10]' relative to clock CLK_ADC for both max and min. Make sure this reflects the design intent.
set_input_delay -clock [get_clocks CLK_ADC] 0.000 [get_ports -quiet {DATA_STR ADC_DATA4* EVENT_READY}]
/home/work1/Works/AI-Trigger-System/HDL/constraints/ai_trigger_ooc.xdc (Line: 19)
Related violations: <none>

XDCH-2#15 Warning
Same min and max delay values on IO port  
The same input delay of 0.000 ns has been defined on port 'ADC_DATA4[0][10][11]' relative to clock CLK_ADC for both max and min. Make sure this reflects the design intent.
set_input_delay -clock [get_clocks CLK_ADC] 0.000 [get_ports -quiet {DATA_STR ADC_DATA4* EVENT_READY}]
/home/work1/Works/AI-Trigger-System/HDL/constraints/ai_trigger_ooc.xdc (Line: 19)
Related violations: <none>

XDCH-2#16 Warning
Same min and max delay values on IO port  
The same input delay of 0.000 ns has been defined on port 'ADC_DATA4[0][10][1]' relative to clock CLK_ADC for both max and min. Make sure this reflects the design intent.
set_input_delay -clock [get_clocks CLK_ADC] 0.000 [get_ports -quiet {DATA_STR ADC_DATA4* EVENT_READY}]
/home/work1/Works/AI-Trigger-System/HDL/constraints/ai_trigger_ooc.xdc (Line: 19)
Related violations: <none>

XDCH-2#17 Warning
Same min and max delay values on IO port  
The same input delay of 0.000 ns has been defined on port 'ADC_DATA4[0][10][2]' relative to clock CLK_ADC for both max and min. Make sure this reflects the design intent.
set_input_delay -clock [get_clocks CLK_ADC] 0.000 [get_ports -quiet {DATA_STR ADC_DATA4* EVENT_READY}]
/home/work1/Works/AI-Trigger-System/HDL/constraints/ai_trigger_ooc.xdc (Line: 19)
Related violations: <none>

XDCH-2#18 Warning
Same min and max delay values on IO port  
The same input delay of 0.000 ns has been defined on port 'ADC_DATA4[0][10][3]' relative to clock CLK_ADC for both max and min. Make sure this reflects the design intent.
set_input_delay -clock [get_clocks CLK_ADC] 0.000 [get_ports -quiet {DATA_STR ADC_DATA4* EVENT_READY}]
/home/work1/Works/AI-Trigger-System/HDL/constraints/ai_trigger_ooc.xdc (Line: 19)
Related violations: <none>

XDCH-2#19 Warning
Same min and max delay values on IO port  
The same input delay of 0.000 ns has been defined on port 'ADC_DATA4[0][10][4]' relative to clock CLK_ADC for both max and min. Make sure this reflects the design intent.
set_input_delay -clock [get_clocks CLK_ADC] 0.000 [get_ports -quiet {DATA_STR ADC_DATA4* EVENT_READY}]
/home/work1/Works/AI-Trigger-System/HDL/constraints/ai_trigger_ooc.xdc (Line: 19)
Related violations: <none>

XDCH-2#20 Warning
Same min and max delay values on IO port  
The same input delay of 0.000 ns has been defined on port 'ADC_DATA4[0][10][5]' relative to clock CLK_ADC for both max and min. Make sure this reflects the design intent.
set_input_delay -clock [get_clocks CLK_ADC] 0.000 [get_ports -quiet {DATA_STR ADC_DATA4* EVENT_READY}]
/home/work1/Works/AI-Trigger-System/HDL/constraints/ai_trigger_ooc.xdc (Line: 19)
Related violations: <none>

XDCH-2#21 Warning
Same min and max delay values on IO port  
The same input delay of 0.000 ns has been defined on port 'ADC_DATA4[0][10][6]' relative to clock CLK_ADC for both max and min. Make sure this reflects the design intent.
set_input_delay -clock [get_clocks CLK_ADC] 0.000 [get_ports -quiet {DATA_STR ADC_DATA4* EVENT_READY}]
/home/work1/Works/AI-Trigger-System/HDL/constraints/ai_trigger_ooc.xdc (Line: 19)
Related violations: <none>

XDCH-2#22 Warning
Same min and max delay values on IO port  
The same input delay of 0.000 ns has been defined on port 'ADC_DATA4[0][10][7]' relative to clock CLK_ADC for both max and min. Make sure this reflects the design intent.
set_input_delay -clock [get_clocks CLK_ADC] 0.000 [get_ports -quiet {DATA_STR ADC_DATA4* EVENT_READY}]
/home/work1/Works/AI-Trigger-System/HDL/constraints/ai_trigger_ooc.xdc (Line: 19)
Related violations: <none>

XDCH-2#23 Warning
Same min and max delay values on IO port  
The same input delay of 0.000 ns has been defined on port 'ADC_DATA4[0][10][8]' relative to clock CLK_ADC for both max and min. Make sure this reflects the design intent.
set_input_delay -clock [get_clocks CLK_ADC] 0.000 [get_ports -quiet {DATA_STR ADC_DATA4* EVENT_READY}]
/home/work1/Works/AI-Trigger-System/HDL/constraints/ai_trigger_ooc.xdc (Line: 19)
Related violations: <none>

XDCH-2#24 Warning
Same min and max delay values on IO port  
The same input delay of 0.000 ns has been defined on port 'ADC_DATA4[0][10][9]' relative to clock CLK_ADC for both max and min. Make sure this reflects the design intent.
set_input_delay -clock [get_clocks CLK_ADC] 0.000 [get_ports -quiet {DATA_STR ADC_DATA4* EVENT_READY}]
/home/work1/Works/AI-Trigger-System/HDL/constraints/ai_trigger_ooc.xdc (Line: 19)
Related violations: <none>

XDCH-2#25 Warning
Same min and max delay values on IO port  
The same input delay of 0.000 ns has been defined on port 'ADC_DATA4[0][11][0]' relative to clock CLK_ADC for both max and min. Make sure this reflects the design intent.
set_input_delay -clock [get_clocks CLK_ADC] 0.000 [get_ports -quiet {DATA_STR ADC_DATA4* EVENT_READY}]
/home/work1/Works/AI-Trigger-System/HDL/constraints/ai_trigger_ooc.xdc (Line: 19)
Related violations: <none>

XDCH-2#26 Warning
Same min and max delay values on IO port  
The same input delay of 0.000 ns has been defined on port 'ADC_DATA4[0][11][10]' relative to clock CLK_ADC for both max and min. Make sure this reflects the design intent.
set_input_delay -clock [get_clocks CLK_ADC] 0.000 [get_ports -quiet {DATA_STR ADC_DATA4* EVENT_READY}]
/home/work1/Works/AI-Trigger-System/HDL/constraints/ai_trigger_ooc.xdc (Line: 19)
Related violations: <none>

XDCH-2#27 Warning
Same min and max delay values on IO port  
The same input delay of 0.000 ns has been defined on port 'ADC_DATA4[0][11][11]' relative to clock CLK_ADC for both max and min. Make sure this reflects the design intent.
set_input_delay -clock [get_clocks CLK_ADC] 0.000 [get_ports -quiet {DATA_STR ADC_DATA4* EVENT_READY}]
/home/work1/Works/AI-Trigger-System/HDL/constraints/ai_trigger_ooc.xdc (Line: 19)
Related violations: <none>

XDCH-2#28 Warning
Same min and max delay values on IO port  
The same input delay of 0.000 ns has been defined on port 'ADC_DATA4[0][11][1]' relative to clock CLK_ADC for both max and min. Make sure this reflects the design intent.
set_input_delay -clock [get_clocks CLK_ADC] 0.000 [get_ports -quiet {DATA_STR ADC_DATA4* EVENT_READY}]
/home/work1/Works/AI-Trigger-System/HDL/constraints/ai_trigger_ooc.xdc (Line: 19)
Related violations: <none>

XDCH-2#29 Warning
Same min and max delay values on IO port  
The same input delay of 0.000 ns has been defined on port 'ADC_DATA4[0][11][2]' relative to clock CLK_ADC for both max and min. Make sure this reflects the design intent.
set_input_delay -clock [get_clocks CLK_ADC] 0.000 [get_ports -quiet {DATA_STR ADC_DATA4* EVENT_READY}]
/home/work1/Works/AI-Trigger-System/HDL/constraints/ai_trigger_ooc.xdc (Line: 19)
Related violations: <none>

XDCH-2#30 Warning
Same min and max delay values on IO port  
The same input delay of 0.000 ns has been defined on port 'ADC_DATA4[0][11][3]' relative to clock CLK_ADC for both max and min. Make sure this reflects the design intent.
set_input_delay -clock [get_clocks CLK_ADC] 0.000 [get_ports -quiet {DATA_STR ADC_DATA4* EVENT_READY}]
/home/work1/Works/AI-Trigger-System/HDL/constraints/ai_trigger_ooc.xdc (Line: 19)
Related violations: <none>

XDCH-2#31 Warning
Same min and max delay values on IO port  
The same input delay of 0.000 ns has been defined on port 'ADC_DATA4[0][11][4]' relative to clock CLK_ADC for both max and min. Make sure this reflects the design intent.
set_input_delay -clock [get_clocks CLK_ADC] 0.000 [get_ports -quiet {DATA_STR ADC_DATA4* EVENT_READY}]
/home/work1/Works/AI-Trigger-System/HDL/constraints/ai_trigger_ooc.xdc (Line: 19)
Related violations: <none>

XDCH-2#32 Warning
Same min and max delay values on IO port  
The same input delay of 0.000 ns has been defined on port 'ADC_DATA4[0][11][5]' relative to clock CLK_ADC for both max and min. Make sure this reflects the design intent.
set_input_delay -clock [get_clocks CLK_ADC] 0.000 [get_ports -quiet {DATA_STR ADC_DATA4* EVENT_READY}]
/home/work1/Works/AI-Trigger-System/HDL/constraints/ai_trigger_ooc.xdc (Line: 19)
Related violations: <none>

XDCH-2#33 Warning
Same min and max delay values on IO port  
The same input delay of 0.000 ns has been defined on port 'ADC_DATA4[0][11][6]' relative to clock CLK_ADC for both max and min. Make sure this reflects the design intent.
set_input_delay -clock [get_clocks CLK_ADC] 0.000 [get_ports -quiet {DATA_STR ADC_DATA4* EVENT_READY}]
/home/work1/Works/AI-Trigger-System/HDL/constraints/ai_trigger_ooc.xdc (Line: 19)
Related violations: <none>

XDCH-2#34 Warning
Same min and max delay values on IO port  
The same input delay of 0.000 ns has been defined on port 'ADC_DATA4[0][11][7]' relative to clock CLK_ADC for both max and min. Make sure this reflects the design intent.
set_input_delay -clock [get_clocks CLK_ADC] 0.000 [get_ports -quiet {DATA_STR ADC_DATA4* EVENT_READY}]
/home/work1/Works/AI-Trigger-System/HDL/constraints/ai_trigger_ooc.xdc (Line: 19)
Related violations: <none>

XDCH-2#35 Warning
Same min and max delay values on IO port  
The same input delay of 0.000 ns has been defined on port 'ADC_DATA4[0][11][8]' relative to clock CLK_ADC for both max and min. Make sure this reflects the design intent.
set_input_delay -clock [get_clocks CLK_ADC] 0.000 [get_ports -quiet {DATA_STR ADC_DATA4* EVENT_READY}]
/home/work1/Works/AI-Trigger-System/HDL/constraints/ai_trigger_ooc.xdc (Line: 19)
Related violations: <none>

XDCH-2#36 Warning
Same min and max delay values on IO port  
The same input delay of 0.000 ns has been defined on port 'ADC_DATA4[0][11][9]' relative to clock CLK_ADC for both max and min. Make sure this reflects the design intent.
set_input_delay -clock [get_clocks CLK_ADC] 0.000 [get_ports -quiet {DATA_STR ADC_DATA4* EVENT_READY}]
/home/work1/Works/AI-Trigger-System/HDL/constraints/ai_trigger_ooc.xdc (Line: 19)
Related violations: <none>

XDCH-2#37 Warning
Same min and max delay values on IO port  
The same input delay of 0.000 ns has been defined on port 'ADC_DATA4[0][12][0]' relative to clock CLK_ADC for both max and min. Make sure this reflects the design intent.
set_input_delay -clock [get_clocks CLK_ADC] 0.000 [get_ports -quiet {DATA_STR ADC_DATA4* EVENT_READY}]
/home/work1/Works/AI-Trigger-System/HDL/constraints/ai_trigger_ooc.xdc (Line: 19)
Related violations: <none>

XDCH-2#38 Warning
Same min and max delay values on IO port  
The same input delay of 0.000 ns has been defined on port 'ADC_DATA4[0][12][10]' relative to clock CLK_ADC for both max and min. Make sure this reflects the design intent.
set_input_delay -clock [get_clocks CLK_ADC] 0.000 [get_ports -quiet {DATA_STR ADC_DATA4* EVENT_READY}]
/home/work1/Works/AI-Trigger-System/HDL/constraints/ai_trigger_ooc.xdc (Line: 19)
Related violations: <none>

XDCH-2#39 Warning
Same min and max delay values on IO port  
The same input delay of 0.000 ns has been defined on port 'ADC_DATA4[0][12][11]' relative to clock CLK_ADC for both max and min. Make sure this reflects the design intent.
set_input_delay -clock [get_clocks CLK_ADC] 0.000 [get_ports -quiet {DATA_STR ADC_DATA4* EVENT_READY}]
/home/work1/Works/AI-Trigger-System/HDL/constraints/ai_trigger_ooc.xdc (Line: 19)
Related violations: <none>

XDCH-2#40 Warning
Same min and max delay values on IO port  
The same input delay of 0.000 ns has been defined on port 'ADC_DATA4[0][12][1]' relative to clock CLK_ADC for both max and min. Make sure this reflects the design intent.
set_input_delay -clock [get_clocks CLK_ADC] 0.000 [get_ports -quiet {DATA_STR ADC_DATA4* EVENT_READY}]
/home/work1/Works/AI-Trigger-System/HDL/constraints/ai_trigger_ooc.xdc (Line: 19)
Related violations: <none>

XDCH-2#41 Warning
Same min and max delay values on IO port  
The same input delay of 0.000 ns has been defined on port 'ADC_DATA4[0][12][2]' relative to clock CLK_ADC for both max and min. Make sure this reflects the design intent.
set_input_delay -clock [get_clocks CLK_ADC] 0.000 [get_ports -quiet {DATA_STR ADC_DATA4* EVENT_READY}]
/home/work1/Works/AI-Trigger-System/HDL/constraints/ai_trigger_ooc.xdc (Line: 19)
Related violations: <none>

XDCH-2#42 Warning
Same min and max delay values on IO port  
The same input delay of 0.000 ns has been defined on port 'ADC_DATA4[0][12][3]' relative to clock CLK_ADC for both max and min. Make sure this reflects the design intent.
set_input_delay -clock [get_clocks CLK_ADC] 0.000 [get_ports -quiet {DATA_STR ADC_DATA4* EVENT_READY}]
/home/work1/Works/AI-Trigger-System/HDL/constraints/ai_trigger_ooc.xdc (Line: 19)
Related violations: <none>

XDCH-2#43 Warning
Same min and max delay values on IO port  
The same input delay of 0.000 ns has been defined on port 'ADC_DATA4[0][12][4]' relative to clock CLK_ADC for both max and min. Make sure this reflects the design intent.
set_input_delay -clock [get_clocks CLK_ADC] 0.000 [get_ports -quiet {DATA_STR ADC_DATA4* EVENT_READY}]
/home/work1/Works/AI-Trigger-System/HDL/constraints/ai_trigger_ooc.xdc (Line: 19)
Related violations: <none>

XDCH-2#44 Warning
Same min and max delay values on IO port  
The same input delay of 0.000 ns has been defined on port 'ADC_DATA4[0][12][5]' relative to clock CLK_ADC for both max and min. Make sure this reflects the design intent.
set_input_delay -clock [get_clocks CLK_ADC] 0.000 [get_ports -quiet {DATA_STR ADC_DATA4* EVENT_READY}]
/home/work1/Works/AI-Trigger-System/HDL/constraints/ai_trigger_ooc.xdc (Line: 19)
Related violations: <none>

XDCH-2#45 Warning
Same min and max delay values on IO port  
The same input delay of 0.000 ns has been defined on port 'ADC_DATA4[0][12][6]' relative to clock CLK_ADC for both max and min. Make sure this reflects the design intent.
set_input_delay -clock [get_clocks CLK_ADC] 0.000 [get_ports -quiet {DATA_STR ADC_DATA4* EVENT_READY}]
/home/work1/Works/AI-Trigger-System/HDL/constraints/ai_trigger_ooc.xdc (Line: 19)
Related violations: <none>

XDCH-2#46 Warning
Same min and max delay values on IO port  
The same input delay of 0.000 ns has been defined on port 'ADC_DATA4[0][12][7]' relative to clock CLK_ADC for both max and min. Make sure this reflects the design intent.
set_input_delay -clock [get_clocks CLK_ADC] 0.000 [get_ports -quiet {DATA_STR ADC_DATA4* EVENT_READY}]
/home/work1/Works/AI-Trigger-System/HDL/constraints/ai_trigger_ooc.xdc (Line: 19)
Related violations: <none>

XDCH-2#47 Warning
Same min and max delay values on IO port  
The same input delay of 0.000 ns has been defined on port 'ADC_DATA4[0][12][8]' relative to clock CLK_ADC for both max and min. Make sure this reflects the design intent.
set_input_delay -clock [get_clocks CLK_ADC] 0.000 [get_ports -quiet {DATA_STR ADC_DATA4* EVENT_READY}]
/home/work1/Works/AI-Trigger-System/HDL/constraints/ai_trigger_ooc.xdc (Line: 19)
Related violations: <none>

XDCH-2#48 Warning
Same min and max delay values on IO port  
The same input delay of 0.000 ns has been defined on port 'ADC_DATA4[0][12][9]' relative to clock CLK_ADC for both max and min. Make sure this reflects the design intent.
set_input_delay -clock [get_clocks CLK_ADC] 0.000 [get_ports -quiet {DATA_STR ADC_DATA4* EVENT_READY}]
/home/work1/Works/AI-Trigger-System/HDL/constraints/ai_trigger_ooc.xdc (Line: 19)
Related violations: <none>

XDCH-2#49 Warning
Same min and max delay values on IO port  
The same input delay of 0.000 ns has been defined on port 'ADC_DATA4[0][13][0]' relative to clock CLK_ADC for both max and min. Make sure this reflects the design intent.
set_input_delay -clock [get_clocks CLK_ADC] 0.000 [get_ports -quiet {DATA_STR ADC_DATA4* EVENT_READY}]
/home/work1/Works/AI-Trigger-System/HDL/constraints/ai_trigger_ooc.xdc (Line: 19)
Related violations: <none>

XDCH-2#50 Warning
Same min and max delay values on IO port  
The same input delay of 0.000 ns has been defined on port 'ADC_DATA4[0][13][10]' relative to clock CLK_ADC for both max and min. Make sure this reflects the design intent.
set_input_delay -clock [get_clocks CLK_ADC] 0.000 [get_ports -quiet {DATA_STR ADC_DATA4* EVENT_READY}]
/home/work1/Works/AI-Trigger-System/HDL/constraints/ai_trigger_ooc.xdc (Line: 19)
Related violations: <none>

XDCH-2#51 Warning
Same min and max delay values on IO port  
The same input delay of 0.000 ns has been defined on port 'ADC_DATA4[0][13][11]' relative to clock CLK_ADC for both max and min. Make sure this reflects the design intent.
set_input_delay -clock [get_clocks CLK_ADC] 0.000 [get_ports -quiet {DATA_STR ADC_DATA4* EVENT_READY}]
/home/work1/Works/AI-Trigger-System/HDL/constraints/ai_trigger_ooc.xdc (Line: 19)
Related violations: <none>

XDCH-2#52 Warning
Same min and max delay values on IO port  
The same input delay of 0.000 ns has been defined on port 'ADC_DATA4[0][13][1]' relative to clock CLK_ADC for both max and min. Make sure this reflects the design intent.
set_input_delay -clock [get_clocks CLK_ADC] 0.000 [get_ports -quiet {DATA_STR ADC_DATA4* EVENT_READY}]
/home/work1/Works/AI-Trigger-System/HDL/constraints/ai_trigger_ooc.xdc (Line: 19)
Related violations: <none>

XDCH-2#53 Warning
Same min and max delay values on IO port  
The same input delay of 0.000 ns has been defined on port 'ADC_DATA4[0][13][2]' relative to clock CLK_ADC for both max and min. Make sure this reflects the design intent.
set_input_delay -clock [get_clocks CLK_ADC] 0.000 [get_ports -quiet {DATA_STR ADC_DATA4* EVENT_READY}]
/home/work1/Works/AI-Trigger-System/HDL/constraints/ai_trigger_ooc.xdc (Line: 19)
Related violations: <none>

XDCH-2#54 Warning
Same min and max delay values on IO port  
The same input delay of 0.000 ns has been defined on port 'ADC_DATA4[0][13][3]' relative to clock CLK_ADC for both max and min. Make sure this reflects the design intent.
set_input_delay -clock [get_clocks CLK_ADC] 0.000 [get_ports -quiet {DATA_STR ADC_DATA4* EVENT_READY}]
/home/work1/Works/AI-Trigger-System/HDL/constraints/ai_trigger_ooc.xdc (Line: 19)
Related violations: <none>

XDCH-2#55 Warning
Same min and max delay values on IO port  
The same input delay of 0.000 ns has been defined on port 'ADC_DATA4[0][13][4]' relative to clock CLK_ADC for both max and min. Make sure this reflects the design intent.
set_input_delay -clock [get_clocks CLK_ADC] 0.000 [get_ports -quiet {DATA_STR ADC_DATA4* EVENT_READY}]
/home/work1/Works/AI-Trigger-System/HDL/constraints/ai_trigger_ooc.xdc (Line: 19)
Related violations: <none>

XDCH-2#56 Warning
Same min and max delay values on IO port  
The same input delay of 0.000 ns has been defined on port 'ADC_DATA4[0][13][5]' relative to clock CLK_ADC for both max and min. Make sure this reflects the design intent.
set_input_delay -clock [get_clocks CLK_ADC] 0.000 [get_ports -quiet {DATA_STR ADC_DATA4* EVENT_READY}]
/home/work1/Works/AI-Trigger-System/HDL/constraints/ai_trigger_ooc.xdc (Line: 19)
Related violations: <none>

XDCH-2#57 Warning
Same min and max delay values on IO port  
The same input delay of 0.000 ns has been defined on port 'ADC_DATA4[0][13][6]' relative to clock CLK_ADC for both max and min. Make sure this reflects the design intent.
set_input_delay -clock [get_clocks CLK_ADC] 0.000 [get_ports -quiet {DATA_STR ADC_DATA4* EVENT_READY}]
/home/work1/Works/AI-Trigger-System/HDL/constraints/ai_trigger_ooc.xdc (Line: 19)
Related violations: <none>

XDCH-2#58 Warning
Same min and max delay values on IO port  
The same input delay of 0.000 ns has been defined on port 'ADC_DATA4[0][13][7]' relative to clock CLK_ADC for both max and min. Make sure this reflects the design intent.
set_input_delay -clock [get_clocks CLK_ADC] 0.000 [get_ports -quiet {DATA_STR ADC_DATA4* EVENT_READY}]
/home/work1/Works/AI-Trigger-System/HDL/constraints/ai_trigger_ooc.xdc (Line: 19)
Related violations: <none>

XDCH-2#59 Warning
Same min and max delay values on IO port  
The same input delay of 0.000 ns has been defined on port 'ADC_DATA4[0][13][8]' relative to clock CLK_ADC for both max and min. Make sure this reflects the design intent.
set_input_delay -clock [get_clocks CLK_ADC] 0.000 [get_ports -quiet {DATA_STR ADC_DATA4* EVENT_READY}]
/home/work1/Works/AI-Trigger-System/HDL/constraints/ai_trigger_ooc.xdc (Line: 19)
Related violations: <none>

XDCH-2#60 Warning
Same min and max delay values on IO port  
The same input delay of 0.000 ns has been defined on port 'ADC_DATA4[0][13][9]' relative to clock CLK_ADC for both max and min. Make sure this reflects the design intent.
set_input_delay -clock [get_clocks CLK_ADC] 0.000 [get_ports -quiet {DATA_STR ADC_DATA4* EVENT_READY}]
/home/work1/Works/AI-Trigger-System/HDL/constraints/ai_trigger_ooc.xdc (Line: 19)
Related violations: <none>

XDCH-2#61 Warning
Same min and max delay values on IO port  
The same input delay of 0.000 ns has been defined on port 'ADC_DATA4[0][14][0]' relative to clock CLK_ADC for both max and min. Make sure this reflects the design intent.
set_input_delay -clock [get_clocks CLK_ADC] 0.000 [get_ports -quiet {DATA_STR ADC_DATA4* EVENT_READY}]
/home/work1/Works/AI-Trigger-System/HDL/constraints/ai_trigger_ooc.xdc (Line: 19)
Related violations: <none>

XDCH-2#62 Warning
Same min and max delay values on IO port  
The same input delay of 0.000 ns has been defined on port 'ADC_DATA4[0][14][10]' relative to clock CLK_ADC for both max and min. Make sure this reflects the design intent.
set_input_delay -clock [get_clocks CLK_ADC] 0.000 [get_ports -quiet {DATA_STR ADC_DATA4* EVENT_READY}]
/home/work1/Works/AI-Trigger-System/HDL/constraints/ai_trigger_ooc.xdc (Line: 19)
Related violations: <none>

XDCH-2#63 Warning
Same min and max delay values on IO port  
The same input delay of 0.000 ns has been defined on port 'ADC_DATA4[0][14][11]' relative to clock CLK_ADC for both max and min. Make sure this reflects the design intent.
set_input_delay -clock [get_clocks CLK_ADC] 0.000 [get_ports -quiet {DATA_STR ADC_DATA4* EVENT_READY}]
/home/work1/Works/AI-Trigger-System/HDL/constraints/ai_trigger_ooc.xdc (Line: 19)
Related violations: <none>

XDCH-2#64 Warning
Same min and max delay values on IO port  
The same input delay of 0.000 ns has been defined on port 'ADC_DATA4[0][14][1]' relative to clock CLK_ADC for both max and min. Make sure this reflects the design intent.
set_input_delay -clock [get_clocks CLK_ADC] 0.000 [get_ports -quiet {DATA_STR ADC_DATA4* EVENT_READY}]
/home/work1/Works/AI-Trigger-System/HDL/constraints/ai_trigger_ooc.xdc (Line: 19)
Related violations: <none>

XDCH-2#65 Warning
Same min and max delay values on IO port  
The same input delay of 0.000 ns has been defined on port 'ADC_DATA4[0][14][2]' relative to clock CLK_ADC for both max and min. Make sure this reflects the design intent.
set_input_delay -clock [get_clocks CLK_ADC] 0.000 [get_ports -quiet {DATA_STR ADC_DATA4* EVENT_READY}]
/home/work1/Works/AI-Trigger-System/HDL/constraints/ai_trigger_ooc.xdc (Line: 19)
Related violations: <none>

XDCH-2#66 Warning
Same min and max delay values on IO port  
The same input delay of 0.000 ns has been defined on port 'ADC_DATA4[0][14][3]' relative to clock CLK_ADC for both max and min. Make sure this reflects the design intent.
set_input_delay -clock [get_clocks CLK_ADC] 0.000 [get_ports -quiet {DATA_STR ADC_DATA4* EVENT_READY}]
/home/work1/Works/AI-Trigger-System/HDL/constraints/ai_trigger_ooc.xdc (Line: 19)
Related violations: <none>

XDCH-2#67 Warning
Same min and max delay values on IO port  
The same input delay of 0.000 ns has been defined on port 'ADC_DATA4[0][14][4]' relative to clock CLK_ADC for both max and min. Make sure this reflects the design intent.
set_input_delay -clock [get_clocks CLK_ADC] 0.000 [get_ports -quiet {DATA_STR ADC_DATA4* EVENT_READY}]
/home/work1/Works/AI-Trigger-System/HDL/constraints/ai_trigger_ooc.xdc (Line: 19)
Related violations: <none>

XDCH-2#68 Warning
Same min and max delay values on IO port  
The same input delay of 0.000 ns has been defined on port 'ADC_DATA4[0][14][5]' relative to clock CLK_ADC for both max and min. Make sure this reflects the design intent.
set_input_delay -clock [get_clocks CLK_ADC] 0.000 [get_ports -quiet {DATA_STR ADC_DATA4* EVENT_READY}]
/home/work1/Works/AI-Trigger-System/HDL/constraints/ai_trigger_ooc.xdc (Line: 19)
Related violations: <none>

XDCH-2#69 Warning
Same min and max delay values on IO port  
The same input delay of 0.000 ns has been defined on port 'ADC_DATA4[0][14][6]' relative to clock CLK_ADC for both max and min. Make sure this reflects the design intent.
set_input_delay -clock [get_clocks CLK_ADC] 0.000 [get_ports -quiet {DATA_STR ADC_DATA4* EVENT_READY}]
/home/work1/Works/AI-Trigger-System/HDL/constraints/ai_trigger_ooc.xdc (Line: 19)
Related violations: <none>

XDCH-2#70 Warning
Same min and max delay values on IO port  
The same input delay of 0.000 ns has been defined on port 'ADC_DATA4[0][14][7]' relative to clock CLK_ADC for both max and min. Make sure this reflects the design intent.
set_input_delay -clock [get_clocks CLK_ADC] 0.000 [get_ports -quiet {DATA_STR ADC_DATA4* EVENT_READY}]
/home/work1/Works/AI-Trigger-System/HDL/constraints/ai_trigger_ooc.xdc (Line: 19)
Related violations: <none>

XDCH-2#71 Warning
Same min and max delay values on IO port  
The same input delay of 0.000 ns has been defined on port 'ADC_DATA4[0][14][8]' relative to clock CLK_ADC for both max and min. Make sure this reflects the design intent.
set_input_delay -clock [get_clocks CLK_ADC] 0.000 [get_ports -quiet {DATA_STR ADC_DATA4* EVENT_READY}]
/home/work1/Works/AI-Trigger-System/HDL/constraints/ai_trigger_ooc.xdc (Line: 19)
Related violations: <none>

XDCH-2#72 Warning
Same min and max delay values on IO port  
The same input delay of 0.000 ns has been defined on port 'ADC_DATA4[0][14][9]' relative to clock CLK_ADC for both max and min. Make sure this reflects the design intent.
set_input_delay -clock [get_clocks CLK_ADC] 0.000 [get_ports -quiet {DATA_STR ADC_DATA4* EVENT_READY}]
/home/work1/Works/AI-Trigger-System/HDL/constraints/ai_trigger_ooc.xdc (Line: 19)
Related violations: <none>

XDCH-2#73 Warning
Same min and max delay values on IO port  
The same input delay of 0.000 ns has been defined on port 'ADC_DATA4[0][15][0]' relative to clock CLK_ADC for both max and min. Make sure this reflects the design intent.
set_input_delay -clock [get_clocks CLK_ADC] 0.000 [get_ports -quiet {DATA_STR ADC_DATA4* EVENT_READY}]
/home/work1/Works/AI-Trigger-System/HDL/constraints/ai_trigger_ooc.xdc (Line: 19)
Related violations: <none>

XDCH-2#74 Warning
Same min and max delay values on IO port  
The same input delay of 0.000 ns has been defined on port 'ADC_DATA4[0][15][10]' relative to clock CLK_ADC for both max and min. Make sure this reflects the design intent.
set_input_delay -clock [get_clocks CLK_ADC] 0.000 [get_ports -quiet {DATA_STR ADC_DATA4* EVENT_READY}]
/home/work1/Works/AI-Trigger-System/HDL/constraints/ai_trigger_ooc.xdc (Line: 19)
Related violations: <none>

XDCH-2#75 Warning
Same min and max delay values on IO port  
The same input delay of 0.000 ns has been defined on port 'ADC_DATA4[0][15][11]' relative to clock CLK_ADC for both max and min. Make sure this reflects the design intent.
set_input_delay -clock [get_clocks CLK_ADC] 0.000 [get_ports -quiet {DATA_STR ADC_DATA4* EVENT_READY}]
/home/work1/Works/AI-Trigger-System/HDL/constraints/ai_trigger_ooc.xdc (Line: 19)
Related violations: <none>

XDCH-2#76 Warning
Same min and max delay values on IO port  
The same input delay of 0.000 ns has been defined on port 'ADC_DATA4[0][15][1]' relative to clock CLK_ADC for both max and min. Make sure this reflects the design intent.
set_input_delay -clock [get_clocks CLK_ADC] 0.000 [get_ports -quiet {DATA_STR ADC_DATA4* EVENT_READY}]
/home/work1/Works/AI-Trigger-System/HDL/constraints/ai_trigger_ooc.xdc (Line: 19)
Related violations: <none>

XDCH-2#77 Warning
Same min and max delay values on IO port  
The same input delay of 0.000 ns has been defined on port 'ADC_DATA4[0][15][2]' relative to clock CLK_ADC for both max and min. Make sure this reflects the design intent.
set_input_delay -clock [get_clocks CLK_ADC] 0.000 [get_ports -quiet {DATA_STR ADC_DATA4* EVENT_READY}]
/home/work1/Works/AI-Trigger-System/HDL/constraints/ai_trigger_ooc.xdc (Line: 19)
Related violations: <none>

XDCH-2#78 Warning
Same min and max delay values on IO port  
The same input delay of 0.000 ns has been defined on port 'ADC_DATA4[0][15][3]' relative to clock CLK_ADC for both max and min. Make sure this reflects the design intent.
set_input_delay -clock [get_clocks CLK_ADC] 0.000 [get_ports -quiet {DATA_STR ADC_DATA4* EVENT_READY}]
/home/work1/Works/AI-Trigger-System/HDL/constraints/ai_trigger_ooc.xdc (Line: 19)
Related violations: <none>

XDCH-2#79 Warning
Same min and max delay values on IO port  
The same input delay of 0.000 ns has been defined on port 'ADC_DATA4[0][15][4]' relative to clock CLK_ADC for both max and min. Make sure this reflects the design intent.
set_input_delay -clock [get_clocks CLK_ADC] 0.000 [get_ports -quiet {DATA_STR ADC_DATA4* EVENT_READY}]
/home/work1/Works/AI-Trigger-System/HDL/constraints/ai_trigger_ooc.xdc (Line: 19)
Related violations: <none>

XDCH-2#80 Warning
Same min and max delay values on IO port  
The same input delay of 0.000 ns has been defined on port 'ADC_DATA4[0][15][5]' relative to clock CLK_ADC for both max and min. Make sure this reflects the design intent.
set_input_delay -clock [get_clocks CLK_ADC] 0.000 [get_ports -quiet {DATA_STR ADC_DATA4* EVENT_READY}]
/home/work1/Works/AI-Trigger-System/HDL/constraints/ai_trigger_ooc.xdc (Line: 19)
Related violations: <none>

XDCH-2#81 Warning
Same min and max delay values on IO port  
The same input delay of 0.000 ns has been defined on port 'ADC_DATA4[0][15][6]' relative to clock CLK_ADC for both max and min. Make sure this reflects the design intent.
set_input_delay -clock [get_clocks CLK_ADC] 0.000 [get_ports -quiet {DATA_STR ADC_DATA4* EVENT_READY}]
/home/work1/Works/AI-Trigger-System/HDL/constraints/ai_trigger_ooc.xdc (Line: 19)
Related violations: <none>

XDCH-2#82 Warning
Same min and max delay values on IO port  
The same input delay of 0.000 ns has been defined on port 'ADC_DATA4[0][15][7]' relative to clock CLK_ADC for both max and min. Make sure this reflects the design intent.
set_input_delay -clock [get_clocks CLK_ADC] 0.000 [get_ports -quiet {DATA_STR ADC_DATA4* EVENT_READY}]
/home/work1/Works/AI-Trigger-System/HDL/constraints/ai_trigger_ooc.xdc (Line: 19)
Related violations: <none>

XDCH-2#83 Warning
Same min and max delay values on IO port  
The same input delay of 0.000 ns has been defined on port 'ADC_DATA4[0][15][8]' relative to clock CLK_ADC for both max and min. Make sure this reflects the design intent.
set_input_delay -clock [get_clocks CLK_ADC] 0.000 [get_ports -quiet {DATA_STR ADC_DATA4* EVENT_READY}]
/home/work1/Works/AI-Trigger-System/HDL/constraints/ai_trigger_ooc.xdc (Line: 19)
Related violations: <none>

XDCH-2#84 Warning
Same min and max delay values on IO port  
The same input delay of 0.000 ns has been defined on port 'ADC_DATA4[0][15][9]' relative to clock CLK_ADC for both max and min. Make sure this reflects the design intent.
set_input_delay -clock [get_clocks CLK_ADC] 0.000 [get_ports -quiet {DATA_STR ADC_DATA4* EVENT_READY}]
/home/work1/Works/AI-Trigger-System/HDL/constraints/ai_trigger_ooc.xdc (Line: 19)
Related violations: <none>

XDCH-2#85 Warning
Same min and max delay values on IO port  
The same input delay of 0.000 ns has been defined on port 'ADC_DATA4[0][1][0]' relative to clock CLK_ADC for both max and min. Make sure this reflects the design intent.
set_input_delay -clock [get_clocks CLK_ADC] 0.000 [get_ports -quiet {DATA_STR ADC_DATA4* EVENT_READY}]
/home/work1/Works/AI-Trigger-System/HDL/constraints/ai_trigger_ooc.xdc (Line: 19)
Related violations: <none>

XDCH-2#86 Warning
Same min and max delay values on IO port  
The same input delay of 0.000 ns has been defined on port 'ADC_DATA4[0][1][10]' relative to clock CLK_ADC for both max and min. Make sure this reflects the design intent.
set_input_delay -clock [get_clocks CLK_ADC] 0.000 [get_ports -quiet {DATA_STR ADC_DATA4* EVENT_READY}]
/home/work1/Works/AI-Trigger-System/HDL/constraints/ai_trigger_ooc.xdc (Line: 19)
Related violations: <none>

XDCH-2#87 Warning
Same min and max delay values on IO port  
The same input delay of 0.000 ns has been defined on port 'ADC_DATA4[0][1][11]' relative to clock CLK_ADC for both max and min. Make sure this reflects the design intent.
set_input_delay -clock [get_clocks CLK_ADC] 0.000 [get_ports -quiet {DATA_STR ADC_DATA4* EVENT_READY}]
/home/work1/Works/AI-Trigger-System/HDL/constraints/ai_trigger_ooc.xdc (Line: 19)
Related violations: <none>

XDCH-2#88 Warning
Same min and max delay values on IO port  
The same input delay of 0.000 ns has been defined on port 'ADC_DATA4[0][1][1]' relative to clock CLK_ADC for both max and min. Make sure this reflects the design intent.
set_input_delay -clock [get_clocks CLK_ADC] 0.000 [get_ports -quiet {DATA_STR ADC_DATA4* EVENT_READY}]
/home/work1/Works/AI-Trigger-System/HDL/constraints/ai_trigger_ooc.xdc (Line: 19)
Related violations: <none>

XDCH-2#89 Warning
Same min and max delay values on IO port  
The same input delay of 0.000 ns has been defined on port 'ADC_DATA4[0][1][2]' relative to clock CLK_ADC for both max and min. Make sure this reflects the design intent.
set_input_delay -clock [get_clocks CLK_ADC] 0.000 [get_ports -quiet {DATA_STR ADC_DATA4* EVENT_READY}]
/home/work1/Works/AI-Trigger-System/HDL/constraints/ai_trigger_ooc.xdc (Line: 19)
Related violations: <none>

XDCH-2#90 Warning
Same min and max delay values on IO port  
The same input delay of 0.000 ns has been defined on port 'ADC_DATA4[0][1][3]' relative to clock CLK_ADC for both max and min. Make sure this reflects the design intent.
set_input_delay -clock [get_clocks CLK_ADC] 0.000 [get_ports -quiet {DATA_STR ADC_DATA4* EVENT_READY}]
/home/work1/Works/AI-Trigger-System/HDL/constraints/ai_trigger_ooc.xdc (Line: 19)
Related violations: <none>

XDCH-2#91 Warning
Same min and max delay values on IO port  
The same input delay of 0.000 ns has been defined on port 'ADC_DATA4[0][1][4]' relative to clock CLK_ADC for both max and min. Make sure this reflects the design intent.
set_input_delay -clock [get_clocks CLK_ADC] 0.000 [get_ports -quiet {DATA_STR ADC_DATA4* EVENT_READY}]
/home/work1/Works/AI-Trigger-System/HDL/constraints/ai_trigger_ooc.xdc (Line: 19)
Related violations: <none>

XDCH-2#92 Warning
Same min and max delay values on IO port  
The same input delay of 0.000 ns has been defined on port 'ADC_DATA4[0][1][5]' relative to clock CLK_ADC for both max and min. Make sure this reflects the design intent.
set_input_delay -clock [get_clocks CLK_ADC] 0.000 [get_ports -quiet {DATA_STR ADC_DATA4* EVENT_READY}]
/home/work1/Works/AI-Trigger-System/HDL/constraints/ai_trigger_ooc.xdc (Line: 19)
Related violations: <none>

XDCH-2#93 Warning
Same min and max delay values on IO port  
The same input delay of 0.000 ns has been defined on port 'ADC_DATA4[0][1][6]' relative to clock CLK_ADC for both max and min. Make sure this reflects the design intent.
set_input_delay -clock [get_clocks CLK_ADC] 0.000 [get_ports -quiet {DATA_STR ADC_DATA4* EVENT_READY}]
/home/work1/Works/AI-Trigger-System/HDL/constraints/ai_trigger_ooc.xdc (Line: 19)
Related violations: <none>

XDCH-2#94 Warning
Same min and max delay values on IO port  
The same input delay of 0.000 ns has been defined on port 'ADC_DATA4[0][1][7]' relative to clock CLK_ADC for both max and min. Make sure this reflects the design intent.
set_input_delay -clock [get_clocks CLK_ADC] 0.000 [get_ports -quiet {DATA_STR ADC_DATA4* EVENT_READY}]
/home/work1/Works/AI-Trigger-System/HDL/constraints/ai_trigger_ooc.xdc (Line: 19)
Related violations: <none>

XDCH-2#95 Warning
Same min and max delay values on IO port  
The same input delay of 0.000 ns has been defined on port 'ADC_DATA4[0][1][8]' relative to clock CLK_ADC for both max and min. Make sure this reflects the design intent.
set_input_delay -clock [get_clocks CLK_ADC] 0.000 [get_ports -quiet {DATA_STR ADC_DATA4* EVENT_READY}]
/home/work1/Works/AI-Trigger-System/HDL/constraints/ai_trigger_ooc.xdc (Line: 19)
Related violations: <none>

XDCH-2#96 Warning
Same min and max delay values on IO port  
The same input delay of 0.000 ns has been defined on port 'ADC_DATA4[0][1][9]' relative to clock CLK_ADC for both max and min. Make sure this reflects the design intent.
set_input_delay -clock [get_clocks CLK_ADC] 0.000 [get_ports -quiet {DATA_STR ADC_DATA4* EVENT_READY}]
/home/work1/Works/AI-Trigger-System/HDL/constraints/ai_trigger_ooc.xdc (Line: 19)
Related violations: <none>

XDCH-2#97 Warning
Same min and max delay values on IO port  
The same input delay of 0.000 ns has been defined on port 'ADC_DATA4[0][2][0]' relative to clock CLK_ADC for both max and min. Make sure this reflects the design intent.
set_input_delay -clock [get_clocks CLK_ADC] 0.000 [get_ports -quiet {DATA_STR ADC_DATA4* EVENT_READY}]
/home/work1/Works/AI-Trigger-System/HDL/constraints/ai_trigger_ooc.xdc (Line: 19)
Related violations: <none>

XDCH-2#98 Warning
Same min and max delay values on IO port  
The same input delay of 0.000 ns has been defined on port 'ADC_DATA4[0][2][10]' relative to clock CLK_ADC for both max and min. Make sure this reflects the design intent.
set_input_delay -clock [get_clocks CLK_ADC] 0.000 [get_ports -quiet {DATA_STR ADC_DATA4* EVENT_READY}]
/home/work1/Works/AI-Trigger-System/HDL/constraints/ai_trigger_ooc.xdc (Line: 19)
Related violations: <none>

XDCH-2#99 Warning
Same min and max delay values on IO port  
The same input delay of 0.000 ns has been defined on port 'ADC_DATA4[0][2][11]' relative to clock CLK_ADC for both max and min. Make sure this reflects the design intent.
set_input_delay -clock [get_clocks CLK_ADC] 0.000 [get_ports -quiet {DATA_STR ADC_DATA4* EVENT_READY}]
/home/work1/Works/AI-Trigger-System/HDL/constraints/ai_trigger_ooc.xdc (Line: 19)
Related violations: <none>

XDCH-2#100 Warning
Same min and max delay values on IO port  
The same input delay of 0.000 ns has been defined on port 'ADC_DATA4[0][2][1]' relative to clock CLK_ADC for both max and min. Make sure this reflects the design intent.
set_input_delay -clock [get_clocks CLK_ADC] 0.000 [get_ports -quiet {DATA_STR ADC_DATA4* EVENT_READY}]
/home/work1/Works/AI-Trigger-System/HDL/constraints/ai_trigger_ooc.xdc (Line: 19)
Related violations: <none>

XDCH-2#101 Warning
Same min and max delay values on IO port  
The same input delay of 0.000 ns has been defined on port 'ADC_DATA4[0][2][2]' relative to clock CLK_ADC for both max and min. Make sure this reflects the design intent.
set_input_delay -clock [get_clocks CLK_ADC] 0.000 [get_ports -quiet {DATA_STR ADC_DATA4* EVENT_READY}]
/home/work1/Works/AI-Trigger-System/HDL/constraints/ai_trigger_ooc.xdc (Line: 19)
Related violations: <none>

XDCH-2#102 Warning
Same min and max delay values on IO port  
The same input delay of 0.000 ns has been defined on port 'ADC_DATA4[0][2][3]' relative to clock CLK_ADC for both max and min. Make sure this reflects the design intent.
set_input_delay -clock [get_clocks CLK_ADC] 0.000 [get_ports -quiet {DATA_STR ADC_DATA4* EVENT_READY}]
/home/work1/Works/AI-Trigger-System/HDL/constraints/ai_trigger_ooc.xdc (Line: 19)
Related violations: <none>

XDCH-2#103 Warning
Same min and max delay values on IO port  
The same input delay of 0.000 ns has been defined on port 'ADC_DATA4[0][2][4]' relative to clock CLK_ADC for both max and min. Make sure this reflects the design intent.
set_input_delay -clock [get_clocks CLK_ADC] 0.000 [get_ports -quiet {DATA_STR ADC_DATA4* EVENT_READY}]
/home/work1/Works/AI-Trigger-System/HDL/constraints/ai_trigger_ooc.xdc (Line: 19)
Related violations: <none>

XDCH-2#104 Warning
Same min and max delay values on IO port  
The same input delay of 0.000 ns has been defined on port 'ADC_DATA4[0][2][5]' relative to clock CLK_ADC for both max and min. Make sure this reflects the design intent.
set_input_delay -clock [get_clocks CLK_ADC] 0.000 [get_ports -quiet {DATA_STR ADC_DATA4* EVENT_READY}]
/home/work1/Works/AI-Trigger-System/HDL/constraints/ai_trigger_ooc.xdc (Line: 19)
Related violations: <none>

XDCH-2#105 Warning
Same min and max delay values on IO port  
The same input delay of 0.000 ns has been defined on port 'ADC_DATA4[0][2][6]' relative to clock CLK_ADC for both max and min. Make sure this reflects the design intent.
set_input_delay -clock [get_clocks CLK_ADC] 0.000 [get_ports -quiet {DATA_STR ADC_DATA4* EVENT_READY}]
/home/work1/Works/AI-Trigger-System/HDL/constraints/ai_trigger_ooc.xdc (Line: 19)
Related violations: <none>

XDCH-2#106 Warning
Same min and max delay values on IO port  
The same input delay of 0.000 ns has been defined on port 'ADC_DATA4[0][2][7]' relative to clock CLK_ADC for both max and min. Make sure this reflects the design intent.
set_input_delay -clock [get_clocks CLK_ADC] 0.000 [get_ports -quiet {DATA_STR ADC_DATA4* EVENT_READY}]
/home/work1/Works/AI-Trigger-System/HDL/constraints/ai_trigger_ooc.xdc (Line: 19)
Related violations: <none>

XDCH-2#107 Warning
Same min and max delay values on IO port  
The same input delay of 0.000 ns has been defined on port 'ADC_DATA4[0][2][8]' relative to clock CLK_ADC for both max and min. Make sure this reflects the design intent.
set_input_delay -clock [get_clocks CLK_ADC] 0.000 [get_ports -quiet {DATA_STR ADC_DATA4* EVENT_READY}]
/home/work1/Works/AI-Trigger-System/HDL/constraints/ai_trigger_ooc.xdc (Line: 19)
Related violations: <none>

XDCH-2#108 Warning
Same min and max delay values on IO port  
The same input delay of 0.000 ns has been defined on port 'ADC_DATA4[0][2][9]' relative to clock CLK_ADC for both max and min. Make sure this reflects the design intent.
set_input_delay -clock [get_clocks CLK_ADC] 0.000 [get_ports -quiet {DATA_STR ADC_DATA4* EVENT_READY}]
/home/work1/Works/AI-Trigger-System/HDL/constraints/ai_trigger_ooc.xdc (Line: 19)
Related violations: <none>

XDCH-2#109 Warning
Same min and max delay values on IO port  
The same input delay of 0.000 ns has been defined on port 'ADC_DATA4[0][3][0]' relative to clock CLK_ADC for both max and min. Make sure this reflects the design intent.
set_input_delay -clock [get_clocks CLK_ADC] 0.000 [get_ports -quiet {DATA_STR ADC_DATA4* EVENT_READY}]
/home/work1/Works/AI-Trigger-System/HDL/constraints/ai_trigger_ooc.xdc (Line: 19)
Related violations: <none>

XDCH-2#110 Warning
Same min and max delay values on IO port  
The same input delay of 0.000 ns has been defined on port 'ADC_DATA4[0][3][10]' relative to clock CLK_ADC for both max and min. Make sure this reflects the design intent.
set_input_delay -clock [get_clocks CLK_ADC] 0.000 [get_ports -quiet {DATA_STR ADC_DATA4* EVENT_READY}]
/home/work1/Works/AI-Trigger-System/HDL/constraints/ai_trigger_ooc.xdc (Line: 19)
Related violations: <none>

XDCH-2#111 Warning
Same min and max delay values on IO port  
The same input delay of 0.000 ns has been defined on port 'ADC_DATA4[0][3][11]' relative to clock CLK_ADC for both max and min. Make sure this reflects the design intent.
set_input_delay -clock [get_clocks CLK_ADC] 0.000 [get_ports -quiet {DATA_STR ADC_DATA4* EVENT_READY}]
/home/work1/Works/AI-Trigger-System/HDL/constraints/ai_trigger_ooc.xdc (Line: 19)
Related violations: <none>

XDCH-2#112 Warning
Same min and max delay values on IO port  
The same input delay of 0.000 ns has been defined on port 'ADC_DATA4[0][3][1]' relative to clock CLK_ADC for both max and min. Make sure this reflects the design intent.
set_input_delay -clock [get_clocks CLK_ADC] 0.000 [get_ports -quiet {DATA_STR ADC_DATA4* EVENT_READY}]
/home/work1/Works/AI-Trigger-System/HDL/constraints/ai_trigger_ooc.xdc (Line: 19)
Related violations: <none>

XDCH-2#113 Warning
Same min and max delay values on IO port  
The same input delay of 0.000 ns has been defined on port 'ADC_DATA4[0][3][2]' relative to clock CLK_ADC for both max and min. Make sure this reflects the design intent.
set_input_delay -clock [get_clocks CLK_ADC] 0.000 [get_ports -quiet {DATA_STR ADC_DATA4* EVENT_READY}]
/home/work1/Works/AI-Trigger-System/HDL/constraints/ai_trigger_ooc.xdc (Line: 19)
Related violations: <none>

XDCH-2#114 Warning
Same min and max delay values on IO port  
The same input delay of 0.000 ns has been defined on port 'ADC_DATA4[0][3][3]' relative to clock CLK_ADC for both max and min. Make sure this reflects the design intent.
set_input_delay -clock [get_clocks CLK_ADC] 0.000 [get_ports -quiet {DATA_STR ADC_DATA4* EVENT_READY}]
/home/work1/Works/AI-Trigger-System/HDL/constraints/ai_trigger_ooc.xdc (Line: 19)
Related violations: <none>

XDCH-2#115 Warning
Same min and max delay values on IO port  
The same input delay of 0.000 ns has been defined on port 'ADC_DATA4[0][3][4]' relative to clock CLK_ADC for both max and min. Make sure this reflects the design intent.
set_input_delay -clock [get_clocks CLK_ADC] 0.000 [get_ports -quiet {DATA_STR ADC_DATA4* EVENT_READY}]
/home/work1/Works/AI-Trigger-System/HDL/constraints/ai_trigger_ooc.xdc (Line: 19)
Related violations: <none>

XDCH-2#116 Warning
Same min and max delay values on IO port  
The same input delay of 0.000 ns has been defined on port 'ADC_DATA4[0][3][5]' relative to clock CLK_ADC for both max and min. Make sure this reflects the design intent.
set_input_delay -clock [get_clocks CLK_ADC] 0.000 [get_ports -quiet {DATA_STR ADC_DATA4* EVENT_READY}]
/home/work1/Works/AI-Trigger-System/HDL/constraints/ai_trigger_ooc.xdc (Line: 19)
Related violations: <none>

XDCH-2#117 Warning
Same min and max delay values on IO port  
The same input delay of 0.000 ns has been defined on port 'ADC_DATA4[0][3][6]' relative to clock CLK_ADC for both max and min. Make sure this reflects the design intent.
set_input_delay -clock [get_clocks CLK_ADC] 0.000 [get_ports -quiet {DATA_STR ADC_DATA4* EVENT_READY}]
/home/work1/Works/AI-Trigger-System/HDL/constraints/ai_trigger_ooc.xdc (Line: 19)
Related violations: <none>

XDCH-2#118 Warning
Same min and max delay values on IO port  
The same input delay of 0.000 ns has been defined on port 'ADC_DATA4[0][3][7]' relative to clock CLK_ADC for both max and min. Make sure this reflects the design intent.
set_input_delay -clock [get_clocks CLK_ADC] 0.000 [get_ports -quiet {DATA_STR ADC_DATA4* EVENT_READY}]
/home/work1/Works/AI-Trigger-System/HDL/constraints/ai_trigger_ooc.xdc (Line: 19)
Related violations: <none>

XDCH-2#119 Warning
Same min and max delay values on IO port  
The same input delay of 0.000 ns has been defined on port 'ADC_DATA4[0][3][8]' relative to clock CLK_ADC for both max and min. Make sure this reflects the design intent.
set_input_delay -clock [get_clocks CLK_ADC] 0.000 [get_ports -quiet {DATA_STR ADC_DATA4* EVENT_READY}]
/home/work1/Works/AI-Trigger-System/HDL/constraints/ai_trigger_ooc.xdc (Line: 19)
Related violations: <none>

XDCH-2#120 Warning
Same min and max delay values on IO port  
The same input delay of 0.000 ns has been defined on port 'ADC_DATA4[0][3][9]' relative to clock CLK_ADC for both max and min. Make sure this reflects the design intent.
set_input_delay -clock [get_clocks CLK_ADC] 0.000 [get_ports -quiet {DATA_STR ADC_DATA4* EVENT_READY}]
/home/work1/Works/AI-Trigger-System/HDL/constraints/ai_trigger_ooc.xdc (Line: 19)
Related violations: <none>

XDCH-2#121 Warning
Same min and max delay values on IO port  
The same input delay of 0.000 ns has been defined on port 'ADC_DATA4[0][4][0]' relative to clock CLK_ADC for both max and min. Make sure this reflects the design intent.
set_input_delay -clock [get_clocks CLK_ADC] 0.000 [get_ports -quiet {DATA_STR ADC_DATA4* EVENT_READY}]
/home/work1/Works/AI-Trigger-System/HDL/constraints/ai_trigger_ooc.xdc (Line: 19)
Related violations: <none>

XDCH-2#122 Warning
Same min and max delay values on IO port  
The same input delay of 0.000 ns has been defined on port 'ADC_DATA4[0][4][10]' relative to clock CLK_ADC for both max and min. Make sure this reflects the design intent.
set_input_delay -clock [get_clocks CLK_ADC] 0.000 [get_ports -quiet {DATA_STR ADC_DATA4* EVENT_READY}]
/home/work1/Works/AI-Trigger-System/HDL/constraints/ai_trigger_ooc.xdc (Line: 19)
Related violations: <none>

XDCH-2#123 Warning
Same min and max delay values on IO port  
The same input delay of 0.000 ns has been defined on port 'ADC_DATA4[0][4][11]' relative to clock CLK_ADC for both max and min. Make sure this reflects the design intent.
set_input_delay -clock [get_clocks CLK_ADC] 0.000 [get_ports -quiet {DATA_STR ADC_DATA4* EVENT_READY}]
/home/work1/Works/AI-Trigger-System/HDL/constraints/ai_trigger_ooc.xdc (Line: 19)
Related violations: <none>

XDCH-2#124 Warning
Same min and max delay values on IO port  
The same input delay of 0.000 ns has been defined on port 'ADC_DATA4[0][4][1]' relative to clock CLK_ADC for both max and min. Make sure this reflects the design intent.
set_input_delay -clock [get_clocks CLK_ADC] 0.000 [get_ports -quiet {DATA_STR ADC_DATA4* EVENT_READY}]
/home/work1/Works/AI-Trigger-System/HDL/constraints/ai_trigger_ooc.xdc (Line: 19)
Related violations: <none>

XDCH-2#125 Warning
Same min and max delay values on IO port  
The same input delay of 0.000 ns has been defined on port 'ADC_DATA4[0][4][2]' relative to clock CLK_ADC for both max and min. Make sure this reflects the design intent.
set_input_delay -clock [get_clocks CLK_ADC] 0.000 [get_ports -quiet {DATA_STR ADC_DATA4* EVENT_READY}]
/home/work1/Works/AI-Trigger-System/HDL/constraints/ai_trigger_ooc.xdc (Line: 19)
Related violations: <none>

XDCH-2#126 Warning
Same min and max delay values on IO port  
The same input delay of 0.000 ns has been defined on port 'ADC_DATA4[0][4][3]' relative to clock CLK_ADC for both max and min. Make sure this reflects the design intent.
set_input_delay -clock [get_clocks CLK_ADC] 0.000 [get_ports -quiet {DATA_STR ADC_DATA4* EVENT_READY}]
/home/work1/Works/AI-Trigger-System/HDL/constraints/ai_trigger_ooc.xdc (Line: 19)
Related violations: <none>

XDCH-2#127 Warning
Same min and max delay values on IO port  
The same input delay of 0.000 ns has been defined on port 'ADC_DATA4[0][4][4]' relative to clock CLK_ADC for both max and min. Make sure this reflects the design intent.
set_input_delay -clock [get_clocks CLK_ADC] 0.000 [get_ports -quiet {DATA_STR ADC_DATA4* EVENT_READY}]
/home/work1/Works/AI-Trigger-System/HDL/constraints/ai_trigger_ooc.xdc (Line: 19)
Related violations: <none>

XDCH-2#128 Warning
Same min and max delay values on IO port  
The same input delay of 0.000 ns has been defined on port 'ADC_DATA4[0][4][5]' relative to clock CLK_ADC for both max and min. Make sure this reflects the design intent.
set_input_delay -clock [get_clocks CLK_ADC] 0.000 [get_ports -quiet {DATA_STR ADC_DATA4* EVENT_READY}]
/home/work1/Works/AI-Trigger-System/HDL/constraints/ai_trigger_ooc.xdc (Line: 19)
Related violations: <none>

XDCH-2#129 Warning
Same min and max delay values on IO port  
The same input delay of 0.000 ns has been defined on port 'ADC_DATA4[0][4][6]' relative to clock CLK_ADC for both max and min. Make sure this reflects the design intent.
set_input_delay -clock [get_clocks CLK_ADC] 0.000 [get_ports -quiet {DATA_STR ADC_DATA4* EVENT_READY}]
/home/work1/Works/AI-Trigger-System/HDL/constraints/ai_trigger_ooc.xdc (Line: 19)
Related violations: <none>

XDCH-2#130 Warning
Same min and max delay values on IO port  
The same input delay of 0.000 ns has been defined on port 'ADC_DATA4[0][4][7]' relative to clock CLK_ADC for both max and min. Make sure this reflects the design intent.
set_input_delay -clock [get_clocks CLK_ADC] 0.000 [get_ports -quiet {DATA_STR ADC_DATA4* EVENT_READY}]
/home/work1/Works/AI-Trigger-System/HDL/constraints/ai_trigger_ooc.xdc (Line: 19)
Related violations: <none>

XDCH-2#131 Warning
Same min and max delay values on IO port  
The same input delay of 0.000 ns has been defined on port 'ADC_DATA4[0][4][8]' relative to clock CLK_ADC for both max and min. Make sure this reflects the design intent.
set_input_delay -clock [get_clocks CLK_ADC] 0.000 [get_ports -quiet {DATA_STR ADC_DATA4* EVENT_READY}]
/home/work1/Works/AI-Trigger-System/HDL/constraints/ai_trigger_ooc.xdc (Line: 19)
Related violations: <none>

XDCH-2#132 Warning
Same min and max delay values on IO port  
The same input delay of 0.000 ns has been defined on port 'ADC_DATA4[0][4][9]' relative to clock CLK_ADC for both max and min. Make sure this reflects the design intent.
set_input_delay -clock [get_clocks CLK_ADC] 0.000 [get_ports -quiet {DATA_STR ADC_DATA4* EVENT_READY}]
/home/work1/Works/AI-Trigger-System/HDL/constraints/ai_trigger_ooc.xdc (Line: 19)
Related violations: <none>

XDCH-2#133 Warning
Same min and max delay values on IO port  
The same input delay of 0.000 ns has been defined on port 'ADC_DATA4[0][5][0]' relative to clock CLK_ADC for both max and min. Make sure this reflects the design intent.
set_input_delay -clock [get_clocks CLK_ADC] 0.000 [get_ports -quiet {DATA_STR ADC_DATA4* EVENT_READY}]
/home/work1/Works/AI-Trigger-System/HDL/constraints/ai_trigger_ooc.xdc (Line: 19)
Related violations: <none>

XDCH-2#134 Warning
Same min and max delay values on IO port  
The same input delay of 0.000 ns has been defined on port 'ADC_DATA4[0][5][10]' relative to clock CLK_ADC for both max and min. Make sure this reflects the design intent.
set_input_delay -clock [get_clocks CLK_ADC] 0.000 [get_ports -quiet {DATA_STR ADC_DATA4* EVENT_READY}]
/home/work1/Works/AI-Trigger-System/HDL/constraints/ai_trigger_ooc.xdc (Line: 19)
Related violations: <none>

XDCH-2#135 Warning
Same min and max delay values on IO port  
The same input delay of 0.000 ns has been defined on port 'ADC_DATA4[0][5][11]' relative to clock CLK_ADC for both max and min. Make sure this reflects the design intent.
set_input_delay -clock [get_clocks CLK_ADC] 0.000 [get_ports -quiet {DATA_STR ADC_DATA4* EVENT_READY}]
/home/work1/Works/AI-Trigger-System/HDL/constraints/ai_trigger_ooc.xdc (Line: 19)
Related violations: <none>

XDCH-2#136 Warning
Same min and max delay values on IO port  
The same input delay of 0.000 ns has been defined on port 'ADC_DATA4[0][5][1]' relative to clock CLK_ADC for both max and min. Make sure this reflects the design intent.
set_input_delay -clock [get_clocks CLK_ADC] 0.000 [get_ports -quiet {DATA_STR ADC_DATA4* EVENT_READY}]
/home/work1/Works/AI-Trigger-System/HDL/constraints/ai_trigger_ooc.xdc (Line: 19)
Related violations: <none>

XDCH-2#137 Warning
Same min and max delay values on IO port  
The same input delay of 0.000 ns has been defined on port 'ADC_DATA4[0][5][2]' relative to clock CLK_ADC for both max and min. Make sure this reflects the design intent.
set_input_delay -clock [get_clocks CLK_ADC] 0.000 [get_ports -quiet {DATA_STR ADC_DATA4* EVENT_READY}]
/home/work1/Works/AI-Trigger-System/HDL/constraints/ai_trigger_ooc.xdc (Line: 19)
Related violations: <none>

XDCH-2#138 Warning
Same min and max delay values on IO port  
The same input delay of 0.000 ns has been defined on port 'ADC_DATA4[0][5][3]' relative to clock CLK_ADC for both max and min. Make sure this reflects the design intent.
set_input_delay -clock [get_clocks CLK_ADC] 0.000 [get_ports -quiet {DATA_STR ADC_DATA4* EVENT_READY}]
/home/work1/Works/AI-Trigger-System/HDL/constraints/ai_trigger_ooc.xdc (Line: 19)
Related violations: <none>

XDCH-2#139 Warning
Same min and max delay values on IO port  
The same input delay of 0.000 ns has been defined on port 'ADC_DATA4[0][5][4]' relative to clock CLK_ADC for both max and min. Make sure this reflects the design intent.
set_input_delay -clock [get_clocks CLK_ADC] 0.000 [get_ports -quiet {DATA_STR ADC_DATA4* EVENT_READY}]
/home/work1/Works/AI-Trigger-System/HDL/constraints/ai_trigger_ooc.xdc (Line: 19)
Related violations: <none>

XDCH-2#140 Warning
Same min and max delay values on IO port  
The same input delay of 0.000 ns has been defined on port 'ADC_DATA4[0][5][5]' relative to clock CLK_ADC for both max and min. Make sure this reflects the design intent.
set_input_delay -clock [get_clocks CLK_ADC] 0.000 [get_ports -quiet {DATA_STR ADC_DATA4* EVENT_READY}]
/home/work1/Works/AI-Trigger-System/HDL/constraints/ai_trigger_ooc.xdc (Line: 19)
Related violations: <none>

XDCH-2#141 Warning
Same min and max delay values on IO port  
The same input delay of 0.000 ns has been defined on port 'ADC_DATA4[0][5][6]' relative to clock CLK_ADC for both max and min. Make sure this reflects the design intent.
set_input_delay -clock [get_clocks CLK_ADC] 0.000 [get_ports -quiet {DATA_STR ADC_DATA4* EVENT_READY}]
/home/work1/Works/AI-Trigger-System/HDL/constraints/ai_trigger_ooc.xdc (Line: 19)
Related violations: <none>

XDCH-2#142 Warning
Same min and max delay values on IO port  
The same input delay of 0.000 ns has been defined on port 'ADC_DATA4[0][5][7]' relative to clock CLK_ADC for both max and min. Make sure this reflects the design intent.
set_input_delay -clock [get_clocks CLK_ADC] 0.000 [get_ports -quiet {DATA_STR ADC_DATA4* EVENT_READY}]
/home/work1/Works/AI-Trigger-System/HDL/constraints/ai_trigger_ooc.xdc (Line: 19)
Related violations: <none>

XDCH-2#143 Warning
Same min and max delay values on IO port  
The same input delay of 0.000 ns has been defined on port 'ADC_DATA4[0][5][8]' relative to clock CLK_ADC for both max and min. Make sure this reflects the design intent.
set_input_delay -clock [get_clocks CLK_ADC] 0.000 [get_ports -quiet {DATA_STR ADC_DATA4* EVENT_READY}]
/home/work1/Works/AI-Trigger-System/HDL/constraints/ai_trigger_ooc.xdc (Line: 19)
Related violations: <none>

XDCH-2#144 Warning
Same min and max delay values on IO port  
The same input delay of 0.000 ns has been defined on port 'ADC_DATA4[0][5][9]' relative to clock CLK_ADC for both max and min. Make sure this reflects the design intent.
set_input_delay -clock [get_clocks CLK_ADC] 0.000 [get_ports -quiet {DATA_STR ADC_DATA4* EVENT_READY}]
/home/work1/Works/AI-Trigger-System/HDL/constraints/ai_trigger_ooc.xdc (Line: 19)
Related violations: <none>

XDCH-2#145 Warning
Same min and max delay values on IO port  
The same input delay of 0.000 ns has been defined on port 'ADC_DATA4[0][6][0]' relative to clock CLK_ADC for both max and min. Make sure this reflects the design intent.
set_input_delay -clock [get_clocks CLK_ADC] 0.000 [get_ports -quiet {DATA_STR ADC_DATA4* EVENT_READY}]
/home/work1/Works/AI-Trigger-System/HDL/constraints/ai_trigger_ooc.xdc (Line: 19)
Related violations: <none>

XDCH-2#146 Warning
Same min and max delay values on IO port  
The same input delay of 0.000 ns has been defined on port 'ADC_DATA4[0][6][10]' relative to clock CLK_ADC for both max and min. Make sure this reflects the design intent.
set_input_delay -clock [get_clocks CLK_ADC] 0.000 [get_ports -quiet {DATA_STR ADC_DATA4* EVENT_READY}]
/home/work1/Works/AI-Trigger-System/HDL/constraints/ai_trigger_ooc.xdc (Line: 19)
Related violations: <none>

XDCH-2#147 Warning
Same min and max delay values on IO port  
The same input delay of 0.000 ns has been defined on port 'ADC_DATA4[0][6][11]' relative to clock CLK_ADC for both max and min. Make sure this reflects the design intent.
set_input_delay -clock [get_clocks CLK_ADC] 0.000 [get_ports -quiet {DATA_STR ADC_DATA4* EVENT_READY}]
/home/work1/Works/AI-Trigger-System/HDL/constraints/ai_trigger_ooc.xdc (Line: 19)
Related violations: <none>

XDCH-2#148 Warning
Same min and max delay values on IO port  
The same input delay of 0.000 ns has been defined on port 'ADC_DATA4[0][6][1]' relative to clock CLK_ADC for both max and min. Make sure this reflects the design intent.
set_input_delay -clock [get_clocks CLK_ADC] 0.000 [get_ports -quiet {DATA_STR ADC_DATA4* EVENT_READY}]
/home/work1/Works/AI-Trigger-System/HDL/constraints/ai_trigger_ooc.xdc (Line: 19)
Related violations: <none>

XDCH-2#149 Warning
Same min and max delay values on IO port  
The same input delay of 0.000 ns has been defined on port 'ADC_DATA4[0][6][2]' relative to clock CLK_ADC for both max and min. Make sure this reflects the design intent.
set_input_delay -clock [get_clocks CLK_ADC] 0.000 [get_ports -quiet {DATA_STR ADC_DATA4* EVENT_READY}]
/home/work1/Works/AI-Trigger-System/HDL/constraints/ai_trigger_ooc.xdc (Line: 19)
Related violations: <none>

XDCH-2#150 Warning
Same min and max delay values on IO port  
The same input delay of 0.000 ns has been defined on port 'ADC_DATA4[0][6][3]' relative to clock CLK_ADC for both max and min. Make sure this reflects the design intent.
set_input_delay -clock [get_clocks CLK_ADC] 0.000 [get_ports -quiet {DATA_STR ADC_DATA4* EVENT_READY}]
/home/work1/Works/AI-Trigger-System/HDL/constraints/ai_trigger_ooc.xdc (Line: 19)
Related violations: <none>

XDCH-2#151 Warning
Same min and max delay values on IO port  
The same input delay of 0.000 ns has been defined on port 'ADC_DATA4[0][6][4]' relative to clock CLK_ADC for both max and min. Make sure this reflects the design intent.
set_input_delay -clock [get_clocks CLK_ADC] 0.000 [get_ports -quiet {DATA_STR ADC_DATA4* EVENT_READY}]
/home/work1/Works/AI-Trigger-System/HDL/constraints/ai_trigger_ooc.xdc (Line: 19)
Related violations: <none>

XDCH-2#152 Warning
Same min and max delay values on IO port  
The same input delay of 0.000 ns has been defined on port 'ADC_DATA4[0][6][5]' relative to clock CLK_ADC for both max and min. Make sure this reflects the design intent.
set_input_delay -clock [get_clocks CLK_ADC] 0.000 [get_ports -quiet {DATA_STR ADC_DATA4* EVENT_READY}]
/home/work1/Works/AI-Trigger-System/HDL/constraints/ai_trigger_ooc.xdc (Line: 19)
Related violations: <none>

XDCH-2#153 Warning
Same min and max delay values on IO port  
The same input delay of 0.000 ns has been defined on port 'ADC_DATA4[0][6][6]' relative to clock CLK_ADC for both max and min. Make sure this reflects the design intent.
set_input_delay -clock [get_clocks CLK_ADC] 0.000 [get_ports -quiet {DATA_STR ADC_DATA4* EVENT_READY}]
/home/work1/Works/AI-Trigger-System/HDL/constraints/ai_trigger_ooc.xdc (Line: 19)
Related violations: <none>

XDCH-2#154 Warning
Same min and max delay values on IO port  
The same input delay of 0.000 ns has been defined on port 'ADC_DATA4[0][6][7]' relative to clock CLK_ADC for both max and min. Make sure this reflects the design intent.
set_input_delay -clock [get_clocks CLK_ADC] 0.000 [get_ports -quiet {DATA_STR ADC_DATA4* EVENT_READY}]
/home/work1/Works/AI-Trigger-System/HDL/constraints/ai_trigger_ooc.xdc (Line: 19)
Related violations: <none>

XDCH-2#155 Warning
Same min and max delay values on IO port  
The same input delay of 0.000 ns has been defined on port 'ADC_DATA4[0][6][8]' relative to clock CLK_ADC for both max and min. Make sure this reflects the design intent.
set_input_delay -clock [get_clocks CLK_ADC] 0.000 [get_ports -quiet {DATA_STR ADC_DATA4* EVENT_READY}]
/home/work1/Works/AI-Trigger-System/HDL/constraints/ai_trigger_ooc.xdc (Line: 19)
Related violations: <none>

XDCH-2#156 Warning
Same min and max delay values on IO port  
The same input delay of 0.000 ns has been defined on port 'ADC_DATA4[0][6][9]' relative to clock CLK_ADC for both max and min. Make sure this reflects the design intent.
set_input_delay -clock [get_clocks CLK_ADC] 0.000 [get_ports -quiet {DATA_STR ADC_DATA4* EVENT_READY}]
/home/work1/Works/AI-Trigger-System/HDL/constraints/ai_trigger_ooc.xdc (Line: 19)
Related violations: <none>

XDCH-2#157 Warning
Same min and max delay values on IO port  
The same input delay of 0.000 ns has been defined on port 'ADC_DATA4[0][7][0]' relative to clock CLK_ADC for both max and min. Make sure this reflects the design intent.
set_input_delay -clock [get_clocks CLK_ADC] 0.000 [get_ports -quiet {DATA_STR ADC_DATA4* EVENT_READY}]
/home/work1/Works/AI-Trigger-System/HDL/constraints/ai_trigger_ooc.xdc (Line: 19)
Related violations: <none>

XDCH-2#158 Warning
Same min and max delay values on IO port  
The same input delay of 0.000 ns has been defined on port 'ADC_DATA4[0][7][10]' relative to clock CLK_ADC for both max and min. Make sure this reflects the design intent.
set_input_delay -clock [get_clocks CLK_ADC] 0.000 [get_ports -quiet {DATA_STR ADC_DATA4* EVENT_READY}]
/home/work1/Works/AI-Trigger-System/HDL/constraints/ai_trigger_ooc.xdc (Line: 19)
Related violations: <none>

XDCH-2#159 Warning
Same min and max delay values on IO port  
The same input delay of 0.000 ns has been defined on port 'ADC_DATA4[0][7][11]' relative to clock CLK_ADC for both max and min. Make sure this reflects the design intent.
set_input_delay -clock [get_clocks CLK_ADC] 0.000 [get_ports -quiet {DATA_STR ADC_DATA4* EVENT_READY}]
/home/work1/Works/AI-Trigger-System/HDL/constraints/ai_trigger_ooc.xdc (Line: 19)
Related violations: <none>

XDCH-2#160 Warning
Same min and max delay values on IO port  
The same input delay of 0.000 ns has been defined on port 'ADC_DATA4[0][7][1]' relative to clock CLK_ADC for both max and min. Make sure this reflects the design intent.
set_input_delay -clock [get_clocks CLK_ADC] 0.000 [get_ports -quiet {DATA_STR ADC_DATA4* EVENT_READY}]
/home/work1/Works/AI-Trigger-System/HDL/constraints/ai_trigger_ooc.xdc (Line: 19)
Related violations: <none>

XDCH-2#161 Warning
Same min and max delay values on IO port  
The same input delay of 0.000 ns has been defined on port 'ADC_DATA4[0][7][2]' relative to clock CLK_ADC for both max and min. Make sure this reflects the design intent.
set_input_delay -clock [get_clocks CLK_ADC] 0.000 [get_ports -quiet {DATA_STR ADC_DATA4* EVENT_READY}]
/home/work1/Works/AI-Trigger-System/HDL/constraints/ai_trigger_ooc.xdc (Line: 19)
Related violations: <none>

XDCH-2#162 Warning
Same min and max delay values on IO port  
The same input delay of 0.000 ns has been defined on port 'ADC_DATA4[0][7][3]' relative to clock CLK_ADC for both max and min. Make sure this reflects the design intent.
set_input_delay -clock [get_clocks CLK_ADC] 0.000 [get_ports -quiet {DATA_STR ADC_DATA4* EVENT_READY}]
/home/work1/Works/AI-Trigger-System/HDL/constraints/ai_trigger_ooc.xdc (Line: 19)
Related violations: <none>

XDCH-2#163 Warning
Same min and max delay values on IO port  
The same input delay of 0.000 ns has been defined on port 'ADC_DATA4[0][7][4]' relative to clock CLK_ADC for both max and min. Make sure this reflects the design intent.
set_input_delay -clock [get_clocks CLK_ADC] 0.000 [get_ports -quiet {DATA_STR ADC_DATA4* EVENT_READY}]
/home/work1/Works/AI-Trigger-System/HDL/constraints/ai_trigger_ooc.xdc (Line: 19)
Related violations: <none>

XDCH-2#164 Warning
Same min and max delay values on IO port  
The same input delay of 0.000 ns has been defined on port 'ADC_DATA4[0][7][5]' relative to clock CLK_ADC for both max and min. Make sure this reflects the design intent.
set_input_delay -clock [get_clocks CLK_ADC] 0.000 [get_ports -quiet {DATA_STR ADC_DATA4* EVENT_READY}]
/home/work1/Works/AI-Trigger-System/HDL/constraints/ai_trigger_ooc.xdc (Line: 19)
Related violations: <none>

XDCH-2#165 Warning
Same min and max delay values on IO port  
The same input delay of 0.000 ns has been defined on port 'ADC_DATA4[0][7][6]' relative to clock CLK_ADC for both max and min. Make sure this reflects the design intent.
set_input_delay -clock [get_clocks CLK_ADC] 0.000 [get_ports -quiet {DATA_STR ADC_DATA4* EVENT_READY}]
/home/work1/Works/AI-Trigger-System/HDL/constraints/ai_trigger_ooc.xdc (Line: 19)
Related violations: <none>

XDCH-2#166 Warning
Same min and max delay values on IO port  
The same input delay of 0.000 ns has been defined on port 'ADC_DATA4[0][7][7]' relative to clock CLK_ADC for both max and min. Make sure this reflects the design intent.
set_input_delay -clock [get_clocks CLK_ADC] 0.000 [get_ports -quiet {DATA_STR ADC_DATA4* EVENT_READY}]
/home/work1/Works/AI-Trigger-System/HDL/constraints/ai_trigger_ooc.xdc (Line: 19)
Related violations: <none>

XDCH-2#167 Warning
Same min and max delay values on IO port  
The same input delay of 0.000 ns has been defined on port 'ADC_DATA4[0][7][8]' relative to clock CLK_ADC for both max and min. Make sure this reflects the design intent.
set_input_delay -clock [get_clocks CLK_ADC] 0.000 [get_ports -quiet {DATA_STR ADC_DATA4* EVENT_READY}]
/home/work1/Works/AI-Trigger-System/HDL/constraints/ai_trigger_ooc.xdc (Line: 19)
Related violations: <none>

XDCH-2#168 Warning
Same min and max delay values on IO port  
The same input delay of 0.000 ns has been defined on port 'ADC_DATA4[0][7][9]' relative to clock CLK_ADC for both max and min. Make sure this reflects the design intent.
set_input_delay -clock [get_clocks CLK_ADC] 0.000 [get_ports -quiet {DATA_STR ADC_DATA4* EVENT_READY}]
/home/work1/Works/AI-Trigger-System/HDL/constraints/ai_trigger_ooc.xdc (Line: 19)
Related violations: <none>

XDCH-2#169 Warning
Same min and max delay values on IO port  
The same input delay of 0.000 ns has been defined on port 'ADC_DATA4[0][8][0]' relative to clock CLK_ADC for both max and min. Make sure this reflects the design intent.
set_input_delay -clock [get_clocks CLK_ADC] 0.000 [get_ports -quiet {DATA_STR ADC_DATA4* EVENT_READY}]
/home/work1/Works/AI-Trigger-System/HDL/constraints/ai_trigger_ooc.xdc (Line: 19)
Related violations: <none>

XDCH-2#170 Warning
Same min and max delay values on IO port  
The same input delay of 0.000 ns has been defined on port 'ADC_DATA4[0][8][10]' relative to clock CLK_ADC for both max and min. Make sure this reflects the design intent.
set_input_delay -clock [get_clocks CLK_ADC] 0.000 [get_ports -quiet {DATA_STR ADC_DATA4* EVENT_READY}]
/home/work1/Works/AI-Trigger-System/HDL/constraints/ai_trigger_ooc.xdc (Line: 19)
Related violations: <none>

XDCH-2#171 Warning
Same min and max delay values on IO port  
The same input delay of 0.000 ns has been defined on port 'ADC_DATA4[0][8][11]' relative to clock CLK_ADC for both max and min. Make sure this reflects the design intent.
set_input_delay -clock [get_clocks CLK_ADC] 0.000 [get_ports -quiet {DATA_STR ADC_DATA4* EVENT_READY}]
/home/work1/Works/AI-Trigger-System/HDL/constraints/ai_trigger_ooc.xdc (Line: 19)
Related violations: <none>

XDCH-2#172 Warning
Same min and max delay values on IO port  
The same input delay of 0.000 ns has been defined on port 'ADC_DATA4[0][8][1]' relative to clock CLK_ADC for both max and min. Make sure this reflects the design intent.
set_input_delay -clock [get_clocks CLK_ADC] 0.000 [get_ports -quiet {DATA_STR ADC_DATA4* EVENT_READY}]
/home/work1/Works/AI-Trigger-System/HDL/constraints/ai_trigger_ooc.xdc (Line: 19)
Related violations: <none>

XDCH-2#173 Warning
Same min and max delay values on IO port  
The same input delay of 0.000 ns has been defined on port 'ADC_DATA4[0][8][2]' relative to clock CLK_ADC for both max and min. Make sure this reflects the design intent.
set_input_delay -clock [get_clocks CLK_ADC] 0.000 [get_ports -quiet {DATA_STR ADC_DATA4* EVENT_READY}]
/home/work1/Works/AI-Trigger-System/HDL/constraints/ai_trigger_ooc.xdc (Line: 19)
Related violations: <none>

XDCH-2#174 Warning
Same min and max delay values on IO port  
The same input delay of 0.000 ns has been defined on port 'ADC_DATA4[0][8][3]' relative to clock CLK_ADC for both max and min. Make sure this reflects the design intent.
set_input_delay -clock [get_clocks CLK_ADC] 0.000 [get_ports -quiet {DATA_STR ADC_DATA4* EVENT_READY}]
/home/work1/Works/AI-Trigger-System/HDL/constraints/ai_trigger_ooc.xdc (Line: 19)
Related violations: <none>

XDCH-2#175 Warning
Same min and max delay values on IO port  
The same input delay of 0.000 ns has been defined on port 'ADC_DATA4[0][8][4]' relative to clock CLK_ADC for both max and min. Make sure this reflects the design intent.
set_input_delay -clock [get_clocks CLK_ADC] 0.000 [get_ports -quiet {DATA_STR ADC_DATA4* EVENT_READY}]
/home/work1/Works/AI-Trigger-System/HDL/constraints/ai_trigger_ooc.xdc (Line: 19)
Related violations: <none>

XDCH-2#176 Warning
Same min and max delay values on IO port  
The same input delay of 0.000 ns has been defined on port 'ADC_DATA4[0][8][5]' relative to clock CLK_ADC for both max and min. Make sure this reflects the design intent.
set_input_delay -clock [get_clocks CLK_ADC] 0.000 [get_ports -quiet {DATA_STR ADC_DATA4* EVENT_READY}]
/home/work1/Works/AI-Trigger-System/HDL/constraints/ai_trigger_ooc.xdc (Line: 19)
Related violations: <none>

XDCH-2#177 Warning
Same min and max delay values on IO port  
The same input delay of 0.000 ns has been defined on port 'ADC_DATA4[0][8][6]' relative to clock CLK_ADC for both max and min. Make sure this reflects the design intent.
set_input_delay -clock [get_clocks CLK_ADC] 0.000 [get_ports -quiet {DATA_STR ADC_DATA4* EVENT_READY}]
/home/work1/Works/AI-Trigger-System/HDL/constraints/ai_trigger_ooc.xdc (Line: 19)
Related violations: <none>

XDCH-2#178 Warning
Same min and max delay values on IO port  
The same input delay of 0.000 ns has been defined on port 'ADC_DATA4[0][8][7]' relative to clock CLK_ADC for both max and min. Make sure this reflects the design intent.
set_input_delay -clock [get_clocks CLK_ADC] 0.000 [get_ports -quiet {DATA_STR ADC_DATA4* EVENT_READY}]
/home/work1/Works/AI-Trigger-System/HDL/constraints/ai_trigger_ooc.xdc (Line: 19)
Related violations: <none>

XDCH-2#179 Warning
Same min and max delay values on IO port  
The same input delay of 0.000 ns has been defined on port 'ADC_DATA4[0][8][8]' relative to clock CLK_ADC for both max and min. Make sure this reflects the design intent.
set_input_delay -clock [get_clocks CLK_ADC] 0.000 [get_ports -quiet {DATA_STR ADC_DATA4* EVENT_READY}]
/home/work1/Works/AI-Trigger-System/HDL/constraints/ai_trigger_ooc.xdc (Line: 19)
Related violations: <none>

XDCH-2#180 Warning
Same min and max delay values on IO port  
The same input delay of 0.000 ns has been defined on port 'ADC_DATA4[0][8][9]' relative to clock CLK_ADC for both max and min. Make sure this reflects the design intent.
set_input_delay -clock [get_clocks CLK_ADC] 0.000 [get_ports -quiet {DATA_STR ADC_DATA4* EVENT_READY}]
/home/work1/Works/AI-Trigger-System/HDL/constraints/ai_trigger_ooc.xdc (Line: 19)
Related violations: <none>

XDCH-2#181 Warning
Same min and max delay values on IO port  
The same input delay of 0.000 ns has been defined on port 'ADC_DATA4[0][9][0]' relative to clock CLK_ADC for both max and min. Make sure this reflects the design intent.
set_input_delay -clock [get_clocks CLK_ADC] 0.000 [get_ports -quiet {DATA_STR ADC_DATA4* EVENT_READY}]
/home/work1/Works/AI-Trigger-System/HDL/constraints/ai_trigger_ooc.xdc (Line: 19)
Related violations: <none>

XDCH-2#182 Warning
Same min and max delay values on IO port  
The same input delay of 0.000 ns has been defined on port 'ADC_DATA4[0][9][10]' relative to clock CLK_ADC for both max and min. Make sure this reflects the design intent.
set_input_delay -clock [get_clocks CLK_ADC] 0.000 [get_ports -quiet {DATA_STR ADC_DATA4* EVENT_READY}]
/home/work1/Works/AI-Trigger-System/HDL/constraints/ai_trigger_ooc.xdc (Line: 19)
Related violations: <none>

XDCH-2#183 Warning
Same min and max delay values on IO port  
The same input delay of 0.000 ns has been defined on port 'ADC_DATA4[0][9][11]' relative to clock CLK_ADC for both max and min. Make sure this reflects the design intent.
set_input_delay -clock [get_clocks CLK_ADC] 0.000 [get_ports -quiet {DATA_STR ADC_DATA4* EVENT_READY}]
/home/work1/Works/AI-Trigger-System/HDL/constraints/ai_trigger_ooc.xdc (Line: 19)
Related violations: <none>

XDCH-2#184 Warning
Same min and max delay values on IO port  
The same input delay of 0.000 ns has been defined on port 'ADC_DATA4[0][9][1]' relative to clock CLK_ADC for both max and min. Make sure this reflects the design intent.
set_input_delay -clock [get_clocks CLK_ADC] 0.000 [get_ports -quiet {DATA_STR ADC_DATA4* EVENT_READY}]
/home/work1/Works/AI-Trigger-System/HDL/constraints/ai_trigger_ooc.xdc (Line: 19)
Related violations: <none>

XDCH-2#185 Warning
Same min and max delay values on IO port  
The same input delay of 0.000 ns has been defined on port 'ADC_DATA4[0][9][2]' relative to clock CLK_ADC for both max and min. Make sure this reflects the design intent.
set_input_delay -clock [get_clocks CLK_ADC] 0.000 [get_ports -quiet {DATA_STR ADC_DATA4* EVENT_READY}]
/home/work1/Works/AI-Trigger-System/HDL/constraints/ai_trigger_ooc.xdc (Line: 19)
Related violations: <none>

XDCH-2#186 Warning
Same min and max delay values on IO port  
The same input delay of 0.000 ns has been defined on port 'ADC_DATA4[0][9][3]' relative to clock CLK_ADC for both max and min. Make sure this reflects the design intent.
set_input_delay -clock [get_clocks CLK_ADC] 0.000 [get_ports -quiet {DATA_STR ADC_DATA4* EVENT_READY}]
/home/work1/Works/AI-Trigger-System/HDL/constraints/ai_trigger_ooc.xdc (Line: 19)
Related violations: <none>

XDCH-2#187 Warning
Same min and max delay values on IO port  
The same input delay of 0.000 ns has been defined on port 'ADC_DATA4[0][9][4]' relative to clock CLK_ADC for both max and min. Make sure this reflects the design intent.
set_input_delay -clock [get_clocks CLK_ADC] 0.000 [get_ports -quiet {DATA_STR ADC_DATA4* EVENT_READY}]
/home/work1/Works/AI-Trigger-System/HDL/constraints/ai_trigger_ooc.xdc (Line: 19)
Related violations: <none>

XDCH-2#188 Warning
Same min and max delay values on IO port  
The same input delay of 0.000 ns has been defined on port 'ADC_DATA4[0][9][5]' relative to clock CLK_ADC for both max and min. Make sure this reflects the design intent.
set_input_delay -clock [get_clocks CLK_ADC] 0.000 [get_ports -quiet {DATA_STR ADC_DATA4* EVENT_READY}]
/home/work1/Works/AI-Trigger-System/HDL/constraints/ai_trigger_ooc.xdc (Line: 19)
Related violations: <none>

XDCH-2#189 Warning
Same min and max delay values on IO port  
The same input delay of 0.000 ns has been defined on port 'ADC_DATA4[0][9][6]' relative to clock CLK_ADC for both max and min. Make sure this reflects the design intent.
set_input_delay -clock [get_clocks CLK_ADC] 0.000 [get_ports -quiet {DATA_STR ADC_DATA4* EVENT_READY}]
/home/work1/Works/AI-Trigger-System/HDL/constraints/ai_trigger_ooc.xdc (Line: 19)
Related violations: <none>

XDCH-2#190 Warning
Same min and max delay values on IO port  
The same input delay of 0.000 ns has been defined on port 'ADC_DATA4[0][9][7]' relative to clock CLK_ADC for both max and min. Make sure this reflects the design intent.
set_input_delay -clock [get_clocks CLK_ADC] 0.000 [get_ports -quiet {DATA_STR ADC_DATA4* EVENT_READY}]
/home/work1/Works/AI-Trigger-System/HDL/constraints/ai_trigger_ooc.xdc (Line: 19)
Related violations: <none>

XDCH-2#191 Warning
Same min and max delay values on IO port  
The same input delay of 0.000 ns has been defined on port 'ADC_DATA4[0][9][8]' relative to clock CLK_ADC for both max and min. Make sure this reflects the design intent.
set_input_delay -clock [get_clocks CLK_ADC] 0.000 [get_ports -quiet {DATA_STR ADC_DATA4* EVENT_READY}]
/home/work1/Works/AI-Trigger-System/HDL/constraints/ai_trigger_ooc.xdc (Line: 19)
Related violations: <none>

XDCH-2#192 Warning
Same min and max delay values on IO port  
The same input delay of 0.000 ns has been defined on port 'ADC_DATA4[0][9][9]' relative to clock CLK_ADC for both max and min. Make sure this reflects the design intent.
set_input_delay -clock [get_clocks CLK_ADC] 0.000 [get_ports -quiet {DATA_STR ADC_DATA4* EVENT_READY}]
/home/work1/Works/AI-Trigger-System/HDL/constraints/ai_trigger_ooc.xdc (Line: 19)
Related violations: <none>

XDCH-2#193 Warning
Same min and max delay values on IO port  
The same input delay of 0.000 ns has been defined on port 'ADC_DATA4[1][0][0]' relative to clock CLK_ADC for both max and min. Make sure this reflects the design intent.
set_input_delay -clock [get_clocks CLK_ADC] 0.000 [get_ports -quiet {DATA_STR ADC_DATA4* EVENT_READY}]
/home/work1/Works/AI-Trigger-System/HDL/constraints/ai_trigger_ooc.xdc (Line: 19)
Related violations: <none>

XDCH-2#194 Warning
Same min and max delay values on IO port  
The same input delay of 0.000 ns has been defined on port 'ADC_DATA4[1][0][10]' relative to clock CLK_ADC for both max and min. Make sure this reflects the design intent.
set_input_delay -clock [get_clocks CLK_ADC] 0.000 [get_ports -quiet {DATA_STR ADC_DATA4* EVENT_READY}]
/home/work1/Works/AI-Trigger-System/HDL/constraints/ai_trigger_ooc.xdc (Line: 19)
Related violations: <none>

XDCH-2#195 Warning
Same min and max delay values on IO port  
The same input delay of 0.000 ns has been defined on port 'ADC_DATA4[1][0][11]' relative to clock CLK_ADC for both max and min. Make sure this reflects the design intent.
set_input_delay -clock [get_clocks CLK_ADC] 0.000 [get_ports -quiet {DATA_STR ADC_DATA4* EVENT_READY}]
/home/work1/Works/AI-Trigger-System/HDL/constraints/ai_trigger_ooc.xdc (Line: 19)
Related violations: <none>

XDCH-2#196 Warning
Same min and max delay values on IO port  
The same input delay of 0.000 ns has been defined on port 'ADC_DATA4[1][0][1]' relative to clock CLK_ADC for both max and min. Make sure this reflects the design intent.
set_input_delay -clock [get_clocks CLK_ADC] 0.000 [get_ports -quiet {DATA_STR ADC_DATA4* EVENT_READY}]
/home/work1/Works/AI-Trigger-System/HDL/constraints/ai_trigger_ooc.xdc (Line: 19)
Related violations: <none>

XDCH-2#197 Warning
Same min and max delay values on IO port  
The same input delay of 0.000 ns has been defined on port 'ADC_DATA4[1][0][2]' relative to clock CLK_ADC for both max and min. Make sure this reflects the design intent.
set_input_delay -clock [get_clocks CLK_ADC] 0.000 [get_ports -quiet {DATA_STR ADC_DATA4* EVENT_READY}]
/home/work1/Works/AI-Trigger-System/HDL/constraints/ai_trigger_ooc.xdc (Line: 19)
Related violations: <none>

XDCH-2#198 Warning
Same min and max delay values on IO port  
The same input delay of 0.000 ns has been defined on port 'ADC_DATA4[1][0][3]' relative to clock CLK_ADC for both max and min. Make sure this reflects the design intent.
set_input_delay -clock [get_clocks CLK_ADC] 0.000 [get_ports -quiet {DATA_STR ADC_DATA4* EVENT_READY}]
/home/work1/Works/AI-Trigger-System/HDL/constraints/ai_trigger_ooc.xdc (Line: 19)
Related violations: <none>

XDCH-2#199 Warning
Same min and max delay values on IO port  
The same input delay of 0.000 ns has been defined on port 'ADC_DATA4[1][0][4]' relative to clock CLK_ADC for both max and min. Make sure this reflects the design intent.
set_input_delay -clock [get_clocks CLK_ADC] 0.000 [get_ports -quiet {DATA_STR ADC_DATA4* EVENT_READY}]
/home/work1/Works/AI-Trigger-System/HDL/constraints/ai_trigger_ooc.xdc (Line: 19)
Related violations: <none>

XDCH-2#200 Warning
Same min and max delay values on IO port  
The same input delay of 0.000 ns has been defined on port 'ADC_DATA4[1][0][5]' relative to clock CLK_ADC for both max and min. Make sure this reflects the design intent.
set_input_delay -clock [get_clocks CLK_ADC] 0.000 [get_ports -quiet {DATA_STR ADC_DATA4* EVENT_READY}]
/home/work1/Works/AI-Trigger-System/HDL/constraints/ai_trigger_ooc.xdc (Line: 19)
Related violations: <none>

XDCH-2#201 Warning
Same min and max delay values on IO port  
The same input delay of 0.000 ns has been defined on port 'ADC_DATA4[1][0][6]' relative to clock CLK_ADC for both max and min. Make sure this reflects the design intent.
set_input_delay -clock [get_clocks CLK_ADC] 0.000 [get_ports -quiet {DATA_STR ADC_DATA4* EVENT_READY}]
/home/work1/Works/AI-Trigger-System/HDL/constraints/ai_trigger_ooc.xdc (Line: 19)
Related violations: <none>

XDCH-2#202 Warning
Same min and max delay values on IO port  
The same input delay of 0.000 ns has been defined on port 'ADC_DATA4[1][0][7]' relative to clock CLK_ADC for both max and min. Make sure this reflects the design intent.
set_input_delay -clock [get_clocks CLK_ADC] 0.000 [get_ports -quiet {DATA_STR ADC_DATA4* EVENT_READY}]
/home/work1/Works/AI-Trigger-System/HDL/constraints/ai_trigger_ooc.xdc (Line: 19)
Related violations: <none>

XDCH-2#203 Warning
Same min and max delay values on IO port  
The same input delay of 0.000 ns has been defined on port 'ADC_DATA4[1][0][8]' relative to clock CLK_ADC for both max and min. Make sure this reflects the design intent.
set_input_delay -clock [get_clocks CLK_ADC] 0.000 [get_ports -quiet {DATA_STR ADC_DATA4* EVENT_READY}]
/home/work1/Works/AI-Trigger-System/HDL/constraints/ai_trigger_ooc.xdc (Line: 19)
Related violations: <none>

XDCH-2#204 Warning
Same min and max delay values on IO port  
The same input delay of 0.000 ns has been defined on port 'ADC_DATA4[1][0][9]' relative to clock CLK_ADC for both max and min. Make sure this reflects the design intent.
set_input_delay -clock [get_clocks CLK_ADC] 0.000 [get_ports -quiet {DATA_STR ADC_DATA4* EVENT_READY}]
/home/work1/Works/AI-Trigger-System/HDL/constraints/ai_trigger_ooc.xdc (Line: 19)
Related violations: <none>

XDCH-2#205 Warning
Same min and max delay values on IO port  
The same input delay of 0.000 ns has been defined on port 'ADC_DATA4[1][10][0]' relative to clock CLK_ADC for both max and min. Make sure this reflects the design intent.
set_input_delay -clock [get_clocks CLK_ADC] 0.000 [get_ports -quiet {DATA_STR ADC_DATA4* EVENT_READY}]
/home/work1/Works/AI-Trigger-System/HDL/constraints/ai_trigger_ooc.xdc (Line: 19)
Related violations: <none>

XDCH-2#206 Warning
Same min and max delay values on IO port  
The same input delay of 0.000 ns has been defined on port 'ADC_DATA4[1][10][10]' relative to clock CLK_ADC for both max and min. Make sure this reflects the design intent.
set_input_delay -clock [get_clocks CLK_ADC] 0.000 [get_ports -quiet {DATA_STR ADC_DATA4* EVENT_READY}]
/home/work1/Works/AI-Trigger-System/HDL/constraints/ai_trigger_ooc.xdc (Line: 19)
Related violations: <none>

XDCH-2#207 Warning
Same min and max delay values on IO port  
The same input delay of 0.000 ns has been defined on port 'ADC_DATA4[1][10][11]' relative to clock CLK_ADC for both max and min. Make sure this reflects the design intent.
set_input_delay -clock [get_clocks CLK_ADC] 0.000 [get_ports -quiet {DATA_STR ADC_DATA4* EVENT_READY}]
/home/work1/Works/AI-Trigger-System/HDL/constraints/ai_trigger_ooc.xdc (Line: 19)
Related violations: <none>

XDCH-2#208 Warning
Same min and max delay values on IO port  
The same input delay of 0.000 ns has been defined on port 'ADC_DATA4[1][10][1]' relative to clock CLK_ADC for both max and min. Make sure this reflects the design intent.
set_input_delay -clock [get_clocks CLK_ADC] 0.000 [get_ports -quiet {DATA_STR ADC_DATA4* EVENT_READY}]
/home/work1/Works/AI-Trigger-System/HDL/constraints/ai_trigger_ooc.xdc (Line: 19)
Related violations: <none>

XDCH-2#209 Warning
Same min and max delay values on IO port  
The same input delay of 0.000 ns has been defined on port 'ADC_DATA4[1][10][2]' relative to clock CLK_ADC for both max and min. Make sure this reflects the design intent.
set_input_delay -clock [get_clocks CLK_ADC] 0.000 [get_ports -quiet {DATA_STR ADC_DATA4* EVENT_READY}]
/home/work1/Works/AI-Trigger-System/HDL/constraints/ai_trigger_ooc.xdc (Line: 19)
Related violations: <none>

XDCH-2#210 Warning
Same min and max delay values on IO port  
The same input delay of 0.000 ns has been defined on port 'ADC_DATA4[1][10][3]' relative to clock CLK_ADC for both max and min. Make sure this reflects the design intent.
set_input_delay -clock [get_clocks CLK_ADC] 0.000 [get_ports -quiet {DATA_STR ADC_DATA4* EVENT_READY}]
/home/work1/Works/AI-Trigger-System/HDL/constraints/ai_trigger_ooc.xdc (Line: 19)
Related violations: <none>

XDCH-2#211 Warning
Same min and max delay values on IO port  
The same input delay of 0.000 ns has been defined on port 'ADC_DATA4[1][10][4]' relative to clock CLK_ADC for both max and min. Make sure this reflects the design intent.
set_input_delay -clock [get_clocks CLK_ADC] 0.000 [get_ports -quiet {DATA_STR ADC_DATA4* EVENT_READY}]
/home/work1/Works/AI-Trigger-System/HDL/constraints/ai_trigger_ooc.xdc (Line: 19)
Related violations: <none>

XDCH-2#212 Warning
Same min and max delay values on IO port  
The same input delay of 0.000 ns has been defined on port 'ADC_DATA4[1][10][5]' relative to clock CLK_ADC for both max and min. Make sure this reflects the design intent.
set_input_delay -clock [get_clocks CLK_ADC] 0.000 [get_ports -quiet {DATA_STR ADC_DATA4* EVENT_READY}]
/home/work1/Works/AI-Trigger-System/HDL/constraints/ai_trigger_ooc.xdc (Line: 19)
Related violations: <none>

XDCH-2#213 Warning
Same min and max delay values on IO port  
The same input delay of 0.000 ns has been defined on port 'ADC_DATA4[1][10][6]' relative to clock CLK_ADC for both max and min. Make sure this reflects the design intent.
set_input_delay -clock [get_clocks CLK_ADC] 0.000 [get_ports -quiet {DATA_STR ADC_DATA4* EVENT_READY}]
/home/work1/Works/AI-Trigger-System/HDL/constraints/ai_trigger_ooc.xdc (Line: 19)
Related violations: <none>

XDCH-2#214 Warning
Same min and max delay values on IO port  
The same input delay of 0.000 ns has been defined on port 'ADC_DATA4[1][10][7]' relative to clock CLK_ADC for both max and min. Make sure this reflects the design intent.
set_input_delay -clock [get_clocks CLK_ADC] 0.000 [get_ports -quiet {DATA_STR ADC_DATA4* EVENT_READY}]
/home/work1/Works/AI-Trigger-System/HDL/constraints/ai_trigger_ooc.xdc (Line: 19)
Related violations: <none>

XDCH-2#215 Warning
Same min and max delay values on IO port  
The same input delay of 0.000 ns has been defined on port 'ADC_DATA4[1][10][8]' relative to clock CLK_ADC for both max and min. Make sure this reflects the design intent.
set_input_delay -clock [get_clocks CLK_ADC] 0.000 [get_ports -quiet {DATA_STR ADC_DATA4* EVENT_READY}]
/home/work1/Works/AI-Trigger-System/HDL/constraints/ai_trigger_ooc.xdc (Line: 19)
Related violations: <none>

XDCH-2#216 Warning
Same min and max delay values on IO port  
The same input delay of 0.000 ns has been defined on port 'ADC_DATA4[1][10][9]' relative to clock CLK_ADC for both max and min. Make sure this reflects the design intent.
set_input_delay -clock [get_clocks CLK_ADC] 0.000 [get_ports -quiet {DATA_STR ADC_DATA4* EVENT_READY}]
/home/work1/Works/AI-Trigger-System/HDL/constraints/ai_trigger_ooc.xdc (Line: 19)
Related violations: <none>

XDCH-2#217 Warning
Same min and max delay values on IO port  
The same input delay of 0.000 ns has been defined on port 'ADC_DATA4[1][11][0]' relative to clock CLK_ADC for both max and min. Make sure this reflects the design intent.
set_input_delay -clock [get_clocks CLK_ADC] 0.000 [get_ports -quiet {DATA_STR ADC_DATA4* EVENT_READY}]
/home/work1/Works/AI-Trigger-System/HDL/constraints/ai_trigger_ooc.xdc (Line: 19)
Related violations: <none>

XDCH-2#218 Warning
Same min and max delay values on IO port  
The same input delay of 0.000 ns has been defined on port 'ADC_DATA4[1][11][10]' relative to clock CLK_ADC for both max and min. Make sure this reflects the design intent.
set_input_delay -clock [get_clocks CLK_ADC] 0.000 [get_ports -quiet {DATA_STR ADC_DATA4* EVENT_READY}]
/home/work1/Works/AI-Trigger-System/HDL/constraints/ai_trigger_ooc.xdc (Line: 19)
Related violations: <none>

XDCH-2#219 Warning
Same min and max delay values on IO port  
The same input delay of 0.000 ns has been defined on port 'ADC_DATA4[1][11][11]' relative to clock CLK_ADC for both max and min. Make sure this reflects the design intent.
set_input_delay -clock [get_clocks CLK_ADC] 0.000 [get_ports -quiet {DATA_STR ADC_DATA4* EVENT_READY}]
/home/work1/Works/AI-Trigger-System/HDL/constraints/ai_trigger_ooc.xdc (Line: 19)
Related violations: <none>

XDCH-2#220 Warning
Same min and max delay values on IO port  
The same input delay of 0.000 ns has been defined on port 'ADC_DATA4[1][11][1]' relative to clock CLK_ADC for both max and min. Make sure this reflects the design intent.
set_input_delay -clock [get_clocks CLK_ADC] 0.000 [get_ports -quiet {DATA_STR ADC_DATA4* EVENT_READY}]
/home/work1/Works/AI-Trigger-System/HDL/constraints/ai_trigger_ooc.xdc (Line: 19)
Related violations: <none>

XDCH-2#221 Warning
Same min and max delay values on IO port  
The same input delay of 0.000 ns has been defined on port 'ADC_DATA4[1][11][2]' relative to clock CLK_ADC for both max and min. Make sure this reflects the design intent.
set_input_delay -clock [get_clocks CLK_ADC] 0.000 [get_ports -quiet {DATA_STR ADC_DATA4* EVENT_READY}]
/home/work1/Works/AI-Trigger-System/HDL/constraints/ai_trigger_ooc.xdc (Line: 19)
Related violations: <none>

XDCH-2#222 Warning
Same min and max delay values on IO port  
The same input delay of 0.000 ns has been defined on port 'ADC_DATA4[1][11][3]' relative to clock CLK_ADC for both max and min. Make sure this reflects the design intent.
set_input_delay -clock [get_clocks CLK_ADC] 0.000 [get_ports -quiet {DATA_STR ADC_DATA4* EVENT_READY}]
/home/work1/Works/AI-Trigger-System/HDL/constraints/ai_trigger_ooc.xdc (Line: 19)
Related violations: <none>

XDCH-2#223 Warning
Same min and max delay values on IO port  
The same input delay of 0.000 ns has been defined on port 'ADC_DATA4[1][11][4]' relative to clock CLK_ADC for both max and min. Make sure this reflects the design intent.
set_input_delay -clock [get_clocks CLK_ADC] 0.000 [get_ports -quiet {DATA_STR ADC_DATA4* EVENT_READY}]
/home/work1/Works/AI-Trigger-System/HDL/constraints/ai_trigger_ooc.xdc (Line: 19)
Related violations: <none>

XDCH-2#224 Warning
Same min and max delay values on IO port  
The same input delay of 0.000 ns has been defined on port 'ADC_DATA4[1][11][5]' relative to clock CLK_ADC for both max and min. Make sure this reflects the design intent.
set_input_delay -clock [get_clocks CLK_ADC] 0.000 [get_ports -quiet {DATA_STR ADC_DATA4* EVENT_READY}]
/home/work1/Works/AI-Trigger-System/HDL/constraints/ai_trigger_ooc.xdc (Line: 19)
Related violations: <none>

XDCH-2#225 Warning
Same min and max delay values on IO port  
The same input delay of 0.000 ns has been defined on port 'ADC_DATA4[1][11][6]' relative to clock CLK_ADC for both max and min. Make sure this reflects the design intent.
set_input_delay -clock [get_clocks CLK_ADC] 0.000 [get_ports -quiet {DATA_STR ADC_DATA4* EVENT_READY}]
/home/work1/Works/AI-Trigger-System/HDL/constraints/ai_trigger_ooc.xdc (Line: 19)
Related violations: <none>

XDCH-2#226 Warning
Same min and max delay values on IO port  
The same input delay of 0.000 ns has been defined on port 'ADC_DATA4[1][11][7]' relative to clock CLK_ADC for both max and min. Make sure this reflects the design intent.
set_input_delay -clock [get_clocks CLK_ADC] 0.000 [get_ports -quiet {DATA_STR ADC_DATA4* EVENT_READY}]
/home/work1/Works/AI-Trigger-System/HDL/constraints/ai_trigger_ooc.xdc (Line: 19)
Related violations: <none>

XDCH-2#227 Warning
Same min and max delay values on IO port  
The same input delay of 0.000 ns has been defined on port 'ADC_DATA4[1][11][8]' relative to clock CLK_ADC for both max and min. Make sure this reflects the design intent.
set_input_delay -clock [get_clocks CLK_ADC] 0.000 [get_ports -quiet {DATA_STR ADC_DATA4* EVENT_READY}]
/home/work1/Works/AI-Trigger-System/HDL/constraints/ai_trigger_ooc.xdc (Line: 19)
Related violations: <none>

XDCH-2#228 Warning
Same min and max delay values on IO port  
The same input delay of 0.000 ns has been defined on port 'ADC_DATA4[1][11][9]' relative to clock CLK_ADC for both max and min. Make sure this reflects the design intent.
set_input_delay -clock [get_clocks CLK_ADC] 0.000 [get_ports -quiet {DATA_STR ADC_DATA4* EVENT_READY}]
/home/work1/Works/AI-Trigger-System/HDL/constraints/ai_trigger_ooc.xdc (Line: 19)
Related violations: <none>

XDCH-2#229 Warning
Same min and max delay values on IO port  
The same input delay of 0.000 ns has been defined on port 'ADC_DATA4[1][12][0]' relative to clock CLK_ADC for both max and min. Make sure this reflects the design intent.
set_input_delay -clock [get_clocks CLK_ADC] 0.000 [get_ports -quiet {DATA_STR ADC_DATA4* EVENT_READY}]
/home/work1/Works/AI-Trigger-System/HDL/constraints/ai_trigger_ooc.xdc (Line: 19)
Related violations: <none>

XDCH-2#230 Warning
Same min and max delay values on IO port  
The same input delay of 0.000 ns has been defined on port 'ADC_DATA4[1][12][10]' relative to clock CLK_ADC for both max and min. Make sure this reflects the design intent.
set_input_delay -clock [get_clocks CLK_ADC] 0.000 [get_ports -quiet {DATA_STR ADC_DATA4* EVENT_READY}]
/home/work1/Works/AI-Trigger-System/HDL/constraints/ai_trigger_ooc.xdc (Line: 19)
Related violations: <none>

XDCH-2#231 Warning
Same min and max delay values on IO port  
The same input delay of 0.000 ns has been defined on port 'ADC_DATA4[1][12][11]' relative to clock CLK_ADC for both max and min. Make sure this reflects the design intent.
set_input_delay -clock [get_clocks CLK_ADC] 0.000 [get_ports -quiet {DATA_STR ADC_DATA4* EVENT_READY}]
/home/work1/Works/AI-Trigger-System/HDL/constraints/ai_trigger_ooc.xdc (Line: 19)
Related violations: <none>

XDCH-2#232 Warning
Same min and max delay values on IO port  
The same input delay of 0.000 ns has been defined on port 'ADC_DATA4[1][12][1]' relative to clock CLK_ADC for both max and min. Make sure this reflects the design intent.
set_input_delay -clock [get_clocks CLK_ADC] 0.000 [get_ports -quiet {DATA_STR ADC_DATA4* EVENT_READY}]
/home/work1/Works/AI-Trigger-System/HDL/constraints/ai_trigger_ooc.xdc (Line: 19)
Related violations: <none>

XDCH-2#233 Warning
Same min and max delay values on IO port  
The same input delay of 0.000 ns has been defined on port 'ADC_DATA4[1][12][2]' relative to clock CLK_ADC for both max and min. Make sure this reflects the design intent.
set_input_delay -clock [get_clocks CLK_ADC] 0.000 [get_ports -quiet {DATA_STR ADC_DATA4* EVENT_READY}]
/home/work1/Works/AI-Trigger-System/HDL/constraints/ai_trigger_ooc.xdc (Line: 19)
Related violations: <none>

XDCH-2#234 Warning
Same min and max delay values on IO port  
The same input delay of 0.000 ns has been defined on port 'ADC_DATA4[1][12][3]' relative to clock CLK_ADC for both max and min. Make sure this reflects the design intent.
set_input_delay -clock [get_clocks CLK_ADC] 0.000 [get_ports -quiet {DATA_STR ADC_DATA4* EVENT_READY}]
/home/work1/Works/AI-Trigger-System/HDL/constraints/ai_trigger_ooc.xdc (Line: 19)
Related violations: <none>

XDCH-2#235 Warning
Same min and max delay values on IO port  
The same input delay of 0.000 ns has been defined on port 'ADC_DATA4[1][12][4]' relative to clock CLK_ADC for both max and min. Make sure this reflects the design intent.
set_input_delay -clock [get_clocks CLK_ADC] 0.000 [get_ports -quiet {DATA_STR ADC_DATA4* EVENT_READY}]
/home/work1/Works/AI-Trigger-System/HDL/constraints/ai_trigger_ooc.xdc (Line: 19)
Related violations: <none>

XDCH-2#236 Warning
Same min and max delay values on IO port  
The same input delay of 0.000 ns has been defined on port 'ADC_DATA4[1][12][5]' relative to clock CLK_ADC for both max and min. Make sure this reflects the design intent.
set_input_delay -clock [get_clocks CLK_ADC] 0.000 [get_ports -quiet {DATA_STR ADC_DATA4* EVENT_READY}]
/home/work1/Works/AI-Trigger-System/HDL/constraints/ai_trigger_ooc.xdc (Line: 19)
Related violations: <none>

XDCH-2#237 Warning
Same min and max delay values on IO port  
The same input delay of 0.000 ns has been defined on port 'ADC_DATA4[1][12][6]' relative to clock CLK_ADC for both max and min. Make sure this reflects the design intent.
set_input_delay -clock [get_clocks CLK_ADC] 0.000 [get_ports -quiet {DATA_STR ADC_DATA4* EVENT_READY}]
/home/work1/Works/AI-Trigger-System/HDL/constraints/ai_trigger_ooc.xdc (Line: 19)
Related violations: <none>

XDCH-2#238 Warning
Same min and max delay values on IO port  
The same input delay of 0.000 ns has been defined on port 'ADC_DATA4[1][12][7]' relative to clock CLK_ADC for both max and min. Make sure this reflects the design intent.
set_input_delay -clock [get_clocks CLK_ADC] 0.000 [get_ports -quiet {DATA_STR ADC_DATA4* EVENT_READY}]
/home/work1/Works/AI-Trigger-System/HDL/constraints/ai_trigger_ooc.xdc (Line: 19)
Related violations: <none>

XDCH-2#239 Warning
Same min and max delay values on IO port  
The same input delay of 0.000 ns has been defined on port 'ADC_DATA4[1][12][8]' relative to clock CLK_ADC for both max and min. Make sure this reflects the design intent.
set_input_delay -clock [get_clocks CLK_ADC] 0.000 [get_ports -quiet {DATA_STR ADC_DATA4* EVENT_READY}]
/home/work1/Works/AI-Trigger-System/HDL/constraints/ai_trigger_ooc.xdc (Line: 19)
Related violations: <none>

XDCH-2#240 Warning
Same min and max delay values on IO port  
The same input delay of 0.000 ns has been defined on port 'ADC_DATA4[1][12][9]' relative to clock CLK_ADC for both max and min. Make sure this reflects the design intent.
set_input_delay -clock [get_clocks CLK_ADC] 0.000 [get_ports -quiet {DATA_STR ADC_DATA4* EVENT_READY}]
/home/work1/Works/AI-Trigger-System/HDL/constraints/ai_trigger_ooc.xdc (Line: 19)
Related violations: <none>

XDCH-2#241 Warning
Same min and max delay values on IO port  
The same input delay of 0.000 ns has been defined on port 'ADC_DATA4[1][13][0]' relative to clock CLK_ADC for both max and min. Make sure this reflects the design intent.
set_input_delay -clock [get_clocks CLK_ADC] 0.000 [get_ports -quiet {DATA_STR ADC_DATA4* EVENT_READY}]
/home/work1/Works/AI-Trigger-System/HDL/constraints/ai_trigger_ooc.xdc (Line: 19)
Related violations: <none>

XDCH-2#242 Warning
Same min and max delay values on IO port  
The same input delay of 0.000 ns has been defined on port 'ADC_DATA4[1][13][10]' relative to clock CLK_ADC for both max and min. Make sure this reflects the design intent.
set_input_delay -clock [get_clocks CLK_ADC] 0.000 [get_ports -quiet {DATA_STR ADC_DATA4* EVENT_READY}]
/home/work1/Works/AI-Trigger-System/HDL/constraints/ai_trigger_ooc.xdc (Line: 19)
Related violations: <none>

XDCH-2#243 Warning
Same min and max delay values on IO port  
The same input delay of 0.000 ns has been defined on port 'ADC_DATA4[1][13][11]' relative to clock CLK_ADC for both max and min. Make sure this reflects the design intent.
set_input_delay -clock [get_clocks CLK_ADC] 0.000 [get_ports -quiet {DATA_STR ADC_DATA4* EVENT_READY}]
/home/work1/Works/AI-Trigger-System/HDL/constraints/ai_trigger_ooc.xdc (Line: 19)
Related violations: <none>

XDCH-2#244 Warning
Same min and max delay values on IO port  
The same input delay of 0.000 ns has been defined on port 'ADC_DATA4[1][13][1]' relative to clock CLK_ADC for both max and min. Make sure this reflects the design intent.
set_input_delay -clock [get_clocks CLK_ADC] 0.000 [get_ports -quiet {DATA_STR ADC_DATA4* EVENT_READY}]
/home/work1/Works/AI-Trigger-System/HDL/constraints/ai_trigger_ooc.xdc (Line: 19)
Related violations: <none>

XDCH-2#245 Warning
Same min and max delay values on IO port  
The same input delay of 0.000 ns has been defined on port 'ADC_DATA4[1][13][2]' relative to clock CLK_ADC for both max and min. Make sure this reflects the design intent.
set_input_delay -clock [get_clocks CLK_ADC] 0.000 [get_ports -quiet {DATA_STR ADC_DATA4* EVENT_READY}]
/home/work1/Works/AI-Trigger-System/HDL/constraints/ai_trigger_ooc.xdc (Line: 19)
Related violations: <none>

XDCH-2#246 Warning
Same min and max delay values on IO port  
The same input delay of 0.000 ns has been defined on port 'ADC_DATA4[1][13][3]' relative to clock CLK_ADC for both max and min. Make sure this reflects the design intent.
set_input_delay -clock [get_clocks CLK_ADC] 0.000 [get_ports -quiet {DATA_STR ADC_DATA4* EVENT_READY}]
/home/work1/Works/AI-Trigger-System/HDL/constraints/ai_trigger_ooc.xdc (Line: 19)
Related violations: <none>

XDCH-2#247 Warning
Same min and max delay values on IO port  
The same input delay of 0.000 ns has been defined on port 'ADC_DATA4[1][13][4]' relative to clock CLK_ADC for both max and min. Make sure this reflects the design intent.
set_input_delay -clock [get_clocks CLK_ADC] 0.000 [get_ports -quiet {DATA_STR ADC_DATA4* EVENT_READY}]
/home/work1/Works/AI-Trigger-System/HDL/constraints/ai_trigger_ooc.xdc (Line: 19)
Related violations: <none>

XDCH-2#248 Warning
Same min and max delay values on IO port  
The same input delay of 0.000 ns has been defined on port 'ADC_DATA4[1][13][5]' relative to clock CLK_ADC for both max and min. Make sure this reflects the design intent.
set_input_delay -clock [get_clocks CLK_ADC] 0.000 [get_ports -quiet {DATA_STR ADC_DATA4* EVENT_READY}]
/home/work1/Works/AI-Trigger-System/HDL/constraints/ai_trigger_ooc.xdc (Line: 19)
Related violations: <none>

XDCH-2#249 Warning
Same min and max delay values on IO port  
The same input delay of 0.000 ns has been defined on port 'ADC_DATA4[1][13][6]' relative to clock CLK_ADC for both max and min. Make sure this reflects the design intent.
set_input_delay -clock [get_clocks CLK_ADC] 0.000 [get_ports -quiet {DATA_STR ADC_DATA4* EVENT_READY}]
/home/work1/Works/AI-Trigger-System/HDL/constraints/ai_trigger_ooc.xdc (Line: 19)
Related violations: <none>

XDCH-2#250 Warning
Same min and max delay values on IO port  
The same input delay of 0.000 ns has been defined on port 'ADC_DATA4[1][13][7]' relative to clock CLK_ADC for both max and min. Make sure this reflects the design intent.
set_input_delay -clock [get_clocks CLK_ADC] 0.000 [get_ports -quiet {DATA_STR ADC_DATA4* EVENT_READY}]
/home/work1/Works/AI-Trigger-System/HDL/constraints/ai_trigger_ooc.xdc (Line: 19)
Related violations: <none>

XDCH-2#251 Warning
Same min and max delay values on IO port  
The same input delay of 0.000 ns has been defined on port 'ADC_DATA4[1][13][8]' relative to clock CLK_ADC for both max and min. Make sure this reflects the design intent.
set_input_delay -clock [get_clocks CLK_ADC] 0.000 [get_ports -quiet {DATA_STR ADC_DATA4* EVENT_READY}]
/home/work1/Works/AI-Trigger-System/HDL/constraints/ai_trigger_ooc.xdc (Line: 19)
Related violations: <none>

XDCH-2#252 Warning
Same min and max delay values on IO port  
The same input delay of 0.000 ns has been defined on port 'ADC_DATA4[1][13][9]' relative to clock CLK_ADC for both max and min. Make sure this reflects the design intent.
set_input_delay -clock [get_clocks CLK_ADC] 0.000 [get_ports -quiet {DATA_STR ADC_DATA4* EVENT_READY}]
/home/work1/Works/AI-Trigger-System/HDL/constraints/ai_trigger_ooc.xdc (Line: 19)
Related violations: <none>

XDCH-2#253 Warning
Same min and max delay values on IO port  
The same input delay of 0.000 ns has been defined on port 'ADC_DATA4[1][14][0]' relative to clock CLK_ADC for both max and min. Make sure this reflects the design intent.
set_input_delay -clock [get_clocks CLK_ADC] 0.000 [get_ports -quiet {DATA_STR ADC_DATA4* EVENT_READY}]
/home/work1/Works/AI-Trigger-System/HDL/constraints/ai_trigger_ooc.xdc (Line: 19)
Related violations: <none>

XDCH-2#254 Warning
Same min and max delay values on IO port  
The same input delay of 0.000 ns has been defined on port 'ADC_DATA4[1][14][10]' relative to clock CLK_ADC for both max and min. Make sure this reflects the design intent.
set_input_delay -clock [get_clocks CLK_ADC] 0.000 [get_ports -quiet {DATA_STR ADC_DATA4* EVENT_READY}]
/home/work1/Works/AI-Trigger-System/HDL/constraints/ai_trigger_ooc.xdc (Line: 19)
Related violations: <none>

XDCH-2#255 Warning
Same min and max delay values on IO port  
The same input delay of 0.000 ns has been defined on port 'ADC_DATA4[1][14][11]' relative to clock CLK_ADC for both max and min. Make sure this reflects the design intent.
set_input_delay -clock [get_clocks CLK_ADC] 0.000 [get_ports -quiet {DATA_STR ADC_DATA4* EVENT_READY}]
/home/work1/Works/AI-Trigger-System/HDL/constraints/ai_trigger_ooc.xdc (Line: 19)
Related violations: <none>

XDCH-2#256 Warning
Same min and max delay values on IO port  
The same input delay of 0.000 ns has been defined on port 'ADC_DATA4[1][14][1]' relative to clock CLK_ADC for both max and min. Make sure this reflects the design intent.
set_input_delay -clock [get_clocks CLK_ADC] 0.000 [get_ports -quiet {DATA_STR ADC_DATA4* EVENT_READY}]
/home/work1/Works/AI-Trigger-System/HDL/constraints/ai_trigger_ooc.xdc (Line: 19)
Related violations: <none>

XDCH-2#257 Warning
Same min and max delay values on IO port  
The same input delay of 0.000 ns has been defined on port 'ADC_DATA4[1][14][2]' relative to clock CLK_ADC for both max and min. Make sure this reflects the design intent.
set_input_delay -clock [get_clocks CLK_ADC] 0.000 [get_ports -quiet {DATA_STR ADC_DATA4* EVENT_READY}]
/home/work1/Works/AI-Trigger-System/HDL/constraints/ai_trigger_ooc.xdc (Line: 19)
Related violations: <none>

XDCH-2#258 Warning
Same min and max delay values on IO port  
The same input delay of 0.000 ns has been defined on port 'ADC_DATA4[1][14][3]' relative to clock CLK_ADC for both max and min. Make sure this reflects the design intent.
set_input_delay -clock [get_clocks CLK_ADC] 0.000 [get_ports -quiet {DATA_STR ADC_DATA4* EVENT_READY}]
/home/work1/Works/AI-Trigger-System/HDL/constraints/ai_trigger_ooc.xdc (Line: 19)
Related violations: <none>

XDCH-2#259 Warning
Same min and max delay values on IO port  
The same input delay of 0.000 ns has been defined on port 'ADC_DATA4[1][14][4]' relative to clock CLK_ADC for both max and min. Make sure this reflects the design intent.
set_input_delay -clock [get_clocks CLK_ADC] 0.000 [get_ports -quiet {DATA_STR ADC_DATA4* EVENT_READY}]
/home/work1/Works/AI-Trigger-System/HDL/constraints/ai_trigger_ooc.xdc (Line: 19)
Related violations: <none>

XDCH-2#260 Warning
Same min and max delay values on IO port  
The same input delay of 0.000 ns has been defined on port 'ADC_DATA4[1][14][5]' relative to clock CLK_ADC for both max and min. Make sure this reflects the design intent.
set_input_delay -clock [get_clocks CLK_ADC] 0.000 [get_ports -quiet {DATA_STR ADC_DATA4* EVENT_READY}]
/home/work1/Works/AI-Trigger-System/HDL/constraints/ai_trigger_ooc.xdc (Line: 19)
Related violations: <none>

XDCH-2#261 Warning
Same min and max delay values on IO port  
The same input delay of 0.000 ns has been defined on port 'ADC_DATA4[1][14][6]' relative to clock CLK_ADC for both max and min. Make sure this reflects the design intent.
set_input_delay -clock [get_clocks CLK_ADC] 0.000 [get_ports -quiet {DATA_STR ADC_DATA4* EVENT_READY}]
/home/work1/Works/AI-Trigger-System/HDL/constraints/ai_trigger_ooc.xdc (Line: 19)
Related violations: <none>

XDCH-2#262 Warning
Same min and max delay values on IO port  
The same input delay of 0.000 ns has been defined on port 'ADC_DATA4[1][14][7]' relative to clock CLK_ADC for both max and min. Make sure this reflects the design intent.
set_input_delay -clock [get_clocks CLK_ADC] 0.000 [get_ports -quiet {DATA_STR ADC_DATA4* EVENT_READY}]
/home/work1/Works/AI-Trigger-System/HDL/constraints/ai_trigger_ooc.xdc (Line: 19)
Related violations: <none>

XDCH-2#263 Warning
Same min and max delay values on IO port  
The same input delay of 0.000 ns has been defined on port 'ADC_DATA4[1][14][8]' relative to clock CLK_ADC for both max and min. Make sure this reflects the design intent.
set_input_delay -clock [get_clocks CLK_ADC] 0.000 [get_ports -quiet {DATA_STR ADC_DATA4* EVENT_READY}]
/home/work1/Works/AI-Trigger-System/HDL/constraints/ai_trigger_ooc.xdc (Line: 19)
Related violations: <none>

XDCH-2#264 Warning
Same min and max delay values on IO port  
The same input delay of 0.000 ns has been defined on port 'ADC_DATA4[1][14][9]' relative to clock CLK_ADC for both max and min. Make sure this reflects the design intent.
set_input_delay -clock [get_clocks CLK_ADC] 0.000 [get_ports -quiet {DATA_STR ADC_DATA4* EVENT_READY}]
/home/work1/Works/AI-Trigger-System/HDL/constraints/ai_trigger_ooc.xdc (Line: 19)
Related violations: <none>

XDCH-2#265 Warning
Same min and max delay values on IO port  
The same input delay of 0.000 ns has been defined on port 'ADC_DATA4[1][15][0]' relative to clock CLK_ADC for both max and min. Make sure this reflects the design intent.
set_input_delay -clock [get_clocks CLK_ADC] 0.000 [get_ports -quiet {DATA_STR ADC_DATA4* EVENT_READY}]
/home/work1/Works/AI-Trigger-System/HDL/constraints/ai_trigger_ooc.xdc (Line: 19)
Related violations: <none>

XDCH-2#266 Warning
Same min and max delay values on IO port  
The same input delay of 0.000 ns has been defined on port 'ADC_DATA4[1][15][10]' relative to clock CLK_ADC for both max and min. Make sure this reflects the design intent.
set_input_delay -clock [get_clocks CLK_ADC] 0.000 [get_ports -quiet {DATA_STR ADC_DATA4* EVENT_READY}]
/home/work1/Works/AI-Trigger-System/HDL/constraints/ai_trigger_ooc.xdc (Line: 19)
Related violations: <none>

XDCH-2#267 Warning
Same min and max delay values on IO port  
The same input delay of 0.000 ns has been defined on port 'ADC_DATA4[1][15][11]' relative to clock CLK_ADC for both max and min. Make sure this reflects the design intent.
set_input_delay -clock [get_clocks CLK_ADC] 0.000 [get_ports -quiet {DATA_STR ADC_DATA4* EVENT_READY}]
/home/work1/Works/AI-Trigger-System/HDL/constraints/ai_trigger_ooc.xdc (Line: 19)
Related violations: <none>

XDCH-2#268 Warning
Same min and max delay values on IO port  
The same input delay of 0.000 ns has been defined on port 'ADC_DATA4[1][15][1]' relative to clock CLK_ADC for both max and min. Make sure this reflects the design intent.
set_input_delay -clock [get_clocks CLK_ADC] 0.000 [get_ports -quiet {DATA_STR ADC_DATA4* EVENT_READY}]
/home/work1/Works/AI-Trigger-System/HDL/constraints/ai_trigger_ooc.xdc (Line: 19)
Related violations: <none>

XDCH-2#269 Warning
Same min and max delay values on IO port  
The same input delay of 0.000 ns has been defined on port 'ADC_DATA4[1][15][2]' relative to clock CLK_ADC for both max and min. Make sure this reflects the design intent.
set_input_delay -clock [get_clocks CLK_ADC] 0.000 [get_ports -quiet {DATA_STR ADC_DATA4* EVENT_READY}]
/home/work1/Works/AI-Trigger-System/HDL/constraints/ai_trigger_ooc.xdc (Line: 19)
Related violations: <none>

XDCH-2#270 Warning
Same min and max delay values on IO port  
The same input delay of 0.000 ns has been defined on port 'ADC_DATA4[1][15][3]' relative to clock CLK_ADC for both max and min. Make sure this reflects the design intent.
set_input_delay -clock [get_clocks CLK_ADC] 0.000 [get_ports -quiet {DATA_STR ADC_DATA4* EVENT_READY}]
/home/work1/Works/AI-Trigger-System/HDL/constraints/ai_trigger_ooc.xdc (Line: 19)
Related violations: <none>

XDCH-2#271 Warning
Same min and max delay values on IO port  
The same input delay of 0.000 ns has been defined on port 'ADC_DATA4[1][15][4]' relative to clock CLK_ADC for both max and min. Make sure this reflects the design intent.
set_input_delay -clock [get_clocks CLK_ADC] 0.000 [get_ports -quiet {DATA_STR ADC_DATA4* EVENT_READY}]
/home/work1/Works/AI-Trigger-System/HDL/constraints/ai_trigger_ooc.xdc (Line: 19)
Related violations: <none>

XDCH-2#272 Warning
Same min and max delay values on IO port  
The same input delay of 0.000 ns has been defined on port 'ADC_DATA4[1][15][5]' relative to clock CLK_ADC for both max and min. Make sure this reflects the design intent.
set_input_delay -clock [get_clocks CLK_ADC] 0.000 [get_ports -quiet {DATA_STR ADC_DATA4* EVENT_READY}]
/home/work1/Works/AI-Trigger-System/HDL/constraints/ai_trigger_ooc.xdc (Line: 19)
Related violations: <none>

XDCH-2#273 Warning
Same min and max delay values on IO port  
The same input delay of 0.000 ns has been defined on port 'ADC_DATA4[1][15][6]' relative to clock CLK_ADC for both max and min. Make sure this reflects the design intent.
set_input_delay -clock [get_clocks CLK_ADC] 0.000 [get_ports -quiet {DATA_STR ADC_DATA4* EVENT_READY}]
/home/work1/Works/AI-Trigger-System/HDL/constraints/ai_trigger_ooc.xdc (Line: 19)
Related violations: <none>

XDCH-2#274 Warning
Same min and max delay values on IO port  
The same input delay of 0.000 ns has been defined on port 'ADC_DATA4[1][15][7]' relative to clock CLK_ADC for both max and min. Make sure this reflects the design intent.
set_input_delay -clock [get_clocks CLK_ADC] 0.000 [get_ports -quiet {DATA_STR ADC_DATA4* EVENT_READY}]
/home/work1/Works/AI-Trigger-System/HDL/constraints/ai_trigger_ooc.xdc (Line: 19)
Related violations: <none>

XDCH-2#275 Warning
Same min and max delay values on IO port  
The same input delay of 0.000 ns has been defined on port 'ADC_DATA4[1][15][8]' relative to clock CLK_ADC for both max and min. Make sure this reflects the design intent.
set_input_delay -clock [get_clocks CLK_ADC] 0.000 [get_ports -quiet {DATA_STR ADC_DATA4* EVENT_READY}]
/home/work1/Works/AI-Trigger-System/HDL/constraints/ai_trigger_ooc.xdc (Line: 19)
Related violations: <none>

XDCH-2#276 Warning
Same min and max delay values on IO port  
The same input delay of 0.000 ns has been defined on port 'ADC_DATA4[1][15][9]' relative to clock CLK_ADC for both max and min. Make sure this reflects the design intent.
set_input_delay -clock [get_clocks CLK_ADC] 0.000 [get_ports -quiet {DATA_STR ADC_DATA4* EVENT_READY}]
/home/work1/Works/AI-Trigger-System/HDL/constraints/ai_trigger_ooc.xdc (Line: 19)
Related violations: <none>

XDCH-2#277 Warning
Same min and max delay values on IO port  
The same input delay of 0.000 ns has been defined on port 'ADC_DATA4[1][1][0]' relative to clock CLK_ADC for both max and min. Make sure this reflects the design intent.
set_input_delay -clock [get_clocks CLK_ADC] 0.000 [get_ports -quiet {DATA_STR ADC_DATA4* EVENT_READY}]
/home/work1/Works/AI-Trigger-System/HDL/constraints/ai_trigger_ooc.xdc (Line: 19)
Related violations: <none>

XDCH-2#278 Warning
Same min and max delay values on IO port  
The same input delay of 0.000 ns has been defined on port 'ADC_DATA4[1][1][10]' relative to clock CLK_ADC for both max and min. Make sure this reflects the design intent.
set_input_delay -clock [get_clocks CLK_ADC] 0.000 [get_ports -quiet {DATA_STR ADC_DATA4* EVENT_READY}]
/home/work1/Works/AI-Trigger-System/HDL/constraints/ai_trigger_ooc.xdc (Line: 19)
Related violations: <none>

XDCH-2#279 Warning
Same min and max delay values on IO port  
The same input delay of 0.000 ns has been defined on port 'ADC_DATA4[1][1][11]' relative to clock CLK_ADC for both max and min. Make sure this reflects the design intent.
set_input_delay -clock [get_clocks CLK_ADC] 0.000 [get_ports -quiet {DATA_STR ADC_DATA4* EVENT_READY}]
/home/work1/Works/AI-Trigger-System/HDL/constraints/ai_trigger_ooc.xdc (Line: 19)
Related violations: <none>

XDCH-2#280 Warning
Same min and max delay values on IO port  
The same input delay of 0.000 ns has been defined on port 'ADC_DATA4[1][1][1]' relative to clock CLK_ADC for both max and min. Make sure this reflects the design intent.
set_input_delay -clock [get_clocks CLK_ADC] 0.000 [get_ports -quiet {DATA_STR ADC_DATA4* EVENT_READY}]
/home/work1/Works/AI-Trigger-System/HDL/constraints/ai_trigger_ooc.xdc (Line: 19)
Related violations: <none>

XDCH-2#281 Warning
Same min and max delay values on IO port  
The same input delay of 0.000 ns has been defined on port 'ADC_DATA4[1][1][2]' relative to clock CLK_ADC for both max and min. Make sure this reflects the design intent.
set_input_delay -clock [get_clocks CLK_ADC] 0.000 [get_ports -quiet {DATA_STR ADC_DATA4* EVENT_READY}]
/home/work1/Works/AI-Trigger-System/HDL/constraints/ai_trigger_ooc.xdc (Line: 19)
Related violations: <none>

XDCH-2#282 Warning
Same min and max delay values on IO port  
The same input delay of 0.000 ns has been defined on port 'ADC_DATA4[1][1][3]' relative to clock CLK_ADC for both max and min. Make sure this reflects the design intent.
set_input_delay -clock [get_clocks CLK_ADC] 0.000 [get_ports -quiet {DATA_STR ADC_DATA4* EVENT_READY}]
/home/work1/Works/AI-Trigger-System/HDL/constraints/ai_trigger_ooc.xdc (Line: 19)
Related violations: <none>

XDCH-2#283 Warning
Same min and max delay values on IO port  
The same input delay of 0.000 ns has been defined on port 'ADC_DATA4[1][1][4]' relative to clock CLK_ADC for both max and min. Make sure this reflects the design intent.
set_input_delay -clock [get_clocks CLK_ADC] 0.000 [get_ports -quiet {DATA_STR ADC_DATA4* EVENT_READY}]
/home/work1/Works/AI-Trigger-System/HDL/constraints/ai_trigger_ooc.xdc (Line: 19)
Related violations: <none>

XDCH-2#284 Warning
Same min and max delay values on IO port  
The same input delay of 0.000 ns has been defined on port 'ADC_DATA4[1][1][5]' relative to clock CLK_ADC for both max and min. Make sure this reflects the design intent.
set_input_delay -clock [get_clocks CLK_ADC] 0.000 [get_ports -quiet {DATA_STR ADC_DATA4* EVENT_READY}]
/home/work1/Works/AI-Trigger-System/HDL/constraints/ai_trigger_ooc.xdc (Line: 19)
Related violations: <none>

XDCH-2#285 Warning
Same min and max delay values on IO port  
The same input delay of 0.000 ns has been defined on port 'ADC_DATA4[1][1][6]' relative to clock CLK_ADC for both max and min. Make sure this reflects the design intent.
set_input_delay -clock [get_clocks CLK_ADC] 0.000 [get_ports -quiet {DATA_STR ADC_DATA4* EVENT_READY}]
/home/work1/Works/AI-Trigger-System/HDL/constraints/ai_trigger_ooc.xdc (Line: 19)
Related violations: <none>

XDCH-2#286 Warning
Same min and max delay values on IO port  
The same input delay of 0.000 ns has been defined on port 'ADC_DATA4[1][1][7]' relative to clock CLK_ADC for both max and min. Make sure this reflects the design intent.
set_input_delay -clock [get_clocks CLK_ADC] 0.000 [get_ports -quiet {DATA_STR ADC_DATA4* EVENT_READY}]
/home/work1/Works/AI-Trigger-System/HDL/constraints/ai_trigger_ooc.xdc (Line: 19)
Related violations: <none>

XDCH-2#287 Warning
Same min and max delay values on IO port  
The same input delay of 0.000 ns has been defined on port 'ADC_DATA4[1][1][8]' relative to clock CLK_ADC for both max and min. Make sure this reflects the design intent.
set_input_delay -clock [get_clocks CLK_ADC] 0.000 [get_ports -quiet {DATA_STR ADC_DATA4* EVENT_READY}]
/home/work1/Works/AI-Trigger-System/HDL/constraints/ai_trigger_ooc.xdc (Line: 19)
Related violations: <none>

XDCH-2#288 Warning
Same min and max delay values on IO port  
The same input delay of 0.000 ns has been defined on port 'ADC_DATA4[1][1][9]' relative to clock CLK_ADC for both max and min. Make sure this reflects the design intent.
set_input_delay -clock [get_clocks CLK_ADC] 0.000 [get_ports -quiet {DATA_STR ADC_DATA4* EVENT_READY}]
/home/work1/Works/AI-Trigger-System/HDL/constraints/ai_trigger_ooc.xdc (Line: 19)
Related violations: <none>

XDCH-2#289 Warning
Same min and max delay values on IO port  
The same input delay of 0.000 ns has been defined on port 'ADC_DATA4[1][2][0]' relative to clock CLK_ADC for both max and min. Make sure this reflects the design intent.
set_input_delay -clock [get_clocks CLK_ADC] 0.000 [get_ports -quiet {DATA_STR ADC_DATA4* EVENT_READY}]
/home/work1/Works/AI-Trigger-System/HDL/constraints/ai_trigger_ooc.xdc (Line: 19)
Related violations: <none>

XDCH-2#290 Warning
Same min and max delay values on IO port  
The same input delay of 0.000 ns has been defined on port 'ADC_DATA4[1][2][10]' relative to clock CLK_ADC for both max and min. Make sure this reflects the design intent.
set_input_delay -clock [get_clocks CLK_ADC] 0.000 [get_ports -quiet {DATA_STR ADC_DATA4* EVENT_READY}]
/home/work1/Works/AI-Trigger-System/HDL/constraints/ai_trigger_ooc.xdc (Line: 19)
Related violations: <none>

XDCH-2#291 Warning
Same min and max delay values on IO port  
The same input delay of 0.000 ns has been defined on port 'ADC_DATA4[1][2][11]' relative to clock CLK_ADC for both max and min. Make sure this reflects the design intent.
set_input_delay -clock [get_clocks CLK_ADC] 0.000 [get_ports -quiet {DATA_STR ADC_DATA4* EVENT_READY}]
/home/work1/Works/AI-Trigger-System/HDL/constraints/ai_trigger_ooc.xdc (Line: 19)
Related violations: <none>

XDCH-2#292 Warning
Same min and max delay values on IO port  
The same input delay of 0.000 ns has been defined on port 'ADC_DATA4[1][2][1]' relative to clock CLK_ADC for both max and min. Make sure this reflects the design intent.
set_input_delay -clock [get_clocks CLK_ADC] 0.000 [get_ports -quiet {DATA_STR ADC_DATA4* EVENT_READY}]
/home/work1/Works/AI-Trigger-System/HDL/constraints/ai_trigger_ooc.xdc (Line: 19)
Related violations: <none>

XDCH-2#293 Warning
Same min and max delay values on IO port  
The same input delay of 0.000 ns has been defined on port 'ADC_DATA4[1][2][2]' relative to clock CLK_ADC for both max and min. Make sure this reflects the design intent.
set_input_delay -clock [get_clocks CLK_ADC] 0.000 [get_ports -quiet {DATA_STR ADC_DATA4* EVENT_READY}]
/home/work1/Works/AI-Trigger-System/HDL/constraints/ai_trigger_ooc.xdc (Line: 19)
Related violations: <none>

XDCH-2#294 Warning
Same min and max delay values on IO port  
The same input delay of 0.000 ns has been defined on port 'ADC_DATA4[1][2][3]' relative to clock CLK_ADC for both max and min. Make sure this reflects the design intent.
set_input_delay -clock [get_clocks CLK_ADC] 0.000 [get_ports -quiet {DATA_STR ADC_DATA4* EVENT_READY}]
/home/work1/Works/AI-Trigger-System/HDL/constraints/ai_trigger_ooc.xdc (Line: 19)
Related violations: <none>

XDCH-2#295 Warning
Same min and max delay values on IO port  
The same input delay of 0.000 ns has been defined on port 'ADC_DATA4[1][2][4]' relative to clock CLK_ADC for both max and min. Make sure this reflects the design intent.
set_input_delay -clock [get_clocks CLK_ADC] 0.000 [get_ports -quiet {DATA_STR ADC_DATA4* EVENT_READY}]
/home/work1/Works/AI-Trigger-System/HDL/constraints/ai_trigger_ooc.xdc (Line: 19)
Related violations: <none>

XDCH-2#296 Warning
Same min and max delay values on IO port  
The same input delay of 0.000 ns has been defined on port 'ADC_DATA4[1][2][5]' relative to clock CLK_ADC for both max and min. Make sure this reflects the design intent.
set_input_delay -clock [get_clocks CLK_ADC] 0.000 [get_ports -quiet {DATA_STR ADC_DATA4* EVENT_READY}]
/home/work1/Works/AI-Trigger-System/HDL/constraints/ai_trigger_ooc.xdc (Line: 19)
Related violations: <none>

XDCH-2#297 Warning
Same min and max delay values on IO port  
The same input delay of 0.000 ns has been defined on port 'ADC_DATA4[1][2][6]' relative to clock CLK_ADC for both max and min. Make sure this reflects the design intent.
set_input_delay -clock [get_clocks CLK_ADC] 0.000 [get_ports -quiet {DATA_STR ADC_DATA4* EVENT_READY}]
/home/work1/Works/AI-Trigger-System/HDL/constraints/ai_trigger_ooc.xdc (Line: 19)
Related violations: <none>

XDCH-2#298 Warning
Same min and max delay values on IO port  
The same input delay of 0.000 ns has been defined on port 'ADC_DATA4[1][2][7]' relative to clock CLK_ADC for both max and min. Make sure this reflects the design intent.
set_input_delay -clock [get_clocks CLK_ADC] 0.000 [get_ports -quiet {DATA_STR ADC_DATA4* EVENT_READY}]
/home/work1/Works/AI-Trigger-System/HDL/constraints/ai_trigger_ooc.xdc (Line: 19)
Related violations: <none>

XDCH-2#299 Warning
Same min and max delay values on IO port  
The same input delay of 0.000 ns has been defined on port 'ADC_DATA4[1][2][8]' relative to clock CLK_ADC for both max and min. Make sure this reflects the design intent.
set_input_delay -clock [get_clocks CLK_ADC] 0.000 [get_ports -quiet {DATA_STR ADC_DATA4* EVENT_READY}]
/home/work1/Works/AI-Trigger-System/HDL/constraints/ai_trigger_ooc.xdc (Line: 19)
Related violations: <none>

XDCH-2#300 Warning
Same min and max delay values on IO port  
The same input delay of 0.000 ns has been defined on port 'ADC_DATA4[1][2][9]' relative to clock CLK_ADC for both max and min. Make sure this reflects the design intent.
set_input_delay -clock [get_clocks CLK_ADC] 0.000 [get_ports -quiet {DATA_STR ADC_DATA4* EVENT_READY}]
/home/work1/Works/AI-Trigger-System/HDL/constraints/ai_trigger_ooc.xdc (Line: 19)
Related violations: <none>

XDCH-2#301 Warning
Same min and max delay values on IO port  
The same input delay of 0.000 ns has been defined on port 'ADC_DATA4[1][3][0]' relative to clock CLK_ADC for both max and min. Make sure this reflects the design intent.
set_input_delay -clock [get_clocks CLK_ADC] 0.000 [get_ports -quiet {DATA_STR ADC_DATA4* EVENT_READY}]
/home/work1/Works/AI-Trigger-System/HDL/constraints/ai_trigger_ooc.xdc (Line: 19)
Related violations: <none>

XDCH-2#302 Warning
Same min and max delay values on IO port  
The same input delay of 0.000 ns has been defined on port 'ADC_DATA4[1][3][10]' relative to clock CLK_ADC for both max and min. Make sure this reflects the design intent.
set_input_delay -clock [get_clocks CLK_ADC] 0.000 [get_ports -quiet {DATA_STR ADC_DATA4* EVENT_READY}]
/home/work1/Works/AI-Trigger-System/HDL/constraints/ai_trigger_ooc.xdc (Line: 19)
Related violations: <none>

XDCH-2#303 Warning
Same min and max delay values on IO port  
The same input delay of 0.000 ns has been defined on port 'ADC_DATA4[1][3][11]' relative to clock CLK_ADC for both max and min. Make sure this reflects the design intent.
set_input_delay -clock [get_clocks CLK_ADC] 0.000 [get_ports -quiet {DATA_STR ADC_DATA4* EVENT_READY}]
/home/work1/Works/AI-Trigger-System/HDL/constraints/ai_trigger_ooc.xdc (Line: 19)
Related violations: <none>

XDCH-2#304 Warning
Same min and max delay values on IO port  
The same input delay of 0.000 ns has been defined on port 'ADC_DATA4[1][3][1]' relative to clock CLK_ADC for both max and min. Make sure this reflects the design intent.
set_input_delay -clock [get_clocks CLK_ADC] 0.000 [get_ports -quiet {DATA_STR ADC_DATA4* EVENT_READY}]
/home/work1/Works/AI-Trigger-System/HDL/constraints/ai_trigger_ooc.xdc (Line: 19)
Related violations: <none>

XDCH-2#305 Warning
Same min and max delay values on IO port  
The same input delay of 0.000 ns has been defined on port 'ADC_DATA4[1][3][2]' relative to clock CLK_ADC for both max and min. Make sure this reflects the design intent.
set_input_delay -clock [get_clocks CLK_ADC] 0.000 [get_ports -quiet {DATA_STR ADC_DATA4* EVENT_READY}]
/home/work1/Works/AI-Trigger-System/HDL/constraints/ai_trigger_ooc.xdc (Line: 19)
Related violations: <none>

XDCH-2#306 Warning
Same min and max delay values on IO port  
The same input delay of 0.000 ns has been defined on port 'ADC_DATA4[1][3][3]' relative to clock CLK_ADC for both max and min. Make sure this reflects the design intent.
set_input_delay -clock [get_clocks CLK_ADC] 0.000 [get_ports -quiet {DATA_STR ADC_DATA4* EVENT_READY}]
/home/work1/Works/AI-Trigger-System/HDL/constraints/ai_trigger_ooc.xdc (Line: 19)
Related violations: <none>

XDCH-2#307 Warning
Same min and max delay values on IO port  
The same input delay of 0.000 ns has been defined on port 'ADC_DATA4[1][3][4]' relative to clock CLK_ADC for both max and min. Make sure this reflects the design intent.
set_input_delay -clock [get_clocks CLK_ADC] 0.000 [get_ports -quiet {DATA_STR ADC_DATA4* EVENT_READY}]
/home/work1/Works/AI-Trigger-System/HDL/constraints/ai_trigger_ooc.xdc (Line: 19)
Related violations: <none>

XDCH-2#308 Warning
Same min and max delay values on IO port  
The same input delay of 0.000 ns has been defined on port 'ADC_DATA4[1][3][5]' relative to clock CLK_ADC for both max and min. Make sure this reflects the design intent.
set_input_delay -clock [get_clocks CLK_ADC] 0.000 [get_ports -quiet {DATA_STR ADC_DATA4* EVENT_READY}]
/home/work1/Works/AI-Trigger-System/HDL/constraints/ai_trigger_ooc.xdc (Line: 19)
Related violations: <none>

XDCH-2#309 Warning
Same min and max delay values on IO port  
The same input delay of 0.000 ns has been defined on port 'ADC_DATA4[1][3][6]' relative to clock CLK_ADC for both max and min. Make sure this reflects the design intent.
set_input_delay -clock [get_clocks CLK_ADC] 0.000 [get_ports -quiet {DATA_STR ADC_DATA4* EVENT_READY}]
/home/work1/Works/AI-Trigger-System/HDL/constraints/ai_trigger_ooc.xdc (Line: 19)
Related violations: <none>

XDCH-2#310 Warning
Same min and max delay values on IO port  
The same input delay of 0.000 ns has been defined on port 'ADC_DATA4[1][3][7]' relative to clock CLK_ADC for both max and min. Make sure this reflects the design intent.
set_input_delay -clock [get_clocks CLK_ADC] 0.000 [get_ports -quiet {DATA_STR ADC_DATA4* EVENT_READY}]
/home/work1/Works/AI-Trigger-System/HDL/constraints/ai_trigger_ooc.xdc (Line: 19)
Related violations: <none>

XDCH-2#311 Warning
Same min and max delay values on IO port  
The same input delay of 0.000 ns has been defined on port 'ADC_DATA4[1][3][8]' relative to clock CLK_ADC for both max and min. Make sure this reflects the design intent.
set_input_delay -clock [get_clocks CLK_ADC] 0.000 [get_ports -quiet {DATA_STR ADC_DATA4* EVENT_READY}]
/home/work1/Works/AI-Trigger-System/HDL/constraints/ai_trigger_ooc.xdc (Line: 19)
Related violations: <none>

XDCH-2#312 Warning
Same min and max delay values on IO port  
The same input delay of 0.000 ns has been defined on port 'ADC_DATA4[1][3][9]' relative to clock CLK_ADC for both max and min. Make sure this reflects the design intent.
set_input_delay -clock [get_clocks CLK_ADC] 0.000 [get_ports -quiet {DATA_STR ADC_DATA4* EVENT_READY}]
/home/work1/Works/AI-Trigger-System/HDL/constraints/ai_trigger_ooc.xdc (Line: 19)
Related violations: <none>

XDCH-2#313 Warning
Same min and max delay values on IO port  
The same input delay of 0.000 ns has been defined on port 'ADC_DATA4[1][4][0]' relative to clock CLK_ADC for both max and min. Make sure this reflects the design intent.
set_input_delay -clock [get_clocks CLK_ADC] 0.000 [get_ports -quiet {DATA_STR ADC_DATA4* EVENT_READY}]
/home/work1/Works/AI-Trigger-System/HDL/constraints/ai_trigger_ooc.xdc (Line: 19)
Related violations: <none>

XDCH-2#314 Warning
Same min and max delay values on IO port  
The same input delay of 0.000 ns has been defined on port 'ADC_DATA4[1][4][10]' relative to clock CLK_ADC for both max and min. Make sure this reflects the design intent.
set_input_delay -clock [get_clocks CLK_ADC] 0.000 [get_ports -quiet {DATA_STR ADC_DATA4* EVENT_READY}]
/home/work1/Works/AI-Trigger-System/HDL/constraints/ai_trigger_ooc.xdc (Line: 19)
Related violations: <none>

XDCH-2#315 Warning
Same min and max delay values on IO port  
The same input delay of 0.000 ns has been defined on port 'ADC_DATA4[1][4][11]' relative to clock CLK_ADC for both max and min. Make sure this reflects the design intent.
set_input_delay -clock [get_clocks CLK_ADC] 0.000 [get_ports -quiet {DATA_STR ADC_DATA4* EVENT_READY}]
/home/work1/Works/AI-Trigger-System/HDL/constraints/ai_trigger_ooc.xdc (Line: 19)
Related violations: <none>

XDCH-2#316 Warning
Same min and max delay values on IO port  
The same input delay of 0.000 ns has been defined on port 'ADC_DATA4[1][4][1]' relative to clock CLK_ADC for both max and min. Make sure this reflects the design intent.
set_input_delay -clock [get_clocks CLK_ADC] 0.000 [get_ports -quiet {DATA_STR ADC_DATA4* EVENT_READY}]
/home/work1/Works/AI-Trigger-System/HDL/constraints/ai_trigger_ooc.xdc (Line: 19)
Related violations: <none>

XDCH-2#317 Warning
Same min and max delay values on IO port  
The same input delay of 0.000 ns has been defined on port 'ADC_DATA4[1][4][2]' relative to clock CLK_ADC for both max and min. Make sure this reflects the design intent.
set_input_delay -clock [get_clocks CLK_ADC] 0.000 [get_ports -quiet {DATA_STR ADC_DATA4* EVENT_READY}]
/home/work1/Works/AI-Trigger-System/HDL/constraints/ai_trigger_ooc.xdc (Line: 19)
Related violations: <none>

XDCH-2#318 Warning
Same min and max delay values on IO port  
The same input delay of 0.000 ns has been defined on port 'ADC_DATA4[1][4][3]' relative to clock CLK_ADC for both max and min. Make sure this reflects the design intent.
set_input_delay -clock [get_clocks CLK_ADC] 0.000 [get_ports -quiet {DATA_STR ADC_DATA4* EVENT_READY}]
/home/work1/Works/AI-Trigger-System/HDL/constraints/ai_trigger_ooc.xdc (Line: 19)
Related violations: <none>

XDCH-2#319 Warning
Same min and max delay values on IO port  
The same input delay of 0.000 ns has been defined on port 'ADC_DATA4[1][4][4]' relative to clock CLK_ADC for both max and min. Make sure this reflects the design intent.
set_input_delay -clock [get_clocks CLK_ADC] 0.000 [get_ports -quiet {DATA_STR ADC_DATA4* EVENT_READY}]
/home/work1/Works/AI-Trigger-System/HDL/constraints/ai_trigger_ooc.xdc (Line: 19)
Related violations: <none>

XDCH-2#320 Warning
Same min and max delay values on IO port  
The same input delay of 0.000 ns has been defined on port 'ADC_DATA4[1][4][5]' relative to clock CLK_ADC for both max and min. Make sure this reflects the design intent.
set_input_delay -clock [get_clocks CLK_ADC] 0.000 [get_ports -quiet {DATA_STR ADC_DATA4* EVENT_READY}]
/home/work1/Works/AI-Trigger-System/HDL/constraints/ai_trigger_ooc.xdc (Line: 19)
Related violations: <none>

XDCH-2#321 Warning
Same min and max delay values on IO port  
The same input delay of 0.000 ns has been defined on port 'ADC_DATA4[1][4][6]' relative to clock CLK_ADC for both max and min. Make sure this reflects the design intent.
set_input_delay -clock [get_clocks CLK_ADC] 0.000 [get_ports -quiet {DATA_STR ADC_DATA4* EVENT_READY}]
/home/work1/Works/AI-Trigger-System/HDL/constraints/ai_trigger_ooc.xdc (Line: 19)
Related violations: <none>

XDCH-2#322 Warning
Same min and max delay values on IO port  
The same input delay of 0.000 ns has been defined on port 'ADC_DATA4[1][4][7]' relative to clock CLK_ADC for both max and min. Make sure this reflects the design intent.
set_input_delay -clock [get_clocks CLK_ADC] 0.000 [get_ports -quiet {DATA_STR ADC_DATA4* EVENT_READY}]
/home/work1/Works/AI-Trigger-System/HDL/constraints/ai_trigger_ooc.xdc (Line: 19)
Related violations: <none>

XDCH-2#323 Warning
Same min and max delay values on IO port  
The same input delay of 0.000 ns has been defined on port 'ADC_DATA4[1][4][8]' relative to clock CLK_ADC for both max and min. Make sure this reflects the design intent.
set_input_delay -clock [get_clocks CLK_ADC] 0.000 [get_ports -quiet {DATA_STR ADC_DATA4* EVENT_READY}]
/home/work1/Works/AI-Trigger-System/HDL/constraints/ai_trigger_ooc.xdc (Line: 19)
Related violations: <none>

XDCH-2#324 Warning
Same min and max delay values on IO port  
The same input delay of 0.000 ns has been defined on port 'ADC_DATA4[1][4][9]' relative to clock CLK_ADC for both max and min. Make sure this reflects the design intent.
set_input_delay -clock [get_clocks CLK_ADC] 0.000 [get_ports -quiet {DATA_STR ADC_DATA4* EVENT_READY}]
/home/work1/Works/AI-Trigger-System/HDL/constraints/ai_trigger_ooc.xdc (Line: 19)
Related violations: <none>

XDCH-2#325 Warning
Same min and max delay values on IO port  
The same input delay of 0.000 ns has been defined on port 'ADC_DATA4[1][5][0]' relative to clock CLK_ADC for both max and min. Make sure this reflects the design intent.
set_input_delay -clock [get_clocks CLK_ADC] 0.000 [get_ports -quiet {DATA_STR ADC_DATA4* EVENT_READY}]
/home/work1/Works/AI-Trigger-System/HDL/constraints/ai_trigger_ooc.xdc (Line: 19)
Related violations: <none>

XDCH-2#326 Warning
Same min and max delay values on IO port  
The same input delay of 0.000 ns has been defined on port 'ADC_DATA4[1][5][10]' relative to clock CLK_ADC for both max and min. Make sure this reflects the design intent.
set_input_delay -clock [get_clocks CLK_ADC] 0.000 [get_ports -quiet {DATA_STR ADC_DATA4* EVENT_READY}]
/home/work1/Works/AI-Trigger-System/HDL/constraints/ai_trigger_ooc.xdc (Line: 19)
Related violations: <none>

XDCH-2#327 Warning
Same min and max delay values on IO port  
The same input delay of 0.000 ns has been defined on port 'ADC_DATA4[1][5][11]' relative to clock CLK_ADC for both max and min. Make sure this reflects the design intent.
set_input_delay -clock [get_clocks CLK_ADC] 0.000 [get_ports -quiet {DATA_STR ADC_DATA4* EVENT_READY}]
/home/work1/Works/AI-Trigger-System/HDL/constraints/ai_trigger_ooc.xdc (Line: 19)
Related violations: <none>

XDCH-2#328 Warning
Same min and max delay values on IO port  
The same input delay of 0.000 ns has been defined on port 'ADC_DATA4[1][5][1]' relative to clock CLK_ADC for both max and min. Make sure this reflects the design intent.
set_input_delay -clock [get_clocks CLK_ADC] 0.000 [get_ports -quiet {DATA_STR ADC_DATA4* EVENT_READY}]
/home/work1/Works/AI-Trigger-System/HDL/constraints/ai_trigger_ooc.xdc (Line: 19)
Related violations: <none>

XDCH-2#329 Warning
Same min and max delay values on IO port  
The same input delay of 0.000 ns has been defined on port 'ADC_DATA4[1][5][2]' relative to clock CLK_ADC for both max and min. Make sure this reflects the design intent.
set_input_delay -clock [get_clocks CLK_ADC] 0.000 [get_ports -quiet {DATA_STR ADC_DATA4* EVENT_READY}]
/home/work1/Works/AI-Trigger-System/HDL/constraints/ai_trigger_ooc.xdc (Line: 19)
Related violations: <none>

XDCH-2#330 Warning
Same min and max delay values on IO port  
The same input delay of 0.000 ns has been defined on port 'ADC_DATA4[1][5][3]' relative to clock CLK_ADC for both max and min. Make sure this reflects the design intent.
set_input_delay -clock [get_clocks CLK_ADC] 0.000 [get_ports -quiet {DATA_STR ADC_DATA4* EVENT_READY}]
/home/work1/Works/AI-Trigger-System/HDL/constraints/ai_trigger_ooc.xdc (Line: 19)
Related violations: <none>

XDCH-2#331 Warning
Same min and max delay values on IO port  
The same input delay of 0.000 ns has been defined on port 'ADC_DATA4[1][5][4]' relative to clock CLK_ADC for both max and min. Make sure this reflects the design intent.
set_input_delay -clock [get_clocks CLK_ADC] 0.000 [get_ports -quiet {DATA_STR ADC_DATA4* EVENT_READY}]
/home/work1/Works/AI-Trigger-System/HDL/constraints/ai_trigger_ooc.xdc (Line: 19)
Related violations: <none>

XDCH-2#332 Warning
Same min and max delay values on IO port  
The same input delay of 0.000 ns has been defined on port 'ADC_DATA4[1][5][5]' relative to clock CLK_ADC for both max and min. Make sure this reflects the design intent.
set_input_delay -clock [get_clocks CLK_ADC] 0.000 [get_ports -quiet {DATA_STR ADC_DATA4* EVENT_READY}]
/home/work1/Works/AI-Trigger-System/HDL/constraints/ai_trigger_ooc.xdc (Line: 19)
Related violations: <none>

XDCH-2#333 Warning
Same min and max delay values on IO port  
The same input delay of 0.000 ns has been defined on port 'ADC_DATA4[1][5][6]' relative to clock CLK_ADC for both max and min. Make sure this reflects the design intent.
set_input_delay -clock [get_clocks CLK_ADC] 0.000 [get_ports -quiet {DATA_STR ADC_DATA4* EVENT_READY}]
/home/work1/Works/AI-Trigger-System/HDL/constraints/ai_trigger_ooc.xdc (Line: 19)
Related violations: <none>

XDCH-2#334 Warning
Same min and max delay values on IO port  
The same input delay of 0.000 ns has been defined on port 'ADC_DATA4[1][5][7]' relative to clock CLK_ADC for both max and min. Make sure this reflects the design intent.
set_input_delay -clock [get_clocks CLK_ADC] 0.000 [get_ports -quiet {DATA_STR ADC_DATA4* EVENT_READY}]
/home/work1/Works/AI-Trigger-System/HDL/constraints/ai_trigger_ooc.xdc (Line: 19)
Related violations: <none>

XDCH-2#335 Warning
Same min and max delay values on IO port  
The same input delay of 0.000 ns has been defined on port 'ADC_DATA4[1][5][8]' relative to clock CLK_ADC for both max and min. Make sure this reflects the design intent.
set_input_delay -clock [get_clocks CLK_ADC] 0.000 [get_ports -quiet {DATA_STR ADC_DATA4* EVENT_READY}]
/home/work1/Works/AI-Trigger-System/HDL/constraints/ai_trigger_ooc.xdc (Line: 19)
Related violations: <none>

XDCH-2#336 Warning
Same min and max delay values on IO port  
The same input delay of 0.000 ns has been defined on port 'ADC_DATA4[1][5][9]' relative to clock CLK_ADC for both max and min. Make sure this reflects the design intent.
set_input_delay -clock [get_clocks CLK_ADC] 0.000 [get_ports -quiet {DATA_STR ADC_DATA4* EVENT_READY}]
/home/work1/Works/AI-Trigger-System/HDL/constraints/ai_trigger_ooc.xdc (Line: 19)
Related violations: <none>

XDCH-2#337 Warning
Same min and max delay values on IO port  
The same input delay of 0.000 ns has been defined on port 'ADC_DATA4[1][6][0]' relative to clock CLK_ADC for both max and min. Make sure this reflects the design intent.
set_input_delay -clock [get_clocks CLK_ADC] 0.000 [get_ports -quiet {DATA_STR ADC_DATA4* EVENT_READY}]
/home/work1/Works/AI-Trigger-System/HDL/constraints/ai_trigger_ooc.xdc (Line: 19)
Related violations: <none>

XDCH-2#338 Warning
Same min and max delay values on IO port  
The same input delay of 0.000 ns has been defined on port 'ADC_DATA4[1][6][10]' relative to clock CLK_ADC for both max and min. Make sure this reflects the design intent.
set_input_delay -clock [get_clocks CLK_ADC] 0.000 [get_ports -quiet {DATA_STR ADC_DATA4* EVENT_READY}]
/home/work1/Works/AI-Trigger-System/HDL/constraints/ai_trigger_ooc.xdc (Line: 19)
Related violations: <none>

XDCH-2#339 Warning
Same min and max delay values on IO port  
The same input delay of 0.000 ns has been defined on port 'ADC_DATA4[1][6][11]' relative to clock CLK_ADC for both max and min. Make sure this reflects the design intent.
set_input_delay -clock [get_clocks CLK_ADC] 0.000 [get_ports -quiet {DATA_STR ADC_DATA4* EVENT_READY}]
/home/work1/Works/AI-Trigger-System/HDL/constraints/ai_trigger_ooc.xdc (Line: 19)
Related violations: <none>

XDCH-2#340 Warning
Same min and max delay values on IO port  
The same input delay of 0.000 ns has been defined on port 'ADC_DATA4[1][6][1]' relative to clock CLK_ADC for both max and min. Make sure this reflects the design intent.
set_input_delay -clock [get_clocks CLK_ADC] 0.000 [get_ports -quiet {DATA_STR ADC_DATA4* EVENT_READY}]
/home/work1/Works/AI-Trigger-System/HDL/constraints/ai_trigger_ooc.xdc (Line: 19)
Related violations: <none>

XDCH-2#341 Warning
Same min and max delay values on IO port  
The same input delay of 0.000 ns has been defined on port 'ADC_DATA4[1][6][2]' relative to clock CLK_ADC for both max and min. Make sure this reflects the design intent.
set_input_delay -clock [get_clocks CLK_ADC] 0.000 [get_ports -quiet {DATA_STR ADC_DATA4* EVENT_READY}]
/home/work1/Works/AI-Trigger-System/HDL/constraints/ai_trigger_ooc.xdc (Line: 19)
Related violations: <none>

XDCH-2#342 Warning
Same min and max delay values on IO port  
The same input delay of 0.000 ns has been defined on port 'ADC_DATA4[1][6][3]' relative to clock CLK_ADC for both max and min. Make sure this reflects the design intent.
set_input_delay -clock [get_clocks CLK_ADC] 0.000 [get_ports -quiet {DATA_STR ADC_DATA4* EVENT_READY}]
/home/work1/Works/AI-Trigger-System/HDL/constraints/ai_trigger_ooc.xdc (Line: 19)
Related violations: <none>

XDCH-2#343 Warning
Same min and max delay values on IO port  
The same input delay of 0.000 ns has been defined on port 'ADC_DATA4[1][6][4]' relative to clock CLK_ADC for both max and min. Make sure this reflects the design intent.
set_input_delay -clock [get_clocks CLK_ADC] 0.000 [get_ports -quiet {DATA_STR ADC_DATA4* EVENT_READY}]
/home/work1/Works/AI-Trigger-System/HDL/constraints/ai_trigger_ooc.xdc (Line: 19)
Related violations: <none>

XDCH-2#344 Warning
Same min and max delay values on IO port  
The same input delay of 0.000 ns has been defined on port 'ADC_DATA4[1][6][5]' relative to clock CLK_ADC for both max and min. Make sure this reflects the design intent.
set_input_delay -clock [get_clocks CLK_ADC] 0.000 [get_ports -quiet {DATA_STR ADC_DATA4* EVENT_READY}]
/home/work1/Works/AI-Trigger-System/HDL/constraints/ai_trigger_ooc.xdc (Line: 19)
Related violations: <none>

XDCH-2#345 Warning
Same min and max delay values on IO port  
The same input delay of 0.000 ns has been defined on port 'ADC_DATA4[1][6][6]' relative to clock CLK_ADC for both max and min. Make sure this reflects the design intent.
set_input_delay -clock [get_clocks CLK_ADC] 0.000 [get_ports -quiet {DATA_STR ADC_DATA4* EVENT_READY}]
/home/work1/Works/AI-Trigger-System/HDL/constraints/ai_trigger_ooc.xdc (Line: 19)
Related violations: <none>

XDCH-2#346 Warning
Same min and max delay values on IO port  
The same input delay of 0.000 ns has been defined on port 'ADC_DATA4[1][6][7]' relative to clock CLK_ADC for both max and min. Make sure this reflects the design intent.
set_input_delay -clock [get_clocks CLK_ADC] 0.000 [get_ports -quiet {DATA_STR ADC_DATA4* EVENT_READY}]
/home/work1/Works/AI-Trigger-System/HDL/constraints/ai_trigger_ooc.xdc (Line: 19)
Related violations: <none>

XDCH-2#347 Warning
Same min and max delay values on IO port  
The same input delay of 0.000 ns has been defined on port 'ADC_DATA4[1][6][8]' relative to clock CLK_ADC for both max and min. Make sure this reflects the design intent.
set_input_delay -clock [get_clocks CLK_ADC] 0.000 [get_ports -quiet {DATA_STR ADC_DATA4* EVENT_READY}]
/home/work1/Works/AI-Trigger-System/HDL/constraints/ai_trigger_ooc.xdc (Line: 19)
Related violations: <none>

XDCH-2#348 Warning
Same min and max delay values on IO port  
The same input delay of 0.000 ns has been defined on port 'ADC_DATA4[1][6][9]' relative to clock CLK_ADC for both max and min. Make sure this reflects the design intent.
set_input_delay -clock [get_clocks CLK_ADC] 0.000 [get_ports -quiet {DATA_STR ADC_DATA4* EVENT_READY}]
/home/work1/Works/AI-Trigger-System/HDL/constraints/ai_trigger_ooc.xdc (Line: 19)
Related violations: <none>

XDCH-2#349 Warning
Same min and max delay values on IO port  
The same input delay of 0.000 ns has been defined on port 'ADC_DATA4[1][7][0]' relative to clock CLK_ADC for both max and min. Make sure this reflects the design intent.
set_input_delay -clock [get_clocks CLK_ADC] 0.000 [get_ports -quiet {DATA_STR ADC_DATA4* EVENT_READY}]
/home/work1/Works/AI-Trigger-System/HDL/constraints/ai_trigger_ooc.xdc (Line: 19)
Related violations: <none>

XDCH-2#350 Warning
Same min and max delay values on IO port  
The same input delay of 0.000 ns has been defined on port 'ADC_DATA4[1][7][10]' relative to clock CLK_ADC for both max and min. Make sure this reflects the design intent.
set_input_delay -clock [get_clocks CLK_ADC] 0.000 [get_ports -quiet {DATA_STR ADC_DATA4* EVENT_READY}]
/home/work1/Works/AI-Trigger-System/HDL/constraints/ai_trigger_ooc.xdc (Line: 19)
Related violations: <none>

XDCH-2#351 Warning
Same min and max delay values on IO port  
The same input delay of 0.000 ns has been defined on port 'ADC_DATA4[1][7][11]' relative to clock CLK_ADC for both max and min. Make sure this reflects the design intent.
set_input_delay -clock [get_clocks CLK_ADC] 0.000 [get_ports -quiet {DATA_STR ADC_DATA4* EVENT_READY}]
/home/work1/Works/AI-Trigger-System/HDL/constraints/ai_trigger_ooc.xdc (Line: 19)
Related violations: <none>

XDCH-2#352 Warning
Same min and max delay values on IO port  
The same input delay of 0.000 ns has been defined on port 'ADC_DATA4[1][7][1]' relative to clock CLK_ADC for both max and min. Make sure this reflects the design intent.
set_input_delay -clock [get_clocks CLK_ADC] 0.000 [get_ports -quiet {DATA_STR ADC_DATA4* EVENT_READY}]
/home/work1/Works/AI-Trigger-System/HDL/constraints/ai_trigger_ooc.xdc (Line: 19)
Related violations: <none>

XDCH-2#353 Warning
Same min and max delay values on IO port  
The same input delay of 0.000 ns has been defined on port 'ADC_DATA4[1][7][2]' relative to clock CLK_ADC for both max and min. Make sure this reflects the design intent.
set_input_delay -clock [get_clocks CLK_ADC] 0.000 [get_ports -quiet {DATA_STR ADC_DATA4* EVENT_READY}]
/home/work1/Works/AI-Trigger-System/HDL/constraints/ai_trigger_ooc.xdc (Line: 19)
Related violations: <none>

XDCH-2#354 Warning
Same min and max delay values on IO port  
The same input delay of 0.000 ns has been defined on port 'ADC_DATA4[1][7][3]' relative to clock CLK_ADC for both max and min. Make sure this reflects the design intent.
set_input_delay -clock [get_clocks CLK_ADC] 0.000 [get_ports -quiet {DATA_STR ADC_DATA4* EVENT_READY}]
/home/work1/Works/AI-Trigger-System/HDL/constraints/ai_trigger_ooc.xdc (Line: 19)
Related violations: <none>

XDCH-2#355 Warning
Same min and max delay values on IO port  
The same input delay of 0.000 ns has been defined on port 'ADC_DATA4[1][7][4]' relative to clock CLK_ADC for both max and min. Make sure this reflects the design intent.
set_input_delay -clock [get_clocks CLK_ADC] 0.000 [get_ports -quiet {DATA_STR ADC_DATA4* EVENT_READY}]
/home/work1/Works/AI-Trigger-System/HDL/constraints/ai_trigger_ooc.xdc (Line: 19)
Related violations: <none>

XDCH-2#356 Warning
Same min and max delay values on IO port  
The same input delay of 0.000 ns has been defined on port 'ADC_DATA4[1][7][5]' relative to clock CLK_ADC for both max and min. Make sure this reflects the design intent.
set_input_delay -clock [get_clocks CLK_ADC] 0.000 [get_ports -quiet {DATA_STR ADC_DATA4* EVENT_READY}]
/home/work1/Works/AI-Trigger-System/HDL/constraints/ai_trigger_ooc.xdc (Line: 19)
Related violations: <none>

XDCH-2#357 Warning
Same min and max delay values on IO port  
The same input delay of 0.000 ns has been defined on port 'ADC_DATA4[1][7][6]' relative to clock CLK_ADC for both max and min. Make sure this reflects the design intent.
set_input_delay -clock [get_clocks CLK_ADC] 0.000 [get_ports -quiet {DATA_STR ADC_DATA4* EVENT_READY}]
/home/work1/Works/AI-Trigger-System/HDL/constraints/ai_trigger_ooc.xdc (Line: 19)
Related violations: <none>

XDCH-2#358 Warning
Same min and max delay values on IO port  
The same input delay of 0.000 ns has been defined on port 'ADC_DATA4[1][7][7]' relative to clock CLK_ADC for both max and min. Make sure this reflects the design intent.
set_input_delay -clock [get_clocks CLK_ADC] 0.000 [get_ports -quiet {DATA_STR ADC_DATA4* EVENT_READY}]
/home/work1/Works/AI-Trigger-System/HDL/constraints/ai_trigger_ooc.xdc (Line: 19)
Related violations: <none>

XDCH-2#359 Warning
Same min and max delay values on IO port  
The same input delay of 0.000 ns has been defined on port 'ADC_DATA4[1][7][8]' relative to clock CLK_ADC for both max and min. Make sure this reflects the design intent.
set_input_delay -clock [get_clocks CLK_ADC] 0.000 [get_ports -quiet {DATA_STR ADC_DATA4* EVENT_READY}]
/home/work1/Works/AI-Trigger-System/HDL/constraints/ai_trigger_ooc.xdc (Line: 19)
Related violations: <none>

XDCH-2#360 Warning
Same min and max delay values on IO port  
The same input delay of 0.000 ns has been defined on port 'ADC_DATA4[1][7][9]' relative to clock CLK_ADC for both max and min. Make sure this reflects the design intent.
set_input_delay -clock [get_clocks CLK_ADC] 0.000 [get_ports -quiet {DATA_STR ADC_DATA4* EVENT_READY}]
/home/work1/Works/AI-Trigger-System/HDL/constraints/ai_trigger_ooc.xdc (Line: 19)
Related violations: <none>

XDCH-2#361 Warning
Same min and max delay values on IO port  
The same input delay of 0.000 ns has been defined on port 'ADC_DATA4[1][8][0]' relative to clock CLK_ADC for both max and min. Make sure this reflects the design intent.
set_input_delay -clock [get_clocks CLK_ADC] 0.000 [get_ports -quiet {DATA_STR ADC_DATA4* EVENT_READY}]
/home/work1/Works/AI-Trigger-System/HDL/constraints/ai_trigger_ooc.xdc (Line: 19)
Related violations: <none>

XDCH-2#362 Warning
Same min and max delay values on IO port  
The same input delay of 0.000 ns has been defined on port 'ADC_DATA4[1][8][10]' relative to clock CLK_ADC for both max and min. Make sure this reflects the design intent.
set_input_delay -clock [get_clocks CLK_ADC] 0.000 [get_ports -quiet {DATA_STR ADC_DATA4* EVENT_READY}]
/home/work1/Works/AI-Trigger-System/HDL/constraints/ai_trigger_ooc.xdc (Line: 19)
Related violations: <none>

XDCH-2#363 Warning
Same min and max delay values on IO port  
The same input delay of 0.000 ns has been defined on port 'ADC_DATA4[1][8][11]' relative to clock CLK_ADC for both max and min. Make sure this reflects the design intent.
set_input_delay -clock [get_clocks CLK_ADC] 0.000 [get_ports -quiet {DATA_STR ADC_DATA4* EVENT_READY}]
/home/work1/Works/AI-Trigger-System/HDL/constraints/ai_trigger_ooc.xdc (Line: 19)
Related violations: <none>

XDCH-2#364 Warning
Same min and max delay values on IO port  
The same input delay of 0.000 ns has been defined on port 'ADC_DATA4[1][8][1]' relative to clock CLK_ADC for both max and min. Make sure this reflects the design intent.
set_input_delay -clock [get_clocks CLK_ADC] 0.000 [get_ports -quiet {DATA_STR ADC_DATA4* EVENT_READY}]
/home/work1/Works/AI-Trigger-System/HDL/constraints/ai_trigger_ooc.xdc (Line: 19)
Related violations: <none>

XDCH-2#365 Warning
Same min and max delay values on IO port  
The same input delay of 0.000 ns has been defined on port 'ADC_DATA4[1][8][2]' relative to clock CLK_ADC for both max and min. Make sure this reflects the design intent.
set_input_delay -clock [get_clocks CLK_ADC] 0.000 [get_ports -quiet {DATA_STR ADC_DATA4* EVENT_READY}]
/home/work1/Works/AI-Trigger-System/HDL/constraints/ai_trigger_ooc.xdc (Line: 19)
Related violations: <none>

XDCH-2#366 Warning
Same min and max delay values on IO port  
The same input delay of 0.000 ns has been defined on port 'ADC_DATA4[1][8][3]' relative to clock CLK_ADC for both max and min. Make sure this reflects the design intent.
set_input_delay -clock [get_clocks CLK_ADC] 0.000 [get_ports -quiet {DATA_STR ADC_DATA4* EVENT_READY}]
/home/work1/Works/AI-Trigger-System/HDL/constraints/ai_trigger_ooc.xdc (Line: 19)
Related violations: <none>

XDCH-2#367 Warning
Same min and max delay values on IO port  
The same input delay of 0.000 ns has been defined on port 'ADC_DATA4[1][8][4]' relative to clock CLK_ADC for both max and min. Make sure this reflects the design intent.
set_input_delay -clock [get_clocks CLK_ADC] 0.000 [get_ports -quiet {DATA_STR ADC_DATA4* EVENT_READY}]
/home/work1/Works/AI-Trigger-System/HDL/constraints/ai_trigger_ooc.xdc (Line: 19)
Related violations: <none>

XDCH-2#368 Warning
Same min and max delay values on IO port  
The same input delay of 0.000 ns has been defined on port 'ADC_DATA4[1][8][5]' relative to clock CLK_ADC for both max and min. Make sure this reflects the design intent.
set_input_delay -clock [get_clocks CLK_ADC] 0.000 [get_ports -quiet {DATA_STR ADC_DATA4* EVENT_READY}]
/home/work1/Works/AI-Trigger-System/HDL/constraints/ai_trigger_ooc.xdc (Line: 19)
Related violations: <none>

XDCH-2#369 Warning
Same min and max delay values on IO port  
The same input delay of 0.000 ns has been defined on port 'ADC_DATA4[1][8][6]' relative to clock CLK_ADC for both max and min. Make sure this reflects the design intent.
set_input_delay -clock [get_clocks CLK_ADC] 0.000 [get_ports -quiet {DATA_STR ADC_DATA4* EVENT_READY}]
/home/work1/Works/AI-Trigger-System/HDL/constraints/ai_trigger_ooc.xdc (Line: 19)
Related violations: <none>

XDCH-2#370 Warning
Same min and max delay values on IO port  
The same input delay of 0.000 ns has been defined on port 'ADC_DATA4[1][8][7]' relative to clock CLK_ADC for both max and min. Make sure this reflects the design intent.
set_input_delay -clock [get_clocks CLK_ADC] 0.000 [get_ports -quiet {DATA_STR ADC_DATA4* EVENT_READY}]
/home/work1/Works/AI-Trigger-System/HDL/constraints/ai_trigger_ooc.xdc (Line: 19)
Related violations: <none>

XDCH-2#371 Warning
Same min and max delay values on IO port  
The same input delay of 0.000 ns has been defined on port 'ADC_DATA4[1][8][8]' relative to clock CLK_ADC for both max and min. Make sure this reflects the design intent.
set_input_delay -clock [get_clocks CLK_ADC] 0.000 [get_ports -quiet {DATA_STR ADC_DATA4* EVENT_READY}]
/home/work1/Works/AI-Trigger-System/HDL/constraints/ai_trigger_ooc.xdc (Line: 19)
Related violations: <none>

XDCH-2#372 Warning
Same min and max delay values on IO port  
The same input delay of 0.000 ns has been defined on port 'ADC_DATA4[1][8][9]' relative to clock CLK_ADC for both max and min. Make sure this reflects the design intent.
set_input_delay -clock [get_clocks CLK_ADC] 0.000 [get_ports -quiet {DATA_STR ADC_DATA4* EVENT_READY}]
/home/work1/Works/AI-Trigger-System/HDL/constraints/ai_trigger_ooc.xdc (Line: 19)
Related violations: <none>

XDCH-2#373 Warning
Same min and max delay values on IO port  
The same input delay of 0.000 ns has been defined on port 'ADC_DATA4[1][9][0]' relative to clock CLK_ADC for both max and min. Make sure this reflects the design intent.
set_input_delay -clock [get_clocks CLK_ADC] 0.000 [get_ports -quiet {DATA_STR ADC_DATA4* EVENT_READY}]
/home/work1/Works/AI-Trigger-System/HDL/constraints/ai_trigger_ooc.xdc (Line: 19)
Related violations: <none>

XDCH-2#374 Warning
Same min and max delay values on IO port  
The same input delay of 0.000 ns has been defined on port 'ADC_DATA4[1][9][10]' relative to clock CLK_ADC for both max and min. Make sure this reflects the design intent.
set_input_delay -clock [get_clocks CLK_ADC] 0.000 [get_ports -quiet {DATA_STR ADC_DATA4* EVENT_READY}]
/home/work1/Works/AI-Trigger-System/HDL/constraints/ai_trigger_ooc.xdc (Line: 19)
Related violations: <none>

XDCH-2#375 Warning
Same min and max delay values on IO port  
The same input delay of 0.000 ns has been defined on port 'ADC_DATA4[1][9][11]' relative to clock CLK_ADC for both max and min. Make sure this reflects the design intent.
set_input_delay -clock [get_clocks CLK_ADC] 0.000 [get_ports -quiet {DATA_STR ADC_DATA4* EVENT_READY}]
/home/work1/Works/AI-Trigger-System/HDL/constraints/ai_trigger_ooc.xdc (Line: 19)
Related violations: <none>

XDCH-2#376 Warning
Same min and max delay values on IO port  
The same input delay of 0.000 ns has been defined on port 'ADC_DATA4[1][9][1]' relative to clock CLK_ADC for both max and min. Make sure this reflects the design intent.
set_input_delay -clock [get_clocks CLK_ADC] 0.000 [get_ports -quiet {DATA_STR ADC_DATA4* EVENT_READY}]
/home/work1/Works/AI-Trigger-System/HDL/constraints/ai_trigger_ooc.xdc (Line: 19)
Related violations: <none>

XDCH-2#377 Warning
Same min and max delay values on IO port  
The same input delay of 0.000 ns has been defined on port 'ADC_DATA4[1][9][2]' relative to clock CLK_ADC for both max and min. Make sure this reflects the design intent.
set_input_delay -clock [get_clocks CLK_ADC] 0.000 [get_ports -quiet {DATA_STR ADC_DATA4* EVENT_READY}]
/home/work1/Works/AI-Trigger-System/HDL/constraints/ai_trigger_ooc.xdc (Line: 19)
Related violations: <none>

XDCH-2#378 Warning
Same min and max delay values on IO port  
The same input delay of 0.000 ns has been defined on port 'ADC_DATA4[1][9][3]' relative to clock CLK_ADC for both max and min. Make sure this reflects the design intent.
set_input_delay -clock [get_clocks CLK_ADC] 0.000 [get_ports -quiet {DATA_STR ADC_DATA4* EVENT_READY}]
/home/work1/Works/AI-Trigger-System/HDL/constraints/ai_trigger_ooc.xdc (Line: 19)
Related violations: <none>

XDCH-2#379 Warning
Same min and max delay values on IO port  
The same input delay of 0.000 ns has been defined on port 'ADC_DATA4[1][9][4]' relative to clock CLK_ADC for both max and min. Make sure this reflects the design intent.
set_input_delay -clock [get_clocks CLK_ADC] 0.000 [get_ports -quiet {DATA_STR ADC_DATA4* EVENT_READY}]
/home/work1/Works/AI-Trigger-System/HDL/constraints/ai_trigger_ooc.xdc (Line: 19)
Related violations: <none>

XDCH-2#380 Warning
Same min and max delay values on IO port  
The same input delay of 0.000 ns has been defined on port 'ADC_DATA4[1][9][5]' relative to clock CLK_ADC for both max and min. Make sure this reflects the design intent.
set_input_delay -clock [get_clocks CLK_ADC] 0.000 [get_ports -quiet {DATA_STR ADC_DATA4* EVENT_READY}]
/home/work1/Works/AI-Trigger-System/HDL/constraints/ai_trigger_ooc.xdc (Line: 19)
Related violations: <none>

XDCH-2#381 Warning
Same min and max delay values on IO port  
The same input delay of 0.000 ns has been defined on port 'ADC_DATA4[1][9][6]' relative to clock CLK_ADC for both max and min. Make sure this reflects the design intent.
set_input_delay -clock [get_clocks CLK_ADC] 0.000 [get_ports -quiet {DATA_STR ADC_DATA4* EVENT_READY}]
/home/work1/Works/AI-Trigger-System/HDL/constraints/ai_trigger_ooc.xdc (Line: 19)
Related violations: <none>

XDCH-2#382 Warning
Same min and max delay values on IO port  
The same input delay of 0.000 ns has been defined on port 'ADC_DATA4[1][9][7]' relative to clock CLK_ADC for both max and min. Make sure this reflects the design intent.
set_input_delay -clock [get_clocks CLK_ADC] 0.000 [get_ports -quiet {DATA_STR ADC_DATA4* EVENT_READY}]
/home/work1/Works/AI-Trigger-System/HDL/constraints/ai_trigger_ooc.xdc (Line: 19)
Related violations: <none>

XDCH-2#383 Warning
Same min and max delay values on IO port  
The same input delay of 0.000 ns has been defined on port 'ADC_DATA4[1][9][8]' relative to clock CLK_ADC for both max and min. Make sure this reflects the design intent.
set_input_delay -clock [get_clocks CLK_ADC] 0.000 [get_ports -quiet {DATA_STR ADC_DATA4* EVENT_READY}]
/home/work1/Works/AI-Trigger-System/HDL/constraints/ai_trigger_ooc.xdc (Line: 19)
Related violations: <none>

XDCH-2#384 Warning
Same min and max delay values on IO port  
The same input delay of 0.000 ns has been defined on port 'ADC_DATA4[1][9][9]' relative to clock CLK_ADC for both max and min. Make sure this reflects the design intent.
set_input_delay -clock [get_clocks CLK_ADC] 0.000 [get_ports -quiet {DATA_STR ADC_DATA4* EVENT_READY}]
/home/work1/Works/AI-Trigger-System/HDL/constraints/ai_trigger_ooc.xdc (Line: 19)
Related violations: <none>

XDCH-2#385 Warning
Same min and max delay values on IO port  
The same input delay of 0.000 ns has been defined on port 'ADC_DATA4[2][0][0]' relative to clock CLK_ADC for both max and min. Make sure this reflects the design intent.
set_input_delay -clock [get_clocks CLK_ADC] 0.000 [get_ports -quiet {DATA_STR ADC_DATA4* EVENT_READY}]
/home/work1/Works/AI-Trigger-System/HDL/constraints/ai_trigger_ooc.xdc (Line: 19)
Related violations: <none>

XDCH-2#386 Warning
Same min and max delay values on IO port  
The same input delay of 0.000 ns has been defined on port 'ADC_DATA4[2][0][10]' relative to clock CLK_ADC for both max and min. Make sure this reflects the design intent.
set_input_delay -clock [get_clocks CLK_ADC] 0.000 [get_ports -quiet {DATA_STR ADC_DATA4* EVENT_READY}]
/home/work1/Works/AI-Trigger-System/HDL/constraints/ai_trigger_ooc.xdc (Line: 19)
Related violations: <none>

XDCH-2#387 Warning
Same min and max delay values on IO port  
The same input delay of 0.000 ns has been defined on port 'ADC_DATA4[2][0][11]' relative to clock CLK_ADC for both max and min. Make sure this reflects the design intent.
set_input_delay -clock [get_clocks CLK_ADC] 0.000 [get_ports -quiet {DATA_STR ADC_DATA4* EVENT_READY}]
/home/work1/Works/AI-Trigger-System/HDL/constraints/ai_trigger_ooc.xdc (Line: 19)
Related violations: <none>

XDCH-2#388 Warning
Same min and max delay values on IO port  
The same input delay of 0.000 ns has been defined on port 'ADC_DATA4[2][0][1]' relative to clock CLK_ADC for both max and min. Make sure this reflects the design intent.
set_input_delay -clock [get_clocks CLK_ADC] 0.000 [get_ports -quiet {DATA_STR ADC_DATA4* EVENT_READY}]
/home/work1/Works/AI-Trigger-System/HDL/constraints/ai_trigger_ooc.xdc (Line: 19)
Related violations: <none>

XDCH-2#389 Warning
Same min and max delay values on IO port  
The same input delay of 0.000 ns has been defined on port 'ADC_DATA4[2][0][2]' relative to clock CLK_ADC for both max and min. Make sure this reflects the design intent.
set_input_delay -clock [get_clocks CLK_ADC] 0.000 [get_ports -quiet {DATA_STR ADC_DATA4* EVENT_READY}]
/home/work1/Works/AI-Trigger-System/HDL/constraints/ai_trigger_ooc.xdc (Line: 19)
Related violations: <none>

XDCH-2#390 Warning
Same min and max delay values on IO port  
The same input delay of 0.000 ns has been defined on port 'ADC_DATA4[2][0][3]' relative to clock CLK_ADC for both max and min. Make sure this reflects the design intent.
set_input_delay -clock [get_clocks CLK_ADC] 0.000 [get_ports -quiet {DATA_STR ADC_DATA4* EVENT_READY}]
/home/work1/Works/AI-Trigger-System/HDL/constraints/ai_trigger_ooc.xdc (Line: 19)
Related violations: <none>

XDCH-2#391 Warning
Same min and max delay values on IO port  
The same input delay of 0.000 ns has been defined on port 'ADC_DATA4[2][0][4]' relative to clock CLK_ADC for both max and min. Make sure this reflects the design intent.
set_input_delay -clock [get_clocks CLK_ADC] 0.000 [get_ports -quiet {DATA_STR ADC_DATA4* EVENT_READY}]
/home/work1/Works/AI-Trigger-System/HDL/constraints/ai_trigger_ooc.xdc (Line: 19)
Related violations: <none>

XDCH-2#392 Warning
Same min and max delay values on IO port  
The same input delay of 0.000 ns has been defined on port 'ADC_DATA4[2][0][5]' relative to clock CLK_ADC for both max and min. Make sure this reflects the design intent.
set_input_delay -clock [get_clocks CLK_ADC] 0.000 [get_ports -quiet {DATA_STR ADC_DATA4* EVENT_READY}]
/home/work1/Works/AI-Trigger-System/HDL/constraints/ai_trigger_ooc.xdc (Line: 19)
Related violations: <none>

XDCH-2#393 Warning
Same min and max delay values on IO port  
The same input delay of 0.000 ns has been defined on port 'ADC_DATA4[2][0][6]' relative to clock CLK_ADC for both max and min. Make sure this reflects the design intent.
set_input_delay -clock [get_clocks CLK_ADC] 0.000 [get_ports -quiet {DATA_STR ADC_DATA4* EVENT_READY}]
/home/work1/Works/AI-Trigger-System/HDL/constraints/ai_trigger_ooc.xdc (Line: 19)
Related violations: <none>

XDCH-2#394 Warning
Same min and max delay values on IO port  
The same input delay of 0.000 ns has been defined on port 'ADC_DATA4[2][0][7]' relative to clock CLK_ADC for both max and min. Make sure this reflects the design intent.
set_input_delay -clock [get_clocks CLK_ADC] 0.000 [get_ports -quiet {DATA_STR ADC_DATA4* EVENT_READY}]
/home/work1/Works/AI-Trigger-System/HDL/constraints/ai_trigger_ooc.xdc (Line: 19)
Related violations: <none>

XDCH-2#395 Warning
Same min and max delay values on IO port  
The same input delay of 0.000 ns has been defined on port 'ADC_DATA4[2][0][8]' relative to clock CLK_ADC for both max and min. Make sure this reflects the design intent.
set_input_delay -clock [get_clocks CLK_ADC] 0.000 [get_ports -quiet {DATA_STR ADC_DATA4* EVENT_READY}]
/home/work1/Works/AI-Trigger-System/HDL/constraints/ai_trigger_ooc.xdc (Line: 19)
Related violations: <none>

XDCH-2#396 Warning
Same min and max delay values on IO port  
The same input delay of 0.000 ns has been defined on port 'ADC_DATA4[2][0][9]' relative to clock CLK_ADC for both max and min. Make sure this reflects the design intent.
set_input_delay -clock [get_clocks CLK_ADC] 0.000 [get_ports -quiet {DATA_STR ADC_DATA4* EVENT_READY}]
/home/work1/Works/AI-Trigger-System/HDL/constraints/ai_trigger_ooc.xdc (Line: 19)
Related violations: <none>

XDCH-2#397 Warning
Same min and max delay values on IO port  
The same input delay of 0.000 ns has been defined on port 'ADC_DATA4[2][10][0]' relative to clock CLK_ADC for both max and min. Make sure this reflects the design intent.
set_input_delay -clock [get_clocks CLK_ADC] 0.000 [get_ports -quiet {DATA_STR ADC_DATA4* EVENT_READY}]
/home/work1/Works/AI-Trigger-System/HDL/constraints/ai_trigger_ooc.xdc (Line: 19)
Related violations: <none>

XDCH-2#398 Warning
Same min and max delay values on IO port  
The same input delay of 0.000 ns has been defined on port 'ADC_DATA4[2][10][10]' relative to clock CLK_ADC for both max and min. Make sure this reflects the design intent.
set_input_delay -clock [get_clocks CLK_ADC] 0.000 [get_ports -quiet {DATA_STR ADC_DATA4* EVENT_READY}]
/home/work1/Works/AI-Trigger-System/HDL/constraints/ai_trigger_ooc.xdc (Line: 19)
Related violations: <none>

XDCH-2#399 Warning
Same min and max delay values on IO port  
The same input delay of 0.000 ns has been defined on port 'ADC_DATA4[2][10][11]' relative to clock CLK_ADC for both max and min. Make sure this reflects the design intent.
set_input_delay -clock [get_clocks CLK_ADC] 0.000 [get_ports -quiet {DATA_STR ADC_DATA4* EVENT_READY}]
/home/work1/Works/AI-Trigger-System/HDL/constraints/ai_trigger_ooc.xdc (Line: 19)
Related violations: <none>

XDCH-2#400 Warning
Same min and max delay values on IO port  
The same input delay of 0.000 ns has been defined on port 'ADC_DATA4[2][10][1]' relative to clock CLK_ADC for both max and min. Make sure this reflects the design intent.
set_input_delay -clock [get_clocks CLK_ADC] 0.000 [get_ports -quiet {DATA_STR ADC_DATA4* EVENT_READY}]
/home/work1/Works/AI-Trigger-System/HDL/constraints/ai_trigger_ooc.xdc (Line: 19)
Related violations: <none>

XDCH-2#401 Warning
Same min and max delay values on IO port  
The same input delay of 0.000 ns has been defined on port 'ADC_DATA4[2][10][2]' relative to clock CLK_ADC for both max and min. Make sure this reflects the design intent.
set_input_delay -clock [get_clocks CLK_ADC] 0.000 [get_ports -quiet {DATA_STR ADC_DATA4* EVENT_READY}]
/home/work1/Works/AI-Trigger-System/HDL/constraints/ai_trigger_ooc.xdc (Line: 19)
Related violations: <none>

XDCH-2#402 Warning
Same min and max delay values on IO port  
The same input delay of 0.000 ns has been defined on port 'ADC_DATA4[2][10][3]' relative to clock CLK_ADC for both max and min. Make sure this reflects the design intent.
set_input_delay -clock [get_clocks CLK_ADC] 0.000 [get_ports -quiet {DATA_STR ADC_DATA4* EVENT_READY}]
/home/work1/Works/AI-Trigger-System/HDL/constraints/ai_trigger_ooc.xdc (Line: 19)
Related violations: <none>

XDCH-2#403 Warning
Same min and max delay values on IO port  
The same input delay of 0.000 ns has been defined on port 'ADC_DATA4[2][10][4]' relative to clock CLK_ADC for both max and min. Make sure this reflects the design intent.
set_input_delay -clock [get_clocks CLK_ADC] 0.000 [get_ports -quiet {DATA_STR ADC_DATA4* EVENT_READY}]
/home/work1/Works/AI-Trigger-System/HDL/constraints/ai_trigger_ooc.xdc (Line: 19)
Related violations: <none>

XDCH-2#404 Warning
Same min and max delay values on IO port  
The same input delay of 0.000 ns has been defined on port 'ADC_DATA4[2][10][5]' relative to clock CLK_ADC for both max and min. Make sure this reflects the design intent.
set_input_delay -clock [get_clocks CLK_ADC] 0.000 [get_ports -quiet {DATA_STR ADC_DATA4* EVENT_READY}]
/home/work1/Works/AI-Trigger-System/HDL/constraints/ai_trigger_ooc.xdc (Line: 19)
Related violations: <none>

XDCH-2#405 Warning
Same min and max delay values on IO port  
The same input delay of 0.000 ns has been defined on port 'ADC_DATA4[2][10][6]' relative to clock CLK_ADC for both max and min. Make sure this reflects the design intent.
set_input_delay -clock [get_clocks CLK_ADC] 0.000 [get_ports -quiet {DATA_STR ADC_DATA4* EVENT_READY}]
/home/work1/Works/AI-Trigger-System/HDL/constraints/ai_trigger_ooc.xdc (Line: 19)
Related violations: <none>

XDCH-2#406 Warning
Same min and max delay values on IO port  
The same input delay of 0.000 ns has been defined on port 'ADC_DATA4[2][10][7]' relative to clock CLK_ADC for both max and min. Make sure this reflects the design intent.
set_input_delay -clock [get_clocks CLK_ADC] 0.000 [get_ports -quiet {DATA_STR ADC_DATA4* EVENT_READY}]
/home/work1/Works/AI-Trigger-System/HDL/constraints/ai_trigger_ooc.xdc (Line: 19)
Related violations: <none>

XDCH-2#407 Warning
Same min and max delay values on IO port  
The same input delay of 0.000 ns has been defined on port 'ADC_DATA4[2][10][8]' relative to clock CLK_ADC for both max and min. Make sure this reflects the design intent.
set_input_delay -clock [get_clocks CLK_ADC] 0.000 [get_ports -quiet {DATA_STR ADC_DATA4* EVENT_READY}]
/home/work1/Works/AI-Trigger-System/HDL/constraints/ai_trigger_ooc.xdc (Line: 19)
Related violations: <none>

XDCH-2#408 Warning
Same min and max delay values on IO port  
The same input delay of 0.000 ns has been defined on port 'ADC_DATA4[2][10][9]' relative to clock CLK_ADC for both max and min. Make sure this reflects the design intent.
set_input_delay -clock [get_clocks CLK_ADC] 0.000 [get_ports -quiet {DATA_STR ADC_DATA4* EVENT_READY}]
/home/work1/Works/AI-Trigger-System/HDL/constraints/ai_trigger_ooc.xdc (Line: 19)
Related violations: <none>

XDCH-2#409 Warning
Same min and max delay values on IO port  
The same input delay of 0.000 ns has been defined on port 'ADC_DATA4[2][11][0]' relative to clock CLK_ADC for both max and min. Make sure this reflects the design intent.
set_input_delay -clock [get_clocks CLK_ADC] 0.000 [get_ports -quiet {DATA_STR ADC_DATA4* EVENT_READY}]
/home/work1/Works/AI-Trigger-System/HDL/constraints/ai_trigger_ooc.xdc (Line: 19)
Related violations: <none>

XDCH-2#410 Warning
Same min and max delay values on IO port  
The same input delay of 0.000 ns has been defined on port 'ADC_DATA4[2][11][10]' relative to clock CLK_ADC for both max and min. Make sure this reflects the design intent.
set_input_delay -clock [get_clocks CLK_ADC] 0.000 [get_ports -quiet {DATA_STR ADC_DATA4* EVENT_READY}]
/home/work1/Works/AI-Trigger-System/HDL/constraints/ai_trigger_ooc.xdc (Line: 19)
Related violations: <none>

XDCH-2#411 Warning
Same min and max delay values on IO port  
The same input delay of 0.000 ns has been defined on port 'ADC_DATA4[2][11][11]' relative to clock CLK_ADC for both max and min. Make sure this reflects the design intent.
set_input_delay -clock [get_clocks CLK_ADC] 0.000 [get_ports -quiet {DATA_STR ADC_DATA4* EVENT_READY}]
/home/work1/Works/AI-Trigger-System/HDL/constraints/ai_trigger_ooc.xdc (Line: 19)
Related violations: <none>

XDCH-2#412 Warning
Same min and max delay values on IO port  
The same input delay of 0.000 ns has been defined on port 'ADC_DATA4[2][11][1]' relative to clock CLK_ADC for both max and min. Make sure this reflects the design intent.
set_input_delay -clock [get_clocks CLK_ADC] 0.000 [get_ports -quiet {DATA_STR ADC_DATA4* EVENT_READY}]
/home/work1/Works/AI-Trigger-System/HDL/constraints/ai_trigger_ooc.xdc (Line: 19)
Related violations: <none>

XDCH-2#413 Warning
Same min and max delay values on IO port  
The same input delay of 0.000 ns has been defined on port 'ADC_DATA4[2][11][2]' relative to clock CLK_ADC for both max and min. Make sure this reflects the design intent.
set_input_delay -clock [get_clocks CLK_ADC] 0.000 [get_ports -quiet {DATA_STR ADC_DATA4* EVENT_READY}]
/home/work1/Works/AI-Trigger-System/HDL/constraints/ai_trigger_ooc.xdc (Line: 19)
Related violations: <none>

XDCH-2#414 Warning
Same min and max delay values on IO port  
The same input delay of 0.000 ns has been defined on port 'ADC_DATA4[2][11][3]' relative to clock CLK_ADC for both max and min. Make sure this reflects the design intent.
set_input_delay -clock [get_clocks CLK_ADC] 0.000 [get_ports -quiet {DATA_STR ADC_DATA4* EVENT_READY}]
/home/work1/Works/AI-Trigger-System/HDL/constraints/ai_trigger_ooc.xdc (Line: 19)
Related violations: <none>

XDCH-2#415 Warning
Same min and max delay values on IO port  
The same input delay of 0.000 ns has been defined on port 'ADC_DATA4[2][11][4]' relative to clock CLK_ADC for both max and min. Make sure this reflects the design intent.
set_input_delay -clock [get_clocks CLK_ADC] 0.000 [get_ports -quiet {DATA_STR ADC_DATA4* EVENT_READY}]
/home/work1/Works/AI-Trigger-System/HDL/constraints/ai_trigger_ooc.xdc (Line: 19)
Related violations: <none>

XDCH-2#416 Warning
Same min and max delay values on IO port  
The same input delay of 0.000 ns has been defined on port 'ADC_DATA4[2][11][5]' relative to clock CLK_ADC for both max and min. Make sure this reflects the design intent.
set_input_delay -clock [get_clocks CLK_ADC] 0.000 [get_ports -quiet {DATA_STR ADC_DATA4* EVENT_READY}]
/home/work1/Works/AI-Trigger-System/HDL/constraints/ai_trigger_ooc.xdc (Line: 19)
Related violations: <none>

XDCH-2#417 Warning
Same min and max delay values on IO port  
The same input delay of 0.000 ns has been defined on port 'ADC_DATA4[2][11][6]' relative to clock CLK_ADC for both max and min. Make sure this reflects the design intent.
set_input_delay -clock [get_clocks CLK_ADC] 0.000 [get_ports -quiet {DATA_STR ADC_DATA4* EVENT_READY}]
/home/work1/Works/AI-Trigger-System/HDL/constraints/ai_trigger_ooc.xdc (Line: 19)
Related violations: <none>

XDCH-2#418 Warning
Same min and max delay values on IO port  
The same input delay of 0.000 ns has been defined on port 'ADC_DATA4[2][11][7]' relative to clock CLK_ADC for both max and min. Make sure this reflects the design intent.
set_input_delay -clock [get_clocks CLK_ADC] 0.000 [get_ports -quiet {DATA_STR ADC_DATA4* EVENT_READY}]
/home/work1/Works/AI-Trigger-System/HDL/constraints/ai_trigger_ooc.xdc (Line: 19)
Related violations: <none>

XDCH-2#419 Warning
Same min and max delay values on IO port  
The same input delay of 0.000 ns has been defined on port 'ADC_DATA4[2][11][8]' relative to clock CLK_ADC for both max and min. Make sure this reflects the design intent.
set_input_delay -clock [get_clocks CLK_ADC] 0.000 [get_ports -quiet {DATA_STR ADC_DATA4* EVENT_READY}]
/home/work1/Works/AI-Trigger-System/HDL/constraints/ai_trigger_ooc.xdc (Line: 19)
Related violations: <none>

XDCH-2#420 Warning
Same min and max delay values on IO port  
The same input delay of 0.000 ns has been defined on port 'ADC_DATA4[2][11][9]' relative to clock CLK_ADC for both max and min. Make sure this reflects the design intent.
set_input_delay -clock [get_clocks CLK_ADC] 0.000 [get_ports -quiet {DATA_STR ADC_DATA4* EVENT_READY}]
/home/work1/Works/AI-Trigger-System/HDL/constraints/ai_trigger_ooc.xdc (Line: 19)
Related violations: <none>

XDCH-2#421 Warning
Same min and max delay values on IO port  
The same input delay of 0.000 ns has been defined on port 'ADC_DATA4[2][12][0]' relative to clock CLK_ADC for both max and min. Make sure this reflects the design intent.
set_input_delay -clock [get_clocks CLK_ADC] 0.000 [get_ports -quiet {DATA_STR ADC_DATA4* EVENT_READY}]
/home/work1/Works/AI-Trigger-System/HDL/constraints/ai_trigger_ooc.xdc (Line: 19)
Related violations: <none>

XDCH-2#422 Warning
Same min and max delay values on IO port  
The same input delay of 0.000 ns has been defined on port 'ADC_DATA4[2][12][10]' relative to clock CLK_ADC for both max and min. Make sure this reflects the design intent.
set_input_delay -clock [get_clocks CLK_ADC] 0.000 [get_ports -quiet {DATA_STR ADC_DATA4* EVENT_READY}]
/home/work1/Works/AI-Trigger-System/HDL/constraints/ai_trigger_ooc.xdc (Line: 19)
Related violations: <none>

XDCH-2#423 Warning
Same min and max delay values on IO port  
The same input delay of 0.000 ns has been defined on port 'ADC_DATA4[2][12][11]' relative to clock CLK_ADC for both max and min. Make sure this reflects the design intent.
set_input_delay -clock [get_clocks CLK_ADC] 0.000 [get_ports -quiet {DATA_STR ADC_DATA4* EVENT_READY}]
/home/work1/Works/AI-Trigger-System/HDL/constraints/ai_trigger_ooc.xdc (Line: 19)
Related violations: <none>

XDCH-2#424 Warning
Same min and max delay values on IO port  
The same input delay of 0.000 ns has been defined on port 'ADC_DATA4[2][12][1]' relative to clock CLK_ADC for both max and min. Make sure this reflects the design intent.
set_input_delay -clock [get_clocks CLK_ADC] 0.000 [get_ports -quiet {DATA_STR ADC_DATA4* EVENT_READY}]
/home/work1/Works/AI-Trigger-System/HDL/constraints/ai_trigger_ooc.xdc (Line: 19)
Related violations: <none>

XDCH-2#425 Warning
Same min and max delay values on IO port  
The same input delay of 0.000 ns has been defined on port 'ADC_DATA4[2][12][2]' relative to clock CLK_ADC for both max and min. Make sure this reflects the design intent.
set_input_delay -clock [get_clocks CLK_ADC] 0.000 [get_ports -quiet {DATA_STR ADC_DATA4* EVENT_READY}]
/home/work1/Works/AI-Trigger-System/HDL/constraints/ai_trigger_ooc.xdc (Line: 19)
Related violations: <none>

XDCH-2#426 Warning
Same min and max delay values on IO port  
The same input delay of 0.000 ns has been defined on port 'ADC_DATA4[2][12][3]' relative to clock CLK_ADC for both max and min. Make sure this reflects the design intent.
set_input_delay -clock [get_clocks CLK_ADC] 0.000 [get_ports -quiet {DATA_STR ADC_DATA4* EVENT_READY}]
/home/work1/Works/AI-Trigger-System/HDL/constraints/ai_trigger_ooc.xdc (Line: 19)
Related violations: <none>

XDCH-2#427 Warning
Same min and max delay values on IO port  
The same input delay of 0.000 ns has been defined on port 'ADC_DATA4[2][12][4]' relative to clock CLK_ADC for both max and min. Make sure this reflects the design intent.
set_input_delay -clock [get_clocks CLK_ADC] 0.000 [get_ports -quiet {DATA_STR ADC_DATA4* EVENT_READY}]
/home/work1/Works/AI-Trigger-System/HDL/constraints/ai_trigger_ooc.xdc (Line: 19)
Related violations: <none>

XDCH-2#428 Warning
Same min and max delay values on IO port  
The same input delay of 0.000 ns has been defined on port 'ADC_DATA4[2][12][5]' relative to clock CLK_ADC for both max and min. Make sure this reflects the design intent.
set_input_delay -clock [get_clocks CLK_ADC] 0.000 [get_ports -quiet {DATA_STR ADC_DATA4* EVENT_READY}]
/home/work1/Works/AI-Trigger-System/HDL/constraints/ai_trigger_ooc.xdc (Line: 19)
Related violations: <none>

XDCH-2#429 Warning
Same min and max delay values on IO port  
The same input delay of 0.000 ns has been defined on port 'ADC_DATA4[2][12][6]' relative to clock CLK_ADC for both max and min. Make sure this reflects the design intent.
set_input_delay -clock [get_clocks CLK_ADC] 0.000 [get_ports -quiet {DATA_STR ADC_DATA4* EVENT_READY}]
/home/work1/Works/AI-Trigger-System/HDL/constraints/ai_trigger_ooc.xdc (Line: 19)
Related violations: <none>

XDCH-2#430 Warning
Same min and max delay values on IO port  
The same input delay of 0.000 ns has been defined on port 'ADC_DATA4[2][12][7]' relative to clock CLK_ADC for both max and min. Make sure this reflects the design intent.
set_input_delay -clock [get_clocks CLK_ADC] 0.000 [get_ports -quiet {DATA_STR ADC_DATA4* EVENT_READY}]
/home/work1/Works/AI-Trigger-System/HDL/constraints/ai_trigger_ooc.xdc (Line: 19)
Related violations: <none>

XDCH-2#431 Warning
Same min and max delay values on IO port  
The same input delay of 0.000 ns has been defined on port 'ADC_DATA4[2][12][8]' relative to clock CLK_ADC for both max and min. Make sure this reflects the design intent.
set_input_delay -clock [get_clocks CLK_ADC] 0.000 [get_ports -quiet {DATA_STR ADC_DATA4* EVENT_READY}]
/home/work1/Works/AI-Trigger-System/HDL/constraints/ai_trigger_ooc.xdc (Line: 19)
Related violations: <none>

XDCH-2#432 Warning
Same min and max delay values on IO port  
The same input delay of 0.000 ns has been defined on port 'ADC_DATA4[2][12][9]' relative to clock CLK_ADC for both max and min. Make sure this reflects the design intent.
set_input_delay -clock [get_clocks CLK_ADC] 0.000 [get_ports -quiet {DATA_STR ADC_DATA4* EVENT_READY}]
/home/work1/Works/AI-Trigger-System/HDL/constraints/ai_trigger_ooc.xdc (Line: 19)
Related violations: <none>

XDCH-2#433 Warning
Same min and max delay values on IO port  
The same input delay of 0.000 ns has been defined on port 'ADC_DATA4[2][13][0]' relative to clock CLK_ADC for both max and min. Make sure this reflects the design intent.
set_input_delay -clock [get_clocks CLK_ADC] 0.000 [get_ports -quiet {DATA_STR ADC_DATA4* EVENT_READY}]
/home/work1/Works/AI-Trigger-System/HDL/constraints/ai_trigger_ooc.xdc (Line: 19)
Related violations: <none>

XDCH-2#434 Warning
Same min and max delay values on IO port  
The same input delay of 0.000 ns has been defined on port 'ADC_DATA4[2][13][10]' relative to clock CLK_ADC for both max and min. Make sure this reflects the design intent.
set_input_delay -clock [get_clocks CLK_ADC] 0.000 [get_ports -quiet {DATA_STR ADC_DATA4* EVENT_READY}]
/home/work1/Works/AI-Trigger-System/HDL/constraints/ai_trigger_ooc.xdc (Line: 19)
Related violations: <none>

XDCH-2#435 Warning
Same min and max delay values on IO port  
The same input delay of 0.000 ns has been defined on port 'ADC_DATA4[2][13][11]' relative to clock CLK_ADC for both max and min. Make sure this reflects the design intent.
set_input_delay -clock [get_clocks CLK_ADC] 0.000 [get_ports -quiet {DATA_STR ADC_DATA4* EVENT_READY}]
/home/work1/Works/AI-Trigger-System/HDL/constraints/ai_trigger_ooc.xdc (Line: 19)
Related violations: <none>

XDCH-2#436 Warning
Same min and max delay values on IO port  
The same input delay of 0.000 ns has been defined on port 'ADC_DATA4[2][13][1]' relative to clock CLK_ADC for both max and min. Make sure this reflects the design intent.
set_input_delay -clock [get_clocks CLK_ADC] 0.000 [get_ports -quiet {DATA_STR ADC_DATA4* EVENT_READY}]
/home/work1/Works/AI-Trigger-System/HDL/constraints/ai_trigger_ooc.xdc (Line: 19)
Related violations: <none>

XDCH-2#437 Warning
Same min and max delay values on IO port  
The same input delay of 0.000 ns has been defined on port 'ADC_DATA4[2][13][2]' relative to clock CLK_ADC for both max and min. Make sure this reflects the design intent.
set_input_delay -clock [get_clocks CLK_ADC] 0.000 [get_ports -quiet {DATA_STR ADC_DATA4* EVENT_READY}]
/home/work1/Works/AI-Trigger-System/HDL/constraints/ai_trigger_ooc.xdc (Line: 19)
Related violations: <none>

XDCH-2#438 Warning
Same min and max delay values on IO port  
The same input delay of 0.000 ns has been defined on port 'ADC_DATA4[2][13][3]' relative to clock CLK_ADC for both max and min. Make sure this reflects the design intent.
set_input_delay -clock [get_clocks CLK_ADC] 0.000 [get_ports -quiet {DATA_STR ADC_DATA4* EVENT_READY}]
/home/work1/Works/AI-Trigger-System/HDL/constraints/ai_trigger_ooc.xdc (Line: 19)
Related violations: <none>

XDCH-2#439 Warning
Same min and max delay values on IO port  
The same input delay of 0.000 ns has been defined on port 'ADC_DATA4[2][13][4]' relative to clock CLK_ADC for both max and min. Make sure this reflects the design intent.
set_input_delay -clock [get_clocks CLK_ADC] 0.000 [get_ports -quiet {DATA_STR ADC_DATA4* EVENT_READY}]
/home/work1/Works/AI-Trigger-System/HDL/constraints/ai_trigger_ooc.xdc (Line: 19)
Related violations: <none>

XDCH-2#440 Warning
Same min and max delay values on IO port  
The same input delay of 0.000 ns has been defined on port 'ADC_DATA4[2][13][5]' relative to clock CLK_ADC for both max and min. Make sure this reflects the design intent.
set_input_delay -clock [get_clocks CLK_ADC] 0.000 [get_ports -quiet {DATA_STR ADC_DATA4* EVENT_READY}]
/home/work1/Works/AI-Trigger-System/HDL/constraints/ai_trigger_ooc.xdc (Line: 19)
Related violations: <none>

XDCH-2#441 Warning
Same min and max delay values on IO port  
The same input delay of 0.000 ns has been defined on port 'ADC_DATA4[2][13][6]' relative to clock CLK_ADC for both max and min. Make sure this reflects the design intent.
set_input_delay -clock [get_clocks CLK_ADC] 0.000 [get_ports -quiet {DATA_STR ADC_DATA4* EVENT_READY}]
/home/work1/Works/AI-Trigger-System/HDL/constraints/ai_trigger_ooc.xdc (Line: 19)
Related violations: <none>

XDCH-2#442 Warning
Same min and max delay values on IO port  
The same input delay of 0.000 ns has been defined on port 'ADC_DATA4[2][13][7]' relative to clock CLK_ADC for both max and min. Make sure this reflects the design intent.
set_input_delay -clock [get_clocks CLK_ADC] 0.000 [get_ports -quiet {DATA_STR ADC_DATA4* EVENT_READY}]
/home/work1/Works/AI-Trigger-System/HDL/constraints/ai_trigger_ooc.xdc (Line: 19)
Related violations: <none>

XDCH-2#443 Warning
Same min and max delay values on IO port  
The same input delay of 0.000 ns has been defined on port 'ADC_DATA4[2][13][8]' relative to clock CLK_ADC for both max and min. Make sure this reflects the design intent.
set_input_delay -clock [get_clocks CLK_ADC] 0.000 [get_ports -quiet {DATA_STR ADC_DATA4* EVENT_READY}]
/home/work1/Works/AI-Trigger-System/HDL/constraints/ai_trigger_ooc.xdc (Line: 19)
Related violations: <none>

XDCH-2#444 Warning
Same min and max delay values on IO port  
The same input delay of 0.000 ns has been defined on port 'ADC_DATA4[2][13][9]' relative to clock CLK_ADC for both max and min. Make sure this reflects the design intent.
set_input_delay -clock [get_clocks CLK_ADC] 0.000 [get_ports -quiet {DATA_STR ADC_DATA4* EVENT_READY}]
/home/work1/Works/AI-Trigger-System/HDL/constraints/ai_trigger_ooc.xdc (Line: 19)
Related violations: <none>

XDCH-2#445 Warning
Same min and max delay values on IO port  
The same input delay of 0.000 ns has been defined on port 'ADC_DATA4[2][14][0]' relative to clock CLK_ADC for both max and min. Make sure this reflects the design intent.
set_input_delay -clock [get_clocks CLK_ADC] 0.000 [get_ports -quiet {DATA_STR ADC_DATA4* EVENT_READY}]
/home/work1/Works/AI-Trigger-System/HDL/constraints/ai_trigger_ooc.xdc (Line: 19)
Related violations: <none>

XDCH-2#446 Warning
Same min and max delay values on IO port  
The same input delay of 0.000 ns has been defined on port 'ADC_DATA4[2][14][10]' relative to clock CLK_ADC for both max and min. Make sure this reflects the design intent.
set_input_delay -clock [get_clocks CLK_ADC] 0.000 [get_ports -quiet {DATA_STR ADC_DATA4* EVENT_READY}]
/home/work1/Works/AI-Trigger-System/HDL/constraints/ai_trigger_ooc.xdc (Line: 19)
Related violations: <none>

XDCH-2#447 Warning
Same min and max delay values on IO port  
The same input delay of 0.000 ns has been defined on port 'ADC_DATA4[2][14][11]' relative to clock CLK_ADC for both max and min. Make sure this reflects the design intent.
set_input_delay -clock [get_clocks CLK_ADC] 0.000 [get_ports -quiet {DATA_STR ADC_DATA4* EVENT_READY}]
/home/work1/Works/AI-Trigger-System/HDL/constraints/ai_trigger_ooc.xdc (Line: 19)
Related violations: <none>

XDCH-2#448 Warning
Same min and max delay values on IO port  
The same input delay of 0.000 ns has been defined on port 'ADC_DATA4[2][14][1]' relative to clock CLK_ADC for both max and min. Make sure this reflects the design intent.
set_input_delay -clock [get_clocks CLK_ADC] 0.000 [get_ports -quiet {DATA_STR ADC_DATA4* EVENT_READY}]
/home/work1/Works/AI-Trigger-System/HDL/constraints/ai_trigger_ooc.xdc (Line: 19)
Related violations: <none>

XDCH-2#449 Warning
Same min and max delay values on IO port  
The same input delay of 0.000 ns has been defined on port 'ADC_DATA4[2][14][2]' relative to clock CLK_ADC for both max and min. Make sure this reflects the design intent.
set_input_delay -clock [get_clocks CLK_ADC] 0.000 [get_ports -quiet {DATA_STR ADC_DATA4* EVENT_READY}]
/home/work1/Works/AI-Trigger-System/HDL/constraints/ai_trigger_ooc.xdc (Line: 19)
Related violations: <none>

XDCH-2#450 Warning
Same min and max delay values on IO port  
The same input delay of 0.000 ns has been defined on port 'ADC_DATA4[2][14][3]' relative to clock CLK_ADC for both max and min. Make sure this reflects the design intent.
set_input_delay -clock [get_clocks CLK_ADC] 0.000 [get_ports -quiet {DATA_STR ADC_DATA4* EVENT_READY}]
/home/work1/Works/AI-Trigger-System/HDL/constraints/ai_trigger_ooc.xdc (Line: 19)
Related violations: <none>

XDCH-2#451 Warning
Same min and max delay values on IO port  
The same input delay of 0.000 ns has been defined on port 'ADC_DATA4[2][14][4]' relative to clock CLK_ADC for both max and min. Make sure this reflects the design intent.
set_input_delay -clock [get_clocks CLK_ADC] 0.000 [get_ports -quiet {DATA_STR ADC_DATA4* EVENT_READY}]
/home/work1/Works/AI-Trigger-System/HDL/constraints/ai_trigger_ooc.xdc (Line: 19)
Related violations: <none>

XDCH-2#452 Warning
Same min and max delay values on IO port  
The same input delay of 0.000 ns has been defined on port 'ADC_DATA4[2][14][5]' relative to clock CLK_ADC for both max and min. Make sure this reflects the design intent.
set_input_delay -clock [get_clocks CLK_ADC] 0.000 [get_ports -quiet {DATA_STR ADC_DATA4* EVENT_READY}]
/home/work1/Works/AI-Trigger-System/HDL/constraints/ai_trigger_ooc.xdc (Line: 19)
Related violations: <none>

XDCH-2#453 Warning
Same min and max delay values on IO port  
The same input delay of 0.000 ns has been defined on port 'ADC_DATA4[2][14][6]' relative to clock CLK_ADC for both max and min. Make sure this reflects the design intent.
set_input_delay -clock [get_clocks CLK_ADC] 0.000 [get_ports -quiet {DATA_STR ADC_DATA4* EVENT_READY}]
/home/work1/Works/AI-Trigger-System/HDL/constraints/ai_trigger_ooc.xdc (Line: 19)
Related violations: <none>

XDCH-2#454 Warning
Same min and max delay values on IO port  
The same input delay of 0.000 ns has been defined on port 'ADC_DATA4[2][14][7]' relative to clock CLK_ADC for both max and min. Make sure this reflects the design intent.
set_input_delay -clock [get_clocks CLK_ADC] 0.000 [get_ports -quiet {DATA_STR ADC_DATA4* EVENT_READY}]
/home/work1/Works/AI-Trigger-System/HDL/constraints/ai_trigger_ooc.xdc (Line: 19)
Related violations: <none>

XDCH-2#455 Warning
Same min and max delay values on IO port  
The same input delay of 0.000 ns has been defined on port 'ADC_DATA4[2][14][8]' relative to clock CLK_ADC for both max and min. Make sure this reflects the design intent.
set_input_delay -clock [get_clocks CLK_ADC] 0.000 [get_ports -quiet {DATA_STR ADC_DATA4* EVENT_READY}]
/home/work1/Works/AI-Trigger-System/HDL/constraints/ai_trigger_ooc.xdc (Line: 19)
Related violations: <none>

XDCH-2#456 Warning
Same min and max delay values on IO port  
The same input delay of 0.000 ns has been defined on port 'ADC_DATA4[2][14][9]' relative to clock CLK_ADC for both max and min. Make sure this reflects the design intent.
set_input_delay -clock [get_clocks CLK_ADC] 0.000 [get_ports -quiet {DATA_STR ADC_DATA4* EVENT_READY}]
/home/work1/Works/AI-Trigger-System/HDL/constraints/ai_trigger_ooc.xdc (Line: 19)
Related violations: <none>

XDCH-2#457 Warning
Same min and max delay values on IO port  
The same input delay of 0.000 ns has been defined on port 'ADC_DATA4[2][15][0]' relative to clock CLK_ADC for both max and min. Make sure this reflects the design intent.
set_input_delay -clock [get_clocks CLK_ADC] 0.000 [get_ports -quiet {DATA_STR ADC_DATA4* EVENT_READY}]
/home/work1/Works/AI-Trigger-System/HDL/constraints/ai_trigger_ooc.xdc (Line: 19)
Related violations: <none>

XDCH-2#458 Warning
Same min and max delay values on IO port  
The same input delay of 0.000 ns has been defined on port 'ADC_DATA4[2][15][10]' relative to clock CLK_ADC for both max and min. Make sure this reflects the design intent.
set_input_delay -clock [get_clocks CLK_ADC] 0.000 [get_ports -quiet {DATA_STR ADC_DATA4* EVENT_READY}]
/home/work1/Works/AI-Trigger-System/HDL/constraints/ai_trigger_ooc.xdc (Line: 19)
Related violations: <none>

XDCH-2#459 Warning
Same min and max delay values on IO port  
The same input delay of 0.000 ns has been defined on port 'ADC_DATA4[2][15][11]' relative to clock CLK_ADC for both max and min. Make sure this reflects the design intent.
set_input_delay -clock [get_clocks CLK_ADC] 0.000 [get_ports -quiet {DATA_STR ADC_DATA4* EVENT_READY}]
/home/work1/Works/AI-Trigger-System/HDL/constraints/ai_trigger_ooc.xdc (Line: 19)
Related violations: <none>

XDCH-2#460 Warning
Same min and max delay values on IO port  
The same input delay of 0.000 ns has been defined on port 'ADC_DATA4[2][15][1]' relative to clock CLK_ADC for both max and min. Make sure this reflects the design intent.
set_input_delay -clock [get_clocks CLK_ADC] 0.000 [get_ports -quiet {DATA_STR ADC_DATA4* EVENT_READY}]
/home/work1/Works/AI-Trigger-System/HDL/constraints/ai_trigger_ooc.xdc (Line: 19)
Related violations: <none>

XDCH-2#461 Warning
Same min and max delay values on IO port  
The same input delay of 0.000 ns has been defined on port 'ADC_DATA4[2][15][2]' relative to clock CLK_ADC for both max and min. Make sure this reflects the design intent.
set_input_delay -clock [get_clocks CLK_ADC] 0.000 [get_ports -quiet {DATA_STR ADC_DATA4* EVENT_READY}]
/home/work1/Works/AI-Trigger-System/HDL/constraints/ai_trigger_ooc.xdc (Line: 19)
Related violations: <none>

XDCH-2#462 Warning
Same min and max delay values on IO port  
The same input delay of 0.000 ns has been defined on port 'ADC_DATA4[2][15][3]' relative to clock CLK_ADC for both max and min. Make sure this reflects the design intent.
set_input_delay -clock [get_clocks CLK_ADC] 0.000 [get_ports -quiet {DATA_STR ADC_DATA4* EVENT_READY}]
/home/work1/Works/AI-Trigger-System/HDL/constraints/ai_trigger_ooc.xdc (Line: 19)
Related violations: <none>

XDCH-2#463 Warning
Same min and max delay values on IO port  
The same input delay of 0.000 ns has been defined on port 'ADC_DATA4[2][15][4]' relative to clock CLK_ADC for both max and min. Make sure this reflects the design intent.
set_input_delay -clock [get_clocks CLK_ADC] 0.000 [get_ports -quiet {DATA_STR ADC_DATA4* EVENT_READY}]
/home/work1/Works/AI-Trigger-System/HDL/constraints/ai_trigger_ooc.xdc (Line: 19)
Related violations: <none>

XDCH-2#464 Warning
Same min and max delay values on IO port  
The same input delay of 0.000 ns has been defined on port 'ADC_DATA4[2][15][5]' relative to clock CLK_ADC for both max and min. Make sure this reflects the design intent.
set_input_delay -clock [get_clocks CLK_ADC] 0.000 [get_ports -quiet {DATA_STR ADC_DATA4* EVENT_READY}]
/home/work1/Works/AI-Trigger-System/HDL/constraints/ai_trigger_ooc.xdc (Line: 19)
Related violations: <none>

XDCH-2#465 Warning
Same min and max delay values on IO port  
The same input delay of 0.000 ns has been defined on port 'ADC_DATA4[2][15][6]' relative to clock CLK_ADC for both max and min. Make sure this reflects the design intent.
set_input_delay -clock [get_clocks CLK_ADC] 0.000 [get_ports -quiet {DATA_STR ADC_DATA4* EVENT_READY}]
/home/work1/Works/AI-Trigger-System/HDL/constraints/ai_trigger_ooc.xdc (Line: 19)
Related violations: <none>

XDCH-2#466 Warning
Same min and max delay values on IO port  
The same input delay of 0.000 ns has been defined on port 'ADC_DATA4[2][15][7]' relative to clock CLK_ADC for both max and min. Make sure this reflects the design intent.
set_input_delay -clock [get_clocks CLK_ADC] 0.000 [get_ports -quiet {DATA_STR ADC_DATA4* EVENT_READY}]
/home/work1/Works/AI-Trigger-System/HDL/constraints/ai_trigger_ooc.xdc (Line: 19)
Related violations: <none>

XDCH-2#467 Warning
Same min and max delay values on IO port  
The same input delay of 0.000 ns has been defined on port 'ADC_DATA4[2][15][8]' relative to clock CLK_ADC for both max and min. Make sure this reflects the design intent.
set_input_delay -clock [get_clocks CLK_ADC] 0.000 [get_ports -quiet {DATA_STR ADC_DATA4* EVENT_READY}]
/home/work1/Works/AI-Trigger-System/HDL/constraints/ai_trigger_ooc.xdc (Line: 19)
Related violations: <none>

XDCH-2#468 Warning
Same min and max delay values on IO port  
The same input delay of 0.000 ns has been defined on port 'ADC_DATA4[2][15][9]' relative to clock CLK_ADC for both max and min. Make sure this reflects the design intent.
set_input_delay -clock [get_clocks CLK_ADC] 0.000 [get_ports -quiet {DATA_STR ADC_DATA4* EVENT_READY}]
/home/work1/Works/AI-Trigger-System/HDL/constraints/ai_trigger_ooc.xdc (Line: 19)
Related violations: <none>

XDCH-2#469 Warning
Same min and max delay values on IO port  
The same input delay of 0.000 ns has been defined on port 'ADC_DATA4[2][1][0]' relative to clock CLK_ADC for both max and min. Make sure this reflects the design intent.
set_input_delay -clock [get_clocks CLK_ADC] 0.000 [get_ports -quiet {DATA_STR ADC_DATA4* EVENT_READY}]
/home/work1/Works/AI-Trigger-System/HDL/constraints/ai_trigger_ooc.xdc (Line: 19)
Related violations: <none>

XDCH-2#470 Warning
Same min and max delay values on IO port  
The same input delay of 0.000 ns has been defined on port 'ADC_DATA4[2][1][10]' relative to clock CLK_ADC for both max and min. Make sure this reflects the design intent.
set_input_delay -clock [get_clocks CLK_ADC] 0.000 [get_ports -quiet {DATA_STR ADC_DATA4* EVENT_READY}]
/home/work1/Works/AI-Trigger-System/HDL/constraints/ai_trigger_ooc.xdc (Line: 19)
Related violations: <none>

XDCH-2#471 Warning
Same min and max delay values on IO port  
The same input delay of 0.000 ns has been defined on port 'ADC_DATA4[2][1][11]' relative to clock CLK_ADC for both max and min. Make sure this reflects the design intent.
set_input_delay -clock [get_clocks CLK_ADC] 0.000 [get_ports -quiet {DATA_STR ADC_DATA4* EVENT_READY}]
/home/work1/Works/AI-Trigger-System/HDL/constraints/ai_trigger_ooc.xdc (Line: 19)
Related violations: <none>

XDCH-2#472 Warning
Same min and max delay values on IO port  
The same input delay of 0.000 ns has been defined on port 'ADC_DATA4[2][1][1]' relative to clock CLK_ADC for both max and min. Make sure this reflects the design intent.
set_input_delay -clock [get_clocks CLK_ADC] 0.000 [get_ports -quiet {DATA_STR ADC_DATA4* EVENT_READY}]
/home/work1/Works/AI-Trigger-System/HDL/constraints/ai_trigger_ooc.xdc (Line: 19)
Related violations: <none>

XDCH-2#473 Warning
Same min and max delay values on IO port  
The same input delay of 0.000 ns has been defined on port 'ADC_DATA4[2][1][2]' relative to clock CLK_ADC for both max and min. Make sure this reflects the design intent.
set_input_delay -clock [get_clocks CLK_ADC] 0.000 [get_ports -quiet {DATA_STR ADC_DATA4* EVENT_READY}]
/home/work1/Works/AI-Trigger-System/HDL/constraints/ai_trigger_ooc.xdc (Line: 19)
Related violations: <none>

XDCH-2#474 Warning
Same min and max delay values on IO port  
The same input delay of 0.000 ns has been defined on port 'ADC_DATA4[2][1][3]' relative to clock CLK_ADC for both max and min. Make sure this reflects the design intent.
set_input_delay -clock [get_clocks CLK_ADC] 0.000 [get_ports -quiet {DATA_STR ADC_DATA4* EVENT_READY}]
/home/work1/Works/AI-Trigger-System/HDL/constraints/ai_trigger_ooc.xdc (Line: 19)
Related violations: <none>

XDCH-2#475 Warning
Same min and max delay values on IO port  
The same input delay of 0.000 ns has been defined on port 'ADC_DATA4[2][1][4]' relative to clock CLK_ADC for both max and min. Make sure this reflects the design intent.
set_input_delay -clock [get_clocks CLK_ADC] 0.000 [get_ports -quiet {DATA_STR ADC_DATA4* EVENT_READY}]
/home/work1/Works/AI-Trigger-System/HDL/constraints/ai_trigger_ooc.xdc (Line: 19)
Related violations: <none>

XDCH-2#476 Warning
Same min and max delay values on IO port  
The same input delay of 0.000 ns has been defined on port 'ADC_DATA4[2][1][5]' relative to clock CLK_ADC for both max and min. Make sure this reflects the design intent.
set_input_delay -clock [get_clocks CLK_ADC] 0.000 [get_ports -quiet {DATA_STR ADC_DATA4* EVENT_READY}]
/home/work1/Works/AI-Trigger-System/HDL/constraints/ai_trigger_ooc.xdc (Line: 19)
Related violations: <none>

XDCH-2#477 Warning
Same min and max delay values on IO port  
The same input delay of 0.000 ns has been defined on port 'ADC_DATA4[2][1][6]' relative to clock CLK_ADC for both max and min. Make sure this reflects the design intent.
set_input_delay -clock [get_clocks CLK_ADC] 0.000 [get_ports -quiet {DATA_STR ADC_DATA4* EVENT_READY}]
/home/work1/Works/AI-Trigger-System/HDL/constraints/ai_trigger_ooc.xdc (Line: 19)
Related violations: <none>

XDCH-2#478 Warning
Same min and max delay values on IO port  
The same input delay of 0.000 ns has been defined on port 'ADC_DATA4[2][1][7]' relative to clock CLK_ADC for both max and min. Make sure this reflects the design intent.
set_input_delay -clock [get_clocks CLK_ADC] 0.000 [get_ports -quiet {DATA_STR ADC_DATA4* EVENT_READY}]
/home/work1/Works/AI-Trigger-System/HDL/constraints/ai_trigger_ooc.xdc (Line: 19)
Related violations: <none>

XDCH-2#479 Warning
Same min and max delay values on IO port  
The same input delay of 0.000 ns has been defined on port 'ADC_DATA4[2][1][8]' relative to clock CLK_ADC for both max and min. Make sure this reflects the design intent.
set_input_delay -clock [get_clocks CLK_ADC] 0.000 [get_ports -quiet {DATA_STR ADC_DATA4* EVENT_READY}]
/home/work1/Works/AI-Trigger-System/HDL/constraints/ai_trigger_ooc.xdc (Line: 19)
Related violations: <none>

XDCH-2#480 Warning
Same min and max delay values on IO port  
The same input delay of 0.000 ns has been defined on port 'ADC_DATA4[2][1][9]' relative to clock CLK_ADC for both max and min. Make sure this reflects the design intent.
set_input_delay -clock [get_clocks CLK_ADC] 0.000 [get_ports -quiet {DATA_STR ADC_DATA4* EVENT_READY}]
/home/work1/Works/AI-Trigger-System/HDL/constraints/ai_trigger_ooc.xdc (Line: 19)
Related violations: <none>

XDCH-2#481 Warning
Same min and max delay values on IO port  
The same input delay of 0.000 ns has been defined on port 'ADC_DATA4[2][2][0]' relative to clock CLK_ADC for both max and min. Make sure this reflects the design intent.
set_input_delay -clock [get_clocks CLK_ADC] 0.000 [get_ports -quiet {DATA_STR ADC_DATA4* EVENT_READY}]
/home/work1/Works/AI-Trigger-System/HDL/constraints/ai_trigger_ooc.xdc (Line: 19)
Related violations: <none>

XDCH-2#482 Warning
Same min and max delay values on IO port  
The same input delay of 0.000 ns has been defined on port 'ADC_DATA4[2][2][10]' relative to clock CLK_ADC for both max and min. Make sure this reflects the design intent.
set_input_delay -clock [get_clocks CLK_ADC] 0.000 [get_ports -quiet {DATA_STR ADC_DATA4* EVENT_READY}]
/home/work1/Works/AI-Trigger-System/HDL/constraints/ai_trigger_ooc.xdc (Line: 19)
Related violations: <none>

XDCH-2#483 Warning
Same min and max delay values on IO port  
The same input delay of 0.000 ns has been defined on port 'ADC_DATA4[2][2][11]' relative to clock CLK_ADC for both max and min. Make sure this reflects the design intent.
set_input_delay -clock [get_clocks CLK_ADC] 0.000 [get_ports -quiet {DATA_STR ADC_DATA4* EVENT_READY}]
/home/work1/Works/AI-Trigger-System/HDL/constraints/ai_trigger_ooc.xdc (Line: 19)
Related violations: <none>

XDCH-2#484 Warning
Same min and max delay values on IO port  
The same input delay of 0.000 ns has been defined on port 'ADC_DATA4[2][2][1]' relative to clock CLK_ADC for both max and min. Make sure this reflects the design intent.
set_input_delay -clock [get_clocks CLK_ADC] 0.000 [get_ports -quiet {DATA_STR ADC_DATA4* EVENT_READY}]
/home/work1/Works/AI-Trigger-System/HDL/constraints/ai_trigger_ooc.xdc (Line: 19)
Related violations: <none>

XDCH-2#485 Warning
Same min and max delay values on IO port  
The same input delay of 0.000 ns has been defined on port 'ADC_DATA4[2][2][2]' relative to clock CLK_ADC for both max and min. Make sure this reflects the design intent.
set_input_delay -clock [get_clocks CLK_ADC] 0.000 [get_ports -quiet {DATA_STR ADC_DATA4* EVENT_READY}]
/home/work1/Works/AI-Trigger-System/HDL/constraints/ai_trigger_ooc.xdc (Line: 19)
Related violations: <none>

XDCH-2#486 Warning
Same min and max delay values on IO port  
The same input delay of 0.000 ns has been defined on port 'ADC_DATA4[2][2][3]' relative to clock CLK_ADC for both max and min. Make sure this reflects the design intent.
set_input_delay -clock [get_clocks CLK_ADC] 0.000 [get_ports -quiet {DATA_STR ADC_DATA4* EVENT_READY}]
/home/work1/Works/AI-Trigger-System/HDL/constraints/ai_trigger_ooc.xdc (Line: 19)
Related violations: <none>

XDCH-2#487 Warning
Same min and max delay values on IO port  
The same input delay of 0.000 ns has been defined on port 'ADC_DATA4[2][2][4]' relative to clock CLK_ADC for both max and min. Make sure this reflects the design intent.
set_input_delay -clock [get_clocks CLK_ADC] 0.000 [get_ports -quiet {DATA_STR ADC_DATA4* EVENT_READY}]
/home/work1/Works/AI-Trigger-System/HDL/constraints/ai_trigger_ooc.xdc (Line: 19)
Related violations: <none>

XDCH-2#488 Warning
Same min and max delay values on IO port  
The same input delay of 0.000 ns has been defined on port 'ADC_DATA4[2][2][5]' relative to clock CLK_ADC for both max and min. Make sure this reflects the design intent.
set_input_delay -clock [get_clocks CLK_ADC] 0.000 [get_ports -quiet {DATA_STR ADC_DATA4* EVENT_READY}]
/home/work1/Works/AI-Trigger-System/HDL/constraints/ai_trigger_ooc.xdc (Line: 19)
Related violations: <none>

XDCH-2#489 Warning
Same min and max delay values on IO port  
The same input delay of 0.000 ns has been defined on port 'ADC_DATA4[2][2][6]' relative to clock CLK_ADC for both max and min. Make sure this reflects the design intent.
set_input_delay -clock [get_clocks CLK_ADC] 0.000 [get_ports -quiet {DATA_STR ADC_DATA4* EVENT_READY}]
/home/work1/Works/AI-Trigger-System/HDL/constraints/ai_trigger_ooc.xdc (Line: 19)
Related violations: <none>

XDCH-2#490 Warning
Same min and max delay values on IO port  
The same input delay of 0.000 ns has been defined on port 'ADC_DATA4[2][2][7]' relative to clock CLK_ADC for both max and min. Make sure this reflects the design intent.
set_input_delay -clock [get_clocks CLK_ADC] 0.000 [get_ports -quiet {DATA_STR ADC_DATA4* EVENT_READY}]
/home/work1/Works/AI-Trigger-System/HDL/constraints/ai_trigger_ooc.xdc (Line: 19)
Related violations: <none>

XDCH-2#491 Warning
Same min and max delay values on IO port  
The same input delay of 0.000 ns has been defined on port 'ADC_DATA4[2][2][8]' relative to clock CLK_ADC for both max and min. Make sure this reflects the design intent.
set_input_delay -clock [get_clocks CLK_ADC] 0.000 [get_ports -quiet {DATA_STR ADC_DATA4* EVENT_READY}]
/home/work1/Works/AI-Trigger-System/HDL/constraints/ai_trigger_ooc.xdc (Line: 19)
Related violations: <none>

XDCH-2#492 Warning
Same min and max delay values on IO port  
The same input delay of 0.000 ns has been defined on port 'ADC_DATA4[2][2][9]' relative to clock CLK_ADC for both max and min. Make sure this reflects the design intent.
set_input_delay -clock [get_clocks CLK_ADC] 0.000 [get_ports -quiet {DATA_STR ADC_DATA4* EVENT_READY}]
/home/work1/Works/AI-Trigger-System/HDL/constraints/ai_trigger_ooc.xdc (Line: 19)
Related violations: <none>

XDCH-2#493 Warning
Same min and max delay values on IO port  
The same input delay of 0.000 ns has been defined on port 'ADC_DATA4[2][3][0]' relative to clock CLK_ADC for both max and min. Make sure this reflects the design intent.
set_input_delay -clock [get_clocks CLK_ADC] 0.000 [get_ports -quiet {DATA_STR ADC_DATA4* EVENT_READY}]
/home/work1/Works/AI-Trigger-System/HDL/constraints/ai_trigger_ooc.xdc (Line: 19)
Related violations: <none>

XDCH-2#494 Warning
Same min and max delay values on IO port  
The same input delay of 0.000 ns has been defined on port 'ADC_DATA4[2][3][10]' relative to clock CLK_ADC for both max and min. Make sure this reflects the design intent.
set_input_delay -clock [get_clocks CLK_ADC] 0.000 [get_ports -quiet {DATA_STR ADC_DATA4* EVENT_READY}]
/home/work1/Works/AI-Trigger-System/HDL/constraints/ai_trigger_ooc.xdc (Line: 19)
Related violations: <none>

XDCH-2#495 Warning
Same min and max delay values on IO port  
The same input delay of 0.000 ns has been defined on port 'ADC_DATA4[2][3][11]' relative to clock CLK_ADC for both max and min. Make sure this reflects the design intent.
set_input_delay -clock [get_clocks CLK_ADC] 0.000 [get_ports -quiet {DATA_STR ADC_DATA4* EVENT_READY}]
/home/work1/Works/AI-Trigger-System/HDL/constraints/ai_trigger_ooc.xdc (Line: 19)
Related violations: <none>

XDCH-2#496 Warning
Same min and max delay values on IO port  
The same input delay of 0.000 ns has been defined on port 'ADC_DATA4[2][3][1]' relative to clock CLK_ADC for both max and min. Make sure this reflects the design intent.
set_input_delay -clock [get_clocks CLK_ADC] 0.000 [get_ports -quiet {DATA_STR ADC_DATA4* EVENT_READY}]
/home/work1/Works/AI-Trigger-System/HDL/constraints/ai_trigger_ooc.xdc (Line: 19)
Related violations: <none>

XDCH-2#497 Warning
Same min and max delay values on IO port  
The same input delay of 0.000 ns has been defined on port 'ADC_DATA4[2][3][2]' relative to clock CLK_ADC for both max and min. Make sure this reflects the design intent.
set_input_delay -clock [get_clocks CLK_ADC] 0.000 [get_ports -quiet {DATA_STR ADC_DATA4* EVENT_READY}]
/home/work1/Works/AI-Trigger-System/HDL/constraints/ai_trigger_ooc.xdc (Line: 19)
Related violations: <none>

XDCH-2#498 Warning
Same min and max delay values on IO port  
The same input delay of 0.000 ns has been defined on port 'ADC_DATA4[2][3][3]' relative to clock CLK_ADC for both max and min. Make sure this reflects the design intent.
set_input_delay -clock [get_clocks CLK_ADC] 0.000 [get_ports -quiet {DATA_STR ADC_DATA4* EVENT_READY}]
/home/work1/Works/AI-Trigger-System/HDL/constraints/ai_trigger_ooc.xdc (Line: 19)
Related violations: <none>

XDCH-2#499 Warning
Same min and max delay values on IO port  
The same input delay of 0.000 ns has been defined on port 'ADC_DATA4[2][3][4]' relative to clock CLK_ADC for both max and min. Make sure this reflects the design intent.
set_input_delay -clock [get_clocks CLK_ADC] 0.000 [get_ports -quiet {DATA_STR ADC_DATA4* EVENT_READY}]
/home/work1/Works/AI-Trigger-System/HDL/constraints/ai_trigger_ooc.xdc (Line: 19)
Related violations: <none>

XDCH-2#500 Warning
Same min and max delay values on IO port  
The same input delay of 0.000 ns has been defined on port 'ADC_DATA4[2][3][5]' relative to clock CLK_ADC for both max and min. Make sure this reflects the design intent.
set_input_delay -clock [get_clocks CLK_ADC] 0.000 [get_ports -quiet {DATA_STR ADC_DATA4* EVENT_READY}]
/home/work1/Works/AI-Trigger-System/HDL/constraints/ai_trigger_ooc.xdc (Line: 19)
Related violations: <none>

XDCH-2#501 Warning
Same min and max delay values on IO port  
The same input delay of 0.000 ns has been defined on port 'ADC_DATA4[2][3][6]' relative to clock CLK_ADC for both max and min. Make sure this reflects the design intent.
set_input_delay -clock [get_clocks CLK_ADC] 0.000 [get_ports -quiet {DATA_STR ADC_DATA4* EVENT_READY}]
/home/work1/Works/AI-Trigger-System/HDL/constraints/ai_trigger_ooc.xdc (Line: 19)
Related violations: <none>

XDCH-2#502 Warning
Same min and max delay values on IO port  
The same input delay of 0.000 ns has been defined on port 'ADC_DATA4[2][3][7]' relative to clock CLK_ADC for both max and min. Make sure this reflects the design intent.
set_input_delay -clock [get_clocks CLK_ADC] 0.000 [get_ports -quiet {DATA_STR ADC_DATA4* EVENT_READY}]
/home/work1/Works/AI-Trigger-System/HDL/constraints/ai_trigger_ooc.xdc (Line: 19)
Related violations: <none>

XDCH-2#503 Warning
Same min and max delay values on IO port  
The same input delay of 0.000 ns has been defined on port 'ADC_DATA4[2][3][8]' relative to clock CLK_ADC for both max and min. Make sure this reflects the design intent.
set_input_delay -clock [get_clocks CLK_ADC] 0.000 [get_ports -quiet {DATA_STR ADC_DATA4* EVENT_READY}]
/home/work1/Works/AI-Trigger-System/HDL/constraints/ai_trigger_ooc.xdc (Line: 19)
Related violations: <none>

XDCH-2#504 Warning
Same min and max delay values on IO port  
The same input delay of 0.000 ns has been defined on port 'ADC_DATA4[2][3][9]' relative to clock CLK_ADC for both max and min. Make sure this reflects the design intent.
set_input_delay -clock [get_clocks CLK_ADC] 0.000 [get_ports -quiet {DATA_STR ADC_DATA4* EVENT_READY}]
/home/work1/Works/AI-Trigger-System/HDL/constraints/ai_trigger_ooc.xdc (Line: 19)
Related violations: <none>

XDCH-2#505 Warning
Same min and max delay values on IO port  
The same input delay of 0.000 ns has been defined on port 'ADC_DATA4[2][4][0]' relative to clock CLK_ADC for both max and min. Make sure this reflects the design intent.
set_input_delay -clock [get_clocks CLK_ADC] 0.000 [get_ports -quiet {DATA_STR ADC_DATA4* EVENT_READY}]
/home/work1/Works/AI-Trigger-System/HDL/constraints/ai_trigger_ooc.xdc (Line: 19)
Related violations: <none>

XDCH-2#506 Warning
Same min and max delay values on IO port  
The same input delay of 0.000 ns has been defined on port 'ADC_DATA4[2][4][10]' relative to clock CLK_ADC for both max and min. Make sure this reflects the design intent.
set_input_delay -clock [get_clocks CLK_ADC] 0.000 [get_ports -quiet {DATA_STR ADC_DATA4* EVENT_READY}]
/home/work1/Works/AI-Trigger-System/HDL/constraints/ai_trigger_ooc.xdc (Line: 19)
Related violations: <none>

XDCH-2#507 Warning
Same min and max delay values on IO port  
The same input delay of 0.000 ns has been defined on port 'ADC_DATA4[2][4][11]' relative to clock CLK_ADC for both max and min. Make sure this reflects the design intent.
set_input_delay -clock [get_clocks CLK_ADC] 0.000 [get_ports -quiet {DATA_STR ADC_DATA4* EVENT_READY}]
/home/work1/Works/AI-Trigger-System/HDL/constraints/ai_trigger_ooc.xdc (Line: 19)
Related violations: <none>

XDCH-2#508 Warning
Same min and max delay values on IO port  
The same input delay of 0.000 ns has been defined on port 'ADC_DATA4[2][4][1]' relative to clock CLK_ADC for both max and min. Make sure this reflects the design intent.
set_input_delay -clock [get_clocks CLK_ADC] 0.000 [get_ports -quiet {DATA_STR ADC_DATA4* EVENT_READY}]
/home/work1/Works/AI-Trigger-System/HDL/constraints/ai_trigger_ooc.xdc (Line: 19)
Related violations: <none>

XDCH-2#509 Warning
Same min and max delay values on IO port  
The same input delay of 0.000 ns has been defined on port 'ADC_DATA4[2][4][2]' relative to clock CLK_ADC for both max and min. Make sure this reflects the design intent.
set_input_delay -clock [get_clocks CLK_ADC] 0.000 [get_ports -quiet {DATA_STR ADC_DATA4* EVENT_READY}]
/home/work1/Works/AI-Trigger-System/HDL/constraints/ai_trigger_ooc.xdc (Line: 19)
Related violations: <none>

XDCH-2#510 Warning
Same min and max delay values on IO port  
The same input delay of 0.000 ns has been defined on port 'ADC_DATA4[2][4][3]' relative to clock CLK_ADC for both max and min. Make sure this reflects the design intent.
set_input_delay -clock [get_clocks CLK_ADC] 0.000 [get_ports -quiet {DATA_STR ADC_DATA4* EVENT_READY}]
/home/work1/Works/AI-Trigger-System/HDL/constraints/ai_trigger_ooc.xdc (Line: 19)
Related violations: <none>

XDCH-2#511 Warning
Same min and max delay values on IO port  
The same input delay of 0.000 ns has been defined on port 'ADC_DATA4[2][4][4]' relative to clock CLK_ADC for both max and min. Make sure this reflects the design intent.
set_input_delay -clock [get_clocks CLK_ADC] 0.000 [get_ports -quiet {DATA_STR ADC_DATA4* EVENT_READY}]
/home/work1/Works/AI-Trigger-System/HDL/constraints/ai_trigger_ooc.xdc (Line: 19)
Related violations: <none>

XDCH-2#512 Warning
Same min and max delay values on IO port  
The same input delay of 0.000 ns has been defined on port 'ADC_DATA4[2][4][5]' relative to clock CLK_ADC for both max and min. Make sure this reflects the design intent.
set_input_delay -clock [get_clocks CLK_ADC] 0.000 [get_ports -quiet {DATA_STR ADC_DATA4* EVENT_READY}]
/home/work1/Works/AI-Trigger-System/HDL/constraints/ai_trigger_ooc.xdc (Line: 19)
Related violations: <none>

XDCH-2#513 Warning
Same min and max delay values on IO port  
The same input delay of 0.000 ns has been defined on port 'ADC_DATA4[2][4][6]' relative to clock CLK_ADC for both max and min. Make sure this reflects the design intent.
set_input_delay -clock [get_clocks CLK_ADC] 0.000 [get_ports -quiet {DATA_STR ADC_DATA4* EVENT_READY}]
/home/work1/Works/AI-Trigger-System/HDL/constraints/ai_trigger_ooc.xdc (Line: 19)
Related violations: <none>

XDCH-2#514 Warning
Same min and max delay values on IO port  
The same input delay of 0.000 ns has been defined on port 'ADC_DATA4[2][4][7]' relative to clock CLK_ADC for both max and min. Make sure this reflects the design intent.
set_input_delay -clock [get_clocks CLK_ADC] 0.000 [get_ports -quiet {DATA_STR ADC_DATA4* EVENT_READY}]
/home/work1/Works/AI-Trigger-System/HDL/constraints/ai_trigger_ooc.xdc (Line: 19)
Related violations: <none>

XDCH-2#515 Warning
Same min and max delay values on IO port  
The same input delay of 0.000 ns has been defined on port 'ADC_DATA4[2][4][8]' relative to clock CLK_ADC for both max and min. Make sure this reflects the design intent.
set_input_delay -clock [get_clocks CLK_ADC] 0.000 [get_ports -quiet {DATA_STR ADC_DATA4* EVENT_READY}]
/home/work1/Works/AI-Trigger-System/HDL/constraints/ai_trigger_ooc.xdc (Line: 19)
Related violations: <none>

XDCH-2#516 Warning
Same min and max delay values on IO port  
The same input delay of 0.000 ns has been defined on port 'ADC_DATA4[2][4][9]' relative to clock CLK_ADC for both max and min. Make sure this reflects the design intent.
set_input_delay -clock [get_clocks CLK_ADC] 0.000 [get_ports -quiet {DATA_STR ADC_DATA4* EVENT_READY}]
/home/work1/Works/AI-Trigger-System/HDL/constraints/ai_trigger_ooc.xdc (Line: 19)
Related violations: <none>

XDCH-2#517 Warning
Same min and max delay values on IO port  
The same input delay of 0.000 ns has been defined on port 'ADC_DATA4[2][5][0]' relative to clock CLK_ADC for both max and min. Make sure this reflects the design intent.
set_input_delay -clock [get_clocks CLK_ADC] 0.000 [get_ports -quiet {DATA_STR ADC_DATA4* EVENT_READY}]
/home/work1/Works/AI-Trigger-System/HDL/constraints/ai_trigger_ooc.xdc (Line: 19)
Related violations: <none>

XDCH-2#518 Warning
Same min and max delay values on IO port  
The same input delay of 0.000 ns has been defined on port 'ADC_DATA4[2][5][10]' relative to clock CLK_ADC for both max and min. Make sure this reflects the design intent.
set_input_delay -clock [get_clocks CLK_ADC] 0.000 [get_ports -quiet {DATA_STR ADC_DATA4* EVENT_READY}]
/home/work1/Works/AI-Trigger-System/HDL/constraints/ai_trigger_ooc.xdc (Line: 19)
Related violations: <none>

XDCH-2#519 Warning
Same min and max delay values on IO port  
The same input delay of 0.000 ns has been defined on port 'ADC_DATA4[2][5][11]' relative to clock CLK_ADC for both max and min. Make sure this reflects the design intent.
set_input_delay -clock [get_clocks CLK_ADC] 0.000 [get_ports -quiet {DATA_STR ADC_DATA4* EVENT_READY}]
/home/work1/Works/AI-Trigger-System/HDL/constraints/ai_trigger_ooc.xdc (Line: 19)
Related violations: <none>

XDCH-2#520 Warning
Same min and max delay values on IO port  
The same input delay of 0.000 ns has been defined on port 'ADC_DATA4[2][5][1]' relative to clock CLK_ADC for both max and min. Make sure this reflects the design intent.
set_input_delay -clock [get_clocks CLK_ADC] 0.000 [get_ports -quiet {DATA_STR ADC_DATA4* EVENT_READY}]
/home/work1/Works/AI-Trigger-System/HDL/constraints/ai_trigger_ooc.xdc (Line: 19)
Related violations: <none>

XDCH-2#521 Warning
Same min and max delay values on IO port  
The same input delay of 0.000 ns has been defined on port 'ADC_DATA4[2][5][2]' relative to clock CLK_ADC for both max and min. Make sure this reflects the design intent.
set_input_delay -clock [get_clocks CLK_ADC] 0.000 [get_ports -quiet {DATA_STR ADC_DATA4* EVENT_READY}]
/home/work1/Works/AI-Trigger-System/HDL/constraints/ai_trigger_ooc.xdc (Line: 19)
Related violations: <none>

XDCH-2#522 Warning
Same min and max delay values on IO port  
The same input delay of 0.000 ns has been defined on port 'ADC_DATA4[2][5][3]' relative to clock CLK_ADC for both max and min. Make sure this reflects the design intent.
set_input_delay -clock [get_clocks CLK_ADC] 0.000 [get_ports -quiet {DATA_STR ADC_DATA4* EVENT_READY}]
/home/work1/Works/AI-Trigger-System/HDL/constraints/ai_trigger_ooc.xdc (Line: 19)
Related violations: <none>

XDCH-2#523 Warning
Same min and max delay values on IO port  
The same input delay of 0.000 ns has been defined on port 'ADC_DATA4[2][5][4]' relative to clock CLK_ADC for both max and min. Make sure this reflects the design intent.
set_input_delay -clock [get_clocks CLK_ADC] 0.000 [get_ports -quiet {DATA_STR ADC_DATA4* EVENT_READY}]
/home/work1/Works/AI-Trigger-System/HDL/constraints/ai_trigger_ooc.xdc (Line: 19)
Related violations: <none>

XDCH-2#524 Warning
Same min and max delay values on IO port  
The same input delay of 0.000 ns has been defined on port 'ADC_DATA4[2][5][5]' relative to clock CLK_ADC for both max and min. Make sure this reflects the design intent.
set_input_delay -clock [get_clocks CLK_ADC] 0.000 [get_ports -quiet {DATA_STR ADC_DATA4* EVENT_READY}]
/home/work1/Works/AI-Trigger-System/HDL/constraints/ai_trigger_ooc.xdc (Line: 19)
Related violations: <none>

XDCH-2#525 Warning
Same min and max delay values on IO port  
The same input delay of 0.000 ns has been defined on port 'ADC_DATA4[2][5][6]' relative to clock CLK_ADC for both max and min. Make sure this reflects the design intent.
set_input_delay -clock [get_clocks CLK_ADC] 0.000 [get_ports -quiet {DATA_STR ADC_DATA4* EVENT_READY}]
/home/work1/Works/AI-Trigger-System/HDL/constraints/ai_trigger_ooc.xdc (Line: 19)
Related violations: <none>

XDCH-2#526 Warning
Same min and max delay values on IO port  
The same input delay of 0.000 ns has been defined on port 'ADC_DATA4[2][5][7]' relative to clock CLK_ADC for both max and min. Make sure this reflects the design intent.
set_input_delay -clock [get_clocks CLK_ADC] 0.000 [get_ports -quiet {DATA_STR ADC_DATA4* EVENT_READY}]
/home/work1/Works/AI-Trigger-System/HDL/constraints/ai_trigger_ooc.xdc (Line: 19)
Related violations: <none>

XDCH-2#527 Warning
Same min and max delay values on IO port  
The same input delay of 0.000 ns has been defined on port 'ADC_DATA4[2][5][8]' relative to clock CLK_ADC for both max and min. Make sure this reflects the design intent.
set_input_delay -clock [get_clocks CLK_ADC] 0.000 [get_ports -quiet {DATA_STR ADC_DATA4* EVENT_READY}]
/home/work1/Works/AI-Trigger-System/HDL/constraints/ai_trigger_ooc.xdc (Line: 19)
Related violations: <none>

XDCH-2#528 Warning
Same min and max delay values on IO port  
The same input delay of 0.000 ns has been defined on port 'ADC_DATA4[2][5][9]' relative to clock CLK_ADC for both max and min. Make sure this reflects the design intent.
set_input_delay -clock [get_clocks CLK_ADC] 0.000 [get_ports -quiet {DATA_STR ADC_DATA4* EVENT_READY}]
/home/work1/Works/AI-Trigger-System/HDL/constraints/ai_trigger_ooc.xdc (Line: 19)
Related violations: <none>

XDCH-2#529 Warning
Same min and max delay values on IO port  
The same input delay of 0.000 ns has been defined on port 'ADC_DATA4[2][6][0]' relative to clock CLK_ADC for both max and min. Make sure this reflects the design intent.
set_input_delay -clock [get_clocks CLK_ADC] 0.000 [get_ports -quiet {DATA_STR ADC_DATA4* EVENT_READY}]
/home/work1/Works/AI-Trigger-System/HDL/constraints/ai_trigger_ooc.xdc (Line: 19)
Related violations: <none>

XDCH-2#530 Warning
Same min and max delay values on IO port  
The same input delay of 0.000 ns has been defined on port 'ADC_DATA4[2][6][10]' relative to clock CLK_ADC for both max and min. Make sure this reflects the design intent.
set_input_delay -clock [get_clocks CLK_ADC] 0.000 [get_ports -quiet {DATA_STR ADC_DATA4* EVENT_READY}]
/home/work1/Works/AI-Trigger-System/HDL/constraints/ai_trigger_ooc.xdc (Line: 19)
Related violations: <none>

XDCH-2#531 Warning
Same min and max delay values on IO port  
The same input delay of 0.000 ns has been defined on port 'ADC_DATA4[2][6][11]' relative to clock CLK_ADC for both max and min. Make sure this reflects the design intent.
set_input_delay -clock [get_clocks CLK_ADC] 0.000 [get_ports -quiet {DATA_STR ADC_DATA4* EVENT_READY}]
/home/work1/Works/AI-Trigger-System/HDL/constraints/ai_trigger_ooc.xdc (Line: 19)
Related violations: <none>

XDCH-2#532 Warning
Same min and max delay values on IO port  
The same input delay of 0.000 ns has been defined on port 'ADC_DATA4[2][6][1]' relative to clock CLK_ADC for both max and min. Make sure this reflects the design intent.
set_input_delay -clock [get_clocks CLK_ADC] 0.000 [get_ports -quiet {DATA_STR ADC_DATA4* EVENT_READY}]
/home/work1/Works/AI-Trigger-System/HDL/constraints/ai_trigger_ooc.xdc (Line: 19)
Related violations: <none>

XDCH-2#533 Warning
Same min and max delay values on IO port  
The same input delay of 0.000 ns has been defined on port 'ADC_DATA4[2][6][2]' relative to clock CLK_ADC for both max and min. Make sure this reflects the design intent.
set_input_delay -clock [get_clocks CLK_ADC] 0.000 [get_ports -quiet {DATA_STR ADC_DATA4* EVENT_READY}]
/home/work1/Works/AI-Trigger-System/HDL/constraints/ai_trigger_ooc.xdc (Line: 19)
Related violations: <none>

XDCH-2#534 Warning
Same min and max delay values on IO port  
The same input delay of 0.000 ns has been defined on port 'ADC_DATA4[2][6][3]' relative to clock CLK_ADC for both max and min. Make sure this reflects the design intent.
set_input_delay -clock [get_clocks CLK_ADC] 0.000 [get_ports -quiet {DATA_STR ADC_DATA4* EVENT_READY}]
/home/work1/Works/AI-Trigger-System/HDL/constraints/ai_trigger_ooc.xdc (Line: 19)
Related violations: <none>

XDCH-2#535 Warning
Same min and max delay values on IO port  
The same input delay of 0.000 ns has been defined on port 'ADC_DATA4[2][6][4]' relative to clock CLK_ADC for both max and min. Make sure this reflects the design intent.
set_input_delay -clock [get_clocks CLK_ADC] 0.000 [get_ports -quiet {DATA_STR ADC_DATA4* EVENT_READY}]
/home/work1/Works/AI-Trigger-System/HDL/constraints/ai_trigger_ooc.xdc (Line: 19)
Related violations: <none>

XDCH-2#536 Warning
Same min and max delay values on IO port  
The same input delay of 0.000 ns has been defined on port 'ADC_DATA4[2][6][5]' relative to clock CLK_ADC for both max and min. Make sure this reflects the design intent.
set_input_delay -clock [get_clocks CLK_ADC] 0.000 [get_ports -quiet {DATA_STR ADC_DATA4* EVENT_READY}]
/home/work1/Works/AI-Trigger-System/HDL/constraints/ai_trigger_ooc.xdc (Line: 19)
Related violations: <none>

XDCH-2#537 Warning
Same min and max delay values on IO port  
The same input delay of 0.000 ns has been defined on port 'ADC_DATA4[2][6][6]' relative to clock CLK_ADC for both max and min. Make sure this reflects the design intent.
set_input_delay -clock [get_clocks CLK_ADC] 0.000 [get_ports -quiet {DATA_STR ADC_DATA4* EVENT_READY}]
/home/work1/Works/AI-Trigger-System/HDL/constraints/ai_trigger_ooc.xdc (Line: 19)
Related violations: <none>

XDCH-2#538 Warning
Same min and max delay values on IO port  
The same input delay of 0.000 ns has been defined on port 'ADC_DATA4[2][6][7]' relative to clock CLK_ADC for both max and min. Make sure this reflects the design intent.
set_input_delay -clock [get_clocks CLK_ADC] 0.000 [get_ports -quiet {DATA_STR ADC_DATA4* EVENT_READY}]
/home/work1/Works/AI-Trigger-System/HDL/constraints/ai_trigger_ooc.xdc (Line: 19)
Related violations: <none>

XDCH-2#539 Warning
Same min and max delay values on IO port  
The same input delay of 0.000 ns has been defined on port 'ADC_DATA4[2][6][8]' relative to clock CLK_ADC for both max and min. Make sure this reflects the design intent.
set_input_delay -clock [get_clocks CLK_ADC] 0.000 [get_ports -quiet {DATA_STR ADC_DATA4* EVENT_READY}]
/home/work1/Works/AI-Trigger-System/HDL/constraints/ai_trigger_ooc.xdc (Line: 19)
Related violations: <none>

XDCH-2#540 Warning
Same min and max delay values on IO port  
The same input delay of 0.000 ns has been defined on port 'ADC_DATA4[2][6][9]' relative to clock CLK_ADC for both max and min. Make sure this reflects the design intent.
set_input_delay -clock [get_clocks CLK_ADC] 0.000 [get_ports -quiet {DATA_STR ADC_DATA4* EVENT_READY}]
/home/work1/Works/AI-Trigger-System/HDL/constraints/ai_trigger_ooc.xdc (Line: 19)
Related violations: <none>

XDCH-2#541 Warning
Same min and max delay values on IO port  
The same input delay of 0.000 ns has been defined on port 'ADC_DATA4[2][7][0]' relative to clock CLK_ADC for both max and min. Make sure this reflects the design intent.
set_input_delay -clock [get_clocks CLK_ADC] 0.000 [get_ports -quiet {DATA_STR ADC_DATA4* EVENT_READY}]
/home/work1/Works/AI-Trigger-System/HDL/constraints/ai_trigger_ooc.xdc (Line: 19)
Related violations: <none>

XDCH-2#542 Warning
Same min and max delay values on IO port  
The same input delay of 0.000 ns has been defined on port 'ADC_DATA4[2][7][10]' relative to clock CLK_ADC for both max and min. Make sure this reflects the design intent.
set_input_delay -clock [get_clocks CLK_ADC] 0.000 [get_ports -quiet {DATA_STR ADC_DATA4* EVENT_READY}]
/home/work1/Works/AI-Trigger-System/HDL/constraints/ai_trigger_ooc.xdc (Line: 19)
Related violations: <none>

XDCH-2#543 Warning
Same min and max delay values on IO port  
The same input delay of 0.000 ns has been defined on port 'ADC_DATA4[2][7][11]' relative to clock CLK_ADC for both max and min. Make sure this reflects the design intent.
set_input_delay -clock [get_clocks CLK_ADC] 0.000 [get_ports -quiet {DATA_STR ADC_DATA4* EVENT_READY}]
/home/work1/Works/AI-Trigger-System/HDL/constraints/ai_trigger_ooc.xdc (Line: 19)
Related violations: <none>

XDCH-2#544 Warning
Same min and max delay values on IO port  
The same input delay of 0.000 ns has been defined on port 'ADC_DATA4[2][7][1]' relative to clock CLK_ADC for both max and min. Make sure this reflects the design intent.
set_input_delay -clock [get_clocks CLK_ADC] 0.000 [get_ports -quiet {DATA_STR ADC_DATA4* EVENT_READY}]
/home/work1/Works/AI-Trigger-System/HDL/constraints/ai_trigger_ooc.xdc (Line: 19)
Related violations: <none>

XDCH-2#545 Warning
Same min and max delay values on IO port  
The same input delay of 0.000 ns has been defined on port 'ADC_DATA4[2][7][2]' relative to clock CLK_ADC for both max and min. Make sure this reflects the design intent.
set_input_delay -clock [get_clocks CLK_ADC] 0.000 [get_ports -quiet {DATA_STR ADC_DATA4* EVENT_READY}]
/home/work1/Works/AI-Trigger-System/HDL/constraints/ai_trigger_ooc.xdc (Line: 19)
Related violations: <none>

XDCH-2#546 Warning
Same min and max delay values on IO port  
The same input delay of 0.000 ns has been defined on port 'ADC_DATA4[2][7][3]' relative to clock CLK_ADC for both max and min. Make sure this reflects the design intent.
set_input_delay -clock [get_clocks CLK_ADC] 0.000 [get_ports -quiet {DATA_STR ADC_DATA4* EVENT_READY}]
/home/work1/Works/AI-Trigger-System/HDL/constraints/ai_trigger_ooc.xdc (Line: 19)
Related violations: <none>

XDCH-2#547 Warning
Same min and max delay values on IO port  
The same input delay of 0.000 ns has been defined on port 'ADC_DATA4[2][7][4]' relative to clock CLK_ADC for both max and min. Make sure this reflects the design intent.
set_input_delay -clock [get_clocks CLK_ADC] 0.000 [get_ports -quiet {DATA_STR ADC_DATA4* EVENT_READY}]
/home/work1/Works/AI-Trigger-System/HDL/constraints/ai_trigger_ooc.xdc (Line: 19)
Related violations: <none>

XDCH-2#548 Warning
Same min and max delay values on IO port  
The same input delay of 0.000 ns has been defined on port 'ADC_DATA4[2][7][5]' relative to clock CLK_ADC for both max and min. Make sure this reflects the design intent.
set_input_delay -clock [get_clocks CLK_ADC] 0.000 [get_ports -quiet {DATA_STR ADC_DATA4* EVENT_READY}]
/home/work1/Works/AI-Trigger-System/HDL/constraints/ai_trigger_ooc.xdc (Line: 19)
Related violations: <none>

XDCH-2#549 Warning
Same min and max delay values on IO port  
The same input delay of 0.000 ns has been defined on port 'ADC_DATA4[2][7][6]' relative to clock CLK_ADC for both max and min. Make sure this reflects the design intent.
set_input_delay -clock [get_clocks CLK_ADC] 0.000 [get_ports -quiet {DATA_STR ADC_DATA4* EVENT_READY}]
/home/work1/Works/AI-Trigger-System/HDL/constraints/ai_trigger_ooc.xdc (Line: 19)
Related violations: <none>

XDCH-2#550 Warning
Same min and max delay values on IO port  
The same input delay of 0.000 ns has been defined on port 'ADC_DATA4[2][7][7]' relative to clock CLK_ADC for both max and min. Make sure this reflects the design intent.
set_input_delay -clock [get_clocks CLK_ADC] 0.000 [get_ports -quiet {DATA_STR ADC_DATA4* EVENT_READY}]
/home/work1/Works/AI-Trigger-System/HDL/constraints/ai_trigger_ooc.xdc (Line: 19)
Related violations: <none>

XDCH-2#551 Warning
Same min and max delay values on IO port  
The same input delay of 0.000 ns has been defined on port 'ADC_DATA4[2][7][8]' relative to clock CLK_ADC for both max and min. Make sure this reflects the design intent.
set_input_delay -clock [get_clocks CLK_ADC] 0.000 [get_ports -quiet {DATA_STR ADC_DATA4* EVENT_READY}]
/home/work1/Works/AI-Trigger-System/HDL/constraints/ai_trigger_ooc.xdc (Line: 19)
Related violations: <none>

XDCH-2#552 Warning
Same min and max delay values on IO port  
The same input delay of 0.000 ns has been defined on port 'ADC_DATA4[2][7][9]' relative to clock CLK_ADC for both max and min. Make sure this reflects the design intent.
set_input_delay -clock [get_clocks CLK_ADC] 0.000 [get_ports -quiet {DATA_STR ADC_DATA4* EVENT_READY}]
/home/work1/Works/AI-Trigger-System/HDL/constraints/ai_trigger_ooc.xdc (Line: 19)
Related violations: <none>

XDCH-2#553 Warning
Same min and max delay values on IO port  
The same input delay of 0.000 ns has been defined on port 'ADC_DATA4[2][8][0]' relative to clock CLK_ADC for both max and min. Make sure this reflects the design intent.
set_input_delay -clock [get_clocks CLK_ADC] 0.000 [get_ports -quiet {DATA_STR ADC_DATA4* EVENT_READY}]
/home/work1/Works/AI-Trigger-System/HDL/constraints/ai_trigger_ooc.xdc (Line: 19)
Related violations: <none>

XDCH-2#554 Warning
Same min and max delay values on IO port  
The same input delay of 0.000 ns has been defined on port 'ADC_DATA4[2][8][10]' relative to clock CLK_ADC for both max and min. Make sure this reflects the design intent.
set_input_delay -clock [get_clocks CLK_ADC] 0.000 [get_ports -quiet {DATA_STR ADC_DATA4* EVENT_READY}]
/home/work1/Works/AI-Trigger-System/HDL/constraints/ai_trigger_ooc.xdc (Line: 19)
Related violations: <none>

XDCH-2#555 Warning
Same min and max delay values on IO port  
The same input delay of 0.000 ns has been defined on port 'ADC_DATA4[2][8][11]' relative to clock CLK_ADC for both max and min. Make sure this reflects the design intent.
set_input_delay -clock [get_clocks CLK_ADC] 0.000 [get_ports -quiet {DATA_STR ADC_DATA4* EVENT_READY}]
/home/work1/Works/AI-Trigger-System/HDL/constraints/ai_trigger_ooc.xdc (Line: 19)
Related violations: <none>

XDCH-2#556 Warning
Same min and max delay values on IO port  
The same input delay of 0.000 ns has been defined on port 'ADC_DATA4[2][8][1]' relative to clock CLK_ADC for both max and min. Make sure this reflects the design intent.
set_input_delay -clock [get_clocks CLK_ADC] 0.000 [get_ports -quiet {DATA_STR ADC_DATA4* EVENT_READY}]
/home/work1/Works/AI-Trigger-System/HDL/constraints/ai_trigger_ooc.xdc (Line: 19)
Related violations: <none>

XDCH-2#557 Warning
Same min and max delay values on IO port  
The same input delay of 0.000 ns has been defined on port 'ADC_DATA4[2][8][2]' relative to clock CLK_ADC for both max and min. Make sure this reflects the design intent.
set_input_delay -clock [get_clocks CLK_ADC] 0.000 [get_ports -quiet {DATA_STR ADC_DATA4* EVENT_READY}]
/home/work1/Works/AI-Trigger-System/HDL/constraints/ai_trigger_ooc.xdc (Line: 19)
Related violations: <none>

XDCH-2#558 Warning
Same min and max delay values on IO port  
The same input delay of 0.000 ns has been defined on port 'ADC_DATA4[2][8][3]' relative to clock CLK_ADC for both max and min. Make sure this reflects the design intent.
set_input_delay -clock [get_clocks CLK_ADC] 0.000 [get_ports -quiet {DATA_STR ADC_DATA4* EVENT_READY}]
/home/work1/Works/AI-Trigger-System/HDL/constraints/ai_trigger_ooc.xdc (Line: 19)
Related violations: <none>

XDCH-2#559 Warning
Same min and max delay values on IO port  
The same input delay of 0.000 ns has been defined on port 'ADC_DATA4[2][8][4]' relative to clock CLK_ADC for both max and min. Make sure this reflects the design intent.
set_input_delay -clock [get_clocks CLK_ADC] 0.000 [get_ports -quiet {DATA_STR ADC_DATA4* EVENT_READY}]
/home/work1/Works/AI-Trigger-System/HDL/constraints/ai_trigger_ooc.xdc (Line: 19)
Related violations: <none>

XDCH-2#560 Warning
Same min and max delay values on IO port  
The same input delay of 0.000 ns has been defined on port 'ADC_DATA4[2][8][5]' relative to clock CLK_ADC for both max and min. Make sure this reflects the design intent.
set_input_delay -clock [get_clocks CLK_ADC] 0.000 [get_ports -quiet {DATA_STR ADC_DATA4* EVENT_READY}]
/home/work1/Works/AI-Trigger-System/HDL/constraints/ai_trigger_ooc.xdc (Line: 19)
Related violations: <none>

XDCH-2#561 Warning
Same min and max delay values on IO port  
The same input delay of 0.000 ns has been defined on port 'ADC_DATA4[2][8][6]' relative to clock CLK_ADC for both max and min. Make sure this reflects the design intent.
set_input_delay -clock [get_clocks CLK_ADC] 0.000 [get_ports -quiet {DATA_STR ADC_DATA4* EVENT_READY}]
/home/work1/Works/AI-Trigger-System/HDL/constraints/ai_trigger_ooc.xdc (Line: 19)
Related violations: <none>

XDCH-2#562 Warning
Same min and max delay values on IO port  
The same input delay of 0.000 ns has been defined on port 'ADC_DATA4[2][8][7]' relative to clock CLK_ADC for both max and min. Make sure this reflects the design intent.
set_input_delay -clock [get_clocks CLK_ADC] 0.000 [get_ports -quiet {DATA_STR ADC_DATA4* EVENT_READY}]
/home/work1/Works/AI-Trigger-System/HDL/constraints/ai_trigger_ooc.xdc (Line: 19)
Related violations: <none>

XDCH-2#563 Warning
Same min and max delay values on IO port  
The same input delay of 0.000 ns has been defined on port 'ADC_DATA4[2][8][8]' relative to clock CLK_ADC for both max and min. Make sure this reflects the design intent.
set_input_delay -clock [get_clocks CLK_ADC] 0.000 [get_ports -quiet {DATA_STR ADC_DATA4* EVENT_READY}]
/home/work1/Works/AI-Trigger-System/HDL/constraints/ai_trigger_ooc.xdc (Line: 19)
Related violations: <none>

XDCH-2#564 Warning
Same min and max delay values on IO port  
The same input delay of 0.000 ns has been defined on port 'ADC_DATA4[2][8][9]' relative to clock CLK_ADC for both max and min. Make sure this reflects the design intent.
set_input_delay -clock [get_clocks CLK_ADC] 0.000 [get_ports -quiet {DATA_STR ADC_DATA4* EVENT_READY}]
/home/work1/Works/AI-Trigger-System/HDL/constraints/ai_trigger_ooc.xdc (Line: 19)
Related violations: <none>

XDCH-2#565 Warning
Same min and max delay values on IO port  
The same input delay of 0.000 ns has been defined on port 'ADC_DATA4[2][9][0]' relative to clock CLK_ADC for both max and min. Make sure this reflects the design intent.
set_input_delay -clock [get_clocks CLK_ADC] 0.000 [get_ports -quiet {DATA_STR ADC_DATA4* EVENT_READY}]
/home/work1/Works/AI-Trigger-System/HDL/constraints/ai_trigger_ooc.xdc (Line: 19)
Related violations: <none>

XDCH-2#566 Warning
Same min and max delay values on IO port  
The same input delay of 0.000 ns has been defined on port 'ADC_DATA4[2][9][10]' relative to clock CLK_ADC for both max and min. Make sure this reflects the design intent.
set_input_delay -clock [get_clocks CLK_ADC] 0.000 [get_ports -quiet {DATA_STR ADC_DATA4* EVENT_READY}]
/home/work1/Works/AI-Trigger-System/HDL/constraints/ai_trigger_ooc.xdc (Line: 19)
Related violations: <none>

XDCH-2#567 Warning
Same min and max delay values on IO port  
The same input delay of 0.000 ns has been defined on port 'ADC_DATA4[2][9][11]' relative to clock CLK_ADC for both max and min. Make sure this reflects the design intent.
set_input_delay -clock [get_clocks CLK_ADC] 0.000 [get_ports -quiet {DATA_STR ADC_DATA4* EVENT_READY}]
/home/work1/Works/AI-Trigger-System/HDL/constraints/ai_trigger_ooc.xdc (Line: 19)
Related violations: <none>

XDCH-2#568 Warning
Same min and max delay values on IO port  
The same input delay of 0.000 ns has been defined on port 'ADC_DATA4[2][9][1]' relative to clock CLK_ADC for both max and min. Make sure this reflects the design intent.
set_input_delay -clock [get_clocks CLK_ADC] 0.000 [get_ports -quiet {DATA_STR ADC_DATA4* EVENT_READY}]
/home/work1/Works/AI-Trigger-System/HDL/constraints/ai_trigger_ooc.xdc (Line: 19)
Related violations: <none>

XDCH-2#569 Warning
Same min and max delay values on IO port  
The same input delay of 0.000 ns has been defined on port 'ADC_DATA4[2][9][2]' relative to clock CLK_ADC for both max and min. Make sure this reflects the design intent.
set_input_delay -clock [get_clocks CLK_ADC] 0.000 [get_ports -quiet {DATA_STR ADC_DATA4* EVENT_READY}]
/home/work1/Works/AI-Trigger-System/HDL/constraints/ai_trigger_ooc.xdc (Line: 19)
Related violations: <none>

XDCH-2#570 Warning
Same min and max delay values on IO port  
The same input delay of 0.000 ns has been defined on port 'ADC_DATA4[2][9][3]' relative to clock CLK_ADC for both max and min. Make sure this reflects the design intent.
set_input_delay -clock [get_clocks CLK_ADC] 0.000 [get_ports -quiet {DATA_STR ADC_DATA4* EVENT_READY}]
/home/work1/Works/AI-Trigger-System/HDL/constraints/ai_trigger_ooc.xdc (Line: 19)
Related violations: <none>

XDCH-2#571 Warning
Same min and max delay values on IO port  
The same input delay of 0.000 ns has been defined on port 'ADC_DATA4[2][9][4]' relative to clock CLK_ADC for both max and min. Make sure this reflects the design intent.
set_input_delay -clock [get_clocks CLK_ADC] 0.000 [get_ports -quiet {DATA_STR ADC_DATA4* EVENT_READY}]
/home/work1/Works/AI-Trigger-System/HDL/constraints/ai_trigger_ooc.xdc (Line: 19)
Related violations: <none>

XDCH-2#572 Warning
Same min and max delay values on IO port  
The same input delay of 0.000 ns has been defined on port 'ADC_DATA4[2][9][5]' relative to clock CLK_ADC for both max and min. Make sure this reflects the design intent.
set_input_delay -clock [get_clocks CLK_ADC] 0.000 [get_ports -quiet {DATA_STR ADC_DATA4* EVENT_READY}]
/home/work1/Works/AI-Trigger-System/HDL/constraints/ai_trigger_ooc.xdc (Line: 19)
Related violations: <none>

XDCH-2#573 Warning
Same min and max delay values on IO port  
The same input delay of 0.000 ns has been defined on port 'ADC_DATA4[2][9][6]' relative to clock CLK_ADC for both max and min. Make sure this reflects the design intent.
set_input_delay -clock [get_clocks CLK_ADC] 0.000 [get_ports -quiet {DATA_STR ADC_DATA4* EVENT_READY}]
/home/work1/Works/AI-Trigger-System/HDL/constraints/ai_trigger_ooc.xdc (Line: 19)
Related violations: <none>

XDCH-2#574 Warning
Same min and max delay values on IO port  
The same input delay of 0.000 ns has been defined on port 'ADC_DATA4[2][9][7]' relative to clock CLK_ADC for both max and min. Make sure this reflects the design intent.
set_input_delay -clock [get_clocks CLK_ADC] 0.000 [get_ports -quiet {DATA_STR ADC_DATA4* EVENT_READY}]
/home/work1/Works/AI-Trigger-System/HDL/constraints/ai_trigger_ooc.xdc (Line: 19)
Related violations: <none>

XDCH-2#575 Warning
Same min and max delay values on IO port  
The same input delay of 0.000 ns has been defined on port 'ADC_DATA4[2][9][8]' relative to clock CLK_ADC for both max and min. Make sure this reflects the design intent.
set_input_delay -clock [get_clocks CLK_ADC] 0.000 [get_ports -quiet {DATA_STR ADC_DATA4* EVENT_READY}]
/home/work1/Works/AI-Trigger-System/HDL/constraints/ai_trigger_ooc.xdc (Line: 19)
Related violations: <none>

XDCH-2#576 Warning
Same min and max delay values on IO port  
The same input delay of 0.000 ns has been defined on port 'ADC_DATA4[2][9][9]' relative to clock CLK_ADC for both max and min. Make sure this reflects the design intent.
set_input_delay -clock [get_clocks CLK_ADC] 0.000 [get_ports -quiet {DATA_STR ADC_DATA4* EVENT_READY}]
/home/work1/Works/AI-Trigger-System/HDL/constraints/ai_trigger_ooc.xdc (Line: 19)
Related violations: <none>

XDCH-2#577 Warning
Same min and max delay values on IO port  
The same input delay of 0.000 ns has been defined on port 'ADC_DATA4[3][0][0]' relative to clock CLK_ADC for both max and min. Make sure this reflects the design intent.
set_input_delay -clock [get_clocks CLK_ADC] 0.000 [get_ports -quiet {DATA_STR ADC_DATA4* EVENT_READY}]
/home/work1/Works/AI-Trigger-System/HDL/constraints/ai_trigger_ooc.xdc (Line: 19)
Related violations: <none>

XDCH-2#578 Warning
Same min and max delay values on IO port  
The same input delay of 0.000 ns has been defined on port 'ADC_DATA4[3][0][10]' relative to clock CLK_ADC for both max and min. Make sure this reflects the design intent.
set_input_delay -clock [get_clocks CLK_ADC] 0.000 [get_ports -quiet {DATA_STR ADC_DATA4* EVENT_READY}]
/home/work1/Works/AI-Trigger-System/HDL/constraints/ai_trigger_ooc.xdc (Line: 19)
Related violations: <none>

XDCH-2#579 Warning
Same min and max delay values on IO port  
The same input delay of 0.000 ns has been defined on port 'ADC_DATA4[3][0][11]' relative to clock CLK_ADC for both max and min. Make sure this reflects the design intent.
set_input_delay -clock [get_clocks CLK_ADC] 0.000 [get_ports -quiet {DATA_STR ADC_DATA4* EVENT_READY}]
/home/work1/Works/AI-Trigger-System/HDL/constraints/ai_trigger_ooc.xdc (Line: 19)
Related violations: <none>

XDCH-2#580 Warning
Same min and max delay values on IO port  
The same input delay of 0.000 ns has been defined on port 'ADC_DATA4[3][0][1]' relative to clock CLK_ADC for both max and min. Make sure this reflects the design intent.
set_input_delay -clock [get_clocks CLK_ADC] 0.000 [get_ports -quiet {DATA_STR ADC_DATA4* EVENT_READY}]
/home/work1/Works/AI-Trigger-System/HDL/constraints/ai_trigger_ooc.xdc (Line: 19)
Related violations: <none>

XDCH-2#581 Warning
Same min and max delay values on IO port  
The same input delay of 0.000 ns has been defined on port 'ADC_DATA4[3][0][2]' relative to clock CLK_ADC for both max and min. Make sure this reflects the design intent.
set_input_delay -clock [get_clocks CLK_ADC] 0.000 [get_ports -quiet {DATA_STR ADC_DATA4* EVENT_READY}]
/home/work1/Works/AI-Trigger-System/HDL/constraints/ai_trigger_ooc.xdc (Line: 19)
Related violations: <none>

XDCH-2#582 Warning
Same min and max delay values on IO port  
The same input delay of 0.000 ns has been defined on port 'ADC_DATA4[3][0][3]' relative to clock CLK_ADC for both max and min. Make sure this reflects the design intent.
set_input_delay -clock [get_clocks CLK_ADC] 0.000 [get_ports -quiet {DATA_STR ADC_DATA4* EVENT_READY}]
/home/work1/Works/AI-Trigger-System/HDL/constraints/ai_trigger_ooc.xdc (Line: 19)
Related violations: <none>

XDCH-2#583 Warning
Same min and max delay values on IO port  
The same input delay of 0.000 ns has been defined on port 'ADC_DATA4[3][0][4]' relative to clock CLK_ADC for both max and min. Make sure this reflects the design intent.
set_input_delay -clock [get_clocks CLK_ADC] 0.000 [get_ports -quiet {DATA_STR ADC_DATA4* EVENT_READY}]
/home/work1/Works/AI-Trigger-System/HDL/constraints/ai_trigger_ooc.xdc (Line: 19)
Related violations: <none>

XDCH-2#584 Warning
Same min and max delay values on IO port  
The same input delay of 0.000 ns has been defined on port 'ADC_DATA4[3][0][5]' relative to clock CLK_ADC for both max and min. Make sure this reflects the design intent.
set_input_delay -clock [get_clocks CLK_ADC] 0.000 [get_ports -quiet {DATA_STR ADC_DATA4* EVENT_READY}]
/home/work1/Works/AI-Trigger-System/HDL/constraints/ai_trigger_ooc.xdc (Line: 19)
Related violations: <none>

XDCH-2#585 Warning
Same min and max delay values on IO port  
The same input delay of 0.000 ns has been defined on port 'ADC_DATA4[3][0][6]' relative to clock CLK_ADC for both max and min. Make sure this reflects the design intent.
set_input_delay -clock [get_clocks CLK_ADC] 0.000 [get_ports -quiet {DATA_STR ADC_DATA4* EVENT_READY}]
/home/work1/Works/AI-Trigger-System/HDL/constraints/ai_trigger_ooc.xdc (Line: 19)
Related violations: <none>

XDCH-2#586 Warning
Same min and max delay values on IO port  
The same input delay of 0.000 ns has been defined on port 'ADC_DATA4[3][0][7]' relative to clock CLK_ADC for both max and min. Make sure this reflects the design intent.
set_input_delay -clock [get_clocks CLK_ADC] 0.000 [get_ports -quiet {DATA_STR ADC_DATA4* EVENT_READY}]
/home/work1/Works/AI-Trigger-System/HDL/constraints/ai_trigger_ooc.xdc (Line: 19)
Related violations: <none>

XDCH-2#587 Warning
Same min and max delay values on IO port  
The same input delay of 0.000 ns has been defined on port 'ADC_DATA4[3][0][8]' relative to clock CLK_ADC for both max and min. Make sure this reflects the design intent.
set_input_delay -clock [get_clocks CLK_ADC] 0.000 [get_ports -quiet {DATA_STR ADC_DATA4* EVENT_READY}]
/home/work1/Works/AI-Trigger-System/HDL/constraints/ai_trigger_ooc.xdc (Line: 19)
Related violations: <none>

XDCH-2#588 Warning
Same min and max delay values on IO port  
The same input delay of 0.000 ns has been defined on port 'ADC_DATA4[3][0][9]' relative to clock CLK_ADC for both max and min. Make sure this reflects the design intent.
set_input_delay -clock [get_clocks CLK_ADC] 0.000 [get_ports -quiet {DATA_STR ADC_DATA4* EVENT_READY}]
/home/work1/Works/AI-Trigger-System/HDL/constraints/ai_trigger_ooc.xdc (Line: 19)
Related violations: <none>

XDCH-2#589 Warning
Same min and max delay values on IO port  
The same input delay of 0.000 ns has been defined on port 'ADC_DATA4[3][10][0]' relative to clock CLK_ADC for both max and min. Make sure this reflects the design intent.
set_input_delay -clock [get_clocks CLK_ADC] 0.000 [get_ports -quiet {DATA_STR ADC_DATA4* EVENT_READY}]
/home/work1/Works/AI-Trigger-System/HDL/constraints/ai_trigger_ooc.xdc (Line: 19)
Related violations: <none>

XDCH-2#590 Warning
Same min and max delay values on IO port  
The same input delay of 0.000 ns has been defined on port 'ADC_DATA4[3][10][10]' relative to clock CLK_ADC for both max and min. Make sure this reflects the design intent.
set_input_delay -clock [get_clocks CLK_ADC] 0.000 [get_ports -quiet {DATA_STR ADC_DATA4* EVENT_READY}]
/home/work1/Works/AI-Trigger-System/HDL/constraints/ai_trigger_ooc.xdc (Line: 19)
Related violations: <none>

XDCH-2#591 Warning
Same min and max delay values on IO port  
The same input delay of 0.000 ns has been defined on port 'ADC_DATA4[3][10][11]' relative to clock CLK_ADC for both max and min. Make sure this reflects the design intent.
set_input_delay -clock [get_clocks CLK_ADC] 0.000 [get_ports -quiet {DATA_STR ADC_DATA4* EVENT_READY}]
/home/work1/Works/AI-Trigger-System/HDL/constraints/ai_trigger_ooc.xdc (Line: 19)
Related violations: <none>

XDCH-2#592 Warning
Same min and max delay values on IO port  
The same input delay of 0.000 ns has been defined on port 'ADC_DATA4[3][10][1]' relative to clock CLK_ADC for both max and min. Make sure this reflects the design intent.
set_input_delay -clock [get_clocks CLK_ADC] 0.000 [get_ports -quiet {DATA_STR ADC_DATA4* EVENT_READY}]
/home/work1/Works/AI-Trigger-System/HDL/constraints/ai_trigger_ooc.xdc (Line: 19)
Related violations: <none>

XDCH-2#593 Warning
Same min and max delay values on IO port  
The same input delay of 0.000 ns has been defined on port 'ADC_DATA4[3][10][2]' relative to clock CLK_ADC for both max and min. Make sure this reflects the design intent.
set_input_delay -clock [get_clocks CLK_ADC] 0.000 [get_ports -quiet {DATA_STR ADC_DATA4* EVENT_READY}]
/home/work1/Works/AI-Trigger-System/HDL/constraints/ai_trigger_ooc.xdc (Line: 19)
Related violations: <none>

XDCH-2#594 Warning
Same min and max delay values on IO port  
The same input delay of 0.000 ns has been defined on port 'ADC_DATA4[3][10][3]' relative to clock CLK_ADC for both max and min. Make sure this reflects the design intent.
set_input_delay -clock [get_clocks CLK_ADC] 0.000 [get_ports -quiet {DATA_STR ADC_DATA4* EVENT_READY}]
/home/work1/Works/AI-Trigger-System/HDL/constraints/ai_trigger_ooc.xdc (Line: 19)
Related violations: <none>

XDCH-2#595 Warning
Same min and max delay values on IO port  
The same input delay of 0.000 ns has been defined on port 'ADC_DATA4[3][10][4]' relative to clock CLK_ADC for both max and min. Make sure this reflects the design intent.
set_input_delay -clock [get_clocks CLK_ADC] 0.000 [get_ports -quiet {DATA_STR ADC_DATA4* EVENT_READY}]
/home/work1/Works/AI-Trigger-System/HDL/constraints/ai_trigger_ooc.xdc (Line: 19)
Related violations: <none>

XDCH-2#596 Warning
Same min and max delay values on IO port  
The same input delay of 0.000 ns has been defined on port 'ADC_DATA4[3][10][5]' relative to clock CLK_ADC for both max and min. Make sure this reflects the design intent.
set_input_delay -clock [get_clocks CLK_ADC] 0.000 [get_ports -quiet {DATA_STR ADC_DATA4* EVENT_READY}]
/home/work1/Works/AI-Trigger-System/HDL/constraints/ai_trigger_ooc.xdc (Line: 19)
Related violations: <none>

XDCH-2#597 Warning
Same min and max delay values on IO port  
The same input delay of 0.000 ns has been defined on port 'ADC_DATA4[3][10][6]' relative to clock CLK_ADC for both max and min. Make sure this reflects the design intent.
set_input_delay -clock [get_clocks CLK_ADC] 0.000 [get_ports -quiet {DATA_STR ADC_DATA4* EVENT_READY}]
/home/work1/Works/AI-Trigger-System/HDL/constraints/ai_trigger_ooc.xdc (Line: 19)
Related violations: <none>

XDCH-2#598 Warning
Same min and max delay values on IO port  
The same input delay of 0.000 ns has been defined on port 'ADC_DATA4[3][10][7]' relative to clock CLK_ADC for both max and min. Make sure this reflects the design intent.
set_input_delay -clock [get_clocks CLK_ADC] 0.000 [get_ports -quiet {DATA_STR ADC_DATA4* EVENT_READY}]
/home/work1/Works/AI-Trigger-System/HDL/constraints/ai_trigger_ooc.xdc (Line: 19)
Related violations: <none>

XDCH-2#599 Warning
Same min and max delay values on IO port  
The same input delay of 0.000 ns has been defined on port 'ADC_DATA4[3][10][8]' relative to clock CLK_ADC for both max and min. Make sure this reflects the design intent.
set_input_delay -clock [get_clocks CLK_ADC] 0.000 [get_ports -quiet {DATA_STR ADC_DATA4* EVENT_READY}]
/home/work1/Works/AI-Trigger-System/HDL/constraints/ai_trigger_ooc.xdc (Line: 19)
Related violations: <none>

XDCH-2#600 Warning
Same min and max delay values on IO port  
The same input delay of 0.000 ns has been defined on port 'ADC_DATA4[3][10][9]' relative to clock CLK_ADC for both max and min. Make sure this reflects the design intent.
set_input_delay -clock [get_clocks CLK_ADC] 0.000 [get_ports -quiet {DATA_STR ADC_DATA4* EVENT_READY}]
/home/work1/Works/AI-Trigger-System/HDL/constraints/ai_trigger_ooc.xdc (Line: 19)
Related violations: <none>

XDCH-2#601 Warning
Same min and max delay values on IO port  
The same input delay of 0.000 ns has been defined on port 'ADC_DATA4[3][11][0]' relative to clock CLK_ADC for both max and min. Make sure this reflects the design intent.
set_input_delay -clock [get_clocks CLK_ADC] 0.000 [get_ports -quiet {DATA_STR ADC_DATA4* EVENT_READY}]
/home/work1/Works/AI-Trigger-System/HDL/constraints/ai_trigger_ooc.xdc (Line: 19)
Related violations: <none>

XDCH-2#602 Warning
Same min and max delay values on IO port  
The same input delay of 0.000 ns has been defined on port 'ADC_DATA4[3][11][10]' relative to clock CLK_ADC for both max and min. Make sure this reflects the design intent.
set_input_delay -clock [get_clocks CLK_ADC] 0.000 [get_ports -quiet {DATA_STR ADC_DATA4* EVENT_READY}]
/home/work1/Works/AI-Trigger-System/HDL/constraints/ai_trigger_ooc.xdc (Line: 19)
Related violations: <none>

XDCH-2#603 Warning
Same min and max delay values on IO port  
The same input delay of 0.000 ns has been defined on port 'ADC_DATA4[3][11][11]' relative to clock CLK_ADC for both max and min. Make sure this reflects the design intent.
set_input_delay -clock [get_clocks CLK_ADC] 0.000 [get_ports -quiet {DATA_STR ADC_DATA4* EVENT_READY}]
/home/work1/Works/AI-Trigger-System/HDL/constraints/ai_trigger_ooc.xdc (Line: 19)
Related violations: <none>

XDCH-2#604 Warning
Same min and max delay values on IO port  
The same input delay of 0.000 ns has been defined on port 'ADC_DATA4[3][11][1]' relative to clock CLK_ADC for both max and min. Make sure this reflects the design intent.
set_input_delay -clock [get_clocks CLK_ADC] 0.000 [get_ports -quiet {DATA_STR ADC_DATA4* EVENT_READY}]
/home/work1/Works/AI-Trigger-System/HDL/constraints/ai_trigger_ooc.xdc (Line: 19)
Related violations: <none>

XDCH-2#605 Warning
Same min and max delay values on IO port  
The same input delay of 0.000 ns has been defined on port 'ADC_DATA4[3][11][2]' relative to clock CLK_ADC for both max and min. Make sure this reflects the design intent.
set_input_delay -clock [get_clocks CLK_ADC] 0.000 [get_ports -quiet {DATA_STR ADC_DATA4* EVENT_READY}]
/home/work1/Works/AI-Trigger-System/HDL/constraints/ai_trigger_ooc.xdc (Line: 19)
Related violations: <none>

XDCH-2#606 Warning
Same min and max delay values on IO port  
The same input delay of 0.000 ns has been defined on port 'ADC_DATA4[3][11][3]' relative to clock CLK_ADC for both max and min. Make sure this reflects the design intent.
set_input_delay -clock [get_clocks CLK_ADC] 0.000 [get_ports -quiet {DATA_STR ADC_DATA4* EVENT_READY}]
/home/work1/Works/AI-Trigger-System/HDL/constraints/ai_trigger_ooc.xdc (Line: 19)
Related violations: <none>

XDCH-2#607 Warning
Same min and max delay values on IO port  
The same input delay of 0.000 ns has been defined on port 'ADC_DATA4[3][11][4]' relative to clock CLK_ADC for both max and min. Make sure this reflects the design intent.
set_input_delay -clock [get_clocks CLK_ADC] 0.000 [get_ports -quiet {DATA_STR ADC_DATA4* EVENT_READY}]
/home/work1/Works/AI-Trigger-System/HDL/constraints/ai_trigger_ooc.xdc (Line: 19)
Related violations: <none>

XDCH-2#608 Warning
Same min and max delay values on IO port  
The same input delay of 0.000 ns has been defined on port 'ADC_DATA4[3][11][5]' relative to clock CLK_ADC for both max and min. Make sure this reflects the design intent.
set_input_delay -clock [get_clocks CLK_ADC] 0.000 [get_ports -quiet {DATA_STR ADC_DATA4* EVENT_READY}]
/home/work1/Works/AI-Trigger-System/HDL/constraints/ai_trigger_ooc.xdc (Line: 19)
Related violations: <none>

XDCH-2#609 Warning
Same min and max delay values on IO port  
The same input delay of 0.000 ns has been defined on port 'ADC_DATA4[3][11][6]' relative to clock CLK_ADC for both max and min. Make sure this reflects the design intent.
set_input_delay -clock [get_clocks CLK_ADC] 0.000 [get_ports -quiet {DATA_STR ADC_DATA4* EVENT_READY}]
/home/work1/Works/AI-Trigger-System/HDL/constraints/ai_trigger_ooc.xdc (Line: 19)
Related violations: <none>

XDCH-2#610 Warning
Same min and max delay values on IO port  
The same input delay of 0.000 ns has been defined on port 'ADC_DATA4[3][11][7]' relative to clock CLK_ADC for both max and min. Make sure this reflects the design intent.
set_input_delay -clock [get_clocks CLK_ADC] 0.000 [get_ports -quiet {DATA_STR ADC_DATA4* EVENT_READY}]
/home/work1/Works/AI-Trigger-System/HDL/constraints/ai_trigger_ooc.xdc (Line: 19)
Related violations: <none>

XDCH-2#611 Warning
Same min and max delay values on IO port  
The same input delay of 0.000 ns has been defined on port 'ADC_DATA4[3][11][8]' relative to clock CLK_ADC for both max and min. Make sure this reflects the design intent.
set_input_delay -clock [get_clocks CLK_ADC] 0.000 [get_ports -quiet {DATA_STR ADC_DATA4* EVENT_READY}]
/home/work1/Works/AI-Trigger-System/HDL/constraints/ai_trigger_ooc.xdc (Line: 19)
Related violations: <none>

XDCH-2#612 Warning
Same min and max delay values on IO port  
The same input delay of 0.000 ns has been defined on port 'ADC_DATA4[3][11][9]' relative to clock CLK_ADC for both max and min. Make sure this reflects the design intent.
set_input_delay -clock [get_clocks CLK_ADC] 0.000 [get_ports -quiet {DATA_STR ADC_DATA4* EVENT_READY}]
/home/work1/Works/AI-Trigger-System/HDL/constraints/ai_trigger_ooc.xdc (Line: 19)
Related violations: <none>

XDCH-2#613 Warning
Same min and max delay values on IO port  
The same input delay of 0.000 ns has been defined on port 'ADC_DATA4[3][12][0]' relative to clock CLK_ADC for both max and min. Make sure this reflects the design intent.
set_input_delay -clock [get_clocks CLK_ADC] 0.000 [get_ports -quiet {DATA_STR ADC_DATA4* EVENT_READY}]
/home/work1/Works/AI-Trigger-System/HDL/constraints/ai_trigger_ooc.xdc (Line: 19)
Related violations: <none>

XDCH-2#614 Warning
Same min and max delay values on IO port  
The same input delay of 0.000 ns has been defined on port 'ADC_DATA4[3][12][10]' relative to clock CLK_ADC for both max and min. Make sure this reflects the design intent.
set_input_delay -clock [get_clocks CLK_ADC] 0.000 [get_ports -quiet {DATA_STR ADC_DATA4* EVENT_READY}]
/home/work1/Works/AI-Trigger-System/HDL/constraints/ai_trigger_ooc.xdc (Line: 19)
Related violations: <none>

XDCH-2#615 Warning
Same min and max delay values on IO port  
The same input delay of 0.000 ns has been defined on port 'ADC_DATA4[3][12][11]' relative to clock CLK_ADC for both max and min. Make sure this reflects the design intent.
set_input_delay -clock [get_clocks CLK_ADC] 0.000 [get_ports -quiet {DATA_STR ADC_DATA4* EVENT_READY}]
/home/work1/Works/AI-Trigger-System/HDL/constraints/ai_trigger_ooc.xdc (Line: 19)
Related violations: <none>

XDCH-2#616 Warning
Same min and max delay values on IO port  
The same input delay of 0.000 ns has been defined on port 'ADC_DATA4[3][12][1]' relative to clock CLK_ADC for both max and min. Make sure this reflects the design intent.
set_input_delay -clock [get_clocks CLK_ADC] 0.000 [get_ports -quiet {DATA_STR ADC_DATA4* EVENT_READY}]
/home/work1/Works/AI-Trigger-System/HDL/constraints/ai_trigger_ooc.xdc (Line: 19)
Related violations: <none>

XDCH-2#617 Warning
Same min and max delay values on IO port  
The same input delay of 0.000 ns has been defined on port 'ADC_DATA4[3][12][2]' relative to clock CLK_ADC for both max and min. Make sure this reflects the design intent.
set_input_delay -clock [get_clocks CLK_ADC] 0.000 [get_ports -quiet {DATA_STR ADC_DATA4* EVENT_READY}]
/home/work1/Works/AI-Trigger-System/HDL/constraints/ai_trigger_ooc.xdc (Line: 19)
Related violations: <none>

XDCH-2#618 Warning
Same min and max delay values on IO port  
The same input delay of 0.000 ns has been defined on port 'ADC_DATA4[3][12][3]' relative to clock CLK_ADC for both max and min. Make sure this reflects the design intent.
set_input_delay -clock [get_clocks CLK_ADC] 0.000 [get_ports -quiet {DATA_STR ADC_DATA4* EVENT_READY}]
/home/work1/Works/AI-Trigger-System/HDL/constraints/ai_trigger_ooc.xdc (Line: 19)
Related violations: <none>

XDCH-2#619 Warning
Same min and max delay values on IO port  
The same input delay of 0.000 ns has been defined on port 'ADC_DATA4[3][12][4]' relative to clock CLK_ADC for both max and min. Make sure this reflects the design intent.
set_input_delay -clock [get_clocks CLK_ADC] 0.000 [get_ports -quiet {DATA_STR ADC_DATA4* EVENT_READY}]
/home/work1/Works/AI-Trigger-System/HDL/constraints/ai_trigger_ooc.xdc (Line: 19)
Related violations: <none>

XDCH-2#620 Warning
Same min and max delay values on IO port  
The same input delay of 0.000 ns has been defined on port 'ADC_DATA4[3][12][5]' relative to clock CLK_ADC for both max and min. Make sure this reflects the design intent.
set_input_delay -clock [get_clocks CLK_ADC] 0.000 [get_ports -quiet {DATA_STR ADC_DATA4* EVENT_READY}]
/home/work1/Works/AI-Trigger-System/HDL/constraints/ai_trigger_ooc.xdc (Line: 19)
Related violations: <none>

XDCH-2#621 Warning
Same min and max delay values on IO port  
The same input delay of 0.000 ns has been defined on port 'ADC_DATA4[3][12][6]' relative to clock CLK_ADC for both max and min. Make sure this reflects the design intent.
set_input_delay -clock [get_clocks CLK_ADC] 0.000 [get_ports -quiet {DATA_STR ADC_DATA4* EVENT_READY}]
/home/work1/Works/AI-Trigger-System/HDL/constraints/ai_trigger_ooc.xdc (Line: 19)
Related violations: <none>

XDCH-2#622 Warning
Same min and max delay values on IO port  
The same input delay of 0.000 ns has been defined on port 'ADC_DATA4[3][12][7]' relative to clock CLK_ADC for both max and min. Make sure this reflects the design intent.
set_input_delay -clock [get_clocks CLK_ADC] 0.000 [get_ports -quiet {DATA_STR ADC_DATA4* EVENT_READY}]
/home/work1/Works/AI-Trigger-System/HDL/constraints/ai_trigger_ooc.xdc (Line: 19)
Related violations: <none>

XDCH-2#623 Warning
Same min and max delay values on IO port  
The same input delay of 0.000 ns has been defined on port 'ADC_DATA4[3][12][8]' relative to clock CLK_ADC for both max and min. Make sure this reflects the design intent.
set_input_delay -clock [get_clocks CLK_ADC] 0.000 [get_ports -quiet {DATA_STR ADC_DATA4* EVENT_READY}]
/home/work1/Works/AI-Trigger-System/HDL/constraints/ai_trigger_ooc.xdc (Line: 19)
Related violations: <none>

XDCH-2#624 Warning
Same min and max delay values on IO port  
The same input delay of 0.000 ns has been defined on port 'ADC_DATA4[3][12][9]' relative to clock CLK_ADC for both max and min. Make sure this reflects the design intent.
set_input_delay -clock [get_clocks CLK_ADC] 0.000 [get_ports -quiet {DATA_STR ADC_DATA4* EVENT_READY}]
/home/work1/Works/AI-Trigger-System/HDL/constraints/ai_trigger_ooc.xdc (Line: 19)
Related violations: <none>

XDCH-2#625 Warning
Same min and max delay values on IO port  
The same input delay of 0.000 ns has been defined on port 'ADC_DATA4[3][13][0]' relative to clock CLK_ADC for both max and min. Make sure this reflects the design intent.
set_input_delay -clock [get_clocks CLK_ADC] 0.000 [get_ports -quiet {DATA_STR ADC_DATA4* EVENT_READY}]
/home/work1/Works/AI-Trigger-System/HDL/constraints/ai_trigger_ooc.xdc (Line: 19)
Related violations: <none>

XDCH-2#626 Warning
Same min and max delay values on IO port  
The same input delay of 0.000 ns has been defined on port 'ADC_DATA4[3][13][10]' relative to clock CLK_ADC for both max and min. Make sure this reflects the design intent.
set_input_delay -clock [get_clocks CLK_ADC] 0.000 [get_ports -quiet {DATA_STR ADC_DATA4* EVENT_READY}]
/home/work1/Works/AI-Trigger-System/HDL/constraints/ai_trigger_ooc.xdc (Line: 19)
Related violations: <none>

XDCH-2#627 Warning
Same min and max delay values on IO port  
The same input delay of 0.000 ns has been defined on port 'ADC_DATA4[3][13][11]' relative to clock CLK_ADC for both max and min. Make sure this reflects the design intent.
set_input_delay -clock [get_clocks CLK_ADC] 0.000 [get_ports -quiet {DATA_STR ADC_DATA4* EVENT_READY}]
/home/work1/Works/AI-Trigger-System/HDL/constraints/ai_trigger_ooc.xdc (Line: 19)
Related violations: <none>

XDCH-2#628 Warning
Same min and max delay values on IO port  
The same input delay of 0.000 ns has been defined on port 'ADC_DATA4[3][13][1]' relative to clock CLK_ADC for both max and min. Make sure this reflects the design intent.
set_input_delay -clock [get_clocks CLK_ADC] 0.000 [get_ports -quiet {DATA_STR ADC_DATA4* EVENT_READY}]
/home/work1/Works/AI-Trigger-System/HDL/constraints/ai_trigger_ooc.xdc (Line: 19)
Related violations: <none>

XDCH-2#629 Warning
Same min and max delay values on IO port  
The same input delay of 0.000 ns has been defined on port 'ADC_DATA4[3][13][2]' relative to clock CLK_ADC for both max and min. Make sure this reflects the design intent.
set_input_delay -clock [get_clocks CLK_ADC] 0.000 [get_ports -quiet {DATA_STR ADC_DATA4* EVENT_READY}]
/home/work1/Works/AI-Trigger-System/HDL/constraints/ai_trigger_ooc.xdc (Line: 19)
Related violations: <none>

XDCH-2#630 Warning
Same min and max delay values on IO port  
The same input delay of 0.000 ns has been defined on port 'ADC_DATA4[3][13][3]' relative to clock CLK_ADC for both max and min. Make sure this reflects the design intent.
set_input_delay -clock [get_clocks CLK_ADC] 0.000 [get_ports -quiet {DATA_STR ADC_DATA4* EVENT_READY}]
/home/work1/Works/AI-Trigger-System/HDL/constraints/ai_trigger_ooc.xdc (Line: 19)
Related violations: <none>

XDCH-2#631 Warning
Same min and max delay values on IO port  
The same input delay of 0.000 ns has been defined on port 'ADC_DATA4[3][13][4]' relative to clock CLK_ADC for both max and min. Make sure this reflects the design intent.
set_input_delay -clock [get_clocks CLK_ADC] 0.000 [get_ports -quiet {DATA_STR ADC_DATA4* EVENT_READY}]
/home/work1/Works/AI-Trigger-System/HDL/constraints/ai_trigger_ooc.xdc (Line: 19)
Related violations: <none>

XDCH-2#632 Warning
Same min and max delay values on IO port  
The same input delay of 0.000 ns has been defined on port 'ADC_DATA4[3][13][5]' relative to clock CLK_ADC for both max and min. Make sure this reflects the design intent.
set_input_delay -clock [get_clocks CLK_ADC] 0.000 [get_ports -quiet {DATA_STR ADC_DATA4* EVENT_READY}]
/home/work1/Works/AI-Trigger-System/HDL/constraints/ai_trigger_ooc.xdc (Line: 19)
Related violations: <none>

XDCH-2#633 Warning
Same min and max delay values on IO port  
The same input delay of 0.000 ns has been defined on port 'ADC_DATA4[3][13][6]' relative to clock CLK_ADC for both max and min. Make sure this reflects the design intent.
set_input_delay -clock [get_clocks CLK_ADC] 0.000 [get_ports -quiet {DATA_STR ADC_DATA4* EVENT_READY}]
/home/work1/Works/AI-Trigger-System/HDL/constraints/ai_trigger_ooc.xdc (Line: 19)
Related violations: <none>

XDCH-2#634 Warning
Same min and max delay values on IO port  
The same input delay of 0.000 ns has been defined on port 'ADC_DATA4[3][13][7]' relative to clock CLK_ADC for both max and min. Make sure this reflects the design intent.
set_input_delay -clock [get_clocks CLK_ADC] 0.000 [get_ports -quiet {DATA_STR ADC_DATA4* EVENT_READY}]
/home/work1/Works/AI-Trigger-System/HDL/constraints/ai_trigger_ooc.xdc (Line: 19)
Related violations: <none>

XDCH-2#635 Warning
Same min and max delay values on IO port  
The same input delay of 0.000 ns has been defined on port 'ADC_DATA4[3][13][8]' relative to clock CLK_ADC for both max and min. Make sure this reflects the design intent.
set_input_delay -clock [get_clocks CLK_ADC] 0.000 [get_ports -quiet {DATA_STR ADC_DATA4* EVENT_READY}]
/home/work1/Works/AI-Trigger-System/HDL/constraints/ai_trigger_ooc.xdc (Line: 19)
Related violations: <none>

XDCH-2#636 Warning
Same min and max delay values on IO port  
The same input delay of 0.000 ns has been defined on port 'ADC_DATA4[3][13][9]' relative to clock CLK_ADC for both max and min. Make sure this reflects the design intent.
set_input_delay -clock [get_clocks CLK_ADC] 0.000 [get_ports -quiet {DATA_STR ADC_DATA4* EVENT_READY}]
/home/work1/Works/AI-Trigger-System/HDL/constraints/ai_trigger_ooc.xdc (Line: 19)
Related violations: <none>

XDCH-2#637 Warning
Same min and max delay values on IO port  
The same input delay of 0.000 ns has been defined on port 'ADC_DATA4[3][14][0]' relative to clock CLK_ADC for both max and min. Make sure this reflects the design intent.
set_input_delay -clock [get_clocks CLK_ADC] 0.000 [get_ports -quiet {DATA_STR ADC_DATA4* EVENT_READY}]
/home/work1/Works/AI-Trigger-System/HDL/constraints/ai_trigger_ooc.xdc (Line: 19)
Related violations: <none>

XDCH-2#638 Warning
Same min and max delay values on IO port  
The same input delay of 0.000 ns has been defined on port 'ADC_DATA4[3][14][10]' relative to clock CLK_ADC for both max and min. Make sure this reflects the design intent.
set_input_delay -clock [get_clocks CLK_ADC] 0.000 [get_ports -quiet {DATA_STR ADC_DATA4* EVENT_READY}]
/home/work1/Works/AI-Trigger-System/HDL/constraints/ai_trigger_ooc.xdc (Line: 19)
Related violations: <none>

XDCH-2#639 Warning
Same min and max delay values on IO port  
The same input delay of 0.000 ns has been defined on port 'ADC_DATA4[3][14][11]' relative to clock CLK_ADC for both max and min. Make sure this reflects the design intent.
set_input_delay -clock [get_clocks CLK_ADC] 0.000 [get_ports -quiet {DATA_STR ADC_DATA4* EVENT_READY}]
/home/work1/Works/AI-Trigger-System/HDL/constraints/ai_trigger_ooc.xdc (Line: 19)
Related violations: <none>

XDCH-2#640 Warning
Same min and max delay values on IO port  
The same input delay of 0.000 ns has been defined on port 'ADC_DATA4[3][14][1]' relative to clock CLK_ADC for both max and min. Make sure this reflects the design intent.
set_input_delay -clock [get_clocks CLK_ADC] 0.000 [get_ports -quiet {DATA_STR ADC_DATA4* EVENT_READY}]
/home/work1/Works/AI-Trigger-System/HDL/constraints/ai_trigger_ooc.xdc (Line: 19)
Related violations: <none>

XDCH-2#641 Warning
Same min and max delay values on IO port  
The same input delay of 0.000 ns has been defined on port 'ADC_DATA4[3][14][2]' relative to clock CLK_ADC for both max and min. Make sure this reflects the design intent.
set_input_delay -clock [get_clocks CLK_ADC] 0.000 [get_ports -quiet {DATA_STR ADC_DATA4* EVENT_READY}]
/home/work1/Works/AI-Trigger-System/HDL/constraints/ai_trigger_ooc.xdc (Line: 19)
Related violations: <none>

XDCH-2#642 Warning
Same min and max delay values on IO port  
The same input delay of 0.000 ns has been defined on port 'ADC_DATA4[3][14][3]' relative to clock CLK_ADC for both max and min. Make sure this reflects the design intent.
set_input_delay -clock [get_clocks CLK_ADC] 0.000 [get_ports -quiet {DATA_STR ADC_DATA4* EVENT_READY}]
/home/work1/Works/AI-Trigger-System/HDL/constraints/ai_trigger_ooc.xdc (Line: 19)
Related violations: <none>

XDCH-2#643 Warning
Same min and max delay values on IO port  
The same input delay of 0.000 ns has been defined on port 'ADC_DATA4[3][14][4]' relative to clock CLK_ADC for both max and min. Make sure this reflects the design intent.
set_input_delay -clock [get_clocks CLK_ADC] 0.000 [get_ports -quiet {DATA_STR ADC_DATA4* EVENT_READY}]
/home/work1/Works/AI-Trigger-System/HDL/constraints/ai_trigger_ooc.xdc (Line: 19)
Related violations: <none>

XDCH-2#644 Warning
Same min and max delay values on IO port  
The same input delay of 0.000 ns has been defined on port 'ADC_DATA4[3][14][5]' relative to clock CLK_ADC for both max and min. Make sure this reflects the design intent.
set_input_delay -clock [get_clocks CLK_ADC] 0.000 [get_ports -quiet {DATA_STR ADC_DATA4* EVENT_READY}]
/home/work1/Works/AI-Trigger-System/HDL/constraints/ai_trigger_ooc.xdc (Line: 19)
Related violations: <none>

XDCH-2#645 Warning
Same min and max delay values on IO port  
The same input delay of 0.000 ns has been defined on port 'ADC_DATA4[3][14][6]' relative to clock CLK_ADC for both max and min. Make sure this reflects the design intent.
set_input_delay -clock [get_clocks CLK_ADC] 0.000 [get_ports -quiet {DATA_STR ADC_DATA4* EVENT_READY}]
/home/work1/Works/AI-Trigger-System/HDL/constraints/ai_trigger_ooc.xdc (Line: 19)
Related violations: <none>

XDCH-2#646 Warning
Same min and max delay values on IO port  
The same input delay of 0.000 ns has been defined on port 'ADC_DATA4[3][14][7]' relative to clock CLK_ADC for both max and min. Make sure this reflects the design intent.
set_input_delay -clock [get_clocks CLK_ADC] 0.000 [get_ports -quiet {DATA_STR ADC_DATA4* EVENT_READY}]
/home/work1/Works/AI-Trigger-System/HDL/constraints/ai_trigger_ooc.xdc (Line: 19)
Related violations: <none>

XDCH-2#647 Warning
Same min and max delay values on IO port  
The same input delay of 0.000 ns has been defined on port 'ADC_DATA4[3][14][8]' relative to clock CLK_ADC for both max and min. Make sure this reflects the design intent.
set_input_delay -clock [get_clocks CLK_ADC] 0.000 [get_ports -quiet {DATA_STR ADC_DATA4* EVENT_READY}]
/home/work1/Works/AI-Trigger-System/HDL/constraints/ai_trigger_ooc.xdc (Line: 19)
Related violations: <none>

XDCH-2#648 Warning
Same min and max delay values on IO port  
The same input delay of 0.000 ns has been defined on port 'ADC_DATA4[3][14][9]' relative to clock CLK_ADC for both max and min. Make sure this reflects the design intent.
set_input_delay -clock [get_clocks CLK_ADC] 0.000 [get_ports -quiet {DATA_STR ADC_DATA4* EVENT_READY}]
/home/work1/Works/AI-Trigger-System/HDL/constraints/ai_trigger_ooc.xdc (Line: 19)
Related violations: <none>

XDCH-2#649 Warning
Same min and max delay values on IO port  
The same input delay of 0.000 ns has been defined on port 'ADC_DATA4[3][15][0]' relative to clock CLK_ADC for both max and min. Make sure this reflects the design intent.
set_input_delay -clock [get_clocks CLK_ADC] 0.000 [get_ports -quiet {DATA_STR ADC_DATA4* EVENT_READY}]
/home/work1/Works/AI-Trigger-System/HDL/constraints/ai_trigger_ooc.xdc (Line: 19)
Related violations: <none>

XDCH-2#650 Warning
Same min and max delay values on IO port  
The same input delay of 0.000 ns has been defined on port 'ADC_DATA4[3][15][10]' relative to clock CLK_ADC for both max and min. Make sure this reflects the design intent.
set_input_delay -clock [get_clocks CLK_ADC] 0.000 [get_ports -quiet {DATA_STR ADC_DATA4* EVENT_READY}]
/home/work1/Works/AI-Trigger-System/HDL/constraints/ai_trigger_ooc.xdc (Line: 19)
Related violations: <none>

XDCH-2#651 Warning
Same min and max delay values on IO port  
The same input delay of 0.000 ns has been defined on port 'ADC_DATA4[3][15][11]' relative to clock CLK_ADC for both max and min. Make sure this reflects the design intent.
set_input_delay -clock [get_clocks CLK_ADC] 0.000 [get_ports -quiet {DATA_STR ADC_DATA4* EVENT_READY}]
/home/work1/Works/AI-Trigger-System/HDL/constraints/ai_trigger_ooc.xdc (Line: 19)
Related violations: <none>

XDCH-2#652 Warning
Same min and max delay values on IO port  
The same input delay of 0.000 ns has been defined on port 'ADC_DATA4[3][15][1]' relative to clock CLK_ADC for both max and min. Make sure this reflects the design intent.
set_input_delay -clock [get_clocks CLK_ADC] 0.000 [get_ports -quiet {DATA_STR ADC_DATA4* EVENT_READY}]
/home/work1/Works/AI-Trigger-System/HDL/constraints/ai_trigger_ooc.xdc (Line: 19)
Related violations: <none>

XDCH-2#653 Warning
Same min and max delay values on IO port  
The same input delay of 0.000 ns has been defined on port 'ADC_DATA4[3][15][2]' relative to clock CLK_ADC for both max and min. Make sure this reflects the design intent.
set_input_delay -clock [get_clocks CLK_ADC] 0.000 [get_ports -quiet {DATA_STR ADC_DATA4* EVENT_READY}]
/home/work1/Works/AI-Trigger-System/HDL/constraints/ai_trigger_ooc.xdc (Line: 19)
Related violations: <none>

XDCH-2#654 Warning
Same min and max delay values on IO port  
The same input delay of 0.000 ns has been defined on port 'ADC_DATA4[3][15][3]' relative to clock CLK_ADC for both max and min. Make sure this reflects the design intent.
set_input_delay -clock [get_clocks CLK_ADC] 0.000 [get_ports -quiet {DATA_STR ADC_DATA4* EVENT_READY}]
/home/work1/Works/AI-Trigger-System/HDL/constraints/ai_trigger_ooc.xdc (Line: 19)
Related violations: <none>

XDCH-2#655 Warning
Same min and max delay values on IO port  
The same input delay of 0.000 ns has been defined on port 'ADC_DATA4[3][15][4]' relative to clock CLK_ADC for both max and min. Make sure this reflects the design intent.
set_input_delay -clock [get_clocks CLK_ADC] 0.000 [get_ports -quiet {DATA_STR ADC_DATA4* EVENT_READY}]
/home/work1/Works/AI-Trigger-System/HDL/constraints/ai_trigger_ooc.xdc (Line: 19)
Related violations: <none>

XDCH-2#656 Warning
Same min and max delay values on IO port  
The same input delay of 0.000 ns has been defined on port 'ADC_DATA4[3][15][5]' relative to clock CLK_ADC for both max and min. Make sure this reflects the design intent.
set_input_delay -clock [get_clocks CLK_ADC] 0.000 [get_ports -quiet {DATA_STR ADC_DATA4* EVENT_READY}]
/home/work1/Works/AI-Trigger-System/HDL/constraints/ai_trigger_ooc.xdc (Line: 19)
Related violations: <none>

XDCH-2#657 Warning
Same min and max delay values on IO port  
The same input delay of 0.000 ns has been defined on port 'ADC_DATA4[3][15][6]' relative to clock CLK_ADC for both max and min. Make sure this reflects the design intent.
set_input_delay -clock [get_clocks CLK_ADC] 0.000 [get_ports -quiet {DATA_STR ADC_DATA4* EVENT_READY}]
/home/work1/Works/AI-Trigger-System/HDL/constraints/ai_trigger_ooc.xdc (Line: 19)
Related violations: <none>

XDCH-2#658 Warning
Same min and max delay values on IO port  
The same input delay of 0.000 ns has been defined on port 'ADC_DATA4[3][15][7]' relative to clock CLK_ADC for both max and min. Make sure this reflects the design intent.
set_input_delay -clock [get_clocks CLK_ADC] 0.000 [get_ports -quiet {DATA_STR ADC_DATA4* EVENT_READY}]
/home/work1/Works/AI-Trigger-System/HDL/constraints/ai_trigger_ooc.xdc (Line: 19)
Related violations: <none>

XDCH-2#659 Warning
Same min and max delay values on IO port  
The same input delay of 0.000 ns has been defined on port 'ADC_DATA4[3][15][8]' relative to clock CLK_ADC for both max and min. Make sure this reflects the design intent.
set_input_delay -clock [get_clocks CLK_ADC] 0.000 [get_ports -quiet {DATA_STR ADC_DATA4* EVENT_READY}]
/home/work1/Works/AI-Trigger-System/HDL/constraints/ai_trigger_ooc.xdc (Line: 19)
Related violations: <none>

XDCH-2#660 Warning
Same min and max delay values on IO port  
The same input delay of 0.000 ns has been defined on port 'ADC_DATA4[3][15][9]' relative to clock CLK_ADC for both max and min. Make sure this reflects the design intent.
set_input_delay -clock [get_clocks CLK_ADC] 0.000 [get_ports -quiet {DATA_STR ADC_DATA4* EVENT_READY}]
/home/work1/Works/AI-Trigger-System/HDL/constraints/ai_trigger_ooc.xdc (Line: 19)
Related violations: <none>

XDCH-2#661 Warning
Same min and max delay values on IO port  
The same input delay of 0.000 ns has been defined on port 'ADC_DATA4[3][1][0]' relative to clock CLK_ADC for both max and min. Make sure this reflects the design intent.
set_input_delay -clock [get_clocks CLK_ADC] 0.000 [get_ports -quiet {DATA_STR ADC_DATA4* EVENT_READY}]
/home/work1/Works/AI-Trigger-System/HDL/constraints/ai_trigger_ooc.xdc (Line: 19)
Related violations: <none>

XDCH-2#662 Warning
Same min and max delay values on IO port  
The same input delay of 0.000 ns has been defined on port 'ADC_DATA4[3][1][10]' relative to clock CLK_ADC for both max and min. Make sure this reflects the design intent.
set_input_delay -clock [get_clocks CLK_ADC] 0.000 [get_ports -quiet {DATA_STR ADC_DATA4* EVENT_READY}]
/home/work1/Works/AI-Trigger-System/HDL/constraints/ai_trigger_ooc.xdc (Line: 19)
Related violations: <none>

XDCH-2#663 Warning
Same min and max delay values on IO port  
The same input delay of 0.000 ns has been defined on port 'ADC_DATA4[3][1][11]' relative to clock CLK_ADC for both max and min. Make sure this reflects the design intent.
set_input_delay -clock [get_clocks CLK_ADC] 0.000 [get_ports -quiet {DATA_STR ADC_DATA4* EVENT_READY}]
/home/work1/Works/AI-Trigger-System/HDL/constraints/ai_trigger_ooc.xdc (Line: 19)
Related violations: <none>

XDCH-2#664 Warning
Same min and max delay values on IO port  
The same input delay of 0.000 ns has been defined on port 'ADC_DATA4[3][1][1]' relative to clock CLK_ADC for both max and min. Make sure this reflects the design intent.
set_input_delay -clock [get_clocks CLK_ADC] 0.000 [get_ports -quiet {DATA_STR ADC_DATA4* EVENT_READY}]
/home/work1/Works/AI-Trigger-System/HDL/constraints/ai_trigger_ooc.xdc (Line: 19)
Related violations: <none>

XDCH-2#665 Warning
Same min and max delay values on IO port  
The same input delay of 0.000 ns has been defined on port 'ADC_DATA4[3][1][2]' relative to clock CLK_ADC for both max and min. Make sure this reflects the design intent.
set_input_delay -clock [get_clocks CLK_ADC] 0.000 [get_ports -quiet {DATA_STR ADC_DATA4* EVENT_READY}]
/home/work1/Works/AI-Trigger-System/HDL/constraints/ai_trigger_ooc.xdc (Line: 19)
Related violations: <none>

XDCH-2#666 Warning
Same min and max delay values on IO port  
The same input delay of 0.000 ns has been defined on port 'ADC_DATA4[3][1][3]' relative to clock CLK_ADC for both max and min. Make sure this reflects the design intent.
set_input_delay -clock [get_clocks CLK_ADC] 0.000 [get_ports -quiet {DATA_STR ADC_DATA4* EVENT_READY}]
/home/work1/Works/AI-Trigger-System/HDL/constraints/ai_trigger_ooc.xdc (Line: 19)
Related violations: <none>

XDCH-2#667 Warning
Same min and max delay values on IO port  
The same input delay of 0.000 ns has been defined on port 'ADC_DATA4[3][1][4]' relative to clock CLK_ADC for both max and min. Make sure this reflects the design intent.
set_input_delay -clock [get_clocks CLK_ADC] 0.000 [get_ports -quiet {DATA_STR ADC_DATA4* EVENT_READY}]
/home/work1/Works/AI-Trigger-System/HDL/constraints/ai_trigger_ooc.xdc (Line: 19)
Related violations: <none>

XDCH-2#668 Warning
Same min and max delay values on IO port  
The same input delay of 0.000 ns has been defined on port 'ADC_DATA4[3][1][5]' relative to clock CLK_ADC for both max and min. Make sure this reflects the design intent.
set_input_delay -clock [get_clocks CLK_ADC] 0.000 [get_ports -quiet {DATA_STR ADC_DATA4* EVENT_READY}]
/home/work1/Works/AI-Trigger-System/HDL/constraints/ai_trigger_ooc.xdc (Line: 19)
Related violations: <none>

XDCH-2#669 Warning
Same min and max delay values on IO port  
The same input delay of 0.000 ns has been defined on port 'ADC_DATA4[3][1][6]' relative to clock CLK_ADC for both max and min. Make sure this reflects the design intent.
set_input_delay -clock [get_clocks CLK_ADC] 0.000 [get_ports -quiet {DATA_STR ADC_DATA4* EVENT_READY}]
/home/work1/Works/AI-Trigger-System/HDL/constraints/ai_trigger_ooc.xdc (Line: 19)
Related violations: <none>

XDCH-2#670 Warning
Same min and max delay values on IO port  
The same input delay of 0.000 ns has been defined on port 'ADC_DATA4[3][1][7]' relative to clock CLK_ADC for both max and min. Make sure this reflects the design intent.
set_input_delay -clock [get_clocks CLK_ADC] 0.000 [get_ports -quiet {DATA_STR ADC_DATA4* EVENT_READY}]
/home/work1/Works/AI-Trigger-System/HDL/constraints/ai_trigger_ooc.xdc (Line: 19)
Related violations: <none>

XDCH-2#671 Warning
Same min and max delay values on IO port  
The same input delay of 0.000 ns has been defined on port 'ADC_DATA4[3][1][8]' relative to clock CLK_ADC for both max and min. Make sure this reflects the design intent.
set_input_delay -clock [get_clocks CLK_ADC] 0.000 [get_ports -quiet {DATA_STR ADC_DATA4* EVENT_READY}]
/home/work1/Works/AI-Trigger-System/HDL/constraints/ai_trigger_ooc.xdc (Line: 19)
Related violations: <none>

XDCH-2#672 Warning
Same min and max delay values on IO port  
The same input delay of 0.000 ns has been defined on port 'ADC_DATA4[3][1][9]' relative to clock CLK_ADC for both max and min. Make sure this reflects the design intent.
set_input_delay -clock [get_clocks CLK_ADC] 0.000 [get_ports -quiet {DATA_STR ADC_DATA4* EVENT_READY}]
/home/work1/Works/AI-Trigger-System/HDL/constraints/ai_trigger_ooc.xdc (Line: 19)
Related violations: <none>

XDCH-2#673 Warning
Same min and max delay values on IO port  
The same input delay of 0.000 ns has been defined on port 'ADC_DATA4[3][2][0]' relative to clock CLK_ADC for both max and min. Make sure this reflects the design intent.
set_input_delay -clock [get_clocks CLK_ADC] 0.000 [get_ports -quiet {DATA_STR ADC_DATA4* EVENT_READY}]
/home/work1/Works/AI-Trigger-System/HDL/constraints/ai_trigger_ooc.xdc (Line: 19)
Related violations: <none>

XDCH-2#674 Warning
Same min and max delay values on IO port  
The same input delay of 0.000 ns has been defined on port 'ADC_DATA4[3][2][10]' relative to clock CLK_ADC for both max and min. Make sure this reflects the design intent.
set_input_delay -clock [get_clocks CLK_ADC] 0.000 [get_ports -quiet {DATA_STR ADC_DATA4* EVENT_READY}]
/home/work1/Works/AI-Trigger-System/HDL/constraints/ai_trigger_ooc.xdc (Line: 19)
Related violations: <none>

XDCH-2#675 Warning
Same min and max delay values on IO port  
The same input delay of 0.000 ns has been defined on port 'ADC_DATA4[3][2][11]' relative to clock CLK_ADC for both max and min. Make sure this reflects the design intent.
set_input_delay -clock [get_clocks CLK_ADC] 0.000 [get_ports -quiet {DATA_STR ADC_DATA4* EVENT_READY}]
/home/work1/Works/AI-Trigger-System/HDL/constraints/ai_trigger_ooc.xdc (Line: 19)
Related violations: <none>

XDCH-2#676 Warning
Same min and max delay values on IO port  
The same input delay of 0.000 ns has been defined on port 'ADC_DATA4[3][2][1]' relative to clock CLK_ADC for both max and min. Make sure this reflects the design intent.
set_input_delay -clock [get_clocks CLK_ADC] 0.000 [get_ports -quiet {DATA_STR ADC_DATA4* EVENT_READY}]
/home/work1/Works/AI-Trigger-System/HDL/constraints/ai_trigger_ooc.xdc (Line: 19)
Related violations: <none>

XDCH-2#677 Warning
Same min and max delay values on IO port  
The same input delay of 0.000 ns has been defined on port 'ADC_DATA4[3][2][2]' relative to clock CLK_ADC for both max and min. Make sure this reflects the design intent.
set_input_delay -clock [get_clocks CLK_ADC] 0.000 [get_ports -quiet {DATA_STR ADC_DATA4* EVENT_READY}]
/home/work1/Works/AI-Trigger-System/HDL/constraints/ai_trigger_ooc.xdc (Line: 19)
Related violations: <none>

XDCH-2#678 Warning
Same min and max delay values on IO port  
The same input delay of 0.000 ns has been defined on port 'ADC_DATA4[3][2][3]' relative to clock CLK_ADC for both max and min. Make sure this reflects the design intent.
set_input_delay -clock [get_clocks CLK_ADC] 0.000 [get_ports -quiet {DATA_STR ADC_DATA4* EVENT_READY}]
/home/work1/Works/AI-Trigger-System/HDL/constraints/ai_trigger_ooc.xdc (Line: 19)
Related violations: <none>

XDCH-2#679 Warning
Same min and max delay values on IO port  
The same input delay of 0.000 ns has been defined on port 'ADC_DATA4[3][2][4]' relative to clock CLK_ADC for both max and min. Make sure this reflects the design intent.
set_input_delay -clock [get_clocks CLK_ADC] 0.000 [get_ports -quiet {DATA_STR ADC_DATA4* EVENT_READY}]
/home/work1/Works/AI-Trigger-System/HDL/constraints/ai_trigger_ooc.xdc (Line: 19)
Related violations: <none>

XDCH-2#680 Warning
Same min and max delay values on IO port  
The same input delay of 0.000 ns has been defined on port 'ADC_DATA4[3][2][5]' relative to clock CLK_ADC for both max and min. Make sure this reflects the design intent.
set_input_delay -clock [get_clocks CLK_ADC] 0.000 [get_ports -quiet {DATA_STR ADC_DATA4* EVENT_READY}]
/home/work1/Works/AI-Trigger-System/HDL/constraints/ai_trigger_ooc.xdc (Line: 19)
Related violations: <none>

XDCH-2#681 Warning
Same min and max delay values on IO port  
The same input delay of 0.000 ns has been defined on port 'ADC_DATA4[3][2][6]' relative to clock CLK_ADC for both max and min. Make sure this reflects the design intent.
set_input_delay -clock [get_clocks CLK_ADC] 0.000 [get_ports -quiet {DATA_STR ADC_DATA4* EVENT_READY}]
/home/work1/Works/AI-Trigger-System/HDL/constraints/ai_trigger_ooc.xdc (Line: 19)
Related violations: <none>

XDCH-2#682 Warning
Same min and max delay values on IO port  
The same input delay of 0.000 ns has been defined on port 'ADC_DATA4[3][2][7]' relative to clock CLK_ADC for both max and min. Make sure this reflects the design intent.
set_input_delay -clock [get_clocks CLK_ADC] 0.000 [get_ports -quiet {DATA_STR ADC_DATA4* EVENT_READY}]
/home/work1/Works/AI-Trigger-System/HDL/constraints/ai_trigger_ooc.xdc (Line: 19)
Related violations: <none>

XDCH-2#683 Warning
Same min and max delay values on IO port  
The same input delay of 0.000 ns has been defined on port 'ADC_DATA4[3][2][8]' relative to clock CLK_ADC for both max and min. Make sure this reflects the design intent.
set_input_delay -clock [get_clocks CLK_ADC] 0.000 [get_ports -quiet {DATA_STR ADC_DATA4* EVENT_READY}]
/home/work1/Works/AI-Trigger-System/HDL/constraints/ai_trigger_ooc.xdc (Line: 19)
Related violations: <none>

XDCH-2#684 Warning
Same min and max delay values on IO port  
The same input delay of 0.000 ns has been defined on port 'ADC_DATA4[3][2][9]' relative to clock CLK_ADC for both max and min. Make sure this reflects the design intent.
set_input_delay -clock [get_clocks CLK_ADC] 0.000 [get_ports -quiet {DATA_STR ADC_DATA4* EVENT_READY}]
/home/work1/Works/AI-Trigger-System/HDL/constraints/ai_trigger_ooc.xdc (Line: 19)
Related violations: <none>

XDCH-2#685 Warning
Same min and max delay values on IO port  
The same input delay of 0.000 ns has been defined on port 'ADC_DATA4[3][3][0]' relative to clock CLK_ADC for both max and min. Make sure this reflects the design intent.
set_input_delay -clock [get_clocks CLK_ADC] 0.000 [get_ports -quiet {DATA_STR ADC_DATA4* EVENT_READY}]
/home/work1/Works/AI-Trigger-System/HDL/constraints/ai_trigger_ooc.xdc (Line: 19)
Related violations: <none>

XDCH-2#686 Warning
Same min and max delay values on IO port  
The same input delay of 0.000 ns has been defined on port 'ADC_DATA4[3][3][10]' relative to clock CLK_ADC for both max and min. Make sure this reflects the design intent.
set_input_delay -clock [get_clocks CLK_ADC] 0.000 [get_ports -quiet {DATA_STR ADC_DATA4* EVENT_READY}]
/home/work1/Works/AI-Trigger-System/HDL/constraints/ai_trigger_ooc.xdc (Line: 19)
Related violations: <none>

XDCH-2#687 Warning
Same min and max delay values on IO port  
The same input delay of 0.000 ns has been defined on port 'ADC_DATA4[3][3][11]' relative to clock CLK_ADC for both max and min. Make sure this reflects the design intent.
set_input_delay -clock [get_clocks CLK_ADC] 0.000 [get_ports -quiet {DATA_STR ADC_DATA4* EVENT_READY}]
/home/work1/Works/AI-Trigger-System/HDL/constraints/ai_trigger_ooc.xdc (Line: 19)
Related violations: <none>

XDCH-2#688 Warning
Same min and max delay values on IO port  
The same input delay of 0.000 ns has been defined on port 'ADC_DATA4[3][3][1]' relative to clock CLK_ADC for both max and min. Make sure this reflects the design intent.
set_input_delay -clock [get_clocks CLK_ADC] 0.000 [get_ports -quiet {DATA_STR ADC_DATA4* EVENT_READY}]
/home/work1/Works/AI-Trigger-System/HDL/constraints/ai_trigger_ooc.xdc (Line: 19)
Related violations: <none>

XDCH-2#689 Warning
Same min and max delay values on IO port  
The same input delay of 0.000 ns has been defined on port 'ADC_DATA4[3][3][2]' relative to clock CLK_ADC for both max and min. Make sure this reflects the design intent.
set_input_delay -clock [get_clocks CLK_ADC] 0.000 [get_ports -quiet {DATA_STR ADC_DATA4* EVENT_READY}]
/home/work1/Works/AI-Trigger-System/HDL/constraints/ai_trigger_ooc.xdc (Line: 19)
Related violations: <none>

XDCH-2#690 Warning
Same min and max delay values on IO port  
The same input delay of 0.000 ns has been defined on port 'ADC_DATA4[3][3][3]' relative to clock CLK_ADC for both max and min. Make sure this reflects the design intent.
set_input_delay -clock [get_clocks CLK_ADC] 0.000 [get_ports -quiet {DATA_STR ADC_DATA4* EVENT_READY}]
/home/work1/Works/AI-Trigger-System/HDL/constraints/ai_trigger_ooc.xdc (Line: 19)
Related violations: <none>

XDCH-2#691 Warning
Same min and max delay values on IO port  
The same input delay of 0.000 ns has been defined on port 'ADC_DATA4[3][3][4]' relative to clock CLK_ADC for both max and min. Make sure this reflects the design intent.
set_input_delay -clock [get_clocks CLK_ADC] 0.000 [get_ports -quiet {DATA_STR ADC_DATA4* EVENT_READY}]
/home/work1/Works/AI-Trigger-System/HDL/constraints/ai_trigger_ooc.xdc (Line: 19)
Related violations: <none>

XDCH-2#692 Warning
Same min and max delay values on IO port  
The same input delay of 0.000 ns has been defined on port 'ADC_DATA4[3][3][5]' relative to clock CLK_ADC for both max and min. Make sure this reflects the design intent.
set_input_delay -clock [get_clocks CLK_ADC] 0.000 [get_ports -quiet {DATA_STR ADC_DATA4* EVENT_READY}]
/home/work1/Works/AI-Trigger-System/HDL/constraints/ai_trigger_ooc.xdc (Line: 19)
Related violations: <none>

XDCH-2#693 Warning
Same min and max delay values on IO port  
The same input delay of 0.000 ns has been defined on port 'ADC_DATA4[3][3][6]' relative to clock CLK_ADC for both max and min. Make sure this reflects the design intent.
set_input_delay -clock [get_clocks CLK_ADC] 0.000 [get_ports -quiet {DATA_STR ADC_DATA4* EVENT_READY}]
/home/work1/Works/AI-Trigger-System/HDL/constraints/ai_trigger_ooc.xdc (Line: 19)
Related violations: <none>

XDCH-2#694 Warning
Same min and max delay values on IO port  
The same input delay of 0.000 ns has been defined on port 'ADC_DATA4[3][3][7]' relative to clock CLK_ADC for both max and min. Make sure this reflects the design intent.
set_input_delay -clock [get_clocks CLK_ADC] 0.000 [get_ports -quiet {DATA_STR ADC_DATA4* EVENT_READY}]
/home/work1/Works/AI-Trigger-System/HDL/constraints/ai_trigger_ooc.xdc (Line: 19)
Related violations: <none>

XDCH-2#695 Warning
Same min and max delay values on IO port  
The same input delay of 0.000 ns has been defined on port 'ADC_DATA4[3][3][8]' relative to clock CLK_ADC for both max and min. Make sure this reflects the design intent.
set_input_delay -clock [get_clocks CLK_ADC] 0.000 [get_ports -quiet {DATA_STR ADC_DATA4* EVENT_READY}]
/home/work1/Works/AI-Trigger-System/HDL/constraints/ai_trigger_ooc.xdc (Line: 19)
Related violations: <none>

XDCH-2#696 Warning
Same min and max delay values on IO port  
The same input delay of 0.000 ns has been defined on port 'ADC_DATA4[3][3][9]' relative to clock CLK_ADC for both max and min. Make sure this reflects the design intent.
set_input_delay -clock [get_clocks CLK_ADC] 0.000 [get_ports -quiet {DATA_STR ADC_DATA4* EVENT_READY}]
/home/work1/Works/AI-Trigger-System/HDL/constraints/ai_trigger_ooc.xdc (Line: 19)
Related violations: <none>

XDCH-2#697 Warning
Same min and max delay values on IO port  
The same input delay of 0.000 ns has been defined on port 'ADC_DATA4[3][4][0]' relative to clock CLK_ADC for both max and min. Make sure this reflects the design intent.
set_input_delay -clock [get_clocks CLK_ADC] 0.000 [get_ports -quiet {DATA_STR ADC_DATA4* EVENT_READY}]
/home/work1/Works/AI-Trigger-System/HDL/constraints/ai_trigger_ooc.xdc (Line: 19)
Related violations: <none>

XDCH-2#698 Warning
Same min and max delay values on IO port  
The same input delay of 0.000 ns has been defined on port 'ADC_DATA4[3][4][10]' relative to clock CLK_ADC for both max and min. Make sure this reflects the design intent.
set_input_delay -clock [get_clocks CLK_ADC] 0.000 [get_ports -quiet {DATA_STR ADC_DATA4* EVENT_READY}]
/home/work1/Works/AI-Trigger-System/HDL/constraints/ai_trigger_ooc.xdc (Line: 19)
Related violations: <none>

XDCH-2#699 Warning
Same min and max delay values on IO port  
The same input delay of 0.000 ns has been defined on port 'ADC_DATA4[3][4][11]' relative to clock CLK_ADC for both max and min. Make sure this reflects the design intent.
set_input_delay -clock [get_clocks CLK_ADC] 0.000 [get_ports -quiet {DATA_STR ADC_DATA4* EVENT_READY}]
/home/work1/Works/AI-Trigger-System/HDL/constraints/ai_trigger_ooc.xdc (Line: 19)
Related violations: <none>

XDCH-2#700 Warning
Same min and max delay values on IO port  
The same input delay of 0.000 ns has been defined on port 'ADC_DATA4[3][4][1]' relative to clock CLK_ADC for both max and min. Make sure this reflects the design intent.
set_input_delay -clock [get_clocks CLK_ADC] 0.000 [get_ports -quiet {DATA_STR ADC_DATA4* EVENT_READY}]
/home/work1/Works/AI-Trigger-System/HDL/constraints/ai_trigger_ooc.xdc (Line: 19)
Related violations: <none>

XDCH-2#701 Warning
Same min and max delay values on IO port  
The same input delay of 0.000 ns has been defined on port 'ADC_DATA4[3][4][2]' relative to clock CLK_ADC for both max and min. Make sure this reflects the design intent.
set_input_delay -clock [get_clocks CLK_ADC] 0.000 [get_ports -quiet {DATA_STR ADC_DATA4* EVENT_READY}]
/home/work1/Works/AI-Trigger-System/HDL/constraints/ai_trigger_ooc.xdc (Line: 19)
Related violations: <none>

XDCH-2#702 Warning
Same min and max delay values on IO port  
The same input delay of 0.000 ns has been defined on port 'ADC_DATA4[3][4][3]' relative to clock CLK_ADC for both max and min. Make sure this reflects the design intent.
set_input_delay -clock [get_clocks CLK_ADC] 0.000 [get_ports -quiet {DATA_STR ADC_DATA4* EVENT_READY}]
/home/work1/Works/AI-Trigger-System/HDL/constraints/ai_trigger_ooc.xdc (Line: 19)
Related violations: <none>

XDCH-2#703 Warning
Same min and max delay values on IO port  
The same input delay of 0.000 ns has been defined on port 'ADC_DATA4[3][4][4]' relative to clock CLK_ADC for both max and min. Make sure this reflects the design intent.
set_input_delay -clock [get_clocks CLK_ADC] 0.000 [get_ports -quiet {DATA_STR ADC_DATA4* EVENT_READY}]
/home/work1/Works/AI-Trigger-System/HDL/constraints/ai_trigger_ooc.xdc (Line: 19)
Related violations: <none>

XDCH-2#704 Warning
Same min and max delay values on IO port  
The same input delay of 0.000 ns has been defined on port 'ADC_DATA4[3][4][5]' relative to clock CLK_ADC for both max and min. Make sure this reflects the design intent.
set_input_delay -clock [get_clocks CLK_ADC] 0.000 [get_ports -quiet {DATA_STR ADC_DATA4* EVENT_READY}]
/home/work1/Works/AI-Trigger-System/HDL/constraints/ai_trigger_ooc.xdc (Line: 19)
Related violations: <none>

XDCH-2#705 Warning
Same min and max delay values on IO port  
The same input delay of 0.000 ns has been defined on port 'ADC_DATA4[3][4][6]' relative to clock CLK_ADC for both max and min. Make sure this reflects the design intent.
set_input_delay -clock [get_clocks CLK_ADC] 0.000 [get_ports -quiet {DATA_STR ADC_DATA4* EVENT_READY}]
/home/work1/Works/AI-Trigger-System/HDL/constraints/ai_trigger_ooc.xdc (Line: 19)
Related violations: <none>

XDCH-2#706 Warning
Same min and max delay values on IO port  
The same input delay of 0.000 ns has been defined on port 'ADC_DATA4[3][4][7]' relative to clock CLK_ADC for both max and min. Make sure this reflects the design intent.
set_input_delay -clock [get_clocks CLK_ADC] 0.000 [get_ports -quiet {DATA_STR ADC_DATA4* EVENT_READY}]
/home/work1/Works/AI-Trigger-System/HDL/constraints/ai_trigger_ooc.xdc (Line: 19)
Related violations: <none>

XDCH-2#707 Warning
Same min and max delay values on IO port  
The same input delay of 0.000 ns has been defined on port 'ADC_DATA4[3][4][8]' relative to clock CLK_ADC for both max and min. Make sure this reflects the design intent.
set_input_delay -clock [get_clocks CLK_ADC] 0.000 [get_ports -quiet {DATA_STR ADC_DATA4* EVENT_READY}]
/home/work1/Works/AI-Trigger-System/HDL/constraints/ai_trigger_ooc.xdc (Line: 19)
Related violations: <none>

XDCH-2#708 Warning
Same min and max delay values on IO port  
The same input delay of 0.000 ns has been defined on port 'ADC_DATA4[3][4][9]' relative to clock CLK_ADC for both max and min. Make sure this reflects the design intent.
set_input_delay -clock [get_clocks CLK_ADC] 0.000 [get_ports -quiet {DATA_STR ADC_DATA4* EVENT_READY}]
/home/work1/Works/AI-Trigger-System/HDL/constraints/ai_trigger_ooc.xdc (Line: 19)
Related violations: <none>

XDCH-2#709 Warning
Same min and max delay values on IO port  
The same input delay of 0.000 ns has been defined on port 'ADC_DATA4[3][5][0]' relative to clock CLK_ADC for both max and min. Make sure this reflects the design intent.
set_input_delay -clock [get_clocks CLK_ADC] 0.000 [get_ports -quiet {DATA_STR ADC_DATA4* EVENT_READY}]
/home/work1/Works/AI-Trigger-System/HDL/constraints/ai_trigger_ooc.xdc (Line: 19)
Related violations: <none>

XDCH-2#710 Warning
Same min and max delay values on IO port  
The same input delay of 0.000 ns has been defined on port 'ADC_DATA4[3][5][10]' relative to clock CLK_ADC for both max and min. Make sure this reflects the design intent.
set_input_delay -clock [get_clocks CLK_ADC] 0.000 [get_ports -quiet {DATA_STR ADC_DATA4* EVENT_READY}]
/home/work1/Works/AI-Trigger-System/HDL/constraints/ai_trigger_ooc.xdc (Line: 19)
Related violations: <none>

XDCH-2#711 Warning
Same min and max delay values on IO port  
The same input delay of 0.000 ns has been defined on port 'ADC_DATA4[3][5][11]' relative to clock CLK_ADC for both max and min. Make sure this reflects the design intent.
set_input_delay -clock [get_clocks CLK_ADC] 0.000 [get_ports -quiet {DATA_STR ADC_DATA4* EVENT_READY}]
/home/work1/Works/AI-Trigger-System/HDL/constraints/ai_trigger_ooc.xdc (Line: 19)
Related violations: <none>

XDCH-2#712 Warning
Same min and max delay values on IO port  
The same input delay of 0.000 ns has been defined on port 'ADC_DATA4[3][5][1]' relative to clock CLK_ADC for both max and min. Make sure this reflects the design intent.
set_input_delay -clock [get_clocks CLK_ADC] 0.000 [get_ports -quiet {DATA_STR ADC_DATA4* EVENT_READY}]
/home/work1/Works/AI-Trigger-System/HDL/constraints/ai_trigger_ooc.xdc (Line: 19)
Related violations: <none>

XDCH-2#713 Warning
Same min and max delay values on IO port  
The same input delay of 0.000 ns has been defined on port 'ADC_DATA4[3][5][2]' relative to clock CLK_ADC for both max and min. Make sure this reflects the design intent.
set_input_delay -clock [get_clocks CLK_ADC] 0.000 [get_ports -quiet {DATA_STR ADC_DATA4* EVENT_READY}]
/home/work1/Works/AI-Trigger-System/HDL/constraints/ai_trigger_ooc.xdc (Line: 19)
Related violations: <none>

XDCH-2#714 Warning
Same min and max delay values on IO port  
The same input delay of 0.000 ns has been defined on port 'ADC_DATA4[3][5][3]' relative to clock CLK_ADC for both max and min. Make sure this reflects the design intent.
set_input_delay -clock [get_clocks CLK_ADC] 0.000 [get_ports -quiet {DATA_STR ADC_DATA4* EVENT_READY}]
/home/work1/Works/AI-Trigger-System/HDL/constraints/ai_trigger_ooc.xdc (Line: 19)
Related violations: <none>

XDCH-2#715 Warning
Same min and max delay values on IO port  
The same input delay of 0.000 ns has been defined on port 'ADC_DATA4[3][5][4]' relative to clock CLK_ADC for both max and min. Make sure this reflects the design intent.
set_input_delay -clock [get_clocks CLK_ADC] 0.000 [get_ports -quiet {DATA_STR ADC_DATA4* EVENT_READY}]
/home/work1/Works/AI-Trigger-System/HDL/constraints/ai_trigger_ooc.xdc (Line: 19)
Related violations: <none>

XDCH-2#716 Warning
Same min and max delay values on IO port  
The same input delay of 0.000 ns has been defined on port 'ADC_DATA4[3][5][5]' relative to clock CLK_ADC for both max and min. Make sure this reflects the design intent.
set_input_delay -clock [get_clocks CLK_ADC] 0.000 [get_ports -quiet {DATA_STR ADC_DATA4* EVENT_READY}]
/home/work1/Works/AI-Trigger-System/HDL/constraints/ai_trigger_ooc.xdc (Line: 19)
Related violations: <none>

XDCH-2#717 Warning
Same min and max delay values on IO port  
The same input delay of 0.000 ns has been defined on port 'ADC_DATA4[3][5][6]' relative to clock CLK_ADC for both max and min. Make sure this reflects the design intent.
set_input_delay -clock [get_clocks CLK_ADC] 0.000 [get_ports -quiet {DATA_STR ADC_DATA4* EVENT_READY}]
/home/work1/Works/AI-Trigger-System/HDL/constraints/ai_trigger_ooc.xdc (Line: 19)
Related violations: <none>

XDCH-2#718 Warning
Same min and max delay values on IO port  
The same input delay of 0.000 ns has been defined on port 'ADC_DATA4[3][5][7]' relative to clock CLK_ADC for both max and min. Make sure this reflects the design intent.
set_input_delay -clock [get_clocks CLK_ADC] 0.000 [get_ports -quiet {DATA_STR ADC_DATA4* EVENT_READY}]
/home/work1/Works/AI-Trigger-System/HDL/constraints/ai_trigger_ooc.xdc (Line: 19)
Related violations: <none>

XDCH-2#719 Warning
Same min and max delay values on IO port  
The same input delay of 0.000 ns has been defined on port 'ADC_DATA4[3][5][8]' relative to clock CLK_ADC for both max and min. Make sure this reflects the design intent.
set_input_delay -clock [get_clocks CLK_ADC] 0.000 [get_ports -quiet {DATA_STR ADC_DATA4* EVENT_READY}]
/home/work1/Works/AI-Trigger-System/HDL/constraints/ai_trigger_ooc.xdc (Line: 19)
Related violations: <none>

XDCH-2#720 Warning
Same min and max delay values on IO port  
The same input delay of 0.000 ns has been defined on port 'ADC_DATA4[3][5][9]' relative to clock CLK_ADC for both max and min. Make sure this reflects the design intent.
set_input_delay -clock [get_clocks CLK_ADC] 0.000 [get_ports -quiet {DATA_STR ADC_DATA4* EVENT_READY}]
/home/work1/Works/AI-Trigger-System/HDL/constraints/ai_trigger_ooc.xdc (Line: 19)
Related violations: <none>

XDCH-2#721 Warning
Same min and max delay values on IO port  
The same input delay of 0.000 ns has been defined on port 'ADC_DATA4[3][6][0]' relative to clock CLK_ADC for both max and min. Make sure this reflects the design intent.
set_input_delay -clock [get_clocks CLK_ADC] 0.000 [get_ports -quiet {DATA_STR ADC_DATA4* EVENT_READY}]
/home/work1/Works/AI-Trigger-System/HDL/constraints/ai_trigger_ooc.xdc (Line: 19)
Related violations: <none>

XDCH-2#722 Warning
Same min and max delay values on IO port  
The same input delay of 0.000 ns has been defined on port 'ADC_DATA4[3][6][10]' relative to clock CLK_ADC for both max and min. Make sure this reflects the design intent.
set_input_delay -clock [get_clocks CLK_ADC] 0.000 [get_ports -quiet {DATA_STR ADC_DATA4* EVENT_READY}]
/home/work1/Works/AI-Trigger-System/HDL/constraints/ai_trigger_ooc.xdc (Line: 19)
Related violations: <none>

XDCH-2#723 Warning
Same min and max delay values on IO port  
The same input delay of 0.000 ns has been defined on port 'ADC_DATA4[3][6][11]' relative to clock CLK_ADC for both max and min. Make sure this reflects the design intent.
set_input_delay -clock [get_clocks CLK_ADC] 0.000 [get_ports -quiet {DATA_STR ADC_DATA4* EVENT_READY}]
/home/work1/Works/AI-Trigger-System/HDL/constraints/ai_trigger_ooc.xdc (Line: 19)
Related violations: <none>

XDCH-2#724 Warning
Same min and max delay values on IO port  
The same input delay of 0.000 ns has been defined on port 'ADC_DATA4[3][6][1]' relative to clock CLK_ADC for both max and min. Make sure this reflects the design intent.
set_input_delay -clock [get_clocks CLK_ADC] 0.000 [get_ports -quiet {DATA_STR ADC_DATA4* EVENT_READY}]
/home/work1/Works/AI-Trigger-System/HDL/constraints/ai_trigger_ooc.xdc (Line: 19)
Related violations: <none>

XDCH-2#725 Warning
Same min and max delay values on IO port  
The same input delay of 0.000 ns has been defined on port 'ADC_DATA4[3][6][2]' relative to clock CLK_ADC for both max and min. Make sure this reflects the design intent.
set_input_delay -clock [get_clocks CLK_ADC] 0.000 [get_ports -quiet {DATA_STR ADC_DATA4* EVENT_READY}]
/home/work1/Works/AI-Trigger-System/HDL/constraints/ai_trigger_ooc.xdc (Line: 19)
Related violations: <none>

XDCH-2#726 Warning
Same min and max delay values on IO port  
The same input delay of 0.000 ns has been defined on port 'ADC_DATA4[3][6][3]' relative to clock CLK_ADC for both max and min. Make sure this reflects the design intent.
set_input_delay -clock [get_clocks CLK_ADC] 0.000 [get_ports -quiet {DATA_STR ADC_DATA4* EVENT_READY}]
/home/work1/Works/AI-Trigger-System/HDL/constraints/ai_trigger_ooc.xdc (Line: 19)
Related violations: <none>

XDCH-2#727 Warning
Same min and max delay values on IO port  
The same input delay of 0.000 ns has been defined on port 'ADC_DATA4[3][6][4]' relative to clock CLK_ADC for both max and min. Make sure this reflects the design intent.
set_input_delay -clock [get_clocks CLK_ADC] 0.000 [get_ports -quiet {DATA_STR ADC_DATA4* EVENT_READY}]
/home/work1/Works/AI-Trigger-System/HDL/constraints/ai_trigger_ooc.xdc (Line: 19)
Related violations: <none>

XDCH-2#728 Warning
Same min and max delay values on IO port  
The same input delay of 0.000 ns has been defined on port 'ADC_DATA4[3][6][5]' relative to clock CLK_ADC for both max and min. Make sure this reflects the design intent.
set_input_delay -clock [get_clocks CLK_ADC] 0.000 [get_ports -quiet {DATA_STR ADC_DATA4* EVENT_READY}]
/home/work1/Works/AI-Trigger-System/HDL/constraints/ai_trigger_ooc.xdc (Line: 19)
Related violations: <none>

XDCH-2#729 Warning
Same min and max delay values on IO port  
The same input delay of 0.000 ns has been defined on port 'ADC_DATA4[3][6][6]' relative to clock CLK_ADC for both max and min. Make sure this reflects the design intent.
set_input_delay -clock [get_clocks CLK_ADC] 0.000 [get_ports -quiet {DATA_STR ADC_DATA4* EVENT_READY}]
/home/work1/Works/AI-Trigger-System/HDL/constraints/ai_trigger_ooc.xdc (Line: 19)
Related violations: <none>

XDCH-2#730 Warning
Same min and max delay values on IO port  
The same input delay of 0.000 ns has been defined on port 'ADC_DATA4[3][6][7]' relative to clock CLK_ADC for both max and min. Make sure this reflects the design intent.
set_input_delay -clock [get_clocks CLK_ADC] 0.000 [get_ports -quiet {DATA_STR ADC_DATA4* EVENT_READY}]
/home/work1/Works/AI-Trigger-System/HDL/constraints/ai_trigger_ooc.xdc (Line: 19)
Related violations: <none>

XDCH-2#731 Warning
Same min and max delay values on IO port  
The same input delay of 0.000 ns has been defined on port 'ADC_DATA4[3][6][8]' relative to clock CLK_ADC for both max and min. Make sure this reflects the design intent.
set_input_delay -clock [get_clocks CLK_ADC] 0.000 [get_ports -quiet {DATA_STR ADC_DATA4* EVENT_READY}]
/home/work1/Works/AI-Trigger-System/HDL/constraints/ai_trigger_ooc.xdc (Line: 19)
Related violations: <none>

XDCH-2#732 Warning
Same min and max delay values on IO port  
The same input delay of 0.000 ns has been defined on port 'ADC_DATA4[3][6][9]' relative to clock CLK_ADC for both max and min. Make sure this reflects the design intent.
set_input_delay -clock [get_clocks CLK_ADC] 0.000 [get_ports -quiet {DATA_STR ADC_DATA4* EVENT_READY}]
/home/work1/Works/AI-Trigger-System/HDL/constraints/ai_trigger_ooc.xdc (Line: 19)
Related violations: <none>

XDCH-2#733 Warning
Same min and max delay values on IO port  
The same input delay of 0.000 ns has been defined on port 'ADC_DATA4[3][7][0]' relative to clock CLK_ADC for both max and min. Make sure this reflects the design intent.
set_input_delay -clock [get_clocks CLK_ADC] 0.000 [get_ports -quiet {DATA_STR ADC_DATA4* EVENT_READY}]
/home/work1/Works/AI-Trigger-System/HDL/constraints/ai_trigger_ooc.xdc (Line: 19)
Related violations: <none>

XDCH-2#734 Warning
Same min and max delay values on IO port  
The same input delay of 0.000 ns has been defined on port 'ADC_DATA4[3][7][10]' relative to clock CLK_ADC for both max and min. Make sure this reflects the design intent.
set_input_delay -clock [get_clocks CLK_ADC] 0.000 [get_ports -quiet {DATA_STR ADC_DATA4* EVENT_READY}]
/home/work1/Works/AI-Trigger-System/HDL/constraints/ai_trigger_ooc.xdc (Line: 19)
Related violations: <none>

XDCH-2#735 Warning
Same min and max delay values on IO port  
The same input delay of 0.000 ns has been defined on port 'ADC_DATA4[3][7][11]' relative to clock CLK_ADC for both max and min. Make sure this reflects the design intent.
set_input_delay -clock [get_clocks CLK_ADC] 0.000 [get_ports -quiet {DATA_STR ADC_DATA4* EVENT_READY}]
/home/work1/Works/AI-Trigger-System/HDL/constraints/ai_trigger_ooc.xdc (Line: 19)
Related violations: <none>

XDCH-2#736 Warning
Same min and max delay values on IO port  
The same input delay of 0.000 ns has been defined on port 'ADC_DATA4[3][7][1]' relative to clock CLK_ADC for both max and min. Make sure this reflects the design intent.
set_input_delay -clock [get_clocks CLK_ADC] 0.000 [get_ports -quiet {DATA_STR ADC_DATA4* EVENT_READY}]
/home/work1/Works/AI-Trigger-System/HDL/constraints/ai_trigger_ooc.xdc (Line: 19)
Related violations: <none>

XDCH-2#737 Warning
Same min and max delay values on IO port  
The same input delay of 0.000 ns has been defined on port 'ADC_DATA4[3][7][2]' relative to clock CLK_ADC for both max and min. Make sure this reflects the design intent.
set_input_delay -clock [get_clocks CLK_ADC] 0.000 [get_ports -quiet {DATA_STR ADC_DATA4* EVENT_READY}]
/home/work1/Works/AI-Trigger-System/HDL/constraints/ai_trigger_ooc.xdc (Line: 19)
Related violations: <none>

XDCH-2#738 Warning
Same min and max delay values on IO port  
The same input delay of 0.000 ns has been defined on port 'ADC_DATA4[3][7][3]' relative to clock CLK_ADC for both max and min. Make sure this reflects the design intent.
set_input_delay -clock [get_clocks CLK_ADC] 0.000 [get_ports -quiet {DATA_STR ADC_DATA4* EVENT_READY}]
/home/work1/Works/AI-Trigger-System/HDL/constraints/ai_trigger_ooc.xdc (Line: 19)
Related violations: <none>

XDCH-2#739 Warning
Same min and max delay values on IO port  
The same input delay of 0.000 ns has been defined on port 'ADC_DATA4[3][7][4]' relative to clock CLK_ADC for both max and min. Make sure this reflects the design intent.
set_input_delay -clock [get_clocks CLK_ADC] 0.000 [get_ports -quiet {DATA_STR ADC_DATA4* EVENT_READY}]
/home/work1/Works/AI-Trigger-System/HDL/constraints/ai_trigger_ooc.xdc (Line: 19)
Related violations: <none>

XDCH-2#740 Warning
Same min and max delay values on IO port  
The same input delay of 0.000 ns has been defined on port 'ADC_DATA4[3][7][5]' relative to clock CLK_ADC for both max and min. Make sure this reflects the design intent.
set_input_delay -clock [get_clocks CLK_ADC] 0.000 [get_ports -quiet {DATA_STR ADC_DATA4* EVENT_READY}]
/home/work1/Works/AI-Trigger-System/HDL/constraints/ai_trigger_ooc.xdc (Line: 19)
Related violations: <none>

XDCH-2#741 Warning
Same min and max delay values on IO port  
The same input delay of 0.000 ns has been defined on port 'ADC_DATA4[3][7][6]' relative to clock CLK_ADC for both max and min. Make sure this reflects the design intent.
set_input_delay -clock [get_clocks CLK_ADC] 0.000 [get_ports -quiet {DATA_STR ADC_DATA4* EVENT_READY}]
/home/work1/Works/AI-Trigger-System/HDL/constraints/ai_trigger_ooc.xdc (Line: 19)
Related violations: <none>

XDCH-2#742 Warning
Same min and max delay values on IO port  
The same input delay of 0.000 ns has been defined on port 'ADC_DATA4[3][7][7]' relative to clock CLK_ADC for both max and min. Make sure this reflects the design intent.
set_input_delay -clock [get_clocks CLK_ADC] 0.000 [get_ports -quiet {DATA_STR ADC_DATA4* EVENT_READY}]
/home/work1/Works/AI-Trigger-System/HDL/constraints/ai_trigger_ooc.xdc (Line: 19)
Related violations: <none>

XDCH-2#743 Warning
Same min and max delay values on IO port  
The same input delay of 0.000 ns has been defined on port 'ADC_DATA4[3][7][8]' relative to clock CLK_ADC for both max and min. Make sure this reflects the design intent.
set_input_delay -clock [get_clocks CLK_ADC] 0.000 [get_ports -quiet {DATA_STR ADC_DATA4* EVENT_READY}]
/home/work1/Works/AI-Trigger-System/HDL/constraints/ai_trigger_ooc.xdc (Line: 19)
Related violations: <none>

XDCH-2#744 Warning
Same min and max delay values on IO port  
The same input delay of 0.000 ns has been defined on port 'ADC_DATA4[3][7][9]' relative to clock CLK_ADC for both max and min. Make sure this reflects the design intent.
set_input_delay -clock [get_clocks CLK_ADC] 0.000 [get_ports -quiet {DATA_STR ADC_DATA4* EVENT_READY}]
/home/work1/Works/AI-Trigger-System/HDL/constraints/ai_trigger_ooc.xdc (Line: 19)
Related violations: <none>

XDCH-2#745 Warning
Same min and max delay values on IO port  
The same input delay of 0.000 ns has been defined on port 'ADC_DATA4[3][8][0]' relative to clock CLK_ADC for both max and min. Make sure this reflects the design intent.
set_input_delay -clock [get_clocks CLK_ADC] 0.000 [get_ports -quiet {DATA_STR ADC_DATA4* EVENT_READY}]
/home/work1/Works/AI-Trigger-System/HDL/constraints/ai_trigger_ooc.xdc (Line: 19)
Related violations: <none>

XDCH-2#746 Warning
Same min and max delay values on IO port  
The same input delay of 0.000 ns has been defined on port 'ADC_DATA4[3][8][10]' relative to clock CLK_ADC for both max and min. Make sure this reflects the design intent.
set_input_delay -clock [get_clocks CLK_ADC] 0.000 [get_ports -quiet {DATA_STR ADC_DATA4* EVENT_READY}]
/home/work1/Works/AI-Trigger-System/HDL/constraints/ai_trigger_ooc.xdc (Line: 19)
Related violations: <none>

XDCH-2#747 Warning
Same min and max delay values on IO port  
The same input delay of 0.000 ns has been defined on port 'ADC_DATA4[3][8][11]' relative to clock CLK_ADC for both max and min. Make sure this reflects the design intent.
set_input_delay -clock [get_clocks CLK_ADC] 0.000 [get_ports -quiet {DATA_STR ADC_DATA4* EVENT_READY}]
/home/work1/Works/AI-Trigger-System/HDL/constraints/ai_trigger_ooc.xdc (Line: 19)
Related violations: <none>

XDCH-2#748 Warning
Same min and max delay values on IO port  
The same input delay of 0.000 ns has been defined on port 'ADC_DATA4[3][8][1]' relative to clock CLK_ADC for both max and min. Make sure this reflects the design intent.
set_input_delay -clock [get_clocks CLK_ADC] 0.000 [get_ports -quiet {DATA_STR ADC_DATA4* EVENT_READY}]
/home/work1/Works/AI-Trigger-System/HDL/constraints/ai_trigger_ooc.xdc (Line: 19)
Related violations: <none>

XDCH-2#749 Warning
Same min and max delay values on IO port  
The same input delay of 0.000 ns has been defined on port 'ADC_DATA4[3][8][2]' relative to clock CLK_ADC for both max and min. Make sure this reflects the design intent.
set_input_delay -clock [get_clocks CLK_ADC] 0.000 [get_ports -quiet {DATA_STR ADC_DATA4* EVENT_READY}]
/home/work1/Works/AI-Trigger-System/HDL/constraints/ai_trigger_ooc.xdc (Line: 19)
Related violations: <none>

XDCH-2#750 Warning
Same min and max delay values on IO port  
The same input delay of 0.000 ns has been defined on port 'ADC_DATA4[3][8][3]' relative to clock CLK_ADC for both max and min. Make sure this reflects the design intent.
set_input_delay -clock [get_clocks CLK_ADC] 0.000 [get_ports -quiet {DATA_STR ADC_DATA4* EVENT_READY}]
/home/work1/Works/AI-Trigger-System/HDL/constraints/ai_trigger_ooc.xdc (Line: 19)
Related violations: <none>

XDCH-2#751 Warning
Same min and max delay values on IO port  
The same input delay of 0.000 ns has been defined on port 'ADC_DATA4[3][8][4]' relative to clock CLK_ADC for both max and min. Make sure this reflects the design intent.
set_input_delay -clock [get_clocks CLK_ADC] 0.000 [get_ports -quiet {DATA_STR ADC_DATA4* EVENT_READY}]
/home/work1/Works/AI-Trigger-System/HDL/constraints/ai_trigger_ooc.xdc (Line: 19)
Related violations: <none>

XDCH-2#752 Warning
Same min and max delay values on IO port  
The same input delay of 0.000 ns has been defined on port 'ADC_DATA4[3][8][5]' relative to clock CLK_ADC for both max and min. Make sure this reflects the design intent.
set_input_delay -clock [get_clocks CLK_ADC] 0.000 [get_ports -quiet {DATA_STR ADC_DATA4* EVENT_READY}]
/home/work1/Works/AI-Trigger-System/HDL/constraints/ai_trigger_ooc.xdc (Line: 19)
Related violations: <none>

XDCH-2#753 Warning
Same min and max delay values on IO port  
The same input delay of 0.000 ns has been defined on port 'ADC_DATA4[3][8][6]' relative to clock CLK_ADC for both max and min. Make sure this reflects the design intent.
set_input_delay -clock [get_clocks CLK_ADC] 0.000 [get_ports -quiet {DATA_STR ADC_DATA4* EVENT_READY}]
/home/work1/Works/AI-Trigger-System/HDL/constraints/ai_trigger_ooc.xdc (Line: 19)
Related violations: <none>

XDCH-2#754 Warning
Same min and max delay values on IO port  
The same input delay of 0.000 ns has been defined on port 'ADC_DATA4[3][8][7]' relative to clock CLK_ADC for both max and min. Make sure this reflects the design intent.
set_input_delay -clock [get_clocks CLK_ADC] 0.000 [get_ports -quiet {DATA_STR ADC_DATA4* EVENT_READY}]
/home/work1/Works/AI-Trigger-System/HDL/constraints/ai_trigger_ooc.xdc (Line: 19)
Related violations: <none>

XDCH-2#755 Warning
Same min and max delay values on IO port  
The same input delay of 0.000 ns has been defined on port 'ADC_DATA4[3][8][8]' relative to clock CLK_ADC for both max and min. Make sure this reflects the design intent.
set_input_delay -clock [get_clocks CLK_ADC] 0.000 [get_ports -quiet {DATA_STR ADC_DATA4* EVENT_READY}]
/home/work1/Works/AI-Trigger-System/HDL/constraints/ai_trigger_ooc.xdc (Line: 19)
Related violations: <none>

XDCH-2#756 Warning
Same min and max delay values on IO port  
The same input delay of 0.000 ns has been defined on port 'ADC_DATA4[3][8][9]' relative to clock CLK_ADC for both max and min. Make sure this reflects the design intent.
set_input_delay -clock [get_clocks CLK_ADC] 0.000 [get_ports -quiet {DATA_STR ADC_DATA4* EVENT_READY}]
/home/work1/Works/AI-Trigger-System/HDL/constraints/ai_trigger_ooc.xdc (Line: 19)
Related violations: <none>

XDCH-2#757 Warning
Same min and max delay values on IO port  
The same input delay of 0.000 ns has been defined on port 'ADC_DATA4[3][9][0]' relative to clock CLK_ADC for both max and min. Make sure this reflects the design intent.
set_input_delay -clock [get_clocks CLK_ADC] 0.000 [get_ports -quiet {DATA_STR ADC_DATA4* EVENT_READY}]
/home/work1/Works/AI-Trigger-System/HDL/constraints/ai_trigger_ooc.xdc (Line: 19)
Related violations: <none>

XDCH-2#758 Warning
Same min and max delay values on IO port  
The same input delay of 0.000 ns has been defined on port 'ADC_DATA4[3][9][10]' relative to clock CLK_ADC for both max and min. Make sure this reflects the design intent.
set_input_delay -clock [get_clocks CLK_ADC] 0.000 [get_ports -quiet {DATA_STR ADC_DATA4* EVENT_READY}]
/home/work1/Works/AI-Trigger-System/HDL/constraints/ai_trigger_ooc.xdc (Line: 19)
Related violations: <none>

XDCH-2#759 Warning
Same min and max delay values on IO port  
The same input delay of 0.000 ns has been defined on port 'ADC_DATA4[3][9][11]' relative to clock CLK_ADC for both max and min. Make sure this reflects the design intent.
set_input_delay -clock [get_clocks CLK_ADC] 0.000 [get_ports -quiet {DATA_STR ADC_DATA4* EVENT_READY}]
/home/work1/Works/AI-Trigger-System/HDL/constraints/ai_trigger_ooc.xdc (Line: 19)
Related violations: <none>

XDCH-2#760 Warning
Same min and max delay values on IO port  
The same input delay of 0.000 ns has been defined on port 'ADC_DATA4[3][9][1]' relative to clock CLK_ADC for both max and min. Make sure this reflects the design intent.
set_input_delay -clock [get_clocks CLK_ADC] 0.000 [get_ports -quiet {DATA_STR ADC_DATA4* EVENT_READY}]
/home/work1/Works/AI-Trigger-System/HDL/constraints/ai_trigger_ooc.xdc (Line: 19)
Related violations: <none>

XDCH-2#761 Warning
Same min and max delay values on IO port  
The same input delay of 0.000 ns has been defined on port 'ADC_DATA4[3][9][2]' relative to clock CLK_ADC for both max and min. Make sure this reflects the design intent.
set_input_delay -clock [get_clocks CLK_ADC] 0.000 [get_ports -quiet {DATA_STR ADC_DATA4* EVENT_READY}]
/home/work1/Works/AI-Trigger-System/HDL/constraints/ai_trigger_ooc.xdc (Line: 19)
Related violations: <none>

XDCH-2#762 Warning
Same min and max delay values on IO port  
The same input delay of 0.000 ns has been defined on port 'ADC_DATA4[3][9][3]' relative to clock CLK_ADC for both max and min. Make sure this reflects the design intent.
set_input_delay -clock [get_clocks CLK_ADC] 0.000 [get_ports -quiet {DATA_STR ADC_DATA4* EVENT_READY}]
/home/work1/Works/AI-Trigger-System/HDL/constraints/ai_trigger_ooc.xdc (Line: 19)
Related violations: <none>

XDCH-2#763 Warning
Same min and max delay values on IO port  
The same input delay of 0.000 ns has been defined on port 'ADC_DATA4[3][9][4]' relative to clock CLK_ADC for both max and min. Make sure this reflects the design intent.
set_input_delay -clock [get_clocks CLK_ADC] 0.000 [get_ports -quiet {DATA_STR ADC_DATA4* EVENT_READY}]
/home/work1/Works/AI-Trigger-System/HDL/constraints/ai_trigger_ooc.xdc (Line: 19)
Related violations: <none>

XDCH-2#764 Warning
Same min and max delay values on IO port  
The same input delay of 0.000 ns has been defined on port 'ADC_DATA4[3][9][5]' relative to clock CLK_ADC for both max and min. Make sure this reflects the design intent.
set_input_delay -clock [get_clocks CLK_ADC] 0.000 [get_ports -quiet {DATA_STR ADC_DATA4* EVENT_READY}]
/home/work1/Works/AI-Trigger-System/HDL/constraints/ai_trigger_ooc.xdc (Line: 19)
Related violations: <none>

XDCH-2#765 Warning
Same min and max delay values on IO port  
The same input delay of 0.000 ns has been defined on port 'ADC_DATA4[3][9][6]' relative to clock CLK_ADC for both max and min. Make sure this reflects the design intent.
set_input_delay -clock [get_clocks CLK_ADC] 0.000 [get_ports -quiet {DATA_STR ADC_DATA4* EVENT_READY}]
/home/work1/Works/AI-Trigger-System/HDL/constraints/ai_trigger_ooc.xdc (Line: 19)
Related violations: <none>

XDCH-2#766 Warning
Same min and max delay values on IO port  
The same input delay of 0.000 ns has been defined on port 'ADC_DATA4[3][9][7]' relative to clock CLK_ADC for both max and min. Make sure this reflects the design intent.
set_input_delay -clock [get_clocks CLK_ADC] 0.000 [get_ports -quiet {DATA_STR ADC_DATA4* EVENT_READY}]
/home/work1/Works/AI-Trigger-System/HDL/constraints/ai_trigger_ooc.xdc (Line: 19)
Related violations: <none>

XDCH-2#767 Warning
Same min and max delay values on IO port  
The same input delay of 0.000 ns has been defined on port 'ADC_DATA4[3][9][8]' relative to clock CLK_ADC for both max and min. Make sure this reflects the design intent.
set_input_delay -clock [get_clocks CLK_ADC] 0.000 [get_ports -quiet {DATA_STR ADC_DATA4* EVENT_READY}]
/home/work1/Works/AI-Trigger-System/HDL/constraints/ai_trigger_ooc.xdc (Line: 19)
Related violations: <none>

XDCH-2#768 Warning
Same min and max delay values on IO port  
The same input delay of 0.000 ns has been defined on port 'ADC_DATA4[3][9][9]' relative to clock CLK_ADC for both max and min. Make sure this reflects the design intent.
set_input_delay -clock [get_clocks CLK_ADC] 0.000 [get_ports -quiet {DATA_STR ADC_DATA4* EVENT_READY}]
/home/work1/Works/AI-Trigger-System/HDL/constraints/ai_trigger_ooc.xdc (Line: 19)
Related violations: <none>

XDCH-2#769 Warning
Same min and max delay values on IO port  
The same input delay of 0.000 ns has been defined on port 'CNN_THRESH[0]' relative to clock CLK_CNN for both max and min. Make sure this reflects the design intent.
set_input_delay -clock [get_clocks CLK_CNN] 0.000 [get_ports -quiet CNN_THRESH*]
/home/work1/Works/AI-Trigger-System/HDL/constraints/ai_trigger_ooc.xdc (Line: 20)
Related violations: <none>

XDCH-2#770 Warning
Same min and max delay values on IO port  
The same input delay of 0.000 ns has been defined on port 'CNN_THRESH[10]' relative to clock CLK_CNN for both max and min. Make sure this reflects the design intent.
set_input_delay -clock [get_clocks CLK_CNN] 0.000 [get_ports -quiet CNN_THRESH*]
/home/work1/Works/AI-Trigger-System/HDL/constraints/ai_trigger_ooc.xdc (Line: 20)
Related violations: <none>

XDCH-2#771 Warning
Same min and max delay values on IO port  
The same input delay of 0.000 ns has been defined on port 'CNN_THRESH[11]' relative to clock CLK_CNN for both max and min. Make sure this reflects the design intent.
set_input_delay -clock [get_clocks CLK_CNN] 0.000 [get_ports -quiet CNN_THRESH*]
/home/work1/Works/AI-Trigger-System/HDL/constraints/ai_trigger_ooc.xdc (Line: 20)
Related violations: <none>

XDCH-2#772 Warning
Same min and max delay values on IO port  
The same input delay of 0.000 ns has been defined on port 'CNN_THRESH[12]' relative to clock CLK_CNN for both max and min. Make sure this reflects the design intent.
set_input_delay -clock [get_clocks CLK_CNN] 0.000 [get_ports -quiet CNN_THRESH*]
/home/work1/Works/AI-Trigger-System/HDL/constraints/ai_trigger_ooc.xdc (Line: 20)
Related violations: <none>

XDCH-2#773 Warning
Same min and max delay values on IO port  
The same input delay of 0.000 ns has been defined on port 'CNN_THRESH[13]' relative to clock CLK_CNN for both max and min. Make sure this reflects the design intent.
set_input_delay -clock [get_clocks CLK_CNN] 0.000 [get_ports -quiet CNN_THRESH*]
/home/work1/Works/AI-Trigger-System/HDL/constraints/ai_trigger_ooc.xdc (Line: 20)
Related violations: <none>

XDCH-2#774 Warning
Same min and max delay values on IO port  
The same input delay of 0.000 ns has been defined on port 'CNN_THRESH[14]' relative to clock CLK_CNN for both max and min. Make sure this reflects the design intent.
set_input_delay -clock [get_clocks CLK_CNN] 0.000 [get_ports -quiet CNN_THRESH*]
/home/work1/Works/AI-Trigger-System/HDL/constraints/ai_trigger_ooc.xdc (Line: 20)
Related violations: <none>

XDCH-2#775 Warning
Same min and max delay values on IO port  
The same input delay of 0.000 ns has been defined on port 'CNN_THRESH[15]' relative to clock CLK_CNN for both max and min. Make sure this reflects the design intent.
set_input_delay -clock [get_clocks CLK_CNN] 0.000 [get_ports -quiet CNN_THRESH*]
/home/work1/Works/AI-Trigger-System/HDL/constraints/ai_trigger_ooc.xdc (Line: 20)
Related violations: <none>

XDCH-2#776 Warning
Same min and max delay values on IO port  
The same input delay of 0.000 ns has been defined on port 'CNN_THRESH[16]' relative to clock CLK_CNN for both max and min. Make sure this reflects the design intent.
set_input_delay -clock [get_clocks CLK_CNN] 0.000 [get_ports -quiet CNN_THRESH*]
/home/work1/Works/AI-Trigger-System/HDL/constraints/ai_trigger_ooc.xdc (Line: 20)
Related violations: <none>

XDCH-2#777 Warning
Same min and max delay values on IO port  
The same input delay of 0.000 ns has been defined on port 'CNN_THRESH[17]' relative to clock CLK_CNN for both max and min. Make sure this reflects the design intent.
set_input_delay -clock [get_clocks CLK_CNN] 0.000 [get_ports -quiet CNN_THRESH*]
/home/work1/Works/AI-Trigger-System/HDL/constraints/ai_trigger_ooc.xdc (Line: 20)
Related violations: <none>

XDCH-2#778 Warning
Same min and max delay values on IO port  
The same input delay of 0.000 ns has been defined on port 'CNN_THRESH[18]' relative to clock CLK_CNN for both max and min. Make sure this reflects the design intent.
set_input_delay -clock [get_clocks CLK_CNN] 0.000 [get_ports -quiet CNN_THRESH*]
/home/work1/Works/AI-Trigger-System/HDL/constraints/ai_trigger_ooc.xdc (Line: 20)
Related violations: <none>

XDCH-2#779 Warning
Same min and max delay values on IO port  
The same input delay of 0.000 ns has been defined on port 'CNN_THRESH[19]' relative to clock CLK_CNN for both max and min. Make sure this reflects the design intent.
set_input_delay -clock [get_clocks CLK_CNN] 0.000 [get_ports -quiet CNN_THRESH*]
/home/work1/Works/AI-Trigger-System/HDL/constraints/ai_trigger_ooc.xdc (Line: 20)
Related violations: <none>

XDCH-2#780 Warning
Same min and max delay values on IO port  
The same input delay of 0.000 ns has been defined on port 'CNN_THRESH[1]' relative to clock CLK_CNN for both max and min. Make sure this reflects the design intent.
set_input_delay -clock [get_clocks CLK_CNN] 0.000 [get_ports -quiet CNN_THRESH*]
/home/work1/Works/AI-Trigger-System/HDL/constraints/ai_trigger_ooc.xdc (Line: 20)
Related violations: <none>

XDCH-2#781 Warning
Same min and max delay values on IO port  
The same input delay of 0.000 ns has been defined on port 'CNN_THRESH[20]' relative to clock CLK_CNN for both max and min. Make sure this reflects the design intent.
set_input_delay -clock [get_clocks CLK_CNN] 0.000 [get_ports -quiet CNN_THRESH*]
/home/work1/Works/AI-Trigger-System/HDL/constraints/ai_trigger_ooc.xdc (Line: 20)
Related violations: <none>

XDCH-2#782 Warning
Same min and max delay values on IO port  
The same input delay of 0.000 ns has been defined on port 'CNN_THRESH[21]' relative to clock CLK_CNN for both max and min. Make sure this reflects the design intent.
set_input_delay -clock [get_clocks CLK_CNN] 0.000 [get_ports -quiet CNN_THRESH*]
/home/work1/Works/AI-Trigger-System/HDL/constraints/ai_trigger_ooc.xdc (Line: 20)
Related violations: <none>

XDCH-2#783 Warning
Same min and max delay values on IO port  
The same input delay of 0.000 ns has been defined on port 'CNN_THRESH[22]' relative to clock CLK_CNN for both max and min. Make sure this reflects the design intent.
set_input_delay -clock [get_clocks CLK_CNN] 0.000 [get_ports -quiet CNN_THRESH*]
/home/work1/Works/AI-Trigger-System/HDL/constraints/ai_trigger_ooc.xdc (Line: 20)
Related violations: <none>

XDCH-2#784 Warning
Same min and max delay values on IO port  
The same input delay of 0.000 ns has been defined on port 'CNN_THRESH[23]' relative to clock CLK_CNN for both max and min. Make sure this reflects the design intent.
set_input_delay -clock [get_clocks CLK_CNN] 0.000 [get_ports -quiet CNN_THRESH*]
/home/work1/Works/AI-Trigger-System/HDL/constraints/ai_trigger_ooc.xdc (Line: 20)
Related violations: <none>

XDCH-2#785 Warning
Same min and max delay values on IO port  
The same input delay of 0.000 ns has been defined on port 'CNN_THRESH[24]' relative to clock CLK_CNN for both max and min. Make sure this reflects the design intent.
set_input_delay -clock [get_clocks CLK_CNN] 0.000 [get_ports -quiet CNN_THRESH*]
/home/work1/Works/AI-Trigger-System/HDL/constraints/ai_trigger_ooc.xdc (Line: 20)
Related violations: <none>

XDCH-2#786 Warning
Same min and max delay values on IO port  
The same input delay of 0.000 ns has been defined on port 'CNN_THRESH[25]' relative to clock CLK_CNN for both max and min. Make sure this reflects the design intent.
set_input_delay -clock [get_clocks CLK_CNN] 0.000 [get_ports -quiet CNN_THRESH*]
/home/work1/Works/AI-Trigger-System/HDL/constraints/ai_trigger_ooc.xdc (Line: 20)
Related violations: <none>

XDCH-2#787 Warning
Same min and max delay values on IO port  
The same input delay of 0.000 ns has been defined on port 'CNN_THRESH[26]' relative to clock CLK_CNN for both max and min. Make sure this reflects the design intent.
set_input_delay -clock [get_clocks CLK_CNN] 0.000 [get_ports -quiet CNN_THRESH*]
/home/work1/Works/AI-Trigger-System/HDL/constraints/ai_trigger_ooc.xdc (Line: 20)
Related violations: <none>

XDCH-2#788 Warning
Same min and max delay values on IO port  
The same input delay of 0.000 ns has been defined on port 'CNN_THRESH[27]' relative to clock CLK_CNN for both max and min. Make sure this reflects the design intent.
set_input_delay -clock [get_clocks CLK_CNN] 0.000 [get_ports -quiet CNN_THRESH*]
/home/work1/Works/AI-Trigger-System/HDL/constraints/ai_trigger_ooc.xdc (Line: 20)
Related violations: <none>

XDCH-2#789 Warning
Same min and max delay values on IO port  
The same input delay of 0.000 ns has been defined on port 'CNN_THRESH[28]' relative to clock CLK_CNN for both max and min. Make sure this reflects the design intent.
set_input_delay -clock [get_clocks CLK_CNN] 0.000 [get_ports -quiet CNN_THRESH*]
/home/work1/Works/AI-Trigger-System/HDL/constraints/ai_trigger_ooc.xdc (Line: 20)
Related violations: <none>

XDCH-2#790 Warning
Same min and max delay values on IO port  
The same input delay of 0.000 ns has been defined on port 'CNN_THRESH[29]' relative to clock CLK_CNN for both max and min. Make sure this reflects the design intent.
set_input_delay -clock [get_clocks CLK_CNN] 0.000 [get_ports -quiet CNN_THRESH*]
/home/work1/Works/AI-Trigger-System/HDL/constraints/ai_trigger_ooc.xdc (Line: 20)
Related violations: <none>

XDCH-2#791 Warning
Same min and max delay values on IO port  
The same input delay of 0.000 ns has been defined on port 'CNN_THRESH[2]' relative to clock CLK_CNN for both max and min. Make sure this reflects the design intent.
set_input_delay -clock [get_clocks CLK_CNN] 0.000 [get_ports -quiet CNN_THRESH*]
/home/work1/Works/AI-Trigger-System/HDL/constraints/ai_trigger_ooc.xdc (Line: 20)
Related violations: <none>

XDCH-2#792 Warning
Same min and max delay values on IO port  
The same input delay of 0.000 ns has been defined on port 'CNN_THRESH[30]' relative to clock CLK_CNN for both max and min. Make sure this reflects the design intent.
set_input_delay -clock [get_clocks CLK_CNN] 0.000 [get_ports -quiet CNN_THRESH*]
/home/work1/Works/AI-Trigger-System/HDL/constraints/ai_trigger_ooc.xdc (Line: 20)
Related violations: <none>

XDCH-2#793 Warning
Same min and max delay values on IO port  
The same input delay of 0.000 ns has been defined on port 'CNN_THRESH[31]' relative to clock CLK_CNN for both max and min. Make sure this reflects the design intent.
set_input_delay -clock [get_clocks CLK_CNN] 0.000 [get_ports -quiet CNN_THRESH*]
/home/work1/Works/AI-Trigger-System/HDL/constraints/ai_trigger_ooc.xdc (Line: 20)
Related violations: <none>

XDCH-2#794 Warning
Same min and max delay values on IO port  
The same input delay of 0.000 ns has been defined on port 'CNN_THRESH[3]' relative to clock CLK_CNN for both max and min. Make sure this reflects the design intent.
set_input_delay -clock [get_clocks CLK_CNN] 0.000 [get_ports -quiet CNN_THRESH*]
/home/work1/Works/AI-Trigger-System/HDL/constraints/ai_trigger_ooc.xdc (Line: 20)
Related violations: <none>

XDCH-2#795 Warning
Same min and max delay values on IO port  
The same input delay of 0.000 ns has been defined on port 'CNN_THRESH[4]' relative to clock CLK_CNN for both max and min. Make sure this reflects the design intent.
set_input_delay -clock [get_clocks CLK_CNN] 0.000 [get_ports -quiet CNN_THRESH*]
/home/work1/Works/AI-Trigger-System/HDL/constraints/ai_trigger_ooc.xdc (Line: 20)
Related violations: <none>

XDCH-2#796 Warning
Same min and max delay values on IO port  
The same input delay of 0.000 ns has been defined on port 'CNN_THRESH[5]' relative to clock CLK_CNN for both max and min. Make sure this reflects the design intent.
set_input_delay -clock [get_clocks CLK_CNN] 0.000 [get_ports -quiet CNN_THRESH*]
/home/work1/Works/AI-Trigger-System/HDL/constraints/ai_trigger_ooc.xdc (Line: 20)
Related violations: <none>

XDCH-2#797 Warning
Same min and max delay values on IO port  
The same input delay of 0.000 ns has been defined on port 'CNN_THRESH[6]' relative to clock CLK_CNN for both max and min. Make sure this reflects the design intent.
set_input_delay -clock [get_clocks CLK_CNN] 0.000 [get_ports -quiet CNN_THRESH*]
/home/work1/Works/AI-Trigger-System/HDL/constraints/ai_trigger_ooc.xdc (Line: 20)
Related violations: <none>

XDCH-2#798 Warning
Same min and max delay values on IO port  
The same input delay of 0.000 ns has been defined on port 'CNN_THRESH[7]' relative to clock CLK_CNN for both max and min. Make sure this reflects the design intent.
set_input_delay -clock [get_clocks CLK_CNN] 0.000 [get_ports -quiet CNN_THRESH*]
/home/work1/Works/AI-Trigger-System/HDL/constraints/ai_trigger_ooc.xdc (Line: 20)
Related violations: <none>

XDCH-2#799 Warning
Same min and max delay values on IO port  
The same input delay of 0.000 ns has been defined on port 'CNN_THRESH[8]' relative to clock CLK_CNN for both max and min. Make sure this reflects the design intent.
set_input_delay -clock [get_clocks CLK_CNN] 0.000 [get_ports -quiet CNN_THRESH*]
/home/work1/Works/AI-Trigger-System/HDL/constraints/ai_trigger_ooc.xdc (Line: 20)
Related violations: <none>

XDCH-2#800 Warning
Same min and max delay values on IO port  
The same input delay of 0.000 ns has been defined on port 'CNN_THRESH[9]' relative to clock CLK_CNN for both max and min. Make sure this reflects the design intent.
set_input_delay -clock [get_clocks CLK_CNN] 0.000 [get_ports -quiet CNN_THRESH*]
/home/work1/Works/AI-Trigger-System/HDL/constraints/ai_trigger_ooc.xdc (Line: 20)
Related violations: <none>

XDCH-2#801 Warning
Same min and max delay values on IO port  
The same input delay of 0.000 ns has been defined on port 'DATA_STR' relative to clock CLK_ADC for both max and min. Make sure this reflects the design intent.
set_input_delay -clock [get_clocks CLK_ADC] 0.000 [get_ports -quiet {DATA_STR ADC_DATA4* EVENT_READY}]
/home/work1/Works/AI-Trigger-System/HDL/constraints/ai_trigger_ooc.xdc (Line: 19)
Related violations: <none>

XDCH-2#802 Warning
Same min and max delay values on IO port  
The same input delay of 0.000 ns has been defined on port 'EVENT_READY' relative to clock CLK_ADC for both max and min. Make sure this reflects the design intent.
set_input_delay -clock [get_clocks CLK_ADC] 0.000 [get_ports -quiet {DATA_STR ADC_DATA4* EVENT_READY}]
/home/work1/Works/AI-Trigger-System/HDL/constraints/ai_trigger_ooc.xdc (Line: 19)
Related violations: <none>

XDCH-2#803 Warning
Same min and max delay values on IO port  
The same output delay of 0.000 ns has been defined on port 'CHUNK_OVERFLOW' relative to clock CLK_ADC for both max and min. Make sure this reflects the design intent.
set_output_delay -clock [get_clocks CLK_ADC] 0.000 [get_ports -quiet {EVENT_VALID EVENT_DATA* EVENT_LAST EVENT_CHUNK_ID* EVENT_TIMESTAMP* EVENT_SCORE* RING_MISS_COUNT* CHUNK_OVERFLOW}]
/home/work1/Works/AI-Trigger-System/HDL/constraints/ai_trigger_ooc.xdc (Line: 25)
Related violations: <none>

XDCH-2#804 Warning
Same min and max delay values on IO port  
The same output delay of 0.000 ns has been defined on port 'CNN_OUT_CHUNK_ID[0]' relative to clock CLK_CNN for both max and min. Make sure this reflects the design intent.
set_output_delay -clock [get_clocks CLK_CNN] 0.000 [get_ports -quiet {CNN_TRIG CNN_OUT_DATA* CNN_OUT_CHUNK_ID* CNN_OUT_VALID DROPPED_TRIGGER_COUNT*}]
/home/work1/Works/AI-Trigger-System/HDL/constraints/ai_trigger_ooc.xdc (Line: 24)
Related violations: <none>

XDCH-2#805 Warning
Same min and max delay values on IO port  
The same output delay of 0.000 ns has been defined on port 'CNN_OUT_CHUNK_ID[10]' relative to clock CLK_CNN for both max and min. Make sure this reflects the design intent.
set_output_delay -clock [get_clocks CLK_CNN] 0.000 [get_ports -quiet {CNN_TRIG CNN_OUT_DATA* CNN_OUT_CHUNK_ID* CNN_OUT_VALID DROPPED_TRIGGER_COUNT*}]
/home/work1/Works/AI-Trigger-System/HDL/constraints/ai_trigger_ooc.xdc (Line: 24)
Related violations: <none>

XDCH-2#806 Warning
Same min and max delay values on IO port  
The same output delay of 0.000 ns has been defined on port 'CNN_OUT_CHUNK_ID[11]' relative to clock CLK_CNN for both max and min. Make sure this reflects the design intent.
set_output_delay -clock [get_clocks CLK_CNN] 0.000 [get_ports -quiet {CNN_TRIG CNN_OUT_DATA* CNN_OUT_CHUNK_ID* CNN_OUT_VALID DROPPED_TRIGGER_COUNT*}]
/home/work1/Works/AI-Trigger-System/HDL/constraints/ai_trigger_ooc.xdc (Line: 24)
Related violations: <none>

XDCH-2#807 Warning
Same min and max delay values on IO port  
The same output delay of 0.000 ns has been defined on port 'CNN_OUT_CHUNK_ID[12]' relative to clock CLK_CNN for both max and min. Make sure this reflects the design intent.
set_output_delay -clock [get_clocks CLK_CNN] 0.000 [get_ports -quiet {CNN_TRIG CNN_OUT_DATA* CNN_OUT_CHUNK_ID* CNN_OUT_VALID DROPPED_TRIGGER_COUNT*}]
/home/work1/Works/AI-Trigger-System/HDL/constraints/ai_trigger_ooc.xdc (Line: 24)
Related violations: <none>

XDCH-2#808 Warning
Same min and max delay values on IO port  
The same output delay of 0.000 ns has been defined on port 'CNN_OUT_CHUNK_ID[13]' relative to clock CLK_CNN for both max and min. Make sure this reflects the design intent.
set_output_delay -clock [get_clocks CLK_CNN] 0.000 [get_ports -quiet {CNN_TRIG CNN_OUT_DATA* CNN_OUT_CHUNK_ID* CNN_OUT_VALID DROPPED_TRIGGER_COUNT*}]
/home/work1/Works/AI-Trigger-System/HDL/constraints/ai_trigger_ooc.xdc (Line: 24)
Related violations: <none>

XDCH-2#809 Warning
Same min and max delay values on IO port  
The same output delay of 0.000 ns has been defined on port 'CNN_OUT_CHUNK_ID[14]' relative to clock CLK_CNN for both max and min. Make sure this reflects the design intent.
set_output_delay -clock [get_clocks CLK_CNN] 0.000 [get_ports -quiet {CNN_TRIG CNN_OUT_DATA* CNN_OUT_CHUNK_ID* CNN_OUT_VALID DROPPED_TRIGGER_COUNT*}]
/home/work1/Works/AI-Trigger-System/HDL/constraints/ai_trigger_ooc.xdc (Line: 24)
Related violations: <none>

XDCH-2#810 Warning
Same min and max delay values on IO port  
The same output delay of 0.000 ns has been defined on port 'CNN_OUT_CHUNK_ID[15]' relative to clock CLK_CNN for both max and min. Make sure this reflects the design intent.
set_output_delay -clock [get_clocks CLK_CNN] 0.000 [get_ports -quiet {CNN_TRIG CNN_OUT_DATA* CNN_OUT_CHUNK_ID* CNN_OUT_VALID DROPPED_TRIGGER_COUNT*}]
/home/work1/Works/AI-Trigger-System/HDL/constraints/ai_trigger_ooc.xdc (Line: 24)
Related violations: <none>

XDCH-2#811 Warning
Same min and max delay values on IO port  
The same output delay of 0.000 ns has been defined on port 'CNN_OUT_CHUNK_ID[1]' relative to clock CLK_CNN for both max and min. Make sure this reflects the design intent.
set_output_delay -clock [get_clocks CLK_CNN] 0.000 [get_ports -quiet {CNN_TRIG CNN_OUT_DATA* CNN_OUT_CHUNK_ID* CNN_OUT_VALID DROPPED_TRIGGER_COUNT*}]
/home/work1/Works/AI-Trigger-System/HDL/constraints/ai_trigger_ooc.xdc (Line: 24)
Related violations: <none>

XDCH-2#812 Warning
Same min and max delay values on IO port  
The same output delay of 0.000 ns has been defined on port 'CNN_OUT_CHUNK_ID[2]' relative to clock CLK_CNN for both max and min. Make sure this reflects the design intent.
set_output_delay -clock [get_clocks CLK_CNN] 0.000 [get_ports -quiet {CNN_TRIG CNN_OUT_DATA* CNN_OUT_CHUNK_ID* CNN_OUT_VALID DROPPED_TRIGGER_COUNT*}]
/home/work1/Works/AI-Trigger-System/HDL/constraints/ai_trigger_ooc.xdc (Line: 24)
Related violations: <none>

XDCH-2#813 Warning
Same min and max delay values on IO port  
The same output delay of 0.000 ns has been defined on port 'CNN_OUT_CHUNK_ID[3]' relative to clock CLK_CNN for both max and min. Make sure this reflects the design intent.
set_output_delay -clock [get_clocks CLK_CNN] 0.000 [get_ports -quiet {CNN_TRIG CNN_OUT_DATA* CNN_OUT_CHUNK_ID* CNN_OUT_VALID DROPPED_TRIGGER_COUNT*}]
/home/work1/Works/AI-Trigger-System/HDL/constraints/ai_trigger_ooc.xdc (Line: 24)
Related violations: <none>

XDCH-2#814 Warning
Same min and max delay values on IO port  
The same output delay of 0.000 ns has been defined on port 'CNN_OUT_CHUNK_ID[4]' relative to clock CLK_CNN for both max and min. Make sure this reflects the design intent.
set_output_delay -clock [get_clocks CLK_CNN] 0.000 [get_ports -quiet {CNN_TRIG CNN_OUT_DATA* CNN_OUT_CHUNK_ID* CNN_OUT_VALID DROPPED_TRIGGER_COUNT*}]
/home/work1/Works/AI-Trigger-System/HDL/constraints/ai_trigger_ooc.xdc (Line: 24)
Related violations: <none>

XDCH-2#815 Warning
Same min and max delay values on IO port  
The same output delay of 0.000 ns has been defined on port 'CNN_OUT_CHUNK_ID[5]' relative to clock CLK_CNN for both max and min. Make sure this reflects the design intent.
set_output_delay -clock [get_clocks CLK_CNN] 0.000 [get_ports -quiet {CNN_TRIG CNN_OUT_DATA* CNN_OUT_CHUNK_ID* CNN_OUT_VALID DROPPED_TRIGGER_COUNT*}]
/home/work1/Works/AI-Trigger-System/HDL/constraints/ai_trigger_ooc.xdc (Line: 24)
Related violations: <none>

XDCH-2#816 Warning
Same min and max delay values on IO port  
The same output delay of 0.000 ns has been defined on port 'CNN_OUT_CHUNK_ID[6]' relative to clock CLK_CNN for both max and min. Make sure this reflects the design intent.
set_output_delay -clock [get_clocks CLK_CNN] 0.000 [get_ports -quiet {CNN_TRIG CNN_OUT_DATA* CNN_OUT_CHUNK_ID* CNN_OUT_VALID DROPPED_TRIGGER_COUNT*}]
/home/work1/Works/AI-Trigger-System/HDL/constraints/ai_trigger_ooc.xdc (Line: 24)
Related violations: <none>

XDCH-2#817 Warning
Same min and max delay values on IO port  
The same output delay of 0.000 ns has been defined on port 'CNN_OUT_CHUNK_ID[7]' relative to clock CLK_CNN for both max and min. Make sure this reflects the design intent.
set_output_delay -clock [get_clocks CLK_CNN] 0.000 [get_ports -quiet {CNN_TRIG CNN_OUT_DATA* CNN_OUT_CHUNK_ID* CNN_OUT_VALID DROPPED_TRIGGER_COUNT*}]
/home/work1/Works/AI-Trigger-System/HDL/constraints/ai_trigger_ooc.xdc (Line: 24)
Related violations: <none>

XDCH-2#818 Warning
Same min and max delay values on IO port  
The same output delay of 0.000 ns has been defined on port 'CNN_OUT_CHUNK_ID[8]' relative to clock CLK_CNN for both max and min. Make sure this reflects the design intent.
set_output_delay -clock [get_clocks CLK_CNN] 0.000 [get_ports -quiet {CNN_TRIG CNN_OUT_DATA* CNN_OUT_CHUNK_ID* CNN_OUT_VALID DROPPED_TRIGGER_COUNT*}]
/home/work1/Works/AI-Trigger-System/HDL/constraints/ai_trigger_ooc.xdc (Line: 24)
Related violations: <none>

XDCH-2#819 Warning
Same min and max delay values on IO port  
The same output delay of 0.000 ns has been defined on port 'CNN_OUT_CHUNK_ID[9]' relative to clock CLK_CNN for both max and min. Make sure this reflects the design intent.
set_output_delay -clock [get_clocks CLK_CNN] 0.000 [get_ports -quiet {CNN_TRIG CNN_OUT_DATA* CNN_OUT_CHUNK_ID* CNN_OUT_VALID DROPPED_TRIGGER_COUNT*}]
/home/work1/Works/AI-Trigger-System/HDL/constraints/ai_trigger_ooc.xdc (Line: 24)
Related violations: <none>

XDCH-2#820 Warning
Same min and max delay values on IO port  
The same output delay of 0.000 ns has been defined on port 'CNN_OUT_DATA[0]' relative to clock CLK_CNN for both max and min. Make sure this reflects the design intent.
set_output_delay -clock [get_clocks CLK_CNN] 0.000 [get_ports -quiet {CNN_TRIG CNN_OUT_DATA* CNN_OUT_CHUNK_ID* CNN_OUT_VALID DROPPED_TRIGGER_COUNT*}]
/home/work1/Works/AI-Trigger-System/HDL/constraints/ai_trigger_ooc.xdc (Line: 24)
Related violations: <none>

XDCH-2#821 Warning
Same min and max delay values on IO port  
The same output delay of 0.000 ns has been defined on port 'CNN_OUT_DATA[10]' relative to clock CLK_CNN for both max and min. Make sure this reflects the design intent.
set_output_delay -clock [get_clocks CLK_CNN] 0.000 [get_ports -quiet {CNN_TRIG CNN_OUT_DATA* CNN_OUT_CHUNK_ID* CNN_OUT_VALID DROPPED_TRIGGER_COUNT*}]
/home/work1/Works/AI-Trigger-System/HDL/constraints/ai_trigger_ooc.xdc (Line: 24)
Related violations: <none>

XDCH-2#822 Warning
Same min and max delay values on IO port  
The same output delay of 0.000 ns has been defined on port 'CNN_OUT_DATA[11]' relative to clock CLK_CNN for both max and min. Make sure this reflects the design intent.
set_output_delay -clock [get_clocks CLK_CNN] 0.000 [get_ports -quiet {CNN_TRIG CNN_OUT_DATA* CNN_OUT_CHUNK_ID* CNN_OUT_VALID DROPPED_TRIGGER_COUNT*}]
/home/work1/Works/AI-Trigger-System/HDL/constraints/ai_trigger_ooc.xdc (Line: 24)
Related violations: <none>

XDCH-2#823 Warning
Same min and max delay values on IO port  
The same output delay of 0.000 ns has been defined on port 'CNN_OUT_DATA[12]' relative to clock CLK_CNN for both max and min. Make sure this reflects the design intent.
set_output_delay -clock [get_clocks CLK_CNN] 0.000 [get_ports -quiet {CNN_TRIG CNN_OUT_DATA* CNN_OUT_CHUNK_ID* CNN_OUT_VALID DROPPED_TRIGGER_COUNT*}]
/home/work1/Works/AI-Trigger-System/HDL/constraints/ai_trigger_ooc.xdc (Line: 24)
Related violations: <none>

XDCH-2#824 Warning
Same min and max delay values on IO port  
The same output delay of 0.000 ns has been defined on port 'CNN_OUT_DATA[13]' relative to clock CLK_CNN for both max and min. Make sure this reflects the design intent.
set_output_delay -clock [get_clocks CLK_CNN] 0.000 [get_ports -quiet {CNN_TRIG CNN_OUT_DATA* CNN_OUT_CHUNK_ID* CNN_OUT_VALID DROPPED_TRIGGER_COUNT*}]
/home/work1/Works/AI-Trigger-System/HDL/constraints/ai_trigger_ooc.xdc (Line: 24)
Related violations: <none>

XDCH-2#825 Warning
Same min and max delay values on IO port  
The same output delay of 0.000 ns has been defined on port 'CNN_OUT_DATA[14]' relative to clock CLK_CNN for both max and min. Make sure this reflects the design intent.
set_output_delay -clock [get_clocks CLK_CNN] 0.000 [get_ports -quiet {CNN_TRIG CNN_OUT_DATA* CNN_OUT_CHUNK_ID* CNN_OUT_VALID DROPPED_TRIGGER_COUNT*}]
/home/work1/Works/AI-Trigger-System/HDL/constraints/ai_trigger_ooc.xdc (Line: 24)
Related violations: <none>

XDCH-2#826 Warning
Same min and max delay values on IO port  
The same output delay of 0.000 ns has been defined on port 'CNN_OUT_DATA[15]' relative to clock CLK_CNN for both max and min. Make sure this reflects the design intent.
set_output_delay -clock [get_clocks CLK_CNN] 0.000 [get_ports -quiet {CNN_TRIG CNN_OUT_DATA* CNN_OUT_CHUNK_ID* CNN_OUT_VALID DROPPED_TRIGGER_COUNT*}]
/home/work1/Works/AI-Trigger-System/HDL/constraints/ai_trigger_ooc.xdc (Line: 24)
Related violations: <none>

XDCH-2#827 Warning
Same min and max delay values on IO port  
The same output delay of 0.000 ns has been defined on port 'CNN_OUT_DATA[16]' relative to clock CLK_CNN for both max and min. Make sure this reflects the design intent.
set_output_delay -clock [get_clocks CLK_CNN] 0.000 [get_ports -quiet {CNN_TRIG CNN_OUT_DATA* CNN_OUT_CHUNK_ID* CNN_OUT_VALID DROPPED_TRIGGER_COUNT*}]
/home/work1/Works/AI-Trigger-System/HDL/constraints/ai_trigger_ooc.xdc (Line: 24)
Related violations: <none>

XDCH-2#828 Warning
Same min and max delay values on IO port  
The same output delay of 0.000 ns has been defined on port 'CNN_OUT_DATA[17]' relative to clock CLK_CNN for both max and min. Make sure this reflects the design intent.
set_output_delay -clock [get_clocks CLK_CNN] 0.000 [get_ports -quiet {CNN_TRIG CNN_OUT_DATA* CNN_OUT_CHUNK_ID* CNN_OUT_VALID DROPPED_TRIGGER_COUNT*}]
/home/work1/Works/AI-Trigger-System/HDL/constraints/ai_trigger_ooc.xdc (Line: 24)
Related violations: <none>

XDCH-2#829 Warning
Same min and max delay values on IO port  
The same output delay of 0.000 ns has been defined on port 'CNN_OUT_DATA[18]' relative to clock CLK_CNN for both max and min. Make sure this reflects the design intent.
set_output_delay -clock [get_clocks CLK_CNN] 0.000 [get_ports -quiet {CNN_TRIG CNN_OUT_DATA* CNN_OUT_CHUNK_ID* CNN_OUT_VALID DROPPED_TRIGGER_COUNT*}]
/home/work1/Works/AI-Trigger-System/HDL/constraints/ai_trigger_ooc.xdc (Line: 24)
Related violations: <none>

XDCH-2#830 Warning
Same min and max delay values on IO port  
The same output delay of 0.000 ns has been defined on port 'CNN_OUT_DATA[19]' relative to clock CLK_CNN for both max and min. Make sure this reflects the design intent.
set_output_delay -clock [get_clocks CLK_CNN] 0.000 [get_ports -quiet {CNN_TRIG CNN_OUT_DATA* CNN_OUT_CHUNK_ID* CNN_OUT_VALID DROPPED_TRIGGER_COUNT*}]
/home/work1/Works/AI-Trigger-System/HDL/constraints/ai_trigger_ooc.xdc (Line: 24)
Related violations: <none>

XDCH-2#831 Warning
Same min and max delay values on IO port  
The same output delay of 0.000 ns has been defined on port 'CNN_OUT_DATA[1]' relative to clock CLK_CNN for both max and min. Make sure this reflects the design intent.
set_output_delay -clock [get_clocks CLK_CNN] 0.000 [get_ports -quiet {CNN_TRIG CNN_OUT_DATA* CNN_OUT_CHUNK_ID* CNN_OUT_VALID DROPPED_TRIGGER_COUNT*}]
/home/work1/Works/AI-Trigger-System/HDL/constraints/ai_trigger_ooc.xdc (Line: 24)
Related violations: <none>

XDCH-2#832 Warning
Same min and max delay values on IO port  
The same output delay of 0.000 ns has been defined on port 'CNN_OUT_DATA[20]' relative to clock CLK_CNN for both max and min. Make sure this reflects the design intent.
set_output_delay -clock [get_clocks CLK_CNN] 0.000 [get_ports -quiet {CNN_TRIG CNN_OUT_DATA* CNN_OUT_CHUNK_ID* CNN_OUT_VALID DROPPED_TRIGGER_COUNT*}]
/home/work1/Works/AI-Trigger-System/HDL/constraints/ai_trigger_ooc.xdc (Line: 24)
Related violations: <none>

XDCH-2#833 Warning
Same min and max delay values on IO port  
The same output delay of 0.000 ns has been defined on port 'CNN_OUT_DATA[21]' relative to clock CLK_CNN for both max and min. Make sure this reflects the design intent.
set_output_delay -clock [get_clocks CLK_CNN] 0.000 [get_ports -quiet {CNN_TRIG CNN_OUT_DATA* CNN_OUT_CHUNK_ID* CNN_OUT_VALID DROPPED_TRIGGER_COUNT*}]
/home/work1/Works/AI-Trigger-System/HDL/constraints/ai_trigger_ooc.xdc (Line: 24)
Related violations: <none>

XDCH-2#834 Warning
Same min and max delay values on IO port  
The same output delay of 0.000 ns has been defined on port 'CNN_OUT_DATA[22]' relative to clock CLK_CNN for both max and min. Make sure this reflects the design intent.
set_output_delay -clock [get_clocks CLK_CNN] 0.000 [get_ports -quiet {CNN_TRIG CNN_OUT_DATA* CNN_OUT_CHUNK_ID* CNN_OUT_VALID DROPPED_TRIGGER_COUNT*}]
/home/work1/Works/AI-Trigger-System/HDL/constraints/ai_trigger_ooc.xdc (Line: 24)
Related violations: <none>

XDCH-2#835 Warning
Same min and max delay values on IO port  
The same output delay of 0.000 ns has been defined on port 'CNN_OUT_DATA[23]' relative to clock CLK_CNN for both max and min. Make sure this reflects the design intent.
set_output_delay -clock [get_clocks CLK_CNN] 0.000 [get_ports -quiet {CNN_TRIG CNN_OUT_DATA* CNN_OUT_CHUNK_ID* CNN_OUT_VALID DROPPED_TRIGGER_COUNT*}]
/home/work1/Works/AI-Trigger-System/HDL/constraints/ai_trigger_ooc.xdc (Line: 24)
Related violations: <none>

XDCH-2#836 Warning
Same min and max delay values on IO port  
The same output delay of 0.000 ns has been defined on port 'CNN_OUT_DATA[24]' relative to clock CLK_CNN for both max and min. Make sure this reflects the design intent.
set_output_delay -clock [get_clocks CLK_CNN] 0.000 [get_ports -quiet {CNN_TRIG CNN_OUT_DATA* CNN_OUT_CHUNK_ID* CNN_OUT_VALID DROPPED_TRIGGER_COUNT*}]
/home/work1/Works/AI-Trigger-System/HDL/constraints/ai_trigger_ooc.xdc (Line: 24)
Related violations: <none>

XDCH-2#837 Warning
Same min and max delay values on IO port  
The same output delay of 0.000 ns has been defined on port 'CNN_OUT_DATA[25]' relative to clock CLK_CNN for both max and min. Make sure this reflects the design intent.
set_output_delay -clock [get_clocks CLK_CNN] 0.000 [get_ports -quiet {CNN_TRIG CNN_OUT_DATA* CNN_OUT_CHUNK_ID* CNN_OUT_VALID DROPPED_TRIGGER_COUNT*}]
/home/work1/Works/AI-Trigger-System/HDL/constraints/ai_trigger_ooc.xdc (Line: 24)
Related violations: <none>

XDCH-2#838 Warning
Same min and max delay values on IO port  
The same output delay of 0.000 ns has been defined on port 'CNN_OUT_DATA[26]' relative to clock CLK_CNN for both max and min. Make sure this reflects the design intent.
set_output_delay -clock [get_clocks CLK_CNN] 0.000 [get_ports -quiet {CNN_TRIG CNN_OUT_DATA* CNN_OUT_CHUNK_ID* CNN_OUT_VALID DROPPED_TRIGGER_COUNT*}]
/home/work1/Works/AI-Trigger-System/HDL/constraints/ai_trigger_ooc.xdc (Line: 24)
Related violations: <none>

XDCH-2#839 Warning
Same min and max delay values on IO port  
The same output delay of 0.000 ns has been defined on port 'CNN_OUT_DATA[27]' relative to clock CLK_CNN for both max and min. Make sure this reflects the design intent.
set_output_delay -clock [get_clocks CLK_CNN] 0.000 [get_ports -quiet {CNN_TRIG CNN_OUT_DATA* CNN_OUT_CHUNK_ID* CNN_OUT_VALID DROPPED_TRIGGER_COUNT*}]
/home/work1/Works/AI-Trigger-System/HDL/constraints/ai_trigger_ooc.xdc (Line: 24)
Related violations: <none>

XDCH-2#840 Warning
Same min and max delay values on IO port  
The same output delay of 0.000 ns has been defined on port 'CNN_OUT_DATA[28]' relative to clock CLK_CNN for both max and min. Make sure this reflects the design intent.
set_output_delay -clock [get_clocks CLK_CNN] 0.000 [get_ports -quiet {CNN_TRIG CNN_OUT_DATA* CNN_OUT_CHUNK_ID* CNN_OUT_VALID DROPPED_TRIGGER_COUNT*}]
/home/work1/Works/AI-Trigger-System/HDL/constraints/ai_trigger_ooc.xdc (Line: 24)
Related violations: <none>

XDCH-2#841 Warning
Same min and max delay values on IO port  
The same output delay of 0.000 ns has been defined on port 'CNN_OUT_DATA[29]' relative to clock CLK_CNN for both max and min. Make sure this reflects the design intent.
set_output_delay -clock [get_clocks CLK_CNN] 0.000 [get_ports -quiet {CNN_TRIG CNN_OUT_DATA* CNN_OUT_CHUNK_ID* CNN_OUT_VALID DROPPED_TRIGGER_COUNT*}]
/home/work1/Works/AI-Trigger-System/HDL/constraints/ai_trigger_ooc.xdc (Line: 24)
Related violations: <none>

XDCH-2#842 Warning
Same min and max delay values on IO port  
The same output delay of 0.000 ns has been defined on port 'CNN_OUT_DATA[2]' relative to clock CLK_CNN for both max and min. Make sure this reflects the design intent.
set_output_delay -clock [get_clocks CLK_CNN] 0.000 [get_ports -quiet {CNN_TRIG CNN_OUT_DATA* CNN_OUT_CHUNK_ID* CNN_OUT_VALID DROPPED_TRIGGER_COUNT*}]
/home/work1/Works/AI-Trigger-System/HDL/constraints/ai_trigger_ooc.xdc (Line: 24)
Related violations: <none>

XDCH-2#843 Warning
Same min and max delay values on IO port  
The same output delay of 0.000 ns has been defined on port 'CNN_OUT_DATA[30]' relative to clock CLK_CNN for both max and min. Make sure this reflects the design intent.
set_output_delay -clock [get_clocks CLK_CNN] 0.000 [get_ports -quiet {CNN_TRIG CNN_OUT_DATA* CNN_OUT_CHUNK_ID* CNN_OUT_VALID DROPPED_TRIGGER_COUNT*}]
/home/work1/Works/AI-Trigger-System/HDL/constraints/ai_trigger_ooc.xdc (Line: 24)
Related violations: <none>

XDCH-2#844 Warning
Same min and max delay values on IO port  
The same output delay of 0.000 ns has been defined on port 'CNN_OUT_DATA[31]' relative to clock CLK_CNN for both max and min. Make sure this reflects the design intent.
set_output_delay -clock [get_clocks CLK_CNN] 0.000 [get_ports -quiet {CNN_TRIG CNN_OUT_DATA* CNN_OUT_CHUNK_ID* CNN_OUT_VALID DROPPED_TRIGGER_COUNT*}]
/home/work1/Works/AI-Trigger-System/HDL/constraints/ai_trigger_ooc.xdc (Line: 24)
Related violations: <none>

XDCH-2#845 Warning
Same min and max delay values on IO port  
The same output delay of 0.000 ns has been defined on port 'CNN_OUT_DATA[3]' relative to clock CLK_CNN for both max and min. Make sure this reflects the design intent.
set_output_delay -clock [get_clocks CLK_CNN] 0.000 [get_ports -quiet {CNN_TRIG CNN_OUT_DATA* CNN_OUT_CHUNK_ID* CNN_OUT_VALID DROPPED_TRIGGER_COUNT*}]
/home/work1/Works/AI-Trigger-System/HDL/constraints/ai_trigger_ooc.xdc (Line: 24)
Related violations: <none>

XDCH-2#846 Warning
Same min and max delay values on IO port  
The same output delay of 0.000 ns has been defined on port 'CNN_OUT_DATA[4]' relative to clock CLK_CNN for both max and min. Make sure this reflects the design intent.
set_output_delay -clock [get_clocks CLK_CNN] 0.000 [get_ports -quiet {CNN_TRIG CNN_OUT_DATA* CNN_OUT_CHUNK_ID* CNN_OUT_VALID DROPPED_TRIGGER_COUNT*}]
/home/work1/Works/AI-Trigger-System/HDL/constraints/ai_trigger_ooc.xdc (Line: 24)
Related violations: <none>

XDCH-2#847 Warning
Same min and max delay values on IO port  
The same output delay of 0.000 ns has been defined on port 'CNN_OUT_DATA[5]' relative to clock CLK_CNN for both max and min. Make sure this reflects the design intent.
set_output_delay -clock [get_clocks CLK_CNN] 0.000 [get_ports -quiet {CNN_TRIG CNN_OUT_DATA* CNN_OUT_CHUNK_ID* CNN_OUT_VALID DROPPED_TRIGGER_COUNT*}]
/home/work1/Works/AI-Trigger-System/HDL/constraints/ai_trigger_ooc.xdc (Line: 24)
Related violations: <none>

XDCH-2#848 Warning
Same min and max delay values on IO port  
The same output delay of 0.000 ns has been defined on port 'CNN_OUT_DATA[6]' relative to clock CLK_CNN for both max and min. Make sure this reflects the design intent.
set_output_delay -clock [get_clocks CLK_CNN] 0.000 [get_ports -quiet {CNN_TRIG CNN_OUT_DATA* CNN_OUT_CHUNK_ID* CNN_OUT_VALID DROPPED_TRIGGER_COUNT*}]
/home/work1/Works/AI-Trigger-System/HDL/constraints/ai_trigger_ooc.xdc (Line: 24)
Related violations: <none>

XDCH-2#849 Warning
Same min and max delay values on IO port  
The same output delay of 0.000 ns has been defined on port 'CNN_OUT_DATA[7]' relative to clock CLK_CNN for both max and min. Make sure this reflects the design intent.
set_output_delay -clock [get_clocks CLK_CNN] 0.000 [get_ports -quiet {CNN_TRIG CNN_OUT_DATA* CNN_OUT_CHUNK_ID* CNN_OUT_VALID DROPPED_TRIGGER_COUNT*}]
/home/work1/Works/AI-Trigger-System/HDL/constraints/ai_trigger_ooc.xdc (Line: 24)
Related violations: <none>

XDCH-2#850 Warning
Same min and max delay values on IO port  
The same output delay of 0.000 ns has been defined on port 'CNN_OUT_DATA[8]' relative to clock CLK_CNN for both max and min. Make sure this reflects the design intent.
set_output_delay -clock [get_clocks CLK_CNN] 0.000 [get_ports -quiet {CNN_TRIG CNN_OUT_DATA* CNN_OUT_CHUNK_ID* CNN_OUT_VALID DROPPED_TRIGGER_COUNT*}]
/home/work1/Works/AI-Trigger-System/HDL/constraints/ai_trigger_ooc.xdc (Line: 24)
Related violations: <none>

XDCH-2#851 Warning
Same min and max delay values on IO port  
The same output delay of 0.000 ns has been defined on port 'CNN_OUT_DATA[9]' relative to clock CLK_CNN for both max and min. Make sure this reflects the design intent.
set_output_delay -clock [get_clocks CLK_CNN] 0.000 [get_ports -quiet {CNN_TRIG CNN_OUT_DATA* CNN_OUT_CHUNK_ID* CNN_OUT_VALID DROPPED_TRIGGER_COUNT*}]
/home/work1/Works/AI-Trigger-System/HDL/constraints/ai_trigger_ooc.xdc (Line: 24)
Related violations: <none>

XDCH-2#852 Warning
Same min and max delay values on IO port  
The same output delay of 0.000 ns has been defined on port 'CNN_OUT_VALID' relative to clock CLK_CNN for both max and min. Make sure this reflects the design intent.
set_output_delay -clock [get_clocks CLK_CNN] 0.000 [get_ports -quiet {CNN_TRIG CNN_OUT_DATA* CNN_OUT_CHUNK_ID* CNN_OUT_VALID DROPPED_TRIGGER_COUNT*}]
/home/work1/Works/AI-Trigger-System/HDL/constraints/ai_trigger_ooc.xdc (Line: 24)
Related violations: <none>

XDCH-2#853 Warning
Same min and max delay values on IO port  
The same output delay of 0.000 ns has been defined on port 'CNN_TRIG' relative to clock CLK_CNN for both max and min. Make sure this reflects the design intent.
set_output_delay -clock [get_clocks CLK_CNN] 0.000 [get_ports -quiet {CNN_TRIG CNN_OUT_DATA* CNN_OUT_CHUNK_ID* CNN_OUT_VALID DROPPED_TRIGGER_COUNT*}]
/home/work1/Works/AI-Trigger-System/HDL/constraints/ai_trigger_ooc.xdc (Line: 24)
Related violations: <none>

XDCH-2#854 Warning
Same min and max delay values on IO port  
The same output delay of 0.000 ns has been defined on port 'DROPPED_TRIGGER_COUNT[0]' relative to clock CLK_CNN for both max and min. Make sure this reflects the design intent.
set_output_delay -clock [get_clocks CLK_CNN] 0.000 [get_ports -quiet {CNN_TRIG CNN_OUT_DATA* CNN_OUT_CHUNK_ID* CNN_OUT_VALID DROPPED_TRIGGER_COUNT*}]
/home/work1/Works/AI-Trigger-System/HDL/constraints/ai_trigger_ooc.xdc (Line: 24)
Related violations: <none>

XDCH-2#855 Warning
Same min and max delay values on IO port  
The same output delay of 0.000 ns has been defined on port 'DROPPED_TRIGGER_COUNT[10]' relative to clock CLK_CNN for both max and min. Make sure this reflects the design intent.
set_output_delay -clock [get_clocks CLK_CNN] 0.000 [get_ports -quiet {CNN_TRIG CNN_OUT_DATA* CNN_OUT_CHUNK_ID* CNN_OUT_VALID DROPPED_TRIGGER_COUNT*}]
/home/work1/Works/AI-Trigger-System/HDL/constraints/ai_trigger_ooc.xdc (Line: 24)
Related violations: <none>

XDCH-2#856 Warning
Same min and max delay values on IO port  
The same output delay of 0.000 ns has been defined on port 'DROPPED_TRIGGER_COUNT[11]' relative to clock CLK_CNN for both max and min. Make sure this reflects the design intent.
set_output_delay -clock [get_clocks CLK_CNN] 0.000 [get_ports -quiet {CNN_TRIG CNN_OUT_DATA* CNN_OUT_CHUNK_ID* CNN_OUT_VALID DROPPED_TRIGGER_COUNT*}]
/home/work1/Works/AI-Trigger-System/HDL/constraints/ai_trigger_ooc.xdc (Line: 24)
Related violations: <none>

XDCH-2#857 Warning
Same min and max delay values on IO port  
The same output delay of 0.000 ns has been defined on port 'DROPPED_TRIGGER_COUNT[12]' relative to clock CLK_CNN for both max and min. Make sure this reflects the design intent.
set_output_delay -clock [get_clocks CLK_CNN] 0.000 [get_ports -quiet {CNN_TRIG CNN_OUT_DATA* CNN_OUT_CHUNK_ID* CNN_OUT_VALID DROPPED_TRIGGER_COUNT*}]
/home/work1/Works/AI-Trigger-System/HDL/constraints/ai_trigger_ooc.xdc (Line: 24)
Related violations: <none>

XDCH-2#858 Warning
Same min and max delay values on IO port  
The same output delay of 0.000 ns has been defined on port 'DROPPED_TRIGGER_COUNT[13]' relative to clock CLK_CNN for both max and min. Make sure this reflects the design intent.
set_output_delay -clock [get_clocks CLK_CNN] 0.000 [get_ports -quiet {CNN_TRIG CNN_OUT_DATA* CNN_OUT_CHUNK_ID* CNN_OUT_VALID DROPPED_TRIGGER_COUNT*}]
/home/work1/Works/AI-Trigger-System/HDL/constraints/ai_trigger_ooc.xdc (Line: 24)
Related violations: <none>

XDCH-2#859 Warning
Same min and max delay values on IO port  
The same output delay of 0.000 ns has been defined on port 'DROPPED_TRIGGER_COUNT[14]' relative to clock CLK_CNN for both max and min. Make sure this reflects the design intent.
set_output_delay -clock [get_clocks CLK_CNN] 0.000 [get_ports -quiet {CNN_TRIG CNN_OUT_DATA* CNN_OUT_CHUNK_ID* CNN_OUT_VALID DROPPED_TRIGGER_COUNT*}]
/home/work1/Works/AI-Trigger-System/HDL/constraints/ai_trigger_ooc.xdc (Line: 24)
Related violations: <none>

XDCH-2#860 Warning
Same min and max delay values on IO port  
The same output delay of 0.000 ns has been defined on port 'DROPPED_TRIGGER_COUNT[15]' relative to clock CLK_CNN for both max and min. Make sure this reflects the design intent.
set_output_delay -clock [get_clocks CLK_CNN] 0.000 [get_ports -quiet {CNN_TRIG CNN_OUT_DATA* CNN_OUT_CHUNK_ID* CNN_OUT_VALID DROPPED_TRIGGER_COUNT*}]
/home/work1/Works/AI-Trigger-System/HDL/constraints/ai_trigger_ooc.xdc (Line: 24)
Related violations: <none>

XDCH-2#861 Warning
Same min and max delay values on IO port  
The same output delay of 0.000 ns has been defined on port 'DROPPED_TRIGGER_COUNT[16]' relative to clock CLK_CNN for both max and min. Make sure this reflects the design intent.
set_output_delay -clock [get_clocks CLK_CNN] 0.000 [get_ports -quiet {CNN_TRIG CNN_OUT_DATA* CNN_OUT_CHUNK_ID* CNN_OUT_VALID DROPPED_TRIGGER_COUNT*}]
/home/work1/Works/AI-Trigger-System/HDL/constraints/ai_trigger_ooc.xdc (Line: 24)
Related violations: <none>

XDCH-2#862 Warning
Same min and max delay values on IO port  
The same output delay of 0.000 ns has been defined on port 'DROPPED_TRIGGER_COUNT[17]' relative to clock CLK_CNN for both max and min. Make sure this reflects the design intent.
set_output_delay -clock [get_clocks CLK_CNN] 0.000 [get_ports -quiet {CNN_TRIG CNN_OUT_DATA* CNN_OUT_CHUNK_ID* CNN_OUT_VALID DROPPED_TRIGGER_COUNT*}]
/home/work1/Works/AI-Trigger-System/HDL/constraints/ai_trigger_ooc.xdc (Line: 24)
Related violations: <none>

XDCH-2#863 Warning
Same min and max delay values on IO port  
The same output delay of 0.000 ns has been defined on port 'DROPPED_TRIGGER_COUNT[18]' relative to clock CLK_CNN for both max and min. Make sure this reflects the design intent.
set_output_delay -clock [get_clocks CLK_CNN] 0.000 [get_ports -quiet {CNN_TRIG CNN_OUT_DATA* CNN_OUT_CHUNK_ID* CNN_OUT_VALID DROPPED_TRIGGER_COUNT*}]
/home/work1/Works/AI-Trigger-System/HDL/constraints/ai_trigger_ooc.xdc (Line: 24)
Related violations: <none>

XDCH-2#864 Warning
Same min and max delay values on IO port  
The same output delay of 0.000 ns has been defined on port 'DROPPED_TRIGGER_COUNT[19]' relative to clock CLK_CNN for both max and min. Make sure this reflects the design intent.
set_output_delay -clock [get_clocks CLK_CNN] 0.000 [get_ports -quiet {CNN_TRIG CNN_OUT_DATA* CNN_OUT_CHUNK_ID* CNN_OUT_VALID DROPPED_TRIGGER_COUNT*}]
/home/work1/Works/AI-Trigger-System/HDL/constraints/ai_trigger_ooc.xdc (Line: 24)
Related violations: <none>

XDCH-2#865 Warning
Same min and max delay values on IO port  
The same output delay of 0.000 ns has been defined on port 'DROPPED_TRIGGER_COUNT[1]' relative to clock CLK_CNN for both max and min. Make sure this reflects the design intent.
set_output_delay -clock [get_clocks CLK_CNN] 0.000 [get_ports -quiet {CNN_TRIG CNN_OUT_DATA* CNN_OUT_CHUNK_ID* CNN_OUT_VALID DROPPED_TRIGGER_COUNT*}]
/home/work1/Works/AI-Trigger-System/HDL/constraints/ai_trigger_ooc.xdc (Line: 24)
Related violations: <none>

XDCH-2#866 Warning
Same min and max delay values on IO port  
The same output delay of 0.000 ns has been defined on port 'DROPPED_TRIGGER_COUNT[20]' relative to clock CLK_CNN for both max and min. Make sure this reflects the design intent.
set_output_delay -clock [get_clocks CLK_CNN] 0.000 [get_ports -quiet {CNN_TRIG CNN_OUT_DATA* CNN_OUT_CHUNK_ID* CNN_OUT_VALID DROPPED_TRIGGER_COUNT*}]
/home/work1/Works/AI-Trigger-System/HDL/constraints/ai_trigger_ooc.xdc (Line: 24)
Related violations: <none>

XDCH-2#867 Warning
Same min and max delay values on IO port  
The same output delay of 0.000 ns has been defined on port 'DROPPED_TRIGGER_COUNT[21]' relative to clock CLK_CNN for both max and min. Make sure this reflects the design intent.
set_output_delay -clock [get_clocks CLK_CNN] 0.000 [get_ports -quiet {CNN_TRIG CNN_OUT_DATA* CNN_OUT_CHUNK_ID* CNN_OUT_VALID DROPPED_TRIGGER_COUNT*}]
/home/work1/Works/AI-Trigger-System/HDL/constraints/ai_trigger_ooc.xdc (Line: 24)
Related violations: <none>

XDCH-2#868 Warning
Same min and max delay values on IO port  
The same output delay of 0.000 ns has been defined on port 'DROPPED_TRIGGER_COUNT[22]' relative to clock CLK_CNN for both max and min. Make sure this reflects the design intent.
set_output_delay -clock [get_clocks CLK_CNN] 0.000 [get_ports -quiet {CNN_TRIG CNN_OUT_DATA* CNN_OUT_CHUNK_ID* CNN_OUT_VALID DROPPED_TRIGGER_COUNT*}]
/home/work1/Works/AI-Trigger-System/HDL/constraints/ai_trigger_ooc.xdc (Line: 24)
Related violations: <none>

XDCH-2#869 Warning
Same min and max delay values on IO port  
The same output delay of 0.000 ns has been defined on port 'DROPPED_TRIGGER_COUNT[23]' relative to clock CLK_CNN for both max and min. Make sure this reflects the design intent.
set_output_delay -clock [get_clocks CLK_CNN] 0.000 [get_ports -quiet {CNN_TRIG CNN_OUT_DATA* CNN_OUT_CHUNK_ID* CNN_OUT_VALID DROPPED_TRIGGER_COUNT*}]
/home/work1/Works/AI-Trigger-System/HDL/constraints/ai_trigger_ooc.xdc (Line: 24)
Related violations: <none>

XDCH-2#870 Warning
Same min and max delay values on IO port  
The same output delay of 0.000 ns has been defined on port 'DROPPED_TRIGGER_COUNT[24]' relative to clock CLK_CNN for both max and min. Make sure this reflects the design intent.
set_output_delay -clock [get_clocks CLK_CNN] 0.000 [get_ports -quiet {CNN_TRIG CNN_OUT_DATA* CNN_OUT_CHUNK_ID* CNN_OUT_VALID DROPPED_TRIGGER_COUNT*}]
/home/work1/Works/AI-Trigger-System/HDL/constraints/ai_trigger_ooc.xdc (Line: 24)
Related violations: <none>

XDCH-2#871 Warning
Same min and max delay values on IO port  
The same output delay of 0.000 ns has been defined on port 'DROPPED_TRIGGER_COUNT[25]' relative to clock CLK_CNN for both max and min. Make sure this reflects the design intent.
set_output_delay -clock [get_clocks CLK_CNN] 0.000 [get_ports -quiet {CNN_TRIG CNN_OUT_DATA* CNN_OUT_CHUNK_ID* CNN_OUT_VALID DROPPED_TRIGGER_COUNT*}]
/home/work1/Works/AI-Trigger-System/HDL/constraints/ai_trigger_ooc.xdc (Line: 24)
Related violations: <none>

XDCH-2#872 Warning
Same min and max delay values on IO port  
The same output delay of 0.000 ns has been defined on port 'DROPPED_TRIGGER_COUNT[26]' relative to clock CLK_CNN for both max and min. Make sure this reflects the design intent.
set_output_delay -clock [get_clocks CLK_CNN] 0.000 [get_ports -quiet {CNN_TRIG CNN_OUT_DATA* CNN_OUT_CHUNK_ID* CNN_OUT_VALID DROPPED_TRIGGER_COUNT*}]
/home/work1/Works/AI-Trigger-System/HDL/constraints/ai_trigger_ooc.xdc (Line: 24)
Related violations: <none>

XDCH-2#873 Warning
Same min and max delay values on IO port  
The same output delay of 0.000 ns has been defined on port 'DROPPED_TRIGGER_COUNT[27]' relative to clock CLK_CNN for both max and min. Make sure this reflects the design intent.
set_output_delay -clock [get_clocks CLK_CNN] 0.000 [get_ports -quiet {CNN_TRIG CNN_OUT_DATA* CNN_OUT_CHUNK_ID* CNN_OUT_VALID DROPPED_TRIGGER_COUNT*}]
/home/work1/Works/AI-Trigger-System/HDL/constraints/ai_trigger_ooc.xdc (Line: 24)
Related violations: <none>

XDCH-2#874 Warning
Same min and max delay values on IO port  
The same output delay of 0.000 ns has been defined on port 'DROPPED_TRIGGER_COUNT[28]' relative to clock CLK_CNN for both max and min. Make sure this reflects the design intent.
set_output_delay -clock [get_clocks CLK_CNN] 0.000 [get_ports -quiet {CNN_TRIG CNN_OUT_DATA* CNN_OUT_CHUNK_ID* CNN_OUT_VALID DROPPED_TRIGGER_COUNT*}]
/home/work1/Works/AI-Trigger-System/HDL/constraints/ai_trigger_ooc.xdc (Line: 24)
Related violations: <none>

XDCH-2#875 Warning
Same min and max delay values on IO port  
The same output delay of 0.000 ns has been defined on port 'DROPPED_TRIGGER_COUNT[29]' relative to clock CLK_CNN for both max and min. Make sure this reflects the design intent.
set_output_delay -clock [get_clocks CLK_CNN] 0.000 [get_ports -quiet {CNN_TRIG CNN_OUT_DATA* CNN_OUT_CHUNK_ID* CNN_OUT_VALID DROPPED_TRIGGER_COUNT*}]
/home/work1/Works/AI-Trigger-System/HDL/constraints/ai_trigger_ooc.xdc (Line: 24)
Related violations: <none>

XDCH-2#876 Warning
Same min and max delay values on IO port  
The same output delay of 0.000 ns has been defined on port 'DROPPED_TRIGGER_COUNT[2]' relative to clock CLK_CNN for both max and min. Make sure this reflects the design intent.
set_output_delay -clock [get_clocks CLK_CNN] 0.000 [get_ports -quiet {CNN_TRIG CNN_OUT_DATA* CNN_OUT_CHUNK_ID* CNN_OUT_VALID DROPPED_TRIGGER_COUNT*}]
/home/work1/Works/AI-Trigger-System/HDL/constraints/ai_trigger_ooc.xdc (Line: 24)
Related violations: <none>

XDCH-2#877 Warning
Same min and max delay values on IO port  
The same output delay of 0.000 ns has been defined on port 'DROPPED_TRIGGER_COUNT[30]' relative to clock CLK_CNN for both max and min. Make sure this reflects the design intent.
set_output_delay -clock [get_clocks CLK_CNN] 0.000 [get_ports -quiet {CNN_TRIG CNN_OUT_DATA* CNN_OUT_CHUNK_ID* CNN_OUT_VALID DROPPED_TRIGGER_COUNT*}]
/home/work1/Works/AI-Trigger-System/HDL/constraints/ai_trigger_ooc.xdc (Line: 24)
Related violations: <none>

XDCH-2#878 Warning
Same min and max delay values on IO port  
The same output delay of 0.000 ns has been defined on port 'DROPPED_TRIGGER_COUNT[31]' relative to clock CLK_CNN for both max and min. Make sure this reflects the design intent.
set_output_delay -clock [get_clocks CLK_CNN] 0.000 [get_ports -quiet {CNN_TRIG CNN_OUT_DATA* CNN_OUT_CHUNK_ID* CNN_OUT_VALID DROPPED_TRIGGER_COUNT*}]
/home/work1/Works/AI-Trigger-System/HDL/constraints/ai_trigger_ooc.xdc (Line: 24)
Related violations: <none>

XDCH-2#879 Warning
Same min and max delay values on IO port  
The same output delay of 0.000 ns has been defined on port 'DROPPED_TRIGGER_COUNT[3]' relative to clock CLK_CNN for both max and min. Make sure this reflects the design intent.
set_output_delay -clock [get_clocks CLK_CNN] 0.000 [get_ports -quiet {CNN_TRIG CNN_OUT_DATA* CNN_OUT_CHUNK_ID* CNN_OUT_VALID DROPPED_TRIGGER_COUNT*}]
/home/work1/Works/AI-Trigger-System/HDL/constraints/ai_trigger_ooc.xdc (Line: 24)
Related violations: <none>

XDCH-2#880 Warning
Same min and max delay values on IO port  
The same output delay of 0.000 ns has been defined on port 'DROPPED_TRIGGER_COUNT[4]' relative to clock CLK_CNN for both max and min. Make sure this reflects the design intent.
set_output_delay -clock [get_clocks CLK_CNN] 0.000 [get_ports -quiet {CNN_TRIG CNN_OUT_DATA* CNN_OUT_CHUNK_ID* CNN_OUT_VALID DROPPED_TRIGGER_COUNT*}]
/home/work1/Works/AI-Trigger-System/HDL/constraints/ai_trigger_ooc.xdc (Line: 24)
Related violations: <none>

XDCH-2#881 Warning
Same min and max delay values on IO port  
The same output delay of 0.000 ns has been defined on port 'DROPPED_TRIGGER_COUNT[5]' relative to clock CLK_CNN for both max and min. Make sure this reflects the design intent.
set_output_delay -clock [get_clocks CLK_CNN] 0.000 [get_ports -quiet {CNN_TRIG CNN_OUT_DATA* CNN_OUT_CHUNK_ID* CNN_OUT_VALID DROPPED_TRIGGER_COUNT*}]
/home/work1/Works/AI-Trigger-System/HDL/constraints/ai_trigger_ooc.xdc (Line: 24)
Related violations: <none>

XDCH-2#882 Warning
Same min and max delay values on IO port  
The same output delay of 0.000 ns has been defined on port 'DROPPED_TRIGGER_COUNT[6]' relative to clock CLK_CNN for both max and min. Make sure this reflects the design intent.
set_output_delay -clock [get_clocks CLK_CNN] 0.000 [get_ports -quiet {CNN_TRIG CNN_OUT_DATA* CNN_OUT_CHUNK_ID* CNN_OUT_VALID DROPPED_TRIGGER_COUNT*}]
/home/work1/Works/AI-Trigger-System/HDL/constraints/ai_trigger_ooc.xdc (Line: 24)
Related violations: <none>

XDCH-2#883 Warning
Same min and max delay values on IO port  
The same output delay of 0.000 ns has been defined on port 'DROPPED_TRIGGER_COUNT[7]' relative to clock CLK_CNN for both max and min. Make sure this reflects the design intent.
set_output_delay -clock [get_clocks CLK_CNN] 0.000 [get_ports -quiet {CNN_TRIG CNN_OUT_DATA* CNN_OUT_CHUNK_ID* CNN_OUT_VALID DROPPED_TRIGGER_COUNT*}]
/home/work1/Works/AI-Trigger-System/HDL/constraints/ai_trigger_ooc.xdc (Line: 24)
Related violations: <none>

XDCH-2#884 Warning
Same min and max delay values on IO port  
The same output delay of 0.000 ns has been defined on port 'DROPPED_TRIGGER_COUNT[8]' relative to clock CLK_CNN for both max and min. Make sure this reflects the design intent.
set_output_delay -clock [get_clocks CLK_CNN] 0.000 [get_ports -quiet {CNN_TRIG CNN_OUT_DATA* CNN_OUT_CHUNK_ID* CNN_OUT_VALID DROPPED_TRIGGER_COUNT*}]
/home/work1/Works/AI-Trigger-System/HDL/constraints/ai_trigger_ooc.xdc (Line: 24)
Related violations: <none>

XDCH-2#885 Warning
Same min and max delay values on IO port  
The same output delay of 0.000 ns has been defined on port 'DROPPED_TRIGGER_COUNT[9]' relative to clock CLK_CNN for both max and min. Make sure this reflects the design intent.
set_output_delay -clock [get_clocks CLK_CNN] 0.000 [get_ports -quiet {CNN_TRIG CNN_OUT_DATA* CNN_OUT_CHUNK_ID* CNN_OUT_VALID DROPPED_TRIGGER_COUNT*}]
/home/work1/Works/AI-Trigger-System/HDL/constraints/ai_trigger_ooc.xdc (Line: 24)
Related violations: <none>

XDCH-2#886 Warning
Same min and max delay values on IO port  
The same output delay of 0.000 ns has been defined on port 'EVENT_CHUNK_ID[0]' relative to clock CLK_ADC for both max and min. Make sure this reflects the design intent.
set_output_delay -clock [get_clocks CLK_ADC] 0.000 [get_ports -quiet {EVENT_VALID EVENT_DATA* EVENT_LAST EVENT_CHUNK_ID* EVENT_TIMESTAMP* EVENT_SCORE* RING_MISS_COUNT* CHUNK_OVERFLOW}]
/home/work1/Works/AI-Trigger-System/HDL/constraints/ai_trigger_ooc.xdc (Line: 25)
Related violations: <none>

XDCH-2#887 Warning
Same min and max delay values on IO port  
The same output delay of 0.000 ns has been defined on port 'EVENT_CHUNK_ID[10]' relative to clock CLK_ADC for both max and min. Make sure this reflects the design intent.
set_output_delay -clock [get_clocks CLK_ADC] 0.000 [get_ports -quiet {EVENT_VALID EVENT_DATA* EVENT_LAST EVENT_CHUNK_ID* EVENT_TIMESTAMP* EVENT_SCORE* RING_MISS_COUNT* CHUNK_OVERFLOW}]
/home/work1/Works/AI-Trigger-System/HDL/constraints/ai_trigger_ooc.xdc (Line: 25)
Related violations: <none>

XDCH-2#888 Warning
Same min and max delay values on IO port  
The same output delay of 0.000 ns has been defined on port 'EVENT_CHUNK_ID[11]' relative to clock CLK_ADC for both max and min. Make sure this reflects the design intent.
set_output_delay -clock [get_clocks CLK_ADC] 0.000 [get_ports -quiet {EVENT_VALID EVENT_DATA* EVENT_LAST EVENT_CHUNK_ID* EVENT_TIMESTAMP* EVENT_SCORE* RING_MISS_COUNT* CHUNK_OVERFLOW}]
/home/work1/Works/AI-Trigger-System/HDL/constraints/ai_trigger_ooc.xdc (Line: 25)
Related violations: <none>

XDCH-2#889 Warning
Same min and max delay values on IO port  
The same output delay of 0.000 ns has been defined on port 'EVENT_CHUNK_ID[12]' relative to clock CLK_ADC for both max and min. Make sure this reflects the design intent.
set_output_delay -clock [get_clocks CLK_ADC] 0.000 [get_ports -quiet {EVENT_VALID EVENT_DATA* EVENT_LAST EVENT_CHUNK_ID* EVENT_TIMESTAMP* EVENT_SCORE* RING_MISS_COUNT* CHUNK_OVERFLOW}]
/home/work1/Works/AI-Trigger-System/HDL/constraints/ai_trigger_ooc.xdc (Line: 25)
Related violations: <none>

XDCH-2#890 Warning
Same min and max delay values on IO port  
The same output delay of 0.000 ns has been defined on port 'EVENT_CHUNK_ID[13]' relative to clock CLK_ADC for both max and min. Make sure this reflects the design intent.
set_output_delay -clock [get_clocks CLK_ADC] 0.000 [get_ports -quiet {EVENT_VALID EVENT_DATA* EVENT_LAST EVENT_CHUNK_ID* EVENT_TIMESTAMP* EVENT_SCORE* RING_MISS_COUNT* CHUNK_OVERFLOW}]
/home/work1/Works/AI-Trigger-System/HDL/constraints/ai_trigger_ooc.xdc (Line: 25)
Related violations: <none>

XDCH-2#891 Warning
Same min and max delay values on IO port  
The same output delay of 0.000 ns has been defined on port 'EVENT_CHUNK_ID[14]' relative to clock CLK_ADC for both max and min. Make sure this reflects the design intent.
set_output_delay -clock [get_clocks CLK_ADC] 0.000 [get_ports -quiet {EVENT_VALID EVENT_DATA* EVENT_LAST EVENT_CHUNK_ID* EVENT_TIMESTAMP* EVENT_SCORE* RING_MISS_COUNT* CHUNK_OVERFLOW}]
/home/work1/Works/AI-Trigger-System/HDL/constraints/ai_trigger_ooc.xdc (Line: 25)
Related violations: <none>

XDCH-2#892 Warning
Same min and max delay values on IO port  
The same output delay of 0.000 ns has been defined on port 'EVENT_CHUNK_ID[15]' relative to clock CLK_ADC for both max and min. Make sure this reflects the design intent.
set_output_delay -clock [get_clocks CLK_ADC] 0.000 [get_ports -quiet {EVENT_VALID EVENT_DATA* EVENT_LAST EVENT_CHUNK_ID* EVENT_TIMESTAMP* EVENT_SCORE* RING_MISS_COUNT* CHUNK_OVERFLOW}]
/home/work1/Works/AI-Trigger-System/HDL/constraints/ai_trigger_ooc.xdc (Line: 25)
Related violations: <none>

XDCH-2#893 Warning
Same min and max delay values on IO port  
The same output delay of 0.000 ns has been defined on port 'EVENT_CHUNK_ID[1]' relative to clock CLK_ADC for both max and min. Make sure this reflects the design intent.
set_output_delay -clock [get_clocks CLK_ADC] 0.000 [get_ports -quiet {EVENT_VALID EVENT_DATA* EVENT_LAST EVENT_CHUNK_ID* EVENT_TIMESTAMP* EVENT_SCORE* RING_MISS_COUNT* CHUNK_OVERFLOW}]
/home/work1/Works/AI-Trigger-System/HDL/constraints/ai_trigger_ooc.xdc (Line: 25)
Related violations: <none>

XDCH-2#894 Warning
Same min and max delay values on IO port  
The same output delay of 0.000 ns has been defined on port 'EVENT_CHUNK_ID[2]' relative to clock CLK_ADC for both max and min. Make sure this reflects the design intent.
set_output_delay -clock [get_clocks CLK_ADC] 0.000 [get_ports -quiet {EVENT_VALID EVENT_DATA* EVENT_LAST EVENT_CHUNK_ID* EVENT_TIMESTAMP* EVENT_SCORE* RING_MISS_COUNT* CHUNK_OVERFLOW}]
/home/work1/Works/AI-Trigger-System/HDL/constraints/ai_trigger_ooc.xdc (Line: 25)
Related violations: <none>

XDCH-2#895 Warning
Same min and max delay values on IO port  
The same output delay of 0.000 ns has been defined on port 'EVENT_CHUNK_ID[3]' relative to clock CLK_ADC for both max and min. Make sure this reflects the design intent.
set_output_delay -clock [get_clocks CLK_ADC] 0.000 [get_ports -quiet {EVENT_VALID EVENT_DATA* EVENT_LAST EVENT_CHUNK_ID* EVENT_TIMESTAMP* EVENT_SCORE* RING_MISS_COUNT* CHUNK_OVERFLOW}]
/home/work1/Works/AI-Trigger-System/HDL/constraints/ai_trigger_ooc.xdc (Line: 25)
Related violations: <none>

XDCH-2#896 Warning
Same min and max delay values on IO port  
The same output delay of 0.000 ns has been defined on port 'EVENT_CHUNK_ID[4]' relative to clock CLK_ADC for both max and min. Make sure this reflects the design intent.
set_output_delay -clock [get_clocks CLK_ADC] 0.000 [get_ports -quiet {EVENT_VALID EVENT_DATA* EVENT_LAST EVENT_CHUNK_ID* EVENT_TIMESTAMP* EVENT_SCORE* RING_MISS_COUNT* CHUNK_OVERFLOW}]
/home/work1/Works/AI-Trigger-System/HDL/constraints/ai_trigger_ooc.xdc (Line: 25)
Related violations: <none>

XDCH-2#897 Warning
Same min and max delay values on IO port  
The same output delay of 0.000 ns has been defined on port 'EVENT_CHUNK_ID[5]' relative to clock CLK_ADC for both max and min. Make sure this reflects the design intent.
set_output_delay -clock [get_clocks CLK_ADC] 0.000 [get_ports -quiet {EVENT_VALID EVENT_DATA* EVENT_LAST EVENT_CHUNK_ID* EVENT_TIMESTAMP* EVENT_SCORE* RING_MISS_COUNT* CHUNK_OVERFLOW}]
/home/work1/Works/AI-Trigger-System/HDL/constraints/ai_trigger_ooc.xdc (Line: 25)
Related violations: <none>

XDCH-2#898 Warning
Same min and max delay values on IO port  
The same output delay of 0.000 ns has been defined on port 'EVENT_CHUNK_ID[6]' relative to clock CLK_ADC for both max and min. Make sure this reflects the design intent.
set_output_delay -clock [get_clocks CLK_ADC] 0.000 [get_ports -quiet {EVENT_VALID EVENT_DATA* EVENT_LAST EVENT_CHUNK_ID* EVENT_TIMESTAMP* EVENT_SCORE* RING_MISS_COUNT* CHUNK_OVERFLOW}]
/home/work1/Works/AI-Trigger-System/HDL/constraints/ai_trigger_ooc.xdc (Line: 25)
Related violations: <none>

XDCH-2#899 Warning
Same min and max delay values on IO port  
The same output delay of 0.000 ns has been defined on port 'EVENT_CHUNK_ID[7]' relative to clock CLK_ADC for both max and min. Make sure this reflects the design intent.
set_output_delay -clock [get_clocks CLK_ADC] 0.000 [get_ports -quiet {EVENT_VALID EVENT_DATA* EVENT_LAST EVENT_CHUNK_ID* EVENT_TIMESTAMP* EVENT_SCORE* RING_MISS_COUNT* CHUNK_OVERFLOW}]
/home/work1/Works/AI-Trigger-System/HDL/constraints/ai_trigger_ooc.xdc (Line: 25)
Related violations: <none>

XDCH-2#900 Warning
Same min and max delay values on IO port  
The same output delay of 0.000 ns has been defined on port 'EVENT_CHUNK_ID[8]' relative to clock CLK_ADC for both max and min. Make sure this reflects the design intent.
set_output_delay -clock [get_clocks CLK_ADC] 0.000 [get_ports -quiet {EVENT_VALID EVENT_DATA* EVENT_LAST EVENT_CHUNK_ID* EVENT_TIMESTAMP* EVENT_SCORE* RING_MISS_COUNT* CHUNK_OVERFLOW}]
/home/work1/Works/AI-Trigger-System/HDL/constraints/ai_trigger_ooc.xdc (Line: 25)
Related violations: <none>

XDCH-2#901 Warning
Same min and max delay values on IO port  
The same output delay of 0.000 ns has been defined on port 'EVENT_CHUNK_ID[9]' relative to clock CLK_ADC for both max and min. Make sure this reflects the design intent.
set_output_delay -clock [get_clocks CLK_ADC] 0.000 [get_ports -quiet {EVENT_VALID EVENT_DATA* EVENT_LAST EVENT_CHUNK_ID* EVENT_TIMESTAMP* EVENT_SCORE* RING_MISS_COUNT* CHUNK_OVERFLOW}]
/home/work1/Works/AI-Trigger-System/HDL/constraints/ai_trigger_ooc.xdc (Line: 25)
Related violations: <none>

XDCH-2#902 Warning
Same min and max delay values on IO port  
The same output delay of 0.000 ns has been defined on port 'EVENT_DATA[0]' relative to clock CLK_ADC for both max and min. Make sure this reflects the design intent.
set_output_delay -clock [get_clocks CLK_ADC] 0.000 [get_ports -quiet {EVENT_VALID EVENT_DATA* EVENT_LAST EVENT_CHUNK_ID* EVENT_TIMESTAMP* EVENT_SCORE* RING_MISS_COUNT* CHUNK_OVERFLOW}]
/home/work1/Works/AI-Trigger-System/HDL/constraints/ai_trigger_ooc.xdc (Line: 25)
Related violations: <none>

XDCH-2#903 Warning
Same min and max delay values on IO port  
The same output delay of 0.000 ns has been defined on port 'EVENT_DATA[100]' relative to clock CLK_ADC for both max and min. Make sure this reflects the design intent.
set_output_delay -clock [get_clocks CLK_ADC] 0.000 [get_ports -quiet {EVENT_VALID EVENT_DATA* EVENT_LAST EVENT_CHUNK_ID* EVENT_TIMESTAMP* EVENT_SCORE* RING_MISS_COUNT* CHUNK_OVERFLOW}]
/home/work1/Works/AI-Trigger-System/HDL/constraints/ai_trigger_ooc.xdc (Line: 25)
Related violations: <none>

XDCH-2#904 Warning
Same min and max delay values on IO port  
The same output delay of 0.000 ns has been defined on port 'EVENT_DATA[101]' relative to clock CLK_ADC for both max and min. Make sure this reflects the design intent.
set_output_delay -clock [get_clocks CLK_ADC] 0.000 [get_ports -quiet {EVENT_VALID EVENT_DATA* EVENT_LAST EVENT_CHUNK_ID* EVENT_TIMESTAMP* EVENT_SCORE* RING_MISS_COUNT* CHUNK_OVERFLOW}]
/home/work1/Works/AI-Trigger-System/HDL/constraints/ai_trigger_ooc.xdc (Line: 25)
Related violations: <none>

XDCH-2#905 Warning
Same min and max delay values on IO port  
The same output delay of 0.000 ns has been defined on port 'EVENT_DATA[102]' relative to clock CLK_ADC for both max and min. Make sure this reflects the design intent.
set_output_delay -clock [get_clocks CLK_ADC] 0.000 [get_ports -quiet {EVENT_VALID EVENT_DATA* EVENT_LAST EVENT_CHUNK_ID* EVENT_TIMESTAMP* EVENT_SCORE* RING_MISS_COUNT* CHUNK_OVERFLOW}]
/home/work1/Works/AI-Trigger-System/HDL/constraints/ai_trigger_ooc.xdc (Line: 25)
Related violations: <none>

XDCH-2#906 Warning
Same min and max delay values on IO port  
The same output delay of 0.000 ns has been defined on port 'EVENT_DATA[103]' relative to clock CLK_ADC for both max and min. Make sure this reflects the design intent.
set_output_delay -clock [get_clocks CLK_ADC] 0.000 [get_ports -quiet {EVENT_VALID EVENT_DATA* EVENT_LAST EVENT_CHUNK_ID* EVENT_TIMESTAMP* EVENT_SCORE* RING_MISS_COUNT* CHUNK_OVERFLOW}]
/home/work1/Works/AI-Trigger-System/HDL/constraints/ai_trigger_ooc.xdc (Line: 25)
Related violations: <none>

XDCH-2#907 Warning
Same min and max delay values on IO port  
The same output delay of 0.000 ns has been defined on port 'EVENT_DATA[104]' relative to clock CLK_ADC for both max and min. Make sure this reflects the design intent.
set_output_delay -clock [get_clocks CLK_ADC] 0.000 [get_ports -quiet {EVENT_VALID EVENT_DATA* EVENT_LAST EVENT_CHUNK_ID* EVENT_TIMESTAMP* EVENT_SCORE* RING_MISS_COUNT* CHUNK_OVERFLOW}]
/home/work1/Works/AI-Trigger-System/HDL/constraints/ai_trigger_ooc.xdc (Line: 25)
Related violations: <none>

XDCH-2#908 Warning
Same min and max delay values on IO port  
The same output delay of 0.000 ns has been defined on port 'EVENT_DATA[105]' relative to clock CLK_ADC for both max and min. Make sure this reflects the design intent.
set_output_delay -clock [get_clocks CLK_ADC] 0.000 [get_ports -quiet {EVENT_VALID EVENT_DATA* EVENT_LAST EVENT_CHUNK_ID* EVENT_TIMESTAMP* EVENT_SCORE* RING_MISS_COUNT* CHUNK_OVERFLOW}]
/home/work1/Works/AI-Trigger-System/HDL/constraints/ai_trigger_ooc.xdc (Line: 25)
Related violations: <none>

XDCH-2#909 Warning
Same min and max delay values on IO port  
The same output delay of 0.000 ns has been defined on port 'EVENT_DATA[106]' relative to clock CLK_ADC for both max and min. Make sure this reflects the design intent.
set_output_delay -clock [get_clocks CLK_ADC] 0.000 [get_ports -quiet {EVENT_VALID EVENT_DATA* EVENT_LAST EVENT_CHUNK_ID* EVENT_TIMESTAMP* EVENT_SCORE* RING_MISS_COUNT* CHUNK_OVERFLOW}]
/home/work1/Works/AI-Trigger-System/HDL/constraints/ai_trigger_ooc.xdc (Line: 25)
Related violations: <none>

XDCH-2#910 Warning
Same min and max delay values on IO port  
The same output delay of 0.000 ns has been defined on port 'EVENT_DATA[107]' relative to clock CLK_ADC for both max and min. Make sure this reflects the design intent.
set_output_delay -clock [get_clocks CLK_ADC] 0.000 [get_ports -quiet {EVENT_VALID EVENT_DATA* EVENT_LAST EVENT_CHUNK_ID* EVENT_TIMESTAMP* EVENT_SCORE* RING_MISS_COUNT* CHUNK_OVERFLOW}]
/home/work1/Works/AI-Trigger-System/HDL/constraints/ai_trigger_ooc.xdc (Line: 25)
Related violations: <none>

XDCH-2#911 Warning
Same min and max delay values on IO port  
The same output delay of 0.000 ns has been defined on port 'EVENT_DATA[108]' relative to clock CLK_ADC for both max and min. Make sure this reflects the design intent.
set_output_delay -clock [get_clocks CLK_ADC] 0.000 [get_ports -quiet {EVENT_VALID EVENT_DATA* EVENT_LAST EVENT_CHUNK_ID* EVENT_TIMESTAMP* EVENT_SCORE* RING_MISS_COUNT* CHUNK_OVERFLOW}]
/home/work1/Works/AI-Trigger-System/HDL/constraints/ai_trigger_ooc.xdc (Line: 25)
Related violations: <none>

XDCH-2#912 Warning
Same min and max delay values on IO port  
The same output delay of 0.000 ns has been defined on port 'EVENT_DATA[109]' relative to clock CLK_ADC for both max and min. Make sure this reflects the design intent.
set_output_delay -clock [get_clocks CLK_ADC] 0.000 [get_ports -quiet {EVENT_VALID EVENT_DATA* EVENT_LAST EVENT_CHUNK_ID* EVENT_TIMESTAMP* EVENT_SCORE* RING_MISS_COUNT* CHUNK_OVERFLOW}]
/home/work1/Works/AI-Trigger-System/HDL/constraints/ai_trigger_ooc.xdc (Line: 25)
Related violations: <none>

XDCH-2#913 Warning
Same min and max delay values on IO port  
The same output delay of 0.000 ns has been defined on port 'EVENT_DATA[10]' relative to clock CLK_ADC for both max and min. Make sure this reflects the design intent.
set_output_delay -clock [get_clocks CLK_ADC] 0.000 [get_ports -quiet {EVENT_VALID EVENT_DATA* EVENT_LAST EVENT_CHUNK_ID* EVENT_TIMESTAMP* EVENT_SCORE* RING_MISS_COUNT* CHUNK_OVERFLOW}]
/home/work1/Works/AI-Trigger-System/HDL/constraints/ai_trigger_ooc.xdc (Line: 25)
Related violations: <none>

XDCH-2#914 Warning
Same min and max delay values on IO port  
The same output delay of 0.000 ns has been defined on port 'EVENT_DATA[110]' relative to clock CLK_ADC for both max and min. Make sure this reflects the design intent.
set_output_delay -clock [get_clocks CLK_ADC] 0.000 [get_ports -quiet {EVENT_VALID EVENT_DATA* EVENT_LAST EVENT_CHUNK_ID* EVENT_TIMESTAMP* EVENT_SCORE* RING_MISS_COUNT* CHUNK_OVERFLOW}]
/home/work1/Works/AI-Trigger-System/HDL/constraints/ai_trigger_ooc.xdc (Line: 25)
Related violations: <none>

XDCH-2#915 Warning
Same min and max delay values on IO port  
The same output delay of 0.000 ns has been defined on port 'EVENT_DATA[111]' relative to clock CLK_ADC for both max and min. Make sure this reflects the design intent.
set_output_delay -clock [get_clocks CLK_ADC] 0.000 [get_ports -quiet {EVENT_VALID EVENT_DATA* EVENT_LAST EVENT_CHUNK_ID* EVENT_TIMESTAMP* EVENT_SCORE* RING_MISS_COUNT* CHUNK_OVERFLOW}]
/home/work1/Works/AI-Trigger-System/HDL/constraints/ai_trigger_ooc.xdc (Line: 25)
Related violations: <none>

XDCH-2#916 Warning
Same min and max delay values on IO port  
The same output delay of 0.000 ns has been defined on port 'EVENT_DATA[112]' relative to clock CLK_ADC for both max and min. Make sure this reflects the design intent.
set_output_delay -clock [get_clocks CLK_ADC] 0.000 [get_ports -quiet {EVENT_VALID EVENT_DATA* EVENT_LAST EVENT_CHUNK_ID* EVENT_TIMESTAMP* EVENT_SCORE* RING_MISS_COUNT* CHUNK_OVERFLOW}]
/home/work1/Works/AI-Trigger-System/HDL/constraints/ai_trigger_ooc.xdc (Line: 25)
Related violations: <none>

XDCH-2#917 Warning
Same min and max delay values on IO port  
The same output delay of 0.000 ns has been defined on port 'EVENT_DATA[113]' relative to clock CLK_ADC for both max and min. Make sure this reflects the design intent.
set_output_delay -clock [get_clocks CLK_ADC] 0.000 [get_ports -quiet {EVENT_VALID EVENT_DATA* EVENT_LAST EVENT_CHUNK_ID* EVENT_TIMESTAMP* EVENT_SCORE* RING_MISS_COUNT* CHUNK_OVERFLOW}]
/home/work1/Works/AI-Trigger-System/HDL/constraints/ai_trigger_ooc.xdc (Line: 25)
Related violations: <none>

XDCH-2#918 Warning
Same min and max delay values on IO port  
The same output delay of 0.000 ns has been defined on port 'EVENT_DATA[114]' relative to clock CLK_ADC for both max and min. Make sure this reflects the design intent.
set_output_delay -clock [get_clocks CLK_ADC] 0.000 [get_ports -quiet {EVENT_VALID EVENT_DATA* EVENT_LAST EVENT_CHUNK_ID* EVENT_TIMESTAMP* EVENT_SCORE* RING_MISS_COUNT* CHUNK_OVERFLOW}]
/home/work1/Works/AI-Trigger-System/HDL/constraints/ai_trigger_ooc.xdc (Line: 25)
Related violations: <none>

XDCH-2#919 Warning
Same min and max delay values on IO port  
The same output delay of 0.000 ns has been defined on port 'EVENT_DATA[115]' relative to clock CLK_ADC for both max and min. Make sure this reflects the design intent.
set_output_delay -clock [get_clocks CLK_ADC] 0.000 [get_ports -quiet {EVENT_VALID EVENT_DATA* EVENT_LAST EVENT_CHUNK_ID* EVENT_TIMESTAMP* EVENT_SCORE* RING_MISS_COUNT* CHUNK_OVERFLOW}]
/home/work1/Works/AI-Trigger-System/HDL/constraints/ai_trigger_ooc.xdc (Line: 25)
Related violations: <none>

XDCH-2#920 Warning
Same min and max delay values on IO port  
The same output delay of 0.000 ns has been defined on port 'EVENT_DATA[116]' relative to clock CLK_ADC for both max and min. Make sure this reflects the design intent.
set_output_delay -clock [get_clocks CLK_ADC] 0.000 [get_ports -quiet {EVENT_VALID EVENT_DATA* EVENT_LAST EVENT_CHUNK_ID* EVENT_TIMESTAMP* EVENT_SCORE* RING_MISS_COUNT* CHUNK_OVERFLOW}]
/home/work1/Works/AI-Trigger-System/HDL/constraints/ai_trigger_ooc.xdc (Line: 25)
Related violations: <none>

XDCH-2#921 Warning
Same min and max delay values on IO port  
The same output delay of 0.000 ns has been defined on port 'EVENT_DATA[117]' relative to clock CLK_ADC for both max and min. Make sure this reflects the design intent.
set_output_delay -clock [get_clocks CLK_ADC] 0.000 [get_ports -quiet {EVENT_VALID EVENT_DATA* EVENT_LAST EVENT_CHUNK_ID* EVENT_TIMESTAMP* EVENT_SCORE* RING_MISS_COUNT* CHUNK_OVERFLOW}]
/home/work1/Works/AI-Trigger-System/HDL/constraints/ai_trigger_ooc.xdc (Line: 25)
Related violations: <none>

XDCH-2#922 Warning
Same min and max delay values on IO port  
The same output delay of 0.000 ns has been defined on port 'EVENT_DATA[118]' relative to clock CLK_ADC for both max and min. Make sure this reflects the design intent.
set_output_delay -clock [get_clocks CLK_ADC] 0.000 [get_ports -quiet {EVENT_VALID EVENT_DATA* EVENT_LAST EVENT_CHUNK_ID* EVENT_TIMESTAMP* EVENT_SCORE* RING_MISS_COUNT* CHUNK_OVERFLOW}]
/home/work1/Works/AI-Trigger-System/HDL/constraints/ai_trigger_ooc.xdc (Line: 25)
Related violations: <none>

XDCH-2#923 Warning
Same min and max delay values on IO port  
The same output delay of 0.000 ns has been defined on port 'EVENT_DATA[119]' relative to clock CLK_ADC for both max and min. Make sure this reflects the design intent.
set_output_delay -clock [get_clocks CLK_ADC] 0.000 [get_ports -quiet {EVENT_VALID EVENT_DATA* EVENT_LAST EVENT_CHUNK_ID* EVENT_TIMESTAMP* EVENT_SCORE* RING_MISS_COUNT* CHUNK_OVERFLOW}]
/home/work1/Works/AI-Trigger-System/HDL/constraints/ai_trigger_ooc.xdc (Line: 25)
Related violations: <none>

XDCH-2#924 Warning
Same min and max delay values on IO port  
The same output delay of 0.000 ns has been defined on port 'EVENT_DATA[11]' relative to clock CLK_ADC for both max and min. Make sure this reflects the design intent.
set_output_delay -clock [get_clocks CLK_ADC] 0.000 [get_ports -quiet {EVENT_VALID EVENT_DATA* EVENT_LAST EVENT_CHUNK_ID* EVENT_TIMESTAMP* EVENT_SCORE* RING_MISS_COUNT* CHUNK_OVERFLOW}]
/home/work1/Works/AI-Trigger-System/HDL/constraints/ai_trigger_ooc.xdc (Line: 25)
Related violations: <none>

XDCH-2#925 Warning
Same min and max delay values on IO port  
The same output delay of 0.000 ns has been defined on port 'EVENT_DATA[120]' relative to clock CLK_ADC for both max and min. Make sure this reflects the design intent.
set_output_delay -clock [get_clocks CLK_ADC] 0.000 [get_ports -quiet {EVENT_VALID EVENT_DATA* EVENT_LAST EVENT_CHUNK_ID* EVENT_TIMESTAMP* EVENT_SCORE* RING_MISS_COUNT* CHUNK_OVERFLOW}]
/home/work1/Works/AI-Trigger-System/HDL/constraints/ai_trigger_ooc.xdc (Line: 25)
Related violations: <none>

XDCH-2#926 Warning
Same min and max delay values on IO port  
The same output delay of 0.000 ns has been defined on port 'EVENT_DATA[121]' relative to clock CLK_ADC for both max and min. Make sure this reflects the design intent.
set_output_delay -clock [get_clocks CLK_ADC] 0.000 [get_ports -quiet {EVENT_VALID EVENT_DATA* EVENT_LAST EVENT_CHUNK_ID* EVENT_TIMESTAMP* EVENT_SCORE* RING_MISS_COUNT* CHUNK_OVERFLOW}]
/home/work1/Works/AI-Trigger-System/HDL/constraints/ai_trigger_ooc.xdc (Line: 25)
Related violations: <none>

XDCH-2#927 Warning
Same min and max delay values on IO port  
The same output delay of 0.000 ns has been defined on port 'EVENT_DATA[122]' relative to clock CLK_ADC for both max and min. Make sure this reflects the design intent.
set_output_delay -clock [get_clocks CLK_ADC] 0.000 [get_ports -quiet {EVENT_VALID EVENT_DATA* EVENT_LAST EVENT_CHUNK_ID* EVENT_TIMESTAMP* EVENT_SCORE* RING_MISS_COUNT* CHUNK_OVERFLOW}]
/home/work1/Works/AI-Trigger-System/HDL/constraints/ai_trigger_ooc.xdc (Line: 25)
Related violations: <none>

XDCH-2#928 Warning
Same min and max delay values on IO port  
The same output delay of 0.000 ns has been defined on port 'EVENT_DATA[123]' relative to clock CLK_ADC for both max and min. Make sure this reflects the design intent.
set_output_delay -clock [get_clocks CLK_ADC] 0.000 [get_ports -quiet {EVENT_VALID EVENT_DATA* EVENT_LAST EVENT_CHUNK_ID* EVENT_TIMESTAMP* EVENT_SCORE* RING_MISS_COUNT* CHUNK_OVERFLOW}]
/home/work1/Works/AI-Trigger-System/HDL/constraints/ai_trigger_ooc.xdc (Line: 25)
Related violations: <none>

XDCH-2#929 Warning
Same min and max delay values on IO port  
The same output delay of 0.000 ns has been defined on port 'EVENT_DATA[124]' relative to clock CLK_ADC for both max and min. Make sure this reflects the design intent.
set_output_delay -clock [get_clocks CLK_ADC] 0.000 [get_ports -quiet {EVENT_VALID EVENT_DATA* EVENT_LAST EVENT_CHUNK_ID* EVENT_TIMESTAMP* EVENT_SCORE* RING_MISS_COUNT* CHUNK_OVERFLOW}]
/home/work1/Works/AI-Trigger-System/HDL/constraints/ai_trigger_ooc.xdc (Line: 25)
Related violations: <none>

XDCH-2#930 Warning
Same min and max delay values on IO port  
The same output delay of 0.000 ns has been defined on port 'EVENT_DATA[125]' relative to clock CLK_ADC for both max and min. Make sure this reflects the design intent.
set_output_delay -clock [get_clocks CLK_ADC] 0.000 [get_ports -quiet {EVENT_VALID EVENT_DATA* EVENT_LAST EVENT_CHUNK_ID* EVENT_TIMESTAMP* EVENT_SCORE* RING_MISS_COUNT* CHUNK_OVERFLOW}]
/home/work1/Works/AI-Trigger-System/HDL/constraints/ai_trigger_ooc.xdc (Line: 25)
Related violations: <none>

XDCH-2#931 Warning
Same min and max delay values on IO port  
The same output delay of 0.000 ns has been defined on port 'EVENT_DATA[126]' relative to clock CLK_ADC for both max and min. Make sure this reflects the design intent.
set_output_delay -clock [get_clocks CLK_ADC] 0.000 [get_ports -quiet {EVENT_VALID EVENT_DATA* EVENT_LAST EVENT_CHUNK_ID* EVENT_TIMESTAMP* EVENT_SCORE* RING_MISS_COUNT* CHUNK_OVERFLOW}]
/home/work1/Works/AI-Trigger-System/HDL/constraints/ai_trigger_ooc.xdc (Line: 25)
Related violations: <none>

XDCH-2#932 Warning
Same min and max delay values on IO port  
The same output delay of 0.000 ns has been defined on port 'EVENT_DATA[127]' relative to clock CLK_ADC for both max and min. Make sure this reflects the design intent.
set_output_delay -clock [get_clocks CLK_ADC] 0.000 [get_ports -quiet {EVENT_VALID EVENT_DATA* EVENT_LAST EVENT_CHUNK_ID* EVENT_TIMESTAMP* EVENT_SCORE* RING_MISS_COUNT* CHUNK_OVERFLOW}]
/home/work1/Works/AI-Trigger-System/HDL/constraints/ai_trigger_ooc.xdc (Line: 25)
Related violations: <none>

XDCH-2#933 Warning
Same min and max delay values on IO port  
The same output delay of 0.000 ns has been defined on port 'EVENT_DATA[128]' relative to clock CLK_ADC for both max and min. Make sure this reflects the design intent.
set_output_delay -clock [get_clocks CLK_ADC] 0.000 [get_ports -quiet {EVENT_VALID EVENT_DATA* EVENT_LAST EVENT_CHUNK_ID* EVENT_TIMESTAMP* EVENT_SCORE* RING_MISS_COUNT* CHUNK_OVERFLOW}]
/home/work1/Works/AI-Trigger-System/HDL/constraints/ai_trigger_ooc.xdc (Line: 25)
Related violations: <none>

XDCH-2#934 Warning
Same min and max delay values on IO port  
The same output delay of 0.000 ns has been defined on port 'EVENT_DATA[129]' relative to clock CLK_ADC for both max and min. Make sure this reflects the design intent.
set_output_delay -clock [get_clocks CLK_ADC] 0.000 [get_ports -quiet {EVENT_VALID EVENT_DATA* EVENT_LAST EVENT_CHUNK_ID* EVENT_TIMESTAMP* EVENT_SCORE* RING_MISS_COUNT* CHUNK_OVERFLOW}]
/home/work1/Works/AI-Trigger-System/HDL/constraints/ai_trigger_ooc.xdc (Line: 25)
Related violations: <none>

XDCH-2#935 Warning
Same min and max delay values on IO port  
The same output delay of 0.000 ns has been defined on port 'EVENT_DATA[12]' relative to clock CLK_ADC for both max and min. Make sure this reflects the design intent.
set_output_delay -clock [get_clocks CLK_ADC] 0.000 [get_ports -quiet {EVENT_VALID EVENT_DATA* EVENT_LAST EVENT_CHUNK_ID* EVENT_TIMESTAMP* EVENT_SCORE* RING_MISS_COUNT* CHUNK_OVERFLOW}]
/home/work1/Works/AI-Trigger-System/HDL/constraints/ai_trigger_ooc.xdc (Line: 25)
Related violations: <none>

XDCH-2#936 Warning
Same min and max delay values on IO port  
The same output delay of 0.000 ns has been defined on port 'EVENT_DATA[130]' relative to clock CLK_ADC for both max and min. Make sure this reflects the design intent.
set_output_delay -clock [get_clocks CLK_ADC] 0.000 [get_ports -quiet {EVENT_VALID EVENT_DATA* EVENT_LAST EVENT_CHUNK_ID* EVENT_TIMESTAMP* EVENT_SCORE* RING_MISS_COUNT* CHUNK_OVERFLOW}]
/home/work1/Works/AI-Trigger-System/HDL/constraints/ai_trigger_ooc.xdc (Line: 25)
Related violations: <none>

XDCH-2#937 Warning
Same min and max delay values on IO port  
The same output delay of 0.000 ns has been defined on port 'EVENT_DATA[131]' relative to clock CLK_ADC for both max and min. Make sure this reflects the design intent.
set_output_delay -clock [get_clocks CLK_ADC] 0.000 [get_ports -quiet {EVENT_VALID EVENT_DATA* EVENT_LAST EVENT_CHUNK_ID* EVENT_TIMESTAMP* EVENT_SCORE* RING_MISS_COUNT* CHUNK_OVERFLOW}]
/home/work1/Works/AI-Trigger-System/HDL/constraints/ai_trigger_ooc.xdc (Line: 25)
Related violations: <none>

XDCH-2#938 Warning
Same min and max delay values on IO port  
The same output delay of 0.000 ns has been defined on port 'EVENT_DATA[132]' relative to clock CLK_ADC for both max and min. Make sure this reflects the design intent.
set_output_delay -clock [get_clocks CLK_ADC] 0.000 [get_ports -quiet {EVENT_VALID EVENT_DATA* EVENT_LAST EVENT_CHUNK_ID* EVENT_TIMESTAMP* EVENT_SCORE* RING_MISS_COUNT* CHUNK_OVERFLOW}]
/home/work1/Works/AI-Trigger-System/HDL/constraints/ai_trigger_ooc.xdc (Line: 25)
Related violations: <none>

XDCH-2#939 Warning
Same min and max delay values on IO port  
The same output delay of 0.000 ns has been defined on port 'EVENT_DATA[133]' relative to clock CLK_ADC for both max and min. Make sure this reflects the design intent.
set_output_delay -clock [get_clocks CLK_ADC] 0.000 [get_ports -quiet {EVENT_VALID EVENT_DATA* EVENT_LAST EVENT_CHUNK_ID* EVENT_TIMESTAMP* EVENT_SCORE* RING_MISS_COUNT* CHUNK_OVERFLOW}]
/home/work1/Works/AI-Trigger-System/HDL/constraints/ai_trigger_ooc.xdc (Line: 25)
Related violations: <none>

XDCH-2#940 Warning
Same min and max delay values on IO port  
The same output delay of 0.000 ns has been defined on port 'EVENT_DATA[134]' relative to clock CLK_ADC for both max and min. Make sure this reflects the design intent.
set_output_delay -clock [get_clocks CLK_ADC] 0.000 [get_ports -quiet {EVENT_VALID EVENT_DATA* EVENT_LAST EVENT_CHUNK_ID* EVENT_TIMESTAMP* EVENT_SCORE* RING_MISS_COUNT* CHUNK_OVERFLOW}]
/home/work1/Works/AI-Trigger-System/HDL/constraints/ai_trigger_ooc.xdc (Line: 25)
Related violations: <none>

XDCH-2#941 Warning
Same min and max delay values on IO port  
The same output delay of 0.000 ns has been defined on port 'EVENT_DATA[135]' relative to clock CLK_ADC for both max and min. Make sure this reflects the design intent.
set_output_delay -clock [get_clocks CLK_ADC] 0.000 [get_ports -quiet {EVENT_VALID EVENT_DATA* EVENT_LAST EVENT_CHUNK_ID* EVENT_TIMESTAMP* EVENT_SCORE* RING_MISS_COUNT* CHUNK_OVERFLOW}]
/home/work1/Works/AI-Trigger-System/HDL/constraints/ai_trigger_ooc.xdc (Line: 25)
Related violations: <none>

XDCH-2#942 Warning
Same min and max delay values on IO port  
The same output delay of 0.000 ns has been defined on port 'EVENT_DATA[136]' relative to clock CLK_ADC for both max and min. Make sure this reflects the design intent.
set_output_delay -clock [get_clocks CLK_ADC] 0.000 [get_ports -quiet {EVENT_VALID EVENT_DATA* EVENT_LAST EVENT_CHUNK_ID* EVENT_TIMESTAMP* EVENT_SCORE* RING_MISS_COUNT* CHUNK_OVERFLOW}]
/home/work1/Works/AI-Trigger-System/HDL/constraints/ai_trigger_ooc.xdc (Line: 25)
Related violations: <none>

XDCH-2#943 Warning
Same min and max delay values on IO port  
The same output delay of 0.000 ns has been defined on port 'EVENT_DATA[137]' relative to clock CLK_ADC for both max and min. Make sure this reflects the design intent.
set_output_delay -clock [get_clocks CLK_ADC] 0.000 [get_ports -quiet {EVENT_VALID EVENT_DATA* EVENT_LAST EVENT_CHUNK_ID* EVENT_TIMESTAMP* EVENT_SCORE* RING_MISS_COUNT* CHUNK_OVERFLOW}]
/home/work1/Works/AI-Trigger-System/HDL/constraints/ai_trigger_ooc.xdc (Line: 25)
Related violations: <none>

XDCH-2#944 Warning
Same min and max delay values on IO port  
The same output delay of 0.000 ns has been defined on port 'EVENT_DATA[138]' relative to clock CLK_ADC for both max and min. Make sure this reflects the design intent.
set_output_delay -clock [get_clocks CLK_ADC] 0.000 [get_ports -quiet {EVENT_VALID EVENT_DATA* EVENT_LAST EVENT_CHUNK_ID* EVENT_TIMESTAMP* EVENT_SCORE* RING_MISS_COUNT* CHUNK_OVERFLOW}]
/home/work1/Works/AI-Trigger-System/HDL/constraints/ai_trigger_ooc.xdc (Line: 25)
Related violations: <none>

XDCH-2#945 Warning
Same min and max delay values on IO port  
The same output delay of 0.000 ns has been defined on port 'EVENT_DATA[139]' relative to clock CLK_ADC for both max and min. Make sure this reflects the design intent.
set_output_delay -clock [get_clocks CLK_ADC] 0.000 [get_ports -quiet {EVENT_VALID EVENT_DATA* EVENT_LAST EVENT_CHUNK_ID* EVENT_TIMESTAMP* EVENT_SCORE* RING_MISS_COUNT* CHUNK_OVERFLOW}]
/home/work1/Works/AI-Trigger-System/HDL/constraints/ai_trigger_ooc.xdc (Line: 25)
Related violations: <none>

XDCH-2#946 Warning
Same min and max delay values on IO port  
The same output delay of 0.000 ns has been defined on port 'EVENT_DATA[13]' relative to clock CLK_ADC for both max and min. Make sure this reflects the design intent.
set_output_delay -clock [get_clocks CLK_ADC] 0.000 [get_ports -quiet {EVENT_VALID EVENT_DATA* EVENT_LAST EVENT_CHUNK_ID* EVENT_TIMESTAMP* EVENT_SCORE* RING_MISS_COUNT* CHUNK_OVERFLOW}]
/home/work1/Works/AI-Trigger-System/HDL/constraints/ai_trigger_ooc.xdc (Line: 25)
Related violations: <none>

XDCH-2#947 Warning
Same min and max delay values on IO port  
The same output delay of 0.000 ns has been defined on port 'EVENT_DATA[140]' relative to clock CLK_ADC for both max and min. Make sure this reflects the design intent.
set_output_delay -clock [get_clocks CLK_ADC] 0.000 [get_ports -quiet {EVENT_VALID EVENT_DATA* EVENT_LAST EVENT_CHUNK_ID* EVENT_TIMESTAMP* EVENT_SCORE* RING_MISS_COUNT* CHUNK_OVERFLOW}]
/home/work1/Works/AI-Trigger-System/HDL/constraints/ai_trigger_ooc.xdc (Line: 25)
Related violations: <none>

XDCH-2#948 Warning
Same min and max delay values on IO port  
The same output delay of 0.000 ns has been defined on port 'EVENT_DATA[141]' relative to clock CLK_ADC for both max and min. Make sure this reflects the design intent.
set_output_delay -clock [get_clocks CLK_ADC] 0.000 [get_ports -quiet {EVENT_VALID EVENT_DATA* EVENT_LAST EVENT_CHUNK_ID* EVENT_TIMESTAMP* EVENT_SCORE* RING_MISS_COUNT* CHUNK_OVERFLOW}]
/home/work1/Works/AI-Trigger-System/HDL/constraints/ai_trigger_ooc.xdc (Line: 25)
Related violations: <none>

XDCH-2#949 Warning
Same min and max delay values on IO port  
The same output delay of 0.000 ns has been defined on port 'EVENT_DATA[142]' relative to clock CLK_ADC for both max and min. Make sure this reflects the design intent.
set_output_delay -clock [get_clocks CLK_ADC] 0.000 [get_ports -quiet {EVENT_VALID EVENT_DATA* EVENT_LAST EVENT_CHUNK_ID* EVENT_TIMESTAMP* EVENT_SCORE* RING_MISS_COUNT* CHUNK_OVERFLOW}]
/home/work1/Works/AI-Trigger-System/HDL/constraints/ai_trigger_ooc.xdc (Line: 25)
Related violations: <none>

XDCH-2#950 Warning
Same min and max delay values on IO port  
The same output delay of 0.000 ns has been defined on port 'EVENT_DATA[143]' relative to clock CLK_ADC for both max and min. Make sure this reflects the design intent.
set_output_delay -clock [get_clocks CLK_ADC] 0.000 [get_ports -quiet {EVENT_VALID EVENT_DATA* EVENT_LAST EVENT_CHUNK_ID* EVENT_TIMESTAMP* EVENT_SCORE* RING_MISS_COUNT* CHUNK_OVERFLOW}]
/home/work1/Works/AI-Trigger-System/HDL/constraints/ai_trigger_ooc.xdc (Line: 25)
Related violations: <none>

XDCH-2#951 Warning
Same min and max delay values on IO port  
The same output delay of 0.000 ns has been defined on port 'EVENT_DATA[144]' relative to clock CLK_ADC for both max and min. Make sure this reflects the design intent.
set_output_delay -clock [get_clocks CLK_ADC] 0.000 [get_ports -quiet {EVENT_VALID EVENT_DATA* EVENT_LAST EVENT_CHUNK_ID* EVENT_TIMESTAMP* EVENT_SCORE* RING_MISS_COUNT* CHUNK_OVERFLOW}]
/home/work1/Works/AI-Trigger-System/HDL/constraints/ai_trigger_ooc.xdc (Line: 25)
Related violations: <none>

XDCH-2#952 Warning
Same min and max delay values on IO port  
The same output delay of 0.000 ns has been defined on port 'EVENT_DATA[145]' relative to clock CLK_ADC for both max and min. Make sure this reflects the design intent.
set_output_delay -clock [get_clocks CLK_ADC] 0.000 [get_ports -quiet {EVENT_VALID EVENT_DATA* EVENT_LAST EVENT_CHUNK_ID* EVENT_TIMESTAMP* EVENT_SCORE* RING_MISS_COUNT* CHUNK_OVERFLOW}]
/home/work1/Works/AI-Trigger-System/HDL/constraints/ai_trigger_ooc.xdc (Line: 25)
Related violations: <none>

XDCH-2#953 Warning
Same min and max delay values on IO port  
The same output delay of 0.000 ns has been defined on port 'EVENT_DATA[146]' relative to clock CLK_ADC for both max and min. Make sure this reflects the design intent.
set_output_delay -clock [get_clocks CLK_ADC] 0.000 [get_ports -quiet {EVENT_VALID EVENT_DATA* EVENT_LAST EVENT_CHUNK_ID* EVENT_TIMESTAMP* EVENT_SCORE* RING_MISS_COUNT* CHUNK_OVERFLOW}]
/home/work1/Works/AI-Trigger-System/HDL/constraints/ai_trigger_ooc.xdc (Line: 25)
Related violations: <none>

XDCH-2#954 Warning
Same min and max delay values on IO port  
The same output delay of 0.000 ns has been defined on port 'EVENT_DATA[147]' relative to clock CLK_ADC for both max and min. Make sure this reflects the design intent.
set_output_delay -clock [get_clocks CLK_ADC] 0.000 [get_ports -quiet {EVENT_VALID EVENT_DATA* EVENT_LAST EVENT_CHUNK_ID* EVENT_TIMESTAMP* EVENT_SCORE* RING_MISS_COUNT* CHUNK_OVERFLOW}]
/home/work1/Works/AI-Trigger-System/HDL/constraints/ai_trigger_ooc.xdc (Line: 25)
Related violations: <none>

XDCH-2#955 Warning
Same min and max delay values on IO port  
The same output delay of 0.000 ns has been defined on port 'EVENT_DATA[148]' relative to clock CLK_ADC for both max and min. Make sure this reflects the design intent.
set_output_delay -clock [get_clocks CLK_ADC] 0.000 [get_ports -quiet {EVENT_VALID EVENT_DATA* EVENT_LAST EVENT_CHUNK_ID* EVENT_TIMESTAMP* EVENT_SCORE* RING_MISS_COUNT* CHUNK_OVERFLOW}]
/home/work1/Works/AI-Trigger-System/HDL/constraints/ai_trigger_ooc.xdc (Line: 25)
Related violations: <none>

XDCH-2#956 Warning
Same min and max delay values on IO port  
The same output delay of 0.000 ns has been defined on port 'EVENT_DATA[149]' relative to clock CLK_ADC for both max and min. Make sure this reflects the design intent.
set_output_delay -clock [get_clocks CLK_ADC] 0.000 [get_ports -quiet {EVENT_VALID EVENT_DATA* EVENT_LAST EVENT_CHUNK_ID* EVENT_TIMESTAMP* EVENT_SCORE* RING_MISS_COUNT* CHUNK_OVERFLOW}]
/home/work1/Works/AI-Trigger-System/HDL/constraints/ai_trigger_ooc.xdc (Line: 25)
Related violations: <none>

XDCH-2#957 Warning
Same min and max delay values on IO port  
The same output delay of 0.000 ns has been defined on port 'EVENT_DATA[14]' relative to clock CLK_ADC for both max and min. Make sure this reflects the design intent.
set_output_delay -clock [get_clocks CLK_ADC] 0.000 [get_ports -quiet {EVENT_VALID EVENT_DATA* EVENT_LAST EVENT_CHUNK_ID* EVENT_TIMESTAMP* EVENT_SCORE* RING_MISS_COUNT* CHUNK_OVERFLOW}]
/home/work1/Works/AI-Trigger-System/HDL/constraints/ai_trigger_ooc.xdc (Line: 25)
Related violations: <none>

XDCH-2#958 Warning
Same min and max delay values on IO port  
The same output delay of 0.000 ns has been defined on port 'EVENT_DATA[150]' relative to clock CLK_ADC for both max and min. Make sure this reflects the design intent.
set_output_delay -clock [get_clocks CLK_ADC] 0.000 [get_ports -quiet {EVENT_VALID EVENT_DATA* EVENT_LAST EVENT_CHUNK_ID* EVENT_TIMESTAMP* EVENT_SCORE* RING_MISS_COUNT* CHUNK_OVERFLOW}]
/home/work1/Works/AI-Trigger-System/HDL/constraints/ai_trigger_ooc.xdc (Line: 25)
Related violations: <none>

XDCH-2#959 Warning
Same min and max delay values on IO port  
The same output delay of 0.000 ns has been defined on port 'EVENT_DATA[151]' relative to clock CLK_ADC for both max and min. Make sure this reflects the design intent.
set_output_delay -clock [get_clocks CLK_ADC] 0.000 [get_ports -quiet {EVENT_VALID EVENT_DATA* EVENT_LAST EVENT_CHUNK_ID* EVENT_TIMESTAMP* EVENT_SCORE* RING_MISS_COUNT* CHUNK_OVERFLOW}]
/home/work1/Works/AI-Trigger-System/HDL/constraints/ai_trigger_ooc.xdc (Line: 25)
Related violations: <none>

XDCH-2#960 Warning
Same min and max delay values on IO port  
The same output delay of 0.000 ns has been defined on port 'EVENT_DATA[152]' relative to clock CLK_ADC for both max and min. Make sure this reflects the design intent.
set_output_delay -clock [get_clocks CLK_ADC] 0.000 [get_ports -quiet {EVENT_VALID EVENT_DATA* EVENT_LAST EVENT_CHUNK_ID* EVENT_TIMESTAMP* EVENT_SCORE* RING_MISS_COUNT* CHUNK_OVERFLOW}]
/home/work1/Works/AI-Trigger-System/HDL/constraints/ai_trigger_ooc.xdc (Line: 25)
Related violations: <none>

XDCH-2#961 Warning
Same min and max delay values on IO port  
The same output delay of 0.000 ns has been defined on port 'EVENT_DATA[153]' relative to clock CLK_ADC for both max and min. Make sure this reflects the design intent.
set_output_delay -clock [get_clocks CLK_ADC] 0.000 [get_ports -quiet {EVENT_VALID EVENT_DATA* EVENT_LAST EVENT_CHUNK_ID* EVENT_TIMESTAMP* EVENT_SCORE* RING_MISS_COUNT* CHUNK_OVERFLOW}]
/home/work1/Works/AI-Trigger-System/HDL/constraints/ai_trigger_ooc.xdc (Line: 25)
Related violations: <none>

XDCH-2#962 Warning
Same min and max delay values on IO port  
The same output delay of 0.000 ns has been defined on port 'EVENT_DATA[154]' relative to clock CLK_ADC for both max and min. Make sure this reflects the design intent.
set_output_delay -clock [get_clocks CLK_ADC] 0.000 [get_ports -quiet {EVENT_VALID EVENT_DATA* EVENT_LAST EVENT_CHUNK_ID* EVENT_TIMESTAMP* EVENT_SCORE* RING_MISS_COUNT* CHUNK_OVERFLOW}]
/home/work1/Works/AI-Trigger-System/HDL/constraints/ai_trigger_ooc.xdc (Line: 25)
Related violations: <none>

XDCH-2#963 Warning
Same min and max delay values on IO port  
The same output delay of 0.000 ns has been defined on port 'EVENT_DATA[155]' relative to clock CLK_ADC for both max and min. Make sure this reflects the design intent.
set_output_delay -clock [get_clocks CLK_ADC] 0.000 [get_ports -quiet {EVENT_VALID EVENT_DATA* EVENT_LAST EVENT_CHUNK_ID* EVENT_TIMESTAMP* EVENT_SCORE* RING_MISS_COUNT* CHUNK_OVERFLOW}]
/home/work1/Works/AI-Trigger-System/HDL/constraints/ai_trigger_ooc.xdc (Line: 25)
Related violations: <none>

XDCH-2#964 Warning
Same min and max delay values on IO port  
The same output delay of 0.000 ns has been defined on port 'EVENT_DATA[156]' relative to clock CLK_ADC for both max and min. Make sure this reflects the design intent.
set_output_delay -clock [get_clocks CLK_ADC] 0.000 [get_ports -quiet {EVENT_VALID EVENT_DATA* EVENT_LAST EVENT_CHUNK_ID* EVENT_TIMESTAMP* EVENT_SCORE* RING_MISS_COUNT* CHUNK_OVERFLOW}]
/home/work1/Works/AI-Trigger-System/HDL/constraints/ai_trigger_ooc.xdc (Line: 25)
Related violations: <none>

XDCH-2#965 Warning
Same min and max delay values on IO port  
The same output delay of 0.000 ns has been defined on port 'EVENT_DATA[157]' relative to clock CLK_ADC for both max and min. Make sure this reflects the design intent.
set_output_delay -clock [get_clocks CLK_ADC] 0.000 [get_ports -quiet {EVENT_VALID EVENT_DATA* EVENT_LAST EVENT_CHUNK_ID* EVENT_TIMESTAMP* EVENT_SCORE* RING_MISS_COUNT* CHUNK_OVERFLOW}]
/home/work1/Works/AI-Trigger-System/HDL/constraints/ai_trigger_ooc.xdc (Line: 25)
Related violations: <none>

XDCH-2#966 Warning
Same min and max delay values on IO port  
The same output delay of 0.000 ns has been defined on port 'EVENT_DATA[158]' relative to clock CLK_ADC for both max and min. Make sure this reflects the design intent.
set_output_delay -clock [get_clocks CLK_ADC] 0.000 [get_ports -quiet {EVENT_VALID EVENT_DATA* EVENT_LAST EVENT_CHUNK_ID* EVENT_TIMESTAMP* EVENT_SCORE* RING_MISS_COUNT* CHUNK_OVERFLOW}]
/home/work1/Works/AI-Trigger-System/HDL/constraints/ai_trigger_ooc.xdc (Line: 25)
Related violations: <none>

XDCH-2#967 Warning
Same min and max delay values on IO port  
The same output delay of 0.000 ns has been defined on port 'EVENT_DATA[159]' relative to clock CLK_ADC for both max and min. Make sure this reflects the design intent.
set_output_delay -clock [get_clocks CLK_ADC] 0.000 [get_ports -quiet {EVENT_VALID EVENT_DATA* EVENT_LAST EVENT_CHUNK_ID* EVENT_TIMESTAMP* EVENT_SCORE* RING_MISS_COUNT* CHUNK_OVERFLOW}]
/home/work1/Works/AI-Trigger-System/HDL/constraints/ai_trigger_ooc.xdc (Line: 25)
Related violations: <none>

XDCH-2#968 Warning
Same min and max delay values on IO port  
The same output delay of 0.000 ns has been defined on port 'EVENT_DATA[15]' relative to clock CLK_ADC for both max and min. Make sure this reflects the design intent.
set_output_delay -clock [get_clocks CLK_ADC] 0.000 [get_ports -quiet {EVENT_VALID EVENT_DATA* EVENT_LAST EVENT_CHUNK_ID* EVENT_TIMESTAMP* EVENT_SCORE* RING_MISS_COUNT* CHUNK_OVERFLOW}]
/home/work1/Works/AI-Trigger-System/HDL/constraints/ai_trigger_ooc.xdc (Line: 25)
Related violations: <none>

XDCH-2#969 Warning
Same min and max delay values on IO port  
The same output delay of 0.000 ns has been defined on port 'EVENT_DATA[160]' relative to clock CLK_ADC for both max and min. Make sure this reflects the design intent.
set_output_delay -clock [get_clocks CLK_ADC] 0.000 [get_ports -quiet {EVENT_VALID EVENT_DATA* EVENT_LAST EVENT_CHUNK_ID* EVENT_TIMESTAMP* EVENT_SCORE* RING_MISS_COUNT* CHUNK_OVERFLOW}]
/home/work1/Works/AI-Trigger-System/HDL/constraints/ai_trigger_ooc.xdc (Line: 25)
Related violations: <none>

XDCH-2#970 Warning
Same min and max delay values on IO port  
The same output delay of 0.000 ns has been defined on port 'EVENT_DATA[161]' relative to clock CLK_ADC for both max and min. Make sure this reflects the design intent.
set_output_delay -clock [get_clocks CLK_ADC] 0.000 [get_ports -quiet {EVENT_VALID EVENT_DATA* EVENT_LAST EVENT_CHUNK_ID* EVENT_TIMESTAMP* EVENT_SCORE* RING_MISS_COUNT* CHUNK_OVERFLOW}]
/home/work1/Works/AI-Trigger-System/HDL/constraints/ai_trigger_ooc.xdc (Line: 25)
Related violations: <none>

XDCH-2#971 Warning
Same min and max delay values on IO port  
The same output delay of 0.000 ns has been defined on port 'EVENT_DATA[162]' relative to clock CLK_ADC for both max and min. Make sure this reflects the design intent.
set_output_delay -clock [get_clocks CLK_ADC] 0.000 [get_ports -quiet {EVENT_VALID EVENT_DATA* EVENT_LAST EVENT_CHUNK_ID* EVENT_TIMESTAMP* EVENT_SCORE* RING_MISS_COUNT* CHUNK_OVERFLOW}]
/home/work1/Works/AI-Trigger-System/HDL/constraints/ai_trigger_ooc.xdc (Line: 25)
Related violations: <none>

XDCH-2#972 Warning
Same min and max delay values on IO port  
The same output delay of 0.000 ns has been defined on port 'EVENT_DATA[163]' relative to clock CLK_ADC for both max and min. Make sure this reflects the design intent.
set_output_delay -clock [get_clocks CLK_ADC] 0.000 [get_ports -quiet {EVENT_VALID EVENT_DATA* EVENT_LAST EVENT_CHUNK_ID* EVENT_TIMESTAMP* EVENT_SCORE* RING_MISS_COUNT* CHUNK_OVERFLOW}]
/home/work1/Works/AI-Trigger-System/HDL/constraints/ai_trigger_ooc.xdc (Line: 25)
Related violations: <none>

XDCH-2#973 Warning
Same min and max delay values on IO port  
The same output delay of 0.000 ns has been defined on port 'EVENT_DATA[164]' relative to clock CLK_ADC for both max and min. Make sure this reflects the design intent.
set_output_delay -clock [get_clocks CLK_ADC] 0.000 [get_ports -quiet {EVENT_VALID EVENT_DATA* EVENT_LAST EVENT_CHUNK_ID* EVENT_TIMESTAMP* EVENT_SCORE* RING_MISS_COUNT* CHUNK_OVERFLOW}]
/home/work1/Works/AI-Trigger-System/HDL/constraints/ai_trigger_ooc.xdc (Line: 25)
Related violations: <none>

XDCH-2#974 Warning
Same min and max delay values on IO port  
The same output delay of 0.000 ns has been defined on port 'EVENT_DATA[165]' relative to clock CLK_ADC for both max and min. Make sure this reflects the design intent.
set_output_delay -clock [get_clocks CLK_ADC] 0.000 [get_ports -quiet {EVENT_VALID EVENT_DATA* EVENT_LAST EVENT_CHUNK_ID* EVENT_TIMESTAMP* EVENT_SCORE* RING_MISS_COUNT* CHUNK_OVERFLOW}]
/home/work1/Works/AI-Trigger-System/HDL/constraints/ai_trigger_ooc.xdc (Line: 25)
Related violations: <none>

XDCH-2#975 Warning
Same min and max delay values on IO port  
The same output delay of 0.000 ns has been defined on port 'EVENT_DATA[166]' relative to clock CLK_ADC for both max and min. Make sure this reflects the design intent.
set_output_delay -clock [get_clocks CLK_ADC] 0.000 [get_ports -quiet {EVENT_VALID EVENT_DATA* EVENT_LAST EVENT_CHUNK_ID* EVENT_TIMESTAMP* EVENT_SCORE* RING_MISS_COUNT* CHUNK_OVERFLOW}]
/home/work1/Works/AI-Trigger-System/HDL/constraints/ai_trigger_ooc.xdc (Line: 25)
Related violations: <none>

XDCH-2#976 Warning
Same min and max delay values on IO port  
The same output delay of 0.000 ns has been defined on port 'EVENT_DATA[167]' relative to clock CLK_ADC for both max and min. Make sure this reflects the design intent.
set_output_delay -clock [get_clocks CLK_ADC] 0.000 [get_ports -quiet {EVENT_VALID EVENT_DATA* EVENT_LAST EVENT_CHUNK_ID* EVENT_TIMESTAMP* EVENT_SCORE* RING_MISS_COUNT* CHUNK_OVERFLOW}]
/home/work1/Works/AI-Trigger-System/HDL/constraints/ai_trigger_ooc.xdc (Line: 25)
Related violations: <none>

XDCH-2#977 Warning
Same min and max delay values on IO port  
The same output delay of 0.000 ns has been defined on port 'EVENT_DATA[168]' relative to clock CLK_ADC for both max and min. Make sure this reflects the design intent.
set_output_delay -clock [get_clocks CLK_ADC] 0.000 [get_ports -quiet {EVENT_VALID EVENT_DATA* EVENT_LAST EVENT_CHUNK_ID* EVENT_TIMESTAMP* EVENT_SCORE* RING_MISS_COUNT* CHUNK_OVERFLOW}]
/home/work1/Works/AI-Trigger-System/HDL/constraints/ai_trigger_ooc.xdc (Line: 25)
Related violations: <none>

XDCH-2#978 Warning
Same min and max delay values on IO port  
The same output delay of 0.000 ns has been defined on port 'EVENT_DATA[169]' relative to clock CLK_ADC for both max and min. Make sure this reflects the design intent.
set_output_delay -clock [get_clocks CLK_ADC] 0.000 [get_ports -quiet {EVENT_VALID EVENT_DATA* EVENT_LAST EVENT_CHUNK_ID* EVENT_TIMESTAMP* EVENT_SCORE* RING_MISS_COUNT* CHUNK_OVERFLOW}]
/home/work1/Works/AI-Trigger-System/HDL/constraints/ai_trigger_ooc.xdc (Line: 25)
Related violations: <none>

XDCH-2#979 Warning
Same min and max delay values on IO port  
The same output delay of 0.000 ns has been defined on port 'EVENT_DATA[16]' relative to clock CLK_ADC for both max and min. Make sure this reflects the design intent.
set_output_delay -clock [get_clocks CLK_ADC] 0.000 [get_ports -quiet {EVENT_VALID EVENT_DATA* EVENT_LAST EVENT_CHUNK_ID* EVENT_TIMESTAMP* EVENT_SCORE* RING_MISS_COUNT* CHUNK_OVERFLOW}]
/home/work1/Works/AI-Trigger-System/HDL/constraints/ai_trigger_ooc.xdc (Line: 25)
Related violations: <none>

XDCH-2#980 Warning
Same min and max delay values on IO port  
The same output delay of 0.000 ns has been defined on port 'EVENT_DATA[170]' relative to clock CLK_ADC for both max and min. Make sure this reflects the design intent.
set_output_delay -clock [get_clocks CLK_ADC] 0.000 [get_ports -quiet {EVENT_VALID EVENT_DATA* EVENT_LAST EVENT_CHUNK_ID* EVENT_TIMESTAMP* EVENT_SCORE* RING_MISS_COUNT* CHUNK_OVERFLOW}]
/home/work1/Works/AI-Trigger-System/HDL/constraints/ai_trigger_ooc.xdc (Line: 25)
Related violations: <none>

XDCH-2#981 Warning
Same min and max delay values on IO port  
The same output delay of 0.000 ns has been defined on port 'EVENT_DATA[171]' relative to clock CLK_ADC for both max and min. Make sure this reflects the design intent.
set_output_delay -clock [get_clocks CLK_ADC] 0.000 [get_ports -quiet {EVENT_VALID EVENT_DATA* EVENT_LAST EVENT_CHUNK_ID* EVENT_TIMESTAMP* EVENT_SCORE* RING_MISS_COUNT* CHUNK_OVERFLOW}]
/home/work1/Works/AI-Trigger-System/HDL/constraints/ai_trigger_ooc.xdc (Line: 25)
Related violations: <none>

XDCH-2#982 Warning
Same min and max delay values on IO port  
The same output delay of 0.000 ns has been defined on port 'EVENT_DATA[172]' relative to clock CLK_ADC for both max and min. Make sure this reflects the design intent.
set_output_delay -clock [get_clocks CLK_ADC] 0.000 [get_ports -quiet {EVENT_VALID EVENT_DATA* EVENT_LAST EVENT_CHUNK_ID* EVENT_TIMESTAMP* EVENT_SCORE* RING_MISS_COUNT* CHUNK_OVERFLOW}]
/home/work1/Works/AI-Trigger-System/HDL/constraints/ai_trigger_ooc.xdc (Line: 25)
Related violations: <none>

XDCH-2#983 Warning
Same min and max delay values on IO port  
The same output delay of 0.000 ns has been defined on port 'EVENT_DATA[173]' relative to clock CLK_ADC for both max and min. Make sure this reflects the design intent.
set_output_delay -clock [get_clocks CLK_ADC] 0.000 [get_ports -quiet {EVENT_VALID EVENT_DATA* EVENT_LAST EVENT_CHUNK_ID* EVENT_TIMESTAMP* EVENT_SCORE* RING_MISS_COUNT* CHUNK_OVERFLOW}]
/home/work1/Works/AI-Trigger-System/HDL/constraints/ai_trigger_ooc.xdc (Line: 25)
Related violations: <none>

XDCH-2#984 Warning
Same min and max delay values on IO port  
The same output delay of 0.000 ns has been defined on port 'EVENT_DATA[174]' relative to clock CLK_ADC for both max and min. Make sure this reflects the design intent.
set_output_delay -clock [get_clocks CLK_ADC] 0.000 [get_ports -quiet {EVENT_VALID EVENT_DATA* EVENT_LAST EVENT_CHUNK_ID* EVENT_TIMESTAMP* EVENT_SCORE* RING_MISS_COUNT* CHUNK_OVERFLOW}]
/home/work1/Works/AI-Trigger-System/HDL/constraints/ai_trigger_ooc.xdc (Line: 25)
Related violations: <none>

XDCH-2#985 Warning
Same min and max delay values on IO port  
The same output delay of 0.000 ns has been defined on port 'EVENT_DATA[175]' relative to clock CLK_ADC for both max and min. Make sure this reflects the design intent.
set_output_delay -clock [get_clocks CLK_ADC] 0.000 [get_ports -quiet {EVENT_VALID EVENT_DATA* EVENT_LAST EVENT_CHUNK_ID* EVENT_TIMESTAMP* EVENT_SCORE* RING_MISS_COUNT* CHUNK_OVERFLOW}]
/home/work1/Works/AI-Trigger-System/HDL/constraints/ai_trigger_ooc.xdc (Line: 25)
Related violations: <none>

XDCH-2#986 Warning
Same min and max delay values on IO port  
The same output delay of 0.000 ns has been defined on port 'EVENT_DATA[176]' relative to clock CLK_ADC for both max and min. Make sure this reflects the design intent.
set_output_delay -clock [get_clocks CLK_ADC] 0.000 [get_ports -quiet {EVENT_VALID EVENT_DATA* EVENT_LAST EVENT_CHUNK_ID* EVENT_TIMESTAMP* EVENT_SCORE* RING_MISS_COUNT* CHUNK_OVERFLOW}]
/home/work1/Works/AI-Trigger-System/HDL/constraints/ai_trigger_ooc.xdc (Line: 25)
Related violations: <none>

XDCH-2#987 Warning
Same min and max delay values on IO port  
The same output delay of 0.000 ns has been defined on port 'EVENT_DATA[177]' relative to clock CLK_ADC for both max and min. Make sure this reflects the design intent.
set_output_delay -clock [get_clocks CLK_ADC] 0.000 [get_ports -quiet {EVENT_VALID EVENT_DATA* EVENT_LAST EVENT_CHUNK_ID* EVENT_TIMESTAMP* EVENT_SCORE* RING_MISS_COUNT* CHUNK_OVERFLOW}]
/home/work1/Works/AI-Trigger-System/HDL/constraints/ai_trigger_ooc.xdc (Line: 25)
Related violations: <none>

XDCH-2#988 Warning
Same min and max delay values on IO port  
The same output delay of 0.000 ns has been defined on port 'EVENT_DATA[178]' relative to clock CLK_ADC for both max and min. Make sure this reflects the design intent.
set_output_delay -clock [get_clocks CLK_ADC] 0.000 [get_ports -quiet {EVENT_VALID EVENT_DATA* EVENT_LAST EVENT_CHUNK_ID* EVENT_TIMESTAMP* EVENT_SCORE* RING_MISS_COUNT* CHUNK_OVERFLOW}]
/home/work1/Works/AI-Trigger-System/HDL/constraints/ai_trigger_ooc.xdc (Line: 25)
Related violations: <none>

XDCH-2#989 Warning
Same min and max delay values on IO port  
The same output delay of 0.000 ns has been defined on port 'EVENT_DATA[179]' relative to clock CLK_ADC for both max and min. Make sure this reflects the design intent.
set_output_delay -clock [get_clocks CLK_ADC] 0.000 [get_ports -quiet {EVENT_VALID EVENT_DATA* EVENT_LAST EVENT_CHUNK_ID* EVENT_TIMESTAMP* EVENT_SCORE* RING_MISS_COUNT* CHUNK_OVERFLOW}]
/home/work1/Works/AI-Trigger-System/HDL/constraints/ai_trigger_ooc.xdc (Line: 25)
Related violations: <none>

XDCH-2#990 Warning
Same min and max delay values on IO port  
The same output delay of 0.000 ns has been defined on port 'EVENT_DATA[17]' relative to clock CLK_ADC for both max and min. Make sure this reflects the design intent.
set_output_delay -clock [get_clocks CLK_ADC] 0.000 [get_ports -quiet {EVENT_VALID EVENT_DATA* EVENT_LAST EVENT_CHUNK_ID* EVENT_TIMESTAMP* EVENT_SCORE* RING_MISS_COUNT* CHUNK_OVERFLOW}]
/home/work1/Works/AI-Trigger-System/HDL/constraints/ai_trigger_ooc.xdc (Line: 25)
Related violations: <none>

XDCH-2#991 Warning
Same min and max delay values on IO port  
The same output delay of 0.000 ns has been defined on port 'EVENT_DATA[180]' relative to clock CLK_ADC for both max and min. Make sure this reflects the design intent.
set_output_delay -clock [get_clocks CLK_ADC] 0.000 [get_ports -quiet {EVENT_VALID EVENT_DATA* EVENT_LAST EVENT_CHUNK_ID* EVENT_TIMESTAMP* EVENT_SCORE* RING_MISS_COUNT* CHUNK_OVERFLOW}]
/home/work1/Works/AI-Trigger-System/HDL/constraints/ai_trigger_ooc.xdc (Line: 25)
Related violations: <none>

XDCH-2#992 Warning
Same min and max delay values on IO port  
The same output delay of 0.000 ns has been defined on port 'EVENT_DATA[181]' relative to clock CLK_ADC for both max and min. Make sure this reflects the design intent.
set_output_delay -clock [get_clocks CLK_ADC] 0.000 [get_ports -quiet {EVENT_VALID EVENT_DATA* EVENT_LAST EVENT_CHUNK_ID* EVENT_TIMESTAMP* EVENT_SCORE* RING_MISS_COUNT* CHUNK_OVERFLOW}]
/home/work1/Works/AI-Trigger-System/HDL/constraints/ai_trigger_ooc.xdc (Line: 25)
Related violations: <none>

XDCH-2#993 Warning
Same min and max delay values on IO port  
The same output delay of 0.000 ns has been defined on port 'EVENT_DATA[182]' relative to clock CLK_ADC for both max and min. Make sure this reflects the design intent.
set_output_delay -clock [get_clocks CLK_ADC] 0.000 [get_ports -quiet {EVENT_VALID EVENT_DATA* EVENT_LAST EVENT_CHUNK_ID* EVENT_TIMESTAMP* EVENT_SCORE* RING_MISS_COUNT* CHUNK_OVERFLOW}]
/home/work1/Works/AI-Trigger-System/HDL/constraints/ai_trigger_ooc.xdc (Line: 25)
Related violations: <none>

XDCH-2#994 Warning
Same min and max delay values on IO port  
The same output delay of 0.000 ns has been defined on port 'EVENT_DATA[183]' relative to clock CLK_ADC for both max and min. Make sure this reflects the design intent.
set_output_delay -clock [get_clocks CLK_ADC] 0.000 [get_ports -quiet {EVENT_VALID EVENT_DATA* EVENT_LAST EVENT_CHUNK_ID* EVENT_TIMESTAMP* EVENT_SCORE* RING_MISS_COUNT* CHUNK_OVERFLOW}]
/home/work1/Works/AI-Trigger-System/HDL/constraints/ai_trigger_ooc.xdc (Line: 25)
Related violations: <none>

XDCH-2#995 Warning
Same min and max delay values on IO port  
The same output delay of 0.000 ns has been defined on port 'EVENT_DATA[184]' relative to clock CLK_ADC for both max and min. Make sure this reflects the design intent.
set_output_delay -clock [get_clocks CLK_ADC] 0.000 [get_ports -quiet {EVENT_VALID EVENT_DATA* EVENT_LAST EVENT_CHUNK_ID* EVENT_TIMESTAMP* EVENT_SCORE* RING_MISS_COUNT* CHUNK_OVERFLOW}]
/home/work1/Works/AI-Trigger-System/HDL/constraints/ai_trigger_ooc.xdc (Line: 25)
Related violations: <none>

XDCH-2#996 Warning
Same min and max delay values on IO port  
The same output delay of 0.000 ns has been defined on port 'EVENT_DATA[185]' relative to clock CLK_ADC for both max and min. Make sure this reflects the design intent.
set_output_delay -clock [get_clocks CLK_ADC] 0.000 [get_ports -quiet {EVENT_VALID EVENT_DATA* EVENT_LAST EVENT_CHUNK_ID* EVENT_TIMESTAMP* EVENT_SCORE* RING_MISS_COUNT* CHUNK_OVERFLOW}]
/home/work1/Works/AI-Trigger-System/HDL/constraints/ai_trigger_ooc.xdc (Line: 25)
Related violations: <none>

XDCH-2#997 Warning
Same min and max delay values on IO port  
The same output delay of 0.000 ns has been defined on port 'EVENT_DATA[186]' relative to clock CLK_ADC for both max and min. Make sure this reflects the design intent.
set_output_delay -clock [get_clocks CLK_ADC] 0.000 [get_ports -quiet {EVENT_VALID EVENT_DATA* EVENT_LAST EVENT_CHUNK_ID* EVENT_TIMESTAMP* EVENT_SCORE* RING_MISS_COUNT* CHUNK_OVERFLOW}]
/home/work1/Works/AI-Trigger-System/HDL/constraints/ai_trigger_ooc.xdc (Line: 25)
Related violations: <none>

XDCH-2#998 Warning
Same min and max delay values on IO port  
The same output delay of 0.000 ns has been defined on port 'EVENT_DATA[187]' relative to clock CLK_ADC for both max and min. Make sure this reflects the design intent.
set_output_delay -clock [get_clocks CLK_ADC] 0.000 [get_ports -quiet {EVENT_VALID EVENT_DATA* EVENT_LAST EVENT_CHUNK_ID* EVENT_TIMESTAMP* EVENT_SCORE* RING_MISS_COUNT* CHUNK_OVERFLOW}]
/home/work1/Works/AI-Trigger-System/HDL/constraints/ai_trigger_ooc.xdc (Line: 25)
Related violations: <none>

XDCH-2#999 Warning
Same min and max delay values on IO port  
The same output delay of 0.000 ns has been defined on port 'EVENT_DATA[188]' relative to clock CLK_ADC for both max and min. Make sure this reflects the design intent.
set_output_delay -clock [get_clocks CLK_ADC] 0.000 [get_ports -quiet {EVENT_VALID EVENT_DATA* EVENT_LAST EVENT_CHUNK_ID* EVENT_TIMESTAMP* EVENT_SCORE* RING_MISS_COUNT* CHUNK_OVERFLOW}]
/home/work1/Works/AI-Trigger-System/HDL/constraints/ai_trigger_ooc.xdc (Line: 25)
Related violations: <none>

XDCH-2#1000 Warning
Same min and max delay values on IO port  
The same output delay of 0.000 ns has been defined on port 'EVENT_DATA[189]' relative to clock CLK_ADC for both max and min. Make sure this reflects the design intent.
set_output_delay -clock [get_clocks CLK_ADC] 0.000 [get_ports -quiet {EVENT_VALID EVENT_DATA* EVENT_LAST EVENT_CHUNK_ID* EVENT_TIMESTAMP* EVENT_SCORE* RING_MISS_COUNT* CHUNK_OVERFLOW}]
/home/work1/Works/AI-Trigger-System/HDL/constraints/ai_trigger_ooc.xdc (Line: 25)
Related violations: <none>

XDCH-2#1001 Warning
Same min and max delay values on IO port  
The same output delay of 0.000 ns has been defined on port 'EVENT_DATA[18]' relative to clock CLK_ADC for both max and min. Make sure this reflects the design intent.
set_output_delay -clock [get_clocks CLK_ADC] 0.000 [get_ports -quiet {EVENT_VALID EVENT_DATA* EVENT_LAST EVENT_CHUNK_ID* EVENT_TIMESTAMP* EVENT_SCORE* RING_MISS_COUNT* CHUNK_OVERFLOW}]
/home/work1/Works/AI-Trigger-System/HDL/constraints/ai_trigger_ooc.xdc (Line: 25)
Related violations: <none>

XDCH-2#1002 Warning
Same min and max delay values on IO port  
The same output delay of 0.000 ns has been defined on port 'EVENT_DATA[190]' relative to clock CLK_ADC for both max and min. Make sure this reflects the design intent.
set_output_delay -clock [get_clocks CLK_ADC] 0.000 [get_ports -quiet {EVENT_VALID EVENT_DATA* EVENT_LAST EVENT_CHUNK_ID* EVENT_TIMESTAMP* EVENT_SCORE* RING_MISS_COUNT* CHUNK_OVERFLOW}]
/home/work1/Works/AI-Trigger-System/HDL/constraints/ai_trigger_ooc.xdc (Line: 25)
Related violations: <none>

XDCH-2#1003 Warning
Same min and max delay values on IO port  
The same output delay of 0.000 ns has been defined on port 'EVENT_DATA[191]' relative to clock CLK_ADC for both max and min. Make sure this reflects the design intent.
set_output_delay -clock [get_clocks CLK_ADC] 0.000 [get_ports -quiet {EVENT_VALID EVENT_DATA* EVENT_LAST EVENT_CHUNK_ID* EVENT_TIMESTAMP* EVENT_SCORE* RING_MISS_COUNT* CHUNK_OVERFLOW}]
/home/work1/Works/AI-Trigger-System/HDL/constraints/ai_trigger_ooc.xdc (Line: 25)
Related violations: <none>

XDCH-2#1004 Warning
Same min and max delay values on IO port  
The same output delay of 0.000 ns has been defined on port 'EVENT_DATA[192]' relative to clock CLK_ADC for both max and min. Make sure this reflects the design intent.
set_output_delay -clock [get_clocks CLK_ADC] 0.000 [get_ports -quiet {EVENT_VALID EVENT_DATA* EVENT_LAST EVENT_CHUNK_ID* EVENT_TIMESTAMP* EVENT_SCORE* RING_MISS_COUNT* CHUNK_OVERFLOW}]
/home/work1/Works/AI-Trigger-System/HDL/constraints/ai_trigger_ooc.xdc (Line: 25)
Related violations: <none>

XDCH-2#1005 Warning
Same min and max delay values on IO port  
The same output delay of 0.000 ns has been defined on port 'EVENT_DATA[193]' relative to clock CLK_ADC for both max and min. Make sure this reflects the design intent.
set_output_delay -clock [get_clocks CLK_ADC] 0.000 [get_ports -quiet {EVENT_VALID EVENT_DATA* EVENT_LAST EVENT_CHUNK_ID* EVENT_TIMESTAMP* EVENT_SCORE* RING_MISS_COUNT* CHUNK_OVERFLOW}]
/home/work1/Works/AI-Trigger-System/HDL/constraints/ai_trigger_ooc.xdc (Line: 25)
Related violations: <none>

XDCH-2#1006 Warning
Same min and max delay values on IO port  
The same output delay of 0.000 ns has been defined on port 'EVENT_DATA[194]' relative to clock CLK_ADC for both max and min. Make sure this reflects the design intent.
set_output_delay -clock [get_clocks CLK_ADC] 0.000 [get_ports -quiet {EVENT_VALID EVENT_DATA* EVENT_LAST EVENT_CHUNK_ID* EVENT_TIMESTAMP* EVENT_SCORE* RING_MISS_COUNT* CHUNK_OVERFLOW}]
/home/work1/Works/AI-Trigger-System/HDL/constraints/ai_trigger_ooc.xdc (Line: 25)
Related violations: <none>

XDCH-2#1007 Warning
Same min and max delay values on IO port  
The same output delay of 0.000 ns has been defined on port 'EVENT_DATA[195]' relative to clock CLK_ADC for both max and min. Make sure this reflects the design intent.
set_output_delay -clock [get_clocks CLK_ADC] 0.000 [get_ports -quiet {EVENT_VALID EVENT_DATA* EVENT_LAST EVENT_CHUNK_ID* EVENT_TIMESTAMP* EVENT_SCORE* RING_MISS_COUNT* CHUNK_OVERFLOW}]
/home/work1/Works/AI-Trigger-System/HDL/constraints/ai_trigger_ooc.xdc (Line: 25)
Related violations: <none>

XDCH-2#1008 Warning
Same min and max delay values on IO port  
The same output delay of 0.000 ns has been defined on port 'EVENT_DATA[196]' relative to clock CLK_ADC for both max and min. Make sure this reflects the design intent.
set_output_delay -clock [get_clocks CLK_ADC] 0.000 [get_ports -quiet {EVENT_VALID EVENT_DATA* EVENT_LAST EVENT_CHUNK_ID* EVENT_TIMESTAMP* EVENT_SCORE* RING_MISS_COUNT* CHUNK_OVERFLOW}]
/home/work1/Works/AI-Trigger-System/HDL/constraints/ai_trigger_ooc.xdc (Line: 25)
Related violations: <none>

XDCH-2#1009 Warning
Same min and max delay values on IO port  
The same output delay of 0.000 ns has been defined on port 'EVENT_DATA[197]' relative to clock CLK_ADC for both max and min. Make sure this reflects the design intent.
set_output_delay -clock [get_clocks CLK_ADC] 0.000 [get_ports -quiet {EVENT_VALID EVENT_DATA* EVENT_LAST EVENT_CHUNK_ID* EVENT_TIMESTAMP* EVENT_SCORE* RING_MISS_COUNT* CHUNK_OVERFLOW}]
/home/work1/Works/AI-Trigger-System/HDL/constraints/ai_trigger_ooc.xdc (Line: 25)
Related violations: <none>

XDCH-2#1010 Warning
Same min and max delay values on IO port  
The same output delay of 0.000 ns has been defined on port 'EVENT_DATA[198]' relative to clock CLK_ADC for both max and min. Make sure this reflects the design intent.
set_output_delay -clock [get_clocks CLK_ADC] 0.000 [get_ports -quiet {EVENT_VALID EVENT_DATA* EVENT_LAST EVENT_CHUNK_ID* EVENT_TIMESTAMP* EVENT_SCORE* RING_MISS_COUNT* CHUNK_OVERFLOW}]
/home/work1/Works/AI-Trigger-System/HDL/constraints/ai_trigger_ooc.xdc (Line: 25)
Related violations: <none>

XDCH-2#1011 Warning
Same min and max delay values on IO port  
The same output delay of 0.000 ns has been defined on port 'EVENT_DATA[199]' relative to clock CLK_ADC for both max and min. Make sure this reflects the design intent.
set_output_delay -clock [get_clocks CLK_ADC] 0.000 [get_ports -quiet {EVENT_VALID EVENT_DATA* EVENT_LAST EVENT_CHUNK_ID* EVENT_TIMESTAMP* EVENT_SCORE* RING_MISS_COUNT* CHUNK_OVERFLOW}]
/home/work1/Works/AI-Trigger-System/HDL/constraints/ai_trigger_ooc.xdc (Line: 25)
Related violations: <none>

XDCH-2#1012 Warning
Same min and max delay values on IO port  
The same output delay of 0.000 ns has been defined on port 'EVENT_DATA[19]' relative to clock CLK_ADC for both max and min. Make sure this reflects the design intent.
set_output_delay -clock [get_clocks CLK_ADC] 0.000 [get_ports -quiet {EVENT_VALID EVENT_DATA* EVENT_LAST EVENT_CHUNK_ID* EVENT_TIMESTAMP* EVENT_SCORE* RING_MISS_COUNT* CHUNK_OVERFLOW}]
/home/work1/Works/AI-Trigger-System/HDL/constraints/ai_trigger_ooc.xdc (Line: 25)
Related violations: <none>

XDCH-2#1013 Warning
Same min and max delay values on IO port  
The same output delay of 0.000 ns has been defined on port 'EVENT_DATA[1]' relative to clock CLK_ADC for both max and min. Make sure this reflects the design intent.
set_output_delay -clock [get_clocks CLK_ADC] 0.000 [get_ports -quiet {EVENT_VALID EVENT_DATA* EVENT_LAST EVENT_CHUNK_ID* EVENT_TIMESTAMP* EVENT_SCORE* RING_MISS_COUNT* CHUNK_OVERFLOW}]
/home/work1/Works/AI-Trigger-System/HDL/constraints/ai_trigger_ooc.xdc (Line: 25)
Related violations: <none>

XDCH-2#1014 Warning
Same min and max delay values on IO port  
The same output delay of 0.000 ns has been defined on port 'EVENT_DATA[200]' relative to clock CLK_ADC for both max and min. Make sure this reflects the design intent.
set_output_delay -clock [get_clocks CLK_ADC] 0.000 [get_ports -quiet {EVENT_VALID EVENT_DATA* EVENT_LAST EVENT_CHUNK_ID* EVENT_TIMESTAMP* EVENT_SCORE* RING_MISS_COUNT* CHUNK_OVERFLOW}]
/home/work1/Works/AI-Trigger-System/HDL/constraints/ai_trigger_ooc.xdc (Line: 25)
Related violations: <none>

XDCH-2#1015 Warning
Same min and max delay values on IO port  
The same output delay of 0.000 ns has been defined on port 'EVENT_DATA[201]' relative to clock CLK_ADC for both max and min. Make sure this reflects the design intent.
set_output_delay -clock [get_clocks CLK_ADC] 0.000 [get_ports -quiet {EVENT_VALID EVENT_DATA* EVENT_LAST EVENT_CHUNK_ID* EVENT_TIMESTAMP* EVENT_SCORE* RING_MISS_COUNT* CHUNK_OVERFLOW}]
/home/work1/Works/AI-Trigger-System/HDL/constraints/ai_trigger_ooc.xdc (Line: 25)
Related violations: <none>

XDCH-2#1016 Warning
Same min and max delay values on IO port  
The same output delay of 0.000 ns has been defined on port 'EVENT_DATA[202]' relative to clock CLK_ADC for both max and min. Make sure this reflects the design intent.
set_output_delay -clock [get_clocks CLK_ADC] 0.000 [get_ports -quiet {EVENT_VALID EVENT_DATA* EVENT_LAST EVENT_CHUNK_ID* EVENT_TIMESTAMP* EVENT_SCORE* RING_MISS_COUNT* CHUNK_OVERFLOW}]
/home/work1/Works/AI-Trigger-System/HDL/constraints/ai_trigger_ooc.xdc (Line: 25)
Related violations: <none>

XDCH-2#1017 Warning
Same min and max delay values on IO port  
The same output delay of 0.000 ns has been defined on port 'EVENT_DATA[203]' relative to clock CLK_ADC for both max and min. Make sure this reflects the design intent.
set_output_delay -clock [get_clocks CLK_ADC] 0.000 [get_ports -quiet {EVENT_VALID EVENT_DATA* EVENT_LAST EVENT_CHUNK_ID* EVENT_TIMESTAMP* EVENT_SCORE* RING_MISS_COUNT* CHUNK_OVERFLOW}]
/home/work1/Works/AI-Trigger-System/HDL/constraints/ai_trigger_ooc.xdc (Line: 25)
Related violations: <none>

XDCH-2#1018 Warning
Same min and max delay values on IO port  
The same output delay of 0.000 ns has been defined on port 'EVENT_DATA[204]' relative to clock CLK_ADC for both max and min. Make sure this reflects the design intent.
set_output_delay -clock [get_clocks CLK_ADC] 0.000 [get_ports -quiet {EVENT_VALID EVENT_DATA* EVENT_LAST EVENT_CHUNK_ID* EVENT_TIMESTAMP* EVENT_SCORE* RING_MISS_COUNT* CHUNK_OVERFLOW}]
/home/work1/Works/AI-Trigger-System/HDL/constraints/ai_trigger_ooc.xdc (Line: 25)
Related violations: <none>

XDCH-2#1019 Warning
Same min and max delay values on IO port  
The same output delay of 0.000 ns has been defined on port 'EVENT_DATA[205]' relative to clock CLK_ADC for both max and min. Make sure this reflects the design intent.
set_output_delay -clock [get_clocks CLK_ADC] 0.000 [get_ports -quiet {EVENT_VALID EVENT_DATA* EVENT_LAST EVENT_CHUNK_ID* EVENT_TIMESTAMP* EVENT_SCORE* RING_MISS_COUNT* CHUNK_OVERFLOW}]
/home/work1/Works/AI-Trigger-System/HDL/constraints/ai_trigger_ooc.xdc (Line: 25)
Related violations: <none>

XDCH-2#1020 Warning
Same min and max delay values on IO port  
The same output delay of 0.000 ns has been defined on port 'EVENT_DATA[206]' relative to clock CLK_ADC for both max and min. Make sure this reflects the design intent.
set_output_delay -clock [get_clocks CLK_ADC] 0.000 [get_ports -quiet {EVENT_VALID EVENT_DATA* EVENT_LAST EVENT_CHUNK_ID* EVENT_TIMESTAMP* EVENT_SCORE* RING_MISS_COUNT* CHUNK_OVERFLOW}]
/home/work1/Works/AI-Trigger-System/HDL/constraints/ai_trigger_ooc.xdc (Line: 25)
Related violations: <none>

XDCH-2#1021 Warning
Same min and max delay values on IO port  
The same output delay of 0.000 ns has been defined on port 'EVENT_DATA[207]' relative to clock CLK_ADC for both max and min. Make sure this reflects the design intent.
set_output_delay -clock [get_clocks CLK_ADC] 0.000 [get_ports -quiet {EVENT_VALID EVENT_DATA* EVENT_LAST EVENT_CHUNK_ID* EVENT_TIMESTAMP* EVENT_SCORE* RING_MISS_COUNT* CHUNK_OVERFLOW}]
/home/work1/Works/AI-Trigger-System/HDL/constraints/ai_trigger_ooc.xdc (Line: 25)
Related violations: <none>

XDCH-2#1022 Warning
Same min and max delay values on IO port  
The same output delay of 0.000 ns has been defined on port 'EVENT_DATA[208]' relative to clock CLK_ADC for both max and min. Make sure this reflects the design intent.
set_output_delay -clock [get_clocks CLK_ADC] 0.000 [get_ports -quiet {EVENT_VALID EVENT_DATA* EVENT_LAST EVENT_CHUNK_ID* EVENT_TIMESTAMP* EVENT_SCORE* RING_MISS_COUNT* CHUNK_OVERFLOW}]
/home/work1/Works/AI-Trigger-System/HDL/constraints/ai_trigger_ooc.xdc (Line: 25)
Related violations: <none>

XDCH-2#1023 Warning
Same min and max delay values on IO port  
The same output delay of 0.000 ns has been defined on port 'EVENT_DATA[209]' relative to clock CLK_ADC for both max and min. Make sure this reflects the design intent.
set_output_delay -clock [get_clocks CLK_ADC] 0.000 [get_ports -quiet {EVENT_VALID EVENT_DATA* EVENT_LAST EVENT_CHUNK_ID* EVENT_TIMESTAMP* EVENT_SCORE* RING_MISS_COUNT* CHUNK_OVERFLOW}]
/home/work1/Works/AI-Trigger-System/HDL/constraints/ai_trigger_ooc.xdc (Line: 25)
Related violations: <none>

XDCH-2#1024 Warning
Same min and max delay values on IO port  
The same output delay of 0.000 ns has been defined on port 'EVENT_DATA[20]' relative to clock CLK_ADC for both max and min. Make sure this reflects the design intent.
set_output_delay -clock [get_clocks CLK_ADC] 0.000 [get_ports -quiet {EVENT_VALID EVENT_DATA* EVENT_LAST EVENT_CHUNK_ID* EVENT_TIMESTAMP* EVENT_SCORE* RING_MISS_COUNT* CHUNK_OVERFLOW}]
/home/work1/Works/AI-Trigger-System/HDL/constraints/ai_trigger_ooc.xdc (Line: 25)
Related violations: <none>

XDCH-2#1025 Warning
Same min and max delay values on IO port  
The same output delay of 0.000 ns has been defined on port 'EVENT_DATA[210]' relative to clock CLK_ADC for both max and min. Make sure this reflects the design intent.
set_output_delay -clock [get_clocks CLK_ADC] 0.000 [get_ports -quiet {EVENT_VALID EVENT_DATA* EVENT_LAST EVENT_CHUNK_ID* EVENT_TIMESTAMP* EVENT_SCORE* RING_MISS_COUNT* CHUNK_OVERFLOW}]
/home/work1/Works/AI-Trigger-System/HDL/constraints/ai_trigger_ooc.xdc (Line: 25)
Related violations: <none>

XDCH-2#1026 Warning
Same min and max delay values on IO port  
The same output delay of 0.000 ns has been defined on port 'EVENT_DATA[211]' relative to clock CLK_ADC for both max and min. Make sure this reflects the design intent.
set_output_delay -clock [get_clocks CLK_ADC] 0.000 [get_ports -quiet {EVENT_VALID EVENT_DATA* EVENT_LAST EVENT_CHUNK_ID* EVENT_TIMESTAMP* EVENT_SCORE* RING_MISS_COUNT* CHUNK_OVERFLOW}]
/home/work1/Works/AI-Trigger-System/HDL/constraints/ai_trigger_ooc.xdc (Line: 25)
Related violations: <none>

XDCH-2#1027 Warning
Same min and max delay values on IO port  
The same output delay of 0.000 ns has been defined on port 'EVENT_DATA[212]' relative to clock CLK_ADC for both max and min. Make sure this reflects the design intent.
set_output_delay -clock [get_clocks CLK_ADC] 0.000 [get_ports -quiet {EVENT_VALID EVENT_DATA* EVENT_LAST EVENT_CHUNK_ID* EVENT_TIMESTAMP* EVENT_SCORE* RING_MISS_COUNT* CHUNK_OVERFLOW}]
/home/work1/Works/AI-Trigger-System/HDL/constraints/ai_trigger_ooc.xdc (Line: 25)
Related violations: <none>

XDCH-2#1028 Warning
Same min and max delay values on IO port  
The same output delay of 0.000 ns has been defined on port 'EVENT_DATA[213]' relative to clock CLK_ADC for both max and min. Make sure this reflects the design intent.
set_output_delay -clock [get_clocks CLK_ADC] 0.000 [get_ports -quiet {EVENT_VALID EVENT_DATA* EVENT_LAST EVENT_CHUNK_ID* EVENT_TIMESTAMP* EVENT_SCORE* RING_MISS_COUNT* CHUNK_OVERFLOW}]
/home/work1/Works/AI-Trigger-System/HDL/constraints/ai_trigger_ooc.xdc (Line: 25)
Related violations: <none>

XDCH-2#1029 Warning
Same min and max delay values on IO port  
The same output delay of 0.000 ns has been defined on port 'EVENT_DATA[214]' relative to clock CLK_ADC for both max and min. Make sure this reflects the design intent.
set_output_delay -clock [get_clocks CLK_ADC] 0.000 [get_ports -quiet {EVENT_VALID EVENT_DATA* EVENT_LAST EVENT_CHUNK_ID* EVENT_TIMESTAMP* EVENT_SCORE* RING_MISS_COUNT* CHUNK_OVERFLOW}]
/home/work1/Works/AI-Trigger-System/HDL/constraints/ai_trigger_ooc.xdc (Line: 25)
Related violations: <none>

XDCH-2#1030 Warning
Same min and max delay values on IO port  
The same output delay of 0.000 ns has been defined on port 'EVENT_DATA[215]' relative to clock CLK_ADC for both max and min. Make sure this reflects the design intent.
set_output_delay -clock [get_clocks CLK_ADC] 0.000 [get_ports -quiet {EVENT_VALID EVENT_DATA* EVENT_LAST EVENT_CHUNK_ID* EVENT_TIMESTAMP* EVENT_SCORE* RING_MISS_COUNT* CHUNK_OVERFLOW}]
/home/work1/Works/AI-Trigger-System/HDL/constraints/ai_trigger_ooc.xdc (Line: 25)
Related violations: <none>

XDCH-2#1031 Warning
Same min and max delay values on IO port  
The same output delay of 0.000 ns has been defined on port 'EVENT_DATA[216]' relative to clock CLK_ADC for both max and min. Make sure this reflects the design intent.
set_output_delay -clock [get_clocks CLK_ADC] 0.000 [get_ports -quiet {EVENT_VALID EVENT_DATA* EVENT_LAST EVENT_CHUNK_ID* EVENT_TIMESTAMP* EVENT_SCORE* RING_MISS_COUNT* CHUNK_OVERFLOW}]
/home/work1/Works/AI-Trigger-System/HDL/constraints/ai_trigger_ooc.xdc (Line: 25)
Related violations: <none>

XDCH-2#1032 Warning
Same min and max delay values on IO port  
The same output delay of 0.000 ns has been defined on port 'EVENT_DATA[217]' relative to clock CLK_ADC for both max and min. Make sure this reflects the design intent.
set_output_delay -clock [get_clocks CLK_ADC] 0.000 [get_ports -quiet {EVENT_VALID EVENT_DATA* EVENT_LAST EVENT_CHUNK_ID* EVENT_TIMESTAMP* EVENT_SCORE* RING_MISS_COUNT* CHUNK_OVERFLOW}]
/home/work1/Works/AI-Trigger-System/HDL/constraints/ai_trigger_ooc.xdc (Line: 25)
Related violations: <none>

XDCH-2#1033 Warning
Same min and max delay values on IO port  
The same output delay of 0.000 ns has been defined on port 'EVENT_DATA[218]' relative to clock CLK_ADC for both max and min. Make sure this reflects the design intent.
set_output_delay -clock [get_clocks CLK_ADC] 0.000 [get_ports -quiet {EVENT_VALID EVENT_DATA* EVENT_LAST EVENT_CHUNK_ID* EVENT_TIMESTAMP* EVENT_SCORE* RING_MISS_COUNT* CHUNK_OVERFLOW}]
/home/work1/Works/AI-Trigger-System/HDL/constraints/ai_trigger_ooc.xdc (Line: 25)
Related violations: <none>

XDCH-2#1034 Warning
Same min and max delay values on IO port  
The same output delay of 0.000 ns has been defined on port 'EVENT_DATA[219]' relative to clock CLK_ADC for both max and min. Make sure this reflects the design intent.
set_output_delay -clock [get_clocks CLK_ADC] 0.000 [get_ports -quiet {EVENT_VALID EVENT_DATA* EVENT_LAST EVENT_CHUNK_ID* EVENT_TIMESTAMP* EVENT_SCORE* RING_MISS_COUNT* CHUNK_OVERFLOW}]
/home/work1/Works/AI-Trigger-System/HDL/constraints/ai_trigger_ooc.xdc (Line: 25)
Related violations: <none>

XDCH-2#1035 Warning
Same min and max delay values on IO port  
The same output delay of 0.000 ns has been defined on port 'EVENT_DATA[21]' relative to clock CLK_ADC for both max and min. Make sure this reflects the design intent.
set_output_delay -clock [get_clocks CLK_ADC] 0.000 [get_ports -quiet {EVENT_VALID EVENT_DATA* EVENT_LAST EVENT_CHUNK_ID* EVENT_TIMESTAMP* EVENT_SCORE* RING_MISS_COUNT* CHUNK_OVERFLOW}]
/home/work1/Works/AI-Trigger-System/HDL/constraints/ai_trigger_ooc.xdc (Line: 25)
Related violations: <none>

XDCH-2#1036 Warning
Same min and max delay values on IO port  
The same output delay of 0.000 ns has been defined on port 'EVENT_DATA[220]' relative to clock CLK_ADC for both max and min. Make sure this reflects the design intent.
set_output_delay -clock [get_clocks CLK_ADC] 0.000 [get_ports -quiet {EVENT_VALID EVENT_DATA* EVENT_LAST EVENT_CHUNK_ID* EVENT_TIMESTAMP* EVENT_SCORE* RING_MISS_COUNT* CHUNK_OVERFLOW}]
/home/work1/Works/AI-Trigger-System/HDL/constraints/ai_trigger_ooc.xdc (Line: 25)
Related violations: <none>

XDCH-2#1037 Warning
Same min and max delay values on IO port  
The same output delay of 0.000 ns has been defined on port 'EVENT_DATA[221]' relative to clock CLK_ADC for both max and min. Make sure this reflects the design intent.
set_output_delay -clock [get_clocks CLK_ADC] 0.000 [get_ports -quiet {EVENT_VALID EVENT_DATA* EVENT_LAST EVENT_CHUNK_ID* EVENT_TIMESTAMP* EVENT_SCORE* RING_MISS_COUNT* CHUNK_OVERFLOW}]
/home/work1/Works/AI-Trigger-System/HDL/constraints/ai_trigger_ooc.xdc (Line: 25)
Related violations: <none>

XDCH-2#1038 Warning
Same min and max delay values on IO port  
The same output delay of 0.000 ns has been defined on port 'EVENT_DATA[222]' relative to clock CLK_ADC for both max and min. Make sure this reflects the design intent.
set_output_delay -clock [get_clocks CLK_ADC] 0.000 [get_ports -quiet {EVENT_VALID EVENT_DATA* EVENT_LAST EVENT_CHUNK_ID* EVENT_TIMESTAMP* EVENT_SCORE* RING_MISS_COUNT* CHUNK_OVERFLOW}]
/home/work1/Works/AI-Trigger-System/HDL/constraints/ai_trigger_ooc.xdc (Line: 25)
Related violations: <none>

XDCH-2#1039 Warning
Same min and max delay values on IO port  
The same output delay of 0.000 ns has been defined on port 'EVENT_DATA[223]' relative to clock CLK_ADC for both max and min. Make sure this reflects the design intent.
set_output_delay -clock [get_clocks CLK_ADC] 0.000 [get_ports -quiet {EVENT_VALID EVENT_DATA* EVENT_LAST EVENT_CHUNK_ID* EVENT_TIMESTAMP* EVENT_SCORE* RING_MISS_COUNT* CHUNK_OVERFLOW}]
/home/work1/Works/AI-Trigger-System/HDL/constraints/ai_trigger_ooc.xdc (Line: 25)
Related violations: <none>

XDCH-2#1040 Warning
Same min and max delay values on IO port  
The same output delay of 0.000 ns has been defined on port 'EVENT_DATA[224]' relative to clock CLK_ADC for both max and min. Make sure this reflects the design intent.
set_output_delay -clock [get_clocks CLK_ADC] 0.000 [get_ports -quiet {EVENT_VALID EVENT_DATA* EVENT_LAST EVENT_CHUNK_ID* EVENT_TIMESTAMP* EVENT_SCORE* RING_MISS_COUNT* CHUNK_OVERFLOW}]
/home/work1/Works/AI-Trigger-System/HDL/constraints/ai_trigger_ooc.xdc (Line: 25)
Related violations: <none>

XDCH-2#1041 Warning
Same min and max delay values on IO port  
The same output delay of 0.000 ns has been defined on port 'EVENT_DATA[225]' relative to clock CLK_ADC for both max and min. Make sure this reflects the design intent.
set_output_delay -clock [get_clocks CLK_ADC] 0.000 [get_ports -quiet {EVENT_VALID EVENT_DATA* EVENT_LAST EVENT_CHUNK_ID* EVENT_TIMESTAMP* EVENT_SCORE* RING_MISS_COUNT* CHUNK_OVERFLOW}]
/home/work1/Works/AI-Trigger-System/HDL/constraints/ai_trigger_ooc.xdc (Line: 25)
Related violations: <none>

XDCH-2#1042 Warning
Same min and max delay values on IO port  
The same output delay of 0.000 ns has been defined on port 'EVENT_DATA[226]' relative to clock CLK_ADC for both max and min. Make sure this reflects the design intent.
set_output_delay -clock [get_clocks CLK_ADC] 0.000 [get_ports -quiet {EVENT_VALID EVENT_DATA* EVENT_LAST EVENT_CHUNK_ID* EVENT_TIMESTAMP* EVENT_SCORE* RING_MISS_COUNT* CHUNK_OVERFLOW}]
/home/work1/Works/AI-Trigger-System/HDL/constraints/ai_trigger_ooc.xdc (Line: 25)
Related violations: <none>

XDCH-2#1043 Warning
Same min and max delay values on IO port  
The same output delay of 0.000 ns has been defined on port 'EVENT_DATA[227]' relative to clock CLK_ADC for both max and min. Make sure this reflects the design intent.
set_output_delay -clock [get_clocks CLK_ADC] 0.000 [get_ports -quiet {EVENT_VALID EVENT_DATA* EVENT_LAST EVENT_CHUNK_ID* EVENT_TIMESTAMP* EVENT_SCORE* RING_MISS_COUNT* CHUNK_OVERFLOW}]
/home/work1/Works/AI-Trigger-System/HDL/constraints/ai_trigger_ooc.xdc (Line: 25)
Related violations: <none>

XDCH-2#1044 Warning
Same min and max delay values on IO port  
The same output delay of 0.000 ns has been defined on port 'EVENT_DATA[228]' relative to clock CLK_ADC for both max and min. Make sure this reflects the design intent.
set_output_delay -clock [get_clocks CLK_ADC] 0.000 [get_ports -quiet {EVENT_VALID EVENT_DATA* EVENT_LAST EVENT_CHUNK_ID* EVENT_TIMESTAMP* EVENT_SCORE* RING_MISS_COUNT* CHUNK_OVERFLOW}]
/home/work1/Works/AI-Trigger-System/HDL/constraints/ai_trigger_ooc.xdc (Line: 25)
Related violations: <none>

XDCH-2#1045 Warning
Same min and max delay values on IO port  
The same output delay of 0.000 ns has been defined on port 'EVENT_DATA[229]' relative to clock CLK_ADC for both max and min. Make sure this reflects the design intent.
set_output_delay -clock [get_clocks CLK_ADC] 0.000 [get_ports -quiet {EVENT_VALID EVENT_DATA* EVENT_LAST EVENT_CHUNK_ID* EVENT_TIMESTAMP* EVENT_SCORE* RING_MISS_COUNT* CHUNK_OVERFLOW}]
/home/work1/Works/AI-Trigger-System/HDL/constraints/ai_trigger_ooc.xdc (Line: 25)
Related violations: <none>

XDCH-2#1046 Warning
Same min and max delay values on IO port  
The same output delay of 0.000 ns has been defined on port 'EVENT_DATA[22]' relative to clock CLK_ADC for both max and min. Make sure this reflects the design intent.
set_output_delay -clock [get_clocks CLK_ADC] 0.000 [get_ports -quiet {EVENT_VALID EVENT_DATA* EVENT_LAST EVENT_CHUNK_ID* EVENT_TIMESTAMP* EVENT_SCORE* RING_MISS_COUNT* CHUNK_OVERFLOW}]
/home/work1/Works/AI-Trigger-System/HDL/constraints/ai_trigger_ooc.xdc (Line: 25)
Related violations: <none>

XDCH-2#1047 Warning
Same min and max delay values on IO port  
The same output delay of 0.000 ns has been defined on port 'EVENT_DATA[230]' relative to clock CLK_ADC for both max and min. Make sure this reflects the design intent.
set_output_delay -clock [get_clocks CLK_ADC] 0.000 [get_ports -quiet {EVENT_VALID EVENT_DATA* EVENT_LAST EVENT_CHUNK_ID* EVENT_TIMESTAMP* EVENT_SCORE* RING_MISS_COUNT* CHUNK_OVERFLOW}]
/home/work1/Works/AI-Trigger-System/HDL/constraints/ai_trigger_ooc.xdc (Line: 25)
Related violations: <none>

XDCH-2#1048 Warning
Same min and max delay values on IO port  
The same output delay of 0.000 ns has been defined on port 'EVENT_DATA[231]' relative to clock CLK_ADC for both max and min. Make sure this reflects the design intent.
set_output_delay -clock [get_clocks CLK_ADC] 0.000 [get_ports -quiet {EVENT_VALID EVENT_DATA* EVENT_LAST EVENT_CHUNK_ID* EVENT_TIMESTAMP* EVENT_SCORE* RING_MISS_COUNT* CHUNK_OVERFLOW}]
/home/work1/Works/AI-Trigger-System/HDL/constraints/ai_trigger_ooc.xdc (Line: 25)
Related violations: <none>

XDCH-2#1049 Warning
Same min and max delay values on IO port  
The same output delay of 0.000 ns has been defined on port 'EVENT_DATA[232]' relative to clock CLK_ADC for both max and min. Make sure this reflects the design intent.
set_output_delay -clock [get_clocks CLK_ADC] 0.000 [get_ports -quiet {EVENT_VALID EVENT_DATA* EVENT_LAST EVENT_CHUNK_ID* EVENT_TIMESTAMP* EVENT_SCORE* RING_MISS_COUNT* CHUNK_OVERFLOW}]
/home/work1/Works/AI-Trigger-System/HDL/constraints/ai_trigger_ooc.xdc (Line: 25)
Related violations: <none>

XDCH-2#1050 Warning
Same min and max delay values on IO port  
The same output delay of 0.000 ns has been defined on port 'EVENT_DATA[233]' relative to clock CLK_ADC for both max and min. Make sure this reflects the design intent.
set_output_delay -clock [get_clocks CLK_ADC] 0.000 [get_ports -quiet {EVENT_VALID EVENT_DATA* EVENT_LAST EVENT_CHUNK_ID* EVENT_TIMESTAMP* EVENT_SCORE* RING_MISS_COUNT* CHUNK_OVERFLOW}]
/home/work1/Works/AI-Trigger-System/HDL/constraints/ai_trigger_ooc.xdc (Line: 25)
Related violations: <none>

XDCH-2#1051 Warning
Same min and max delay values on IO port  
The same output delay of 0.000 ns has been defined on port 'EVENT_DATA[234]' relative to clock CLK_ADC for both max and min. Make sure this reflects the design intent.
set_output_delay -clock [get_clocks CLK_ADC] 0.000 [get_ports -quiet {EVENT_VALID EVENT_DATA* EVENT_LAST EVENT_CHUNK_ID* EVENT_TIMESTAMP* EVENT_SCORE* RING_MISS_COUNT* CHUNK_OVERFLOW}]
/home/work1/Works/AI-Trigger-System/HDL/constraints/ai_trigger_ooc.xdc (Line: 25)
Related violations: <none>

XDCH-2#1052 Warning
Same min and max delay values on IO port  
The same output delay of 0.000 ns has been defined on port 'EVENT_DATA[235]' relative to clock CLK_ADC for both max and min. Make sure this reflects the design intent.
set_output_delay -clock [get_clocks CLK_ADC] 0.000 [get_ports -quiet {EVENT_VALID EVENT_DATA* EVENT_LAST EVENT_CHUNK_ID* EVENT_TIMESTAMP* EVENT_SCORE* RING_MISS_COUNT* CHUNK_OVERFLOW}]
/home/work1/Works/AI-Trigger-System/HDL/constraints/ai_trigger_ooc.xdc (Line: 25)
Related violations: <none>

XDCH-2#1053 Warning
Same min and max delay values on IO port  
The same output delay of 0.000 ns has been defined on port 'EVENT_DATA[236]' relative to clock CLK_ADC for both max and min. Make sure this reflects the design intent.
set_output_delay -clock [get_clocks CLK_ADC] 0.000 [get_ports -quiet {EVENT_VALID EVENT_DATA* EVENT_LAST EVENT_CHUNK_ID* EVENT_TIMESTAMP* EVENT_SCORE* RING_MISS_COUNT* CHUNK_OVERFLOW}]
/home/work1/Works/AI-Trigger-System/HDL/constraints/ai_trigger_ooc.xdc (Line: 25)
Related violations: <none>

XDCH-2#1054 Warning
Same min and max delay values on IO port  
The same output delay of 0.000 ns has been defined on port 'EVENT_DATA[237]' relative to clock CLK_ADC for both max and min. Make sure this reflects the design intent.
set_output_delay -clock [get_clocks CLK_ADC] 0.000 [get_ports -quiet {EVENT_VALID EVENT_DATA* EVENT_LAST EVENT_CHUNK_ID* EVENT_TIMESTAMP* EVENT_SCORE* RING_MISS_COUNT* CHUNK_OVERFLOW}]
/home/work1/Works/AI-Trigger-System/HDL/constraints/ai_trigger_ooc.xdc (Line: 25)
Related violations: <none>

XDCH-2#1055 Warning
Same min and max delay values on IO port  
The same output delay of 0.000 ns has been defined on port 'EVENT_DATA[238]' relative to clock CLK_ADC for both max and min. Make sure this reflects the design intent.
set_output_delay -clock [get_clocks CLK_ADC] 0.000 [get_ports -quiet {EVENT_VALID EVENT_DATA* EVENT_LAST EVENT_CHUNK_ID* EVENT_TIMESTAMP* EVENT_SCORE* RING_MISS_COUNT* CHUNK_OVERFLOW}]
/home/work1/Works/AI-Trigger-System/HDL/constraints/ai_trigger_ooc.xdc (Line: 25)
Related violations: <none>

XDCH-2#1056 Warning
Same min and max delay values on IO port  
The same output delay of 0.000 ns has been defined on port 'EVENT_DATA[239]' relative to clock CLK_ADC for both max and min. Make sure this reflects the design intent.
set_output_delay -clock [get_clocks CLK_ADC] 0.000 [get_ports -quiet {EVENT_VALID EVENT_DATA* EVENT_LAST EVENT_CHUNK_ID* EVENT_TIMESTAMP* EVENT_SCORE* RING_MISS_COUNT* CHUNK_OVERFLOW}]
/home/work1/Works/AI-Trigger-System/HDL/constraints/ai_trigger_ooc.xdc (Line: 25)
Related violations: <none>

XDCH-2#1057 Warning
Same min and max delay values on IO port  
The same output delay of 0.000 ns has been defined on port 'EVENT_DATA[23]' relative to clock CLK_ADC for both max and min. Make sure this reflects the design intent.
set_output_delay -clock [get_clocks CLK_ADC] 0.000 [get_ports -quiet {EVENT_VALID EVENT_DATA* EVENT_LAST EVENT_CHUNK_ID* EVENT_TIMESTAMP* EVENT_SCORE* RING_MISS_COUNT* CHUNK_OVERFLOW}]
/home/work1/Works/AI-Trigger-System/HDL/constraints/ai_trigger_ooc.xdc (Line: 25)
Related violations: <none>

XDCH-2#1058 Warning
Same min and max delay values on IO port  
The same output delay of 0.000 ns has been defined on port 'EVENT_DATA[240]' relative to clock CLK_ADC for both max and min. Make sure this reflects the design intent.
set_output_delay -clock [get_clocks CLK_ADC] 0.000 [get_ports -quiet {EVENT_VALID EVENT_DATA* EVENT_LAST EVENT_CHUNK_ID* EVENT_TIMESTAMP* EVENT_SCORE* RING_MISS_COUNT* CHUNK_OVERFLOW}]
/home/work1/Works/AI-Trigger-System/HDL/constraints/ai_trigger_ooc.xdc (Line: 25)
Related violations: <none>

XDCH-2#1059 Warning
Same min and max delay values on IO port  
The same output delay of 0.000 ns has been defined on port 'EVENT_DATA[241]' relative to clock CLK_ADC for both max and min. Make sure this reflects the design intent.
set_output_delay -clock [get_clocks CLK_ADC] 0.000 [get_ports -quiet {EVENT_VALID EVENT_DATA* EVENT_LAST EVENT_CHUNK_ID* EVENT_TIMESTAMP* EVENT_SCORE* RING_MISS_COUNT* CHUNK_OVERFLOW}]
/home/work1/Works/AI-Trigger-System/HDL/constraints/ai_trigger_ooc.xdc (Line: 25)
Related violations: <none>

XDCH-2#1060 Warning
Same min and max delay values on IO port  
The same output delay of 0.000 ns has been defined on port 'EVENT_DATA[242]' relative to clock CLK_ADC for both max and min. Make sure this reflects the design intent.
set_output_delay -clock [get_clocks CLK_ADC] 0.000 [get_ports -quiet {EVENT_VALID EVENT_DATA* EVENT_LAST EVENT_CHUNK_ID* EVENT_TIMESTAMP* EVENT_SCORE* RING_MISS_COUNT* CHUNK_OVERFLOW}]
/home/work1/Works/AI-Trigger-System/HDL/constraints/ai_trigger_ooc.xdc (Line: 25)
Related violations: <none>

XDCH-2#1061 Warning
Same min and max delay values on IO port  
The same output delay of 0.000 ns has been defined on port 'EVENT_DATA[243]' relative to clock CLK_ADC for both max and min. Make sure this reflects the design intent.
set_output_delay -clock [get_clocks CLK_ADC] 0.000 [get_ports -quiet {EVENT_VALID EVENT_DATA* EVENT_LAST EVENT_CHUNK_ID* EVENT_TIMESTAMP* EVENT_SCORE* RING_MISS_COUNT* CHUNK_OVERFLOW}]
/home/work1/Works/AI-Trigger-System/HDL/constraints/ai_trigger_ooc.xdc (Line: 25)
Related violations: <none>

XDCH-2#1062 Warning
Same min and max delay values on IO port  
The same output delay of 0.000 ns has been defined on port 'EVENT_DATA[244]' relative to clock CLK_ADC for both max and min. Make sure this reflects the design intent.
set_output_delay -clock [get_clocks CLK_ADC] 0.000 [get_ports -quiet {EVENT_VALID EVENT_DATA* EVENT_LAST EVENT_CHUNK_ID* EVENT_TIMESTAMP* EVENT_SCORE* RING_MISS_COUNT* CHUNK_OVERFLOW}]
/home/work1/Works/AI-Trigger-System/HDL/constraints/ai_trigger_ooc.xdc (Line: 25)
Related violations: <none>

XDCH-2#1063 Warning
Same min and max delay values on IO port  
The same output delay of 0.000 ns has been defined on port 'EVENT_DATA[245]' relative to clock CLK_ADC for both max and min. Make sure this reflects the design intent.
set_output_delay -clock [get_clocks CLK_ADC] 0.000 [get_ports -quiet {EVENT_VALID EVENT_DATA* EVENT_LAST EVENT_CHUNK_ID* EVENT_TIMESTAMP* EVENT_SCORE* RING_MISS_COUNT* CHUNK_OVERFLOW}]
/home/work1/Works/AI-Trigger-System/HDL/constraints/ai_trigger_ooc.xdc (Line: 25)
Related violations: <none>

XDCH-2#1064 Warning
Same min and max delay values on IO port  
The same output delay of 0.000 ns has been defined on port 'EVENT_DATA[246]' relative to clock CLK_ADC for both max and min. Make sure this reflects the design intent.
set_output_delay -clock [get_clocks CLK_ADC] 0.000 [get_ports -quiet {EVENT_VALID EVENT_DATA* EVENT_LAST EVENT_CHUNK_ID* EVENT_TIMESTAMP* EVENT_SCORE* RING_MISS_COUNT* CHUNK_OVERFLOW}]
/home/work1/Works/AI-Trigger-System/HDL/constraints/ai_trigger_ooc.xdc (Line: 25)
Related violations: <none>

XDCH-2#1065 Warning
Same min and max delay values on IO port  
The same output delay of 0.000 ns has been defined on port 'EVENT_DATA[247]' relative to clock CLK_ADC for both max and min. Make sure this reflects the design intent.
set_output_delay -clock [get_clocks CLK_ADC] 0.000 [get_ports -quiet {EVENT_VALID EVENT_DATA* EVENT_LAST EVENT_CHUNK_ID* EVENT_TIMESTAMP* EVENT_SCORE* RING_MISS_COUNT* CHUNK_OVERFLOW}]
/home/work1/Works/AI-Trigger-System/HDL/constraints/ai_trigger_ooc.xdc (Line: 25)
Related violations: <none>

XDCH-2#1066 Warning
Same min and max delay values on IO port  
The same output delay of 0.000 ns has been defined on port 'EVENT_DATA[248]' relative to clock CLK_ADC for both max and min. Make sure this reflects the design intent.
set_output_delay -clock [get_clocks CLK_ADC] 0.000 [get_ports -quiet {EVENT_VALID EVENT_DATA* EVENT_LAST EVENT_CHUNK_ID* EVENT_TIMESTAMP* EVENT_SCORE* RING_MISS_COUNT* CHUNK_OVERFLOW}]
/home/work1/Works/AI-Trigger-System/HDL/constraints/ai_trigger_ooc.xdc (Line: 25)
Related violations: <none>

XDCH-2#1067 Warning
Same min and max delay values on IO port  
The same output delay of 0.000 ns has been defined on port 'EVENT_DATA[249]' relative to clock CLK_ADC for both max and min. Make sure this reflects the design intent.
set_output_delay -clock [get_clocks CLK_ADC] 0.000 [get_ports -quiet {EVENT_VALID EVENT_DATA* EVENT_LAST EVENT_CHUNK_ID* EVENT_TIMESTAMP* EVENT_SCORE* RING_MISS_COUNT* CHUNK_OVERFLOW}]
/home/work1/Works/AI-Trigger-System/HDL/constraints/ai_trigger_ooc.xdc (Line: 25)
Related violations: <none>

XDCH-2#1068 Warning
Same min and max delay values on IO port  
The same output delay of 0.000 ns has been defined on port 'EVENT_DATA[24]' relative to clock CLK_ADC for both max and min. Make sure this reflects the design intent.
set_output_delay -clock [get_clocks CLK_ADC] 0.000 [get_ports -quiet {EVENT_VALID EVENT_DATA* EVENT_LAST EVENT_CHUNK_ID* EVENT_TIMESTAMP* EVENT_SCORE* RING_MISS_COUNT* CHUNK_OVERFLOW}]
/home/work1/Works/AI-Trigger-System/HDL/constraints/ai_trigger_ooc.xdc (Line: 25)
Related violations: <none>

XDCH-2#1069 Warning
Same min and max delay values on IO port  
The same output delay of 0.000 ns has been defined on port 'EVENT_DATA[250]' relative to clock CLK_ADC for both max and min. Make sure this reflects the design intent.
set_output_delay -clock [get_clocks CLK_ADC] 0.000 [get_ports -quiet {EVENT_VALID EVENT_DATA* EVENT_LAST EVENT_CHUNK_ID* EVENT_TIMESTAMP* EVENT_SCORE* RING_MISS_COUNT* CHUNK_OVERFLOW}]
/home/work1/Works/AI-Trigger-System/HDL/constraints/ai_trigger_ooc.xdc (Line: 25)
Related violations: <none>

XDCH-2#1070 Warning
Same min and max delay values on IO port  
The same output delay of 0.000 ns has been defined on port 'EVENT_DATA[251]' relative to clock CLK_ADC for both max and min. Make sure this reflects the design intent.
set_output_delay -clock [get_clocks CLK_ADC] 0.000 [get_ports -quiet {EVENT_VALID EVENT_DATA* EVENT_LAST EVENT_CHUNK_ID* EVENT_TIMESTAMP* EVENT_SCORE* RING_MISS_COUNT* CHUNK_OVERFLOW}]
/home/work1/Works/AI-Trigger-System/HDL/constraints/ai_trigger_ooc.xdc (Line: 25)
Related violations: <none>

XDCH-2#1071 Warning
Same min and max delay values on IO port  
The same output delay of 0.000 ns has been defined on port 'EVENT_DATA[252]' relative to clock CLK_ADC for both max and min. Make sure this reflects the design intent.
set_output_delay -clock [get_clocks CLK_ADC] 0.000 [get_ports -quiet {EVENT_VALID EVENT_DATA* EVENT_LAST EVENT_CHUNK_ID* EVENT_TIMESTAMP* EVENT_SCORE* RING_MISS_COUNT* CHUNK_OVERFLOW}]
/home/work1/Works/AI-Trigger-System/HDL/constraints/ai_trigger_ooc.xdc (Line: 25)
Related violations: <none>

XDCH-2#1072 Warning
Same min and max delay values on IO port  
The same output delay of 0.000 ns has been defined on port 'EVENT_DATA[253]' relative to clock CLK_ADC for both max and min. Make sure this reflects the design intent.
set_output_delay -clock [get_clocks CLK_ADC] 0.000 [get_ports -quiet {EVENT_VALID EVENT_DATA* EVENT_LAST EVENT_CHUNK_ID* EVENT_TIMESTAMP* EVENT_SCORE* RING_MISS_COUNT* CHUNK_OVERFLOW}]
/home/work1/Works/AI-Trigger-System/HDL/constraints/ai_trigger_ooc.xdc (Line: 25)
Related violations: <none>

XDCH-2#1073 Warning
Same min and max delay values on IO port  
The same output delay of 0.000 ns has been defined on port 'EVENT_DATA[254]' relative to clock CLK_ADC for both max and min. Make sure this reflects the design intent.
set_output_delay -clock [get_clocks CLK_ADC] 0.000 [get_ports -quiet {EVENT_VALID EVENT_DATA* EVENT_LAST EVENT_CHUNK_ID* EVENT_TIMESTAMP* EVENT_SCORE* RING_MISS_COUNT* CHUNK_OVERFLOW}]
/home/work1/Works/AI-Trigger-System/HDL/constraints/ai_trigger_ooc.xdc (Line: 25)
Related violations: <none>

XDCH-2#1074 Warning
Same min and max delay values on IO port  
The same output delay of 0.000 ns has been defined on port 'EVENT_DATA[255]' relative to clock CLK_ADC for both max and min. Make sure this reflects the design intent.
set_output_delay -clock [get_clocks CLK_ADC] 0.000 [get_ports -quiet {EVENT_VALID EVENT_DATA* EVENT_LAST EVENT_CHUNK_ID* EVENT_TIMESTAMP* EVENT_SCORE* RING_MISS_COUNT* CHUNK_OVERFLOW}]
/home/work1/Works/AI-Trigger-System/HDL/constraints/ai_trigger_ooc.xdc (Line: 25)
Related violations: <none>

XDCH-2#1075 Warning
Same min and max delay values on IO port  
The same output delay of 0.000 ns has been defined on port 'EVENT_DATA[256]' relative to clock CLK_ADC for both max and min. Make sure this reflects the design intent.
set_output_delay -clock [get_clocks CLK_ADC] 0.000 [get_ports -quiet {EVENT_VALID EVENT_DATA* EVENT_LAST EVENT_CHUNK_ID* EVENT_TIMESTAMP* EVENT_SCORE* RING_MISS_COUNT* CHUNK_OVERFLOW}]
/home/work1/Works/AI-Trigger-System/HDL/constraints/ai_trigger_ooc.xdc (Line: 25)
Related violations: <none>

XDCH-2#1076 Warning
Same min and max delay values on IO port  
The same output delay of 0.000 ns has been defined on port 'EVENT_DATA[257]' relative to clock CLK_ADC for both max and min. Make sure this reflects the design intent.
set_output_delay -clock [get_clocks CLK_ADC] 0.000 [get_ports -quiet {EVENT_VALID EVENT_DATA* EVENT_LAST EVENT_CHUNK_ID* EVENT_TIMESTAMP* EVENT_SCORE* RING_MISS_COUNT* CHUNK_OVERFLOW}]
/home/work1/Works/AI-Trigger-System/HDL/constraints/ai_trigger_ooc.xdc (Line: 25)
Related violations: <none>

XDCH-2#1077 Warning
Same min and max delay values on IO port  
The same output delay of 0.000 ns has been defined on port 'EVENT_DATA[258]' relative to clock CLK_ADC for both max and min. Make sure this reflects the design intent.
set_output_delay -clock [get_clocks CLK_ADC] 0.000 [get_ports -quiet {EVENT_VALID EVENT_DATA* EVENT_LAST EVENT_CHUNK_ID* EVENT_TIMESTAMP* EVENT_SCORE* RING_MISS_COUNT* CHUNK_OVERFLOW}]
/home/work1/Works/AI-Trigger-System/HDL/constraints/ai_trigger_ooc.xdc (Line: 25)
Related violations: <none>

XDCH-2#1078 Warning
Same min and max delay values on IO port  
The same output delay of 0.000 ns has been defined on port 'EVENT_DATA[259]' relative to clock CLK_ADC for both max and min. Make sure this reflects the design intent.
set_output_delay -clock [get_clocks CLK_ADC] 0.000 [get_ports -quiet {EVENT_VALID EVENT_DATA* EVENT_LAST EVENT_CHUNK_ID* EVENT_TIMESTAMP* EVENT_SCORE* RING_MISS_COUNT* CHUNK_OVERFLOW}]
/home/work1/Works/AI-Trigger-System/HDL/constraints/ai_trigger_ooc.xdc (Line: 25)
Related violations: <none>

XDCH-2#1079 Warning
Same min and max delay values on IO port  
The same output delay of 0.000 ns has been defined on port 'EVENT_DATA[25]' relative to clock CLK_ADC for both max and min. Make sure this reflects the design intent.
set_output_delay -clock [get_clocks CLK_ADC] 0.000 [get_ports -quiet {EVENT_VALID EVENT_DATA* EVENT_LAST EVENT_CHUNK_ID* EVENT_TIMESTAMP* EVENT_SCORE* RING_MISS_COUNT* CHUNK_OVERFLOW}]
/home/work1/Works/AI-Trigger-System/HDL/constraints/ai_trigger_ooc.xdc (Line: 25)
Related violations: <none>

XDCH-2#1080 Warning
Same min and max delay values on IO port  
The same output delay of 0.000 ns has been defined on port 'EVENT_DATA[260]' relative to clock CLK_ADC for both max and min. Make sure this reflects the design intent.
set_output_delay -clock [get_clocks CLK_ADC] 0.000 [get_ports -quiet {EVENT_VALID EVENT_DATA* EVENT_LAST EVENT_CHUNK_ID* EVENT_TIMESTAMP* EVENT_SCORE* RING_MISS_COUNT* CHUNK_OVERFLOW}]
/home/work1/Works/AI-Trigger-System/HDL/constraints/ai_trigger_ooc.xdc (Line: 25)
Related violations: <none>

XDCH-2#1081 Warning
Same min and max delay values on IO port  
The same output delay of 0.000 ns has been defined on port 'EVENT_DATA[261]' relative to clock CLK_ADC for both max and min. Make sure this reflects the design intent.
set_output_delay -clock [get_clocks CLK_ADC] 0.000 [get_ports -quiet {EVENT_VALID EVENT_DATA* EVENT_LAST EVENT_CHUNK_ID* EVENT_TIMESTAMP* EVENT_SCORE* RING_MISS_COUNT* CHUNK_OVERFLOW}]
/home/work1/Works/AI-Trigger-System/HDL/constraints/ai_trigger_ooc.xdc (Line: 25)
Related violations: <none>

XDCH-2#1082 Warning
Same min and max delay values on IO port  
The same output delay of 0.000 ns has been defined on port 'EVENT_DATA[262]' relative to clock CLK_ADC for both max and min. Make sure this reflects the design intent.
set_output_delay -clock [get_clocks CLK_ADC] 0.000 [get_ports -quiet {EVENT_VALID EVENT_DATA* EVENT_LAST EVENT_CHUNK_ID* EVENT_TIMESTAMP* EVENT_SCORE* RING_MISS_COUNT* CHUNK_OVERFLOW}]
/home/work1/Works/AI-Trigger-System/HDL/constraints/ai_trigger_ooc.xdc (Line: 25)
Related violations: <none>

XDCH-2#1083 Warning
Same min and max delay values on IO port  
The same output delay of 0.000 ns has been defined on port 'EVENT_DATA[263]' relative to clock CLK_ADC for both max and min. Make sure this reflects the design intent.
set_output_delay -clock [get_clocks CLK_ADC] 0.000 [get_ports -quiet {EVENT_VALID EVENT_DATA* EVENT_LAST EVENT_CHUNK_ID* EVENT_TIMESTAMP* EVENT_SCORE* RING_MISS_COUNT* CHUNK_OVERFLOW}]
/home/work1/Works/AI-Trigger-System/HDL/constraints/ai_trigger_ooc.xdc (Line: 25)
Related violations: <none>

XDCH-2#1084 Warning
Same min and max delay values on IO port  
The same output delay of 0.000 ns has been defined on port 'EVENT_DATA[264]' relative to clock CLK_ADC for both max and min. Make sure this reflects the design intent.
set_output_delay -clock [get_clocks CLK_ADC] 0.000 [get_ports -quiet {EVENT_VALID EVENT_DATA* EVENT_LAST EVENT_CHUNK_ID* EVENT_TIMESTAMP* EVENT_SCORE* RING_MISS_COUNT* CHUNK_OVERFLOW}]
/home/work1/Works/AI-Trigger-System/HDL/constraints/ai_trigger_ooc.xdc (Line: 25)
Related violations: <none>

XDCH-2#1085 Warning
Same min and max delay values on IO port  
The same output delay of 0.000 ns has been defined on port 'EVENT_DATA[265]' relative to clock CLK_ADC for both max and min. Make sure this reflects the design intent.
set_output_delay -clock [get_clocks CLK_ADC] 0.000 [get_ports -quiet {EVENT_VALID EVENT_DATA* EVENT_LAST EVENT_CHUNK_ID* EVENT_TIMESTAMP* EVENT_SCORE* RING_MISS_COUNT* CHUNK_OVERFLOW}]
/home/work1/Works/AI-Trigger-System/HDL/constraints/ai_trigger_ooc.xdc (Line: 25)
Related violations: <none>

XDCH-2#1086 Warning
Same min and max delay values on IO port  
The same output delay of 0.000 ns has been defined on port 'EVENT_DATA[266]' relative to clock CLK_ADC for both max and min. Make sure this reflects the design intent.
set_output_delay -clock [get_clocks CLK_ADC] 0.000 [get_ports -quiet {EVENT_VALID EVENT_DATA* EVENT_LAST EVENT_CHUNK_ID* EVENT_TIMESTAMP* EVENT_SCORE* RING_MISS_COUNT* CHUNK_OVERFLOW}]
/home/work1/Works/AI-Trigger-System/HDL/constraints/ai_trigger_ooc.xdc (Line: 25)
Related violations: <none>

XDCH-2#1087 Warning
Same min and max delay values on IO port  
The same output delay of 0.000 ns has been defined on port 'EVENT_DATA[267]' relative to clock CLK_ADC for both max and min. Make sure this reflects the design intent.
set_output_delay -clock [get_clocks CLK_ADC] 0.000 [get_ports -quiet {EVENT_VALID EVENT_DATA* EVENT_LAST EVENT_CHUNK_ID* EVENT_TIMESTAMP* EVENT_SCORE* RING_MISS_COUNT* CHUNK_OVERFLOW}]
/home/work1/Works/AI-Trigger-System/HDL/constraints/ai_trigger_ooc.xdc (Line: 25)
Related violations: <none>

XDCH-2#1088 Warning
Same min and max delay values on IO port  
The same output delay of 0.000 ns has been defined on port 'EVENT_DATA[268]' relative to clock CLK_ADC for both max and min. Make sure this reflects the design intent.
set_output_delay -clock [get_clocks CLK_ADC] 0.000 [get_ports -quiet {EVENT_VALID EVENT_DATA* EVENT_LAST EVENT_CHUNK_ID* EVENT_TIMESTAMP* EVENT_SCORE* RING_MISS_COUNT* CHUNK_OVERFLOW}]
/home/work1/Works/AI-Trigger-System/HDL/constraints/ai_trigger_ooc.xdc (Line: 25)
Related violations: <none>

XDCH-2#1089 Warning
Same min and max delay values on IO port  
The same output delay of 0.000 ns has been defined on port 'EVENT_DATA[269]' relative to clock CLK_ADC for both max and min. Make sure this reflects the design intent.
set_output_delay -clock [get_clocks CLK_ADC] 0.000 [get_ports -quiet {EVENT_VALID EVENT_DATA* EVENT_LAST EVENT_CHUNK_ID* EVENT_TIMESTAMP* EVENT_SCORE* RING_MISS_COUNT* CHUNK_OVERFLOW}]
/home/work1/Works/AI-Trigger-System/HDL/constraints/ai_trigger_ooc.xdc (Line: 25)
Related violations: <none>

XDCH-2#1090 Warning
Same min and max delay values on IO port  
The same output delay of 0.000 ns has been defined on port 'EVENT_DATA[26]' relative to clock CLK_ADC for both max and min. Make sure this reflects the design intent.
set_output_delay -clock [get_clocks CLK_ADC] 0.000 [get_ports -quiet {EVENT_VALID EVENT_DATA* EVENT_LAST EVENT_CHUNK_ID* EVENT_TIMESTAMP* EVENT_SCORE* RING_MISS_COUNT* CHUNK_OVERFLOW}]
/home/work1/Works/AI-Trigger-System/HDL/constraints/ai_trigger_ooc.xdc (Line: 25)
Related violations: <none>

XDCH-2#1091 Warning
Same min and max delay values on IO port  
The same output delay of 0.000 ns has been defined on port 'EVENT_DATA[270]' relative to clock CLK_ADC for both max and min. Make sure this reflects the design intent.
set_output_delay -clock [get_clocks CLK_ADC] 0.000 [get_ports -quiet {EVENT_VALID EVENT_DATA* EVENT_LAST EVENT_CHUNK_ID* EVENT_TIMESTAMP* EVENT_SCORE* RING_MISS_COUNT* CHUNK_OVERFLOW}]
/home/work1/Works/AI-Trigger-System/HDL/constraints/ai_trigger_ooc.xdc (Line: 25)
Related violations: <none>

XDCH-2#1092 Warning
Same min and max delay values on IO port  
The same output delay of 0.000 ns has been defined on port 'EVENT_DATA[271]' relative to clock CLK_ADC for both max and min. Make sure this reflects the design intent.
set_output_delay -clock [get_clocks CLK_ADC] 0.000 [get_ports -quiet {EVENT_VALID EVENT_DATA* EVENT_LAST EVENT_CHUNK_ID* EVENT_TIMESTAMP* EVENT_SCORE* RING_MISS_COUNT* CHUNK_OVERFLOW}]
/home/work1/Works/AI-Trigger-System/HDL/constraints/ai_trigger_ooc.xdc (Line: 25)
Related violations: <none>

XDCH-2#1093 Warning
Same min and max delay values on IO port  
The same output delay of 0.000 ns has been defined on port 'EVENT_DATA[272]' relative to clock CLK_ADC for both max and min. Make sure this reflects the design intent.
set_output_delay -clock [get_clocks CLK_ADC] 0.000 [get_ports -quiet {EVENT_VALID EVENT_DATA* EVENT_LAST EVENT_CHUNK_ID* EVENT_TIMESTAMP* EVENT_SCORE* RING_MISS_COUNT* CHUNK_OVERFLOW}]
/home/work1/Works/AI-Trigger-System/HDL/constraints/ai_trigger_ooc.xdc (Line: 25)
Related violations: <none>

XDCH-2#1094 Warning
Same min and max delay values on IO port  
The same output delay of 0.000 ns has been defined on port 'EVENT_DATA[273]' relative to clock CLK_ADC for both max and min. Make sure this reflects the design intent.
set_output_delay -clock [get_clocks CLK_ADC] 0.000 [get_ports -quiet {EVENT_VALID EVENT_DATA* EVENT_LAST EVENT_CHUNK_ID* EVENT_TIMESTAMP* EVENT_SCORE* RING_MISS_COUNT* CHUNK_OVERFLOW}]
/home/work1/Works/AI-Trigger-System/HDL/constraints/ai_trigger_ooc.xdc (Line: 25)
Related violations: <none>

XDCH-2#1095 Warning
Same min and max delay values on IO port  
The same output delay of 0.000 ns has been defined on port 'EVENT_DATA[274]' relative to clock CLK_ADC for both max and min. Make sure this reflects the design intent.
set_output_delay -clock [get_clocks CLK_ADC] 0.000 [get_ports -quiet {EVENT_VALID EVENT_DATA* EVENT_LAST EVENT_CHUNK_ID* EVENT_TIMESTAMP* EVENT_SCORE* RING_MISS_COUNT* CHUNK_OVERFLOW}]
/home/work1/Works/AI-Trigger-System/HDL/constraints/ai_trigger_ooc.xdc (Line: 25)
Related violations: <none>

XDCH-2#1096 Warning
Same min and max delay values on IO port  
The same output delay of 0.000 ns has been defined on port 'EVENT_DATA[275]' relative to clock CLK_ADC for both max and min. Make sure this reflects the design intent.
set_output_delay -clock [get_clocks CLK_ADC] 0.000 [get_ports -quiet {EVENT_VALID EVENT_DATA* EVENT_LAST EVENT_CHUNK_ID* EVENT_TIMESTAMP* EVENT_SCORE* RING_MISS_COUNT* CHUNK_OVERFLOW}]
/home/work1/Works/AI-Trigger-System/HDL/constraints/ai_trigger_ooc.xdc (Line: 25)
Related violations: <none>

XDCH-2#1097 Warning
Same min and max delay values on IO port  
The same output delay of 0.000 ns has been defined on port 'EVENT_DATA[276]' relative to clock CLK_ADC for both max and min. Make sure this reflects the design intent.
set_output_delay -clock [get_clocks CLK_ADC] 0.000 [get_ports -quiet {EVENT_VALID EVENT_DATA* EVENT_LAST EVENT_CHUNK_ID* EVENT_TIMESTAMP* EVENT_SCORE* RING_MISS_COUNT* CHUNK_OVERFLOW}]
/home/work1/Works/AI-Trigger-System/HDL/constraints/ai_trigger_ooc.xdc (Line: 25)
Related violations: <none>

XDCH-2#1098 Warning
Same min and max delay values on IO port  
The same output delay of 0.000 ns has been defined on port 'EVENT_DATA[277]' relative to clock CLK_ADC for both max and min. Make sure this reflects the design intent.
set_output_delay -clock [get_clocks CLK_ADC] 0.000 [get_ports -quiet {EVENT_VALID EVENT_DATA* EVENT_LAST EVENT_CHUNK_ID* EVENT_TIMESTAMP* EVENT_SCORE* RING_MISS_COUNT* CHUNK_OVERFLOW}]
/home/work1/Works/AI-Trigger-System/HDL/constraints/ai_trigger_ooc.xdc (Line: 25)
Related violations: <none>

XDCH-2#1099 Warning
Same min and max delay values on IO port  
The same output delay of 0.000 ns has been defined on port 'EVENT_DATA[278]' relative to clock CLK_ADC for both max and min. Make sure this reflects the design intent.
set_output_delay -clock [get_clocks CLK_ADC] 0.000 [get_ports -quiet {EVENT_VALID EVENT_DATA* EVENT_LAST EVENT_CHUNK_ID* EVENT_TIMESTAMP* EVENT_SCORE* RING_MISS_COUNT* CHUNK_OVERFLOW}]
/home/work1/Works/AI-Trigger-System/HDL/constraints/ai_trigger_ooc.xdc (Line: 25)
Related violations: <none>

XDCH-2#1100 Warning
Same min and max delay values on IO port  
The same output delay of 0.000 ns has been defined on port 'EVENT_DATA[279]' relative to clock CLK_ADC for both max and min. Make sure this reflects the design intent.
set_output_delay -clock [get_clocks CLK_ADC] 0.000 [get_ports -quiet {EVENT_VALID EVENT_DATA* EVENT_LAST EVENT_CHUNK_ID* EVENT_TIMESTAMP* EVENT_SCORE* RING_MISS_COUNT* CHUNK_OVERFLOW}]
/home/work1/Works/AI-Trigger-System/HDL/constraints/ai_trigger_ooc.xdc (Line: 25)
Related violations: <none>

XDCH-2#1101 Warning
Same min and max delay values on IO port  
The same output delay of 0.000 ns has been defined on port 'EVENT_DATA[27]' relative to clock CLK_ADC for both max and min. Make sure this reflects the design intent.
set_output_delay -clock [get_clocks CLK_ADC] 0.000 [get_ports -quiet {EVENT_VALID EVENT_DATA* EVENT_LAST EVENT_CHUNK_ID* EVENT_TIMESTAMP* EVENT_SCORE* RING_MISS_COUNT* CHUNK_OVERFLOW}]
/home/work1/Works/AI-Trigger-System/HDL/constraints/ai_trigger_ooc.xdc (Line: 25)
Related violations: <none>

XDCH-2#1102 Warning
Same min and max delay values on IO port  
The same output delay of 0.000 ns has been defined on port 'EVENT_DATA[280]' relative to clock CLK_ADC for both max and min. Make sure this reflects the design intent.
set_output_delay -clock [get_clocks CLK_ADC] 0.000 [get_ports -quiet {EVENT_VALID EVENT_DATA* EVENT_LAST EVENT_CHUNK_ID* EVENT_TIMESTAMP* EVENT_SCORE* RING_MISS_COUNT* CHUNK_OVERFLOW}]
/home/work1/Works/AI-Trigger-System/HDL/constraints/ai_trigger_ooc.xdc (Line: 25)
Related violations: <none>

XDCH-2#1103 Warning
Same min and max delay values on IO port  
The same output delay of 0.000 ns has been defined on port 'EVENT_DATA[281]' relative to clock CLK_ADC for both max and min. Make sure this reflects the design intent.
set_output_delay -clock [get_clocks CLK_ADC] 0.000 [get_ports -quiet {EVENT_VALID EVENT_DATA* EVENT_LAST EVENT_CHUNK_ID* EVENT_TIMESTAMP* EVENT_SCORE* RING_MISS_COUNT* CHUNK_OVERFLOW}]
/home/work1/Works/AI-Trigger-System/HDL/constraints/ai_trigger_ooc.xdc (Line: 25)
Related violations: <none>

XDCH-2#1104 Warning
Same min and max delay values on IO port  
The same output delay of 0.000 ns has been defined on port 'EVENT_DATA[282]' relative to clock CLK_ADC for both max and min. Make sure this reflects the design intent.
set_output_delay -clock [get_clocks CLK_ADC] 0.000 [get_ports -quiet {EVENT_VALID EVENT_DATA* EVENT_LAST EVENT_CHUNK_ID* EVENT_TIMESTAMP* EVENT_SCORE* RING_MISS_COUNT* CHUNK_OVERFLOW}]
/home/work1/Works/AI-Trigger-System/HDL/constraints/ai_trigger_ooc.xdc (Line: 25)
Related violations: <none>

XDCH-2#1105 Warning
Same min and max delay values on IO port  
The same output delay of 0.000 ns has been defined on port 'EVENT_DATA[283]' relative to clock CLK_ADC for both max and min. Make sure this reflects the design intent.
set_output_delay -clock [get_clocks CLK_ADC] 0.000 [get_ports -quiet {EVENT_VALID EVENT_DATA* EVENT_LAST EVENT_CHUNK_ID* EVENT_TIMESTAMP* EVENT_SCORE* RING_MISS_COUNT* CHUNK_OVERFLOW}]
/home/work1/Works/AI-Trigger-System/HDL/constraints/ai_trigger_ooc.xdc (Line: 25)
Related violations: <none>

XDCH-2#1106 Warning
Same min and max delay values on IO port  
The same output delay of 0.000 ns has been defined on port 'EVENT_DATA[284]' relative to clock CLK_ADC for both max and min. Make sure this reflects the design intent.
set_output_delay -clock [get_clocks CLK_ADC] 0.000 [get_ports -quiet {EVENT_VALID EVENT_DATA* EVENT_LAST EVENT_CHUNK_ID* EVENT_TIMESTAMP* EVENT_SCORE* RING_MISS_COUNT* CHUNK_OVERFLOW}]
/home/work1/Works/AI-Trigger-System/HDL/constraints/ai_trigger_ooc.xdc (Line: 25)
Related violations: <none>

XDCH-2#1107 Warning
Same min and max delay values on IO port  
The same output delay of 0.000 ns has been defined on port 'EVENT_DATA[285]' relative to clock CLK_ADC for both max and min. Make sure this reflects the design intent.
set_output_delay -clock [get_clocks CLK_ADC] 0.000 [get_ports -quiet {EVENT_VALID EVENT_DATA* EVENT_LAST EVENT_CHUNK_ID* EVENT_TIMESTAMP* EVENT_SCORE* RING_MISS_COUNT* CHUNK_OVERFLOW}]
/home/work1/Works/AI-Trigger-System/HDL/constraints/ai_trigger_ooc.xdc (Line: 25)
Related violations: <none>

XDCH-2#1108 Warning
Same min and max delay values on IO port  
The same output delay of 0.000 ns has been defined on port 'EVENT_DATA[286]' relative to clock CLK_ADC for both max and min. Make sure this reflects the design intent.
set_output_delay -clock [get_clocks CLK_ADC] 0.000 [get_ports -quiet {EVENT_VALID EVENT_DATA* EVENT_LAST EVENT_CHUNK_ID* EVENT_TIMESTAMP* EVENT_SCORE* RING_MISS_COUNT* CHUNK_OVERFLOW}]
/home/work1/Works/AI-Trigger-System/HDL/constraints/ai_trigger_ooc.xdc (Line: 25)
Related violations: <none>

XDCH-2#1109 Warning
Same min and max delay values on IO port  
The same output delay of 0.000 ns has been defined on port 'EVENT_DATA[287]' relative to clock CLK_ADC for both max and min. Make sure this reflects the design intent.
set_output_delay -clock [get_clocks CLK_ADC] 0.000 [get_ports -quiet {EVENT_VALID EVENT_DATA* EVENT_LAST EVENT_CHUNK_ID* EVENT_TIMESTAMP* EVENT_SCORE* RING_MISS_COUNT* CHUNK_OVERFLOW}]
/home/work1/Works/AI-Trigger-System/HDL/constraints/ai_trigger_ooc.xdc (Line: 25)
Related violations: <none>

XDCH-2#1110 Warning
Same min and max delay values on IO port  
The same output delay of 0.000 ns has been defined on port 'EVENT_DATA[288]' relative to clock CLK_ADC for both max and min. Make sure this reflects the design intent.
set_output_delay -clock [get_clocks CLK_ADC] 0.000 [get_ports -quiet {EVENT_VALID EVENT_DATA* EVENT_LAST EVENT_CHUNK_ID* EVENT_TIMESTAMP* EVENT_SCORE* RING_MISS_COUNT* CHUNK_OVERFLOW}]
/home/work1/Works/AI-Trigger-System/HDL/constraints/ai_trigger_ooc.xdc (Line: 25)
Related violations: <none>

XDCH-2#1111 Warning
Same min and max delay values on IO port  
The same output delay of 0.000 ns has been defined on port 'EVENT_DATA[289]' relative to clock CLK_ADC for both max and min. Make sure this reflects the design intent.
set_output_delay -clock [get_clocks CLK_ADC] 0.000 [get_ports -quiet {EVENT_VALID EVENT_DATA* EVENT_LAST EVENT_CHUNK_ID* EVENT_TIMESTAMP* EVENT_SCORE* RING_MISS_COUNT* CHUNK_OVERFLOW}]
/home/work1/Works/AI-Trigger-System/HDL/constraints/ai_trigger_ooc.xdc (Line: 25)
Related violations: <none>

XDCH-2#1112 Warning
Same min and max delay values on IO port  
The same output delay of 0.000 ns has been defined on port 'EVENT_DATA[28]' relative to clock CLK_ADC for both max and min. Make sure this reflects the design intent.
set_output_delay -clock [get_clocks CLK_ADC] 0.000 [get_ports -quiet {EVENT_VALID EVENT_DATA* EVENT_LAST EVENT_CHUNK_ID* EVENT_TIMESTAMP* EVENT_SCORE* RING_MISS_COUNT* CHUNK_OVERFLOW}]
/home/work1/Works/AI-Trigger-System/HDL/constraints/ai_trigger_ooc.xdc (Line: 25)
Related violations: <none>

XDCH-2#1113 Warning
Same min and max delay values on IO port  
The same output delay of 0.000 ns has been defined on port 'EVENT_DATA[290]' relative to clock CLK_ADC for both max and min. Make sure this reflects the design intent.
set_output_delay -clock [get_clocks CLK_ADC] 0.000 [get_ports -quiet {EVENT_VALID EVENT_DATA* EVENT_LAST EVENT_CHUNK_ID* EVENT_TIMESTAMP* EVENT_SCORE* RING_MISS_COUNT* CHUNK_OVERFLOW}]
/home/work1/Works/AI-Trigger-System/HDL/constraints/ai_trigger_ooc.xdc (Line: 25)
Related violations: <none>

XDCH-2#1114 Warning
Same min and max delay values on IO port  
The same output delay of 0.000 ns has been defined on port 'EVENT_DATA[291]' relative to clock CLK_ADC for both max and min. Make sure this reflects the design intent.
set_output_delay -clock [get_clocks CLK_ADC] 0.000 [get_ports -quiet {EVENT_VALID EVENT_DATA* EVENT_LAST EVENT_CHUNK_ID* EVENT_TIMESTAMP* EVENT_SCORE* RING_MISS_COUNT* CHUNK_OVERFLOW}]
/home/work1/Works/AI-Trigger-System/HDL/constraints/ai_trigger_ooc.xdc (Line: 25)
Related violations: <none>

XDCH-2#1115 Warning
Same min and max delay values on IO port  
The same output delay of 0.000 ns has been defined on port 'EVENT_DATA[292]' relative to clock CLK_ADC for both max and min. Make sure this reflects the design intent.
set_output_delay -clock [get_clocks CLK_ADC] 0.000 [get_ports -quiet {EVENT_VALID EVENT_DATA* EVENT_LAST EVENT_CHUNK_ID* EVENT_TIMESTAMP* EVENT_SCORE* RING_MISS_COUNT* CHUNK_OVERFLOW}]
/home/work1/Works/AI-Trigger-System/HDL/constraints/ai_trigger_ooc.xdc (Line: 25)
Related violations: <none>

XDCH-2#1116 Warning
Same min and max delay values on IO port  
The same output delay of 0.000 ns has been defined on port 'EVENT_DATA[293]' relative to clock CLK_ADC for both max and min. Make sure this reflects the design intent.
set_output_delay -clock [get_clocks CLK_ADC] 0.000 [get_ports -quiet {EVENT_VALID EVENT_DATA* EVENT_LAST EVENT_CHUNK_ID* EVENT_TIMESTAMP* EVENT_SCORE* RING_MISS_COUNT* CHUNK_OVERFLOW}]
/home/work1/Works/AI-Trigger-System/HDL/constraints/ai_trigger_ooc.xdc (Line: 25)
Related violations: <none>

XDCH-2#1117 Warning
Same min and max delay values on IO port  
The same output delay of 0.000 ns has been defined on port 'EVENT_DATA[294]' relative to clock CLK_ADC for both max and min. Make sure this reflects the design intent.
set_output_delay -clock [get_clocks CLK_ADC] 0.000 [get_ports -quiet {EVENT_VALID EVENT_DATA* EVENT_LAST EVENT_CHUNK_ID* EVENT_TIMESTAMP* EVENT_SCORE* RING_MISS_COUNT* CHUNK_OVERFLOW}]
/home/work1/Works/AI-Trigger-System/HDL/constraints/ai_trigger_ooc.xdc (Line: 25)
Related violations: <none>

XDCH-2#1118 Warning
Same min and max delay values on IO port  
The same output delay of 0.000 ns has been defined on port 'EVENT_DATA[295]' relative to clock CLK_ADC for both max and min. Make sure this reflects the design intent.
set_output_delay -clock [get_clocks CLK_ADC] 0.000 [get_ports -quiet {EVENT_VALID EVENT_DATA* EVENT_LAST EVENT_CHUNK_ID* EVENT_TIMESTAMP* EVENT_SCORE* RING_MISS_COUNT* CHUNK_OVERFLOW}]
/home/work1/Works/AI-Trigger-System/HDL/constraints/ai_trigger_ooc.xdc (Line: 25)
Related violations: <none>

XDCH-2#1119 Warning
Same min and max delay values on IO port  
The same output delay of 0.000 ns has been defined on port 'EVENT_DATA[296]' relative to clock CLK_ADC for both max and min. Make sure this reflects the design intent.
set_output_delay -clock [get_clocks CLK_ADC] 0.000 [get_ports -quiet {EVENT_VALID EVENT_DATA* EVENT_LAST EVENT_CHUNK_ID* EVENT_TIMESTAMP* EVENT_SCORE* RING_MISS_COUNT* CHUNK_OVERFLOW}]
/home/work1/Works/AI-Trigger-System/HDL/constraints/ai_trigger_ooc.xdc (Line: 25)
Related violations: <none>

XDCH-2#1120 Warning
Same min and max delay values on IO port  
The same output delay of 0.000 ns has been defined on port 'EVENT_DATA[297]' relative to clock CLK_ADC for both max and min. Make sure this reflects the design intent.
set_output_delay -clock [get_clocks CLK_ADC] 0.000 [get_ports -quiet {EVENT_VALID EVENT_DATA* EVENT_LAST EVENT_CHUNK_ID* EVENT_TIMESTAMP* EVENT_SCORE* RING_MISS_COUNT* CHUNK_OVERFLOW}]
/home/work1/Works/AI-Trigger-System/HDL/constraints/ai_trigger_ooc.xdc (Line: 25)
Related violations: <none>

XDCH-2#1121 Warning
Same min and max delay values on IO port  
The same output delay of 0.000 ns has been defined on port 'EVENT_DATA[298]' relative to clock CLK_ADC for both max and min. Make sure this reflects the design intent.
set_output_delay -clock [get_clocks CLK_ADC] 0.000 [get_ports -quiet {EVENT_VALID EVENT_DATA* EVENT_LAST EVENT_CHUNK_ID* EVENT_TIMESTAMP* EVENT_SCORE* RING_MISS_COUNT* CHUNK_OVERFLOW}]
/home/work1/Works/AI-Trigger-System/HDL/constraints/ai_trigger_ooc.xdc (Line: 25)
Related violations: <none>

XDCH-2#1122 Warning
Same min and max delay values on IO port  
The same output delay of 0.000 ns has been defined on port 'EVENT_DATA[299]' relative to clock CLK_ADC for both max and min. Make sure this reflects the design intent.
set_output_delay -clock [get_clocks CLK_ADC] 0.000 [get_ports -quiet {EVENT_VALID EVENT_DATA* EVENT_LAST EVENT_CHUNK_ID* EVENT_TIMESTAMP* EVENT_SCORE* RING_MISS_COUNT* CHUNK_OVERFLOW}]
/home/work1/Works/AI-Trigger-System/HDL/constraints/ai_trigger_ooc.xdc (Line: 25)
Related violations: <none>

XDCH-2#1123 Warning
Same min and max delay values on IO port  
The same output delay of 0.000 ns has been defined on port 'EVENT_DATA[29]' relative to clock CLK_ADC for both max and min. Make sure this reflects the design intent.
set_output_delay -clock [get_clocks CLK_ADC] 0.000 [get_ports -quiet {EVENT_VALID EVENT_DATA* EVENT_LAST EVENT_CHUNK_ID* EVENT_TIMESTAMP* EVENT_SCORE* RING_MISS_COUNT* CHUNK_OVERFLOW}]
/home/work1/Works/AI-Trigger-System/HDL/constraints/ai_trigger_ooc.xdc (Line: 25)
Related violations: <none>

XDCH-2#1124 Warning
Same min and max delay values on IO port  
The same output delay of 0.000 ns has been defined on port 'EVENT_DATA[2]' relative to clock CLK_ADC for both max and min. Make sure this reflects the design intent.
set_output_delay -clock [get_clocks CLK_ADC] 0.000 [get_ports -quiet {EVENT_VALID EVENT_DATA* EVENT_LAST EVENT_CHUNK_ID* EVENT_TIMESTAMP* EVENT_SCORE* RING_MISS_COUNT* CHUNK_OVERFLOW}]
/home/work1/Works/AI-Trigger-System/HDL/constraints/ai_trigger_ooc.xdc (Line: 25)
Related violations: <none>

XDCH-2#1125 Warning
Same min and max delay values on IO port  
The same output delay of 0.000 ns has been defined on port 'EVENT_DATA[300]' relative to clock CLK_ADC for both max and min. Make sure this reflects the design intent.
set_output_delay -clock [get_clocks CLK_ADC] 0.000 [get_ports -quiet {EVENT_VALID EVENT_DATA* EVENT_LAST EVENT_CHUNK_ID* EVENT_TIMESTAMP* EVENT_SCORE* RING_MISS_COUNT* CHUNK_OVERFLOW}]
/home/work1/Works/AI-Trigger-System/HDL/constraints/ai_trigger_ooc.xdc (Line: 25)
Related violations: <none>

XDCH-2#1126 Warning
Same min and max delay values on IO port  
The same output delay of 0.000 ns has been defined on port 'EVENT_DATA[301]' relative to clock CLK_ADC for both max and min. Make sure this reflects the design intent.
set_output_delay -clock [get_clocks CLK_ADC] 0.000 [get_ports -quiet {EVENT_VALID EVENT_DATA* EVENT_LAST EVENT_CHUNK_ID* EVENT_TIMESTAMP* EVENT_SCORE* RING_MISS_COUNT* CHUNK_OVERFLOW}]
/home/work1/Works/AI-Trigger-System/HDL/constraints/ai_trigger_ooc.xdc (Line: 25)
Related violations: <none>

XDCH-2#1127 Warning
Same min and max delay values on IO port  
The same output delay of 0.000 ns has been defined on port 'EVENT_DATA[302]' relative to clock CLK_ADC for both max and min. Make sure this reflects the design intent.
set_output_delay -clock [get_clocks CLK_ADC] 0.000 [get_ports -quiet {EVENT_VALID EVENT_DATA* EVENT_LAST EVENT_CHUNK_ID* EVENT_TIMESTAMP* EVENT_SCORE* RING_MISS_COUNT* CHUNK_OVERFLOW}]
/home/work1/Works/AI-Trigger-System/HDL/constraints/ai_trigger_ooc.xdc (Line: 25)
Related violations: <none>

XDCH-2#1128 Warning
Same min and max delay values on IO port  
The same output delay of 0.000 ns has been defined on port 'EVENT_DATA[303]' relative to clock CLK_ADC for both max and min. Make sure this reflects the design intent.
set_output_delay -clock [get_clocks CLK_ADC] 0.000 [get_ports -quiet {EVENT_VALID EVENT_DATA* EVENT_LAST EVENT_CHUNK_ID* EVENT_TIMESTAMP* EVENT_SCORE* RING_MISS_COUNT* CHUNK_OVERFLOW}]
/home/work1/Works/AI-Trigger-System/HDL/constraints/ai_trigger_ooc.xdc (Line: 25)
Related violations: <none>

XDCH-2#1129 Warning
Same min and max delay values on IO port  
The same output delay of 0.000 ns has been defined on port 'EVENT_DATA[304]' relative to clock CLK_ADC for both max and min. Make sure this reflects the design intent.
set_output_delay -clock [get_clocks CLK_ADC] 0.000 [get_ports -quiet {EVENT_VALID EVENT_DATA* EVENT_LAST EVENT_CHUNK_ID* EVENT_TIMESTAMP* EVENT_SCORE* RING_MISS_COUNT* CHUNK_OVERFLOW}]
/home/work1/Works/AI-Trigger-System/HDL/constraints/ai_trigger_ooc.xdc (Line: 25)
Related violations: <none>

XDCH-2#1130 Warning
Same min and max delay values on IO port  
The same output delay of 0.000 ns has been defined on port 'EVENT_DATA[305]' relative to clock CLK_ADC for both max and min. Make sure this reflects the design intent.
set_output_delay -clock [get_clocks CLK_ADC] 0.000 [get_ports -quiet {EVENT_VALID EVENT_DATA* EVENT_LAST EVENT_CHUNK_ID* EVENT_TIMESTAMP* EVENT_SCORE* RING_MISS_COUNT* CHUNK_OVERFLOW}]
/home/work1/Works/AI-Trigger-System/HDL/constraints/ai_trigger_ooc.xdc (Line: 25)
Related violations: <none>

XDCH-2#1131 Warning
Same min and max delay values on IO port  
The same output delay of 0.000 ns has been defined on port 'EVENT_DATA[306]' relative to clock CLK_ADC for both max and min. Make sure this reflects the design intent.
set_output_delay -clock [get_clocks CLK_ADC] 0.000 [get_ports -quiet {EVENT_VALID EVENT_DATA* EVENT_LAST EVENT_CHUNK_ID* EVENT_TIMESTAMP* EVENT_SCORE* RING_MISS_COUNT* CHUNK_OVERFLOW}]
/home/work1/Works/AI-Trigger-System/HDL/constraints/ai_trigger_ooc.xdc (Line: 25)
Related violations: <none>

XDCH-2#1132 Warning
Same min and max delay values on IO port  
The same output delay of 0.000 ns has been defined on port 'EVENT_DATA[307]' relative to clock CLK_ADC for both max and min. Make sure this reflects the design intent.
set_output_delay -clock [get_clocks CLK_ADC] 0.000 [get_ports -quiet {EVENT_VALID EVENT_DATA* EVENT_LAST EVENT_CHUNK_ID* EVENT_TIMESTAMP* EVENT_SCORE* RING_MISS_COUNT* CHUNK_OVERFLOW}]
/home/work1/Works/AI-Trigger-System/HDL/constraints/ai_trigger_ooc.xdc (Line: 25)
Related violations: <none>

XDCH-2#1133 Warning
Same min and max delay values on IO port  
The same output delay of 0.000 ns has been defined on port 'EVENT_DATA[308]' relative to clock CLK_ADC for both max and min. Make sure this reflects the design intent.
set_output_delay -clock [get_clocks CLK_ADC] 0.000 [get_ports -quiet {EVENT_VALID EVENT_DATA* EVENT_LAST EVENT_CHUNK_ID* EVENT_TIMESTAMP* EVENT_SCORE* RING_MISS_COUNT* CHUNK_OVERFLOW}]
/home/work1/Works/AI-Trigger-System/HDL/constraints/ai_trigger_ooc.xdc (Line: 25)
Related violations: <none>

XDCH-2#1134 Warning
Same min and max delay values on IO port  
The same output delay of 0.000 ns has been defined on port 'EVENT_DATA[309]' relative to clock CLK_ADC for both max and min. Make sure this reflects the design intent.
set_output_delay -clock [get_clocks CLK_ADC] 0.000 [get_ports -quiet {EVENT_VALID EVENT_DATA* EVENT_LAST EVENT_CHUNK_ID* EVENT_TIMESTAMP* EVENT_SCORE* RING_MISS_COUNT* CHUNK_OVERFLOW}]
/home/work1/Works/AI-Trigger-System/HDL/constraints/ai_trigger_ooc.xdc (Line: 25)
Related violations: <none>

XDCH-2#1135 Warning
Same min and max delay values on IO port  
The same output delay of 0.000 ns has been defined on port 'EVENT_DATA[30]' relative to clock CLK_ADC for both max and min. Make sure this reflects the design intent.
set_output_delay -clock [get_clocks CLK_ADC] 0.000 [get_ports -quiet {EVENT_VALID EVENT_DATA* EVENT_LAST EVENT_CHUNK_ID* EVENT_TIMESTAMP* EVENT_SCORE* RING_MISS_COUNT* CHUNK_OVERFLOW}]
/home/work1/Works/AI-Trigger-System/HDL/constraints/ai_trigger_ooc.xdc (Line: 25)
Related violations: <none>

XDCH-2#1136 Warning
Same min and max delay values on IO port  
The same output delay of 0.000 ns has been defined on port 'EVENT_DATA[310]' relative to clock CLK_ADC for both max and min. Make sure this reflects the design intent.
set_output_delay -clock [get_clocks CLK_ADC] 0.000 [get_ports -quiet {EVENT_VALID EVENT_DATA* EVENT_LAST EVENT_CHUNK_ID* EVENT_TIMESTAMP* EVENT_SCORE* RING_MISS_COUNT* CHUNK_OVERFLOW}]
/home/work1/Works/AI-Trigger-System/HDL/constraints/ai_trigger_ooc.xdc (Line: 25)
Related violations: <none>

XDCH-2#1137 Warning
Same min and max delay values on IO port  
The same output delay of 0.000 ns has been defined on port 'EVENT_DATA[311]' relative to clock CLK_ADC for both max and min. Make sure this reflects the design intent.
set_output_delay -clock [get_clocks CLK_ADC] 0.000 [get_ports -quiet {EVENT_VALID EVENT_DATA* EVENT_LAST EVENT_CHUNK_ID* EVENT_TIMESTAMP* EVENT_SCORE* RING_MISS_COUNT* CHUNK_OVERFLOW}]
/home/work1/Works/AI-Trigger-System/HDL/constraints/ai_trigger_ooc.xdc (Line: 25)
Related violations: <none>

XDCH-2#1138 Warning
Same min and max delay values on IO port  
The same output delay of 0.000 ns has been defined on port 'EVENT_DATA[312]' relative to clock CLK_ADC for both max and min. Make sure this reflects the design intent.
set_output_delay -clock [get_clocks CLK_ADC] 0.000 [get_ports -quiet {EVENT_VALID EVENT_DATA* EVENT_LAST EVENT_CHUNK_ID* EVENT_TIMESTAMP* EVENT_SCORE* RING_MISS_COUNT* CHUNK_OVERFLOW}]
/home/work1/Works/AI-Trigger-System/HDL/constraints/ai_trigger_ooc.xdc (Line: 25)
Related violations: <none>

XDCH-2#1139 Warning
Same min and max delay values on IO port  
The same output delay of 0.000 ns has been defined on port 'EVENT_DATA[313]' relative to clock CLK_ADC for both max and min. Make sure this reflects the design intent.
set_output_delay -clock [get_clocks CLK_ADC] 0.000 [get_ports -quiet {EVENT_VALID EVENT_DATA* EVENT_LAST EVENT_CHUNK_ID* EVENT_TIMESTAMP* EVENT_SCORE* RING_MISS_COUNT* CHUNK_OVERFLOW}]
/home/work1/Works/AI-Trigger-System/HDL/constraints/ai_trigger_ooc.xdc (Line: 25)
Related violations: <none>

XDCH-2#1140 Warning
Same min and max delay values on IO port  
The same output delay of 0.000 ns has been defined on port 'EVENT_DATA[314]' relative to clock CLK_ADC for both max and min. Make sure this reflects the design intent.
set_output_delay -clock [get_clocks CLK_ADC] 0.000 [get_ports -quiet {EVENT_VALID EVENT_DATA* EVENT_LAST EVENT_CHUNK_ID* EVENT_TIMESTAMP* EVENT_SCORE* RING_MISS_COUNT* CHUNK_OVERFLOW}]
/home/work1/Works/AI-Trigger-System/HDL/constraints/ai_trigger_ooc.xdc (Line: 25)
Related violations: <none>

XDCH-2#1141 Warning
Same min and max delay values on IO port  
The same output delay of 0.000 ns has been defined on port 'EVENT_DATA[315]' relative to clock CLK_ADC for both max and min. Make sure this reflects the design intent.
set_output_delay -clock [get_clocks CLK_ADC] 0.000 [get_ports -quiet {EVENT_VALID EVENT_DATA* EVENT_LAST EVENT_CHUNK_ID* EVENT_TIMESTAMP* EVENT_SCORE* RING_MISS_COUNT* CHUNK_OVERFLOW}]
/home/work1/Works/AI-Trigger-System/HDL/constraints/ai_trigger_ooc.xdc (Line: 25)
Related violations: <none>

XDCH-2#1142 Warning
Same min and max delay values on IO port  
The same output delay of 0.000 ns has been defined on port 'EVENT_DATA[316]' relative to clock CLK_ADC for both max and min. Make sure this reflects the design intent.
set_output_delay -clock [get_clocks CLK_ADC] 0.000 [get_ports -quiet {EVENT_VALID EVENT_DATA* EVENT_LAST EVENT_CHUNK_ID* EVENT_TIMESTAMP* EVENT_SCORE* RING_MISS_COUNT* CHUNK_OVERFLOW}]
/home/work1/Works/AI-Trigger-System/HDL/constraints/ai_trigger_ooc.xdc (Line: 25)
Related violations: <none>

XDCH-2#1143 Warning
Same min and max delay values on IO port  
The same output delay of 0.000 ns has been defined on port 'EVENT_DATA[317]' relative to clock CLK_ADC for both max and min. Make sure this reflects the design intent.
set_output_delay -clock [get_clocks CLK_ADC] 0.000 [get_ports -quiet {EVENT_VALID EVENT_DATA* EVENT_LAST EVENT_CHUNK_ID* EVENT_TIMESTAMP* EVENT_SCORE* RING_MISS_COUNT* CHUNK_OVERFLOW}]
/home/work1/Works/AI-Trigger-System/HDL/constraints/ai_trigger_ooc.xdc (Line: 25)
Related violations: <none>

XDCH-2#1144 Warning
Same min and max delay values on IO port  
The same output delay of 0.000 ns has been defined on port 'EVENT_DATA[318]' relative to clock CLK_ADC for both max and min. Make sure this reflects the design intent.
set_output_delay -clock [get_clocks CLK_ADC] 0.000 [get_ports -quiet {EVENT_VALID EVENT_DATA* EVENT_LAST EVENT_CHUNK_ID* EVENT_TIMESTAMP* EVENT_SCORE* RING_MISS_COUNT* CHUNK_OVERFLOW}]
/home/work1/Works/AI-Trigger-System/HDL/constraints/ai_trigger_ooc.xdc (Line: 25)
Related violations: <none>

XDCH-2#1145 Warning
Same min and max delay values on IO port  
The same output delay of 0.000 ns has been defined on port 'EVENT_DATA[319]' relative to clock CLK_ADC for both max and min. Make sure this reflects the design intent.
set_output_delay -clock [get_clocks CLK_ADC] 0.000 [get_ports -quiet {EVENT_VALID EVENT_DATA* EVENT_LAST EVENT_CHUNK_ID* EVENT_TIMESTAMP* EVENT_SCORE* RING_MISS_COUNT* CHUNK_OVERFLOW}]
/home/work1/Works/AI-Trigger-System/HDL/constraints/ai_trigger_ooc.xdc (Line: 25)
Related violations: <none>

XDCH-2#1146 Warning
Same min and max delay values on IO port  
The same output delay of 0.000 ns has been defined on port 'EVENT_DATA[31]' relative to clock CLK_ADC for both max and min. Make sure this reflects the design intent.
set_output_delay -clock [get_clocks CLK_ADC] 0.000 [get_ports -quiet {EVENT_VALID EVENT_DATA* EVENT_LAST EVENT_CHUNK_ID* EVENT_TIMESTAMP* EVENT_SCORE* RING_MISS_COUNT* CHUNK_OVERFLOW}]
/home/work1/Works/AI-Trigger-System/HDL/constraints/ai_trigger_ooc.xdc (Line: 25)
Related violations: <none>

XDCH-2#1147 Warning
Same min and max delay values on IO port  
The same output delay of 0.000 ns has been defined on port 'EVENT_DATA[320]' relative to clock CLK_ADC for both max and min. Make sure this reflects the design intent.
set_output_delay -clock [get_clocks CLK_ADC] 0.000 [get_ports -quiet {EVENT_VALID EVENT_DATA* EVENT_LAST EVENT_CHUNK_ID* EVENT_TIMESTAMP* EVENT_SCORE* RING_MISS_COUNT* CHUNK_OVERFLOW}]
/home/work1/Works/AI-Trigger-System/HDL/constraints/ai_trigger_ooc.xdc (Line: 25)
Related violations: <none>

XDCH-2#1148 Warning
Same min and max delay values on IO port  
The same output delay of 0.000 ns has been defined on port 'EVENT_DATA[321]' relative to clock CLK_ADC for both max and min. Make sure this reflects the design intent.
set_output_delay -clock [get_clocks CLK_ADC] 0.000 [get_ports -quiet {EVENT_VALID EVENT_DATA* EVENT_LAST EVENT_CHUNK_ID* EVENT_TIMESTAMP* EVENT_SCORE* RING_MISS_COUNT* CHUNK_OVERFLOW}]
/home/work1/Works/AI-Trigger-System/HDL/constraints/ai_trigger_ooc.xdc (Line: 25)
Related violations: <none>

XDCH-2#1149 Warning
Same min and max delay values on IO port  
The same output delay of 0.000 ns has been defined on port 'EVENT_DATA[322]' relative to clock CLK_ADC for both max and min. Make sure this reflects the design intent.
set_output_delay -clock [get_clocks CLK_ADC] 0.000 [get_ports -quiet {EVENT_VALID EVENT_DATA* EVENT_LAST EVENT_CHUNK_ID* EVENT_TIMESTAMP* EVENT_SCORE* RING_MISS_COUNT* CHUNK_OVERFLOW}]
/home/work1/Works/AI-Trigger-System/HDL/constraints/ai_trigger_ooc.xdc (Line: 25)
Related violations: <none>

XDCH-2#1150 Warning
Same min and max delay values on IO port  
The same output delay of 0.000 ns has been defined on port 'EVENT_DATA[323]' relative to clock CLK_ADC for both max and min. Make sure this reflects the design intent.
set_output_delay -clock [get_clocks CLK_ADC] 0.000 [get_ports -quiet {EVENT_VALID EVENT_DATA* EVENT_LAST EVENT_CHUNK_ID* EVENT_TIMESTAMP* EVENT_SCORE* RING_MISS_COUNT* CHUNK_OVERFLOW}]
/home/work1/Works/AI-Trigger-System/HDL/constraints/ai_trigger_ooc.xdc (Line: 25)
Related violations: <none>

XDCH-2#1151 Warning
Same min and max delay values on IO port  
The same output delay of 0.000 ns has been defined on port 'EVENT_DATA[324]' relative to clock CLK_ADC for both max and min. Make sure this reflects the design intent.
set_output_delay -clock [get_clocks CLK_ADC] 0.000 [get_ports -quiet {EVENT_VALID EVENT_DATA* EVENT_LAST EVENT_CHUNK_ID* EVENT_TIMESTAMP* EVENT_SCORE* RING_MISS_COUNT* CHUNK_OVERFLOW}]
/home/work1/Works/AI-Trigger-System/HDL/constraints/ai_trigger_ooc.xdc (Line: 25)
Related violations: <none>

XDCH-2#1152 Warning
Same min and max delay values on IO port  
The same output delay of 0.000 ns has been defined on port 'EVENT_DATA[325]' relative to clock CLK_ADC for both max and min. Make sure this reflects the design intent.
set_output_delay -clock [get_clocks CLK_ADC] 0.000 [get_ports -quiet {EVENT_VALID EVENT_DATA* EVENT_LAST EVENT_CHUNK_ID* EVENT_TIMESTAMP* EVENT_SCORE* RING_MISS_COUNT* CHUNK_OVERFLOW}]
/home/work1/Works/AI-Trigger-System/HDL/constraints/ai_trigger_ooc.xdc (Line: 25)
Related violations: <none>

XDCH-2#1153 Warning
Same min and max delay values on IO port  
The same output delay of 0.000 ns has been defined on port 'EVENT_DATA[326]' relative to clock CLK_ADC for both max and min. Make sure this reflects the design intent.
set_output_delay -clock [get_clocks CLK_ADC] 0.000 [get_ports -quiet {EVENT_VALID EVENT_DATA* EVENT_LAST EVENT_CHUNK_ID* EVENT_TIMESTAMP* EVENT_SCORE* RING_MISS_COUNT* CHUNK_OVERFLOW}]
/home/work1/Works/AI-Trigger-System/HDL/constraints/ai_trigger_ooc.xdc (Line: 25)
Related violations: <none>

XDCH-2#1154 Warning
Same min and max delay values on IO port  
The same output delay of 0.000 ns has been defined on port 'EVENT_DATA[327]' relative to clock CLK_ADC for both max and min. Make sure this reflects the design intent.
set_output_delay -clock [get_clocks CLK_ADC] 0.000 [get_ports -quiet {EVENT_VALID EVENT_DATA* EVENT_LAST EVENT_CHUNK_ID* EVENT_TIMESTAMP* EVENT_SCORE* RING_MISS_COUNT* CHUNK_OVERFLOW}]
/home/work1/Works/AI-Trigger-System/HDL/constraints/ai_trigger_ooc.xdc (Line: 25)
Related violations: <none>

XDCH-2#1155 Warning
Same min and max delay values on IO port  
The same output delay of 0.000 ns has been defined on port 'EVENT_DATA[328]' relative to clock CLK_ADC for both max and min. Make sure this reflects the design intent.
set_output_delay -clock [get_clocks CLK_ADC] 0.000 [get_ports -quiet {EVENT_VALID EVENT_DATA* EVENT_LAST EVENT_CHUNK_ID* EVENT_TIMESTAMP* EVENT_SCORE* RING_MISS_COUNT* CHUNK_OVERFLOW}]
/home/work1/Works/AI-Trigger-System/HDL/constraints/ai_trigger_ooc.xdc (Line: 25)
Related violations: <none>

XDCH-2#1156 Warning
Same min and max delay values on IO port  
The same output delay of 0.000 ns has been defined on port 'EVENT_DATA[329]' relative to clock CLK_ADC for both max and min. Make sure this reflects the design intent.
set_output_delay -clock [get_clocks CLK_ADC] 0.000 [get_ports -quiet {EVENT_VALID EVENT_DATA* EVENT_LAST EVENT_CHUNK_ID* EVENT_TIMESTAMP* EVENT_SCORE* RING_MISS_COUNT* CHUNK_OVERFLOW}]
/home/work1/Works/AI-Trigger-System/HDL/constraints/ai_trigger_ooc.xdc (Line: 25)
Related violations: <none>

XDCH-2#1157 Warning
Same min and max delay values on IO port  
The same output delay of 0.000 ns has been defined on port 'EVENT_DATA[32]' relative to clock CLK_ADC for both max and min. Make sure this reflects the design intent.
set_output_delay -clock [get_clocks CLK_ADC] 0.000 [get_ports -quiet {EVENT_VALID EVENT_DATA* EVENT_LAST EVENT_CHUNK_ID* EVENT_TIMESTAMP* EVENT_SCORE* RING_MISS_COUNT* CHUNK_OVERFLOW}]
/home/work1/Works/AI-Trigger-System/HDL/constraints/ai_trigger_ooc.xdc (Line: 25)
Related violations: <none>

XDCH-2#1158 Warning
Same min and max delay values on IO port  
The same output delay of 0.000 ns has been defined on port 'EVENT_DATA[330]' relative to clock CLK_ADC for both max and min. Make sure this reflects the design intent.
set_output_delay -clock [get_clocks CLK_ADC] 0.000 [get_ports -quiet {EVENT_VALID EVENT_DATA* EVENT_LAST EVENT_CHUNK_ID* EVENT_TIMESTAMP* EVENT_SCORE* RING_MISS_COUNT* CHUNK_OVERFLOW}]
/home/work1/Works/AI-Trigger-System/HDL/constraints/ai_trigger_ooc.xdc (Line: 25)
Related violations: <none>

XDCH-2#1159 Warning
Same min and max delay values on IO port  
The same output delay of 0.000 ns has been defined on port 'EVENT_DATA[331]' relative to clock CLK_ADC for both max and min. Make sure this reflects the design intent.
set_output_delay -clock [get_clocks CLK_ADC] 0.000 [get_ports -quiet {EVENT_VALID EVENT_DATA* EVENT_LAST EVENT_CHUNK_ID* EVENT_TIMESTAMP* EVENT_SCORE* RING_MISS_COUNT* CHUNK_OVERFLOW}]
/home/work1/Works/AI-Trigger-System/HDL/constraints/ai_trigger_ooc.xdc (Line: 25)
Related violations: <none>

XDCH-2#1160 Warning
Same min and max delay values on IO port  
The same output delay of 0.000 ns has been defined on port 'EVENT_DATA[332]' relative to clock CLK_ADC for both max and min. Make sure this reflects the design intent.
set_output_delay -clock [get_clocks CLK_ADC] 0.000 [get_ports -quiet {EVENT_VALID EVENT_DATA* EVENT_LAST EVENT_CHUNK_ID* EVENT_TIMESTAMP* EVENT_SCORE* RING_MISS_COUNT* CHUNK_OVERFLOW}]
/home/work1/Works/AI-Trigger-System/HDL/constraints/ai_trigger_ooc.xdc (Line: 25)
Related violations: <none>

XDCH-2#1161 Warning
Same min and max delay values on IO port  
The same output delay of 0.000 ns has been defined on port 'EVENT_DATA[333]' relative to clock CLK_ADC for both max and min. Make sure this reflects the design intent.
set_output_delay -clock [get_clocks CLK_ADC] 0.000 [get_ports -quiet {EVENT_VALID EVENT_DATA* EVENT_LAST EVENT_CHUNK_ID* EVENT_TIMESTAMP* EVENT_SCORE* RING_MISS_COUNT* CHUNK_OVERFLOW}]
/home/work1/Works/AI-Trigger-System/HDL/constraints/ai_trigger_ooc.xdc (Line: 25)
Related violations: <none>

XDCH-2#1162 Warning
Same min and max delay values on IO port  
The same output delay of 0.000 ns has been defined on port 'EVENT_DATA[334]' relative to clock CLK_ADC for both max and min. Make sure this reflects the design intent.
set_output_delay -clock [get_clocks CLK_ADC] 0.000 [get_ports -quiet {EVENT_VALID EVENT_DATA* EVENT_LAST EVENT_CHUNK_ID* EVENT_TIMESTAMP* EVENT_SCORE* RING_MISS_COUNT* CHUNK_OVERFLOW}]
/home/work1/Works/AI-Trigger-System/HDL/constraints/ai_trigger_ooc.xdc (Line: 25)
Related violations: <none>

XDCH-2#1163 Warning
Same min and max delay values on IO port  
The same output delay of 0.000 ns has been defined on port 'EVENT_DATA[335]' relative to clock CLK_ADC for both max and min. Make sure this reflects the design intent.
set_output_delay -clock [get_clocks CLK_ADC] 0.000 [get_ports -quiet {EVENT_VALID EVENT_DATA* EVENT_LAST EVENT_CHUNK_ID* EVENT_TIMESTAMP* EVENT_SCORE* RING_MISS_COUNT* CHUNK_OVERFLOW}]
/home/work1/Works/AI-Trigger-System/HDL/constraints/ai_trigger_ooc.xdc (Line: 25)
Related violations: <none>

XDCH-2#1164 Warning
Same min and max delay values on IO port  
The same output delay of 0.000 ns has been defined on port 'EVENT_DATA[336]' relative to clock CLK_ADC for both max and min. Make sure this reflects the design intent.
set_output_delay -clock [get_clocks CLK_ADC] 0.000 [get_ports -quiet {EVENT_VALID EVENT_DATA* EVENT_LAST EVENT_CHUNK_ID* EVENT_TIMESTAMP* EVENT_SCORE* RING_MISS_COUNT* CHUNK_OVERFLOW}]
/home/work1/Works/AI-Trigger-System/HDL/constraints/ai_trigger_ooc.xdc (Line: 25)
Related violations: <none>

XDCH-2#1165 Warning
Same min and max delay values on IO port  
The same output delay of 0.000 ns has been defined on port 'EVENT_DATA[337]' relative to clock CLK_ADC for both max and min. Make sure this reflects the design intent.
set_output_delay -clock [get_clocks CLK_ADC] 0.000 [get_ports -quiet {EVENT_VALID EVENT_DATA* EVENT_LAST EVENT_CHUNK_ID* EVENT_TIMESTAMP* EVENT_SCORE* RING_MISS_COUNT* CHUNK_OVERFLOW}]
/home/work1/Works/AI-Trigger-System/HDL/constraints/ai_trigger_ooc.xdc (Line: 25)
Related violations: <none>

XDCH-2#1166 Warning
Same min and max delay values on IO port  
The same output delay of 0.000 ns has been defined on port 'EVENT_DATA[338]' relative to clock CLK_ADC for both max and min. Make sure this reflects the design intent.
set_output_delay -clock [get_clocks CLK_ADC] 0.000 [get_ports -quiet {EVENT_VALID EVENT_DATA* EVENT_LAST EVENT_CHUNK_ID* EVENT_TIMESTAMP* EVENT_SCORE* RING_MISS_COUNT* CHUNK_OVERFLOW}]
/home/work1/Works/AI-Trigger-System/HDL/constraints/ai_trigger_ooc.xdc (Line: 25)
Related violations: <none>

XDCH-2#1167 Warning
Same min and max delay values on IO port  
The same output delay of 0.000 ns has been defined on port 'EVENT_DATA[339]' relative to clock CLK_ADC for both max and min. Make sure this reflects the design intent.
set_output_delay -clock [get_clocks CLK_ADC] 0.000 [get_ports -quiet {EVENT_VALID EVENT_DATA* EVENT_LAST EVENT_CHUNK_ID* EVENT_TIMESTAMP* EVENT_SCORE* RING_MISS_COUNT* CHUNK_OVERFLOW}]
/home/work1/Works/AI-Trigger-System/HDL/constraints/ai_trigger_ooc.xdc (Line: 25)
Related violations: <none>

XDCH-2#1168 Warning
Same min and max delay values on IO port  
The same output delay of 0.000 ns has been defined on port 'EVENT_DATA[33]' relative to clock CLK_ADC for both max and min. Make sure this reflects the design intent.
set_output_delay -clock [get_clocks CLK_ADC] 0.000 [get_ports -quiet {EVENT_VALID EVENT_DATA* EVENT_LAST EVENT_CHUNK_ID* EVENT_TIMESTAMP* EVENT_SCORE* RING_MISS_COUNT* CHUNK_OVERFLOW}]
/home/work1/Works/AI-Trigger-System/HDL/constraints/ai_trigger_ooc.xdc (Line: 25)
Related violations: <none>

XDCH-2#1169 Warning
Same min and max delay values on IO port  
The same output delay of 0.000 ns has been defined on port 'EVENT_DATA[340]' relative to clock CLK_ADC for both max and min. Make sure this reflects the design intent.
set_output_delay -clock [get_clocks CLK_ADC] 0.000 [get_ports -quiet {EVENT_VALID EVENT_DATA* EVENT_LAST EVENT_CHUNK_ID* EVENT_TIMESTAMP* EVENT_SCORE* RING_MISS_COUNT* CHUNK_OVERFLOW}]
/home/work1/Works/AI-Trigger-System/HDL/constraints/ai_trigger_ooc.xdc (Line: 25)
Related violations: <none>

XDCH-2#1170 Warning
Same min and max delay values on IO port  
The same output delay of 0.000 ns has been defined on port 'EVENT_DATA[341]' relative to clock CLK_ADC for both max and min. Make sure this reflects the design intent.
set_output_delay -clock [get_clocks CLK_ADC] 0.000 [get_ports -quiet {EVENT_VALID EVENT_DATA* EVENT_LAST EVENT_CHUNK_ID* EVENT_TIMESTAMP* EVENT_SCORE* RING_MISS_COUNT* CHUNK_OVERFLOW}]
/home/work1/Works/AI-Trigger-System/HDL/constraints/ai_trigger_ooc.xdc (Line: 25)
Related violations: <none>

XDCH-2#1171 Warning
Same min and max delay values on IO port  
The same output delay of 0.000 ns has been defined on port 'EVENT_DATA[342]' relative to clock CLK_ADC for both max and min. Make sure this reflects the design intent.
set_output_delay -clock [get_clocks CLK_ADC] 0.000 [get_ports -quiet {EVENT_VALID EVENT_DATA* EVENT_LAST EVENT_CHUNK_ID* EVENT_TIMESTAMP* EVENT_SCORE* RING_MISS_COUNT* CHUNK_OVERFLOW}]
/home/work1/Works/AI-Trigger-System/HDL/constraints/ai_trigger_ooc.xdc (Line: 25)
Related violations: <none>

XDCH-2#1172 Warning
Same min and max delay values on IO port  
The same output delay of 0.000 ns has been defined on port 'EVENT_DATA[343]' relative to clock CLK_ADC for both max and min. Make sure this reflects the design intent.
set_output_delay -clock [get_clocks CLK_ADC] 0.000 [get_ports -quiet {EVENT_VALID EVENT_DATA* EVENT_LAST EVENT_CHUNK_ID* EVENT_TIMESTAMP* EVENT_SCORE* RING_MISS_COUNT* CHUNK_OVERFLOW}]
/home/work1/Works/AI-Trigger-System/HDL/constraints/ai_trigger_ooc.xdc (Line: 25)
Related violations: <none>

XDCH-2#1173 Warning
Same min and max delay values on IO port  
The same output delay of 0.000 ns has been defined on port 'EVENT_DATA[344]' relative to clock CLK_ADC for both max and min. Make sure this reflects the design intent.
set_output_delay -clock [get_clocks CLK_ADC] 0.000 [get_ports -quiet {EVENT_VALID EVENT_DATA* EVENT_LAST EVENT_CHUNK_ID* EVENT_TIMESTAMP* EVENT_SCORE* RING_MISS_COUNT* CHUNK_OVERFLOW}]
/home/work1/Works/AI-Trigger-System/HDL/constraints/ai_trigger_ooc.xdc (Line: 25)
Related violations: <none>

XDCH-2#1174 Warning
Same min and max delay values on IO port  
The same output delay of 0.000 ns has been defined on port 'EVENT_DATA[345]' relative to clock CLK_ADC for both max and min. Make sure this reflects the design intent.
set_output_delay -clock [get_clocks CLK_ADC] 0.000 [get_ports -quiet {EVENT_VALID EVENT_DATA* EVENT_LAST EVENT_CHUNK_ID* EVENT_TIMESTAMP* EVENT_SCORE* RING_MISS_COUNT* CHUNK_OVERFLOW}]
/home/work1/Works/AI-Trigger-System/HDL/constraints/ai_trigger_ooc.xdc (Line: 25)
Related violations: <none>

XDCH-2#1175 Warning
Same min and max delay values on IO port  
The same output delay of 0.000 ns has been defined on port 'EVENT_DATA[346]' relative to clock CLK_ADC for both max and min. Make sure this reflects the design intent.
set_output_delay -clock [get_clocks CLK_ADC] 0.000 [get_ports -quiet {EVENT_VALID EVENT_DATA* EVENT_LAST EVENT_CHUNK_ID* EVENT_TIMESTAMP* EVENT_SCORE* RING_MISS_COUNT* CHUNK_OVERFLOW}]
/home/work1/Works/AI-Trigger-System/HDL/constraints/ai_trigger_ooc.xdc (Line: 25)
Related violations: <none>

XDCH-2#1176 Warning
Same min and max delay values on IO port  
The same output delay of 0.000 ns has been defined on port 'EVENT_DATA[347]' relative to clock CLK_ADC for both max and min. Make sure this reflects the design intent.
set_output_delay -clock [get_clocks CLK_ADC] 0.000 [get_ports -quiet {EVENT_VALID EVENT_DATA* EVENT_LAST EVENT_CHUNK_ID* EVENT_TIMESTAMP* EVENT_SCORE* RING_MISS_COUNT* CHUNK_OVERFLOW}]
/home/work1/Works/AI-Trigger-System/HDL/constraints/ai_trigger_ooc.xdc (Line: 25)
Related violations: <none>

XDCH-2#1177 Warning
Same min and max delay values on IO port  
The same output delay of 0.000 ns has been defined on port 'EVENT_DATA[348]' relative to clock CLK_ADC for both max and min. Make sure this reflects the design intent.
set_output_delay -clock [get_clocks CLK_ADC] 0.000 [get_ports -quiet {EVENT_VALID EVENT_DATA* EVENT_LAST EVENT_CHUNK_ID* EVENT_TIMESTAMP* EVENT_SCORE* RING_MISS_COUNT* CHUNK_OVERFLOW}]
/home/work1/Works/AI-Trigger-System/HDL/constraints/ai_trigger_ooc.xdc (Line: 25)
Related violations: <none>

XDCH-2#1178 Warning
Same min and max delay values on IO port  
The same output delay of 0.000 ns has been defined on port 'EVENT_DATA[349]' relative to clock CLK_ADC for both max and min. Make sure this reflects the design intent.
set_output_delay -clock [get_clocks CLK_ADC] 0.000 [get_ports -quiet {EVENT_VALID EVENT_DATA* EVENT_LAST EVENT_CHUNK_ID* EVENT_TIMESTAMP* EVENT_SCORE* RING_MISS_COUNT* CHUNK_OVERFLOW}]
/home/work1/Works/AI-Trigger-System/HDL/constraints/ai_trigger_ooc.xdc (Line: 25)
Related violations: <none>

XDCH-2#1179 Warning
Same min and max delay values on IO port  
The same output delay of 0.000 ns has been defined on port 'EVENT_DATA[34]' relative to clock CLK_ADC for both max and min. Make sure this reflects the design intent.
set_output_delay -clock [get_clocks CLK_ADC] 0.000 [get_ports -quiet {EVENT_VALID EVENT_DATA* EVENT_LAST EVENT_CHUNK_ID* EVENT_TIMESTAMP* EVENT_SCORE* RING_MISS_COUNT* CHUNK_OVERFLOW}]
/home/work1/Works/AI-Trigger-System/HDL/constraints/ai_trigger_ooc.xdc (Line: 25)
Related violations: <none>

XDCH-2#1180 Warning
Same min and max delay values on IO port  
The same output delay of 0.000 ns has been defined on port 'EVENT_DATA[350]' relative to clock CLK_ADC for both max and min. Make sure this reflects the design intent.
set_output_delay -clock [get_clocks CLK_ADC] 0.000 [get_ports -quiet {EVENT_VALID EVENT_DATA* EVENT_LAST EVENT_CHUNK_ID* EVENT_TIMESTAMP* EVENT_SCORE* RING_MISS_COUNT* CHUNK_OVERFLOW}]
/home/work1/Works/AI-Trigger-System/HDL/constraints/ai_trigger_ooc.xdc (Line: 25)
Related violations: <none>

XDCH-2#1181 Warning
Same min and max delay values on IO port  
The same output delay of 0.000 ns has been defined on port 'EVENT_DATA[351]' relative to clock CLK_ADC for both max and min. Make sure this reflects the design intent.
set_output_delay -clock [get_clocks CLK_ADC] 0.000 [get_ports -quiet {EVENT_VALID EVENT_DATA* EVENT_LAST EVENT_CHUNK_ID* EVENT_TIMESTAMP* EVENT_SCORE* RING_MISS_COUNT* CHUNK_OVERFLOW}]
/home/work1/Works/AI-Trigger-System/HDL/constraints/ai_trigger_ooc.xdc (Line: 25)
Related violations: <none>

XDCH-2#1182 Warning
Same min and max delay values on IO port  
The same output delay of 0.000 ns has been defined on port 'EVENT_DATA[352]' relative to clock CLK_ADC for both max and min. Make sure this reflects the design intent.
set_output_delay -clock [get_clocks CLK_ADC] 0.000 [get_ports -quiet {EVENT_VALID EVENT_DATA* EVENT_LAST EVENT_CHUNK_ID* EVENT_TIMESTAMP* EVENT_SCORE* RING_MISS_COUNT* CHUNK_OVERFLOW}]
/home/work1/Works/AI-Trigger-System/HDL/constraints/ai_trigger_ooc.xdc (Line: 25)
Related violations: <none>

XDCH-2#1183 Warning
Same min and max delay values on IO port  
The same output delay of 0.000 ns has been defined on port 'EVENT_DATA[353]' relative to clock CLK_ADC for both max and min. Make sure this reflects the design intent.
set_output_delay -clock [get_clocks CLK_ADC] 0.000 [get_ports -quiet {EVENT_VALID EVENT_DATA* EVENT_LAST EVENT_CHUNK_ID* EVENT_TIMESTAMP* EVENT_SCORE* RING_MISS_COUNT* CHUNK_OVERFLOW}]
/home/work1/Works/AI-Trigger-System/HDL/constraints/ai_trigger_ooc.xdc (Line: 25)
Related violations: <none>

XDCH-2#1184 Warning
Same min and max delay values on IO port  
The same output delay of 0.000 ns has been defined on port 'EVENT_DATA[354]' relative to clock CLK_ADC for both max and min. Make sure this reflects the design intent.
set_output_delay -clock [get_clocks CLK_ADC] 0.000 [get_ports -quiet {EVENT_VALID EVENT_DATA* EVENT_LAST EVENT_CHUNK_ID* EVENT_TIMESTAMP* EVENT_SCORE* RING_MISS_COUNT* CHUNK_OVERFLOW}]
/home/work1/Works/AI-Trigger-System/HDL/constraints/ai_trigger_ooc.xdc (Line: 25)
Related violations: <none>

XDCH-2#1185 Warning
Same min and max delay values on IO port  
The same output delay of 0.000 ns has been defined on port 'EVENT_DATA[355]' relative to clock CLK_ADC for both max and min. Make sure this reflects the design intent.
set_output_delay -clock [get_clocks CLK_ADC] 0.000 [get_ports -quiet {EVENT_VALID EVENT_DATA* EVENT_LAST EVENT_CHUNK_ID* EVENT_TIMESTAMP* EVENT_SCORE* RING_MISS_COUNT* CHUNK_OVERFLOW}]
/home/work1/Works/AI-Trigger-System/HDL/constraints/ai_trigger_ooc.xdc (Line: 25)
Related violations: <none>

XDCH-2#1186 Warning
Same min and max delay values on IO port  
The same output delay of 0.000 ns has been defined on port 'EVENT_DATA[356]' relative to clock CLK_ADC for both max and min. Make sure this reflects the design intent.
set_output_delay -clock [get_clocks CLK_ADC] 0.000 [get_ports -quiet {EVENT_VALID EVENT_DATA* EVENT_LAST EVENT_CHUNK_ID* EVENT_TIMESTAMP* EVENT_SCORE* RING_MISS_COUNT* CHUNK_OVERFLOW}]
/home/work1/Works/AI-Trigger-System/HDL/constraints/ai_trigger_ooc.xdc (Line: 25)
Related violations: <none>

XDCH-2#1187 Warning
Same min and max delay values on IO port  
The same output delay of 0.000 ns has been defined on port 'EVENT_DATA[357]' relative to clock CLK_ADC for both max and min. Make sure this reflects the design intent.
set_output_delay -clock [get_clocks CLK_ADC] 0.000 [get_ports -quiet {EVENT_VALID EVENT_DATA* EVENT_LAST EVENT_CHUNK_ID* EVENT_TIMESTAMP* EVENT_SCORE* RING_MISS_COUNT* CHUNK_OVERFLOW}]
/home/work1/Works/AI-Trigger-System/HDL/constraints/ai_trigger_ooc.xdc (Line: 25)
Related violations: <none>

XDCH-2#1188 Warning
Same min and max delay values on IO port  
The same output delay of 0.000 ns has been defined on port 'EVENT_DATA[358]' relative to clock CLK_ADC for both max and min. Make sure this reflects the design intent.
set_output_delay -clock [get_clocks CLK_ADC] 0.000 [get_ports -quiet {EVENT_VALID EVENT_DATA* EVENT_LAST EVENT_CHUNK_ID* EVENT_TIMESTAMP* EVENT_SCORE* RING_MISS_COUNT* CHUNK_OVERFLOW}]
/home/work1/Works/AI-Trigger-System/HDL/constraints/ai_trigger_ooc.xdc (Line: 25)
Related violations: <none>

XDCH-2#1189 Warning
Same min and max delay values on IO port  
The same output delay of 0.000 ns has been defined on port 'EVENT_DATA[359]' relative to clock CLK_ADC for both max and min. Make sure this reflects the design intent.
set_output_delay -clock [get_clocks CLK_ADC] 0.000 [get_ports -quiet {EVENT_VALID EVENT_DATA* EVENT_LAST EVENT_CHUNK_ID* EVENT_TIMESTAMP* EVENT_SCORE* RING_MISS_COUNT* CHUNK_OVERFLOW}]
/home/work1/Works/AI-Trigger-System/HDL/constraints/ai_trigger_ooc.xdc (Line: 25)
Related violations: <none>

XDCH-2#1190 Warning
Same min and max delay values on IO port  
The same output delay of 0.000 ns has been defined on port 'EVENT_DATA[35]' relative to clock CLK_ADC for both max and min. Make sure this reflects the design intent.
set_output_delay -clock [get_clocks CLK_ADC] 0.000 [get_ports -quiet {EVENT_VALID EVENT_DATA* EVENT_LAST EVENT_CHUNK_ID* EVENT_TIMESTAMP* EVENT_SCORE* RING_MISS_COUNT* CHUNK_OVERFLOW}]
/home/work1/Works/AI-Trigger-System/HDL/constraints/ai_trigger_ooc.xdc (Line: 25)
Related violations: <none>

XDCH-2#1191 Warning
Same min and max delay values on IO port  
The same output delay of 0.000 ns has been defined on port 'EVENT_DATA[360]' relative to clock CLK_ADC for both max and min. Make sure this reflects the design intent.
set_output_delay -clock [get_clocks CLK_ADC] 0.000 [get_ports -quiet {EVENT_VALID EVENT_DATA* EVENT_LAST EVENT_CHUNK_ID* EVENT_TIMESTAMP* EVENT_SCORE* RING_MISS_COUNT* CHUNK_OVERFLOW}]
/home/work1/Works/AI-Trigger-System/HDL/constraints/ai_trigger_ooc.xdc (Line: 25)
Related violations: <none>

XDCH-2#1192 Warning
Same min and max delay values on IO port  
The same output delay of 0.000 ns has been defined on port 'EVENT_DATA[361]' relative to clock CLK_ADC for both max and min. Make sure this reflects the design intent.
set_output_delay -clock [get_clocks CLK_ADC] 0.000 [get_ports -quiet {EVENT_VALID EVENT_DATA* EVENT_LAST EVENT_CHUNK_ID* EVENT_TIMESTAMP* EVENT_SCORE* RING_MISS_COUNT* CHUNK_OVERFLOW}]
/home/work1/Works/AI-Trigger-System/HDL/constraints/ai_trigger_ooc.xdc (Line: 25)
Related violations: <none>

XDCH-2#1193 Warning
Same min and max delay values on IO port  
The same output delay of 0.000 ns has been defined on port 'EVENT_DATA[362]' relative to clock CLK_ADC for both max and min. Make sure this reflects the design intent.
set_output_delay -clock [get_clocks CLK_ADC] 0.000 [get_ports -quiet {EVENT_VALID EVENT_DATA* EVENT_LAST EVENT_CHUNK_ID* EVENT_TIMESTAMP* EVENT_SCORE* RING_MISS_COUNT* CHUNK_OVERFLOW}]
/home/work1/Works/AI-Trigger-System/HDL/constraints/ai_trigger_ooc.xdc (Line: 25)
Related violations: <none>

XDCH-2#1194 Warning
Same min and max delay values on IO port  
The same output delay of 0.000 ns has been defined on port 'EVENT_DATA[363]' relative to clock CLK_ADC for both max and min. Make sure this reflects the design intent.
set_output_delay -clock [get_clocks CLK_ADC] 0.000 [get_ports -quiet {EVENT_VALID EVENT_DATA* EVENT_LAST EVENT_CHUNK_ID* EVENT_TIMESTAMP* EVENT_SCORE* RING_MISS_COUNT* CHUNK_OVERFLOW}]
/home/work1/Works/AI-Trigger-System/HDL/constraints/ai_trigger_ooc.xdc (Line: 25)
Related violations: <none>

XDCH-2#1195 Warning
Same min and max delay values on IO port  
The same output delay of 0.000 ns has been defined on port 'EVENT_DATA[364]' relative to clock CLK_ADC for both max and min. Make sure this reflects the design intent.
set_output_delay -clock [get_clocks CLK_ADC] 0.000 [get_ports -quiet {EVENT_VALID EVENT_DATA* EVENT_LAST EVENT_CHUNK_ID* EVENT_TIMESTAMP* EVENT_SCORE* RING_MISS_COUNT* CHUNK_OVERFLOW}]
/home/work1/Works/AI-Trigger-System/HDL/constraints/ai_trigger_ooc.xdc (Line: 25)
Related violations: <none>

XDCH-2#1196 Warning
Same min and max delay values on IO port  
The same output delay of 0.000 ns has been defined on port 'EVENT_DATA[365]' relative to clock CLK_ADC for both max and min. Make sure this reflects the design intent.
set_output_delay -clock [get_clocks CLK_ADC] 0.000 [get_ports -quiet {EVENT_VALID EVENT_DATA* EVENT_LAST EVENT_CHUNK_ID* EVENT_TIMESTAMP* EVENT_SCORE* RING_MISS_COUNT* CHUNK_OVERFLOW}]
/home/work1/Works/AI-Trigger-System/HDL/constraints/ai_trigger_ooc.xdc (Line: 25)
Related violations: <none>

XDCH-2#1197 Warning
Same min and max delay values on IO port  
The same output delay of 0.000 ns has been defined on port 'EVENT_DATA[366]' relative to clock CLK_ADC for both max and min. Make sure this reflects the design intent.
set_output_delay -clock [get_clocks CLK_ADC] 0.000 [get_ports -quiet {EVENT_VALID EVENT_DATA* EVENT_LAST EVENT_CHUNK_ID* EVENT_TIMESTAMP* EVENT_SCORE* RING_MISS_COUNT* CHUNK_OVERFLOW}]
/home/work1/Works/AI-Trigger-System/HDL/constraints/ai_trigger_ooc.xdc (Line: 25)
Related violations: <none>

XDCH-2#1198 Warning
Same min and max delay values on IO port  
The same output delay of 0.000 ns has been defined on port 'EVENT_DATA[367]' relative to clock CLK_ADC for both max and min. Make sure this reflects the design intent.
set_output_delay -clock [get_clocks CLK_ADC] 0.000 [get_ports -quiet {EVENT_VALID EVENT_DATA* EVENT_LAST EVENT_CHUNK_ID* EVENT_TIMESTAMP* EVENT_SCORE* RING_MISS_COUNT* CHUNK_OVERFLOW}]
/home/work1/Works/AI-Trigger-System/HDL/constraints/ai_trigger_ooc.xdc (Line: 25)
Related violations: <none>

XDCH-2#1199 Warning
Same min and max delay values on IO port  
The same output delay of 0.000 ns has been defined on port 'EVENT_DATA[368]' relative to clock CLK_ADC for both max and min. Make sure this reflects the design intent.
set_output_delay -clock [get_clocks CLK_ADC] 0.000 [get_ports -quiet {EVENT_VALID EVENT_DATA* EVENT_LAST EVENT_CHUNK_ID* EVENT_TIMESTAMP* EVENT_SCORE* RING_MISS_COUNT* CHUNK_OVERFLOW}]
/home/work1/Works/AI-Trigger-System/HDL/constraints/ai_trigger_ooc.xdc (Line: 25)
Related violations: <none>

XDCH-2#1200 Warning
Same min and max delay values on IO port  
The same output delay of 0.000 ns has been defined on port 'EVENT_DATA[369]' relative to clock CLK_ADC for both max and min. Make sure this reflects the design intent.
set_output_delay -clock [get_clocks CLK_ADC] 0.000 [get_ports -quiet {EVENT_VALID EVENT_DATA* EVENT_LAST EVENT_CHUNK_ID* EVENT_TIMESTAMP* EVENT_SCORE* RING_MISS_COUNT* CHUNK_OVERFLOW}]
/home/work1/Works/AI-Trigger-System/HDL/constraints/ai_trigger_ooc.xdc (Line: 25)
Related violations: <none>

XDCH-2#1201 Warning
Same min and max delay values on IO port  
The same output delay of 0.000 ns has been defined on port 'EVENT_DATA[36]' relative to clock CLK_ADC for both max and min. Make sure this reflects the design intent.
set_output_delay -clock [get_clocks CLK_ADC] 0.000 [get_ports -quiet {EVENT_VALID EVENT_DATA* EVENT_LAST EVENT_CHUNK_ID* EVENT_TIMESTAMP* EVENT_SCORE* RING_MISS_COUNT* CHUNK_OVERFLOW}]
/home/work1/Works/AI-Trigger-System/HDL/constraints/ai_trigger_ooc.xdc (Line: 25)
Related violations: <none>

XDCH-2#1202 Warning
Same min and max delay values on IO port  
The same output delay of 0.000 ns has been defined on port 'EVENT_DATA[370]' relative to clock CLK_ADC for both max and min. Make sure this reflects the design intent.
set_output_delay -clock [get_clocks CLK_ADC] 0.000 [get_ports -quiet {EVENT_VALID EVENT_DATA* EVENT_LAST EVENT_CHUNK_ID* EVENT_TIMESTAMP* EVENT_SCORE* RING_MISS_COUNT* CHUNK_OVERFLOW}]
/home/work1/Works/AI-Trigger-System/HDL/constraints/ai_trigger_ooc.xdc (Line: 25)
Related violations: <none>

XDCH-2#1203 Warning
Same min and max delay values on IO port  
The same output delay of 0.000 ns has been defined on port 'EVENT_DATA[371]' relative to clock CLK_ADC for both max and min. Make sure this reflects the design intent.
set_output_delay -clock [get_clocks CLK_ADC] 0.000 [get_ports -quiet {EVENT_VALID EVENT_DATA* EVENT_LAST EVENT_CHUNK_ID* EVENT_TIMESTAMP* EVENT_SCORE* RING_MISS_COUNT* CHUNK_OVERFLOW}]
/home/work1/Works/AI-Trigger-System/HDL/constraints/ai_trigger_ooc.xdc (Line: 25)
Related violations: <none>

XDCH-2#1204 Warning
Same min and max delay values on IO port  
The same output delay of 0.000 ns has been defined on port 'EVENT_DATA[372]' relative to clock CLK_ADC for both max and min. Make sure this reflects the design intent.
set_output_delay -clock [get_clocks CLK_ADC] 0.000 [get_ports -quiet {EVENT_VALID EVENT_DATA* EVENT_LAST EVENT_CHUNK_ID* EVENT_TIMESTAMP* EVENT_SCORE* RING_MISS_COUNT* CHUNK_OVERFLOW}]
/home/work1/Works/AI-Trigger-System/HDL/constraints/ai_trigger_ooc.xdc (Line: 25)
Related violations: <none>

XDCH-2#1205 Warning
Same min and max delay values on IO port  
The same output delay of 0.000 ns has been defined on port 'EVENT_DATA[373]' relative to clock CLK_ADC for both max and min. Make sure this reflects the design intent.
set_output_delay -clock [get_clocks CLK_ADC] 0.000 [get_ports -quiet {EVENT_VALID EVENT_DATA* EVENT_LAST EVENT_CHUNK_ID* EVENT_TIMESTAMP* EVENT_SCORE* RING_MISS_COUNT* CHUNK_OVERFLOW}]
/home/work1/Works/AI-Trigger-System/HDL/constraints/ai_trigger_ooc.xdc (Line: 25)
Related violations: <none>

XDCH-2#1206 Warning
Same min and max delay values on IO port  
The same output delay of 0.000 ns has been defined on port 'EVENT_DATA[374]' relative to clock CLK_ADC for both max and min. Make sure this reflects the design intent.
set_output_delay -clock [get_clocks CLK_ADC] 0.000 [get_ports -quiet {EVENT_VALID EVENT_DATA* EVENT_LAST EVENT_CHUNK_ID* EVENT_TIMESTAMP* EVENT_SCORE* RING_MISS_COUNT* CHUNK_OVERFLOW}]
/home/work1/Works/AI-Trigger-System/HDL/constraints/ai_trigger_ooc.xdc (Line: 25)
Related violations: <none>

XDCH-2#1207 Warning
Same min and max delay values on IO port  
The same output delay of 0.000 ns has been defined on port 'EVENT_DATA[375]' relative to clock CLK_ADC for both max and min. Make sure this reflects the design intent.
set_output_delay -clock [get_clocks CLK_ADC] 0.000 [get_ports -quiet {EVENT_VALID EVENT_DATA* EVENT_LAST EVENT_CHUNK_ID* EVENT_TIMESTAMP* EVENT_SCORE* RING_MISS_COUNT* CHUNK_OVERFLOW}]
/home/work1/Works/AI-Trigger-System/HDL/constraints/ai_trigger_ooc.xdc (Line: 25)
Related violations: <none>

XDCH-2#1208 Warning
Same min and max delay values on IO port  
The same output delay of 0.000 ns has been defined on port 'EVENT_DATA[376]' relative to clock CLK_ADC for both max and min. Make sure this reflects the design intent.
set_output_delay -clock [get_clocks CLK_ADC] 0.000 [get_ports -quiet {EVENT_VALID EVENT_DATA* EVENT_LAST EVENT_CHUNK_ID* EVENT_TIMESTAMP* EVENT_SCORE* RING_MISS_COUNT* CHUNK_OVERFLOW}]
/home/work1/Works/AI-Trigger-System/HDL/constraints/ai_trigger_ooc.xdc (Line: 25)
Related violations: <none>

XDCH-2#1209 Warning
Same min and max delay values on IO port  
The same output delay of 0.000 ns has been defined on port 'EVENT_DATA[377]' relative to clock CLK_ADC for both max and min. Make sure this reflects the design intent.
set_output_delay -clock [get_clocks CLK_ADC] 0.000 [get_ports -quiet {EVENT_VALID EVENT_DATA* EVENT_LAST EVENT_CHUNK_ID* EVENT_TIMESTAMP* EVENT_SCORE* RING_MISS_COUNT* CHUNK_OVERFLOW}]
/home/work1/Works/AI-Trigger-System/HDL/constraints/ai_trigger_ooc.xdc (Line: 25)
Related violations: <none>

XDCH-2#1210 Warning
Same min and max delay values on IO port  
The same output delay of 0.000 ns has been defined on port 'EVENT_DATA[378]' relative to clock CLK_ADC for both max and min. Make sure this reflects the design intent.
set_output_delay -clock [get_clocks CLK_ADC] 0.000 [get_ports -quiet {EVENT_VALID EVENT_DATA* EVENT_LAST EVENT_CHUNK_ID* EVENT_TIMESTAMP* EVENT_SCORE* RING_MISS_COUNT* CHUNK_OVERFLOW}]
/home/work1/Works/AI-Trigger-System/HDL/constraints/ai_trigger_ooc.xdc (Line: 25)
Related violations: <none>

XDCH-2#1211 Warning
Same min and max delay values on IO port  
The same output delay of 0.000 ns has been defined on port 'EVENT_DATA[379]' relative to clock CLK_ADC for both max and min. Make sure this reflects the design intent.
set_output_delay -clock [get_clocks CLK_ADC] 0.000 [get_ports -quiet {EVENT_VALID EVENT_DATA* EVENT_LAST EVENT_CHUNK_ID* EVENT_TIMESTAMP* EVENT_SCORE* RING_MISS_COUNT* CHUNK_OVERFLOW}]
/home/work1/Works/AI-Trigger-System/HDL/constraints/ai_trigger_ooc.xdc (Line: 25)
Related violations: <none>

XDCH-2#1212 Warning
Same min and max delay values on IO port  
The same output delay of 0.000 ns has been defined on port 'EVENT_DATA[37]' relative to clock CLK_ADC for both max and min. Make sure this reflects the design intent.
set_output_delay -clock [get_clocks CLK_ADC] 0.000 [get_ports -quiet {EVENT_VALID EVENT_DATA* EVENT_LAST EVENT_CHUNK_ID* EVENT_TIMESTAMP* EVENT_SCORE* RING_MISS_COUNT* CHUNK_OVERFLOW}]
/home/work1/Works/AI-Trigger-System/HDL/constraints/ai_trigger_ooc.xdc (Line: 25)
Related violations: <none>

XDCH-2#1213 Warning
Same min and max delay values on IO port  
The same output delay of 0.000 ns has been defined on port 'EVENT_DATA[380]' relative to clock CLK_ADC for both max and min. Make sure this reflects the design intent.
set_output_delay -clock [get_clocks CLK_ADC] 0.000 [get_ports -quiet {EVENT_VALID EVENT_DATA* EVENT_LAST EVENT_CHUNK_ID* EVENT_TIMESTAMP* EVENT_SCORE* RING_MISS_COUNT* CHUNK_OVERFLOW}]
/home/work1/Works/AI-Trigger-System/HDL/constraints/ai_trigger_ooc.xdc (Line: 25)
Related violations: <none>

XDCH-2#1214 Warning
Same min and max delay values on IO port  
The same output delay of 0.000 ns has been defined on port 'EVENT_DATA[381]' relative to clock CLK_ADC for both max and min. Make sure this reflects the design intent.
set_output_delay -clock [get_clocks CLK_ADC] 0.000 [get_ports -quiet {EVENT_VALID EVENT_DATA* EVENT_LAST EVENT_CHUNK_ID* EVENT_TIMESTAMP* EVENT_SCORE* RING_MISS_COUNT* CHUNK_OVERFLOW}]
/home/work1/Works/AI-Trigger-System/HDL/constraints/ai_trigger_ooc.xdc (Line: 25)
Related violations: <none>

XDCH-2#1215 Warning
Same min and max delay values on IO port  
The same output delay of 0.000 ns has been defined on port 'EVENT_DATA[382]' relative to clock CLK_ADC for both max and min. Make sure this reflects the design intent.
set_output_delay -clock [get_clocks CLK_ADC] 0.000 [get_ports -quiet {EVENT_VALID EVENT_DATA* EVENT_LAST EVENT_CHUNK_ID* EVENT_TIMESTAMP* EVENT_SCORE* RING_MISS_COUNT* CHUNK_OVERFLOW}]
/home/work1/Works/AI-Trigger-System/HDL/constraints/ai_trigger_ooc.xdc (Line: 25)
Related violations: <none>

XDCH-2#1216 Warning
Same min and max delay values on IO port  
The same output delay of 0.000 ns has been defined on port 'EVENT_DATA[383]' relative to clock CLK_ADC for both max and min. Make sure this reflects the design intent.
set_output_delay -clock [get_clocks CLK_ADC] 0.000 [get_ports -quiet {EVENT_VALID EVENT_DATA* EVENT_LAST EVENT_CHUNK_ID* EVENT_TIMESTAMP* EVENT_SCORE* RING_MISS_COUNT* CHUNK_OVERFLOW}]
/home/work1/Works/AI-Trigger-System/HDL/constraints/ai_trigger_ooc.xdc (Line: 25)
Related violations: <none>

XDCH-2#1217 Warning
Same min and max delay values on IO port  
The same output delay of 0.000 ns has been defined on port 'EVENT_DATA[384]' relative to clock CLK_ADC for both max and min. Make sure this reflects the design intent.
set_output_delay -clock [get_clocks CLK_ADC] 0.000 [get_ports -quiet {EVENT_VALID EVENT_DATA* EVENT_LAST EVENT_CHUNK_ID* EVENT_TIMESTAMP* EVENT_SCORE* RING_MISS_COUNT* CHUNK_OVERFLOW}]
/home/work1/Works/AI-Trigger-System/HDL/constraints/ai_trigger_ooc.xdc (Line: 25)
Related violations: <none>

XDCH-2#1218 Warning
Same min and max delay values on IO port  
The same output delay of 0.000 ns has been defined on port 'EVENT_DATA[385]' relative to clock CLK_ADC for both max and min. Make sure this reflects the design intent.
set_output_delay -clock [get_clocks CLK_ADC] 0.000 [get_ports -quiet {EVENT_VALID EVENT_DATA* EVENT_LAST EVENT_CHUNK_ID* EVENT_TIMESTAMP* EVENT_SCORE* RING_MISS_COUNT* CHUNK_OVERFLOW}]
/home/work1/Works/AI-Trigger-System/HDL/constraints/ai_trigger_ooc.xdc (Line: 25)
Related violations: <none>

XDCH-2#1219 Warning
Same min and max delay values on IO port  
The same output delay of 0.000 ns has been defined on port 'EVENT_DATA[386]' relative to clock CLK_ADC for both max and min. Make sure this reflects the design intent.
set_output_delay -clock [get_clocks CLK_ADC] 0.000 [get_ports -quiet {EVENT_VALID EVENT_DATA* EVENT_LAST EVENT_CHUNK_ID* EVENT_TIMESTAMP* EVENT_SCORE* RING_MISS_COUNT* CHUNK_OVERFLOW}]
/home/work1/Works/AI-Trigger-System/HDL/constraints/ai_trigger_ooc.xdc (Line: 25)
Related violations: <none>

XDCH-2#1220 Warning
Same min and max delay values on IO port  
The same output delay of 0.000 ns has been defined on port 'EVENT_DATA[387]' relative to clock CLK_ADC for both max and min. Make sure this reflects the design intent.
set_output_delay -clock [get_clocks CLK_ADC] 0.000 [get_ports -quiet {EVENT_VALID EVENT_DATA* EVENT_LAST EVENT_CHUNK_ID* EVENT_TIMESTAMP* EVENT_SCORE* RING_MISS_COUNT* CHUNK_OVERFLOW}]
/home/work1/Works/AI-Trigger-System/HDL/constraints/ai_trigger_ooc.xdc (Line: 25)
Related violations: <none>

XDCH-2#1221 Warning
Same min and max delay values on IO port  
The same output delay of 0.000 ns has been defined on port 'EVENT_DATA[388]' relative to clock CLK_ADC for both max and min. Make sure this reflects the design intent.
set_output_delay -clock [get_clocks CLK_ADC] 0.000 [get_ports -quiet {EVENT_VALID EVENT_DATA* EVENT_LAST EVENT_CHUNK_ID* EVENT_TIMESTAMP* EVENT_SCORE* RING_MISS_COUNT* CHUNK_OVERFLOW}]
/home/work1/Works/AI-Trigger-System/HDL/constraints/ai_trigger_ooc.xdc (Line: 25)
Related violations: <none>

XDCH-2#1222 Warning
Same min and max delay values on IO port  
The same output delay of 0.000 ns has been defined on port 'EVENT_DATA[389]' relative to clock CLK_ADC for both max and min. Make sure this reflects the design intent.
set_output_delay -clock [get_clocks CLK_ADC] 0.000 [get_ports -quiet {EVENT_VALID EVENT_DATA* EVENT_LAST EVENT_CHUNK_ID* EVENT_TIMESTAMP* EVENT_SCORE* RING_MISS_COUNT* CHUNK_OVERFLOW}]
/home/work1/Works/AI-Trigger-System/HDL/constraints/ai_trigger_ooc.xdc (Line: 25)
Related violations: <none>

XDCH-2#1223 Warning
Same min and max delay values on IO port  
The same output delay of 0.000 ns has been defined on port 'EVENT_DATA[38]' relative to clock CLK_ADC for both max and min. Make sure this reflects the design intent.
set_output_delay -clock [get_clocks CLK_ADC] 0.000 [get_ports -quiet {EVENT_VALID EVENT_DATA* EVENT_LAST EVENT_CHUNK_ID* EVENT_TIMESTAMP* EVENT_SCORE* RING_MISS_COUNT* CHUNK_OVERFLOW}]
/home/work1/Works/AI-Trigger-System/HDL/constraints/ai_trigger_ooc.xdc (Line: 25)
Related violations: <none>

XDCH-2#1224 Warning
Same min and max delay values on IO port  
The same output delay of 0.000 ns has been defined on port 'EVENT_DATA[390]' relative to clock CLK_ADC for both max and min. Make sure this reflects the design intent.
set_output_delay -clock [get_clocks CLK_ADC] 0.000 [get_ports -quiet {EVENT_VALID EVENT_DATA* EVENT_LAST EVENT_CHUNK_ID* EVENT_TIMESTAMP* EVENT_SCORE* RING_MISS_COUNT* CHUNK_OVERFLOW}]
/home/work1/Works/AI-Trigger-System/HDL/constraints/ai_trigger_ooc.xdc (Line: 25)
Related violations: <none>

XDCH-2#1225 Warning
Same min and max delay values on IO port  
The same output delay of 0.000 ns has been defined on port 'EVENT_DATA[391]' relative to clock CLK_ADC for both max and min. Make sure this reflects the design intent.
set_output_delay -clock [get_clocks CLK_ADC] 0.000 [get_ports -quiet {EVENT_VALID EVENT_DATA* EVENT_LAST EVENT_CHUNK_ID* EVENT_TIMESTAMP* EVENT_SCORE* RING_MISS_COUNT* CHUNK_OVERFLOW}]
/home/work1/Works/AI-Trigger-System/HDL/constraints/ai_trigger_ooc.xdc (Line: 25)
Related violations: <none>

XDCH-2#1226 Warning
Same min and max delay values on IO port  
The same output delay of 0.000 ns has been defined on port 'EVENT_DATA[392]' relative to clock CLK_ADC for both max and min. Make sure this reflects the design intent.
set_output_delay -clock [get_clocks CLK_ADC] 0.000 [get_ports -quiet {EVENT_VALID EVENT_DATA* EVENT_LAST EVENT_CHUNK_ID* EVENT_TIMESTAMP* EVENT_SCORE* RING_MISS_COUNT* CHUNK_OVERFLOW}]
/home/work1/Works/AI-Trigger-System/HDL/constraints/ai_trigger_ooc.xdc (Line: 25)
Related violations: <none>

XDCH-2#1227 Warning
Same min and max delay values on IO port  
The same output delay of 0.000 ns has been defined on port 'EVENT_DATA[393]' relative to clock CLK_ADC for both max and min. Make sure this reflects the design intent.
set_output_delay -clock [get_clocks CLK_ADC] 0.000 [get_ports -quiet {EVENT_VALID EVENT_DATA* EVENT_LAST EVENT_CHUNK_ID* EVENT_TIMESTAMP* EVENT_SCORE* RING_MISS_COUNT* CHUNK_OVERFLOW}]
/home/work1/Works/AI-Trigger-System/HDL/constraints/ai_trigger_ooc.xdc (Line: 25)
Related violations: <none>

XDCH-2#1228 Warning
Same min and max delay values on IO port  
The same output delay of 0.000 ns has been defined on port 'EVENT_DATA[394]' relative to clock CLK_ADC for both max and min. Make sure this reflects the design intent.
set_output_delay -clock [get_clocks CLK_ADC] 0.000 [get_ports -quiet {EVENT_VALID EVENT_DATA* EVENT_LAST EVENT_CHUNK_ID* EVENT_TIMESTAMP* EVENT_SCORE* RING_MISS_COUNT* CHUNK_OVERFLOW}]
/home/work1/Works/AI-Trigger-System/HDL/constraints/ai_trigger_ooc.xdc (Line: 25)
Related violations: <none>

XDCH-2#1229 Warning
Same min and max delay values on IO port  
The same output delay of 0.000 ns has been defined on port 'EVENT_DATA[395]' relative to clock CLK_ADC for both max and min. Make sure this reflects the design intent.
set_output_delay -clock [get_clocks CLK_ADC] 0.000 [get_ports -quiet {EVENT_VALID EVENT_DATA* EVENT_LAST EVENT_CHUNK_ID* EVENT_TIMESTAMP* EVENT_SCORE* RING_MISS_COUNT* CHUNK_OVERFLOW}]
/home/work1/Works/AI-Trigger-System/HDL/constraints/ai_trigger_ooc.xdc (Line: 25)
Related violations: <none>

XDCH-2#1230 Warning
Same min and max delay values on IO port  
The same output delay of 0.000 ns has been defined on port 'EVENT_DATA[396]' relative to clock CLK_ADC for both max and min. Make sure this reflects the design intent.
set_output_delay -clock [get_clocks CLK_ADC] 0.000 [get_ports -quiet {EVENT_VALID EVENT_DATA* EVENT_LAST EVENT_CHUNK_ID* EVENT_TIMESTAMP* EVENT_SCORE* RING_MISS_COUNT* CHUNK_OVERFLOW}]
/home/work1/Works/AI-Trigger-System/HDL/constraints/ai_trigger_ooc.xdc (Line: 25)
Related violations: <none>

XDCH-2#1231 Warning
Same min and max delay values on IO port  
The same output delay of 0.000 ns has been defined on port 'EVENT_DATA[397]' relative to clock CLK_ADC for both max and min. Make sure this reflects the design intent.
set_output_delay -clock [get_clocks CLK_ADC] 0.000 [get_ports -quiet {EVENT_VALID EVENT_DATA* EVENT_LAST EVENT_CHUNK_ID* EVENT_TIMESTAMP* EVENT_SCORE* RING_MISS_COUNT* CHUNK_OVERFLOW}]
/home/work1/Works/AI-Trigger-System/HDL/constraints/ai_trigger_ooc.xdc (Line: 25)
Related violations: <none>

XDCH-2#1232 Warning
Same min and max delay values on IO port  
The same output delay of 0.000 ns has been defined on port 'EVENT_DATA[398]' relative to clock CLK_ADC for both max and min. Make sure this reflects the design intent.
set_output_delay -clock [get_clocks CLK_ADC] 0.000 [get_ports -quiet {EVENT_VALID EVENT_DATA* EVENT_LAST EVENT_CHUNK_ID* EVENT_TIMESTAMP* EVENT_SCORE* RING_MISS_COUNT* CHUNK_OVERFLOW}]
/home/work1/Works/AI-Trigger-System/HDL/constraints/ai_trigger_ooc.xdc (Line: 25)
Related violations: <none>

XDCH-2#1233 Warning
Same min and max delay values on IO port  
The same output delay of 0.000 ns has been defined on port 'EVENT_DATA[399]' relative to clock CLK_ADC for both max and min. Make sure this reflects the design intent.
set_output_delay -clock [get_clocks CLK_ADC] 0.000 [get_ports -quiet {EVENT_VALID EVENT_DATA* EVENT_LAST EVENT_CHUNK_ID* EVENT_TIMESTAMP* EVENT_SCORE* RING_MISS_COUNT* CHUNK_OVERFLOW}]
/home/work1/Works/AI-Trigger-System/HDL/constraints/ai_trigger_ooc.xdc (Line: 25)
Related violations: <none>

XDCH-2#1234 Warning
Same min and max delay values on IO port  
The same output delay of 0.000 ns has been defined on port 'EVENT_DATA[39]' relative to clock CLK_ADC for both max and min. Make sure this reflects the design intent.
set_output_delay -clock [get_clocks CLK_ADC] 0.000 [get_ports -quiet {EVENT_VALID EVENT_DATA* EVENT_LAST EVENT_CHUNK_ID* EVENT_TIMESTAMP* EVENT_SCORE* RING_MISS_COUNT* CHUNK_OVERFLOW}]
/home/work1/Works/AI-Trigger-System/HDL/constraints/ai_trigger_ooc.xdc (Line: 25)
Related violations: <none>

XDCH-2#1235 Warning
Same min and max delay values on IO port  
The same output delay of 0.000 ns has been defined on port 'EVENT_DATA[3]' relative to clock CLK_ADC for both max and min. Make sure this reflects the design intent.
set_output_delay -clock [get_clocks CLK_ADC] 0.000 [get_ports -quiet {EVENT_VALID EVENT_DATA* EVENT_LAST EVENT_CHUNK_ID* EVENT_TIMESTAMP* EVENT_SCORE* RING_MISS_COUNT* CHUNK_OVERFLOW}]
/home/work1/Works/AI-Trigger-System/HDL/constraints/ai_trigger_ooc.xdc (Line: 25)
Related violations: <none>

XDCH-2#1236 Warning
Same min and max delay values on IO port  
The same output delay of 0.000 ns has been defined on port 'EVENT_DATA[400]' relative to clock CLK_ADC for both max and min. Make sure this reflects the design intent.
set_output_delay -clock [get_clocks CLK_ADC] 0.000 [get_ports -quiet {EVENT_VALID EVENT_DATA* EVENT_LAST EVENT_CHUNK_ID* EVENT_TIMESTAMP* EVENT_SCORE* RING_MISS_COUNT* CHUNK_OVERFLOW}]
/home/work1/Works/AI-Trigger-System/HDL/constraints/ai_trigger_ooc.xdc (Line: 25)
Related violations: <none>

XDCH-2#1237 Warning
Same min and max delay values on IO port  
The same output delay of 0.000 ns has been defined on port 'EVENT_DATA[401]' relative to clock CLK_ADC for both max and min. Make sure this reflects the design intent.
set_output_delay -clock [get_clocks CLK_ADC] 0.000 [get_ports -quiet {EVENT_VALID EVENT_DATA* EVENT_LAST EVENT_CHUNK_ID* EVENT_TIMESTAMP* EVENT_SCORE* RING_MISS_COUNT* CHUNK_OVERFLOW}]
/home/work1/Works/AI-Trigger-System/HDL/constraints/ai_trigger_ooc.xdc (Line: 25)
Related violations: <none>

XDCH-2#1238 Warning
Same min and max delay values on IO port  
The same output delay of 0.000 ns has been defined on port 'EVENT_DATA[402]' relative to clock CLK_ADC for both max and min. Make sure this reflects the design intent.
set_output_delay -clock [get_clocks CLK_ADC] 0.000 [get_ports -quiet {EVENT_VALID EVENT_DATA* EVENT_LAST EVENT_CHUNK_ID* EVENT_TIMESTAMP* EVENT_SCORE* RING_MISS_COUNT* CHUNK_OVERFLOW}]
/home/work1/Works/AI-Trigger-System/HDL/constraints/ai_trigger_ooc.xdc (Line: 25)
Related violations: <none>

XDCH-2#1239 Warning
Same min and max delay values on IO port  
The same output delay of 0.000 ns has been defined on port 'EVENT_DATA[403]' relative to clock CLK_ADC for both max and min. Make sure this reflects the design intent.
set_output_delay -clock [get_clocks CLK_ADC] 0.000 [get_ports -quiet {EVENT_VALID EVENT_DATA* EVENT_LAST EVENT_CHUNK_ID* EVENT_TIMESTAMP* EVENT_SCORE* RING_MISS_COUNT* CHUNK_OVERFLOW}]
/home/work1/Works/AI-Trigger-System/HDL/constraints/ai_trigger_ooc.xdc (Line: 25)
Related violations: <none>

XDCH-2#1240 Warning
Same min and max delay values on IO port  
The same output delay of 0.000 ns has been defined on port 'EVENT_DATA[404]' relative to clock CLK_ADC for both max and min. Make sure this reflects the design intent.
set_output_delay -clock [get_clocks CLK_ADC] 0.000 [get_ports -quiet {EVENT_VALID EVENT_DATA* EVENT_LAST EVENT_CHUNK_ID* EVENT_TIMESTAMP* EVENT_SCORE* RING_MISS_COUNT* CHUNK_OVERFLOW}]
/home/work1/Works/AI-Trigger-System/HDL/constraints/ai_trigger_ooc.xdc (Line: 25)
Related violations: <none>

XDCH-2#1241 Warning
Same min and max delay values on IO port  
The same output delay of 0.000 ns has been defined on port 'EVENT_DATA[405]' relative to clock CLK_ADC for both max and min. Make sure this reflects the design intent.
set_output_delay -clock [get_clocks CLK_ADC] 0.000 [get_ports -quiet {EVENT_VALID EVENT_DATA* EVENT_LAST EVENT_CHUNK_ID* EVENT_TIMESTAMP* EVENT_SCORE* RING_MISS_COUNT* CHUNK_OVERFLOW}]
/home/work1/Works/AI-Trigger-System/HDL/constraints/ai_trigger_ooc.xdc (Line: 25)
Related violations: <none>

XDCH-2#1242 Warning
Same min and max delay values on IO port  
The same output delay of 0.000 ns has been defined on port 'EVENT_DATA[406]' relative to clock CLK_ADC for both max and min. Make sure this reflects the design intent.
set_output_delay -clock [get_clocks CLK_ADC] 0.000 [get_ports -quiet {EVENT_VALID EVENT_DATA* EVENT_LAST EVENT_CHUNK_ID* EVENT_TIMESTAMP* EVENT_SCORE* RING_MISS_COUNT* CHUNK_OVERFLOW}]
/home/work1/Works/AI-Trigger-System/HDL/constraints/ai_trigger_ooc.xdc (Line: 25)
Related violations: <none>

XDCH-2#1243 Warning
Same min and max delay values on IO port  
The same output delay of 0.000 ns has been defined on port 'EVENT_DATA[407]' relative to clock CLK_ADC for both max and min. Make sure this reflects the design intent.
set_output_delay -clock [get_clocks CLK_ADC] 0.000 [get_ports -quiet {EVENT_VALID EVENT_DATA* EVENT_LAST EVENT_CHUNK_ID* EVENT_TIMESTAMP* EVENT_SCORE* RING_MISS_COUNT* CHUNK_OVERFLOW}]
/home/work1/Works/AI-Trigger-System/HDL/constraints/ai_trigger_ooc.xdc (Line: 25)
Related violations: <none>

XDCH-2#1244 Warning
Same min and max delay values on IO port  
The same output delay of 0.000 ns has been defined on port 'EVENT_DATA[408]' relative to clock CLK_ADC for both max and min. Make sure this reflects the design intent.
set_output_delay -clock [get_clocks CLK_ADC] 0.000 [get_ports -quiet {EVENT_VALID EVENT_DATA* EVENT_LAST EVENT_CHUNK_ID* EVENT_TIMESTAMP* EVENT_SCORE* RING_MISS_COUNT* CHUNK_OVERFLOW}]
/home/work1/Works/AI-Trigger-System/HDL/constraints/ai_trigger_ooc.xdc (Line: 25)
Related violations: <none>

XDCH-2#1245 Warning
Same min and max delay values on IO port  
The same output delay of 0.000 ns has been defined on port 'EVENT_DATA[409]' relative to clock CLK_ADC for both max and min. Make sure this reflects the design intent.
set_output_delay -clock [get_clocks CLK_ADC] 0.000 [get_ports -quiet {EVENT_VALID EVENT_DATA* EVENT_LAST EVENT_CHUNK_ID* EVENT_TIMESTAMP* EVENT_SCORE* RING_MISS_COUNT* CHUNK_OVERFLOW}]
/home/work1/Works/AI-Trigger-System/HDL/constraints/ai_trigger_ooc.xdc (Line: 25)
Related violations: <none>

XDCH-2#1246 Warning
Same min and max delay values on IO port  
The same output delay of 0.000 ns has been defined on port 'EVENT_DATA[40]' relative to clock CLK_ADC for both max and min. Make sure this reflects the design intent.
set_output_delay -clock [get_clocks CLK_ADC] 0.000 [get_ports -quiet {EVENT_VALID EVENT_DATA* EVENT_LAST EVENT_CHUNK_ID* EVENT_TIMESTAMP* EVENT_SCORE* RING_MISS_COUNT* CHUNK_OVERFLOW}]
/home/work1/Works/AI-Trigger-System/HDL/constraints/ai_trigger_ooc.xdc (Line: 25)
Related violations: <none>

XDCH-2#1247 Warning
Same min and max delay values on IO port  
The same output delay of 0.000 ns has been defined on port 'EVENT_DATA[410]' relative to clock CLK_ADC for both max and min. Make sure this reflects the design intent.
set_output_delay -clock [get_clocks CLK_ADC] 0.000 [get_ports -quiet {EVENT_VALID EVENT_DATA* EVENT_LAST EVENT_CHUNK_ID* EVENT_TIMESTAMP* EVENT_SCORE* RING_MISS_COUNT* CHUNK_OVERFLOW}]
/home/work1/Works/AI-Trigger-System/HDL/constraints/ai_trigger_ooc.xdc (Line: 25)
Related violations: <none>

XDCH-2#1248 Warning
Same min and max delay values on IO port  
The same output delay of 0.000 ns has been defined on port 'EVENT_DATA[411]' relative to clock CLK_ADC for both max and min. Make sure this reflects the design intent.
set_output_delay -clock [get_clocks CLK_ADC] 0.000 [get_ports -quiet {EVENT_VALID EVENT_DATA* EVENT_LAST EVENT_CHUNK_ID* EVENT_TIMESTAMP* EVENT_SCORE* RING_MISS_COUNT* CHUNK_OVERFLOW}]
/home/work1/Works/AI-Trigger-System/HDL/constraints/ai_trigger_ooc.xdc (Line: 25)
Related violations: <none>

XDCH-2#1249 Warning
Same min and max delay values on IO port  
The same output delay of 0.000 ns has been defined on port 'EVENT_DATA[412]' relative to clock CLK_ADC for both max and min. Make sure this reflects the design intent.
set_output_delay -clock [get_clocks CLK_ADC] 0.000 [get_ports -quiet {EVENT_VALID EVENT_DATA* EVENT_LAST EVENT_CHUNK_ID* EVENT_TIMESTAMP* EVENT_SCORE* RING_MISS_COUNT* CHUNK_OVERFLOW}]
/home/work1/Works/AI-Trigger-System/HDL/constraints/ai_trigger_ooc.xdc (Line: 25)
Related violations: <none>

XDCH-2#1250 Warning
Same min and max delay values on IO port  
The same output delay of 0.000 ns has been defined on port 'EVENT_DATA[413]' relative to clock CLK_ADC for both max and min. Make sure this reflects the design intent.
set_output_delay -clock [get_clocks CLK_ADC] 0.000 [get_ports -quiet {EVENT_VALID EVENT_DATA* EVENT_LAST EVENT_CHUNK_ID* EVENT_TIMESTAMP* EVENT_SCORE* RING_MISS_COUNT* CHUNK_OVERFLOW}]
/home/work1/Works/AI-Trigger-System/HDL/constraints/ai_trigger_ooc.xdc (Line: 25)
Related violations: <none>

XDCH-2#1251 Warning
Same min and max delay values on IO port  
The same output delay of 0.000 ns has been defined on port 'EVENT_DATA[414]' relative to clock CLK_ADC for both max and min. Make sure this reflects the design intent.
set_output_delay -clock [get_clocks CLK_ADC] 0.000 [get_ports -quiet {EVENT_VALID EVENT_DATA* EVENT_LAST EVENT_CHUNK_ID* EVENT_TIMESTAMP* EVENT_SCORE* RING_MISS_COUNT* CHUNK_OVERFLOW}]
/home/work1/Works/AI-Trigger-System/HDL/constraints/ai_trigger_ooc.xdc (Line: 25)
Related violations: <none>

XDCH-2#1252 Warning
Same min and max delay values on IO port  
The same output delay of 0.000 ns has been defined on port 'EVENT_DATA[415]' relative to clock CLK_ADC for both max and min. Make sure this reflects the design intent.
set_output_delay -clock [get_clocks CLK_ADC] 0.000 [get_ports -quiet {EVENT_VALID EVENT_DATA* EVENT_LAST EVENT_CHUNK_ID* EVENT_TIMESTAMP* EVENT_SCORE* RING_MISS_COUNT* CHUNK_OVERFLOW}]
/home/work1/Works/AI-Trigger-System/HDL/constraints/ai_trigger_ooc.xdc (Line: 25)
Related violations: <none>

XDCH-2#1253 Warning
Same min and max delay values on IO port  
The same output delay of 0.000 ns has been defined on port 'EVENT_DATA[416]' relative to clock CLK_ADC for both max and min. Make sure this reflects the design intent.
set_output_delay -clock [get_clocks CLK_ADC] 0.000 [get_ports -quiet {EVENT_VALID EVENT_DATA* EVENT_LAST EVENT_CHUNK_ID* EVENT_TIMESTAMP* EVENT_SCORE* RING_MISS_COUNT* CHUNK_OVERFLOW}]
/home/work1/Works/AI-Trigger-System/HDL/constraints/ai_trigger_ooc.xdc (Line: 25)
Related violations: <none>

XDCH-2#1254 Warning
Same min and max delay values on IO port  
The same output delay of 0.000 ns has been defined on port 'EVENT_DATA[417]' relative to clock CLK_ADC for both max and min. Make sure this reflects the design intent.
set_output_delay -clock [get_clocks CLK_ADC] 0.000 [get_ports -quiet {EVENT_VALID EVENT_DATA* EVENT_LAST EVENT_CHUNK_ID* EVENT_TIMESTAMP* EVENT_SCORE* RING_MISS_COUNT* CHUNK_OVERFLOW}]
/home/work1/Works/AI-Trigger-System/HDL/constraints/ai_trigger_ooc.xdc (Line: 25)
Related violations: <none>

XDCH-2#1255 Warning
Same min and max delay values on IO port  
The same output delay of 0.000 ns has been defined on port 'EVENT_DATA[418]' relative to clock CLK_ADC for both max and min. Make sure this reflects the design intent.
set_output_delay -clock [get_clocks CLK_ADC] 0.000 [get_ports -quiet {EVENT_VALID EVENT_DATA* EVENT_LAST EVENT_CHUNK_ID* EVENT_TIMESTAMP* EVENT_SCORE* RING_MISS_COUNT* CHUNK_OVERFLOW}]
/home/work1/Works/AI-Trigger-System/HDL/constraints/ai_trigger_ooc.xdc (Line: 25)
Related violations: <none>

XDCH-2#1256 Warning
Same min and max delay values on IO port  
The same output delay of 0.000 ns has been defined on port 'EVENT_DATA[419]' relative to clock CLK_ADC for both max and min. Make sure this reflects the design intent.
set_output_delay -clock [get_clocks CLK_ADC] 0.000 [get_ports -quiet {EVENT_VALID EVENT_DATA* EVENT_LAST EVENT_CHUNK_ID* EVENT_TIMESTAMP* EVENT_SCORE* RING_MISS_COUNT* CHUNK_OVERFLOW}]
/home/work1/Works/AI-Trigger-System/HDL/constraints/ai_trigger_ooc.xdc (Line: 25)
Related violations: <none>

XDCH-2#1257 Warning
Same min and max delay values on IO port  
The same output delay of 0.000 ns has been defined on port 'EVENT_DATA[41]' relative to clock CLK_ADC for both max and min. Make sure this reflects the design intent.
set_output_delay -clock [get_clocks CLK_ADC] 0.000 [get_ports -quiet {EVENT_VALID EVENT_DATA* EVENT_LAST EVENT_CHUNK_ID* EVENT_TIMESTAMP* EVENT_SCORE* RING_MISS_COUNT* CHUNK_OVERFLOW}]
/home/work1/Works/AI-Trigger-System/HDL/constraints/ai_trigger_ooc.xdc (Line: 25)
Related violations: <none>

XDCH-2#1258 Warning
Same min and max delay values on IO port  
The same output delay of 0.000 ns has been defined on port 'EVENT_DATA[420]' relative to clock CLK_ADC for both max and min. Make sure this reflects the design intent.
set_output_delay -clock [get_clocks CLK_ADC] 0.000 [get_ports -quiet {EVENT_VALID EVENT_DATA* EVENT_LAST EVENT_CHUNK_ID* EVENT_TIMESTAMP* EVENT_SCORE* RING_MISS_COUNT* CHUNK_OVERFLOW}]
/home/work1/Works/AI-Trigger-System/HDL/constraints/ai_trigger_ooc.xdc (Line: 25)
Related violations: <none>

XDCH-2#1259 Warning
Same min and max delay values on IO port  
The same output delay of 0.000 ns has been defined on port 'EVENT_DATA[421]' relative to clock CLK_ADC for both max and min. Make sure this reflects the design intent.
set_output_delay -clock [get_clocks CLK_ADC] 0.000 [get_ports -quiet {EVENT_VALID EVENT_DATA* EVENT_LAST EVENT_CHUNK_ID* EVENT_TIMESTAMP* EVENT_SCORE* RING_MISS_COUNT* CHUNK_OVERFLOW}]
/home/work1/Works/AI-Trigger-System/HDL/constraints/ai_trigger_ooc.xdc (Line: 25)
Related violations: <none>

XDCH-2#1260 Warning
Same min and max delay values on IO port  
The same output delay of 0.000 ns has been defined on port 'EVENT_DATA[422]' relative to clock CLK_ADC for both max and min. Make sure this reflects the design intent.
set_output_delay -clock [get_clocks CLK_ADC] 0.000 [get_ports -quiet {EVENT_VALID EVENT_DATA* EVENT_LAST EVENT_CHUNK_ID* EVENT_TIMESTAMP* EVENT_SCORE* RING_MISS_COUNT* CHUNK_OVERFLOW}]
/home/work1/Works/AI-Trigger-System/HDL/constraints/ai_trigger_ooc.xdc (Line: 25)
Related violations: <none>

XDCH-2#1261 Warning
Same min and max delay values on IO port  
The same output delay of 0.000 ns has been defined on port 'EVENT_DATA[423]' relative to clock CLK_ADC for both max and min. Make sure this reflects the design intent.
set_output_delay -clock [get_clocks CLK_ADC] 0.000 [get_ports -quiet {EVENT_VALID EVENT_DATA* EVENT_LAST EVENT_CHUNK_ID* EVENT_TIMESTAMP* EVENT_SCORE* RING_MISS_COUNT* CHUNK_OVERFLOW}]
/home/work1/Works/AI-Trigger-System/HDL/constraints/ai_trigger_ooc.xdc (Line: 25)
Related violations: <none>

XDCH-2#1262 Warning
Same min and max delay values on IO port  
The same output delay of 0.000 ns has been defined on port 'EVENT_DATA[424]' relative to clock CLK_ADC for both max and min. Make sure this reflects the design intent.
set_output_delay -clock [get_clocks CLK_ADC] 0.000 [get_ports -quiet {EVENT_VALID EVENT_DATA* EVENT_LAST EVENT_CHUNK_ID* EVENT_TIMESTAMP* EVENT_SCORE* RING_MISS_COUNT* CHUNK_OVERFLOW}]
/home/work1/Works/AI-Trigger-System/HDL/constraints/ai_trigger_ooc.xdc (Line: 25)
Related violations: <none>

XDCH-2#1263 Warning
Same min and max delay values on IO port  
The same output delay of 0.000 ns has been defined on port 'EVENT_DATA[425]' relative to clock CLK_ADC for both max and min. Make sure this reflects the design intent.
set_output_delay -clock [get_clocks CLK_ADC] 0.000 [get_ports -quiet {EVENT_VALID EVENT_DATA* EVENT_LAST EVENT_CHUNK_ID* EVENT_TIMESTAMP* EVENT_SCORE* RING_MISS_COUNT* CHUNK_OVERFLOW}]
/home/work1/Works/AI-Trigger-System/HDL/constraints/ai_trigger_ooc.xdc (Line: 25)
Related violations: <none>

XDCH-2#1264 Warning
Same min and max delay values on IO port  
The same output delay of 0.000 ns has been defined on port 'EVENT_DATA[426]' relative to clock CLK_ADC for both max and min. Make sure this reflects the design intent.
set_output_delay -clock [get_clocks CLK_ADC] 0.000 [get_ports -quiet {EVENT_VALID EVENT_DATA* EVENT_LAST EVENT_CHUNK_ID* EVENT_TIMESTAMP* EVENT_SCORE* RING_MISS_COUNT* CHUNK_OVERFLOW}]
/home/work1/Works/AI-Trigger-System/HDL/constraints/ai_trigger_ooc.xdc (Line: 25)
Related violations: <none>

XDCH-2#1265 Warning
Same min and max delay values on IO port  
The same output delay of 0.000 ns has been defined on port 'EVENT_DATA[427]' relative to clock CLK_ADC for both max and min. Make sure this reflects the design intent.
set_output_delay -clock [get_clocks CLK_ADC] 0.000 [get_ports -quiet {EVENT_VALID EVENT_DATA* EVENT_LAST EVENT_CHUNK_ID* EVENT_TIMESTAMP* EVENT_SCORE* RING_MISS_COUNT* CHUNK_OVERFLOW}]
/home/work1/Works/AI-Trigger-System/HDL/constraints/ai_trigger_ooc.xdc (Line: 25)
Related violations: <none>

XDCH-2#1266 Warning
Same min and max delay values on IO port  
The same output delay of 0.000 ns has been defined on port 'EVENT_DATA[428]' relative to clock CLK_ADC for both max and min. Make sure this reflects the design intent.
set_output_delay -clock [get_clocks CLK_ADC] 0.000 [get_ports -quiet {EVENT_VALID EVENT_DATA* EVENT_LAST EVENT_CHUNK_ID* EVENT_TIMESTAMP* EVENT_SCORE* RING_MISS_COUNT* CHUNK_OVERFLOW}]
/home/work1/Works/AI-Trigger-System/HDL/constraints/ai_trigger_ooc.xdc (Line: 25)
Related violations: <none>

XDCH-2#1267 Warning
Same min and max delay values on IO port  
The same output delay of 0.000 ns has been defined on port 'EVENT_DATA[429]' relative to clock CLK_ADC for both max and min. Make sure this reflects the design intent.
set_output_delay -clock [get_clocks CLK_ADC] 0.000 [get_ports -quiet {EVENT_VALID EVENT_DATA* EVENT_LAST EVENT_CHUNK_ID* EVENT_TIMESTAMP* EVENT_SCORE* RING_MISS_COUNT* CHUNK_OVERFLOW}]
/home/work1/Works/AI-Trigger-System/HDL/constraints/ai_trigger_ooc.xdc (Line: 25)
Related violations: <none>

XDCH-2#1268 Warning
Same min and max delay values on IO port  
The same output delay of 0.000 ns has been defined on port 'EVENT_DATA[42]' relative to clock CLK_ADC for both max and min. Make sure this reflects the design intent.
set_output_delay -clock [get_clocks CLK_ADC] 0.000 [get_ports -quiet {EVENT_VALID EVENT_DATA* EVENT_LAST EVENT_CHUNK_ID* EVENT_TIMESTAMP* EVENT_SCORE* RING_MISS_COUNT* CHUNK_OVERFLOW}]
/home/work1/Works/AI-Trigger-System/HDL/constraints/ai_trigger_ooc.xdc (Line: 25)
Related violations: <none>

XDCH-2#1269 Warning
Same min and max delay values on IO port  
The same output delay of 0.000 ns has been defined on port 'EVENT_DATA[430]' relative to clock CLK_ADC for both max and min. Make sure this reflects the design intent.
set_output_delay -clock [get_clocks CLK_ADC] 0.000 [get_ports -quiet {EVENT_VALID EVENT_DATA* EVENT_LAST EVENT_CHUNK_ID* EVENT_TIMESTAMP* EVENT_SCORE* RING_MISS_COUNT* CHUNK_OVERFLOW}]
/home/work1/Works/AI-Trigger-System/HDL/constraints/ai_trigger_ooc.xdc (Line: 25)
Related violations: <none>

XDCH-2#1270 Warning
Same min and max delay values on IO port  
The same output delay of 0.000 ns has been defined on port 'EVENT_DATA[431]' relative to clock CLK_ADC for both max and min. Make sure this reflects the design intent.
set_output_delay -clock [get_clocks CLK_ADC] 0.000 [get_ports -quiet {EVENT_VALID EVENT_DATA* EVENT_LAST EVENT_CHUNK_ID* EVENT_TIMESTAMP* EVENT_SCORE* RING_MISS_COUNT* CHUNK_OVERFLOW}]
/home/work1/Works/AI-Trigger-System/HDL/constraints/ai_trigger_ooc.xdc (Line: 25)
Related violations: <none>

XDCH-2#1271 Warning
Same min and max delay values on IO port  
The same output delay of 0.000 ns has been defined on port 'EVENT_DATA[432]' relative to clock CLK_ADC for both max and min. Make sure this reflects the design intent.
set_output_delay -clock [get_clocks CLK_ADC] 0.000 [get_ports -quiet {EVENT_VALID EVENT_DATA* EVENT_LAST EVENT_CHUNK_ID* EVENT_TIMESTAMP* EVENT_SCORE* RING_MISS_COUNT* CHUNK_OVERFLOW}]
/home/work1/Works/AI-Trigger-System/HDL/constraints/ai_trigger_ooc.xdc (Line: 25)
Related violations: <none>

XDCH-2#1272 Warning
Same min and max delay values on IO port  
The same output delay of 0.000 ns has been defined on port 'EVENT_DATA[433]' relative to clock CLK_ADC for both max and min. Make sure this reflects the design intent.
set_output_delay -clock [get_clocks CLK_ADC] 0.000 [get_ports -quiet {EVENT_VALID EVENT_DATA* EVENT_LAST EVENT_CHUNK_ID* EVENT_TIMESTAMP* EVENT_SCORE* RING_MISS_COUNT* CHUNK_OVERFLOW}]
/home/work1/Works/AI-Trigger-System/HDL/constraints/ai_trigger_ooc.xdc (Line: 25)
Related violations: <none>

XDCH-2#1273 Warning
Same min and max delay values on IO port  
The same output delay of 0.000 ns has been defined on port 'EVENT_DATA[434]' relative to clock CLK_ADC for both max and min. Make sure this reflects the design intent.
set_output_delay -clock [get_clocks CLK_ADC] 0.000 [get_ports -quiet {EVENT_VALID EVENT_DATA* EVENT_LAST EVENT_CHUNK_ID* EVENT_TIMESTAMP* EVENT_SCORE* RING_MISS_COUNT* CHUNK_OVERFLOW}]
/home/work1/Works/AI-Trigger-System/HDL/constraints/ai_trigger_ooc.xdc (Line: 25)
Related violations: <none>

XDCH-2#1274 Warning
Same min and max delay values on IO port  
The same output delay of 0.000 ns has been defined on port 'EVENT_DATA[435]' relative to clock CLK_ADC for both max and min. Make sure this reflects the design intent.
set_output_delay -clock [get_clocks CLK_ADC] 0.000 [get_ports -quiet {EVENT_VALID EVENT_DATA* EVENT_LAST EVENT_CHUNK_ID* EVENT_TIMESTAMP* EVENT_SCORE* RING_MISS_COUNT* CHUNK_OVERFLOW}]
/home/work1/Works/AI-Trigger-System/HDL/constraints/ai_trigger_ooc.xdc (Line: 25)
Related violations: <none>

XDCH-2#1275 Warning
Same min and max delay values on IO port  
The same output delay of 0.000 ns has been defined on port 'EVENT_DATA[436]' relative to clock CLK_ADC for both max and min. Make sure this reflects the design intent.
set_output_delay -clock [get_clocks CLK_ADC] 0.000 [get_ports -quiet {EVENT_VALID EVENT_DATA* EVENT_LAST EVENT_CHUNK_ID* EVENT_TIMESTAMP* EVENT_SCORE* RING_MISS_COUNT* CHUNK_OVERFLOW}]
/home/work1/Works/AI-Trigger-System/HDL/constraints/ai_trigger_ooc.xdc (Line: 25)
Related violations: <none>

XDCH-2#1276 Warning
Same min and max delay values on IO port  
The same output delay of 0.000 ns has been defined on port 'EVENT_DATA[437]' relative to clock CLK_ADC for both max and min. Make sure this reflects the design intent.
set_output_delay -clock [get_clocks CLK_ADC] 0.000 [get_ports -quiet {EVENT_VALID EVENT_DATA* EVENT_LAST EVENT_CHUNK_ID* EVENT_TIMESTAMP* EVENT_SCORE* RING_MISS_COUNT* CHUNK_OVERFLOW}]
/home/work1/Works/AI-Trigger-System/HDL/constraints/ai_trigger_ooc.xdc (Line: 25)
Related violations: <none>

XDCH-2#1277 Warning
Same min and max delay values on IO port  
The same output delay of 0.000 ns has been defined on port 'EVENT_DATA[438]' relative to clock CLK_ADC for both max and min. Make sure this reflects the design intent.
set_output_delay -clock [get_clocks CLK_ADC] 0.000 [get_ports -quiet {EVENT_VALID EVENT_DATA* EVENT_LAST EVENT_CHUNK_ID* EVENT_TIMESTAMP* EVENT_SCORE* RING_MISS_COUNT* CHUNK_OVERFLOW}]
/home/work1/Works/AI-Trigger-System/HDL/constraints/ai_trigger_ooc.xdc (Line: 25)
Related violations: <none>

XDCH-2#1278 Warning
Same min and max delay values on IO port  
The same output delay of 0.000 ns has been defined on port 'EVENT_DATA[439]' relative to clock CLK_ADC for both max and min. Make sure this reflects the design intent.
set_output_delay -clock [get_clocks CLK_ADC] 0.000 [get_ports -quiet {EVENT_VALID EVENT_DATA* EVENT_LAST EVENT_CHUNK_ID* EVENT_TIMESTAMP* EVENT_SCORE* RING_MISS_COUNT* CHUNK_OVERFLOW}]
/home/work1/Works/AI-Trigger-System/HDL/constraints/ai_trigger_ooc.xdc (Line: 25)
Related violations: <none>

XDCH-2#1279 Warning
Same min and max delay values on IO port  
The same output delay of 0.000 ns has been defined on port 'EVENT_DATA[43]' relative to clock CLK_ADC for both max and min. Make sure this reflects the design intent.
set_output_delay -clock [get_clocks CLK_ADC] 0.000 [get_ports -quiet {EVENT_VALID EVENT_DATA* EVENT_LAST EVENT_CHUNK_ID* EVENT_TIMESTAMP* EVENT_SCORE* RING_MISS_COUNT* CHUNK_OVERFLOW}]
/home/work1/Works/AI-Trigger-System/HDL/constraints/ai_trigger_ooc.xdc (Line: 25)
Related violations: <none>

XDCH-2#1280 Warning
Same min and max delay values on IO port  
The same output delay of 0.000 ns has been defined on port 'EVENT_DATA[440]' relative to clock CLK_ADC for both max and min. Make sure this reflects the design intent.
set_output_delay -clock [get_clocks CLK_ADC] 0.000 [get_ports -quiet {EVENT_VALID EVENT_DATA* EVENT_LAST EVENT_CHUNK_ID* EVENT_TIMESTAMP* EVENT_SCORE* RING_MISS_COUNT* CHUNK_OVERFLOW}]
/home/work1/Works/AI-Trigger-System/HDL/constraints/ai_trigger_ooc.xdc (Line: 25)
Related violations: <none>

XDCH-2#1281 Warning
Same min and max delay values on IO port  
The same output delay of 0.000 ns has been defined on port 'EVENT_DATA[441]' relative to clock CLK_ADC for both max and min. Make sure this reflects the design intent.
set_output_delay -clock [get_clocks CLK_ADC] 0.000 [get_ports -quiet {EVENT_VALID EVENT_DATA* EVENT_LAST EVENT_CHUNK_ID* EVENT_TIMESTAMP* EVENT_SCORE* RING_MISS_COUNT* CHUNK_OVERFLOW}]
/home/work1/Works/AI-Trigger-System/HDL/constraints/ai_trigger_ooc.xdc (Line: 25)
Related violations: <none>

XDCH-2#1282 Warning
Same min and max delay values on IO port  
The same output delay of 0.000 ns has been defined on port 'EVENT_DATA[442]' relative to clock CLK_ADC for both max and min. Make sure this reflects the design intent.
set_output_delay -clock [get_clocks CLK_ADC] 0.000 [get_ports -quiet {EVENT_VALID EVENT_DATA* EVENT_LAST EVENT_CHUNK_ID* EVENT_TIMESTAMP* EVENT_SCORE* RING_MISS_COUNT* CHUNK_OVERFLOW}]
/home/work1/Works/AI-Trigger-System/HDL/constraints/ai_trigger_ooc.xdc (Line: 25)
Related violations: <none>

XDCH-2#1283 Warning
Same min and max delay values on IO port  
The same output delay of 0.000 ns has been defined on port 'EVENT_DATA[443]' relative to clock CLK_ADC for both max and min. Make sure this reflects the design intent.
set_output_delay -clock [get_clocks CLK_ADC] 0.000 [get_ports -quiet {EVENT_VALID EVENT_DATA* EVENT_LAST EVENT_CHUNK_ID* EVENT_TIMESTAMP* EVENT_SCORE* RING_MISS_COUNT* CHUNK_OVERFLOW}]
/home/work1/Works/AI-Trigger-System/HDL/constraints/ai_trigger_ooc.xdc (Line: 25)
Related violations: <none>

XDCH-2#1284 Warning
Same min and max delay values on IO port  
The same output delay of 0.000 ns has been defined on port 'EVENT_DATA[444]' relative to clock CLK_ADC for both max and min. Make sure this reflects the design intent.
set_output_delay -clock [get_clocks CLK_ADC] 0.000 [get_ports -quiet {EVENT_VALID EVENT_DATA* EVENT_LAST EVENT_CHUNK_ID* EVENT_TIMESTAMP* EVENT_SCORE* RING_MISS_COUNT* CHUNK_OVERFLOW}]
/home/work1/Works/AI-Trigger-System/HDL/constraints/ai_trigger_ooc.xdc (Line: 25)
Related violations: <none>

XDCH-2#1285 Warning
Same min and max delay values on IO port  
The same output delay of 0.000 ns has been defined on port 'EVENT_DATA[445]' relative to clock CLK_ADC for both max and min. Make sure this reflects the design intent.
set_output_delay -clock [get_clocks CLK_ADC] 0.000 [get_ports -quiet {EVENT_VALID EVENT_DATA* EVENT_LAST EVENT_CHUNK_ID* EVENT_TIMESTAMP* EVENT_SCORE* RING_MISS_COUNT* CHUNK_OVERFLOW}]
/home/work1/Works/AI-Trigger-System/HDL/constraints/ai_trigger_ooc.xdc (Line: 25)
Related violations: <none>

XDCH-2#1286 Warning
Same min and max delay values on IO port  
The same output delay of 0.000 ns has been defined on port 'EVENT_DATA[446]' relative to clock CLK_ADC for both max and min. Make sure this reflects the design intent.
set_output_delay -clock [get_clocks CLK_ADC] 0.000 [get_ports -quiet {EVENT_VALID EVENT_DATA* EVENT_LAST EVENT_CHUNK_ID* EVENT_TIMESTAMP* EVENT_SCORE* RING_MISS_COUNT* CHUNK_OVERFLOW}]
/home/work1/Works/AI-Trigger-System/HDL/constraints/ai_trigger_ooc.xdc (Line: 25)
Related violations: <none>

XDCH-2#1287 Warning
Same min and max delay values on IO port  
The same output delay of 0.000 ns has been defined on port 'EVENT_DATA[447]' relative to clock CLK_ADC for both max and min. Make sure this reflects the design intent.
set_output_delay -clock [get_clocks CLK_ADC] 0.000 [get_ports -quiet {EVENT_VALID EVENT_DATA* EVENT_LAST EVENT_CHUNK_ID* EVENT_TIMESTAMP* EVENT_SCORE* RING_MISS_COUNT* CHUNK_OVERFLOW}]
/home/work1/Works/AI-Trigger-System/HDL/constraints/ai_trigger_ooc.xdc (Line: 25)
Related violations: <none>

XDCH-2#1288 Warning
Same min and max delay values on IO port  
The same output delay of 0.000 ns has been defined on port 'EVENT_DATA[448]' relative to clock CLK_ADC for both max and min. Make sure this reflects the design intent.
set_output_delay -clock [get_clocks CLK_ADC] 0.000 [get_ports -quiet {EVENT_VALID EVENT_DATA* EVENT_LAST EVENT_CHUNK_ID* EVENT_TIMESTAMP* EVENT_SCORE* RING_MISS_COUNT* CHUNK_OVERFLOW}]
/home/work1/Works/AI-Trigger-System/HDL/constraints/ai_trigger_ooc.xdc (Line: 25)
Related violations: <none>

XDCH-2#1289 Warning
Same min and max delay values on IO port  
The same output delay of 0.000 ns has been defined on port 'EVENT_DATA[449]' relative to clock CLK_ADC for both max and min. Make sure this reflects the design intent.
set_output_delay -clock [get_clocks CLK_ADC] 0.000 [get_ports -quiet {EVENT_VALID EVENT_DATA* EVENT_LAST EVENT_CHUNK_ID* EVENT_TIMESTAMP* EVENT_SCORE* RING_MISS_COUNT* CHUNK_OVERFLOW}]
/home/work1/Works/AI-Trigger-System/HDL/constraints/ai_trigger_ooc.xdc (Line: 25)
Related violations: <none>

XDCH-2#1290 Warning
Same min and max delay values on IO port  
The same output delay of 0.000 ns has been defined on port 'EVENT_DATA[44]' relative to clock CLK_ADC for both max and min. Make sure this reflects the design intent.
set_output_delay -clock [get_clocks CLK_ADC] 0.000 [get_ports -quiet {EVENT_VALID EVENT_DATA* EVENT_LAST EVENT_CHUNK_ID* EVENT_TIMESTAMP* EVENT_SCORE* RING_MISS_COUNT* CHUNK_OVERFLOW}]
/home/work1/Works/AI-Trigger-System/HDL/constraints/ai_trigger_ooc.xdc (Line: 25)
Related violations: <none>

XDCH-2#1291 Warning
Same min and max delay values on IO port  
The same output delay of 0.000 ns has been defined on port 'EVENT_DATA[450]' relative to clock CLK_ADC for both max and min. Make sure this reflects the design intent.
set_output_delay -clock [get_clocks CLK_ADC] 0.000 [get_ports -quiet {EVENT_VALID EVENT_DATA* EVENT_LAST EVENT_CHUNK_ID* EVENT_TIMESTAMP* EVENT_SCORE* RING_MISS_COUNT* CHUNK_OVERFLOW}]
/home/work1/Works/AI-Trigger-System/HDL/constraints/ai_trigger_ooc.xdc (Line: 25)
Related violations: <none>

XDCH-2#1292 Warning
Same min and max delay values on IO port  
The same output delay of 0.000 ns has been defined on port 'EVENT_DATA[451]' relative to clock CLK_ADC for both max and min. Make sure this reflects the design intent.
set_output_delay -clock [get_clocks CLK_ADC] 0.000 [get_ports -quiet {EVENT_VALID EVENT_DATA* EVENT_LAST EVENT_CHUNK_ID* EVENT_TIMESTAMP* EVENT_SCORE* RING_MISS_COUNT* CHUNK_OVERFLOW}]
/home/work1/Works/AI-Trigger-System/HDL/constraints/ai_trigger_ooc.xdc (Line: 25)
Related violations: <none>

XDCH-2#1293 Warning
Same min and max delay values on IO port  
The same output delay of 0.000 ns has been defined on port 'EVENT_DATA[452]' relative to clock CLK_ADC for both max and min. Make sure this reflects the design intent.
set_output_delay -clock [get_clocks CLK_ADC] 0.000 [get_ports -quiet {EVENT_VALID EVENT_DATA* EVENT_LAST EVENT_CHUNK_ID* EVENT_TIMESTAMP* EVENT_SCORE* RING_MISS_COUNT* CHUNK_OVERFLOW}]
/home/work1/Works/AI-Trigger-System/HDL/constraints/ai_trigger_ooc.xdc (Line: 25)
Related violations: <none>

XDCH-2#1294 Warning
Same min and max delay values on IO port  
The same output delay of 0.000 ns has been defined on port 'EVENT_DATA[453]' relative to clock CLK_ADC for both max and min. Make sure this reflects the design intent.
set_output_delay -clock [get_clocks CLK_ADC] 0.000 [get_ports -quiet {EVENT_VALID EVENT_DATA* EVENT_LAST EVENT_CHUNK_ID* EVENT_TIMESTAMP* EVENT_SCORE* RING_MISS_COUNT* CHUNK_OVERFLOW}]
/home/work1/Works/AI-Trigger-System/HDL/constraints/ai_trigger_ooc.xdc (Line: 25)
Related violations: <none>

XDCH-2#1295 Warning
Same min and max delay values on IO port  
The same output delay of 0.000 ns has been defined on port 'EVENT_DATA[454]' relative to clock CLK_ADC for both max and min. Make sure this reflects the design intent.
set_output_delay -clock [get_clocks CLK_ADC] 0.000 [get_ports -quiet {EVENT_VALID EVENT_DATA* EVENT_LAST EVENT_CHUNK_ID* EVENT_TIMESTAMP* EVENT_SCORE* RING_MISS_COUNT* CHUNK_OVERFLOW}]
/home/work1/Works/AI-Trigger-System/HDL/constraints/ai_trigger_ooc.xdc (Line: 25)
Related violations: <none>

XDCH-2#1296 Warning
Same min and max delay values on IO port  
The same output delay of 0.000 ns has been defined on port 'EVENT_DATA[455]' relative to clock CLK_ADC for both max and min. Make sure this reflects the design intent.
set_output_delay -clock [get_clocks CLK_ADC] 0.000 [get_ports -quiet {EVENT_VALID EVENT_DATA* EVENT_LAST EVENT_CHUNK_ID* EVENT_TIMESTAMP* EVENT_SCORE* RING_MISS_COUNT* CHUNK_OVERFLOW}]
/home/work1/Works/AI-Trigger-System/HDL/constraints/ai_trigger_ooc.xdc (Line: 25)
Related violations: <none>

XDCH-2#1297 Warning
Same min and max delay values on IO port  
The same output delay of 0.000 ns has been defined on port 'EVENT_DATA[456]' relative to clock CLK_ADC for both max and min. Make sure this reflects the design intent.
set_output_delay -clock [get_clocks CLK_ADC] 0.000 [get_ports -quiet {EVENT_VALID EVENT_DATA* EVENT_LAST EVENT_CHUNK_ID* EVENT_TIMESTAMP* EVENT_SCORE* RING_MISS_COUNT* CHUNK_OVERFLOW}]
/home/work1/Works/AI-Trigger-System/HDL/constraints/ai_trigger_ooc.xdc (Line: 25)
Related violations: <none>

XDCH-2#1298 Warning
Same min and max delay values on IO port  
The same output delay of 0.000 ns has been defined on port 'EVENT_DATA[457]' relative to clock CLK_ADC for both max and min. Make sure this reflects the design intent.
set_output_delay -clock [get_clocks CLK_ADC] 0.000 [get_ports -quiet {EVENT_VALID EVENT_DATA* EVENT_LAST EVENT_CHUNK_ID* EVENT_TIMESTAMP* EVENT_SCORE* RING_MISS_COUNT* CHUNK_OVERFLOW}]
/home/work1/Works/AI-Trigger-System/HDL/constraints/ai_trigger_ooc.xdc (Line: 25)
Related violations: <none>

XDCH-2#1299 Warning
Same min and max delay values on IO port  
The same output delay of 0.000 ns has been defined on port 'EVENT_DATA[458]' relative to clock CLK_ADC for both max and min. Make sure this reflects the design intent.
set_output_delay -clock [get_clocks CLK_ADC] 0.000 [get_ports -quiet {EVENT_VALID EVENT_DATA* EVENT_LAST EVENT_CHUNK_ID* EVENT_TIMESTAMP* EVENT_SCORE* RING_MISS_COUNT* CHUNK_OVERFLOW}]
/home/work1/Works/AI-Trigger-System/HDL/constraints/ai_trigger_ooc.xdc (Line: 25)
Related violations: <none>

XDCH-2#1300 Warning
Same min and max delay values on IO port  
The same output delay of 0.000 ns has been defined on port 'EVENT_DATA[459]' relative to clock CLK_ADC for both max and min. Make sure this reflects the design intent.
set_output_delay -clock [get_clocks CLK_ADC] 0.000 [get_ports -quiet {EVENT_VALID EVENT_DATA* EVENT_LAST EVENT_CHUNK_ID* EVENT_TIMESTAMP* EVENT_SCORE* RING_MISS_COUNT* CHUNK_OVERFLOW}]
/home/work1/Works/AI-Trigger-System/HDL/constraints/ai_trigger_ooc.xdc (Line: 25)
Related violations: <none>

XDCH-2#1301 Warning
Same min and max delay values on IO port  
The same output delay of 0.000 ns has been defined on port 'EVENT_DATA[45]' relative to clock CLK_ADC for both max and min. Make sure this reflects the design intent.
set_output_delay -clock [get_clocks CLK_ADC] 0.000 [get_ports -quiet {EVENT_VALID EVENT_DATA* EVENT_LAST EVENT_CHUNK_ID* EVENT_TIMESTAMP* EVENT_SCORE* RING_MISS_COUNT* CHUNK_OVERFLOW}]
/home/work1/Works/AI-Trigger-System/HDL/constraints/ai_trigger_ooc.xdc (Line: 25)
Related violations: <none>

XDCH-2#1302 Warning
Same min and max delay values on IO port  
The same output delay of 0.000 ns has been defined on port 'EVENT_DATA[460]' relative to clock CLK_ADC for both max and min. Make sure this reflects the design intent.
set_output_delay -clock [get_clocks CLK_ADC] 0.000 [get_ports -quiet {EVENT_VALID EVENT_DATA* EVENT_LAST EVENT_CHUNK_ID* EVENT_TIMESTAMP* EVENT_SCORE* RING_MISS_COUNT* CHUNK_OVERFLOW}]
/home/work1/Works/AI-Trigger-System/HDL/constraints/ai_trigger_ooc.xdc (Line: 25)
Related violations: <none>

XDCH-2#1303 Warning
Same min and max delay values on IO port  
The same output delay of 0.000 ns has been defined on port 'EVENT_DATA[461]' relative to clock CLK_ADC for both max and min. Make sure this reflects the design intent.
set_output_delay -clock [get_clocks CLK_ADC] 0.000 [get_ports -quiet {EVENT_VALID EVENT_DATA* EVENT_LAST EVENT_CHUNK_ID* EVENT_TIMESTAMP* EVENT_SCORE* RING_MISS_COUNT* CHUNK_OVERFLOW}]
/home/work1/Works/AI-Trigger-System/HDL/constraints/ai_trigger_ooc.xdc (Line: 25)
Related violations: <none>

XDCH-2#1304 Warning
Same min and max delay values on IO port  
The same output delay of 0.000 ns has been defined on port 'EVENT_DATA[462]' relative to clock CLK_ADC for both max and min. Make sure this reflects the design intent.
set_output_delay -clock [get_clocks CLK_ADC] 0.000 [get_ports -quiet {EVENT_VALID EVENT_DATA* EVENT_LAST EVENT_CHUNK_ID* EVENT_TIMESTAMP* EVENT_SCORE* RING_MISS_COUNT* CHUNK_OVERFLOW}]
/home/work1/Works/AI-Trigger-System/HDL/constraints/ai_trigger_ooc.xdc (Line: 25)
Related violations: <none>

XDCH-2#1305 Warning
Same min and max delay values on IO port  
The same output delay of 0.000 ns has been defined on port 'EVENT_DATA[463]' relative to clock CLK_ADC for both max and min. Make sure this reflects the design intent.
set_output_delay -clock [get_clocks CLK_ADC] 0.000 [get_ports -quiet {EVENT_VALID EVENT_DATA* EVENT_LAST EVENT_CHUNK_ID* EVENT_TIMESTAMP* EVENT_SCORE* RING_MISS_COUNT* CHUNK_OVERFLOW}]
/home/work1/Works/AI-Trigger-System/HDL/constraints/ai_trigger_ooc.xdc (Line: 25)
Related violations: <none>

XDCH-2#1306 Warning
Same min and max delay values on IO port  
The same output delay of 0.000 ns has been defined on port 'EVENT_DATA[464]' relative to clock CLK_ADC for both max and min. Make sure this reflects the design intent.
set_output_delay -clock [get_clocks CLK_ADC] 0.000 [get_ports -quiet {EVENT_VALID EVENT_DATA* EVENT_LAST EVENT_CHUNK_ID* EVENT_TIMESTAMP* EVENT_SCORE* RING_MISS_COUNT* CHUNK_OVERFLOW}]
/home/work1/Works/AI-Trigger-System/HDL/constraints/ai_trigger_ooc.xdc (Line: 25)
Related violations: <none>

XDCH-2#1307 Warning
Same min and max delay values on IO port  
The same output delay of 0.000 ns has been defined on port 'EVENT_DATA[465]' relative to clock CLK_ADC for both max and min. Make sure this reflects the design intent.
set_output_delay -clock [get_clocks CLK_ADC] 0.000 [get_ports -quiet {EVENT_VALID EVENT_DATA* EVENT_LAST EVENT_CHUNK_ID* EVENT_TIMESTAMP* EVENT_SCORE* RING_MISS_COUNT* CHUNK_OVERFLOW}]
/home/work1/Works/AI-Trigger-System/HDL/constraints/ai_trigger_ooc.xdc (Line: 25)
Related violations: <none>

XDCH-2#1308 Warning
Same min and max delay values on IO port  
The same output delay of 0.000 ns has been defined on port 'EVENT_DATA[466]' relative to clock CLK_ADC for both max and min. Make sure this reflects the design intent.
set_output_delay -clock [get_clocks CLK_ADC] 0.000 [get_ports -quiet {EVENT_VALID EVENT_DATA* EVENT_LAST EVENT_CHUNK_ID* EVENT_TIMESTAMP* EVENT_SCORE* RING_MISS_COUNT* CHUNK_OVERFLOW}]
/home/work1/Works/AI-Trigger-System/HDL/constraints/ai_trigger_ooc.xdc (Line: 25)
Related violations: <none>

XDCH-2#1309 Warning
Same min and max delay values on IO port  
The same output delay of 0.000 ns has been defined on port 'EVENT_DATA[467]' relative to clock CLK_ADC for both max and min. Make sure this reflects the design intent.
set_output_delay -clock [get_clocks CLK_ADC] 0.000 [get_ports -quiet {EVENT_VALID EVENT_DATA* EVENT_LAST EVENT_CHUNK_ID* EVENT_TIMESTAMP* EVENT_SCORE* RING_MISS_COUNT* CHUNK_OVERFLOW}]
/home/work1/Works/AI-Trigger-System/HDL/constraints/ai_trigger_ooc.xdc (Line: 25)
Related violations: <none>

XDCH-2#1310 Warning
Same min and max delay values on IO port  
The same output delay of 0.000 ns has been defined on port 'EVENT_DATA[468]' relative to clock CLK_ADC for both max and min. Make sure this reflects the design intent.
set_output_delay -clock [get_clocks CLK_ADC] 0.000 [get_ports -quiet {EVENT_VALID EVENT_DATA* EVENT_LAST EVENT_CHUNK_ID* EVENT_TIMESTAMP* EVENT_SCORE* RING_MISS_COUNT* CHUNK_OVERFLOW}]
/home/work1/Works/AI-Trigger-System/HDL/constraints/ai_trigger_ooc.xdc (Line: 25)
Related violations: <none>

XDCH-2#1311 Warning
Same min and max delay values on IO port  
The same output delay of 0.000 ns has been defined on port 'EVENT_DATA[469]' relative to clock CLK_ADC for both max and min. Make sure this reflects the design intent.
set_output_delay -clock [get_clocks CLK_ADC] 0.000 [get_ports -quiet {EVENT_VALID EVENT_DATA* EVENT_LAST EVENT_CHUNK_ID* EVENT_TIMESTAMP* EVENT_SCORE* RING_MISS_COUNT* CHUNK_OVERFLOW}]
/home/work1/Works/AI-Trigger-System/HDL/constraints/ai_trigger_ooc.xdc (Line: 25)
Related violations: <none>

XDCH-2#1312 Warning
Same min and max delay values on IO port  
The same output delay of 0.000 ns has been defined on port 'EVENT_DATA[46]' relative to clock CLK_ADC for both max and min. Make sure this reflects the design intent.
set_output_delay -clock [get_clocks CLK_ADC] 0.000 [get_ports -quiet {EVENT_VALID EVENT_DATA* EVENT_LAST EVENT_CHUNK_ID* EVENT_TIMESTAMP* EVENT_SCORE* RING_MISS_COUNT* CHUNK_OVERFLOW}]
/home/work1/Works/AI-Trigger-System/HDL/constraints/ai_trigger_ooc.xdc (Line: 25)
Related violations: <none>

XDCH-2#1313 Warning
Same min and max delay values on IO port  
The same output delay of 0.000 ns has been defined on port 'EVENT_DATA[470]' relative to clock CLK_ADC for both max and min. Make sure this reflects the design intent.
set_output_delay -clock [get_clocks CLK_ADC] 0.000 [get_ports -quiet {EVENT_VALID EVENT_DATA* EVENT_LAST EVENT_CHUNK_ID* EVENT_TIMESTAMP* EVENT_SCORE* RING_MISS_COUNT* CHUNK_OVERFLOW}]
/home/work1/Works/AI-Trigger-System/HDL/constraints/ai_trigger_ooc.xdc (Line: 25)
Related violations: <none>

XDCH-2#1314 Warning
Same min and max delay values on IO port  
The same output delay of 0.000 ns has been defined on port 'EVENT_DATA[471]' relative to clock CLK_ADC for both max and min. Make sure this reflects the design intent.
set_output_delay -clock [get_clocks CLK_ADC] 0.000 [get_ports -quiet {EVENT_VALID EVENT_DATA* EVENT_LAST EVENT_CHUNK_ID* EVENT_TIMESTAMP* EVENT_SCORE* RING_MISS_COUNT* CHUNK_OVERFLOW}]
/home/work1/Works/AI-Trigger-System/HDL/constraints/ai_trigger_ooc.xdc (Line: 25)
Related violations: <none>

XDCH-2#1315 Warning
Same min and max delay values on IO port  
The same output delay of 0.000 ns has been defined on port 'EVENT_DATA[472]' relative to clock CLK_ADC for both max and min. Make sure this reflects the design intent.
set_output_delay -clock [get_clocks CLK_ADC] 0.000 [get_ports -quiet {EVENT_VALID EVENT_DATA* EVENT_LAST EVENT_CHUNK_ID* EVENT_TIMESTAMP* EVENT_SCORE* RING_MISS_COUNT* CHUNK_OVERFLOW}]
/home/work1/Works/AI-Trigger-System/HDL/constraints/ai_trigger_ooc.xdc (Line: 25)
Related violations: <none>

XDCH-2#1316 Warning
Same min and max delay values on IO port  
The same output delay of 0.000 ns has been defined on port 'EVENT_DATA[473]' relative to clock CLK_ADC for both max and min. Make sure this reflects the design intent.
set_output_delay -clock [get_clocks CLK_ADC] 0.000 [get_ports -quiet {EVENT_VALID EVENT_DATA* EVENT_LAST EVENT_CHUNK_ID* EVENT_TIMESTAMP* EVENT_SCORE* RING_MISS_COUNT* CHUNK_OVERFLOW}]
/home/work1/Works/AI-Trigger-System/HDL/constraints/ai_trigger_ooc.xdc (Line: 25)
Related violations: <none>

XDCH-2#1317 Warning
Same min and max delay values on IO port  
The same output delay of 0.000 ns has been defined on port 'EVENT_DATA[474]' relative to clock CLK_ADC for both max and min. Make sure this reflects the design intent.
set_output_delay -clock [get_clocks CLK_ADC] 0.000 [get_ports -quiet {EVENT_VALID EVENT_DATA* EVENT_LAST EVENT_CHUNK_ID* EVENT_TIMESTAMP* EVENT_SCORE* RING_MISS_COUNT* CHUNK_OVERFLOW}]
/home/work1/Works/AI-Trigger-System/HDL/constraints/ai_trigger_ooc.xdc (Line: 25)
Related violations: <none>

XDCH-2#1318 Warning
Same min and max delay values on IO port  
The same output delay of 0.000 ns has been defined on port 'EVENT_DATA[475]' relative to clock CLK_ADC for both max and min. Make sure this reflects the design intent.
set_output_delay -clock [get_clocks CLK_ADC] 0.000 [get_ports -quiet {EVENT_VALID EVENT_DATA* EVENT_LAST EVENT_CHUNK_ID* EVENT_TIMESTAMP* EVENT_SCORE* RING_MISS_COUNT* CHUNK_OVERFLOW}]
/home/work1/Works/AI-Trigger-System/HDL/constraints/ai_trigger_ooc.xdc (Line: 25)
Related violations: <none>

XDCH-2#1319 Warning
Same min and max delay values on IO port  
The same output delay of 0.000 ns has been defined on port 'EVENT_DATA[476]' relative to clock CLK_ADC for both max and min. Make sure this reflects the design intent.
set_output_delay -clock [get_clocks CLK_ADC] 0.000 [get_ports -quiet {EVENT_VALID EVENT_DATA* EVENT_LAST EVENT_CHUNK_ID* EVENT_TIMESTAMP* EVENT_SCORE* RING_MISS_COUNT* CHUNK_OVERFLOW}]
/home/work1/Works/AI-Trigger-System/HDL/constraints/ai_trigger_ooc.xdc (Line: 25)
Related violations: <none>

XDCH-2#1320 Warning
Same min and max delay values on IO port  
The same output delay of 0.000 ns has been defined on port 'EVENT_DATA[477]' relative to clock CLK_ADC for both max and min. Make sure this reflects the design intent.
set_output_delay -clock [get_clocks CLK_ADC] 0.000 [get_ports -quiet {EVENT_VALID EVENT_DATA* EVENT_LAST EVENT_CHUNK_ID* EVENT_TIMESTAMP* EVENT_SCORE* RING_MISS_COUNT* CHUNK_OVERFLOW}]
/home/work1/Works/AI-Trigger-System/HDL/constraints/ai_trigger_ooc.xdc (Line: 25)
Related violations: <none>

XDCH-2#1321 Warning
Same min and max delay values on IO port  
The same output delay of 0.000 ns has been defined on port 'EVENT_DATA[478]' relative to clock CLK_ADC for both max and min. Make sure this reflects the design intent.
set_output_delay -clock [get_clocks CLK_ADC] 0.000 [get_ports -quiet {EVENT_VALID EVENT_DATA* EVENT_LAST EVENT_CHUNK_ID* EVENT_TIMESTAMP* EVENT_SCORE* RING_MISS_COUNT* CHUNK_OVERFLOW}]
/home/work1/Works/AI-Trigger-System/HDL/constraints/ai_trigger_ooc.xdc (Line: 25)
Related violations: <none>

XDCH-2#1322 Warning
Same min and max delay values on IO port  
The same output delay of 0.000 ns has been defined on port 'EVENT_DATA[479]' relative to clock CLK_ADC for both max and min. Make sure this reflects the design intent.
set_output_delay -clock [get_clocks CLK_ADC] 0.000 [get_ports -quiet {EVENT_VALID EVENT_DATA* EVENT_LAST EVENT_CHUNK_ID* EVENT_TIMESTAMP* EVENT_SCORE* RING_MISS_COUNT* CHUNK_OVERFLOW}]
/home/work1/Works/AI-Trigger-System/HDL/constraints/ai_trigger_ooc.xdc (Line: 25)
Related violations: <none>

XDCH-2#1323 Warning
Same min and max delay values on IO port  
The same output delay of 0.000 ns has been defined on port 'EVENT_DATA[47]' relative to clock CLK_ADC for both max and min. Make sure this reflects the design intent.
set_output_delay -clock [get_clocks CLK_ADC] 0.000 [get_ports -quiet {EVENT_VALID EVENT_DATA* EVENT_LAST EVENT_CHUNK_ID* EVENT_TIMESTAMP* EVENT_SCORE* RING_MISS_COUNT* CHUNK_OVERFLOW}]
/home/work1/Works/AI-Trigger-System/HDL/constraints/ai_trigger_ooc.xdc (Line: 25)
Related violations: <none>

XDCH-2#1324 Warning
Same min and max delay values on IO port  
The same output delay of 0.000 ns has been defined on port 'EVENT_DATA[480]' relative to clock CLK_ADC for both max and min. Make sure this reflects the design intent.
set_output_delay -clock [get_clocks CLK_ADC] 0.000 [get_ports -quiet {EVENT_VALID EVENT_DATA* EVENT_LAST EVENT_CHUNK_ID* EVENT_TIMESTAMP* EVENT_SCORE* RING_MISS_COUNT* CHUNK_OVERFLOW}]
/home/work1/Works/AI-Trigger-System/HDL/constraints/ai_trigger_ooc.xdc (Line: 25)
Related violations: <none>

XDCH-2#1325 Warning
Same min and max delay values on IO port  
The same output delay of 0.000 ns has been defined on port 'EVENT_DATA[481]' relative to clock CLK_ADC for both max and min. Make sure this reflects the design intent.
set_output_delay -clock [get_clocks CLK_ADC] 0.000 [get_ports -quiet {EVENT_VALID EVENT_DATA* EVENT_LAST EVENT_CHUNK_ID* EVENT_TIMESTAMP* EVENT_SCORE* RING_MISS_COUNT* CHUNK_OVERFLOW}]
/home/work1/Works/AI-Trigger-System/HDL/constraints/ai_trigger_ooc.xdc (Line: 25)
Related violations: <none>

XDCH-2#1326 Warning
Same min and max delay values on IO port  
The same output delay of 0.000 ns has been defined on port 'EVENT_DATA[482]' relative to clock CLK_ADC for both max and min. Make sure this reflects the design intent.
set_output_delay -clock [get_clocks CLK_ADC] 0.000 [get_ports -quiet {EVENT_VALID EVENT_DATA* EVENT_LAST EVENT_CHUNK_ID* EVENT_TIMESTAMP* EVENT_SCORE* RING_MISS_COUNT* CHUNK_OVERFLOW}]
/home/work1/Works/AI-Trigger-System/HDL/constraints/ai_trigger_ooc.xdc (Line: 25)
Related violations: <none>

XDCH-2#1327 Warning
Same min and max delay values on IO port  
The same output delay of 0.000 ns has been defined on port 'EVENT_DATA[483]' relative to clock CLK_ADC for both max and min. Make sure this reflects the design intent.
set_output_delay -clock [get_clocks CLK_ADC] 0.000 [get_ports -quiet {EVENT_VALID EVENT_DATA* EVENT_LAST EVENT_CHUNK_ID* EVENT_TIMESTAMP* EVENT_SCORE* RING_MISS_COUNT* CHUNK_OVERFLOW}]
/home/work1/Works/AI-Trigger-System/HDL/constraints/ai_trigger_ooc.xdc (Line: 25)
Related violations: <none>

XDCH-2#1328 Warning
Same min and max delay values on IO port  
The same output delay of 0.000 ns has been defined on port 'EVENT_DATA[484]' relative to clock CLK_ADC for both max and min. Make sure this reflects the design intent.
set_output_delay -clock [get_clocks CLK_ADC] 0.000 [get_ports -quiet {EVENT_VALID EVENT_DATA* EVENT_LAST EVENT_CHUNK_ID* EVENT_TIMESTAMP* EVENT_SCORE* RING_MISS_COUNT* CHUNK_OVERFLOW}]
/home/work1/Works/AI-Trigger-System/HDL/constraints/ai_trigger_ooc.xdc (Line: 25)
Related violations: <none>

XDCH-2#1329 Warning
Same min and max delay values on IO port  
The same output delay of 0.000 ns has been defined on port 'EVENT_DATA[485]' relative to clock CLK_ADC for both max and min. Make sure this reflects the design intent.
set_output_delay -clock [get_clocks CLK_ADC] 0.000 [get_ports -quiet {EVENT_VALID EVENT_DATA* EVENT_LAST EVENT_CHUNK_ID* EVENT_TIMESTAMP* EVENT_SCORE* RING_MISS_COUNT* CHUNK_OVERFLOW}]
/home/work1/Works/AI-Trigger-System/HDL/constraints/ai_trigger_ooc.xdc (Line: 25)
Related violations: <none>

XDCH-2#1330 Warning
Same min and max delay values on IO port  
The same output delay of 0.000 ns has been defined on port 'EVENT_DATA[486]' relative to clock CLK_ADC for both max and min. Make sure this reflects the design intent.
set_output_delay -clock [get_clocks CLK_ADC] 0.000 [get_ports -quiet {EVENT_VALID EVENT_DATA* EVENT_LAST EVENT_CHUNK_ID* EVENT_TIMESTAMP* EVENT_SCORE* RING_MISS_COUNT* CHUNK_OVERFLOW}]
/home/work1/Works/AI-Trigger-System/HDL/constraints/ai_trigger_ooc.xdc (Line: 25)
Related violations: <none>

XDCH-2#1331 Warning
Same min and max delay values on IO port  
The same output delay of 0.000 ns has been defined on port 'EVENT_DATA[487]' relative to clock CLK_ADC for both max and min. Make sure this reflects the design intent.
set_output_delay -clock [get_clocks CLK_ADC] 0.000 [get_ports -quiet {EVENT_VALID EVENT_DATA* EVENT_LAST EVENT_CHUNK_ID* EVENT_TIMESTAMP* EVENT_SCORE* RING_MISS_COUNT* CHUNK_OVERFLOW}]
/home/work1/Works/AI-Trigger-System/HDL/constraints/ai_trigger_ooc.xdc (Line: 25)
Related violations: <none>

XDCH-2#1332 Warning
Same min and max delay values on IO port  
The same output delay of 0.000 ns has been defined on port 'EVENT_DATA[488]' relative to clock CLK_ADC for both max and min. Make sure this reflects the design intent.
set_output_delay -clock [get_clocks CLK_ADC] 0.000 [get_ports -quiet {EVENT_VALID EVENT_DATA* EVENT_LAST EVENT_CHUNK_ID* EVENT_TIMESTAMP* EVENT_SCORE* RING_MISS_COUNT* CHUNK_OVERFLOW}]
/home/work1/Works/AI-Trigger-System/HDL/constraints/ai_trigger_ooc.xdc (Line: 25)
Related violations: <none>

XDCH-2#1333 Warning
Same min and max delay values on IO port  
The same output delay of 0.000 ns has been defined on port 'EVENT_DATA[489]' relative to clock CLK_ADC for both max and min. Make sure this reflects the design intent.
set_output_delay -clock [get_clocks CLK_ADC] 0.000 [get_ports -quiet {EVENT_VALID EVENT_DATA* EVENT_LAST EVENT_CHUNK_ID* EVENT_TIMESTAMP* EVENT_SCORE* RING_MISS_COUNT* CHUNK_OVERFLOW}]
/home/work1/Works/AI-Trigger-System/HDL/constraints/ai_trigger_ooc.xdc (Line: 25)
Related violations: <none>

XDCH-2#1334 Warning
Same min and max delay values on IO port  
The same output delay of 0.000 ns has been defined on port 'EVENT_DATA[48]' relative to clock CLK_ADC for both max and min. Make sure this reflects the design intent.
set_output_delay -clock [get_clocks CLK_ADC] 0.000 [get_ports -quiet {EVENT_VALID EVENT_DATA* EVENT_LAST EVENT_CHUNK_ID* EVENT_TIMESTAMP* EVENT_SCORE* RING_MISS_COUNT* CHUNK_OVERFLOW}]
/home/work1/Works/AI-Trigger-System/HDL/constraints/ai_trigger_ooc.xdc (Line: 25)
Related violations: <none>

XDCH-2#1335 Warning
Same min and max delay values on IO port  
The same output delay of 0.000 ns has been defined on port 'EVENT_DATA[490]' relative to clock CLK_ADC for both max and min. Make sure this reflects the design intent.
set_output_delay -clock [get_clocks CLK_ADC] 0.000 [get_ports -quiet {EVENT_VALID EVENT_DATA* EVENT_LAST EVENT_CHUNK_ID* EVENT_TIMESTAMP* EVENT_SCORE* RING_MISS_COUNT* CHUNK_OVERFLOW}]
/home/work1/Works/AI-Trigger-System/HDL/constraints/ai_trigger_ooc.xdc (Line: 25)
Related violations: <none>

XDCH-2#1336 Warning
Same min and max delay values on IO port  
The same output delay of 0.000 ns has been defined on port 'EVENT_DATA[491]' relative to clock CLK_ADC for both max and min. Make sure this reflects the design intent.
set_output_delay -clock [get_clocks CLK_ADC] 0.000 [get_ports -quiet {EVENT_VALID EVENT_DATA* EVENT_LAST EVENT_CHUNK_ID* EVENT_TIMESTAMP* EVENT_SCORE* RING_MISS_COUNT* CHUNK_OVERFLOW}]
/home/work1/Works/AI-Trigger-System/HDL/constraints/ai_trigger_ooc.xdc (Line: 25)
Related violations: <none>

XDCH-2#1337 Warning
Same min and max delay values on IO port  
The same output delay of 0.000 ns has been defined on port 'EVENT_DATA[492]' relative to clock CLK_ADC for both max and min. Make sure this reflects the design intent.
set_output_delay -clock [get_clocks CLK_ADC] 0.000 [get_ports -quiet {EVENT_VALID EVENT_DATA* EVENT_LAST EVENT_CHUNK_ID* EVENT_TIMESTAMP* EVENT_SCORE* RING_MISS_COUNT* CHUNK_OVERFLOW}]
/home/work1/Works/AI-Trigger-System/HDL/constraints/ai_trigger_ooc.xdc (Line: 25)
Related violations: <none>

XDCH-2#1338 Warning
Same min and max delay values on IO port  
The same output delay of 0.000 ns has been defined on port 'EVENT_DATA[493]' relative to clock CLK_ADC for both max and min. Make sure this reflects the design intent.
set_output_delay -clock [get_clocks CLK_ADC] 0.000 [get_ports -quiet {EVENT_VALID EVENT_DATA* EVENT_LAST EVENT_CHUNK_ID* EVENT_TIMESTAMP* EVENT_SCORE* RING_MISS_COUNT* CHUNK_OVERFLOW}]
/home/work1/Works/AI-Trigger-System/HDL/constraints/ai_trigger_ooc.xdc (Line: 25)
Related violations: <none>

XDCH-2#1339 Warning
Same min and max delay values on IO port  
The same output delay of 0.000 ns has been defined on port 'EVENT_DATA[494]' relative to clock CLK_ADC for both max and min. Make sure this reflects the design intent.
set_output_delay -clock [get_clocks CLK_ADC] 0.000 [get_ports -quiet {EVENT_VALID EVENT_DATA* EVENT_LAST EVENT_CHUNK_ID* EVENT_TIMESTAMP* EVENT_SCORE* RING_MISS_COUNT* CHUNK_OVERFLOW}]
/home/work1/Works/AI-Trigger-System/HDL/constraints/ai_trigger_ooc.xdc (Line: 25)
Related violations: <none>

XDCH-2#1340 Warning
Same min and max delay values on IO port  
The same output delay of 0.000 ns has been defined on port 'EVENT_DATA[495]' relative to clock CLK_ADC for both max and min. Make sure this reflects the design intent.
set_output_delay -clock [get_clocks CLK_ADC] 0.000 [get_ports -quiet {EVENT_VALID EVENT_DATA* EVENT_LAST EVENT_CHUNK_ID* EVENT_TIMESTAMP* EVENT_SCORE* RING_MISS_COUNT* CHUNK_OVERFLOW}]
/home/work1/Works/AI-Trigger-System/HDL/constraints/ai_trigger_ooc.xdc (Line: 25)
Related violations: <none>

XDCH-2#1341 Warning
Same min and max delay values on IO port  
The same output delay of 0.000 ns has been defined on port 'EVENT_DATA[496]' relative to clock CLK_ADC for both max and min. Make sure this reflects the design intent.
set_output_delay -clock [get_clocks CLK_ADC] 0.000 [get_ports -quiet {EVENT_VALID EVENT_DATA* EVENT_LAST EVENT_CHUNK_ID* EVENT_TIMESTAMP* EVENT_SCORE* RING_MISS_COUNT* CHUNK_OVERFLOW}]
/home/work1/Works/AI-Trigger-System/HDL/constraints/ai_trigger_ooc.xdc (Line: 25)
Related violations: <none>

XDCH-2#1342 Warning
Same min and max delay values on IO port  
The same output delay of 0.000 ns has been defined on port 'EVENT_DATA[497]' relative to clock CLK_ADC for both max and min. Make sure this reflects the design intent.
set_output_delay -clock [get_clocks CLK_ADC] 0.000 [get_ports -quiet {EVENT_VALID EVENT_DATA* EVENT_LAST EVENT_CHUNK_ID* EVENT_TIMESTAMP* EVENT_SCORE* RING_MISS_COUNT* CHUNK_OVERFLOW}]
/home/work1/Works/AI-Trigger-System/HDL/constraints/ai_trigger_ooc.xdc (Line: 25)
Related violations: <none>

XDCH-2#1343 Warning
Same min and max delay values on IO port  
The same output delay of 0.000 ns has been defined on port 'EVENT_DATA[498]' relative to clock CLK_ADC for both max and min. Make sure this reflects the design intent.
set_output_delay -clock [get_clocks CLK_ADC] 0.000 [get_ports -quiet {EVENT_VALID EVENT_DATA* EVENT_LAST EVENT_CHUNK_ID* EVENT_TIMESTAMP* EVENT_SCORE* RING_MISS_COUNT* CHUNK_OVERFLOW}]
/home/work1/Works/AI-Trigger-System/HDL/constraints/ai_trigger_ooc.xdc (Line: 25)
Related violations: <none>

XDCH-2#1344 Warning
Same min and max delay values on IO port  
The same output delay of 0.000 ns has been defined on port 'EVENT_DATA[499]' relative to clock CLK_ADC for both max and min. Make sure this reflects the design intent.
set_output_delay -clock [get_clocks CLK_ADC] 0.000 [get_ports -quiet {EVENT_VALID EVENT_DATA* EVENT_LAST EVENT_CHUNK_ID* EVENT_TIMESTAMP* EVENT_SCORE* RING_MISS_COUNT* CHUNK_OVERFLOW}]
/home/work1/Works/AI-Trigger-System/HDL/constraints/ai_trigger_ooc.xdc (Line: 25)
Related violations: <none>

XDCH-2#1345 Warning
Same min and max delay values on IO port  
The same output delay of 0.000 ns has been defined on port 'EVENT_DATA[49]' relative to clock CLK_ADC for both max and min. Make sure this reflects the design intent.
set_output_delay -clock [get_clocks CLK_ADC] 0.000 [get_ports -quiet {EVENT_VALID EVENT_DATA* EVENT_LAST EVENT_CHUNK_ID* EVENT_TIMESTAMP* EVENT_SCORE* RING_MISS_COUNT* CHUNK_OVERFLOW}]
/home/work1/Works/AI-Trigger-System/HDL/constraints/ai_trigger_ooc.xdc (Line: 25)
Related violations: <none>

XDCH-2#1346 Warning
Same min and max delay values on IO port  
The same output delay of 0.000 ns has been defined on port 'EVENT_DATA[4]' relative to clock CLK_ADC for both max and min. Make sure this reflects the design intent.
set_output_delay -clock [get_clocks CLK_ADC] 0.000 [get_ports -quiet {EVENT_VALID EVENT_DATA* EVENT_LAST EVENT_CHUNK_ID* EVENT_TIMESTAMP* EVENT_SCORE* RING_MISS_COUNT* CHUNK_OVERFLOW}]
/home/work1/Works/AI-Trigger-System/HDL/constraints/ai_trigger_ooc.xdc (Line: 25)
Related violations: <none>

XDCH-2#1347 Warning
Same min and max delay values on IO port  
The same output delay of 0.000 ns has been defined on port 'EVENT_DATA[500]' relative to clock CLK_ADC for both max and min. Make sure this reflects the design intent.
set_output_delay -clock [get_clocks CLK_ADC] 0.000 [get_ports -quiet {EVENT_VALID EVENT_DATA* EVENT_LAST EVENT_CHUNK_ID* EVENT_TIMESTAMP* EVENT_SCORE* RING_MISS_COUNT* CHUNK_OVERFLOW}]
/home/work1/Works/AI-Trigger-System/HDL/constraints/ai_trigger_ooc.xdc (Line: 25)
Related violations: <none>

XDCH-2#1348 Warning
Same min and max delay values on IO port  
The same output delay of 0.000 ns has been defined on port 'EVENT_DATA[501]' relative to clock CLK_ADC for both max and min. Make sure this reflects the design intent.
set_output_delay -clock [get_clocks CLK_ADC] 0.000 [get_ports -quiet {EVENT_VALID EVENT_DATA* EVENT_LAST EVENT_CHUNK_ID* EVENT_TIMESTAMP* EVENT_SCORE* RING_MISS_COUNT* CHUNK_OVERFLOW}]
/home/work1/Works/AI-Trigger-System/HDL/constraints/ai_trigger_ooc.xdc (Line: 25)
Related violations: <none>

XDCH-2#1349 Warning
Same min and max delay values on IO port  
The same output delay of 0.000 ns has been defined on port 'EVENT_DATA[502]' relative to clock CLK_ADC for both max and min. Make sure this reflects the design intent.
set_output_delay -clock [get_clocks CLK_ADC] 0.000 [get_ports -quiet {EVENT_VALID EVENT_DATA* EVENT_LAST EVENT_CHUNK_ID* EVENT_TIMESTAMP* EVENT_SCORE* RING_MISS_COUNT* CHUNK_OVERFLOW}]
/home/work1/Works/AI-Trigger-System/HDL/constraints/ai_trigger_ooc.xdc (Line: 25)
Related violations: <none>

XDCH-2#1350 Warning
Same min and max delay values on IO port  
The same output delay of 0.000 ns has been defined on port 'EVENT_DATA[503]' relative to clock CLK_ADC for both max and min. Make sure this reflects the design intent.
set_output_delay -clock [get_clocks CLK_ADC] 0.000 [get_ports -quiet {EVENT_VALID EVENT_DATA* EVENT_LAST EVENT_CHUNK_ID* EVENT_TIMESTAMP* EVENT_SCORE* RING_MISS_COUNT* CHUNK_OVERFLOW}]
/home/work1/Works/AI-Trigger-System/HDL/constraints/ai_trigger_ooc.xdc (Line: 25)
Related violations: <none>

XDCH-2#1351 Warning
Same min and max delay values on IO port  
The same output delay of 0.000 ns has been defined on port 'EVENT_DATA[504]' relative to clock CLK_ADC for both max and min. Make sure this reflects the design intent.
set_output_delay -clock [get_clocks CLK_ADC] 0.000 [get_ports -quiet {EVENT_VALID EVENT_DATA* EVENT_LAST EVENT_CHUNK_ID* EVENT_TIMESTAMP* EVENT_SCORE* RING_MISS_COUNT* CHUNK_OVERFLOW}]
/home/work1/Works/AI-Trigger-System/HDL/constraints/ai_trigger_ooc.xdc (Line: 25)
Related violations: <none>

XDCH-2#1352 Warning
Same min and max delay values on IO port  
The same output delay of 0.000 ns has been defined on port 'EVENT_DATA[505]' relative to clock CLK_ADC for both max and min. Make sure this reflects the design intent.
set_output_delay -clock [get_clocks CLK_ADC] 0.000 [get_ports -quiet {EVENT_VALID EVENT_DATA* EVENT_LAST EVENT_CHUNK_ID* EVENT_TIMESTAMP* EVENT_SCORE* RING_MISS_COUNT* CHUNK_OVERFLOW}]
/home/work1/Works/AI-Trigger-System/HDL/constraints/ai_trigger_ooc.xdc (Line: 25)
Related violations: <none>

XDCH-2#1353 Warning
Same min and max delay values on IO port  
The same output delay of 0.000 ns has been defined on port 'EVENT_DATA[506]' relative to clock CLK_ADC for both max and min. Make sure this reflects the design intent.
set_output_delay -clock [get_clocks CLK_ADC] 0.000 [get_ports -quiet {EVENT_VALID EVENT_DATA* EVENT_LAST EVENT_CHUNK_ID* EVENT_TIMESTAMP* EVENT_SCORE* RING_MISS_COUNT* CHUNK_OVERFLOW}]
/home/work1/Works/AI-Trigger-System/HDL/constraints/ai_trigger_ooc.xdc (Line: 25)
Related violations: <none>

XDCH-2#1354 Warning
Same min and max delay values on IO port  
The same output delay of 0.000 ns has been defined on port 'EVENT_DATA[507]' relative to clock CLK_ADC for both max and min. Make sure this reflects the design intent.
set_output_delay -clock [get_clocks CLK_ADC] 0.000 [get_ports -quiet {EVENT_VALID EVENT_DATA* EVENT_LAST EVENT_CHUNK_ID* EVENT_TIMESTAMP* EVENT_SCORE* RING_MISS_COUNT* CHUNK_OVERFLOW}]
/home/work1/Works/AI-Trigger-System/HDL/constraints/ai_trigger_ooc.xdc (Line: 25)
Related violations: <none>

XDCH-2#1355 Warning
Same min and max delay values on IO port  
The same output delay of 0.000 ns has been defined on port 'EVENT_DATA[508]' relative to clock CLK_ADC for both max and min. Make sure this reflects the design intent.
set_output_delay -clock [get_clocks CLK_ADC] 0.000 [get_ports -quiet {EVENT_VALID EVENT_DATA* EVENT_LAST EVENT_CHUNK_ID* EVENT_TIMESTAMP* EVENT_SCORE* RING_MISS_COUNT* CHUNK_OVERFLOW}]
/home/work1/Works/AI-Trigger-System/HDL/constraints/ai_trigger_ooc.xdc (Line: 25)
Related violations: <none>

XDCH-2#1356 Warning
Same min and max delay values on IO port  
The same output delay of 0.000 ns has been defined on port 'EVENT_DATA[509]' relative to clock CLK_ADC for both max and min. Make sure this reflects the design intent.
set_output_delay -clock [get_clocks CLK_ADC] 0.000 [get_ports -quiet {EVENT_VALID EVENT_DATA* EVENT_LAST EVENT_CHUNK_ID* EVENT_TIMESTAMP* EVENT_SCORE* RING_MISS_COUNT* CHUNK_OVERFLOW}]
/home/work1/Works/AI-Trigger-System/HDL/constraints/ai_trigger_ooc.xdc (Line: 25)
Related violations: <none>

XDCH-2#1357 Warning
Same min and max delay values on IO port  
The same output delay of 0.000 ns has been defined on port 'EVENT_DATA[50]' relative to clock CLK_ADC for both max and min. Make sure this reflects the design intent.
set_output_delay -clock [get_clocks CLK_ADC] 0.000 [get_ports -quiet {EVENT_VALID EVENT_DATA* EVENT_LAST EVENT_CHUNK_ID* EVENT_TIMESTAMP* EVENT_SCORE* RING_MISS_COUNT* CHUNK_OVERFLOW}]
/home/work1/Works/AI-Trigger-System/HDL/constraints/ai_trigger_ooc.xdc (Line: 25)
Related violations: <none>

XDCH-2#1358 Warning
Same min and max delay values on IO port  
The same output delay of 0.000 ns has been defined on port 'EVENT_DATA[510]' relative to clock CLK_ADC for both max and min. Make sure this reflects the design intent.
set_output_delay -clock [get_clocks CLK_ADC] 0.000 [get_ports -quiet {EVENT_VALID EVENT_DATA* EVENT_LAST EVENT_CHUNK_ID* EVENT_TIMESTAMP* EVENT_SCORE* RING_MISS_COUNT* CHUNK_OVERFLOW}]
/home/work1/Works/AI-Trigger-System/HDL/constraints/ai_trigger_ooc.xdc (Line: 25)
Related violations: <none>

XDCH-2#1359 Warning
Same min and max delay values on IO port  
The same output delay of 0.000 ns has been defined on port 'EVENT_DATA[511]' relative to clock CLK_ADC for both max and min. Make sure this reflects the design intent.
set_output_delay -clock [get_clocks CLK_ADC] 0.000 [get_ports -quiet {EVENT_VALID EVENT_DATA* EVENT_LAST EVENT_CHUNK_ID* EVENT_TIMESTAMP* EVENT_SCORE* RING_MISS_COUNT* CHUNK_OVERFLOW}]
/home/work1/Works/AI-Trigger-System/HDL/constraints/ai_trigger_ooc.xdc (Line: 25)
Related violations: <none>

XDCH-2#1360 Warning
Same min and max delay values on IO port  
The same output delay of 0.000 ns has been defined on port 'EVENT_DATA[512]' relative to clock CLK_ADC for both max and min. Make sure this reflects the design intent.
set_output_delay -clock [get_clocks CLK_ADC] 0.000 [get_ports -quiet {EVENT_VALID EVENT_DATA* EVENT_LAST EVENT_CHUNK_ID* EVENT_TIMESTAMP* EVENT_SCORE* RING_MISS_COUNT* CHUNK_OVERFLOW}]
/home/work1/Works/AI-Trigger-System/HDL/constraints/ai_trigger_ooc.xdc (Line: 25)
Related violations: <none>

XDCH-2#1361 Warning
Same min and max delay values on IO port  
The same output delay of 0.000 ns has been defined on port 'EVENT_DATA[513]' relative to clock CLK_ADC for both max and min. Make sure this reflects the design intent.
set_output_delay -clock [get_clocks CLK_ADC] 0.000 [get_ports -quiet {EVENT_VALID EVENT_DATA* EVENT_LAST EVENT_CHUNK_ID* EVENT_TIMESTAMP* EVENT_SCORE* RING_MISS_COUNT* CHUNK_OVERFLOW}]
/home/work1/Works/AI-Trigger-System/HDL/constraints/ai_trigger_ooc.xdc (Line: 25)
Related violations: <none>

XDCH-2#1362 Warning
Same min and max delay values on IO port  
The same output delay of 0.000 ns has been defined on port 'EVENT_DATA[514]' relative to clock CLK_ADC for both max and min. Make sure this reflects the design intent.
set_output_delay -clock [get_clocks CLK_ADC] 0.000 [get_ports -quiet {EVENT_VALID EVENT_DATA* EVENT_LAST EVENT_CHUNK_ID* EVENT_TIMESTAMP* EVENT_SCORE* RING_MISS_COUNT* CHUNK_OVERFLOW}]
/home/work1/Works/AI-Trigger-System/HDL/constraints/ai_trigger_ooc.xdc (Line: 25)
Related violations: <none>

XDCH-2#1363 Warning
Same min and max delay values on IO port  
The same output delay of 0.000 ns has been defined on port 'EVENT_DATA[515]' relative to clock CLK_ADC for both max and min. Make sure this reflects the design intent.
set_output_delay -clock [get_clocks CLK_ADC] 0.000 [get_ports -quiet {EVENT_VALID EVENT_DATA* EVENT_LAST EVENT_CHUNK_ID* EVENT_TIMESTAMP* EVENT_SCORE* RING_MISS_COUNT* CHUNK_OVERFLOW}]
/home/work1/Works/AI-Trigger-System/HDL/constraints/ai_trigger_ooc.xdc (Line: 25)
Related violations: <none>

XDCH-2#1364 Warning
Same min and max delay values on IO port  
The same output delay of 0.000 ns has been defined on port 'EVENT_DATA[516]' relative to clock CLK_ADC for both max and min. Make sure this reflects the design intent.
set_output_delay -clock [get_clocks CLK_ADC] 0.000 [get_ports -quiet {EVENT_VALID EVENT_DATA* EVENT_LAST EVENT_CHUNK_ID* EVENT_TIMESTAMP* EVENT_SCORE* RING_MISS_COUNT* CHUNK_OVERFLOW}]
/home/work1/Works/AI-Trigger-System/HDL/constraints/ai_trigger_ooc.xdc (Line: 25)
Related violations: <none>

XDCH-2#1365 Warning
Same min and max delay values on IO port  
The same output delay of 0.000 ns has been defined on port 'EVENT_DATA[517]' relative to clock CLK_ADC for both max and min. Make sure this reflects the design intent.
set_output_delay -clock [get_clocks CLK_ADC] 0.000 [get_ports -quiet {EVENT_VALID EVENT_DATA* EVENT_LAST EVENT_CHUNK_ID* EVENT_TIMESTAMP* EVENT_SCORE* RING_MISS_COUNT* CHUNK_OVERFLOW}]
/home/work1/Works/AI-Trigger-System/HDL/constraints/ai_trigger_ooc.xdc (Line: 25)
Related violations: <none>

XDCH-2#1366 Warning
Same min and max delay values on IO port  
The same output delay of 0.000 ns has been defined on port 'EVENT_DATA[518]' relative to clock CLK_ADC for both max and min. Make sure this reflects the design intent.
set_output_delay -clock [get_clocks CLK_ADC] 0.000 [get_ports -quiet {EVENT_VALID EVENT_DATA* EVENT_LAST EVENT_CHUNK_ID* EVENT_TIMESTAMP* EVENT_SCORE* RING_MISS_COUNT* CHUNK_OVERFLOW}]
/home/work1/Works/AI-Trigger-System/HDL/constraints/ai_trigger_ooc.xdc (Line: 25)
Related violations: <none>

XDCH-2#1367 Warning
Same min and max delay values on IO port  
The same output delay of 0.000 ns has been defined on port 'EVENT_DATA[519]' relative to clock CLK_ADC for both max and min. Make sure this reflects the design intent.
set_output_delay -clock [get_clocks CLK_ADC] 0.000 [get_ports -quiet {EVENT_VALID EVENT_DATA* EVENT_LAST EVENT_CHUNK_ID* EVENT_TIMESTAMP* EVENT_SCORE* RING_MISS_COUNT* CHUNK_OVERFLOW}]
/home/work1/Works/AI-Trigger-System/HDL/constraints/ai_trigger_ooc.xdc (Line: 25)
Related violations: <none>

XDCH-2#1368 Warning
Same min and max delay values on IO port  
The same output delay of 0.000 ns has been defined on port 'EVENT_DATA[51]' relative to clock CLK_ADC for both max and min. Make sure this reflects the design intent.
set_output_delay -clock [get_clocks CLK_ADC] 0.000 [get_ports -quiet {EVENT_VALID EVENT_DATA* EVENT_LAST EVENT_CHUNK_ID* EVENT_TIMESTAMP* EVENT_SCORE* RING_MISS_COUNT* CHUNK_OVERFLOW}]
/home/work1/Works/AI-Trigger-System/HDL/constraints/ai_trigger_ooc.xdc (Line: 25)
Related violations: <none>

XDCH-2#1369 Warning
Same min and max delay values on IO port  
The same output delay of 0.000 ns has been defined on port 'EVENT_DATA[520]' relative to clock CLK_ADC for both max and min. Make sure this reflects the design intent.
set_output_delay -clock [get_clocks CLK_ADC] 0.000 [get_ports -quiet {EVENT_VALID EVENT_DATA* EVENT_LAST EVENT_CHUNK_ID* EVENT_TIMESTAMP* EVENT_SCORE* RING_MISS_COUNT* CHUNK_OVERFLOW}]
/home/work1/Works/AI-Trigger-System/HDL/constraints/ai_trigger_ooc.xdc (Line: 25)
Related violations: <none>

XDCH-2#1370 Warning
Same min and max delay values on IO port  
The same output delay of 0.000 ns has been defined on port 'EVENT_DATA[521]' relative to clock CLK_ADC for both max and min. Make sure this reflects the design intent.
set_output_delay -clock [get_clocks CLK_ADC] 0.000 [get_ports -quiet {EVENT_VALID EVENT_DATA* EVENT_LAST EVENT_CHUNK_ID* EVENT_TIMESTAMP* EVENT_SCORE* RING_MISS_COUNT* CHUNK_OVERFLOW}]
/home/work1/Works/AI-Trigger-System/HDL/constraints/ai_trigger_ooc.xdc (Line: 25)
Related violations: <none>

XDCH-2#1371 Warning
Same min and max delay values on IO port  
The same output delay of 0.000 ns has been defined on port 'EVENT_DATA[522]' relative to clock CLK_ADC for both max and min. Make sure this reflects the design intent.
set_output_delay -clock [get_clocks CLK_ADC] 0.000 [get_ports -quiet {EVENT_VALID EVENT_DATA* EVENT_LAST EVENT_CHUNK_ID* EVENT_TIMESTAMP* EVENT_SCORE* RING_MISS_COUNT* CHUNK_OVERFLOW}]
/home/work1/Works/AI-Trigger-System/HDL/constraints/ai_trigger_ooc.xdc (Line: 25)
Related violations: <none>

XDCH-2#1372 Warning
Same min and max delay values on IO port  
The same output delay of 0.000 ns has been defined on port 'EVENT_DATA[523]' relative to clock CLK_ADC for both max and min. Make sure this reflects the design intent.
set_output_delay -clock [get_clocks CLK_ADC] 0.000 [get_ports -quiet {EVENT_VALID EVENT_DATA* EVENT_LAST EVENT_CHUNK_ID* EVENT_TIMESTAMP* EVENT_SCORE* RING_MISS_COUNT* CHUNK_OVERFLOW}]
/home/work1/Works/AI-Trigger-System/HDL/constraints/ai_trigger_ooc.xdc (Line: 25)
Related violations: <none>

XDCH-2#1373 Warning
Same min and max delay values on IO port  
The same output delay of 0.000 ns has been defined on port 'EVENT_DATA[524]' relative to clock CLK_ADC for both max and min. Make sure this reflects the design intent.
set_output_delay -clock [get_clocks CLK_ADC] 0.000 [get_ports -quiet {EVENT_VALID EVENT_DATA* EVENT_LAST EVENT_CHUNK_ID* EVENT_TIMESTAMP* EVENT_SCORE* RING_MISS_COUNT* CHUNK_OVERFLOW}]
/home/work1/Works/AI-Trigger-System/HDL/constraints/ai_trigger_ooc.xdc (Line: 25)
Related violations: <none>

XDCH-2#1374 Warning
Same min and max delay values on IO port  
The same output delay of 0.000 ns has been defined on port 'EVENT_DATA[525]' relative to clock CLK_ADC for both max and min. Make sure this reflects the design intent.
set_output_delay -clock [get_clocks CLK_ADC] 0.000 [get_ports -quiet {EVENT_VALID EVENT_DATA* EVENT_LAST EVENT_CHUNK_ID* EVENT_TIMESTAMP* EVENT_SCORE* RING_MISS_COUNT* CHUNK_OVERFLOW}]
/home/work1/Works/AI-Trigger-System/HDL/constraints/ai_trigger_ooc.xdc (Line: 25)
Related violations: <none>

XDCH-2#1375 Warning
Same min and max delay values on IO port  
The same output delay of 0.000 ns has been defined on port 'EVENT_DATA[526]' relative to clock CLK_ADC for both max and min. Make sure this reflects the design intent.
set_output_delay -clock [get_clocks CLK_ADC] 0.000 [get_ports -quiet {EVENT_VALID EVENT_DATA* EVENT_LAST EVENT_CHUNK_ID* EVENT_TIMESTAMP* EVENT_SCORE* RING_MISS_COUNT* CHUNK_OVERFLOW}]
/home/work1/Works/AI-Trigger-System/HDL/constraints/ai_trigger_ooc.xdc (Line: 25)
Related violations: <none>

XDCH-2#1376 Warning
Same min and max delay values on IO port  
The same output delay of 0.000 ns has been defined on port 'EVENT_DATA[527]' relative to clock CLK_ADC for both max and min. Make sure this reflects the design intent.
set_output_delay -clock [get_clocks CLK_ADC] 0.000 [get_ports -quiet {EVENT_VALID EVENT_DATA* EVENT_LAST EVENT_CHUNK_ID* EVENT_TIMESTAMP* EVENT_SCORE* RING_MISS_COUNT* CHUNK_OVERFLOW}]
/home/work1/Works/AI-Trigger-System/HDL/constraints/ai_trigger_ooc.xdc (Line: 25)
Related violations: <none>

XDCH-2#1377 Warning
Same min and max delay values on IO port  
The same output delay of 0.000 ns has been defined on port 'EVENT_DATA[528]' relative to clock CLK_ADC for both max and min. Make sure this reflects the design intent.
set_output_delay -clock [get_clocks CLK_ADC] 0.000 [get_ports -quiet {EVENT_VALID EVENT_DATA* EVENT_LAST EVENT_CHUNK_ID* EVENT_TIMESTAMP* EVENT_SCORE* RING_MISS_COUNT* CHUNK_OVERFLOW}]
/home/work1/Works/AI-Trigger-System/HDL/constraints/ai_trigger_ooc.xdc (Line: 25)
Related violations: <none>

XDCH-2#1378 Warning
Same min and max delay values on IO port  
The same output delay of 0.000 ns has been defined on port 'EVENT_DATA[529]' relative to clock CLK_ADC for both max and min. Make sure this reflects the design intent.
set_output_delay -clock [get_clocks CLK_ADC] 0.000 [get_ports -quiet {EVENT_VALID EVENT_DATA* EVENT_LAST EVENT_CHUNK_ID* EVENT_TIMESTAMP* EVENT_SCORE* RING_MISS_COUNT* CHUNK_OVERFLOW}]
/home/work1/Works/AI-Trigger-System/HDL/constraints/ai_trigger_ooc.xdc (Line: 25)
Related violations: <none>

XDCH-2#1379 Warning
Same min and max delay values on IO port  
The same output delay of 0.000 ns has been defined on port 'EVENT_DATA[52]' relative to clock CLK_ADC for both max and min. Make sure this reflects the design intent.
set_output_delay -clock [get_clocks CLK_ADC] 0.000 [get_ports -quiet {EVENT_VALID EVENT_DATA* EVENT_LAST EVENT_CHUNK_ID* EVENT_TIMESTAMP* EVENT_SCORE* RING_MISS_COUNT* CHUNK_OVERFLOW}]
/home/work1/Works/AI-Trigger-System/HDL/constraints/ai_trigger_ooc.xdc (Line: 25)
Related violations: <none>

XDCH-2#1380 Warning
Same min and max delay values on IO port  
The same output delay of 0.000 ns has been defined on port 'EVENT_DATA[530]' relative to clock CLK_ADC for both max and min. Make sure this reflects the design intent.
set_output_delay -clock [get_clocks CLK_ADC] 0.000 [get_ports -quiet {EVENT_VALID EVENT_DATA* EVENT_LAST EVENT_CHUNK_ID* EVENT_TIMESTAMP* EVENT_SCORE* RING_MISS_COUNT* CHUNK_OVERFLOW}]
/home/work1/Works/AI-Trigger-System/HDL/constraints/ai_trigger_ooc.xdc (Line: 25)
Related violations: <none>

XDCH-2#1381 Warning
Same min and max delay values on IO port  
The same output delay of 0.000 ns has been defined on port 'EVENT_DATA[531]' relative to clock CLK_ADC for both max and min. Make sure this reflects the design intent.
set_output_delay -clock [get_clocks CLK_ADC] 0.000 [get_ports -quiet {EVENT_VALID EVENT_DATA* EVENT_LAST EVENT_CHUNK_ID* EVENT_TIMESTAMP* EVENT_SCORE* RING_MISS_COUNT* CHUNK_OVERFLOW}]
/home/work1/Works/AI-Trigger-System/HDL/constraints/ai_trigger_ooc.xdc (Line: 25)
Related violations: <none>

XDCH-2#1382 Warning
Same min and max delay values on IO port  
The same output delay of 0.000 ns has been defined on port 'EVENT_DATA[532]' relative to clock CLK_ADC for both max and min. Make sure this reflects the design intent.
set_output_delay -clock [get_clocks CLK_ADC] 0.000 [get_ports -quiet {EVENT_VALID EVENT_DATA* EVENT_LAST EVENT_CHUNK_ID* EVENT_TIMESTAMP* EVENT_SCORE* RING_MISS_COUNT* CHUNK_OVERFLOW}]
/home/work1/Works/AI-Trigger-System/HDL/constraints/ai_trigger_ooc.xdc (Line: 25)
Related violations: <none>

XDCH-2#1383 Warning
Same min and max delay values on IO port  
The same output delay of 0.000 ns has been defined on port 'EVENT_DATA[533]' relative to clock CLK_ADC for both max and min. Make sure this reflects the design intent.
set_output_delay -clock [get_clocks CLK_ADC] 0.000 [get_ports -quiet {EVENT_VALID EVENT_DATA* EVENT_LAST EVENT_CHUNK_ID* EVENT_TIMESTAMP* EVENT_SCORE* RING_MISS_COUNT* CHUNK_OVERFLOW}]
/home/work1/Works/AI-Trigger-System/HDL/constraints/ai_trigger_ooc.xdc (Line: 25)
Related violations: <none>

XDCH-2#1384 Warning
Same min and max delay values on IO port  
The same output delay of 0.000 ns has been defined on port 'EVENT_DATA[534]' relative to clock CLK_ADC for both max and min. Make sure this reflects the design intent.
set_output_delay -clock [get_clocks CLK_ADC] 0.000 [get_ports -quiet {EVENT_VALID EVENT_DATA* EVENT_LAST EVENT_CHUNK_ID* EVENT_TIMESTAMP* EVENT_SCORE* RING_MISS_COUNT* CHUNK_OVERFLOW}]
/home/work1/Works/AI-Trigger-System/HDL/constraints/ai_trigger_ooc.xdc (Line: 25)
Related violations: <none>

XDCH-2#1385 Warning
Same min and max delay values on IO port  
The same output delay of 0.000 ns has been defined on port 'EVENT_DATA[535]' relative to clock CLK_ADC for both max and min. Make sure this reflects the design intent.
set_output_delay -clock [get_clocks CLK_ADC] 0.000 [get_ports -quiet {EVENT_VALID EVENT_DATA* EVENT_LAST EVENT_CHUNK_ID* EVENT_TIMESTAMP* EVENT_SCORE* RING_MISS_COUNT* CHUNK_OVERFLOW}]
/home/work1/Works/AI-Trigger-System/HDL/constraints/ai_trigger_ooc.xdc (Line: 25)
Related violations: <none>

XDCH-2#1386 Warning
Same min and max delay values on IO port  
The same output delay of 0.000 ns has been defined on port 'EVENT_DATA[536]' relative to clock CLK_ADC for both max and min. Make sure this reflects the design intent.
set_output_delay -clock [get_clocks CLK_ADC] 0.000 [get_ports -quiet {EVENT_VALID EVENT_DATA* EVENT_LAST EVENT_CHUNK_ID* EVENT_TIMESTAMP* EVENT_SCORE* RING_MISS_COUNT* CHUNK_OVERFLOW}]
/home/work1/Works/AI-Trigger-System/HDL/constraints/ai_trigger_ooc.xdc (Line: 25)
Related violations: <none>

XDCH-2#1387 Warning
Same min and max delay values on IO port  
The same output delay of 0.000 ns has been defined on port 'EVENT_DATA[537]' relative to clock CLK_ADC for both max and min. Make sure this reflects the design intent.
set_output_delay -clock [get_clocks CLK_ADC] 0.000 [get_ports -quiet {EVENT_VALID EVENT_DATA* EVENT_LAST EVENT_CHUNK_ID* EVENT_TIMESTAMP* EVENT_SCORE* RING_MISS_COUNT* CHUNK_OVERFLOW}]
/home/work1/Works/AI-Trigger-System/HDL/constraints/ai_trigger_ooc.xdc (Line: 25)
Related violations: <none>

XDCH-2#1388 Warning
Same min and max delay values on IO port  
The same output delay of 0.000 ns has been defined on port 'EVENT_DATA[538]' relative to clock CLK_ADC for both max and min. Make sure this reflects the design intent.
set_output_delay -clock [get_clocks CLK_ADC] 0.000 [get_ports -quiet {EVENT_VALID EVENT_DATA* EVENT_LAST EVENT_CHUNK_ID* EVENT_TIMESTAMP* EVENT_SCORE* RING_MISS_COUNT* CHUNK_OVERFLOW}]
/home/work1/Works/AI-Trigger-System/HDL/constraints/ai_trigger_ooc.xdc (Line: 25)
Related violations: <none>

XDCH-2#1389 Warning
Same min and max delay values on IO port  
The same output delay of 0.000 ns has been defined on port 'EVENT_DATA[539]' relative to clock CLK_ADC for both max and min. Make sure this reflects the design intent.
set_output_delay -clock [get_clocks CLK_ADC] 0.000 [get_ports -quiet {EVENT_VALID EVENT_DATA* EVENT_LAST EVENT_CHUNK_ID* EVENT_TIMESTAMP* EVENT_SCORE* RING_MISS_COUNT* CHUNK_OVERFLOW}]
/home/work1/Works/AI-Trigger-System/HDL/constraints/ai_trigger_ooc.xdc (Line: 25)
Related violations: <none>

XDCH-2#1390 Warning
Same min and max delay values on IO port  
The same output delay of 0.000 ns has been defined on port 'EVENT_DATA[53]' relative to clock CLK_ADC for both max and min. Make sure this reflects the design intent.
set_output_delay -clock [get_clocks CLK_ADC] 0.000 [get_ports -quiet {EVENT_VALID EVENT_DATA* EVENT_LAST EVENT_CHUNK_ID* EVENT_TIMESTAMP* EVENT_SCORE* RING_MISS_COUNT* CHUNK_OVERFLOW}]
/home/work1/Works/AI-Trigger-System/HDL/constraints/ai_trigger_ooc.xdc (Line: 25)
Related violations: <none>

XDCH-2#1391 Warning
Same min and max delay values on IO port  
The same output delay of 0.000 ns has been defined on port 'EVENT_DATA[540]' relative to clock CLK_ADC for both max and min. Make sure this reflects the design intent.
set_output_delay -clock [get_clocks CLK_ADC] 0.000 [get_ports -quiet {EVENT_VALID EVENT_DATA* EVENT_LAST EVENT_CHUNK_ID* EVENT_TIMESTAMP* EVENT_SCORE* RING_MISS_COUNT* CHUNK_OVERFLOW}]
/home/work1/Works/AI-Trigger-System/HDL/constraints/ai_trigger_ooc.xdc (Line: 25)
Related violations: <none>

XDCH-2#1392 Warning
Same min and max delay values on IO port  
The same output delay of 0.000 ns has been defined on port 'EVENT_DATA[541]' relative to clock CLK_ADC for both max and min. Make sure this reflects the design intent.
set_output_delay -clock [get_clocks CLK_ADC] 0.000 [get_ports -quiet {EVENT_VALID EVENT_DATA* EVENT_LAST EVENT_CHUNK_ID* EVENT_TIMESTAMP* EVENT_SCORE* RING_MISS_COUNT* CHUNK_OVERFLOW}]
/home/work1/Works/AI-Trigger-System/HDL/constraints/ai_trigger_ooc.xdc (Line: 25)
Related violations: <none>

XDCH-2#1393 Warning
Same min and max delay values on IO port  
The same output delay of 0.000 ns has been defined on port 'EVENT_DATA[542]' relative to clock CLK_ADC for both max and min. Make sure this reflects the design intent.
set_output_delay -clock [get_clocks CLK_ADC] 0.000 [get_ports -quiet {EVENT_VALID EVENT_DATA* EVENT_LAST EVENT_CHUNK_ID* EVENT_TIMESTAMP* EVENT_SCORE* RING_MISS_COUNT* CHUNK_OVERFLOW}]
/home/work1/Works/AI-Trigger-System/HDL/constraints/ai_trigger_ooc.xdc (Line: 25)
Related violations: <none>

XDCH-2#1394 Warning
Same min and max delay values on IO port  
The same output delay of 0.000 ns has been defined on port 'EVENT_DATA[543]' relative to clock CLK_ADC for both max and min. Make sure this reflects the design intent.
set_output_delay -clock [get_clocks CLK_ADC] 0.000 [get_ports -quiet {EVENT_VALID EVENT_DATA* EVENT_LAST EVENT_CHUNK_ID* EVENT_TIMESTAMP* EVENT_SCORE* RING_MISS_COUNT* CHUNK_OVERFLOW}]
/home/work1/Works/AI-Trigger-System/HDL/constraints/ai_trigger_ooc.xdc (Line: 25)
Related violations: <none>

XDCH-2#1395 Warning
Same min and max delay values on IO port  
The same output delay of 0.000 ns has been defined on port 'EVENT_DATA[544]' relative to clock CLK_ADC for both max and min. Make sure this reflects the design intent.
set_output_delay -clock [get_clocks CLK_ADC] 0.000 [get_ports -quiet {EVENT_VALID EVENT_DATA* EVENT_LAST EVENT_CHUNK_ID* EVENT_TIMESTAMP* EVENT_SCORE* RING_MISS_COUNT* CHUNK_OVERFLOW}]
/home/work1/Works/AI-Trigger-System/HDL/constraints/ai_trigger_ooc.xdc (Line: 25)
Related violations: <none>

XDCH-2#1396 Warning
Same min and max delay values on IO port  
The same output delay of 0.000 ns has been defined on port 'EVENT_DATA[545]' relative to clock CLK_ADC for both max and min. Make sure this reflects the design intent.
set_output_delay -clock [get_clocks CLK_ADC] 0.000 [get_ports -quiet {EVENT_VALID EVENT_DATA* EVENT_LAST EVENT_CHUNK_ID* EVENT_TIMESTAMP* EVENT_SCORE* RING_MISS_COUNT* CHUNK_OVERFLOW}]
/home/work1/Works/AI-Trigger-System/HDL/constraints/ai_trigger_ooc.xdc (Line: 25)
Related violations: <none>

XDCH-2#1397 Warning
Same min and max delay values on IO port  
The same output delay of 0.000 ns has been defined on port 'EVENT_DATA[546]' relative to clock CLK_ADC for both max and min. Make sure this reflects the design intent.
set_output_delay -clock [get_clocks CLK_ADC] 0.000 [get_ports -quiet {EVENT_VALID EVENT_DATA* EVENT_LAST EVENT_CHUNK_ID* EVENT_TIMESTAMP* EVENT_SCORE* RING_MISS_COUNT* CHUNK_OVERFLOW}]
/home/work1/Works/AI-Trigger-System/HDL/constraints/ai_trigger_ooc.xdc (Line: 25)
Related violations: <none>

XDCH-2#1398 Warning
Same min and max delay values on IO port  
The same output delay of 0.000 ns has been defined on port 'EVENT_DATA[547]' relative to clock CLK_ADC for both max and min. Make sure this reflects the design intent.
set_output_delay -clock [get_clocks CLK_ADC] 0.000 [get_ports -quiet {EVENT_VALID EVENT_DATA* EVENT_LAST EVENT_CHUNK_ID* EVENT_TIMESTAMP* EVENT_SCORE* RING_MISS_COUNT* CHUNK_OVERFLOW}]
/home/work1/Works/AI-Trigger-System/HDL/constraints/ai_trigger_ooc.xdc (Line: 25)
Related violations: <none>

XDCH-2#1399 Warning
Same min and max delay values on IO port  
The same output delay of 0.000 ns has been defined on port 'EVENT_DATA[548]' relative to clock CLK_ADC for both max and min. Make sure this reflects the design intent.
set_output_delay -clock [get_clocks CLK_ADC] 0.000 [get_ports -quiet {EVENT_VALID EVENT_DATA* EVENT_LAST EVENT_CHUNK_ID* EVENT_TIMESTAMP* EVENT_SCORE* RING_MISS_COUNT* CHUNK_OVERFLOW}]
/home/work1/Works/AI-Trigger-System/HDL/constraints/ai_trigger_ooc.xdc (Line: 25)
Related violations: <none>

XDCH-2#1400 Warning
Same min and max delay values on IO port  
The same output delay of 0.000 ns has been defined on port 'EVENT_DATA[549]' relative to clock CLK_ADC for both max and min. Make sure this reflects the design intent.
set_output_delay -clock [get_clocks CLK_ADC] 0.000 [get_ports -quiet {EVENT_VALID EVENT_DATA* EVENT_LAST EVENT_CHUNK_ID* EVENT_TIMESTAMP* EVENT_SCORE* RING_MISS_COUNT* CHUNK_OVERFLOW}]
/home/work1/Works/AI-Trigger-System/HDL/constraints/ai_trigger_ooc.xdc (Line: 25)
Related violations: <none>

XDCH-2#1401 Warning
Same min and max delay values on IO port  
The same output delay of 0.000 ns has been defined on port 'EVENT_DATA[54]' relative to clock CLK_ADC for both max and min. Make sure this reflects the design intent.
set_output_delay -clock [get_clocks CLK_ADC] 0.000 [get_ports -quiet {EVENT_VALID EVENT_DATA* EVENT_LAST EVENT_CHUNK_ID* EVENT_TIMESTAMP* EVENT_SCORE* RING_MISS_COUNT* CHUNK_OVERFLOW}]
/home/work1/Works/AI-Trigger-System/HDL/constraints/ai_trigger_ooc.xdc (Line: 25)
Related violations: <none>

XDCH-2#1402 Warning
Same min and max delay values on IO port  
The same output delay of 0.000 ns has been defined on port 'EVENT_DATA[550]' relative to clock CLK_ADC for both max and min. Make sure this reflects the design intent.
set_output_delay -clock [get_clocks CLK_ADC] 0.000 [get_ports -quiet {EVENT_VALID EVENT_DATA* EVENT_LAST EVENT_CHUNK_ID* EVENT_TIMESTAMP* EVENT_SCORE* RING_MISS_COUNT* CHUNK_OVERFLOW}]
/home/work1/Works/AI-Trigger-System/HDL/constraints/ai_trigger_ooc.xdc (Line: 25)
Related violations: <none>

XDCH-2#1403 Warning
Same min and max delay values on IO port  
The same output delay of 0.000 ns has been defined on port 'EVENT_DATA[551]' relative to clock CLK_ADC for both max and min. Make sure this reflects the design intent.
set_output_delay -clock [get_clocks CLK_ADC] 0.000 [get_ports -quiet {EVENT_VALID EVENT_DATA* EVENT_LAST EVENT_CHUNK_ID* EVENT_TIMESTAMP* EVENT_SCORE* RING_MISS_COUNT* CHUNK_OVERFLOW}]
/home/work1/Works/AI-Trigger-System/HDL/constraints/ai_trigger_ooc.xdc (Line: 25)
Related violations: <none>

XDCH-2#1404 Warning
Same min and max delay values on IO port  
The same output delay of 0.000 ns has been defined on port 'EVENT_DATA[552]' relative to clock CLK_ADC for both max and min. Make sure this reflects the design intent.
set_output_delay -clock [get_clocks CLK_ADC] 0.000 [get_ports -quiet {EVENT_VALID EVENT_DATA* EVENT_LAST EVENT_CHUNK_ID* EVENT_TIMESTAMP* EVENT_SCORE* RING_MISS_COUNT* CHUNK_OVERFLOW}]
/home/work1/Works/AI-Trigger-System/HDL/constraints/ai_trigger_ooc.xdc (Line: 25)
Related violations: <none>

XDCH-2#1405 Warning
Same min and max delay values on IO port  
The same output delay of 0.000 ns has been defined on port 'EVENT_DATA[553]' relative to clock CLK_ADC for both max and min. Make sure this reflects the design intent.
set_output_delay -clock [get_clocks CLK_ADC] 0.000 [get_ports -quiet {EVENT_VALID EVENT_DATA* EVENT_LAST EVENT_CHUNK_ID* EVENT_TIMESTAMP* EVENT_SCORE* RING_MISS_COUNT* CHUNK_OVERFLOW}]
/home/work1/Works/AI-Trigger-System/HDL/constraints/ai_trigger_ooc.xdc (Line: 25)
Related violations: <none>

XDCH-2#1406 Warning
Same min and max delay values on IO port  
The same output delay of 0.000 ns has been defined on port 'EVENT_DATA[554]' relative to clock CLK_ADC for both max and min. Make sure this reflects the design intent.
set_output_delay -clock [get_clocks CLK_ADC] 0.000 [get_ports -quiet {EVENT_VALID EVENT_DATA* EVENT_LAST EVENT_CHUNK_ID* EVENT_TIMESTAMP* EVENT_SCORE* RING_MISS_COUNT* CHUNK_OVERFLOW}]
/home/work1/Works/AI-Trigger-System/HDL/constraints/ai_trigger_ooc.xdc (Line: 25)
Related violations: <none>

XDCH-2#1407 Warning
Same min and max delay values on IO port  
The same output delay of 0.000 ns has been defined on port 'EVENT_DATA[555]' relative to clock CLK_ADC for both max and min. Make sure this reflects the design intent.
set_output_delay -clock [get_clocks CLK_ADC] 0.000 [get_ports -quiet {EVENT_VALID EVENT_DATA* EVENT_LAST EVENT_CHUNK_ID* EVENT_TIMESTAMP* EVENT_SCORE* RING_MISS_COUNT* CHUNK_OVERFLOW}]
/home/work1/Works/AI-Trigger-System/HDL/constraints/ai_trigger_ooc.xdc (Line: 25)
Related violations: <none>

XDCH-2#1408 Warning
Same min and max delay values on IO port  
The same output delay of 0.000 ns has been defined on port 'EVENT_DATA[556]' relative to clock CLK_ADC for both max and min. Make sure this reflects the design intent.
set_output_delay -clock [get_clocks CLK_ADC] 0.000 [get_ports -quiet {EVENT_VALID EVENT_DATA* EVENT_LAST EVENT_CHUNK_ID* EVENT_TIMESTAMP* EVENT_SCORE* RING_MISS_COUNT* CHUNK_OVERFLOW}]
/home/work1/Works/AI-Trigger-System/HDL/constraints/ai_trigger_ooc.xdc (Line: 25)
Related violations: <none>

XDCH-2#1409 Warning
Same min and max delay values on IO port  
The same output delay of 0.000 ns has been defined on port 'EVENT_DATA[557]' relative to clock CLK_ADC for both max and min. Make sure this reflects the design intent.
set_output_delay -clock [get_clocks CLK_ADC] 0.000 [get_ports -quiet {EVENT_VALID EVENT_DATA* EVENT_LAST EVENT_CHUNK_ID* EVENT_TIMESTAMP* EVENT_SCORE* RING_MISS_COUNT* CHUNK_OVERFLOW}]
/home/work1/Works/AI-Trigger-System/HDL/constraints/ai_trigger_ooc.xdc (Line: 25)
Related violations: <none>

XDCH-2#1410 Warning
Same min and max delay values on IO port  
The same output delay of 0.000 ns has been defined on port 'EVENT_DATA[558]' relative to clock CLK_ADC for both max and min. Make sure this reflects the design intent.
set_output_delay -clock [get_clocks CLK_ADC] 0.000 [get_ports -quiet {EVENT_VALID EVENT_DATA* EVENT_LAST EVENT_CHUNK_ID* EVENT_TIMESTAMP* EVENT_SCORE* RING_MISS_COUNT* CHUNK_OVERFLOW}]
/home/work1/Works/AI-Trigger-System/HDL/constraints/ai_trigger_ooc.xdc (Line: 25)
Related violations: <none>

XDCH-2#1411 Warning
Same min and max delay values on IO port  
The same output delay of 0.000 ns has been defined on port 'EVENT_DATA[559]' relative to clock CLK_ADC for both max and min. Make sure this reflects the design intent.
set_output_delay -clock [get_clocks CLK_ADC] 0.000 [get_ports -quiet {EVENT_VALID EVENT_DATA* EVENT_LAST EVENT_CHUNK_ID* EVENT_TIMESTAMP* EVENT_SCORE* RING_MISS_COUNT* CHUNK_OVERFLOW}]
/home/work1/Works/AI-Trigger-System/HDL/constraints/ai_trigger_ooc.xdc (Line: 25)
Related violations: <none>

XDCH-2#1412 Warning
Same min and max delay values on IO port  
The same output delay of 0.000 ns has been defined on port 'EVENT_DATA[55]' relative to clock CLK_ADC for both max and min. Make sure this reflects the design intent.
set_output_delay -clock [get_clocks CLK_ADC] 0.000 [get_ports -quiet {EVENT_VALID EVENT_DATA* EVENT_LAST EVENT_CHUNK_ID* EVENT_TIMESTAMP* EVENT_SCORE* RING_MISS_COUNT* CHUNK_OVERFLOW}]
/home/work1/Works/AI-Trigger-System/HDL/constraints/ai_trigger_ooc.xdc (Line: 25)
Related violations: <none>

XDCH-2#1413 Warning
Same min and max delay values on IO port  
The same output delay of 0.000 ns has been defined on port 'EVENT_DATA[560]' relative to clock CLK_ADC for both max and min. Make sure this reflects the design intent.
set_output_delay -clock [get_clocks CLK_ADC] 0.000 [get_ports -quiet {EVENT_VALID EVENT_DATA* EVENT_LAST EVENT_CHUNK_ID* EVENT_TIMESTAMP* EVENT_SCORE* RING_MISS_COUNT* CHUNK_OVERFLOW}]
/home/work1/Works/AI-Trigger-System/HDL/constraints/ai_trigger_ooc.xdc (Line: 25)
Related violations: <none>

XDCH-2#1414 Warning
Same min and max delay values on IO port  
The same output delay of 0.000 ns has been defined on port 'EVENT_DATA[561]' relative to clock CLK_ADC for both max and min. Make sure this reflects the design intent.
set_output_delay -clock [get_clocks CLK_ADC] 0.000 [get_ports -quiet {EVENT_VALID EVENT_DATA* EVENT_LAST EVENT_CHUNK_ID* EVENT_TIMESTAMP* EVENT_SCORE* RING_MISS_COUNT* CHUNK_OVERFLOW}]
/home/work1/Works/AI-Trigger-System/HDL/constraints/ai_trigger_ooc.xdc (Line: 25)
Related violations: <none>

XDCH-2#1415 Warning
Same min and max delay values on IO port  
The same output delay of 0.000 ns has been defined on port 'EVENT_DATA[562]' relative to clock CLK_ADC for both max and min. Make sure this reflects the design intent.
set_output_delay -clock [get_clocks CLK_ADC] 0.000 [get_ports -quiet {EVENT_VALID EVENT_DATA* EVENT_LAST EVENT_CHUNK_ID* EVENT_TIMESTAMP* EVENT_SCORE* RING_MISS_COUNT* CHUNK_OVERFLOW}]
/home/work1/Works/AI-Trigger-System/HDL/constraints/ai_trigger_ooc.xdc (Line: 25)
Related violations: <none>

XDCH-2#1416 Warning
Same min and max delay values on IO port  
The same output delay of 0.000 ns has been defined on port 'EVENT_DATA[563]' relative to clock CLK_ADC for both max and min. Make sure this reflects the design intent.
set_output_delay -clock [get_clocks CLK_ADC] 0.000 [get_ports -quiet {EVENT_VALID EVENT_DATA* EVENT_LAST EVENT_CHUNK_ID* EVENT_TIMESTAMP* EVENT_SCORE* RING_MISS_COUNT* CHUNK_OVERFLOW}]
/home/work1/Works/AI-Trigger-System/HDL/constraints/ai_trigger_ooc.xdc (Line: 25)
Related violations: <none>

XDCH-2#1417 Warning
Same min and max delay values on IO port  
The same output delay of 0.000 ns has been defined on port 'EVENT_DATA[564]' relative to clock CLK_ADC for both max and min. Make sure this reflects the design intent.
set_output_delay -clock [get_clocks CLK_ADC] 0.000 [get_ports -quiet {EVENT_VALID EVENT_DATA* EVENT_LAST EVENT_CHUNK_ID* EVENT_TIMESTAMP* EVENT_SCORE* RING_MISS_COUNT* CHUNK_OVERFLOW}]
/home/work1/Works/AI-Trigger-System/HDL/constraints/ai_trigger_ooc.xdc (Line: 25)
Related violations: <none>

XDCH-2#1418 Warning
Same min and max delay values on IO port  
The same output delay of 0.000 ns has been defined on port 'EVENT_DATA[565]' relative to clock CLK_ADC for both max and min. Make sure this reflects the design intent.
set_output_delay -clock [get_clocks CLK_ADC] 0.000 [get_ports -quiet {EVENT_VALID EVENT_DATA* EVENT_LAST EVENT_CHUNK_ID* EVENT_TIMESTAMP* EVENT_SCORE* RING_MISS_COUNT* CHUNK_OVERFLOW}]
/home/work1/Works/AI-Trigger-System/HDL/constraints/ai_trigger_ooc.xdc (Line: 25)
Related violations: <none>

XDCH-2#1419 Warning
Same min and max delay values on IO port  
The same output delay of 0.000 ns has been defined on port 'EVENT_DATA[566]' relative to clock CLK_ADC for both max and min. Make sure this reflects the design intent.
set_output_delay -clock [get_clocks CLK_ADC] 0.000 [get_ports -quiet {EVENT_VALID EVENT_DATA* EVENT_LAST EVENT_CHUNK_ID* EVENT_TIMESTAMP* EVENT_SCORE* RING_MISS_COUNT* CHUNK_OVERFLOW}]
/home/work1/Works/AI-Trigger-System/HDL/constraints/ai_trigger_ooc.xdc (Line: 25)
Related violations: <none>

XDCH-2#1420 Warning
Same min and max delay values on IO port  
The same output delay of 0.000 ns has been defined on port 'EVENT_DATA[567]' relative to clock CLK_ADC for both max and min. Make sure this reflects the design intent.
set_output_delay -clock [get_clocks CLK_ADC] 0.000 [get_ports -quiet {EVENT_VALID EVENT_DATA* EVENT_LAST EVENT_CHUNK_ID* EVENT_TIMESTAMP* EVENT_SCORE* RING_MISS_COUNT* CHUNK_OVERFLOW}]
/home/work1/Works/AI-Trigger-System/HDL/constraints/ai_trigger_ooc.xdc (Line: 25)
Related violations: <none>

XDCH-2#1421 Warning
Same min and max delay values on IO port  
The same output delay of 0.000 ns has been defined on port 'EVENT_DATA[568]' relative to clock CLK_ADC for both max and min. Make sure this reflects the design intent.
set_output_delay -clock [get_clocks CLK_ADC] 0.000 [get_ports -quiet {EVENT_VALID EVENT_DATA* EVENT_LAST EVENT_CHUNK_ID* EVENT_TIMESTAMP* EVENT_SCORE* RING_MISS_COUNT* CHUNK_OVERFLOW}]
/home/work1/Works/AI-Trigger-System/HDL/constraints/ai_trigger_ooc.xdc (Line: 25)
Related violations: <none>

XDCH-2#1422 Warning
Same min and max delay values on IO port  
The same output delay of 0.000 ns has been defined on port 'EVENT_DATA[569]' relative to clock CLK_ADC for both max and min. Make sure this reflects the design intent.
set_output_delay -clock [get_clocks CLK_ADC] 0.000 [get_ports -quiet {EVENT_VALID EVENT_DATA* EVENT_LAST EVENT_CHUNK_ID* EVENT_TIMESTAMP* EVENT_SCORE* RING_MISS_COUNT* CHUNK_OVERFLOW}]
/home/work1/Works/AI-Trigger-System/HDL/constraints/ai_trigger_ooc.xdc (Line: 25)
Related violations: <none>

XDCH-2#1423 Warning
Same min and max delay values on IO port  
The same output delay of 0.000 ns has been defined on port 'EVENT_DATA[56]' relative to clock CLK_ADC for both max and min. Make sure this reflects the design intent.
set_output_delay -clock [get_clocks CLK_ADC] 0.000 [get_ports -quiet {EVENT_VALID EVENT_DATA* EVENT_LAST EVENT_CHUNK_ID* EVENT_TIMESTAMP* EVENT_SCORE* RING_MISS_COUNT* CHUNK_OVERFLOW}]
/home/work1/Works/AI-Trigger-System/HDL/constraints/ai_trigger_ooc.xdc (Line: 25)
Related violations: <none>

XDCH-2#1424 Warning
Same min and max delay values on IO port  
The same output delay of 0.000 ns has been defined on port 'EVENT_DATA[570]' relative to clock CLK_ADC for both max and min. Make sure this reflects the design intent.
set_output_delay -clock [get_clocks CLK_ADC] 0.000 [get_ports -quiet {EVENT_VALID EVENT_DATA* EVENT_LAST EVENT_CHUNK_ID* EVENT_TIMESTAMP* EVENT_SCORE* RING_MISS_COUNT* CHUNK_OVERFLOW}]
/home/work1/Works/AI-Trigger-System/HDL/constraints/ai_trigger_ooc.xdc (Line: 25)
Related violations: <none>

XDCH-2#1425 Warning
Same min and max delay values on IO port  
The same output delay of 0.000 ns has been defined on port 'EVENT_DATA[571]' relative to clock CLK_ADC for both max and min. Make sure this reflects the design intent.
set_output_delay -clock [get_clocks CLK_ADC] 0.000 [get_ports -quiet {EVENT_VALID EVENT_DATA* EVENT_LAST EVENT_CHUNK_ID* EVENT_TIMESTAMP* EVENT_SCORE* RING_MISS_COUNT* CHUNK_OVERFLOW}]
/home/work1/Works/AI-Trigger-System/HDL/constraints/ai_trigger_ooc.xdc (Line: 25)
Related violations: <none>

XDCH-2#1426 Warning
Same min and max delay values on IO port  
The same output delay of 0.000 ns has been defined on port 'EVENT_DATA[572]' relative to clock CLK_ADC for both max and min. Make sure this reflects the design intent.
set_output_delay -clock [get_clocks CLK_ADC] 0.000 [get_ports -quiet {EVENT_VALID EVENT_DATA* EVENT_LAST EVENT_CHUNK_ID* EVENT_TIMESTAMP* EVENT_SCORE* RING_MISS_COUNT* CHUNK_OVERFLOW}]
/home/work1/Works/AI-Trigger-System/HDL/constraints/ai_trigger_ooc.xdc (Line: 25)
Related violations: <none>

XDCH-2#1427 Warning
Same min and max delay values on IO port  
The same output delay of 0.000 ns has been defined on port 'EVENT_DATA[573]' relative to clock CLK_ADC for both max and min. Make sure this reflects the design intent.
set_output_delay -clock [get_clocks CLK_ADC] 0.000 [get_ports -quiet {EVENT_VALID EVENT_DATA* EVENT_LAST EVENT_CHUNK_ID* EVENT_TIMESTAMP* EVENT_SCORE* RING_MISS_COUNT* CHUNK_OVERFLOW}]
/home/work1/Works/AI-Trigger-System/HDL/constraints/ai_trigger_ooc.xdc (Line: 25)
Related violations: <none>

XDCH-2#1428 Warning
Same min and max delay values on IO port  
The same output delay of 0.000 ns has been defined on port 'EVENT_DATA[574]' relative to clock CLK_ADC for both max and min. Make sure this reflects the design intent.
set_output_delay -clock [get_clocks CLK_ADC] 0.000 [get_ports -quiet {EVENT_VALID EVENT_DATA* EVENT_LAST EVENT_CHUNK_ID* EVENT_TIMESTAMP* EVENT_SCORE* RING_MISS_COUNT* CHUNK_OVERFLOW}]
/home/work1/Works/AI-Trigger-System/HDL/constraints/ai_trigger_ooc.xdc (Line: 25)
Related violations: <none>

XDCH-2#1429 Warning
Same min and max delay values on IO port  
The same output delay of 0.000 ns has been defined on port 'EVENT_DATA[575]' relative to clock CLK_ADC for both max and min. Make sure this reflects the design intent.
set_output_delay -clock [get_clocks CLK_ADC] 0.000 [get_ports -quiet {EVENT_VALID EVENT_DATA* EVENT_LAST EVENT_CHUNK_ID* EVENT_TIMESTAMP* EVENT_SCORE* RING_MISS_COUNT* CHUNK_OVERFLOW}]
/home/work1/Works/AI-Trigger-System/HDL/constraints/ai_trigger_ooc.xdc (Line: 25)
Related violations: <none>

XDCH-2#1430 Warning
Same min and max delay values on IO port  
The same output delay of 0.000 ns has been defined on port 'EVENT_DATA[576]' relative to clock CLK_ADC for both max and min. Make sure this reflects the design intent.
set_output_delay -clock [get_clocks CLK_ADC] 0.000 [get_ports -quiet {EVENT_VALID EVENT_DATA* EVENT_LAST EVENT_CHUNK_ID* EVENT_TIMESTAMP* EVENT_SCORE* RING_MISS_COUNT* CHUNK_OVERFLOW}]
/home/work1/Works/AI-Trigger-System/HDL/constraints/ai_trigger_ooc.xdc (Line: 25)
Related violations: <none>

XDCH-2#1431 Warning
Same min and max delay values on IO port  
The same output delay of 0.000 ns has been defined on port 'EVENT_DATA[577]' relative to clock CLK_ADC for both max and min. Make sure this reflects the design intent.
set_output_delay -clock [get_clocks CLK_ADC] 0.000 [get_ports -quiet {EVENT_VALID EVENT_DATA* EVENT_LAST EVENT_CHUNK_ID* EVENT_TIMESTAMP* EVENT_SCORE* RING_MISS_COUNT* CHUNK_OVERFLOW}]
/home/work1/Works/AI-Trigger-System/HDL/constraints/ai_trigger_ooc.xdc (Line: 25)
Related violations: <none>

XDCH-2#1432 Warning
Same min and max delay values on IO port  
The same output delay of 0.000 ns has been defined on port 'EVENT_DATA[578]' relative to clock CLK_ADC for both max and min. Make sure this reflects the design intent.
set_output_delay -clock [get_clocks CLK_ADC] 0.000 [get_ports -quiet {EVENT_VALID EVENT_DATA* EVENT_LAST EVENT_CHUNK_ID* EVENT_TIMESTAMP* EVENT_SCORE* RING_MISS_COUNT* CHUNK_OVERFLOW}]
/home/work1/Works/AI-Trigger-System/HDL/constraints/ai_trigger_ooc.xdc (Line: 25)
Related violations: <none>

XDCH-2#1433 Warning
Same min and max delay values on IO port  
The same output delay of 0.000 ns has been defined on port 'EVENT_DATA[579]' relative to clock CLK_ADC for both max and min. Make sure this reflects the design intent.
set_output_delay -clock [get_clocks CLK_ADC] 0.000 [get_ports -quiet {EVENT_VALID EVENT_DATA* EVENT_LAST EVENT_CHUNK_ID* EVENT_TIMESTAMP* EVENT_SCORE* RING_MISS_COUNT* CHUNK_OVERFLOW}]
/home/work1/Works/AI-Trigger-System/HDL/constraints/ai_trigger_ooc.xdc (Line: 25)
Related violations: <none>

XDCH-2#1434 Warning
Same min and max delay values on IO port  
The same output delay of 0.000 ns has been defined on port 'EVENT_DATA[57]' relative to clock CLK_ADC for both max and min. Make sure this reflects the design intent.
set_output_delay -clock [get_clocks CLK_ADC] 0.000 [get_ports -quiet {EVENT_VALID EVENT_DATA* EVENT_LAST EVENT_CHUNK_ID* EVENT_TIMESTAMP* EVENT_SCORE* RING_MISS_COUNT* CHUNK_OVERFLOW}]
/home/work1/Works/AI-Trigger-System/HDL/constraints/ai_trigger_ooc.xdc (Line: 25)
Related violations: <none>

XDCH-2#1435 Warning
Same min and max delay values on IO port  
The same output delay of 0.000 ns has been defined on port 'EVENT_DATA[580]' relative to clock CLK_ADC for both max and min. Make sure this reflects the design intent.
set_output_delay -clock [get_clocks CLK_ADC] 0.000 [get_ports -quiet {EVENT_VALID EVENT_DATA* EVENT_LAST EVENT_CHUNK_ID* EVENT_TIMESTAMP* EVENT_SCORE* RING_MISS_COUNT* CHUNK_OVERFLOW}]
/home/work1/Works/AI-Trigger-System/HDL/constraints/ai_trigger_ooc.xdc (Line: 25)
Related violations: <none>

XDCH-2#1436 Warning
Same min and max delay values on IO port  
The same output delay of 0.000 ns has been defined on port 'EVENT_DATA[581]' relative to clock CLK_ADC for both max and min. Make sure this reflects the design intent.
set_output_delay -clock [get_clocks CLK_ADC] 0.000 [get_ports -quiet {EVENT_VALID EVENT_DATA* EVENT_LAST EVENT_CHUNK_ID* EVENT_TIMESTAMP* EVENT_SCORE* RING_MISS_COUNT* CHUNK_OVERFLOW}]
/home/work1/Works/AI-Trigger-System/HDL/constraints/ai_trigger_ooc.xdc (Line: 25)
Related violations: <none>

XDCH-2#1437 Warning
Same min and max delay values on IO port  
The same output delay of 0.000 ns has been defined on port 'EVENT_DATA[582]' relative to clock CLK_ADC for both max and min. Make sure this reflects the design intent.
set_output_delay -clock [get_clocks CLK_ADC] 0.000 [get_ports -quiet {EVENT_VALID EVENT_DATA* EVENT_LAST EVENT_CHUNK_ID* EVENT_TIMESTAMP* EVENT_SCORE* RING_MISS_COUNT* CHUNK_OVERFLOW}]
/home/work1/Works/AI-Trigger-System/HDL/constraints/ai_trigger_ooc.xdc (Line: 25)
Related violations: <none>

XDCH-2#1438 Warning
Same min and max delay values on IO port  
The same output delay of 0.000 ns has been defined on port 'EVENT_DATA[583]' relative to clock CLK_ADC for both max and min. Make sure this reflects the design intent.
set_output_delay -clock [get_clocks CLK_ADC] 0.000 [get_ports -quiet {EVENT_VALID EVENT_DATA* EVENT_LAST EVENT_CHUNK_ID* EVENT_TIMESTAMP* EVENT_SCORE* RING_MISS_COUNT* CHUNK_OVERFLOW}]
/home/work1/Works/AI-Trigger-System/HDL/constraints/ai_trigger_ooc.xdc (Line: 25)
Related violations: <none>

XDCH-2#1439 Warning
Same min and max delay values on IO port  
The same output delay of 0.000 ns has been defined on port 'EVENT_DATA[584]' relative to clock CLK_ADC for both max and min. Make sure this reflects the design intent.
set_output_delay -clock [get_clocks CLK_ADC] 0.000 [get_ports -quiet {EVENT_VALID EVENT_DATA* EVENT_LAST EVENT_CHUNK_ID* EVENT_TIMESTAMP* EVENT_SCORE* RING_MISS_COUNT* CHUNK_OVERFLOW}]
/home/work1/Works/AI-Trigger-System/HDL/constraints/ai_trigger_ooc.xdc (Line: 25)
Related violations: <none>

XDCH-2#1440 Warning
Same min and max delay values on IO port  
The same output delay of 0.000 ns has been defined on port 'EVENT_DATA[585]' relative to clock CLK_ADC for both max and min. Make sure this reflects the design intent.
set_output_delay -clock [get_clocks CLK_ADC] 0.000 [get_ports -quiet {EVENT_VALID EVENT_DATA* EVENT_LAST EVENT_CHUNK_ID* EVENT_TIMESTAMP* EVENT_SCORE* RING_MISS_COUNT* CHUNK_OVERFLOW}]
/home/work1/Works/AI-Trigger-System/HDL/constraints/ai_trigger_ooc.xdc (Line: 25)
Related violations: <none>

XDCH-2#1441 Warning
Same min and max delay values on IO port  
The same output delay of 0.000 ns has been defined on port 'EVENT_DATA[586]' relative to clock CLK_ADC for both max and min. Make sure this reflects the design intent.
set_output_delay -clock [get_clocks CLK_ADC] 0.000 [get_ports -quiet {EVENT_VALID EVENT_DATA* EVENT_LAST EVENT_CHUNK_ID* EVENT_TIMESTAMP* EVENT_SCORE* RING_MISS_COUNT* CHUNK_OVERFLOW}]
/home/work1/Works/AI-Trigger-System/HDL/constraints/ai_trigger_ooc.xdc (Line: 25)
Related violations: <none>

XDCH-2#1442 Warning
Same min and max delay values on IO port  
The same output delay of 0.000 ns has been defined on port 'EVENT_DATA[587]' relative to clock CLK_ADC for both max and min. Make sure this reflects the design intent.
set_output_delay -clock [get_clocks CLK_ADC] 0.000 [get_ports -quiet {EVENT_VALID EVENT_DATA* EVENT_LAST EVENT_CHUNK_ID* EVENT_TIMESTAMP* EVENT_SCORE* RING_MISS_COUNT* CHUNK_OVERFLOW}]
/home/work1/Works/AI-Trigger-System/HDL/constraints/ai_trigger_ooc.xdc (Line: 25)
Related violations: <none>

XDCH-2#1443 Warning
Same min and max delay values on IO port  
The same output delay of 0.000 ns has been defined on port 'EVENT_DATA[588]' relative to clock CLK_ADC for both max and min. Make sure this reflects the design intent.
set_output_delay -clock [get_clocks CLK_ADC] 0.000 [get_ports -quiet {EVENT_VALID EVENT_DATA* EVENT_LAST EVENT_CHUNK_ID* EVENT_TIMESTAMP* EVENT_SCORE* RING_MISS_COUNT* CHUNK_OVERFLOW}]
/home/work1/Works/AI-Trigger-System/HDL/constraints/ai_trigger_ooc.xdc (Line: 25)
Related violations: <none>

XDCH-2#1444 Warning
Same min and max delay values on IO port  
The same output delay of 0.000 ns has been defined on port 'EVENT_DATA[589]' relative to clock CLK_ADC for both max and min. Make sure this reflects the design intent.
set_output_delay -clock [get_clocks CLK_ADC] 0.000 [get_ports -quiet {EVENT_VALID EVENT_DATA* EVENT_LAST EVENT_CHUNK_ID* EVENT_TIMESTAMP* EVENT_SCORE* RING_MISS_COUNT* CHUNK_OVERFLOW}]
/home/work1/Works/AI-Trigger-System/HDL/constraints/ai_trigger_ooc.xdc (Line: 25)
Related violations: <none>

XDCH-2#1445 Warning
Same min and max delay values on IO port  
The same output delay of 0.000 ns has been defined on port 'EVENT_DATA[58]' relative to clock CLK_ADC for both max and min. Make sure this reflects the design intent.
set_output_delay -clock [get_clocks CLK_ADC] 0.000 [get_ports -quiet {EVENT_VALID EVENT_DATA* EVENT_LAST EVENT_CHUNK_ID* EVENT_TIMESTAMP* EVENT_SCORE* RING_MISS_COUNT* CHUNK_OVERFLOW}]
/home/work1/Works/AI-Trigger-System/HDL/constraints/ai_trigger_ooc.xdc (Line: 25)
Related violations: <none>

XDCH-2#1446 Warning
Same min and max delay values on IO port  
The same output delay of 0.000 ns has been defined on port 'EVENT_DATA[590]' relative to clock CLK_ADC for both max and min. Make sure this reflects the design intent.
set_output_delay -clock [get_clocks CLK_ADC] 0.000 [get_ports -quiet {EVENT_VALID EVENT_DATA* EVENT_LAST EVENT_CHUNK_ID* EVENT_TIMESTAMP* EVENT_SCORE* RING_MISS_COUNT* CHUNK_OVERFLOW}]
/home/work1/Works/AI-Trigger-System/HDL/constraints/ai_trigger_ooc.xdc (Line: 25)
Related violations: <none>

XDCH-2#1447 Warning
Same min and max delay values on IO port  
The same output delay of 0.000 ns has been defined on port 'EVENT_DATA[591]' relative to clock CLK_ADC for both max and min. Make sure this reflects the design intent.
set_output_delay -clock [get_clocks CLK_ADC] 0.000 [get_ports -quiet {EVENT_VALID EVENT_DATA* EVENT_LAST EVENT_CHUNK_ID* EVENT_TIMESTAMP* EVENT_SCORE* RING_MISS_COUNT* CHUNK_OVERFLOW}]
/home/work1/Works/AI-Trigger-System/HDL/constraints/ai_trigger_ooc.xdc (Line: 25)
Related violations: <none>

XDCH-2#1448 Warning
Same min and max delay values on IO port  
The same output delay of 0.000 ns has been defined on port 'EVENT_DATA[592]' relative to clock CLK_ADC for both max and min. Make sure this reflects the design intent.
set_output_delay -clock [get_clocks CLK_ADC] 0.000 [get_ports -quiet {EVENT_VALID EVENT_DATA* EVENT_LAST EVENT_CHUNK_ID* EVENT_TIMESTAMP* EVENT_SCORE* RING_MISS_COUNT* CHUNK_OVERFLOW}]
/home/work1/Works/AI-Trigger-System/HDL/constraints/ai_trigger_ooc.xdc (Line: 25)
Related violations: <none>

XDCH-2#1449 Warning
Same min and max delay values on IO port  
The same output delay of 0.000 ns has been defined on port 'EVENT_DATA[593]' relative to clock CLK_ADC for both max and min. Make sure this reflects the design intent.
set_output_delay -clock [get_clocks CLK_ADC] 0.000 [get_ports -quiet {EVENT_VALID EVENT_DATA* EVENT_LAST EVENT_CHUNK_ID* EVENT_TIMESTAMP* EVENT_SCORE* RING_MISS_COUNT* CHUNK_OVERFLOW}]
/home/work1/Works/AI-Trigger-System/HDL/constraints/ai_trigger_ooc.xdc (Line: 25)
Related violations: <none>

XDCH-2#1450 Warning
Same min and max delay values on IO port  
The same output delay of 0.000 ns has been defined on port 'EVENT_DATA[594]' relative to clock CLK_ADC for both max and min. Make sure this reflects the design intent.
set_output_delay -clock [get_clocks CLK_ADC] 0.000 [get_ports -quiet {EVENT_VALID EVENT_DATA* EVENT_LAST EVENT_CHUNK_ID* EVENT_TIMESTAMP* EVENT_SCORE* RING_MISS_COUNT* CHUNK_OVERFLOW}]
/home/work1/Works/AI-Trigger-System/HDL/constraints/ai_trigger_ooc.xdc (Line: 25)
Related violations: <none>

XDCH-2#1451 Warning
Same min and max delay values on IO port  
The same output delay of 0.000 ns has been defined on port 'EVENT_DATA[595]' relative to clock CLK_ADC for both max and min. Make sure this reflects the design intent.
set_output_delay -clock [get_clocks CLK_ADC] 0.000 [get_ports -quiet {EVENT_VALID EVENT_DATA* EVENT_LAST EVENT_CHUNK_ID* EVENT_TIMESTAMP* EVENT_SCORE* RING_MISS_COUNT* CHUNK_OVERFLOW}]
/home/work1/Works/AI-Trigger-System/HDL/constraints/ai_trigger_ooc.xdc (Line: 25)
Related violations: <none>

XDCH-2#1452 Warning
Same min and max delay values on IO port  
The same output delay of 0.000 ns has been defined on port 'EVENT_DATA[596]' relative to clock CLK_ADC for both max and min. Make sure this reflects the design intent.
set_output_delay -clock [get_clocks CLK_ADC] 0.000 [get_ports -quiet {EVENT_VALID EVENT_DATA* EVENT_LAST EVENT_CHUNK_ID* EVENT_TIMESTAMP* EVENT_SCORE* RING_MISS_COUNT* CHUNK_OVERFLOW}]
/home/work1/Works/AI-Trigger-System/HDL/constraints/ai_trigger_ooc.xdc (Line: 25)
Related violations: <none>

XDCH-2#1453 Warning
Same min and max delay values on IO port  
The same output delay of 0.000 ns has been defined on port 'EVENT_DATA[597]' relative to clock CLK_ADC for both max and min. Make sure this reflects the design intent.
set_output_delay -clock [get_clocks CLK_ADC] 0.000 [get_ports -quiet {EVENT_VALID EVENT_DATA* EVENT_LAST EVENT_CHUNK_ID* EVENT_TIMESTAMP* EVENT_SCORE* RING_MISS_COUNT* CHUNK_OVERFLOW}]
/home/work1/Works/AI-Trigger-System/HDL/constraints/ai_trigger_ooc.xdc (Line: 25)
Related violations: <none>

XDCH-2#1454 Warning
Same min and max delay values on IO port  
The same output delay of 0.000 ns has been defined on port 'EVENT_DATA[598]' relative to clock CLK_ADC for both max and min. Make sure this reflects the design intent.
set_output_delay -clock [get_clocks CLK_ADC] 0.000 [get_ports -quiet {EVENT_VALID EVENT_DATA* EVENT_LAST EVENT_CHUNK_ID* EVENT_TIMESTAMP* EVENT_SCORE* RING_MISS_COUNT* CHUNK_OVERFLOW}]
/home/work1/Works/AI-Trigger-System/HDL/constraints/ai_trigger_ooc.xdc (Line: 25)
Related violations: <none>

XDCH-2#1455 Warning
Same min and max delay values on IO port  
The same output delay of 0.000 ns has been defined on port 'EVENT_DATA[599]' relative to clock CLK_ADC for both max and min. Make sure this reflects the design intent.
set_output_delay -clock [get_clocks CLK_ADC] 0.000 [get_ports -quiet {EVENT_VALID EVENT_DATA* EVENT_LAST EVENT_CHUNK_ID* EVENT_TIMESTAMP* EVENT_SCORE* RING_MISS_COUNT* CHUNK_OVERFLOW}]
/home/work1/Works/AI-Trigger-System/HDL/constraints/ai_trigger_ooc.xdc (Line: 25)
Related violations: <none>

XDCH-2#1456 Warning
Same min and max delay values on IO port  
The same output delay of 0.000 ns has been defined on port 'EVENT_DATA[59]' relative to clock CLK_ADC for both max and min. Make sure this reflects the design intent.
set_output_delay -clock [get_clocks CLK_ADC] 0.000 [get_ports -quiet {EVENT_VALID EVENT_DATA* EVENT_LAST EVENT_CHUNK_ID* EVENT_TIMESTAMP* EVENT_SCORE* RING_MISS_COUNT* CHUNK_OVERFLOW}]
/home/work1/Works/AI-Trigger-System/HDL/constraints/ai_trigger_ooc.xdc (Line: 25)
Related violations: <none>

XDCH-2#1457 Warning
Same min and max delay values on IO port  
The same output delay of 0.000 ns has been defined on port 'EVENT_DATA[5]' relative to clock CLK_ADC for both max and min. Make sure this reflects the design intent.
set_output_delay -clock [get_clocks CLK_ADC] 0.000 [get_ports -quiet {EVENT_VALID EVENT_DATA* EVENT_LAST EVENT_CHUNK_ID* EVENT_TIMESTAMP* EVENT_SCORE* RING_MISS_COUNT* CHUNK_OVERFLOW}]
/home/work1/Works/AI-Trigger-System/HDL/constraints/ai_trigger_ooc.xdc (Line: 25)
Related violations: <none>

XDCH-2#1458 Warning
Same min and max delay values on IO port  
The same output delay of 0.000 ns has been defined on port 'EVENT_DATA[600]' relative to clock CLK_ADC for both max and min. Make sure this reflects the design intent.
set_output_delay -clock [get_clocks CLK_ADC] 0.000 [get_ports -quiet {EVENT_VALID EVENT_DATA* EVENT_LAST EVENT_CHUNK_ID* EVENT_TIMESTAMP* EVENT_SCORE* RING_MISS_COUNT* CHUNK_OVERFLOW}]
/home/work1/Works/AI-Trigger-System/HDL/constraints/ai_trigger_ooc.xdc (Line: 25)
Related violations: <none>

XDCH-2#1459 Warning
Same min and max delay values on IO port  
The same output delay of 0.000 ns has been defined on port 'EVENT_DATA[601]' relative to clock CLK_ADC for both max and min. Make sure this reflects the design intent.
set_output_delay -clock [get_clocks CLK_ADC] 0.000 [get_ports -quiet {EVENT_VALID EVENT_DATA* EVENT_LAST EVENT_CHUNK_ID* EVENT_TIMESTAMP* EVENT_SCORE* RING_MISS_COUNT* CHUNK_OVERFLOW}]
/home/work1/Works/AI-Trigger-System/HDL/constraints/ai_trigger_ooc.xdc (Line: 25)
Related violations: <none>

XDCH-2#1460 Warning
Same min and max delay values on IO port  
The same output delay of 0.000 ns has been defined on port 'EVENT_DATA[602]' relative to clock CLK_ADC for both max and min. Make sure this reflects the design intent.
set_output_delay -clock [get_clocks CLK_ADC] 0.000 [get_ports -quiet {EVENT_VALID EVENT_DATA* EVENT_LAST EVENT_CHUNK_ID* EVENT_TIMESTAMP* EVENT_SCORE* RING_MISS_COUNT* CHUNK_OVERFLOW}]
/home/work1/Works/AI-Trigger-System/HDL/constraints/ai_trigger_ooc.xdc (Line: 25)
Related violations: <none>

XDCH-2#1461 Warning
Same min and max delay values on IO port  
The same output delay of 0.000 ns has been defined on port 'EVENT_DATA[603]' relative to clock CLK_ADC for both max and min. Make sure this reflects the design intent.
set_output_delay -clock [get_clocks CLK_ADC] 0.000 [get_ports -quiet {EVENT_VALID EVENT_DATA* EVENT_LAST EVENT_CHUNK_ID* EVENT_TIMESTAMP* EVENT_SCORE* RING_MISS_COUNT* CHUNK_OVERFLOW}]
/home/work1/Works/AI-Trigger-System/HDL/constraints/ai_trigger_ooc.xdc (Line: 25)
Related violations: <none>

XDCH-2#1462 Warning
Same min and max delay values on IO port  
The same output delay of 0.000 ns has been defined on port 'EVENT_DATA[604]' relative to clock CLK_ADC for both max and min. Make sure this reflects the design intent.
set_output_delay -clock [get_clocks CLK_ADC] 0.000 [get_ports -quiet {EVENT_VALID EVENT_DATA* EVENT_LAST EVENT_CHUNK_ID* EVENT_TIMESTAMP* EVENT_SCORE* RING_MISS_COUNT* CHUNK_OVERFLOW}]
/home/work1/Works/AI-Trigger-System/HDL/constraints/ai_trigger_ooc.xdc (Line: 25)
Related violations: <none>

XDCH-2#1463 Warning
Same min and max delay values on IO port  
The same output delay of 0.000 ns has been defined on port 'EVENT_DATA[605]' relative to clock CLK_ADC for both max and min. Make sure this reflects the design intent.
set_output_delay -clock [get_clocks CLK_ADC] 0.000 [get_ports -quiet {EVENT_VALID EVENT_DATA* EVENT_LAST EVENT_CHUNK_ID* EVENT_TIMESTAMP* EVENT_SCORE* RING_MISS_COUNT* CHUNK_OVERFLOW}]
/home/work1/Works/AI-Trigger-System/HDL/constraints/ai_trigger_ooc.xdc (Line: 25)
Related violations: <none>

XDCH-2#1464 Warning
Same min and max delay values on IO port  
The same output delay of 0.000 ns has been defined on port 'EVENT_DATA[606]' relative to clock CLK_ADC for both max and min. Make sure this reflects the design intent.
set_output_delay -clock [get_clocks CLK_ADC] 0.000 [get_ports -quiet {EVENT_VALID EVENT_DATA* EVENT_LAST EVENT_CHUNK_ID* EVENT_TIMESTAMP* EVENT_SCORE* RING_MISS_COUNT* CHUNK_OVERFLOW}]
/home/work1/Works/AI-Trigger-System/HDL/constraints/ai_trigger_ooc.xdc (Line: 25)
Related violations: <none>

XDCH-2#1465 Warning
Same min and max delay values on IO port  
The same output delay of 0.000 ns has been defined on port 'EVENT_DATA[607]' relative to clock CLK_ADC for both max and min. Make sure this reflects the design intent.
set_output_delay -clock [get_clocks CLK_ADC] 0.000 [get_ports -quiet {EVENT_VALID EVENT_DATA* EVENT_LAST EVENT_CHUNK_ID* EVENT_TIMESTAMP* EVENT_SCORE* RING_MISS_COUNT* CHUNK_OVERFLOW}]
/home/work1/Works/AI-Trigger-System/HDL/constraints/ai_trigger_ooc.xdc (Line: 25)
Related violations: <none>

XDCH-2#1466 Warning
Same min and max delay values on IO port  
The same output delay of 0.000 ns has been defined on port 'EVENT_DATA[608]' relative to clock CLK_ADC for both max and min. Make sure this reflects the design intent.
set_output_delay -clock [get_clocks CLK_ADC] 0.000 [get_ports -quiet {EVENT_VALID EVENT_DATA* EVENT_LAST EVENT_CHUNK_ID* EVENT_TIMESTAMP* EVENT_SCORE* RING_MISS_COUNT* CHUNK_OVERFLOW}]
/home/work1/Works/AI-Trigger-System/HDL/constraints/ai_trigger_ooc.xdc (Line: 25)
Related violations: <none>

XDCH-2#1467 Warning
Same min and max delay values on IO port  
The same output delay of 0.000 ns has been defined on port 'EVENT_DATA[609]' relative to clock CLK_ADC for both max and min. Make sure this reflects the design intent.
set_output_delay -clock [get_clocks CLK_ADC] 0.000 [get_ports -quiet {EVENT_VALID EVENT_DATA* EVENT_LAST EVENT_CHUNK_ID* EVENT_TIMESTAMP* EVENT_SCORE* RING_MISS_COUNT* CHUNK_OVERFLOW}]
/home/work1/Works/AI-Trigger-System/HDL/constraints/ai_trigger_ooc.xdc (Line: 25)
Related violations: <none>

XDCH-2#1468 Warning
Same min and max delay values on IO port  
The same output delay of 0.000 ns has been defined on port 'EVENT_DATA[60]' relative to clock CLK_ADC for both max and min. Make sure this reflects the design intent.
set_output_delay -clock [get_clocks CLK_ADC] 0.000 [get_ports -quiet {EVENT_VALID EVENT_DATA* EVENT_LAST EVENT_CHUNK_ID* EVENT_TIMESTAMP* EVENT_SCORE* RING_MISS_COUNT* CHUNK_OVERFLOW}]
/home/work1/Works/AI-Trigger-System/HDL/constraints/ai_trigger_ooc.xdc (Line: 25)
Related violations: <none>

XDCH-2#1469 Warning
Same min and max delay values on IO port  
The same output delay of 0.000 ns has been defined on port 'EVENT_DATA[610]' relative to clock CLK_ADC for both max and min. Make sure this reflects the design intent.
set_output_delay -clock [get_clocks CLK_ADC] 0.000 [get_ports -quiet {EVENT_VALID EVENT_DATA* EVENT_LAST EVENT_CHUNK_ID* EVENT_TIMESTAMP* EVENT_SCORE* RING_MISS_COUNT* CHUNK_OVERFLOW}]
/home/work1/Works/AI-Trigger-System/HDL/constraints/ai_trigger_ooc.xdc (Line: 25)
Related violations: <none>

XDCH-2#1470 Warning
Same min and max delay values on IO port  
The same output delay of 0.000 ns has been defined on port 'EVENT_DATA[611]' relative to clock CLK_ADC for both max and min. Make sure this reflects the design intent.
set_output_delay -clock [get_clocks CLK_ADC] 0.000 [get_ports -quiet {EVENT_VALID EVENT_DATA* EVENT_LAST EVENT_CHUNK_ID* EVENT_TIMESTAMP* EVENT_SCORE* RING_MISS_COUNT* CHUNK_OVERFLOW}]
/home/work1/Works/AI-Trigger-System/HDL/constraints/ai_trigger_ooc.xdc (Line: 25)
Related violations: <none>

XDCH-2#1471 Warning
Same min and max delay values on IO port  
The same output delay of 0.000 ns has been defined on port 'EVENT_DATA[612]' relative to clock CLK_ADC for both max and min. Make sure this reflects the design intent.
set_output_delay -clock [get_clocks CLK_ADC] 0.000 [get_ports -quiet {EVENT_VALID EVENT_DATA* EVENT_LAST EVENT_CHUNK_ID* EVENT_TIMESTAMP* EVENT_SCORE* RING_MISS_COUNT* CHUNK_OVERFLOW}]
/home/work1/Works/AI-Trigger-System/HDL/constraints/ai_trigger_ooc.xdc (Line: 25)
Related violations: <none>

XDCH-2#1472 Warning
Same min and max delay values on IO port  
The same output delay of 0.000 ns has been defined on port 'EVENT_DATA[613]' relative to clock CLK_ADC for both max and min. Make sure this reflects the design intent.
set_output_delay -clock [get_clocks CLK_ADC] 0.000 [get_ports -quiet {EVENT_VALID EVENT_DATA* EVENT_LAST EVENT_CHUNK_ID* EVENT_TIMESTAMP* EVENT_SCORE* RING_MISS_COUNT* CHUNK_OVERFLOW}]
/home/work1/Works/AI-Trigger-System/HDL/constraints/ai_trigger_ooc.xdc (Line: 25)
Related violations: <none>

XDCH-2#1473 Warning
Same min and max delay values on IO port  
The same output delay of 0.000 ns has been defined on port 'EVENT_DATA[614]' relative to clock CLK_ADC for both max and min. Make sure this reflects the design intent.
set_output_delay -clock [get_clocks CLK_ADC] 0.000 [get_ports -quiet {EVENT_VALID EVENT_DATA* EVENT_LAST EVENT_CHUNK_ID* EVENT_TIMESTAMP* EVENT_SCORE* RING_MISS_COUNT* CHUNK_OVERFLOW}]
/home/work1/Works/AI-Trigger-System/HDL/constraints/ai_trigger_ooc.xdc (Line: 25)
Related violations: <none>

XDCH-2#1474 Warning
Same min and max delay values on IO port  
The same output delay of 0.000 ns has been defined on port 'EVENT_DATA[615]' relative to clock CLK_ADC for both max and min. Make sure this reflects the design intent.
set_output_delay -clock [get_clocks CLK_ADC] 0.000 [get_ports -quiet {EVENT_VALID EVENT_DATA* EVENT_LAST EVENT_CHUNK_ID* EVENT_TIMESTAMP* EVENT_SCORE* RING_MISS_COUNT* CHUNK_OVERFLOW}]
/home/work1/Works/AI-Trigger-System/HDL/constraints/ai_trigger_ooc.xdc (Line: 25)
Related violations: <none>

XDCH-2#1475 Warning
Same min and max delay values on IO port  
The same output delay of 0.000 ns has been defined on port 'EVENT_DATA[616]' relative to clock CLK_ADC for both max and min. Make sure this reflects the design intent.
set_output_delay -clock [get_clocks CLK_ADC] 0.000 [get_ports -quiet {EVENT_VALID EVENT_DATA* EVENT_LAST EVENT_CHUNK_ID* EVENT_TIMESTAMP* EVENT_SCORE* RING_MISS_COUNT* CHUNK_OVERFLOW}]
/home/work1/Works/AI-Trigger-System/HDL/constraints/ai_trigger_ooc.xdc (Line: 25)
Related violations: <none>

XDCH-2#1476 Warning
Same min and max delay values on IO port  
The same output delay of 0.000 ns has been defined on port 'EVENT_DATA[617]' relative to clock CLK_ADC for both max and min. Make sure this reflects the design intent.
set_output_delay -clock [get_clocks CLK_ADC] 0.000 [get_ports -quiet {EVENT_VALID EVENT_DATA* EVENT_LAST EVENT_CHUNK_ID* EVENT_TIMESTAMP* EVENT_SCORE* RING_MISS_COUNT* CHUNK_OVERFLOW}]
/home/work1/Works/AI-Trigger-System/HDL/constraints/ai_trigger_ooc.xdc (Line: 25)
Related violations: <none>

XDCH-2#1477 Warning
Same min and max delay values on IO port  
The same output delay of 0.000 ns has been defined on port 'EVENT_DATA[618]' relative to clock CLK_ADC for both max and min. Make sure this reflects the design intent.
set_output_delay -clock [get_clocks CLK_ADC] 0.000 [get_ports -quiet {EVENT_VALID EVENT_DATA* EVENT_LAST EVENT_CHUNK_ID* EVENT_TIMESTAMP* EVENT_SCORE* RING_MISS_COUNT* CHUNK_OVERFLOW}]
/home/work1/Works/AI-Trigger-System/HDL/constraints/ai_trigger_ooc.xdc (Line: 25)
Related violations: <none>

XDCH-2#1478 Warning
Same min and max delay values on IO port  
The same output delay of 0.000 ns has been defined on port 'EVENT_DATA[619]' relative to clock CLK_ADC for both max and min. Make sure this reflects the design intent.
set_output_delay -clock [get_clocks CLK_ADC] 0.000 [get_ports -quiet {EVENT_VALID EVENT_DATA* EVENT_LAST EVENT_CHUNK_ID* EVENT_TIMESTAMP* EVENT_SCORE* RING_MISS_COUNT* CHUNK_OVERFLOW}]
/home/work1/Works/AI-Trigger-System/HDL/constraints/ai_trigger_ooc.xdc (Line: 25)
Related violations: <none>

XDCH-2#1479 Warning
Same min and max delay values on IO port  
The same output delay of 0.000 ns has been defined on port 'EVENT_DATA[61]' relative to clock CLK_ADC for both max and min. Make sure this reflects the design intent.
set_output_delay -clock [get_clocks CLK_ADC] 0.000 [get_ports -quiet {EVENT_VALID EVENT_DATA* EVENT_LAST EVENT_CHUNK_ID* EVENT_TIMESTAMP* EVENT_SCORE* RING_MISS_COUNT* CHUNK_OVERFLOW}]
/home/work1/Works/AI-Trigger-System/HDL/constraints/ai_trigger_ooc.xdc (Line: 25)
Related violations: <none>

XDCH-2#1480 Warning
Same min and max delay values on IO port  
The same output delay of 0.000 ns has been defined on port 'EVENT_DATA[620]' relative to clock CLK_ADC for both max and min. Make sure this reflects the design intent.
set_output_delay -clock [get_clocks CLK_ADC] 0.000 [get_ports -quiet {EVENT_VALID EVENT_DATA* EVENT_LAST EVENT_CHUNK_ID* EVENT_TIMESTAMP* EVENT_SCORE* RING_MISS_COUNT* CHUNK_OVERFLOW}]
/home/work1/Works/AI-Trigger-System/HDL/constraints/ai_trigger_ooc.xdc (Line: 25)
Related violations: <none>

XDCH-2#1481 Warning
Same min and max delay values on IO port  
The same output delay of 0.000 ns has been defined on port 'EVENT_DATA[621]' relative to clock CLK_ADC for both max and min. Make sure this reflects the design intent.
set_output_delay -clock [get_clocks CLK_ADC] 0.000 [get_ports -quiet {EVENT_VALID EVENT_DATA* EVENT_LAST EVENT_CHUNK_ID* EVENT_TIMESTAMP* EVENT_SCORE* RING_MISS_COUNT* CHUNK_OVERFLOW}]
/home/work1/Works/AI-Trigger-System/HDL/constraints/ai_trigger_ooc.xdc (Line: 25)
Related violations: <none>

XDCH-2#1482 Warning
Same min and max delay values on IO port  
The same output delay of 0.000 ns has been defined on port 'EVENT_DATA[622]' relative to clock CLK_ADC for both max and min. Make sure this reflects the design intent.
set_output_delay -clock [get_clocks CLK_ADC] 0.000 [get_ports -quiet {EVENT_VALID EVENT_DATA* EVENT_LAST EVENT_CHUNK_ID* EVENT_TIMESTAMP* EVENT_SCORE* RING_MISS_COUNT* CHUNK_OVERFLOW}]
/home/work1/Works/AI-Trigger-System/HDL/constraints/ai_trigger_ooc.xdc (Line: 25)
Related violations: <none>

XDCH-2#1483 Warning
Same min and max delay values on IO port  
The same output delay of 0.000 ns has been defined on port 'EVENT_DATA[623]' relative to clock CLK_ADC for both max and min. Make sure this reflects the design intent.
set_output_delay -clock [get_clocks CLK_ADC] 0.000 [get_ports -quiet {EVENT_VALID EVENT_DATA* EVENT_LAST EVENT_CHUNK_ID* EVENT_TIMESTAMP* EVENT_SCORE* RING_MISS_COUNT* CHUNK_OVERFLOW}]
/home/work1/Works/AI-Trigger-System/HDL/constraints/ai_trigger_ooc.xdc (Line: 25)
Related violations: <none>

XDCH-2#1484 Warning
Same min and max delay values on IO port  
The same output delay of 0.000 ns has been defined on port 'EVENT_DATA[624]' relative to clock CLK_ADC for both max and min. Make sure this reflects the design intent.
set_output_delay -clock [get_clocks CLK_ADC] 0.000 [get_ports -quiet {EVENT_VALID EVENT_DATA* EVENT_LAST EVENT_CHUNK_ID* EVENT_TIMESTAMP* EVENT_SCORE* RING_MISS_COUNT* CHUNK_OVERFLOW}]
/home/work1/Works/AI-Trigger-System/HDL/constraints/ai_trigger_ooc.xdc (Line: 25)
Related violations: <none>

XDCH-2#1485 Warning
Same min and max delay values on IO port  
The same output delay of 0.000 ns has been defined on port 'EVENT_DATA[625]' relative to clock CLK_ADC for both max and min. Make sure this reflects the design intent.
set_output_delay -clock [get_clocks CLK_ADC] 0.000 [get_ports -quiet {EVENT_VALID EVENT_DATA* EVENT_LAST EVENT_CHUNK_ID* EVENT_TIMESTAMP* EVENT_SCORE* RING_MISS_COUNT* CHUNK_OVERFLOW}]
/home/work1/Works/AI-Trigger-System/HDL/constraints/ai_trigger_ooc.xdc (Line: 25)
Related violations: <none>

XDCH-2#1486 Warning
Same min and max delay values on IO port  
The same output delay of 0.000 ns has been defined on port 'EVENT_DATA[626]' relative to clock CLK_ADC for both max and min. Make sure this reflects the design intent.
set_output_delay -clock [get_clocks CLK_ADC] 0.000 [get_ports -quiet {EVENT_VALID EVENT_DATA* EVENT_LAST EVENT_CHUNK_ID* EVENT_TIMESTAMP* EVENT_SCORE* RING_MISS_COUNT* CHUNK_OVERFLOW}]
/home/work1/Works/AI-Trigger-System/HDL/constraints/ai_trigger_ooc.xdc (Line: 25)
Related violations: <none>

XDCH-2#1487 Warning
Same min and max delay values on IO port  
The same output delay of 0.000 ns has been defined on port 'EVENT_DATA[627]' relative to clock CLK_ADC for both max and min. Make sure this reflects the design intent.
set_output_delay -clock [get_clocks CLK_ADC] 0.000 [get_ports -quiet {EVENT_VALID EVENT_DATA* EVENT_LAST EVENT_CHUNK_ID* EVENT_TIMESTAMP* EVENT_SCORE* RING_MISS_COUNT* CHUNK_OVERFLOW}]
/home/work1/Works/AI-Trigger-System/HDL/constraints/ai_trigger_ooc.xdc (Line: 25)
Related violations: <none>

XDCH-2#1488 Warning
Same min and max delay values on IO port  
The same output delay of 0.000 ns has been defined on port 'EVENT_DATA[628]' relative to clock CLK_ADC for both max and min. Make sure this reflects the design intent.
set_output_delay -clock [get_clocks CLK_ADC] 0.000 [get_ports -quiet {EVENT_VALID EVENT_DATA* EVENT_LAST EVENT_CHUNK_ID* EVENT_TIMESTAMP* EVENT_SCORE* RING_MISS_COUNT* CHUNK_OVERFLOW}]
/home/work1/Works/AI-Trigger-System/HDL/constraints/ai_trigger_ooc.xdc (Line: 25)
Related violations: <none>

XDCH-2#1489 Warning
Same min and max delay values on IO port  
The same output delay of 0.000 ns has been defined on port 'EVENT_DATA[629]' relative to clock CLK_ADC for both max and min. Make sure this reflects the design intent.
set_output_delay -clock [get_clocks CLK_ADC] 0.000 [get_ports -quiet {EVENT_VALID EVENT_DATA* EVENT_LAST EVENT_CHUNK_ID* EVENT_TIMESTAMP* EVENT_SCORE* RING_MISS_COUNT* CHUNK_OVERFLOW}]
/home/work1/Works/AI-Trigger-System/HDL/constraints/ai_trigger_ooc.xdc (Line: 25)
Related violations: <none>

XDCH-2#1490 Warning
Same min and max delay values on IO port  
The same output delay of 0.000 ns has been defined on port 'EVENT_DATA[62]' relative to clock CLK_ADC for both max and min. Make sure this reflects the design intent.
set_output_delay -clock [get_clocks CLK_ADC] 0.000 [get_ports -quiet {EVENT_VALID EVENT_DATA* EVENT_LAST EVENT_CHUNK_ID* EVENT_TIMESTAMP* EVENT_SCORE* RING_MISS_COUNT* CHUNK_OVERFLOW}]
/home/work1/Works/AI-Trigger-System/HDL/constraints/ai_trigger_ooc.xdc (Line: 25)
Related violations: <none>

XDCH-2#1491 Warning
Same min and max delay values on IO port  
The same output delay of 0.000 ns has been defined on port 'EVENT_DATA[630]' relative to clock CLK_ADC for both max and min. Make sure this reflects the design intent.
set_output_delay -clock [get_clocks CLK_ADC] 0.000 [get_ports -quiet {EVENT_VALID EVENT_DATA* EVENT_LAST EVENT_CHUNK_ID* EVENT_TIMESTAMP* EVENT_SCORE* RING_MISS_COUNT* CHUNK_OVERFLOW}]
/home/work1/Works/AI-Trigger-System/HDL/constraints/ai_trigger_ooc.xdc (Line: 25)
Related violations: <none>

XDCH-2#1492 Warning
Same min and max delay values on IO port  
The same output delay of 0.000 ns has been defined on port 'EVENT_DATA[631]' relative to clock CLK_ADC for both max and min. Make sure this reflects the design intent.
set_output_delay -clock [get_clocks CLK_ADC] 0.000 [get_ports -quiet {EVENT_VALID EVENT_DATA* EVENT_LAST EVENT_CHUNK_ID* EVENT_TIMESTAMP* EVENT_SCORE* RING_MISS_COUNT* CHUNK_OVERFLOW}]
/home/work1/Works/AI-Trigger-System/HDL/constraints/ai_trigger_ooc.xdc (Line: 25)
Related violations: <none>

XDCH-2#1493 Warning
Same min and max delay values on IO port  
The same output delay of 0.000 ns has been defined on port 'EVENT_DATA[632]' relative to clock CLK_ADC for both max and min. Make sure this reflects the design intent.
set_output_delay -clock [get_clocks CLK_ADC] 0.000 [get_ports -quiet {EVENT_VALID EVENT_DATA* EVENT_LAST EVENT_CHUNK_ID* EVENT_TIMESTAMP* EVENT_SCORE* RING_MISS_COUNT* CHUNK_OVERFLOW}]
/home/work1/Works/AI-Trigger-System/HDL/constraints/ai_trigger_ooc.xdc (Line: 25)
Related violations: <none>

XDCH-2#1494 Warning
Same min and max delay values on IO port  
The same output delay of 0.000 ns has been defined on port 'EVENT_DATA[633]' relative to clock CLK_ADC for both max and min. Make sure this reflects the design intent.
set_output_delay -clock [get_clocks CLK_ADC] 0.000 [get_ports -quiet {EVENT_VALID EVENT_DATA* EVENT_LAST EVENT_CHUNK_ID* EVENT_TIMESTAMP* EVENT_SCORE* RING_MISS_COUNT* CHUNK_OVERFLOW}]
/home/work1/Works/AI-Trigger-System/HDL/constraints/ai_trigger_ooc.xdc (Line: 25)
Related violations: <none>

XDCH-2#1495 Warning
Same min and max delay values on IO port  
The same output delay of 0.000 ns has been defined on port 'EVENT_DATA[634]' relative to clock CLK_ADC for both max and min. Make sure this reflects the design intent.
set_output_delay -clock [get_clocks CLK_ADC] 0.000 [get_ports -quiet {EVENT_VALID EVENT_DATA* EVENT_LAST EVENT_CHUNK_ID* EVENT_TIMESTAMP* EVENT_SCORE* RING_MISS_COUNT* CHUNK_OVERFLOW}]
/home/work1/Works/AI-Trigger-System/HDL/constraints/ai_trigger_ooc.xdc (Line: 25)
Related violations: <none>

XDCH-2#1496 Warning
Same min and max delay values on IO port  
The same output delay of 0.000 ns has been defined on port 'EVENT_DATA[635]' relative to clock CLK_ADC for both max and min. Make sure this reflects the design intent.
set_output_delay -clock [get_clocks CLK_ADC] 0.000 [get_ports -quiet {EVENT_VALID EVENT_DATA* EVENT_LAST EVENT_CHUNK_ID* EVENT_TIMESTAMP* EVENT_SCORE* RING_MISS_COUNT* CHUNK_OVERFLOW}]
/home/work1/Works/AI-Trigger-System/HDL/constraints/ai_trigger_ooc.xdc (Line: 25)
Related violations: <none>

XDCH-2#1497 Warning
Same min and max delay values on IO port  
The same output delay of 0.000 ns has been defined on port 'EVENT_DATA[636]' relative to clock CLK_ADC for both max and min. Make sure this reflects the design intent.
set_output_delay -clock [get_clocks CLK_ADC] 0.000 [get_ports -quiet {EVENT_VALID EVENT_DATA* EVENT_LAST EVENT_CHUNK_ID* EVENT_TIMESTAMP* EVENT_SCORE* RING_MISS_COUNT* CHUNK_OVERFLOW}]
/home/work1/Works/AI-Trigger-System/HDL/constraints/ai_trigger_ooc.xdc (Line: 25)
Related violations: <none>

XDCH-2#1498 Warning
Same min and max delay values on IO port  
The same output delay of 0.000 ns has been defined on port 'EVENT_DATA[637]' relative to clock CLK_ADC for both max and min. Make sure this reflects the design intent.
set_output_delay -clock [get_clocks CLK_ADC] 0.000 [get_ports -quiet {EVENT_VALID EVENT_DATA* EVENT_LAST EVENT_CHUNK_ID* EVENT_TIMESTAMP* EVENT_SCORE* RING_MISS_COUNT* CHUNK_OVERFLOW}]
/home/work1/Works/AI-Trigger-System/HDL/constraints/ai_trigger_ooc.xdc (Line: 25)
Related violations: <none>

XDCH-2#1499 Warning
Same min and max delay values on IO port  
The same output delay of 0.000 ns has been defined on port 'EVENT_DATA[638]' relative to clock CLK_ADC for both max and min. Make sure this reflects the design intent.
set_output_delay -clock [get_clocks CLK_ADC] 0.000 [get_ports -quiet {EVENT_VALID EVENT_DATA* EVENT_LAST EVENT_CHUNK_ID* EVENT_TIMESTAMP* EVENT_SCORE* RING_MISS_COUNT* CHUNK_OVERFLOW}]
/home/work1/Works/AI-Trigger-System/HDL/constraints/ai_trigger_ooc.xdc (Line: 25)
Related violations: <none>

XDCH-2#1500 Warning
Same min and max delay values on IO port  
The same output delay of 0.000 ns has been defined on port 'EVENT_DATA[639]' relative to clock CLK_ADC for both max and min. Make sure this reflects the design intent.
set_output_delay -clock [get_clocks CLK_ADC] 0.000 [get_ports -quiet {EVENT_VALID EVENT_DATA* EVENT_LAST EVENT_CHUNK_ID* EVENT_TIMESTAMP* EVENT_SCORE* RING_MISS_COUNT* CHUNK_OVERFLOW}]
/home/work1/Works/AI-Trigger-System/HDL/constraints/ai_trigger_ooc.xdc (Line: 25)
Related violations: <none>

XDCH-2#1501 Warning
Same min and max delay values on IO port  
The same output delay of 0.000 ns has been defined on port 'EVENT_DATA[63]' relative to clock CLK_ADC for both max and min. Make sure this reflects the design intent.
set_output_delay -clock [get_clocks CLK_ADC] 0.000 [get_ports -quiet {EVENT_VALID EVENT_DATA* EVENT_LAST EVENT_CHUNK_ID* EVENT_TIMESTAMP* EVENT_SCORE* RING_MISS_COUNT* CHUNK_OVERFLOW}]
/home/work1/Works/AI-Trigger-System/HDL/constraints/ai_trigger_ooc.xdc (Line: 25)
Related violations: <none>

XDCH-2#1502 Warning
Same min and max delay values on IO port  
The same output delay of 0.000 ns has been defined on port 'EVENT_DATA[640]' relative to clock CLK_ADC for both max and min. Make sure this reflects the design intent.
set_output_delay -clock [get_clocks CLK_ADC] 0.000 [get_ports -quiet {EVENT_VALID EVENT_DATA* EVENT_LAST EVENT_CHUNK_ID* EVENT_TIMESTAMP* EVENT_SCORE* RING_MISS_COUNT* CHUNK_OVERFLOW}]
/home/work1/Works/AI-Trigger-System/HDL/constraints/ai_trigger_ooc.xdc (Line: 25)
Related violations: <none>

XDCH-2#1503 Warning
Same min and max delay values on IO port  
The same output delay of 0.000 ns has been defined on port 'EVENT_DATA[641]' relative to clock CLK_ADC for both max and min. Make sure this reflects the design intent.
set_output_delay -clock [get_clocks CLK_ADC] 0.000 [get_ports -quiet {EVENT_VALID EVENT_DATA* EVENT_LAST EVENT_CHUNK_ID* EVENT_TIMESTAMP* EVENT_SCORE* RING_MISS_COUNT* CHUNK_OVERFLOW}]
/home/work1/Works/AI-Trigger-System/HDL/constraints/ai_trigger_ooc.xdc (Line: 25)
Related violations: <none>

XDCH-2#1504 Warning
Same min and max delay values on IO port  
The same output delay of 0.000 ns has been defined on port 'EVENT_DATA[642]' relative to clock CLK_ADC for both max and min. Make sure this reflects the design intent.
set_output_delay -clock [get_clocks CLK_ADC] 0.000 [get_ports -quiet {EVENT_VALID EVENT_DATA* EVENT_LAST EVENT_CHUNK_ID* EVENT_TIMESTAMP* EVENT_SCORE* RING_MISS_COUNT* CHUNK_OVERFLOW}]
/home/work1/Works/AI-Trigger-System/HDL/constraints/ai_trigger_ooc.xdc (Line: 25)
Related violations: <none>

XDCH-2#1505 Warning
Same min and max delay values on IO port  
The same output delay of 0.000 ns has been defined on port 'EVENT_DATA[643]' relative to clock CLK_ADC for both max and min. Make sure this reflects the design intent.
set_output_delay -clock [get_clocks CLK_ADC] 0.000 [get_ports -quiet {EVENT_VALID EVENT_DATA* EVENT_LAST EVENT_CHUNK_ID* EVENT_TIMESTAMP* EVENT_SCORE* RING_MISS_COUNT* CHUNK_OVERFLOW}]
/home/work1/Works/AI-Trigger-System/HDL/constraints/ai_trigger_ooc.xdc (Line: 25)
Related violations: <none>

XDCH-2#1506 Warning
Same min and max delay values on IO port  
The same output delay of 0.000 ns has been defined on port 'EVENT_DATA[644]' relative to clock CLK_ADC for both max and min. Make sure this reflects the design intent.
set_output_delay -clock [get_clocks CLK_ADC] 0.000 [get_ports -quiet {EVENT_VALID EVENT_DATA* EVENT_LAST EVENT_CHUNK_ID* EVENT_TIMESTAMP* EVENT_SCORE* RING_MISS_COUNT* CHUNK_OVERFLOW}]
/home/work1/Works/AI-Trigger-System/HDL/constraints/ai_trigger_ooc.xdc (Line: 25)
Related violations: <none>

XDCH-2#1507 Warning
Same min and max delay values on IO port  
The same output delay of 0.000 ns has been defined on port 'EVENT_DATA[645]' relative to clock CLK_ADC for both max and min. Make sure this reflects the design intent.
set_output_delay -clock [get_clocks CLK_ADC] 0.000 [get_ports -quiet {EVENT_VALID EVENT_DATA* EVENT_LAST EVENT_CHUNK_ID* EVENT_TIMESTAMP* EVENT_SCORE* RING_MISS_COUNT* CHUNK_OVERFLOW}]
/home/work1/Works/AI-Trigger-System/HDL/constraints/ai_trigger_ooc.xdc (Line: 25)
Related violations: <none>

XDCH-2#1508 Warning
Same min and max delay values on IO port  
The same output delay of 0.000 ns has been defined on port 'EVENT_DATA[646]' relative to clock CLK_ADC for both max and min. Make sure this reflects the design intent.
set_output_delay -clock [get_clocks CLK_ADC] 0.000 [get_ports -quiet {EVENT_VALID EVENT_DATA* EVENT_LAST EVENT_CHUNK_ID* EVENT_TIMESTAMP* EVENT_SCORE* RING_MISS_COUNT* CHUNK_OVERFLOW}]
/home/work1/Works/AI-Trigger-System/HDL/constraints/ai_trigger_ooc.xdc (Line: 25)
Related violations: <none>

XDCH-2#1509 Warning
Same min and max delay values on IO port  
The same output delay of 0.000 ns has been defined on port 'EVENT_DATA[647]' relative to clock CLK_ADC for both max and min. Make sure this reflects the design intent.
set_output_delay -clock [get_clocks CLK_ADC] 0.000 [get_ports -quiet {EVENT_VALID EVENT_DATA* EVENT_LAST EVENT_CHUNK_ID* EVENT_TIMESTAMP* EVENT_SCORE* RING_MISS_COUNT* CHUNK_OVERFLOW}]
/home/work1/Works/AI-Trigger-System/HDL/constraints/ai_trigger_ooc.xdc (Line: 25)
Related violations: <none>

XDCH-2#1510 Warning
Same min and max delay values on IO port  
The same output delay of 0.000 ns has been defined on port 'EVENT_DATA[648]' relative to clock CLK_ADC for both max and min. Make sure this reflects the design intent.
set_output_delay -clock [get_clocks CLK_ADC] 0.000 [get_ports -quiet {EVENT_VALID EVENT_DATA* EVENT_LAST EVENT_CHUNK_ID* EVENT_TIMESTAMP* EVENT_SCORE* RING_MISS_COUNT* CHUNK_OVERFLOW}]
/home/work1/Works/AI-Trigger-System/HDL/constraints/ai_trigger_ooc.xdc (Line: 25)
Related violations: <none>

XDCH-2#1511 Warning
Same min and max delay values on IO port  
The same output delay of 0.000 ns has been defined on port 'EVENT_DATA[649]' relative to clock CLK_ADC for both max and min. Make sure this reflects the design intent.
set_output_delay -clock [get_clocks CLK_ADC] 0.000 [get_ports -quiet {EVENT_VALID EVENT_DATA* EVENT_LAST EVENT_CHUNK_ID* EVENT_TIMESTAMP* EVENT_SCORE* RING_MISS_COUNT* CHUNK_OVERFLOW}]
/home/work1/Works/AI-Trigger-System/HDL/constraints/ai_trigger_ooc.xdc (Line: 25)
Related violations: <none>

XDCH-2#1512 Warning
Same min and max delay values on IO port  
The same output delay of 0.000 ns has been defined on port 'EVENT_DATA[64]' relative to clock CLK_ADC for both max and min. Make sure this reflects the design intent.
set_output_delay -clock [get_clocks CLK_ADC] 0.000 [get_ports -quiet {EVENT_VALID EVENT_DATA* EVENT_LAST EVENT_CHUNK_ID* EVENT_TIMESTAMP* EVENT_SCORE* RING_MISS_COUNT* CHUNK_OVERFLOW}]
/home/work1/Works/AI-Trigger-System/HDL/constraints/ai_trigger_ooc.xdc (Line: 25)
Related violations: <none>

XDCH-2#1513 Warning
Same min and max delay values on IO port  
The same output delay of 0.000 ns has been defined on port 'EVENT_DATA[650]' relative to clock CLK_ADC for both max and min. Make sure this reflects the design intent.
set_output_delay -clock [get_clocks CLK_ADC] 0.000 [get_ports -quiet {EVENT_VALID EVENT_DATA* EVENT_LAST EVENT_CHUNK_ID* EVENT_TIMESTAMP* EVENT_SCORE* RING_MISS_COUNT* CHUNK_OVERFLOW}]
/home/work1/Works/AI-Trigger-System/HDL/constraints/ai_trigger_ooc.xdc (Line: 25)
Related violations: <none>

XDCH-2#1514 Warning
Same min and max delay values on IO port  
The same output delay of 0.000 ns has been defined on port 'EVENT_DATA[651]' relative to clock CLK_ADC for both max and min. Make sure this reflects the design intent.
set_output_delay -clock [get_clocks CLK_ADC] 0.000 [get_ports -quiet {EVENT_VALID EVENT_DATA* EVENT_LAST EVENT_CHUNK_ID* EVENT_TIMESTAMP* EVENT_SCORE* RING_MISS_COUNT* CHUNK_OVERFLOW}]
/home/work1/Works/AI-Trigger-System/HDL/constraints/ai_trigger_ooc.xdc (Line: 25)
Related violations: <none>

XDCH-2#1515 Warning
Same min and max delay values on IO port  
The same output delay of 0.000 ns has been defined on port 'EVENT_DATA[652]' relative to clock CLK_ADC for both max and min. Make sure this reflects the design intent.
set_output_delay -clock [get_clocks CLK_ADC] 0.000 [get_ports -quiet {EVENT_VALID EVENT_DATA* EVENT_LAST EVENT_CHUNK_ID* EVENT_TIMESTAMP* EVENT_SCORE* RING_MISS_COUNT* CHUNK_OVERFLOW}]
/home/work1/Works/AI-Trigger-System/HDL/constraints/ai_trigger_ooc.xdc (Line: 25)
Related violations: <none>

XDCH-2#1516 Warning
Same min and max delay values on IO port  
The same output delay of 0.000 ns has been defined on port 'EVENT_DATA[653]' relative to clock CLK_ADC for both max and min. Make sure this reflects the design intent.
set_output_delay -clock [get_clocks CLK_ADC] 0.000 [get_ports -quiet {EVENT_VALID EVENT_DATA* EVENT_LAST EVENT_CHUNK_ID* EVENT_TIMESTAMP* EVENT_SCORE* RING_MISS_COUNT* CHUNK_OVERFLOW}]
/home/work1/Works/AI-Trigger-System/HDL/constraints/ai_trigger_ooc.xdc (Line: 25)
Related violations: <none>

XDCH-2#1517 Warning
Same min and max delay values on IO port  
The same output delay of 0.000 ns has been defined on port 'EVENT_DATA[654]' relative to clock CLK_ADC for both max and min. Make sure this reflects the design intent.
set_output_delay -clock [get_clocks CLK_ADC] 0.000 [get_ports -quiet {EVENT_VALID EVENT_DATA* EVENT_LAST EVENT_CHUNK_ID* EVENT_TIMESTAMP* EVENT_SCORE* RING_MISS_COUNT* CHUNK_OVERFLOW}]
/home/work1/Works/AI-Trigger-System/HDL/constraints/ai_trigger_ooc.xdc (Line: 25)
Related violations: <none>

XDCH-2#1518 Warning
Same min and max delay values on IO port  
The same output delay of 0.000 ns has been defined on port 'EVENT_DATA[655]' relative to clock CLK_ADC for both max and min. Make sure this reflects the design intent.
set_output_delay -clock [get_clocks CLK_ADC] 0.000 [get_ports -quiet {EVENT_VALID EVENT_DATA* EVENT_LAST EVENT_CHUNK_ID* EVENT_TIMESTAMP* EVENT_SCORE* RING_MISS_COUNT* CHUNK_OVERFLOW}]
/home/work1/Works/AI-Trigger-System/HDL/constraints/ai_trigger_ooc.xdc (Line: 25)
Related violations: <none>

XDCH-2#1519 Warning
Same min and max delay values on IO port  
The same output delay of 0.000 ns has been defined on port 'EVENT_DATA[656]' relative to clock CLK_ADC for both max and min. Make sure this reflects the design intent.
set_output_delay -clock [get_clocks CLK_ADC] 0.000 [get_ports -quiet {EVENT_VALID EVENT_DATA* EVENT_LAST EVENT_CHUNK_ID* EVENT_TIMESTAMP* EVENT_SCORE* RING_MISS_COUNT* CHUNK_OVERFLOW}]
/home/work1/Works/AI-Trigger-System/HDL/constraints/ai_trigger_ooc.xdc (Line: 25)
Related violations: <none>

XDCH-2#1520 Warning
Same min and max delay values on IO port  
The same output delay of 0.000 ns has been defined on port 'EVENT_DATA[657]' relative to clock CLK_ADC for both max and min. Make sure this reflects the design intent.
set_output_delay -clock [get_clocks CLK_ADC] 0.000 [get_ports -quiet {EVENT_VALID EVENT_DATA* EVENT_LAST EVENT_CHUNK_ID* EVENT_TIMESTAMP* EVENT_SCORE* RING_MISS_COUNT* CHUNK_OVERFLOW}]
/home/work1/Works/AI-Trigger-System/HDL/constraints/ai_trigger_ooc.xdc (Line: 25)
Related violations: <none>

XDCH-2#1521 Warning
Same min and max delay values on IO port  
The same output delay of 0.000 ns has been defined on port 'EVENT_DATA[658]' relative to clock CLK_ADC for both max and min. Make sure this reflects the design intent.
set_output_delay -clock [get_clocks CLK_ADC] 0.000 [get_ports -quiet {EVENT_VALID EVENT_DATA* EVENT_LAST EVENT_CHUNK_ID* EVENT_TIMESTAMP* EVENT_SCORE* RING_MISS_COUNT* CHUNK_OVERFLOW}]
/home/work1/Works/AI-Trigger-System/HDL/constraints/ai_trigger_ooc.xdc (Line: 25)
Related violations: <none>

XDCH-2#1522 Warning
Same min and max delay values on IO port  
The same output delay of 0.000 ns has been defined on port 'EVENT_DATA[659]' relative to clock CLK_ADC for both max and min. Make sure this reflects the design intent.
set_output_delay -clock [get_clocks CLK_ADC] 0.000 [get_ports -quiet {EVENT_VALID EVENT_DATA* EVENT_LAST EVENT_CHUNK_ID* EVENT_TIMESTAMP* EVENT_SCORE* RING_MISS_COUNT* CHUNK_OVERFLOW}]
/home/work1/Works/AI-Trigger-System/HDL/constraints/ai_trigger_ooc.xdc (Line: 25)
Related violations: <none>

XDCH-2#1523 Warning
Same min and max delay values on IO port  
The same output delay of 0.000 ns has been defined on port 'EVENT_DATA[65]' relative to clock CLK_ADC for both max and min. Make sure this reflects the design intent.
set_output_delay -clock [get_clocks CLK_ADC] 0.000 [get_ports -quiet {EVENT_VALID EVENT_DATA* EVENT_LAST EVENT_CHUNK_ID* EVENT_TIMESTAMP* EVENT_SCORE* RING_MISS_COUNT* CHUNK_OVERFLOW}]
/home/work1/Works/AI-Trigger-System/HDL/constraints/ai_trigger_ooc.xdc (Line: 25)
Related violations: <none>

XDCH-2#1524 Warning
Same min and max delay values on IO port  
The same output delay of 0.000 ns has been defined on port 'EVENT_DATA[660]' relative to clock CLK_ADC for both max and min. Make sure this reflects the design intent.
set_output_delay -clock [get_clocks CLK_ADC] 0.000 [get_ports -quiet {EVENT_VALID EVENT_DATA* EVENT_LAST EVENT_CHUNK_ID* EVENT_TIMESTAMP* EVENT_SCORE* RING_MISS_COUNT* CHUNK_OVERFLOW}]
/home/work1/Works/AI-Trigger-System/HDL/constraints/ai_trigger_ooc.xdc (Line: 25)
Related violations: <none>

XDCH-2#1525 Warning
Same min and max delay values on IO port  
The same output delay of 0.000 ns has been defined on port 'EVENT_DATA[661]' relative to clock CLK_ADC for both max and min. Make sure this reflects the design intent.
set_output_delay -clock [get_clocks CLK_ADC] 0.000 [get_ports -quiet {EVENT_VALID EVENT_DATA* EVENT_LAST EVENT_CHUNK_ID* EVENT_TIMESTAMP* EVENT_SCORE* RING_MISS_COUNT* CHUNK_OVERFLOW}]
/home/work1/Works/AI-Trigger-System/HDL/constraints/ai_trigger_ooc.xdc (Line: 25)
Related violations: <none>

XDCH-2#1526 Warning
Same min and max delay values on IO port  
The same output delay of 0.000 ns has been defined on port 'EVENT_DATA[662]' relative to clock CLK_ADC for both max and min. Make sure this reflects the design intent.
set_output_delay -clock [get_clocks CLK_ADC] 0.000 [get_ports -quiet {EVENT_VALID EVENT_DATA* EVENT_LAST EVENT_CHUNK_ID* EVENT_TIMESTAMP* EVENT_SCORE* RING_MISS_COUNT* CHUNK_OVERFLOW}]
/home/work1/Works/AI-Trigger-System/HDL/constraints/ai_trigger_ooc.xdc (Line: 25)
Related violations: <none>

XDCH-2#1527 Warning
Same min and max delay values on IO port  
The same output delay of 0.000 ns has been defined on port 'EVENT_DATA[663]' relative to clock CLK_ADC for both max and min. Make sure this reflects the design intent.
set_output_delay -clock [get_clocks CLK_ADC] 0.000 [get_ports -quiet {EVENT_VALID EVENT_DATA* EVENT_LAST EVENT_CHUNK_ID* EVENT_TIMESTAMP* EVENT_SCORE* RING_MISS_COUNT* CHUNK_OVERFLOW}]
/home/work1/Works/AI-Trigger-System/HDL/constraints/ai_trigger_ooc.xdc (Line: 25)
Related violations: <none>

XDCH-2#1528 Warning
Same min and max delay values on IO port  
The same output delay of 0.000 ns has been defined on port 'EVENT_DATA[664]' relative to clock CLK_ADC for both max and min. Make sure this reflects the design intent.
set_output_delay -clock [get_clocks CLK_ADC] 0.000 [get_ports -quiet {EVENT_VALID EVENT_DATA* EVENT_LAST EVENT_CHUNK_ID* EVENT_TIMESTAMP* EVENT_SCORE* RING_MISS_COUNT* CHUNK_OVERFLOW}]
/home/work1/Works/AI-Trigger-System/HDL/constraints/ai_trigger_ooc.xdc (Line: 25)
Related violations: <none>

XDCH-2#1529 Warning
Same min and max delay values on IO port  
The same output delay of 0.000 ns has been defined on port 'EVENT_DATA[665]' relative to clock CLK_ADC for both max and min. Make sure this reflects the design intent.
set_output_delay -clock [get_clocks CLK_ADC] 0.000 [get_ports -quiet {EVENT_VALID EVENT_DATA* EVENT_LAST EVENT_CHUNK_ID* EVENT_TIMESTAMP* EVENT_SCORE* RING_MISS_COUNT* CHUNK_OVERFLOW}]
/home/work1/Works/AI-Trigger-System/HDL/constraints/ai_trigger_ooc.xdc (Line: 25)
Related violations: <none>

XDCH-2#1530 Warning
Same min and max delay values on IO port  
The same output delay of 0.000 ns has been defined on port 'EVENT_DATA[666]' relative to clock CLK_ADC for both max and min. Make sure this reflects the design intent.
set_output_delay -clock [get_clocks CLK_ADC] 0.000 [get_ports -quiet {EVENT_VALID EVENT_DATA* EVENT_LAST EVENT_CHUNK_ID* EVENT_TIMESTAMP* EVENT_SCORE* RING_MISS_COUNT* CHUNK_OVERFLOW}]
/home/work1/Works/AI-Trigger-System/HDL/constraints/ai_trigger_ooc.xdc (Line: 25)
Related violations: <none>

XDCH-2#1531 Warning
Same min and max delay values on IO port  
The same output delay of 0.000 ns has been defined on port 'EVENT_DATA[667]' relative to clock CLK_ADC for both max and min. Make sure this reflects the design intent.
set_output_delay -clock [get_clocks CLK_ADC] 0.000 [get_ports -quiet {EVENT_VALID EVENT_DATA* EVENT_LAST EVENT_CHUNK_ID* EVENT_TIMESTAMP* EVENT_SCORE* RING_MISS_COUNT* CHUNK_OVERFLOW}]
/home/work1/Works/AI-Trigger-System/HDL/constraints/ai_trigger_ooc.xdc (Line: 25)
Related violations: <none>

XDCH-2#1532 Warning
Same min and max delay values on IO port  
The same output delay of 0.000 ns has been defined on port 'EVENT_DATA[668]' relative to clock CLK_ADC for both max and min. Make sure this reflects the design intent.
set_output_delay -clock [get_clocks CLK_ADC] 0.000 [get_ports -quiet {EVENT_VALID EVENT_DATA* EVENT_LAST EVENT_CHUNK_ID* EVENT_TIMESTAMP* EVENT_SCORE* RING_MISS_COUNT* CHUNK_OVERFLOW}]
/home/work1/Works/AI-Trigger-System/HDL/constraints/ai_trigger_ooc.xdc (Line: 25)
Related violations: <none>

XDCH-2#1533 Warning
Same min and max delay values on IO port  
The same output delay of 0.000 ns has been defined on port 'EVENT_DATA[669]' relative to clock CLK_ADC for both max and min. Make sure this reflects the design intent.
set_output_delay -clock [get_clocks CLK_ADC] 0.000 [get_ports -quiet {EVENT_VALID EVENT_DATA* EVENT_LAST EVENT_CHUNK_ID* EVENT_TIMESTAMP* EVENT_SCORE* RING_MISS_COUNT* CHUNK_OVERFLOW}]
/home/work1/Works/AI-Trigger-System/HDL/constraints/ai_trigger_ooc.xdc (Line: 25)
Related violations: <none>

XDCH-2#1534 Warning
Same min and max delay values on IO port  
The same output delay of 0.000 ns has been defined on port 'EVENT_DATA[66]' relative to clock CLK_ADC for both max and min. Make sure this reflects the design intent.
set_output_delay -clock [get_clocks CLK_ADC] 0.000 [get_ports -quiet {EVENT_VALID EVENT_DATA* EVENT_LAST EVENT_CHUNK_ID* EVENT_TIMESTAMP* EVENT_SCORE* RING_MISS_COUNT* CHUNK_OVERFLOW}]
/home/work1/Works/AI-Trigger-System/HDL/constraints/ai_trigger_ooc.xdc (Line: 25)
Related violations: <none>

XDCH-2#1535 Warning
Same min and max delay values on IO port  
The same output delay of 0.000 ns has been defined on port 'EVENT_DATA[670]' relative to clock CLK_ADC for both max and min. Make sure this reflects the design intent.
set_output_delay -clock [get_clocks CLK_ADC] 0.000 [get_ports -quiet {EVENT_VALID EVENT_DATA* EVENT_LAST EVENT_CHUNK_ID* EVENT_TIMESTAMP* EVENT_SCORE* RING_MISS_COUNT* CHUNK_OVERFLOW}]
/home/work1/Works/AI-Trigger-System/HDL/constraints/ai_trigger_ooc.xdc (Line: 25)
Related violations: <none>

XDCH-2#1536 Warning
Same min and max delay values on IO port  
The same output delay of 0.000 ns has been defined on port 'EVENT_DATA[671]' relative to clock CLK_ADC for both max and min. Make sure this reflects the design intent.
set_output_delay -clock [get_clocks CLK_ADC] 0.000 [get_ports -quiet {EVENT_VALID EVENT_DATA* EVENT_LAST EVENT_CHUNK_ID* EVENT_TIMESTAMP* EVENT_SCORE* RING_MISS_COUNT* CHUNK_OVERFLOW}]
/home/work1/Works/AI-Trigger-System/HDL/constraints/ai_trigger_ooc.xdc (Line: 25)
Related violations: <none>

XDCH-2#1537 Warning
Same min and max delay values on IO port  
The same output delay of 0.000 ns has been defined on port 'EVENT_DATA[672]' relative to clock CLK_ADC for both max and min. Make sure this reflects the design intent.
set_output_delay -clock [get_clocks CLK_ADC] 0.000 [get_ports -quiet {EVENT_VALID EVENT_DATA* EVENT_LAST EVENT_CHUNK_ID* EVENT_TIMESTAMP* EVENT_SCORE* RING_MISS_COUNT* CHUNK_OVERFLOW}]
/home/work1/Works/AI-Trigger-System/HDL/constraints/ai_trigger_ooc.xdc (Line: 25)
Related violations: <none>

XDCH-2#1538 Warning
Same min and max delay values on IO port  
The same output delay of 0.000 ns has been defined on port 'EVENT_DATA[673]' relative to clock CLK_ADC for both max and min. Make sure this reflects the design intent.
set_output_delay -clock [get_clocks CLK_ADC] 0.000 [get_ports -quiet {EVENT_VALID EVENT_DATA* EVENT_LAST EVENT_CHUNK_ID* EVENT_TIMESTAMP* EVENT_SCORE* RING_MISS_COUNT* CHUNK_OVERFLOW}]
/home/work1/Works/AI-Trigger-System/HDL/constraints/ai_trigger_ooc.xdc (Line: 25)
Related violations: <none>

XDCH-2#1539 Warning
Same min and max delay values on IO port  
The same output delay of 0.000 ns has been defined on port 'EVENT_DATA[674]' relative to clock CLK_ADC for both max and min. Make sure this reflects the design intent.
set_output_delay -clock [get_clocks CLK_ADC] 0.000 [get_ports -quiet {EVENT_VALID EVENT_DATA* EVENT_LAST EVENT_CHUNK_ID* EVENT_TIMESTAMP* EVENT_SCORE* RING_MISS_COUNT* CHUNK_OVERFLOW}]
/home/work1/Works/AI-Trigger-System/HDL/constraints/ai_trigger_ooc.xdc (Line: 25)
Related violations: <none>

XDCH-2#1540 Warning
Same min and max delay values on IO port  
The same output delay of 0.000 ns has been defined on port 'EVENT_DATA[675]' relative to clock CLK_ADC for both max and min. Make sure this reflects the design intent.
set_output_delay -clock [get_clocks CLK_ADC] 0.000 [get_ports -quiet {EVENT_VALID EVENT_DATA* EVENT_LAST EVENT_CHUNK_ID* EVENT_TIMESTAMP* EVENT_SCORE* RING_MISS_COUNT* CHUNK_OVERFLOW}]
/home/work1/Works/AI-Trigger-System/HDL/constraints/ai_trigger_ooc.xdc (Line: 25)
Related violations: <none>

XDCH-2#1541 Warning
Same min and max delay values on IO port  
The same output delay of 0.000 ns has been defined on port 'EVENT_DATA[676]' relative to clock CLK_ADC for both max and min. Make sure this reflects the design intent.
set_output_delay -clock [get_clocks CLK_ADC] 0.000 [get_ports -quiet {EVENT_VALID EVENT_DATA* EVENT_LAST EVENT_CHUNK_ID* EVENT_TIMESTAMP* EVENT_SCORE* RING_MISS_COUNT* CHUNK_OVERFLOW}]
/home/work1/Works/AI-Trigger-System/HDL/constraints/ai_trigger_ooc.xdc (Line: 25)
Related violations: <none>

XDCH-2#1542 Warning
Same min and max delay values on IO port  
The same output delay of 0.000 ns has been defined on port 'EVENT_DATA[677]' relative to clock CLK_ADC for both max and min. Make sure this reflects the design intent.
set_output_delay -clock [get_clocks CLK_ADC] 0.000 [get_ports -quiet {EVENT_VALID EVENT_DATA* EVENT_LAST EVENT_CHUNK_ID* EVENT_TIMESTAMP* EVENT_SCORE* RING_MISS_COUNT* CHUNK_OVERFLOW}]
/home/work1/Works/AI-Trigger-System/HDL/constraints/ai_trigger_ooc.xdc (Line: 25)
Related violations: <none>

XDCH-2#1543 Warning
Same min and max delay values on IO port  
The same output delay of 0.000 ns has been defined on port 'EVENT_DATA[678]' relative to clock CLK_ADC for both max and min. Make sure this reflects the design intent.
set_output_delay -clock [get_clocks CLK_ADC] 0.000 [get_ports -quiet {EVENT_VALID EVENT_DATA* EVENT_LAST EVENT_CHUNK_ID* EVENT_TIMESTAMP* EVENT_SCORE* RING_MISS_COUNT* CHUNK_OVERFLOW}]
/home/work1/Works/AI-Trigger-System/HDL/constraints/ai_trigger_ooc.xdc (Line: 25)
Related violations: <none>

XDCH-2#1544 Warning
Same min and max delay values on IO port  
The same output delay of 0.000 ns has been defined on port 'EVENT_DATA[679]' relative to clock CLK_ADC for both max and min. Make sure this reflects the design intent.
set_output_delay -clock [get_clocks CLK_ADC] 0.000 [get_ports -quiet {EVENT_VALID EVENT_DATA* EVENT_LAST EVENT_CHUNK_ID* EVENT_TIMESTAMP* EVENT_SCORE* RING_MISS_COUNT* CHUNK_OVERFLOW}]
/home/work1/Works/AI-Trigger-System/HDL/constraints/ai_trigger_ooc.xdc (Line: 25)
Related violations: <none>

XDCH-2#1545 Warning
Same min and max delay values on IO port  
The same output delay of 0.000 ns has been defined on port 'EVENT_DATA[67]' relative to clock CLK_ADC for both max and min. Make sure this reflects the design intent.
set_output_delay -clock [get_clocks CLK_ADC] 0.000 [get_ports -quiet {EVENT_VALID EVENT_DATA* EVENT_LAST EVENT_CHUNK_ID* EVENT_TIMESTAMP* EVENT_SCORE* RING_MISS_COUNT* CHUNK_OVERFLOW}]
/home/work1/Works/AI-Trigger-System/HDL/constraints/ai_trigger_ooc.xdc (Line: 25)
Related violations: <none>

XDCH-2#1546 Warning
Same min and max delay values on IO port  
The same output delay of 0.000 ns has been defined on port 'EVENT_DATA[680]' relative to clock CLK_ADC for both max and min. Make sure this reflects the design intent.
set_output_delay -clock [get_clocks CLK_ADC] 0.000 [get_ports -quiet {EVENT_VALID EVENT_DATA* EVENT_LAST EVENT_CHUNK_ID* EVENT_TIMESTAMP* EVENT_SCORE* RING_MISS_COUNT* CHUNK_OVERFLOW}]
/home/work1/Works/AI-Trigger-System/HDL/constraints/ai_trigger_ooc.xdc (Line: 25)
Related violations: <none>

XDCH-2#1547 Warning
Same min and max delay values on IO port  
The same output delay of 0.000 ns has been defined on port 'EVENT_DATA[681]' relative to clock CLK_ADC for both max and min. Make sure this reflects the design intent.
set_output_delay -clock [get_clocks CLK_ADC] 0.000 [get_ports -quiet {EVENT_VALID EVENT_DATA* EVENT_LAST EVENT_CHUNK_ID* EVENT_TIMESTAMP* EVENT_SCORE* RING_MISS_COUNT* CHUNK_OVERFLOW}]
/home/work1/Works/AI-Trigger-System/HDL/constraints/ai_trigger_ooc.xdc (Line: 25)
Related violations: <none>

XDCH-2#1548 Warning
Same min and max delay values on IO port  
The same output delay of 0.000 ns has been defined on port 'EVENT_DATA[682]' relative to clock CLK_ADC for both max and min. Make sure this reflects the design intent.
set_output_delay -clock [get_clocks CLK_ADC] 0.000 [get_ports -quiet {EVENT_VALID EVENT_DATA* EVENT_LAST EVENT_CHUNK_ID* EVENT_TIMESTAMP* EVENT_SCORE* RING_MISS_COUNT* CHUNK_OVERFLOW}]
/home/work1/Works/AI-Trigger-System/HDL/constraints/ai_trigger_ooc.xdc (Line: 25)
Related violations: <none>

XDCH-2#1549 Warning
Same min and max delay values on IO port  
The same output delay of 0.000 ns has been defined on port 'EVENT_DATA[683]' relative to clock CLK_ADC for both max and min. Make sure this reflects the design intent.
set_output_delay -clock [get_clocks CLK_ADC] 0.000 [get_ports -quiet {EVENT_VALID EVENT_DATA* EVENT_LAST EVENT_CHUNK_ID* EVENT_TIMESTAMP* EVENT_SCORE* RING_MISS_COUNT* CHUNK_OVERFLOW}]
/home/work1/Works/AI-Trigger-System/HDL/constraints/ai_trigger_ooc.xdc (Line: 25)
Related violations: <none>

XDCH-2#1550 Warning
Same min and max delay values on IO port  
The same output delay of 0.000 ns has been defined on port 'EVENT_DATA[684]' relative to clock CLK_ADC for both max and min. Make sure this reflects the design intent.
set_output_delay -clock [get_clocks CLK_ADC] 0.000 [get_ports -quiet {EVENT_VALID EVENT_DATA* EVENT_LAST EVENT_CHUNK_ID* EVENT_TIMESTAMP* EVENT_SCORE* RING_MISS_COUNT* CHUNK_OVERFLOW}]
/home/work1/Works/AI-Trigger-System/HDL/constraints/ai_trigger_ooc.xdc (Line: 25)
Related violations: <none>

XDCH-2#1551 Warning
Same min and max delay values on IO port  
The same output delay of 0.000 ns has been defined on port 'EVENT_DATA[685]' relative to clock CLK_ADC for both max and min. Make sure this reflects the design intent.
set_output_delay -clock [get_clocks CLK_ADC] 0.000 [get_ports -quiet {EVENT_VALID EVENT_DATA* EVENT_LAST EVENT_CHUNK_ID* EVENT_TIMESTAMP* EVENT_SCORE* RING_MISS_COUNT* CHUNK_OVERFLOW}]
/home/work1/Works/AI-Trigger-System/HDL/constraints/ai_trigger_ooc.xdc (Line: 25)
Related violations: <none>

XDCH-2#1552 Warning
Same min and max delay values on IO port  
The same output delay of 0.000 ns has been defined on port 'EVENT_DATA[686]' relative to clock CLK_ADC for both max and min. Make sure this reflects the design intent.
set_output_delay -clock [get_clocks CLK_ADC] 0.000 [get_ports -quiet {EVENT_VALID EVENT_DATA* EVENT_LAST EVENT_CHUNK_ID* EVENT_TIMESTAMP* EVENT_SCORE* RING_MISS_COUNT* CHUNK_OVERFLOW}]
/home/work1/Works/AI-Trigger-System/HDL/constraints/ai_trigger_ooc.xdc (Line: 25)
Related violations: <none>

XDCH-2#1553 Warning
Same min and max delay values on IO port  
The same output delay of 0.000 ns has been defined on port 'EVENT_DATA[687]' relative to clock CLK_ADC for both max and min. Make sure this reflects the design intent.
set_output_delay -clock [get_clocks CLK_ADC] 0.000 [get_ports -quiet {EVENT_VALID EVENT_DATA* EVENT_LAST EVENT_CHUNK_ID* EVENT_TIMESTAMP* EVENT_SCORE* RING_MISS_COUNT* CHUNK_OVERFLOW}]
/home/work1/Works/AI-Trigger-System/HDL/constraints/ai_trigger_ooc.xdc (Line: 25)
Related violations: <none>

XDCH-2#1554 Warning
Same min and max delay values on IO port  
The same output delay of 0.000 ns has been defined on port 'EVENT_DATA[688]' relative to clock CLK_ADC for both max and min. Make sure this reflects the design intent.
set_output_delay -clock [get_clocks CLK_ADC] 0.000 [get_ports -quiet {EVENT_VALID EVENT_DATA* EVENT_LAST EVENT_CHUNK_ID* EVENT_TIMESTAMP* EVENT_SCORE* RING_MISS_COUNT* CHUNK_OVERFLOW}]
/home/work1/Works/AI-Trigger-System/HDL/constraints/ai_trigger_ooc.xdc (Line: 25)
Related violations: <none>

XDCH-2#1555 Warning
Same min and max delay values on IO port  
The same output delay of 0.000 ns has been defined on port 'EVENT_DATA[689]' relative to clock CLK_ADC for both max and min. Make sure this reflects the design intent.
set_output_delay -clock [get_clocks CLK_ADC] 0.000 [get_ports -quiet {EVENT_VALID EVENT_DATA* EVENT_LAST EVENT_CHUNK_ID* EVENT_TIMESTAMP* EVENT_SCORE* RING_MISS_COUNT* CHUNK_OVERFLOW}]
/home/work1/Works/AI-Trigger-System/HDL/constraints/ai_trigger_ooc.xdc (Line: 25)
Related violations: <none>

XDCH-2#1556 Warning
Same min and max delay values on IO port  
The same output delay of 0.000 ns has been defined on port 'EVENT_DATA[68]' relative to clock CLK_ADC for both max and min. Make sure this reflects the design intent.
set_output_delay -clock [get_clocks CLK_ADC] 0.000 [get_ports -quiet {EVENT_VALID EVENT_DATA* EVENT_LAST EVENT_CHUNK_ID* EVENT_TIMESTAMP* EVENT_SCORE* RING_MISS_COUNT* CHUNK_OVERFLOW}]
/home/work1/Works/AI-Trigger-System/HDL/constraints/ai_trigger_ooc.xdc (Line: 25)
Related violations: <none>

XDCH-2#1557 Warning
Same min and max delay values on IO port  
The same output delay of 0.000 ns has been defined on port 'EVENT_DATA[690]' relative to clock CLK_ADC for both max and min. Make sure this reflects the design intent.
set_output_delay -clock [get_clocks CLK_ADC] 0.000 [get_ports -quiet {EVENT_VALID EVENT_DATA* EVENT_LAST EVENT_CHUNK_ID* EVENT_TIMESTAMP* EVENT_SCORE* RING_MISS_COUNT* CHUNK_OVERFLOW}]
/home/work1/Works/AI-Trigger-System/HDL/constraints/ai_trigger_ooc.xdc (Line: 25)
Related violations: <none>

XDCH-2#1558 Warning
Same min and max delay values on IO port  
The same output delay of 0.000 ns has been defined on port 'EVENT_DATA[691]' relative to clock CLK_ADC for both max and min. Make sure this reflects the design intent.
set_output_delay -clock [get_clocks CLK_ADC] 0.000 [get_ports -quiet {EVENT_VALID EVENT_DATA* EVENT_LAST EVENT_CHUNK_ID* EVENT_TIMESTAMP* EVENT_SCORE* RING_MISS_COUNT* CHUNK_OVERFLOW}]
/home/work1/Works/AI-Trigger-System/HDL/constraints/ai_trigger_ooc.xdc (Line: 25)
Related violations: <none>

XDCH-2#1559 Warning
Same min and max delay values on IO port  
The same output delay of 0.000 ns has been defined on port 'EVENT_DATA[692]' relative to clock CLK_ADC for both max and min. Make sure this reflects the design intent.
set_output_delay -clock [get_clocks CLK_ADC] 0.000 [get_ports -quiet {EVENT_VALID EVENT_DATA* EVENT_LAST EVENT_CHUNK_ID* EVENT_TIMESTAMP* EVENT_SCORE* RING_MISS_COUNT* CHUNK_OVERFLOW}]
/home/work1/Works/AI-Trigger-System/HDL/constraints/ai_trigger_ooc.xdc (Line: 25)
Related violations: <none>

XDCH-2#1560 Warning
Same min and max delay values on IO port  
The same output delay of 0.000 ns has been defined on port 'EVENT_DATA[693]' relative to clock CLK_ADC for both max and min. Make sure this reflects the design intent.
set_output_delay -clock [get_clocks CLK_ADC] 0.000 [get_ports -quiet {EVENT_VALID EVENT_DATA* EVENT_LAST EVENT_CHUNK_ID* EVENT_TIMESTAMP* EVENT_SCORE* RING_MISS_COUNT* CHUNK_OVERFLOW}]
/home/work1/Works/AI-Trigger-System/HDL/constraints/ai_trigger_ooc.xdc (Line: 25)
Related violations: <none>

XDCH-2#1561 Warning
Same min and max delay values on IO port  
The same output delay of 0.000 ns has been defined on port 'EVENT_DATA[694]' relative to clock CLK_ADC for both max and min. Make sure this reflects the design intent.
set_output_delay -clock [get_clocks CLK_ADC] 0.000 [get_ports -quiet {EVENT_VALID EVENT_DATA* EVENT_LAST EVENT_CHUNK_ID* EVENT_TIMESTAMP* EVENT_SCORE* RING_MISS_COUNT* CHUNK_OVERFLOW}]
/home/work1/Works/AI-Trigger-System/HDL/constraints/ai_trigger_ooc.xdc (Line: 25)
Related violations: <none>

XDCH-2#1562 Warning
Same min and max delay values on IO port  
The same output delay of 0.000 ns has been defined on port 'EVENT_DATA[695]' relative to clock CLK_ADC for both max and min. Make sure this reflects the design intent.
set_output_delay -clock [get_clocks CLK_ADC] 0.000 [get_ports -quiet {EVENT_VALID EVENT_DATA* EVENT_LAST EVENT_CHUNK_ID* EVENT_TIMESTAMP* EVENT_SCORE* RING_MISS_COUNT* CHUNK_OVERFLOW}]
/home/work1/Works/AI-Trigger-System/HDL/constraints/ai_trigger_ooc.xdc (Line: 25)
Related violations: <none>

XDCH-2#1563 Warning
Same min and max delay values on IO port  
The same output delay of 0.000 ns has been defined on port 'EVENT_DATA[696]' relative to clock CLK_ADC for both max and min. Make sure this reflects the design intent.
set_output_delay -clock [get_clocks CLK_ADC] 0.000 [get_ports -quiet {EVENT_VALID EVENT_DATA* EVENT_LAST EVENT_CHUNK_ID* EVENT_TIMESTAMP* EVENT_SCORE* RING_MISS_COUNT* CHUNK_OVERFLOW}]
/home/work1/Works/AI-Trigger-System/HDL/constraints/ai_trigger_ooc.xdc (Line: 25)
Related violations: <none>

XDCH-2#1564 Warning
Same min and max delay values on IO port  
The same output delay of 0.000 ns has been defined on port 'EVENT_DATA[697]' relative to clock CLK_ADC for both max and min. Make sure this reflects the design intent.
set_output_delay -clock [get_clocks CLK_ADC] 0.000 [get_ports -quiet {EVENT_VALID EVENT_DATA* EVENT_LAST EVENT_CHUNK_ID* EVENT_TIMESTAMP* EVENT_SCORE* RING_MISS_COUNT* CHUNK_OVERFLOW}]
/home/work1/Works/AI-Trigger-System/HDL/constraints/ai_trigger_ooc.xdc (Line: 25)
Related violations: <none>

XDCH-2#1565 Warning
Same min and max delay values on IO port  
The same output delay of 0.000 ns has been defined on port 'EVENT_DATA[698]' relative to clock CLK_ADC for both max and min. Make sure this reflects the design intent.
set_output_delay -clock [get_clocks CLK_ADC] 0.000 [get_ports -quiet {EVENT_VALID EVENT_DATA* EVENT_LAST EVENT_CHUNK_ID* EVENT_TIMESTAMP* EVENT_SCORE* RING_MISS_COUNT* CHUNK_OVERFLOW}]
/home/work1/Works/AI-Trigger-System/HDL/constraints/ai_trigger_ooc.xdc (Line: 25)
Related violations: <none>

XDCH-2#1566 Warning
Same min and max delay values on IO port  
The same output delay of 0.000 ns has been defined on port 'EVENT_DATA[699]' relative to clock CLK_ADC for both max and min. Make sure this reflects the design intent.
set_output_delay -clock [get_clocks CLK_ADC] 0.000 [get_ports -quiet {EVENT_VALID EVENT_DATA* EVENT_LAST EVENT_CHUNK_ID* EVENT_TIMESTAMP* EVENT_SCORE* RING_MISS_COUNT* CHUNK_OVERFLOW}]
/home/work1/Works/AI-Trigger-System/HDL/constraints/ai_trigger_ooc.xdc (Line: 25)
Related violations: <none>

XDCH-2#1567 Warning
Same min and max delay values on IO port  
The same output delay of 0.000 ns has been defined on port 'EVENT_DATA[69]' relative to clock CLK_ADC for both max and min. Make sure this reflects the design intent.
set_output_delay -clock [get_clocks CLK_ADC] 0.000 [get_ports -quiet {EVENT_VALID EVENT_DATA* EVENT_LAST EVENT_CHUNK_ID* EVENT_TIMESTAMP* EVENT_SCORE* RING_MISS_COUNT* CHUNK_OVERFLOW}]
/home/work1/Works/AI-Trigger-System/HDL/constraints/ai_trigger_ooc.xdc (Line: 25)
Related violations: <none>

XDCH-2#1568 Warning
Same min and max delay values on IO port  
The same output delay of 0.000 ns has been defined on port 'EVENT_DATA[6]' relative to clock CLK_ADC for both max and min. Make sure this reflects the design intent.
set_output_delay -clock [get_clocks CLK_ADC] 0.000 [get_ports -quiet {EVENT_VALID EVENT_DATA* EVENT_LAST EVENT_CHUNK_ID* EVENT_TIMESTAMP* EVENT_SCORE* RING_MISS_COUNT* CHUNK_OVERFLOW}]
/home/work1/Works/AI-Trigger-System/HDL/constraints/ai_trigger_ooc.xdc (Line: 25)
Related violations: <none>

XDCH-2#1569 Warning
Same min and max delay values on IO port  
The same output delay of 0.000 ns has been defined on port 'EVENT_DATA[700]' relative to clock CLK_ADC for both max and min. Make sure this reflects the design intent.
set_output_delay -clock [get_clocks CLK_ADC] 0.000 [get_ports -quiet {EVENT_VALID EVENT_DATA* EVENT_LAST EVENT_CHUNK_ID* EVENT_TIMESTAMP* EVENT_SCORE* RING_MISS_COUNT* CHUNK_OVERFLOW}]
/home/work1/Works/AI-Trigger-System/HDL/constraints/ai_trigger_ooc.xdc (Line: 25)
Related violations: <none>

XDCH-2#1570 Warning
Same min and max delay values on IO port  
The same output delay of 0.000 ns has been defined on port 'EVENT_DATA[701]' relative to clock CLK_ADC for both max and min. Make sure this reflects the design intent.
set_output_delay -clock [get_clocks CLK_ADC] 0.000 [get_ports -quiet {EVENT_VALID EVENT_DATA* EVENT_LAST EVENT_CHUNK_ID* EVENT_TIMESTAMP* EVENT_SCORE* RING_MISS_COUNT* CHUNK_OVERFLOW}]
/home/work1/Works/AI-Trigger-System/HDL/constraints/ai_trigger_ooc.xdc (Line: 25)
Related violations: <none>

XDCH-2#1571 Warning
Same min and max delay values on IO port  
The same output delay of 0.000 ns has been defined on port 'EVENT_DATA[702]' relative to clock CLK_ADC for both max and min. Make sure this reflects the design intent.
set_output_delay -clock [get_clocks CLK_ADC] 0.000 [get_ports -quiet {EVENT_VALID EVENT_DATA* EVENT_LAST EVENT_CHUNK_ID* EVENT_TIMESTAMP* EVENT_SCORE* RING_MISS_COUNT* CHUNK_OVERFLOW}]
/home/work1/Works/AI-Trigger-System/HDL/constraints/ai_trigger_ooc.xdc (Line: 25)
Related violations: <none>

XDCH-2#1572 Warning
Same min and max delay values on IO port  
The same output delay of 0.000 ns has been defined on port 'EVENT_DATA[703]' relative to clock CLK_ADC for both max and min. Make sure this reflects the design intent.
set_output_delay -clock [get_clocks CLK_ADC] 0.000 [get_ports -quiet {EVENT_VALID EVENT_DATA* EVENT_LAST EVENT_CHUNK_ID* EVENT_TIMESTAMP* EVENT_SCORE* RING_MISS_COUNT* CHUNK_OVERFLOW}]
/home/work1/Works/AI-Trigger-System/HDL/constraints/ai_trigger_ooc.xdc (Line: 25)
Related violations: <none>

XDCH-2#1573 Warning
Same min and max delay values on IO port  
The same output delay of 0.000 ns has been defined on port 'EVENT_DATA[704]' relative to clock CLK_ADC for both max and min. Make sure this reflects the design intent.
set_output_delay -clock [get_clocks CLK_ADC] 0.000 [get_ports -quiet {EVENT_VALID EVENT_DATA* EVENT_LAST EVENT_CHUNK_ID* EVENT_TIMESTAMP* EVENT_SCORE* RING_MISS_COUNT* CHUNK_OVERFLOW}]
/home/work1/Works/AI-Trigger-System/HDL/constraints/ai_trigger_ooc.xdc (Line: 25)
Related violations: <none>

XDCH-2#1574 Warning
Same min and max delay values on IO port  
The same output delay of 0.000 ns has been defined on port 'EVENT_DATA[705]' relative to clock CLK_ADC for both max and min. Make sure this reflects the design intent.
set_output_delay -clock [get_clocks CLK_ADC] 0.000 [get_ports -quiet {EVENT_VALID EVENT_DATA* EVENT_LAST EVENT_CHUNK_ID* EVENT_TIMESTAMP* EVENT_SCORE* RING_MISS_COUNT* CHUNK_OVERFLOW}]
/home/work1/Works/AI-Trigger-System/HDL/constraints/ai_trigger_ooc.xdc (Line: 25)
Related violations: <none>

XDCH-2#1575 Warning
Same min and max delay values on IO port  
The same output delay of 0.000 ns has been defined on port 'EVENT_DATA[706]' relative to clock CLK_ADC for both max and min. Make sure this reflects the design intent.
set_output_delay -clock [get_clocks CLK_ADC] 0.000 [get_ports -quiet {EVENT_VALID EVENT_DATA* EVENT_LAST EVENT_CHUNK_ID* EVENT_TIMESTAMP* EVENT_SCORE* RING_MISS_COUNT* CHUNK_OVERFLOW}]
/home/work1/Works/AI-Trigger-System/HDL/constraints/ai_trigger_ooc.xdc (Line: 25)
Related violations: <none>

XDCH-2#1576 Warning
Same min and max delay values on IO port  
The same output delay of 0.000 ns has been defined on port 'EVENT_DATA[707]' relative to clock CLK_ADC for both max and min. Make sure this reflects the design intent.
set_output_delay -clock [get_clocks CLK_ADC] 0.000 [get_ports -quiet {EVENT_VALID EVENT_DATA* EVENT_LAST EVENT_CHUNK_ID* EVENT_TIMESTAMP* EVENT_SCORE* RING_MISS_COUNT* CHUNK_OVERFLOW}]
/home/work1/Works/AI-Trigger-System/HDL/constraints/ai_trigger_ooc.xdc (Line: 25)
Related violations: <none>

XDCH-2#1577 Warning
Same min and max delay values on IO port  
The same output delay of 0.000 ns has been defined on port 'EVENT_DATA[708]' relative to clock CLK_ADC for both max and min. Make sure this reflects the design intent.
set_output_delay -clock [get_clocks CLK_ADC] 0.000 [get_ports -quiet {EVENT_VALID EVENT_DATA* EVENT_LAST EVENT_CHUNK_ID* EVENT_TIMESTAMP* EVENT_SCORE* RING_MISS_COUNT* CHUNK_OVERFLOW}]
/home/work1/Works/AI-Trigger-System/HDL/constraints/ai_trigger_ooc.xdc (Line: 25)
Related violations: <none>

XDCH-2#1578 Warning
Same min and max delay values on IO port  
The same output delay of 0.000 ns has been defined on port 'EVENT_DATA[709]' relative to clock CLK_ADC for both max and min. Make sure this reflects the design intent.
set_output_delay -clock [get_clocks CLK_ADC] 0.000 [get_ports -quiet {EVENT_VALID EVENT_DATA* EVENT_LAST EVENT_CHUNK_ID* EVENT_TIMESTAMP* EVENT_SCORE* RING_MISS_COUNT* CHUNK_OVERFLOW}]
/home/work1/Works/AI-Trigger-System/HDL/constraints/ai_trigger_ooc.xdc (Line: 25)
Related violations: <none>

XDCH-2#1579 Warning
Same min and max delay values on IO port  
The same output delay of 0.000 ns has been defined on port 'EVENT_DATA[70]' relative to clock CLK_ADC for both max and min. Make sure this reflects the design intent.
set_output_delay -clock [get_clocks CLK_ADC] 0.000 [get_ports -quiet {EVENT_VALID EVENT_DATA* EVENT_LAST EVENT_CHUNK_ID* EVENT_TIMESTAMP* EVENT_SCORE* RING_MISS_COUNT* CHUNK_OVERFLOW}]
/home/work1/Works/AI-Trigger-System/HDL/constraints/ai_trigger_ooc.xdc (Line: 25)
Related violations: <none>

XDCH-2#1580 Warning
Same min and max delay values on IO port  
The same output delay of 0.000 ns has been defined on port 'EVENT_DATA[710]' relative to clock CLK_ADC for both max and min. Make sure this reflects the design intent.
set_output_delay -clock [get_clocks CLK_ADC] 0.000 [get_ports -quiet {EVENT_VALID EVENT_DATA* EVENT_LAST EVENT_CHUNK_ID* EVENT_TIMESTAMP* EVENT_SCORE* RING_MISS_COUNT* CHUNK_OVERFLOW}]
/home/work1/Works/AI-Trigger-System/HDL/constraints/ai_trigger_ooc.xdc (Line: 25)
Related violations: <none>

XDCH-2#1581 Warning
Same min and max delay values on IO port  
The same output delay of 0.000 ns has been defined on port 'EVENT_DATA[711]' relative to clock CLK_ADC for both max and min. Make sure this reflects the design intent.
set_output_delay -clock [get_clocks CLK_ADC] 0.000 [get_ports -quiet {EVENT_VALID EVENT_DATA* EVENT_LAST EVENT_CHUNK_ID* EVENT_TIMESTAMP* EVENT_SCORE* RING_MISS_COUNT* CHUNK_OVERFLOW}]
/home/work1/Works/AI-Trigger-System/HDL/constraints/ai_trigger_ooc.xdc (Line: 25)
Related violations: <none>

XDCH-2#1582 Warning
Same min and max delay values on IO port  
The same output delay of 0.000 ns has been defined on port 'EVENT_DATA[712]' relative to clock CLK_ADC for both max and min. Make sure this reflects the design intent.
set_output_delay -clock [get_clocks CLK_ADC] 0.000 [get_ports -quiet {EVENT_VALID EVENT_DATA* EVENT_LAST EVENT_CHUNK_ID* EVENT_TIMESTAMP* EVENT_SCORE* RING_MISS_COUNT* CHUNK_OVERFLOW}]
/home/work1/Works/AI-Trigger-System/HDL/constraints/ai_trigger_ooc.xdc (Line: 25)
Related violations: <none>

XDCH-2#1583 Warning
Same min and max delay values on IO port  
The same output delay of 0.000 ns has been defined on port 'EVENT_DATA[713]' relative to clock CLK_ADC for both max and min. Make sure this reflects the design intent.
set_output_delay -clock [get_clocks CLK_ADC] 0.000 [get_ports -quiet {EVENT_VALID EVENT_DATA* EVENT_LAST EVENT_CHUNK_ID* EVENT_TIMESTAMP* EVENT_SCORE* RING_MISS_COUNT* CHUNK_OVERFLOW}]
/home/work1/Works/AI-Trigger-System/HDL/constraints/ai_trigger_ooc.xdc (Line: 25)
Related violations: <none>

XDCH-2#1584 Warning
Same min and max delay values on IO port  
The same output delay of 0.000 ns has been defined on port 'EVENT_DATA[714]' relative to clock CLK_ADC for both max and min. Make sure this reflects the design intent.
set_output_delay -clock [get_clocks CLK_ADC] 0.000 [get_ports -quiet {EVENT_VALID EVENT_DATA* EVENT_LAST EVENT_CHUNK_ID* EVENT_TIMESTAMP* EVENT_SCORE* RING_MISS_COUNT* CHUNK_OVERFLOW}]
/home/work1/Works/AI-Trigger-System/HDL/constraints/ai_trigger_ooc.xdc (Line: 25)
Related violations: <none>

XDCH-2#1585 Warning
Same min and max delay values on IO port  
The same output delay of 0.000 ns has been defined on port 'EVENT_DATA[715]' relative to clock CLK_ADC for both max and min. Make sure this reflects the design intent.
set_output_delay -clock [get_clocks CLK_ADC] 0.000 [get_ports -quiet {EVENT_VALID EVENT_DATA* EVENT_LAST EVENT_CHUNK_ID* EVENT_TIMESTAMP* EVENT_SCORE* RING_MISS_COUNT* CHUNK_OVERFLOW}]
/home/work1/Works/AI-Trigger-System/HDL/constraints/ai_trigger_ooc.xdc (Line: 25)
Related violations: <none>

XDCH-2#1586 Warning
Same min and max delay values on IO port  
The same output delay of 0.000 ns has been defined on port 'EVENT_DATA[716]' relative to clock CLK_ADC for both max and min. Make sure this reflects the design intent.
set_output_delay -clock [get_clocks CLK_ADC] 0.000 [get_ports -quiet {EVENT_VALID EVENT_DATA* EVENT_LAST EVENT_CHUNK_ID* EVENT_TIMESTAMP* EVENT_SCORE* RING_MISS_COUNT* CHUNK_OVERFLOW}]
/home/work1/Works/AI-Trigger-System/HDL/constraints/ai_trigger_ooc.xdc (Line: 25)
Related violations: <none>

XDCH-2#1587 Warning
Same min and max delay values on IO port  
The same output delay of 0.000 ns has been defined on port 'EVENT_DATA[717]' relative to clock CLK_ADC for both max and min. Make sure this reflects the design intent.
set_output_delay -clock [get_clocks CLK_ADC] 0.000 [get_ports -quiet {EVENT_VALID EVENT_DATA* EVENT_LAST EVENT_CHUNK_ID* EVENT_TIMESTAMP* EVENT_SCORE* RING_MISS_COUNT* CHUNK_OVERFLOW}]
/home/work1/Works/AI-Trigger-System/HDL/constraints/ai_trigger_ooc.xdc (Line: 25)
Related violations: <none>

XDCH-2#1588 Warning
Same min and max delay values on IO port  
The same output delay of 0.000 ns has been defined on port 'EVENT_DATA[718]' relative to clock CLK_ADC for both max and min. Make sure this reflects the design intent.
set_output_delay -clock [get_clocks CLK_ADC] 0.000 [get_ports -quiet {EVENT_VALID EVENT_DATA* EVENT_LAST EVENT_CHUNK_ID* EVENT_TIMESTAMP* EVENT_SCORE* RING_MISS_COUNT* CHUNK_OVERFLOW}]
/home/work1/Works/AI-Trigger-System/HDL/constraints/ai_trigger_ooc.xdc (Line: 25)
Related violations: <none>

XDCH-2#1589 Warning
Same min and max delay values on IO port  
The same output delay of 0.000 ns has been defined on port 'EVENT_DATA[719]' relative to clock CLK_ADC for both max and min. Make sure this reflects the design intent.
set_output_delay -clock [get_clocks CLK_ADC] 0.000 [get_ports -quiet {EVENT_VALID EVENT_DATA* EVENT_LAST EVENT_CHUNK_ID* EVENT_TIMESTAMP* EVENT_SCORE* RING_MISS_COUNT* CHUNK_OVERFLOW}]
/home/work1/Works/AI-Trigger-System/HDL/constraints/ai_trigger_ooc.xdc (Line: 25)
Related violations: <none>

XDCH-2#1590 Warning
Same min and max delay values on IO port  
The same output delay of 0.000 ns has been defined on port 'EVENT_DATA[71]' relative to clock CLK_ADC for both max and min. Make sure this reflects the design intent.
set_output_delay -clock [get_clocks CLK_ADC] 0.000 [get_ports -quiet {EVENT_VALID EVENT_DATA* EVENT_LAST EVENT_CHUNK_ID* EVENT_TIMESTAMP* EVENT_SCORE* RING_MISS_COUNT* CHUNK_OVERFLOW}]
/home/work1/Works/AI-Trigger-System/HDL/constraints/ai_trigger_ooc.xdc (Line: 25)
Related violations: <none>

XDCH-2#1591 Warning
Same min and max delay values on IO port  
The same output delay of 0.000 ns has been defined on port 'EVENT_DATA[720]' relative to clock CLK_ADC for both max and min. Make sure this reflects the design intent.
set_output_delay -clock [get_clocks CLK_ADC] 0.000 [get_ports -quiet {EVENT_VALID EVENT_DATA* EVENT_LAST EVENT_CHUNK_ID* EVENT_TIMESTAMP* EVENT_SCORE* RING_MISS_COUNT* CHUNK_OVERFLOW}]
/home/work1/Works/AI-Trigger-System/HDL/constraints/ai_trigger_ooc.xdc (Line: 25)
Related violations: <none>

XDCH-2#1592 Warning
Same min and max delay values on IO port  
The same output delay of 0.000 ns has been defined on port 'EVENT_DATA[721]' relative to clock CLK_ADC for both max and min. Make sure this reflects the design intent.
set_output_delay -clock [get_clocks CLK_ADC] 0.000 [get_ports -quiet {EVENT_VALID EVENT_DATA* EVENT_LAST EVENT_CHUNK_ID* EVENT_TIMESTAMP* EVENT_SCORE* RING_MISS_COUNT* CHUNK_OVERFLOW}]
/home/work1/Works/AI-Trigger-System/HDL/constraints/ai_trigger_ooc.xdc (Line: 25)
Related violations: <none>

XDCH-2#1593 Warning
Same min and max delay values on IO port  
The same output delay of 0.000 ns has been defined on port 'EVENT_DATA[722]' relative to clock CLK_ADC for both max and min. Make sure this reflects the design intent.
set_output_delay -clock [get_clocks CLK_ADC] 0.000 [get_ports -quiet {EVENT_VALID EVENT_DATA* EVENT_LAST EVENT_CHUNK_ID* EVENT_TIMESTAMP* EVENT_SCORE* RING_MISS_COUNT* CHUNK_OVERFLOW}]
/home/work1/Works/AI-Trigger-System/HDL/constraints/ai_trigger_ooc.xdc (Line: 25)
Related violations: <none>

XDCH-2#1594 Warning
Same min and max delay values on IO port  
The same output delay of 0.000 ns has been defined on port 'EVENT_DATA[723]' relative to clock CLK_ADC for both max and min. Make sure this reflects the design intent.
set_output_delay -clock [get_clocks CLK_ADC] 0.000 [get_ports -quiet {EVENT_VALID EVENT_DATA* EVENT_LAST EVENT_CHUNK_ID* EVENT_TIMESTAMP* EVENT_SCORE* RING_MISS_COUNT* CHUNK_OVERFLOW}]
/home/work1/Works/AI-Trigger-System/HDL/constraints/ai_trigger_ooc.xdc (Line: 25)
Related violations: <none>

XDCH-2#1595 Warning
Same min and max delay values on IO port  
The same output delay of 0.000 ns has been defined on port 'EVENT_DATA[724]' relative to clock CLK_ADC for both max and min. Make sure this reflects the design intent.
set_output_delay -clock [get_clocks CLK_ADC] 0.000 [get_ports -quiet {EVENT_VALID EVENT_DATA* EVENT_LAST EVENT_CHUNK_ID* EVENT_TIMESTAMP* EVENT_SCORE* RING_MISS_COUNT* CHUNK_OVERFLOW}]
/home/work1/Works/AI-Trigger-System/HDL/constraints/ai_trigger_ooc.xdc (Line: 25)
Related violations: <none>

XDCH-2#1596 Warning
Same min and max delay values on IO port  
The same output delay of 0.000 ns has been defined on port 'EVENT_DATA[725]' relative to clock CLK_ADC for both max and min. Make sure this reflects the design intent.
set_output_delay -clock [get_clocks CLK_ADC] 0.000 [get_ports -quiet {EVENT_VALID EVENT_DATA* EVENT_LAST EVENT_CHUNK_ID* EVENT_TIMESTAMP* EVENT_SCORE* RING_MISS_COUNT* CHUNK_OVERFLOW}]
/home/work1/Works/AI-Trigger-System/HDL/constraints/ai_trigger_ooc.xdc (Line: 25)
Related violations: <none>

XDCH-2#1597 Warning
Same min and max delay values on IO port  
The same output delay of 0.000 ns has been defined on port 'EVENT_DATA[726]' relative to clock CLK_ADC for both max and min. Make sure this reflects the design intent.
set_output_delay -clock [get_clocks CLK_ADC] 0.000 [get_ports -quiet {EVENT_VALID EVENT_DATA* EVENT_LAST EVENT_CHUNK_ID* EVENT_TIMESTAMP* EVENT_SCORE* RING_MISS_COUNT* CHUNK_OVERFLOW}]
/home/work1/Works/AI-Trigger-System/HDL/constraints/ai_trigger_ooc.xdc (Line: 25)
Related violations: <none>

XDCH-2#1598 Warning
Same min and max delay values on IO port  
The same output delay of 0.000 ns has been defined on port 'EVENT_DATA[727]' relative to clock CLK_ADC for both max and min. Make sure this reflects the design intent.
set_output_delay -clock [get_clocks CLK_ADC] 0.000 [get_ports -quiet {EVENT_VALID EVENT_DATA* EVENT_LAST EVENT_CHUNK_ID* EVENT_TIMESTAMP* EVENT_SCORE* RING_MISS_COUNT* CHUNK_OVERFLOW}]
/home/work1/Works/AI-Trigger-System/HDL/constraints/ai_trigger_ooc.xdc (Line: 25)
Related violations: <none>

XDCH-2#1599 Warning
Same min and max delay values on IO port  
The same output delay of 0.000 ns has been defined on port 'EVENT_DATA[728]' relative to clock CLK_ADC for both max and min. Make sure this reflects the design intent.
set_output_delay -clock [get_clocks CLK_ADC] 0.000 [get_ports -quiet {EVENT_VALID EVENT_DATA* EVENT_LAST EVENT_CHUNK_ID* EVENT_TIMESTAMP* EVENT_SCORE* RING_MISS_COUNT* CHUNK_OVERFLOW}]
/home/work1/Works/AI-Trigger-System/HDL/constraints/ai_trigger_ooc.xdc (Line: 25)
Related violations: <none>

XDCH-2#1600 Warning
Same min and max delay values on IO port  
The same output delay of 0.000 ns has been defined on port 'EVENT_DATA[729]' relative to clock CLK_ADC for both max and min. Make sure this reflects the design intent.
set_output_delay -clock [get_clocks CLK_ADC] 0.000 [get_ports -quiet {EVENT_VALID EVENT_DATA* EVENT_LAST EVENT_CHUNK_ID* EVENT_TIMESTAMP* EVENT_SCORE* RING_MISS_COUNT* CHUNK_OVERFLOW}]
/home/work1/Works/AI-Trigger-System/HDL/constraints/ai_trigger_ooc.xdc (Line: 25)
Related violations: <none>

XDCH-2#1601 Warning
Same min and max delay values on IO port  
The same output delay of 0.000 ns has been defined on port 'EVENT_DATA[72]' relative to clock CLK_ADC for both max and min. Make sure this reflects the design intent.
set_output_delay -clock [get_clocks CLK_ADC] 0.000 [get_ports -quiet {EVENT_VALID EVENT_DATA* EVENT_LAST EVENT_CHUNK_ID* EVENT_TIMESTAMP* EVENT_SCORE* RING_MISS_COUNT* CHUNK_OVERFLOW}]
/home/work1/Works/AI-Trigger-System/HDL/constraints/ai_trigger_ooc.xdc (Line: 25)
Related violations: <none>

XDCH-2#1602 Warning
Same min and max delay values on IO port  
The same output delay of 0.000 ns has been defined on port 'EVENT_DATA[730]' relative to clock CLK_ADC for both max and min. Make sure this reflects the design intent.
set_output_delay -clock [get_clocks CLK_ADC] 0.000 [get_ports -quiet {EVENT_VALID EVENT_DATA* EVENT_LAST EVENT_CHUNK_ID* EVENT_TIMESTAMP* EVENT_SCORE* RING_MISS_COUNT* CHUNK_OVERFLOW}]
/home/work1/Works/AI-Trigger-System/HDL/constraints/ai_trigger_ooc.xdc (Line: 25)
Related violations: <none>

XDCH-2#1603 Warning
Same min and max delay values on IO port  
The same output delay of 0.000 ns has been defined on port 'EVENT_DATA[731]' relative to clock CLK_ADC for both max and min. Make sure this reflects the design intent.
set_output_delay -clock [get_clocks CLK_ADC] 0.000 [get_ports -quiet {EVENT_VALID EVENT_DATA* EVENT_LAST EVENT_CHUNK_ID* EVENT_TIMESTAMP* EVENT_SCORE* RING_MISS_COUNT* CHUNK_OVERFLOW}]
/home/work1/Works/AI-Trigger-System/HDL/constraints/ai_trigger_ooc.xdc (Line: 25)
Related violations: <none>

XDCH-2#1604 Warning
Same min and max delay values on IO port  
The same output delay of 0.000 ns has been defined on port 'EVENT_DATA[732]' relative to clock CLK_ADC for both max and min. Make sure this reflects the design intent.
set_output_delay -clock [get_clocks CLK_ADC] 0.000 [get_ports -quiet {EVENT_VALID EVENT_DATA* EVENT_LAST EVENT_CHUNK_ID* EVENT_TIMESTAMP* EVENT_SCORE* RING_MISS_COUNT* CHUNK_OVERFLOW}]
/home/work1/Works/AI-Trigger-System/HDL/constraints/ai_trigger_ooc.xdc (Line: 25)
Related violations: <none>

XDCH-2#1605 Warning
Same min and max delay values on IO port  
The same output delay of 0.000 ns has been defined on port 'EVENT_DATA[733]' relative to clock CLK_ADC for both max and min. Make sure this reflects the design intent.
set_output_delay -clock [get_clocks CLK_ADC] 0.000 [get_ports -quiet {EVENT_VALID EVENT_DATA* EVENT_LAST EVENT_CHUNK_ID* EVENT_TIMESTAMP* EVENT_SCORE* RING_MISS_COUNT* CHUNK_OVERFLOW}]
/home/work1/Works/AI-Trigger-System/HDL/constraints/ai_trigger_ooc.xdc (Line: 25)
Related violations: <none>

XDCH-2#1606 Warning
Same min and max delay values on IO port  
The same output delay of 0.000 ns has been defined on port 'EVENT_DATA[734]' relative to clock CLK_ADC for both max and min. Make sure this reflects the design intent.
set_output_delay -clock [get_clocks CLK_ADC] 0.000 [get_ports -quiet {EVENT_VALID EVENT_DATA* EVENT_LAST EVENT_CHUNK_ID* EVENT_TIMESTAMP* EVENT_SCORE* RING_MISS_COUNT* CHUNK_OVERFLOW}]
/home/work1/Works/AI-Trigger-System/HDL/constraints/ai_trigger_ooc.xdc (Line: 25)
Related violations: <none>

XDCH-2#1607 Warning
Same min and max delay values on IO port  
The same output delay of 0.000 ns has been defined on port 'EVENT_DATA[735]' relative to clock CLK_ADC for both max and min. Make sure this reflects the design intent.
set_output_delay -clock [get_clocks CLK_ADC] 0.000 [get_ports -quiet {EVENT_VALID EVENT_DATA* EVENT_LAST EVENT_CHUNK_ID* EVENT_TIMESTAMP* EVENT_SCORE* RING_MISS_COUNT* CHUNK_OVERFLOW}]
/home/work1/Works/AI-Trigger-System/HDL/constraints/ai_trigger_ooc.xdc (Line: 25)
Related violations: <none>

XDCH-2#1608 Warning
Same min and max delay values on IO port  
The same output delay of 0.000 ns has been defined on port 'EVENT_DATA[736]' relative to clock CLK_ADC for both max and min. Make sure this reflects the design intent.
set_output_delay -clock [get_clocks CLK_ADC] 0.000 [get_ports -quiet {EVENT_VALID EVENT_DATA* EVENT_LAST EVENT_CHUNK_ID* EVENT_TIMESTAMP* EVENT_SCORE* RING_MISS_COUNT* CHUNK_OVERFLOW}]
/home/work1/Works/AI-Trigger-System/HDL/constraints/ai_trigger_ooc.xdc (Line: 25)
Related violations: <none>

XDCH-2#1609 Warning
Same min and max delay values on IO port  
The same output delay of 0.000 ns has been defined on port 'EVENT_DATA[737]' relative to clock CLK_ADC for both max and min. Make sure this reflects the design intent.
set_output_delay -clock [get_clocks CLK_ADC] 0.000 [get_ports -quiet {EVENT_VALID EVENT_DATA* EVENT_LAST EVENT_CHUNK_ID* EVENT_TIMESTAMP* EVENT_SCORE* RING_MISS_COUNT* CHUNK_OVERFLOW}]
/home/work1/Works/AI-Trigger-System/HDL/constraints/ai_trigger_ooc.xdc (Line: 25)
Related violations: <none>

XDCH-2#1610 Warning
Same min and max delay values on IO port  
The same output delay of 0.000 ns has been defined on port 'EVENT_DATA[738]' relative to clock CLK_ADC for both max and min. Make sure this reflects the design intent.
set_output_delay -clock [get_clocks CLK_ADC] 0.000 [get_ports -quiet {EVENT_VALID EVENT_DATA* EVENT_LAST EVENT_CHUNK_ID* EVENT_TIMESTAMP* EVENT_SCORE* RING_MISS_COUNT* CHUNK_OVERFLOW}]
/home/work1/Works/AI-Trigger-System/HDL/constraints/ai_trigger_ooc.xdc (Line: 25)
Related violations: <none>

XDCH-2#1611 Warning
Same min and max delay values on IO port  
The same output delay of 0.000 ns has been defined on port 'EVENT_DATA[739]' relative to clock CLK_ADC for both max and min. Make sure this reflects the design intent.
set_output_delay -clock [get_clocks CLK_ADC] 0.000 [get_ports -quiet {EVENT_VALID EVENT_DATA* EVENT_LAST EVENT_CHUNK_ID* EVENT_TIMESTAMP* EVENT_SCORE* RING_MISS_COUNT* CHUNK_OVERFLOW}]
/home/work1/Works/AI-Trigger-System/HDL/constraints/ai_trigger_ooc.xdc (Line: 25)
Related violations: <none>

XDCH-2#1612 Warning
Same min and max delay values on IO port  
The same output delay of 0.000 ns has been defined on port 'EVENT_DATA[73]' relative to clock CLK_ADC for both max and min. Make sure this reflects the design intent.
set_output_delay -clock [get_clocks CLK_ADC] 0.000 [get_ports -quiet {EVENT_VALID EVENT_DATA* EVENT_LAST EVENT_CHUNK_ID* EVENT_TIMESTAMP* EVENT_SCORE* RING_MISS_COUNT* CHUNK_OVERFLOW}]
/home/work1/Works/AI-Trigger-System/HDL/constraints/ai_trigger_ooc.xdc (Line: 25)
Related violations: <none>

XDCH-2#1613 Warning
Same min and max delay values on IO port  
The same output delay of 0.000 ns has been defined on port 'EVENT_DATA[740]' relative to clock CLK_ADC for both max and min. Make sure this reflects the design intent.
set_output_delay -clock [get_clocks CLK_ADC] 0.000 [get_ports -quiet {EVENT_VALID EVENT_DATA* EVENT_LAST EVENT_CHUNK_ID* EVENT_TIMESTAMP* EVENT_SCORE* RING_MISS_COUNT* CHUNK_OVERFLOW}]
/home/work1/Works/AI-Trigger-System/HDL/constraints/ai_trigger_ooc.xdc (Line: 25)
Related violations: <none>

XDCH-2#1614 Warning
Same min and max delay values on IO port  
The same output delay of 0.000 ns has been defined on port 'EVENT_DATA[741]' relative to clock CLK_ADC for both max and min. Make sure this reflects the design intent.
set_output_delay -clock [get_clocks CLK_ADC] 0.000 [get_ports -quiet {EVENT_VALID EVENT_DATA* EVENT_LAST EVENT_CHUNK_ID* EVENT_TIMESTAMP* EVENT_SCORE* RING_MISS_COUNT* CHUNK_OVERFLOW}]
/home/work1/Works/AI-Trigger-System/HDL/constraints/ai_trigger_ooc.xdc (Line: 25)
Related violations: <none>

XDCH-2#1615 Warning
Same min and max delay values on IO port  
The same output delay of 0.000 ns has been defined on port 'EVENT_DATA[742]' relative to clock CLK_ADC for both max and min. Make sure this reflects the design intent.
set_output_delay -clock [get_clocks CLK_ADC] 0.000 [get_ports -quiet {EVENT_VALID EVENT_DATA* EVENT_LAST EVENT_CHUNK_ID* EVENT_TIMESTAMP* EVENT_SCORE* RING_MISS_COUNT* CHUNK_OVERFLOW}]
/home/work1/Works/AI-Trigger-System/HDL/constraints/ai_trigger_ooc.xdc (Line: 25)
Related violations: <none>

XDCH-2#1616 Warning
Same min and max delay values on IO port  
The same output delay of 0.000 ns has been defined on port 'EVENT_DATA[743]' relative to clock CLK_ADC for both max and min. Make sure this reflects the design intent.
set_output_delay -clock [get_clocks CLK_ADC] 0.000 [get_ports -quiet {EVENT_VALID EVENT_DATA* EVENT_LAST EVENT_CHUNK_ID* EVENT_TIMESTAMP* EVENT_SCORE* RING_MISS_COUNT* CHUNK_OVERFLOW}]
/home/work1/Works/AI-Trigger-System/HDL/constraints/ai_trigger_ooc.xdc (Line: 25)
Related violations: <none>

XDCH-2#1617 Warning
Same min and max delay values on IO port  
The same output delay of 0.000 ns has been defined on port 'EVENT_DATA[744]' relative to clock CLK_ADC for both max and min. Make sure this reflects the design intent.
set_output_delay -clock [get_clocks CLK_ADC] 0.000 [get_ports -quiet {EVENT_VALID EVENT_DATA* EVENT_LAST EVENT_CHUNK_ID* EVENT_TIMESTAMP* EVENT_SCORE* RING_MISS_COUNT* CHUNK_OVERFLOW}]
/home/work1/Works/AI-Trigger-System/HDL/constraints/ai_trigger_ooc.xdc (Line: 25)
Related violations: <none>

XDCH-2#1618 Warning
Same min and max delay values on IO port  
The same output delay of 0.000 ns has been defined on port 'EVENT_DATA[745]' relative to clock CLK_ADC for both max and min. Make sure this reflects the design intent.
set_output_delay -clock [get_clocks CLK_ADC] 0.000 [get_ports -quiet {EVENT_VALID EVENT_DATA* EVENT_LAST EVENT_CHUNK_ID* EVENT_TIMESTAMP* EVENT_SCORE* RING_MISS_COUNT* CHUNK_OVERFLOW}]
/home/work1/Works/AI-Trigger-System/HDL/constraints/ai_trigger_ooc.xdc (Line: 25)
Related violations: <none>

XDCH-2#1619 Warning
Same min and max delay values on IO port  
The same output delay of 0.000 ns has been defined on port 'EVENT_DATA[746]' relative to clock CLK_ADC for both max and min. Make sure this reflects the design intent.
set_output_delay -clock [get_clocks CLK_ADC] 0.000 [get_ports -quiet {EVENT_VALID EVENT_DATA* EVENT_LAST EVENT_CHUNK_ID* EVENT_TIMESTAMP* EVENT_SCORE* RING_MISS_COUNT* CHUNK_OVERFLOW}]
/home/work1/Works/AI-Trigger-System/HDL/constraints/ai_trigger_ooc.xdc (Line: 25)
Related violations: <none>

XDCH-2#1620 Warning
Same min and max delay values on IO port  
The same output delay of 0.000 ns has been defined on port 'EVENT_DATA[747]' relative to clock CLK_ADC for both max and min. Make sure this reflects the design intent.
set_output_delay -clock [get_clocks CLK_ADC] 0.000 [get_ports -quiet {EVENT_VALID EVENT_DATA* EVENT_LAST EVENT_CHUNK_ID* EVENT_TIMESTAMP* EVENT_SCORE* RING_MISS_COUNT* CHUNK_OVERFLOW}]
/home/work1/Works/AI-Trigger-System/HDL/constraints/ai_trigger_ooc.xdc (Line: 25)
Related violations: <none>

XDCH-2#1621 Warning
Same min and max delay values on IO port  
The same output delay of 0.000 ns has been defined on port 'EVENT_DATA[748]' relative to clock CLK_ADC for both max and min. Make sure this reflects the design intent.
set_output_delay -clock [get_clocks CLK_ADC] 0.000 [get_ports -quiet {EVENT_VALID EVENT_DATA* EVENT_LAST EVENT_CHUNK_ID* EVENT_TIMESTAMP* EVENT_SCORE* RING_MISS_COUNT* CHUNK_OVERFLOW}]
/home/work1/Works/AI-Trigger-System/HDL/constraints/ai_trigger_ooc.xdc (Line: 25)
Related violations: <none>

XDCH-2#1622 Warning
Same min and max delay values on IO port  
The same output delay of 0.000 ns has been defined on port 'EVENT_DATA[749]' relative to clock CLK_ADC for both max and min. Make sure this reflects the design intent.
set_output_delay -clock [get_clocks CLK_ADC] 0.000 [get_ports -quiet {EVENT_VALID EVENT_DATA* EVENT_LAST EVENT_CHUNK_ID* EVENT_TIMESTAMP* EVENT_SCORE* RING_MISS_COUNT* CHUNK_OVERFLOW}]
/home/work1/Works/AI-Trigger-System/HDL/constraints/ai_trigger_ooc.xdc (Line: 25)
Related violations: <none>

XDCH-2#1623 Warning
Same min and max delay values on IO port  
The same output delay of 0.000 ns has been defined on port 'EVENT_DATA[74]' relative to clock CLK_ADC for both max and min. Make sure this reflects the design intent.
set_output_delay -clock [get_clocks CLK_ADC] 0.000 [get_ports -quiet {EVENT_VALID EVENT_DATA* EVENT_LAST EVENT_CHUNK_ID* EVENT_TIMESTAMP* EVENT_SCORE* RING_MISS_COUNT* CHUNK_OVERFLOW}]
/home/work1/Works/AI-Trigger-System/HDL/constraints/ai_trigger_ooc.xdc (Line: 25)
Related violations: <none>

XDCH-2#1624 Warning
Same min and max delay values on IO port  
The same output delay of 0.000 ns has been defined on port 'EVENT_DATA[750]' relative to clock CLK_ADC for both max and min. Make sure this reflects the design intent.
set_output_delay -clock [get_clocks CLK_ADC] 0.000 [get_ports -quiet {EVENT_VALID EVENT_DATA* EVENT_LAST EVENT_CHUNK_ID* EVENT_TIMESTAMP* EVENT_SCORE* RING_MISS_COUNT* CHUNK_OVERFLOW}]
/home/work1/Works/AI-Trigger-System/HDL/constraints/ai_trigger_ooc.xdc (Line: 25)
Related violations: <none>

XDCH-2#1625 Warning
Same min and max delay values on IO port  
The same output delay of 0.000 ns has been defined on port 'EVENT_DATA[751]' relative to clock CLK_ADC for both max and min. Make sure this reflects the design intent.
set_output_delay -clock [get_clocks CLK_ADC] 0.000 [get_ports -quiet {EVENT_VALID EVENT_DATA* EVENT_LAST EVENT_CHUNK_ID* EVENT_TIMESTAMP* EVENT_SCORE* RING_MISS_COUNT* CHUNK_OVERFLOW}]
/home/work1/Works/AI-Trigger-System/HDL/constraints/ai_trigger_ooc.xdc (Line: 25)
Related violations: <none>

XDCH-2#1626 Warning
Same min and max delay values on IO port  
The same output delay of 0.000 ns has been defined on port 'EVENT_DATA[752]' relative to clock CLK_ADC for both max and min. Make sure this reflects the design intent.
set_output_delay -clock [get_clocks CLK_ADC] 0.000 [get_ports -quiet {EVENT_VALID EVENT_DATA* EVENT_LAST EVENT_CHUNK_ID* EVENT_TIMESTAMP* EVENT_SCORE* RING_MISS_COUNT* CHUNK_OVERFLOW}]
/home/work1/Works/AI-Trigger-System/HDL/constraints/ai_trigger_ooc.xdc (Line: 25)
Related violations: <none>

XDCH-2#1627 Warning
Same min and max delay values on IO port  
The same output delay of 0.000 ns has been defined on port 'EVENT_DATA[753]' relative to clock CLK_ADC for both max and min. Make sure this reflects the design intent.
set_output_delay -clock [get_clocks CLK_ADC] 0.000 [get_ports -quiet {EVENT_VALID EVENT_DATA* EVENT_LAST EVENT_CHUNK_ID* EVENT_TIMESTAMP* EVENT_SCORE* RING_MISS_COUNT* CHUNK_OVERFLOW}]
/home/work1/Works/AI-Trigger-System/HDL/constraints/ai_trigger_ooc.xdc (Line: 25)
Related violations: <none>

XDCH-2#1628 Warning
Same min and max delay values on IO port  
The same output delay of 0.000 ns has been defined on port 'EVENT_DATA[754]' relative to clock CLK_ADC for both max and min. Make sure this reflects the design intent.
set_output_delay -clock [get_clocks CLK_ADC] 0.000 [get_ports -quiet {EVENT_VALID EVENT_DATA* EVENT_LAST EVENT_CHUNK_ID* EVENT_TIMESTAMP* EVENT_SCORE* RING_MISS_COUNT* CHUNK_OVERFLOW}]
/home/work1/Works/AI-Trigger-System/HDL/constraints/ai_trigger_ooc.xdc (Line: 25)
Related violations: <none>

XDCH-2#1629 Warning
Same min and max delay values on IO port  
The same output delay of 0.000 ns has been defined on port 'EVENT_DATA[755]' relative to clock CLK_ADC for both max and min. Make sure this reflects the design intent.
set_output_delay -clock [get_clocks CLK_ADC] 0.000 [get_ports -quiet {EVENT_VALID EVENT_DATA* EVENT_LAST EVENT_CHUNK_ID* EVENT_TIMESTAMP* EVENT_SCORE* RING_MISS_COUNT* CHUNK_OVERFLOW}]
/home/work1/Works/AI-Trigger-System/HDL/constraints/ai_trigger_ooc.xdc (Line: 25)
Related violations: <none>

XDCH-2#1630 Warning
Same min and max delay values on IO port  
The same output delay of 0.000 ns has been defined on port 'EVENT_DATA[756]' relative to clock CLK_ADC for both max and min. Make sure this reflects the design intent.
set_output_delay -clock [get_clocks CLK_ADC] 0.000 [get_ports -quiet {EVENT_VALID EVENT_DATA* EVENT_LAST EVENT_CHUNK_ID* EVENT_TIMESTAMP* EVENT_SCORE* RING_MISS_COUNT* CHUNK_OVERFLOW}]
/home/work1/Works/AI-Trigger-System/HDL/constraints/ai_trigger_ooc.xdc (Line: 25)
Related violations: <none>

XDCH-2#1631 Warning
Same min and max delay values on IO port  
The same output delay of 0.000 ns has been defined on port 'EVENT_DATA[757]' relative to clock CLK_ADC for both max and min. Make sure this reflects the design intent.
set_output_delay -clock [get_clocks CLK_ADC] 0.000 [get_ports -quiet {EVENT_VALID EVENT_DATA* EVENT_LAST EVENT_CHUNK_ID* EVENT_TIMESTAMP* EVENT_SCORE* RING_MISS_COUNT* CHUNK_OVERFLOW}]
/home/work1/Works/AI-Trigger-System/HDL/constraints/ai_trigger_ooc.xdc (Line: 25)
Related violations: <none>

XDCH-2#1632 Warning
Same min and max delay values on IO port  
The same output delay of 0.000 ns has been defined on port 'EVENT_DATA[758]' relative to clock CLK_ADC for both max and min. Make sure this reflects the design intent.
set_output_delay -clock [get_clocks CLK_ADC] 0.000 [get_ports -quiet {EVENT_VALID EVENT_DATA* EVENT_LAST EVENT_CHUNK_ID* EVENT_TIMESTAMP* EVENT_SCORE* RING_MISS_COUNT* CHUNK_OVERFLOW}]
/home/work1/Works/AI-Trigger-System/HDL/constraints/ai_trigger_ooc.xdc (Line: 25)
Related violations: <none>

XDCH-2#1633 Warning
Same min and max delay values on IO port  
The same output delay of 0.000 ns has been defined on port 'EVENT_DATA[759]' relative to clock CLK_ADC for both max and min. Make sure this reflects the design intent.
set_output_delay -clock [get_clocks CLK_ADC] 0.000 [get_ports -quiet {EVENT_VALID EVENT_DATA* EVENT_LAST EVENT_CHUNK_ID* EVENT_TIMESTAMP* EVENT_SCORE* RING_MISS_COUNT* CHUNK_OVERFLOW}]
/home/work1/Works/AI-Trigger-System/HDL/constraints/ai_trigger_ooc.xdc (Line: 25)
Related violations: <none>

XDCH-2#1634 Warning
Same min and max delay values on IO port  
The same output delay of 0.000 ns has been defined on port 'EVENT_DATA[75]' relative to clock CLK_ADC for both max and min. Make sure this reflects the design intent.
set_output_delay -clock [get_clocks CLK_ADC] 0.000 [get_ports -quiet {EVENT_VALID EVENT_DATA* EVENT_LAST EVENT_CHUNK_ID* EVENT_TIMESTAMP* EVENT_SCORE* RING_MISS_COUNT* CHUNK_OVERFLOW}]
/home/work1/Works/AI-Trigger-System/HDL/constraints/ai_trigger_ooc.xdc (Line: 25)
Related violations: <none>

XDCH-2#1635 Warning
Same min and max delay values on IO port  
The same output delay of 0.000 ns has been defined on port 'EVENT_DATA[760]' relative to clock CLK_ADC for both max and min. Make sure this reflects the design intent.
set_output_delay -clock [get_clocks CLK_ADC] 0.000 [get_ports -quiet {EVENT_VALID EVENT_DATA* EVENT_LAST EVENT_CHUNK_ID* EVENT_TIMESTAMP* EVENT_SCORE* RING_MISS_COUNT* CHUNK_OVERFLOW}]
/home/work1/Works/AI-Trigger-System/HDL/constraints/ai_trigger_ooc.xdc (Line: 25)
Related violations: <none>

XDCH-2#1636 Warning
Same min and max delay values on IO port  
The same output delay of 0.000 ns has been defined on port 'EVENT_DATA[761]' relative to clock CLK_ADC for both max and min. Make sure this reflects the design intent.
set_output_delay -clock [get_clocks CLK_ADC] 0.000 [get_ports -quiet {EVENT_VALID EVENT_DATA* EVENT_LAST EVENT_CHUNK_ID* EVENT_TIMESTAMP* EVENT_SCORE* RING_MISS_COUNT* CHUNK_OVERFLOW}]
/home/work1/Works/AI-Trigger-System/HDL/constraints/ai_trigger_ooc.xdc (Line: 25)
Related violations: <none>

XDCH-2#1637 Warning
Same min and max delay values on IO port  
The same output delay of 0.000 ns has been defined on port 'EVENT_DATA[762]' relative to clock CLK_ADC for both max and min. Make sure this reflects the design intent.
set_output_delay -clock [get_clocks CLK_ADC] 0.000 [get_ports -quiet {EVENT_VALID EVENT_DATA* EVENT_LAST EVENT_CHUNK_ID* EVENT_TIMESTAMP* EVENT_SCORE* RING_MISS_COUNT* CHUNK_OVERFLOW}]
/home/work1/Works/AI-Trigger-System/HDL/constraints/ai_trigger_ooc.xdc (Line: 25)
Related violations: <none>

XDCH-2#1638 Warning
Same min and max delay values on IO port  
The same output delay of 0.000 ns has been defined on port 'EVENT_DATA[763]' relative to clock CLK_ADC for both max and min. Make sure this reflects the design intent.
set_output_delay -clock [get_clocks CLK_ADC] 0.000 [get_ports -quiet {EVENT_VALID EVENT_DATA* EVENT_LAST EVENT_CHUNK_ID* EVENT_TIMESTAMP* EVENT_SCORE* RING_MISS_COUNT* CHUNK_OVERFLOW}]
/home/work1/Works/AI-Trigger-System/HDL/constraints/ai_trigger_ooc.xdc (Line: 25)
Related violations: <none>

XDCH-2#1639 Warning
Same min and max delay values on IO port  
The same output delay of 0.000 ns has been defined on port 'EVENT_DATA[764]' relative to clock CLK_ADC for both max and min. Make sure this reflects the design intent.
set_output_delay -clock [get_clocks CLK_ADC] 0.000 [get_ports -quiet {EVENT_VALID EVENT_DATA* EVENT_LAST EVENT_CHUNK_ID* EVENT_TIMESTAMP* EVENT_SCORE* RING_MISS_COUNT* CHUNK_OVERFLOW}]
/home/work1/Works/AI-Trigger-System/HDL/constraints/ai_trigger_ooc.xdc (Line: 25)
Related violations: <none>

XDCH-2#1640 Warning
Same min and max delay values on IO port  
The same output delay of 0.000 ns has been defined on port 'EVENT_DATA[765]' relative to clock CLK_ADC for both max and min. Make sure this reflects the design intent.
set_output_delay -clock [get_clocks CLK_ADC] 0.000 [get_ports -quiet {EVENT_VALID EVENT_DATA* EVENT_LAST EVENT_CHUNK_ID* EVENT_TIMESTAMP* EVENT_SCORE* RING_MISS_COUNT* CHUNK_OVERFLOW}]
/home/work1/Works/AI-Trigger-System/HDL/constraints/ai_trigger_ooc.xdc (Line: 25)
Related violations: <none>

XDCH-2#1641 Warning
Same min and max delay values on IO port  
The same output delay of 0.000 ns has been defined on port 'EVENT_DATA[766]' relative to clock CLK_ADC for both max and min. Make sure this reflects the design intent.
set_output_delay -clock [get_clocks CLK_ADC] 0.000 [get_ports -quiet {EVENT_VALID EVENT_DATA* EVENT_LAST EVENT_CHUNK_ID* EVENT_TIMESTAMP* EVENT_SCORE* RING_MISS_COUNT* CHUNK_OVERFLOW}]
/home/work1/Works/AI-Trigger-System/HDL/constraints/ai_trigger_ooc.xdc (Line: 25)
Related violations: <none>

XDCH-2#1642 Warning
Same min and max delay values on IO port  
The same output delay of 0.000 ns has been defined on port 'EVENT_DATA[767]' relative to clock CLK_ADC for both max and min. Make sure this reflects the design intent.
set_output_delay -clock [get_clocks CLK_ADC] 0.000 [get_ports -quiet {EVENT_VALID EVENT_DATA* EVENT_LAST EVENT_CHUNK_ID* EVENT_TIMESTAMP* EVENT_SCORE* RING_MISS_COUNT* CHUNK_OVERFLOW}]
/home/work1/Works/AI-Trigger-System/HDL/constraints/ai_trigger_ooc.xdc (Line: 25)
Related violations: <none>

XDCH-2#1643 Warning
Same min and max delay values on IO port  
The same output delay of 0.000 ns has been defined on port 'EVENT_DATA[76]' relative to clock CLK_ADC for both max and min. Make sure this reflects the design intent.
set_output_delay -clock [get_clocks CLK_ADC] 0.000 [get_ports -quiet {EVENT_VALID EVENT_DATA* EVENT_LAST EVENT_CHUNK_ID* EVENT_TIMESTAMP* EVENT_SCORE* RING_MISS_COUNT* CHUNK_OVERFLOW}]
/home/work1/Works/AI-Trigger-System/HDL/constraints/ai_trigger_ooc.xdc (Line: 25)
Related violations: <none>

XDCH-2#1644 Warning
Same min and max delay values on IO port  
The same output delay of 0.000 ns has been defined on port 'EVENT_DATA[77]' relative to clock CLK_ADC for both max and min. Make sure this reflects the design intent.
set_output_delay -clock [get_clocks CLK_ADC] 0.000 [get_ports -quiet {EVENT_VALID EVENT_DATA* EVENT_LAST EVENT_CHUNK_ID* EVENT_TIMESTAMP* EVENT_SCORE* RING_MISS_COUNT* CHUNK_OVERFLOW}]
/home/work1/Works/AI-Trigger-System/HDL/constraints/ai_trigger_ooc.xdc (Line: 25)
Related violations: <none>

XDCH-2#1645 Warning
Same min and max delay values on IO port  
The same output delay of 0.000 ns has been defined on port 'EVENT_DATA[78]' relative to clock CLK_ADC for both max and min. Make sure this reflects the design intent.
set_output_delay -clock [get_clocks CLK_ADC] 0.000 [get_ports -quiet {EVENT_VALID EVENT_DATA* EVENT_LAST EVENT_CHUNK_ID* EVENT_TIMESTAMP* EVENT_SCORE* RING_MISS_COUNT* CHUNK_OVERFLOW}]
/home/work1/Works/AI-Trigger-System/HDL/constraints/ai_trigger_ooc.xdc (Line: 25)
Related violations: <none>

XDCH-2#1646 Warning
Same min and max delay values on IO port  
The same output delay of 0.000 ns has been defined on port 'EVENT_DATA[79]' relative to clock CLK_ADC for both max and min. Make sure this reflects the design intent.
set_output_delay -clock [get_clocks CLK_ADC] 0.000 [get_ports -quiet {EVENT_VALID EVENT_DATA* EVENT_LAST EVENT_CHUNK_ID* EVENT_TIMESTAMP* EVENT_SCORE* RING_MISS_COUNT* CHUNK_OVERFLOW}]
/home/work1/Works/AI-Trigger-System/HDL/constraints/ai_trigger_ooc.xdc (Line: 25)
Related violations: <none>

XDCH-2#1647 Warning
Same min and max delay values on IO port  
The same output delay of 0.000 ns has been defined on port 'EVENT_DATA[7]' relative to clock CLK_ADC for both max and min. Make sure this reflects the design intent.
set_output_delay -clock [get_clocks CLK_ADC] 0.000 [get_ports -quiet {EVENT_VALID EVENT_DATA* EVENT_LAST EVENT_CHUNK_ID* EVENT_TIMESTAMP* EVENT_SCORE* RING_MISS_COUNT* CHUNK_OVERFLOW}]
/home/work1/Works/AI-Trigger-System/HDL/constraints/ai_trigger_ooc.xdc (Line: 25)
Related violations: <none>

XDCH-2#1648 Warning
Same min and max delay values on IO port  
The same output delay of 0.000 ns has been defined on port 'EVENT_DATA[80]' relative to clock CLK_ADC for both max and min. Make sure this reflects the design intent.
set_output_delay -clock [get_clocks CLK_ADC] 0.000 [get_ports -quiet {EVENT_VALID EVENT_DATA* EVENT_LAST EVENT_CHUNK_ID* EVENT_TIMESTAMP* EVENT_SCORE* RING_MISS_COUNT* CHUNK_OVERFLOW}]
/home/work1/Works/AI-Trigger-System/HDL/constraints/ai_trigger_ooc.xdc (Line: 25)
Related violations: <none>

XDCH-2#1649 Warning
Same min and max delay values on IO port  
The same output delay of 0.000 ns has been defined on port 'EVENT_DATA[81]' relative to clock CLK_ADC for both max and min. Make sure this reflects the design intent.
set_output_delay -clock [get_clocks CLK_ADC] 0.000 [get_ports -quiet {EVENT_VALID EVENT_DATA* EVENT_LAST EVENT_CHUNK_ID* EVENT_TIMESTAMP* EVENT_SCORE* RING_MISS_COUNT* CHUNK_OVERFLOW}]
/home/work1/Works/AI-Trigger-System/HDL/constraints/ai_trigger_ooc.xdc (Line: 25)
Related violations: <none>

XDCH-2#1650 Warning
Same min and max delay values on IO port  
The same output delay of 0.000 ns has been defined on port 'EVENT_DATA[82]' relative to clock CLK_ADC for both max and min. Make sure this reflects the design intent.
set_output_delay -clock [get_clocks CLK_ADC] 0.000 [get_ports -quiet {EVENT_VALID EVENT_DATA* EVENT_LAST EVENT_CHUNK_ID* EVENT_TIMESTAMP* EVENT_SCORE* RING_MISS_COUNT* CHUNK_OVERFLOW}]
/home/work1/Works/AI-Trigger-System/HDL/constraints/ai_trigger_ooc.xdc (Line: 25)
Related violations: <none>

XDCH-2#1651 Warning
Same min and max delay values on IO port  
The same output delay of 0.000 ns has been defined on port 'EVENT_DATA[83]' relative to clock CLK_ADC for both max and min. Make sure this reflects the design intent.
set_output_delay -clock [get_clocks CLK_ADC] 0.000 [get_ports -quiet {EVENT_VALID EVENT_DATA* EVENT_LAST EVENT_CHUNK_ID* EVENT_TIMESTAMP* EVENT_SCORE* RING_MISS_COUNT* CHUNK_OVERFLOW}]
/home/work1/Works/AI-Trigger-System/HDL/constraints/ai_trigger_ooc.xdc (Line: 25)
Related violations: <none>

XDCH-2#1652 Warning
Same min and max delay values on IO port  
The same output delay of 0.000 ns has been defined on port 'EVENT_DATA[84]' relative to clock CLK_ADC for both max and min. Make sure this reflects the design intent.
set_output_delay -clock [get_clocks CLK_ADC] 0.000 [get_ports -quiet {EVENT_VALID EVENT_DATA* EVENT_LAST EVENT_CHUNK_ID* EVENT_TIMESTAMP* EVENT_SCORE* RING_MISS_COUNT* CHUNK_OVERFLOW}]
/home/work1/Works/AI-Trigger-System/HDL/constraints/ai_trigger_ooc.xdc (Line: 25)
Related violations: <none>

XDCH-2#1653 Warning
Same min and max delay values on IO port  
The same output delay of 0.000 ns has been defined on port 'EVENT_DATA[85]' relative to clock CLK_ADC for both max and min. Make sure this reflects the design intent.
set_output_delay -clock [get_clocks CLK_ADC] 0.000 [get_ports -quiet {EVENT_VALID EVENT_DATA* EVENT_LAST EVENT_CHUNK_ID* EVENT_TIMESTAMP* EVENT_SCORE* RING_MISS_COUNT* CHUNK_OVERFLOW}]
/home/work1/Works/AI-Trigger-System/HDL/constraints/ai_trigger_ooc.xdc (Line: 25)
Related violations: <none>

XDCH-2#1654 Warning
Same min and max delay values on IO port  
The same output delay of 0.000 ns has been defined on port 'EVENT_DATA[86]' relative to clock CLK_ADC for both max and min. Make sure this reflects the design intent.
set_output_delay -clock [get_clocks CLK_ADC] 0.000 [get_ports -quiet {EVENT_VALID EVENT_DATA* EVENT_LAST EVENT_CHUNK_ID* EVENT_TIMESTAMP* EVENT_SCORE* RING_MISS_COUNT* CHUNK_OVERFLOW}]
/home/work1/Works/AI-Trigger-System/HDL/constraints/ai_trigger_ooc.xdc (Line: 25)
Related violations: <none>

XDCH-2#1655 Warning
Same min and max delay values on IO port  
The same output delay of 0.000 ns has been defined on port 'EVENT_DATA[87]' relative to clock CLK_ADC for both max and min. Make sure this reflects the design intent.
set_output_delay -clock [get_clocks CLK_ADC] 0.000 [get_ports -quiet {EVENT_VALID EVENT_DATA* EVENT_LAST EVENT_CHUNK_ID* EVENT_TIMESTAMP* EVENT_SCORE* RING_MISS_COUNT* CHUNK_OVERFLOW}]
/home/work1/Works/AI-Trigger-System/HDL/constraints/ai_trigger_ooc.xdc (Line: 25)
Related violations: <none>

XDCH-2#1656 Warning
Same min and max delay values on IO port  
The same output delay of 0.000 ns has been defined on port 'EVENT_DATA[88]' relative to clock CLK_ADC for both max and min. Make sure this reflects the design intent.
set_output_delay -clock [get_clocks CLK_ADC] 0.000 [get_ports -quiet {EVENT_VALID EVENT_DATA* EVENT_LAST EVENT_CHUNK_ID* EVENT_TIMESTAMP* EVENT_SCORE* RING_MISS_COUNT* CHUNK_OVERFLOW}]
/home/work1/Works/AI-Trigger-System/HDL/constraints/ai_trigger_ooc.xdc (Line: 25)
Related violations: <none>

XDCH-2#1657 Warning
Same min and max delay values on IO port  
The same output delay of 0.000 ns has been defined on port 'EVENT_DATA[89]' relative to clock CLK_ADC for both max and min. Make sure this reflects the design intent.
set_output_delay -clock [get_clocks CLK_ADC] 0.000 [get_ports -quiet {EVENT_VALID EVENT_DATA* EVENT_LAST EVENT_CHUNK_ID* EVENT_TIMESTAMP* EVENT_SCORE* RING_MISS_COUNT* CHUNK_OVERFLOW}]
/home/work1/Works/AI-Trigger-System/HDL/constraints/ai_trigger_ooc.xdc (Line: 25)
Related violations: <none>

XDCH-2#1658 Warning
Same min and max delay values on IO port  
The same output delay of 0.000 ns has been defined on port 'EVENT_DATA[8]' relative to clock CLK_ADC for both max and min. Make sure this reflects the design intent.
set_output_delay -clock [get_clocks CLK_ADC] 0.000 [get_ports -quiet {EVENT_VALID EVENT_DATA* EVENT_LAST EVENT_CHUNK_ID* EVENT_TIMESTAMP* EVENT_SCORE* RING_MISS_COUNT* CHUNK_OVERFLOW}]
/home/work1/Works/AI-Trigger-System/HDL/constraints/ai_trigger_ooc.xdc (Line: 25)
Related violations: <none>

XDCH-2#1659 Warning
Same min and max delay values on IO port  
The same output delay of 0.000 ns has been defined on port 'EVENT_DATA[90]' relative to clock CLK_ADC for both max and min. Make sure this reflects the design intent.
set_output_delay -clock [get_clocks CLK_ADC] 0.000 [get_ports -quiet {EVENT_VALID EVENT_DATA* EVENT_LAST EVENT_CHUNK_ID* EVENT_TIMESTAMP* EVENT_SCORE* RING_MISS_COUNT* CHUNK_OVERFLOW}]
/home/work1/Works/AI-Trigger-System/HDL/constraints/ai_trigger_ooc.xdc (Line: 25)
Related violations: <none>

XDCH-2#1660 Warning
Same min and max delay values on IO port  
The same output delay of 0.000 ns has been defined on port 'EVENT_DATA[91]' relative to clock CLK_ADC for both max and min. Make sure this reflects the design intent.
set_output_delay -clock [get_clocks CLK_ADC] 0.000 [get_ports -quiet {EVENT_VALID EVENT_DATA* EVENT_LAST EVENT_CHUNK_ID* EVENT_TIMESTAMP* EVENT_SCORE* RING_MISS_COUNT* CHUNK_OVERFLOW}]
/home/work1/Works/AI-Trigger-System/HDL/constraints/ai_trigger_ooc.xdc (Line: 25)
Related violations: <none>

XDCH-2#1661 Warning
Same min and max delay values on IO port  
The same output delay of 0.000 ns has been defined on port 'EVENT_DATA[92]' relative to clock CLK_ADC for both max and min. Make sure this reflects the design intent.
set_output_delay -clock [get_clocks CLK_ADC] 0.000 [get_ports -quiet {EVENT_VALID EVENT_DATA* EVENT_LAST EVENT_CHUNK_ID* EVENT_TIMESTAMP* EVENT_SCORE* RING_MISS_COUNT* CHUNK_OVERFLOW}]
/home/work1/Works/AI-Trigger-System/HDL/constraints/ai_trigger_ooc.xdc (Line: 25)
Related violations: <none>

XDCH-2#1662 Warning
Same min and max delay values on IO port  
The same output delay of 0.000 ns has been defined on port 'EVENT_DATA[93]' relative to clock CLK_ADC for both max and min. Make sure this reflects the design intent.
set_output_delay -clock [get_clocks CLK_ADC] 0.000 [get_ports -quiet {EVENT_VALID EVENT_DATA* EVENT_LAST EVENT_CHUNK_ID* EVENT_TIMESTAMP* EVENT_SCORE* RING_MISS_COUNT* CHUNK_OVERFLOW}]
/home/work1/Works/AI-Trigger-System/HDL/constraints/ai_trigger_ooc.xdc (Line: 25)
Related violations: <none>

XDCH-2#1663 Warning
Same min and max delay values on IO port  
The same output delay of 0.000 ns has been defined on port 'EVENT_DATA[94]' relative to clock CLK_ADC for both max and min. Make sure this reflects the design intent.
set_output_delay -clock [get_clocks CLK_ADC] 0.000 [get_ports -quiet {EVENT_VALID EVENT_DATA* EVENT_LAST EVENT_CHUNK_ID* EVENT_TIMESTAMP* EVENT_SCORE* RING_MISS_COUNT* CHUNK_OVERFLOW}]
/home/work1/Works/AI-Trigger-System/HDL/constraints/ai_trigger_ooc.xdc (Line: 25)
Related violations: <none>

XDCH-2#1664 Warning
Same min and max delay values on IO port  
The same output delay of 0.000 ns has been defined on port 'EVENT_DATA[95]' relative to clock CLK_ADC for both max and min. Make sure this reflects the design intent.
set_output_delay -clock [get_clocks CLK_ADC] 0.000 [get_ports -quiet {EVENT_VALID EVENT_DATA* EVENT_LAST EVENT_CHUNK_ID* EVENT_TIMESTAMP* EVENT_SCORE* RING_MISS_COUNT* CHUNK_OVERFLOW}]
/home/work1/Works/AI-Trigger-System/HDL/constraints/ai_trigger_ooc.xdc (Line: 25)
Related violations: <none>

XDCH-2#1665 Warning
Same min and max delay values on IO port  
The same output delay of 0.000 ns has been defined on port 'EVENT_DATA[96]' relative to clock CLK_ADC for both max and min. Make sure this reflects the design intent.
set_output_delay -clock [get_clocks CLK_ADC] 0.000 [get_ports -quiet {EVENT_VALID EVENT_DATA* EVENT_LAST EVENT_CHUNK_ID* EVENT_TIMESTAMP* EVENT_SCORE* RING_MISS_COUNT* CHUNK_OVERFLOW}]
/home/work1/Works/AI-Trigger-System/HDL/constraints/ai_trigger_ooc.xdc (Line: 25)
Related violations: <none>

XDCH-2#1666 Warning
Same min and max delay values on IO port  
The same output delay of 0.000 ns has been defined on port 'EVENT_DATA[97]' relative to clock CLK_ADC for both max and min. Make sure this reflects the design intent.
set_output_delay -clock [get_clocks CLK_ADC] 0.000 [get_ports -quiet {EVENT_VALID EVENT_DATA* EVENT_LAST EVENT_CHUNK_ID* EVENT_TIMESTAMP* EVENT_SCORE* RING_MISS_COUNT* CHUNK_OVERFLOW}]
/home/work1/Works/AI-Trigger-System/HDL/constraints/ai_trigger_ooc.xdc (Line: 25)
Related violations: <none>

XDCH-2#1667 Warning
Same min and max delay values on IO port  
The same output delay of 0.000 ns has been defined on port 'EVENT_DATA[98]' relative to clock CLK_ADC for both max and min. Make sure this reflects the design intent.
set_output_delay -clock [get_clocks CLK_ADC] 0.000 [get_ports -quiet {EVENT_VALID EVENT_DATA* EVENT_LAST EVENT_CHUNK_ID* EVENT_TIMESTAMP* EVENT_SCORE* RING_MISS_COUNT* CHUNK_OVERFLOW}]
/home/work1/Works/AI-Trigger-System/HDL/constraints/ai_trigger_ooc.xdc (Line: 25)
Related violations: <none>

XDCH-2#1668 Warning
Same min and max delay values on IO port  
The same output delay of 0.000 ns has been defined on port 'EVENT_DATA[99]' relative to clock CLK_ADC for both max and min. Make sure this reflects the design intent.
set_output_delay -clock [get_clocks CLK_ADC] 0.000 [get_ports -quiet {EVENT_VALID EVENT_DATA* EVENT_LAST EVENT_CHUNK_ID* EVENT_TIMESTAMP* EVENT_SCORE* RING_MISS_COUNT* CHUNK_OVERFLOW}]
/home/work1/Works/AI-Trigger-System/HDL/constraints/ai_trigger_ooc.xdc (Line: 25)
Related violations: <none>

XDCH-2#1669 Warning
Same min and max delay values on IO port  
The same output delay of 0.000 ns has been defined on port 'EVENT_DATA[9]' relative to clock CLK_ADC for both max and min. Make sure this reflects the design intent.
set_output_delay -clock [get_clocks CLK_ADC] 0.000 [get_ports -quiet {EVENT_VALID EVENT_DATA* EVENT_LAST EVENT_CHUNK_ID* EVENT_TIMESTAMP* EVENT_SCORE* RING_MISS_COUNT* CHUNK_OVERFLOW}]
/home/work1/Works/AI-Trigger-System/HDL/constraints/ai_trigger_ooc.xdc (Line: 25)
Related violations: <none>

XDCH-2#1670 Warning
Same min and max delay values on IO port  
The same output delay of 0.000 ns has been defined on port 'EVENT_LAST' relative to clock CLK_ADC for both max and min. Make sure this reflects the design intent.
set_output_delay -clock [get_clocks CLK_ADC] 0.000 [get_ports -quiet {EVENT_VALID EVENT_DATA* EVENT_LAST EVENT_CHUNK_ID* EVENT_TIMESTAMP* EVENT_SCORE* RING_MISS_COUNT* CHUNK_OVERFLOW}]
/home/work1/Works/AI-Trigger-System/HDL/constraints/ai_trigger_ooc.xdc (Line: 25)
Related violations: <none>

XDCH-2#1671 Warning
Same min and max delay values on IO port  
The same output delay of 0.000 ns has been defined on port 'EVENT_SCORE[0]' relative to clock CLK_ADC for both max and min. Make sure this reflects the design intent.
set_output_delay -clock [get_clocks CLK_ADC] 0.000 [get_ports -quiet {EVENT_VALID EVENT_DATA* EVENT_LAST EVENT_CHUNK_ID* EVENT_TIMESTAMP* EVENT_SCORE* RING_MISS_COUNT* CHUNK_OVERFLOW}]
/home/work1/Works/AI-Trigger-System/HDL/constraints/ai_trigger_ooc.xdc (Line: 25)
Related violations: <none>

XDCH-2#1672 Warning
Same min and max delay values on IO port  
The same output delay of 0.000 ns has been defined on port 'EVENT_SCORE[10]' relative to clock CLK_ADC for both max and min. Make sure this reflects the design intent.
set_output_delay -clock [get_clocks CLK_ADC] 0.000 [get_ports -quiet {EVENT_VALID EVENT_DATA* EVENT_LAST EVENT_CHUNK_ID* EVENT_TIMESTAMP* EVENT_SCORE* RING_MISS_COUNT* CHUNK_OVERFLOW}]
/home/work1/Works/AI-Trigger-System/HDL/constraints/ai_trigger_ooc.xdc (Line: 25)
Related violations: <none>

XDCH-2#1673 Warning
Same min and max delay values on IO port  
The same output delay of 0.000 ns has been defined on port 'EVENT_SCORE[11]' relative to clock CLK_ADC for both max and min. Make sure this reflects the design intent.
set_output_delay -clock [get_clocks CLK_ADC] 0.000 [get_ports -quiet {EVENT_VALID EVENT_DATA* EVENT_LAST EVENT_CHUNK_ID* EVENT_TIMESTAMP* EVENT_SCORE* RING_MISS_COUNT* CHUNK_OVERFLOW}]
/home/work1/Works/AI-Trigger-System/HDL/constraints/ai_trigger_ooc.xdc (Line: 25)
Related violations: <none>

XDCH-2#1674 Warning
Same min and max delay values on IO port  
The same output delay of 0.000 ns has been defined on port 'EVENT_SCORE[12]' relative to clock CLK_ADC for both max and min. Make sure this reflects the design intent.
set_output_delay -clock [get_clocks CLK_ADC] 0.000 [get_ports -quiet {EVENT_VALID EVENT_DATA* EVENT_LAST EVENT_CHUNK_ID* EVENT_TIMESTAMP* EVENT_SCORE* RING_MISS_COUNT* CHUNK_OVERFLOW}]
/home/work1/Works/AI-Trigger-System/HDL/constraints/ai_trigger_ooc.xdc (Line: 25)
Related violations: <none>

XDCH-2#1675 Warning
Same min and max delay values on IO port  
The same output delay of 0.000 ns has been defined on port 'EVENT_SCORE[13]' relative to clock CLK_ADC for both max and min. Make sure this reflects the design intent.
set_output_delay -clock [get_clocks CLK_ADC] 0.000 [get_ports -quiet {EVENT_VALID EVENT_DATA* EVENT_LAST EVENT_CHUNK_ID* EVENT_TIMESTAMP* EVENT_SCORE* RING_MISS_COUNT* CHUNK_OVERFLOW}]
/home/work1/Works/AI-Trigger-System/HDL/constraints/ai_trigger_ooc.xdc (Line: 25)
Related violations: <none>

XDCH-2#1676 Warning
Same min and max delay values on IO port  
The same output delay of 0.000 ns has been defined on port 'EVENT_SCORE[14]' relative to clock CLK_ADC for both max and min. Make sure this reflects the design intent.
set_output_delay -clock [get_clocks CLK_ADC] 0.000 [get_ports -quiet {EVENT_VALID EVENT_DATA* EVENT_LAST EVENT_CHUNK_ID* EVENT_TIMESTAMP* EVENT_SCORE* RING_MISS_COUNT* CHUNK_OVERFLOW}]
/home/work1/Works/AI-Trigger-System/HDL/constraints/ai_trigger_ooc.xdc (Line: 25)
Related violations: <none>

XDCH-2#1677 Warning
Same min and max delay values on IO port  
The same output delay of 0.000 ns has been defined on port 'EVENT_SCORE[15]' relative to clock CLK_ADC for both max and min. Make sure this reflects the design intent.
set_output_delay -clock [get_clocks CLK_ADC] 0.000 [get_ports -quiet {EVENT_VALID EVENT_DATA* EVENT_LAST EVENT_CHUNK_ID* EVENT_TIMESTAMP* EVENT_SCORE* RING_MISS_COUNT* CHUNK_OVERFLOW}]
/home/work1/Works/AI-Trigger-System/HDL/constraints/ai_trigger_ooc.xdc (Line: 25)
Related violations: <none>

XDCH-2#1678 Warning
Same min and max delay values on IO port  
The same output delay of 0.000 ns has been defined on port 'EVENT_SCORE[16]' relative to clock CLK_ADC for both max and min. Make sure this reflects the design intent.
set_output_delay -clock [get_clocks CLK_ADC] 0.000 [get_ports -quiet {EVENT_VALID EVENT_DATA* EVENT_LAST EVENT_CHUNK_ID* EVENT_TIMESTAMP* EVENT_SCORE* RING_MISS_COUNT* CHUNK_OVERFLOW}]
/home/work1/Works/AI-Trigger-System/HDL/constraints/ai_trigger_ooc.xdc (Line: 25)
Related violations: <none>

XDCH-2#1679 Warning
Same min and max delay values on IO port  
The same output delay of 0.000 ns has been defined on port 'EVENT_SCORE[17]' relative to clock CLK_ADC for both max and min. Make sure this reflects the design intent.
set_output_delay -clock [get_clocks CLK_ADC] 0.000 [get_ports -quiet {EVENT_VALID EVENT_DATA* EVENT_LAST EVENT_CHUNK_ID* EVENT_TIMESTAMP* EVENT_SCORE* RING_MISS_COUNT* CHUNK_OVERFLOW}]
/home/work1/Works/AI-Trigger-System/HDL/constraints/ai_trigger_ooc.xdc (Line: 25)
Related violations: <none>

XDCH-2#1680 Warning
Same min and max delay values on IO port  
The same output delay of 0.000 ns has been defined on port 'EVENT_SCORE[18]' relative to clock CLK_ADC for both max and min. Make sure this reflects the design intent.
set_output_delay -clock [get_clocks CLK_ADC] 0.000 [get_ports -quiet {EVENT_VALID EVENT_DATA* EVENT_LAST EVENT_CHUNK_ID* EVENT_TIMESTAMP* EVENT_SCORE* RING_MISS_COUNT* CHUNK_OVERFLOW}]
/home/work1/Works/AI-Trigger-System/HDL/constraints/ai_trigger_ooc.xdc (Line: 25)
Related violations: <none>

XDCH-2#1681 Warning
Same min and max delay values on IO port  
The same output delay of 0.000 ns has been defined on port 'EVENT_SCORE[19]' relative to clock CLK_ADC for both max and min. Make sure this reflects the design intent.
set_output_delay -clock [get_clocks CLK_ADC] 0.000 [get_ports -quiet {EVENT_VALID EVENT_DATA* EVENT_LAST EVENT_CHUNK_ID* EVENT_TIMESTAMP* EVENT_SCORE* RING_MISS_COUNT* CHUNK_OVERFLOW}]
/home/work1/Works/AI-Trigger-System/HDL/constraints/ai_trigger_ooc.xdc (Line: 25)
Related violations: <none>

XDCH-2#1682 Warning
Same min and max delay values on IO port  
The same output delay of 0.000 ns has been defined on port 'EVENT_SCORE[1]' relative to clock CLK_ADC for both max and min. Make sure this reflects the design intent.
set_output_delay -clock [get_clocks CLK_ADC] 0.000 [get_ports -quiet {EVENT_VALID EVENT_DATA* EVENT_LAST EVENT_CHUNK_ID* EVENT_TIMESTAMP* EVENT_SCORE* RING_MISS_COUNT* CHUNK_OVERFLOW}]
/home/work1/Works/AI-Trigger-System/HDL/constraints/ai_trigger_ooc.xdc (Line: 25)
Related violations: <none>

XDCH-2#1683 Warning
Same min and max delay values on IO port  
The same output delay of 0.000 ns has been defined on port 'EVENT_SCORE[20]' relative to clock CLK_ADC for both max and min. Make sure this reflects the design intent.
set_output_delay -clock [get_clocks CLK_ADC] 0.000 [get_ports -quiet {EVENT_VALID EVENT_DATA* EVENT_LAST EVENT_CHUNK_ID* EVENT_TIMESTAMP* EVENT_SCORE* RING_MISS_COUNT* CHUNK_OVERFLOW}]
/home/work1/Works/AI-Trigger-System/HDL/constraints/ai_trigger_ooc.xdc (Line: 25)
Related violations: <none>

XDCH-2#1684 Warning
Same min and max delay values on IO port  
The same output delay of 0.000 ns has been defined on port 'EVENT_SCORE[21]' relative to clock CLK_ADC for both max and min. Make sure this reflects the design intent.
set_output_delay -clock [get_clocks CLK_ADC] 0.000 [get_ports -quiet {EVENT_VALID EVENT_DATA* EVENT_LAST EVENT_CHUNK_ID* EVENT_TIMESTAMP* EVENT_SCORE* RING_MISS_COUNT* CHUNK_OVERFLOW}]
/home/work1/Works/AI-Trigger-System/HDL/constraints/ai_trigger_ooc.xdc (Line: 25)
Related violations: <none>

XDCH-2#1685 Warning
Same min and max delay values on IO port  
The same output delay of 0.000 ns has been defined on port 'EVENT_SCORE[22]' relative to clock CLK_ADC for both max and min. Make sure this reflects the design intent.
set_output_delay -clock [get_clocks CLK_ADC] 0.000 [get_ports -quiet {EVENT_VALID EVENT_DATA* EVENT_LAST EVENT_CHUNK_ID* EVENT_TIMESTAMP* EVENT_SCORE* RING_MISS_COUNT* CHUNK_OVERFLOW}]
/home/work1/Works/AI-Trigger-System/HDL/constraints/ai_trigger_ooc.xdc (Line: 25)
Related violations: <none>

XDCH-2#1686 Warning
Same min and max delay values on IO port  
The same output delay of 0.000 ns has been defined on port 'EVENT_SCORE[23]' relative to clock CLK_ADC for both max and min. Make sure this reflects the design intent.
set_output_delay -clock [get_clocks CLK_ADC] 0.000 [get_ports -quiet {EVENT_VALID EVENT_DATA* EVENT_LAST EVENT_CHUNK_ID* EVENT_TIMESTAMP* EVENT_SCORE* RING_MISS_COUNT* CHUNK_OVERFLOW}]
/home/work1/Works/AI-Trigger-System/HDL/constraints/ai_trigger_ooc.xdc (Line: 25)
Related violations: <none>

XDCH-2#1687 Warning
Same min and max delay values on IO port  
The same output delay of 0.000 ns has been defined on port 'EVENT_SCORE[24]' relative to clock CLK_ADC for both max and min. Make sure this reflects the design intent.
set_output_delay -clock [get_clocks CLK_ADC] 0.000 [get_ports -quiet {EVENT_VALID EVENT_DATA* EVENT_LAST EVENT_CHUNK_ID* EVENT_TIMESTAMP* EVENT_SCORE* RING_MISS_COUNT* CHUNK_OVERFLOW}]
/home/work1/Works/AI-Trigger-System/HDL/constraints/ai_trigger_ooc.xdc (Line: 25)
Related violations: <none>

XDCH-2#1688 Warning
Same min and max delay values on IO port  
The same output delay of 0.000 ns has been defined on port 'EVENT_SCORE[25]' relative to clock CLK_ADC for both max and min. Make sure this reflects the design intent.
set_output_delay -clock [get_clocks CLK_ADC] 0.000 [get_ports -quiet {EVENT_VALID EVENT_DATA* EVENT_LAST EVENT_CHUNK_ID* EVENT_TIMESTAMP* EVENT_SCORE* RING_MISS_COUNT* CHUNK_OVERFLOW}]
/home/work1/Works/AI-Trigger-System/HDL/constraints/ai_trigger_ooc.xdc (Line: 25)
Related violations: <none>

XDCH-2#1689 Warning
Same min and max delay values on IO port  
The same output delay of 0.000 ns has been defined on port 'EVENT_SCORE[26]' relative to clock CLK_ADC for both max and min. Make sure this reflects the design intent.
set_output_delay -clock [get_clocks CLK_ADC] 0.000 [get_ports -quiet {EVENT_VALID EVENT_DATA* EVENT_LAST EVENT_CHUNK_ID* EVENT_TIMESTAMP* EVENT_SCORE* RING_MISS_COUNT* CHUNK_OVERFLOW}]
/home/work1/Works/AI-Trigger-System/HDL/constraints/ai_trigger_ooc.xdc (Line: 25)
Related violations: <none>

XDCH-2#1690 Warning
Same min and max delay values on IO port  
The same output delay of 0.000 ns has been defined on port 'EVENT_SCORE[27]' relative to clock CLK_ADC for both max and min. Make sure this reflects the design intent.
set_output_delay -clock [get_clocks CLK_ADC] 0.000 [get_ports -quiet {EVENT_VALID EVENT_DATA* EVENT_LAST EVENT_CHUNK_ID* EVENT_TIMESTAMP* EVENT_SCORE* RING_MISS_COUNT* CHUNK_OVERFLOW}]
/home/work1/Works/AI-Trigger-System/HDL/constraints/ai_trigger_ooc.xdc (Line: 25)
Related violations: <none>

XDCH-2#1691 Warning
Same min and max delay values on IO port  
The same output delay of 0.000 ns has been defined on port 'EVENT_SCORE[28]' relative to clock CLK_ADC for both max and min. Make sure this reflects the design intent.
set_output_delay -clock [get_clocks CLK_ADC] 0.000 [get_ports -quiet {EVENT_VALID EVENT_DATA* EVENT_LAST EVENT_CHUNK_ID* EVENT_TIMESTAMP* EVENT_SCORE* RING_MISS_COUNT* CHUNK_OVERFLOW}]
/home/work1/Works/AI-Trigger-System/HDL/constraints/ai_trigger_ooc.xdc (Line: 25)
Related violations: <none>

XDCH-2#1692 Warning
Same min and max delay values on IO port  
The same output delay of 0.000 ns has been defined on port 'EVENT_SCORE[29]' relative to clock CLK_ADC for both max and min. Make sure this reflects the design intent.
set_output_delay -clock [get_clocks CLK_ADC] 0.000 [get_ports -quiet {EVENT_VALID EVENT_DATA* EVENT_LAST EVENT_CHUNK_ID* EVENT_TIMESTAMP* EVENT_SCORE* RING_MISS_COUNT* CHUNK_OVERFLOW}]
/home/work1/Works/AI-Trigger-System/HDL/constraints/ai_trigger_ooc.xdc (Line: 25)
Related violations: <none>

XDCH-2#1693 Warning
Same min and max delay values on IO port  
The same output delay of 0.000 ns has been defined on port 'EVENT_SCORE[2]' relative to clock CLK_ADC for both max and min. Make sure this reflects the design intent.
set_output_delay -clock [get_clocks CLK_ADC] 0.000 [get_ports -quiet {EVENT_VALID EVENT_DATA* EVENT_LAST EVENT_CHUNK_ID* EVENT_TIMESTAMP* EVENT_SCORE* RING_MISS_COUNT* CHUNK_OVERFLOW}]
/home/work1/Works/AI-Trigger-System/HDL/constraints/ai_trigger_ooc.xdc (Line: 25)
Related violations: <none>

XDCH-2#1694 Warning
Same min and max delay values on IO port  
The same output delay of 0.000 ns has been defined on port 'EVENT_SCORE[30]' relative to clock CLK_ADC for both max and min. Make sure this reflects the design intent.
set_output_delay -clock [get_clocks CLK_ADC] 0.000 [get_ports -quiet {EVENT_VALID EVENT_DATA* EVENT_LAST EVENT_CHUNK_ID* EVENT_TIMESTAMP* EVENT_SCORE* RING_MISS_COUNT* CHUNK_OVERFLOW}]
/home/work1/Works/AI-Trigger-System/HDL/constraints/ai_trigger_ooc.xdc (Line: 25)
Related violations: <none>

XDCH-2#1695 Warning
Same min and max delay values on IO port  
The same output delay of 0.000 ns has been defined on port 'EVENT_SCORE[31]' relative to clock CLK_ADC for both max and min. Make sure this reflects the design intent.
set_output_delay -clock [get_clocks CLK_ADC] 0.000 [get_ports -quiet {EVENT_VALID EVENT_DATA* EVENT_LAST EVENT_CHUNK_ID* EVENT_TIMESTAMP* EVENT_SCORE* RING_MISS_COUNT* CHUNK_OVERFLOW}]
/home/work1/Works/AI-Trigger-System/HDL/constraints/ai_trigger_ooc.xdc (Line: 25)
Related violations: <none>

XDCH-2#1696 Warning
Same min and max delay values on IO port  
The same output delay of 0.000 ns has been defined on port 'EVENT_SCORE[3]' relative to clock CLK_ADC for both max and min. Make sure this reflects the design intent.
set_output_delay -clock [get_clocks CLK_ADC] 0.000 [get_ports -quiet {EVENT_VALID EVENT_DATA* EVENT_LAST EVENT_CHUNK_ID* EVENT_TIMESTAMP* EVENT_SCORE* RING_MISS_COUNT* CHUNK_OVERFLOW}]
/home/work1/Works/AI-Trigger-System/HDL/constraints/ai_trigger_ooc.xdc (Line: 25)
Related violations: <none>

XDCH-2#1697 Warning
Same min and max delay values on IO port  
The same output delay of 0.000 ns has been defined on port 'EVENT_SCORE[4]' relative to clock CLK_ADC for both max and min. Make sure this reflects the design intent.
set_output_delay -clock [get_clocks CLK_ADC] 0.000 [get_ports -quiet {EVENT_VALID EVENT_DATA* EVENT_LAST EVENT_CHUNK_ID* EVENT_TIMESTAMP* EVENT_SCORE* RING_MISS_COUNT* CHUNK_OVERFLOW}]
/home/work1/Works/AI-Trigger-System/HDL/constraints/ai_trigger_ooc.xdc (Line: 25)
Related violations: <none>

XDCH-2#1698 Warning
Same min and max delay values on IO port  
The same output delay of 0.000 ns has been defined on port 'EVENT_SCORE[5]' relative to clock CLK_ADC for both max and min. Make sure this reflects the design intent.
set_output_delay -clock [get_clocks CLK_ADC] 0.000 [get_ports -quiet {EVENT_VALID EVENT_DATA* EVENT_LAST EVENT_CHUNK_ID* EVENT_TIMESTAMP* EVENT_SCORE* RING_MISS_COUNT* CHUNK_OVERFLOW}]
/home/work1/Works/AI-Trigger-System/HDL/constraints/ai_trigger_ooc.xdc (Line: 25)
Related violations: <none>

XDCH-2#1699 Warning
Same min and max delay values on IO port  
The same output delay of 0.000 ns has been defined on port 'EVENT_SCORE[6]' relative to clock CLK_ADC for both max and min. Make sure this reflects the design intent.
set_output_delay -clock [get_clocks CLK_ADC] 0.000 [get_ports -quiet {EVENT_VALID EVENT_DATA* EVENT_LAST EVENT_CHUNK_ID* EVENT_TIMESTAMP* EVENT_SCORE* RING_MISS_COUNT* CHUNK_OVERFLOW}]
/home/work1/Works/AI-Trigger-System/HDL/constraints/ai_trigger_ooc.xdc (Line: 25)
Related violations: <none>

XDCH-2#1700 Warning
Same min and max delay values on IO port  
The same output delay of 0.000 ns has been defined on port 'EVENT_SCORE[7]' relative to clock CLK_ADC for both max and min. Make sure this reflects the design intent.
set_output_delay -clock [get_clocks CLK_ADC] 0.000 [get_ports -quiet {EVENT_VALID EVENT_DATA* EVENT_LAST EVENT_CHUNK_ID* EVENT_TIMESTAMP* EVENT_SCORE* RING_MISS_COUNT* CHUNK_OVERFLOW}]
/home/work1/Works/AI-Trigger-System/HDL/constraints/ai_trigger_ooc.xdc (Line: 25)
Related violations: <none>

XDCH-2#1701 Warning
Same min and max delay values on IO port  
The same output delay of 0.000 ns has been defined on port 'EVENT_SCORE[8]' relative to clock CLK_ADC for both max and min. Make sure this reflects the design intent.
set_output_delay -clock [get_clocks CLK_ADC] 0.000 [get_ports -quiet {EVENT_VALID EVENT_DATA* EVENT_LAST EVENT_CHUNK_ID* EVENT_TIMESTAMP* EVENT_SCORE* RING_MISS_COUNT* CHUNK_OVERFLOW}]
/home/work1/Works/AI-Trigger-System/HDL/constraints/ai_trigger_ooc.xdc (Line: 25)
Related violations: <none>

XDCH-2#1702 Warning
Same min and max delay values on IO port  
The same output delay of 0.000 ns has been defined on port 'EVENT_SCORE[9]' relative to clock CLK_ADC for both max and min. Make sure this reflects the design intent.
set_output_delay -clock [get_clocks CLK_ADC] 0.000 [get_ports -quiet {EVENT_VALID EVENT_DATA* EVENT_LAST EVENT_CHUNK_ID* EVENT_TIMESTAMP* EVENT_SCORE* RING_MISS_COUNT* CHUNK_OVERFLOW}]
/home/work1/Works/AI-Trigger-System/HDL/constraints/ai_trigger_ooc.xdc (Line: 25)
Related violations: <none>

XDCH-2#1703 Warning
Same min and max delay values on IO port  
The same output delay of 0.000 ns has been defined on port 'EVENT_TIMESTAMP[0]' relative to clock CLK_ADC for both max and min. Make sure this reflects the design intent.
set_output_delay -clock [get_clocks CLK_ADC] 0.000 [get_ports -quiet {EVENT_VALID EVENT_DATA* EVENT_LAST EVENT_CHUNK_ID* EVENT_TIMESTAMP* EVENT_SCORE* RING_MISS_COUNT* CHUNK_OVERFLOW}]
/home/work1/Works/AI-Trigger-System/HDL/constraints/ai_trigger_ooc.xdc (Line: 25)
Related violations: <none>

XDCH-2#1704 Warning
Same min and max delay values on IO port  
The same output delay of 0.000 ns has been defined on port 'EVENT_TIMESTAMP[10]' relative to clock CLK_ADC for both max and min. Make sure this reflects the design intent.
set_output_delay -clock [get_clocks CLK_ADC] 0.000 [get_ports -quiet {EVENT_VALID EVENT_DATA* EVENT_LAST EVENT_CHUNK_ID* EVENT_TIMESTAMP* EVENT_SCORE* RING_MISS_COUNT* CHUNK_OVERFLOW}]
/home/work1/Works/AI-Trigger-System/HDL/constraints/ai_trigger_ooc.xdc (Line: 25)
Related violations: <none>

XDCH-2#1705 Warning
Same min and max delay values on IO port  
The same output delay of 0.000 ns has been defined on port 'EVENT_TIMESTAMP[11]' relative to clock CLK_ADC for both max and min. Make sure this reflects the design intent.
set_output_delay -clock [get_clocks CLK_ADC] 0.000 [get_ports -quiet {EVENT_VALID EVENT_DATA* EVENT_LAST EVENT_CHUNK_ID* EVENT_TIMESTAMP* EVENT_SCORE* RING_MISS_COUNT* CHUNK_OVERFLOW}]
/home/work1/Works/AI-Trigger-System/HDL/constraints/ai_trigger_ooc.xdc (Line: 25)
Related violations: <none>

XDCH-2#1706 Warning
Same min and max delay values on IO port  
The same output delay of 0.000 ns has been defined on port 'EVENT_TIMESTAMP[12]' relative to clock CLK_ADC for both max and min. Make sure this reflects the design intent.
set_output_delay -clock [get_clocks CLK_ADC] 0.000 [get_ports -quiet {EVENT_VALID EVENT_DATA* EVENT_LAST EVENT_CHUNK_ID* EVENT_TIMESTAMP* EVENT_SCORE* RING_MISS_COUNT* CHUNK_OVERFLOW}]
/home/work1/Works/AI-Trigger-System/HDL/constraints/ai_trigger_ooc.xdc (Line: 25)
Related violations: <none>

XDCH-2#1707 Warning
Same min and max delay values on IO port  
The same output delay of 0.000 ns has been defined on port 'EVENT_TIMESTAMP[13]' relative to clock CLK_ADC for both max and min. Make sure this reflects the design intent.
set_output_delay -clock [get_clocks CLK_ADC] 0.000 [get_ports -quiet {EVENT_VALID EVENT_DATA* EVENT_LAST EVENT_CHUNK_ID* EVENT_TIMESTAMP* EVENT_SCORE* RING_MISS_COUNT* CHUNK_OVERFLOW}]
/home/work1/Works/AI-Trigger-System/HDL/constraints/ai_trigger_ooc.xdc (Line: 25)
Related violations: <none>

XDCH-2#1708 Warning
Same min and max delay values on IO port  
The same output delay of 0.000 ns has been defined on port 'EVENT_TIMESTAMP[14]' relative to clock CLK_ADC for both max and min. Make sure this reflects the design intent.
set_output_delay -clock [get_clocks CLK_ADC] 0.000 [get_ports -quiet {EVENT_VALID EVENT_DATA* EVENT_LAST EVENT_CHUNK_ID* EVENT_TIMESTAMP* EVENT_SCORE* RING_MISS_COUNT* CHUNK_OVERFLOW}]
/home/work1/Works/AI-Trigger-System/HDL/constraints/ai_trigger_ooc.xdc (Line: 25)
Related violations: <none>

XDCH-2#1709 Warning
Same min and max delay values on IO port  
The same output delay of 0.000 ns has been defined on port 'EVENT_TIMESTAMP[15]' relative to clock CLK_ADC for both max and min. Make sure this reflects the design intent.
set_output_delay -clock [get_clocks CLK_ADC] 0.000 [get_ports -quiet {EVENT_VALID EVENT_DATA* EVENT_LAST EVENT_CHUNK_ID* EVENT_TIMESTAMP* EVENT_SCORE* RING_MISS_COUNT* CHUNK_OVERFLOW}]
/home/work1/Works/AI-Trigger-System/HDL/constraints/ai_trigger_ooc.xdc (Line: 25)
Related violations: <none>

XDCH-2#1710 Warning
Same min and max delay values on IO port  
The same output delay of 0.000 ns has been defined on port 'EVENT_TIMESTAMP[16]' relative to clock CLK_ADC for both max and min. Make sure this reflects the design intent.
set_output_delay -clock [get_clocks CLK_ADC] 0.000 [get_ports -quiet {EVENT_VALID EVENT_DATA* EVENT_LAST EVENT_CHUNK_ID* EVENT_TIMESTAMP* EVENT_SCORE* RING_MISS_COUNT* CHUNK_OVERFLOW}]
/home/work1/Works/AI-Trigger-System/HDL/constraints/ai_trigger_ooc.xdc (Line: 25)
Related violations: <none>

XDCH-2#1711 Warning
Same min and max delay values on IO port  
The same output delay of 0.000 ns has been defined on port 'EVENT_TIMESTAMP[17]' relative to clock CLK_ADC for both max and min. Make sure this reflects the design intent.
set_output_delay -clock [get_clocks CLK_ADC] 0.000 [get_ports -quiet {EVENT_VALID EVENT_DATA* EVENT_LAST EVENT_CHUNK_ID* EVENT_TIMESTAMP* EVENT_SCORE* RING_MISS_COUNT* CHUNK_OVERFLOW}]
/home/work1/Works/AI-Trigger-System/HDL/constraints/ai_trigger_ooc.xdc (Line: 25)
Related violations: <none>

XDCH-2#1712 Warning
Same min and max delay values on IO port  
The same output delay of 0.000 ns has been defined on port 'EVENT_TIMESTAMP[18]' relative to clock CLK_ADC for both max and min. Make sure this reflects the design intent.
set_output_delay -clock [get_clocks CLK_ADC] 0.000 [get_ports -quiet {EVENT_VALID EVENT_DATA* EVENT_LAST EVENT_CHUNK_ID* EVENT_TIMESTAMP* EVENT_SCORE* RING_MISS_COUNT* CHUNK_OVERFLOW}]
/home/work1/Works/AI-Trigger-System/HDL/constraints/ai_trigger_ooc.xdc (Line: 25)
Related violations: <none>

XDCH-2#1713 Warning
Same min and max delay values on IO port  
The same output delay of 0.000 ns has been defined on port 'EVENT_TIMESTAMP[19]' relative to clock CLK_ADC for both max and min. Make sure this reflects the design intent.
set_output_delay -clock [get_clocks CLK_ADC] 0.000 [get_ports -quiet {EVENT_VALID EVENT_DATA* EVENT_LAST EVENT_CHUNK_ID* EVENT_TIMESTAMP* EVENT_SCORE* RING_MISS_COUNT* CHUNK_OVERFLOW}]
/home/work1/Works/AI-Trigger-System/HDL/constraints/ai_trigger_ooc.xdc (Line: 25)
Related violations: <none>

XDCH-2#1714 Warning
Same min and max delay values on IO port  
The same output delay of 0.000 ns has been defined on port 'EVENT_TIMESTAMP[1]' relative to clock CLK_ADC for both max and min. Make sure this reflects the design intent.
set_output_delay -clock [get_clocks CLK_ADC] 0.000 [get_ports -quiet {EVENT_VALID EVENT_DATA* EVENT_LAST EVENT_CHUNK_ID* EVENT_TIMESTAMP* EVENT_SCORE* RING_MISS_COUNT* CHUNK_OVERFLOW}]
/home/work1/Works/AI-Trigger-System/HDL/constraints/ai_trigger_ooc.xdc (Line: 25)
Related violations: <none>

XDCH-2#1715 Warning
Same min and max delay values on IO port  
The same output delay of 0.000 ns has been defined on port 'EVENT_TIMESTAMP[20]' relative to clock CLK_ADC for both max and min. Make sure this reflects the design intent.
set_output_delay -clock [get_clocks CLK_ADC] 0.000 [get_ports -quiet {EVENT_VALID EVENT_DATA* EVENT_LAST EVENT_CHUNK_ID* EVENT_TIMESTAMP* EVENT_SCORE* RING_MISS_COUNT* CHUNK_OVERFLOW}]
/home/work1/Works/AI-Trigger-System/HDL/constraints/ai_trigger_ooc.xdc (Line: 25)
Related violations: <none>

XDCH-2#1716 Warning
Same min and max delay values on IO port  
The same output delay of 0.000 ns has been defined on port 'EVENT_TIMESTAMP[21]' relative to clock CLK_ADC for both max and min. Make sure this reflects the design intent.
set_output_delay -clock [get_clocks CLK_ADC] 0.000 [get_ports -quiet {EVENT_VALID EVENT_DATA* EVENT_LAST EVENT_CHUNK_ID* EVENT_TIMESTAMP* EVENT_SCORE* RING_MISS_COUNT* CHUNK_OVERFLOW}]
/home/work1/Works/AI-Trigger-System/HDL/constraints/ai_trigger_ooc.xdc (Line: 25)
Related violations: <none>

XDCH-2#1717 Warning
Same min and max delay values on IO port  
The same output delay of 0.000 ns has been defined on port 'EVENT_TIMESTAMP[22]' relative to clock CLK_ADC for both max and min. Make sure this reflects the design intent.
set_output_delay -clock [get_clocks CLK_ADC] 0.000 [get_ports -quiet {EVENT_VALID EVENT_DATA* EVENT_LAST EVENT_CHUNK_ID* EVENT_TIMESTAMP* EVENT_SCORE* RING_MISS_COUNT* CHUNK_OVERFLOW}]
/home/work1/Works/AI-Trigger-System/HDL/constraints/ai_trigger_ooc.xdc (Line: 25)
Related violations: <none>

XDCH-2#1718 Warning
Same min and max delay values on IO port  
The same output delay of 0.000 ns has been defined on port 'EVENT_TIMESTAMP[23]' relative to clock CLK_ADC for both max and min. Make sure this reflects the design intent.
set_output_delay -clock [get_clocks CLK_ADC] 0.000 [get_ports -quiet {EVENT_VALID EVENT_DATA* EVENT_LAST EVENT_CHUNK_ID* EVENT_TIMESTAMP* EVENT_SCORE* RING_MISS_COUNT* CHUNK_OVERFLOW}]
/home/work1/Works/AI-Trigger-System/HDL/constraints/ai_trigger_ooc.xdc (Line: 25)
Related violations: <none>

XDCH-2#1719 Warning
Same min and max delay values on IO port  
The same output delay of 0.000 ns has been defined on port 'EVENT_TIMESTAMP[2]' relative to clock CLK_ADC for both max and min. Make sure this reflects the design intent.
set_output_delay -clock [get_clocks CLK_ADC] 0.000 [get_ports -quiet {EVENT_VALID EVENT_DATA* EVENT_LAST EVENT_CHUNK_ID* EVENT_TIMESTAMP* EVENT_SCORE* RING_MISS_COUNT* CHUNK_OVERFLOW}]
/home/work1/Works/AI-Trigger-System/HDL/constraints/ai_trigger_ooc.xdc (Line: 25)
Related violations: <none>

XDCH-2#1720 Warning
Same min and max delay values on IO port  
The same output delay of 0.000 ns has been defined on port 'EVENT_TIMESTAMP[3]' relative to clock CLK_ADC for both max and min. Make sure this reflects the design intent.
set_output_delay -clock [get_clocks CLK_ADC] 0.000 [get_ports -quiet {EVENT_VALID EVENT_DATA* EVENT_LAST EVENT_CHUNK_ID* EVENT_TIMESTAMP* EVENT_SCORE* RING_MISS_COUNT* CHUNK_OVERFLOW}]
/home/work1/Works/AI-Trigger-System/HDL/constraints/ai_trigger_ooc.xdc (Line: 25)
Related violations: <none>

XDCH-2#1721 Warning
Same min and max delay values on IO port  
The same output delay of 0.000 ns has been defined on port 'EVENT_TIMESTAMP[4]' relative to clock CLK_ADC for both max and min. Make sure this reflects the design intent.
set_output_delay -clock [get_clocks CLK_ADC] 0.000 [get_ports -quiet {EVENT_VALID EVENT_DATA* EVENT_LAST EVENT_CHUNK_ID* EVENT_TIMESTAMP* EVENT_SCORE* RING_MISS_COUNT* CHUNK_OVERFLOW}]
/home/work1/Works/AI-Trigger-System/HDL/constraints/ai_trigger_ooc.xdc (Line: 25)
Related violations: <none>

XDCH-2#1722 Warning
Same min and max delay values on IO port  
The same output delay of 0.000 ns has been defined on port 'EVENT_TIMESTAMP[5]' relative to clock CLK_ADC for both max and min. Make sure this reflects the design intent.
set_output_delay -clock [get_clocks CLK_ADC] 0.000 [get_ports -quiet {EVENT_VALID EVENT_DATA* EVENT_LAST EVENT_CHUNK_ID* EVENT_TIMESTAMP* EVENT_SCORE* RING_MISS_COUNT* CHUNK_OVERFLOW}]
/home/work1/Works/AI-Trigger-System/HDL/constraints/ai_trigger_ooc.xdc (Line: 25)
Related violations: <none>

XDCH-2#1723 Warning
Same min and max delay values on IO port  
The same output delay of 0.000 ns has been defined on port 'EVENT_TIMESTAMP[6]' relative to clock CLK_ADC for both max and min. Make sure this reflects the design intent.
set_output_delay -clock [get_clocks CLK_ADC] 0.000 [get_ports -quiet {EVENT_VALID EVENT_DATA* EVENT_LAST EVENT_CHUNK_ID* EVENT_TIMESTAMP* EVENT_SCORE* RING_MISS_COUNT* CHUNK_OVERFLOW}]
/home/work1/Works/AI-Trigger-System/HDL/constraints/ai_trigger_ooc.xdc (Line: 25)
Related violations: <none>

XDCH-2#1724 Warning
Same min and max delay values on IO port  
The same output delay of 0.000 ns has been defined on port 'EVENT_TIMESTAMP[7]' relative to clock CLK_ADC for both max and min. Make sure this reflects the design intent.
set_output_delay -clock [get_clocks CLK_ADC] 0.000 [get_ports -quiet {EVENT_VALID EVENT_DATA* EVENT_LAST EVENT_CHUNK_ID* EVENT_TIMESTAMP* EVENT_SCORE* RING_MISS_COUNT* CHUNK_OVERFLOW}]
/home/work1/Works/AI-Trigger-System/HDL/constraints/ai_trigger_ooc.xdc (Line: 25)
Related violations: <none>

XDCH-2#1725 Warning
Same min and max delay values on IO port  
The same output delay of 0.000 ns has been defined on port 'EVENT_TIMESTAMP[8]' relative to clock CLK_ADC for both max and min. Make sure this reflects the design intent.
set_output_delay -clock [get_clocks CLK_ADC] 0.000 [get_ports -quiet {EVENT_VALID EVENT_DATA* EVENT_LAST EVENT_CHUNK_ID* EVENT_TIMESTAMP* EVENT_SCORE* RING_MISS_COUNT* CHUNK_OVERFLOW}]
/home/work1/Works/AI-Trigger-System/HDL/constraints/ai_trigger_ooc.xdc (Line: 25)
Related violations: <none>

XDCH-2#1726 Warning
Same min and max delay values on IO port  
The same output delay of 0.000 ns has been defined on port 'EVENT_TIMESTAMP[9]' relative to clock CLK_ADC for both max and min. Make sure this reflects the design intent.
set_output_delay -clock [get_clocks CLK_ADC] 0.000 [get_ports -quiet {EVENT_VALID EVENT_DATA* EVENT_LAST EVENT_CHUNK_ID* EVENT_TIMESTAMP* EVENT_SCORE* RING_MISS_COUNT* CHUNK_OVERFLOW}]
/home/work1/Works/AI-Trigger-System/HDL/constraints/ai_trigger_ooc.xdc (Line: 25)
Related violations: <none>

XDCH-2#1727 Warning
Same min and max delay values on IO port  
The same output delay of 0.000 ns has been defined on port 'EVENT_VALID' relative to clock CLK_ADC for both max and min. Make sure this reflects the design intent.
set_output_delay -clock [get_clocks CLK_ADC] 0.000 [get_ports -quiet {EVENT_VALID EVENT_DATA* EVENT_LAST EVENT_CHUNK_ID* EVENT_TIMESTAMP* EVENT_SCORE* RING_MISS_COUNT* CHUNK_OVERFLOW}]
/home/work1/Works/AI-Trigger-System/HDL/constraints/ai_trigger_ooc.xdc (Line: 25)
Related violations: <none>

XDCH-2#1728 Warning
Same min and max delay values on IO port  
The same output delay of 0.000 ns has been defined on port 'RING_MISS_COUNT[0]' relative to clock CLK_ADC for both max and min. Make sure this reflects the design intent.
set_output_delay -clock [get_clocks CLK_ADC] 0.000 [get_ports -quiet {EVENT_VALID EVENT_DATA* EVENT_LAST EVENT_CHUNK_ID* EVENT_TIMESTAMP* EVENT_SCORE* RING_MISS_COUNT* CHUNK_OVERFLOW}]
/home/work1/Works/AI-Trigger-System/HDL/constraints/ai_trigger_ooc.xdc (Line: 25)
Related violations: <none>

XDCH-2#1729 Warning
Same min and max delay values on IO port  
The same output delay of 0.000 ns has been defined on port 'RING_MISS_COUNT[10]' relative to clock CLK_ADC for both max and min. Make sure this reflects the design intent.
set_output_delay -clock [get_clocks CLK_ADC] 0.000 [get_ports -quiet {EVENT_VALID EVENT_DATA* EVENT_LAST EVENT_CHUNK_ID* EVENT_TIMESTAMP* EVENT_SCORE* RING_MISS_COUNT* CHUNK_OVERFLOW}]
/home/work1/Works/AI-Trigger-System/HDL/constraints/ai_trigger_ooc.xdc (Line: 25)
Related violations: <none>

XDCH-2#1730 Warning
Same min and max delay values on IO port  
The same output delay of 0.000 ns has been defined on port 'RING_MISS_COUNT[11]' relative to clock CLK_ADC for both max and min. Make sure this reflects the design intent.
set_output_delay -clock [get_clocks CLK_ADC] 0.000 [get_ports -quiet {EVENT_VALID EVENT_DATA* EVENT_LAST EVENT_CHUNK_ID* EVENT_TIMESTAMP* EVENT_SCORE* RING_MISS_COUNT* CHUNK_OVERFLOW}]
/home/work1/Works/AI-Trigger-System/HDL/constraints/ai_trigger_ooc.xdc (Line: 25)
Related violations: <none>

XDCH-2#1731 Warning
Same min and max delay values on IO port  
The same output delay of 0.000 ns has been defined on port 'RING_MISS_COUNT[12]' relative to clock CLK_ADC for both max and min. Make sure this reflects the design intent.
set_output_delay -clock [get_clocks CLK_ADC] 0.000 [get_ports -quiet {EVENT_VALID EVENT_DATA* EVENT_LAST EVENT_CHUNK_ID* EVENT_TIMESTAMP* EVENT_SCORE* RING_MISS_COUNT* CHUNK_OVERFLOW}]
/home/work1/Works/AI-Trigger-System/HDL/constraints/ai_trigger_ooc.xdc (Line: 25)
Related violations: <none>

XDCH-2#1732 Warning
Same min and max delay values on IO port  
The same output delay of 0.000 ns has been defined on port 'RING_MISS_COUNT[13]' relative to clock CLK_ADC for both max and min. Make sure this reflects the design intent.
set_output_delay -clock [get_clocks CLK_ADC] 0.000 [get_ports -quiet {EVENT_VALID EVENT_DATA* EVENT_LAST EVENT_CHUNK_ID* EVENT_TIMESTAMP* EVENT_SCORE* RING_MISS_COUNT* CHUNK_OVERFLOW}]
/home/work1/Works/AI-Trigger-System/HDL/constraints/ai_trigger_ooc.xdc (Line: 25)
Related violations: <none>

XDCH-2#1733 Warning
Same min and max delay values on IO port  
The same output delay of 0.000 ns has been defined on port 'RING_MISS_COUNT[14]' relative to clock CLK_ADC for both max and min. Make sure this reflects the design intent.
set_output_delay -clock [get_clocks CLK_ADC] 0.000 [get_ports -quiet {EVENT_VALID EVENT_DATA* EVENT_LAST EVENT_CHUNK_ID* EVENT_TIMESTAMP* EVENT_SCORE* RING_MISS_COUNT* CHUNK_OVERFLOW}]
/home/work1/Works/AI-Trigger-System/HDL/constraints/ai_trigger_ooc.xdc (Line: 25)
Related violations: <none>

XDCH-2#1734 Warning
Same min and max delay values on IO port  
The same output delay of 0.000 ns has been defined on port 'RING_MISS_COUNT[15]' relative to clock CLK_ADC for both max and min. Make sure this reflects the design intent.
set_output_delay -clock [get_clocks CLK_ADC] 0.000 [get_ports -quiet {EVENT_VALID EVENT_DATA* EVENT_LAST EVENT_CHUNK_ID* EVENT_TIMESTAMP* EVENT_SCORE* RING_MISS_COUNT* CHUNK_OVERFLOW}]
/home/work1/Works/AI-Trigger-System/HDL/constraints/ai_trigger_ooc.xdc (Line: 25)
Related violations: <none>

XDCH-2#1735 Warning
Same min and max delay values on IO port  
The same output delay of 0.000 ns has been defined on port 'RING_MISS_COUNT[16]' relative to clock CLK_ADC for both max and min. Make sure this reflects the design intent.
set_output_delay -clock [get_clocks CLK_ADC] 0.000 [get_ports -quiet {EVENT_VALID EVENT_DATA* EVENT_LAST EVENT_CHUNK_ID* EVENT_TIMESTAMP* EVENT_SCORE* RING_MISS_COUNT* CHUNK_OVERFLOW}]
/home/work1/Works/AI-Trigger-System/HDL/constraints/ai_trigger_ooc.xdc (Line: 25)
Related violations: <none>

XDCH-2#1736 Warning
Same min and max delay values on IO port  
The same output delay of 0.000 ns has been defined on port 'RING_MISS_COUNT[17]' relative to clock CLK_ADC for both max and min. Make sure this reflects the design intent.
set_output_delay -clock [get_clocks CLK_ADC] 0.000 [get_ports -quiet {EVENT_VALID EVENT_DATA* EVENT_LAST EVENT_CHUNK_ID* EVENT_TIMESTAMP* EVENT_SCORE* RING_MISS_COUNT* CHUNK_OVERFLOW}]
/home/work1/Works/AI-Trigger-System/HDL/constraints/ai_trigger_ooc.xdc (Line: 25)
Related violations: <none>

XDCH-2#1737 Warning
Same min and max delay values on IO port  
The same output delay of 0.000 ns has been defined on port 'RING_MISS_COUNT[18]' relative to clock CLK_ADC for both max and min. Make sure this reflects the design intent.
set_output_delay -clock [get_clocks CLK_ADC] 0.000 [get_ports -quiet {EVENT_VALID EVENT_DATA* EVENT_LAST EVENT_CHUNK_ID* EVENT_TIMESTAMP* EVENT_SCORE* RING_MISS_COUNT* CHUNK_OVERFLOW}]
/home/work1/Works/AI-Trigger-System/HDL/constraints/ai_trigger_ooc.xdc (Line: 25)
Related violations: <none>

XDCH-2#1738 Warning
Same min and max delay values on IO port  
The same output delay of 0.000 ns has been defined on port 'RING_MISS_COUNT[19]' relative to clock CLK_ADC for both max and min. Make sure this reflects the design intent.
set_output_delay -clock [get_clocks CLK_ADC] 0.000 [get_ports -quiet {EVENT_VALID EVENT_DATA* EVENT_LAST EVENT_CHUNK_ID* EVENT_TIMESTAMP* EVENT_SCORE* RING_MISS_COUNT* CHUNK_OVERFLOW}]
/home/work1/Works/AI-Trigger-System/HDL/constraints/ai_trigger_ooc.xdc (Line: 25)
Related violations: <none>

XDCH-2#1739 Warning
Same min and max delay values on IO port  
The same output delay of 0.000 ns has been defined on port 'RING_MISS_COUNT[1]' relative to clock CLK_ADC for both max and min. Make sure this reflects the design intent.
set_output_delay -clock [get_clocks CLK_ADC] 0.000 [get_ports -quiet {EVENT_VALID EVENT_DATA* EVENT_LAST EVENT_CHUNK_ID* EVENT_TIMESTAMP* EVENT_SCORE* RING_MISS_COUNT* CHUNK_OVERFLOW}]
/home/work1/Works/AI-Trigger-System/HDL/constraints/ai_trigger_ooc.xdc (Line: 25)
Related violations: <none>

XDCH-2#1740 Warning
Same min and max delay values on IO port  
The same output delay of 0.000 ns has been defined on port 'RING_MISS_COUNT[20]' relative to clock CLK_ADC for both max and min. Make sure this reflects the design intent.
set_output_delay -clock [get_clocks CLK_ADC] 0.000 [get_ports -quiet {EVENT_VALID EVENT_DATA* EVENT_LAST EVENT_CHUNK_ID* EVENT_TIMESTAMP* EVENT_SCORE* RING_MISS_COUNT* CHUNK_OVERFLOW}]
/home/work1/Works/AI-Trigger-System/HDL/constraints/ai_trigger_ooc.xdc (Line: 25)
Related violations: <none>

XDCH-2#1741 Warning
Same min and max delay values on IO port  
The same output delay of 0.000 ns has been defined on port 'RING_MISS_COUNT[21]' relative to clock CLK_ADC for both max and min. Make sure this reflects the design intent.
set_output_delay -clock [get_clocks CLK_ADC] 0.000 [get_ports -quiet {EVENT_VALID EVENT_DATA* EVENT_LAST EVENT_CHUNK_ID* EVENT_TIMESTAMP* EVENT_SCORE* RING_MISS_COUNT* CHUNK_OVERFLOW}]
/home/work1/Works/AI-Trigger-System/HDL/constraints/ai_trigger_ooc.xdc (Line: 25)
Related violations: <none>

XDCH-2#1742 Warning
Same min and max delay values on IO port  
The same output delay of 0.000 ns has been defined on port 'RING_MISS_COUNT[22]' relative to clock CLK_ADC for both max and min. Make sure this reflects the design intent.
set_output_delay -clock [get_clocks CLK_ADC] 0.000 [get_ports -quiet {EVENT_VALID EVENT_DATA* EVENT_LAST EVENT_CHUNK_ID* EVENT_TIMESTAMP* EVENT_SCORE* RING_MISS_COUNT* CHUNK_OVERFLOW}]
/home/work1/Works/AI-Trigger-System/HDL/constraints/ai_trigger_ooc.xdc (Line: 25)
Related violations: <none>

XDCH-2#1743 Warning
Same min and max delay values on IO port  
The same output delay of 0.000 ns has been defined on port 'RING_MISS_COUNT[23]' relative to clock CLK_ADC for both max and min. Make sure this reflects the design intent.
set_output_delay -clock [get_clocks CLK_ADC] 0.000 [get_ports -quiet {EVENT_VALID EVENT_DATA* EVENT_LAST EVENT_CHUNK_ID* EVENT_TIMESTAMP* EVENT_SCORE* RING_MISS_COUNT* CHUNK_OVERFLOW}]
/home/work1/Works/AI-Trigger-System/HDL/constraints/ai_trigger_ooc.xdc (Line: 25)
Related violations: <none>

XDCH-2#1744 Warning
Same min and max delay values on IO port  
The same output delay of 0.000 ns has been defined on port 'RING_MISS_COUNT[24]' relative to clock CLK_ADC for both max and min. Make sure this reflects the design intent.
set_output_delay -clock [get_clocks CLK_ADC] 0.000 [get_ports -quiet {EVENT_VALID EVENT_DATA* EVENT_LAST EVENT_CHUNK_ID* EVENT_TIMESTAMP* EVENT_SCORE* RING_MISS_COUNT* CHUNK_OVERFLOW}]
/home/work1/Works/AI-Trigger-System/HDL/constraints/ai_trigger_ooc.xdc (Line: 25)
Related violations: <none>

XDCH-2#1745 Warning
Same min and max delay values on IO port  
The same output delay of 0.000 ns has been defined on port 'RING_MISS_COUNT[25]' relative to clock CLK_ADC for both max and min. Make sure this reflects the design intent.
set_output_delay -clock [get_clocks CLK_ADC] 0.000 [get_ports -quiet {EVENT_VALID EVENT_DATA* EVENT_LAST EVENT_CHUNK_ID* EVENT_TIMESTAMP* EVENT_SCORE* RING_MISS_COUNT* CHUNK_OVERFLOW}]
/home/work1/Works/AI-Trigger-System/HDL/constraints/ai_trigger_ooc.xdc (Line: 25)
Related violations: <none>

XDCH-2#1746 Warning
Same min and max delay values on IO port  
The same output delay of 0.000 ns has been defined on port 'RING_MISS_COUNT[26]' relative to clock CLK_ADC for both max and min. Make sure this reflects the design intent.
set_output_delay -clock [get_clocks CLK_ADC] 0.000 [get_ports -quiet {EVENT_VALID EVENT_DATA* EVENT_LAST EVENT_CHUNK_ID* EVENT_TIMESTAMP* EVENT_SCORE* RING_MISS_COUNT* CHUNK_OVERFLOW}]
/home/work1/Works/AI-Trigger-System/HDL/constraints/ai_trigger_ooc.xdc (Line: 25)
Related violations: <none>

XDCH-2#1747 Warning
Same min and max delay values on IO port  
The same output delay of 0.000 ns has been defined on port 'RING_MISS_COUNT[27]' relative to clock CLK_ADC for both max and min. Make sure this reflects the design intent.
set_output_delay -clock [get_clocks CLK_ADC] 0.000 [get_ports -quiet {EVENT_VALID EVENT_DATA* EVENT_LAST EVENT_CHUNK_ID* EVENT_TIMESTAMP* EVENT_SCORE* RING_MISS_COUNT* CHUNK_OVERFLOW}]
/home/work1/Works/AI-Trigger-System/HDL/constraints/ai_trigger_ooc.xdc (Line: 25)
Related violations: <none>

XDCH-2#1748 Warning
Same min and max delay values on IO port  
The same output delay of 0.000 ns has been defined on port 'RING_MISS_COUNT[28]' relative to clock CLK_ADC for both max and min. Make sure this reflects the design intent.
set_output_delay -clock [get_clocks CLK_ADC] 0.000 [get_ports -quiet {EVENT_VALID EVENT_DATA* EVENT_LAST EVENT_CHUNK_ID* EVENT_TIMESTAMP* EVENT_SCORE* RING_MISS_COUNT* CHUNK_OVERFLOW}]
/home/work1/Works/AI-Trigger-System/HDL/constraints/ai_trigger_ooc.xdc (Line: 25)
Related violations: <none>

XDCH-2#1749 Warning
Same min and max delay values on IO port  
The same output delay of 0.000 ns has been defined on port 'RING_MISS_COUNT[29]' relative to clock CLK_ADC for both max and min. Make sure this reflects the design intent.
set_output_delay -clock [get_clocks CLK_ADC] 0.000 [get_ports -quiet {EVENT_VALID EVENT_DATA* EVENT_LAST EVENT_CHUNK_ID* EVENT_TIMESTAMP* EVENT_SCORE* RING_MISS_COUNT* CHUNK_OVERFLOW}]
/home/work1/Works/AI-Trigger-System/HDL/constraints/ai_trigger_ooc.xdc (Line: 25)
Related violations: <none>

XDCH-2#1750 Warning
Same min and max delay values on IO port  
The same output delay of 0.000 ns has been defined on port 'RING_MISS_COUNT[2]' relative to clock CLK_ADC for both max and min. Make sure this reflects the design intent.
set_output_delay -clock [get_clocks CLK_ADC] 0.000 [get_ports -quiet {EVENT_VALID EVENT_DATA* EVENT_LAST EVENT_CHUNK_ID* EVENT_TIMESTAMP* EVENT_SCORE* RING_MISS_COUNT* CHUNK_OVERFLOW}]
/home/work1/Works/AI-Trigger-System/HDL/constraints/ai_trigger_ooc.xdc (Line: 25)
Related violations: <none>

XDCH-2#1751 Warning
Same min and max delay values on IO port  
The same output delay of 0.000 ns has been defined on port 'RING_MISS_COUNT[30]' relative to clock CLK_ADC for both max and min. Make sure this reflects the design intent.
set_output_delay -clock [get_clocks CLK_ADC] 0.000 [get_ports -quiet {EVENT_VALID EVENT_DATA* EVENT_LAST EVENT_CHUNK_ID* EVENT_TIMESTAMP* EVENT_SCORE* RING_MISS_COUNT* CHUNK_OVERFLOW}]
/home/work1/Works/AI-Trigger-System/HDL/constraints/ai_trigger_ooc.xdc (Line: 25)
Related violations: <none>

XDCH-2#1752 Warning
Same min and max delay values on IO port  
The same output delay of 0.000 ns has been defined on port 'RING_MISS_COUNT[31]' relative to clock CLK_ADC for both max and min. Make sure this reflects the design intent.
set_output_delay -clock [get_clocks CLK_ADC] 0.000 [get_ports -quiet {EVENT_VALID EVENT_DATA* EVENT_LAST EVENT_CHUNK_ID* EVENT_TIMESTAMP* EVENT_SCORE* RING_MISS_COUNT* CHUNK_OVERFLOW}]
/home/work1/Works/AI-Trigger-System/HDL/constraints/ai_trigger_ooc.xdc (Line: 25)
Related violations: <none>

XDCH-2#1753 Warning
Same min and max delay values on IO port  
The same output delay of 0.000 ns has been defined on port 'RING_MISS_COUNT[3]' relative to clock CLK_ADC for both max and min. Make sure this reflects the design intent.
set_output_delay -clock [get_clocks CLK_ADC] 0.000 [get_ports -quiet {EVENT_VALID EVENT_DATA* EVENT_LAST EVENT_CHUNK_ID* EVENT_TIMESTAMP* EVENT_SCORE* RING_MISS_COUNT* CHUNK_OVERFLOW}]
/home/work1/Works/AI-Trigger-System/HDL/constraints/ai_trigger_ooc.xdc (Line: 25)
Related violations: <none>

XDCH-2#1754 Warning
Same min and max delay values on IO port  
The same output delay of 0.000 ns has been defined on port 'RING_MISS_COUNT[4]' relative to clock CLK_ADC for both max and min. Make sure this reflects the design intent.
set_output_delay -clock [get_clocks CLK_ADC] 0.000 [get_ports -quiet {EVENT_VALID EVENT_DATA* EVENT_LAST EVENT_CHUNK_ID* EVENT_TIMESTAMP* EVENT_SCORE* RING_MISS_COUNT* CHUNK_OVERFLOW}]
/home/work1/Works/AI-Trigger-System/HDL/constraints/ai_trigger_ooc.xdc (Line: 25)
Related violations: <none>

XDCH-2#1755 Warning
Same min and max delay values on IO port  
The same output delay of 0.000 ns has been defined on port 'RING_MISS_COUNT[5]' relative to clock CLK_ADC for both max and min. Make sure this reflects the design intent.
set_output_delay -clock [get_clocks CLK_ADC] 0.000 [get_ports -quiet {EVENT_VALID EVENT_DATA* EVENT_LAST EVENT_CHUNK_ID* EVENT_TIMESTAMP* EVENT_SCORE* RING_MISS_COUNT* CHUNK_OVERFLOW}]
/home/work1/Works/AI-Trigger-System/HDL/constraints/ai_trigger_ooc.xdc (Line: 25)
Related violations: <none>

XDCH-2#1756 Warning
Same min and max delay values on IO port  
The same output delay of 0.000 ns has been defined on port 'RING_MISS_COUNT[6]' relative to clock CLK_ADC for both max and min. Make sure this reflects the design intent.
set_output_delay -clock [get_clocks CLK_ADC] 0.000 [get_ports -quiet {EVENT_VALID EVENT_DATA* EVENT_LAST EVENT_CHUNK_ID* EVENT_TIMESTAMP* EVENT_SCORE* RING_MISS_COUNT* CHUNK_OVERFLOW}]
/home/work1/Works/AI-Trigger-System/HDL/constraints/ai_trigger_ooc.xdc (Line: 25)
Related violations: <none>

XDCH-2#1757 Warning
Same min and max delay values on IO port  
The same output delay of 0.000 ns has been defined on port 'RING_MISS_COUNT[7]' relative to clock CLK_ADC for both max and min. Make sure this reflects the design intent.
set_output_delay -clock [get_clocks CLK_ADC] 0.000 [get_ports -quiet {EVENT_VALID EVENT_DATA* EVENT_LAST EVENT_CHUNK_ID* EVENT_TIMESTAMP* EVENT_SCORE* RING_MISS_COUNT* CHUNK_OVERFLOW}]
/home/work1/Works/AI-Trigger-System/HDL/constraints/ai_trigger_ooc.xdc (Line: 25)
Related violations: <none>

XDCH-2#1758 Warning
Same min and max delay values on IO port  
The same output delay of 0.000 ns has been defined on port 'RING_MISS_COUNT[8]' relative to clock CLK_ADC for both max and min. Make sure this reflects the design intent.
set_output_delay -clock [get_clocks CLK_ADC] 0.000 [get_ports -quiet {EVENT_VALID EVENT_DATA* EVENT_LAST EVENT_CHUNK_ID* EVENT_TIMESTAMP* EVENT_SCORE* RING_MISS_COUNT* CHUNK_OVERFLOW}]
/home/work1/Works/AI-Trigger-System/HDL/constraints/ai_trigger_ooc.xdc (Line: 25)
Related violations: <none>

XDCH-2#1759 Warning
Same min and max delay values on IO port  
The same output delay of 0.000 ns has been defined on port 'RING_MISS_COUNT[9]' relative to clock CLK_ADC for both max and min. Make sure this reflects the design intent.
set_output_delay -clock [get_clocks CLK_ADC] 0.000 [get_ports -quiet {EVENT_VALID EVENT_DATA* EVENT_LAST EVENT_CHUNK_ID* EVENT_TIMESTAMP* EVENT_SCORE* RING_MISS_COUNT* CHUNK_OVERFLOW}]
/home/work1/Works/AI-Trigger-System/HDL/constraints/ai_trigger_ooc.xdc (Line: 25)
Related violations: <none>


