Copyright 1986-2022 Xilinx, Inc. All Rights Reserved. Copyright 2022-2023 Advanced Micro Devices, Inc. All Rights Reserved.
---------------------------------------------------------------------------------------------------------------------------------------------------
| Tool Version      : Vivado v.2023.2 (lin64) Build 4029153 Fri Oct 13 20:13:54 MDT 2023
| Date              : Mon Jul  6 22:04:05 2026
| Host              : AlbertsUbuntu running 64-bit Ubuntu 22.04.5 LTS
| Command           : report_cdc -details -file /home/work1/Works/AI-Trigger-System/build/vivado_ooc_ai_trigger/reports/post_synth_cdc_details.rpt
| Design            : AI_TRIGGER_TOP
| Device            : xcku5p-ffvb676
| Speed File        : -2  PRODUCTION 1.29 05-01-2022
| Design State      : Synthesized
| Temperature Grade : E
---------------------------------------------------------------------------------------------------------------------------------------------------

CDC Report

ID      Severity  Count  Description
------  --------  -----  ----------------------------------------------
CDC-1   Critical     40  1-bit unknown CDC circuitry
CDC-3   Info         27  1-bit synchronized with ASYNC_REG property
CDC-6   Warning      20  Multi-bit synchronized with ASYNC_REG property
CDC-15  Warning     272  Clock enable controlled CDC structure detected
CDC-26  Warning       2  LUTRAM read/write potential collision

Source Clock: CLK_CNN
Destination Clock: CLK_ADC
CDC Type: No Common Primary Clock

Row  ID      Severity  Description                                     Depth  Exception            Source (From)                                                                                                                   Destination (To)
---  ------  --------  ----------------------------------------------  -----  -------------------  ------------------------------------------------------------------------------------------------------------------------------  ---------------------------------------------------------------------------------------------------------------------------------------
  1  CDC-3   Info      1-bit synchronized with ASYNC_REG property          2  Asynch Clock Groups  u_CORE/gen_lanes[0].u_LANE/stream_done_toggle_cnn_reg/C                                                                         u_CORE/gen_lanes[0].u_LANE/stream_done_adc_ff_reg[0]/D
  2  CDC-3   Info      1-bit synchronized with ASYNC_REG property          2  Asynch Clock Groups  u_CORE/gen_lanes[0].u_LANE/u_CHUNK_ID_CDC/dest_req_ff_reg/C                                                                     u_CORE/gen_lanes[0].u_LANE/u_CHUNK_ID_CDC/xpm_cdc_single_dest2src_inst/syncstages_ff_reg[0]/D
  3  CDC-6   Warning   Multi-bit synchronized with ASYNC_REG property      2  Asynch Clock Groups  u_CORE/gen_lanes[0].u_LANE/u_FIFO/gnuram_async_fifo.xpm_fifo_base_inst/gen_cdc_pntr.rd_pntr_cdc_dc_inst/src_gray_ff_reg[8:0]/C  u_CORE/gen_lanes[0].u_LANE/u_FIFO/gnuram_async_fifo.xpm_fifo_base_inst/gen_cdc_pntr.rd_pntr_cdc_dc_inst/dest_graysync_ff_reg[0][8:0]/D
  4  CDC-6   Warning   Multi-bit synchronized with ASYNC_REG property      2  Asynch Clock Groups  u_CORE/gen_lanes[0].u_LANE/u_FIFO/gnuram_async_fifo.xpm_fifo_base_inst/gen_cdc_pntr.rd_pntr_cdc_inst/src_gray_ff_reg[7:0]/C     u_CORE/gen_lanes[0].u_LANE/u_FIFO/gnuram_async_fifo.xpm_fifo_base_inst/gen_cdc_pntr.rd_pntr_cdc_inst/dest_graysync_ff_reg[0][7:0]/D
  5  CDC-3   Info      1-bit synchronized with ASYNC_REG property          2  Asynch Clock Groups  u_CORE/gen_lanes[0].u_LANE/u_FIFO/gnuram_async_fifo.xpm_fifo_base_inst/xpm_fifo_rst_inst/gen_rst_ic.fifo_rd_rst_ic_reg/C        u_CORE/gen_lanes[0].u_LANE/u_FIFO/gnuram_async_fifo.xpm_fifo_base_inst/xpm_fifo_rst_inst/gen_rst_ic.rrst_wr_inst/syncstages_ff_reg[0]/D
  6  CDC-3   Info      1-bit synchronized with ASYNC_REG property          2  Asynch Clock Groups  u_CORE/gen_lanes[1].u_LANE/stream_done_toggle_cnn_reg/C                                                                         u_CORE/gen_lanes[1].u_LANE/stream_done_adc_ff_reg[0]/D
  7  CDC-3   Info      1-bit synchronized with ASYNC_REG property          2  Asynch Clock Groups  u_CORE/gen_lanes[1].u_LANE/u_CHUNK_ID_CDC/dest_req_ff_reg/C                                                                     u_CORE/gen_lanes[1].u_LANE/u_CHUNK_ID_CDC/xpm_cdc_single_dest2src_inst/syncstages_ff_reg[0]/D
  8  CDC-6   Warning   Multi-bit synchronized with ASYNC_REG property      2  Asynch Clock Groups  u_CORE/gen_lanes[1].u_LANE/u_FIFO/gnuram_async_fifo.xpm_fifo_base_inst/gen_cdc_pntr.rd_pntr_cdc_dc_inst/src_gray_ff_reg[8:0]/C  u_CORE/gen_lanes[1].u_LANE/u_FIFO/gnuram_async_fifo.xpm_fifo_base_inst/gen_cdc_pntr.rd_pntr_cdc_dc_inst/dest_graysync_ff_reg[0][8:0]/D
  9  CDC-6   Warning   Multi-bit synchronized with ASYNC_REG property      2  Asynch Clock Groups  u_CORE/gen_lanes[1].u_LANE/u_FIFO/gnuram_async_fifo.xpm_fifo_base_inst/gen_cdc_pntr.rd_pntr_cdc_inst/src_gray_ff_reg[7:0]/C     u_CORE/gen_lanes[1].u_LANE/u_FIFO/gnuram_async_fifo.xpm_fifo_base_inst/gen_cdc_pntr.rd_pntr_cdc_inst/dest_graysync_ff_reg[0][7:0]/D
 10  CDC-3   Info      1-bit synchronized with ASYNC_REG property          2  Asynch Clock Groups  u_CORE/gen_lanes[1].u_LANE/u_FIFO/gnuram_async_fifo.xpm_fifo_base_inst/xpm_fifo_rst_inst/gen_rst_ic.fifo_rd_rst_ic_reg/C        u_CORE/gen_lanes[1].u_LANE/u_FIFO/gnuram_async_fifo.xpm_fifo_base_inst/xpm_fifo_rst_inst/gen_rst_ic.rrst_wr_inst/syncstages_ff_reg[0]/D
 11  CDC-3   Info      1-bit synchronized with ASYNC_REG property          2  Asynch Clock Groups  u_CORE/gen_lanes[2].u_LANE/stream_done_toggle_cnn_reg/C                                                                         u_CORE/gen_lanes[2].u_LANE/stream_done_adc_ff_reg[0]/D
 12  CDC-3   Info      1-bit synchronized with ASYNC_REG property          2  Asynch Clock Groups  u_CORE/gen_lanes[2].u_LANE/u_CHUNK_ID_CDC/dest_req_ff_reg/C                                                                     u_CORE/gen_lanes[2].u_LANE/u_CHUNK_ID_CDC/xpm_cdc_single_dest2src_inst/syncstages_ff_reg[0]/D
 13  CDC-6   Warning   Multi-bit synchronized with ASYNC_REG property      2  Asynch Clock Groups  u_CORE/gen_lanes[2].u_LANE/u_FIFO/gnuram_async_fifo.xpm_fifo_base_inst/gen_cdc_pntr.rd_pntr_cdc_dc_inst/src_gray_ff_reg[8:0]/C  u_CORE/gen_lanes[2].u_LANE/u_FIFO/gnuram_async_fifo.xpm_fifo_base_inst/gen_cdc_pntr.rd_pntr_cdc_dc_inst/dest_graysync_ff_reg[0][8:0]/D
 14  CDC-6   Warning   Multi-bit synchronized with ASYNC_REG property      2  Asynch Clock Groups  u_CORE/gen_lanes[2].u_LANE/u_FIFO/gnuram_async_fifo.xpm_fifo_base_inst/gen_cdc_pntr.rd_pntr_cdc_inst/src_gray_ff_reg[7:0]/C     u_CORE/gen_lanes[2].u_LANE/u_FIFO/gnuram_async_fifo.xpm_fifo_base_inst/gen_cdc_pntr.rd_pntr_cdc_inst/dest_graysync_ff_reg[0][7:0]/D
 15  CDC-3   Info      1-bit synchronized with ASYNC_REG property          2  Asynch Clock Groups  u_CORE/gen_lanes[2].u_LANE/u_FIFO/gnuram_async_fifo.xpm_fifo_base_inst/xpm_fifo_rst_inst/gen_rst_ic.fifo_rd_rst_ic_reg/C        u_CORE/gen_lanes[2].u_LANE/u_FIFO/gnuram_async_fifo.xpm_fifo_base_inst/xpm_fifo_rst_inst/gen_rst_ic.rrst_wr_inst/syncstages_ff_reg[0]/D
 16  CDC-3   Info      1-bit synchronized with ASYNC_REG property          2  Asynch Clock Groups  u_CORE/gen_lanes[3].u_LANE/stream_done_toggle_cnn_reg/C                                                                         u_CORE/gen_lanes[3].u_LANE/stream_done_adc_ff_reg[0]/D
 17  CDC-3   Info      1-bit synchronized with ASYNC_REG property          2  Asynch Clock Groups  u_CORE/gen_lanes[3].u_LANE/u_CHUNK_ID_CDC/dest_req_ff_reg/C                                                                     u_CORE/gen_lanes[3].u_LANE/u_CHUNK_ID_CDC/xpm_cdc_single_dest2src_inst/syncstages_ff_reg[0]/D
 18  CDC-6   Warning   Multi-bit synchronized with ASYNC_REG property      2  Asynch Clock Groups  u_CORE/gen_lanes[3].u_LANE/u_FIFO/gnuram_async_fifo.xpm_fifo_base_inst/gen_cdc_pntr.rd_pntr_cdc_dc_inst/src_gray_ff_reg[8:0]/C  u_CORE/gen_lanes[3].u_LANE/u_FIFO/gnuram_async_fifo.xpm_fifo_base_inst/gen_cdc_pntr.rd_pntr_cdc_dc_inst/dest_graysync_ff_reg[0][8:0]/D
 19  CDC-6   Warning   Multi-bit synchronized with ASYNC_REG property      2  Asynch Clock Groups  u_CORE/gen_lanes[3].u_LANE/u_FIFO/gnuram_async_fifo.xpm_fifo_base_inst/gen_cdc_pntr.rd_pntr_cdc_inst/src_gray_ff_reg[7:0]/C     u_CORE/gen_lanes[3].u_LANE/u_FIFO/gnuram_async_fifo.xpm_fifo_base_inst/gen_cdc_pntr.rd_pntr_cdc_inst/dest_graysync_ff_reg[0][7:0]/D
 20  CDC-3   Info      1-bit synchronized with ASYNC_REG property          2  Asynch Clock Groups  u_CORE/gen_lanes[3].u_LANE/u_FIFO/gnuram_async_fifo.xpm_fifo_base_inst/xpm_fifo_rst_inst/gen_rst_ic.fifo_rd_rst_ic_reg/C        u_CORE/gen_lanes[3].u_LANE/u_FIFO/gnuram_async_fifo.xpm_fifo_base_inst/xpm_fifo_rst_inst/gen_rst_ic.rrst_wr_inst/syncstages_ff_reg[0]/D
 21  CDC-3   Info      1-bit synchronized with ASYNC_REG property          2  Asynch Clock Groups  u_CORE/gen_lanes[4].u_LANE/stream_done_toggle_cnn_reg/C                                                                         u_CORE/gen_lanes[4].u_LANE/stream_done_adc_ff_reg[0]/D
 22  CDC-3   Info      1-bit synchronized with ASYNC_REG property          2  Asynch Clock Groups  u_CORE/gen_lanes[4].u_LANE/u_CHUNK_ID_CDC/dest_req_ff_reg/C                                                                     u_CORE/gen_lanes[4].u_LANE/u_CHUNK_ID_CDC/xpm_cdc_single_dest2src_inst/syncstages_ff_reg[0]/D
 23  CDC-6   Warning   Multi-bit synchronized with ASYNC_REG property      2  Asynch Clock Groups  u_CORE/gen_lanes[4].u_LANE/u_FIFO/gnuram_async_fifo.xpm_fifo_base_inst/gen_cdc_pntr.rd_pntr_cdc_dc_inst/src_gray_ff_reg[8:0]/C  u_CORE/gen_lanes[4].u_LANE/u_FIFO/gnuram_async_fifo.xpm_fifo_base_inst/gen_cdc_pntr.rd_pntr_cdc_dc_inst/dest_graysync_ff_reg[0][8:0]/D
 24  CDC-6   Warning   Multi-bit synchronized with ASYNC_REG property      2  Asynch Clock Groups  u_CORE/gen_lanes[4].u_LANE/u_FIFO/gnuram_async_fifo.xpm_fifo_base_inst/gen_cdc_pntr.rd_pntr_cdc_inst/src_gray_ff_reg[7:0]/C     u_CORE/gen_lanes[4].u_LANE/u_FIFO/gnuram_async_fifo.xpm_fifo_base_inst/gen_cdc_pntr.rd_pntr_cdc_inst/dest_graysync_ff_reg[0][7:0]/D
 25  CDC-3   Info      1-bit synchronized with ASYNC_REG property          2  Asynch Clock Groups  u_CORE/gen_lanes[4].u_LANE/u_FIFO/gnuram_async_fifo.xpm_fifo_base_inst/xpm_fifo_rst_inst/gen_rst_ic.fifo_rd_rst_ic_reg/C        u_CORE/gen_lanes[4].u_LANE/u_FIFO/gnuram_async_fifo.xpm_fifo_base_inst/xpm_fifo_rst_inst/gen_rst_ic.rrst_wr_inst/syncstages_ff_reg[0]/D
 26  CDC-15  Warning   Clock enable controlled CDC structure detected      0  Asynch Clock Groups  u_CORE/u_EVENT_PATH/u_trigger_cdc/u_TRIGGER_CDC/src_hsdata_ff_reg[0]/C                                                          u_CORE/u_EVENT_PATH/u_trigger_cdc/u_TRIGGER_CDC/dest_hsdata_ff_reg[0]/D
 27  CDC-15  Warning   Clock enable controlled CDC structure detected      0  Asynch Clock Groups  u_CORE/u_EVENT_PATH/u_trigger_cdc/u_TRIGGER_CDC/src_hsdata_ff_reg[1]/C                                                          u_CORE/u_EVENT_PATH/u_trigger_cdc/u_TRIGGER_CDC/dest_hsdata_ff_reg[1]/D
 28  CDC-15  Warning   Clock enable controlled CDC structure detected      0  Asynch Clock Groups  u_CORE/u_EVENT_PATH/u_trigger_cdc/u_TRIGGER_CDC/src_hsdata_ff_reg[2]/C                                                          u_CORE/u_EVENT_PATH/u_trigger_cdc/u_TRIGGER_CDC/dest_hsdata_ff_reg[2]/D
 29  CDC-15  Warning   Clock enable controlled CDC structure detected      0  Asynch Clock Groups  u_CORE/u_EVENT_PATH/u_trigger_cdc/u_TRIGGER_CDC/src_hsdata_ff_reg[3]/C                                                          u_CORE/u_EVENT_PATH/u_trigger_cdc/u_TRIGGER_CDC/dest_hsdata_ff_reg[3]/D
 30  CDC-15  Warning   Clock enable controlled CDC structure detected      0  Asynch Clock Groups  u_CORE/u_EVENT_PATH/u_trigger_cdc/u_TRIGGER_CDC/src_hsdata_ff_reg[4]/C                                                          u_CORE/u_EVENT_PATH/u_trigger_cdc/u_TRIGGER_CDC/dest_hsdata_ff_reg[4]/D
 31  CDC-15  Warning   Clock enable controlled CDC structure detected      0  Asynch Clock Groups  u_CORE/u_EVENT_PATH/u_trigger_cdc/u_TRIGGER_CDC/src_hsdata_ff_reg[5]/C                                                          u_CORE/u_EVENT_PATH/u_trigger_cdc/u_TRIGGER_CDC/dest_hsdata_ff_reg[5]/D
 32  CDC-15  Warning   Clock enable controlled CDC structure detected      0  Asynch Clock Groups  u_CORE/u_EVENT_PATH/u_trigger_cdc/u_TRIGGER_CDC/src_hsdata_ff_reg[6]/C                                                          u_CORE/u_EVENT_PATH/u_trigger_cdc/u_TRIGGER_CDC/dest_hsdata_ff_reg[6]/D
 33  CDC-15  Warning   Clock enable controlled CDC structure detected      0  Asynch Clock Groups  u_CORE/u_EVENT_PATH/u_trigger_cdc/u_TRIGGER_CDC/src_hsdata_ff_reg[7]/C                                                          u_CORE/u_EVENT_PATH/u_trigger_cdc/u_TRIGGER_CDC/dest_hsdata_ff_reg[7]/D
 34  CDC-15  Warning   Clock enable controlled CDC structure detected      0  Asynch Clock Groups  u_CORE/u_EVENT_PATH/u_trigger_cdc/u_TRIGGER_CDC/src_hsdata_ff_reg[8]/C                                                          u_CORE/u_EVENT_PATH/u_trigger_cdc/u_TRIGGER_CDC/dest_hsdata_ff_reg[8]/D
 35  CDC-15  Warning   Clock enable controlled CDC structure detected      0  Asynch Clock Groups  u_CORE/u_EVENT_PATH/u_trigger_cdc/u_TRIGGER_CDC/src_hsdata_ff_reg[9]/C                                                          u_CORE/u_EVENT_PATH/u_trigger_cdc/u_TRIGGER_CDC/dest_hsdata_ff_reg[9]/D
 36  CDC-15  Warning   Clock enable controlled CDC structure detected      0  Asynch Clock Groups  u_CORE/u_EVENT_PATH/u_trigger_cdc/u_TRIGGER_CDC/src_hsdata_ff_reg[10]/C                                                         u_CORE/u_EVENT_PATH/u_trigger_cdc/u_TRIGGER_CDC/dest_hsdata_ff_reg[10]/D
 37  CDC-15  Warning   Clock enable controlled CDC structure detected      0  Asynch Clock Groups  u_CORE/u_EVENT_PATH/u_trigger_cdc/u_TRIGGER_CDC/src_hsdata_ff_reg[11]/C                                                         u_CORE/u_EVENT_PATH/u_trigger_cdc/u_TRIGGER_CDC/dest_hsdata_ff_reg[11]/D
 38  CDC-15  Warning   Clock enable controlled CDC structure detected      0  Asynch Clock Groups  u_CORE/u_EVENT_PATH/u_trigger_cdc/u_TRIGGER_CDC/src_hsdata_ff_reg[12]/C                                                         u_CORE/u_EVENT_PATH/u_trigger_cdc/u_TRIGGER_CDC/dest_hsdata_ff_reg[12]/D
 39  CDC-15  Warning   Clock enable controlled CDC structure detected      0  Asynch Clock Groups  u_CORE/u_EVENT_PATH/u_trigger_cdc/u_TRIGGER_CDC/src_hsdata_ff_reg[13]/C                                                         u_CORE/u_EVENT_PATH/u_trigger_cdc/u_TRIGGER_CDC/dest_hsdata_ff_reg[13]/D
 40  CDC-15  Warning   Clock enable controlled CDC structure detected      0  Asynch Clock Groups  u_CORE/u_EVENT_PATH/u_trigger_cdc/u_TRIGGER_CDC/src_hsdata_ff_reg[14]/C                                                         u_CORE/u_EVENT_PATH/u_trigger_cdc/u_TRIGGER_CDC/dest_hsdata_ff_reg[14]/D
 41  CDC-15  Warning   Clock enable controlled CDC structure detected      0  Asynch Clock Groups  u_CORE/u_EVENT_PATH/u_trigger_cdc/u_TRIGGER_CDC/src_hsdata_ff_reg[15]/C                                                         u_CORE/u_EVENT_PATH/u_trigger_cdc/u_TRIGGER_CDC/dest_hsdata_ff_reg[15]/D
 42  CDC-15  Warning   Clock enable controlled CDC structure detected      0  Asynch Clock Groups  u_CORE/u_EVENT_PATH/u_trigger_cdc/u_TRIGGER_CDC/src_hsdata_ff_reg[16]/C                                                         u_CORE/u_EVENT_PATH/u_trigger_cdc/u_TRIGGER_CDC/dest_hsdata_ff_reg[16]/D
 43  CDC-15  Warning   Clock enable controlled CDC structure detected      0  Asynch Clock Groups  u_CORE/u_EVENT_PATH/u_trigger_cdc/u_TRIGGER_CDC/src_hsdata_ff_reg[17]/C                                                         u_CORE/u_EVENT_PATH/u_trigger_cdc/u_TRIGGER_CDC/dest_hsdata_ff_reg[17]/D
 44  CDC-15  Warning   Clock enable controlled CDC structure detected      0  Asynch Clock Groups  u_CORE/u_EVENT_PATH/u_trigger_cdc/u_TRIGGER_CDC/src_hsdata_ff_reg[18]/C                                                         u_CORE/u_EVENT_PATH/u_trigger_cdc/u_TRIGGER_CDC/dest_hsdata_ff_reg[18]/D
 45  CDC-15  Warning   Clock enable controlled CDC structure detected      0  Asynch Clock Groups  u_CORE/u_EVENT_PATH/u_trigger_cdc/u_TRIGGER_CDC/src_hsdata_ff_reg[19]/C                                                         u_CORE/u_EVENT_PATH/u_trigger_cdc/u_TRIGGER_CDC/dest_hsdata_ff_reg[19]/D
 46  CDC-15  Warning   Clock enable controlled CDC structure detected      0  Asynch Clock Groups  u_CORE/u_EVENT_PATH/u_trigger_cdc/u_TRIGGER_CDC/src_hsdata_ff_reg[20]/C                                                         u_CORE/u_EVENT_PATH/u_trigger_cdc/u_TRIGGER_CDC/dest_hsdata_ff_reg[20]/D
 47  CDC-15  Warning   Clock enable controlled CDC structure detected      0  Asynch Clock Groups  u_CORE/u_EVENT_PATH/u_trigger_cdc/u_TRIGGER_CDC/src_hsdata_ff_reg[21]/C                                                         u_CORE/u_EVENT_PATH/u_trigger_cdc/u_TRIGGER_CDC/dest_hsdata_ff_reg[21]/D
 48  CDC-15  Warning   Clock enable controlled CDC structure detected      0  Asynch Clock Groups  u_CORE/u_EVENT_PATH/u_trigger_cdc/u_TRIGGER_CDC/src_hsdata_ff_reg[22]/C                                                         u_CORE/u_EVENT_PATH/u_trigger_cdc/u_TRIGGER_CDC/dest_hsdata_ff_reg[22]/D
 49  CDC-15  Warning   Clock enable controlled CDC structure detected      0  Asynch Clock Groups  u_CORE/u_EVENT_PATH/u_trigger_cdc/u_TRIGGER_CDC/src_hsdata_ff_reg[23]/C                                                         u_CORE/u_EVENT_PATH/u_trigger_cdc/u_TRIGGER_CDC/dest_hsdata_ff_reg[23]/D
 50  CDC-15  Warning   Clock enable controlled CDC structure detected      0  Asynch Clock Groups  u_CORE/u_EVENT_PATH/u_trigger_cdc/u_TRIGGER_CDC/src_hsdata_ff_reg[24]/C                                                         u_CORE/u_EVENT_PATH/u_trigger_cdc/u_TRIGGER_CDC/dest_hsdata_ff_reg[24]/D
 51  CDC-15  Warning   Clock enable controlled CDC structure detected      0  Asynch Clock Groups  u_CORE/u_EVENT_PATH/u_trigger_cdc/u_TRIGGER_CDC/src_hsdata_ff_reg[25]/C                                                         u_CORE/u_EVENT_PATH/u_trigger_cdc/u_TRIGGER_CDC/dest_hsdata_ff_reg[25]/D
 52  CDC-15  Warning   Clock enable controlled CDC structure detected      0  Asynch Clock Groups  u_CORE/u_EVENT_PATH/u_trigger_cdc/u_TRIGGER_CDC/src_hsdata_ff_reg[26]/C                                                         u_CORE/u_EVENT_PATH/u_trigger_cdc/u_TRIGGER_CDC/dest_hsdata_ff_reg[26]/D
 53  CDC-15  Warning   Clock enable controlled CDC structure detected      0  Asynch Clock Groups  u_CORE/u_EVENT_PATH/u_trigger_cdc/u_TRIGGER_CDC/src_hsdata_ff_reg[27]/C                                                         u_CORE/u_EVENT_PATH/u_trigger_cdc/u_TRIGGER_CDC/dest_hsdata_ff_reg[27]/D
 54  CDC-15  Warning   Clock enable controlled CDC structure detected      0  Asynch Clock Groups  u_CORE/u_EVENT_PATH/u_trigger_cdc/u_TRIGGER_CDC/src_hsdata_ff_reg[28]/C                                                         u_CORE/u_EVENT_PATH/u_trigger_cdc/u_TRIGGER_CDC/dest_hsdata_ff_reg[28]/D
 55  CDC-15  Warning   Clock enable controlled CDC structure detected      0  Asynch Clock Groups  u_CORE/u_EVENT_PATH/u_trigger_cdc/u_TRIGGER_CDC/src_hsdata_ff_reg[29]/C                                                         u_CORE/u_EVENT_PATH/u_trigger_cdc/u_TRIGGER_CDC/dest_hsdata_ff_reg[29]/D
 56  CDC-15  Warning   Clock enable controlled CDC structure detected      0  Asynch Clock Groups  u_CORE/u_EVENT_PATH/u_trigger_cdc/u_TRIGGER_CDC/src_hsdata_ff_reg[30]/C                                                         u_CORE/u_EVENT_PATH/u_trigger_cdc/u_TRIGGER_CDC/dest_hsdata_ff_reg[30]/D
 57  CDC-15  Warning   Clock enable controlled CDC structure detected      0  Asynch Clock Groups  u_CORE/u_EVENT_PATH/u_trigger_cdc/u_TRIGGER_CDC/src_hsdata_ff_reg[31]/C                                                         u_CORE/u_EVENT_PATH/u_trigger_cdc/u_TRIGGER_CDC/dest_hsdata_ff_reg[31]/D
 58  CDC-15  Warning   Clock enable controlled CDC structure detected      0  Asynch Clock Groups  u_CORE/u_EVENT_PATH/u_trigger_cdc/u_TRIGGER_CDC/src_hsdata_ff_reg[32]/C                                                         u_CORE/u_EVENT_PATH/u_trigger_cdc/u_TRIGGER_CDC/dest_hsdata_ff_reg[32]/D
 59  CDC-15  Warning   Clock enable controlled CDC structure detected      0  Asynch Clock Groups  u_CORE/u_EVENT_PATH/u_trigger_cdc/u_TRIGGER_CDC/src_hsdata_ff_reg[33]/C                                                         u_CORE/u_EVENT_PATH/u_trigger_cdc/u_TRIGGER_CDC/dest_hsdata_ff_reg[33]/D
 60  CDC-15  Warning   Clock enable controlled CDC structure detected      0  Asynch Clock Groups  u_CORE/u_EVENT_PATH/u_trigger_cdc/u_TRIGGER_CDC/src_hsdata_ff_reg[34]/C                                                         u_CORE/u_EVENT_PATH/u_trigger_cdc/u_TRIGGER_CDC/dest_hsdata_ff_reg[34]/D
 61  CDC-15  Warning   Clock enable controlled CDC structure detected      0  Asynch Clock Groups  u_CORE/u_EVENT_PATH/u_trigger_cdc/u_TRIGGER_CDC/src_hsdata_ff_reg[35]/C                                                         u_CORE/u_EVENT_PATH/u_trigger_cdc/u_TRIGGER_CDC/dest_hsdata_ff_reg[35]/D
 62  CDC-15  Warning   Clock enable controlled CDC structure detected      0  Asynch Clock Groups  u_CORE/u_EVENT_PATH/u_trigger_cdc/u_TRIGGER_CDC/src_hsdata_ff_reg[36]/C                                                         u_CORE/u_EVENT_PATH/u_trigger_cdc/u_TRIGGER_CDC/dest_hsdata_ff_reg[36]/D
 63  CDC-15  Warning   Clock enable controlled CDC structure detected      0  Asynch Clock Groups  u_CORE/u_EVENT_PATH/u_trigger_cdc/u_TRIGGER_CDC/src_hsdata_ff_reg[37]/C                                                         u_CORE/u_EVENT_PATH/u_trigger_cdc/u_TRIGGER_CDC/dest_hsdata_ff_reg[37]/D
 64  CDC-15  Warning   Clock enable controlled CDC structure detected      0  Asynch Clock Groups  u_CORE/u_EVENT_PATH/u_trigger_cdc/u_TRIGGER_CDC/src_hsdata_ff_reg[38]/C                                                         u_CORE/u_EVENT_PATH/u_trigger_cdc/u_TRIGGER_CDC/dest_hsdata_ff_reg[38]/D
 65  CDC-15  Warning   Clock enable controlled CDC structure detected      0  Asynch Clock Groups  u_CORE/u_EVENT_PATH/u_trigger_cdc/u_TRIGGER_CDC/src_hsdata_ff_reg[39]/C                                                         u_CORE/u_EVENT_PATH/u_trigger_cdc/u_TRIGGER_CDC/dest_hsdata_ff_reg[39]/D
 66  CDC-15  Warning   Clock enable controlled CDC structure detected      0  Asynch Clock Groups  u_CORE/u_EVENT_PATH/u_trigger_cdc/u_TRIGGER_CDC/src_hsdata_ff_reg[40]/C                                                         u_CORE/u_EVENT_PATH/u_trigger_cdc/u_TRIGGER_CDC/dest_hsdata_ff_reg[40]/D
 67  CDC-15  Warning   Clock enable controlled CDC structure detected      0  Asynch Clock Groups  u_CORE/u_EVENT_PATH/u_trigger_cdc/u_TRIGGER_CDC/src_hsdata_ff_reg[41]/C                                                         u_CORE/u_EVENT_PATH/u_trigger_cdc/u_TRIGGER_CDC/dest_hsdata_ff_reg[41]/D
 68  CDC-15  Warning   Clock enable controlled CDC structure detected      0  Asynch Clock Groups  u_CORE/u_EVENT_PATH/u_trigger_cdc/u_TRIGGER_CDC/src_hsdata_ff_reg[42]/C                                                         u_CORE/u_EVENT_PATH/u_trigger_cdc/u_TRIGGER_CDC/dest_hsdata_ff_reg[42]/D
 69  CDC-15  Warning   Clock enable controlled CDC structure detected      0  Asynch Clock Groups  u_CORE/u_EVENT_PATH/u_trigger_cdc/u_TRIGGER_CDC/src_hsdata_ff_reg[43]/C                                                         u_CORE/u_EVENT_PATH/u_trigger_cdc/u_TRIGGER_CDC/dest_hsdata_ff_reg[43]/D
 70  CDC-15  Warning   Clock enable controlled CDC structure detected      0  Asynch Clock Groups  u_CORE/u_EVENT_PATH/u_trigger_cdc/u_TRIGGER_CDC/src_hsdata_ff_reg[44]/C                                                         u_CORE/u_EVENT_PATH/u_trigger_cdc/u_TRIGGER_CDC/dest_hsdata_ff_reg[44]/D
 71  CDC-15  Warning   Clock enable controlled CDC structure detected      0  Asynch Clock Groups  u_CORE/u_EVENT_PATH/u_trigger_cdc/u_TRIGGER_CDC/src_hsdata_ff_reg[45]/C                                                         u_CORE/u_EVENT_PATH/u_trigger_cdc/u_TRIGGER_CDC/dest_hsdata_ff_reg[45]/D
 72  CDC-15  Warning   Clock enable controlled CDC structure detected      0  Asynch Clock Groups  u_CORE/u_EVENT_PATH/u_trigger_cdc/u_TRIGGER_CDC/src_hsdata_ff_reg[46]/C                                                         u_CORE/u_EVENT_PATH/u_trigger_cdc/u_TRIGGER_CDC/dest_hsdata_ff_reg[46]/D
 73  CDC-15  Warning   Clock enable controlled CDC structure detected      0  Asynch Clock Groups  u_CORE/u_EVENT_PATH/u_trigger_cdc/u_TRIGGER_CDC/src_hsdata_ff_reg[47]/C                                                         u_CORE/u_EVENT_PATH/u_trigger_cdc/u_TRIGGER_CDC/dest_hsdata_ff_reg[47]/D
 74  CDC-15  Warning   Clock enable controlled CDC structure detected      0  Asynch Clock Groups  u_CORE/u_EVENT_PATH/u_trigger_cdc/u_TRIGGER_CDC/src_hsdata_ff_reg[48]/C                                                         u_CORE/u_EVENT_PATH/u_trigger_cdc/u_TRIGGER_CDC/dest_hsdata_ff_reg[48]/D
 75  CDC-15  Warning   Clock enable controlled CDC structure detected      0  Asynch Clock Groups  u_CORE/u_EVENT_PATH/u_trigger_cdc/u_TRIGGER_CDC/src_hsdata_ff_reg[49]/C                                                         u_CORE/u_EVENT_PATH/u_trigger_cdc/u_TRIGGER_CDC/dest_hsdata_ff_reg[49]/D
 76  CDC-15  Warning   Clock enable controlled CDC structure detected      0  Asynch Clock Groups  u_CORE/u_EVENT_PATH/u_trigger_cdc/u_TRIGGER_CDC/src_hsdata_ff_reg[50]/C                                                         u_CORE/u_EVENT_PATH/u_trigger_cdc/u_TRIGGER_CDC/dest_hsdata_ff_reg[50]/D
 77  CDC-15  Warning   Clock enable controlled CDC structure detected      0  Asynch Clock Groups  u_CORE/u_EVENT_PATH/u_trigger_cdc/u_TRIGGER_CDC/src_hsdata_ff_reg[51]/C                                                         u_CORE/u_EVENT_PATH/u_trigger_cdc/u_TRIGGER_CDC/dest_hsdata_ff_reg[51]/D
 78  CDC-15  Warning   Clock enable controlled CDC structure detected      0  Asynch Clock Groups  u_CORE/u_EVENT_PATH/u_trigger_cdc/u_TRIGGER_CDC/src_hsdata_ff_reg[52]/C                                                         u_CORE/u_EVENT_PATH/u_trigger_cdc/u_TRIGGER_CDC/dest_hsdata_ff_reg[52]/D
 79  CDC-15  Warning   Clock enable controlled CDC structure detected      0  Asynch Clock Groups  u_CORE/u_EVENT_PATH/u_trigger_cdc/u_TRIGGER_CDC/src_hsdata_ff_reg[53]/C                                                         u_CORE/u_EVENT_PATH/u_trigger_cdc/u_TRIGGER_CDC/dest_hsdata_ff_reg[53]/D
 80  CDC-15  Warning   Clock enable controlled CDC structure detected      0  Asynch Clock Groups  u_CORE/u_EVENT_PATH/u_trigger_cdc/u_TRIGGER_CDC/src_hsdata_ff_reg[54]/C                                                         u_CORE/u_EVENT_PATH/u_trigger_cdc/u_TRIGGER_CDC/dest_hsdata_ff_reg[54]/D
 81  CDC-15  Warning   Clock enable controlled CDC structure detected      0  Asynch Clock Groups  u_CORE/u_EVENT_PATH/u_trigger_cdc/u_TRIGGER_CDC/src_hsdata_ff_reg[55]/C                                                         u_CORE/u_EVENT_PATH/u_trigger_cdc/u_TRIGGER_CDC/dest_hsdata_ff_reg[55]/D
 82  CDC-15  Warning   Clock enable controlled CDC structure detected      0  Asynch Clock Groups  u_CORE/u_EVENT_PATH/u_trigger_cdc/u_TRIGGER_CDC/src_hsdata_ff_reg[56]/C                                                         u_CORE/u_EVENT_PATH/u_trigger_cdc/u_TRIGGER_CDC/dest_hsdata_ff_reg[56]/D
 83  CDC-15  Warning   Clock enable controlled CDC structure detected      0  Asynch Clock Groups  u_CORE/u_EVENT_PATH/u_trigger_cdc/u_TRIGGER_CDC/src_hsdata_ff_reg[57]/C                                                         u_CORE/u_EVENT_PATH/u_trigger_cdc/u_TRIGGER_CDC/dest_hsdata_ff_reg[57]/D
 84  CDC-15  Warning   Clock enable controlled CDC structure detected      0  Asynch Clock Groups  u_CORE/u_EVENT_PATH/u_trigger_cdc/u_TRIGGER_CDC/src_hsdata_ff_reg[58]/C                                                         u_CORE/u_EVENT_PATH/u_trigger_cdc/u_TRIGGER_CDC/dest_hsdata_ff_reg[58]/D
 85  CDC-15  Warning   Clock enable controlled CDC structure detected      0  Asynch Clock Groups  u_CORE/u_EVENT_PATH/u_trigger_cdc/u_TRIGGER_CDC/src_hsdata_ff_reg[59]/C                                                         u_CORE/u_EVENT_PATH/u_trigger_cdc/u_TRIGGER_CDC/dest_hsdata_ff_reg[59]/D
 86  CDC-15  Warning   Clock enable controlled CDC structure detected      0  Asynch Clock Groups  u_CORE/u_EVENT_PATH/u_trigger_cdc/u_TRIGGER_CDC/src_hsdata_ff_reg[60]/C                                                         u_CORE/u_EVENT_PATH/u_trigger_cdc/u_TRIGGER_CDC/dest_hsdata_ff_reg[60]/D
 87  CDC-15  Warning   Clock enable controlled CDC structure detected      0  Asynch Clock Groups  u_CORE/u_EVENT_PATH/u_trigger_cdc/u_TRIGGER_CDC/src_hsdata_ff_reg[61]/C                                                         u_CORE/u_EVENT_PATH/u_trigger_cdc/u_TRIGGER_CDC/dest_hsdata_ff_reg[61]/D
 88  CDC-15  Warning   Clock enable controlled CDC structure detected      0  Asynch Clock Groups  u_CORE/u_EVENT_PATH/u_trigger_cdc/u_TRIGGER_CDC/src_hsdata_ff_reg[62]/C                                                         u_CORE/u_EVENT_PATH/u_trigger_cdc/u_TRIGGER_CDC/dest_hsdata_ff_reg[62]/D
 89  CDC-15  Warning   Clock enable controlled CDC structure detected      0  Asynch Clock Groups  u_CORE/u_EVENT_PATH/u_trigger_cdc/u_TRIGGER_CDC/src_hsdata_ff_reg[63]/C                                                         u_CORE/u_EVENT_PATH/u_trigger_cdc/u_TRIGGER_CDC/dest_hsdata_ff_reg[63]/D
 90  CDC-15  Warning   Clock enable controlled CDC structure detected      0  Asynch Clock Groups  u_CORE/u_EVENT_PATH/u_trigger_cdc/u_TRIGGER_CDC/src_hsdata_ff_reg[64]/C                                                         u_CORE/u_EVENT_PATH/u_trigger_cdc/u_TRIGGER_CDC/dest_hsdata_ff_reg[64]/D
 91  CDC-15  Warning   Clock enable controlled CDC structure detected      0  Asynch Clock Groups  u_CORE/u_EVENT_PATH/u_trigger_cdc/u_TRIGGER_CDC/src_hsdata_ff_reg[65]/C                                                         u_CORE/u_EVENT_PATH/u_trigger_cdc/u_TRIGGER_CDC/dest_hsdata_ff_reg[65]/D
 92  CDC-15  Warning   Clock enable controlled CDC structure detected      0  Asynch Clock Groups  u_CORE/u_EVENT_PATH/u_trigger_cdc/u_TRIGGER_CDC/src_hsdata_ff_reg[66]/C                                                         u_CORE/u_EVENT_PATH/u_trigger_cdc/u_TRIGGER_CDC/dest_hsdata_ff_reg[66]/D
 93  CDC-15  Warning   Clock enable controlled CDC structure detected      0  Asynch Clock Groups  u_CORE/u_EVENT_PATH/u_trigger_cdc/u_TRIGGER_CDC/src_hsdata_ff_reg[67]/C                                                         u_CORE/u_EVENT_PATH/u_trigger_cdc/u_TRIGGER_CDC/dest_hsdata_ff_reg[67]/D
 94  CDC-15  Warning   Clock enable controlled CDC structure detected      0  Asynch Clock Groups  u_CORE/u_EVENT_PATH/u_trigger_cdc/u_TRIGGER_CDC/src_hsdata_ff_reg[68]/C                                                         u_CORE/u_EVENT_PATH/u_trigger_cdc/u_TRIGGER_CDC/dest_hsdata_ff_reg[68]/D
 95  CDC-15  Warning   Clock enable controlled CDC structure detected      0  Asynch Clock Groups  u_CORE/u_EVENT_PATH/u_trigger_cdc/u_TRIGGER_CDC/src_hsdata_ff_reg[69]/C                                                         u_CORE/u_EVENT_PATH/u_trigger_cdc/u_TRIGGER_CDC/dest_hsdata_ff_reg[69]/D
 96  CDC-15  Warning   Clock enable controlled CDC structure detected      0  Asynch Clock Groups  u_CORE/u_EVENT_PATH/u_trigger_cdc/u_TRIGGER_CDC/src_hsdata_ff_reg[70]/C                                                         u_CORE/u_EVENT_PATH/u_trigger_cdc/u_TRIGGER_CDC/dest_hsdata_ff_reg[70]/D
 97  CDC-15  Warning   Clock enable controlled CDC structure detected      0  Asynch Clock Groups  u_CORE/u_EVENT_PATH/u_trigger_cdc/u_TRIGGER_CDC/src_hsdata_ff_reg[71]/C                                                         u_CORE/u_EVENT_PATH/u_trigger_cdc/u_TRIGGER_CDC/dest_hsdata_ff_reg[71]/D
 98  CDC-3   Info      1-bit synchronized with ASYNC_REG property          2  Asynch Clock Groups  u_CORE/u_EVENT_PATH/u_trigger_cdc/u_TRIGGER_CDC/src_sendd_ff_reg/C                                                              u_CORE/u_EVENT_PATH/u_trigger_cdc/u_TRIGGER_CDC/xpm_cdc_single_src2dest_inst/syncstages_ff_reg[0]/D

Source Clock: input port clock
Destination Clock: CLK_ADC
CDC Type: No Common Primary Clock

Row  ID      Severity  Description                            Depth  Exception   Source (From)  Destination (To)
---  ------  --------  -------------------------------------  -----  ----------  -------------  ---------------------------------------------------------------------------------------------------------------------------------------
  1  CDC-1   Critical  1-bit unknown CDC circuitry                0  False Path  RST            u_CORE/gen_lanes[0].u_LANE/u_FIFO/gnuram_async_fifo.xpm_fifo_base_inst/xpm_fifo_rst_inst/gen_rst_ic.fifo_wr_rst_ic_reg/D
  2  CDC-1   Critical  1-bit unknown CDC circuitry                0  False Path  RST            u_CORE/gen_lanes[0].u_LANE/u_FIFO/gnuram_async_fifo.xpm_fifo_base_inst/xpm_fifo_rst_inst/gen_rst_ic.rst_seq_reentered_reg/D
  3  CDC-1   Critical  1-bit unknown CDC circuitry                0  False Path  RST            u_CORE/gen_lanes[0].u_LANE/u_FIFO/gnuram_async_fifo.xpm_fifo_base_inst/xpm_fifo_rst_inst/gen_rst_ic.wr_rst_busy_ic_reg/D
  4  CDC-1   Critical  1-bit unknown CDC circuitry                0  False Path  RST            u_CORE/gen_lanes[1].u_LANE/u_FIFO/gnuram_async_fifo.xpm_fifo_base_inst/xpm_fifo_rst_inst/gen_rst_ic.fifo_wr_rst_ic_reg/D
  5  CDC-1   Critical  1-bit unknown CDC circuitry                0  False Path  RST            u_CORE/gen_lanes[1].u_LANE/u_FIFO/gnuram_async_fifo.xpm_fifo_base_inst/xpm_fifo_rst_inst/gen_rst_ic.rst_seq_reentered_reg/D
  6  CDC-1   Critical  1-bit unknown CDC circuitry                0  False Path  RST            u_CORE/gen_lanes[1].u_LANE/u_FIFO/gnuram_async_fifo.xpm_fifo_base_inst/xpm_fifo_rst_inst/gen_rst_ic.wr_rst_busy_ic_reg/D
  7  CDC-1   Critical  1-bit unknown CDC circuitry                0  False Path  RST            u_CORE/gen_lanes[2].u_LANE/u_FIFO/gnuram_async_fifo.xpm_fifo_base_inst/xpm_fifo_rst_inst/gen_rst_ic.fifo_wr_rst_ic_reg/D
  8  CDC-1   Critical  1-bit unknown CDC circuitry                0  False Path  RST            u_CORE/gen_lanes[2].u_LANE/u_FIFO/gnuram_async_fifo.xpm_fifo_base_inst/xpm_fifo_rst_inst/gen_rst_ic.rst_seq_reentered_reg/D
  9  CDC-1   Critical  1-bit unknown CDC circuitry                0  False Path  RST            u_CORE/gen_lanes[2].u_LANE/u_FIFO/gnuram_async_fifo.xpm_fifo_base_inst/xpm_fifo_rst_inst/gen_rst_ic.wr_rst_busy_ic_reg/D
 10  CDC-1   Critical  1-bit unknown CDC circuitry                0  False Path  RST            u_CORE/gen_lanes[3].u_LANE/u_FIFO/gnuram_async_fifo.xpm_fifo_base_inst/xpm_fifo_rst_inst/gen_rst_ic.fifo_wr_rst_ic_reg/D
 11  CDC-1   Critical  1-bit unknown CDC circuitry                0  False Path  RST            u_CORE/gen_lanes[3].u_LANE/u_FIFO/gnuram_async_fifo.xpm_fifo_base_inst/xpm_fifo_rst_inst/gen_rst_ic.rst_seq_reentered_reg/D
 12  CDC-1   Critical  1-bit unknown CDC circuitry                0  False Path  RST            u_CORE/gen_lanes[3].u_LANE/u_FIFO/gnuram_async_fifo.xpm_fifo_base_inst/xpm_fifo_rst_inst/gen_rst_ic.wr_rst_busy_ic_reg/D
 13  CDC-1   Critical  1-bit unknown CDC circuitry                0  False Path  RST            u_CORE/gen_lanes[4].u_LANE/u_FIFO/gnuram_async_fifo.xpm_fifo_base_inst/xpm_fifo_rst_inst/gen_rst_ic.fifo_wr_rst_ic_reg/D
 14  CDC-1   Critical  1-bit unknown CDC circuitry                0  False Path  RST            u_CORE/gen_lanes[4].u_LANE/u_FIFO/gnuram_async_fifo.xpm_fifo_base_inst/xpm_fifo_rst_inst/gen_rst_ic.rst_seq_reentered_reg/D
 15  CDC-1   Critical  1-bit unknown CDC circuitry                0  False Path  RST            u_CORE/gen_lanes[4].u_LANE/u_FIFO/gnuram_async_fifo.xpm_fifo_base_inst/xpm_fifo_rst_inst/gen_rst_ic.wr_rst_busy_ic_reg/D
 16  CDC-1   Critical  1-bit unknown CDC circuitry                0  False Path  RST            u_CORE/gen_lanes[0].u_LANE/u_FIFO/gnuram_async_fifo.xpm_fifo_base_inst/xpm_fifo_rst_inst/FSM_onehot_gen_rst_ic.curr_wrst_state_reg[0]/D
 17  CDC-1   Critical  1-bit unknown CDC circuitry                0  False Path  RST            u_CORE/gen_lanes[0].u_LANE/u_FIFO/gnuram_async_fifo.xpm_fifo_base_inst/xpm_fifo_rst_inst/FSM_onehot_gen_rst_ic.curr_wrst_state_reg[1]/D
 18  CDC-1   Critical  1-bit unknown CDC circuitry                0  False Path  RST            u_CORE/gen_lanes[0].u_LANE/u_FIFO/gnuram_async_fifo.xpm_fifo_base_inst/xpm_fifo_rst_inst/FSM_onehot_gen_rst_ic.curr_wrst_state_reg[2]/D
 19  CDC-1   Critical  1-bit unknown CDC circuitry                0  False Path  RST            u_CORE/gen_lanes[0].u_LANE/u_FIFO/gnuram_async_fifo.xpm_fifo_base_inst/xpm_fifo_rst_inst/FSM_onehot_gen_rst_ic.curr_wrst_state_reg[3]/D
 20  CDC-1   Critical  1-bit unknown CDC circuitry                0  False Path  RST            u_CORE/gen_lanes[0].u_LANE/u_FIFO/gnuram_async_fifo.xpm_fifo_base_inst/xpm_fifo_rst_inst/FSM_onehot_gen_rst_ic.curr_wrst_state_reg[4]/D
 21  CDC-1   Critical  1-bit unknown CDC circuitry                0  False Path  RST            u_CORE/gen_lanes[1].u_LANE/u_FIFO/gnuram_async_fifo.xpm_fifo_base_inst/xpm_fifo_rst_inst/FSM_onehot_gen_rst_ic.curr_wrst_state_reg[0]/D
 22  CDC-1   Critical  1-bit unknown CDC circuitry                0  False Path  RST            u_CORE/gen_lanes[1].u_LANE/u_FIFO/gnuram_async_fifo.xpm_fifo_base_inst/xpm_fifo_rst_inst/FSM_onehot_gen_rst_ic.curr_wrst_state_reg[1]/D
 23  CDC-1   Critical  1-bit unknown CDC circuitry                0  False Path  RST            u_CORE/gen_lanes[1].u_LANE/u_FIFO/gnuram_async_fifo.xpm_fifo_base_inst/xpm_fifo_rst_inst/FSM_onehot_gen_rst_ic.curr_wrst_state_reg[2]/D
 24  CDC-1   Critical  1-bit unknown CDC circuitry                0  False Path  RST            u_CORE/gen_lanes[1].u_LANE/u_FIFO/gnuram_async_fifo.xpm_fifo_base_inst/xpm_fifo_rst_inst/FSM_onehot_gen_rst_ic.curr_wrst_state_reg[3]/D
 25  CDC-1   Critical  1-bit unknown CDC circuitry                0  False Path  RST            u_CORE/gen_lanes[1].u_LANE/u_FIFO/gnuram_async_fifo.xpm_fifo_base_inst/xpm_fifo_rst_inst/FSM_onehot_gen_rst_ic.curr_wrst_state_reg[4]/D
 26  CDC-1   Critical  1-bit unknown CDC circuitry                0  False Path  RST            u_CORE/gen_lanes[2].u_LANE/u_FIFO/gnuram_async_fifo.xpm_fifo_base_inst/xpm_fifo_rst_inst/FSM_onehot_gen_rst_ic.curr_wrst_state_reg[0]/D
 27  CDC-1   Critical  1-bit unknown CDC circuitry                0  False Path  RST            u_CORE/gen_lanes[2].u_LANE/u_FIFO/gnuram_async_fifo.xpm_fifo_base_inst/xpm_fifo_rst_inst/FSM_onehot_gen_rst_ic.curr_wrst_state_reg[1]/D
 28  CDC-1   Critical  1-bit unknown CDC circuitry                0  False Path  RST            u_CORE/gen_lanes[2].u_LANE/u_FIFO/gnuram_async_fifo.xpm_fifo_base_inst/xpm_fifo_rst_inst/FSM_onehot_gen_rst_ic.curr_wrst_state_reg[2]/D
 29  CDC-1   Critical  1-bit unknown CDC circuitry                0  False Path  RST            u_CORE/gen_lanes[2].u_LANE/u_FIFO/gnuram_async_fifo.xpm_fifo_base_inst/xpm_fifo_rst_inst/FSM_onehot_gen_rst_ic.curr_wrst_state_reg[3]/D
 30  CDC-1   Critical  1-bit unknown CDC circuitry                0  False Path  RST            u_CORE/gen_lanes[2].u_LANE/u_FIFO/gnuram_async_fifo.xpm_fifo_base_inst/xpm_fifo_rst_inst/FSM_onehot_gen_rst_ic.curr_wrst_state_reg[4]/D
 31  CDC-1   Critical  1-bit unknown CDC circuitry                0  False Path  RST            u_CORE/gen_lanes[3].u_LANE/u_FIFO/gnuram_async_fifo.xpm_fifo_base_inst/xpm_fifo_rst_inst/FSM_onehot_gen_rst_ic.curr_wrst_state_reg[0]/D
 32  CDC-1   Critical  1-bit unknown CDC circuitry                0  False Path  RST            u_CORE/gen_lanes[3].u_LANE/u_FIFO/gnuram_async_fifo.xpm_fifo_base_inst/xpm_fifo_rst_inst/FSM_onehot_gen_rst_ic.curr_wrst_state_reg[1]/D
 33  CDC-1   Critical  1-bit unknown CDC circuitry                0  False Path  RST            u_CORE/gen_lanes[3].u_LANE/u_FIFO/gnuram_async_fifo.xpm_fifo_base_inst/xpm_fifo_rst_inst/FSM_onehot_gen_rst_ic.curr_wrst_state_reg[2]/D
 34  CDC-1   Critical  1-bit unknown CDC circuitry                0  False Path  RST            u_CORE/gen_lanes[3].u_LANE/u_FIFO/gnuram_async_fifo.xpm_fifo_base_inst/xpm_fifo_rst_inst/FSM_onehot_gen_rst_ic.curr_wrst_state_reg[3]/D
 35  CDC-1   Critical  1-bit unknown CDC circuitry                0  False Path  RST            u_CORE/gen_lanes[3].u_LANE/u_FIFO/gnuram_async_fifo.xpm_fifo_base_inst/xpm_fifo_rst_inst/FSM_onehot_gen_rst_ic.curr_wrst_state_reg[4]/D
 36  CDC-1   Critical  1-bit unknown CDC circuitry                0  False Path  RST            u_CORE/gen_lanes[4].u_LANE/u_FIFO/gnuram_async_fifo.xpm_fifo_base_inst/xpm_fifo_rst_inst/FSM_onehot_gen_rst_ic.curr_wrst_state_reg[0]/D
 37  CDC-1   Critical  1-bit unknown CDC circuitry                0  False Path  RST            u_CORE/gen_lanes[4].u_LANE/u_FIFO/gnuram_async_fifo.xpm_fifo_base_inst/xpm_fifo_rst_inst/FSM_onehot_gen_rst_ic.curr_wrst_state_reg[1]/D
 38  CDC-1   Critical  1-bit unknown CDC circuitry                0  False Path  RST            u_CORE/gen_lanes[4].u_LANE/u_FIFO/gnuram_async_fifo.xpm_fifo_base_inst/xpm_fifo_rst_inst/FSM_onehot_gen_rst_ic.curr_wrst_state_reg[2]/D
 39  CDC-1   Critical  1-bit unknown CDC circuitry                0  False Path  RST            u_CORE/gen_lanes[4].u_LANE/u_FIFO/gnuram_async_fifo.xpm_fifo_base_inst/xpm_fifo_rst_inst/FSM_onehot_gen_rst_ic.curr_wrst_state_reg[3]/D
 40  CDC-1   Critical  1-bit unknown CDC circuitry                0  False Path  RST            u_CORE/gen_lanes[4].u_LANE/u_FIFO/gnuram_async_fifo.xpm_fifo_base_inst/xpm_fifo_rst_inst/FSM_onehot_gen_rst_ic.curr_wrst_state_reg[4]/D
 41  CDC-26  Warning   LUTRAM read/write potential collision      0  False Path  RST            u_CORE/u_RST_ADC/sync_ff_reg[0]/PRE

Source Clock: CLK_ADC
Destination Clock: CLK_CNN
CDC Type: No Common Primary Clock

Row  ID      Severity  Description                                     Depth  Exception            Source (From)                                                                                                                   Destination (To)
---  ------  --------  ----------------------------------------------  -----  -------------------  ------------------------------------------------------------------------------------------------------------------------------  ---------------------------------------------------------------------------------------------------------------------------------------
  1  CDC-15  Warning   Clock enable controlled CDC structure detected      0  Asynch Clock Groups  u_CORE/gen_lanes[0].u_LANE/u_CHUNK_ID_CDC/src_hsdata_ff_reg[0]/C                                                                u_CORE/gen_lanes[0].u_LANE/u_CHUNK_ID_CDC/dest_hsdata_ff_reg[0]/D
  2  CDC-15  Warning   Clock enable controlled CDC structure detected      0  Asynch Clock Groups  u_CORE/gen_lanes[0].u_LANE/u_CHUNK_ID_CDC/src_hsdata_ff_reg[1]/C                                                                u_CORE/gen_lanes[0].u_LANE/u_CHUNK_ID_CDC/dest_hsdata_ff_reg[1]/D
  3  CDC-15  Warning   Clock enable controlled CDC structure detected      0  Asynch Clock Groups  u_CORE/gen_lanes[0].u_LANE/u_CHUNK_ID_CDC/src_hsdata_ff_reg[2]/C                                                                u_CORE/gen_lanes[0].u_LANE/u_CHUNK_ID_CDC/dest_hsdata_ff_reg[2]/D
  4  CDC-15  Warning   Clock enable controlled CDC structure detected      0  Asynch Clock Groups  u_CORE/gen_lanes[0].u_LANE/u_CHUNK_ID_CDC/src_hsdata_ff_reg[3]/C                                                                u_CORE/gen_lanes[0].u_LANE/u_CHUNK_ID_CDC/dest_hsdata_ff_reg[3]/D
  5  CDC-15  Warning   Clock enable controlled CDC structure detected      0  Asynch Clock Groups  u_CORE/gen_lanes[0].u_LANE/u_CHUNK_ID_CDC/src_hsdata_ff_reg[4]/C                                                                u_CORE/gen_lanes[0].u_LANE/u_CHUNK_ID_CDC/dest_hsdata_ff_reg[4]/D
  6  CDC-15  Warning   Clock enable controlled CDC structure detected      0  Asynch Clock Groups  u_CORE/gen_lanes[0].u_LANE/u_CHUNK_ID_CDC/src_hsdata_ff_reg[5]/C                                                                u_CORE/gen_lanes[0].u_LANE/u_CHUNK_ID_CDC/dest_hsdata_ff_reg[5]/D
  7  CDC-15  Warning   Clock enable controlled CDC structure detected      0  Asynch Clock Groups  u_CORE/gen_lanes[0].u_LANE/u_CHUNK_ID_CDC/src_hsdata_ff_reg[6]/C                                                                u_CORE/gen_lanes[0].u_LANE/u_CHUNK_ID_CDC/dest_hsdata_ff_reg[6]/D
  8  CDC-15  Warning   Clock enable controlled CDC structure detected      0  Asynch Clock Groups  u_CORE/gen_lanes[0].u_LANE/u_CHUNK_ID_CDC/src_hsdata_ff_reg[7]/C                                                                u_CORE/gen_lanes[0].u_LANE/u_CHUNK_ID_CDC/dest_hsdata_ff_reg[7]/D
  9  CDC-15  Warning   Clock enable controlled CDC structure detected      0  Asynch Clock Groups  u_CORE/gen_lanes[0].u_LANE/u_CHUNK_ID_CDC/src_hsdata_ff_reg[8]/C                                                                u_CORE/gen_lanes[0].u_LANE/u_CHUNK_ID_CDC/dest_hsdata_ff_reg[8]/D
 10  CDC-15  Warning   Clock enable controlled CDC structure detected      0  Asynch Clock Groups  u_CORE/gen_lanes[0].u_LANE/u_CHUNK_ID_CDC/src_hsdata_ff_reg[9]/C                                                                u_CORE/gen_lanes[0].u_LANE/u_CHUNK_ID_CDC/dest_hsdata_ff_reg[9]/D
 11  CDC-15  Warning   Clock enable controlled CDC structure detected      0  Asynch Clock Groups  u_CORE/gen_lanes[0].u_LANE/u_CHUNK_ID_CDC/src_hsdata_ff_reg[10]/C                                                               u_CORE/gen_lanes[0].u_LANE/u_CHUNK_ID_CDC/dest_hsdata_ff_reg[10]/D
 12  CDC-15  Warning   Clock enable controlled CDC structure detected      0  Asynch Clock Groups  u_CORE/gen_lanes[0].u_LANE/u_CHUNK_ID_CDC/src_hsdata_ff_reg[11]/C                                                               u_CORE/gen_lanes[0].u_LANE/u_CHUNK_ID_CDC/dest_hsdata_ff_reg[11]/D
 13  CDC-15  Warning   Clock enable controlled CDC structure detected      0  Asynch Clock Groups  u_CORE/gen_lanes[0].u_LANE/u_CHUNK_ID_CDC/src_hsdata_ff_reg[12]/C                                                               u_CORE/gen_lanes[0].u_LANE/u_CHUNK_ID_CDC/dest_hsdata_ff_reg[12]/D
 14  CDC-15  Warning   Clock enable controlled CDC structure detected      0  Asynch Clock Groups  u_CORE/gen_lanes[0].u_LANE/u_CHUNK_ID_CDC/src_hsdata_ff_reg[13]/C                                                               u_CORE/gen_lanes[0].u_LANE/u_CHUNK_ID_CDC/dest_hsdata_ff_reg[13]/D
 15  CDC-15  Warning   Clock enable controlled CDC structure detected      0  Asynch Clock Groups  u_CORE/gen_lanes[0].u_LANE/u_CHUNK_ID_CDC/src_hsdata_ff_reg[14]/C                                                               u_CORE/gen_lanes[0].u_LANE/u_CHUNK_ID_CDC/dest_hsdata_ff_reg[14]/D
 16  CDC-15  Warning   Clock enable controlled CDC structure detected      0  Asynch Clock Groups  u_CORE/gen_lanes[0].u_LANE/u_CHUNK_ID_CDC/src_hsdata_ff_reg[15]/C                                                               u_CORE/gen_lanes[0].u_LANE/u_CHUNK_ID_CDC/dest_hsdata_ff_reg[15]/D
 17  CDC-15  Warning   Clock enable controlled CDC structure detected      0  Asynch Clock Groups  u_CORE/gen_lanes[0].u_LANE/u_CHUNK_ID_CDC/src_hsdata_ff_reg[16]/C                                                               u_CORE/gen_lanes[0].u_LANE/u_CHUNK_ID_CDC/dest_hsdata_ff_reg[16]/D
 18  CDC-15  Warning   Clock enable controlled CDC structure detected      0  Asynch Clock Groups  u_CORE/gen_lanes[0].u_LANE/u_CHUNK_ID_CDC/src_hsdata_ff_reg[17]/C                                                               u_CORE/gen_lanes[0].u_LANE/u_CHUNK_ID_CDC/dest_hsdata_ff_reg[17]/D
 19  CDC-15  Warning   Clock enable controlled CDC structure detected      0  Asynch Clock Groups  u_CORE/gen_lanes[0].u_LANE/u_CHUNK_ID_CDC/src_hsdata_ff_reg[18]/C                                                               u_CORE/gen_lanes[0].u_LANE/u_CHUNK_ID_CDC/dest_hsdata_ff_reg[18]/D
 20  CDC-15  Warning   Clock enable controlled CDC structure detected      0  Asynch Clock Groups  u_CORE/gen_lanes[0].u_LANE/u_CHUNK_ID_CDC/src_hsdata_ff_reg[19]/C                                                               u_CORE/gen_lanes[0].u_LANE/u_CHUNK_ID_CDC/dest_hsdata_ff_reg[19]/D
 21  CDC-15  Warning   Clock enable controlled CDC structure detected      0  Asynch Clock Groups  u_CORE/gen_lanes[0].u_LANE/u_CHUNK_ID_CDC/src_hsdata_ff_reg[20]/C                                                               u_CORE/gen_lanes[0].u_LANE/u_CHUNK_ID_CDC/dest_hsdata_ff_reg[20]/D
 22  CDC-15  Warning   Clock enable controlled CDC structure detected      0  Asynch Clock Groups  u_CORE/gen_lanes[0].u_LANE/u_CHUNK_ID_CDC/src_hsdata_ff_reg[21]/C                                                               u_CORE/gen_lanes[0].u_LANE/u_CHUNK_ID_CDC/dest_hsdata_ff_reg[21]/D
 23  CDC-15  Warning   Clock enable controlled CDC structure detected      0  Asynch Clock Groups  u_CORE/gen_lanes[0].u_LANE/u_CHUNK_ID_CDC/src_hsdata_ff_reg[22]/C                                                               u_CORE/gen_lanes[0].u_LANE/u_CHUNK_ID_CDC/dest_hsdata_ff_reg[22]/D
 24  CDC-15  Warning   Clock enable controlled CDC structure detected      0  Asynch Clock Groups  u_CORE/gen_lanes[0].u_LANE/u_CHUNK_ID_CDC/src_hsdata_ff_reg[23]/C                                                               u_CORE/gen_lanes[0].u_LANE/u_CHUNK_ID_CDC/dest_hsdata_ff_reg[23]/D
 25  CDC-15  Warning   Clock enable controlled CDC structure detected      0  Asynch Clock Groups  u_CORE/gen_lanes[0].u_LANE/u_CHUNK_ID_CDC/src_hsdata_ff_reg[24]/C                                                               u_CORE/gen_lanes[0].u_LANE/u_CHUNK_ID_CDC/dest_hsdata_ff_reg[24]/D
 26  CDC-15  Warning   Clock enable controlled CDC structure detected      0  Asynch Clock Groups  u_CORE/gen_lanes[0].u_LANE/u_CHUNK_ID_CDC/src_hsdata_ff_reg[25]/C                                                               u_CORE/gen_lanes[0].u_LANE/u_CHUNK_ID_CDC/dest_hsdata_ff_reg[25]/D
 27  CDC-15  Warning   Clock enable controlled CDC structure detected      0  Asynch Clock Groups  u_CORE/gen_lanes[0].u_LANE/u_CHUNK_ID_CDC/src_hsdata_ff_reg[26]/C                                                               u_CORE/gen_lanes[0].u_LANE/u_CHUNK_ID_CDC/dest_hsdata_ff_reg[26]/D
 28  CDC-15  Warning   Clock enable controlled CDC structure detected      0  Asynch Clock Groups  u_CORE/gen_lanes[0].u_LANE/u_CHUNK_ID_CDC/src_hsdata_ff_reg[27]/C                                                               u_CORE/gen_lanes[0].u_LANE/u_CHUNK_ID_CDC/dest_hsdata_ff_reg[27]/D
 29  CDC-15  Warning   Clock enable controlled CDC structure detected      0  Asynch Clock Groups  u_CORE/gen_lanes[0].u_LANE/u_CHUNK_ID_CDC/src_hsdata_ff_reg[28]/C                                                               u_CORE/gen_lanes[0].u_LANE/u_CHUNK_ID_CDC/dest_hsdata_ff_reg[28]/D
 30  CDC-15  Warning   Clock enable controlled CDC structure detected      0  Asynch Clock Groups  u_CORE/gen_lanes[0].u_LANE/u_CHUNK_ID_CDC/src_hsdata_ff_reg[29]/C                                                               u_CORE/gen_lanes[0].u_LANE/u_CHUNK_ID_CDC/dest_hsdata_ff_reg[29]/D
 31  CDC-15  Warning   Clock enable controlled CDC structure detected      0  Asynch Clock Groups  u_CORE/gen_lanes[0].u_LANE/u_CHUNK_ID_CDC/src_hsdata_ff_reg[30]/C                                                               u_CORE/gen_lanes[0].u_LANE/u_CHUNK_ID_CDC/dest_hsdata_ff_reg[30]/D
 32  CDC-15  Warning   Clock enable controlled CDC structure detected      0  Asynch Clock Groups  u_CORE/gen_lanes[0].u_LANE/u_CHUNK_ID_CDC/src_hsdata_ff_reg[31]/C                                                               u_CORE/gen_lanes[0].u_LANE/u_CHUNK_ID_CDC/dest_hsdata_ff_reg[31]/D
 33  CDC-15  Warning   Clock enable controlled CDC structure detected      0  Asynch Clock Groups  u_CORE/gen_lanes[0].u_LANE/u_CHUNK_ID_CDC/src_hsdata_ff_reg[32]/C                                                               u_CORE/gen_lanes[0].u_LANE/u_CHUNK_ID_CDC/dest_hsdata_ff_reg[32]/D
 34  CDC-15  Warning   Clock enable controlled CDC structure detected      0  Asynch Clock Groups  u_CORE/gen_lanes[0].u_LANE/u_CHUNK_ID_CDC/src_hsdata_ff_reg[33]/C                                                               u_CORE/gen_lanes[0].u_LANE/u_CHUNK_ID_CDC/dest_hsdata_ff_reg[33]/D
 35  CDC-15  Warning   Clock enable controlled CDC structure detected      0  Asynch Clock Groups  u_CORE/gen_lanes[0].u_LANE/u_CHUNK_ID_CDC/src_hsdata_ff_reg[34]/C                                                               u_CORE/gen_lanes[0].u_LANE/u_CHUNK_ID_CDC/dest_hsdata_ff_reg[34]/D
 36  CDC-15  Warning   Clock enable controlled CDC structure detected      0  Asynch Clock Groups  u_CORE/gen_lanes[0].u_LANE/u_CHUNK_ID_CDC/src_hsdata_ff_reg[35]/C                                                               u_CORE/gen_lanes[0].u_LANE/u_CHUNK_ID_CDC/dest_hsdata_ff_reg[35]/D
 37  CDC-15  Warning   Clock enable controlled CDC structure detected      0  Asynch Clock Groups  u_CORE/gen_lanes[0].u_LANE/u_CHUNK_ID_CDC/src_hsdata_ff_reg[36]/C                                                               u_CORE/gen_lanes[0].u_LANE/u_CHUNK_ID_CDC/dest_hsdata_ff_reg[36]/D
 38  CDC-15  Warning   Clock enable controlled CDC structure detected      0  Asynch Clock Groups  u_CORE/gen_lanes[0].u_LANE/u_CHUNK_ID_CDC/src_hsdata_ff_reg[37]/C                                                               u_CORE/gen_lanes[0].u_LANE/u_CHUNK_ID_CDC/dest_hsdata_ff_reg[37]/D
 39  CDC-15  Warning   Clock enable controlled CDC structure detected      0  Asynch Clock Groups  u_CORE/gen_lanes[0].u_LANE/u_CHUNK_ID_CDC/src_hsdata_ff_reg[38]/C                                                               u_CORE/gen_lanes[0].u_LANE/u_CHUNK_ID_CDC/dest_hsdata_ff_reg[38]/D
 40  CDC-15  Warning   Clock enable controlled CDC structure detected      0  Asynch Clock Groups  u_CORE/gen_lanes[0].u_LANE/u_CHUNK_ID_CDC/src_hsdata_ff_reg[39]/C                                                               u_CORE/gen_lanes[0].u_LANE/u_CHUNK_ID_CDC/dest_hsdata_ff_reg[39]/D
 41  CDC-3   Info      1-bit synchronized with ASYNC_REG property          2  Asynch Clock Groups  u_CORE/gen_lanes[0].u_LANE/u_CHUNK_ID_CDC/src_sendd_ff_reg/C                                                                    u_CORE/gen_lanes[0].u_LANE/u_CHUNK_ID_CDC/xpm_cdc_single_src2dest_inst/syncstages_ff_reg[0]/D
 42  CDC-6   Warning   Multi-bit synchronized with ASYNC_REG property      4  Asynch Clock Groups  u_CORE/gen_lanes[0].u_LANE/u_FIFO/gnuram_async_fifo.xpm_fifo_base_inst/gen_cdc_pntr.wr_pntr_cdc_dc_inst/src_gray_ff_reg[7:0]/C  u_CORE/gen_lanes[0].u_LANE/u_FIFO/gnuram_async_fifo.xpm_fifo_base_inst/gen_cdc_pntr.wr_pntr_cdc_dc_inst/dest_graysync_ff_reg[0][7:0]/D
 43  CDC-6   Warning   Multi-bit synchronized with ASYNC_REG property      2  Asynch Clock Groups  u_CORE/gen_lanes[0].u_LANE/u_FIFO/gnuram_async_fifo.xpm_fifo_base_inst/gen_cdc_pntr.wr_pntr_cdc_inst/src_gray_ff_reg[6:0]/C     u_CORE/gen_lanes[0].u_LANE/u_FIFO/gnuram_async_fifo.xpm_fifo_base_inst/gen_cdc_pntr.wr_pntr_cdc_inst/dest_graysync_ff_reg[0][6:0]/D
 44  CDC-3   Info      1-bit synchronized with ASYNC_REG property          2  Asynch Clock Groups  u_CORE/gen_lanes[0].u_LANE/u_FIFO/gnuram_async_fifo.xpm_fifo_base_inst/xpm_fifo_rst_inst/gen_rst_ic.fifo_wr_rst_ic_reg/C        u_CORE/gen_lanes[0].u_LANE/u_FIFO/gnuram_async_fifo.xpm_fifo_base_inst/xpm_fifo_rst_inst/gen_rst_ic.wrst_rd_inst/syncstages_ff_reg[0]/D
 45  CDC-15  Warning   Clock enable controlled CDC structure detected      0  Asynch Clock Groups  u_CORE/gen_lanes[1].u_LANE/u_CHUNK_ID_CDC/src_hsdata_ff_reg[0]/C                                                                u_CORE/gen_lanes[1].u_LANE/u_CHUNK_ID_CDC/dest_hsdata_ff_reg[0]/D
 46  CDC-15  Warning   Clock enable controlled CDC structure detected      0  Asynch Clock Groups  u_CORE/gen_lanes[1].u_LANE/u_CHUNK_ID_CDC/src_hsdata_ff_reg[1]/C                                                                u_CORE/gen_lanes[1].u_LANE/u_CHUNK_ID_CDC/dest_hsdata_ff_reg[1]/D
 47  CDC-15  Warning   Clock enable controlled CDC structure detected      0  Asynch Clock Groups  u_CORE/gen_lanes[1].u_LANE/u_CHUNK_ID_CDC/src_hsdata_ff_reg[2]/C                                                                u_CORE/gen_lanes[1].u_LANE/u_CHUNK_ID_CDC/dest_hsdata_ff_reg[2]/D
 48  CDC-15  Warning   Clock enable controlled CDC structure detected      0  Asynch Clock Groups  u_CORE/gen_lanes[1].u_LANE/u_CHUNK_ID_CDC/src_hsdata_ff_reg[3]/C                                                                u_CORE/gen_lanes[1].u_LANE/u_CHUNK_ID_CDC/dest_hsdata_ff_reg[3]/D
 49  CDC-15  Warning   Clock enable controlled CDC structure detected      0  Asynch Clock Groups  u_CORE/gen_lanes[1].u_LANE/u_CHUNK_ID_CDC/src_hsdata_ff_reg[4]/C                                                                u_CORE/gen_lanes[1].u_LANE/u_CHUNK_ID_CDC/dest_hsdata_ff_reg[4]/D
 50  CDC-15  Warning   Clock enable controlled CDC structure detected      0  Asynch Clock Groups  u_CORE/gen_lanes[1].u_LANE/u_CHUNK_ID_CDC/src_hsdata_ff_reg[5]/C                                                                u_CORE/gen_lanes[1].u_LANE/u_CHUNK_ID_CDC/dest_hsdata_ff_reg[5]/D
 51  CDC-15  Warning   Clock enable controlled CDC structure detected      0  Asynch Clock Groups  u_CORE/gen_lanes[1].u_LANE/u_CHUNK_ID_CDC/src_hsdata_ff_reg[6]/C                                                                u_CORE/gen_lanes[1].u_LANE/u_CHUNK_ID_CDC/dest_hsdata_ff_reg[6]/D
 52  CDC-15  Warning   Clock enable controlled CDC structure detected      0  Asynch Clock Groups  u_CORE/gen_lanes[1].u_LANE/u_CHUNK_ID_CDC/src_hsdata_ff_reg[7]/C                                                                u_CORE/gen_lanes[1].u_LANE/u_CHUNK_ID_CDC/dest_hsdata_ff_reg[7]/D
 53  CDC-15  Warning   Clock enable controlled CDC structure detected      0  Asynch Clock Groups  u_CORE/gen_lanes[1].u_LANE/u_CHUNK_ID_CDC/src_hsdata_ff_reg[8]/C                                                                u_CORE/gen_lanes[1].u_LANE/u_CHUNK_ID_CDC/dest_hsdata_ff_reg[8]/D
 54  CDC-15  Warning   Clock enable controlled CDC structure detected      0  Asynch Clock Groups  u_CORE/gen_lanes[1].u_LANE/u_CHUNK_ID_CDC/src_hsdata_ff_reg[9]/C                                                                u_CORE/gen_lanes[1].u_LANE/u_CHUNK_ID_CDC/dest_hsdata_ff_reg[9]/D
 55  CDC-15  Warning   Clock enable controlled CDC structure detected      0  Asynch Clock Groups  u_CORE/gen_lanes[1].u_LANE/u_CHUNK_ID_CDC/src_hsdata_ff_reg[10]/C                                                               u_CORE/gen_lanes[1].u_LANE/u_CHUNK_ID_CDC/dest_hsdata_ff_reg[10]/D
 56  CDC-15  Warning   Clock enable controlled CDC structure detected      0  Asynch Clock Groups  u_CORE/gen_lanes[1].u_LANE/u_CHUNK_ID_CDC/src_hsdata_ff_reg[11]/C                                                               u_CORE/gen_lanes[1].u_LANE/u_CHUNK_ID_CDC/dest_hsdata_ff_reg[11]/D
 57  CDC-15  Warning   Clock enable controlled CDC structure detected      0  Asynch Clock Groups  u_CORE/gen_lanes[1].u_LANE/u_CHUNK_ID_CDC/src_hsdata_ff_reg[12]/C                                                               u_CORE/gen_lanes[1].u_LANE/u_CHUNK_ID_CDC/dest_hsdata_ff_reg[12]/D
 58  CDC-15  Warning   Clock enable controlled CDC structure detected      0  Asynch Clock Groups  u_CORE/gen_lanes[1].u_LANE/u_CHUNK_ID_CDC/src_hsdata_ff_reg[13]/C                                                               u_CORE/gen_lanes[1].u_LANE/u_CHUNK_ID_CDC/dest_hsdata_ff_reg[13]/D
 59  CDC-15  Warning   Clock enable controlled CDC structure detected      0  Asynch Clock Groups  u_CORE/gen_lanes[1].u_LANE/u_CHUNK_ID_CDC/src_hsdata_ff_reg[14]/C                                                               u_CORE/gen_lanes[1].u_LANE/u_CHUNK_ID_CDC/dest_hsdata_ff_reg[14]/D
 60  CDC-15  Warning   Clock enable controlled CDC structure detected      0  Asynch Clock Groups  u_CORE/gen_lanes[1].u_LANE/u_CHUNK_ID_CDC/src_hsdata_ff_reg[15]/C                                                               u_CORE/gen_lanes[1].u_LANE/u_CHUNK_ID_CDC/dest_hsdata_ff_reg[15]/D
 61  CDC-15  Warning   Clock enable controlled CDC structure detected      0  Asynch Clock Groups  u_CORE/gen_lanes[1].u_LANE/u_CHUNK_ID_CDC/src_hsdata_ff_reg[16]/C                                                               u_CORE/gen_lanes[1].u_LANE/u_CHUNK_ID_CDC/dest_hsdata_ff_reg[16]/D
 62  CDC-15  Warning   Clock enable controlled CDC structure detected      0  Asynch Clock Groups  u_CORE/gen_lanes[1].u_LANE/u_CHUNK_ID_CDC/src_hsdata_ff_reg[17]/C                                                               u_CORE/gen_lanes[1].u_LANE/u_CHUNK_ID_CDC/dest_hsdata_ff_reg[17]/D
 63  CDC-15  Warning   Clock enable controlled CDC structure detected      0  Asynch Clock Groups  u_CORE/gen_lanes[1].u_LANE/u_CHUNK_ID_CDC/src_hsdata_ff_reg[18]/C                                                               u_CORE/gen_lanes[1].u_LANE/u_CHUNK_ID_CDC/dest_hsdata_ff_reg[18]/D
 64  CDC-15  Warning   Clock enable controlled CDC structure detected      0  Asynch Clock Groups  u_CORE/gen_lanes[1].u_LANE/u_CHUNK_ID_CDC/src_hsdata_ff_reg[19]/C                                                               u_CORE/gen_lanes[1].u_LANE/u_CHUNK_ID_CDC/dest_hsdata_ff_reg[19]/D
 65  CDC-15  Warning   Clock enable controlled CDC structure detected      0  Asynch Clock Groups  u_CORE/gen_lanes[1].u_LANE/u_CHUNK_ID_CDC/src_hsdata_ff_reg[20]/C                                                               u_CORE/gen_lanes[1].u_LANE/u_CHUNK_ID_CDC/dest_hsdata_ff_reg[20]/D
 66  CDC-15  Warning   Clock enable controlled CDC structure detected      0  Asynch Clock Groups  u_CORE/gen_lanes[1].u_LANE/u_CHUNK_ID_CDC/src_hsdata_ff_reg[21]/C                                                               u_CORE/gen_lanes[1].u_LANE/u_CHUNK_ID_CDC/dest_hsdata_ff_reg[21]/D
 67  CDC-15  Warning   Clock enable controlled CDC structure detected      0  Asynch Clock Groups  u_CORE/gen_lanes[1].u_LANE/u_CHUNK_ID_CDC/src_hsdata_ff_reg[22]/C                                                               u_CORE/gen_lanes[1].u_LANE/u_CHUNK_ID_CDC/dest_hsdata_ff_reg[22]/D
 68  CDC-15  Warning   Clock enable controlled CDC structure detected      0  Asynch Clock Groups  u_CORE/gen_lanes[1].u_LANE/u_CHUNK_ID_CDC/src_hsdata_ff_reg[23]/C                                                               u_CORE/gen_lanes[1].u_LANE/u_CHUNK_ID_CDC/dest_hsdata_ff_reg[23]/D
 69  CDC-15  Warning   Clock enable controlled CDC structure detected      0  Asynch Clock Groups  u_CORE/gen_lanes[1].u_LANE/u_CHUNK_ID_CDC/src_hsdata_ff_reg[24]/C                                                               u_CORE/gen_lanes[1].u_LANE/u_CHUNK_ID_CDC/dest_hsdata_ff_reg[24]/D
 70  CDC-15  Warning   Clock enable controlled CDC structure detected      0  Asynch Clock Groups  u_CORE/gen_lanes[1].u_LANE/u_CHUNK_ID_CDC/src_hsdata_ff_reg[25]/C                                                               u_CORE/gen_lanes[1].u_LANE/u_CHUNK_ID_CDC/dest_hsdata_ff_reg[25]/D
 71  CDC-15  Warning   Clock enable controlled CDC structure detected      0  Asynch Clock Groups  u_CORE/gen_lanes[1].u_LANE/u_CHUNK_ID_CDC/src_hsdata_ff_reg[26]/C                                                               u_CORE/gen_lanes[1].u_LANE/u_CHUNK_ID_CDC/dest_hsdata_ff_reg[26]/D
 72  CDC-15  Warning   Clock enable controlled CDC structure detected      0  Asynch Clock Groups  u_CORE/gen_lanes[1].u_LANE/u_CHUNK_ID_CDC/src_hsdata_ff_reg[27]/C                                                               u_CORE/gen_lanes[1].u_LANE/u_CHUNK_ID_CDC/dest_hsdata_ff_reg[27]/D
 73  CDC-15  Warning   Clock enable controlled CDC structure detected      0  Asynch Clock Groups  u_CORE/gen_lanes[1].u_LANE/u_CHUNK_ID_CDC/src_hsdata_ff_reg[28]/C                                                               u_CORE/gen_lanes[1].u_LANE/u_CHUNK_ID_CDC/dest_hsdata_ff_reg[28]/D
 74  CDC-15  Warning   Clock enable controlled CDC structure detected      0  Asynch Clock Groups  u_CORE/gen_lanes[1].u_LANE/u_CHUNK_ID_CDC/src_hsdata_ff_reg[29]/C                                                               u_CORE/gen_lanes[1].u_LANE/u_CHUNK_ID_CDC/dest_hsdata_ff_reg[29]/D
 75  CDC-15  Warning   Clock enable controlled CDC structure detected      0  Asynch Clock Groups  u_CORE/gen_lanes[1].u_LANE/u_CHUNK_ID_CDC/src_hsdata_ff_reg[30]/C                                                               u_CORE/gen_lanes[1].u_LANE/u_CHUNK_ID_CDC/dest_hsdata_ff_reg[30]/D
 76  CDC-15  Warning   Clock enable controlled CDC structure detected      0  Asynch Clock Groups  u_CORE/gen_lanes[1].u_LANE/u_CHUNK_ID_CDC/src_hsdata_ff_reg[31]/C                                                               u_CORE/gen_lanes[1].u_LANE/u_CHUNK_ID_CDC/dest_hsdata_ff_reg[31]/D
 77  CDC-15  Warning   Clock enable controlled CDC structure detected      0  Asynch Clock Groups  u_CORE/gen_lanes[1].u_LANE/u_CHUNK_ID_CDC/src_hsdata_ff_reg[32]/C                                                               u_CORE/gen_lanes[1].u_LANE/u_CHUNK_ID_CDC/dest_hsdata_ff_reg[32]/D
 78  CDC-15  Warning   Clock enable controlled CDC structure detected      0  Asynch Clock Groups  u_CORE/gen_lanes[1].u_LANE/u_CHUNK_ID_CDC/src_hsdata_ff_reg[33]/C                                                               u_CORE/gen_lanes[1].u_LANE/u_CHUNK_ID_CDC/dest_hsdata_ff_reg[33]/D
 79  CDC-15  Warning   Clock enable controlled CDC structure detected      0  Asynch Clock Groups  u_CORE/gen_lanes[1].u_LANE/u_CHUNK_ID_CDC/src_hsdata_ff_reg[34]/C                                                               u_CORE/gen_lanes[1].u_LANE/u_CHUNK_ID_CDC/dest_hsdata_ff_reg[34]/D
 80  CDC-15  Warning   Clock enable controlled CDC structure detected      0  Asynch Clock Groups  u_CORE/gen_lanes[1].u_LANE/u_CHUNK_ID_CDC/src_hsdata_ff_reg[35]/C                                                               u_CORE/gen_lanes[1].u_LANE/u_CHUNK_ID_CDC/dest_hsdata_ff_reg[35]/D
 81  CDC-15  Warning   Clock enable controlled CDC structure detected      0  Asynch Clock Groups  u_CORE/gen_lanes[1].u_LANE/u_CHUNK_ID_CDC/src_hsdata_ff_reg[36]/C                                                               u_CORE/gen_lanes[1].u_LANE/u_CHUNK_ID_CDC/dest_hsdata_ff_reg[36]/D
 82  CDC-15  Warning   Clock enable controlled CDC structure detected      0  Asynch Clock Groups  u_CORE/gen_lanes[1].u_LANE/u_CHUNK_ID_CDC/src_hsdata_ff_reg[37]/C                                                               u_CORE/gen_lanes[1].u_LANE/u_CHUNK_ID_CDC/dest_hsdata_ff_reg[37]/D
 83  CDC-15  Warning   Clock enable controlled CDC structure detected      0  Asynch Clock Groups  u_CORE/gen_lanes[1].u_LANE/u_CHUNK_ID_CDC/src_hsdata_ff_reg[38]/C                                                               u_CORE/gen_lanes[1].u_LANE/u_CHUNK_ID_CDC/dest_hsdata_ff_reg[38]/D
 84  CDC-15  Warning   Clock enable controlled CDC structure detected      0  Asynch Clock Groups  u_CORE/gen_lanes[1].u_LANE/u_CHUNK_ID_CDC/src_hsdata_ff_reg[39]/C                                                               u_CORE/gen_lanes[1].u_LANE/u_CHUNK_ID_CDC/dest_hsdata_ff_reg[39]/D
 85  CDC-3   Info      1-bit synchronized with ASYNC_REG property          2  Asynch Clock Groups  u_CORE/gen_lanes[1].u_LANE/u_CHUNK_ID_CDC/src_sendd_ff_reg/C                                                                    u_CORE/gen_lanes[1].u_LANE/u_CHUNK_ID_CDC/xpm_cdc_single_src2dest_inst/syncstages_ff_reg[0]/D
 86  CDC-6   Warning   Multi-bit synchronized with ASYNC_REG property      4  Asynch Clock Groups  u_CORE/gen_lanes[1].u_LANE/u_FIFO/gnuram_async_fifo.xpm_fifo_base_inst/gen_cdc_pntr.wr_pntr_cdc_dc_inst/src_gray_ff_reg[7:0]/C  u_CORE/gen_lanes[1].u_LANE/u_FIFO/gnuram_async_fifo.xpm_fifo_base_inst/gen_cdc_pntr.wr_pntr_cdc_dc_inst/dest_graysync_ff_reg[0][7:0]/D
 87  CDC-6   Warning   Multi-bit synchronized with ASYNC_REG property      2  Asynch Clock Groups  u_CORE/gen_lanes[1].u_LANE/u_FIFO/gnuram_async_fifo.xpm_fifo_base_inst/gen_cdc_pntr.wr_pntr_cdc_inst/src_gray_ff_reg[6:0]/C     u_CORE/gen_lanes[1].u_LANE/u_FIFO/gnuram_async_fifo.xpm_fifo_base_inst/gen_cdc_pntr.wr_pntr_cdc_inst/dest_graysync_ff_reg[0][6:0]/D
 88  CDC-3   Info      1-bit synchronized with ASYNC_REG property          2  Asynch Clock Groups  u_CORE/gen_lanes[1].u_LANE/u_FIFO/gnuram_async_fifo.xpm_fifo_base_inst/xpm_fifo_rst_inst/gen_rst_ic.fifo_wr_rst_ic_reg/C        u_CORE/gen_lanes[1].u_LANE/u_FIFO/gnuram_async_fifo.xpm_fifo_base_inst/xpm_fifo_rst_inst/gen_rst_ic.wrst_rd_inst/syncstages_ff_reg[0]/D
 89  CDC-15  Warning   Clock enable controlled CDC structure detected      0  Asynch Clock Groups  u_CORE/gen_lanes[2].u_LANE/u_CHUNK_ID_CDC/src_hsdata_ff_reg[0]/C                                                                u_CORE/gen_lanes[2].u_LANE/u_CHUNK_ID_CDC/dest_hsdata_ff_reg[0]/D
 90  CDC-15  Warning   Clock enable controlled CDC structure detected      0  Asynch Clock Groups  u_CORE/gen_lanes[2].u_LANE/u_CHUNK_ID_CDC/src_hsdata_ff_reg[1]/C                                                                u_CORE/gen_lanes[2].u_LANE/u_CHUNK_ID_CDC/dest_hsdata_ff_reg[1]/D
 91  CDC-15  Warning   Clock enable controlled CDC structure detected      0  Asynch Clock Groups  u_CORE/gen_lanes[2].u_LANE/u_CHUNK_ID_CDC/src_hsdata_ff_reg[2]/C                                                                u_CORE/gen_lanes[2].u_LANE/u_CHUNK_ID_CDC/dest_hsdata_ff_reg[2]/D
 92  CDC-15  Warning   Clock enable controlled CDC structure detected      0  Asynch Clock Groups  u_CORE/gen_lanes[2].u_LANE/u_CHUNK_ID_CDC/src_hsdata_ff_reg[3]/C                                                                u_CORE/gen_lanes[2].u_LANE/u_CHUNK_ID_CDC/dest_hsdata_ff_reg[3]/D
 93  CDC-15  Warning   Clock enable controlled CDC structure detected      0  Asynch Clock Groups  u_CORE/gen_lanes[2].u_LANE/u_CHUNK_ID_CDC/src_hsdata_ff_reg[4]/C                                                                u_CORE/gen_lanes[2].u_LANE/u_CHUNK_ID_CDC/dest_hsdata_ff_reg[4]/D
 94  CDC-15  Warning   Clock enable controlled CDC structure detected      0  Asynch Clock Groups  u_CORE/gen_lanes[2].u_LANE/u_CHUNK_ID_CDC/src_hsdata_ff_reg[5]/C                                                                u_CORE/gen_lanes[2].u_LANE/u_CHUNK_ID_CDC/dest_hsdata_ff_reg[5]/D
 95  CDC-15  Warning   Clock enable controlled CDC structure detected      0  Asynch Clock Groups  u_CORE/gen_lanes[2].u_LANE/u_CHUNK_ID_CDC/src_hsdata_ff_reg[6]/C                                                                u_CORE/gen_lanes[2].u_LANE/u_CHUNK_ID_CDC/dest_hsdata_ff_reg[6]/D
 96  CDC-15  Warning   Clock enable controlled CDC structure detected      0  Asynch Clock Groups  u_CORE/gen_lanes[2].u_LANE/u_CHUNK_ID_CDC/src_hsdata_ff_reg[7]/C                                                                u_CORE/gen_lanes[2].u_LANE/u_CHUNK_ID_CDC/dest_hsdata_ff_reg[7]/D
 97  CDC-15  Warning   Clock enable controlled CDC structure detected      0  Asynch Clock Groups  u_CORE/gen_lanes[2].u_LANE/u_CHUNK_ID_CDC/src_hsdata_ff_reg[8]/C                                                                u_CORE/gen_lanes[2].u_LANE/u_CHUNK_ID_CDC/dest_hsdata_ff_reg[8]/D
 98  CDC-15  Warning   Clock enable controlled CDC structure detected      0  Asynch Clock Groups  u_CORE/gen_lanes[2].u_LANE/u_CHUNK_ID_CDC/src_hsdata_ff_reg[9]/C                                                                u_CORE/gen_lanes[2].u_LANE/u_CHUNK_ID_CDC/dest_hsdata_ff_reg[9]/D
 99  CDC-15  Warning   Clock enable controlled CDC structure detected      0  Asynch Clock Groups  u_CORE/gen_lanes[2].u_LANE/u_CHUNK_ID_CDC/src_hsdata_ff_reg[10]/C                                                               u_CORE/gen_lanes[2].u_LANE/u_CHUNK_ID_CDC/dest_hsdata_ff_reg[10]/D
100  CDC-15  Warning   Clock enable controlled CDC structure detected      0  Asynch Clock Groups  u_CORE/gen_lanes[2].u_LANE/u_CHUNK_ID_CDC/src_hsdata_ff_reg[11]/C                                                               u_CORE/gen_lanes[2].u_LANE/u_CHUNK_ID_CDC/dest_hsdata_ff_reg[11]/D
101  CDC-15  Warning   Clock enable controlled CDC structure detected      0  Asynch Clock Groups  u_CORE/gen_lanes[2].u_LANE/u_CHUNK_ID_CDC/src_hsdata_ff_reg[12]/C                                                               u_CORE/gen_lanes[2].u_LANE/u_CHUNK_ID_CDC/dest_hsdata_ff_reg[12]/D
102  CDC-15  Warning   Clock enable controlled CDC structure detected      0  Asynch Clock Groups  u_CORE/gen_lanes[2].u_LANE/u_CHUNK_ID_CDC/src_hsdata_ff_reg[13]/C                                                               u_CORE/gen_lanes[2].u_LANE/u_CHUNK_ID_CDC/dest_hsdata_ff_reg[13]/D
103  CDC-15  Warning   Clock enable controlled CDC structure detected      0  Asynch Clock Groups  u_CORE/gen_lanes[2].u_LANE/u_CHUNK_ID_CDC/src_hsdata_ff_reg[14]/C                                                               u_CORE/gen_lanes[2].u_LANE/u_CHUNK_ID_CDC/dest_hsdata_ff_reg[14]/D
104  CDC-15  Warning   Clock enable controlled CDC structure detected      0  Asynch Clock Groups  u_CORE/gen_lanes[2].u_LANE/u_CHUNK_ID_CDC/src_hsdata_ff_reg[15]/C                                                               u_CORE/gen_lanes[2].u_LANE/u_CHUNK_ID_CDC/dest_hsdata_ff_reg[15]/D
105  CDC-15  Warning   Clock enable controlled CDC structure detected      0  Asynch Clock Groups  u_CORE/gen_lanes[2].u_LANE/u_CHUNK_ID_CDC/src_hsdata_ff_reg[16]/C                                                               u_CORE/gen_lanes[2].u_LANE/u_CHUNK_ID_CDC/dest_hsdata_ff_reg[16]/D
106  CDC-15  Warning   Clock enable controlled CDC structure detected      0  Asynch Clock Groups  u_CORE/gen_lanes[2].u_LANE/u_CHUNK_ID_CDC/src_hsdata_ff_reg[17]/C                                                               u_CORE/gen_lanes[2].u_LANE/u_CHUNK_ID_CDC/dest_hsdata_ff_reg[17]/D
107  CDC-15  Warning   Clock enable controlled CDC structure detected      0  Asynch Clock Groups  u_CORE/gen_lanes[2].u_LANE/u_CHUNK_ID_CDC/src_hsdata_ff_reg[18]/C                                                               u_CORE/gen_lanes[2].u_LANE/u_CHUNK_ID_CDC/dest_hsdata_ff_reg[18]/D
108  CDC-15  Warning   Clock enable controlled CDC structure detected      0  Asynch Clock Groups  u_CORE/gen_lanes[2].u_LANE/u_CHUNK_ID_CDC/src_hsdata_ff_reg[19]/C                                                               u_CORE/gen_lanes[2].u_LANE/u_CHUNK_ID_CDC/dest_hsdata_ff_reg[19]/D
109  CDC-15  Warning   Clock enable controlled CDC structure detected      0  Asynch Clock Groups  u_CORE/gen_lanes[2].u_LANE/u_CHUNK_ID_CDC/src_hsdata_ff_reg[20]/C                                                               u_CORE/gen_lanes[2].u_LANE/u_CHUNK_ID_CDC/dest_hsdata_ff_reg[20]/D
110  CDC-15  Warning   Clock enable controlled CDC structure detected      0  Asynch Clock Groups  u_CORE/gen_lanes[2].u_LANE/u_CHUNK_ID_CDC/src_hsdata_ff_reg[21]/C                                                               u_CORE/gen_lanes[2].u_LANE/u_CHUNK_ID_CDC/dest_hsdata_ff_reg[21]/D
111  CDC-15  Warning   Clock enable controlled CDC structure detected      0  Asynch Clock Groups  u_CORE/gen_lanes[2].u_LANE/u_CHUNK_ID_CDC/src_hsdata_ff_reg[22]/C                                                               u_CORE/gen_lanes[2].u_LANE/u_CHUNK_ID_CDC/dest_hsdata_ff_reg[22]/D
112  CDC-15  Warning   Clock enable controlled CDC structure detected      0  Asynch Clock Groups  u_CORE/gen_lanes[2].u_LANE/u_CHUNK_ID_CDC/src_hsdata_ff_reg[23]/C                                                               u_CORE/gen_lanes[2].u_LANE/u_CHUNK_ID_CDC/dest_hsdata_ff_reg[23]/D
113  CDC-15  Warning   Clock enable controlled CDC structure detected      0  Asynch Clock Groups  u_CORE/gen_lanes[2].u_LANE/u_CHUNK_ID_CDC/src_hsdata_ff_reg[24]/C                                                               u_CORE/gen_lanes[2].u_LANE/u_CHUNK_ID_CDC/dest_hsdata_ff_reg[24]/D
114  CDC-15  Warning   Clock enable controlled CDC structure detected      0  Asynch Clock Groups  u_CORE/gen_lanes[2].u_LANE/u_CHUNK_ID_CDC/src_hsdata_ff_reg[25]/C                                                               u_CORE/gen_lanes[2].u_LANE/u_CHUNK_ID_CDC/dest_hsdata_ff_reg[25]/D
115  CDC-15  Warning   Clock enable controlled CDC structure detected      0  Asynch Clock Groups  u_CORE/gen_lanes[2].u_LANE/u_CHUNK_ID_CDC/src_hsdata_ff_reg[26]/C                                                               u_CORE/gen_lanes[2].u_LANE/u_CHUNK_ID_CDC/dest_hsdata_ff_reg[26]/D
116  CDC-15  Warning   Clock enable controlled CDC structure detected      0  Asynch Clock Groups  u_CORE/gen_lanes[2].u_LANE/u_CHUNK_ID_CDC/src_hsdata_ff_reg[27]/C                                                               u_CORE/gen_lanes[2].u_LANE/u_CHUNK_ID_CDC/dest_hsdata_ff_reg[27]/D
117  CDC-15  Warning   Clock enable controlled CDC structure detected      0  Asynch Clock Groups  u_CORE/gen_lanes[2].u_LANE/u_CHUNK_ID_CDC/src_hsdata_ff_reg[28]/C                                                               u_CORE/gen_lanes[2].u_LANE/u_CHUNK_ID_CDC/dest_hsdata_ff_reg[28]/D
118  CDC-15  Warning   Clock enable controlled CDC structure detected      0  Asynch Clock Groups  u_CORE/gen_lanes[2].u_LANE/u_CHUNK_ID_CDC/src_hsdata_ff_reg[29]/C                                                               u_CORE/gen_lanes[2].u_LANE/u_CHUNK_ID_CDC/dest_hsdata_ff_reg[29]/D
119  CDC-15  Warning   Clock enable controlled CDC structure detected      0  Asynch Clock Groups  u_CORE/gen_lanes[2].u_LANE/u_CHUNK_ID_CDC/src_hsdata_ff_reg[30]/C                                                               u_CORE/gen_lanes[2].u_LANE/u_CHUNK_ID_CDC/dest_hsdata_ff_reg[30]/D
120  CDC-15  Warning   Clock enable controlled CDC structure detected      0  Asynch Clock Groups  u_CORE/gen_lanes[2].u_LANE/u_CHUNK_ID_CDC/src_hsdata_ff_reg[31]/C                                                               u_CORE/gen_lanes[2].u_LANE/u_CHUNK_ID_CDC/dest_hsdata_ff_reg[31]/D
121  CDC-15  Warning   Clock enable controlled CDC structure detected      0  Asynch Clock Groups  u_CORE/gen_lanes[2].u_LANE/u_CHUNK_ID_CDC/src_hsdata_ff_reg[32]/C                                                               u_CORE/gen_lanes[2].u_LANE/u_CHUNK_ID_CDC/dest_hsdata_ff_reg[32]/D
122  CDC-15  Warning   Clock enable controlled CDC structure detected      0  Asynch Clock Groups  u_CORE/gen_lanes[2].u_LANE/u_CHUNK_ID_CDC/src_hsdata_ff_reg[33]/C                                                               u_CORE/gen_lanes[2].u_LANE/u_CHUNK_ID_CDC/dest_hsdata_ff_reg[33]/D
123  CDC-15  Warning   Clock enable controlled CDC structure detected      0  Asynch Clock Groups  u_CORE/gen_lanes[2].u_LANE/u_CHUNK_ID_CDC/src_hsdata_ff_reg[34]/C                                                               u_CORE/gen_lanes[2].u_LANE/u_CHUNK_ID_CDC/dest_hsdata_ff_reg[34]/D
124  CDC-15  Warning   Clock enable controlled CDC structure detected      0  Asynch Clock Groups  u_CORE/gen_lanes[2].u_LANE/u_CHUNK_ID_CDC/src_hsdata_ff_reg[35]/C                                                               u_CORE/gen_lanes[2].u_LANE/u_CHUNK_ID_CDC/dest_hsdata_ff_reg[35]/D
125  CDC-15  Warning   Clock enable controlled CDC structure detected      0  Asynch Clock Groups  u_CORE/gen_lanes[2].u_LANE/u_CHUNK_ID_CDC/src_hsdata_ff_reg[36]/C                                                               u_CORE/gen_lanes[2].u_LANE/u_CHUNK_ID_CDC/dest_hsdata_ff_reg[36]/D
126  CDC-15  Warning   Clock enable controlled CDC structure detected      0  Asynch Clock Groups  u_CORE/gen_lanes[2].u_LANE/u_CHUNK_ID_CDC/src_hsdata_ff_reg[37]/C                                                               u_CORE/gen_lanes[2].u_LANE/u_CHUNK_ID_CDC/dest_hsdata_ff_reg[37]/D
127  CDC-15  Warning   Clock enable controlled CDC structure detected      0  Asynch Clock Groups  u_CORE/gen_lanes[2].u_LANE/u_CHUNK_ID_CDC/src_hsdata_ff_reg[38]/C                                                               u_CORE/gen_lanes[2].u_LANE/u_CHUNK_ID_CDC/dest_hsdata_ff_reg[38]/D
128  CDC-15  Warning   Clock enable controlled CDC structure detected      0  Asynch Clock Groups  u_CORE/gen_lanes[2].u_LANE/u_CHUNK_ID_CDC/src_hsdata_ff_reg[39]/C                                                               u_CORE/gen_lanes[2].u_LANE/u_CHUNK_ID_CDC/dest_hsdata_ff_reg[39]/D
129  CDC-3   Info      1-bit synchronized with ASYNC_REG property          2  Asynch Clock Groups  u_CORE/gen_lanes[2].u_LANE/u_CHUNK_ID_CDC/src_sendd_ff_reg/C                                                                    u_CORE/gen_lanes[2].u_LANE/u_CHUNK_ID_CDC/xpm_cdc_single_src2dest_inst/syncstages_ff_reg[0]/D
130  CDC-6   Warning   Multi-bit synchronized with ASYNC_REG property      4  Asynch Clock Groups  u_CORE/gen_lanes[2].u_LANE/u_FIFO/gnuram_async_fifo.xpm_fifo_base_inst/gen_cdc_pntr.wr_pntr_cdc_dc_inst/src_gray_ff_reg[7:0]/C  u_CORE/gen_lanes[2].u_LANE/u_FIFO/gnuram_async_fifo.xpm_fifo_base_inst/gen_cdc_pntr.wr_pntr_cdc_dc_inst/dest_graysync_ff_reg[0][7:0]/D
131  CDC-6   Warning   Multi-bit synchronized with ASYNC_REG property      2  Asynch Clock Groups  u_CORE/gen_lanes[2].u_LANE/u_FIFO/gnuram_async_fifo.xpm_fifo_base_inst/gen_cdc_pntr.wr_pntr_cdc_inst/src_gray_ff_reg[6:0]/C     u_CORE/gen_lanes[2].u_LANE/u_FIFO/gnuram_async_fifo.xpm_fifo_base_inst/gen_cdc_pntr.wr_pntr_cdc_inst/dest_graysync_ff_reg[0][6:0]/D
132  CDC-3   Info      1-bit synchronized with ASYNC_REG property          2  Asynch Clock Groups  u_CORE/gen_lanes[2].u_LANE/u_FIFO/gnuram_async_fifo.xpm_fifo_base_inst/xpm_fifo_rst_inst/gen_rst_ic.fifo_wr_rst_ic_reg/C        u_CORE/gen_lanes[2].u_LANE/u_FIFO/gnuram_async_fifo.xpm_fifo_base_inst/xpm_fifo_rst_inst/gen_rst_ic.wrst_rd_inst/syncstages_ff_reg[0]/D
133  CDC-15  Warning   Clock enable controlled CDC structure detected      0  Asynch Clock Groups  u_CORE/gen_lanes[3].u_LANE/u_CHUNK_ID_CDC/src_hsdata_ff_reg[0]/C                                                                u_CORE/gen_lanes[3].u_LANE/u_CHUNK_ID_CDC/dest_hsdata_ff_reg[0]/D
134  CDC-15  Warning   Clock enable controlled CDC structure detected      0  Asynch Clock Groups  u_CORE/gen_lanes[3].u_LANE/u_CHUNK_ID_CDC/src_hsdata_ff_reg[1]/C                                                                u_CORE/gen_lanes[3].u_LANE/u_CHUNK_ID_CDC/dest_hsdata_ff_reg[1]/D
135  CDC-15  Warning   Clock enable controlled CDC structure detected      0  Asynch Clock Groups  u_CORE/gen_lanes[3].u_LANE/u_CHUNK_ID_CDC/src_hsdata_ff_reg[2]/C                                                                u_CORE/gen_lanes[3].u_LANE/u_CHUNK_ID_CDC/dest_hsdata_ff_reg[2]/D
136  CDC-15  Warning   Clock enable controlled CDC structure detected      0  Asynch Clock Groups  u_CORE/gen_lanes[3].u_LANE/u_CHUNK_ID_CDC/src_hsdata_ff_reg[3]/C                                                                u_CORE/gen_lanes[3].u_LANE/u_CHUNK_ID_CDC/dest_hsdata_ff_reg[3]/D
137  CDC-15  Warning   Clock enable controlled CDC structure detected      0  Asynch Clock Groups  u_CORE/gen_lanes[3].u_LANE/u_CHUNK_ID_CDC/src_hsdata_ff_reg[4]/C                                                                u_CORE/gen_lanes[3].u_LANE/u_CHUNK_ID_CDC/dest_hsdata_ff_reg[4]/D
138  CDC-15  Warning   Clock enable controlled CDC structure detected      0  Asynch Clock Groups  u_CORE/gen_lanes[3].u_LANE/u_CHUNK_ID_CDC/src_hsdata_ff_reg[5]/C                                                                u_CORE/gen_lanes[3].u_LANE/u_CHUNK_ID_CDC/dest_hsdata_ff_reg[5]/D
139  CDC-15  Warning   Clock enable controlled CDC structure detected      0  Asynch Clock Groups  u_CORE/gen_lanes[3].u_LANE/u_CHUNK_ID_CDC/src_hsdata_ff_reg[6]/C                                                                u_CORE/gen_lanes[3].u_LANE/u_CHUNK_ID_CDC/dest_hsdata_ff_reg[6]/D
140  CDC-15  Warning   Clock enable controlled CDC structure detected      0  Asynch Clock Groups  u_CORE/gen_lanes[3].u_LANE/u_CHUNK_ID_CDC/src_hsdata_ff_reg[7]/C                                                                u_CORE/gen_lanes[3].u_LANE/u_CHUNK_ID_CDC/dest_hsdata_ff_reg[7]/D
141  CDC-15  Warning   Clock enable controlled CDC structure detected      0  Asynch Clock Groups  u_CORE/gen_lanes[3].u_LANE/u_CHUNK_ID_CDC/src_hsdata_ff_reg[8]/C                                                                u_CORE/gen_lanes[3].u_LANE/u_CHUNK_ID_CDC/dest_hsdata_ff_reg[8]/D
142  CDC-15  Warning   Clock enable controlled CDC structure detected      0  Asynch Clock Groups  u_CORE/gen_lanes[3].u_LANE/u_CHUNK_ID_CDC/src_hsdata_ff_reg[9]/C                                                                u_CORE/gen_lanes[3].u_LANE/u_CHUNK_ID_CDC/dest_hsdata_ff_reg[9]/D
143  CDC-15  Warning   Clock enable controlled CDC structure detected      0  Asynch Clock Groups  u_CORE/gen_lanes[3].u_LANE/u_CHUNK_ID_CDC/src_hsdata_ff_reg[10]/C                                                               u_CORE/gen_lanes[3].u_LANE/u_CHUNK_ID_CDC/dest_hsdata_ff_reg[10]/D
144  CDC-15  Warning   Clock enable controlled CDC structure detected      0  Asynch Clock Groups  u_CORE/gen_lanes[3].u_LANE/u_CHUNK_ID_CDC/src_hsdata_ff_reg[11]/C                                                               u_CORE/gen_lanes[3].u_LANE/u_CHUNK_ID_CDC/dest_hsdata_ff_reg[11]/D
145  CDC-15  Warning   Clock enable controlled CDC structure detected      0  Asynch Clock Groups  u_CORE/gen_lanes[3].u_LANE/u_CHUNK_ID_CDC/src_hsdata_ff_reg[12]/C                                                               u_CORE/gen_lanes[3].u_LANE/u_CHUNK_ID_CDC/dest_hsdata_ff_reg[12]/D
146  CDC-15  Warning   Clock enable controlled CDC structure detected      0  Asynch Clock Groups  u_CORE/gen_lanes[3].u_LANE/u_CHUNK_ID_CDC/src_hsdata_ff_reg[13]/C                                                               u_CORE/gen_lanes[3].u_LANE/u_CHUNK_ID_CDC/dest_hsdata_ff_reg[13]/D
147  CDC-15  Warning   Clock enable controlled CDC structure detected      0  Asynch Clock Groups  u_CORE/gen_lanes[3].u_LANE/u_CHUNK_ID_CDC/src_hsdata_ff_reg[14]/C                                                               u_CORE/gen_lanes[3].u_LANE/u_CHUNK_ID_CDC/dest_hsdata_ff_reg[14]/D
148  CDC-15  Warning   Clock enable controlled CDC structure detected      0  Asynch Clock Groups  u_CORE/gen_lanes[3].u_LANE/u_CHUNK_ID_CDC/src_hsdata_ff_reg[15]/C                                                               u_CORE/gen_lanes[3].u_LANE/u_CHUNK_ID_CDC/dest_hsdata_ff_reg[15]/D
149  CDC-15  Warning   Clock enable controlled CDC structure detected      0  Asynch Clock Groups  u_CORE/gen_lanes[3].u_LANE/u_CHUNK_ID_CDC/src_hsdata_ff_reg[16]/C                                                               u_CORE/gen_lanes[3].u_LANE/u_CHUNK_ID_CDC/dest_hsdata_ff_reg[16]/D
150  CDC-15  Warning   Clock enable controlled CDC structure detected      0  Asynch Clock Groups  u_CORE/gen_lanes[3].u_LANE/u_CHUNK_ID_CDC/src_hsdata_ff_reg[17]/C                                                               u_CORE/gen_lanes[3].u_LANE/u_CHUNK_ID_CDC/dest_hsdata_ff_reg[17]/D
151  CDC-15  Warning   Clock enable controlled CDC structure detected      0  Asynch Clock Groups  u_CORE/gen_lanes[3].u_LANE/u_CHUNK_ID_CDC/src_hsdata_ff_reg[18]/C                                                               u_CORE/gen_lanes[3].u_LANE/u_CHUNK_ID_CDC/dest_hsdata_ff_reg[18]/D
152  CDC-15  Warning   Clock enable controlled CDC structure detected      0  Asynch Clock Groups  u_CORE/gen_lanes[3].u_LANE/u_CHUNK_ID_CDC/src_hsdata_ff_reg[19]/C                                                               u_CORE/gen_lanes[3].u_LANE/u_CHUNK_ID_CDC/dest_hsdata_ff_reg[19]/D
153  CDC-15  Warning   Clock enable controlled CDC structure detected      0  Asynch Clock Groups  u_CORE/gen_lanes[3].u_LANE/u_CHUNK_ID_CDC/src_hsdata_ff_reg[20]/C                                                               u_CORE/gen_lanes[3].u_LANE/u_CHUNK_ID_CDC/dest_hsdata_ff_reg[20]/D
154  CDC-15  Warning   Clock enable controlled CDC structure detected      0  Asynch Clock Groups  u_CORE/gen_lanes[3].u_LANE/u_CHUNK_ID_CDC/src_hsdata_ff_reg[21]/C                                                               u_CORE/gen_lanes[3].u_LANE/u_CHUNK_ID_CDC/dest_hsdata_ff_reg[21]/D
155  CDC-15  Warning   Clock enable controlled CDC structure detected      0  Asynch Clock Groups  u_CORE/gen_lanes[3].u_LANE/u_CHUNK_ID_CDC/src_hsdata_ff_reg[22]/C                                                               u_CORE/gen_lanes[3].u_LANE/u_CHUNK_ID_CDC/dest_hsdata_ff_reg[22]/D
156  CDC-15  Warning   Clock enable controlled CDC structure detected      0  Asynch Clock Groups  u_CORE/gen_lanes[3].u_LANE/u_CHUNK_ID_CDC/src_hsdata_ff_reg[23]/C                                                               u_CORE/gen_lanes[3].u_LANE/u_CHUNK_ID_CDC/dest_hsdata_ff_reg[23]/D
157  CDC-15  Warning   Clock enable controlled CDC structure detected      0  Asynch Clock Groups  u_CORE/gen_lanes[3].u_LANE/u_CHUNK_ID_CDC/src_hsdata_ff_reg[24]/C                                                               u_CORE/gen_lanes[3].u_LANE/u_CHUNK_ID_CDC/dest_hsdata_ff_reg[24]/D
158  CDC-15  Warning   Clock enable controlled CDC structure detected      0  Asynch Clock Groups  u_CORE/gen_lanes[3].u_LANE/u_CHUNK_ID_CDC/src_hsdata_ff_reg[25]/C                                                               u_CORE/gen_lanes[3].u_LANE/u_CHUNK_ID_CDC/dest_hsdata_ff_reg[25]/D
159  CDC-15  Warning   Clock enable controlled CDC structure detected      0  Asynch Clock Groups  u_CORE/gen_lanes[3].u_LANE/u_CHUNK_ID_CDC/src_hsdata_ff_reg[26]/C                                                               u_CORE/gen_lanes[3].u_LANE/u_CHUNK_ID_CDC/dest_hsdata_ff_reg[26]/D
160  CDC-15  Warning   Clock enable controlled CDC structure detected      0  Asynch Clock Groups  u_CORE/gen_lanes[3].u_LANE/u_CHUNK_ID_CDC/src_hsdata_ff_reg[27]/C                                                               u_CORE/gen_lanes[3].u_LANE/u_CHUNK_ID_CDC/dest_hsdata_ff_reg[27]/D
161  CDC-15  Warning   Clock enable controlled CDC structure detected      0  Asynch Clock Groups  u_CORE/gen_lanes[3].u_LANE/u_CHUNK_ID_CDC/src_hsdata_ff_reg[28]/C                                                               u_CORE/gen_lanes[3].u_LANE/u_CHUNK_ID_CDC/dest_hsdata_ff_reg[28]/D
162  CDC-15  Warning   Clock enable controlled CDC structure detected      0  Asynch Clock Groups  u_CORE/gen_lanes[3].u_LANE/u_CHUNK_ID_CDC/src_hsdata_ff_reg[29]/C                                                               u_CORE/gen_lanes[3].u_LANE/u_CHUNK_ID_CDC/dest_hsdata_ff_reg[29]/D
163  CDC-15  Warning   Clock enable controlled CDC structure detected      0  Asynch Clock Groups  u_CORE/gen_lanes[3].u_LANE/u_CHUNK_ID_CDC/src_hsdata_ff_reg[30]/C                                                               u_CORE/gen_lanes[3].u_LANE/u_CHUNK_ID_CDC/dest_hsdata_ff_reg[30]/D
164  CDC-15  Warning   Clock enable controlled CDC structure detected      0  Asynch Clock Groups  u_CORE/gen_lanes[3].u_LANE/u_CHUNK_ID_CDC/src_hsdata_ff_reg[31]/C                                                               u_CORE/gen_lanes[3].u_LANE/u_CHUNK_ID_CDC/dest_hsdata_ff_reg[31]/D
165  CDC-15  Warning   Clock enable controlled CDC structure detected      0  Asynch Clock Groups  u_CORE/gen_lanes[3].u_LANE/u_CHUNK_ID_CDC/src_hsdata_ff_reg[32]/C                                                               u_CORE/gen_lanes[3].u_LANE/u_CHUNK_ID_CDC/dest_hsdata_ff_reg[32]/D
166  CDC-15  Warning   Clock enable controlled CDC structure detected      0  Asynch Clock Groups  u_CORE/gen_lanes[3].u_LANE/u_CHUNK_ID_CDC/src_hsdata_ff_reg[33]/C                                                               u_CORE/gen_lanes[3].u_LANE/u_CHUNK_ID_CDC/dest_hsdata_ff_reg[33]/D
167  CDC-15  Warning   Clock enable controlled CDC structure detected      0  Asynch Clock Groups  u_CORE/gen_lanes[3].u_LANE/u_CHUNK_ID_CDC/src_hsdata_ff_reg[34]/C                                                               u_CORE/gen_lanes[3].u_LANE/u_CHUNK_ID_CDC/dest_hsdata_ff_reg[34]/D
168  CDC-15  Warning   Clock enable controlled CDC structure detected      0  Asynch Clock Groups  u_CORE/gen_lanes[3].u_LANE/u_CHUNK_ID_CDC/src_hsdata_ff_reg[35]/C                                                               u_CORE/gen_lanes[3].u_LANE/u_CHUNK_ID_CDC/dest_hsdata_ff_reg[35]/D
169  CDC-15  Warning   Clock enable controlled CDC structure detected      0  Asynch Clock Groups  u_CORE/gen_lanes[3].u_LANE/u_CHUNK_ID_CDC/src_hsdata_ff_reg[36]/C                                                               u_CORE/gen_lanes[3].u_LANE/u_CHUNK_ID_CDC/dest_hsdata_ff_reg[36]/D
170  CDC-15  Warning   Clock enable controlled CDC structure detected      0  Asynch Clock Groups  u_CORE/gen_lanes[3].u_LANE/u_CHUNK_ID_CDC/src_hsdata_ff_reg[37]/C                                                               u_CORE/gen_lanes[3].u_LANE/u_CHUNK_ID_CDC/dest_hsdata_ff_reg[37]/D
171  CDC-15  Warning   Clock enable controlled CDC structure detected      0  Asynch Clock Groups  u_CORE/gen_lanes[3].u_LANE/u_CHUNK_ID_CDC/src_hsdata_ff_reg[38]/C                                                               u_CORE/gen_lanes[3].u_LANE/u_CHUNK_ID_CDC/dest_hsdata_ff_reg[38]/D
172  CDC-15  Warning   Clock enable controlled CDC structure detected      0  Asynch Clock Groups  u_CORE/gen_lanes[3].u_LANE/u_CHUNK_ID_CDC/src_hsdata_ff_reg[39]/C                                                               u_CORE/gen_lanes[3].u_LANE/u_CHUNK_ID_CDC/dest_hsdata_ff_reg[39]/D
173  CDC-3   Info      1-bit synchronized with ASYNC_REG property          2  Asynch Clock Groups  u_CORE/gen_lanes[3].u_LANE/u_CHUNK_ID_CDC/src_sendd_ff_reg/C                                                                    u_CORE/gen_lanes[3].u_LANE/u_CHUNK_ID_CDC/xpm_cdc_single_src2dest_inst/syncstages_ff_reg[0]/D
174  CDC-6   Warning   Multi-bit synchronized with ASYNC_REG property      4  Asynch Clock Groups  u_CORE/gen_lanes[3].u_LANE/u_FIFO/gnuram_async_fifo.xpm_fifo_base_inst/gen_cdc_pntr.wr_pntr_cdc_dc_inst/src_gray_ff_reg[7:0]/C  u_CORE/gen_lanes[3].u_LANE/u_FIFO/gnuram_async_fifo.xpm_fifo_base_inst/gen_cdc_pntr.wr_pntr_cdc_dc_inst/dest_graysync_ff_reg[0][7:0]/D
175  CDC-6   Warning   Multi-bit synchronized with ASYNC_REG property      2  Asynch Clock Groups  u_CORE/gen_lanes[3].u_LANE/u_FIFO/gnuram_async_fifo.xpm_fifo_base_inst/gen_cdc_pntr.wr_pntr_cdc_inst/src_gray_ff_reg[6:0]/C     u_CORE/gen_lanes[3].u_LANE/u_FIFO/gnuram_async_fifo.xpm_fifo_base_inst/gen_cdc_pntr.wr_pntr_cdc_inst/dest_graysync_ff_reg[0][6:0]/D
176  CDC-3   Info      1-bit synchronized with ASYNC_REG property          2  Asynch Clock Groups  u_CORE/gen_lanes[3].u_LANE/u_FIFO/gnuram_async_fifo.xpm_fifo_base_inst/xpm_fifo_rst_inst/gen_rst_ic.fifo_wr_rst_ic_reg/C        u_CORE/gen_lanes[3].u_LANE/u_FIFO/gnuram_async_fifo.xpm_fifo_base_inst/xpm_fifo_rst_inst/gen_rst_ic.wrst_rd_inst/syncstages_ff_reg[0]/D
177  CDC-15  Warning   Clock enable controlled CDC structure detected      0  Asynch Clock Groups  u_CORE/gen_lanes[4].u_LANE/u_CHUNK_ID_CDC/src_hsdata_ff_reg[0]/C                                                                u_CORE/gen_lanes[4].u_LANE/u_CHUNK_ID_CDC/dest_hsdata_ff_reg[0]/D
178  CDC-15  Warning   Clock enable controlled CDC structure detected      0  Asynch Clock Groups  u_CORE/gen_lanes[4].u_LANE/u_CHUNK_ID_CDC/src_hsdata_ff_reg[1]/C                                                                u_CORE/gen_lanes[4].u_LANE/u_CHUNK_ID_CDC/dest_hsdata_ff_reg[1]/D
179  CDC-15  Warning   Clock enable controlled CDC structure detected      0  Asynch Clock Groups  u_CORE/gen_lanes[4].u_LANE/u_CHUNK_ID_CDC/src_hsdata_ff_reg[2]/C                                                                u_CORE/gen_lanes[4].u_LANE/u_CHUNK_ID_CDC/dest_hsdata_ff_reg[2]/D
180  CDC-15  Warning   Clock enable controlled CDC structure detected      0  Asynch Clock Groups  u_CORE/gen_lanes[4].u_LANE/u_CHUNK_ID_CDC/src_hsdata_ff_reg[3]/C                                                                u_CORE/gen_lanes[4].u_LANE/u_CHUNK_ID_CDC/dest_hsdata_ff_reg[3]/D
181  CDC-15  Warning   Clock enable controlled CDC structure detected      0  Asynch Clock Groups  u_CORE/gen_lanes[4].u_LANE/u_CHUNK_ID_CDC/src_hsdata_ff_reg[4]/C                                                                u_CORE/gen_lanes[4].u_LANE/u_CHUNK_ID_CDC/dest_hsdata_ff_reg[4]/D
182  CDC-15  Warning   Clock enable controlled CDC structure detected      0  Asynch Clock Groups  u_CORE/gen_lanes[4].u_LANE/u_CHUNK_ID_CDC/src_hsdata_ff_reg[5]/C                                                                u_CORE/gen_lanes[4].u_LANE/u_CHUNK_ID_CDC/dest_hsdata_ff_reg[5]/D
183  CDC-15  Warning   Clock enable controlled CDC structure detected      0  Asynch Clock Groups  u_CORE/gen_lanes[4].u_LANE/u_CHUNK_ID_CDC/src_hsdata_ff_reg[6]/C                                                                u_CORE/gen_lanes[4].u_LANE/u_CHUNK_ID_CDC/dest_hsdata_ff_reg[6]/D
184  CDC-15  Warning   Clock enable controlled CDC structure detected      0  Asynch Clock Groups  u_CORE/gen_lanes[4].u_LANE/u_CHUNK_ID_CDC/src_hsdata_ff_reg[7]/C                                                                u_CORE/gen_lanes[4].u_LANE/u_CHUNK_ID_CDC/dest_hsdata_ff_reg[7]/D
185  CDC-15  Warning   Clock enable controlled CDC structure detected      0  Asynch Clock Groups  u_CORE/gen_lanes[4].u_LANE/u_CHUNK_ID_CDC/src_hsdata_ff_reg[8]/C                                                                u_CORE/gen_lanes[4].u_LANE/u_CHUNK_ID_CDC/dest_hsdata_ff_reg[8]/D
186  CDC-15  Warning   Clock enable controlled CDC structure detected      0  Asynch Clock Groups  u_CORE/gen_lanes[4].u_LANE/u_CHUNK_ID_CDC/src_hsdata_ff_reg[9]/C                                                                u_CORE/gen_lanes[4].u_LANE/u_CHUNK_ID_CDC/dest_hsdata_ff_reg[9]/D
187  CDC-15  Warning   Clock enable controlled CDC structure detected      0  Asynch Clock Groups  u_CORE/gen_lanes[4].u_LANE/u_CHUNK_ID_CDC/src_hsdata_ff_reg[10]/C                                                               u_CORE/gen_lanes[4].u_LANE/u_CHUNK_ID_CDC/dest_hsdata_ff_reg[10]/D
188  CDC-15  Warning   Clock enable controlled CDC structure detected      0  Asynch Clock Groups  u_CORE/gen_lanes[4].u_LANE/u_CHUNK_ID_CDC/src_hsdata_ff_reg[11]/C                                                               u_CORE/gen_lanes[4].u_LANE/u_CHUNK_ID_CDC/dest_hsdata_ff_reg[11]/D
189  CDC-15  Warning   Clock enable controlled CDC structure detected      0  Asynch Clock Groups  u_CORE/gen_lanes[4].u_LANE/u_CHUNK_ID_CDC/src_hsdata_ff_reg[12]/C                                                               u_CORE/gen_lanes[4].u_LANE/u_CHUNK_ID_CDC/dest_hsdata_ff_reg[12]/D
190  CDC-15  Warning   Clock enable controlled CDC structure detected      0  Asynch Clock Groups  u_CORE/gen_lanes[4].u_LANE/u_CHUNK_ID_CDC/src_hsdata_ff_reg[13]/C                                                               u_CORE/gen_lanes[4].u_LANE/u_CHUNK_ID_CDC/dest_hsdata_ff_reg[13]/D
191  CDC-15  Warning   Clock enable controlled CDC structure detected      0  Asynch Clock Groups  u_CORE/gen_lanes[4].u_LANE/u_CHUNK_ID_CDC/src_hsdata_ff_reg[14]/C                                                               u_CORE/gen_lanes[4].u_LANE/u_CHUNK_ID_CDC/dest_hsdata_ff_reg[14]/D
192  CDC-15  Warning   Clock enable controlled CDC structure detected      0  Asynch Clock Groups  u_CORE/gen_lanes[4].u_LANE/u_CHUNK_ID_CDC/src_hsdata_ff_reg[15]/C                                                               u_CORE/gen_lanes[4].u_LANE/u_CHUNK_ID_CDC/dest_hsdata_ff_reg[15]/D
193  CDC-15  Warning   Clock enable controlled CDC structure detected      0  Asynch Clock Groups  u_CORE/gen_lanes[4].u_LANE/u_CHUNK_ID_CDC/src_hsdata_ff_reg[16]/C                                                               u_CORE/gen_lanes[4].u_LANE/u_CHUNK_ID_CDC/dest_hsdata_ff_reg[16]/D
194  CDC-15  Warning   Clock enable controlled CDC structure detected      0  Asynch Clock Groups  u_CORE/gen_lanes[4].u_LANE/u_CHUNK_ID_CDC/src_hsdata_ff_reg[17]/C                                                               u_CORE/gen_lanes[4].u_LANE/u_CHUNK_ID_CDC/dest_hsdata_ff_reg[17]/D
195  CDC-15  Warning   Clock enable controlled CDC structure detected      0  Asynch Clock Groups  u_CORE/gen_lanes[4].u_LANE/u_CHUNK_ID_CDC/src_hsdata_ff_reg[18]/C                                                               u_CORE/gen_lanes[4].u_LANE/u_CHUNK_ID_CDC/dest_hsdata_ff_reg[18]/D
196  CDC-15  Warning   Clock enable controlled CDC structure detected      0  Asynch Clock Groups  u_CORE/gen_lanes[4].u_LANE/u_CHUNK_ID_CDC/src_hsdata_ff_reg[19]/C                                                               u_CORE/gen_lanes[4].u_LANE/u_CHUNK_ID_CDC/dest_hsdata_ff_reg[19]/D
197  CDC-15  Warning   Clock enable controlled CDC structure detected      0  Asynch Clock Groups  u_CORE/gen_lanes[4].u_LANE/u_CHUNK_ID_CDC/src_hsdata_ff_reg[20]/C                                                               u_CORE/gen_lanes[4].u_LANE/u_CHUNK_ID_CDC/dest_hsdata_ff_reg[20]/D
198  CDC-15  Warning   Clock enable controlled CDC structure detected      0  Asynch Clock Groups  u_CORE/gen_lanes[4].u_LANE/u_CHUNK_ID_CDC/src_hsdata_ff_reg[21]/C                                                               u_CORE/gen_lanes[4].u_LANE/u_CHUNK_ID_CDC/dest_hsdata_ff_reg[21]/D
199  CDC-15  Warning   Clock enable controlled CDC structure detected      0  Asynch Clock Groups  u_CORE/gen_lanes[4].u_LANE/u_CHUNK_ID_CDC/src_hsdata_ff_reg[22]/C                                                               u_CORE/gen_lanes[4].u_LANE/u_CHUNK_ID_CDC/dest_hsdata_ff_reg[22]/D
200  CDC-15  Warning   Clock enable controlled CDC structure detected      0  Asynch Clock Groups  u_CORE/gen_lanes[4].u_LANE/u_CHUNK_ID_CDC/src_hsdata_ff_reg[23]/C                                                               u_CORE/gen_lanes[4].u_LANE/u_CHUNK_ID_CDC/dest_hsdata_ff_reg[23]/D
201  CDC-15  Warning   Clock enable controlled CDC structure detected      0  Asynch Clock Groups  u_CORE/gen_lanes[4].u_LANE/u_CHUNK_ID_CDC/src_hsdata_ff_reg[24]/C                                                               u_CORE/gen_lanes[4].u_LANE/u_CHUNK_ID_CDC/dest_hsdata_ff_reg[24]/D
202  CDC-15  Warning   Clock enable controlled CDC structure detected      0  Asynch Clock Groups  u_CORE/gen_lanes[4].u_LANE/u_CHUNK_ID_CDC/src_hsdata_ff_reg[25]/C                                                               u_CORE/gen_lanes[4].u_LANE/u_CHUNK_ID_CDC/dest_hsdata_ff_reg[25]/D
203  CDC-15  Warning   Clock enable controlled CDC structure detected      0  Asynch Clock Groups  u_CORE/gen_lanes[4].u_LANE/u_CHUNK_ID_CDC/src_hsdata_ff_reg[26]/C                                                               u_CORE/gen_lanes[4].u_LANE/u_CHUNK_ID_CDC/dest_hsdata_ff_reg[26]/D
204  CDC-15  Warning   Clock enable controlled CDC structure detected      0  Asynch Clock Groups  u_CORE/gen_lanes[4].u_LANE/u_CHUNK_ID_CDC/src_hsdata_ff_reg[27]/C                                                               u_CORE/gen_lanes[4].u_LANE/u_CHUNK_ID_CDC/dest_hsdata_ff_reg[27]/D
205  CDC-15  Warning   Clock enable controlled CDC structure detected      0  Asynch Clock Groups  u_CORE/gen_lanes[4].u_LANE/u_CHUNK_ID_CDC/src_hsdata_ff_reg[28]/C                                                               u_CORE/gen_lanes[4].u_LANE/u_CHUNK_ID_CDC/dest_hsdata_ff_reg[28]/D
206  CDC-15  Warning   Clock enable controlled CDC structure detected      0  Asynch Clock Groups  u_CORE/gen_lanes[4].u_LANE/u_CHUNK_ID_CDC/src_hsdata_ff_reg[29]/C                                                               u_CORE/gen_lanes[4].u_LANE/u_CHUNK_ID_CDC/dest_hsdata_ff_reg[29]/D
207  CDC-15  Warning   Clock enable controlled CDC structure detected      0  Asynch Clock Groups  u_CORE/gen_lanes[4].u_LANE/u_CHUNK_ID_CDC/src_hsdata_ff_reg[30]/C                                                               u_CORE/gen_lanes[4].u_LANE/u_CHUNK_ID_CDC/dest_hsdata_ff_reg[30]/D
208  CDC-15  Warning   Clock enable controlled CDC structure detected      0  Asynch Clock Groups  u_CORE/gen_lanes[4].u_LANE/u_CHUNK_ID_CDC/src_hsdata_ff_reg[31]/C                                                               u_CORE/gen_lanes[4].u_LANE/u_CHUNK_ID_CDC/dest_hsdata_ff_reg[31]/D
209  CDC-15  Warning   Clock enable controlled CDC structure detected      0  Asynch Clock Groups  u_CORE/gen_lanes[4].u_LANE/u_CHUNK_ID_CDC/src_hsdata_ff_reg[32]/C                                                               u_CORE/gen_lanes[4].u_LANE/u_CHUNK_ID_CDC/dest_hsdata_ff_reg[32]/D
210  CDC-15  Warning   Clock enable controlled CDC structure detected      0  Asynch Clock Groups  u_CORE/gen_lanes[4].u_LANE/u_CHUNK_ID_CDC/src_hsdata_ff_reg[33]/C                                                               u_CORE/gen_lanes[4].u_LANE/u_CHUNK_ID_CDC/dest_hsdata_ff_reg[33]/D
211  CDC-15  Warning   Clock enable controlled CDC structure detected      0  Asynch Clock Groups  u_CORE/gen_lanes[4].u_LANE/u_CHUNK_ID_CDC/src_hsdata_ff_reg[34]/C                                                               u_CORE/gen_lanes[4].u_LANE/u_CHUNK_ID_CDC/dest_hsdata_ff_reg[34]/D
212  CDC-15  Warning   Clock enable controlled CDC structure detected      0  Asynch Clock Groups  u_CORE/gen_lanes[4].u_LANE/u_CHUNK_ID_CDC/src_hsdata_ff_reg[35]/C                                                               u_CORE/gen_lanes[4].u_LANE/u_CHUNK_ID_CDC/dest_hsdata_ff_reg[35]/D
213  CDC-15  Warning   Clock enable controlled CDC structure detected      0  Asynch Clock Groups  u_CORE/gen_lanes[4].u_LANE/u_CHUNK_ID_CDC/src_hsdata_ff_reg[36]/C                                                               u_CORE/gen_lanes[4].u_LANE/u_CHUNK_ID_CDC/dest_hsdata_ff_reg[36]/D
214  CDC-15  Warning   Clock enable controlled CDC structure detected      0  Asynch Clock Groups  u_CORE/gen_lanes[4].u_LANE/u_CHUNK_ID_CDC/src_hsdata_ff_reg[37]/C                                                               u_CORE/gen_lanes[4].u_LANE/u_CHUNK_ID_CDC/dest_hsdata_ff_reg[37]/D
215  CDC-15  Warning   Clock enable controlled CDC structure detected      0  Asynch Clock Groups  u_CORE/gen_lanes[4].u_LANE/u_CHUNK_ID_CDC/src_hsdata_ff_reg[38]/C                                                               u_CORE/gen_lanes[4].u_LANE/u_CHUNK_ID_CDC/dest_hsdata_ff_reg[38]/D
216  CDC-15  Warning   Clock enable controlled CDC structure detected      0  Asynch Clock Groups  u_CORE/gen_lanes[4].u_LANE/u_CHUNK_ID_CDC/src_hsdata_ff_reg[39]/C                                                               u_CORE/gen_lanes[4].u_LANE/u_CHUNK_ID_CDC/dest_hsdata_ff_reg[39]/D
217  CDC-3   Info      1-bit synchronized with ASYNC_REG property          2  Asynch Clock Groups  u_CORE/gen_lanes[4].u_LANE/u_CHUNK_ID_CDC/src_sendd_ff_reg/C                                                                    u_CORE/gen_lanes[4].u_LANE/u_CHUNK_ID_CDC/xpm_cdc_single_src2dest_inst/syncstages_ff_reg[0]/D
218  CDC-6   Warning   Multi-bit synchronized with ASYNC_REG property      4  Asynch Clock Groups  u_CORE/gen_lanes[4].u_LANE/u_FIFO/gnuram_async_fifo.xpm_fifo_base_inst/gen_cdc_pntr.wr_pntr_cdc_dc_inst/src_gray_ff_reg[7:0]/C  u_CORE/gen_lanes[4].u_LANE/u_FIFO/gnuram_async_fifo.xpm_fifo_base_inst/gen_cdc_pntr.wr_pntr_cdc_dc_inst/dest_graysync_ff_reg[0][7:0]/D
219  CDC-6   Warning   Multi-bit synchronized with ASYNC_REG property      2  Asynch Clock Groups  u_CORE/gen_lanes[4].u_LANE/u_FIFO/gnuram_async_fifo.xpm_fifo_base_inst/gen_cdc_pntr.wr_pntr_cdc_inst/src_gray_ff_reg[6:0]/C     u_CORE/gen_lanes[4].u_LANE/u_FIFO/gnuram_async_fifo.xpm_fifo_base_inst/gen_cdc_pntr.wr_pntr_cdc_inst/dest_graysync_ff_reg[0][6:0]/D
220  CDC-3   Info      1-bit synchronized with ASYNC_REG property          2  Asynch Clock Groups  u_CORE/gen_lanes[4].u_LANE/u_FIFO/gnuram_async_fifo.xpm_fifo_base_inst/xpm_fifo_rst_inst/gen_rst_ic.fifo_wr_rst_ic_reg/C        u_CORE/gen_lanes[4].u_LANE/u_FIFO/gnuram_async_fifo.xpm_fifo_base_inst/xpm_fifo_rst_inst/gen_rst_ic.wrst_rd_inst/syncstages_ff_reg[0]/D
221  CDC-3   Info      1-bit synchronized with ASYNC_REG property          2  Asynch Clock Groups  u_CORE/u_EVENT_PATH/u_trigger_cdc/dest_ack_r_reg/C                                                                              u_CORE/u_EVENT_PATH/u_trigger_cdc/u_TRIGGER_CDC/xpm_cdc_single_dest2src_inst/syncstages_ff_reg[0]/D

Source Clock: input port clock
Destination Clock: CLK_CNN
CDC Type: No Common Primary Clock

Row  ID      Severity  Description                            Depth  Exception   Source (From)  Destination (To)
---  ------  --------  -------------------------------------  -----  ----------  -------------  -----------------------------------
  1  CDC-26  Warning   LUTRAM read/write potential collision      0  False Path  RST            u_CORE/u_RST_CNN/sync_ff_reg[0]/PRE

