Copyright 1986-2022 Xilinx, Inc. All Rights Reserved. Copyright 2022-2023 Advanced Micro Devices, Inc. All Rights Reserved.
------------------------------------------------------------------------------------------------------------------------------------------------------------------------------------
| Tool Version : Vivado v.2023.2 (lin64) Build 4029153 Fri Oct 13 20:13:54 MDT 2023
| Date         : Wed Jul  1 17:22:08 2026
| Host         : AlbertsUbuntu running 64-bit Ubuntu 22.04.5 LTS
| Command      : report_utilization -hierarchical -hierarchical_depth 6 -file /home/work1/Works/AI-Trigger-System/build/vivado_ooc_ai_trigger/reports/post_opt_utilization_hier.rpt
| Design       : AI_TRIGGER_TOP
| Device       : xcku5p-ffvb676-2-e
| Speed File   : -2
| Design State : Optimized
------------------------------------------------------------------------------------------------------------------------------------------------------------------------------------

Utilization Design Information

Table of Contents
-----------------
1. Utilization by Hierarchy

1. Utilization by Hierarchy
---------------------------

+------------------------------------------------------------------------------------------------+----------------------------------------------------------------------------------------------+------------+------------+---------+------+-------+--------+--------+------+------------+
|                                            Instance                                            |                                            Module                                            | Total LUTs | Logic LUTs | LUTRAMs | SRLs |  FFs  | RAMB36 | RAMB18 | URAM | DSP Blocks |
+------------------------------------------------------------------------------------------------+----------------------------------------------------------------------------------------------+------------+------------+---------+------+-------+--------+--------+------+------------+
| AI_TRIGGER_TOP                                                                                 |                                                                                        (top) |      32358 |      26698 |     180 | 5480 | 20992 |    130 |      5 |    0 |         20 |
|   u_CORE                                                                                       |                                                                              AI_TRIGGER_CORE |      32358 |      26698 |     180 | 5480 | 20992 |    130 |      5 |    0 |         20 |
|     (u_CORE)                                                                                   |                                                                              AI_TRIGGER_CORE |        125 |        125 |       0 |    0 |    63 |      0 |      0 |    0 |          0 |
|     gen_lanes[0].u_LANE                                                                        |                                                                                CNN_CORE_LANE |       6305 |       5185 |      24 | 1096 |  3449 |     13 |      1 |    0 |          4 |
|       (gen_lanes[0].u_LANE)                                                                    |                                                                                CNN_CORE_LANE |         54 |         30 |      24 |    0 |   178 |      0 |      0 |    0 |          0 |
|       u_CHUNK_ID_CDC                                                                           |                                                                 xpm_cdc_handshake__xdcDup__1 |          2 |          2 |       0 |    0 |    87 |      0 |      0 |    0 |          0 |
|         (u_CHUNK_ID_CDC)                                                                       |                                                                 xpm_cdc_handshake__xdcDup__1 |          2 |          2 |       0 |    0 |    83 |      0 |      0 |    0 |          0 |
|         xpm_cdc_single_dest2src_inst                                                           |                                                                           xpm_cdc_single__13 |          0 |          0 |       0 |    0 |     2 |      0 |      0 |    0 |          0 |
|         xpm_cdc_single_src2dest_inst                                                           |                                                                           xpm_cdc_single__12 |          0 |          0 |       0 |    0 |     2 |      0 |      0 |    0 |          0 |
|       u_FIFO                                                                                   |                                                                        fifo_async_1024_to_64 |         85 |         82 |       0 |    3 |   123 |     13 |      1 |    0 |          0 |
|         U0                                                                                     |                                                  fifo_async_1024_to_64fifo_generator_v13_2_9 |         85 |         82 |       0 |    3 |   123 |     13 |      1 |    0 |          0 |
|           inst_fifo_gen                                                                        |                                            fifo_async_1024_to_64fifo_generator_v13_2_9_synth |         85 |         82 |       0 |    3 |   123 |     13 |      1 |    0 |          0 |
|             gconvfifo.rf                                                                       |                                                      fifo_async_1024_to_64fifo_generator_top |         85 |         82 |       0 |    3 |   123 |     13 |      1 |    0 |          0 |
|       u_WRAPPER                                                                                |                                                                               WRAPPER_TOP__1 |       6164 |       5071 |       0 | 1093 |  3061 |      0 |      0 |    0 |          4 |
|         (u_WRAPPER)                                                                            |                                                                               WRAPPER_TOP__1 |          0 |          0 |       0 |    0 |     0 |      0 |      0 |    0 |          0 |
|         cnn_core_inst                                                                          |                                                                                  cnn_core__1 |       6164 |       5071 |       0 | 1093 |  3061 |      0 |      0 |    0 |          4 |
|           (cnn_core_inst)                                                                      |                                                                                  cnn_core__1 |          0 |          0 |       0 |    0 |     0 |      0 |      0 |    0 |          0 |
|           dense_wide_stream_array_array_ap_fixed_22_11_5_3_0_1u_config9_U0                     |                  cnn_core_dense_wide_stream_array_array_ap_fixed_22_11_5_3_0_1u_config9_s__1 |       1168 |       1167 |       0 |    1 |   556 |      0 |      0 |    0 |          4 |
|             (dense_wide_stream_array_array_ap_fixed_22_11_5_3_0_1u_config9_U0)                 |                  cnn_core_dense_wide_stream_array_array_ap_fixed_22_11_5_3_0_1u_config9_s__1 |          5 |          5 |       0 |    0 |     5 |      0 |      0 |    0 |          0 |
|             grp_dense_wide_stream_array_array_ap_fixed_1u_config9_Pipeline_DenseWideMain_fu_47 |         cnn_core_dense_wide_stream_array_array_ap_fixed_1u_config9_Pipeline_DenseWideMain__1 |       1147 |       1146 |       0 |    1 |   503 |      0 |      0 |    0 |          4 |
|             regslice_both_layer9_out_U                                                         |                                                    cnn_core_regslice_both__parameterized0__1 |         16 |         16 |       0 |    0 |    48 |      0 |      0 |    0 |          0 |
|           first_conv_2row_4lane_temporal_wide_cl_array_array_ap_fixed_28u_config4_U0           |        cnn_core_first_conv_2row_4lane_temporal_wide_cl_array_array_ap_fixed_28u_config4_s__1 |       2839 |       2839 |       0 |    0 |   968 |      0 |      0 |    0 |          0 |
|             (first_conv_2row_4lane_temporal_wide_cl_array_array_ap_fixed_28u_config4_U0)       |        cnn_core_first_conv_2row_4lane_temporal_wide_cl_array_array_ap_fixed_28u_config4_s__1 |       2145 |       2145 |       0 |    0 |   819 |      0 |      0 |    0 |          0 |
|             flow_control_loop_pipe_U                                                           |                                                           cnn_core_flow_control_loop_pipe__5 |          1 |          1 |       0 |    0 |     1 |      0 |      0 |    0 |          0 |
|             mul_9s_5ns_13_1_1_U10                                                              |                                                                cnn_core_mul_9s_5ns_13_1_1__6 |         27 |         27 |       0 |    0 |     0 |      0 |      0 |    0 |          0 |
|             mul_9s_5ns_13_1_1_U14                                                              |                                                                cnn_core_mul_9s_5ns_13_1_1__5 |         27 |         27 |       0 |    0 |     0 |      0 |      0 |    0 |          0 |
|             mul_9s_5ns_13_1_1_U2                                                               |                                                                cnn_core_mul_9s_5ns_13_1_1__7 |         27 |         27 |       0 |    0 |     0 |      0 |      0 |    0 |          0 |
|             mul_9s_5ns_13_1_1_U21                                                              |                                                                cnn_core_mul_9s_5ns_13_1_1__4 |         27 |         27 |       0 |    0 |     0 |      0 |      0 |    0 |          0 |
|             mul_9s_5ns_14_1_1_U20                                                              |                                                               cnn_core_mul_9s_5ns_14_1_1__10 |         26 |         26 |       0 |    0 |     0 |      0 |      0 |    0 |          0 |
|             mul_9s_5ns_14_1_1_U24                                                              |                                                                cnn_core_mul_9s_5ns_14_1_1__9 |         26 |         26 |       0 |    0 |     0 |      0 |      0 |    0 |          0 |
|             mul_9s_5ns_14_1_1_U26                                                              |                                                                cnn_core_mul_9s_5ns_14_1_1__8 |         25 |         25 |       0 |    0 |     0 |      0 |      0 |    0 |          0 |
|             mul_9s_5ns_14_1_1_U3                                                               |                                                               cnn_core_mul_9s_5ns_14_1_1__15 |         25 |         25 |       0 |    0 |     0 |      0 |      0 |    0 |          0 |
|             mul_9s_5ns_14_1_1_U4                                                               |                                                               cnn_core_mul_9s_5ns_14_1_1__14 |         25 |         25 |       0 |    0 |     0 |      0 |      0 |    0 |          0 |
|             mul_9s_5ns_14_1_1_U5                                                               |                                                               cnn_core_mul_9s_5ns_14_1_1__13 |         25 |         25 |       0 |    0 |     0 |      0 |      0 |    0 |          0 |
|             mul_9s_5ns_14_1_1_U7                                                               |                                                               cnn_core_mul_9s_5ns_14_1_1__12 |         26 |         26 |       0 |    0 |     0 |      0 |      0 |    0 |          0 |
|             mul_9s_5ns_14_1_1_U9                                                               |                                                               cnn_core_mul_9s_5ns_14_1_1__11 |         26 |         26 |       0 |    0 |     0 |      0 |      0 |    0 |          0 |
|             mul_9s_6ns_14_1_1_U19                                                              |                                                                cnn_core_mul_9s_6ns_14_1_1__5 |         19 |         19 |       0 |    0 |     0 |      0 |      0 |    0 |          0 |
|             mul_9s_6ns_14_1_1_U25                                                              |                                                                cnn_core_mul_9s_6ns_14_1_1__4 |         19 |         19 |       0 |    0 |     0 |      0 |      0 |    0 |          0 |
|             mul_9s_6ns_14_1_1_U6                                                               |                                                                cnn_core_mul_9s_6ns_14_1_1__7 |         19 |         19 |       0 |    0 |     0 |      0 |      0 |    0 |          0 |
|             mul_9s_6ns_14_1_1_U8                                                               |                                                                cnn_core_mul_9s_6ns_14_1_1__6 |         19 |         19 |       0 |    0 |     0 |      0 |      0 |    0 |          0 |
|             mul_9s_6ns_15_1_1_U1                                                               |                                                               cnn_core_mul_9s_6ns_15_1_1__15 |         19 |         19 |       0 |    0 |     0 |      0 |      0 |    0 |          0 |
|             mul_9s_6ns_15_1_1_U11                                                              |                                                               cnn_core_mul_9s_6ns_15_1_1__14 |         19 |         19 |       0 |    0 |     0 |      0 |      0 |    0 |          0 |
|             mul_9s_6ns_15_1_1_U12                                                              |                                                               cnn_core_mul_9s_6ns_15_1_1__13 |         19 |         19 |       0 |    0 |     0 |      0 |      0 |    0 |          0 |
|             mul_9s_6ns_15_1_1_U15                                                              |                                                               cnn_core_mul_9s_6ns_15_1_1__12 |         19 |         19 |       0 |    0 |     0 |      0 |      0 |    0 |          0 |
|             mul_9s_6ns_15_1_1_U16                                                              |                                                               cnn_core_mul_9s_6ns_15_1_1__11 |         19 |         19 |       0 |    0 |     0 |      0 |      0 |    0 |          0 |
|             mul_9s_6ns_15_1_1_U18                                                              |                                                               cnn_core_mul_9s_6ns_15_1_1__10 |         19 |         19 |       0 |    0 |     0 |      0 |      0 |    0 |          0 |
|             mul_9s_6ns_15_1_1_U22                                                              |                                                                cnn_core_mul_9s_6ns_15_1_1__9 |         19 |         19 |       0 |    0 |     0 |      0 |      0 |    0 |          0 |
|             mul_9s_6ns_15_1_1_U28                                                              |                                                                cnn_core_mul_9s_6ns_15_1_1__8 |         19 |         19 |       0 |    0 |     0 |      0 |      0 |    0 |          0 |
|             mul_9s_6s_15_1_1_U13                                                               |                                                                 cnn_core_mul_9s_6s_15_1_1__7 |         28 |         28 |       0 |    0 |     0 |      0 |      0 |    0 |          0 |
|             mul_9s_6s_15_1_1_U17                                                               |                                                                 cnn_core_mul_9s_6s_15_1_1__6 |         28 |         28 |       0 |    0 |     0 |      0 |      0 |    0 |          0 |
|             mul_9s_6s_15_1_1_U23                                                               |                                                                 cnn_core_mul_9s_6s_15_1_1__5 |         28 |         28 |       0 |    0 |     0 |      0 |      0 |    0 |          0 |
|             mul_9s_6s_15_1_1_U27                                                               |                                                                 cnn_core_mul_9s_6s_15_1_1__4 |         28 |         28 |       0 |    0 |     0 |      0 |      0 |    0 |          0 |
|             regslice_both_input_layer_U                                                        |                                                                    cnn_core_regslice_both__1 |         41 |         41 |       0 |    0 |   148 |      0 |      0 |    0 |          0 |
|           layer4x4_out_U                                                                       |                                                                   cnn_core_fifo_w448_d4_S__1 |        456 |          8 |       0 |  448 |     5 |      0 |      0 |    0 |          0 |
|             (layer4x4_out_U)                                                                   |                                                                   cnn_core_fifo_w448_d4_S__1 |          8 |          8 |       0 |    0 |     5 |      0 |      0 |    0 |          0 |
|             U_cnn_core_fifo_w448_d4_S_ShiftReg                                                 |                                                          cnn_core_fifo_w448_d4_S_ShiftReg__1 |        448 |          0 |       0 |  448 |     0 |      0 |      0 |    0 |          0 |
|           layer5x4_out_U                                                                       |                                                                   cnn_core_fifo_w420_d4_S__1 |        428 |          8 |       0 |  420 |     5 |      0 |      0 |    0 |          0 |
|             (layer5x4_out_U)                                                                   |                                                                   cnn_core_fifo_w420_d4_S__1 |          8 |          8 |       0 |    0 |     5 |      0 |      0 |    0 |          0 |
|             U_cnn_core_fifo_w420_d4_S_ShiftReg                                                 |                                                          cnn_core_fifo_w420_d4_S_ShiftReg__1 |        420 |          0 |       0 |  420 |     0 |      0 |      0 |    0 |          0 |
|           layer6x4_out_U                                                                       |                                                                   cnn_core_fifo_w252_d4_S__1 |        232 |          8 |       0 |  224 |     5 |      0 |      0 |    0 |          0 |
|             (layer6x4_out_U)                                                                   |                                                                   cnn_core_fifo_w252_d4_S__1 |          8 |          8 |       0 |    0 |     5 |      0 |      0 |    0 |          0 |
|             U_cnn_core_fifo_w252_d4_S_ShiftReg                                                 |                                                          cnn_core_fifo_w252_d4_S_ShiftReg__1 |        224 |          0 |       0 |  224 |     0 |      0 |      0 |    0 |          0 |
|           maxpool2d_wide_nonoverlap_cl_array_array_ap_fixed_28u_config6_U0                     |                  cnn_core_maxpool2d_wide_nonoverlap_cl_array_array_ap_fixed_28u_config6_s__1 |        754 |        754 |       0 |    0 |  1079 |      0 |      0 |    0 |          0 |
|             (maxpool2d_wide_nonoverlap_cl_array_array_ap_fixed_28u_config6_U0)                 |                  cnn_core_maxpool2d_wide_nonoverlap_cl_array_array_ap_fixed_28u_config6_s__1 |        753 |        753 |       0 |    0 |  1078 |      0 |      0 |    0 |          0 |
|             flow_control_loop_pipe_U                                                           |                                                           cnn_core_flow_control_loop_pipe__3 |          1 |          1 |       0 |    0 |     1 |      0 |      0 |    0 |          0 |
|           relu_array_ap_fixed_28u_array_ap_ufixed_15_5_5_3_0_28u_relu_config5_U0               |            cnn_core_relu_array_ap_fixed_28u_array_ap_ufixed_15_5_5_3_0_28u_relu_config5_s__1 |        272 |        272 |       0 |    0 |   431 |      0 |      0 |    0 |          0 |
|             (relu_array_ap_fixed_28u_array_ap_ufixed_15_5_5_3_0_28u_relu_config5_U0)           |            cnn_core_relu_array_ap_fixed_28u_array_ap_ufixed_15_5_5_3_0_28u_relu_config5_s__1 |        271 |        271 |       0 |    0 |   430 |      0 |      0 |    0 |          0 |
|             flow_control_loop_pipe_U                                                           |                                                           cnn_core_flow_control_loop_pipe__4 |          1 |          1 |       0 |    0 |     1 |      0 |      0 |    0 |          0 |
|           start_for_dense_wide_stream_array_array_ap_fixed_22_11_5_3_0_1u_config9_U0_U         |       cnn_core_start_for_dense_wide_stream_array_array_ap_fixed_22_11_5_3_0_1u_config9_U0__1 |          5 |          5 |       0 |    0 |     4 |      0 |      0 |    0 |          0 |
|           start_for_maxpool2d_wide_nonoverlap_cl_array_array_ap_fixed_28u_config6_U0_U         |       cnn_core_start_for_maxpool2d_wide_nonoverlap_cl_array_array_ap_fixed_28u_config6_U0__1 |          5 |          5 |       0 |    0 |     4 |      0 |      0 |    0 |          0 |
|           start_for_relu_array_ap_fixed_28u_array_ap_ufixed_15_5_5_3_0_28u_relu_config5bkb_U   | cnn_core_start_for_relu_array_ap_fixed_28u_array_ap_ufixed_15_5_5_3_0_28u_relu_config5bkb__1 |          5 |          5 |       0 |    0 |     4 |      0 |      0 |    0 |          0 |
|     gen_lanes[1].u_LANE                                                                        |                                                                CNN_CORE_LANE__parameterized0 |       6305 |       5185 |      24 | 1096 |  3449 |     13 |      1 |    0 |          4 |
|       (gen_lanes[1].u_LANE)                                                                    |                                                                CNN_CORE_LANE__parameterized0 |         54 |         30 |      24 |    0 |   178 |      0 |      0 |    0 |          0 |
|       u_CHUNK_ID_CDC                                                                           |                                                                 xpm_cdc_handshake__xdcDup__2 |          2 |          2 |       0 |    0 |    87 |      0 |      0 |    0 |          0 |
|         (u_CHUNK_ID_CDC)                                                                       |                                                                 xpm_cdc_handshake__xdcDup__2 |          2 |          2 |       0 |    0 |    83 |      0 |      0 |    0 |          0 |
|         xpm_cdc_single_dest2src_inst                                                           |                                                                           xpm_cdc_single__15 |          0 |          0 |       0 |    0 |     2 |      0 |      0 |    0 |          0 |
|         xpm_cdc_single_src2dest_inst                                                           |                                                                           xpm_cdc_single__14 |          0 |          0 |       0 |    0 |     2 |      0 |      0 |    0 |          0 |
|       u_FIFO                                                                                   |                                                                  fifo_async_1024_to_64_HD380 |         85 |         82 |       0 |    3 |   123 |     13 |      1 |    0 |          0 |
|         U0                                                                                     |                                            fifo_async_1024_to_64fifo_generator_v13_2_9_HD381 |         85 |         82 |       0 |    3 |   123 |     13 |      1 |    0 |          0 |
|           inst_fifo_gen                                                                        |                                      fifo_async_1024_to_64fifo_generator_v13_2_9_synth_HD382 |         85 |         82 |       0 |    3 |   123 |     13 |      1 |    0 |          0 |
|             gconvfifo.rf                                                                       |                                                fifo_async_1024_to_64fifo_generator_top_HD383 |         85 |         82 |       0 |    3 |   123 |     13 |      1 |    0 |          0 |
|       u_WRAPPER                                                                                |                                                                               WRAPPER_TOP__2 |       6164 |       5071 |       0 | 1093 |  3061 |      0 |      0 |    0 |          4 |
|         (u_WRAPPER)                                                                            |                                                                               WRAPPER_TOP__2 |          0 |          0 |       0 |    0 |     0 |      0 |      0 |    0 |          0 |
|         cnn_core_inst                                                                          |                                                                                  cnn_core__2 |       6164 |       5071 |       0 | 1093 |  3061 |      0 |      0 |    0 |          4 |
|           (cnn_core_inst)                                                                      |                                                                                  cnn_core__2 |          0 |          0 |       0 |    0 |     0 |      0 |      0 |    0 |          0 |
|           dense_wide_stream_array_array_ap_fixed_22_11_5_3_0_1u_config9_U0                     |                  cnn_core_dense_wide_stream_array_array_ap_fixed_22_11_5_3_0_1u_config9_s__2 |       1168 |       1167 |       0 |    1 |   556 |      0 |      0 |    0 |          4 |
|             (dense_wide_stream_array_array_ap_fixed_22_11_5_3_0_1u_config9_U0)                 |                  cnn_core_dense_wide_stream_array_array_ap_fixed_22_11_5_3_0_1u_config9_s__2 |          5 |          5 |       0 |    0 |     5 |      0 |      0 |    0 |          0 |
|             grp_dense_wide_stream_array_array_ap_fixed_1u_config9_Pipeline_DenseWideMain_fu_47 |         cnn_core_dense_wide_stream_array_array_ap_fixed_1u_config9_Pipeline_DenseWideMain__2 |       1147 |       1146 |       0 |    1 |   503 |      0 |      0 |    0 |          4 |
|             regslice_both_layer9_out_U                                                         |                                                    cnn_core_regslice_both__parameterized0__2 |         16 |         16 |       0 |    0 |    48 |      0 |      0 |    0 |          0 |
|           first_conv_2row_4lane_temporal_wide_cl_array_array_ap_fixed_28u_config4_U0           |        cnn_core_first_conv_2row_4lane_temporal_wide_cl_array_array_ap_fixed_28u_config4_s__2 |       2839 |       2839 |       0 |    0 |   968 |      0 |      0 |    0 |          0 |
|             (first_conv_2row_4lane_temporal_wide_cl_array_array_ap_fixed_28u_config4_U0)       |        cnn_core_first_conv_2row_4lane_temporal_wide_cl_array_array_ap_fixed_28u_config4_s__2 |       2145 |       2145 |       0 |    0 |   819 |      0 |      0 |    0 |          0 |
|             flow_control_loop_pipe_U                                                           |                                                           cnn_core_flow_control_loop_pipe__8 |          1 |          1 |       0 |    0 |     1 |      0 |      0 |    0 |          0 |
|             mul_9s_5ns_13_1_1_U10                                                              |                                                               cnn_core_mul_9s_5ns_13_1_1__10 |         27 |         27 |       0 |    0 |     0 |      0 |      0 |    0 |          0 |
|             mul_9s_5ns_13_1_1_U14                                                              |                                                                cnn_core_mul_9s_5ns_13_1_1__9 |         27 |         27 |       0 |    0 |     0 |      0 |      0 |    0 |          0 |
|             mul_9s_5ns_13_1_1_U2                                                               |                                                               cnn_core_mul_9s_5ns_13_1_1__11 |         27 |         27 |       0 |    0 |     0 |      0 |      0 |    0 |          0 |
|             mul_9s_5ns_13_1_1_U21                                                              |                                                                cnn_core_mul_9s_5ns_13_1_1__8 |         27 |         27 |       0 |    0 |     0 |      0 |      0 |    0 |          0 |
|             mul_9s_5ns_14_1_1_U20                                                              |                                                               cnn_core_mul_9s_5ns_14_1_1__18 |         26 |         26 |       0 |    0 |     0 |      0 |      0 |    0 |          0 |
|             mul_9s_5ns_14_1_1_U24                                                              |                                                               cnn_core_mul_9s_5ns_14_1_1__17 |         26 |         26 |       0 |    0 |     0 |      0 |      0 |    0 |          0 |
|             mul_9s_5ns_14_1_1_U26                                                              |                                                               cnn_core_mul_9s_5ns_14_1_1__16 |         25 |         25 |       0 |    0 |     0 |      0 |      0 |    0 |          0 |
|             mul_9s_5ns_14_1_1_U3                                                               |                                                               cnn_core_mul_9s_5ns_14_1_1__23 |         25 |         25 |       0 |    0 |     0 |      0 |      0 |    0 |          0 |
|             mul_9s_5ns_14_1_1_U4                                                               |                                                               cnn_core_mul_9s_5ns_14_1_1__22 |         25 |         25 |       0 |    0 |     0 |      0 |      0 |    0 |          0 |
|             mul_9s_5ns_14_1_1_U5                                                               |                                                               cnn_core_mul_9s_5ns_14_1_1__21 |         25 |         25 |       0 |    0 |     0 |      0 |      0 |    0 |          0 |
|             mul_9s_5ns_14_1_1_U7                                                               |                                                               cnn_core_mul_9s_5ns_14_1_1__20 |         26 |         26 |       0 |    0 |     0 |      0 |      0 |    0 |          0 |
|             mul_9s_5ns_14_1_1_U9                                                               |                                                               cnn_core_mul_9s_5ns_14_1_1__19 |         26 |         26 |       0 |    0 |     0 |      0 |      0 |    0 |          0 |
|             mul_9s_6ns_14_1_1_U19                                                              |                                                                cnn_core_mul_9s_6ns_14_1_1__9 |         19 |         19 |       0 |    0 |     0 |      0 |      0 |    0 |          0 |
|             mul_9s_6ns_14_1_1_U25                                                              |                                                                cnn_core_mul_9s_6ns_14_1_1__8 |         19 |         19 |       0 |    0 |     0 |      0 |      0 |    0 |          0 |
|             mul_9s_6ns_14_1_1_U6                                                               |                                                               cnn_core_mul_9s_6ns_14_1_1__11 |         19 |         19 |       0 |    0 |     0 |      0 |      0 |    0 |          0 |
|             mul_9s_6ns_14_1_1_U8                                                               |                                                               cnn_core_mul_9s_6ns_14_1_1__10 |         19 |         19 |       0 |    0 |     0 |      0 |      0 |    0 |          0 |
|             mul_9s_6ns_15_1_1_U1                                                               |                                                               cnn_core_mul_9s_6ns_15_1_1__23 |         19 |         19 |       0 |    0 |     0 |      0 |      0 |    0 |          0 |
|             mul_9s_6ns_15_1_1_U11                                                              |                                                               cnn_core_mul_9s_6ns_15_1_1__22 |         19 |         19 |       0 |    0 |     0 |      0 |      0 |    0 |          0 |
|             mul_9s_6ns_15_1_1_U12                                                              |                                                               cnn_core_mul_9s_6ns_15_1_1__21 |         19 |         19 |       0 |    0 |     0 |      0 |      0 |    0 |          0 |
|             mul_9s_6ns_15_1_1_U15                                                              |                                                               cnn_core_mul_9s_6ns_15_1_1__20 |         19 |         19 |       0 |    0 |     0 |      0 |      0 |    0 |          0 |
|             mul_9s_6ns_15_1_1_U16                                                              |                                                               cnn_core_mul_9s_6ns_15_1_1__19 |         19 |         19 |       0 |    0 |     0 |      0 |      0 |    0 |          0 |
|             mul_9s_6ns_15_1_1_U18                                                              |                                                               cnn_core_mul_9s_6ns_15_1_1__18 |         19 |         19 |       0 |    0 |     0 |      0 |      0 |    0 |          0 |
|             mul_9s_6ns_15_1_1_U22                                                              |                                                               cnn_core_mul_9s_6ns_15_1_1__17 |         19 |         19 |       0 |    0 |     0 |      0 |      0 |    0 |          0 |
|             mul_9s_6ns_15_1_1_U28                                                              |                                                               cnn_core_mul_9s_6ns_15_1_1__16 |         19 |         19 |       0 |    0 |     0 |      0 |      0 |    0 |          0 |
|             mul_9s_6s_15_1_1_U13                                                               |                                                                cnn_core_mul_9s_6s_15_1_1__11 |         28 |         28 |       0 |    0 |     0 |      0 |      0 |    0 |          0 |
|             mul_9s_6s_15_1_1_U17                                                               |                                                                cnn_core_mul_9s_6s_15_1_1__10 |         28 |         28 |       0 |    0 |     0 |      0 |      0 |    0 |          0 |
|             mul_9s_6s_15_1_1_U23                                                               |                                                                 cnn_core_mul_9s_6s_15_1_1__9 |         28 |         28 |       0 |    0 |     0 |      0 |      0 |    0 |          0 |
|             mul_9s_6s_15_1_1_U27                                                               |                                                                 cnn_core_mul_9s_6s_15_1_1__8 |         28 |         28 |       0 |    0 |     0 |      0 |      0 |    0 |          0 |
|             regslice_both_input_layer_U                                                        |                                                                    cnn_core_regslice_both__2 |         41 |         41 |       0 |    0 |   148 |      0 |      0 |    0 |          0 |
|           layer4x4_out_U                                                                       |                                                                   cnn_core_fifo_w448_d4_S__2 |        456 |          8 |       0 |  448 |     5 |      0 |      0 |    0 |          0 |
|             (layer4x4_out_U)                                                                   |                                                                   cnn_core_fifo_w448_d4_S__2 |          8 |          8 |       0 |    0 |     5 |      0 |      0 |    0 |          0 |
|             U_cnn_core_fifo_w448_d4_S_ShiftReg                                                 |                                                          cnn_core_fifo_w448_d4_S_ShiftReg__2 |        448 |          0 |       0 |  448 |     0 |      0 |      0 |    0 |          0 |
|           layer5x4_out_U                                                                       |                                                                   cnn_core_fifo_w420_d4_S__2 |        428 |          8 |       0 |  420 |     5 |      0 |      0 |    0 |          0 |
|             (layer5x4_out_U)                                                                   |                                                                   cnn_core_fifo_w420_d4_S__2 |          8 |          8 |       0 |    0 |     5 |      0 |      0 |    0 |          0 |
|             U_cnn_core_fifo_w420_d4_S_ShiftReg                                                 |                                                          cnn_core_fifo_w420_d4_S_ShiftReg__2 |        420 |          0 |       0 |  420 |     0 |      0 |      0 |    0 |          0 |
|           layer6x4_out_U                                                                       |                                                                   cnn_core_fifo_w252_d4_S__2 |        232 |          8 |       0 |  224 |     5 |      0 |      0 |    0 |          0 |
|             (layer6x4_out_U)                                                                   |                                                                   cnn_core_fifo_w252_d4_S__2 |          8 |          8 |       0 |    0 |     5 |      0 |      0 |    0 |          0 |
|             U_cnn_core_fifo_w252_d4_S_ShiftReg                                                 |                                                          cnn_core_fifo_w252_d4_S_ShiftReg__2 |        224 |          0 |       0 |  224 |     0 |      0 |      0 |    0 |          0 |
|           maxpool2d_wide_nonoverlap_cl_array_array_ap_fixed_28u_config6_U0                     |                  cnn_core_maxpool2d_wide_nonoverlap_cl_array_array_ap_fixed_28u_config6_s__2 |        754 |        754 |       0 |    0 |  1079 |      0 |      0 |    0 |          0 |
|             (maxpool2d_wide_nonoverlap_cl_array_array_ap_fixed_28u_config6_U0)                 |                  cnn_core_maxpool2d_wide_nonoverlap_cl_array_array_ap_fixed_28u_config6_s__2 |        753 |        753 |       0 |    0 |  1078 |      0 |      0 |    0 |          0 |
|             flow_control_loop_pipe_U                                                           |                                                           cnn_core_flow_control_loop_pipe__6 |          1 |          1 |       0 |    0 |     1 |      0 |      0 |    0 |          0 |
|           relu_array_ap_fixed_28u_array_ap_ufixed_15_5_5_3_0_28u_relu_config5_U0               |            cnn_core_relu_array_ap_fixed_28u_array_ap_ufixed_15_5_5_3_0_28u_relu_config5_s__2 |        272 |        272 |       0 |    0 |   431 |      0 |      0 |    0 |          0 |
|             (relu_array_ap_fixed_28u_array_ap_ufixed_15_5_5_3_0_28u_relu_config5_U0)           |            cnn_core_relu_array_ap_fixed_28u_array_ap_ufixed_15_5_5_3_0_28u_relu_config5_s__2 |        271 |        271 |       0 |    0 |   430 |      0 |      0 |    0 |          0 |
|             flow_control_loop_pipe_U                                                           |                                                           cnn_core_flow_control_loop_pipe__7 |          1 |          1 |       0 |    0 |     1 |      0 |      0 |    0 |          0 |
|           start_for_dense_wide_stream_array_array_ap_fixed_22_11_5_3_0_1u_config9_U0_U         |       cnn_core_start_for_dense_wide_stream_array_array_ap_fixed_22_11_5_3_0_1u_config9_U0__2 |          5 |          5 |       0 |    0 |     4 |      0 |      0 |    0 |          0 |
|           start_for_maxpool2d_wide_nonoverlap_cl_array_array_ap_fixed_28u_config6_U0_U         |       cnn_core_start_for_maxpool2d_wide_nonoverlap_cl_array_array_ap_fixed_28u_config6_U0__2 |          5 |          5 |       0 |    0 |     4 |      0 |      0 |    0 |          0 |
|           start_for_relu_array_ap_fixed_28u_array_ap_ufixed_15_5_5_3_0_28u_relu_config5bkb_U   | cnn_core_start_for_relu_array_ap_fixed_28u_array_ap_ufixed_15_5_5_3_0_28u_relu_config5bkb__2 |          5 |          5 |       0 |    0 |     4 |      0 |      0 |    0 |          0 |
|     gen_lanes[2].u_LANE                                                                        |                                                                CNN_CORE_LANE__parameterized1 |       6305 |       5185 |      24 | 1096 |  3449 |     13 |      1 |    0 |          4 |
|       (gen_lanes[2].u_LANE)                                                                    |                                                                CNN_CORE_LANE__parameterized1 |         54 |         30 |      24 |    0 |   178 |      0 |      0 |    0 |          0 |
|       u_CHUNK_ID_CDC                                                                           |                                                                 xpm_cdc_handshake__xdcDup__3 |          2 |          2 |       0 |    0 |    87 |      0 |      0 |    0 |          0 |
|         (u_CHUNK_ID_CDC)                                                                       |                                                                 xpm_cdc_handshake__xdcDup__3 |          2 |          2 |       0 |    0 |    83 |      0 |      0 |    0 |          0 |
|         xpm_cdc_single_dest2src_inst                                                           |                                                                           xpm_cdc_single__17 |          0 |          0 |       0 |    0 |     2 |      0 |      0 |    0 |          0 |
|         xpm_cdc_single_src2dest_inst                                                           |                                                                           xpm_cdc_single__16 |          0 |          0 |       0 |    0 |     2 |      0 |      0 |    0 |          0 |
|       u_FIFO                                                                                   |                                                                  fifo_async_1024_to_64_HD435 |         85 |         82 |       0 |    3 |   123 |     13 |      1 |    0 |          0 |
|         U0                                                                                     |                                            fifo_async_1024_to_64fifo_generator_v13_2_9_HD436 |         85 |         82 |       0 |    3 |   123 |     13 |      1 |    0 |          0 |
|           inst_fifo_gen                                                                        |                                      fifo_async_1024_to_64fifo_generator_v13_2_9_synth_HD437 |         85 |         82 |       0 |    3 |   123 |     13 |      1 |    0 |          0 |
|             gconvfifo.rf                                                                       |                                                fifo_async_1024_to_64fifo_generator_top_HD438 |         85 |         82 |       0 |    3 |   123 |     13 |      1 |    0 |          0 |
|       u_WRAPPER                                                                                |                                                                               WRAPPER_TOP__3 |       6164 |       5071 |       0 | 1093 |  3061 |      0 |      0 |    0 |          4 |
|         (u_WRAPPER)                                                                            |                                                                               WRAPPER_TOP__3 |          0 |          0 |       0 |    0 |     0 |      0 |      0 |    0 |          0 |
|         cnn_core_inst                                                                          |                                                                                  cnn_core__3 |       6164 |       5071 |       0 | 1093 |  3061 |      0 |      0 |    0 |          4 |
|           (cnn_core_inst)                                                                      |                                                                                  cnn_core__3 |          0 |          0 |       0 |    0 |     0 |      0 |      0 |    0 |          0 |
|           dense_wide_stream_array_array_ap_fixed_22_11_5_3_0_1u_config9_U0                     |                  cnn_core_dense_wide_stream_array_array_ap_fixed_22_11_5_3_0_1u_config9_s__3 |       1168 |       1167 |       0 |    1 |   556 |      0 |      0 |    0 |          4 |
|             (dense_wide_stream_array_array_ap_fixed_22_11_5_3_0_1u_config9_U0)                 |                  cnn_core_dense_wide_stream_array_array_ap_fixed_22_11_5_3_0_1u_config9_s__3 |          5 |          5 |       0 |    0 |     5 |      0 |      0 |    0 |          0 |
|             grp_dense_wide_stream_array_array_ap_fixed_1u_config9_Pipeline_DenseWideMain_fu_47 |         cnn_core_dense_wide_stream_array_array_ap_fixed_1u_config9_Pipeline_DenseWideMain__3 |       1147 |       1146 |       0 |    1 |   503 |      0 |      0 |    0 |          4 |
|             regslice_both_layer9_out_U                                                         |                                                    cnn_core_regslice_both__parameterized0__3 |         16 |         16 |       0 |    0 |    48 |      0 |      0 |    0 |          0 |
|           first_conv_2row_4lane_temporal_wide_cl_array_array_ap_fixed_28u_config4_U0           |        cnn_core_first_conv_2row_4lane_temporal_wide_cl_array_array_ap_fixed_28u_config4_s__3 |       2839 |       2839 |       0 |    0 |   968 |      0 |      0 |    0 |          0 |
|             (first_conv_2row_4lane_temporal_wide_cl_array_array_ap_fixed_28u_config4_U0)       |        cnn_core_first_conv_2row_4lane_temporal_wide_cl_array_array_ap_fixed_28u_config4_s__3 |       2145 |       2145 |       0 |    0 |   819 |      0 |      0 |    0 |          0 |
|             flow_control_loop_pipe_U                                                           |                                                          cnn_core_flow_control_loop_pipe__11 |          1 |          1 |       0 |    0 |     1 |      0 |      0 |    0 |          0 |
|             mul_9s_5ns_13_1_1_U10                                                              |                                                               cnn_core_mul_9s_5ns_13_1_1__14 |         27 |         27 |       0 |    0 |     0 |      0 |      0 |    0 |          0 |
|             mul_9s_5ns_13_1_1_U14                                                              |                                                               cnn_core_mul_9s_5ns_13_1_1__13 |         27 |         27 |       0 |    0 |     0 |      0 |      0 |    0 |          0 |
|             mul_9s_5ns_13_1_1_U2                                                               |                                                               cnn_core_mul_9s_5ns_13_1_1__15 |         27 |         27 |       0 |    0 |     0 |      0 |      0 |    0 |          0 |
|             mul_9s_5ns_13_1_1_U21                                                              |                                                               cnn_core_mul_9s_5ns_13_1_1__12 |         27 |         27 |       0 |    0 |     0 |      0 |      0 |    0 |          0 |
|             mul_9s_5ns_14_1_1_U20                                                              |                                                               cnn_core_mul_9s_5ns_14_1_1__26 |         26 |         26 |       0 |    0 |     0 |      0 |      0 |    0 |          0 |
|             mul_9s_5ns_14_1_1_U24                                                              |                                                               cnn_core_mul_9s_5ns_14_1_1__25 |         26 |         26 |       0 |    0 |     0 |      0 |      0 |    0 |          0 |
|             mul_9s_5ns_14_1_1_U26                                                              |                                                               cnn_core_mul_9s_5ns_14_1_1__24 |         25 |         25 |       0 |    0 |     0 |      0 |      0 |    0 |          0 |
|             mul_9s_5ns_14_1_1_U3                                                               |                                                               cnn_core_mul_9s_5ns_14_1_1__31 |         25 |         25 |       0 |    0 |     0 |      0 |      0 |    0 |          0 |
|             mul_9s_5ns_14_1_1_U4                                                               |                                                               cnn_core_mul_9s_5ns_14_1_1__30 |         25 |         25 |       0 |    0 |     0 |      0 |      0 |    0 |          0 |
|             mul_9s_5ns_14_1_1_U5                                                               |                                                               cnn_core_mul_9s_5ns_14_1_1__29 |         25 |         25 |       0 |    0 |     0 |      0 |      0 |    0 |          0 |
|             mul_9s_5ns_14_1_1_U7                                                               |                                                               cnn_core_mul_9s_5ns_14_1_1__28 |         26 |         26 |       0 |    0 |     0 |      0 |      0 |    0 |          0 |
|             mul_9s_5ns_14_1_1_U9                                                               |                                                               cnn_core_mul_9s_5ns_14_1_1__27 |         26 |         26 |       0 |    0 |     0 |      0 |      0 |    0 |          0 |
|             mul_9s_6ns_14_1_1_U19                                                              |                                                               cnn_core_mul_9s_6ns_14_1_1__13 |         19 |         19 |       0 |    0 |     0 |      0 |      0 |    0 |          0 |
|             mul_9s_6ns_14_1_1_U25                                                              |                                                               cnn_core_mul_9s_6ns_14_1_1__12 |         19 |         19 |       0 |    0 |     0 |      0 |      0 |    0 |          0 |
|             mul_9s_6ns_14_1_1_U6                                                               |                                                               cnn_core_mul_9s_6ns_14_1_1__15 |         19 |         19 |       0 |    0 |     0 |      0 |      0 |    0 |          0 |
|             mul_9s_6ns_14_1_1_U8                                                               |                                                               cnn_core_mul_9s_6ns_14_1_1__14 |         19 |         19 |       0 |    0 |     0 |      0 |      0 |    0 |          0 |
|             mul_9s_6ns_15_1_1_U1                                                               |                                                               cnn_core_mul_9s_6ns_15_1_1__31 |         19 |         19 |       0 |    0 |     0 |      0 |      0 |    0 |          0 |
|             mul_9s_6ns_15_1_1_U11                                                              |                                                               cnn_core_mul_9s_6ns_15_1_1__30 |         19 |         19 |       0 |    0 |     0 |      0 |      0 |    0 |          0 |
|             mul_9s_6ns_15_1_1_U12                                                              |                                                               cnn_core_mul_9s_6ns_15_1_1__29 |         19 |         19 |       0 |    0 |     0 |      0 |      0 |    0 |          0 |
|             mul_9s_6ns_15_1_1_U15                                                              |                                                               cnn_core_mul_9s_6ns_15_1_1__28 |         19 |         19 |       0 |    0 |     0 |      0 |      0 |    0 |          0 |
|             mul_9s_6ns_15_1_1_U16                                                              |                                                               cnn_core_mul_9s_6ns_15_1_1__27 |         19 |         19 |       0 |    0 |     0 |      0 |      0 |    0 |          0 |
|             mul_9s_6ns_15_1_1_U18                                                              |                                                               cnn_core_mul_9s_6ns_15_1_1__26 |         19 |         19 |       0 |    0 |     0 |      0 |      0 |    0 |          0 |
|             mul_9s_6ns_15_1_1_U22                                                              |                                                               cnn_core_mul_9s_6ns_15_1_1__25 |         19 |         19 |       0 |    0 |     0 |      0 |      0 |    0 |          0 |
|             mul_9s_6ns_15_1_1_U28                                                              |                                                               cnn_core_mul_9s_6ns_15_1_1__24 |         19 |         19 |       0 |    0 |     0 |      0 |      0 |    0 |          0 |
|             mul_9s_6s_15_1_1_U13                                                               |                                                                cnn_core_mul_9s_6s_15_1_1__15 |         28 |         28 |       0 |    0 |     0 |      0 |      0 |    0 |          0 |
|             mul_9s_6s_15_1_1_U17                                                               |                                                                cnn_core_mul_9s_6s_15_1_1__14 |         28 |         28 |       0 |    0 |     0 |      0 |      0 |    0 |          0 |
|             mul_9s_6s_15_1_1_U23                                                               |                                                                cnn_core_mul_9s_6s_15_1_1__13 |         28 |         28 |       0 |    0 |     0 |      0 |      0 |    0 |          0 |
|             mul_9s_6s_15_1_1_U27                                                               |                                                                cnn_core_mul_9s_6s_15_1_1__12 |         28 |         28 |       0 |    0 |     0 |      0 |      0 |    0 |          0 |
|             regslice_both_input_layer_U                                                        |                                                                    cnn_core_regslice_both__3 |         41 |         41 |       0 |    0 |   148 |      0 |      0 |    0 |          0 |
|           layer4x4_out_U                                                                       |                                                                   cnn_core_fifo_w448_d4_S__3 |        456 |          8 |       0 |  448 |     5 |      0 |      0 |    0 |          0 |
|             (layer4x4_out_U)                                                                   |                                                                   cnn_core_fifo_w448_d4_S__3 |          8 |          8 |       0 |    0 |     5 |      0 |      0 |    0 |          0 |
|             U_cnn_core_fifo_w448_d4_S_ShiftReg                                                 |                                                          cnn_core_fifo_w448_d4_S_ShiftReg__3 |        448 |          0 |       0 |  448 |     0 |      0 |      0 |    0 |          0 |
|           layer5x4_out_U                                                                       |                                                                   cnn_core_fifo_w420_d4_S__3 |        428 |          8 |       0 |  420 |     5 |      0 |      0 |    0 |          0 |
|             (layer5x4_out_U)                                                                   |                                                                   cnn_core_fifo_w420_d4_S__3 |          8 |          8 |       0 |    0 |     5 |      0 |      0 |    0 |          0 |
|             U_cnn_core_fifo_w420_d4_S_ShiftReg                                                 |                                                          cnn_core_fifo_w420_d4_S_ShiftReg__3 |        420 |          0 |       0 |  420 |     0 |      0 |      0 |    0 |          0 |
|           layer6x4_out_U                                                                       |                                                                   cnn_core_fifo_w252_d4_S__3 |        232 |          8 |       0 |  224 |     5 |      0 |      0 |    0 |          0 |
|             (layer6x4_out_U)                                                                   |                                                                   cnn_core_fifo_w252_d4_S__3 |          8 |          8 |       0 |    0 |     5 |      0 |      0 |    0 |          0 |
|             U_cnn_core_fifo_w252_d4_S_ShiftReg                                                 |                                                          cnn_core_fifo_w252_d4_S_ShiftReg__3 |        224 |          0 |       0 |  224 |     0 |      0 |      0 |    0 |          0 |
|           maxpool2d_wide_nonoverlap_cl_array_array_ap_fixed_28u_config6_U0                     |                  cnn_core_maxpool2d_wide_nonoverlap_cl_array_array_ap_fixed_28u_config6_s__3 |        754 |        754 |       0 |    0 |  1079 |      0 |      0 |    0 |          0 |
|             (maxpool2d_wide_nonoverlap_cl_array_array_ap_fixed_28u_config6_U0)                 |                  cnn_core_maxpool2d_wide_nonoverlap_cl_array_array_ap_fixed_28u_config6_s__3 |        753 |        753 |       0 |    0 |  1078 |      0 |      0 |    0 |          0 |
|             flow_control_loop_pipe_U                                                           |                                                           cnn_core_flow_control_loop_pipe__9 |          1 |          1 |       0 |    0 |     1 |      0 |      0 |    0 |          0 |
|           relu_array_ap_fixed_28u_array_ap_ufixed_15_5_5_3_0_28u_relu_config5_U0               |            cnn_core_relu_array_ap_fixed_28u_array_ap_ufixed_15_5_5_3_0_28u_relu_config5_s__3 |        272 |        272 |       0 |    0 |   431 |      0 |      0 |    0 |          0 |
|             (relu_array_ap_fixed_28u_array_ap_ufixed_15_5_5_3_0_28u_relu_config5_U0)           |            cnn_core_relu_array_ap_fixed_28u_array_ap_ufixed_15_5_5_3_0_28u_relu_config5_s__3 |        271 |        271 |       0 |    0 |   430 |      0 |      0 |    0 |          0 |
|             flow_control_loop_pipe_U                                                           |                                                          cnn_core_flow_control_loop_pipe__10 |          1 |          1 |       0 |    0 |     1 |      0 |      0 |    0 |          0 |
|           start_for_dense_wide_stream_array_array_ap_fixed_22_11_5_3_0_1u_config9_U0_U         |       cnn_core_start_for_dense_wide_stream_array_array_ap_fixed_22_11_5_3_0_1u_config9_U0__3 |          5 |          5 |       0 |    0 |     4 |      0 |      0 |    0 |          0 |
|           start_for_maxpool2d_wide_nonoverlap_cl_array_array_ap_fixed_28u_config6_U0_U         |       cnn_core_start_for_maxpool2d_wide_nonoverlap_cl_array_array_ap_fixed_28u_config6_U0__3 |          5 |          5 |       0 |    0 |     4 |      0 |      0 |    0 |          0 |
|           start_for_relu_array_ap_fixed_28u_array_ap_ufixed_15_5_5_3_0_28u_relu_config5bkb_U   | cnn_core_start_for_relu_array_ap_fixed_28u_array_ap_ufixed_15_5_5_3_0_28u_relu_config5bkb__3 |          5 |          5 |       0 |    0 |     4 |      0 |      0 |    0 |          0 |
|     gen_lanes[3].u_LANE                                                                        |                                                                CNN_CORE_LANE__parameterized2 |       6305 |       5185 |      24 | 1096 |  3449 |     13 |      1 |    0 |          4 |
|       (gen_lanes[3].u_LANE)                                                                    |                                                                CNN_CORE_LANE__parameterized2 |         54 |         30 |      24 |    0 |   178 |      0 |      0 |    0 |          0 |
|       u_CHUNK_ID_CDC                                                                           |                                                                 xpm_cdc_handshake__xdcDup__4 |          2 |          2 |       0 |    0 |    87 |      0 |      0 |    0 |          0 |
|         (u_CHUNK_ID_CDC)                                                                       |                                                                 xpm_cdc_handshake__xdcDup__4 |          2 |          2 |       0 |    0 |    83 |      0 |      0 |    0 |          0 |
|         xpm_cdc_single_dest2src_inst                                                           |                                                                           xpm_cdc_single__19 |          0 |          0 |       0 |    0 |     2 |      0 |      0 |    0 |          0 |
|         xpm_cdc_single_src2dest_inst                                                           |                                                                           xpm_cdc_single__18 |          0 |          0 |       0 |    0 |     2 |      0 |      0 |    0 |          0 |
|       u_FIFO                                                                                   |                                                                  fifo_async_1024_to_64_HD490 |         85 |         82 |       0 |    3 |   123 |     13 |      1 |    0 |          0 |
|         U0                                                                                     |                                            fifo_async_1024_to_64fifo_generator_v13_2_9_HD491 |         85 |         82 |       0 |    3 |   123 |     13 |      1 |    0 |          0 |
|           inst_fifo_gen                                                                        |                                      fifo_async_1024_to_64fifo_generator_v13_2_9_synth_HD492 |         85 |         82 |       0 |    3 |   123 |     13 |      1 |    0 |          0 |
|             gconvfifo.rf                                                                       |                                                fifo_async_1024_to_64fifo_generator_top_HD493 |         85 |         82 |       0 |    3 |   123 |     13 |      1 |    0 |          0 |
|       u_WRAPPER                                                                                |                                                                               WRAPPER_TOP__4 |       6164 |       5071 |       0 | 1093 |  3061 |      0 |      0 |    0 |          4 |
|         (u_WRAPPER)                                                                            |                                                                               WRAPPER_TOP__4 |          0 |          0 |       0 |    0 |     0 |      0 |      0 |    0 |          0 |
|         cnn_core_inst                                                                          |                                                                                  cnn_core__4 |       6164 |       5071 |       0 | 1093 |  3061 |      0 |      0 |    0 |          4 |
|           (cnn_core_inst)                                                                      |                                                                                  cnn_core__4 |          0 |          0 |       0 |    0 |     0 |      0 |      0 |    0 |          0 |
|           dense_wide_stream_array_array_ap_fixed_22_11_5_3_0_1u_config9_U0                     |                  cnn_core_dense_wide_stream_array_array_ap_fixed_22_11_5_3_0_1u_config9_s__4 |       1168 |       1167 |       0 |    1 |   556 |      0 |      0 |    0 |          4 |
|             (dense_wide_stream_array_array_ap_fixed_22_11_5_3_0_1u_config9_U0)                 |                  cnn_core_dense_wide_stream_array_array_ap_fixed_22_11_5_3_0_1u_config9_s__4 |          5 |          5 |       0 |    0 |     5 |      0 |      0 |    0 |          0 |
|             grp_dense_wide_stream_array_array_ap_fixed_1u_config9_Pipeline_DenseWideMain_fu_47 |         cnn_core_dense_wide_stream_array_array_ap_fixed_1u_config9_Pipeline_DenseWideMain__4 |       1147 |       1146 |       0 |    1 |   503 |      0 |      0 |    0 |          4 |
|             regslice_both_layer9_out_U                                                         |                                                    cnn_core_regslice_both__parameterized0__4 |         16 |         16 |       0 |    0 |    48 |      0 |      0 |    0 |          0 |
|           first_conv_2row_4lane_temporal_wide_cl_array_array_ap_fixed_28u_config4_U0           |        cnn_core_first_conv_2row_4lane_temporal_wide_cl_array_array_ap_fixed_28u_config4_s__4 |       2839 |       2839 |       0 |    0 |   968 |      0 |      0 |    0 |          0 |
|             (first_conv_2row_4lane_temporal_wide_cl_array_array_ap_fixed_28u_config4_U0)       |        cnn_core_first_conv_2row_4lane_temporal_wide_cl_array_array_ap_fixed_28u_config4_s__4 |       2145 |       2145 |       0 |    0 |   819 |      0 |      0 |    0 |          0 |
|             flow_control_loop_pipe_U                                                           |                                                          cnn_core_flow_control_loop_pipe__14 |          1 |          1 |       0 |    0 |     1 |      0 |      0 |    0 |          0 |
|             mul_9s_5ns_13_1_1_U10                                                              |                                                               cnn_core_mul_9s_5ns_13_1_1__18 |         27 |         27 |       0 |    0 |     0 |      0 |      0 |    0 |          0 |
|             mul_9s_5ns_13_1_1_U14                                                              |                                                               cnn_core_mul_9s_5ns_13_1_1__17 |         27 |         27 |       0 |    0 |     0 |      0 |      0 |    0 |          0 |
|             mul_9s_5ns_13_1_1_U2                                                               |                                                               cnn_core_mul_9s_5ns_13_1_1__19 |         27 |         27 |       0 |    0 |     0 |      0 |      0 |    0 |          0 |
|             mul_9s_5ns_13_1_1_U21                                                              |                                                               cnn_core_mul_9s_5ns_13_1_1__16 |         27 |         27 |       0 |    0 |     0 |      0 |      0 |    0 |          0 |
|             mul_9s_5ns_14_1_1_U20                                                              |                                                               cnn_core_mul_9s_5ns_14_1_1__34 |         26 |         26 |       0 |    0 |     0 |      0 |      0 |    0 |          0 |
|             mul_9s_5ns_14_1_1_U24                                                              |                                                               cnn_core_mul_9s_5ns_14_1_1__33 |         26 |         26 |       0 |    0 |     0 |      0 |      0 |    0 |          0 |
|             mul_9s_5ns_14_1_1_U26                                                              |                                                               cnn_core_mul_9s_5ns_14_1_1__32 |         25 |         25 |       0 |    0 |     0 |      0 |      0 |    0 |          0 |
|             mul_9s_5ns_14_1_1_U3                                                               |                                                               cnn_core_mul_9s_5ns_14_1_1__39 |         25 |         25 |       0 |    0 |     0 |      0 |      0 |    0 |          0 |
|             mul_9s_5ns_14_1_1_U4                                                               |                                                               cnn_core_mul_9s_5ns_14_1_1__38 |         25 |         25 |       0 |    0 |     0 |      0 |      0 |    0 |          0 |
|             mul_9s_5ns_14_1_1_U5                                                               |                                                               cnn_core_mul_9s_5ns_14_1_1__37 |         25 |         25 |       0 |    0 |     0 |      0 |      0 |    0 |          0 |
|             mul_9s_5ns_14_1_1_U7                                                               |                                                               cnn_core_mul_9s_5ns_14_1_1__36 |         26 |         26 |       0 |    0 |     0 |      0 |      0 |    0 |          0 |
|             mul_9s_5ns_14_1_1_U9                                                               |                                                               cnn_core_mul_9s_5ns_14_1_1__35 |         26 |         26 |       0 |    0 |     0 |      0 |      0 |    0 |          0 |
|             mul_9s_6ns_14_1_1_U19                                                              |                                                               cnn_core_mul_9s_6ns_14_1_1__17 |         19 |         19 |       0 |    0 |     0 |      0 |      0 |    0 |          0 |
|             mul_9s_6ns_14_1_1_U25                                                              |                                                               cnn_core_mul_9s_6ns_14_1_1__16 |         19 |         19 |       0 |    0 |     0 |      0 |      0 |    0 |          0 |
|             mul_9s_6ns_14_1_1_U6                                                               |                                                               cnn_core_mul_9s_6ns_14_1_1__19 |         19 |         19 |       0 |    0 |     0 |      0 |      0 |    0 |          0 |
|             mul_9s_6ns_14_1_1_U8                                                               |                                                               cnn_core_mul_9s_6ns_14_1_1__18 |         19 |         19 |       0 |    0 |     0 |      0 |      0 |    0 |          0 |
|             mul_9s_6ns_15_1_1_U1                                                               |                                                               cnn_core_mul_9s_6ns_15_1_1__39 |         19 |         19 |       0 |    0 |     0 |      0 |      0 |    0 |          0 |
|             mul_9s_6ns_15_1_1_U11                                                              |                                                               cnn_core_mul_9s_6ns_15_1_1__38 |         19 |         19 |       0 |    0 |     0 |      0 |      0 |    0 |          0 |
|             mul_9s_6ns_15_1_1_U12                                                              |                                                               cnn_core_mul_9s_6ns_15_1_1__37 |         19 |         19 |       0 |    0 |     0 |      0 |      0 |    0 |          0 |
|             mul_9s_6ns_15_1_1_U15                                                              |                                                               cnn_core_mul_9s_6ns_15_1_1__36 |         19 |         19 |       0 |    0 |     0 |      0 |      0 |    0 |          0 |
|             mul_9s_6ns_15_1_1_U16                                                              |                                                               cnn_core_mul_9s_6ns_15_1_1__35 |         19 |         19 |       0 |    0 |     0 |      0 |      0 |    0 |          0 |
|             mul_9s_6ns_15_1_1_U18                                                              |                                                               cnn_core_mul_9s_6ns_15_1_1__34 |         19 |         19 |       0 |    0 |     0 |      0 |      0 |    0 |          0 |
|             mul_9s_6ns_15_1_1_U22                                                              |                                                               cnn_core_mul_9s_6ns_15_1_1__33 |         19 |         19 |       0 |    0 |     0 |      0 |      0 |    0 |          0 |
|             mul_9s_6ns_15_1_1_U28                                                              |                                                               cnn_core_mul_9s_6ns_15_1_1__32 |         19 |         19 |       0 |    0 |     0 |      0 |      0 |    0 |          0 |
|             mul_9s_6s_15_1_1_U13                                                               |                                                                cnn_core_mul_9s_6s_15_1_1__19 |         28 |         28 |       0 |    0 |     0 |      0 |      0 |    0 |          0 |
|             mul_9s_6s_15_1_1_U17                                                               |                                                                cnn_core_mul_9s_6s_15_1_1__18 |         28 |         28 |       0 |    0 |     0 |      0 |      0 |    0 |          0 |
|             mul_9s_6s_15_1_1_U23                                                               |                                                                cnn_core_mul_9s_6s_15_1_1__17 |         28 |         28 |       0 |    0 |     0 |      0 |      0 |    0 |          0 |
|             mul_9s_6s_15_1_1_U27                                                               |                                                                cnn_core_mul_9s_6s_15_1_1__16 |         28 |         28 |       0 |    0 |     0 |      0 |      0 |    0 |          0 |
|             regslice_both_input_layer_U                                                        |                                                                    cnn_core_regslice_both__4 |         41 |         41 |       0 |    0 |   148 |      0 |      0 |    0 |          0 |
|           layer4x4_out_U                                                                       |                                                                   cnn_core_fifo_w448_d4_S__4 |        456 |          8 |       0 |  448 |     5 |      0 |      0 |    0 |          0 |
|             (layer4x4_out_U)                                                                   |                                                                   cnn_core_fifo_w448_d4_S__4 |          8 |          8 |       0 |    0 |     5 |      0 |      0 |    0 |          0 |
|             U_cnn_core_fifo_w448_d4_S_ShiftReg                                                 |                                                          cnn_core_fifo_w448_d4_S_ShiftReg__4 |        448 |          0 |       0 |  448 |     0 |      0 |      0 |    0 |          0 |
|           layer5x4_out_U                                                                       |                                                                   cnn_core_fifo_w420_d4_S__4 |        428 |          8 |       0 |  420 |     5 |      0 |      0 |    0 |          0 |
|             (layer5x4_out_U)                                                                   |                                                                   cnn_core_fifo_w420_d4_S__4 |          8 |          8 |       0 |    0 |     5 |      0 |      0 |    0 |          0 |
|             U_cnn_core_fifo_w420_d4_S_ShiftReg                                                 |                                                          cnn_core_fifo_w420_d4_S_ShiftReg__4 |        420 |          0 |       0 |  420 |     0 |      0 |      0 |    0 |          0 |
|           layer6x4_out_U                                                                       |                                                                   cnn_core_fifo_w252_d4_S__4 |        232 |          8 |       0 |  224 |     5 |      0 |      0 |    0 |          0 |
|             (layer6x4_out_U)                                                                   |                                                                   cnn_core_fifo_w252_d4_S__4 |          8 |          8 |       0 |    0 |     5 |      0 |      0 |    0 |          0 |
|             U_cnn_core_fifo_w252_d4_S_ShiftReg                                                 |                                                          cnn_core_fifo_w252_d4_S_ShiftReg__4 |        224 |          0 |       0 |  224 |     0 |      0 |      0 |    0 |          0 |
|           maxpool2d_wide_nonoverlap_cl_array_array_ap_fixed_28u_config6_U0                     |                  cnn_core_maxpool2d_wide_nonoverlap_cl_array_array_ap_fixed_28u_config6_s__4 |        754 |        754 |       0 |    0 |  1079 |      0 |      0 |    0 |          0 |
|             (maxpool2d_wide_nonoverlap_cl_array_array_ap_fixed_28u_config6_U0)                 |                  cnn_core_maxpool2d_wide_nonoverlap_cl_array_array_ap_fixed_28u_config6_s__4 |        753 |        753 |       0 |    0 |  1078 |      0 |      0 |    0 |          0 |
|             flow_control_loop_pipe_U                                                           |                                                          cnn_core_flow_control_loop_pipe__12 |          1 |          1 |       0 |    0 |     1 |      0 |      0 |    0 |          0 |
|           relu_array_ap_fixed_28u_array_ap_ufixed_15_5_5_3_0_28u_relu_config5_U0               |            cnn_core_relu_array_ap_fixed_28u_array_ap_ufixed_15_5_5_3_0_28u_relu_config5_s__4 |        272 |        272 |       0 |    0 |   431 |      0 |      0 |    0 |          0 |
|             (relu_array_ap_fixed_28u_array_ap_ufixed_15_5_5_3_0_28u_relu_config5_U0)           |            cnn_core_relu_array_ap_fixed_28u_array_ap_ufixed_15_5_5_3_0_28u_relu_config5_s__4 |        271 |        271 |       0 |    0 |   430 |      0 |      0 |    0 |          0 |
|             flow_control_loop_pipe_U                                                           |                                                          cnn_core_flow_control_loop_pipe__13 |          1 |          1 |       0 |    0 |     1 |      0 |      0 |    0 |          0 |
|           start_for_dense_wide_stream_array_array_ap_fixed_22_11_5_3_0_1u_config9_U0_U         |       cnn_core_start_for_dense_wide_stream_array_array_ap_fixed_22_11_5_3_0_1u_config9_U0__4 |          5 |          5 |       0 |    0 |     4 |      0 |      0 |    0 |          0 |
|           start_for_maxpool2d_wide_nonoverlap_cl_array_array_ap_fixed_28u_config6_U0_U         |       cnn_core_start_for_maxpool2d_wide_nonoverlap_cl_array_array_ap_fixed_28u_config6_U0__4 |          5 |          5 |       0 |    0 |     4 |      0 |      0 |    0 |          0 |
|           start_for_relu_array_ap_fixed_28u_array_ap_ufixed_15_5_5_3_0_28u_relu_config5bkb_U   | cnn_core_start_for_relu_array_ap_fixed_28u_array_ap_ufixed_15_5_5_3_0_28u_relu_config5bkb__4 |          5 |          5 |       0 |    0 |     4 |      0 |      0 |    0 |          0 |
|     gen_lanes[4].u_LANE                                                                        |                                                                CNN_CORE_LANE__parameterized3 |       6305 |       5185 |      24 | 1096 |  3449 |     13 |      1 |    0 |          4 |
|       (gen_lanes[4].u_LANE)                                                                    |                                                                CNN_CORE_LANE__parameterized3 |         54 |         30 |      24 |    0 |   178 |      0 |      0 |    0 |          0 |
|       u_CHUNK_ID_CDC                                                                           |                                                                            xpm_cdc_handshake |          2 |          2 |       0 |    0 |    87 |      0 |      0 |    0 |          0 |
|         (u_CHUNK_ID_CDC)                                                                       |                                                                            xpm_cdc_handshake |          2 |          2 |       0 |    0 |    83 |      0 |      0 |    0 |          0 |
|         xpm_cdc_single_dest2src_inst                                                           |                                                                           xpm_cdc_single__21 |          0 |          0 |       0 |    0 |     2 |      0 |      0 |    0 |          0 |
|         xpm_cdc_single_src2dest_inst                                                           |                                                                           xpm_cdc_single__20 |          0 |          0 |       0 |    0 |     2 |      0 |      0 |    0 |          0 |
|       u_FIFO                                                                                   |                                                                  fifo_async_1024_to_64_HD545 |         85 |         82 |       0 |    3 |   123 |     13 |      1 |    0 |          0 |
|         U0                                                                                     |                                            fifo_async_1024_to_64fifo_generator_v13_2_9_HD546 |         85 |         82 |       0 |    3 |   123 |     13 |      1 |    0 |          0 |
|           inst_fifo_gen                                                                        |                                      fifo_async_1024_to_64fifo_generator_v13_2_9_synth_HD547 |         85 |         82 |       0 |    3 |   123 |     13 |      1 |    0 |          0 |
|             gconvfifo.rf                                                                       |                                                fifo_async_1024_to_64fifo_generator_top_HD548 |         85 |         82 |       0 |    3 |   123 |     13 |      1 |    0 |          0 |
|       u_WRAPPER                                                                                |                                                                                  WRAPPER_TOP |       6164 |       5071 |       0 | 1093 |  3061 |      0 |      0 |    0 |          4 |
|         (u_WRAPPER)                                                                            |                                                                                  WRAPPER_TOP |          0 |          0 |       0 |    0 |     0 |      0 |      0 |    0 |          0 |
|         cnn_core_inst                                                                          |                                                                                     cnn_core |       6164 |       5071 |       0 | 1093 |  3061 |      0 |      0 |    0 |          4 |
|           (cnn_core_inst)                                                                      |                                                                                     cnn_core |          0 |          0 |       0 |    0 |     0 |      0 |      0 |    0 |          0 |
|           dense_wide_stream_array_array_ap_fixed_22_11_5_3_0_1u_config9_U0                     |                     cnn_core_dense_wide_stream_array_array_ap_fixed_22_11_5_3_0_1u_config9_s |       1168 |       1167 |       0 |    1 |   556 |      0 |      0 |    0 |          4 |
|             (dense_wide_stream_array_array_ap_fixed_22_11_5_3_0_1u_config9_U0)                 |                     cnn_core_dense_wide_stream_array_array_ap_fixed_22_11_5_3_0_1u_config9_s |          5 |          5 |       0 |    0 |     5 |      0 |      0 |    0 |          0 |
|             grp_dense_wide_stream_array_array_ap_fixed_1u_config9_Pipeline_DenseWideMain_fu_47 |            cnn_core_dense_wide_stream_array_array_ap_fixed_1u_config9_Pipeline_DenseWideMain |       1147 |       1146 |       0 |    1 |   503 |      0 |      0 |    0 |          4 |
|             regslice_both_layer9_out_U                                                         |                                                       cnn_core_regslice_both__parameterized0 |         16 |         16 |       0 |    0 |    48 |      0 |      0 |    0 |          0 |
|           first_conv_2row_4lane_temporal_wide_cl_array_array_ap_fixed_28u_config4_U0           |           cnn_core_first_conv_2row_4lane_temporal_wide_cl_array_array_ap_fixed_28u_config4_s |       2839 |       2839 |       0 |    0 |   968 |      0 |      0 |    0 |          0 |
|             (first_conv_2row_4lane_temporal_wide_cl_array_array_ap_fixed_28u_config4_U0)       |           cnn_core_first_conv_2row_4lane_temporal_wide_cl_array_array_ap_fixed_28u_config4_s |       2145 |       2145 |       0 |    0 |   819 |      0 |      0 |    0 |          0 |
|             flow_control_loop_pipe_U                                                           |                                                              cnn_core_flow_control_loop_pipe |          1 |          1 |       0 |    0 |     1 |      0 |      0 |    0 |          0 |
|             mul_9s_5ns_13_1_1_U10                                                              |                                                                cnn_core_mul_9s_5ns_13_1_1__2 |         27 |         27 |       0 |    0 |     0 |      0 |      0 |    0 |          0 |
|             mul_9s_5ns_13_1_1_U14                                                              |                                                                cnn_core_mul_9s_5ns_13_1_1__3 |         27 |         27 |       0 |    0 |     0 |      0 |      0 |    0 |          0 |
|             mul_9s_5ns_13_1_1_U2                                                               |                                                                cnn_core_mul_9s_5ns_13_1_1__1 |         27 |         27 |       0 |    0 |     0 |      0 |      0 |    0 |          0 |
|             mul_9s_5ns_13_1_1_U21                                                              |                                                                   cnn_core_mul_9s_5ns_13_1_1 |         27 |         27 |       0 |    0 |     0 |      0 |      0 |    0 |          0 |
|             mul_9s_5ns_14_1_1_U20                                                              |                                                                cnn_core_mul_9s_5ns_14_1_1__6 |         26 |         26 |       0 |    0 |     0 |      0 |      0 |    0 |          0 |
|             mul_9s_5ns_14_1_1_U24                                                              |                                                                cnn_core_mul_9s_5ns_14_1_1__7 |         26 |         26 |       0 |    0 |     0 |      0 |      0 |    0 |          0 |
|             mul_9s_5ns_14_1_1_U26                                                              |                                                                   cnn_core_mul_9s_5ns_14_1_1 |         25 |         25 |       0 |    0 |     0 |      0 |      0 |    0 |          0 |
|             mul_9s_5ns_14_1_1_U3                                                               |                                                                cnn_core_mul_9s_5ns_14_1_1__1 |         25 |         25 |       0 |    0 |     0 |      0 |      0 |    0 |          0 |
|             mul_9s_5ns_14_1_1_U4                                                               |                                                                cnn_core_mul_9s_5ns_14_1_1__2 |         25 |         25 |       0 |    0 |     0 |      0 |      0 |    0 |          0 |
|             mul_9s_5ns_14_1_1_U5                                                               |                                                                cnn_core_mul_9s_5ns_14_1_1__3 |         25 |         25 |       0 |    0 |     0 |      0 |      0 |    0 |          0 |
|             mul_9s_5ns_14_1_1_U7                                                               |                                                                cnn_core_mul_9s_5ns_14_1_1__4 |         26 |         26 |       0 |    0 |     0 |      0 |      0 |    0 |          0 |
|             mul_9s_5ns_14_1_1_U9                                                               |                                                                cnn_core_mul_9s_5ns_14_1_1__5 |         26 |         26 |       0 |    0 |     0 |      0 |      0 |    0 |          0 |
|             mul_9s_6ns_14_1_1_U19                                                              |                                                                cnn_core_mul_9s_6ns_14_1_1__3 |         19 |         19 |       0 |    0 |     0 |      0 |      0 |    0 |          0 |
|             mul_9s_6ns_14_1_1_U25                                                              |                                                                   cnn_core_mul_9s_6ns_14_1_1 |         19 |         19 |       0 |    0 |     0 |      0 |      0 |    0 |          0 |
|             mul_9s_6ns_14_1_1_U6                                                               |                                                                cnn_core_mul_9s_6ns_14_1_1__1 |         19 |         19 |       0 |    0 |     0 |      0 |      0 |    0 |          0 |
|             mul_9s_6ns_14_1_1_U8                                                               |                                                                cnn_core_mul_9s_6ns_14_1_1__2 |         19 |         19 |       0 |    0 |     0 |      0 |      0 |    0 |          0 |
|             mul_9s_6ns_15_1_1_U1                                                               |                                                                cnn_core_mul_9s_6ns_15_1_1__1 |         19 |         19 |       0 |    0 |     0 |      0 |      0 |    0 |          0 |
|             mul_9s_6ns_15_1_1_U11                                                              |                                                                cnn_core_mul_9s_6ns_15_1_1__2 |         19 |         19 |       0 |    0 |     0 |      0 |      0 |    0 |          0 |
|             mul_9s_6ns_15_1_1_U12                                                              |                                                                cnn_core_mul_9s_6ns_15_1_1__3 |         19 |         19 |       0 |    0 |     0 |      0 |      0 |    0 |          0 |
|             mul_9s_6ns_15_1_1_U15                                                              |                                                                cnn_core_mul_9s_6ns_15_1_1__4 |         19 |         19 |       0 |    0 |     0 |      0 |      0 |    0 |          0 |
|             mul_9s_6ns_15_1_1_U16                                                              |                                                                cnn_core_mul_9s_6ns_15_1_1__5 |         19 |         19 |       0 |    0 |     0 |      0 |      0 |    0 |          0 |
|             mul_9s_6ns_15_1_1_U18                                                              |                                                                cnn_core_mul_9s_6ns_15_1_1__6 |         19 |         19 |       0 |    0 |     0 |      0 |      0 |    0 |          0 |
|             mul_9s_6ns_15_1_1_U22                                                              |                                                                cnn_core_mul_9s_6ns_15_1_1__7 |         19 |         19 |       0 |    0 |     0 |      0 |      0 |    0 |          0 |
|             mul_9s_6ns_15_1_1_U28                                                              |                                                                   cnn_core_mul_9s_6ns_15_1_1 |         19 |         19 |       0 |    0 |     0 |      0 |      0 |    0 |          0 |
|             mul_9s_6s_15_1_1_U13                                                               |                                                                 cnn_core_mul_9s_6s_15_1_1__1 |         28 |         28 |       0 |    0 |     0 |      0 |      0 |    0 |          0 |
|             mul_9s_6s_15_1_1_U17                                                               |                                                                 cnn_core_mul_9s_6s_15_1_1__2 |         28 |         28 |       0 |    0 |     0 |      0 |      0 |    0 |          0 |
|             mul_9s_6s_15_1_1_U23                                                               |                                                                 cnn_core_mul_9s_6s_15_1_1__3 |         28 |         28 |       0 |    0 |     0 |      0 |      0 |    0 |          0 |
|             mul_9s_6s_15_1_1_U27                                                               |                                                                    cnn_core_mul_9s_6s_15_1_1 |         28 |         28 |       0 |    0 |     0 |      0 |      0 |    0 |          0 |
|             regslice_both_input_layer_U                                                        |                                                                       cnn_core_regslice_both |         41 |         41 |       0 |    0 |   148 |      0 |      0 |    0 |          0 |
|           layer4x4_out_U                                                                       |                                                                      cnn_core_fifo_w448_d4_S |        456 |          8 |       0 |  448 |     5 |      0 |      0 |    0 |          0 |
|             (layer4x4_out_U)                                                                   |                                                                      cnn_core_fifo_w448_d4_S |          8 |          8 |       0 |    0 |     5 |      0 |      0 |    0 |          0 |
|             U_cnn_core_fifo_w448_d4_S_ShiftReg                                                 |                                                             cnn_core_fifo_w448_d4_S_ShiftReg |        448 |          0 |       0 |  448 |     0 |      0 |      0 |    0 |          0 |
|           layer5x4_out_U                                                                       |                                                                      cnn_core_fifo_w420_d4_S |        428 |          8 |       0 |  420 |     5 |      0 |      0 |    0 |          0 |
|             (layer5x4_out_U)                                                                   |                                                                      cnn_core_fifo_w420_d4_S |          8 |          8 |       0 |    0 |     5 |      0 |      0 |    0 |          0 |
|             U_cnn_core_fifo_w420_d4_S_ShiftReg                                                 |                                                             cnn_core_fifo_w420_d4_S_ShiftReg |        420 |          0 |       0 |  420 |     0 |      0 |      0 |    0 |          0 |
|           layer6x4_out_U                                                                       |                                                                      cnn_core_fifo_w252_d4_S |        232 |          8 |       0 |  224 |     5 |      0 |      0 |    0 |          0 |
|             (layer6x4_out_U)                                                                   |                                                                      cnn_core_fifo_w252_d4_S |          8 |          8 |       0 |    0 |     5 |      0 |      0 |    0 |          0 |
|             U_cnn_core_fifo_w252_d4_S_ShiftReg                                                 |                                                             cnn_core_fifo_w252_d4_S_ShiftReg |        224 |          0 |       0 |  224 |     0 |      0 |      0 |    0 |          0 |
|           maxpool2d_wide_nonoverlap_cl_array_array_ap_fixed_28u_config6_U0                     |                     cnn_core_maxpool2d_wide_nonoverlap_cl_array_array_ap_fixed_28u_config6_s |        754 |        754 |       0 |    0 |  1079 |      0 |      0 |    0 |          0 |
|             (maxpool2d_wide_nonoverlap_cl_array_array_ap_fixed_28u_config6_U0)                 |                     cnn_core_maxpool2d_wide_nonoverlap_cl_array_array_ap_fixed_28u_config6_s |        753 |        753 |       0 |    0 |  1078 |      0 |      0 |    0 |          0 |
|             flow_control_loop_pipe_U                                                           |                                                           cnn_core_flow_control_loop_pipe__1 |          1 |          1 |       0 |    0 |     1 |      0 |      0 |    0 |          0 |
|           relu_array_ap_fixed_28u_array_ap_ufixed_15_5_5_3_0_28u_relu_config5_U0               |               cnn_core_relu_array_ap_fixed_28u_array_ap_ufixed_15_5_5_3_0_28u_relu_config5_s |        272 |        272 |       0 |    0 |   431 |      0 |      0 |    0 |          0 |
|             (relu_array_ap_fixed_28u_array_ap_ufixed_15_5_5_3_0_28u_relu_config5_U0)           |               cnn_core_relu_array_ap_fixed_28u_array_ap_ufixed_15_5_5_3_0_28u_relu_config5_s |        271 |        271 |       0 |    0 |   430 |      0 |      0 |    0 |          0 |
|             flow_control_loop_pipe_U                                                           |                                                           cnn_core_flow_control_loop_pipe__2 |          1 |          1 |       0 |    0 |     1 |      0 |      0 |    0 |          0 |
|           start_for_dense_wide_stream_array_array_ap_fixed_22_11_5_3_0_1u_config9_U0_U         |          cnn_core_start_for_dense_wide_stream_array_array_ap_fixed_22_11_5_3_0_1u_config9_U0 |          5 |          5 |       0 |    0 |     4 |      0 |      0 |    0 |          0 |
|           start_for_maxpool2d_wide_nonoverlap_cl_array_array_ap_fixed_28u_config6_U0_U         |          cnn_core_start_for_maxpool2d_wide_nonoverlap_cl_array_array_ap_fixed_28u_config6_U0 |          5 |          5 |       0 |    0 |     4 |      0 |      0 |    0 |          0 |
|           start_for_relu_array_ap_fixed_28u_array_ap_ufixed_15_5_5_3_0_28u_relu_config5bkb_U   |    cnn_core_start_for_relu_array_ap_fixed_28u_array_ap_ufixed_15_5_5_3_0_28u_relu_config5bkb |          5 |          5 |       0 |    0 |     4 |      0 |      0 |    0 |          0 |
|     u_DIST                                                                                     |                                                                        ADC_CHUNK_DISTRIBUTOR |        273 |        273 |       0 |    0 |    48 |      0 |      0 |    0 |          0 |
|     u_EVENT_PATH                                                                               |                                                                           EVENT_CAPTURE_PATH |        435 |        375 |      60 |    0 |  3632 |     65 |      0 |    0 |          0 |
|       u_capture                                                                                |                                                                           EVENT_CAPTURE_CTRL |         79 |         79 |       0 |    0 |  1676 |      0 |      0 |    0 |          0 |
|       u_decision                                                                               |                                                                             TRIGGER_DECISION |         12 |         12 |       0 |    0 |    63 |      0 |      0 |    0 |          0 |
|       u_output_fifo                                                                            |                                                                            EVENT_OUTPUT_FIFO |         57 |         57 |       0 |    0 |  1597 |     22 |      0 |    0 |          0 |
|         (u_output_fifo)                                                                        |                                                                            EVENT_OUTPUT_FIFO |          3 |          3 |       0 |    0 |  1562 |      0 |      0 |    0 |          0 |
|         u_FIFO                                                                                 |                                                                                xpm_fifo_sync |         54 |         54 |       0 |    0 |    35 |     22 |      0 |    0 |          0 |
|           xpm_fifo_base_inst                                                                   |                                                                                xpm_fifo_base |         54 |         54 |       0 |    0 |    35 |     22 |      0 |    0 |          0 |
|             (xpm_fifo_base_inst)                                                               |                                                                                xpm_fifo_base |         13 |         13 |       0 |    0 |     5 |      0 |      0 |    0 |          0 |
|             gen_sdpram.xpm_memory_base_inst                                                    |                                                                              xpm_memory_base |         22 |         22 |       0 |    0 |     0 |     22 |      0 |    0 |          0 |
|             rdp_inst                                                                           |                                                             xpm_counter_updn__parameterized0 |          4 |          4 |       0 |    0 |     6 |      0 |      0 |    0 |          0 |
|             rdpp1_inst                                                                         |                                                             xpm_counter_updn__parameterized1 |          5 |          5 |       0 |    0 |     6 |      0 |      0 |    0 |          0 |
|             rst_d1_inst                                                                        |                                                                          xpm_fifo_reg_bit__4 |          0 |          0 |       0 |    0 |     1 |      0 |      0 |    0 |          0 |
|             wrp_inst                                                                           |                                                          xpm_counter_updn__parameterized0__1 |          4 |          4 |       0 |    0 |     6 |      0 |      0 |    0 |          0 |
|             wrpp1_inst                                                                         |                                                          xpm_counter_updn__parameterized1__1 |          5 |          5 |       0 |    0 |     6 |      0 |      0 |    0 |          0 |
|             xpm_fifo_rst_inst                                                                  |                                                                                 xpm_fifo_rst |          1 |          1 |       0 |    0 |     5 |      0 |      0 |    0 |          0 |
|       u_ring                                                                                   |                                                                         WAVEFORM_RING_BUFFER |        186 |        166 |      20 |    0 |   130 |     43 |      0 |    0 |          0 |
|       u_trigger_cdc                                                                            |                                                                             TRIGGER_CDC_FIFO |        101 |         61 |      40 |    0 |   166 |      0 |      0 |    0 |          0 |
|         (u_trigger_cdc)                                                                        |                                                                             TRIGGER_CDC_FIFO |         99 |         59 |      40 |    0 |    66 |      0 |      0 |    0 |          0 |
|         u_TRIGGER_CDC                                                                          |                                                            xpm_cdc_handshake__parameterized2 |          2 |          2 |       0 |    0 |   100 |      0 |      0 |    0 |          0 |
|           (u_TRIGGER_CDC)                                                                      |                                                            xpm_cdc_handshake__parameterized2 |          2 |          2 |       0 |    0 |    96 |      0 |      0 |    0 |          0 |
|           xpm_cdc_single_dest2src_inst                                                         |                                                                               xpm_cdc_single |          0 |          0 |       0 |    0 |     2 |      0 |      0 |    0 |          0 |
|           xpm_cdc_single_src2dest_inst                                                         |                                                                           xpm_cdc_single__22 |          0 |          0 |       0 |    0 |     2 |      0 |      0 |    0 |          0 |
|     u_RST_ADC                                                                                  |                                                                                RESET_SYNC__1 |          0 |          0 |       0 |    0 |     2 |      0 |      0 |    0 |          0 |
|     u_RST_CNN                                                                                  |                                                                                   RESET_SYNC |          0 |          0 |       0 |    0 |     2 |      0 |      0 |    0 |          0 |
+------------------------------------------------------------------------------------------------+----------------------------------------------------------------------------------------------+------------+------------+---------+------+-------+--------+--------+------+------------+


