Copyright 1986-2022 Xilinx, Inc. All Rights Reserved. Copyright 2022-2023 Advanced Micro Devices, Inc. All Rights Reserved.
--------------------------------------------------------------------------------------------------------------------------------------------------------------------------------------
| Tool Version : Vivado v.2023.2 (lin64) Build 4029153 Fri Oct 13 20:13:54 MDT 2023
| Date         : Thu Aug 27 20:34:48 2026
| Host         : AlbertsUbuntu running 64-bit Ubuntu 22.04.5 LTS
| Command      : report_utilization -hierarchical -hierarchical_depth 6 -file /home/work1/Works/AI-Trigger-System/build/vivado_ooc_ai_trigger/reports/post_place_utilization_hier.rpt
| Design       : AI_TRIGGER_TOP
| Device       : xcku5p-ffvb676-2-e
| Speed File   : -2
| Design State : Fully Placed
--------------------------------------------------------------------------------------------------------------------------------------------------------------------------------------

Utilization Design Information

Table of Contents
-----------------
1. Utilization by Hierarchy

1. Utilization by Hierarchy
---------------------------

+----------------------------------------------------------------------------------------------+----------------------------------------------------------------------------------------+------------+------------+---------+------+-------+--------+--------+------+------------+
|                                           Instance                                           |                                         Module                                         | Total LUTs | Logic LUTs | LUTRAMs | SRLs |  FFs  | RAMB36 | RAMB18 | URAM | DSP Blocks |
+----------------------------------------------------------------------------------------------+----------------------------------------------------------------------------------------+------------+------------+---------+------+-------+--------+--------+------+------------+
| AI_TRIGGER_TOP                                                                               |                                                                                  (top) |      37207 |      36082 |     340 |  785 | 33406 |     31 |      5 |    6 |        200 |
|   u_CORE                                                                                     |                                                                        AI_TRIGGER_CORE |      37207 |      36082 |     340 |  785 | 33406 |     31 |      5 |    6 |        200 |
|     (u_CORE)                                                                                 |                                                                        AI_TRIGGER_CORE |        121 |        121 |       0 |    0 |     0 |      0 |      0 |    0 |          0 |
|     gen_lanes[0].u_LANE                                                                      |                                                                          CNN_CORE_LANE |       6690 |       6485 |      48 |  157 |  6169 |      5 |      1 |    0 |         40 |
|       (gen_lanes[0].u_LANE)                                                                  |                                                                          CNN_CORE_LANE |         88 |         40 |      48 |    0 |   204 |      0 |      0 |    0 |          0 |
|       u_CHUNK_ID_CDC                                                                         |                                                                   xpm_cdc_handshake__1 |          2 |          2 |       0 |    0 |   167 |      0 |      0 |    0 |          0 |
|         (u_CHUNK_ID_CDC)                                                                     |                                                                   xpm_cdc_handshake__1 |          2 |          2 |       0 |    0 |   163 |      0 |      0 |    0 |          0 |
|         xpm_cdc_single_dest2src_inst                                                         |                                                                      xpm_cdc_single__2 |          0 |          0 |       0 |    0 |     2 |      0 |      0 |    0 |          0 |
|         xpm_cdc_single_src2dest_inst                                                         |                                                                      xpm_cdc_single__1 |          0 |          0 |       0 |    0 |     2 |      0 |      0 |    0 |          0 |
|       u_FIFO                                                                                 |                                                                      xpm_fifo_async__1 |         81 |         81 |       0 |    0 |   118 |      4 |      0 |    0 |          0 |
|         (u_FIFO)                                                                             |                                                                      xpm_fifo_async__1 |          0 |          0 |       0 |    0 |     0 |      0 |      0 |    0 |          0 |
|         gnuram_async_fifo.xpm_fifo_base_inst                                                 |                                                                       xpm_fifo_base__1 |         81 |         81 |       0 |    0 |   118 |      4 |      0 |    0 |          0 |
|           (gnuram_async_fifo.xpm_fifo_base_inst)                                             |                                                                       xpm_fifo_base__1 |         18 |         18 |       0 |    0 |     6 |      0 |      0 |    0 |          0 |
|           gen_cdc_pntr.rd_pntr_cdc_inst                                                      |                                                        xpm_cdc_gray__parameterized1__1 |         10 |         10 |       0 |    0 |    21 |      0 |      0 |    0 |          0 |
|           gen_cdc_pntr.rpw_gray_reg                                                          |                                                    xpm_fifo_reg_vec__parameterized0__2 |          0 |          0 |       0 |    0 |     7 |      0 |      0 |    0 |          0 |
|           gen_cdc_pntr.wpr_gray_reg                                                          |                                                                    xpm_fifo_reg_vec__1 |          0 |          0 |       0 |    0 |     7 |      0 |      0 |    0 |          0 |
|           gen_cdc_pntr.wr_pntr_cdc_inst                                                      |                                                                        xpm_cdc_gray__1 |          8 |          8 |       0 |    0 |    21 |      0 |      0 |    0 |          0 |
|           gen_sdpram.xpm_memory_base_inst                                                    |                                                                     xpm_memory_base__1 |          0 |          0 |       0 |    0 |     0 |      4 |      0 |    0 |          0 |
|           rdp_inst                                                                           |                                                    xpm_counter_updn__parameterized3__1 |         10 |         10 |       0 |    0 |     9 |      0 |      0 |    0 |          0 |
|           rdpp1_inst                                                                         |                                                    xpm_counter_updn__parameterized4__1 |          6 |          6 |       0 |    0 |     8 |      0 |      0 |    0 |          0 |
|           rst_d1_inst                                                                        |                                                                    xpm_fifo_reg_bit__4 |          0 |          0 |       0 |    0 |     1 |      0 |      0 |    0 |          0 |
|           wrp_inst                                                                           |                                                    xpm_counter_updn__parameterized0__1 |          6 |          6 |       0 |    0 |     7 |      0 |      0 |    0 |          0 |
|           wrpp1_inst                                                                         |                                                    xpm_counter_updn__parameterized1__1 |          5 |          5 |       0 |    0 |     7 |      0 |      0 |    0 |          0 |
|           wrpp2_inst                                                                         |                                                    xpm_counter_updn__parameterized2__1 |          5 |          5 |       0 |    0 |     7 |      0 |      0 |    0 |          0 |
|           xpm_fifo_rst_inst                                                                  |                                                                        xpm_fifo_rst__1 |         13 |         13 |       0 |    0 |    17 |      0 |      0 |    0 |          0 |
|             (xpm_fifo_rst_inst)                                                              |                                                                        xpm_fifo_rst__1 |         13 |         13 |       0 |    0 |    13 |      0 |      0 |    0 |          0 |
|             gen_rst_ic.rrst_wr_inst                                                          |                                                                    xpm_cdc_sync_rst__2 |          0 |          0 |       0 |    0 |     2 |      0 |      0 |    0 |          0 |
|             gen_rst_ic.wrst_rd_inst                                                          |                                                                    xpm_cdc_sync_rst__1 |          0 |          0 |       0 |    0 |     2 |      0 |      0 |    0 |          0 |
|       u_WRAPPER                                                                              |                                                                         WRAPPER_TOP__1 |       6519 |       6362 |       0 |  157 |  5680 |      1 |      1 |    0 |         40 |
|         (u_WRAPPER)                                                                          |                                                                         WRAPPER_TOP__1 |          5 |          5 |       0 |    0 |   323 |      0 |      0 |    0 |          0 |
|         cnn_core_inst                                                                        |                                                                            cnn_core__1 |       6514 |       6357 |       0 |  157 |  5357 |      1 |      1 |    0 |         40 |
|           (cnn_core_inst)                                                                    |                                                                            cnn_core__1 |          0 |          0 |       0 |    0 |     0 |      0 |      0 |    0 |          0 |
|           dense_wide_stream_array_array_ap_fixed_23_13_5_3_0_1u_config9_U0                   |            cnn_core_dense_wide_stream_array_array_ap_fixed_23_13_5_3_0_1u_config9_s__1 |        757 |        724 |       0 |   33 |   961 |      1 |      1 |    0 |         16 |
|             (dense_wide_stream_array_array_ap_fixed_23_13_5_3_0_1u_config9_U0)               |            cnn_core_dense_wide_stream_array_array_ap_fixed_23_13_5_3_0_1u_config9_s__1 |          5 |          5 |       0 |    0 |     5 |      0 |      0 |    0 |          0 |
|             grp_dense_wide_stream_array_array_ap_fixed_1u_config9_Pipeline_DenseValues_fu_51 |     cnn_core_dense_wide_stream_array_array_ap_fixed_1u_config9_Pipeline_DenseValues__1 |        737 |        704 |       0 |   33 |   910 |      1 |      1 |    0 |         16 |
|             regslice_both_layer9_out_U                                                       |                                              cnn_core_regslice_both__parameterized0__1 |         15 |         15 |       0 |    0 |    46 |      0 |      0 |    0 |          0 |
|           layer6_out_x4_U                                                                    |                                                             cnn_core_fifo_w280_d4_S__1 |        132 |          8 |       0 |  124 |     5 |      0 |      0 |    0 |          0 |
|             (layer6_out_x4_U)                                                                |                                                             cnn_core_fifo_w280_d4_S__1 |          8 |          8 |       0 |    0 |     5 |      0 |      0 |    0 |          0 |
|             U_cnn_core_fifo_w280_d4_S_ShiftReg                                               |                                                    cnn_core_fifo_w280_d4_S_ShiftReg__1 |        124 |          0 |       0 |  124 |     0 |      0 |      0 |    0 |          0 |
|           phara_pool_aligned_hybrid_p8_cl_array_array_array_array_config4_config6_U0         |  cnn_core_phara_pool_aligned_hybrid_p8_cl_array_array_array_array_config4_config6_s__1 |       5621 |       5621 |       0 |    0 |  4387 |      0 |      0 |    0 |         24 |
|             (phara_pool_aligned_hybrid_p8_cl_array_array_array_array_config4_config6_U0)     |  cnn_core_phara_pool_aligned_hybrid_p8_cl_array_array_array_array_config4_config6_s__1 |       4815 |       4815 |       0 |    0 |  3741 |      0 |      0 |    0 |          0 |
|             mac_muladd_10s_4ns_14s_15_1_1_U41                                                |                                             cnn_core_mac_muladd_10s_4ns_14s_15_1_1__14 |          0 |          0 |       0 |    0 |     0 |      0 |      0 |    0 |          1 |
|             mac_muladd_10s_4ns_14s_15_1_1_U42                                                |                                             cnn_core_mac_muladd_10s_4ns_14s_15_1_1__15 |          0 |          0 |       0 |    0 |     0 |      0 |      0 |    0 |          1 |
|             mac_muladd_10s_4ns_14s_15_1_1_U43                                                |                                             cnn_core_mac_muladd_10s_4ns_14s_15_1_1__13 |          0 |          0 |       0 |    0 |     0 |      0 |      0 |    0 |          1 |
|             mac_muladd_10s_4ns_14s_15_1_1_U44                                                |                                             cnn_core_mac_muladd_10s_4ns_14s_15_1_1__12 |          0 |          0 |       0 |    0 |     0 |      0 |      0 |    0 |          1 |
|             mac_muladd_10s_4ns_14s_15_1_1_U45                                                |                                             cnn_core_mac_muladd_10s_4ns_14s_15_1_1__11 |          0 |          0 |       0 |    0 |     0 |      0 |      0 |    0 |          1 |
|             mac_muladd_10s_4ns_14s_15_1_1_U46                                                |                                             cnn_core_mac_muladd_10s_4ns_14s_15_1_1__10 |          0 |          0 |       0 |    0 |     0 |      0 |      0 |    0 |          1 |
|             mac_muladd_10s_4ns_14s_15_1_1_U47                                                |                                              cnn_core_mac_muladd_10s_4ns_14s_15_1_1__9 |          0 |          0 |       0 |    0 |     0 |      0 |      0 |    0 |          1 |
|             mac_muladd_10s_4ns_14s_15_1_1_U48                                                |                                              cnn_core_mac_muladd_10s_4ns_14s_15_1_1__8 |          0 |          0 |       0 |    0 |     0 |      0 |      0 |    0 |          1 |
|             mac_muladd_10s_4ns_15s_16_1_1_U49                                                |                                             cnn_core_mac_muladd_10s_4ns_15s_16_1_1__14 |          0 |          0 |       0 |    0 |     0 |      0 |      0 |    0 |          1 |
|             mac_muladd_10s_4ns_15s_16_1_1_U50                                                |                                             cnn_core_mac_muladd_10s_4ns_15s_16_1_1__15 |          0 |          0 |       0 |    0 |     0 |      0 |      0 |    0 |          1 |
|             mac_muladd_10s_4ns_15s_16_1_1_U51                                                |                                             cnn_core_mac_muladd_10s_4ns_15s_16_1_1__13 |          0 |          0 |       0 |    0 |     0 |      0 |      0 |    0 |          1 |
|             mac_muladd_10s_4ns_15s_16_1_1_U52                                                |                                             cnn_core_mac_muladd_10s_4ns_15s_16_1_1__12 |          0 |          0 |       0 |    0 |     0 |      0 |      0 |    0 |          1 |
|             mac_muladd_10s_4ns_15s_16_1_1_U53                                                |                                             cnn_core_mac_muladd_10s_4ns_15s_16_1_1__11 |          0 |          0 |       0 |    0 |     0 |      0 |      0 |    0 |          1 |
|             mac_muladd_10s_4ns_15s_16_1_1_U54                                                |                                             cnn_core_mac_muladd_10s_4ns_15s_16_1_1__10 |          0 |          0 |       0 |    0 |     0 |      0 |      0 |    0 |          1 |
|             mac_muladd_10s_4ns_15s_16_1_1_U55                                                |                                              cnn_core_mac_muladd_10s_4ns_15s_16_1_1__9 |          0 |          0 |       0 |    0 |     0 |      0 |      0 |    0 |          1 |
|             mac_muladd_10s_4ns_15s_16_1_1_U56                                                |                                              cnn_core_mac_muladd_10s_4ns_15s_16_1_1__8 |          0 |          0 |       0 |    0 |     0 |      0 |      0 |    0 |          1 |
|             mul_10s_5ns_15_1_1_U33                                                           |                                                        cnn_core_mul_10s_5ns_15_1_1__14 |          0 |          0 |       0 |    0 |     0 |      0 |      0 |    0 |          1 |
|             mul_10s_5ns_15_1_1_U34                                                           |                                                        cnn_core_mul_10s_5ns_15_1_1__15 |          0 |          0 |       0 |    0 |     0 |      0 |      0 |    0 |          1 |
|             mul_10s_5ns_15_1_1_U35                                                           |                                                        cnn_core_mul_10s_5ns_15_1_1__13 |          0 |          0 |       0 |    0 |     0 |      0 |      0 |    0 |          1 |
|             mul_10s_5ns_15_1_1_U36                                                           |                                                        cnn_core_mul_10s_5ns_15_1_1__12 |          0 |          0 |       0 |    0 |     0 |      0 |      0 |    0 |          1 |
|             mul_10s_5ns_15_1_1_U37                                                           |                                                        cnn_core_mul_10s_5ns_15_1_1__11 |          0 |          0 |       0 |    0 |     0 |      0 |      0 |    0 |          1 |
|             mul_10s_5ns_15_1_1_U38                                                           |                                                        cnn_core_mul_10s_5ns_15_1_1__10 |          0 |          0 |       0 |    0 |     0 |      0 |      0 |    0 |          1 |
|             mul_10s_5ns_15_1_1_U39                                                           |                                                         cnn_core_mul_10s_5ns_15_1_1__9 |          0 |          0 |       0 |    0 |     0 |      0 |      0 |    0 |          1 |
|             mul_10s_5ns_15_1_1_U40                                                           |                                                         cnn_core_mul_10s_5ns_15_1_1__8 |          0 |          0 |       0 |    0 |     0 |      0 |      0 |    0 |          1 |
|             regslice_both_waveform_U                                                         |                                                              cnn_core_regslice_both__1 |        166 |        166 |       0 |    0 |   646 |      0 |      0 |    0 |          0 |
|             sparsemux_17_3_10_1_1_U1                                                         |                                                     cnn_core_sparsemux_17_3_10_1_1__15 |         20 |         20 |       0 |    0 |     0 |      0 |      0 |    0 |          0 |
|             sparsemux_17_3_10_1_1_U10                                                        |                                                     cnn_core_sparsemux_17_3_10_1_1__12 |         20 |         20 |       0 |    0 |     0 |      0 |      0 |    0 |          0 |
|             sparsemux_17_3_10_1_1_U11                                                        |                                     cnn_core_sparsemux_17_3_10_1_1__parameterized0__13 |         20 |         20 |       0 |    0 |     0 |      0 |      0 |    0 |          0 |
|             sparsemux_17_3_10_1_1_U12                                                        |                                     cnn_core_sparsemux_17_3_10_1_1__parameterized0__12 |         20 |         20 |       0 |    0 |     0 |      0 |      0 |    0 |          0 |
|             sparsemux_17_3_10_1_1_U13                                                        |                                     cnn_core_sparsemux_17_3_10_1_1__parameterized1__13 |         20 |         20 |       0 |    0 |     0 |      0 |      0 |    0 |          0 |
|             sparsemux_17_3_10_1_1_U14                                                        |                                     cnn_core_sparsemux_17_3_10_1_1__parameterized1__12 |         20 |         20 |       0 |    0 |     0 |      0 |      0 |    0 |          0 |
|             sparsemux_17_3_10_1_1_U15                                                        |                                     cnn_core_sparsemux_17_3_10_1_1__parameterized2__13 |         20 |         20 |       0 |    0 |     0 |      0 |      0 |    0 |          0 |
|             sparsemux_17_3_10_1_1_U16                                                        |                                     cnn_core_sparsemux_17_3_10_1_1__parameterized2__12 |         20 |         20 |       0 |    0 |     0 |      0 |      0 |    0 |          0 |
|             sparsemux_17_3_10_1_1_U17                                                        |                                                     cnn_core_sparsemux_17_3_10_1_1__11 |         20 |         20 |       0 |    0 |     0 |      0 |      0 |    0 |          0 |
|             sparsemux_17_3_10_1_1_U18                                                        |                                                     cnn_core_sparsemux_17_3_10_1_1__10 |         20 |         20 |       0 |    0 |     0 |      0 |      0 |    0 |          0 |
|             sparsemux_17_3_10_1_1_U19                                                        |                                     cnn_core_sparsemux_17_3_10_1_1__parameterized0__11 |         20 |         20 |       0 |    0 |     0 |      0 |      0 |    0 |          0 |
|             sparsemux_17_3_10_1_1_U2                                                         |                                                     cnn_core_sparsemux_17_3_10_1_1__14 |         20 |         20 |       0 |    0 |     0 |      0 |      0 |    0 |          0 |
|             sparsemux_17_3_10_1_1_U20                                                        |                                     cnn_core_sparsemux_17_3_10_1_1__parameterized0__10 |         20 |         20 |       0 |    0 |     0 |      0 |      0 |    0 |          0 |
|             sparsemux_17_3_10_1_1_U21                                                        |                                     cnn_core_sparsemux_17_3_10_1_1__parameterized1__11 |         20 |         20 |       0 |    0 |     0 |      0 |      0 |    0 |          0 |
|             sparsemux_17_3_10_1_1_U22                                                        |                                     cnn_core_sparsemux_17_3_10_1_1__parameterized1__10 |         20 |         20 |       0 |    0 |     0 |      0 |      0 |    0 |          0 |
|             sparsemux_17_3_10_1_1_U23                                                        |                                     cnn_core_sparsemux_17_3_10_1_1__parameterized2__11 |         20 |         20 |       0 |    0 |     0 |      0 |      0 |    0 |          0 |
|             sparsemux_17_3_10_1_1_U24                                                        |                                     cnn_core_sparsemux_17_3_10_1_1__parameterized2__10 |         20 |         20 |       0 |    0 |     0 |      0 |      0 |    0 |          0 |
|             sparsemux_17_3_10_1_1_U25                                                        |                                                      cnn_core_sparsemux_17_3_10_1_1__9 |         20 |         20 |       0 |    0 |     0 |      0 |      0 |    0 |          0 |
|             sparsemux_17_3_10_1_1_U26                                                        |                                                      cnn_core_sparsemux_17_3_10_1_1__8 |         20 |         20 |       0 |    0 |     0 |      0 |      0 |    0 |          0 |
|             sparsemux_17_3_10_1_1_U27                                                        |                                      cnn_core_sparsemux_17_3_10_1_1__parameterized0__9 |         20 |         20 |       0 |    0 |     0 |      0 |      0 |    0 |          0 |
|             sparsemux_17_3_10_1_1_U28                                                        |                                      cnn_core_sparsemux_17_3_10_1_1__parameterized0__8 |         20 |         20 |       0 |    0 |     0 |      0 |      0 |    0 |          0 |
|             sparsemux_17_3_10_1_1_U29                                                        |                                      cnn_core_sparsemux_17_3_10_1_1__parameterized1__9 |         20 |         20 |       0 |    0 |     0 |      0 |      0 |    0 |          0 |
|             sparsemux_17_3_10_1_1_U3                                                         |                                     cnn_core_sparsemux_17_3_10_1_1__parameterized0__15 |         20 |         20 |       0 |    0 |     0 |      0 |      0 |    0 |          0 |
|             sparsemux_17_3_10_1_1_U30                                                        |                                      cnn_core_sparsemux_17_3_10_1_1__parameterized1__8 |         20 |         20 |       0 |    0 |     0 |      0 |      0 |    0 |          0 |
|             sparsemux_17_3_10_1_1_U31                                                        |                                      cnn_core_sparsemux_17_3_10_1_1__parameterized2__9 |         20 |         20 |       0 |    0 |     0 |      0 |      0 |    0 |          0 |
|             sparsemux_17_3_10_1_1_U32                                                        |                                      cnn_core_sparsemux_17_3_10_1_1__parameterized2__8 |         20 |         20 |       0 |    0 |     0 |      0 |      0 |    0 |          0 |
|             sparsemux_17_3_10_1_1_U4                                                         |                                     cnn_core_sparsemux_17_3_10_1_1__parameterized0__14 |         20 |         20 |       0 |    0 |     0 |      0 |      0 |    0 |          0 |
|             sparsemux_17_3_10_1_1_U5                                                         |                                     cnn_core_sparsemux_17_3_10_1_1__parameterized1__15 |         20 |         20 |       0 |    0 |     0 |      0 |      0 |    0 |          0 |
|             sparsemux_17_3_10_1_1_U6                                                         |                                     cnn_core_sparsemux_17_3_10_1_1__parameterized1__14 |         20 |         20 |       0 |    0 |     0 |      0 |      0 |    0 |          0 |
|             sparsemux_17_3_10_1_1_U7                                                         |                                     cnn_core_sparsemux_17_3_10_1_1__parameterized2__15 |         20 |         20 |       0 |    0 |     0 |      0 |      0 |    0 |          0 |
|             sparsemux_17_3_10_1_1_U8                                                         |                                     cnn_core_sparsemux_17_3_10_1_1__parameterized2__14 |         20 |         20 |       0 |    0 |     0 |      0 |      0 |    0 |          0 |
|             sparsemux_17_3_10_1_1_U9                                                         |                                                     cnn_core_sparsemux_17_3_10_1_1__13 |         20 |         20 |       0 |    0 |     0 |      0 |      0 |    0 |          0 |
|           start_for_dense_wide_stream_array_array_ap_fixed_23_13_5_3_0_1u_config9_U0_U       | cnn_core_start_for_dense_wide_stream_array_array_ap_fixed_23_13_5_3_0_1u_config9_U0__1 |          5 |          5 |       0 |    0 |     4 |      0 |      0 |    0 |          0 |
|     gen_lanes[1].u_LANE                                                                      |                                                          CNN_CORE_LANE__parameterized0 |       6694 |       6489 |      48 |  157 |  6169 |      5 |      1 |    0 |         40 |
|       (gen_lanes[1].u_LANE)                                                                  |                                                          CNN_CORE_LANE__parameterized0 |         88 |         40 |      48 |    0 |   204 |      0 |      0 |    0 |          0 |
|       u_CHUNK_ID_CDC                                                                         |                                                                   xpm_cdc_handshake__2 |          2 |          2 |       0 |    0 |   167 |      0 |      0 |    0 |          0 |
|         (u_CHUNK_ID_CDC)                                                                     |                                                                   xpm_cdc_handshake__2 |          2 |          2 |       0 |    0 |   163 |      0 |      0 |    0 |          0 |
|         xpm_cdc_single_dest2src_inst                                                         |                                                                      xpm_cdc_single__4 |          0 |          0 |       0 |    0 |     2 |      0 |      0 |    0 |          0 |
|         xpm_cdc_single_src2dest_inst                                                         |                                                                      xpm_cdc_single__3 |          0 |          0 |       0 |    0 |     2 |      0 |      0 |    0 |          0 |
|       u_FIFO                                                                                 |                                                                      xpm_fifo_async__2 |         84 |         84 |       0 |    0 |   118 |      4 |      0 |    0 |          0 |
|         (u_FIFO)                                                                             |                                                                      xpm_fifo_async__2 |          0 |          0 |       0 |    0 |     0 |      0 |      0 |    0 |          0 |
|         gnuram_async_fifo.xpm_fifo_base_inst                                                 |                                                                       xpm_fifo_base__2 |         84 |         84 |       0 |    0 |   118 |      4 |      0 |    0 |          0 |
|           (gnuram_async_fifo.xpm_fifo_base_inst)                                             |                                                                       xpm_fifo_base__2 |         18 |         18 |       0 |    0 |     6 |      0 |      0 |    0 |          0 |
|           gen_cdc_pntr.rd_pntr_cdc_inst                                                      |                                                        xpm_cdc_gray__parameterized1__2 |         10 |         10 |       0 |    0 |    21 |      0 |      0 |    0 |          0 |
|           gen_cdc_pntr.rpw_gray_reg                                                          |                                                    xpm_fifo_reg_vec__parameterized0__4 |          0 |          0 |       0 |    0 |     7 |      0 |      0 |    0 |          0 |
|           gen_cdc_pntr.wpr_gray_reg                                                          |                                                                    xpm_fifo_reg_vec__2 |          0 |          0 |       0 |    0 |     7 |      0 |      0 |    0 |          0 |
|           gen_cdc_pntr.wr_pntr_cdc_inst                                                      |                                                                        xpm_cdc_gray__2 |         10 |         10 |       0 |    0 |    21 |      0 |      0 |    0 |          0 |
|           gen_sdpram.xpm_memory_base_inst                                                    |                                                                     xpm_memory_base__2 |          0 |          0 |       0 |    0 |     0 |      4 |      0 |    0 |          0 |
|           rdp_inst                                                                           |                                                    xpm_counter_updn__parameterized3__2 |         10 |         10 |       0 |    0 |     9 |      0 |      0 |    0 |          0 |
|           rdpp1_inst                                                                         |                                                    xpm_counter_updn__parameterized4__2 |          6 |          6 |       0 |    0 |     8 |      0 |      0 |    0 |          0 |
|           rst_d1_inst                                                                        |                                                                    xpm_fifo_reg_bit__9 |          0 |          0 |       0 |    0 |     1 |      0 |      0 |    0 |          0 |
|           wrp_inst                                                                           |                                                    xpm_counter_updn__parameterized0__2 |          6 |          6 |       0 |    0 |     7 |      0 |      0 |    0 |          0 |
|           wrpp1_inst                                                                         |                                                    xpm_counter_updn__parameterized1__2 |          5 |          5 |       0 |    0 |     7 |      0 |      0 |    0 |          0 |
|           wrpp2_inst                                                                         |                                                    xpm_counter_updn__parameterized2__2 |          5 |          5 |       0 |    0 |     7 |      0 |      0 |    0 |          0 |
|           xpm_fifo_rst_inst                                                                  |                                                                        xpm_fifo_rst__2 |         14 |         14 |       0 |    0 |    17 |      0 |      0 |    0 |          0 |
|             (xpm_fifo_rst_inst)                                                              |                                                                        xpm_fifo_rst__2 |         14 |         14 |       0 |    0 |    13 |      0 |      0 |    0 |          0 |
|             gen_rst_ic.rrst_wr_inst                                                          |                                                                    xpm_cdc_sync_rst__4 |          0 |          0 |       0 |    0 |     2 |      0 |      0 |    0 |          0 |
|             gen_rst_ic.wrst_rd_inst                                                          |                                                                    xpm_cdc_sync_rst__3 |          0 |          0 |       0 |    0 |     2 |      0 |      0 |    0 |          0 |
|       u_WRAPPER                                                                              |                                                                         WRAPPER_TOP__2 |       6520 |       6363 |       0 |  157 |  5680 |      1 |      1 |    0 |         40 |
|         (u_WRAPPER)                                                                          |                                                                         WRAPPER_TOP__2 |          5 |          5 |       0 |    0 |   323 |      0 |      0 |    0 |          0 |
|         cnn_core_inst                                                                        |                                                                            cnn_core__2 |       6515 |       6358 |       0 |  157 |  5357 |      1 |      1 |    0 |         40 |
|           (cnn_core_inst)                                                                    |                                                                            cnn_core__2 |          0 |          0 |       0 |    0 |     0 |      0 |      0 |    0 |          0 |
|           dense_wide_stream_array_array_ap_fixed_23_13_5_3_0_1u_config9_U0                   |            cnn_core_dense_wide_stream_array_array_ap_fixed_23_13_5_3_0_1u_config9_s__2 |        757 |        724 |       0 |   33 |   961 |      1 |      1 |    0 |         16 |
|             (dense_wide_stream_array_array_ap_fixed_23_13_5_3_0_1u_config9_U0)               |            cnn_core_dense_wide_stream_array_array_ap_fixed_23_13_5_3_0_1u_config9_s__2 |          5 |          5 |       0 |    0 |     5 |      0 |      0 |    0 |          0 |
|             grp_dense_wide_stream_array_array_ap_fixed_1u_config9_Pipeline_DenseValues_fu_51 |     cnn_core_dense_wide_stream_array_array_ap_fixed_1u_config9_Pipeline_DenseValues__2 |        737 |        704 |       0 |   33 |   910 |      1 |      1 |    0 |         16 |
|             regslice_both_layer9_out_U                                                       |                                              cnn_core_regslice_both__parameterized0__2 |         15 |         15 |       0 |    0 |    46 |      0 |      0 |    0 |          0 |
|           layer6_out_x4_U                                                                    |                                                             cnn_core_fifo_w280_d4_S__2 |        132 |          8 |       0 |  124 |     5 |      0 |      0 |    0 |          0 |
|             (layer6_out_x4_U)                                                                |                                                             cnn_core_fifo_w280_d4_S__2 |          8 |          8 |       0 |    0 |     5 |      0 |      0 |    0 |          0 |
|             U_cnn_core_fifo_w280_d4_S_ShiftReg                                               |                                                    cnn_core_fifo_w280_d4_S_ShiftReg__2 |        124 |          0 |       0 |  124 |     0 |      0 |      0 |    0 |          0 |
|           phara_pool_aligned_hybrid_p8_cl_array_array_array_array_config4_config6_U0         |  cnn_core_phara_pool_aligned_hybrid_p8_cl_array_array_array_array_config4_config6_s__2 |       5623 |       5623 |       0 |    0 |  4387 |      0 |      0 |    0 |         24 |
|             (phara_pool_aligned_hybrid_p8_cl_array_array_array_array_config4_config6_U0)     |  cnn_core_phara_pool_aligned_hybrid_p8_cl_array_array_array_array_config4_config6_s__2 |       4817 |       4817 |       0 |    0 |  3741 |      0 |      0 |    0 |          0 |
|             mac_muladd_10s_4ns_14s_15_1_1_U41                                                |                                             cnn_core_mac_muladd_10s_4ns_14s_15_1_1__22 |          0 |          0 |       0 |    0 |     0 |      0 |      0 |    0 |          1 |
|             mac_muladd_10s_4ns_14s_15_1_1_U42                                                |                                             cnn_core_mac_muladd_10s_4ns_14s_15_1_1__23 |          0 |          0 |       0 |    0 |     0 |      0 |      0 |    0 |          1 |
|             mac_muladd_10s_4ns_14s_15_1_1_U43                                                |                                             cnn_core_mac_muladd_10s_4ns_14s_15_1_1__21 |          0 |          0 |       0 |    0 |     0 |      0 |      0 |    0 |          1 |
|             mac_muladd_10s_4ns_14s_15_1_1_U44                                                |                                             cnn_core_mac_muladd_10s_4ns_14s_15_1_1__20 |          0 |          0 |       0 |    0 |     0 |      0 |      0 |    0 |          1 |
|             mac_muladd_10s_4ns_14s_15_1_1_U45                                                |                                             cnn_core_mac_muladd_10s_4ns_14s_15_1_1__19 |          0 |          0 |       0 |    0 |     0 |      0 |      0 |    0 |          1 |
|             mac_muladd_10s_4ns_14s_15_1_1_U46                                                |                                             cnn_core_mac_muladd_10s_4ns_14s_15_1_1__18 |          0 |          0 |       0 |    0 |     0 |      0 |      0 |    0 |          1 |
|             mac_muladd_10s_4ns_14s_15_1_1_U47                                                |                                             cnn_core_mac_muladd_10s_4ns_14s_15_1_1__17 |          0 |          0 |       0 |    0 |     0 |      0 |      0 |    0 |          1 |
|             mac_muladd_10s_4ns_14s_15_1_1_U48                                                |                                             cnn_core_mac_muladd_10s_4ns_14s_15_1_1__16 |          0 |          0 |       0 |    0 |     0 |      0 |      0 |    0 |          1 |
|             mac_muladd_10s_4ns_15s_16_1_1_U49                                                |                                             cnn_core_mac_muladd_10s_4ns_15s_16_1_1__22 |          0 |          0 |       0 |    0 |     0 |      0 |      0 |    0 |          1 |
|             mac_muladd_10s_4ns_15s_16_1_1_U50                                                |                                             cnn_core_mac_muladd_10s_4ns_15s_16_1_1__23 |          0 |          0 |       0 |    0 |     0 |      0 |      0 |    0 |          1 |
|             mac_muladd_10s_4ns_15s_16_1_1_U51                                                |                                             cnn_core_mac_muladd_10s_4ns_15s_16_1_1__21 |          0 |          0 |       0 |    0 |     0 |      0 |      0 |    0 |          1 |
|             mac_muladd_10s_4ns_15s_16_1_1_U52                                                |                                             cnn_core_mac_muladd_10s_4ns_15s_16_1_1__20 |          0 |          0 |       0 |    0 |     0 |      0 |      0 |    0 |          1 |
|             mac_muladd_10s_4ns_15s_16_1_1_U53                                                |                                             cnn_core_mac_muladd_10s_4ns_15s_16_1_1__19 |          0 |          0 |       0 |    0 |     0 |      0 |      0 |    0 |          1 |
|             mac_muladd_10s_4ns_15s_16_1_1_U54                                                |                                             cnn_core_mac_muladd_10s_4ns_15s_16_1_1__18 |          0 |          0 |       0 |    0 |     0 |      0 |      0 |    0 |          1 |
|             mac_muladd_10s_4ns_15s_16_1_1_U55                                                |                                             cnn_core_mac_muladd_10s_4ns_15s_16_1_1__17 |          0 |          0 |       0 |    0 |     0 |      0 |      0 |    0 |          1 |
|             mac_muladd_10s_4ns_15s_16_1_1_U56                                                |                                             cnn_core_mac_muladd_10s_4ns_15s_16_1_1__16 |          0 |          0 |       0 |    0 |     0 |      0 |      0 |    0 |          1 |
|             mul_10s_5ns_15_1_1_U33                                                           |                                                        cnn_core_mul_10s_5ns_15_1_1__22 |          0 |          0 |       0 |    0 |     0 |      0 |      0 |    0 |          1 |
|             mul_10s_5ns_15_1_1_U34                                                           |                                                        cnn_core_mul_10s_5ns_15_1_1__23 |          0 |          0 |       0 |    0 |     0 |      0 |      0 |    0 |          1 |
|             mul_10s_5ns_15_1_1_U35                                                           |                                                        cnn_core_mul_10s_5ns_15_1_1__21 |          0 |          0 |       0 |    0 |     0 |      0 |      0 |    0 |          1 |
|             mul_10s_5ns_15_1_1_U36                                                           |                                                        cnn_core_mul_10s_5ns_15_1_1__20 |          0 |          0 |       0 |    0 |     0 |      0 |      0 |    0 |          1 |
|             mul_10s_5ns_15_1_1_U37                                                           |                                                        cnn_core_mul_10s_5ns_15_1_1__19 |          0 |          0 |       0 |    0 |     0 |      0 |      0 |    0 |          1 |
|             mul_10s_5ns_15_1_1_U38                                                           |                                                        cnn_core_mul_10s_5ns_15_1_1__18 |          0 |          0 |       0 |    0 |     0 |      0 |      0 |    0 |          1 |
|             mul_10s_5ns_15_1_1_U39                                                           |                                                        cnn_core_mul_10s_5ns_15_1_1__17 |          0 |          0 |       0 |    0 |     0 |      0 |      0 |    0 |          1 |
|             mul_10s_5ns_15_1_1_U40                                                           |                                                        cnn_core_mul_10s_5ns_15_1_1__16 |          0 |          0 |       0 |    0 |     0 |      0 |      0 |    0 |          1 |
|             regslice_both_waveform_U                                                         |                                                              cnn_core_regslice_both__2 |        166 |        166 |       0 |    0 |   646 |      0 |      0 |    0 |          0 |
|             sparsemux_17_3_10_1_1_U1                                                         |                                                     cnn_core_sparsemux_17_3_10_1_1__23 |         20 |         20 |       0 |    0 |     0 |      0 |      0 |    0 |          0 |
|             sparsemux_17_3_10_1_1_U10                                                        |                                                     cnn_core_sparsemux_17_3_10_1_1__20 |         20 |         20 |       0 |    0 |     0 |      0 |      0 |    0 |          0 |
|             sparsemux_17_3_10_1_1_U11                                                        |                                     cnn_core_sparsemux_17_3_10_1_1__parameterized0__21 |         20 |         20 |       0 |    0 |     0 |      0 |      0 |    0 |          0 |
|             sparsemux_17_3_10_1_1_U12                                                        |                                     cnn_core_sparsemux_17_3_10_1_1__parameterized0__20 |         20 |         20 |       0 |    0 |     0 |      0 |      0 |    0 |          0 |
|             sparsemux_17_3_10_1_1_U13                                                        |                                     cnn_core_sparsemux_17_3_10_1_1__parameterized1__21 |         20 |         20 |       0 |    0 |     0 |      0 |      0 |    0 |          0 |
|             sparsemux_17_3_10_1_1_U14                                                        |                                     cnn_core_sparsemux_17_3_10_1_1__parameterized1__20 |         20 |         20 |       0 |    0 |     0 |      0 |      0 |    0 |          0 |
|             sparsemux_17_3_10_1_1_U15                                                        |                                     cnn_core_sparsemux_17_3_10_1_1__parameterized2__21 |         20 |         20 |       0 |    0 |     0 |      0 |      0 |    0 |          0 |
|             sparsemux_17_3_10_1_1_U16                                                        |                                     cnn_core_sparsemux_17_3_10_1_1__parameterized2__20 |         20 |         20 |       0 |    0 |     0 |      0 |      0 |    0 |          0 |
|             sparsemux_17_3_10_1_1_U17                                                        |                                                     cnn_core_sparsemux_17_3_10_1_1__19 |         20 |         20 |       0 |    0 |     0 |      0 |      0 |    0 |          0 |
|             sparsemux_17_3_10_1_1_U18                                                        |                                                     cnn_core_sparsemux_17_3_10_1_1__18 |         20 |         20 |       0 |    0 |     0 |      0 |      0 |    0 |          0 |
|             sparsemux_17_3_10_1_1_U19                                                        |                                     cnn_core_sparsemux_17_3_10_1_1__parameterized0__19 |         20 |         20 |       0 |    0 |     0 |      0 |      0 |    0 |          0 |
|             sparsemux_17_3_10_1_1_U2                                                         |                                                     cnn_core_sparsemux_17_3_10_1_1__22 |         20 |         20 |       0 |    0 |     0 |      0 |      0 |    0 |          0 |
|             sparsemux_17_3_10_1_1_U20                                                        |                                     cnn_core_sparsemux_17_3_10_1_1__parameterized0__18 |         20 |         20 |       0 |    0 |     0 |      0 |      0 |    0 |          0 |
|             sparsemux_17_3_10_1_1_U21                                                        |                                     cnn_core_sparsemux_17_3_10_1_1__parameterized1__19 |         20 |         20 |       0 |    0 |     0 |      0 |      0 |    0 |          0 |
|             sparsemux_17_3_10_1_1_U22                                                        |                                     cnn_core_sparsemux_17_3_10_1_1__parameterized1__18 |         20 |         20 |       0 |    0 |     0 |      0 |      0 |    0 |          0 |
|             sparsemux_17_3_10_1_1_U23                                                        |                                     cnn_core_sparsemux_17_3_10_1_1__parameterized2__19 |         20 |         20 |       0 |    0 |     0 |      0 |      0 |    0 |          0 |
|             sparsemux_17_3_10_1_1_U24                                                        |                                     cnn_core_sparsemux_17_3_10_1_1__parameterized2__18 |         20 |         20 |       0 |    0 |     0 |      0 |      0 |    0 |          0 |
|             sparsemux_17_3_10_1_1_U25                                                        |                                                     cnn_core_sparsemux_17_3_10_1_1__17 |         20 |         20 |       0 |    0 |     0 |      0 |      0 |    0 |          0 |
|             sparsemux_17_3_10_1_1_U26                                                        |                                                     cnn_core_sparsemux_17_3_10_1_1__16 |         20 |         20 |       0 |    0 |     0 |      0 |      0 |    0 |          0 |
|             sparsemux_17_3_10_1_1_U27                                                        |                                     cnn_core_sparsemux_17_3_10_1_1__parameterized0__17 |         20 |         20 |       0 |    0 |     0 |      0 |      0 |    0 |          0 |
|             sparsemux_17_3_10_1_1_U28                                                        |                                     cnn_core_sparsemux_17_3_10_1_1__parameterized0__16 |         20 |         20 |       0 |    0 |     0 |      0 |      0 |    0 |          0 |
|             sparsemux_17_3_10_1_1_U29                                                        |                                     cnn_core_sparsemux_17_3_10_1_1__parameterized1__17 |         20 |         20 |       0 |    0 |     0 |      0 |      0 |    0 |          0 |
|             sparsemux_17_3_10_1_1_U3                                                         |                                     cnn_core_sparsemux_17_3_10_1_1__parameterized0__23 |         20 |         20 |       0 |    0 |     0 |      0 |      0 |    0 |          0 |
|             sparsemux_17_3_10_1_1_U30                                                        |                                     cnn_core_sparsemux_17_3_10_1_1__parameterized1__16 |         20 |         20 |       0 |    0 |     0 |      0 |      0 |    0 |          0 |
|             sparsemux_17_3_10_1_1_U31                                                        |                                     cnn_core_sparsemux_17_3_10_1_1__parameterized2__17 |         20 |         20 |       0 |    0 |     0 |      0 |      0 |    0 |          0 |
|             sparsemux_17_3_10_1_1_U32                                                        |                                     cnn_core_sparsemux_17_3_10_1_1__parameterized2__16 |         20 |         20 |       0 |    0 |     0 |      0 |      0 |    0 |          0 |
|             sparsemux_17_3_10_1_1_U4                                                         |                                     cnn_core_sparsemux_17_3_10_1_1__parameterized0__22 |         20 |         20 |       0 |    0 |     0 |      0 |      0 |    0 |          0 |
|             sparsemux_17_3_10_1_1_U5                                                         |                                     cnn_core_sparsemux_17_3_10_1_1__parameterized1__23 |         20 |         20 |       0 |    0 |     0 |      0 |      0 |    0 |          0 |
|             sparsemux_17_3_10_1_1_U6                                                         |                                     cnn_core_sparsemux_17_3_10_1_1__parameterized1__22 |         20 |         20 |       0 |    0 |     0 |      0 |      0 |    0 |          0 |
|             sparsemux_17_3_10_1_1_U7                                                         |                                     cnn_core_sparsemux_17_3_10_1_1__parameterized2__23 |         20 |         20 |       0 |    0 |     0 |      0 |      0 |    0 |          0 |
|             sparsemux_17_3_10_1_1_U8                                                         |                                     cnn_core_sparsemux_17_3_10_1_1__parameterized2__22 |         20 |         20 |       0 |    0 |     0 |      0 |      0 |    0 |          0 |
|             sparsemux_17_3_10_1_1_U9                                                         |                                                     cnn_core_sparsemux_17_3_10_1_1__21 |         20 |         20 |       0 |    0 |     0 |      0 |      0 |    0 |          0 |
|           start_for_dense_wide_stream_array_array_ap_fixed_23_13_5_3_0_1u_config9_U0_U       | cnn_core_start_for_dense_wide_stream_array_array_ap_fixed_23_13_5_3_0_1u_config9_U0__2 |          4 |          4 |       0 |    0 |     4 |      0 |      0 |    0 |          0 |
|     gen_lanes[2].u_LANE                                                                      |                                                          CNN_CORE_LANE__parameterized1 |       6704 |       6499 |      48 |  157 |  6169 |      5 |      1 |    0 |         40 |
|       (gen_lanes[2].u_LANE)                                                                  |                                                          CNN_CORE_LANE__parameterized1 |         88 |         40 |      48 |    0 |   204 |      0 |      0 |    0 |          0 |
|       u_CHUNK_ID_CDC                                                                         |                                                                   xpm_cdc_handshake__3 |          2 |          2 |       0 |    0 |   167 |      0 |      0 |    0 |          0 |
|         (u_CHUNK_ID_CDC)                                                                     |                                                                   xpm_cdc_handshake__3 |          2 |          2 |       0 |    0 |   163 |      0 |      0 |    0 |          0 |
|         xpm_cdc_single_dest2src_inst                                                         |                                                                      xpm_cdc_single__6 |          0 |          0 |       0 |    0 |     2 |      0 |      0 |    0 |          0 |
|         xpm_cdc_single_src2dest_inst                                                         |                                                                      xpm_cdc_single__5 |          0 |          0 |       0 |    0 |     2 |      0 |      0 |    0 |          0 |
|       u_FIFO                                                                                 |                                                                      xpm_fifo_async__3 |         83 |         83 |       0 |    0 |   118 |      4 |      0 |    0 |          0 |
|         (u_FIFO)                                                                             |                                                                      xpm_fifo_async__3 |          0 |          0 |       0 |    0 |     0 |      0 |      0 |    0 |          0 |
|         gnuram_async_fifo.xpm_fifo_base_inst                                                 |                                                                       xpm_fifo_base__3 |         83 |         83 |       0 |    0 |   118 |      4 |      0 |    0 |          0 |
|           (gnuram_async_fifo.xpm_fifo_base_inst)                                             |                                                                       xpm_fifo_base__3 |         18 |         18 |       0 |    0 |     6 |      0 |      0 |    0 |          0 |
|           gen_cdc_pntr.rd_pntr_cdc_inst                                                      |                                                        xpm_cdc_gray__parameterized1__3 |         10 |         10 |       0 |    0 |    21 |      0 |      0 |    0 |          0 |
|           gen_cdc_pntr.rpw_gray_reg                                                          |                                                    xpm_fifo_reg_vec__parameterized0__6 |          0 |          0 |       0 |    0 |     7 |      0 |      0 |    0 |          0 |
|           gen_cdc_pntr.wpr_gray_reg                                                          |                                                                    xpm_fifo_reg_vec__3 |          0 |          0 |       0 |    0 |     7 |      0 |      0 |    0 |          0 |
|           gen_cdc_pntr.wr_pntr_cdc_inst                                                      |                                                                        xpm_cdc_gray__3 |          9 |          9 |       0 |    0 |    21 |      0 |      0 |    0 |          0 |
|           gen_sdpram.xpm_memory_base_inst                                                    |                                                                     xpm_memory_base__3 |          0 |          0 |       0 |    0 |     0 |      4 |      0 |    0 |          0 |
|           rdp_inst                                                                           |                                                    xpm_counter_updn__parameterized3__3 |         10 |         10 |       0 |    0 |     9 |      0 |      0 |    0 |          0 |
|           rdpp1_inst                                                                         |                                                    xpm_counter_updn__parameterized4__3 |          6 |          6 |       0 |    0 |     8 |      0 |      0 |    0 |          0 |
|           rst_d1_inst                                                                        |                                                                   xpm_fifo_reg_bit__14 |          0 |          0 |       0 |    0 |     1 |      0 |      0 |    0 |          0 |
|           wrp_inst                                                                           |                                                    xpm_counter_updn__parameterized0__3 |          6 |          6 |       0 |    0 |     7 |      0 |      0 |    0 |          0 |
|           wrpp1_inst                                                                         |                                                    xpm_counter_updn__parameterized1__3 |          5 |          5 |       0 |    0 |     7 |      0 |      0 |    0 |          0 |
|           wrpp2_inst                                                                         |                                                    xpm_counter_updn__parameterized2__3 |          5 |          5 |       0 |    0 |     7 |      0 |      0 |    0 |          0 |
|           xpm_fifo_rst_inst                                                                  |                                                                        xpm_fifo_rst__3 |         14 |         14 |       0 |    0 |    17 |      0 |      0 |    0 |          0 |
|             (xpm_fifo_rst_inst)                                                              |                                                                        xpm_fifo_rst__3 |         14 |         14 |       0 |    0 |    13 |      0 |      0 |    0 |          0 |
|             gen_rst_ic.rrst_wr_inst                                                          |                                                                    xpm_cdc_sync_rst__6 |          0 |          0 |       0 |    0 |     2 |      0 |      0 |    0 |          0 |
|             gen_rst_ic.wrst_rd_inst                                                          |                                                                    xpm_cdc_sync_rst__5 |          0 |          0 |       0 |    0 |     2 |      0 |      0 |    0 |          0 |
|       u_WRAPPER                                                                              |                                                                         WRAPPER_TOP__3 |       6531 |       6374 |       0 |  157 |  5680 |      1 |      1 |    0 |         40 |
|         (u_WRAPPER)                                                                          |                                                                         WRAPPER_TOP__3 |          5 |          5 |       0 |    0 |   323 |      0 |      0 |    0 |          0 |
|         cnn_core_inst                                                                        |                                                                            cnn_core__3 |       6526 |       6369 |       0 |  157 |  5357 |      1 |      1 |    0 |         40 |
|           (cnn_core_inst)                                                                    |                                                                            cnn_core__3 |          0 |          0 |       0 |    0 |     0 |      0 |      0 |    0 |          0 |
|           dense_wide_stream_array_array_ap_fixed_23_13_5_3_0_1u_config9_U0                   |            cnn_core_dense_wide_stream_array_array_ap_fixed_23_13_5_3_0_1u_config9_s__3 |        757 |        724 |       0 |   33 |   961 |      1 |      1 |    0 |         16 |
|             (dense_wide_stream_array_array_ap_fixed_23_13_5_3_0_1u_config9_U0)               |            cnn_core_dense_wide_stream_array_array_ap_fixed_23_13_5_3_0_1u_config9_s__3 |          5 |          5 |       0 |    0 |     5 |      0 |      0 |    0 |          0 |
|             grp_dense_wide_stream_array_array_ap_fixed_1u_config9_Pipeline_DenseValues_fu_51 |     cnn_core_dense_wide_stream_array_array_ap_fixed_1u_config9_Pipeline_DenseValues__3 |        737 |        704 |       0 |   33 |   910 |      1 |      1 |    0 |         16 |
|             regslice_both_layer9_out_U                                                       |                                              cnn_core_regslice_both__parameterized0__3 |         15 |         15 |       0 |    0 |    46 |      0 |      0 |    0 |          0 |
|           layer6_out_x4_U                                                                    |                                                             cnn_core_fifo_w280_d4_S__3 |        132 |          8 |       0 |  124 |     5 |      0 |      0 |    0 |          0 |
|             (layer6_out_x4_U)                                                                |                                                             cnn_core_fifo_w280_d4_S__3 |          8 |          8 |       0 |    0 |     5 |      0 |      0 |    0 |          0 |
|             U_cnn_core_fifo_w280_d4_S_ShiftReg                                               |                                                    cnn_core_fifo_w280_d4_S_ShiftReg__3 |        124 |          0 |       0 |  124 |     0 |      0 |      0 |    0 |          0 |
|           phara_pool_aligned_hybrid_p8_cl_array_array_array_array_config4_config6_U0         |  cnn_core_phara_pool_aligned_hybrid_p8_cl_array_array_array_array_config4_config6_s__3 |       5634 |       5634 |       0 |    0 |  4387 |      0 |      0 |    0 |         24 |
|             (phara_pool_aligned_hybrid_p8_cl_array_array_array_array_config4_config6_U0)     |  cnn_core_phara_pool_aligned_hybrid_p8_cl_array_array_array_array_config4_config6_s__3 |       4828 |       4828 |       0 |    0 |  3741 |      0 |      0 |    0 |          0 |
|             mac_muladd_10s_4ns_14s_15_1_1_U41                                                |                                             cnn_core_mac_muladd_10s_4ns_14s_15_1_1__30 |          0 |          0 |       0 |    0 |     0 |      0 |      0 |    0 |          1 |
|             mac_muladd_10s_4ns_14s_15_1_1_U42                                                |                                             cnn_core_mac_muladd_10s_4ns_14s_15_1_1__31 |          0 |          0 |       0 |    0 |     0 |      0 |      0 |    0 |          1 |
|             mac_muladd_10s_4ns_14s_15_1_1_U43                                                |                                             cnn_core_mac_muladd_10s_4ns_14s_15_1_1__29 |          0 |          0 |       0 |    0 |     0 |      0 |      0 |    0 |          1 |
|             mac_muladd_10s_4ns_14s_15_1_1_U44                                                |                                             cnn_core_mac_muladd_10s_4ns_14s_15_1_1__28 |          0 |          0 |       0 |    0 |     0 |      0 |      0 |    0 |          1 |
|             mac_muladd_10s_4ns_14s_15_1_1_U45                                                |                                             cnn_core_mac_muladd_10s_4ns_14s_15_1_1__27 |          0 |          0 |       0 |    0 |     0 |      0 |      0 |    0 |          1 |
|             mac_muladd_10s_4ns_14s_15_1_1_U46                                                |                                             cnn_core_mac_muladd_10s_4ns_14s_15_1_1__26 |          0 |          0 |       0 |    0 |     0 |      0 |      0 |    0 |          1 |
|             mac_muladd_10s_4ns_14s_15_1_1_U47                                                |                                             cnn_core_mac_muladd_10s_4ns_14s_15_1_1__25 |          0 |          0 |       0 |    0 |     0 |      0 |      0 |    0 |          1 |
|             mac_muladd_10s_4ns_14s_15_1_1_U48                                                |                                             cnn_core_mac_muladd_10s_4ns_14s_15_1_1__24 |          0 |          0 |       0 |    0 |     0 |      0 |      0 |    0 |          1 |
|             mac_muladd_10s_4ns_15s_16_1_1_U49                                                |                                             cnn_core_mac_muladd_10s_4ns_15s_16_1_1__30 |          0 |          0 |       0 |    0 |     0 |      0 |      0 |    0 |          1 |
|             mac_muladd_10s_4ns_15s_16_1_1_U50                                                |                                             cnn_core_mac_muladd_10s_4ns_15s_16_1_1__31 |          0 |          0 |       0 |    0 |     0 |      0 |      0 |    0 |          1 |
|             mac_muladd_10s_4ns_15s_16_1_1_U51                                                |                                             cnn_core_mac_muladd_10s_4ns_15s_16_1_1__29 |          0 |          0 |       0 |    0 |     0 |      0 |      0 |    0 |          1 |
|             mac_muladd_10s_4ns_15s_16_1_1_U52                                                |                                             cnn_core_mac_muladd_10s_4ns_15s_16_1_1__28 |          0 |          0 |       0 |    0 |     0 |      0 |      0 |    0 |          1 |
|             mac_muladd_10s_4ns_15s_16_1_1_U53                                                |                                             cnn_core_mac_muladd_10s_4ns_15s_16_1_1__27 |          0 |          0 |       0 |    0 |     0 |      0 |      0 |    0 |          1 |
|             mac_muladd_10s_4ns_15s_16_1_1_U54                                                |                                             cnn_core_mac_muladd_10s_4ns_15s_16_1_1__26 |          0 |          0 |       0 |    0 |     0 |      0 |      0 |    0 |          1 |
|             mac_muladd_10s_4ns_15s_16_1_1_U55                                                |                                             cnn_core_mac_muladd_10s_4ns_15s_16_1_1__25 |          0 |          0 |       0 |    0 |     0 |      0 |      0 |    0 |          1 |
|             mac_muladd_10s_4ns_15s_16_1_1_U56                                                |                                             cnn_core_mac_muladd_10s_4ns_15s_16_1_1__24 |          0 |          0 |       0 |    0 |     0 |      0 |      0 |    0 |          1 |
|             mul_10s_5ns_15_1_1_U33                                                           |                                                        cnn_core_mul_10s_5ns_15_1_1__30 |          0 |          0 |       0 |    0 |     0 |      0 |      0 |    0 |          1 |
|             mul_10s_5ns_15_1_1_U34                                                           |                                                        cnn_core_mul_10s_5ns_15_1_1__31 |          0 |          0 |       0 |    0 |     0 |      0 |      0 |    0 |          1 |
|             mul_10s_5ns_15_1_1_U35                                                           |                                                        cnn_core_mul_10s_5ns_15_1_1__29 |          0 |          0 |       0 |    0 |     0 |      0 |      0 |    0 |          1 |
|             mul_10s_5ns_15_1_1_U36                                                           |                                                        cnn_core_mul_10s_5ns_15_1_1__28 |          0 |          0 |       0 |    0 |     0 |      0 |      0 |    0 |          1 |
|             mul_10s_5ns_15_1_1_U37                                                           |                                                        cnn_core_mul_10s_5ns_15_1_1__27 |          0 |          0 |       0 |    0 |     0 |      0 |      0 |    0 |          1 |
|             mul_10s_5ns_15_1_1_U38                                                           |                                                        cnn_core_mul_10s_5ns_15_1_1__26 |          0 |          0 |       0 |    0 |     0 |      0 |      0 |    0 |          1 |
|             mul_10s_5ns_15_1_1_U39                                                           |                                                        cnn_core_mul_10s_5ns_15_1_1__25 |          0 |          0 |       0 |    0 |     0 |      0 |      0 |    0 |          1 |
|             mul_10s_5ns_15_1_1_U40                                                           |                                                        cnn_core_mul_10s_5ns_15_1_1__24 |          0 |          0 |       0 |    0 |     0 |      0 |      0 |    0 |          1 |
|             regslice_both_waveform_U                                                         |                                                              cnn_core_regslice_both__3 |        166 |        166 |       0 |    0 |   646 |      0 |      0 |    0 |          0 |
|             sparsemux_17_3_10_1_1_U1                                                         |                                                     cnn_core_sparsemux_17_3_10_1_1__31 |         20 |         20 |       0 |    0 |     0 |      0 |      0 |    0 |          0 |
|             sparsemux_17_3_10_1_1_U10                                                        |                                                     cnn_core_sparsemux_17_3_10_1_1__28 |         20 |         20 |       0 |    0 |     0 |      0 |      0 |    0 |          0 |
|             sparsemux_17_3_10_1_1_U11                                                        |                                     cnn_core_sparsemux_17_3_10_1_1__parameterized0__29 |         20 |         20 |       0 |    0 |     0 |      0 |      0 |    0 |          0 |
|             sparsemux_17_3_10_1_1_U12                                                        |                                     cnn_core_sparsemux_17_3_10_1_1__parameterized0__28 |         20 |         20 |       0 |    0 |     0 |      0 |      0 |    0 |          0 |
|             sparsemux_17_3_10_1_1_U13                                                        |                                     cnn_core_sparsemux_17_3_10_1_1__parameterized1__29 |         20 |         20 |       0 |    0 |     0 |      0 |      0 |    0 |          0 |
|             sparsemux_17_3_10_1_1_U14                                                        |                                     cnn_core_sparsemux_17_3_10_1_1__parameterized1__28 |         20 |         20 |       0 |    0 |     0 |      0 |      0 |    0 |          0 |
|             sparsemux_17_3_10_1_1_U15                                                        |                                     cnn_core_sparsemux_17_3_10_1_1__parameterized2__29 |         20 |         20 |       0 |    0 |     0 |      0 |      0 |    0 |          0 |
|             sparsemux_17_3_10_1_1_U16                                                        |                                     cnn_core_sparsemux_17_3_10_1_1__parameterized2__28 |         20 |         20 |       0 |    0 |     0 |      0 |      0 |    0 |          0 |
|             sparsemux_17_3_10_1_1_U17                                                        |                                                     cnn_core_sparsemux_17_3_10_1_1__27 |         20 |         20 |       0 |    0 |     0 |      0 |      0 |    0 |          0 |
|             sparsemux_17_3_10_1_1_U18                                                        |                                                     cnn_core_sparsemux_17_3_10_1_1__26 |         20 |         20 |       0 |    0 |     0 |      0 |      0 |    0 |          0 |
|             sparsemux_17_3_10_1_1_U19                                                        |                                     cnn_core_sparsemux_17_3_10_1_1__parameterized0__27 |         20 |         20 |       0 |    0 |     0 |      0 |      0 |    0 |          0 |
|             sparsemux_17_3_10_1_1_U2                                                         |                                                     cnn_core_sparsemux_17_3_10_1_1__30 |         20 |         20 |       0 |    0 |     0 |      0 |      0 |    0 |          0 |
|             sparsemux_17_3_10_1_1_U20                                                        |                                     cnn_core_sparsemux_17_3_10_1_1__parameterized0__26 |         20 |         20 |       0 |    0 |     0 |      0 |      0 |    0 |          0 |
|             sparsemux_17_3_10_1_1_U21                                                        |                                     cnn_core_sparsemux_17_3_10_1_1__parameterized1__27 |         20 |         20 |       0 |    0 |     0 |      0 |      0 |    0 |          0 |
|             sparsemux_17_3_10_1_1_U22                                                        |                                     cnn_core_sparsemux_17_3_10_1_1__parameterized1__26 |         20 |         20 |       0 |    0 |     0 |      0 |      0 |    0 |          0 |
|             sparsemux_17_3_10_1_1_U23                                                        |                                     cnn_core_sparsemux_17_3_10_1_1__parameterized2__27 |         20 |         20 |       0 |    0 |     0 |      0 |      0 |    0 |          0 |
|             sparsemux_17_3_10_1_1_U24                                                        |                                     cnn_core_sparsemux_17_3_10_1_1__parameterized2__26 |         20 |         20 |       0 |    0 |     0 |      0 |      0 |    0 |          0 |
|             sparsemux_17_3_10_1_1_U25                                                        |                                                     cnn_core_sparsemux_17_3_10_1_1__25 |         20 |         20 |       0 |    0 |     0 |      0 |      0 |    0 |          0 |
|             sparsemux_17_3_10_1_1_U26                                                        |                                                     cnn_core_sparsemux_17_3_10_1_1__24 |         20 |         20 |       0 |    0 |     0 |      0 |      0 |    0 |          0 |
|             sparsemux_17_3_10_1_1_U27                                                        |                                     cnn_core_sparsemux_17_3_10_1_1__parameterized0__25 |         20 |         20 |       0 |    0 |     0 |      0 |      0 |    0 |          0 |
|             sparsemux_17_3_10_1_1_U28                                                        |                                     cnn_core_sparsemux_17_3_10_1_1__parameterized0__24 |         20 |         20 |       0 |    0 |     0 |      0 |      0 |    0 |          0 |
|             sparsemux_17_3_10_1_1_U29                                                        |                                     cnn_core_sparsemux_17_3_10_1_1__parameterized1__25 |         20 |         20 |       0 |    0 |     0 |      0 |      0 |    0 |          0 |
|             sparsemux_17_3_10_1_1_U3                                                         |                                     cnn_core_sparsemux_17_3_10_1_1__parameterized0__31 |         20 |         20 |       0 |    0 |     0 |      0 |      0 |    0 |          0 |
|             sparsemux_17_3_10_1_1_U30                                                        |                                     cnn_core_sparsemux_17_3_10_1_1__parameterized1__24 |         20 |         20 |       0 |    0 |     0 |      0 |      0 |    0 |          0 |
|             sparsemux_17_3_10_1_1_U31                                                        |                                     cnn_core_sparsemux_17_3_10_1_1__parameterized2__25 |         20 |         20 |       0 |    0 |     0 |      0 |      0 |    0 |          0 |
|             sparsemux_17_3_10_1_1_U32                                                        |                                     cnn_core_sparsemux_17_3_10_1_1__parameterized2__24 |         20 |         20 |       0 |    0 |     0 |      0 |      0 |    0 |          0 |
|             sparsemux_17_3_10_1_1_U4                                                         |                                     cnn_core_sparsemux_17_3_10_1_1__parameterized0__30 |         20 |         20 |       0 |    0 |     0 |      0 |      0 |    0 |          0 |
|             sparsemux_17_3_10_1_1_U5                                                         |                                     cnn_core_sparsemux_17_3_10_1_1__parameterized1__31 |         20 |         20 |       0 |    0 |     0 |      0 |      0 |    0 |          0 |
|             sparsemux_17_3_10_1_1_U6                                                         |                                     cnn_core_sparsemux_17_3_10_1_1__parameterized1__30 |         20 |         20 |       0 |    0 |     0 |      0 |      0 |    0 |          0 |
|             sparsemux_17_3_10_1_1_U7                                                         |                                     cnn_core_sparsemux_17_3_10_1_1__parameterized2__31 |         20 |         20 |       0 |    0 |     0 |      0 |      0 |    0 |          0 |
|             sparsemux_17_3_10_1_1_U8                                                         |                                     cnn_core_sparsemux_17_3_10_1_1__parameterized2__30 |         20 |         20 |       0 |    0 |     0 |      0 |      0 |    0 |          0 |
|             sparsemux_17_3_10_1_1_U9                                                         |                                                     cnn_core_sparsemux_17_3_10_1_1__29 |         20 |         20 |       0 |    0 |     0 |      0 |      0 |    0 |          0 |
|           start_for_dense_wide_stream_array_array_ap_fixed_23_13_5_3_0_1u_config9_U0_U       | cnn_core_start_for_dense_wide_stream_array_array_ap_fixed_23_13_5_3_0_1u_config9_U0__3 |          4 |          4 |       0 |    0 |     4 |      0 |      0 |    0 |          0 |
|     gen_lanes[3].u_LANE                                                                      |                                                          CNN_CORE_LANE__parameterized2 |       6691 |       6486 |      48 |  157 |  6169 |      5 |      1 |    0 |         40 |
|       (gen_lanes[3].u_LANE)                                                                  |                                                          CNN_CORE_LANE__parameterized2 |         88 |         40 |      48 |    0 |   204 |      0 |      0 |    0 |          0 |
|       u_CHUNK_ID_CDC                                                                         |                                                                   xpm_cdc_handshake__4 |          2 |          2 |       0 |    0 |   167 |      0 |      0 |    0 |          0 |
|         (u_CHUNK_ID_CDC)                                                                     |                                                                   xpm_cdc_handshake__4 |          2 |          2 |       0 |    0 |   163 |      0 |      0 |    0 |          0 |
|         xpm_cdc_single_dest2src_inst                                                         |                                                                      xpm_cdc_single__8 |          0 |          0 |       0 |    0 |     2 |      0 |      0 |    0 |          0 |
|         xpm_cdc_single_src2dest_inst                                                         |                                                                      xpm_cdc_single__7 |          0 |          0 |       0 |    0 |     2 |      0 |      0 |    0 |          0 |
|       u_FIFO                                                                                 |                                                                      xpm_fifo_async__4 |         81 |         81 |       0 |    0 |   118 |      4 |      0 |    0 |          0 |
|         (u_FIFO)                                                                             |                                                                      xpm_fifo_async__4 |          0 |          0 |       0 |    0 |     0 |      0 |      0 |    0 |          0 |
|         gnuram_async_fifo.xpm_fifo_base_inst                                                 |                                                                       xpm_fifo_base__4 |         81 |         81 |       0 |    0 |   118 |      4 |      0 |    0 |          0 |
|           (gnuram_async_fifo.xpm_fifo_base_inst)                                             |                                                                       xpm_fifo_base__4 |         18 |         18 |       0 |    0 |     6 |      0 |      0 |    0 |          0 |
|           gen_cdc_pntr.rd_pntr_cdc_inst                                                      |                                                        xpm_cdc_gray__parameterized1__4 |          9 |          9 |       0 |    0 |    21 |      0 |      0 |    0 |          0 |
|           gen_cdc_pntr.rpw_gray_reg                                                          |                                                    xpm_fifo_reg_vec__parameterized0__8 |          0 |          0 |       0 |    0 |     7 |      0 |      0 |    0 |          0 |
|           gen_cdc_pntr.wpr_gray_reg                                                          |                                                                    xpm_fifo_reg_vec__4 |          0 |          0 |       0 |    0 |     7 |      0 |      0 |    0 |          0 |
|           gen_cdc_pntr.wr_pntr_cdc_inst                                                      |                                                                        xpm_cdc_gray__4 |          8 |          8 |       0 |    0 |    21 |      0 |      0 |    0 |          0 |
|           gen_sdpram.xpm_memory_base_inst                                                    |                                                                     xpm_memory_base__4 |          0 |          0 |       0 |    0 |     0 |      4 |      0 |    0 |          0 |
|           rdp_inst                                                                           |                                                    xpm_counter_updn__parameterized3__4 |         10 |         10 |       0 |    0 |     9 |      0 |      0 |    0 |          0 |
|           rdpp1_inst                                                                         |                                                    xpm_counter_updn__parameterized4__4 |          6 |          6 |       0 |    0 |     8 |      0 |      0 |    0 |          0 |
|           rst_d1_inst                                                                        |                                                                   xpm_fifo_reg_bit__19 |          0 |          0 |       0 |    0 |     1 |      0 |      0 |    0 |          0 |
|           wrp_inst                                                                           |                                                    xpm_counter_updn__parameterized0__4 |          6 |          6 |       0 |    0 |     7 |      0 |      0 |    0 |          0 |
|           wrpp1_inst                                                                         |                                                    xpm_counter_updn__parameterized1__4 |          5 |          5 |       0 |    0 |     7 |      0 |      0 |    0 |          0 |
|           wrpp2_inst                                                                         |                                                    xpm_counter_updn__parameterized2__4 |          5 |          5 |       0 |    0 |     7 |      0 |      0 |    0 |          0 |
|           xpm_fifo_rst_inst                                                                  |                                                                        xpm_fifo_rst__4 |         14 |         14 |       0 |    0 |    17 |      0 |      0 |    0 |          0 |
|             (xpm_fifo_rst_inst)                                                              |                                                                        xpm_fifo_rst__4 |         14 |         14 |       0 |    0 |    13 |      0 |      0 |    0 |          0 |
|             gen_rst_ic.rrst_wr_inst                                                          |                                                                    xpm_cdc_sync_rst__8 |          0 |          0 |       0 |    0 |     2 |      0 |      0 |    0 |          0 |
|             gen_rst_ic.wrst_rd_inst                                                          |                                                                    xpm_cdc_sync_rst__7 |          0 |          0 |       0 |    0 |     2 |      0 |      0 |    0 |          0 |
|       u_WRAPPER                                                                              |                                                                         WRAPPER_TOP__4 |       6520 |       6363 |       0 |  157 |  5680 |      1 |      1 |    0 |         40 |
|         (u_WRAPPER)                                                                          |                                                                         WRAPPER_TOP__4 |          5 |          5 |       0 |    0 |   323 |      0 |      0 |    0 |          0 |
|         cnn_core_inst                                                                        |                                                                            cnn_core__4 |       6515 |       6358 |       0 |  157 |  5357 |      1 |      1 |    0 |         40 |
|           (cnn_core_inst)                                                                    |                                                                            cnn_core__4 |          0 |          0 |       0 |    0 |     0 |      0 |      0 |    0 |          0 |
|           dense_wide_stream_array_array_ap_fixed_23_13_5_3_0_1u_config9_U0                   |            cnn_core_dense_wide_stream_array_array_ap_fixed_23_13_5_3_0_1u_config9_s__4 |        757 |        724 |       0 |   33 |   961 |      1 |      1 |    0 |         16 |
|             (dense_wide_stream_array_array_ap_fixed_23_13_5_3_0_1u_config9_U0)               |            cnn_core_dense_wide_stream_array_array_ap_fixed_23_13_5_3_0_1u_config9_s__4 |          5 |          5 |       0 |    0 |     5 |      0 |      0 |    0 |          0 |
|             grp_dense_wide_stream_array_array_ap_fixed_1u_config9_Pipeline_DenseValues_fu_51 |     cnn_core_dense_wide_stream_array_array_ap_fixed_1u_config9_Pipeline_DenseValues__4 |        737 |        704 |       0 |   33 |   910 |      1 |      1 |    0 |         16 |
|             regslice_both_layer9_out_U                                                       |                                              cnn_core_regslice_both__parameterized0__4 |         15 |         15 |       0 |    0 |    46 |      0 |      0 |    0 |          0 |
|           layer6_out_x4_U                                                                    |                                                             cnn_core_fifo_w280_d4_S__4 |        132 |          8 |       0 |  124 |     5 |      0 |      0 |    0 |          0 |
|             (layer6_out_x4_U)                                                                |                                                             cnn_core_fifo_w280_d4_S__4 |          8 |          8 |       0 |    0 |     5 |      0 |      0 |    0 |          0 |
|             U_cnn_core_fifo_w280_d4_S_ShiftReg                                               |                                                    cnn_core_fifo_w280_d4_S_ShiftReg__4 |        124 |          0 |       0 |  124 |     0 |      0 |      0 |    0 |          0 |
|           phara_pool_aligned_hybrid_p8_cl_array_array_array_array_config4_config6_U0         |  cnn_core_phara_pool_aligned_hybrid_p8_cl_array_array_array_array_config4_config6_s__4 |       5623 |       5623 |       0 |    0 |  4387 |      0 |      0 |    0 |         24 |
|             (phara_pool_aligned_hybrid_p8_cl_array_array_array_array_config4_config6_U0)     |  cnn_core_phara_pool_aligned_hybrid_p8_cl_array_array_array_array_config4_config6_s__4 |       4817 |       4817 |       0 |    0 |  3741 |      0 |      0 |    0 |          0 |
|             mac_muladd_10s_4ns_14s_15_1_1_U41                                                |                                             cnn_core_mac_muladd_10s_4ns_14s_15_1_1__38 |          0 |          0 |       0 |    0 |     0 |      0 |      0 |    0 |          1 |
|             mac_muladd_10s_4ns_14s_15_1_1_U42                                                |                                             cnn_core_mac_muladd_10s_4ns_14s_15_1_1__39 |          0 |          0 |       0 |    0 |     0 |      0 |      0 |    0 |          1 |
|             mac_muladd_10s_4ns_14s_15_1_1_U43                                                |                                             cnn_core_mac_muladd_10s_4ns_14s_15_1_1__37 |          0 |          0 |       0 |    0 |     0 |      0 |      0 |    0 |          1 |
|             mac_muladd_10s_4ns_14s_15_1_1_U44                                                |                                             cnn_core_mac_muladd_10s_4ns_14s_15_1_1__36 |          0 |          0 |       0 |    0 |     0 |      0 |      0 |    0 |          1 |
|             mac_muladd_10s_4ns_14s_15_1_1_U45                                                |                                             cnn_core_mac_muladd_10s_4ns_14s_15_1_1__35 |          0 |          0 |       0 |    0 |     0 |      0 |      0 |    0 |          1 |
|             mac_muladd_10s_4ns_14s_15_1_1_U46                                                |                                             cnn_core_mac_muladd_10s_4ns_14s_15_1_1__34 |          0 |          0 |       0 |    0 |     0 |      0 |      0 |    0 |          1 |
|             mac_muladd_10s_4ns_14s_15_1_1_U47                                                |                                             cnn_core_mac_muladd_10s_4ns_14s_15_1_1__33 |          0 |          0 |       0 |    0 |     0 |      0 |      0 |    0 |          1 |
|             mac_muladd_10s_4ns_14s_15_1_1_U48                                                |                                             cnn_core_mac_muladd_10s_4ns_14s_15_1_1__32 |          0 |          0 |       0 |    0 |     0 |      0 |      0 |    0 |          1 |
|             mac_muladd_10s_4ns_15s_16_1_1_U49                                                |                                             cnn_core_mac_muladd_10s_4ns_15s_16_1_1__38 |          0 |          0 |       0 |    0 |     0 |      0 |      0 |    0 |          1 |
|             mac_muladd_10s_4ns_15s_16_1_1_U50                                                |                                             cnn_core_mac_muladd_10s_4ns_15s_16_1_1__39 |          0 |          0 |       0 |    0 |     0 |      0 |      0 |    0 |          1 |
|             mac_muladd_10s_4ns_15s_16_1_1_U51                                                |                                             cnn_core_mac_muladd_10s_4ns_15s_16_1_1__37 |          0 |          0 |       0 |    0 |     0 |      0 |      0 |    0 |          1 |
|             mac_muladd_10s_4ns_15s_16_1_1_U52                                                |                                             cnn_core_mac_muladd_10s_4ns_15s_16_1_1__36 |          0 |          0 |       0 |    0 |     0 |      0 |      0 |    0 |          1 |
|             mac_muladd_10s_4ns_15s_16_1_1_U53                                                |                                             cnn_core_mac_muladd_10s_4ns_15s_16_1_1__35 |          0 |          0 |       0 |    0 |     0 |      0 |      0 |    0 |          1 |
|             mac_muladd_10s_4ns_15s_16_1_1_U54                                                |                                             cnn_core_mac_muladd_10s_4ns_15s_16_1_1__34 |          0 |          0 |       0 |    0 |     0 |      0 |      0 |    0 |          1 |
|             mac_muladd_10s_4ns_15s_16_1_1_U55                                                |                                             cnn_core_mac_muladd_10s_4ns_15s_16_1_1__33 |          0 |          0 |       0 |    0 |     0 |      0 |      0 |    0 |          1 |
|             mac_muladd_10s_4ns_15s_16_1_1_U56                                                |                                             cnn_core_mac_muladd_10s_4ns_15s_16_1_1__32 |          0 |          0 |       0 |    0 |     0 |      0 |      0 |    0 |          1 |
|             mul_10s_5ns_15_1_1_U33                                                           |                                                        cnn_core_mul_10s_5ns_15_1_1__38 |          0 |          0 |       0 |    0 |     0 |      0 |      0 |    0 |          1 |
|             mul_10s_5ns_15_1_1_U34                                                           |                                                        cnn_core_mul_10s_5ns_15_1_1__39 |          0 |          0 |       0 |    0 |     0 |      0 |      0 |    0 |          1 |
|             mul_10s_5ns_15_1_1_U35                                                           |                                                        cnn_core_mul_10s_5ns_15_1_1__37 |          0 |          0 |       0 |    0 |     0 |      0 |      0 |    0 |          1 |
|             mul_10s_5ns_15_1_1_U36                                                           |                                                        cnn_core_mul_10s_5ns_15_1_1__36 |          0 |          0 |       0 |    0 |     0 |      0 |      0 |    0 |          1 |
|             mul_10s_5ns_15_1_1_U37                                                           |                                                        cnn_core_mul_10s_5ns_15_1_1__35 |          0 |          0 |       0 |    0 |     0 |      0 |      0 |    0 |          1 |
|             mul_10s_5ns_15_1_1_U38                                                           |                                                        cnn_core_mul_10s_5ns_15_1_1__34 |          0 |          0 |       0 |    0 |     0 |      0 |      0 |    0 |          1 |
|             mul_10s_5ns_15_1_1_U39                                                           |                                                        cnn_core_mul_10s_5ns_15_1_1__33 |          0 |          0 |       0 |    0 |     0 |      0 |      0 |    0 |          1 |
|             mul_10s_5ns_15_1_1_U40                                                           |                                                        cnn_core_mul_10s_5ns_15_1_1__32 |          0 |          0 |       0 |    0 |     0 |      0 |      0 |    0 |          1 |
|             regslice_both_waveform_U                                                         |                                                              cnn_core_regslice_both__4 |        166 |        166 |       0 |    0 |   646 |      0 |      0 |    0 |          0 |
|             sparsemux_17_3_10_1_1_U1                                                         |                                                     cnn_core_sparsemux_17_3_10_1_1__39 |         20 |         20 |       0 |    0 |     0 |      0 |      0 |    0 |          0 |
|             sparsemux_17_3_10_1_1_U10                                                        |                                                     cnn_core_sparsemux_17_3_10_1_1__36 |         20 |         20 |       0 |    0 |     0 |      0 |      0 |    0 |          0 |
|             sparsemux_17_3_10_1_1_U11                                                        |                                     cnn_core_sparsemux_17_3_10_1_1__parameterized0__37 |         20 |         20 |       0 |    0 |     0 |      0 |      0 |    0 |          0 |
|             sparsemux_17_3_10_1_1_U12                                                        |                                     cnn_core_sparsemux_17_3_10_1_1__parameterized0__36 |         20 |         20 |       0 |    0 |     0 |      0 |      0 |    0 |          0 |
|             sparsemux_17_3_10_1_1_U13                                                        |                                     cnn_core_sparsemux_17_3_10_1_1__parameterized1__37 |         20 |         20 |       0 |    0 |     0 |      0 |      0 |    0 |          0 |
|             sparsemux_17_3_10_1_1_U14                                                        |                                     cnn_core_sparsemux_17_3_10_1_1__parameterized1__36 |         20 |         20 |       0 |    0 |     0 |      0 |      0 |    0 |          0 |
|             sparsemux_17_3_10_1_1_U15                                                        |                                     cnn_core_sparsemux_17_3_10_1_1__parameterized2__37 |         20 |         20 |       0 |    0 |     0 |      0 |      0 |    0 |          0 |
|             sparsemux_17_3_10_1_1_U16                                                        |                                     cnn_core_sparsemux_17_3_10_1_1__parameterized2__36 |         20 |         20 |       0 |    0 |     0 |      0 |      0 |    0 |          0 |
|             sparsemux_17_3_10_1_1_U17                                                        |                                                     cnn_core_sparsemux_17_3_10_1_1__35 |         20 |         20 |       0 |    0 |     0 |      0 |      0 |    0 |          0 |
|             sparsemux_17_3_10_1_1_U18                                                        |                                                     cnn_core_sparsemux_17_3_10_1_1__34 |         20 |         20 |       0 |    0 |     0 |      0 |      0 |    0 |          0 |
|             sparsemux_17_3_10_1_1_U19                                                        |                                     cnn_core_sparsemux_17_3_10_1_1__parameterized0__35 |         20 |         20 |       0 |    0 |     0 |      0 |      0 |    0 |          0 |
|             sparsemux_17_3_10_1_1_U2                                                         |                                                     cnn_core_sparsemux_17_3_10_1_1__38 |         20 |         20 |       0 |    0 |     0 |      0 |      0 |    0 |          0 |
|             sparsemux_17_3_10_1_1_U20                                                        |                                     cnn_core_sparsemux_17_3_10_1_1__parameterized0__34 |         20 |         20 |       0 |    0 |     0 |      0 |      0 |    0 |          0 |
|             sparsemux_17_3_10_1_1_U21                                                        |                                     cnn_core_sparsemux_17_3_10_1_1__parameterized1__35 |         20 |         20 |       0 |    0 |     0 |      0 |      0 |    0 |          0 |
|             sparsemux_17_3_10_1_1_U22                                                        |                                     cnn_core_sparsemux_17_3_10_1_1__parameterized1__34 |         20 |         20 |       0 |    0 |     0 |      0 |      0 |    0 |          0 |
|             sparsemux_17_3_10_1_1_U23                                                        |                                     cnn_core_sparsemux_17_3_10_1_1__parameterized2__35 |         20 |         20 |       0 |    0 |     0 |      0 |      0 |    0 |          0 |
|             sparsemux_17_3_10_1_1_U24                                                        |                                     cnn_core_sparsemux_17_3_10_1_1__parameterized2__34 |         20 |         20 |       0 |    0 |     0 |      0 |      0 |    0 |          0 |
|             sparsemux_17_3_10_1_1_U25                                                        |                                                     cnn_core_sparsemux_17_3_10_1_1__33 |         20 |         20 |       0 |    0 |     0 |      0 |      0 |    0 |          0 |
|             sparsemux_17_3_10_1_1_U26                                                        |                                                     cnn_core_sparsemux_17_3_10_1_1__32 |         20 |         20 |       0 |    0 |     0 |      0 |      0 |    0 |          0 |
|             sparsemux_17_3_10_1_1_U27                                                        |                                     cnn_core_sparsemux_17_3_10_1_1__parameterized0__33 |         20 |         20 |       0 |    0 |     0 |      0 |      0 |    0 |          0 |
|             sparsemux_17_3_10_1_1_U28                                                        |                                     cnn_core_sparsemux_17_3_10_1_1__parameterized0__32 |         20 |         20 |       0 |    0 |     0 |      0 |      0 |    0 |          0 |
|             sparsemux_17_3_10_1_1_U29                                                        |                                     cnn_core_sparsemux_17_3_10_1_1__parameterized1__33 |         20 |         20 |       0 |    0 |     0 |      0 |      0 |    0 |          0 |
|             sparsemux_17_3_10_1_1_U3                                                         |                                     cnn_core_sparsemux_17_3_10_1_1__parameterized0__39 |         20 |         20 |       0 |    0 |     0 |      0 |      0 |    0 |          0 |
|             sparsemux_17_3_10_1_1_U30                                                        |                                     cnn_core_sparsemux_17_3_10_1_1__parameterized1__32 |         20 |         20 |       0 |    0 |     0 |      0 |      0 |    0 |          0 |
|             sparsemux_17_3_10_1_1_U31                                                        |                                     cnn_core_sparsemux_17_3_10_1_1__parameterized2__33 |         20 |         20 |       0 |    0 |     0 |      0 |      0 |    0 |          0 |
|             sparsemux_17_3_10_1_1_U32                                                        |                                     cnn_core_sparsemux_17_3_10_1_1__parameterized2__32 |         20 |         20 |       0 |    0 |     0 |      0 |      0 |    0 |          0 |
|             sparsemux_17_3_10_1_1_U4                                                         |                                     cnn_core_sparsemux_17_3_10_1_1__parameterized0__38 |         20 |         20 |       0 |    0 |     0 |      0 |      0 |    0 |          0 |
|             sparsemux_17_3_10_1_1_U5                                                         |                                     cnn_core_sparsemux_17_3_10_1_1__parameterized1__39 |         20 |         20 |       0 |    0 |     0 |      0 |      0 |    0 |          0 |
|             sparsemux_17_3_10_1_1_U6                                                         |                                     cnn_core_sparsemux_17_3_10_1_1__parameterized1__38 |         20 |         20 |       0 |    0 |     0 |      0 |      0 |    0 |          0 |
|             sparsemux_17_3_10_1_1_U7                                                         |                                     cnn_core_sparsemux_17_3_10_1_1__parameterized2__39 |         20 |         20 |       0 |    0 |     0 |      0 |      0 |    0 |          0 |
|             sparsemux_17_3_10_1_1_U8                                                         |                                     cnn_core_sparsemux_17_3_10_1_1__parameterized2__38 |         20 |         20 |       0 |    0 |     0 |      0 |      0 |    0 |          0 |
|             sparsemux_17_3_10_1_1_U9                                                         |                                                     cnn_core_sparsemux_17_3_10_1_1__37 |         20 |         20 |       0 |    0 |     0 |      0 |      0 |    0 |          0 |
|           start_for_dense_wide_stream_array_array_ap_fixed_23_13_5_3_0_1u_config9_U0_U       | cnn_core_start_for_dense_wide_stream_array_array_ap_fixed_23_13_5_3_0_1u_config9_U0__4 |          4 |          4 |       0 |    0 |     4 |      0 |      0 |    0 |          0 |
|     gen_lanes[4].u_LANE                                                                      |                                                          CNN_CORE_LANE__parameterized3 |       6690 |       6485 |      48 |  157 |  6169 |      5 |      1 |    0 |         40 |
|       (gen_lanes[4].u_LANE)                                                                  |                                                          CNN_CORE_LANE__parameterized3 |         88 |         40 |      48 |    0 |   204 |      0 |      0 |    0 |          0 |
|       u_CHUNK_ID_CDC                                                                         |                                                                      xpm_cdc_handshake |          2 |          2 |       0 |    0 |   167 |      0 |      0 |    0 |          0 |
|         (u_CHUNK_ID_CDC)                                                                     |                                                                      xpm_cdc_handshake |          2 |          2 |       0 |    0 |   163 |      0 |      0 |    0 |          0 |
|         xpm_cdc_single_dest2src_inst                                                         |                                                                     xpm_cdc_single__10 |          0 |          0 |       0 |    0 |     2 |      0 |      0 |    0 |          0 |
|         xpm_cdc_single_src2dest_inst                                                         |                                                                      xpm_cdc_single__9 |          0 |          0 |       0 |    0 |     2 |      0 |      0 |    0 |          0 |
|       u_FIFO                                                                                 |                                                                         xpm_fifo_async |         81 |         81 |       0 |    0 |   118 |      4 |      0 |    0 |          0 |
|         (u_FIFO)                                                                             |                                                                         xpm_fifo_async |          0 |          0 |       0 |    0 |     0 |      0 |      0 |    0 |          0 |
|         gnuram_async_fifo.xpm_fifo_base_inst                                                 |                                                                          xpm_fifo_base |         81 |         81 |       0 |    0 |   118 |      4 |      0 |    0 |          0 |
|           (gnuram_async_fifo.xpm_fifo_base_inst)                                             |                                                                          xpm_fifo_base |         18 |         18 |       0 |    0 |     6 |      0 |      0 |    0 |          0 |
|           gen_cdc_pntr.rd_pntr_cdc_inst                                                      |                                                           xpm_cdc_gray__parameterized1 |          9 |          9 |       0 |    0 |    21 |      0 |      0 |    0 |          0 |
|           gen_cdc_pntr.rpw_gray_reg                                                          |                                                       xpm_fifo_reg_vec__parameterized0 |          0 |          0 |       0 |    0 |     7 |      0 |      0 |    0 |          0 |
|           gen_cdc_pntr.wpr_gray_reg                                                          |                                                                       xpm_fifo_reg_vec |          0 |          0 |       0 |    0 |     7 |      0 |      0 |    0 |          0 |
|           gen_cdc_pntr.wr_pntr_cdc_inst                                                      |                                                                           xpm_cdc_gray |          8 |          8 |       0 |    0 |    21 |      0 |      0 |    0 |          0 |
|           gen_sdpram.xpm_memory_base_inst                                                    |                                                                        xpm_memory_base |          0 |          0 |       0 |    0 |     0 |      4 |      0 |    0 |          0 |
|           rdp_inst                                                                           |                                                       xpm_counter_updn__parameterized3 |         10 |         10 |       0 |    0 |     9 |      0 |      0 |    0 |          0 |
|           rdpp1_inst                                                                         |                                                       xpm_counter_updn__parameterized4 |          6 |          6 |       0 |    0 |     8 |      0 |      0 |    0 |          0 |
|           rst_d1_inst                                                                        |                                                                   xpm_fifo_reg_bit__24 |          0 |          0 |       0 |    0 |     1 |      0 |      0 |    0 |          0 |
|           wrp_inst                                                                           |                                                    xpm_counter_updn__parameterized0__5 |          6 |          6 |       0 |    0 |     7 |      0 |      0 |    0 |          0 |
|           wrpp1_inst                                                                         |                                                    xpm_counter_updn__parameterized1__5 |          5 |          5 |       0 |    0 |     7 |      0 |      0 |    0 |          0 |
|           wrpp2_inst                                                                         |                                                    xpm_counter_updn__parameterized2__5 |          5 |          5 |       0 |    0 |     7 |      0 |      0 |    0 |          0 |
|           xpm_fifo_rst_inst                                                                  |                                                                           xpm_fifo_rst |         14 |         14 |       0 |    0 |    17 |      0 |      0 |    0 |          0 |
|             (xpm_fifo_rst_inst)                                                              |                                                                           xpm_fifo_rst |         14 |         14 |       0 |    0 |    13 |      0 |      0 |    0 |          0 |
|             gen_rst_ic.rrst_wr_inst                                                          |                                                                       xpm_cdc_sync_rst |          0 |          0 |       0 |    0 |     2 |      0 |      0 |    0 |          0 |
|             gen_rst_ic.wrst_rd_inst                                                          |                                                                    xpm_cdc_sync_rst__9 |          0 |          0 |       0 |    0 |     2 |      0 |      0 |    0 |          0 |
|       u_WRAPPER                                                                              |                                                                            WRAPPER_TOP |       6519 |       6362 |       0 |  157 |  5680 |      1 |      1 |    0 |         40 |
|         (u_WRAPPER)                                                                          |                                                                            WRAPPER_TOP |          5 |          5 |       0 |    0 |   323 |      0 |      0 |    0 |          0 |
|         cnn_core_inst                                                                        |                                                                               cnn_core |       6514 |       6357 |       0 |  157 |  5357 |      1 |      1 |    0 |         40 |
|           (cnn_core_inst)                                                                    |                                                                               cnn_core |          0 |          0 |       0 |    0 |     0 |      0 |      0 |    0 |          0 |
|           dense_wide_stream_array_array_ap_fixed_23_13_5_3_0_1u_config9_U0                   |               cnn_core_dense_wide_stream_array_array_ap_fixed_23_13_5_3_0_1u_config9_s |        757 |        724 |       0 |   33 |   961 |      1 |      1 |    0 |         16 |
|             (dense_wide_stream_array_array_ap_fixed_23_13_5_3_0_1u_config9_U0)               |               cnn_core_dense_wide_stream_array_array_ap_fixed_23_13_5_3_0_1u_config9_s |          5 |          5 |       0 |    0 |     5 |      0 |      0 |    0 |          0 |
|             grp_dense_wide_stream_array_array_ap_fixed_1u_config9_Pipeline_DenseValues_fu_51 |        cnn_core_dense_wide_stream_array_array_ap_fixed_1u_config9_Pipeline_DenseValues |        737 |        704 |       0 |   33 |   910 |      1 |      1 |    0 |         16 |
|             regslice_both_layer9_out_U                                                       |                                                 cnn_core_regslice_both__parameterized0 |         15 |         15 |       0 |    0 |    46 |      0 |      0 |    0 |          0 |
|           layer6_out_x4_U                                                                    |                                                                cnn_core_fifo_w280_d4_S |        132 |          8 |       0 |  124 |     5 |      0 |      0 |    0 |          0 |
|             (layer6_out_x4_U)                                                                |                                                                cnn_core_fifo_w280_d4_S |          8 |          8 |       0 |    0 |     5 |      0 |      0 |    0 |          0 |
|             U_cnn_core_fifo_w280_d4_S_ShiftReg                                               |                                                       cnn_core_fifo_w280_d4_S_ShiftReg |        124 |          0 |       0 |  124 |     0 |      0 |      0 |    0 |          0 |
|           phara_pool_aligned_hybrid_p8_cl_array_array_array_array_config4_config6_U0         |     cnn_core_phara_pool_aligned_hybrid_p8_cl_array_array_array_array_config4_config6_s |       5621 |       5621 |       0 |    0 |  4387 |      0 |      0 |    0 |         24 |
|             (phara_pool_aligned_hybrid_p8_cl_array_array_array_array_config4_config6_U0)     |     cnn_core_phara_pool_aligned_hybrid_p8_cl_array_array_array_array_config4_config6_s |       4815 |       4815 |       0 |    0 |  3741 |      0 |      0 |    0 |          0 |
|             mac_muladd_10s_4ns_14s_15_1_1_U41                                                |                                                 cnn_core_mac_muladd_10s_4ns_14s_15_1_1 |          0 |          0 |       0 |    0 |     0 |      0 |      0 |    0 |          1 |
|             mac_muladd_10s_4ns_14s_15_1_1_U42                                                |                                              cnn_core_mac_muladd_10s_4ns_14s_15_1_1__7 |          0 |          0 |       0 |    0 |     0 |      0 |      0 |    0 |          1 |
|             mac_muladd_10s_4ns_14s_15_1_1_U43                                                |                                              cnn_core_mac_muladd_10s_4ns_14s_15_1_1__1 |          0 |          0 |       0 |    0 |     0 |      0 |      0 |    0 |          1 |
|             mac_muladd_10s_4ns_14s_15_1_1_U44                                                |                                              cnn_core_mac_muladd_10s_4ns_14s_15_1_1__2 |          0 |          0 |       0 |    0 |     0 |      0 |      0 |    0 |          1 |
|             mac_muladd_10s_4ns_14s_15_1_1_U45                                                |                                              cnn_core_mac_muladd_10s_4ns_14s_15_1_1__3 |          0 |          0 |       0 |    0 |     0 |      0 |      0 |    0 |          1 |
|             mac_muladd_10s_4ns_14s_15_1_1_U46                                                |                                              cnn_core_mac_muladd_10s_4ns_14s_15_1_1__4 |          0 |          0 |       0 |    0 |     0 |      0 |      0 |    0 |          1 |
|             mac_muladd_10s_4ns_14s_15_1_1_U47                                                |                                              cnn_core_mac_muladd_10s_4ns_14s_15_1_1__5 |          0 |          0 |       0 |    0 |     0 |      0 |      0 |    0 |          1 |
|             mac_muladd_10s_4ns_14s_15_1_1_U48                                                |                                              cnn_core_mac_muladd_10s_4ns_14s_15_1_1__6 |          0 |          0 |       0 |    0 |     0 |      0 |      0 |    0 |          1 |
|             mac_muladd_10s_4ns_15s_16_1_1_U49                                                |                                                 cnn_core_mac_muladd_10s_4ns_15s_16_1_1 |          0 |          0 |       0 |    0 |     0 |      0 |      0 |    0 |          1 |
|             mac_muladd_10s_4ns_15s_16_1_1_U50                                                |                                              cnn_core_mac_muladd_10s_4ns_15s_16_1_1__7 |          0 |          0 |       0 |    0 |     0 |      0 |      0 |    0 |          1 |
|             mac_muladd_10s_4ns_15s_16_1_1_U51                                                |                                              cnn_core_mac_muladd_10s_4ns_15s_16_1_1__1 |          0 |          0 |       0 |    0 |     0 |      0 |      0 |    0 |          1 |
|             mac_muladd_10s_4ns_15s_16_1_1_U52                                                |                                              cnn_core_mac_muladd_10s_4ns_15s_16_1_1__2 |          0 |          0 |       0 |    0 |     0 |      0 |      0 |    0 |          1 |
|             mac_muladd_10s_4ns_15s_16_1_1_U53                                                |                                              cnn_core_mac_muladd_10s_4ns_15s_16_1_1__3 |          0 |          0 |       0 |    0 |     0 |      0 |      0 |    0 |          1 |
|             mac_muladd_10s_4ns_15s_16_1_1_U54                                                |                                              cnn_core_mac_muladd_10s_4ns_15s_16_1_1__4 |          0 |          0 |       0 |    0 |     0 |      0 |      0 |    0 |          1 |
|             mac_muladd_10s_4ns_15s_16_1_1_U55                                                |                                              cnn_core_mac_muladd_10s_4ns_15s_16_1_1__5 |          0 |          0 |       0 |    0 |     0 |      0 |      0 |    0 |          1 |
|             mac_muladd_10s_4ns_15s_16_1_1_U56                                                |                                              cnn_core_mac_muladd_10s_4ns_15s_16_1_1__6 |          0 |          0 |       0 |    0 |     0 |      0 |      0 |    0 |          1 |
|             mul_10s_5ns_15_1_1_U33                                                           |                                                            cnn_core_mul_10s_5ns_15_1_1 |          0 |          0 |       0 |    0 |     0 |      0 |      0 |    0 |          1 |
|             mul_10s_5ns_15_1_1_U34                                                           |                                                         cnn_core_mul_10s_5ns_15_1_1__7 |          0 |          0 |       0 |    0 |     0 |      0 |      0 |    0 |          1 |
|             mul_10s_5ns_15_1_1_U35                                                           |                                                         cnn_core_mul_10s_5ns_15_1_1__1 |          0 |          0 |       0 |    0 |     0 |      0 |      0 |    0 |          1 |
|             mul_10s_5ns_15_1_1_U36                                                           |                                                         cnn_core_mul_10s_5ns_15_1_1__2 |          0 |          0 |       0 |    0 |     0 |      0 |      0 |    0 |          1 |
|             mul_10s_5ns_15_1_1_U37                                                           |                                                         cnn_core_mul_10s_5ns_15_1_1__3 |          0 |          0 |       0 |    0 |     0 |      0 |      0 |    0 |          1 |
|             mul_10s_5ns_15_1_1_U38                                                           |                                                         cnn_core_mul_10s_5ns_15_1_1__4 |          0 |          0 |       0 |    0 |     0 |      0 |      0 |    0 |          1 |
|             mul_10s_5ns_15_1_1_U39                                                           |                                                         cnn_core_mul_10s_5ns_15_1_1__5 |          0 |          0 |       0 |    0 |     0 |      0 |      0 |    0 |          1 |
|             mul_10s_5ns_15_1_1_U40                                                           |                                                         cnn_core_mul_10s_5ns_15_1_1__6 |          0 |          0 |       0 |    0 |     0 |      0 |      0 |    0 |          1 |
|             regslice_both_waveform_U                                                         |                                                                 cnn_core_regslice_both |        166 |        166 |       0 |    0 |   646 |      0 |      0 |    0 |          0 |
|             sparsemux_17_3_10_1_1_U1                                                         |                                                      cnn_core_sparsemux_17_3_10_1_1__1 |         20 |         20 |       0 |    0 |     0 |      0 |      0 |    0 |          0 |
|             sparsemux_17_3_10_1_1_U10                                                        |                                                      cnn_core_sparsemux_17_3_10_1_1__4 |         20 |         20 |       0 |    0 |     0 |      0 |      0 |    0 |          0 |
|             sparsemux_17_3_10_1_1_U11                                                        |                                      cnn_core_sparsemux_17_3_10_1_1__parameterized0__3 |         20 |         20 |       0 |    0 |     0 |      0 |      0 |    0 |          0 |
|             sparsemux_17_3_10_1_1_U12                                                        |                                      cnn_core_sparsemux_17_3_10_1_1__parameterized0__4 |         20 |         20 |       0 |    0 |     0 |      0 |      0 |    0 |          0 |
|             sparsemux_17_3_10_1_1_U13                                                        |                                      cnn_core_sparsemux_17_3_10_1_1__parameterized1__3 |         20 |         20 |       0 |    0 |     0 |      0 |      0 |    0 |          0 |
|             sparsemux_17_3_10_1_1_U14                                                        |                                      cnn_core_sparsemux_17_3_10_1_1__parameterized1__4 |         20 |         20 |       0 |    0 |     0 |      0 |      0 |    0 |          0 |
|             sparsemux_17_3_10_1_1_U15                                                        |                                      cnn_core_sparsemux_17_3_10_1_1__parameterized2__3 |         20 |         20 |       0 |    0 |     0 |      0 |      0 |    0 |          0 |
|             sparsemux_17_3_10_1_1_U16                                                        |                                      cnn_core_sparsemux_17_3_10_1_1__parameterized2__4 |         20 |         20 |       0 |    0 |     0 |      0 |      0 |    0 |          0 |
|             sparsemux_17_3_10_1_1_U17                                                        |                                                      cnn_core_sparsemux_17_3_10_1_1__5 |         20 |         20 |       0 |    0 |     0 |      0 |      0 |    0 |          0 |
|             sparsemux_17_3_10_1_1_U18                                                        |                                                      cnn_core_sparsemux_17_3_10_1_1__6 |         20 |         20 |       0 |    0 |     0 |      0 |      0 |    0 |          0 |
|             sparsemux_17_3_10_1_1_U19                                                        |                                      cnn_core_sparsemux_17_3_10_1_1__parameterized0__5 |         20 |         20 |       0 |    0 |     0 |      0 |      0 |    0 |          0 |
|             sparsemux_17_3_10_1_1_U2                                                         |                                                      cnn_core_sparsemux_17_3_10_1_1__2 |         20 |         20 |       0 |    0 |     0 |      0 |      0 |    0 |          0 |
|             sparsemux_17_3_10_1_1_U20                                                        |                                      cnn_core_sparsemux_17_3_10_1_1__parameterized0__6 |         20 |         20 |       0 |    0 |     0 |      0 |      0 |    0 |          0 |
|             sparsemux_17_3_10_1_1_U21                                                        |                                      cnn_core_sparsemux_17_3_10_1_1__parameterized1__5 |         20 |         20 |       0 |    0 |     0 |      0 |      0 |    0 |          0 |
|             sparsemux_17_3_10_1_1_U22                                                        |                                      cnn_core_sparsemux_17_3_10_1_1__parameterized1__6 |         20 |         20 |       0 |    0 |     0 |      0 |      0 |    0 |          0 |
|             sparsemux_17_3_10_1_1_U23                                                        |                                      cnn_core_sparsemux_17_3_10_1_1__parameterized2__5 |         20 |         20 |       0 |    0 |     0 |      0 |      0 |    0 |          0 |
|             sparsemux_17_3_10_1_1_U24                                                        |                                      cnn_core_sparsemux_17_3_10_1_1__parameterized2__6 |         20 |         20 |       0 |    0 |     0 |      0 |      0 |    0 |          0 |
|             sparsemux_17_3_10_1_1_U25                                                        |                                                      cnn_core_sparsemux_17_3_10_1_1__7 |         20 |         20 |       0 |    0 |     0 |      0 |      0 |    0 |          0 |
|             sparsemux_17_3_10_1_1_U26                                                        |                                                         cnn_core_sparsemux_17_3_10_1_1 |         20 |         20 |       0 |    0 |     0 |      0 |      0 |    0 |          0 |
|             sparsemux_17_3_10_1_1_U27                                                        |                                      cnn_core_sparsemux_17_3_10_1_1__parameterized0__7 |         20 |         20 |       0 |    0 |     0 |      0 |      0 |    0 |          0 |
|             sparsemux_17_3_10_1_1_U28                                                        |                                         cnn_core_sparsemux_17_3_10_1_1__parameterized0 |         20 |         20 |       0 |    0 |     0 |      0 |      0 |    0 |          0 |
|             sparsemux_17_3_10_1_1_U29                                                        |                                      cnn_core_sparsemux_17_3_10_1_1__parameterized1__7 |         20 |         20 |       0 |    0 |     0 |      0 |      0 |    0 |          0 |
|             sparsemux_17_3_10_1_1_U3                                                         |                                      cnn_core_sparsemux_17_3_10_1_1__parameterized0__1 |         20 |         20 |       0 |    0 |     0 |      0 |      0 |    0 |          0 |
|             sparsemux_17_3_10_1_1_U30                                                        |                                         cnn_core_sparsemux_17_3_10_1_1__parameterized1 |         20 |         20 |       0 |    0 |     0 |      0 |      0 |    0 |          0 |
|             sparsemux_17_3_10_1_1_U31                                                        |                                      cnn_core_sparsemux_17_3_10_1_1__parameterized2__7 |         20 |         20 |       0 |    0 |     0 |      0 |      0 |    0 |          0 |
|             sparsemux_17_3_10_1_1_U32                                                        |                                         cnn_core_sparsemux_17_3_10_1_1__parameterized2 |         20 |         20 |       0 |    0 |     0 |      0 |      0 |    0 |          0 |
|             sparsemux_17_3_10_1_1_U4                                                         |                                      cnn_core_sparsemux_17_3_10_1_1__parameterized0__2 |         20 |         20 |       0 |    0 |     0 |      0 |      0 |    0 |          0 |
|             sparsemux_17_3_10_1_1_U5                                                         |                                      cnn_core_sparsemux_17_3_10_1_1__parameterized1__1 |         20 |         20 |       0 |    0 |     0 |      0 |      0 |    0 |          0 |
|             sparsemux_17_3_10_1_1_U6                                                         |                                      cnn_core_sparsemux_17_3_10_1_1__parameterized1__2 |         20 |         20 |       0 |    0 |     0 |      0 |      0 |    0 |          0 |
|             sparsemux_17_3_10_1_1_U7                                                         |                                      cnn_core_sparsemux_17_3_10_1_1__parameterized2__1 |         20 |         20 |       0 |    0 |     0 |      0 |      0 |    0 |          0 |
|             sparsemux_17_3_10_1_1_U8                                                         |                                      cnn_core_sparsemux_17_3_10_1_1__parameterized2__2 |         20 |         20 |       0 |    0 |     0 |      0 |      0 |    0 |          0 |
|             sparsemux_17_3_10_1_1_U9                                                         |                                                      cnn_core_sparsemux_17_3_10_1_1__3 |         20 |         20 |       0 |    0 |     0 |      0 |      0 |    0 |          0 |
|           start_for_dense_wide_stream_array_array_ap_fixed_23_13_5_3_0_1u_config9_U0_U       |    cnn_core_start_for_dense_wide_stream_array_array_ap_fixed_23_13_5_3_0_1u_config9_U0 |          5 |          5 |       0 |    0 |     4 |      0 |      0 |    0 |          0 |
|     u_LIVE_DISTRIBUTOR                                                                       |                                                                  ADC_CHUNK_DISTRIBUTOR |         86 |         86 |       0 |    0 |    50 |      0 |      0 |    0 |          0 |
|     u_MULTIMODE_PATH                                                                         |                                                                   MULTIMODE_EVENT_PATH |       3302 |       3202 |     100 |    0 |  2504 |      6 |      0 |    6 |          0 |
|       (u_MULTIMODE_PATH)                                                                     |                                                                   MULTIMODE_EVENT_PATH |         63 |         63 |       0 |    0 |     1 |      0 |      0 |    0 |          0 |
|       u_CNN_BUSY_SYNC                                                                        |                                                                xpm_cdc_array_single__1 |          0 |          0 |       0 |    0 |     3 |      0 |      0 |    0 |          0 |
|       u_CNN_REQUEST_CDC                                                                      |                                                                       TRIGGER_CDC_FIFO |         99 |         59 |      40 |    0 |   184 |      0 |      0 |    0 |          0 |
|         (u_CNN_REQUEST_CDC)                                                                  |                                                                       TRIGGER_CDC_FIFO |         97 |         57 |      40 |    0 |    72 |      0 |      0 |    0 |          0 |
|         u_TRIGGER_CDC                                                                        |                                                      xpm_cdc_handshake__parameterized2 |          2 |          2 |       0 |    0 |   112 |      0 |      0 |    0 |          0 |
|           (u_TRIGGER_CDC)                                                                    |                                                      xpm_cdc_handshake__parameterized2 |          2 |          2 |       0 |    0 |   108 |      0 |      0 |    0 |          0 |
|           xpm_cdc_single_dest2src_inst                                                       |                                                                         xpm_cdc_single |          0 |          0 |       0 |    0 |     2 |      0 |      0 |    0 |          0 |
|           xpm_cdc_single_src2dest_inst                                                       |                                                                     xpm_cdc_single__11 |          0 |          0 |       0 |    0 |     2 |      0 |      0 |    0 |          0 |
|       u_CNN_WORK_SYNC                                                                        |                                                                   xpm_cdc_array_single |          0 |          0 |       0 |    0 |     3 |      0 |      0 |    0 |          0 |
|       u_EVENT_FIFO                                                                           |                                                                      EVENT_OUTPUT_FIFO |         64 |         64 |       0 |    0 |   470 |      6 |      0 |    0 |          0 |
|         (u_EVENT_FIFO)                                                                       |                                                                      EVENT_OUTPUT_FIFO |         13 |         13 |       0 |    0 |   419 |      0 |      0 |    0 |          0 |
|         u_FIFO                                                                               |                                                                          xpm_fifo_sync |         52 |         52 |       0 |    0 |    51 |      6 |      0 |    0 |          0 |
|           xpm_fifo_base_inst                                                                 |                                                          xpm_fifo_base__parameterized0 |         52 |         52 |       0 |    0 |    51 |      6 |      0 |    0 |          0 |
|             (xpm_fifo_base_inst)                                                             |                                                          xpm_fifo_base__parameterized0 |         25 |         25 |       0 |    0 |    13 |      0 |      0 |    0 |          0 |
|             gen_fwft.rdpp1_inst                                                              |                                                                       xpm_counter_updn |          1 |          1 |       0 |    0 |     2 |      0 |      0 |    0 |          0 |
|             gen_sdpram.xpm_memory_base_inst                                                  |                                                        xpm_memory_base__parameterized0 |          3 |          3 |       0 |    0 |     0 |      6 |      0 |    0 |          0 |
|             rdp_inst                                                                         |                                                       xpm_counter_updn__parameterized0 |          6 |          6 |       0 |    0 |     8 |      0 |      0 |    0 |          0 |
|             rdpp1_inst                                                                       |                                                       xpm_counter_updn__parameterized1 |          5 |          5 |       0 |    0 |     7 |      0 |      0 |    0 |          0 |
|             rst_d1_inst                                                                      |                                                                   xpm_fifo_reg_bit__29 |          0 |          0 |       0 |    0 |     1 |      0 |      0 |    0 |          0 |
|             wrp_inst                                                                         |                                                    xpm_counter_updn__parameterized0__6 |          6 |          6 |       0 |    0 |     8 |      0 |      0 |    0 |          0 |
|             wrpp1_inst                                                                       |                                                    xpm_counter_updn__parameterized1__6 |          5 |          5 |       0 |    0 |     7 |      0 |      0 |    0 |          0 |
|             xpm_fifo_rst_inst                                                                |                                                           xpm_fifo_rst__parameterized0 |          1 |          1 |       0 |    0 |     5 |      0 |      0 |    0 |          0 |
|       u_GATED_READER                                                                         |                                                                       GATED_CNN_READER |        195 |        195 |       0 |    0 |   128 |      0 |      0 |    0 |          0 |
|       u_HILO                                                                                 |                                                                      HILO_TRIGGER_CTRL |       2282 |       2282 |       0 |    0 |   388 |      0 |      0 |    0 |          0 |
|         (u_HILO)                                                                             |                                                                      HILO_TRIGGER_CTRL |         58 |         58 |       0 |    0 |   199 |      0 |      0 |    0 |          0 |
|         u_PRE_TRIGGER                                                                        |                                                                            PRE_TRIGGER |       2224 |       2224 |       0 |    0 |   189 |      0 |      0 |    0 |          0 |
|           (u_PRE_TRIGGER)                                                                    |                                                                            PRE_TRIGGER |        478 |        478 |       0 |    0 |    93 |      0 |      0 |    0 |          0 |
|           chan_gen[0].U_CH                                                                   |                                                                        PRE_TRIGGER_1CH |        430 |        430 |       0 |    0 |    24 |      0 |      0 |    0 |          0 |
|           chan_gen[1].U_CH                                                                   |                                                        PRE_TRIGGER_1CH__parameterized0 |        429 |        429 |       0 |    0 |    24 |      0 |      0 |    0 |          0 |
|           chan_gen[2].U_CH                                                                   |                                                        PRE_TRIGGER_1CH__parameterized1 |        430 |        430 |       0 |    0 |    24 |      0 |      0 |    0 |          0 |
|           chan_gen[3].U_CH                                                                   |                                                        PRE_TRIGGER_1CH__parameterized2 |        429 |        429 |       0 |    0 |    24 |      0 |      0 |    0 |          0 |
|           mult_gen[0].U_MULT                                                                 |                                                                            MULT2BIN__1 |          2 |          2 |       0 |    0 |     0 |      0 |      0 |    0 |          0 |
|           mult_gen[10].U_MULT                                                                |                                                                           MULT2BIN__11 |          2 |          2 |       0 |    0 |     0 |      0 |      0 |    0 |          0 |
|           mult_gen[11].U_MULT                                                                |                                                                           MULT2BIN__12 |          2 |          2 |       0 |    0 |     0 |      0 |      0 |    0 |          0 |
|           mult_gen[12].U_MULT                                                                |                                                                           MULT2BIN__13 |          2 |          2 |       0 |    0 |     0 |      0 |      0 |    0 |          0 |
|           mult_gen[13].U_MULT                                                                |                                                                           MULT2BIN__14 |          2 |          2 |       0 |    0 |     0 |      0 |      0 |    0 |          0 |
|           mult_gen[14].U_MULT                                                                |                                                                           MULT2BIN__15 |          2 |          2 |       0 |    0 |     0 |      0 |      0 |    0 |          0 |
|           mult_gen[15].U_MULT                                                                |                                                                               MULT2BIN |          2 |          2 |       0 |    0 |     0 |      0 |      0 |    0 |          0 |
|           mult_gen[1].U_MULT                                                                 |                                                                            MULT2BIN__2 |          2 |          2 |       0 |    0 |     0 |      0 |      0 |    0 |          0 |
|           mult_gen[2].U_MULT                                                                 |                                                                            MULT2BIN__3 |          2 |          2 |       0 |    0 |     0 |      0 |      0 |    0 |          0 |
|           mult_gen[3].U_MULT                                                                 |                                                                            MULT2BIN__4 |          2 |          2 |       0 |    0 |     0 |      0 |      0 |    0 |          0 |
|           mult_gen[4].U_MULT                                                                 |                                                                            MULT2BIN__5 |          2 |          2 |       0 |    0 |     0 |      0 |      0 |    0 |          0 |
|           mult_gen[5].U_MULT                                                                 |                                                                            MULT2BIN__6 |          2 |          2 |       0 |    0 |     0 |      0 |      0 |    0 |          0 |
|           mult_gen[6].U_MULT                                                                 |                                                                            MULT2BIN__7 |          2 |          2 |       0 |    0 |     0 |      0 |      0 |    0 |          0 |
|           mult_gen[7].U_MULT                                                                 |                                                                            MULT2BIN__8 |          2 |          2 |       0 |    0 |     0 |      0 |      0 |    0 |          0 |
|           mult_gen[8].U_MULT                                                                 |                                                                            MULT2BIN__9 |          2 |          2 |       0 |    0 |     0 |      0 |      0 |    0 |          0 |
|           mult_gen[9].U_MULT                                                                 |                                                                           MULT2BIN__10 |          2 |          2 |       0 |    0 |     0 |      0 |      0 |    0 |          0 |
|       u_HILO_ADAPTER                                                                         |                                                                     HILO_INPUT_ADAPTER |          7 |          7 |       0 |    0 |   817 |      0 |      0 |    0 |          0 |
|       u_HOUSEKEEPING                                                                         |                                                              HOUSEKEEPING_TRIGGER_CTRL |        143 |        143 |       0 |    0 |   103 |      0 |      0 |    0 |          0 |
|       u_MODE                                                                                 |                                                                      TRIGGER_MODE_CTRL |          8 |          8 |       0 |    0 |     7 |      0 |      0 |    0 |          0 |
|       u_RECORDER                                                                             |                                                                         EVENT_RECORDER |        115 |        115 |       0 |    0 |   237 |      0 |      0 |    0 |          0 |
|       u_RING                                                                                 |                                                                   WAVEFORM_RING_BUFFER |        283 |        223 |      60 |    0 |   160 |      0 |      0 |    6 |          0 |
|       u_RING_ARBITER                                                                         |                                                                      RING_READ_ARBITER |         48 |         48 |       0 |    0 |     3 |      0 |      0 |    0 |          0 |
|     u_RESULT_ARBITER                                                                         |                                                                     CNN_RESULT_ARBITER |        229 |        229 |       0 |    0 |     3 |      0 |      0 |    0 |          0 |
|     u_RST_ADC                                                                                |                                                                          RESET_SYNC__1 |          0 |          0 |       0 |    0 |     2 |      0 |      0 |    0 |          0 |
|     u_RST_CNN                                                                                |                                                                             RESET_SYNC |          0 |          0 |       0 |    0 |     2 |      0 |      0 |    0 |          0 |
+----------------------------------------------------------------------------------------------+----------------------------------------------------------------------------------------+------------+------------+---------+------+-------+--------+--------+------+------------+
* Note: The sum of lower-level cells may be larger than their parent cells total, due to cross-hierarchy LUT combining


