INFO: running: /tools/Xilinx/Vivado/2023.2/bin/vivado -mode batch -source /home/work1/Works/ai-trigger-hilo-v35.lHAri7/build/hilo-v3-ooc/run_vivado_ooc_build.tcl

****** Vivado v2023.2 (64-bit)
  **** SW Build 4029153 on Fri Oct 13 20:13:54 MDT 2023
  **** IP Build 4028589 on Sat Oct 14 00:45:43 MDT 2023
  **** SharedData Build 4025554 on Tue Oct 10 17:18:54 MDT 2023
    ** Copyright 1986-2022 Xilinx, Inc. All Rights Reserved.
    ** Copyright 2022-2023 Advanced Micro Devices, Inc. All Rights Reserved.

source /home/work1/Works/ai-trigger-hilo-v35.lHAri7/build/hilo-v3-ooc/run_vivado_ooc_build.tcl
# set ::RUN_BUILD_REPO_ROOT {/home/work1/Works/ai-trigger-hilo-v35.lHAri7}
# set ::RUN_BUILD_OUT_DIR {/home/work1/Works/ai-trigger-hilo-v35.lHAri7/build/hilo-v3-ooc}
# set ::RUN_BUILD_PART xcku5p-ffvb676-2-e
# set ::RUN_BUILD_TOP AI_TRIGGER_TOP
# set ::RUN_BUILD_IMPL 1
# set ::RUN_BUILD_THREADS 8
# set ::RUN_BUILD_MIN_SETUP_SLACK 0.0
# cd {/home/work1/Works/ai-trigger-hilo-v35.lHAri7}
# source {/home/work1/Works/ai-trigger-hilo-v35.lHAri7/scripts/vivado_ooc_build.tcl}
## if {![info exists ::RUN_BUILD_REPO_ROOT]} {
##     set ::RUN_BUILD_REPO_ROOT [file normalize [file join [file dirname [info script]] ..]]
## }
## if {![info exists ::RUN_BUILD_OUT_DIR]} {
##     set ::RUN_BUILD_OUT_DIR [file join $::RUN_BUILD_REPO_ROOT build vivado_ooc_ai_trigger]
## }
## if {![info exists ::RUN_BUILD_PART]} {
##     set ::RUN_BUILD_PART xcku5p-ffvb676-2-e
## }
## if {![info exists ::RUN_BUILD_TOP]} {
##     set ::RUN_BUILD_TOP AI_TRIGGER_TOP
## }
## if {![info exists ::RUN_BUILD_IMPL]} {
##     set ::RUN_BUILD_IMPL 1
## }
## if {![info exists ::RUN_BUILD_THREADS]} {
##     set ::RUN_BUILD_THREADS 8
## }
## if {![info exists ::RUN_BUILD_MIN_SETUP_SLACK]} {
##     set ::RUN_BUILD_MIN_SETUP_SLACK 0.0
## }
## set repo_root [file normalize $::RUN_BUILD_REPO_ROOT]
## set out_dir   [file normalize $::RUN_BUILD_OUT_DIR]
## set rpt_dir   [file join $out_dir reports]
## set dcp_dir   [file join $out_dir checkpoints]
## set gen_dir   [file join $out_dir generated]
## source [file join $repo_root scripts vivado_timing_gate.tcl]
### proc ai_trigger_timing_summary_metrics {timing_summary} {
###     set found_summary 0
###     set found_columns 0
### 
###     foreach line [split $timing_summary "\n"] {
###         if {[string first "Design Timing Summary" $line] >= 0} {
###             set found_summary 1
###             continue
###         }
###         if {!$found_summary} {
###             continue
###         }
###         if {[string first "WNS(ns)" $line] >= 0 &&
###             [string first "WHS(ns)" $line] >= 0 &&
###             [string first "WPWS(ns)" $line] >= 0} {
###             set found_columns 1
###             continue
###         }
###         if {!$found_columns} {
###             continue
###         }
### 
###         set values [regexp -all -inline {[-+]?[0-9]+[.]?[0-9]*} $line]
###         if {[llength $values] == 12} {
###             return [dict create \
###                 WNS [lindex $values 0] \
###                 WHS [lindex $values 4] \
###                 WPWS [lindex $values 8]]
###         }
###     }
### 
###     error "Design Timing Summary metrics are unavailable"
### }
### proc ai_trigger_require_timing {timing_summary {minimum_setup 0.0}} {
###     set violations {}
###     set metrics [ai_trigger_timing_summary_metrics $timing_summary]
### 
###     foreach metric {WNS WHS WPWS} {
###         set value [dict get $metrics $metric]
###         if {![string is double -strict $value]} {
###             error "Timing metric $metric is unavailable: \"$value\""
###         }
###         if {$value < 0.0} {
###             lappend violations "$metric=$value"
###         }
###     }
### 
###     if {[llength $violations] != 0} {
###         error "Timing constraints are not met: [join $violations {, }]"
###     }
###     if {[dict get $metrics WNS] < $minimum_setup} {
###         error "Setup margin is not met: WNS=[dict get $metrics WNS] < $minimum_setup ns"
###     }
### }
### proc ai_trigger_require_cdc {summary} {
###     if {[string first "Severity" $summary] < 0} {
###         error "CDC summary is unavailable"
###     }
###     if {[regexp -line {^Critical[[:space:]]} $summary]} {
###         error "Unqualified critical CDC crossings"
###     }
### }
## file delete -force $rpt_dir $dcp_dir $gen_dir
## file mkdir $out_dir
## file mkdir $rpt_dir
## file mkdir $dcp_dir
## file mkdir $gen_dir
## proc assert_file_contains {path pattern} {
##     set fp [open $path r]
##     set text [read $fp]
##     close $fp
##     if {[string first $pattern $text] < 0} {
##         error "Expected $path to contain '$pattern'. Check that Bender ran on the current checkout."
##     }
## }
## proc assert_daq_top_boundary {} {
##     if {[llength [get_ports -quiet ADC_SRC_CLK]] > 0} {
##         error "DAQ-facing OOC top must not expose ADC_SRC_CLK"
##     }
##     if {[llength [get_clocks -quiet ADC_SRC_CLK]] > 0} {
##         error "DAQ-facing OOC constraints must not create ADC_SRC_CLK"
##     }
##     if {[llength [get_cells -quiet -hierarchical *u_ADC_INPUT*]] > 0} {
##         error "DAQ-facing OOC top must not instantiate the source-clock input CDC"
##     }
## }
## proc write_cdc_reports {summary_path details_path} {
##     report_cdc -file $summary_path
##     if {[catch {report_cdc -details -file $details_path} err]} {
##         puts "WARNING: detailed CDC report failed: $err"
##     }
## }
## proc write_text_file {path text} {
##     set fp [open $path w]
##     puts -nonewline $fp $text
##     close $fp
## }
## set_param general.maxThreads $::RUN_BUILD_THREADS
## puts "INFO: repo_root = $repo_root"
INFO: repo_root = /home/work1/Works/ai-trigger-hilo-v35.lHAri7
## puts "INFO: out_dir   = $out_dir"
INFO: out_dir   = /home/work1/Works/ai-trigger-hilo-v35.lHAri7/build/hilo-v3-ooc
## puts "INFO: part      = $::RUN_BUILD_PART"
INFO: part      = xcku5p-ffvb676-2-e
## puts "INFO: top       = $::RUN_BUILD_TOP"
INFO: top       = AI_TRIGGER_TOP
## puts "INFO: impl      = $::RUN_BUILD_IMPL"
INFO: impl      = 1
## cd $repo_root
## if {![file exists [file join $repo_root Bender.yml]]} {
##     error "Bender.yml not found at $repo_root"
## }
## set bender_script [file join $gen_dir add_files_bender.tcl]
## puts "INFO: generating Vivado source list with Bender..."
INFO: generating Vivado source list with Bender...
## if {[catch {exec bender script vivado -t vivado > $bender_script} err]} {
##     error "bender script failed: $err"
## }
## if {![file exists $bender_script] || [file size $bender_script] == 0} {
##     error "bender generated an empty Vivado script. Run 'bender update' and check dependency paths before launching Vivado."
## }
## assert_file_contains $bender_script {AI_TRIGGER_CORE.vhd}
## assert_file_contains $bender_script {HILO_TRIGGER_CTRL.vhd}
## assert_file_contains $bender_script {Pre_trigger.vhd}
## create_project -in_memory -part $::RUN_BUILD_PART
## set_property target_language VHDL [current_project]
## set_property simulator_language Mixed [current_project]
## puts "INFO: sourcing Bender-generated RTL file list..."
INFO: sourcing Bender-generated RTL file list...
## source $bender_script
### set ROOT "/home/work1/Works/ai-trigger-hilo-v35.lHAri7"
### add_files -norecurse -fileset [current_fileset] [list \
###     $ROOT/.bender/git/checkouts/cnn-core-338ad22ef78c637b/cnn_core/cnn_core_prj/solution1/impl/verilog/cnn_core.v \
###     $ROOT/.bender/git/checkouts/cnn-core-338ad22ef78c637b/cnn_core/cnn_core_prj/solution1/impl/verilog/cnn_core_dense_wide_stream_array_array_ap_fixed_1u_config12_Pipeline_DenseValues.v \
### ]
### add_files -norecurse -fileset [current_fileset] [list \
###     $ROOT/.bender/git/checkouts/cnn-core-338ad22ef78c637b/cnn_core/cnn_core_prj/solution1/impl/verilog/cnn_core_dense_wide_stream_array_array_ap_fixed_1u_config12_Pipeline_DenseValues_w12_rbkb.dat \
### ]
### add_files -norecurse -fileset [current_fileset] [list \
###     $ROOT/.bender/git/checkouts/cnn-core-338ad22ef78c637b/cnn_core/cnn_core_prj/solution1/impl/verilog/cnn_core_dense_wide_stream_array_array_ap_fixed_1u_config12_Pipeline_DenseValues_w12_rbkb.v \
###     $ROOT/.bender/git/checkouts/cnn-core-338ad22ef78c637b/cnn_core/cnn_core_prj/solution1/impl/verilog/cnn_core_dense_wide_stream_array_array_ap_fixed_21_12_5_3_0_1u_config12_s.v \
###     $ROOT/.bender/git/checkouts/cnn-core-338ad22ef78c637b/cnn_core/cnn_core_prj/solution1/impl/verilog/cnn_core_fifo_w480_d4_A.v \
###     $ROOT/.bender/git/checkouts/cnn-core-338ad22ef78c637b/cnn_core/cnn_core_prj/solution1/impl/verilog/cnn_core_fifo_w816_d4_A.v \
###     $ROOT/.bender/git/checkouts/cnn-core-338ad22ef78c637b/cnn_core/cnn_core_prj/solution1/impl/verilog/cnn_core_fifo_w864_d4_A.v \
###     $ROOT/.bender/git/checkouts/cnn-core-338ad22ef78c637b/cnn_core/cnn_core_prj/solution1/impl/verilog/cnn_core_flow_control_loop_pipe.v \
###     $ROOT/.bender/git/checkouts/cnn-core-338ad22ef78c637b/cnn_core/cnn_core_prj/solution1/impl/verilog/cnn_core_flow_control_loop_pipe_sequential_init.v \
###     $ROOT/.bender/git/checkouts/cnn-core-338ad22ef78c637b/cnn_core/cnn_core_prj/solution1/impl/verilog/cnn_core_hls_deadlock_detection_unit.v \
### ]
### add_files -norecurse -fileset [current_fileset] [list \
###     $ROOT/.bender/git/checkouts/cnn-core-338ad22ef78c637b/cnn_core/cnn_core_prj/solution1/impl/verilog/cnn_core_hls_deadlock_detector.vh \
### ]
### add_files -norecurse -fileset [current_fileset] [list \
###     $ROOT/.bender/git/checkouts/cnn-core-338ad22ef78c637b/cnn_core/cnn_core_prj/solution1/impl/verilog/cnn_core_hls_deadlock_idx0_monitor.v \
### ]
### add_files -norecurse -fileset [current_fileset] [list \
###     $ROOT/.bender/git/checkouts/cnn-core-338ad22ef78c637b/cnn_core/cnn_core_prj/solution1/impl/verilog/cnn_core_hls_deadlock_kernel_monitor_top.vh \
###     $ROOT/.bender/git/checkouts/cnn-core-338ad22ef78c637b/cnn_core/cnn_core_prj/solution1/impl/verilog/cnn_core_hls_deadlock_report_unit.vh \
### ]
### add_files -norecurse -fileset [current_fileset] [list \
###     $ROOT/.bender/git/checkouts/cnn-core-338ad22ef78c637b/cnn_core/cnn_core_prj/solution1/impl/verilog/cnn_core_mac_muladd_10s_4ns_13s_15_1_1.v \
###     $ROOT/.bender/git/checkouts/cnn-core-338ad22ef78c637b/cnn_core/cnn_core_prj/solution1/impl/verilog/cnn_core_mac_muladd_10s_4ns_15s_15_1_1.v \
###     $ROOT/.bender/git/checkouts/cnn-core-338ad22ef78c637b/cnn_core/cnn_core_prj/solution1/impl/verilog/cnn_core_mac_muladd_10s_5s_15s_16_1_1.v \
###     $ROOT/.bender/git/checkouts/cnn-core-338ad22ef78c637b/cnn_core/cnn_core_prj/solution1/impl/verilog/cnn_core_mac_muladd_10s_5s_16s_16_1_1.v \
###     $ROOT/.bender/git/checkouts/cnn-core-338ad22ef78c637b/cnn_core/cnn_core_prj/solution1/impl/verilog/cnn_core_mul_10s_5s_15_1_1.v \
###     $ROOT/.bender/git/checkouts/cnn-core-338ad22ef78c637b/cnn_core/cnn_core_prj/solution1/impl/verilog/cnn_core_phara_pool_aligned_hybrid_p8_cl_array_array_array_array_config3_config5_s.v \
###     $ROOT/.bender/git/checkouts/cnn-core-338ad22ef78c637b/cnn_core/cnn_core_prj/solution1/impl/verilog/cnn_core_regslice_both.v \
###     $ROOT/.bender/git/checkouts/cnn-core-338ad22ef78c637b/cnn_core/cnn_core_prj/solution1/impl/verilog/cnn_core_relu_array_ap_fixed_48u_array_ap_ufixed_17_8_5_3_0_48u_relu_config8_s.v \
###     $ROOT/.bender/git/checkouts/cnn-core-338ad22ef78c637b/cnn_core/cnn_core_prj/solution1/impl/verilog/cnn_core_scheduled_pool_array_array_ap_fixed_10_5_0_2_0_48u_config9_4u_s.v \
###     $ROOT/.bender/git/checkouts/cnn-core-338ad22ef78c637b/cnn_core/cnn_core_prj/solution1/impl/verilog/cnn_core_shared_conv_array_array_ap_fixed_48u_config7_4u_ravel_matrix_conv2d_1_2u_s.v \
###     $ROOT/.bender/git/checkouts/cnn-core-338ad22ef78c637b/cnn_core/cnn_core_prj/solution1/impl/verilog/cnn_core_sparsemux_17_3_10_1_1.v \
###     $ROOT/.bender/git/checkouts/cnn-core-338ad22ef78c637b/cnn_core/cnn_core_prj/solution1/impl/verilog/cnn_core_start_for_dense_wide_stream_array_array_ap_fixed_21_12_5_3_0_1u_config12_U0.v \
###     $ROOT/.bender/git/checkouts/cnn-core-338ad22ef78c637b/cnn_core/cnn_core_prj/solution1/impl/verilog/cnn_core_start_for_relu_array_ap_fixed_48u_array_ap_ufixed_17_8_5_3_0_48u_relu_config8dEe.v \
###     $ROOT/.bender/git/checkouts/cnn-core-338ad22ef78c637b/cnn_core/cnn_core_prj/solution1/impl/verilog/cnn_core_start_for_scheduled_pool_array_array_ap_fixed_10_5_0_2_0_48u_config9_4u_U0.v \
###     $ROOT/.bender/git/checkouts/cnn-core-338ad22ef78c637b/cnn_core/cnn_core_prj/solution1/impl/verilog/cnn_core_start_for_shared_conv_array_array_ap_fixed_48u_config7_4u_ravel_matrix_conv2dcud.v \
### ]
### add_files -norecurse -fileset [current_fileset] [list \
###     $ROOT/.bender/git/checkouts/cnn-core-wrapper-85593ce6023e5d56/hw/rtl/cnn_core_wrapper_top.v \
### ]
### add_files -norecurse -fileset [current_fileset] [list \
###     $ROOT/.bender/git/checkouts/hilo-trigger-c9008b4370da5322/hw/rtl/PRE_TRIGGER_PKG.vhd \
###     $ROOT/.bender/git/checkouts/hilo-trigger-c9008b4370da5322/hw/rtl/Mult_to_bin.vhd \
###     $ROOT/.bender/git/checkouts/hilo-trigger-c9008b4370da5322/hw/rtl/Pre_trigger_1ch.vhd \
###     $ROOT/.bender/git/checkouts/hilo-trigger-c9008b4370da5322/hw/rtl/Pre_trigger.vhd \
### ]
### add_files -norecurse -fileset [current_fileset] [list \
###     $ROOT/.bender/git/checkouts/hilo-trigger-c9008b4370da5322/hw/constraints/pre_trigger.xdc \
### ]
### add_files -norecurse -fileset [current_fileset] [list \
###     $ROOT/HDL/rtl/AI_TRIGGER_PKG.vhd \
###     $ROOT/HDL/rtl/RESET_SYNC.vhd \
###     $ROOT/HDL/rtl/TRIGGER_MODE_CTRL.vhd \
###     $ROOT/HDL/rtl/HOUSEKEEPING_TRIGGER_CTRL.vhd \
###     $ROOT/HDL/rtl/HILO_INPUT_ADAPTER.vhd \
###     $ROOT/HDL/rtl/HILO_TRIGGER_CTRL.vhd \
###     $ROOT/HDL/rtl/GATED_CNN_READER.vhd \
###     $ROOT/HDL/rtl/TRIGGER_DECISION.vhd \
###     $ROOT/HDL/rtl/ADC_INPUT_CDC_FIFO.vhd \
###     $ROOT/HDL/rtl/CHUNK_ID_CDC_FIFO.vhd \
###     $ROOT/HDL/rtl/TRIGGER_CDC_FIFO.vhd \
###     $ROOT/HDL/rtl/WAVEFORM_RING_BUFFER.vhd \
###     $ROOT/HDL/rtl/RING_READ_ARBITER.vhd \
###     $ROOT/HDL/rtl/EVENT_RECORDER.vhd \
###     $ROOT/HDL/rtl/EVENT_CAPTURE_CTRL.vhd \
###     $ROOT/HDL/rtl/EVENT_OUTPUT_FIFO.vhd \
###     $ROOT/HDL/rtl/EVENT_CAPTURE_PATH.vhd \
###     $ROOT/HDL/rtl/MULTIMODE_EVENT_PATH.vhd \
###     $ROOT/HDL/rtl/ADC_CHUNK_DISTRIBUTOR.vhd \
###     $ROOT/HDL/rtl/CNN_CORE_LANE.vhd \
###     $ROOT/HDL/rtl/CNN_RESULT_ARBITER.vhd \
###     $ROOT/HDL/rtl/AI_TRIGGER_CORE.vhd \
###     $ROOT/HDL/rtl/AI_TRIGGER_TOP.vhd \
### ]
### set_property verilog_define [list \
###     TARGET_FPGA \
###     TARGET_SYNTHESIS \
###     TARGET_VIVADO \
###     TARGET_XILINX \
### ] [current_fileset]
### set_property verilog_define [list \
###     TARGET_FPGA \
###     TARGET_SYNTHESIS \
###     TARGET_VIVADO \
###     TARGET_XILINX \
### ] [current_fileset -simset]
## set dep_xdcs [get_files -quiet -filter {FILE_TYPE == XDC}]
## if {[llength $dep_xdcs] > 0} {
##     puts "INFO: removing dependency XDC files from OOC run:"
##     foreach xdc $dep_xdcs {
##         puts "      $xdc"
##     }
##     remove_files $dep_xdcs
## }
INFO: removing dependency XDC files from OOC run:
      /home/work1/Works/ai-trigger-hilo-v35.lHAri7/.bender/git/checkouts/hilo-trigger-c9008b4370da5322/hw/constraints/pre_trigger.xdc
## set ooc_xdc [file join $repo_root HDL constraints ai_trigger_ooc.xdc]
## if {![file exists $ooc_xdc]} {
##     error "OOC constraint file not found: $ooc_xdc"
## }
## add_files -fileset constrs_1 $ooc_xdc
## set_property top $::RUN_BUILD_TOP [current_fileset]
## update_compile_order -fileset sources_1
## puts "INFO: running out-of-context synthesis..."
INFO: running out-of-context synthesis...
## synth_design \
##     -top $::RUN_BUILD_TOP \
##     -part $::RUN_BUILD_PART \
##     -mode out_of_context \
##     -flatten_hierarchy none
Command: synth_design -top AI_TRIGGER_TOP -part xcku5p-ffvb676-2-e -mode out_of_context -flatten_hierarchy none
Starting synth_design
Attempting to get a license for feature 'Synthesis' and/or device 'xcku5p'
INFO: [Common 17-349] Got license for feature 'Synthesis' and/or device 'xcku5p'
INFO: [Device 21-403] Loading part xcku5p-ffvb676-2-e
INFO: [Synth 8-7079] Multithreading enabled for synth_design using a maximum of 4 processes.
INFO: [Synth 8-7078] Launching helper process for spawning children vivado processes
INFO: [Synth 8-7075] Helper process launched with PID 1782795
---------------------------------------------------------------------------------
Starting RTL Elaboration : Time (s): cpu = 00:00:02 ; elapsed = 00:00:02 . Memory (MB): peak = 2713.000 ; gain = 314.688 ; free physical = 7840 ; free virtual = 43846
---------------------------------------------------------------------------------
WARNING: [Synth 8-9112] actual for formal port 'cnn_result_valid' is neither a static name nor a globally static expression [/home/work1/Works/ai-trigger-hilo-v35.lHAri7/HDL/rtl/AI_TRIGGER_CORE.vhd:215]
INFO: [Synth 8-638] synthesizing module 'AI_TRIGGER_TOP' [/home/work1/Works/ai-trigger-hilo-v35.lHAri7/HDL/rtl/AI_TRIGGER_TOP.vhd:53]
INFO: [Synth 8-638] synthesizing module 'AI_TRIGGER_CORE' [/home/work1/Works/ai-trigger-hilo-v35.lHAri7/HDL/rtl/AI_TRIGGER_CORE.vhd:59]
INFO: [Synth 8-638] synthesizing module 'RESET_SYNC' [/home/work1/Works/ai-trigger-hilo-v35.lHAri7/HDL/rtl/RESET_SYNC.vhd:15]
INFO: [Synth 8-256] done synthesizing module 'RESET_SYNC' (0#1) [/home/work1/Works/ai-trigger-hilo-v35.lHAri7/HDL/rtl/RESET_SYNC.vhd:15]
INFO: [Synth 8-638] synthesizing module 'ADC_CHUNK_DISTRIBUTOR' [/home/work1/Works/ai-trigger-hilo-v35.lHAri7/HDL/rtl/ADC_CHUNK_DISTRIBUTOR.vhd:53]
INFO: [Synth 8-256] done synthesizing module 'ADC_CHUNK_DISTRIBUTOR' (0#1) [/home/work1/Works/ai-trigger-hilo-v35.lHAri7/HDL/rtl/ADC_CHUNK_DISTRIBUTOR.vhd:53]
INFO: [Synth 8-638] synthesizing module 'CNN_CORE_LANE' [/home/work1/Works/ai-trigger-hilo-v35.lHAri7/HDL/rtl/CNN_CORE_LANE.vhd:71]
	Parameter LANE_ID bound to: 0 - type: integer 
	Parameter FIFO_MEMORY_TYPE bound to: block - type: string 
	Parameter FIFO_WRITE_DEPTH bound to: 128 - type: integer 
	Parameter RELATED_CLOCKS bound to: 0 - type: integer 
	Parameter WRITE_DATA_WIDTH bound to: 256 - type: integer 
	Parameter READ_MODE bound to: fwft - type: string 
	Parameter FIFO_READ_LATENCY bound to: 0 - type: integer 
	Parameter FULL_RESET_VALUE bound to: 0 - type: integer 
	Parameter USE_ADV_FEATURES bound to: 1000 - type: string 
	Parameter READ_DATA_WIDTH bound to: 512 - type: integer 
	Parameter CDC_SYNC_STAGES bound to: 2 - type: integer 
	Parameter WR_DATA_COUNT_WIDTH bound to: 8 - type: integer 
	Parameter PROG_FULL_THRESH bound to: 124 - type: integer 
	Parameter RD_DATA_COUNT_WIDTH bound to: 7 - type: integer 
	Parameter PROG_EMPTY_THRESH bound to: 10 - type: integer 
	Parameter DOUT_RESET_VALUE bound to: 0 - type: string 
	Parameter ECC_MODE bound to: no_ecc - type: string 
	Parameter WAKEUP_TIME bound to: 0 - type: integer 
INFO: [Synth 8-3491] module 'xpm_fifo_async' declared at '/tools/Xilinx/Vivado/2023.2/data/ip/xpm/xpm_fifo/hdl/xpm_fifo.sv:2158' bound to instance 'u_FIFO' of component 'xpm_fifo_async' [/home/work1/Works/ai-trigger-hilo-v35.lHAri7/HDL/rtl/CNN_CORE_LANE.vhd:454]
INFO: [Synth 8-6157] synthesizing module 'xpm_fifo_async' [/tools/Xilinx/Vivado/2023.2/data/ip/xpm/xpm_fifo/hdl/xpm_fifo.sv:2158]
	Parameter FIFO_MEMORY_TYPE bound to: block - type: string 
	Parameter ECC_MODE bound to: no_ecc - type: string 
	Parameter RELATED_CLOCKS bound to: 0 - type: integer 
	Parameter FIFO_WRITE_DEPTH bound to: 128 - type: integer 
	Parameter WRITE_DATA_WIDTH bound to: 256 - type: integer 
	Parameter WR_DATA_COUNT_WIDTH bound to: 8 - type: integer 
	Parameter PROG_FULL_THRESH bound to: 124 - type: integer 
	Parameter FULL_RESET_VALUE bound to: 0 - type: integer 
	Parameter USE_ADV_FEATURES bound to: 1000 - type: string 
	Parameter READ_MODE bound to: fwft - type: string 
	Parameter FIFO_READ_LATENCY bound to: 0 - type: integer 
	Parameter READ_DATA_WIDTH bound to: 512 - type: integer 
	Parameter RD_DATA_COUNT_WIDTH bound to: 7 - type: integer 
	Parameter PROG_EMPTY_THRESH bound to: 10 - type: integer 
	Parameter DOUT_RESET_VALUE bound to: 0 - type: string 
	Parameter CDC_SYNC_STAGES bound to: 2 - type: integer 
	Parameter WAKEUP_TIME bound to: 0 - type: integer 
INFO: [Synth 8-6157] synthesizing module 'xpm_fifo_base' [/tools/Xilinx/Vivado/2023.2/data/ip/xpm/xpm_fifo/hdl/xpm_fifo.sv:53]
INFO: [Synth 8-6157] synthesizing module 'xpm_memory_base' [/tools/Xilinx/Vivado/2023.2/data/ip/xpm/xpm_memory/hdl/xpm_memory.sv:54]
INFO: [Synth 8-6155] done synthesizing module 'xpm_memory_base' (0#1) [/tools/Xilinx/Vivado/2023.2/data/ip/xpm/xpm_memory/hdl/xpm_memory.sv:54]
INFO: [Synth 8-6157] synthesizing module 'xpm_cdc_gray' [/tools/Xilinx/Vivado/2023.2/data/ip/xpm/xpm_cdc/hdl/xpm_cdc.sv:283]
INFO: [Synth 8-6155] done synthesizing module 'xpm_cdc_gray' (0#1) [/tools/Xilinx/Vivado/2023.2/data/ip/xpm/xpm_cdc/hdl/xpm_cdc.sv:283]
INFO: [Synth 8-6157] synthesizing module 'xpm_fifo_reg_vec' [/tools/Xilinx/Vivado/2023.2/data/ip/xpm/xpm_fifo/hdl/xpm_fifo.sv:1892]
INFO: [Synth 8-6155] done synthesizing module 'xpm_fifo_reg_vec' (0#1) [/tools/Xilinx/Vivado/2023.2/data/ip/xpm/xpm_fifo/hdl/xpm_fifo.sv:1892]
INFO: [Synth 8-6157] synthesizing module 'xpm_cdc_gray__parameterized0' [/tools/Xilinx/Vivado/2023.2/data/ip/xpm/xpm_cdc/hdl/xpm_cdc.sv:283]
INFO: [Synth 8-6155] done synthesizing module 'xpm_cdc_gray__parameterized0' (0#1) [/tools/Xilinx/Vivado/2023.2/data/ip/xpm/xpm_cdc/hdl/xpm_cdc.sv:283]
INFO: [Synth 8-6157] synthesizing module 'xpm_fifo_reg_vec__parameterized0' [/tools/Xilinx/Vivado/2023.2/data/ip/xpm/xpm_fifo/hdl/xpm_fifo.sv:1892]
INFO: [Synth 8-6155] done synthesizing module 'xpm_fifo_reg_vec__parameterized0' (0#1) [/tools/Xilinx/Vivado/2023.2/data/ip/xpm/xpm_fifo/hdl/xpm_fifo.sv:1892]
INFO: [Synth 8-6157] synthesizing module 'xpm_cdc_gray__parameterized1' [/tools/Xilinx/Vivado/2023.2/data/ip/xpm/xpm_cdc/hdl/xpm_cdc.sv:283]
INFO: [Synth 8-6155] done synthesizing module 'xpm_cdc_gray__parameterized1' (0#1) [/tools/Xilinx/Vivado/2023.2/data/ip/xpm/xpm_cdc/hdl/xpm_cdc.sv:283]
INFO: [Synth 8-6157] synthesizing module 'xpm_fifo_reg_vec__parameterized1' [/tools/Xilinx/Vivado/2023.2/data/ip/xpm/xpm_fifo/hdl/xpm_fifo.sv:1892]
INFO: [Synth 8-6155] done synthesizing module 'xpm_fifo_reg_vec__parameterized1' (0#1) [/tools/Xilinx/Vivado/2023.2/data/ip/xpm/xpm_fifo/hdl/xpm_fifo.sv:1892]
INFO: [Synth 8-226] default block is never used [/tools/Xilinx/Vivado/2023.2/data/ip/xpm/xpm_fifo/hdl/xpm_fifo.sv:1214]
INFO: [Synth 8-226] default block is never used [/tools/Xilinx/Vivado/2023.2/data/ip/xpm/xpm_fifo/hdl/xpm_fifo.sv:1281]
INFO: [Synth 8-226] default block is never used [/tools/Xilinx/Vivado/2023.2/data/ip/xpm/xpm_fifo/hdl/xpm_fifo.sv:1303]
INFO: [Synth 8-6157] synthesizing module 'xpm_fifo_reg_bit' [/tools/Xilinx/Vivado/2023.2/data/ip/xpm/xpm_fifo/hdl/xpm_fifo.sv:1914]
INFO: [Synth 8-6155] done synthesizing module 'xpm_fifo_reg_bit' (0#1) [/tools/Xilinx/Vivado/2023.2/data/ip/xpm/xpm_fifo/hdl/xpm_fifo.sv:1914]
INFO: [Synth 8-6157] synthesizing module 'xpm_counter_updn' [/tools/Xilinx/Vivado/2023.2/data/ip/xpm/xpm_fifo/hdl/xpm_fifo.sv:1866]
INFO: [Synth 8-6155] done synthesizing module 'xpm_counter_updn' (0#1) [/tools/Xilinx/Vivado/2023.2/data/ip/xpm/xpm_fifo/hdl/xpm_fifo.sv:1866]
INFO: [Synth 8-6157] synthesizing module 'xpm_fifo_rst' [/tools/Xilinx/Vivado/2023.2/data/ip/xpm/xpm_fifo/hdl/xpm_fifo.sv:1626]
INFO: [Synth 8-6157] synthesizing module 'xpm_cdc_sync_rst' [/tools/Xilinx/Vivado/2023.2/data/ip/xpm/xpm_cdc/hdl/xpm_cdc.sv:1059]
INFO: [Synth 8-6155] done synthesizing module 'xpm_cdc_sync_rst' (0#1) [/tools/Xilinx/Vivado/2023.2/data/ip/xpm/xpm_cdc/hdl/xpm_cdc.sv:1059]
INFO: [Synth 8-6155] done synthesizing module 'xpm_fifo_rst' (0#1) [/tools/Xilinx/Vivado/2023.2/data/ip/xpm/xpm_fifo/hdl/xpm_fifo.sv:1626]
INFO: [Synth 8-6157] synthesizing module 'xpm_counter_updn__parameterized0' [/tools/Xilinx/Vivado/2023.2/data/ip/xpm/xpm_fifo/hdl/xpm_fifo.sv:1866]
INFO: [Synth 8-6155] done synthesizing module 'xpm_counter_updn__parameterized0' (0#1) [/tools/Xilinx/Vivado/2023.2/data/ip/xpm/xpm_fifo/hdl/xpm_fifo.sv:1866]
INFO: [Synth 8-6157] synthesizing module 'xpm_counter_updn__parameterized1' [/tools/Xilinx/Vivado/2023.2/data/ip/xpm/xpm_fifo/hdl/xpm_fifo.sv:1866]
INFO: [Synth 8-6155] done synthesizing module 'xpm_counter_updn__parameterized1' (0#1) [/tools/Xilinx/Vivado/2023.2/data/ip/xpm/xpm_fifo/hdl/xpm_fifo.sv:1866]
INFO: [Synth 8-6157] synthesizing module 'xpm_counter_updn__parameterized2' [/tools/Xilinx/Vivado/2023.2/data/ip/xpm/xpm_fifo/hdl/xpm_fifo.sv:1866]
INFO: [Synth 8-6155] done synthesizing module 'xpm_counter_updn__parameterized2' (0#1) [/tools/Xilinx/Vivado/2023.2/data/ip/xpm/xpm_fifo/hdl/xpm_fifo.sv:1866]
INFO: [Synth 8-6157] synthesizing module 'xpm_counter_updn__parameterized3' [/tools/Xilinx/Vivado/2023.2/data/ip/xpm/xpm_fifo/hdl/xpm_fifo.sv:1866]
INFO: [Synth 8-6155] done synthesizing module 'xpm_counter_updn__parameterized3' (0#1) [/tools/Xilinx/Vivado/2023.2/data/ip/xpm/xpm_fifo/hdl/xpm_fifo.sv:1866]
INFO: [Synth 8-6157] synthesizing module 'xpm_counter_updn__parameterized4' [/tools/Xilinx/Vivado/2023.2/data/ip/xpm/xpm_fifo/hdl/xpm_fifo.sv:1866]
INFO: [Synth 8-6155] done synthesizing module 'xpm_counter_updn__parameterized4' (0#1) [/tools/Xilinx/Vivado/2023.2/data/ip/xpm/xpm_fifo/hdl/xpm_fifo.sv:1866]
INFO: [Synth 8-6155] done synthesizing module 'xpm_fifo_base' (0#1) [/tools/Xilinx/Vivado/2023.2/data/ip/xpm/xpm_fifo/hdl/xpm_fifo.sv:53]
INFO: [Synth 8-6155] done synthesizing module 'xpm_fifo_async' (0#1) [/tools/Xilinx/Vivado/2023.2/data/ip/xpm/xpm_fifo/hdl/xpm_fifo.sv:2158]
	Parameter DEST_EXT_HSK bound to: 0 - type: integer 
	Parameter DEST_SYNC_FF bound to: 2 - type: integer 
	Parameter INIT_SYNC_FF bound to: 0 - type: integer 
	Parameter SIM_ASSERT_CHK bound to: 0 - type: integer 
	Parameter SRC_SYNC_FF bound to: 2 - type: integer 
	Parameter WIDTH bound to: 84 - type: integer 
INFO: [Synth 8-3491] module 'xpm_cdc_handshake' declared at '/tools/Xilinx/Vivado/2023.2/data/ip/xpm/xpm_cdc/hdl/xpm_cdc.sv:468' bound to instance 'u_CHUNK_ID_CDC' of component 'xpm_cdc_handshake' [/home/work1/Works/ai-trigger-hilo-v35.lHAri7/HDL/rtl/CNN_CORE_LANE.vhd:500]
INFO: [Synth 8-6157] synthesizing module 'xpm_cdc_handshake' [/tools/Xilinx/Vivado/2023.2/data/ip/xpm/xpm_cdc/hdl/xpm_cdc.sv:468]
	Parameter DEST_EXT_HSK bound to: 0 - type: integer 
	Parameter DEST_SYNC_FF bound to: 2 - type: integer 
	Parameter INIT_SYNC_FF bound to: 0 - type: integer 
	Parameter SIM_ASSERT_CHK bound to: 0 - type: integer 
	Parameter SRC_SYNC_FF bound to: 2 - type: integer 
	Parameter WIDTH bound to: 84 - type: integer 
INFO: [Synth 8-6157] synthesizing module 'xpm_cdc_single' [/tools/Xilinx/Vivado/2023.2/data/ip/xpm/xpm_cdc/hdl/xpm_cdc.sv:152]
INFO: [Synth 8-6155] done synthesizing module 'xpm_cdc_single' (0#1) [/tools/Xilinx/Vivado/2023.2/data/ip/xpm/xpm_cdc/hdl/xpm_cdc.sv:152]
INFO: [Synth 8-6155] done synthesizing module 'xpm_cdc_handshake' (0#1) [/tools/Xilinx/Vivado/2023.2/data/ip/xpm/xpm_cdc/hdl/xpm_cdc.sv:468]
	Parameter INPUT_WIDTH bound to: 512 - type: integer 
	Parameter OUTPUT_WIDTH bound to: 32 - type: integer 
	Parameter NUM_TIMESTEPS bound to: 256 - type: integer 
	Parameter NUM_CHANNELS bound to: 4 - type: integer 
INFO: [Synth 8-3491] module 'WRAPPER_TOP' declared at '/home/work1/Works/ai-trigger-hilo-v35.lHAri7/.bender/git/checkouts/cnn-core-wrapper-85593ce6023e5d56/hw/rtl/cnn_core_wrapper_top.v:4' bound to instance 'u_WRAPPER' of component 'WRAPPER_TOP' [/home/work1/Works/ai-trigger-hilo-v35.lHAri7/HDL/rtl/CNN_CORE_LANE.vhd:523]
INFO: [Synth 8-6157] synthesizing module 'WRAPPER_TOP' [/home/work1/Works/ai-trigger-hilo-v35.lHAri7/.bender/git/checkouts/cnn-core-wrapper-85593ce6023e5d56/hw/rtl/cnn_core_wrapper_top.v:4]
	Parameter INPUT_WIDTH bound to: 512 - type: integer 
	Parameter OUTPUT_WIDTH bound to: 32 - type: integer 
	Parameter NUM_TIMESTEPS bound to: 256 - type: integer 
	Parameter NUM_CHANNELS bound to: 4 - type: integer 
INFO: [Synth 8-6157] synthesizing module 'cnn_core' [/home/work1/Works/ai-trigger-hilo-v35.lHAri7/.bender/git/checkouts/cnn-core-338ad22ef78c637b/cnn_core/cnn_core_prj/solution1/impl/verilog/cnn_core.v:9]
INFO: [Synth 8-6157] synthesizing module 'cnn_core_phara_pool_aligned_hybrid_p8_cl_array_array_array_array_config3_config5_s' [/home/work1/Works/ai-trigger-hilo-v35.lHAri7/.bender/git/checkouts/cnn-core-338ad22ef78c637b/cnn_core/cnn_core_prj/solution1/impl/verilog/cnn_core_phara_pool_aligned_hybrid_p8_cl_array_array_array_array_config3_config5_s.v:9]
WARNING: [Synth 8-5974] attribute "use_dsp48" has been deprecated, please use "use_dsp" instead 
WARNING: [Synth 8-5974] attribute "use_dsp48" has been deprecated, please use "use_dsp" instead 
WARNING: [Synth 8-5974] attribute "use_dsp48" has been deprecated, please use "use_dsp" instead 
WARNING: [Synth 8-5974] attribute "use_dsp48" has been deprecated, please use "use_dsp" instead 
WARNING: [Synth 8-5974] attribute "use_dsp48" has been deprecated, please use "use_dsp" instead 
WARNING: [Synth 8-5974] attribute "use_dsp48" has been deprecated, please use "use_dsp" instead 
WARNING: [Synth 8-5974] attribute "use_dsp48" has been deprecated, please use "use_dsp" instead 
WARNING: [Synth 8-5974] attribute "use_dsp48" has been deprecated, please use "use_dsp" instead 
INFO: [Synth 8-6157] synthesizing module 'cnn_core_sparsemux_17_3_10_1_1' [/home/work1/Works/ai-trigger-hilo-v35.lHAri7/.bender/git/checkouts/cnn-core-338ad22ef78c637b/cnn_core/cnn_core_prj/solution1/impl/verilog/cnn_core_sparsemux_17_3_10_1_1.v:9]
	Parameter din0_WIDTH bound to: 10 - type: integer 
	Parameter din1_WIDTH bound to: 10 - type: integer 
	Parameter din2_WIDTH bound to: 10 - type: integer 
	Parameter din3_WIDTH bound to: 10 - type: integer 
	Parameter din4_WIDTH bound to: 10 - type: integer 
	Parameter din5_WIDTH bound to: 10 - type: integer 
	Parameter din6_WIDTH bound to: 10 - type: integer 
	Parameter din7_WIDTH bound to: 10 - type: integer 
	Parameter def_WIDTH bound to: 10 - type: integer 
	Parameter sel_WIDTH bound to: 3 - type: integer 
	Parameter dout_WIDTH bound to: 10 - type: integer 
	Parameter CASE0 bound to: 3'b000 
	Parameter CASE1 bound to: 3'b011 
	Parameter CASE2 bound to: 3'b110 
	Parameter CASE3 bound to: 3'b001 
	Parameter CASE4 bound to: 3'b100 
	Parameter CASE5 bound to: 3'b111 
	Parameter CASE6 bound to: 3'b010 
	Parameter CASE7 bound to: 3'b101 
	Parameter ID bound to: 1 - type: integer 
	Parameter NUM_STAGE bound to: 1 - type: integer 
INFO: [Synth 8-226] default block is never used [/home/work1/Works/ai-trigger-hilo-v35.lHAri7/.bender/git/checkouts/cnn-core-338ad22ef78c637b/cnn_core/cnn_core_prj/solution1/impl/verilog/cnn_core_sparsemux_17_3_10_1_1.v:78]
INFO: [Synth 8-6155] done synthesizing module 'cnn_core_sparsemux_17_3_10_1_1' (0#1) [/home/work1/Works/ai-trigger-hilo-v35.lHAri7/.bender/git/checkouts/cnn-core-338ad22ef78c637b/cnn_core/cnn_core_prj/solution1/impl/verilog/cnn_core_sparsemux_17_3_10_1_1.v:9]
INFO: [Synth 8-6157] synthesizing module 'cnn_core_sparsemux_17_3_10_1_1__parameterized0' [/home/work1/Works/ai-trigger-hilo-v35.lHAri7/.bender/git/checkouts/cnn-core-338ad22ef78c637b/cnn_core/cnn_core_prj/solution1/impl/verilog/cnn_core_sparsemux_17_3_10_1_1.v:9]
	Parameter din0_WIDTH bound to: 10 - type: integer 
	Parameter din1_WIDTH bound to: 10 - type: integer 
	Parameter din2_WIDTH bound to: 10 - type: integer 
	Parameter din3_WIDTH bound to: 10 - type: integer 
	Parameter din4_WIDTH bound to: 10 - type: integer 
	Parameter din5_WIDTH bound to: 10 - type: integer 
	Parameter din6_WIDTH bound to: 10 - type: integer 
	Parameter din7_WIDTH bound to: 10 - type: integer 
	Parameter def_WIDTH bound to: 10 - type: integer 
	Parameter sel_WIDTH bound to: 3 - type: integer 
	Parameter dout_WIDTH bound to: 10 - type: integer 
	Parameter CASE0 bound to: 3'b101 
	Parameter CASE1 bound to: 3'b000 
	Parameter CASE2 bound to: 3'b011 
	Parameter CASE3 bound to: 3'b110 
	Parameter CASE4 bound to: 3'b001 
	Parameter CASE5 bound to: 3'b100 
	Parameter CASE6 bound to: 3'b111 
	Parameter CASE7 bound to: 3'b010 
	Parameter ID bound to: 1 - type: integer 
	Parameter NUM_STAGE bound to: 1 - type: integer 
INFO: [Synth 8-226] default block is never used [/home/work1/Works/ai-trigger-hilo-v35.lHAri7/.bender/git/checkouts/cnn-core-338ad22ef78c637b/cnn_core/cnn_core_prj/solution1/impl/verilog/cnn_core_sparsemux_17_3_10_1_1.v:78]
INFO: [Synth 8-6155] done synthesizing module 'cnn_core_sparsemux_17_3_10_1_1__parameterized0' (0#1) [/home/work1/Works/ai-trigger-hilo-v35.lHAri7/.bender/git/checkouts/cnn-core-338ad22ef78c637b/cnn_core/cnn_core_prj/solution1/impl/verilog/cnn_core_sparsemux_17_3_10_1_1.v:9]
INFO: [Synth 8-6157] synthesizing module 'cnn_core_sparsemux_17_3_10_1_1__parameterized1' [/home/work1/Works/ai-trigger-hilo-v35.lHAri7/.bender/git/checkouts/cnn-core-338ad22ef78c637b/cnn_core/cnn_core_prj/solution1/impl/verilog/cnn_core_sparsemux_17_3_10_1_1.v:9]
	Parameter din0_WIDTH bound to: 10 - type: integer 
	Parameter din1_WIDTH bound to: 10 - type: integer 
	Parameter din2_WIDTH bound to: 10 - type: integer 
	Parameter din3_WIDTH bound to: 10 - type: integer 
	Parameter din4_WIDTH bound to: 10 - type: integer 
	Parameter din5_WIDTH bound to: 10 - type: integer 
	Parameter din6_WIDTH bound to: 10 - type: integer 
	Parameter din7_WIDTH bound to: 10 - type: integer 
	Parameter def_WIDTH bound to: 10 - type: integer 
	Parameter sel_WIDTH bound to: 3 - type: integer 
	Parameter dout_WIDTH bound to: 10 - type: integer 
	Parameter CASE0 bound to: 3'b010 
	Parameter CASE1 bound to: 3'b101 
	Parameter CASE2 bound to: 3'b000 
	Parameter CASE3 bound to: 3'b011 
	Parameter CASE4 bound to: 3'b110 
	Parameter CASE5 bound to: 3'b001 
	Parameter CASE6 bound to: 3'b100 
	Parameter CASE7 bound to: 3'b111 
	Parameter ID bound to: 1 - type: integer 
	Parameter NUM_STAGE bound to: 1 - type: integer 
INFO: [Synth 8-226] default block is never used [/home/work1/Works/ai-trigger-hilo-v35.lHAri7/.bender/git/checkouts/cnn-core-338ad22ef78c637b/cnn_core/cnn_core_prj/solution1/impl/verilog/cnn_core_sparsemux_17_3_10_1_1.v:78]
INFO: [Synth 8-6155] done synthesizing module 'cnn_core_sparsemux_17_3_10_1_1__parameterized1' (0#1) [/home/work1/Works/ai-trigger-hilo-v35.lHAri7/.bender/git/checkouts/cnn-core-338ad22ef78c637b/cnn_core/cnn_core_prj/solution1/impl/verilog/cnn_core_sparsemux_17_3_10_1_1.v:9]
INFO: [Synth 8-6157] synthesizing module 'cnn_core_sparsemux_17_3_10_1_1__parameterized2' [/home/work1/Works/ai-trigger-hilo-v35.lHAri7/.bender/git/checkouts/cnn-core-338ad22ef78c637b/cnn_core/cnn_core_prj/solution1/impl/verilog/cnn_core_sparsemux_17_3_10_1_1.v:9]
	Parameter din0_WIDTH bound to: 10 - type: integer 
	Parameter din1_WIDTH bound to: 10 - type: integer 
	Parameter din2_WIDTH bound to: 10 - type: integer 
	Parameter din3_WIDTH bound to: 10 - type: integer 
	Parameter din4_WIDTH bound to: 10 - type: integer 
	Parameter din5_WIDTH bound to: 10 - type: integer 
	Parameter din6_WIDTH bound to: 10 - type: integer 
	Parameter din7_WIDTH bound to: 10 - type: integer 
	Parameter def_WIDTH bound to: 10 - type: integer 
	Parameter sel_WIDTH bound to: 3 - type: integer 
	Parameter dout_WIDTH bound to: 10 - type: integer 
	Parameter CASE0 bound to: 3'b111 
	Parameter CASE1 bound to: 3'b010 
	Parameter CASE2 bound to: 3'b101 
	Parameter CASE3 bound to: 3'b000 
	Parameter CASE4 bound to: 3'b011 
	Parameter CASE5 bound to: 3'b110 
	Parameter CASE6 bound to: 3'b001 
	Parameter CASE7 bound to: 3'b100 
	Parameter ID bound to: 1 - type: integer 
	Parameter NUM_STAGE bound to: 1 - type: integer 
INFO: [Synth 8-226] default block is never used [/home/work1/Works/ai-trigger-hilo-v35.lHAri7/.bender/git/checkouts/cnn-core-338ad22ef78c637b/cnn_core/cnn_core_prj/solution1/impl/verilog/cnn_core_sparsemux_17_3_10_1_1.v:78]
INFO: [Synth 8-6155] done synthesizing module 'cnn_core_sparsemux_17_3_10_1_1__parameterized2' (0#1) [/home/work1/Works/ai-trigger-hilo-v35.lHAri7/.bender/git/checkouts/cnn-core-338ad22ef78c637b/cnn_core/cnn_core_prj/solution1/impl/verilog/cnn_core_sparsemux_17_3_10_1_1.v:9]
INFO: [Synth 8-6157] synthesizing module 'cnn_core_mul_10s_5s_15_1_1' [/home/work1/Works/ai-trigger-hilo-v35.lHAri7/.bender/git/checkouts/cnn-core-338ad22ef78c637b/cnn_core/cnn_core_prj/solution1/impl/verilog/cnn_core_mul_10s_5s_15_1_1.v:5]
	Parameter ID bound to: 1 - type: integer 
	Parameter NUM_STAGE bound to: 1 - type: integer 
	Parameter din0_WIDTH bound to: 10 - type: integer 
	Parameter din1_WIDTH bound to: 5 - type: integer 
	Parameter dout_WIDTH bound to: 15 - type: integer 
INFO: [Synth 8-6155] done synthesizing module 'cnn_core_mul_10s_5s_15_1_1' (0#1) [/home/work1/Works/ai-trigger-hilo-v35.lHAri7/.bender/git/checkouts/cnn-core-338ad22ef78c637b/cnn_core/cnn_core_prj/solution1/impl/verilog/cnn_core_mul_10s_5s_15_1_1.v:5]
INFO: [Synth 8-6157] synthesizing module 'cnn_core_mac_muladd_10s_4ns_13s_15_1_1' [/home/work1/Works/ai-trigger-hilo-v35.lHAri7/.bender/git/checkouts/cnn-core-338ad22ef78c637b/cnn_core/cnn_core_prj/solution1/impl/verilog/cnn_core_mac_muladd_10s_4ns_13s_15_1_1.v:33]
	Parameter ID bound to: 1 - type: integer 
	Parameter NUM_STAGE bound to: 1 - type: integer 
	Parameter din0_WIDTH bound to: 10 - type: integer 
	Parameter din1_WIDTH bound to: 4 - type: integer 
	Parameter din2_WIDTH bound to: 13 - type: integer 
	Parameter dout_WIDTH bound to: 15 - type: integer 
INFO: [Synth 8-6157] synthesizing module 'cnn_core_mac_muladd_10s_4ns_13s_15_1_1_DSP48_0' [/home/work1/Works/ai-trigger-hilo-v35.lHAri7/.bender/git/checkouts/cnn-core-338ad22ef78c637b/cnn_core/cnn_core_prj/solution1/impl/verilog/cnn_core_mac_muladd_10s_4ns_13s_15_1_1.v:10]
INFO: [Synth 8-6155] done synthesizing module 'cnn_core_mac_muladd_10s_4ns_13s_15_1_1_DSP48_0' (0#1) [/home/work1/Works/ai-trigger-hilo-v35.lHAri7/.bender/git/checkouts/cnn-core-338ad22ef78c637b/cnn_core/cnn_core_prj/solution1/impl/verilog/cnn_core_mac_muladd_10s_4ns_13s_15_1_1.v:10]
INFO: [Synth 8-6155] done synthesizing module 'cnn_core_mac_muladd_10s_4ns_13s_15_1_1' (0#1) [/home/work1/Works/ai-trigger-hilo-v35.lHAri7/.bender/git/checkouts/cnn-core-338ad22ef78c637b/cnn_core/cnn_core_prj/solution1/impl/verilog/cnn_core_mac_muladd_10s_4ns_13s_15_1_1.v:33]
INFO: [Synth 8-6157] synthesizing module 'cnn_core_regslice_both' [/home/work1/Works/ai-trigger-hilo-v35.lHAri7/.bender/git/checkouts/cnn-core-338ad22ef78c637b/cnn_core/cnn_core_prj/solution1/impl/verilog/cnn_core_regslice_both.v:11]
	Parameter DataWidth bound to: 512 - type: integer 
INFO: [Synth 8-6155] done synthesizing module 'cnn_core_regslice_both' (0#1) [/home/work1/Works/ai-trigger-hilo-v35.lHAri7/.bender/git/checkouts/cnn-core-338ad22ef78c637b/cnn_core/cnn_core_prj/solution1/impl/verilog/cnn_core_regslice_both.v:11]
INFO: [Synth 8-6155] done synthesizing module 'cnn_core_phara_pool_aligned_hybrid_p8_cl_array_array_array_array_config3_config5_s' (0#1) [/home/work1/Works/ai-trigger-hilo-v35.lHAri7/.bender/git/checkouts/cnn-core-338ad22ef78c637b/cnn_core/cnn_core_prj/solution1/impl/verilog/cnn_core_phara_pool_aligned_hybrid_p8_cl_array_array_array_array_config3_config5_s.v:9]
INFO: [Synth 8-6157] synthesizing module 'cnn_core_shared_conv_array_array_ap_fixed_48u_config7_4u_ravel_matrix_conv2d_1_2u_s' [/home/work1/Works/ai-trigger-hilo-v35.lHAri7/.bender/git/checkouts/cnn-core-338ad22ef78c637b/cnn_core/cnn_core_prj/solution1/impl/verilog/cnn_core_shared_conv_array_array_ap_fixed_48u_config7_4u_ravel_matrix_conv2d_1_2u_s.v:9]
INFO: [Synth 8-6157] synthesizing module 'cnn_core_flow_control_loop_pipe' [/home/work1/Works/ai-trigger-hilo-v35.lHAri7/.bender/git/checkouts/cnn-core-338ad22ef78c637b/cnn_core/cnn_core_prj/solution1/impl/verilog/cnn_core_flow_control_loop_pipe.v:11]
INFO: [Synth 8-6155] done synthesizing module 'cnn_core_flow_control_loop_pipe' (0#1) [/home/work1/Works/ai-trigger-hilo-v35.lHAri7/.bender/git/checkouts/cnn-core-338ad22ef78c637b/cnn_core/cnn_core_prj/solution1/impl/verilog/cnn_core_flow_control_loop_pipe.v:11]
INFO: [Synth 8-6155] done synthesizing module 'cnn_core_shared_conv_array_array_ap_fixed_48u_config7_4u_ravel_matrix_conv2d_1_2u_s' (0#1) [/home/work1/Works/ai-trigger-hilo-v35.lHAri7/.bender/git/checkouts/cnn-core-338ad22ef78c637b/cnn_core/cnn_core_prj/solution1/impl/verilog/cnn_core_shared_conv_array_array_ap_fixed_48u_config7_4u_ravel_matrix_conv2d_1_2u_s.v:9]
INFO: [Synth 8-6157] synthesizing module 'cnn_core_relu_array_ap_fixed_48u_array_ap_ufixed_17_8_5_3_0_48u_relu_config8_s' [/home/work1/Works/ai-trigger-hilo-v35.lHAri7/.bender/git/checkouts/cnn-core-338ad22ef78c637b/cnn_core/cnn_core_prj/solution1/impl/verilog/cnn_core_relu_array_ap_fixed_48u_array_ap_ufixed_17_8_5_3_0_48u_relu_config8_s.v:9]
INFO: [Synth 8-6155] done synthesizing module 'cnn_core_relu_array_ap_fixed_48u_array_ap_ufixed_17_8_5_3_0_48u_relu_config8_s' (0#1) [/home/work1/Works/ai-trigger-hilo-v35.lHAri7/.bender/git/checkouts/cnn-core-338ad22ef78c637b/cnn_core/cnn_core_prj/solution1/impl/verilog/cnn_core_relu_array_ap_fixed_48u_array_ap_ufixed_17_8_5_3_0_48u_relu_config8_s.v:9]
INFO: [Synth 8-6157] synthesizing module 'cnn_core_scheduled_pool_array_array_ap_fixed_10_5_0_2_0_48u_config9_4u_s' [/home/work1/Works/ai-trigger-hilo-v35.lHAri7/.bender/git/checkouts/cnn-core-338ad22ef78c637b/cnn_core/cnn_core_prj/solution1/impl/verilog/cnn_core_scheduled_pool_array_array_ap_fixed_10_5_0_2_0_48u_config9_4u_s.v:9]
INFO: [Synth 8-6155] done synthesizing module 'cnn_core_scheduled_pool_array_array_ap_fixed_10_5_0_2_0_48u_config9_4u_s' (0#1) [/home/work1/Works/ai-trigger-hilo-v35.lHAri7/.bender/git/checkouts/cnn-core-338ad22ef78c637b/cnn_core/cnn_core_prj/solution1/impl/verilog/cnn_core_scheduled_pool_array_array_ap_fixed_10_5_0_2_0_48u_config9_4u_s.v:9]
INFO: [Synth 8-6157] synthesizing module 'cnn_core_dense_wide_stream_array_array_ap_fixed_21_12_5_3_0_1u_config12_s' [/home/work1/Works/ai-trigger-hilo-v35.lHAri7/.bender/git/checkouts/cnn-core-338ad22ef78c637b/cnn_core/cnn_core_prj/solution1/impl/verilog/cnn_core_dense_wide_stream_array_array_ap_fixed_21_12_5_3_0_1u_config12_s.v:9]
INFO: [Synth 8-6157] synthesizing module 'cnn_core_dense_wide_stream_array_array_ap_fixed_1u_config12_Pipeline_DenseValues' [/home/work1/Works/ai-trigger-hilo-v35.lHAri7/.bender/git/checkouts/cnn-core-338ad22ef78c637b/cnn_core/cnn_core_prj/solution1/impl/verilog/cnn_core_dense_wide_stream_array_array_ap_fixed_1u_config12_Pipeline_DenseValues.v:9]
INFO: [Synth 8-6157] synthesizing module 'cnn_core_dense_wide_stream_array_array_ap_fixed_1u_config12_Pipeline_DenseValues_w12_rbkb' [/home/work1/Works/ai-trigger-hilo-v35.lHAri7/.bender/git/checkouts/cnn-core-338ad22ef78c637b/cnn_core/cnn_core_prj/solution1/impl/verilog/cnn_core_dense_wide_stream_array_array_ap_fixed_1u_config12_Pipeline_DenseValues_w12_rbkb.v:7]
	Parameter DataWidth bound to: 239 - type: integer 
	Parameter AddressWidth bound to: 3 - type: integer 
	Parameter AddressRange bound to: 6 - type: integer 
INFO: [Synth 8-3876] $readmem data file './cnn_core_dense_wide_stream_array_array_ap_fixed_1u_config12_Pipeline_DenseValues_w12_rbkb.dat' is read successfully [/home/work1/Works/ai-trigger-hilo-v35.lHAri7/.bender/git/checkouts/cnn-core-338ad22ef78c637b/cnn_core/cnn_core_prj/solution1/impl/verilog/cnn_core_dense_wide_stream_array_array_ap_fixed_1u_config12_Pipeline_DenseValues_w12_rbkb.v:28]
INFO: [Synth 8-6155] done synthesizing module 'cnn_core_dense_wide_stream_array_array_ap_fixed_1u_config12_Pipeline_DenseValues_w12_rbkb' (0#1) [/home/work1/Works/ai-trigger-hilo-v35.lHAri7/.bender/git/checkouts/cnn-core-338ad22ef78c637b/cnn_core/cnn_core_prj/solution1/impl/verilog/cnn_core_dense_wide_stream_array_array_ap_fixed_1u_config12_Pipeline_DenseValues_w12_rbkb.v:7]
INFO: [Synth 8-6157] synthesizing module 'cnn_core_mac_muladd_10s_5s_15s_16_1_1' [/home/work1/Works/ai-trigger-hilo-v35.lHAri7/.bender/git/checkouts/cnn-core-338ad22ef78c637b/cnn_core/cnn_core_prj/solution1/impl/verilog/cnn_core_mac_muladd_10s_5s_15s_16_1_1.v:33]
	Parameter ID bound to: 1 - type: integer 
	Parameter NUM_STAGE bound to: 1 - type: integer 
	Parameter din0_WIDTH bound to: 10 - type: integer 
	Parameter din1_WIDTH bound to: 5 - type: integer 
	Parameter din2_WIDTH bound to: 15 - type: integer 
	Parameter dout_WIDTH bound to: 16 - type: integer 
INFO: [Synth 8-6157] synthesizing module 'cnn_core_mac_muladd_10s_5s_15s_16_1_1_DSP48_1' [/home/work1/Works/ai-trigger-hilo-v35.lHAri7/.bender/git/checkouts/cnn-core-338ad22ef78c637b/cnn_core/cnn_core_prj/solution1/impl/verilog/cnn_core_mac_muladd_10s_5s_15s_16_1_1.v:10]
INFO: [Synth 8-6155] done synthesizing module 'cnn_core_mac_muladd_10s_5s_15s_16_1_1_DSP48_1' (0#1) [/home/work1/Works/ai-trigger-hilo-v35.lHAri7/.bender/git/checkouts/cnn-core-338ad22ef78c637b/cnn_core/cnn_core_prj/solution1/impl/verilog/cnn_core_mac_muladd_10s_5s_15s_16_1_1.v:10]
INFO: [Synth 8-6155] done synthesizing module 'cnn_core_mac_muladd_10s_5s_15s_16_1_1' (0#1) [/home/work1/Works/ai-trigger-hilo-v35.lHAri7/.bender/git/checkouts/cnn-core-338ad22ef78c637b/cnn_core/cnn_core_prj/solution1/impl/verilog/cnn_core_mac_muladd_10s_5s_15s_16_1_1.v:33]
INFO: [Synth 8-6157] synthesizing module 'cnn_core_mac_muladd_10s_4ns_15s_15_1_1' [/home/work1/Works/ai-trigger-hilo-v35.lHAri7/.bender/git/checkouts/cnn-core-338ad22ef78c637b/cnn_core/cnn_core_prj/solution1/impl/verilog/cnn_core_mac_muladd_10s_4ns_15s_15_1_1.v:33]
	Parameter ID bound to: 1 - type: integer 
	Parameter NUM_STAGE bound to: 1 - type: integer 
	Parameter din0_WIDTH bound to: 10 - type: integer 
	Parameter din1_WIDTH bound to: 4 - type: integer 
	Parameter din2_WIDTH bound to: 15 - type: integer 
	Parameter dout_WIDTH bound to: 15 - type: integer 
INFO: [Synth 8-6157] synthesizing module 'cnn_core_mac_muladd_10s_4ns_15s_15_1_1_DSP48_2' [/home/work1/Works/ai-trigger-hilo-v35.lHAri7/.bender/git/checkouts/cnn-core-338ad22ef78c637b/cnn_core/cnn_core_prj/solution1/impl/verilog/cnn_core_mac_muladd_10s_4ns_15s_15_1_1.v:10]
INFO: [Synth 8-6155] done synthesizing module 'cnn_core_mac_muladd_10s_4ns_15s_15_1_1_DSP48_2' (0#1) [/home/work1/Works/ai-trigger-hilo-v35.lHAri7/.bender/git/checkouts/cnn-core-338ad22ef78c637b/cnn_core/cnn_core_prj/solution1/impl/verilog/cnn_core_mac_muladd_10s_4ns_15s_15_1_1.v:10]
INFO: [Synth 8-6155] done synthesizing module 'cnn_core_mac_muladd_10s_4ns_15s_15_1_1' (0#1) [/home/work1/Works/ai-trigger-hilo-v35.lHAri7/.bender/git/checkouts/cnn-core-338ad22ef78c637b/cnn_core/cnn_core_prj/solution1/impl/verilog/cnn_core_mac_muladd_10s_4ns_15s_15_1_1.v:33]
INFO: [Synth 8-6157] synthesizing module 'cnn_core_mac_muladd_10s_5s_16s_16_1_1' [/home/work1/Works/ai-trigger-hilo-v35.lHAri7/.bender/git/checkouts/cnn-core-338ad22ef78c637b/cnn_core/cnn_core_prj/solution1/impl/verilog/cnn_core_mac_muladd_10s_5s_16s_16_1_1.v:33]
	Parameter ID bound to: 1 - type: integer 
	Parameter NUM_STAGE bound to: 1 - type: integer 
	Parameter din0_WIDTH bound to: 10 - type: integer 
	Parameter din1_WIDTH bound to: 5 - type: integer 
	Parameter din2_WIDTH bound to: 16 - type: integer 
	Parameter dout_WIDTH bound to: 16 - type: integer 
INFO: [Synth 8-6157] synthesizing module 'cnn_core_mac_muladd_10s_5s_16s_16_1_1_DSP48_3' [/home/work1/Works/ai-trigger-hilo-v35.lHAri7/.bender/git/checkouts/cnn-core-338ad22ef78c637b/cnn_core/cnn_core_prj/solution1/impl/verilog/cnn_core_mac_muladd_10s_5s_16s_16_1_1.v:10]
INFO: [Synth 8-6155] done synthesizing module 'cnn_core_mac_muladd_10s_5s_16s_16_1_1_DSP48_3' (0#1) [/home/work1/Works/ai-trigger-hilo-v35.lHAri7/.bender/git/checkouts/cnn-core-338ad22ef78c637b/cnn_core/cnn_core_prj/solution1/impl/verilog/cnn_core_mac_muladd_10s_5s_16s_16_1_1.v:10]
INFO: [Synth 8-6155] done synthesizing module 'cnn_core_mac_muladd_10s_5s_16s_16_1_1' (0#1) [/home/work1/Works/ai-trigger-hilo-v35.lHAri7/.bender/git/checkouts/cnn-core-338ad22ef78c637b/cnn_core/cnn_core_prj/solution1/impl/verilog/cnn_core_mac_muladd_10s_5s_16s_16_1_1.v:33]
INFO: [Synth 8-6157] synthesizing module 'cnn_core_flow_control_loop_pipe_sequential_init' [/home/work1/Works/ai-trigger-hilo-v35.lHAri7/.bender/git/checkouts/cnn-core-338ad22ef78c637b/cnn_core/cnn_core_prj/solution1/impl/verilog/cnn_core_flow_control_loop_pipe_sequential_init.v:11]
INFO: [Synth 8-6155] done synthesizing module 'cnn_core_flow_control_loop_pipe_sequential_init' (0#1) [/home/work1/Works/ai-trigger-hilo-v35.lHAri7/.bender/git/checkouts/cnn-core-338ad22ef78c637b/cnn_core/cnn_core_prj/solution1/impl/verilog/cnn_core_flow_control_loop_pipe_sequential_init.v:11]
INFO: [Synth 8-6155] done synthesizing module 'cnn_core_dense_wide_stream_array_array_ap_fixed_1u_config12_Pipeline_DenseValues' (0#1) [/home/work1/Works/ai-trigger-hilo-v35.lHAri7/.bender/git/checkouts/cnn-core-338ad22ef78c637b/cnn_core/cnn_core_prj/solution1/impl/verilog/cnn_core_dense_wide_stream_array_array_ap_fixed_1u_config12_Pipeline_DenseValues.v:9]
INFO: [Synth 8-6157] synthesizing module 'cnn_core_regslice_both__parameterized0' [/home/work1/Works/ai-trigger-hilo-v35.lHAri7/.bender/git/checkouts/cnn-core-338ad22ef78c637b/cnn_core/cnn_core_prj/solution1/impl/verilog/cnn_core_regslice_both.v:11]
	Parameter DataWidth bound to: 32 - type: integer 
INFO: [Synth 8-6155] done synthesizing module 'cnn_core_regslice_both__parameterized0' (0#1) [/home/work1/Works/ai-trigger-hilo-v35.lHAri7/.bender/git/checkouts/cnn-core-338ad22ef78c637b/cnn_core/cnn_core_prj/solution1/impl/verilog/cnn_core_regslice_both.v:11]
INFO: [Synth 8-6155] done synthesizing module 'cnn_core_dense_wide_stream_array_array_ap_fixed_21_12_5_3_0_1u_config12_s' (0#1) [/home/work1/Works/ai-trigger-hilo-v35.lHAri7/.bender/git/checkouts/cnn-core-338ad22ef78c637b/cnn_core/cnn_core_prj/solution1/impl/verilog/cnn_core_dense_wide_stream_array_array_ap_fixed_21_12_5_3_0_1u_config12_s.v:9]
INFO: [Synth 8-6157] synthesizing module 'cnn_core_fifo_w480_d4_A' [/home/work1/Works/ai-trigger-hilo-v35.lHAri7/.bender/git/checkouts/cnn-core-338ad22ef78c637b/cnn_core/cnn_core_prj/solution1/impl/verilog/cnn_core_fifo_w480_d4_A.v:11]
INFO: [Synth 8-6157] synthesizing module 'cnn_core_fifo_w480_d4_A_ram' [/home/work1/Works/ai-trigger-hilo-v35.lHAri7/.bender/git/checkouts/cnn-core-338ad22ef78c637b/cnn_core/cnn_core_prj/solution1/impl/verilog/cnn_core_fifo_w480_d4_A.v:188]
	Parameter MEM_STYLE bound to: auto - type: string 
	Parameter DATA_WIDTH bound to: 480 - type: integer 
	Parameter ADDR_WIDTH bound to: 2 - type: integer 
	Parameter DEPTH bound to: 3 - type: integer 
INFO: [Synth 8-6155] done synthesizing module 'cnn_core_fifo_w480_d4_A_ram' (0#1) [/home/work1/Works/ai-trigger-hilo-v35.lHAri7/.bender/git/checkouts/cnn-core-338ad22ef78c637b/cnn_core/cnn_core_prj/solution1/impl/verilog/cnn_core_fifo_w480_d4_A.v:188]
INFO: [Synth 8-6155] done synthesizing module 'cnn_core_fifo_w480_d4_A' (0#1) [/home/work1/Works/ai-trigger-hilo-v35.lHAri7/.bender/git/checkouts/cnn-core-338ad22ef78c637b/cnn_core/cnn_core_prj/solution1/impl/verilog/cnn_core_fifo_w480_d4_A.v:11]
INFO: [Synth 8-6157] synthesizing module 'cnn_core_fifo_w864_d4_A' [/home/work1/Works/ai-trigger-hilo-v35.lHAri7/.bender/git/checkouts/cnn-core-338ad22ef78c637b/cnn_core/cnn_core_prj/solution1/impl/verilog/cnn_core_fifo_w864_d4_A.v:11]
INFO: [Synth 8-6157] synthesizing module 'cnn_core_fifo_w864_d4_A_ram' [/home/work1/Works/ai-trigger-hilo-v35.lHAri7/.bender/git/checkouts/cnn-core-338ad22ef78c637b/cnn_core/cnn_core_prj/solution1/impl/verilog/cnn_core_fifo_w864_d4_A.v:188]
	Parameter MEM_STYLE bound to: auto - type: string 
	Parameter DATA_WIDTH bound to: 864 - type: integer 
	Parameter ADDR_WIDTH bound to: 2 - type: integer 
	Parameter DEPTH bound to: 3 - type: integer 
INFO: [Synth 8-6155] done synthesizing module 'cnn_core_fifo_w864_d4_A_ram' (0#1) [/home/work1/Works/ai-trigger-hilo-v35.lHAri7/.bender/git/checkouts/cnn-core-338ad22ef78c637b/cnn_core/cnn_core_prj/solution1/impl/verilog/cnn_core_fifo_w864_d4_A.v:188]
INFO: [Synth 8-6155] done synthesizing module 'cnn_core_fifo_w864_d4_A' (0#1) [/home/work1/Works/ai-trigger-hilo-v35.lHAri7/.bender/git/checkouts/cnn-core-338ad22ef78c637b/cnn_core/cnn_core_prj/solution1/impl/verilog/cnn_core_fifo_w864_d4_A.v:11]
INFO: [Synth 8-6157] synthesizing module 'cnn_core_fifo_w816_d4_A' [/home/work1/Works/ai-trigger-hilo-v35.lHAri7/.bender/git/checkouts/cnn-core-338ad22ef78c637b/cnn_core/cnn_core_prj/solution1/impl/verilog/cnn_core_fifo_w816_d4_A.v:11]
INFO: [Synth 8-6157] synthesizing module 'cnn_core_fifo_w816_d4_A_ram' [/home/work1/Works/ai-trigger-hilo-v35.lHAri7/.bender/git/checkouts/cnn-core-338ad22ef78c637b/cnn_core/cnn_core_prj/solution1/impl/verilog/cnn_core_fifo_w816_d4_A.v:188]
	Parameter MEM_STYLE bound to: auto - type: string 
	Parameter DATA_WIDTH bound to: 816 - type: integer 
	Parameter ADDR_WIDTH bound to: 2 - type: integer 
	Parameter DEPTH bound to: 3 - type: integer 
INFO: [Synth 8-6155] done synthesizing module 'cnn_core_fifo_w816_d4_A_ram' (0#1) [/home/work1/Works/ai-trigger-hilo-v35.lHAri7/.bender/git/checkouts/cnn-core-338ad22ef78c637b/cnn_core/cnn_core_prj/solution1/impl/verilog/cnn_core_fifo_w816_d4_A.v:188]
INFO: [Synth 8-6155] done synthesizing module 'cnn_core_fifo_w816_d4_A' (0#1) [/home/work1/Works/ai-trigger-hilo-v35.lHAri7/.bender/git/checkouts/cnn-core-338ad22ef78c637b/cnn_core/cnn_core_prj/solution1/impl/verilog/cnn_core_fifo_w816_d4_A.v:11]
INFO: [Synth 8-6157] synthesizing module 'cnn_core_start_for_shared_conv_array_array_ap_fixed_48u_config7_4u_ravel_matrix_conv2dcud' [/home/work1/Works/ai-trigger-hilo-v35.lHAri7/.bender/git/checkouts/cnn-core-338ad22ef78c637b/cnn_core/cnn_core_prj/solution1/impl/verilog/cnn_core_start_for_shared_conv_array_array_ap_fixed_48u_config7_4u_ravel_matrix_conv2dcud.v:11]
INFO: [Synth 8-6157] synthesizing module 'cnn_core_start_for_shared_conv_array_array_ap_fixed_48u_config7_4u_ravel_matrix_conv2dcud_ShiftReg' [/home/work1/Works/ai-trigger-hilo-v35.lHAri7/.bender/git/checkouts/cnn-core-338ad22ef78c637b/cnn_core/cnn_core_prj/solution1/impl/verilog/cnn_core_start_for_shared_conv_array_array_ap_fixed_48u_config7_4u_ravel_matrix_conv2dcud.v:117]
	Parameter DATA_WIDTH bound to: 1 - type: integer 
	Parameter ADDR_WIDTH bound to: 1 - type: integer 
	Parameter DEPTH bound to: 2 - type: integer 
INFO: [Synth 8-6155] done synthesizing module 'cnn_core_start_for_shared_conv_array_array_ap_fixed_48u_config7_4u_ravel_matrix_conv2dcud_ShiftReg' (0#1) [/home/work1/Works/ai-trigger-hilo-v35.lHAri7/.bender/git/checkouts/cnn-core-338ad22ef78c637b/cnn_core/cnn_core_prj/solution1/impl/verilog/cnn_core_start_for_shared_conv_array_array_ap_fixed_48u_config7_4u_ravel_matrix_conv2dcud.v:117]
WARNING: [Synth 8-7071] port 'reset' of module 'cnn_core_start_for_shared_conv_array_array_ap_fixed_48u_config7_4u_ravel_matrix_conv2dcud_ShiftReg' is unconnected for instance 'U_cnn_core_start_for_shared_conv_array_array_ap_fixed_48u_config7_4u_ravel_matrix_conv2dcud_ShiftReg' [/home/work1/Works/ai-trigger-hilo-v35.lHAri7/.bender/git/checkouts/cnn-core-338ad22ef78c637b/cnn_core/cnn_core_prj/solution1/impl/verilog/cnn_core_start_for_shared_conv_array_array_ap_fixed_48u_config7_4u_ravel_matrix_conv2dcud.v:50]
WARNING: [Synth 8-7023] instance 'U_cnn_core_start_for_shared_conv_array_array_ap_fixed_48u_config7_4u_ravel_matrix_conv2dcud_ShiftReg' of module 'cnn_core_start_for_shared_conv_array_array_ap_fixed_48u_config7_4u_ravel_matrix_conv2dcud_ShiftReg' has 6 connections declared, but only 5 given [/home/work1/Works/ai-trigger-hilo-v35.lHAri7/.bender/git/checkouts/cnn-core-338ad22ef78c637b/cnn_core/cnn_core_prj/solution1/impl/verilog/cnn_core_start_for_shared_conv_array_array_ap_fixed_48u_config7_4u_ravel_matrix_conv2dcud.v:50]
INFO: [Synth 8-6155] done synthesizing module 'cnn_core_start_for_shared_conv_array_array_ap_fixed_48u_config7_4u_ravel_matrix_conv2dcud' (0#1) [/home/work1/Works/ai-trigger-hilo-v35.lHAri7/.bender/git/checkouts/cnn-core-338ad22ef78c637b/cnn_core/cnn_core_prj/solution1/impl/verilog/cnn_core_start_for_shared_conv_array_array_ap_fixed_48u_config7_4u_ravel_matrix_conv2dcud.v:11]
INFO: [Synth 8-6157] synthesizing module 'cnn_core_start_for_relu_array_ap_fixed_48u_array_ap_ufixed_17_8_5_3_0_48u_relu_config8dEe' [/home/work1/Works/ai-trigger-hilo-v35.lHAri7/.bender/git/checkouts/cnn-core-338ad22ef78c637b/cnn_core/cnn_core_prj/solution1/impl/verilog/cnn_core_start_for_relu_array_ap_fixed_48u_array_ap_ufixed_17_8_5_3_0_48u_relu_config8dEe.v:11]
INFO: [Synth 8-6157] synthesizing module 'cnn_core_start_for_relu_array_ap_fixed_48u_array_ap_ufixed_17_8_5_3_0_48u_relu_config8dEe_ShiftReg' [/home/work1/Works/ai-trigger-hilo-v35.lHAri7/.bender/git/checkouts/cnn-core-338ad22ef78c637b/cnn_core/cnn_core_prj/solution1/impl/verilog/cnn_core_start_for_relu_array_ap_fixed_48u_array_ap_ufixed_17_8_5_3_0_48u_relu_config8dEe.v:117]
	Parameter DATA_WIDTH bound to: 1 - type: integer 
	Parameter ADDR_WIDTH bound to: 1 - type: integer 
	Parameter DEPTH bound to: 2 - type: integer 
INFO: [Synth 8-6155] done synthesizing module 'cnn_core_start_for_relu_array_ap_fixed_48u_array_ap_ufixed_17_8_5_3_0_48u_relu_config8dEe_ShiftReg' (0#1) [/home/work1/Works/ai-trigger-hilo-v35.lHAri7/.bender/git/checkouts/cnn-core-338ad22ef78c637b/cnn_core/cnn_core_prj/solution1/impl/verilog/cnn_core_start_for_relu_array_ap_fixed_48u_array_ap_ufixed_17_8_5_3_0_48u_relu_config8dEe.v:117]
WARNING: [Synth 8-7071] port 'reset' of module 'cnn_core_start_for_relu_array_ap_fixed_48u_array_ap_ufixed_17_8_5_3_0_48u_relu_config8dEe_ShiftReg' is unconnected for instance 'U_cnn_core_start_for_relu_array_ap_fixed_48u_array_ap_ufixed_17_8_5_3_0_48u_relu_config8dEe_ShiftReg' [/home/work1/Works/ai-trigger-hilo-v35.lHAri7/.bender/git/checkouts/cnn-core-338ad22ef78c637b/cnn_core/cnn_core_prj/solution1/impl/verilog/cnn_core_start_for_relu_array_ap_fixed_48u_array_ap_ufixed_17_8_5_3_0_48u_relu_config8dEe.v:50]
WARNING: [Synth 8-7023] instance 'U_cnn_core_start_for_relu_array_ap_fixed_48u_array_ap_ufixed_17_8_5_3_0_48u_relu_config8dEe_ShiftReg' of module 'cnn_core_start_for_relu_array_ap_fixed_48u_array_ap_ufixed_17_8_5_3_0_48u_relu_config8dEe_ShiftReg' has 6 connections declared, but only 5 given [/home/work1/Works/ai-trigger-hilo-v35.lHAri7/.bender/git/checkouts/cnn-core-338ad22ef78c637b/cnn_core/cnn_core_prj/solution1/impl/verilog/cnn_core_start_for_relu_array_ap_fixed_48u_array_ap_ufixed_17_8_5_3_0_48u_relu_config8dEe.v:50]
INFO: [Synth 8-6155] done synthesizing module 'cnn_core_start_for_relu_array_ap_fixed_48u_array_ap_ufixed_17_8_5_3_0_48u_relu_config8dEe' (0#1) [/home/work1/Works/ai-trigger-hilo-v35.lHAri7/.bender/git/checkouts/cnn-core-338ad22ef78c637b/cnn_core/cnn_core_prj/solution1/impl/verilog/cnn_core_start_for_relu_array_ap_fixed_48u_array_ap_ufixed_17_8_5_3_0_48u_relu_config8dEe.v:11]
INFO: [Synth 8-6157] synthesizing module 'cnn_core_start_for_scheduled_pool_array_array_ap_fixed_10_5_0_2_0_48u_config9_4u_U0' [/home/work1/Works/ai-trigger-hilo-v35.lHAri7/.bender/git/checkouts/cnn-core-338ad22ef78c637b/cnn_core/cnn_core_prj/solution1/impl/verilog/cnn_core_start_for_scheduled_pool_array_array_ap_fixed_10_5_0_2_0_48u_config9_4u_U0.v:11]
INFO: [Synth 8-6157] synthesizing module 'cnn_core_start_for_scheduled_pool_array_array_ap_fixed_10_5_0_2_0_48u_config9_4u_U0_ShiftReg' [/home/work1/Works/ai-trigger-hilo-v35.lHAri7/.bender/git/checkouts/cnn-core-338ad22ef78c637b/cnn_core/cnn_core_prj/solution1/impl/verilog/cnn_core_start_for_scheduled_pool_array_array_ap_fixed_10_5_0_2_0_48u_config9_4u_U0.v:117]
	Parameter DATA_WIDTH bound to: 1 - type: integer 
	Parameter ADDR_WIDTH bound to: 1 - type: integer 
	Parameter DEPTH bound to: 2 - type: integer 
INFO: [Synth 8-6155] done synthesizing module 'cnn_core_start_for_scheduled_pool_array_array_ap_fixed_10_5_0_2_0_48u_config9_4u_U0_ShiftReg' (0#1) [/home/work1/Works/ai-trigger-hilo-v35.lHAri7/.bender/git/checkouts/cnn-core-338ad22ef78c637b/cnn_core/cnn_core_prj/solution1/impl/verilog/cnn_core_start_for_scheduled_pool_array_array_ap_fixed_10_5_0_2_0_48u_config9_4u_U0.v:117]
WARNING: [Synth 8-7071] port 'reset' of module 'cnn_core_start_for_scheduled_pool_array_array_ap_fixed_10_5_0_2_0_48u_config9_4u_U0_ShiftReg' is unconnected for instance 'U_cnn_core_start_for_scheduled_pool_array_array_ap_fixed_10_5_0_2_0_48u_config9_4u_U0_ShiftReg' [/home/work1/Works/ai-trigger-hilo-v35.lHAri7/.bender/git/checkouts/cnn-core-338ad22ef78c637b/cnn_core/cnn_core_prj/solution1/impl/verilog/cnn_core_start_for_scheduled_pool_array_array_ap_fixed_10_5_0_2_0_48u_config9_4u_U0.v:50]
WARNING: [Synth 8-7023] instance 'U_cnn_core_start_for_scheduled_pool_array_array_ap_fixed_10_5_0_2_0_48u_config9_4u_U0_ShiftReg' of module 'cnn_core_start_for_scheduled_pool_array_array_ap_fixed_10_5_0_2_0_48u_config9_4u_U0_ShiftReg' has 6 connections declared, but only 5 given [/home/work1/Works/ai-trigger-hilo-v35.lHAri7/.bender/git/checkouts/cnn-core-338ad22ef78c637b/cnn_core/cnn_core_prj/solution1/impl/verilog/cnn_core_start_for_scheduled_pool_array_array_ap_fixed_10_5_0_2_0_48u_config9_4u_U0.v:50]
INFO: [Synth 8-6155] done synthesizing module 'cnn_core_start_for_scheduled_pool_array_array_ap_fixed_10_5_0_2_0_48u_config9_4u_U0' (0#1) [/home/work1/Works/ai-trigger-hilo-v35.lHAri7/.bender/git/checkouts/cnn-core-338ad22ef78c637b/cnn_core/cnn_core_prj/solution1/impl/verilog/cnn_core_start_for_scheduled_pool_array_array_ap_fixed_10_5_0_2_0_48u_config9_4u_U0.v:11]
INFO: [Synth 8-6157] synthesizing module 'cnn_core_start_for_dense_wide_stream_array_array_ap_fixed_21_12_5_3_0_1u_config12_U0' [/home/work1/Works/ai-trigger-hilo-v35.lHAri7/.bender/git/checkouts/cnn-core-338ad22ef78c637b/cnn_core/cnn_core_prj/solution1/impl/verilog/cnn_core_start_for_dense_wide_stream_array_array_ap_fixed_21_12_5_3_0_1u_config12_U0.v:11]
INFO: [Synth 8-6157] synthesizing module 'cnn_core_start_for_dense_wide_stream_array_array_ap_fixed_21_12_5_3_0_1u_config12_U0_ShiftReg' [/home/work1/Works/ai-trigger-hilo-v35.lHAri7/.bender/git/checkouts/cnn-core-338ad22ef78c637b/cnn_core/cnn_core_prj/solution1/impl/verilog/cnn_core_start_for_dense_wide_stream_array_array_ap_fixed_21_12_5_3_0_1u_config12_U0.v:117]
	Parameter DATA_WIDTH bound to: 1 - type: integer 
	Parameter ADDR_WIDTH bound to: 1 - type: integer 
	Parameter DEPTH bound to: 2 - type: integer 
INFO: [Synth 8-6155] done synthesizing module 'cnn_core_start_for_dense_wide_stream_array_array_ap_fixed_21_12_5_3_0_1u_config12_U0_ShiftReg' (0#1) [/home/work1/Works/ai-trigger-hilo-v35.lHAri7/.bender/git/checkouts/cnn-core-338ad22ef78c637b/cnn_core/cnn_core_prj/solution1/impl/verilog/cnn_core_start_for_dense_wide_stream_array_array_ap_fixed_21_12_5_3_0_1u_config12_U0.v:117]
WARNING: [Synth 8-7071] port 'reset' of module 'cnn_core_start_for_dense_wide_stream_array_array_ap_fixed_21_12_5_3_0_1u_config12_U0_ShiftReg' is unconnected for instance 'U_cnn_core_start_for_dense_wide_stream_array_array_ap_fixed_21_12_5_3_0_1u_config12_U0_ShiftReg' [/home/work1/Works/ai-trigger-hilo-v35.lHAri7/.bender/git/checkouts/cnn-core-338ad22ef78c637b/cnn_core/cnn_core_prj/solution1/impl/verilog/cnn_core_start_for_dense_wide_stream_array_array_ap_fixed_21_12_5_3_0_1u_config12_U0.v:50]
WARNING: [Synth 8-7023] instance 'U_cnn_core_start_for_dense_wide_stream_array_array_ap_fixed_21_12_5_3_0_1u_config12_U0_ShiftReg' of module 'cnn_core_start_for_dense_wide_stream_array_array_ap_fixed_21_12_5_3_0_1u_config12_U0_ShiftReg' has 6 connections declared, but only 5 given [/home/work1/Works/ai-trigger-hilo-v35.lHAri7/.bender/git/checkouts/cnn-core-338ad22ef78c637b/cnn_core/cnn_core_prj/solution1/impl/verilog/cnn_core_start_for_dense_wide_stream_array_array_ap_fixed_21_12_5_3_0_1u_config12_U0.v:50]
INFO: [Synth 8-6155] done synthesizing module 'cnn_core_start_for_dense_wide_stream_array_array_ap_fixed_21_12_5_3_0_1u_config12_U0' (0#1) [/home/work1/Works/ai-trigger-hilo-v35.lHAri7/.bender/git/checkouts/cnn-core-338ad22ef78c637b/cnn_core/cnn_core_prj/solution1/impl/verilog/cnn_core_start_for_dense_wide_stream_array_array_ap_fixed_21_12_5_3_0_1u_config12_U0.v:11]
INFO: [Synth 8-6155] done synthesizing module 'cnn_core' (0#1) [/home/work1/Works/ai-trigger-hilo-v35.lHAri7/.bender/git/checkouts/cnn-core-338ad22ef78c637b/cnn_core/cnn_core_prj/solution1/impl/verilog/cnn_core.v:9]
INFO: [Synth 8-6155] done synthesizing module 'WRAPPER_TOP' (0#1) [/home/work1/Works/ai-trigger-hilo-v35.lHAri7/.bender/git/checkouts/cnn-core-wrapper-85593ce6023e5d56/hw/rtl/cnn_core_wrapper_top.v:4]
INFO: [Synth 8-256] done synthesizing module 'CNN_CORE_LANE' (0#1) [/home/work1/Works/ai-trigger-hilo-v35.lHAri7/HDL/rtl/CNN_CORE_LANE.vhd:71]
INFO: [Synth 8-638] synthesizing module 'CNN_CORE_LANE__parameterized0' [/home/work1/Works/ai-trigger-hilo-v35.lHAri7/HDL/rtl/CNN_CORE_LANE.vhd:71]
	Parameter LANE_ID bound to: 1 - type: integer 
	Parameter FIFO_MEMORY_TYPE bound to: block - type: string 
	Parameter FIFO_WRITE_DEPTH bound to: 128 - type: integer 
	Parameter RELATED_CLOCKS bound to: 0 - type: integer 
	Parameter WRITE_DATA_WIDTH bound to: 256 - type: integer 
	Parameter READ_MODE bound to: fwft - type: string 
	Parameter FIFO_READ_LATENCY bound to: 0 - type: integer 
	Parameter FULL_RESET_VALUE bound to: 0 - type: integer 
	Parameter USE_ADV_FEATURES bound to: 1000 - type: string 
	Parameter READ_DATA_WIDTH bound to: 512 - type: integer 
	Parameter CDC_SYNC_STAGES bound to: 2 - type: integer 
	Parameter WR_DATA_COUNT_WIDTH bound to: 8 - type: integer 
	Parameter PROG_FULL_THRESH bound to: 124 - type: integer 
	Parameter RD_DATA_COUNT_WIDTH bound to: 7 - type: integer 
	Parameter PROG_EMPTY_THRESH bound to: 10 - type: integer 
	Parameter DOUT_RESET_VALUE bound to: 0 - type: string 
	Parameter ECC_MODE bound to: no_ecc - type: string 
	Parameter WAKEUP_TIME bound to: 0 - type: integer 
INFO: [Synth 8-3491] module 'xpm_fifo_async' declared at '/tools/Xilinx/Vivado/2023.2/data/ip/xpm/xpm_fifo/hdl/xpm_fifo.sv:2158' bound to instance 'u_FIFO' of component 'xpm_fifo_async' [/home/work1/Works/ai-trigger-hilo-v35.lHAri7/HDL/rtl/CNN_CORE_LANE.vhd:454]
	Parameter DEST_EXT_HSK bound to: 0 - type: integer 
	Parameter DEST_SYNC_FF bound to: 2 - type: integer 
	Parameter INIT_SYNC_FF bound to: 0 - type: integer 
	Parameter SIM_ASSERT_CHK bound to: 0 - type: integer 
	Parameter SRC_SYNC_FF bound to: 2 - type: integer 
	Parameter WIDTH bound to: 84 - type: integer 
INFO: [Synth 8-3491] module 'xpm_cdc_handshake' declared at '/tools/Xilinx/Vivado/2023.2/data/ip/xpm/xpm_cdc/hdl/xpm_cdc.sv:468' bound to instance 'u_CHUNK_ID_CDC' of component 'xpm_cdc_handshake' [/home/work1/Works/ai-trigger-hilo-v35.lHAri7/HDL/rtl/CNN_CORE_LANE.vhd:500]
	Parameter INPUT_WIDTH bound to: 512 - type: integer 
	Parameter OUTPUT_WIDTH bound to: 32 - type: integer 
	Parameter NUM_TIMESTEPS bound to: 256 - type: integer 
	Parameter NUM_CHANNELS bound to: 4 - type: integer 
INFO: [Synth 8-3491] module 'WRAPPER_TOP' declared at '/home/work1/Works/ai-trigger-hilo-v35.lHAri7/.bender/git/checkouts/cnn-core-wrapper-85593ce6023e5d56/hw/rtl/cnn_core_wrapper_top.v:4' bound to instance 'u_WRAPPER' of component 'WRAPPER_TOP' [/home/work1/Works/ai-trigger-hilo-v35.lHAri7/HDL/rtl/CNN_CORE_LANE.vhd:523]
INFO: [Synth 8-256] done synthesizing module 'CNN_CORE_LANE__parameterized0' (0#1) [/home/work1/Works/ai-trigger-hilo-v35.lHAri7/HDL/rtl/CNN_CORE_LANE.vhd:71]
INFO: [Synth 8-638] synthesizing module 'CNN_RESULT_ARBITER' [/home/work1/Works/ai-trigger-hilo-v35.lHAri7/HDL/rtl/CNN_RESULT_ARBITER.vhd:27]
INFO: [Synth 8-256] done synthesizing module 'CNN_RESULT_ARBITER' (0#1) [/home/work1/Works/ai-trigger-hilo-v35.lHAri7/HDL/rtl/CNN_RESULT_ARBITER.vhd:27]
INFO: [Synth 8-638] synthesizing module 'MULTIMODE_EVENT_PATH' [/home/work1/Works/ai-trigger-hilo-v35.lHAri7/HDL/rtl/MULTIMODE_EVENT_PATH.vhd:62]
INFO: [Synth 8-638] synthesizing module 'WAVEFORM_RING_BUFFER' [/home/work1/Works/ai-trigger-hilo-v35.lHAri7/HDL/rtl/WAVEFORM_RING_BUFFER.vhd:37]
INFO: [Synth 8-256] done synthesizing module 'WAVEFORM_RING_BUFFER' (0#1) [/home/work1/Works/ai-trigger-hilo-v35.lHAri7/HDL/rtl/WAVEFORM_RING_BUFFER.vhd:37]
INFO: [Synth 8-638] synthesizing module 'TRIGGER_MODE_CTRL' [/home/work1/Works/ai-trigger-hilo-v35.lHAri7/HDL/rtl/TRIGGER_MODE_CTRL.vhd:21]
INFO: [Synth 8-256] done synthesizing module 'TRIGGER_MODE_CTRL' (0#1) [/home/work1/Works/ai-trigger-hilo-v35.lHAri7/HDL/rtl/TRIGGER_MODE_CTRL.vhd:21]
INFO: [Synth 8-638] synthesizing module 'HOUSEKEEPING_TRIGGER_CTRL' [/home/work1/Works/ai-trigger-hilo-v35.lHAri7/HDL/rtl/HOUSEKEEPING_TRIGGER_CTRL.vhd:34]
INFO: [Synth 8-256] done synthesizing module 'HOUSEKEEPING_TRIGGER_CTRL' (0#1) [/home/work1/Works/ai-trigger-hilo-v35.lHAri7/HDL/rtl/HOUSEKEEPING_TRIGGER_CTRL.vhd:34]
INFO: [Synth 8-638] synthesizing module 'HILO_INPUT_ADAPTER' [/home/work1/Works/ai-trigger-hilo-v35.lHAri7/HDL/rtl/HILO_INPUT_ADAPTER.vhd:27]
INFO: [Synth 8-256] done synthesizing module 'HILO_INPUT_ADAPTER' (0#1) [/home/work1/Works/ai-trigger-hilo-v35.lHAri7/HDL/rtl/HILO_INPUT_ADAPTER.vhd:27]
INFO: [Synth 8-638] synthesizing module 'HILO_TRIGGER_CTRL' [/home/work1/Works/ai-trigger-hilo-v35.lHAri7/HDL/rtl/HILO_TRIGGER_CTRL.vhd:43]
INFO: [Synth 8-638] synthesizing module 'PRE_TRIGGER' [/home/work1/Works/ai-trigger-hilo-v35.lHAri7/.bender/git/checkouts/hilo-trigger-c9008b4370da5322/hw/rtl/Pre_trigger.vhd:37]
INFO: [Synth 8-638] synthesizing module 'PRE_TRIGGER_1CH' [/home/work1/Works/ai-trigger-hilo-v35.lHAri7/.bender/git/checkouts/hilo-trigger-c9008b4370da5322/hw/rtl/Pre_trigger_1ch.vhd:35]
	Parameter CH bound to: 0 - type: integer 
INFO: [Synth 8-256] done synthesizing module 'PRE_TRIGGER_1CH' (0#1) [/home/work1/Works/ai-trigger-hilo-v35.lHAri7/.bender/git/checkouts/hilo-trigger-c9008b4370da5322/hw/rtl/Pre_trigger_1ch.vhd:35]
INFO: [Synth 8-638] synthesizing module 'PRE_TRIGGER_1CH__parameterized0' [/home/work1/Works/ai-trigger-hilo-v35.lHAri7/.bender/git/checkouts/hilo-trigger-c9008b4370da5322/hw/rtl/Pre_trigger_1ch.vhd:35]
	Parameter CH bound to: 1 - type: integer 
INFO: [Synth 8-256] done synthesizing module 'PRE_TRIGGER_1CH__parameterized0' (0#1) [/home/work1/Works/ai-trigger-hilo-v35.lHAri7/.bender/git/checkouts/hilo-trigger-c9008b4370da5322/hw/rtl/Pre_trigger_1ch.vhd:35]
INFO: [Synth 8-638] synthesizing module 'PRE_TRIGGER_1CH__parameterized1' [/home/work1/Works/ai-trigger-hilo-v35.lHAri7/.bender/git/checkouts/hilo-trigger-c9008b4370da5322/hw/rtl/Pre_trigger_1ch.vhd:35]
	Parameter CH bound to: 2 - type: integer 
INFO: [Synth 8-256] done synthesizing module 'PRE_TRIGGER_1CH__parameterized1' (0#1) [/home/work1/Works/ai-trigger-hilo-v35.lHAri7/.bender/git/checkouts/hilo-trigger-c9008b4370da5322/hw/rtl/Pre_trigger_1ch.vhd:35]
INFO: [Synth 8-638] synthesizing module 'PRE_TRIGGER_1CH__parameterized2' [/home/work1/Works/ai-trigger-hilo-v35.lHAri7/.bender/git/checkouts/hilo-trigger-c9008b4370da5322/hw/rtl/Pre_trigger_1ch.vhd:35]
	Parameter CH bound to: 3 - type: integer 
INFO: [Synth 8-256] done synthesizing module 'PRE_TRIGGER_1CH__parameterized2' (0#1) [/home/work1/Works/ai-trigger-hilo-v35.lHAri7/.bender/git/checkouts/hilo-trigger-c9008b4370da5322/hw/rtl/Pre_trigger_1ch.vhd:35]
INFO: [Synth 8-638] synthesizing module 'MULT2BIN' [/home/work1/Works/ai-trigger-hilo-v35.lHAri7/.bender/git/checkouts/hilo-trigger-c9008b4370da5322/hw/rtl/Mult_to_bin.vhd:34]
WARNING: [Synth 8-614] signal 'BIN_THR' is read in the process but is not in the sensitivity list [/home/work1/Works/ai-trigger-hilo-v35.lHAri7/.bender/git/checkouts/hilo-trigger-c9008b4370da5322/hw/rtl/Mult_to_bin.vhd:50]
INFO: [Synth 8-256] done synthesizing module 'MULT2BIN' (0#1) [/home/work1/Works/ai-trigger-hilo-v35.lHAri7/.bender/git/checkouts/hilo-trigger-c9008b4370da5322/hw/rtl/Mult_to_bin.vhd:34]
INFO: [Synth 8-256] done synthesizing module 'PRE_TRIGGER' (0#1) [/home/work1/Works/ai-trigger-hilo-v35.lHAri7/.bender/git/checkouts/hilo-trigger-c9008b4370da5322/hw/rtl/Pre_trigger.vhd:37]
INFO: [Synth 8-256] done synthesizing module 'HILO_TRIGGER_CTRL' (0#1) [/home/work1/Works/ai-trigger-hilo-v35.lHAri7/HDL/rtl/HILO_TRIGGER_CTRL.vhd:43]
INFO: [Synth 8-638] synthesizing module 'GATED_CNN_READER' [/home/work1/Works/ai-trigger-hilo-v35.lHAri7/HDL/rtl/GATED_CNN_READER.vhd:45]
INFO: [Synth 8-256] done synthesizing module 'GATED_CNN_READER' (0#1) [/home/work1/Works/ai-trigger-hilo-v35.lHAri7/HDL/rtl/GATED_CNN_READER.vhd:45]
INFO: [Synth 8-638] synthesizing module 'TRIGGER_CDC_FIFO' [/home/work1/Works/ai-trigger-hilo-v35.lHAri7/HDL/rtl/TRIGGER_CDC_FIFO.vhd:33]
	Parameter DEST_EXT_HSK bound to: 1 - type: integer 
	Parameter DEST_SYNC_FF bound to: 2 - type: integer 
	Parameter INIT_SYNC_FF bound to: 0 - type: integer 
	Parameter SIM_ASSERT_CHK bound to: 0 - type: integer 
	Parameter SRC_SYNC_FF bound to: 2 - type: integer 
	Parameter WIDTH bound to: 84 - type: integer 
INFO: [Synth 8-3491] module 'xpm_cdc_handshake' declared at '/tools/Xilinx/Vivado/2023.2/data/ip/xpm/xpm_cdc/hdl/xpm_cdc.sv:468' bound to instance 'u_TRIGGER_CDC' of component 'xpm_cdc_handshake' [/home/work1/Works/ai-trigger-hilo-v35.lHAri7/HDL/rtl/TRIGGER_CDC_FIFO.vhd:163]
INFO: [Synth 8-6157] synthesizing module 'xpm_cdc_handshake__parameterized2' [/tools/Xilinx/Vivado/2023.2/data/ip/xpm/xpm_cdc/hdl/xpm_cdc.sv:468]
	Parameter DEST_EXT_HSK bound to: 1 - type: integer 
	Parameter DEST_SYNC_FF bound to: 2 - type: integer 
	Parameter INIT_SYNC_FF bound to: 0 - type: integer 
	Parameter SIM_ASSERT_CHK bound to: 0 - type: integer 
	Parameter SRC_SYNC_FF bound to: 2 - type: integer 
	Parameter WIDTH bound to: 84 - type: integer 
INFO: [Synth 8-6155] done synthesizing module 'xpm_cdc_handshake__parameterized2' (0#1) [/tools/Xilinx/Vivado/2023.2/data/ip/xpm/xpm_cdc/hdl/xpm_cdc.sv:468]
INFO: [Synth 8-256] done synthesizing module 'TRIGGER_CDC_FIFO' (0#1) [/home/work1/Works/ai-trigger-hilo-v35.lHAri7/HDL/rtl/TRIGGER_CDC_FIFO.vhd:33]
	Parameter DEST_SYNC_FF bound to: 2 - type: integer 
	Parameter INIT_SYNC_FF bound to: 0 - type: integer 
	Parameter SIM_ASSERT_CHK bound to: 0 - type: integer 
	Parameter SRC_INPUT_REG bound to: 1 - type: integer 
	Parameter WIDTH bound to: 1 - type: integer 
INFO: [Synth 8-3491] module 'xpm_cdc_array_single' declared at '/tools/Xilinx/Vivado/2023.2/data/ip/xpm/xpm_cdc/hdl/xpm_cdc.sv:903' bound to instance 'u_CNN_BUSY_SYNC' of component 'xpm_cdc_array_single' [/home/work1/Works/ai-trigger-hilo-v35.lHAri7/HDL/rtl/MULTIMODE_EVENT_PATH.vhd:326]
INFO: [Synth 8-6157] synthesizing module 'xpm_cdc_array_single' [/tools/Xilinx/Vivado/2023.2/data/ip/xpm/xpm_cdc/hdl/xpm_cdc.sv:903]
	Parameter DEST_SYNC_FF bound to: 2 - type: integer 
	Parameter INIT_SYNC_FF bound to: 0 - type: integer 
	Parameter SIM_ASSERT_CHK bound to: 0 - type: integer 
	Parameter SRC_INPUT_REG bound to: 1 - type: integer 
	Parameter WIDTH bound to: 1 - type: integer 
INFO: [Synth 8-6155] done synthesizing module 'xpm_cdc_array_single' (0#1) [/tools/Xilinx/Vivado/2023.2/data/ip/xpm/xpm_cdc/hdl/xpm_cdc.sv:903]
	Parameter DEST_SYNC_FF bound to: 2 - type: integer 
	Parameter INIT_SYNC_FF bound to: 0 - type: integer 
	Parameter SIM_ASSERT_CHK bound to: 0 - type: integer 
	Parameter SRC_INPUT_REG bound to: 1 - type: integer 
	Parameter WIDTH bound to: 1 - type: integer 
INFO: [Synth 8-3491] module 'xpm_cdc_array_single' declared at '/tools/Xilinx/Vivado/2023.2/data/ip/xpm/xpm_cdc/hdl/xpm_cdc.sv:903' bound to instance 'u_CNN_WORK_SYNC' of component 'xpm_cdc_array_single' [/home/work1/Works/ai-trigger-hilo-v35.lHAri7/HDL/rtl/MULTIMODE_EVENT_PATH.vhd:331]
INFO: [Synth 8-638] synthesizing module 'EVENT_RECORDER' [/home/work1/Works/ai-trigger-hilo-v35.lHAri7/HDL/rtl/EVENT_RECORDER.vhd:52]
INFO: [Synth 8-256] done synthesizing module 'EVENT_RECORDER' (0#1) [/home/work1/Works/ai-trigger-hilo-v35.lHAri7/HDL/rtl/EVENT_RECORDER.vhd:52]
INFO: [Synth 8-638] synthesizing module 'RING_READ_ARBITER' [/home/work1/Works/ai-trigger-hilo-v35.lHAri7/HDL/rtl/RING_READ_ARBITER.vhd:57]
INFO: [Synth 8-256] done synthesizing module 'RING_READ_ARBITER' (0#1) [/home/work1/Works/ai-trigger-hilo-v35.lHAri7/HDL/rtl/RING_READ_ARBITER.vhd:57]
INFO: [Synth 8-638] synthesizing module 'EVENT_OUTPUT_FIFO' [/home/work1/Works/ai-trigger-hilo-v35.lHAri7/HDL/rtl/EVENT_OUTPUT_FIFO.vhd:36]
	Parameter FIFO_MEMORY_TYPE bound to: auto - type: string 
	Parameter FIFO_WRITE_DEPTH bound to: 128 - type: integer 
	Parameter WRITE_DATA_WIDTH bound to: 463 - type: integer 
	Parameter READ_MODE bound to: fwft - type: string 
	Parameter FIFO_READ_LATENCY bound to: 0 - type: integer 
	Parameter FULL_RESET_VALUE bound to: 0 - type: integer 
	Parameter USE_ADV_FEATURES bound to: 0404 - type: string 
	Parameter READ_DATA_WIDTH bound to: 463 - type: integer 
	Parameter WR_DATA_COUNT_WIDTH bound to: 8 - type: integer 
	Parameter PROG_FULL_THRESH bound to: 124 - type: integer 
	Parameter RD_DATA_COUNT_WIDTH bound to: 8 - type: integer 
	Parameter PROG_EMPTY_THRESH bound to: 10 - type: integer 
	Parameter DOUT_RESET_VALUE bound to: 0 - type: string 
	Parameter ECC_MODE bound to: no_ecc - type: string 
	Parameter WAKEUP_TIME bound to: 0 - type: integer 
INFO: [Synth 8-3491] module 'xpm_fifo_sync' declared at '/tools/Xilinx/Vivado/2023.2/data/ip/xpm/xpm_fifo/hdl/xpm_fifo.sv:1962' bound to instance 'u_FIFO' of component 'xpm_fifo_sync' [/home/work1/Works/ai-trigger-hilo-v35.lHAri7/HDL/rtl/EVENT_OUTPUT_FIFO.vhd:88]
INFO: [Synth 8-6157] synthesizing module 'xpm_fifo_sync' [/tools/Xilinx/Vivado/2023.2/data/ip/xpm/xpm_fifo/hdl/xpm_fifo.sv:1962]
	Parameter FIFO_MEMORY_TYPE bound to: auto - type: string 
	Parameter ECC_MODE bound to: no_ecc - type: string 
	Parameter FIFO_WRITE_DEPTH bound to: 128 - type: integer 
	Parameter WRITE_DATA_WIDTH bound to: 463 - type: integer 
	Parameter WR_DATA_COUNT_WIDTH bound to: 8 - type: integer 
	Parameter PROG_FULL_THRESH bound to: 124 - type: integer 
	Parameter FULL_RESET_VALUE bound to: 0 - type: integer 
	Parameter USE_ADV_FEATURES bound to: 0404 - type: string 
	Parameter READ_MODE bound to: fwft - type: string 
	Parameter FIFO_READ_LATENCY bound to: 0 - type: integer 
	Parameter READ_DATA_WIDTH bound to: 463 - type: integer 
	Parameter RD_DATA_COUNT_WIDTH bound to: 8 - type: integer 
	Parameter PROG_EMPTY_THRESH bound to: 10 - type: integer 
	Parameter DOUT_RESET_VALUE bound to: 0 - type: string 
	Parameter WAKEUP_TIME bound to: 0 - type: integer 
INFO: [Synth 8-6157] synthesizing module 'xpm_fifo_base__parameterized0' [/tools/Xilinx/Vivado/2023.2/data/ip/xpm/xpm_fifo/hdl/xpm_fifo.sv:53]
INFO: [Synth 8-6157] synthesizing module 'xpm_memory_base__parameterized0' [/tools/Xilinx/Vivado/2023.2/data/ip/xpm/xpm_memory/hdl/xpm_memory.sv:54]
INFO: [Synth 8-6059] Synth Info: [XPM_MEMORY 20-1] MEMORY_PRIMITIVE (0) instructs Vivado Synthesis to choose the memory primitive type. Depending on their values, other XPM_MEMORY parameters may preclude the choice of certain memory primitive types. Review XPM_MEMORY documentation and parameter values to understand any limitations, or set MEMORY_PRIMITIVE to a different value.   [/tools/Xilinx/Vivado/2023.2/data/ip/xpm/xpm_memory/hdl/xpm_memory.sv:506]
INFO: [Synth 8-6155] done synthesizing module 'xpm_memory_base__parameterized0' (0#1) [/tools/Xilinx/Vivado/2023.2/data/ip/xpm/xpm_memory/hdl/xpm_memory.sv:54]
INFO: [Synth 8-226] default block is never used [/tools/Xilinx/Vivado/2023.2/data/ip/xpm/xpm_fifo/hdl/xpm_fifo.sv:1214]
INFO: [Synth 8-226] default block is never used [/tools/Xilinx/Vivado/2023.2/data/ip/xpm/xpm_fifo/hdl/xpm_fifo.sv:1281]
INFO: [Synth 8-226] default block is never used [/tools/Xilinx/Vivado/2023.2/data/ip/xpm/xpm_fifo/hdl/xpm_fifo.sv:1303]
INFO: [Synth 8-6157] synthesizing module 'xpm_fifo_rst__parameterized0' [/tools/Xilinx/Vivado/2023.2/data/ip/xpm/xpm_fifo/hdl/xpm_fifo.sv:1626]
INFO: [Synth 8-6155] done synthesizing module 'xpm_fifo_rst__parameterized0' (0#1) [/tools/Xilinx/Vivado/2023.2/data/ip/xpm/xpm_fifo/hdl/xpm_fifo.sv:1626]
INFO: [Synth 8-6155] done synthesizing module 'xpm_fifo_base__parameterized0' (0#1) [/tools/Xilinx/Vivado/2023.2/data/ip/xpm/xpm_fifo/hdl/xpm_fifo.sv:53]
INFO: [Synth 8-6155] done synthesizing module 'xpm_fifo_sync' (0#1) [/tools/Xilinx/Vivado/2023.2/data/ip/xpm/xpm_fifo/hdl/xpm_fifo.sv:1962]
INFO: [Synth 8-256] done synthesizing module 'EVENT_OUTPUT_FIFO' (0#1) [/home/work1/Works/ai-trigger-hilo-v35.lHAri7/HDL/rtl/EVENT_OUTPUT_FIFO.vhd:36]
INFO: [Synth 8-256] done synthesizing module 'MULTIMODE_EVENT_PATH' (0#1) [/home/work1/Works/ai-trigger-hilo-v35.lHAri7/HDL/rtl/MULTIMODE_EVENT_PATH.vhd:62]
INFO: [Synth 8-256] done synthesizing module 'AI_TRIGGER_CORE' (0#1) [/home/work1/Works/ai-trigger-hilo-v35.lHAri7/HDL/rtl/AI_TRIGGER_CORE.vhd:59]
INFO: [Synth 8-256] done synthesizing module 'AI_TRIGGER_TOP' (0#1) [/home/work1/Works/ai-trigger-hilo-v35.lHAri7/HDL/rtl/AI_TRIGGER_TOP.vhd:53]
WARNING: [Synth 8-6014] Unused sequential element gen_rd_b.gen_rd_b_synth_template.gen_nc_wide_pipe.rd_sync.addrblsb_reg was removed.  [/tools/Xilinx/Vivado/2023.2/data/ip/xpm/xpm_memory/hdl/xpm_memory.sv:3044]
WARNING: [Synth 8-6014] Unused sequential element gen_rd_b.gen_doutb_pipe.enb_pipe_reg[0] was removed.  [/tools/Xilinx/Vivado/2023.2/data/ip/xpm/xpm_memory/hdl/xpm_memory.sv:3069]
Info : Asymmetric Ram read pattern identified
Info : Asymmetric Ram read pattern identified
WARNING: [Synth 8-6014] Unused sequential element dest_out_bin_ff_reg was removed.  [/tools/Xilinx/Vivado/2023.2/data/ip/xpm/xpm_cdc/hdl/xpm_cdc.sv:417]
WARNING: [Synth 8-6014] Unused sequential element dest_out_bin_ff_reg was removed.  [/tools/Xilinx/Vivado/2023.2/data/ip/xpm/xpm_cdc/hdl/xpm_cdc.sv:417]
WARNING: [Synth 8-6014] Unused sequential element dest_out_bin_ff_reg was removed.  [/tools/Xilinx/Vivado/2023.2/data/ip/xpm/xpm_cdc/hdl/xpm_cdc.sv:417]
WARNING: [Synth 8-6014] Unused sequential element gdvld.data_valid_std_reg was removed.  [/tools/Xilinx/Vivado/2023.2/data/ip/xpm/xpm_fifo/hdl/xpm_fifo.sv:544]
WARNING: [Synth 8-6014] Unused sequential element gen_fwft.empty_fwft_fb_reg was removed.  [/tools/Xilinx/Vivado/2023.2/data/ip/xpm/xpm_fifo/hdl/xpm_fifo.sv:1398]
WARNING: [Synth 8-6014] Unused sequential element chunk_count_adc_reg was removed.  [/home/work1/Works/ai-trigger-hilo-v35.lHAri7/HDL/rtl/CNN_CORE_LANE.vhd:225]
WARNING: [Synth 8-6014] Unused sequential element started_count_cnn_reg was removed.  [/home/work1/Works/ai-trigger-hilo-v35.lHAri7/HDL/rtl/CNN_CORE_LANE.vhd:317]
WARNING: [Synth 8-6014] Unused sequential element consumed_count_cnn_reg was removed.  [/home/work1/Works/ai-trigger-hilo-v35.lHAri7/HDL/rtl/CNN_CORE_LANE.vhd:318]
WARNING: [Synth 8-6014] Unused sequential element chunk_id_src_pending_reg was removed.  [/home/work1/Works/ai-trigger-hilo-v35.lHAri7/HDL/rtl/CNN_CORE_LANE.vhd:229]
WARNING: [Synth 8-6014] Unused sequential element chunk_count_adc_reg was removed.  [/home/work1/Works/ai-trigger-hilo-v35.lHAri7/HDL/rtl/CNN_CORE_LANE.vhd:225]
WARNING: [Synth 8-6014] Unused sequential element started_count_cnn_reg was removed.  [/home/work1/Works/ai-trigger-hilo-v35.lHAri7/HDL/rtl/CNN_CORE_LANE.vhd:317]
WARNING: [Synth 8-6014] Unused sequential element consumed_count_cnn_reg was removed.  [/home/work1/Works/ai-trigger-hilo-v35.lHAri7/HDL/rtl/CNN_CORE_LANE.vhd:318]
WARNING: [Synth 8-6014] Unused sequential element chunk_id_src_pending_reg was removed.  [/home/work1/Works/ai-trigger-hilo-v35.lHAri7/HDL/rtl/CNN_CORE_LANE.vhd:229]
WARNING: [Synth 8-6014] Unused sequential element active_work_r_reg[score] was removed.  [/home/work1/Works/ai-trigger-hilo-v35.lHAri7/HDL/rtl/GATED_CNN_READER.vhd:85]
WARNING: [Synth 8-6014] Unused sequential element dest_req_ext_ff_reg was removed.  [/tools/Xilinx/Vivado/2023.2/data/ip/xpm/xpm_cdc/hdl/xpm_cdc.sv:623]
WARNING: [Synth 8-6014] Unused sequential element src_pending_reg was removed.  [/home/work1/Works/ai-trigger-hilo-v35.lHAri7/HDL/rtl/TRIGGER_CDC_FIFO.vhd:102]
WARNING: [Synth 8-6014] Unused sequential element request_pipe_r_reg[0][start_address][beat_offset] was removed.  [/home/work1/Works/ai-trigger-hilo-v35.lHAri7/HDL/rtl/EVENT_RECORDER.vhd:92]
WARNING: [Synth 8-6014] Unused sequential element request_pipe_r_reg[1][start_address][beat_offset] was removed.  [/home/work1/Works/ai-trigger-hilo-v35.lHAri7/HDL/rtl/EVENT_RECORDER.vhd:92]
WARNING: [Synth 8-6014] Unused sequential element gen_rd_b.gen_doutb_pipe.enb_pipe_reg[0] was removed.  [/tools/Xilinx/Vivado/2023.2/data/ip/xpm/xpm_memory/hdl/xpm_memory.sv:3069]
WARNING: [Synth 8-6014] Unused sequential element gen_fwft.empty_fwft_fb_reg was removed.  [/tools/Xilinx/Vivado/2023.2/data/ip/xpm/xpm_fifo/hdl/xpm_fifo.sv:1398]
WARNING: [Synth 8-7129] Port rd_clk in module xpm_fifo_rst__parameterized0 is either unconnected or has no load
WARNING: [Synth 8-7129] Port sleep in module xpm_memory_base__parameterized0 is either unconnected or has no load
WARNING: [Synth 8-7129] Port rsta in module xpm_memory_base__parameterized0 is either unconnected or has no load
WARNING: [Synth 8-7129] Port regcea in module xpm_memory_base__parameterized0 is either unconnected or has no load
WARNING: [Synth 8-7129] Port injectsbiterra in module xpm_memory_base__parameterized0 is either unconnected or has no load
WARNING: [Synth 8-7129] Port injectdbiterra in module xpm_memory_base__parameterized0 is either unconnected or has no load
WARNING: [Synth 8-7129] Port clkb in module xpm_memory_base__parameterized0 is either unconnected or has no load
WARNING: [Synth 8-7129] Port dinb[462] in module xpm_memory_base__parameterized0 is either unconnected or has no load
WARNING: [Synth 8-7129] Port dinb[461] in module xpm_memory_base__parameterized0 is either unconnected or has no load
WARNING: [Synth 8-7129] Port dinb[460] in module xpm_memory_base__parameterized0 is either unconnected or has no load
WARNING: [Synth 8-7129] Port dinb[459] in module xpm_memory_base__parameterized0 is either unconnected or has no load
WARNING: [Synth 8-7129] Port dinb[458] in module xpm_memory_base__parameterized0 is either unconnected or has no load
WARNING: [Synth 8-7129] Port dinb[457] in module xpm_memory_base__parameterized0 is either unconnected or has no load
WARNING: [Synth 8-7129] Port dinb[456] in module xpm_memory_base__parameterized0 is either unconnected or has no load
WARNING: [Synth 8-7129] Port dinb[455] in module xpm_memory_base__parameterized0 is either unconnected or has no load
WARNING: [Synth 8-7129] Port dinb[454] in module xpm_memory_base__parameterized0 is either unconnected or has no load
WARNING: [Synth 8-7129] Port dinb[453] in module xpm_memory_base__parameterized0 is either unconnected or has no load
WARNING: [Synth 8-7129] Port dinb[452] in module xpm_memory_base__parameterized0 is either unconnected or has no load
WARNING: [Synth 8-7129] Port dinb[451] in module xpm_memory_base__parameterized0 is either unconnected or has no load
WARNING: [Synth 8-7129] Port dinb[450] in module xpm_memory_base__parameterized0 is either unconnected or has no load
WARNING: [Synth 8-7129] Port dinb[449] in module xpm_memory_base__parameterized0 is either unconnected or has no load
WARNING: [Synth 8-7129] Port dinb[448] in module xpm_memory_base__parameterized0 is either unconnected or has no load
WARNING: [Synth 8-7129] Port dinb[447] in module xpm_memory_base__parameterized0 is either unconnected or has no load
WARNING: [Synth 8-7129] Port dinb[446] in module xpm_memory_base__parameterized0 is either unconnected or has no load
WARNING: [Synth 8-7129] Port dinb[445] in module xpm_memory_base__parameterized0 is either unconnected or has no load
WARNING: [Synth 8-7129] Port dinb[444] in module xpm_memory_base__parameterized0 is either unconnected or has no load
WARNING: [Synth 8-7129] Port dinb[443] in module xpm_memory_base__parameterized0 is either unconnected or has no load
WARNING: [Synth 8-7129] Port dinb[442] in module xpm_memory_base__parameterized0 is either unconnected or has no load
WARNING: [Synth 8-7129] Port dinb[441] in module xpm_memory_base__parameterized0 is either unconnected or has no load
WARNING: [Synth 8-7129] Port dinb[440] in module xpm_memory_base__parameterized0 is either unconnected or has no load
WARNING: [Synth 8-7129] Port dinb[439] in module xpm_memory_base__parameterized0 is either unconnected or has no load
WARNING: [Synth 8-7129] Port dinb[438] in module xpm_memory_base__parameterized0 is either unconnected or has no load
WARNING: [Synth 8-7129] Port dinb[437] in module xpm_memory_base__parameterized0 is either unconnected or has no load
WARNING: [Synth 8-7129] Port dinb[436] in module xpm_memory_base__parameterized0 is either unconnected or has no load
WARNING: [Synth 8-7129] Port dinb[435] in module xpm_memory_base__parameterized0 is either unconnected or has no load
WARNING: [Synth 8-7129] Port dinb[434] in module xpm_memory_base__parameterized0 is either unconnected or has no load
WARNING: [Synth 8-7129] Port dinb[433] in module xpm_memory_base__parameterized0 is either unconnected or has no load
WARNING: [Synth 8-7129] Port dinb[432] in module xpm_memory_base__parameterized0 is either unconnected or has no load
WARNING: [Synth 8-7129] Port dinb[431] in module xpm_memory_base__parameterized0 is either unconnected or has no load
WARNING: [Synth 8-7129] Port dinb[430] in module xpm_memory_base__parameterized0 is either unconnected or has no load
WARNING: [Synth 8-7129] Port dinb[429] in module xpm_memory_base__parameterized0 is either unconnected or has no load
WARNING: [Synth 8-7129] Port dinb[428] in module xpm_memory_base__parameterized0 is either unconnected or has no load
WARNING: [Synth 8-7129] Port dinb[427] in module xpm_memory_base__parameterized0 is either unconnected or has no load
WARNING: [Synth 8-7129] Port dinb[426] in module xpm_memory_base__parameterized0 is either unconnected or has no load
WARNING: [Synth 8-7129] Port dinb[425] in module xpm_memory_base__parameterized0 is either unconnected or has no load
WARNING: [Synth 8-7129] Port dinb[424] in module xpm_memory_base__parameterized0 is either unconnected or has no load
WARNING: [Synth 8-7129] Port dinb[423] in module xpm_memory_base__parameterized0 is either unconnected or has no load
WARNING: [Synth 8-7129] Port dinb[422] in module xpm_memory_base__parameterized0 is either unconnected or has no load
WARNING: [Synth 8-7129] Port dinb[421] in module xpm_memory_base__parameterized0 is either unconnected or has no load
WARNING: [Synth 8-7129] Port dinb[420] in module xpm_memory_base__parameterized0 is either unconnected or has no load
WARNING: [Synth 8-7129] Port dinb[419] in module xpm_memory_base__parameterized0 is either unconnected or has no load
WARNING: [Synth 8-7129] Port dinb[418] in module xpm_memory_base__parameterized0 is either unconnected or has no load
WARNING: [Synth 8-7129] Port dinb[417] in module xpm_memory_base__parameterized0 is either unconnected or has no load
WARNING: [Synth 8-7129] Port dinb[416] in module xpm_memory_base__parameterized0 is either unconnected or has no load
WARNING: [Synth 8-7129] Port dinb[415] in module xpm_memory_base__parameterized0 is either unconnected or has no load
WARNING: [Synth 8-7129] Port dinb[414] in module xpm_memory_base__parameterized0 is either unconnected or has no load
WARNING: [Synth 8-7129] Port dinb[413] in module xpm_memory_base__parameterized0 is either unconnected or has no load
WARNING: [Synth 8-7129] Port dinb[412] in module xpm_memory_base__parameterized0 is either unconnected or has no load
WARNING: [Synth 8-7129] Port dinb[411] in module xpm_memory_base__parameterized0 is either unconnected or has no load
WARNING: [Synth 8-7129] Port dinb[410] in module xpm_memory_base__parameterized0 is either unconnected or has no load
WARNING: [Synth 8-7129] Port dinb[409] in module xpm_memory_base__parameterized0 is either unconnected or has no load
WARNING: [Synth 8-7129] Port dinb[408] in module xpm_memory_base__parameterized0 is either unconnected or has no load
WARNING: [Synth 8-7129] Port dinb[407] in module xpm_memory_base__parameterized0 is either unconnected or has no load
WARNING: [Synth 8-7129] Port dinb[406] in module xpm_memory_base__parameterized0 is either unconnected or has no load
WARNING: [Synth 8-7129] Port dinb[405] in module xpm_memory_base__parameterized0 is either unconnected or has no load
WARNING: [Synth 8-7129] Port dinb[404] in module xpm_memory_base__parameterized0 is either unconnected or has no load
WARNING: [Synth 8-7129] Port dinb[403] in module xpm_memory_base__parameterized0 is either unconnected or has no load
WARNING: [Synth 8-7129] Port dinb[402] in module xpm_memory_base__parameterized0 is either unconnected or has no load
WARNING: [Synth 8-7129] Port dinb[401] in module xpm_memory_base__parameterized0 is either unconnected or has no load
WARNING: [Synth 8-7129] Port dinb[400] in module xpm_memory_base__parameterized0 is either unconnected or has no load
WARNING: [Synth 8-7129] Port dinb[399] in module xpm_memory_base__parameterized0 is either unconnected or has no load
WARNING: [Synth 8-7129] Port dinb[398] in module xpm_memory_base__parameterized0 is either unconnected or has no load
WARNING: [Synth 8-7129] Port dinb[397] in module xpm_memory_base__parameterized0 is either unconnected or has no load
WARNING: [Synth 8-7129] Port dinb[396] in module xpm_memory_base__parameterized0 is either unconnected or has no load
WARNING: [Synth 8-7129] Port dinb[395] in module xpm_memory_base__parameterized0 is either unconnected or has no load
WARNING: [Synth 8-7129] Port dinb[394] in module xpm_memory_base__parameterized0 is either unconnected or has no load
WARNING: [Synth 8-7129] Port dinb[393] in module xpm_memory_base__parameterized0 is either unconnected or has no load
WARNING: [Synth 8-7129] Port dinb[392] in module xpm_memory_base__parameterized0 is either unconnected or has no load
WARNING: [Synth 8-7129] Port dinb[391] in module xpm_memory_base__parameterized0 is either unconnected or has no load
WARNING: [Synth 8-7129] Port dinb[390] in module xpm_memory_base__parameterized0 is either unconnected or has no load
WARNING: [Synth 8-7129] Port dinb[389] in module xpm_memory_base__parameterized0 is either unconnected or has no load
WARNING: [Synth 8-7129] Port dinb[388] in module xpm_memory_base__parameterized0 is either unconnected or has no load
WARNING: [Synth 8-7129] Port dinb[387] in module xpm_memory_base__parameterized0 is either unconnected or has no load
WARNING: [Synth 8-7129] Port dinb[386] in module xpm_memory_base__parameterized0 is either unconnected or has no load
WARNING: [Synth 8-7129] Port dinb[385] in module xpm_memory_base__parameterized0 is either unconnected or has no load
WARNING: [Synth 8-7129] Port dinb[384] in module xpm_memory_base__parameterized0 is either unconnected or has no load
WARNING: [Synth 8-7129] Port dinb[383] in module xpm_memory_base__parameterized0 is either unconnected or has no load
WARNING: [Synth 8-7129] Port dinb[382] in module xpm_memory_base__parameterized0 is either unconnected or has no load
WARNING: [Synth 8-7129] Port dinb[381] in module xpm_memory_base__parameterized0 is either unconnected or has no load
WARNING: [Synth 8-7129] Port dinb[380] in module xpm_memory_base__parameterized0 is either unconnected or has no load
WARNING: [Synth 8-7129] Port dinb[379] in module xpm_memory_base__parameterized0 is either unconnected or has no load
WARNING: [Synth 8-7129] Port dinb[378] in module xpm_memory_base__parameterized0 is either unconnected or has no load
WARNING: [Synth 8-7129] Port dinb[377] in module xpm_memory_base__parameterized0 is either unconnected or has no load
WARNING: [Synth 8-7129] Port dinb[376] in module xpm_memory_base__parameterized0 is either unconnected or has no load
WARNING: [Synth 8-7129] Port dinb[375] in module xpm_memory_base__parameterized0 is either unconnected or has no load
WARNING: [Synth 8-7129] Port dinb[374] in module xpm_memory_base__parameterized0 is either unconnected or has no load
WARNING: [Synth 8-7129] Port dinb[373] in module xpm_memory_base__parameterized0 is either unconnected or has no load
WARNING: [Synth 8-7129] Port dinb[372] in module xpm_memory_base__parameterized0 is either unconnected or has no load
WARNING: [Synth 8-7129] Port dinb[371] in module xpm_memory_base__parameterized0 is either unconnected or has no load
WARNING: [Synth 8-7129] Port dinb[370] in module xpm_memory_base__parameterized0 is either unconnected or has no load
INFO: [Common 17-14] Message 'Synth 8-7129' appears 100 times and further instances of the messages will be disabled. Use the Tcl command set_msg_config to change the current settings.
---------------------------------------------------------------------------------
Finished RTL Elaboration : Time (s): cpu = 00:00:07 ; elapsed = 00:00:07 . Memory (MB): peak = 3114.609 ; gain = 716.297 ; free physical = 7394 ; free virtual = 43408
---------------------------------------------------------------------------------
---------------------------------------------------------------------------------
Start Handling Custom Attributes
---------------------------------------------------------------------------------
---------------------------------------------------------------------------------
Finished Handling Custom Attributes : Time (s): cpu = 00:00:07 ; elapsed = 00:00:07 . Memory (MB): peak = 3114.609 ; gain = 716.297 ; free physical = 7400 ; free virtual = 43414
---------------------------------------------------------------------------------
---------------------------------------------------------------------------------
Finished RTL Optimization Phase 1 : Time (s): cpu = 00:00:07 ; elapsed = 00:00:07 . Memory (MB): peak = 3114.609 ; gain = 716.297 ; free physical = 7400 ; free virtual = 43414
---------------------------------------------------------------------------------
Netlist sorting complete. Time (s): cpu = 00:00:00.39 ; elapsed = 00:00:00.4 . Memory (MB): peak = 3114.609 ; gain = 0.000 ; free physical = 7412 ; free virtual = 43426
INFO: [Project 1-570] Preparing netlist for logic optimization

Processing XDC Constraints
Initializing timing engine
Parsing XDC File [/home/work1/Works/ai-trigger-hilo-v35.lHAri7/HDL/constraints/ai_trigger_ooc.xdc]
WARNING: [Designutils 20-1567] Use of 'set_false_path' with '-hold' is not supported by synthesis. The constraint will not be passed to synthesis. [/home/work1/Works/ai-trigger-hilo-v35.lHAri7/HDL/constraints/ai_trigger_ooc.xdc:22]
WARNING: [Designutils 20-1567] Use of 'set_false_path' with '-hold' is not supported by synthesis. The constraint will not be passed to synthesis. [/home/work1/Works/ai-trigger-hilo-v35.lHAri7/HDL/constraints/ai_trigger_ooc.xdc:23]
WARNING: [Designutils 20-1567] Use of 'set_false_path' with '-hold' is not supported by synthesis. The constraint will not be passed to synthesis. [/home/work1/Works/ai-trigger-hilo-v35.lHAri7/HDL/constraints/ai_trigger_ooc.xdc:24]
Finished Parsing XDC File [/home/work1/Works/ai-trigger-hilo-v35.lHAri7/HDL/constraints/ai_trigger_ooc.xdc]
INFO: [Project 1-236] Implementation specific constraints were found while reading constraint file [/home/work1/Works/ai-trigger-hilo-v35.lHAri7/HDL/constraints/ai_trigger_ooc.xdc]. These constraints will be ignored for synthesis but will be used in implementation. Impacted constraints are listed in the file [.Xil/AI_TRIGGER_TOP_propImpl.xdc].
Resolution: To avoid this warning, move constraints listed in [.Xil/AI_TRIGGER_TOP_propImpl.xdc] to another XDC file and exclude this new file from synthesis with the used_in_synthesis property (File Properties dialog in GUI) and re-run elaboration/synthesis.
Completed Processing XDC Constraints

Netlist sorting complete. Time (s): cpu = 00:00:00 ; elapsed = 00:00:00 . Memory (MB): peak = 3269.422 ; gain = 0.000 ; free physical = 7366 ; free virtual = 43381
INFO: [Project 1-111] Unisim Transformation Summary:
No Unisim elements were transformed.

Constraint Validation Runtime : Time (s): cpu = 00:00:00.11 ; elapsed = 00:00:00.11 . Memory (MB): peak = 3269.457 ; gain = 0.000 ; free physical = 7365 ; free virtual = 43380
---------------------------------------------------------------------------------
Finished Constraint Validation : Time (s): cpu = 00:00:18 ; elapsed = 00:00:16 . Memory (MB): peak = 3269.457 ; gain = 871.145 ; free physical = 7334 ; free virtual = 43349
---------------------------------------------------------------------------------
---------------------------------------------------------------------------------
Start Cross Boundary and Area Optimization
---------------------------------------------------------------------------------
INFO: [Synth 8-6904] The RAM "u_CORE/\gen_lanes[0].u_LANE /score_id_mem_reg" of size (depth=16 x width=16) is automatically implemented using LUTRAM. BRAM implementation would be inefficient 
INFO: [Synth 8-6904] The RAM "u_CORE/\gen_lanes[0].u_LANE /score_timestamp_mem_reg" of size (depth=16 x width=24) is automatically implemented using LUTRAM. BRAM implementation would be inefficient 
INFO: [Synth 8-6904] The RAM "u_CORE/\gen_lanes[0].u_LANE /score_start_offset_mem_reg" of size (depth=16 x width=6) is automatically implemented using LUTRAM. BRAM implementation would be inefficient 
INFO: [Synth 8-6904] The RAM "u_CORE/\gen_lanes[0].u_LANE /score_trigger_offset_mem_reg" of size (depth=16 x width=6) is automatically implemented using LUTRAM. BRAM implementation would be inefficient 
INFO: [Synth 8-6904] The RAM "u_CORE/\gen_lanes[0].u_LANE /score_thresh_mem_reg" of size (depth=16 x width=32) is automatically implemented using LUTRAM. BRAM implementation would be inefficient 
INFO: [Synth 8-6904] The RAM "u_CORE/\gen_lanes[1].u_LANE /score_id_mem_reg" of size (depth=16 x width=16) is automatically implemented using LUTRAM. BRAM implementation would be inefficient 
INFO: [Synth 8-6904] The RAM "u_CORE/\gen_lanes[1].u_LANE /score_timestamp_mem_reg" of size (depth=16 x width=24) is automatically implemented using LUTRAM. BRAM implementation would be inefficient 
INFO: [Synth 8-6904] The RAM "u_CORE/\gen_lanes[1].u_LANE /score_start_offset_mem_reg" of size (depth=16 x width=6) is automatically implemented using LUTRAM. BRAM implementation would be inefficient 
INFO: [Synth 8-6904] The RAM "u_CORE/\gen_lanes[1].u_LANE /score_trigger_offset_mem_reg" of size (depth=16 x width=6) is automatically implemented using LUTRAM. BRAM implementation would be inefficient 
INFO: [Synth 8-6904] The RAM "u_CORE/\gen_lanes[1].u_LANE /score_thresh_mem_reg" of size (depth=16 x width=32) is automatically implemented using LUTRAM. BRAM implementation would be inefficient 
INFO: [Synth 8-6904] The RAM "u_CORE/u_MULTIMODE_PATH/i_3_1/u_RING/tag_mem_reg" of size (depth=64 x width=16) is automatically implemented using LUTRAM. BRAM implementation would be inefficient 
INFO: [Synth 8-5775] Found 'rw_addr_collision' attribute set to 'no' on SDP RAM gen_wr_a.gen_word_narrow.mem_reg. Setting write mode to NO_CHANGE 
INFO: [Synth 8-5775] Found 'rw_addr_collision' attribute set to 'no' on SDP RAM gen_wr_a.gen_word_narrow.mem_reg. Setting write mode to NO_CHANGE 
INFO: [Synth 8-5775] Found 'rw_addr_collision' attribute set to 'no' on SDP RAM gen_wr_a.gen_word_narrow.mem_reg. Setting write mode to NO_CHANGE 
INFO: [Synth 8-7030] Implemented Non-Cascaded Block Ram (cascade_height = 1) of width 36 for RAM "u_CORE/\gen_lanes[0].u_LANE /i_3_0/u_FIFO/\gnuram_async_fifo.xpm_fifo_base_inst /\gen_sdpram.xpm_memory_base_inst /gen_wr_a.gen_word_narrow.mem_reg"
INFO: [Synth 8-7030] Implemented Non-Cascaded Block Ram (cascade_height = 1) of width 36 for RAM "u_CORE/\gen_lanes[0].u_LANE /i_3_0/u_FIFO/\gnuram_async_fifo.xpm_fifo_base_inst /\gen_sdpram.xpm_memory_base_inst /gen_wr_a.gen_word_narrow.mem_reg"
INFO: [Synth 8-7030] Implemented Non-Cascaded Block Ram (cascade_height = 1) of width 36 for RAM "u_CORE/\gen_lanes[0].u_LANE /i_3_0/u_FIFO/\gnuram_async_fifo.xpm_fifo_base_inst /\gen_sdpram.xpm_memory_base_inst /gen_wr_a.gen_word_narrow.mem_reg"
INFO: [Synth 8-7030] Implemented Non-Cascaded Block Ram (cascade_height = 1) of width 36 for RAM "u_CORE/\gen_lanes[0].u_LANE /i_3_0/u_FIFO/\gnuram_async_fifo.xpm_fifo_base_inst /\gen_sdpram.xpm_memory_base_inst /gen_wr_a.gen_word_narrow.mem_reg"
INFO: [Synth 8-7030] Implemented Non-Cascaded Block Ram (cascade_height = 1) of width 32 for RAM "u_CORE/\gen_lanes[0].u_LANE /i_3_0/u_FIFO/\gnuram_async_fifo.xpm_fifo_base_inst /\gen_sdpram.xpm_memory_base_inst /gen_wr_a.gen_word_narrow.mem_reg"
INFO: [Synth 8-7030] Implemented Non-Cascaded Block Ram (cascade_height = 1) of width 32 for RAM "u_CORE/\gen_lanes[0].u_LANE /i_3_0/u_FIFO/\gnuram_async_fifo.xpm_fifo_base_inst /\gen_sdpram.xpm_memory_base_inst /gen_wr_a.gen_word_narrow.mem_reg"
INFO: [Synth 8-7030] Implemented Non-Cascaded Block Ram (cascade_height = 1) of width 32 for RAM "u_CORE/\gen_lanes[0].u_LANE /i_3_0/u_FIFO/\gnuram_async_fifo.xpm_fifo_base_inst /\gen_sdpram.xpm_memory_base_inst /gen_wr_a.gen_word_narrow.mem_reg"
INFO: [Synth 8-7030] Implemented Non-Cascaded Block Ram (cascade_height = 1) of width 16 for RAM "u_CORE/\gen_lanes[0].u_LANE /i_3_0/u_FIFO/\gnuram_async_fifo.xpm_fifo_base_inst /\gen_sdpram.xpm_memory_base_inst /gen_wr_a.gen_word_narrow.mem_reg"
INFO: [Synth 8-6904] The RAM "u_CORE/\gen_lanes[0].u_LANE /score_id_mem_reg" of size (depth=16 x width=16) is automatically implemented using LUTRAM. BRAM implementation would be inefficient 
INFO: [Synth 8-6904] The RAM "u_CORE/\gen_lanes[0].u_LANE /score_timestamp_mem_reg" of size (depth=16 x width=24) is automatically implemented using LUTRAM. BRAM implementation would be inefficient 
INFO: [Synth 8-6904] The RAM "u_CORE/\gen_lanes[0].u_LANE /score_start_offset_mem_reg" of size (depth=16 x width=6) is automatically implemented using LUTRAM. BRAM implementation would be inefficient 
INFO: [Synth 8-6904] The RAM "u_CORE/\gen_lanes[0].u_LANE /score_trigger_offset_mem_reg" of size (depth=16 x width=6) is automatically implemented using LUTRAM. BRAM implementation would be inefficient 
INFO: [Synth 8-6904] The RAM "u_CORE/\gen_lanes[0].u_LANE /score_thresh_mem_reg" of size (depth=16 x width=32) is automatically implemented using LUTRAM. BRAM implementation would be inefficient 
INFO: [Synth 8-5775] Found 'rw_addr_collision' attribute set to 'no' on SDP RAM gen_wr_a.gen_word_narrow.mem_reg. Setting write mode to NO_CHANGE 
INFO: [Synth 8-5775] Found 'rw_addr_collision' attribute set to 'no' on SDP RAM gen_wr_a.gen_word_narrow.mem_reg. Setting write mode to NO_CHANGE 
INFO: [Synth 8-5775] Found 'rw_addr_collision' attribute set to 'no' on SDP RAM gen_wr_a.gen_word_narrow.mem_reg. Setting write mode to NO_CHANGE 
INFO: [Synth 8-7030] Implemented Non-Cascaded Block Ram (cascade_height = 1) of width 36 for RAM "u_CORE/\gen_lanes[1].u_LANE /i_3_0/u_FIFO/\gnuram_async_fifo.xpm_fifo_base_inst /\gen_sdpram.xpm_memory_base_inst /gen_wr_a.gen_word_narrow.mem_reg"
INFO: [Synth 8-7030] Implemented Non-Cascaded Block Ram (cascade_height = 1) of width 36 for RAM "u_CORE/\gen_lanes[1].u_LANE /i_3_0/u_FIFO/\gnuram_async_fifo.xpm_fifo_base_inst /\gen_sdpram.xpm_memory_base_inst /gen_wr_a.gen_word_narrow.mem_reg"
INFO: [Synth 8-7030] Implemented Non-Cascaded Block Ram (cascade_height = 1) of width 36 for RAM "u_CORE/\gen_lanes[1].u_LANE /i_3_0/u_FIFO/\gnuram_async_fifo.xpm_fifo_base_inst /\gen_sdpram.xpm_memory_base_inst /gen_wr_a.gen_word_narrow.mem_reg"
INFO: [Synth 8-7030] Implemented Non-Cascaded Block Ram (cascade_height = 1) of width 36 for RAM "u_CORE/\gen_lanes[1].u_LANE /i_3_0/u_FIFO/\gnuram_async_fifo.xpm_fifo_base_inst /\gen_sdpram.xpm_memory_base_inst /gen_wr_a.gen_word_narrow.mem_reg"
INFO: [Synth 8-7030] Implemented Non-Cascaded Block Ram (cascade_height = 1) of width 32 for RAM "u_CORE/\gen_lanes[1].u_LANE /i_3_0/u_FIFO/\gnuram_async_fifo.xpm_fifo_base_inst /\gen_sdpram.xpm_memory_base_inst /gen_wr_a.gen_word_narrow.mem_reg"
INFO: [Synth 8-7030] Implemented Non-Cascaded Block Ram (cascade_height = 1) of width 32 for RAM "u_CORE/\gen_lanes[1].u_LANE /i_3_0/u_FIFO/\gnuram_async_fifo.xpm_fifo_base_inst /\gen_sdpram.xpm_memory_base_inst /gen_wr_a.gen_word_narrow.mem_reg"
INFO: [Synth 8-7030] Implemented Non-Cascaded Block Ram (cascade_height = 1) of width 32 for RAM "u_CORE/\gen_lanes[1].u_LANE /i_3_0/u_FIFO/\gnuram_async_fifo.xpm_fifo_base_inst /\gen_sdpram.xpm_memory_base_inst /gen_wr_a.gen_word_narrow.mem_reg"
INFO: [Synth 8-7030] Implemented Non-Cascaded Block Ram (cascade_height = 1) of width 16 for RAM "u_CORE/\gen_lanes[1].u_LANE /i_3_0/u_FIFO/\gnuram_async_fifo.xpm_fifo_base_inst /\gen_sdpram.xpm_memory_base_inst /gen_wr_a.gen_word_narrow.mem_reg"
INFO: [Synth 8-6904] The RAM "u_CORE/\gen_lanes[1].u_LANE /score_id_mem_reg" of size (depth=16 x width=16) is automatically implemented using LUTRAM. BRAM implementation would be inefficient 
INFO: [Synth 8-6904] The RAM "u_CORE/\gen_lanes[1].u_LANE /score_timestamp_mem_reg" of size (depth=16 x width=24) is automatically implemented using LUTRAM. BRAM implementation would be inefficient 
INFO: [Synth 8-6904] The RAM "u_CORE/\gen_lanes[1].u_LANE /score_start_offset_mem_reg" of size (depth=16 x width=6) is automatically implemented using LUTRAM. BRAM implementation would be inefficient 
INFO: [Synth 8-6904] The RAM "u_CORE/\gen_lanes[1].u_LANE /score_trigger_offset_mem_reg" of size (depth=16 x width=6) is automatically implemented using LUTRAM. BRAM implementation would be inefficient 
INFO: [Synth 8-6904] The RAM "u_CORE/\gen_lanes[1].u_LANE /score_thresh_mem_reg" of size (depth=16 x width=32) is automatically implemented using LUTRAM. BRAM implementation would be inefficient 
INFO: [Synth 8-6794] RAM ("u_CORE/u_MULTIMODE_PATH/i_3_1/u_RING/batch_mem_reg") will be automatically implemented using URAM. 
INFO: [Synth 8-5780] Default cascade height of 1 will be used for URAM '"u_CORE/u_MULTIMODE_PATH/i_3_1/u_RING/batch_mem_reg"'.
INFO: [Synth 8-6904] The RAM "u_CORE/u_MULTIMODE_PATH/i_3_1/u_RING/tag_mem_reg" of size (depth=64 x width=16) is automatically implemented using LUTRAM. BRAM implementation would be inefficient 
INFO: [Synth 8-6794] RAM ("u_CORE/u_MULTIMODE_PATH/i_3_1/u_RING/batch_mem_reg") will be automatically implemented using URAM. 
INFO: [Synth 8-5780] Default cascade height of 1 will be used for URAM '"u_CORE/u_MULTIMODE_PATH/i_3_1/u_RING/batch_mem_reg"'.
INFO: [Synth 8-5775] Found 'rw_addr_collision' attribute set to 'no' on SDP RAM gen_wr_a.gen_word_narrow.mem_reg. Setting write mode to NO_CHANGE 
INFO: [Synth 8-5775] Found 'rw_addr_collision' attribute set to 'no' on SDP RAM gen_wr_a.gen_word_narrow.mem_reg. Setting write mode to NO_CHANGE 
DSP Report: Generating DSP tmp_product, operation Mode is: A*B.
DSP Report: operator tmp_product is absorbed into DSP tmp_product.
DSP Report: Generating DSP tmp_product, operation Mode is: A*B.
DSP Report: operator tmp_product is absorbed into DSP tmp_product.
DSP Report: Generating DSP tmp_product, operation Mode is: A*B.
DSP Report: operator tmp_product is absorbed into DSP tmp_product.
DSP Report: Generating DSP tmp_product, operation Mode is: A*B.
DSP Report: operator tmp_product is absorbed into DSP tmp_product.
DSP Report: Generating DSP p, operation Mode is: C+A*B.
DSP Report: operator p is absorbed into DSP p.
DSP Report: operator m is absorbed into DSP p.
DSP Report: Generating DSP p, operation Mode is: C+A*B.
DSP Report: operator p is absorbed into DSP p.
DSP Report: operator m is absorbed into DSP p.
DSP Report: Generating DSP p, operation Mode is: C+A*B.
DSP Report: operator p is absorbed into DSP p.
DSP Report: operator m is absorbed into DSP p.
DSP Report: Generating DSP p, operation Mode is: C+A*B.
DSP Report: operator p is absorbed into DSP p.
DSP Report: operator m is absorbed into DSP p.
INFO: [Synth 8-3886] merging instance 'phara_y0_5f_f0_5f_tree0_5f_4_1_reg_16855_reg[0]' (FDRE) to 'phara_y0_5f_f10_5f_tree0_5f_0_1_reg_16898_reg[0]'
INFO: [Synth 8-3886] merging instance 'phara_y1_5f_f0_5f_tree0_5f_4_1_reg_16908_reg[0]' (FDRE) to 'add_ln543_2_reg_16903_reg[0]'
INFO: [Synth 8-3886] merging instance 'trunc_ln687_5_reg_16984_reg[0]' (FDRE) to 'phara_y0_5f_f1_5f_tree2_5f_0_1_reg_16860_reg[0]'
INFO: [Synth 8-3886] merging instance 'trunc_ln687_5_reg_16984_reg[1]' (FDRE) to 'phara_y0_5f_f1_5f_tree2_5f_0_1_reg_16860_reg[1]'
INFO: [Synth 8-3886] merging instance 'trunc_ln687_5_reg_16984_reg[2]' (FDRE) to 'phara_y0_5f_f1_5f_tree2_5f_0_1_reg_16860_reg[2]'
INFO: [Synth 8-3886] merging instance 'trunc_ln687_5_reg_16984_reg[3]' (FDRE) to 'phara_y0_5f_f1_5f_tree2_5f_0_1_reg_16860_reg[3]'
INFO: [Synth 8-3886] merging instance 'trunc_ln687_5_reg_16984_reg[4]' (FDRE) to 'phara_y0_5f_f1_5f_tree2_5f_0_1_reg_16860_reg[4]'
INFO: [Synth 8-3886] merging instance 'trunc_ln687_5_reg_16984_reg[5]' (FDRE) to 'phara_y0_5f_f1_5f_tree2_5f_0_1_reg_16860_reg[5]'
INFO: [Synth 8-3886] merging instance 'trunc_ln687_5_reg_16984_reg[6]' (FDRE) to 'phara_y0_5f_f1_5f_tree2_5f_0_1_reg_16860_reg[6]'
INFO: [Synth 8-3886] merging instance 'trunc_ln687_5_reg_16984_reg[7]' (FDRE) to 'phara_y0_5f_f1_5f_tree2_5f_0_1_reg_16860_reg[7]'
INFO: [Synth 8-3886] merging instance 'trunc_ln687_5_reg_16984_reg[8]' (FDRE) to 'phara_y0_5f_f1_5f_tree2_5f_0_1_reg_16860_reg[8]'
INFO: [Synth 8-3886] merging instance 'trunc_ln687_5_reg_16984_reg[9]' (FDRE) to 'phara_y0_5f_f1_5f_tree2_5f_0_1_reg_16860_reg[9]'
INFO: [Synth 8-3886] merging instance 'trunc_ln687_5_reg_16984_reg[10]' (FDRE) to 'phara_y0_5f_f1_5f_tree2_5f_0_1_reg_16860_reg[10]'
INFO: [Synth 8-3886] merging instance 'trunc_ln687_5_reg_16984_reg[11]' (FDRE) to 'phara_y0_5f_f1_5f_tree2_5f_0_1_reg_16860_reg[11]'
INFO: [Synth 8-3886] merging instance 'phara_y0_5f_f1_5f_tree2_5f_0_1_reg_16860_reg[12]' (FDRE) to 'trunc_ln687_5_reg_16984_reg[12]'
INFO: [Synth 8-3886] merging instance 'sext_ln448_4_reg_16835_reg[0]' (FDRE) to 'phara_x7_5f_shift1_1_reg_16840_reg[1]'
INFO: [Synth 8-3886] merging instance 'sext_ln448_4_reg_16835_reg[1]' (FDRE) to 'phara_x7_5f_shift1_1_reg_16840_reg[2]'
INFO: [Synth 8-3886] merging instance 'sext_ln448_4_reg_16835_reg[2]' (FDRE) to 'phara_x7_5f_shift1_1_reg_16840_reg[3]'
INFO: [Synth 8-3886] merging instance 'sext_ln448_4_reg_16835_reg[3]' (FDRE) to 'phara_x7_5f_shift1_1_reg_16840_reg[4]'
INFO: [Synth 8-3886] merging instance 'sext_ln448_4_reg_16835_reg[4]' (FDRE) to 'phara_x7_5f_shift1_1_reg_16840_reg[5]'
INFO: [Synth 8-3886] merging instance 'sext_ln448_4_reg_16835_reg[5]' (FDRE) to 'phara_x7_5f_shift1_1_reg_16840_reg[6]'
INFO: [Synth 8-3886] merging instance 'sext_ln448_4_reg_16835_reg[6]' (FDRE) to 'phara_x7_5f_shift1_1_reg_16840_reg[7]'
INFO: [Synth 8-3886] merging instance 'sext_ln448_4_reg_16835_reg[7]' (FDRE) to 'phara_x7_5f_shift1_1_reg_16840_reg[8]'
INFO: [Synth 8-3886] merging instance 'sext_ln448_4_reg_16835_reg[8]' (FDRE) to 'phara_x7_5f_shift1_1_reg_16840_reg[9]'
INFO: [Synth 8-3886] merging instance 'sext_ln448_4_reg_16835_reg[9]' (FDRE) to 'phara_x7_5f_shift1_1_reg_16840_reg[10]'
INFO: [Synth 8-3886] merging instance 'phara_x3_input_code_1_reg_16365_pp0_iter3_reg_reg[0]' (FDRE) to 'add_ln543_2_reg_16903_reg[0]'
INFO: [Synth 8-3886] merging instance 'phara_x3_input_code_1_reg_16365_pp0_iter3_reg_reg[1]' (FDRE) to 'phara_x3_5f_shift2_1_reg_16824_reg[3]'
INFO: [Synth 8-3886] merging instance 'phara_x4_5f_shift1_1_reg_16819_reg[1]' (FDRE) to 'phara_cse2_1_reg_16850_reg[0]'
INFO: [Synth 8-3886] merging instance 'phara_x3_input_code_1_reg_16365_pp0_iter3_reg_reg[2]' (FDRE) to 'phara_x3_5f_shift2_1_reg_16824_reg[4]'
INFO: [Synth 8-3886] merging instance 'phara_x3_5f_shift2_1_reg_16824_reg[2]' (FDRE) to 'add_ln543_2_reg_16903_reg[0]'
INFO: [Synth 8-3886] merging instance 'phara_x3_input_code_1_reg_16365_pp0_iter3_reg_reg[3]' (FDRE) to 'phara_x3_5f_shift2_1_reg_16824_reg[5]'
INFO: [Synth 8-3886] merging instance 'phara_x3_input_code_1_reg_16365_pp0_iter3_reg_reg[4]' (FDRE) to 'phara_x3_5f_shift2_1_reg_16824_reg[6]'
INFO: [Synth 8-3886] merging instance 'phara_x3_input_code_1_reg_16365_pp0_iter3_reg_reg[5]' (FDRE) to 'phara_x3_5f_shift2_1_reg_16824_reg[7]'
INFO: [Synth 8-3886] merging instance 'phara_x3_input_code_1_reg_16365_pp0_iter3_reg_reg[6]' (FDRE) to 'phara_x3_5f_shift2_1_reg_16824_reg[8]'
INFO: [Synth 8-3886] merging instance 'phara_x3_input_code_1_reg_16365_pp0_iter3_reg_reg[7]' (FDRE) to 'phara_x3_5f_shift2_1_reg_16824_reg[9]'
INFO: [Synth 8-3886] merging instance 'phara_x3_input_code_1_reg_16365_pp0_iter3_reg_reg[8]' (FDRE) to 'phara_x3_5f_shift2_1_reg_16824_reg[10]'
INFO: [Synth 8-3886] merging instance 'phara_x3_input_code_1_reg_16365_pp0_iter3_reg_reg[9]' (FDRE) to 'phara_x3_5f_shift2_1_reg_16824_reg[11]'
INFO: [Synth 8-3886] merging instance 'phara_x6_input_code_1_reg_16399_pp0_iter3_reg_reg[0]' (FDRE) to 'add_ln593_2_reg_16979_reg[0]'
INFO: [Synth 8-3886] merging instance 'phara_x6_input_code_1_reg_16399_pp0_iter3_reg_reg[1]' (FDRE) to 'phara_x6_5f_shift2_1_reg_16845_reg[3]'
INFO: [Synth 8-3886] merging instance 'phara_x6_input_code_1_reg_16399_pp0_iter3_reg_reg[2]' (FDRE) to 'phara_x6_5f_shift2_1_reg_16845_reg[4]'
INFO: [Synth 8-3886] merging instance 'phara_x6_5f_shift2_1_reg_16845_reg[2]' (FDRE) to 'add_ln593_2_reg_16979_reg[0]'
INFO: [Synth 8-3886] merging instance 'phara_x6_input_code_1_reg_16399_pp0_iter3_reg_reg[3]' (FDRE) to 'phara_x6_5f_shift2_1_reg_16845_reg[5]'
INFO: [Synth 8-3886] merging instance 'phara_x6_input_code_1_reg_16399_pp0_iter3_reg_reg[4]' (FDRE) to 'phara_x6_5f_shift2_1_reg_16845_reg[6]'
INFO: [Synth 8-3886] merging instance 'phara_x6_input_code_1_reg_16399_pp0_iter3_reg_reg[5]' (FDRE) to 'phara_x6_5f_shift2_1_reg_16845_reg[7]'
INFO: [Synth 8-3886] merging instance 'phara_x6_input_code_1_reg_16399_pp0_iter3_reg_reg[6]' (FDRE) to 'phara_x6_5f_shift2_1_reg_16845_reg[8]'
INFO: [Synth 8-3886] merging instance 'phara_x6_input_code_1_reg_16399_pp0_iter3_reg_reg[7]' (FDRE) to 'phara_x6_5f_shift2_1_reg_16845_reg[9]'
INFO: [Synth 8-3886] merging instance 'phara_x6_input_code_1_reg_16399_pp0_iter3_reg_reg[8]' (FDRE) to 'phara_x6_5f_shift2_1_reg_16845_reg[10]'
INFO: [Synth 8-3886] merging instance 'phara_x6_input_code_1_reg_16399_pp0_iter3_reg_reg[9]' (FDRE) to 'phara_x6_5f_shift2_1_reg_16845_reg[11]'
INFO: [Synth 8-3886] merging instance 'phara_cse2_1_reg_16850_reg[0]' (FDRE) to 'phara_y1_5f_f4_5f_tree1_5f_0_1_reg_16935_reg[0]'
INFO: [Synth 8-3886] merging instance 'phara_y1_5f_f4_5f_tree1_5f_0_1_reg_16935_reg[0]' (FDRE) to 'phara_x4_5f_c7_5f_negative1_1_reg_16829_reg[0]'
INFO: [Synth 8-3886] merging instance 'phara_x4_5f_c7_5f_negative1_1_reg_16829_reg[0]' (FDRE) to 'add_ln576_3_reg_16963_reg[0]'
INFO: [Synth 8-3886] merging instance 'second_activation_31_reg_17028_reg[2]' (FDRE) to 'phara_y1_5f_f9_5f_tree2_5f_0_1_reg_16969_reg[2]'
INFO: [Synth 8-3886] merging instance 'first_activation_31_reg_17023_reg[2]' (FDRE) to 'phara_y0_5f_f9_5f_tree2_5f_0_1_reg_16893_reg[2]'
INFO: [Synth 8-3886] merging instance 'second_activation_31_reg_17028_reg[3]' (FDRE) to 'phara_y1_5f_f9_5f_tree2_5f_0_1_reg_16969_reg[3]'
INFO: [Synth 8-3886] merging instance 'first_activation_31_reg_17023_reg[3]' (FDRE) to 'phara_y0_5f_f9_5f_tree2_5f_0_1_reg_16893_reg[3]'
INFO: [Synth 8-3886] merging instance 'second_activation_31_reg_17028_reg[4]' (FDRE) to 'phara_y1_5f_f9_5f_tree2_5f_0_1_reg_16969_reg[4]'
INFO: [Synth 8-3886] merging instance 'first_activation_31_reg_17023_reg[4]' (FDRE) to 'phara_y0_5f_f9_5f_tree2_5f_0_1_reg_16893_reg[4]'
INFO: [Synth 8-3886] merging instance 'second_activation_31_reg_17028_reg[5]' (FDRE) to 'phara_y1_5f_f9_5f_tree2_5f_0_1_reg_16969_reg[5]'
INFO: [Synth 8-3886] merging instance 'first_activation_31_reg_17023_reg[5]' (FDRE) to 'phara_y0_5f_f9_5f_tree2_5f_0_1_reg_16893_reg[5]'
INFO: [Synth 8-3886] merging instance 'second_activation_31_reg_17028_reg[6]' (FDRE) to 'phara_y1_5f_f9_5f_tree2_5f_0_1_reg_16969_reg[6]'
INFO: [Synth 8-3886] merging instance 'first_activation_31_reg_17023_reg[6]' (FDRE) to 'phara_y0_5f_f9_5f_tree2_5f_0_1_reg_16893_reg[6]'
INFO: [Synth 8-3886] merging instance 'second_activation_31_reg_17028_reg[7]' (FDRE) to 'phara_y1_5f_f9_5f_tree2_5f_0_1_reg_16969_reg[7]'
INFO: [Synth 8-3886] merging instance 'first_activation_31_reg_17023_reg[7]' (FDRE) to 'phara_y0_5f_f9_5f_tree2_5f_0_1_reg_16893_reg[7]'
INFO: [Synth 8-3886] merging instance 'second_activation_31_reg_17028_reg[8]' (FDRE) to 'phara_y1_5f_f9_5f_tree2_5f_0_1_reg_16969_reg[8]'
INFO: [Synth 8-3886] merging instance 'first_activation_31_reg_17023_reg[8]' (FDRE) to 'phara_y0_5f_f9_5f_tree2_5f_0_1_reg_16893_reg[8]'
INFO: [Synth 8-3886] merging instance 'second_activation_31_reg_17028_reg[9]' (FDRE) to 'phara_y1_5f_f9_5f_tree2_5f_0_1_reg_16969_reg[9]'
INFO: [Synth 8-3886] merging instance 'first_activation_31_reg_17023_reg[9]' (FDRE) to 'phara_y0_5f_f9_5f_tree2_5f_0_1_reg_16893_reg[9]'
INFO: [Synth 8-3886] merging instance 'second_activation_31_reg_17028_reg[10]' (FDRE) to 'phara_y1_5f_f9_5f_tree2_5f_0_1_reg_16969_reg[10]'
INFO: [Synth 8-3886] merging instance 'first_activation_31_reg_17023_reg[10]' (FDRE) to 'phara_y0_5f_f9_5f_tree2_5f_0_1_reg_16893_reg[10]'
INFO: [Synth 8-3886] merging instance 'second_activation_31_reg_17028_reg[11]' (FDRE) to 'phara_y1_5f_f9_5f_tree2_5f_0_1_reg_16969_reg[11]'
INFO: [Synth 8-3886] merging instance 'first_activation_31_reg_17023_reg[11]' (FDRE) to 'phara_y0_5f_f9_5f_tree2_5f_0_1_reg_16893_reg[11]'
INFO: [Synth 8-3886] merging instance 'second_activation_31_reg_17028_reg[12]' (FDRE) to 'phara_y1_5f_f9_5f_tree2_5f_0_1_reg_16969_reg[12]'
INFO: [Synth 8-3886] merging instance 'first_activation_31_reg_17023_reg[12]' (FDRE) to 'phara_y0_5f_f9_5f_tree2_5f_0_1_reg_16893_reg[12]'
INFO: [Synth 8-3886] merging instance 'second_activation_31_reg_17028_reg[13]' (FDRE) to 'phara_y1_5f_f9_5f_tree2_5f_0_1_reg_16969_reg[13]'
INFO: [Synth 8-3886] merging instance 'first_activation_31_reg_17023_reg[13]' (FDRE) to 'phara_y0_5f_f9_5f_tree2_5f_0_1_reg_16893_reg[13]'
INFO: [Synth 8-3886] merging instance 'phara_y1_5f_f9_5f_tree2_5f_0_1_reg_16969_reg[14]' (FDRE) to 'second_activation_31_reg_17028_reg[14]'
INFO: [Synth 8-3886] merging instance 'phara_y0_5f_f9_5f_tree2_5f_0_1_reg_16893_reg[14]' (FDRE) to 'first_activation_31_reg_17023_reg[14]'
INFO: [Synth 8-3886] merging instance 'add_ln543_2_reg_16903_reg[0]' (FDRE) to 'phara_y1_5f_f10_5f_tree1_5f_0_1_reg_16974_reg[0]'
INFO: [Synth 8-3886] merging instance 'phara_y0_5f_f0_5f_tree0_5f_4_3_reg_17313_reg[0]' (FDRE) to 'phara_y0_5f_f10_5f_tree0_5f_0_3_reg_17360_reg[0]'
INFO: [Synth 8-3886] merging instance 'phara_y1_5f_f0_5f_tree0_5f_4_3_reg_17370_reg[0]' (FDRE) to 'add_ln543_6_reg_17365_reg[0]'
INFO: [Synth 8-3886] merging instance 'trunc_ln687_15_reg_17444_reg[0]' (FDRE) to 'phara_y0_5f_f1_5f_tree2_5f_0_3_reg_17318_reg[0]'
INFO: [Synth 8-3886] merging instance 'trunc_ln687_15_reg_17444_reg[1]' (FDRE) to 'phara_y0_5f_f1_5f_tree2_5f_0_3_reg_17318_reg[1]'
INFO: [Synth 8-3886] merging instance 'trunc_ln687_15_reg_17444_reg[2]' (FDRE) to 'phara_y0_5f_f1_5f_tree2_5f_0_3_reg_17318_reg[2]'
INFO: [Synth 8-3886] merging instance 'trunc_ln687_15_reg_17444_reg[3]' (FDRE) to 'phara_y0_5f_f1_5f_tree2_5f_0_3_reg_17318_reg[3]'
INFO: [Synth 8-3886] merging instance 'trunc_ln687_15_reg_17444_reg[4]' (FDRE) to 'phara_y0_5f_f1_5f_tree2_5f_0_3_reg_17318_reg[4]'
INFO: [Synth 8-3886] merging instance 'trunc_ln687_15_reg_17444_reg[5]' (FDRE) to 'phara_y0_5f_f1_5f_tree2_5f_0_3_reg_17318_reg[5]'
INFO: [Synth 8-3886] merging instance 'trunc_ln687_15_reg_17444_reg[6]' (FDRE) to 'phara_y0_5f_f1_5f_tree2_5f_0_3_reg_17318_reg[6]'
INFO: [Synth 8-3886] merging instance 'trunc_ln687_15_reg_17444_reg[7]' (FDRE) to 'phara_y0_5f_f1_5f_tree2_5f_0_3_reg_17318_reg[7]'
INFO: [Synth 8-3886] merging instance 'trunc_ln687_15_reg_17444_reg[8]' (FDRE) to 'phara_y0_5f_f1_5f_tree2_5f_0_3_reg_17318_reg[8]'
INFO: [Synth 8-3886] merging instance 'trunc_ln687_15_reg_17444_reg[9]' (FDRE) to 'phara_y0_5f_f1_5f_tree2_5f_0_3_reg_17318_reg[9]'
INFO: [Synth 8-3886] merging instance 'trunc_ln687_15_reg_17444_reg[10]' (FDRE) to 'phara_y0_5f_f1_5f_tree2_5f_0_3_reg_17318_reg[10]'
INFO: [Synth 8-3886] merging instance 'trunc_ln687_15_reg_17444_reg[11]' (FDRE) to 'phara_y0_5f_f1_5f_tree2_5f_0_3_reg_17318_reg[11]'
INFO: [Synth 8-3886] merging instance 'phara_y0_5f_f1_5f_tree2_5f_0_3_reg_17318_reg[12]' (FDRE) to 'trunc_ln687_15_reg_17444_reg[12]'
INFO: [Synth 8-3886] merging instance 'sext_ln448_12_reg_17293_reg[0]' (FDRE) to 'phara_x7_5f_shift1_3_reg_17298_reg[1]'
INFO: [Synth 8-3886] merging instance 'sext_ln448_12_reg_17293_reg[1]' (FDRE) to 'phara_x7_5f_shift1_3_reg_17298_reg[2]'
INFO: [Synth 8-3886] merging instance 'sext_ln448_12_reg_17293_reg[2]' (FDRE) to 'phara_x7_5f_shift1_3_reg_17298_reg[3]'
INFO: [Synth 8-3886] merging instance 'sext_ln448_12_reg_17293_reg[3]' (FDRE) to 'phara_x7_5f_shift1_3_reg_17298_reg[4]'
INFO: [Synth 8-3886] merging instance 'sext_ln448_12_reg_17293_reg[4]' (FDRE) to 'phara_x7_5f_shift1_3_reg_17298_reg[5]'
INFO: [Synth 8-3886] merging instance 'sext_ln448_12_reg_17293_reg[5]' (FDRE) to 'phara_x7_5f_shift1_3_reg_17298_reg[6]'
INFO: [Synth 8-3886] merging instance 'sext_ln448_12_reg_17293_reg[6]' (FDRE) to 'phara_x7_5f_shift1_3_reg_17298_reg[7]'
INFO: [Common 17-14] Message 'Synth 8-3886' appears 100 times and further instances of the messages will be disabled. Use the Tcl command set_msg_config to change the current settings.
INFO: [Common 17-14] Message 'Synth 8-3886' appears 100 times and further instances of the messages will be disabled. Use the Tcl command set_msg_config to change the current settings.
DSP Report: Generating DSP p, operation Mode is: C+A*B.
DSP Report: operator p is absorbed into DSP p.
DSP Report: operator m is absorbed into DSP p.
DSP Report: Generating DSP p, operation Mode is: C+A*B.
DSP Report: operator p is absorbed into DSP p.
DSP Report: operator m is absorbed into DSP p.
DSP Report: Generating DSP tmp_product, operation Mode is: A*B.
DSP Report: operator tmp_product is absorbed into DSP tmp_product.
DSP Report: Generating DSP tmp_product, operation Mode is: A*B.
DSP Report: operator tmp_product is absorbed into DSP tmp_product.
DSP Report: Generating DSP p, operation Mode is: C+A*B.
DSP Report: operator p is absorbed into DSP p.
DSP Report: operator m is absorbed into DSP p.
DSP Report: Generating DSP p, operation Mode is: C+A*B.
DSP Report: operator p is absorbed into DSP p.
DSP Report: operator m is absorbed into DSP p.
DSP Report: Generating DSP tmp_product, operation Mode is: A*B.
DSP Report: operator tmp_product is absorbed into DSP tmp_product.
DSP Report: Generating DSP tmp_product, operation Mode is: A*B.
DSP Report: operator tmp_product is absorbed into DSP tmp_product.
INFO: [Common 17-14] Message 'Synth 8-7129' appears 100 times and further instances of the messages will be disabled. Use the Tcl command set_msg_config to change the current settings.
INFO: [Synth 8-3333] propagating constant 0 across sequential element (\phara_x3_5f_shift2_reg_16594_reg[1] )
INFO: [Synth 8-4471] merging register 'sext_ln405_1_reg_25658_pp0_iter3_reg_reg[12:2]' into 'sext_ln260_3_reg_25625_pp0_iter3_reg_reg[11:1]' [/home/work1/Works/ai-trigger-hilo-v35.lHAri7/.bender/git/checkouts/cnn-core-338ad22ef78c637b/cnn_core/cnn_core_prj/solution1/impl/verilog/cnn_core_shared_conv_array_array_ap_fixed_48u_config7_4u_ravel_matrix_conv2d_1_2u_s.v:10889]
INFO: [Common 17-14] Message 'Synth 8-3886' appears 100 times and further instances of the messages will be disabled. Use the Tcl command set_msg_config to change the current settings.
DSP Report: Generating DSP tmp_product, operation Mode is: A*B.
DSP Report: operator tmp_product is absorbed into DSP tmp_product.
DSP Report: Generating DSP tmp_product, operation Mode is: A*B.
DSP Report: operator tmp_product is absorbed into DSP tmp_product.
DSP Report: Generating DSP tmp_product, operation Mode is: A*B.
DSP Report: operator tmp_product is absorbed into DSP tmp_product.
DSP Report: Generating DSP tmp_product, operation Mode is: A*B.
DSP Report: operator tmp_product is absorbed into DSP tmp_product.
DSP Report: Generating DSP tmp_product, operation Mode is: A*B.
DSP Report: operator tmp_product is absorbed into DSP tmp_product.
DSP Report: Generating DSP tmp_product, operation Mode is: A*B.
DSP Report: operator tmp_product is absorbed into DSP tmp_product.
DSP Report: Generating DSP tmp_product, operation Mode is: A*B.
DSP Report: operator tmp_product is absorbed into DSP tmp_product.
DSP Report: Generating DSP tmp_product, operation Mode is: A*B.
DSP Report: operator tmp_product is absorbed into DSP tmp_product.
DSP Report: Generating DSP tmp_product, operation Mode is: A*B.
DSP Report: operator tmp_product is absorbed into DSP tmp_product.
DSP Report: Generating DSP tmp_product, operation Mode is: A*B.
DSP Report: operator tmp_product is absorbed into DSP tmp_product.
DSP Report: Generating DSP tmp_product, operation Mode is: A*B.
DSP Report: operator tmp_product is absorbed into DSP tmp_product.
DSP Report: Generating DSP tmp_product, operation Mode is: A*B.
DSP Report: operator tmp_product is absorbed into DSP tmp_product.
DSP Report: Generating DSP tmp_product, operation Mode is: A*B.
DSP Report: operator tmp_product is absorbed into DSP tmp_product.
DSP Report: Generating DSP tmp_product, operation Mode is: A*B.
DSP Report: operator tmp_product is absorbed into DSP tmp_product.
DSP Report: Generating DSP tmp_product, operation Mode is: A*B.
DSP Report: operator tmp_product is absorbed into DSP tmp_product.
DSP Report: Generating DSP tmp_product, operation Mode is: A*B.
DSP Report: operator tmp_product is absorbed into DSP tmp_product.
DSP Report: Generating DSP p, operation Mode is: C+A*B.
DSP Report: operator p is absorbed into DSP p.
DSP Report: operator m is absorbed into DSP p.
DSP Report: Generating DSP p, operation Mode is: C+A*B.
DSP Report: operator p is absorbed into DSP p.
DSP Report: operator m is absorbed into DSP p.
DSP Report: Generating DSP p, operation Mode is: C+A*B.
DSP Report: operator p is absorbed into DSP p.
DSP Report: operator m is absorbed into DSP p.
DSP Report: Generating DSP p, operation Mode is: C+A*B.
DSP Report: operator p is absorbed into DSP p.
DSP Report: operator m is absorbed into DSP p.
DSP Report: Generating DSP p, operation Mode is: C+A*B.
DSP Report: operator p is absorbed into DSP p.
DSP Report: operator m is absorbed into DSP p.
DSP Report: Generating DSP p, operation Mode is: C+A*B.
DSP Report: operator p is absorbed into DSP p.
DSP Report: operator m is absorbed into DSP p.
DSP Report: Generating DSP p, operation Mode is: C+A*B.
DSP Report: operator p is absorbed into DSP p.
DSP Report: operator m is absorbed into DSP p.
DSP Report: Generating DSP p, operation Mode is: C+A*B.
DSP Report: operator p is absorbed into DSP p.
DSP Report: operator m is absorbed into DSP p.
DSP Report: Generating DSP p, operation Mode is: C+A*B.
DSP Report: operator p is absorbed into DSP p.
DSP Report: operator m is absorbed into DSP p.
DSP Report: Generating DSP p, operation Mode is: C+A*B.
DSP Report: operator p is absorbed into DSP p.
DSP Report: operator m is absorbed into DSP p.
DSP Report: Generating DSP p, operation Mode is: C+A*B.
DSP Report: operator p is absorbed into DSP p.
DSP Report: operator m is absorbed into DSP p.
DSP Report: Generating DSP p, operation Mode is: C+A*B.
DSP Report: operator p is absorbed into DSP p.
DSP Report: operator m is absorbed into DSP p.
DSP Report: Generating DSP p, operation Mode is: C+A*B.
DSP Report: operator p is absorbed into DSP p.
DSP Report: operator m is absorbed into DSP p.
DSP Report: Generating DSP p, operation Mode is: C+A*B.
DSP Report: operator p is absorbed into DSP p.
DSP Report: operator m is absorbed into DSP p.
DSP Report: Generating DSP p, operation Mode is: C+A*B.
DSP Report: operator p is absorbed into DSP p.
DSP Report: operator m is absorbed into DSP p.
DSP Report: Generating DSP p, operation Mode is: C+A*B.
DSP Report: operator p is absorbed into DSP p.
DSP Report: operator m is absorbed into DSP p.
DSP Report: Generating DSP p, operation Mode is: C+A*B.
DSP Report: operator p is absorbed into DSP p.
DSP Report: operator m is absorbed into DSP p.
DSP Report: Generating DSP p, operation Mode is: C+A*B.
DSP Report: operator p is absorbed into DSP p.
DSP Report: operator m is absorbed into DSP p.
DSP Report: Generating DSP p, operation Mode is: C+A*B.
DSP Report: operator p is absorbed into DSP p.
DSP Report: operator m is absorbed into DSP p.
DSP Report: Generating DSP p, operation Mode is: C+A*B.
DSP Report: operator p is absorbed into DSP p.
DSP Report: operator m is absorbed into DSP p.
DSP Report: Generating DSP p, operation Mode is: C+A*B.
DSP Report: operator p is absorbed into DSP p.
DSP Report: operator m is absorbed into DSP p.
DSP Report: Generating DSP p, operation Mode is: C+A*B.
DSP Report: operator p is absorbed into DSP p.
DSP Report: operator m is absorbed into DSP p.
DSP Report: Generating DSP p, operation Mode is: C+A*B.
DSP Report: operator p is absorbed into DSP p.
DSP Report: operator m is absorbed into DSP p.
DSP Report: Generating DSP p, operation Mode is: C+A*B.
DSP Report: operator p is absorbed into DSP p.
DSP Report: operator m is absorbed into DSP p.
DSP Report: Generating DSP p, operation Mode is: C+A*B.
DSP Report: operator p is absorbed into DSP p.
DSP Report: operator m is absorbed into DSP p.
DSP Report: Generating DSP p, operation Mode is: C+A*B.
DSP Report: operator p is absorbed into DSP p.
DSP Report: operator m is absorbed into DSP p.
DSP Report: Generating DSP p, operation Mode is: C+A*B.
DSP Report: operator p is absorbed into DSP p.
DSP Report: operator m is absorbed into DSP p.
DSP Report: Generating DSP p, operation Mode is: C+A*B.
DSP Report: operator p is absorbed into DSP p.
DSP Report: operator m is absorbed into DSP p.
DSP Report: Generating DSP p, operation Mode is: C+A*B.
DSP Report: operator p is absorbed into DSP p.
DSP Report: operator m is absorbed into DSP p.
DSP Report: Generating DSP p, operation Mode is: C+A*B.
DSP Report: operator p is absorbed into DSP p.
DSP Report: operator m is absorbed into DSP p.
DSP Report: Generating DSP p, operation Mode is: C+A*B.
DSP Report: operator p is absorbed into DSP p.
DSP Report: operator m is absorbed into DSP p.
DSP Report: Generating DSP p, operation Mode is: C+A*B.
DSP Report: operator p is absorbed into DSP p.
DSP Report: operator m is absorbed into DSP p.
INFO: [Synth 8-6904] The RAM "layer5_out_x4_U/U_cnn_core_fifo_w480_d4_A_ram/mem_reg" of size (depth=3 x width=480) is automatically implemented using LUTRAM. BRAM implementation would be inefficient 
INFO: [Synth 8-6904] The RAM "layer7_out_U/U_cnn_core_fifo_w864_d4_A_ram/mem_reg" of size (depth=3 x width=864) is automatically implemented using LUTRAM. BRAM implementation would be inefficient 
INFO: [Synth 8-6904] The RAM "layer8_out_U/U_cnn_core_fifo_w816_d4_A_ram/mem_reg" of size (depth=3 x width=816) is automatically implemented using LUTRAM. BRAM implementation would be inefficient 
INFO: [Synth 8-6904] The RAM "layer9_out_U/U_cnn_core_fifo_w480_d4_A_ram/mem_reg" of size (depth=3 x width=480) is automatically implemented using LUTRAM. BRAM implementation would be inefficient 
INFO: [Synth 8-6904] The RAM "layer5_out_x4_U/U_cnn_core_fifo_w480_d4_A_ram/mem_reg" of size (depth=3 x width=480) is automatically implemented using LUTRAM. BRAM implementation would be inefficient 
INFO: [Synth 8-6904] The RAM "layer7_out_U/U_cnn_core_fifo_w864_d4_A_ram/mem_reg" of size (depth=3 x width=864) is automatically implemented using LUTRAM. BRAM implementation would be inefficient 
INFO: [Synth 8-6904] The RAM "layer8_out_U/U_cnn_core_fifo_w816_d4_A_ram/mem_reg" of size (depth=3 x width=816) is automatically implemented using LUTRAM. BRAM implementation would be inefficient 
INFO: [Synth 8-6904] The RAM "layer9_out_U/U_cnn_core_fifo_w480_d4_A_ram/mem_reg" of size (depth=3 x width=480) is automatically implemented using LUTRAM. BRAM implementation would be inefficient 
INFO: [Common 17-14] Message 'Synth 8-3886' appears 100 times and further instances of the messages will be disabled. Use the Tcl command set_msg_config to change the current settings.
INFO: [Synth 8-3333] propagating constant 0 across sequential element (dense_wide_stream_array_array_ap_fixed_21_12_5_3_0_1u_config12_U0/grp_dense_wide_stream_array_array_ap_fixed_1u_config12_Pipeline_DenseValues_fu_41/w12_ravel_packed_U/\q0_reg[49] )
INFO: [Synth 8-3333] propagating constant 1 across sequential element (dense_wide_stream_array_array_ap_fixed_21_12_5_3_0_1u_config12_U0/grp_dense_wide_stream_array_array_ap_fixed_1u_config12_Pipeline_DenseValues_fu_41/w12_ravel_packed_U/\q0_reg[4] )
INFO: [Synth 8-3333] propagating constant 1 across sequential element (dense_wide_stream_array_array_ap_fixed_21_12_5_3_0_1u_config12_U0/grp_dense_wide_stream_array_array_ap_fixed_1u_config12_Pipeline_DenseValues_fu_41/\ap_CS_fsm_reg[0] )
INFO: [Synth 8-3333] propagating constant 0 across sequential element (dense_wide_stream_array_array_ap_fixed_21_12_5_3_0_1u_config12_U0/grp_dense_wide_stream_array_array_ap_fixed_1u_config12_Pipeline_DenseValues_fu_41/ap_done_reg_reg)
INFO: [Synth 8-3333] propagating constant 0 across sequential element (scheduled_pool_array_array_ap_fixed_10_5_0_2_0_48u_config9_4u_U0/ap_done_reg_reg)
INFO: [Synth 8-3333] propagating constant 0 across sequential element (relu_array_ap_fixed_48u_array_ap_ufixed_17_8_5_3_0_48u_relu_config8_U0/ap_done_reg_reg)
INFO: [Synth 8-3333] propagating constant 1 across sequential element (relu_array_ap_fixed_48u_array_ap_ufixed_17_8_5_3_0_48u_relu_config8_U0/\ap_CS_fsm_reg[0] )
INFO: [Synth 8-3333] propagating constant 1 across sequential element (scheduled_pool_array_array_ap_fixed_10_5_0_2_0_48u_config9_4u_U0/\ap_CS_fsm_reg[0] )
INFO: [Synth 8-3333] propagating constant 0 across sequential element (dense_wide_stream_array_array_ap_fixed_21_12_5_3_0_1u_config12_U0/regslice_both_layer12_out_U/\B_V_data_1_payload_B_reg[31] )
INFO: [Synth 8-3333] propagating constant 0 across sequential element (dense_wide_stream_array_array_ap_fixed_21_12_5_3_0_1u_config12_U0/regslice_both_layer12_out_U/\B_V_data_1_payload_A_reg[31] )
INFO: [Synth 8-3333] propagating constant 0 across sequential element (dense_wide_stream_array_array_ap_fixed_21_12_5_3_0_1u_config12_U0/ap_done_reg_reg)
INFO: [Synth 8-3333] propagating constant 0 across sequential element (dense_wide_stream_array_array_ap_fixed_21_12_5_3_0_1u_config12_U0/grp_dense_wide_stream_array_array_ap_fixed_1u_config12_Pipeline_DenseValues_fu_41/\lane_weight_9_reg_2575_reg[4] )
INFO: [Synth 8-3333] propagating constant 0 across sequential element (dense_wide_stream_array_array_ap_fixed_21_12_5_3_0_1u_config12_U0/grp_dense_wide_stream_array_array_ap_fixed_1u_config12_Pipeline_DenseValues_fu_41/\lane_weight_9_reg_2575_reg[4] )
INFO: [Synth 8-6904] The RAM "u_CNN_REQUEST_CDC/wr_queue_reg" of size (depth=32 x width=84) is automatically implemented using LUTRAM. BRAM implementation would be inefficient 
INFO: [Common 17-14] Message 'Synth 8-7129' appears 100 times and further instances of the messages will be disabled. Use the Tcl command set_msg_config to change the current settings.
INFO: [Synth 8-6904] The RAM "u_CNN_REQUEST_CDC/wr_queue_reg" of size (depth=32 x width=84) is automatically implemented using LUTRAM. BRAM implementation would be inefficient 
RAM ("u_EVENT_FIFO/u_FIFO/xpm_fifo_base_inst/\gen_sdpram.xpm_memory_base_inst /gen_wr_a.gen_word_narrow.mem_reg") is too shallow (depth = 128) to use URAM. Choosing BRAM instead of URAM 
INFO: [Synth 8-3333] propagating constant 0 across sequential element (u_HILO/\request_r_reg[score][31] )
---------------------------------------------------------------------------------
Finished Cross Boundary and Area Optimization : Time (s): cpu = 00:00:47 ; elapsed = 00:00:57 . Memory (MB): peak = 3269.457 ; gain = 871.145 ; free physical = 234 ; free virtual = 35151
---------------------------------------------------------------------------------
 Sort Area is cnn_core__GC0 p_22 : 0 0 : 349 349 : Used 2 time 100
 Sort Area is cnn_core__GC0 p_24 : 0 0 : 349 349 : Used 2 time 100
 Sort Area is cnn_core__GC0 p_25 : 0 0 : 349 349 : Used 2 time 100
 Sort Area is cnn_core__GC0 p_26 : 0 0 : 349 349 : Used 2 time 100
 Sort Area is cnn_core__GC0 p_27 : 0 0 : 349 349 : Used 2 time 100
 Sort Area is cnn_core__GC0 p_28 : 0 0 : 349 349 : Used 2 time 100
 Sort Area is cnn_core__GC0 p_29 : 0 0 : 349 349 : Used 2 time 100
 Sort Area is cnn_core__GC0 p_2a : 0 0 : 349 349 : Used 2 time 100
 Sort Area is cnn_core__GC0 p_2b : 0 0 : 349 349 : Used 2 time 100
 Sort Area is cnn_core__GC0 p_2c : 0 0 : 349 349 : Used 2 time 100
 Sort Area is cnn_core__GC0 p_2d : 0 0 : 349 349 : Used 2 time 100
 Sort Area is cnn_core__GC0 p_2e : 0 0 : 349 349 : Used 2 time 100
 Sort Area is cnn_core__GC0 p_2f : 0 0 : 349 349 : Used 2 time 100
 Sort Area is cnn_core__GC0 p_30 : 0 0 : 349 349 : Used 2 time 100
 Sort Area is cnn_core__GC0 p_31 : 0 0 : 349 349 : Used 2 time 100
 Sort Area is cnn_core__GC0 p_11 : 0 0 : 348 348 : Used 2 time 100
 Sort Area is cnn_core__GC0 p_13 : 0 0 : 348 348 : Used 2 time 100
 Sort Area is cnn_core__GC0 p_14 : 0 0 : 348 348 : Used 2 time 100
 Sort Area is cnn_core__GC0 p_15 : 0 0 : 348 348 : Used 2 time 100
 Sort Area is cnn_core__GC0 p_16 : 0 0 : 348 348 : Used 2 time 100
 Sort Area is cnn_core__GC0 p_17 : 0 0 : 348 348 : Used 2 time 100
 Sort Area is cnn_core__GC0 p_18 : 0 0 : 348 348 : Used 2 time 100
 Sort Area is cnn_core__GC0 p_19 : 0 0 : 348 348 : Used 2 time 100
 Sort Area is cnn_core__GC0 p_1a : 0 0 : 348 348 : Used 2 time 100
 Sort Area is cnn_core__GC0 p_1b : 0 0 : 348 348 : Used 2 time 100
 Sort Area is cnn_core__GC0 p_1c : 0 0 : 348 348 : Used 2 time 100
 Sort Area is cnn_core__GC0 p_1d : 0 0 : 348 348 : Used 2 time 100
 Sort Area is cnn_core__GC0 p_1e : 0 0 : 348 348 : Used 2 time 100
 Sort Area is cnn_core__GC0 p_1f : 0 0 : 348 348 : Used 2 time 100
 Sort Area is cnn_core__GC0 p_20 : 0 0 : 348 348 : Used 2 time 100
 Sort Area is cnn_core__GC0 p_21 : 0 0 : 348 348 : Used 2 time 100
 Sort Area is cnn_core__GC0 p_32 : 0 0 : 348 348 : Used 2 time 100
 Sort Area is cnn_core_phara_pool_aligned_hybrid_p8_cl_array_array_array_array_config3_config5_s__GB2 p_0 : 0 0 : 346 346 : Used 2 time 100
 Sort Area is cnn_core_phara_pool_aligned_hybrid_p8_cl_array_array_array_array_config3_config5_s__GB1 p_0 : 0 0 : 346 346 : Used 2 time 100
 Sort Area is cnn_core_phara_pool_aligned_hybrid_p8_cl_array_array_array_array_config3_config5_s__GB2 p_2 : 0 0 : 346 346 : Used 2 time 100
 Sort Area is cnn_core_phara_pool_aligned_hybrid_p8_cl_array_array_array_array_config3_config5_s__GB1 p_2 : 0 0 : 346 346 : Used 2 time 100
 Sort Area is cnn_core_phara_pool_aligned_hybrid_p8_cl_array_array_array_array_config3_config5_s__GB0 p_5 : 0 0 : 346 346 : Used 2 time 100
 Sort Area is cnn_core_phara_pool_aligned_hybrid_p8_cl_array_array_array_array_config3_config5_s__GB0 p_7 : 0 0 : 346 346 : Used 2 time 100
 Sort Area is cnn_core_phara_pool_aligned_hybrid_p8_cl_array_array_array_array_config3_config5_s__GB0 p_8 : 0 0 : 346 346 : Used 2 time 100
 Sort Area is cnn_core_phara_pool_aligned_hybrid_p8_cl_array_array_array_array_config3_config5_s__GB0 p_9 : 0 0 : 346 346 : Used 2 time 100
 Sort Area is cnn_core__GC0 tmp_product_0 : 0 0 : 299 299 : Used 2 time 100
 Sort Area is cnn_core_phara_pool_aligned_hybrid_p8_cl_array_array_array_array_config3_config5_s__GB0 tmp_product_0 : 0 0 : 299 299 : Used 2 time 100
 Sort Area is cnn_core__GC0 tmp_product_10 : 0 0 : 299 299 : Used 2 time 100
 Sort Area is cnn_core__GC0 tmp_product_2 : 0 0 : 299 299 : Used 2 time 100
 Sort Area is cnn_core_phara_pool_aligned_hybrid_p8_cl_array_array_array_array_config3_config5_s__GB0 tmp_product_2 : 0 0 : 299 299 : Used 2 time 100
 Sort Area is cnn_core__GC0 tmp_product_3 : 0 0 : 299 299 : Used 2 time 100
 Sort Area is cnn_core_phara_pool_aligned_hybrid_p8_cl_array_array_array_array_config3_config5_s__GB0 tmp_product_3 : 0 0 : 299 299 : Used 2 time 100
 Sort Area is cnn_core_phara_pool_aligned_hybrid_p8_cl_array_array_array_array_config3_config5_s__GB2 tmp_product_3 : 0 0 : 299 299 : Used 2 time 100
 Sort Area is cnn_core_phara_pool_aligned_hybrid_p8_cl_array_array_array_array_config3_config5_s__GB1 tmp_product_3 : 0 0 : 299 299 : Used 2 time 100
 Sort Area is cnn_core__GC0 tmp_product_4 : 0 0 : 299 299 : Used 2 time 100
 Sort Area is cnn_core_phara_pool_aligned_hybrid_p8_cl_array_array_array_array_config3_config5_s__GB0 tmp_product_4 : 0 0 : 299 299 : Used 2 time 100
 Sort Area is cnn_core__GC0 tmp_product_5 : 0 0 : 299 299 : Used 2 time 100
 Sort Area is cnn_core_phara_pool_aligned_hybrid_p8_cl_array_array_array_array_config3_config5_s__GB2 tmp_product_5 : 0 0 : 299 299 : Used 2 time 100
 Sort Area is cnn_core_phara_pool_aligned_hybrid_p8_cl_array_array_array_array_config3_config5_s__GB1 tmp_product_5 : 0 0 : 299 299 : Used 2 time 100
 Sort Area is cnn_core__GC0 tmp_product_6 : 0 0 : 299 299 : Used 2 time 100
 Sort Area is cnn_core__GC0 tmp_product_7 : 0 0 : 299 299 : Used 2 time 100
 Sort Area is cnn_core__GC0 tmp_product_8 : 0 0 : 299 299 : Used 2 time 100
 Sort Area is cnn_core__GC0 tmp_product_9 : 0 0 : 299 299 : Used 2 time 100
 Sort Area is cnn_core__GC0 tmp_product_a : 0 0 : 299 299 : Used 2 time 100
 Sort Area is cnn_core__GC0 tmp_product_b : 0 0 : 299 299 : Used 2 time 100
 Sort Area is cnn_core__GC0 tmp_product_c : 0 0 : 299 299 : Used 2 time 100
 Sort Area is cnn_core__GC0 tmp_product_d : 0 0 : 299 299 : Used 2 time 100
 Sort Area is cnn_core__GC0 tmp_product_e : 0 0 : 299 299 : Used 2 time 100
 Sort Area is cnn_core__GC0 tmp_product_f : 0 0 : 299 299 : Used 2 time 100
INFO: [Synth 8-5775] Found 'rw_addr_collision' attribute set to 'no' on SDP RAM gen_wr_a.gen_word_narrow.mem_reg. Setting write mode to NO_CHANGE 
INFO: [Synth 8-5775] Found 'rw_addr_collision' attribute set to 'no' on SDP RAM gen_wr_a.gen_word_narrow.mem_reg. Setting write mode to NO_CHANGE 
INFO: [Synth 8-5775] Found 'rw_addr_collision' attribute set to 'no' on SDP RAM gen_wr_a.gen_word_narrow.mem_reg. Setting write mode to NO_CHANGE 
INFO: [Synth 8-5775] Found 'rw_addr_collision' attribute set to 'no' on SDP RAM gen_wr_a.gen_word_narrow.mem_reg. Setting write mode to NO_CHANGE 
WARNING: [Synth 8-6057] Memory: "batch_mem_reg" defined in module: "u_CORE/u_MULTIMODE_PATH/i_3_1/u_RING" implemented as Ultra-Ram has no pipeline registers. It is recommended to use pipeline registers to achieve high performance.
---------------------------------------------------------------------------------
Start ROM, RAM, DSP, Shift Register and Retiming Reporting
---------------------------------------------------------------------------------

Ultra RAM: Preliminary Mapping Report (see note below)
+-------------------------------------+---------------+------------------------+---+---+------------------------+---+---+------------------+---------+--------------+--------------------------+-------------+
|Module Name                          | RTL Object    | PORT A (Depth x Width) | W | R | PORT B (Depth x Width) | W | R | Ports driving FF | URAM288 | Matrix Shape | FF provided for Pipeline | FF absorbed | 
+-------------------------------------+---------------+------------------------+---+---+------------------------+---+---+------------------+---------+--------------+--------------------------+-------------+
|u_CORE/u_MULTIMODE_PATH/i_3_1/u_RING | batch_mem_reg | 4 K x 384              |   | R | 4 K x 384              | W |   | Port A and B     | 6       | 1x1          | 0                        | 0           | 
+-------------------------------------+---------------+------------------------+---+---+------------------------+---+---+------------------+---------+--------------+--------------------------+-------------+

Note: The table above is a preliminary report that shows the Ultra RAMs at the current stage of the synthesis flow. Some Ultra RAMs may be reimplemented as non Ultra RAM primitives later in the synthesis flow. Multiple instantiated Ultra RAMs are reported only once. Fields "FF provided for Pipeline" and "FF absorbed" respectively indicate number of registers available for pipelining and number of registers absorbed in the URAM matrix for pipelining. 

Block RAM: Preliminary Mapping Report (see note below)
+-------------------------------------------------------------------------------------------------------------------+----------------------------------+------------------------+---+---+------------------------+---+---+------------------+--------+--------+-----------------+
|Module Name                                                                                                        | RTL Object                       | PORT A (Depth x Width) | W | R | PORT B (Depth x Width) | W | R | Ports driving FF | RAMB18 | RAMB36 | Cascade Heights | 
+-------------------------------------------------------------------------------------------------------------------+----------------------------------+------------------------+---+---+------------------------+---+---+------------------+--------+--------+-----------------+
|u_CORE/\gen_lanes[0].u_LANE /i_3_0/u_FIFO/\gnuram_async_fifo.xpm_fifo_base_inst /\gen_sdpram.xpm_memory_base_inst  | gen_wr_a.gen_word_narrow.mem_reg | 128 x 256(NO_CHANGE)   | W |   | 64 x 512(NO_CHANGE)    |   | R | Port A and B     | 1      | 7      | 1,1,1,1,1,1,1,1 | 
|u_CORE/\gen_lanes[1].u_LANE /i_3_0/u_FIFO/\gnuram_async_fifo.xpm_fifo_base_inst /\gen_sdpram.xpm_memory_base_inst  | gen_wr_a.gen_word_narrow.mem_reg | 128 x 256(NO_CHANGE)   | W |   | 64 x 512(NO_CHANGE)    |   | R | Port A and B     | 1      | 7      | 1,1,1,1,1,1,1,1 | 
|u_EVENT_FIFO/u_FIFO/xpm_fifo_base_inst/\gen_sdpram.xpm_memory_base_inst                                            | gen_wr_a.gen_word_narrow.mem_reg | 128 x 463(READ_FIRST)  | W |   | 128 x 463(WRITE_FIRST) |   | R | Port A and B     | 1      | 6      |                 | 
+-------------------------------------------------------------------------------------------------------------------+----------------------------------+------------------------+---+---+------------------------+---+---+------------------+--------+--------+-----------------+

Note: The table above is a preliminary report that shows the Block RAMs at the current stage of the synthesis flow. Some Block RAMs may be reimplemented as non Block RAM primitives later in the synthesis flow. Multiple instantiated Block RAMs are reported only once. 

Distributed RAM: Preliminary Mapping Report (see note below)
+----------------------------------------------+------------------------------+-----------+----------------------+----------------+
|Module Name                                   | RTL Object                   | Inference | Size (Depth x Width) | Primitives     | 
+----------------------------------------------+------------------------------+-----------+----------------------+----------------+
|layer5_out_x4_U/U_cnn_core_fifo_w480_d4_A_ram | mem_reg                      | Implied   | 4 x 480              | RAM32M16 x 35  | 
|layer7_out_U/U_cnn_core_fifo_w864_d4_A_ram    | mem_reg                      | Implied   | 4 x 864              | RAM32M16 x 62  | 
|layer8_out_U/U_cnn_core_fifo_w816_d4_A_ram    | mem_reg                      | Implied   | 4 x 816              | RAM32M16 x 59  | 
|layer9_out_U/U_cnn_core_fifo_w480_d4_A_ram    | mem_reg                      | Implied   | 4 x 480              | RAM32M16 x 35  | 
|u_CORE/\gen_lanes[0].u_LANE                   | score_id_mem_reg             | Implied   | 16 x 16              | RAM32M16 x 2   | 
|u_CORE/\gen_lanes[0].u_LANE                   | score_timestamp_mem_reg      | Implied   | 16 x 24              | RAM32M16 x 2   | 
|u_CORE/\gen_lanes[0].u_LANE                   | score_start_offset_mem_reg   | Implied   | 16 x 6               | RAM32M16 x 1   | 
|u_CORE/\gen_lanes[0].u_LANE                   | score_trigger_offset_mem_reg | Implied   | 16 x 6               | RAM32M16 x 1   | 
|u_CORE/\gen_lanes[0].u_LANE                   | score_thresh_mem_reg         | Implied   | 16 x 32              | RAM32M16 x 3   | 
|u_CORE/\gen_lanes[1].u_LANE                   | score_id_mem_reg             | Implied   | 16 x 16              | RAM32M16 x 2   | 
|u_CORE/\gen_lanes[1].u_LANE                   | score_timestamp_mem_reg      | Implied   | 16 x 24              | RAM32M16 x 2   | 
|u_CORE/\gen_lanes[1].u_LANE                   | score_start_offset_mem_reg   | Implied   | 16 x 6               | RAM32M16 x 1   | 
|u_CORE/\gen_lanes[1].u_LANE                   | score_trigger_offset_mem_reg | Implied   | 16 x 6               | RAM32M16 x 1   | 
|u_CORE/\gen_lanes[1].u_LANE                   | score_thresh_mem_reg         | Implied   | 16 x 32              | RAM32M16 x 3   | 
|u_CNN_REQUEST_CDC                             | wr_queue_reg                 | Implied   | 32 x 84              | RAM32M16 x 6   | 
|u_CORE/u_MULTIMODE_PATH/i_3_1/u_RING          | tag_mem_reg                  | Implied   | 64 x 16              | RAM64M8 x 9    | 
+----------------------------------------------+------------------------------+-----------+----------------------+----------------+

Note: The table above is a preliminary report that shows the Distributed RAMs at the current stage of the synthesis flow. Some Distributed RAMs may be reimplemented as non Distributed RAM primitives later in the synthesis flow. Multiple instantiated RAMs are reported only once.

DSP: Preliminary Mapping Report (see note below. The ' indicates corresponding REG is set)
+-----------------------------------------------+-------------+--------+--------+--------+--------+--------+------+------+------+------+-------+------+------+
|Module Name                                    | DSP Mapping | A Size | B Size | C Size | D Size | P Size | AREG | BREG | CREG | DREG | ADREG | MREG | PREG | 
+-----------------------------------------------+-------------+--------+--------+--------+--------+--------+------+------+------+------+-------+------+------+
|cnn_core_mul_10s_5s_15_1_1                     | A*B         | 10     | 5      | -      | -      | 15     | 0    | 0    | -    | -    | -     | 0    | 0    | 
|cnn_core_mul_10s_5s_15_1_1                     | A*B         | 10     | 5      | -      | -      | 15     | 0    | 0    | -    | -    | -     | 0    | 0    | 
|cnn_core_mul_10s_5s_15_1_1                     | A*B         | 10     | 5      | -      | -      | 15     | 0    | 0    | -    | -    | -     | 0    | 0    | 
|cnn_core_mul_10s_5s_15_1_1                     | A*B         | 10     | 5      | -      | -      | 15     | 0    | 0    | -    | -    | -     | 0    | 0    | 
|cnn_core_mac_muladd_10s_4ns_13s_15_1_1_DSP48_0 | C+A*B       | 10     | 5      | 13     | -      | 15     | 0    | 0    | 0    | -    | -     | 0    | 0    | 
|cnn_core_mac_muladd_10s_4ns_13s_15_1_1_DSP48_0 | C+A*B       | 10     | 5      | 13     | -      | 15     | 0    | 0    | 0    | -    | -     | 0    | 0    | 
|cnn_core_mac_muladd_10s_4ns_13s_15_1_1_DSP48_0 | C+A*B       | 10     | 5      | 13     | -      | 15     | 0    | 0    | 0    | -    | -     | 0    | 0    | 
|cnn_core_mac_muladd_10s_4ns_13s_15_1_1_DSP48_0 | C+A*B       | 10     | 5      | 13     | -      | 15     | 0    | 0    | 0    | -    | -     | 0    | 0    | 
|cnn_core_mac_muladd_10s_4ns_13s_15_1_1_DSP48_0 | C+A*B       | 10     | 5      | 13     | -      | 15     | 0    | 0    | 0    | -    | -     | 0    | 0    | 
|cnn_core_mac_muladd_10s_4ns_13s_15_1_1_DSP48_0 | C+A*B       | 10     | 5      | 13     | -      | 15     | 0    | 0    | 0    | -    | -     | 0    | 0    | 
|cnn_core_mul_10s_5s_15_1_1                     | A*B         | 10     | 5      | -      | -      | 15     | 0    | 0    | -    | -    | -     | 0    | 0    | 
|cnn_core_mul_10s_5s_15_1_1                     | A*B         | 10     | 5      | -      | -      | 15     | 0    | 0    | -    | -    | -     | 0    | 0    | 
|cnn_core_mac_muladd_10s_4ns_13s_15_1_1_DSP48_0 | C+A*B       | 10     | 5      | 13     | -      | 15     | 0    | 0    | 0    | -    | -     | 0    | 0    | 
|cnn_core_mac_muladd_10s_4ns_13s_15_1_1_DSP48_0 | C+A*B       | 10     | 5      | 13     | -      | 15     | 0    | 0    | 0    | -    | -     | 0    | 0    | 
|cnn_core_mul_10s_5s_15_1_1                     | A*B         | 10     | 5      | -      | -      | 15     | 0    | 0    | -    | -    | -     | 0    | 0    | 
|cnn_core_mul_10s_5s_15_1_1                     | A*B         | 10     | 5      | -      | -      | 15     | 0    | 0    | -    | -    | -     | 0    | 0    | 
|cnn_core_mul_10s_5s_15_1_1                     | A*B         | 10     | 5      | -      | -      | 15     | 0    | 0    | -    | -    | -     | 0    | 0    | 
|cnn_core_mul_10s_5s_15_1_1                     | A*B         | 10     | 5      | -      | -      | 15     | 0    | 0    | -    | -    | -     | 0    | 0    | 
|cnn_core_mul_10s_5s_15_1_1                     | A*B         | 10     | 5      | -      | -      | 15     | 0    | 0    | -    | -    | -     | 0    | 0    | 
|cnn_core_mul_10s_5s_15_1_1                     | A*B         | 10     | 5      | -      | -      | 15     | 0    | 0    | -    | -    | -     | 0    | 0    | 
|cnn_core_mul_10s_5s_15_1_1                     | A*B         | 10     | 5      | -      | -      | 15     | 0    | 0    | -    | -    | -     | 0    | 0    | 
|cnn_core_mul_10s_5s_15_1_1                     | A*B         | 10     | 5      | -      | -      | 15     | 0    | 0    | -    | -    | -     | 0    | 0    | 
|cnn_core_mul_10s_5s_15_1_1                     | A*B         | 10     | 5      | -      | -      | 15     | 0    | 0    | -    | -    | -     | 0    | 0    | 
|cnn_core_mul_10s_5s_15_1_1                     | A*B         | 10     | 5      | -      | -      | 15     | 0    | 0    | -    | -    | -     | 0    | 0    | 
|cnn_core_mul_10s_5s_15_1_1                     | A*B         | 10     | 5      | -      | -      | 15     | 0    | 0    | -    | -    | -     | 0    | 0    | 
|cnn_core_mul_10s_5s_15_1_1                     | A*B         | 10     | 5      | -      | -      | 15     | 0    | 0    | -    | -    | -     | 0    | 0    | 
|cnn_core_mul_10s_5s_15_1_1                     | A*B         | 10     | 5      | -      | -      | 15     | 0    | 0    | -    | -    | -     | 0    | 0    | 
|cnn_core_mul_10s_5s_15_1_1                     | A*B         | 10     | 5      | -      | -      | 15     | 0    | 0    | -    | -    | -     | 0    | 0    | 
|cnn_core_mul_10s_5s_15_1_1                     | A*B         | 10     | 5      | -      | -      | 15     | 0    | 0    | -    | -    | -     | 0    | 0    | 
|cnn_core_mul_10s_5s_15_1_1                     | A*B         | 10     | 5      | -      | -      | 15     | 0    | 0    | -    | -    | -     | 0    | 0    | 
|cnn_core_mul_10s_5s_15_1_1                     | A*B         | 10     | 5      | -      | -      | 15     | 0    | 0    | -    | -    | -     | 0    | 0    | 
|cnn_core_mul_10s_5s_15_1_1                     | A*B         | 10     | 5      | -      | -      | 15     | 0    | 0    | -    | -    | -     | 0    | 0    | 
|cnn_core_mac_muladd_10s_5s_15s_16_1_1_DSP48_1  | C+A*B       | 10     | 5      | 15     | -      | 16     | 0    | 0    | 0    | -    | -     | 0    | 0    | 
|cnn_core_mac_muladd_10s_5s_15s_16_1_1_DSP48_1  | C+A*B       | 10     | 5      | 15     | -      | 16     | 0    | 0    | 0    | -    | -     | 0    | 0    | 
|cnn_core_mac_muladd_10s_5s_15s_16_1_1_DSP48_1  | C+A*B       | 10     | 5      | 15     | -      | 16     | 0    | 0    | 0    | -    | -     | 0    | 0    | 
|cnn_core_mac_muladd_10s_5s_15s_16_1_1_DSP48_1  | C+A*B       | 10     | 5      | 15     | -      | 16     | 0    | 0    | 0    | -    | -     | 0    | 0    | 
|cnn_core_mac_muladd_10s_5s_15s_16_1_1_DSP48_1  | C+A*B       | 10     | 5      | 15     | -      | 16     | 0    | 0    | 0    | -    | -     | 0    | 0    | 
|cnn_core_mac_muladd_10s_5s_15s_16_1_1_DSP48_1  | C+A*B       | 10     | 5      | 15     | -      | 16     | 0    | 0    | 0    | -    | -     | 0    | 0    | 
|cnn_core_mac_muladd_10s_5s_15s_16_1_1_DSP48_1  | C+A*B       | 10     | 5      | 15     | -      | 16     | 0    | 0    | 0    | -    | -     | 0    | 0    | 
|cnn_core_mac_muladd_10s_5s_15s_16_1_1_DSP48_1  | C+A*B       | 10     | 5      | 15     | -      | 16     | 0    | 0    | 0    | -    | -     | 0    | 0    | 
|cnn_core_mac_muladd_10s_5s_15s_16_1_1_DSP48_1  | C+A*B       | 10     | 5      | 15     | -      | 16     | 0    | 0    | 0    | -    | -     | 0    | 0    | 
|cnn_core_mac_muladd_10s_5s_15s_16_1_1_DSP48_1  | C+A*B       | 10     | 5      | 15     | -      | 16     | 0    | 0    | 0    | -    | -     | 0    | 0    | 
|cnn_core_mac_muladd_10s_5s_15s_16_1_1_DSP48_1  | C+A*B       | 10     | 5      | 15     | -      | 16     | 0    | 0    | 0    | -    | -     | 0    | 0    | 
|cnn_core_mac_muladd_10s_5s_15s_16_1_1_DSP48_1  | C+A*B       | 10     | 5      | 15     | -      | 16     | 0    | 0    | 0    | -    | -     | 0    | 0    | 
|cnn_core_mac_muladd_10s_5s_15s_16_1_1_DSP48_1  | C+A*B       | 10     | 5      | 15     | -      | 16     | 0    | 0    | 0    | -    | -     | 0    | 0    | 
|cnn_core_mac_muladd_10s_5s_15s_16_1_1_DSP48_1  | C+A*B       | 10     | 5      | 15     | -      | 16     | 0    | 0    | 0    | -    | -     | 0    | 0    | 
|cnn_core_mac_muladd_10s_5s_15s_16_1_1_DSP48_1  | C+A*B       | 10     | 5      | 15     | -      | 16     | 0    | 0    | 0    | -    | -     | 0    | 0    | 
|cnn_core_mac_muladd_10s_4ns_15s_15_1_1_DSP48_2 | C+A*B       | 10     | 5      | 15     | -      | 15     | 0    | 0    | 0    | -    | -     | 0    | 0    | 
|cnn_core_mac_muladd_10s_5s_16s_16_1_1_DSP48_3  | C+A*B       | 10     | 5      | 16     | -      | 16     | 0    | 0    | 0    | -    | -     | 0    | 0    | 
|cnn_core_mac_muladd_10s_5s_16s_16_1_1_DSP48_3  | C+A*B       | 10     | 5      | 16     | -      | 16     | 0    | 0    | 0    | -    | -     | 0    | 0    | 
|cnn_core_mac_muladd_10s_5s_16s_16_1_1_DSP48_3  | C+A*B       | 10     | 5      | 16     | -      | 16     | 0    | 0    | 0    | -    | -     | 0    | 0    | 
|cnn_core_mac_muladd_10s_5s_16s_16_1_1_DSP48_3  | C+A*B       | 10     | 5      | 16     | -      | 16     | 0    | 0    | 0    | -    | -     | 0    | 0    | 
|cnn_core_mac_muladd_10s_5s_16s_16_1_1_DSP48_3  | C+A*B       | 10     | 5      | 16     | -      | 16     | 0    | 0    | 0    | -    | -     | 0    | 0    | 
|cnn_core_mac_muladd_10s_5s_16s_16_1_1_DSP48_3  | C+A*B       | 10     | 5      | 16     | -      | 16     | 0    | 0    | 0    | -    | -     | 0    | 0    | 
|cnn_core_mac_muladd_10s_5s_16s_16_1_1_DSP48_3  | C+A*B       | 10     | 5      | 16     | -      | 16     | 0    | 0    | 0    | -    | -     | 0    | 0    | 
|cnn_core_mac_muladd_10s_5s_16s_16_1_1_DSP48_3  | C+A*B       | 10     | 5      | 16     | -      | 16     | 0    | 0    | 0    | -    | -     | 0    | 0    | 
|cnn_core_mac_muladd_10s_5s_16s_16_1_1_DSP48_3  | C+A*B       | 10     | 5      | 16     | -      | 16     | 0    | 0    | 0    | -    | -     | 0    | 0    | 
|cnn_core_mac_muladd_10s_5s_16s_16_1_1_DSP48_3  | C+A*B       | 10     | 5      | 16     | -      | 16     | 0    | 0    | 0    | -    | -     | 0    | 0    | 
|cnn_core_mac_muladd_10s_5s_16s_16_1_1_DSP48_3  | C+A*B       | 10     | 5      | 16     | -      | 16     | 0    | 0    | 0    | -    | -     | 0    | 0    | 
|cnn_core_mac_muladd_10s_5s_16s_16_1_1_DSP48_3  | C+A*B       | 10     | 5      | 16     | -      | 16     | 0    | 0    | 0    | -    | -     | 0    | 0    | 
|cnn_core_mac_muladd_10s_5s_16s_16_1_1_DSP48_3  | C+A*B       | 10     | 5      | 16     | -      | 16     | 0    | 0    | 0    | -    | -     | 0    | 0    | 
|cnn_core_mac_muladd_10s_5s_16s_16_1_1_DSP48_3  | C+A*B       | 10     | 5      | 16     | -      | 16     | 0    | 0    | 0    | -    | -     | 0    | 0    | 
|cnn_core_mac_muladd_10s_5s_16s_16_1_1_DSP48_3  | C+A*B       | 10     | 5      | 16     | -      | 16     | 0    | 0    | 0    | -    | -     | 0    | 0    | 
|cnn_core_mac_muladd_10s_5s_15s_16_1_1_DSP48_1  | C+A*B       | 10     | 5      | 15     | -      | 16     | 0    | 0    | 0    | -    | -     | 0    | 0    | 
+-----------------------------------------------+-------------+--------+--------+--------+--------+--------+------+------+------+------+-------+------+------+

Note: The table above is a preliminary report that shows the DSPs inferred at the current stage of the synthesis flow. Some DSP may be reimplemented as non DSP primitives later in the synthesis flow. Multiple instantiated DSPs are reported only once.
---------------------------------------------------------------------------------
Finished ROM, RAM, DSP, Shift Register and Retiming Reporting
---------------------------------------------------------------------------------
---------------------------------------------------------------------------------
Start Applying XDC Timing Constraints
---------------------------------------------------------------------------------
---------------------------------------------------------------------------------
Finished Applying XDC Timing Constraints : Time (s): cpu = 00:00:52 ; elapsed = 00:01:03 . Memory (MB): peak = 3528.355 ; gain = 1130.043 ; free physical = 219 ; free virtual = 34821
---------------------------------------------------------------------------------
---------------------------------------------------------------------------------
Start Timing Optimization
---------------------------------------------------------------------------------
INFO: [Synth 8-5775] Found 'rw_addr_collision' attribute set to 'no' on SDP RAM gen_wr_a.gen_word_narrow.mem_reg. Setting write mode to NO_CHANGE 
INFO: [Synth 8-5775] Found 'rw_addr_collision' attribute set to 'no' on SDP RAM gen_wr_a.gen_word_narrow.mem_reg. Setting write mode to NO_CHANGE 
INFO: [Synth 8-5775] Found 'rw_addr_collision' attribute set to 'no' on SDP RAM gen_wr_a.gen_word_narrow.mem_reg. Setting write mode to NO_CHANGE 
INFO: [Synth 8-5775] Found 'rw_addr_collision' attribute set to 'no' on SDP RAM gen_wr_a.gen_word_narrow.mem_reg. Setting write mode to NO_CHANGE 
---------------------------------------------------------------------------------
Finished Timing Optimization : Time (s): cpu = 00:01:14 ; elapsed = 00:01:25 . Memory (MB): peak = 3756.676 ; gain = 1358.363 ; free physical = 728 ; free virtual = 34612
---------------------------------------------------------------------------------
WARNING: [Synth 8-6057] Memory: "batch_mem_reg" defined in module: "u_CORE/u_MULTIMODE_PATH/i_3_1/u_RING" implemented as Ultra-Ram has no pipeline registers. It is recommended to use pipeline registers to achieve high performance.
---------------------------------------------------------------------------------
Start ROM, RAM, DSP, Shift Register and Retiming Reporting
---------------------------------------------------------------------------------

Ultra RAM: Final Mapping Report (see note below)
+-------------------------------------+---------------+------------------------+---+---+------------------------+---+---+------------------+---------+--------------+--------------------------+-------------+
|Module Name                          | RTL Object    | PORT A (Depth x Width) | W | R | PORT B (Depth x Width) | W | R | Ports driving FF | URAM288 | Matrix Shape | FF provided for Pipeline | FF absorbed | 
+-------------------------------------+---------------+------------------------+---+---+------------------------+---+---+------------------+---------+--------------+--------------------------+-------------+
|u_CORE/u_MULTIMODE_PATH/i_3_1/u_RING | batch_mem_reg | 4 K x 384              |   | R | 4 K x 384              | W |   | Port A and B     | 6       | 1x1          | 0                        | 0           | 
+-------------------------------------+---------------+------------------------+---+---+------------------------+---+---+------------------+---------+--------------+--------------------------+-------------+


Block RAM: Final Mapping Report
+-------------------------------------------------------------------------------------------------------------------+----------------------------------+------------------------+---+---+------------------------+---+---+------------------+--------+--------+-----------------+
|Module Name                                                                                                        | RTL Object                       | PORT A (Depth x Width) | W | R | PORT B (Depth x Width) | W | R | Ports driving FF | RAMB18 | RAMB36 | Cascade Heights | 
+-------------------------------------------------------------------------------------------------------------------+----------------------------------+------------------------+---+---+------------------------+---+---+------------------+--------+--------+-----------------+
|u_CORE/\gen_lanes[0].u_LANE /i_3_0/u_FIFO/\gnuram_async_fifo.xpm_fifo_base_inst /\gen_sdpram.xpm_memory_base_inst  | gen_wr_a.gen_word_narrow.mem_reg | 128 x 256(NO_CHANGE)   | W |   | 64 x 512(NO_CHANGE)    |   | R | Port A and B     | 1      | 7      | 1,1,1,1,1,1,1,1 | 
|u_CORE/\gen_lanes[1].u_LANE /i_3_0/u_FIFO/\gnuram_async_fifo.xpm_fifo_base_inst /\gen_sdpram.xpm_memory_base_inst  | gen_wr_a.gen_word_narrow.mem_reg | 128 x 256(NO_CHANGE)   | W |   | 64 x 512(NO_CHANGE)    |   | R | Port A and B     | 1      | 7      | 1,1,1,1,1,1,1,1 | 
|u_EVENT_FIFO/u_FIFO/xpm_fifo_base_inst/\gen_sdpram.xpm_memory_base_inst                                            | gen_wr_a.gen_word_narrow.mem_reg | 128 x 463(READ_FIRST)  | W |   | 128 x 463(WRITE_FIRST) |   | R | Port A and B     | 1      | 6      |                 | 
+-------------------------------------------------------------------------------------------------------------------+----------------------------------+------------------------+---+---+------------------------+---+---+------------------+--------+--------+-----------------+


Distributed RAM: Final Mapping Report
+----------------------------------------------+------------------------------+-----------+----------------------+----------------+
|Module Name                                   | RTL Object                   | Inference | Size (Depth x Width) | Primitives     | 
+----------------------------------------------+------------------------------+-----------+----------------------+----------------+
|layer5_out_x4_U/U_cnn_core_fifo_w480_d4_A_ram | mem_reg                      | Implied   | 4 x 480              | RAM32M16 x 35  | 
|layer7_out_U/U_cnn_core_fifo_w864_d4_A_ram    | mem_reg                      | Implied   | 4 x 864              | RAM32M16 x 62  | 
|layer8_out_U/U_cnn_core_fifo_w816_d4_A_ram    | mem_reg                      | Implied   | 4 x 816              | RAM32M16 x 59  | 
|layer9_out_U/U_cnn_core_fifo_w480_d4_A_ram    | mem_reg                      | Implied   | 4 x 480              | RAM32M16 x 35  | 
|u_CORE/\gen_lanes[0].u_LANE                   | score_id_mem_reg             | Implied   | 16 x 16              | RAM32M16 x 2   | 
|u_CORE/\gen_lanes[0].u_LANE                   | score_timestamp_mem_reg      | Implied   | 16 x 24              | RAM32M16 x 2   | 
|u_CORE/\gen_lanes[0].u_LANE                   | score_start_offset_mem_reg   | Implied   | 16 x 6               | RAM32M16 x 1   | 
|u_CORE/\gen_lanes[0].u_LANE                   | score_trigger_offset_mem_reg | Implied   | 16 x 6               | RAM32M16 x 1   | 
|u_CORE/\gen_lanes[0].u_LANE                   | score_thresh_mem_reg         | Implied   | 16 x 32              | RAM32M16 x 3   | 
|u_CORE/\gen_lanes[1].u_LANE                   | score_id_mem_reg             | Implied   | 16 x 16              | RAM32M16 x 2   | 
|u_CORE/\gen_lanes[1].u_LANE                   | score_timestamp_mem_reg      | Implied   | 16 x 24              | RAM32M16 x 2   | 
|u_CORE/\gen_lanes[1].u_LANE                   | score_start_offset_mem_reg   | Implied   | 16 x 6               | RAM32M16 x 1   | 
|u_CORE/\gen_lanes[1].u_LANE                   | score_trigger_offset_mem_reg | Implied   | 16 x 6               | RAM32M16 x 1   | 
|u_CORE/\gen_lanes[1].u_LANE                   | score_thresh_mem_reg         | Implied   | 16 x 32              | RAM32M16 x 3   | 
|u_CNN_REQUEST_CDC                             | wr_queue_reg                 | Implied   | 32 x 84              | RAM32M16 x 6   | 
|u_CORE/u_MULTIMODE_PATH/i_3_1/u_RING          | tag_mem_reg                  | Implied   | 64 x 16              | RAM64M8 x 9    | 
+----------------------------------------------+------------------------------+-----------+----------------------+----------------+

---------------------------------------------------------------------------------
Finished ROM, RAM, DSP, Shift Register and Retiming Reporting
---------------------------------------------------------------------------------
---------------------------------------------------------------------------------
Start Technology Mapping
---------------------------------------------------------------------------------
INFO: [Synth 8-3333] propagating constant 0 across sequential element (u_CORE/\gen_lanes[1].u_LANE /u_WRAPPER/cnn_core_inst/i_3_0/layer5_out_x4_U/U_cnn_core_fifo_w480_d4_A_ram/\mem_reg_reg[449] )
INFO: [Synth 8-7052] The timing for the instance u_CORE/u_MULTIMODE_PATH/i_0/u_RING/batch_mem_reg_uram_0 (implemented as a Ultra RAM) might be sub-optimal as no optional output register could be merged into the ram block. Providing additional output register may help in improving timing.
INFO: [Synth 8-7052] The timing for the instance u_CORE/u_MULTIMODE_PATH/i_0/u_RING/batch_mem_reg_uram_1 (implemented as a Ultra RAM) might be sub-optimal as no optional output register could be merged into the ram block. Providing additional output register may help in improving timing.
INFO: [Synth 8-7052] The timing for the instance u_CORE/u_MULTIMODE_PATH/i_0/u_RING/batch_mem_reg_uram_2 (implemented as a Ultra RAM) might be sub-optimal as no optional output register could be merged into the ram block. Providing additional output register may help in improving timing.
INFO: [Synth 8-7052] The timing for the instance u_CORE/u_MULTIMODE_PATH/i_0/u_RING/batch_mem_reg_uram_3 (implemented as a Ultra RAM) might be sub-optimal as no optional output register could be merged into the ram block. Providing additional output register may help in improving timing.
INFO: [Synth 8-7052] The timing for the instance u_CORE/u_MULTIMODE_PATH/i_0/u_RING/batch_mem_reg_uram_4 (implemented as a Ultra RAM) might be sub-optimal as no optional output register could be merged into the ram block. Providing additional output register may help in improving timing.
INFO: [Synth 8-7052] The timing for the instance u_CORE/u_MULTIMODE_PATH/i_0/u_RING/batch_mem_reg_uram_5 (implemented as a Ultra RAM) might be sub-optimal as no optional output register could be merged into the ram block. Providing additional output register may help in improving timing.
INFO: [Common 17-14] Message 'Synth 8-3886' appears 100 times and further instances of the messages will be disabled. Use the Tcl command set_msg_config to change the current settings.
---------------------------------------------------------------------------------
Finished Technology Mapping : Time (s): cpu = 00:01:23 ; elapsed = 00:01:39 . Memory (MB): peak = 3776.609 ; gain = 1378.297 ; free physical = 185 ; free virtual = 32352
---------------------------------------------------------------------------------
---------------------------------------------------------------------------------
Start IO Insertion
---------------------------------------------------------------------------------
---------------------------------------------------------------------------------
Start Final Netlist Cleanup
---------------------------------------------------------------------------------
INFO: [Synth 8-7052] The timing for the instance u_CORE/u_MULTIMODE_PATH/u_RING/batch_mem_reg_uram_0 (implemented as a Ultra RAM) might be sub-optimal as no optional output register could be merged into the ram block. Providing additional output register may help in improving timing.
INFO: [Synth 8-7052] The timing for the instance u_CORE/u_MULTIMODE_PATH/u_RING/batch_mem_reg_uram_1 (implemented as a Ultra RAM) might be sub-optimal as no optional output register could be merged into the ram block. Providing additional output register may help in improving timing.
INFO: [Synth 8-7052] The timing for the instance u_CORE/u_MULTIMODE_PATH/u_RING/batch_mem_reg_uram_2 (implemented as a Ultra RAM) might be sub-optimal as no optional output register could be merged into the ram block. Providing additional output register may help in improving timing.
INFO: [Synth 8-7052] The timing for the instance u_CORE/u_MULTIMODE_PATH/u_RING/batch_mem_reg_uram_3 (implemented as a Ultra RAM) might be sub-optimal as no optional output register could be merged into the ram block. Providing additional output register may help in improving timing.
INFO: [Synth 8-7052] The timing for the instance u_CORE/u_MULTIMODE_PATH/u_RING/batch_mem_reg_uram_4 (implemented as a Ultra RAM) might be sub-optimal as no optional output register could be merged into the ram block. Providing additional output register may help in improving timing.
INFO: [Synth 8-7052] The timing for the instance u_CORE/u_MULTIMODE_PATH/u_RING/batch_mem_reg_uram_5 (implemented as a Ultra RAM) might be sub-optimal as no optional output register could be merged into the ram block. Providing additional output register may help in improving timing.
---------------------------------------------------------------------------------
Finished Final Netlist Cleanup
---------------------------------------------------------------------------------
---------------------------------------------------------------------------------
Finished IO Insertion : Time (s): cpu = 00:01:30 ; elapsed = 00:01:46 . Memory (MB): peak = 3776.609 ; gain = 1378.297 ; free physical = 168 ; free virtual = 32337
---------------------------------------------------------------------------------
---------------------------------------------------------------------------------
Start Renaming Generated Instances
---------------------------------------------------------------------------------
---------------------------------------------------------------------------------
Finished Renaming Generated Instances : Time (s): cpu = 00:01:30 ; elapsed = 00:01:46 . Memory (MB): peak = 3776.609 ; gain = 1378.297 ; free physical = 168 ; free virtual = 32337
---------------------------------------------------------------------------------
---------------------------------------------------------------------------------
Start Handling Custom Attributes
---------------------------------------------------------------------------------
---------------------------------------------------------------------------------
Finished Handling Custom Attributes : Time (s): cpu = 00:01:37 ; elapsed = 00:01:53 . Memory (MB): peak = 3786.688 ; gain = 1388.375 ; free physical = 176 ; free virtual = 32346
---------------------------------------------------------------------------------
---------------------------------------------------------------------------------
Start ROM, RAM, DSP, Shift Register and Retiming Reporting
---------------------------------------------------------------------------------

Static Shift Register Report:
+------------------------------------------------------------------------------------+--------------------------------------------+--------+-------+--------------+--------------------+-------------------+--------+---------+
|Module Name                                                                         | RTL Name                                   | Length | Width | Reset Signal | Pull out first Reg | Pull out last Reg | SRL16E | SRLC32E | 
+------------------------------------------------------------------------------------+--------------------------------------------+--------+-------+--------------+--------------------+-------------------+--------+---------+
|cnn_core_shared_conv_array_array_ap_fixed_48u_config7_4u_ravel_matrix_conv2d_1_2u_s | icmp_ln1178_reg_24471_pp0_iter5_reg_reg[0] | 6      | 2     | YES          | NO                 | YES               | 2      | 0       | 
|cnn_core_shared_conv_array_array_ap_fixed_48u_config7_4u_ravel_matrix_conv2d_1_2u_s | icmp_ln1181_reg_24523_pp0_iter5_reg_reg[0] | 6      | 2     | YES          | NO                 | YES               | 2      | 0       | 
|cnn_core_shared_conv_array_array_ap_fixed_48u_config7_4u_ravel_matrix_conv2d_1_2u_s | ready_reg_24339_pp0_iter5_reg_reg[0]       | 6      | 2     | YES          | NO                 | YES               | 2      | 0       | 
|cnn_core_shared_conv_array_array_ap_fixed_48u_config7_4u_ravel_matrix_conv2d_1_2u_s | ap_enable_reg_pp0_iter6_reg                | 4      | 2     | YES          | NO                 | YES               | 2      | 0       | 
+------------------------------------------------------------------------------------+--------------------------------------------+--------+-------+--------------+--------------------+-------------------+--------+---------+

---------------------------------------------------------------------------------
Finished ROM, RAM, DSP, Shift Register and Retiming Reporting
---------------------------------------------------------------------------------
---------------------------------------------------------------------------------
Start Writing Synthesis Report
---------------------------------------------------------------------------------

DSP Final Report (the ' indicates corresponding REG is set)
+-----------------------------------------------+-------------+--------+--------+--------+--------+--------+------+------+------+------+-------+------+------+
|Module Name                                    | DSP Mapping | A Size | B Size | C Size | D Size | P Size | AREG | BREG | CREG | DREG | ADREG | MREG | PREG | 
+-----------------------------------------------+-------------+--------+--------+--------+--------+--------+------+------+------+------+-------+------+------+
|cnn_core_mul_10s_5s_15_1_1                     | A*B         | 30     | 18     | -      | -      | 15     | 0    | 0    | -    | -    | -     | 0    | 0    | 
|cnn_core_mul_10s_5s_15_1_1                     | A*B         | 30     | 18     | -      | -      | 15     | 0    | 0    | -    | -    | -     | 0    | 0    | 
|cnn_core_mul_10s_5s_15_1_1                     | A*B         | 30     | 18     | -      | -      | 15     | 0    | 0    | -    | -    | -     | 0    | 0    | 
|cnn_core_mul_10s_5s_15_1_1                     | A*B         | 30     | 18     | -      | -      | 15     | 0    | 0    | -    | -    | -     | 0    | 0    | 
|cnn_core_mac_muladd_10s_4ns_13s_15_1_1_DSP48_0 | C+A*B       | 30     | 4      | 48     | -      | 15     | 0    | 0    | 0    | -    | -     | 0    | 0    | 
|cnn_core_mac_muladd_10s_4ns_13s_15_1_1_DSP48_0 | C+A*B       | 30     | 4      | 48     | -      | 15     | 0    | 0    | 0    | -    | -     | 0    | 0    | 
|cnn_core_mac_muladd_10s_4ns_13s_15_1_1_DSP48_0 | C+A*B       | 30     | 4      | 48     | -      | 15     | 0    | 0    | 0    | -    | -     | 0    | 0    | 
|cnn_core_mac_muladd_10s_4ns_13s_15_1_1_DSP48_0 | C+A*B       | 30     | 4      | 48     | -      | 15     | 0    | 0    | 0    | -    | -     | 0    | 0    | 
|cnn_core_mac_muladd_10s_4ns_13s_15_1_1_DSP48_0 | C+A*B       | 30     | 4      | 48     | -      | 15     | 0    | 0    | 0    | -    | -     | 0    | 0    | 
|cnn_core_mac_muladd_10s_4ns_13s_15_1_1_DSP48_0 | C+A*B       | 30     | 4      | 48     | -      | 15     | 0    | 0    | 0    | -    | -     | 0    | 0    | 
|cnn_core_mul_10s_5s_15_1_1                     | A*B         | 30     | 18     | -      | -      | 15     | 0    | 0    | -    | -    | -     | 0    | 0    | 
|cnn_core_mul_10s_5s_15_1_1                     | A*B         | 30     | 18     | -      | -      | 15     | 0    | 0    | -    | -    | -     | 0    | 0    | 
|cnn_core_mac_muladd_10s_4ns_13s_15_1_1_DSP48_0 | C+A*B       | 30     | 4      | 48     | -      | 15     | 0    | 0    | 0    | -    | -     | 0    | 0    | 
|cnn_core_mac_muladd_10s_4ns_13s_15_1_1_DSP48_0 | C+A*B       | 30     | 4      | 48     | -      | 15     | 0    | 0    | 0    | -    | -     | 0    | 0    | 
|cnn_core_mul_10s_5s_15_1_1                     | A*B         | 30     | 18     | -      | -      | 15     | 0    | 0    | -    | -    | -     | 0    | 0    | 
|cnn_core_mul_10s_5s_15_1_1                     | A*B         | 30     | 18     | -      | -      | 15     | 0    | 0    | -    | -    | -     | 0    | 0    | 
|cnn_core_mul_10s_5s_15_1_1                     | A*B         | 30     | 3      | -      | -      | 15     | 0    | 0    | -    | -    | -     | 0    | 0    | 
|cnn_core_mul_10s_5s_15_1_1                     | A*B         | 30     | 4      | -      | -      | 15     | 0    | 0    | -    | -    | -     | 0    | 0    | 
|cnn_core_mul_10s_5s_15_1_1                     | A*B         | 30     | 18     | -      | -      | 15     | 0    | 0    | -    | -    | -     | 0    | 0    | 
|cnn_core_mul_10s_5s_15_1_1                     | A*B         | 30     | 18     | -      | -      | 15     | 0    | 0    | -    | -    | -     | 0    | 0    | 
|cnn_core_mul_10s_5s_15_1_1                     | A*B         | 30     | 3      | -      | -      | 15     | 0    | 0    | -    | -    | -     | 0    | 0    | 
|cnn_core_mul_10s_5s_15_1_1                     | A*B         | 30     | 4      | -      | -      | 15     | 0    | 0    | -    | -    | -     | 0    | 0    | 
|cnn_core_mul_10s_5s_15_1_1                     | A*B         | 30     | 18     | -      | -      | 15     | 0    | 0    | -    | -    | -     | 0    | 0    | 
|cnn_core_mul_10s_5s_15_1_1                     | A*B         | 30     | 18     | -      | -      | 15     | 0    | 0    | -    | -    | -     | 0    | 0    | 
|cnn_core_mul_10s_5s_15_1_1                     | A*B         | 30     | 3      | -      | -      | 15     | 0    | 0    | -    | -    | -     | 0    | 0    | 
|cnn_core_mul_10s_5s_15_1_1                     | A*B         | 30     | 4      | -      | -      | 15     | 0    | 0    | -    | -    | -     | 0    | 0    | 
|cnn_core_mul_10s_5s_15_1_1                     | A*B         | 30     | 18     | -      | -      | 15     | 0    | 0    | -    | -    | -     | 0    | 0    | 
|cnn_core_mul_10s_5s_15_1_1                     | A*B         | 30     | 18     | -      | -      | 15     | 0    | 0    | -    | -    | -     | 0    | 0    | 
|cnn_core_mul_10s_5s_15_1_1                     | A*B         | 30     | 3      | -      | -      | 15     | 0    | 0    | -    | -    | -     | 0    | 0    | 
|cnn_core_mul_10s_5s_15_1_1                     | A*B         | 30     | 4      | -      | -      | 15     | 0    | 0    | -    | -    | -     | 0    | 0    | 
|cnn_core_mul_10s_5s_15_1_1                     | A*B         | 30     | 18     | -      | -      | 15     | 0    | 0    | -    | -    | -     | 0    | 0    | 
|cnn_core_mul_10s_5s_15_1_1                     | A*B         | 30     | 18     | -      | -      | 15     | 0    | 0    | -    | -    | -     | 0    | 0    | 
|cnn_core_mac_muladd_10s_5s_15s_16_1_1_DSP48_1  | C+A*B       | 30     | 3      | 48     | -      | 16     | 0    | 0    | 0    | -    | -     | 0    | 0    | 
|cnn_core_mac_muladd_10s_5s_15s_16_1_1_DSP48_1  | C+A*B       | 30     | 18     | 48     | -      | 16     | 0    | 0    | 0    | -    | -     | 0    | 0    | 
|cnn_core_mac_muladd_10s_5s_15s_16_1_1_DSP48_1  | C+A*B       | 30     | 4      | 48     | -      | 16     | 0    | 0    | 0    | -    | -     | 0    | 0    | 
|cnn_core_mac_muladd_10s_5s_15s_16_1_1_DSP48_1  | C+A*B       | 30     | 4      | 48     | -      | 16     | 0    | 0    | 0    | -    | -     | 0    | 0    | 
|cnn_core_mac_muladd_10s_5s_15s_16_1_1_DSP48_1  | C+A*B       | 30     | 4      | 48     | -      | 16     | 0    | 0    | 0    | -    | -     | 0    | 0    | 
|cnn_core_mac_muladd_10s_5s_15s_16_1_1_DSP48_1  | C+A*B       | 30     | 18     | 48     | -      | 16     | 0    | 0    | 0    | -    | -     | 0    | 0    | 
|cnn_core_mac_muladd_10s_5s_15s_16_1_1_DSP48_1  | C+A*B       | 30     | 4      | 48     | -      | 16     | 0    | 0    | 0    | -    | -     | 0    | 0    | 
|cnn_core_mac_muladd_10s_5s_15s_16_1_1_DSP48_1  | C+A*B       | 30     | 4      | 48     | -      | 16     | 0    | 0    | 0    | -    | -     | 0    | 0    | 
|cnn_core_mac_muladd_10s_5s_15s_16_1_1_DSP48_1  | C+A*B       | 30     | 4      | 48     | -      | 16     | 0    | 0    | 0    | -    | -     | 0    | 0    | 
|cnn_core_mac_muladd_10s_5s_15s_16_1_1_DSP48_1  | C+A*B       | 30     | 18     | 48     | -      | 16     | 0    | 0    | 0    | -    | -     | 0    | 0    | 
|cnn_core_mac_muladd_10s_5s_15s_16_1_1_DSP48_1  | C+A*B       | 30     | 3      | 48     | -      | 16     | 0    | 0    | 0    | -    | -     | 0    | 0    | 
|cnn_core_mac_muladd_10s_5s_15s_16_1_1_DSP48_1  | C+A*B       | 30     | 4      | 48     | -      | 16     | 0    | 0    | 0    | -    | -     | 0    | 0    | 
|cnn_core_mac_muladd_10s_5s_15s_16_1_1_DSP48_1  | C+A*B       | 30     | 3      | 48     | -      | 16     | 0    | 0    | 0    | -    | -     | 0    | 0    | 
|cnn_core_mac_muladd_10s_5s_15s_16_1_1_DSP48_1  | C+A*B       | 30     | 18     | 48     | -      | 16     | 0    | 0    | 0    | -    | -     | 0    | 0    | 
|cnn_core_mac_muladd_10s_5s_15s_16_1_1_DSP48_1  | C+A*B       | 30     | 4      | 48     | -      | 16     | 0    | 0    | 0    | -    | -     | 0    | 0    | 
|cnn_core_mac_muladd_10s_4ns_15s_15_1_1_DSP48_2 | C+A*B       | 30     | 4      | 48     | -      | 15     | 0    | 0    | 0    | -    | -     | 0    | 0    | 
|cnn_core_mac_muladd_10s_5s_16s_16_1_1_DSP48_3  | C+A*B       | 30     | 18     | 48     | -      | 16     | 0    | 0    | 0    | -    | -     | 0    | 0    | 
|cnn_core_mac_muladd_10s_5s_16s_16_1_1_DSP48_3  | C+A*B       | 30     | 18     | 48     | -      | 16     | 0    | 0    | 0    | -    | -     | 0    | 0    | 
|cnn_core_mac_muladd_10s_5s_16s_16_1_1_DSP48_3  | C+A*B       | 30     | 18     | 48     | -      | 16     | 0    | 0    | 0    | -    | -     | 0    | 0    | 
|cnn_core_mac_muladd_10s_5s_16s_16_1_1_DSP48_3  | C+A*B       | 30     | 4      | 48     | -      | 16     | 0    | 0    | 0    | -    | -     | 0    | 0    | 
|cnn_core_mac_muladd_10s_5s_16s_16_1_1_DSP48_3  | C+A*B       | 30     | 18     | 48     | -      | 16     | 0    | 0    | 0    | -    | -     | 0    | 0    | 
|cnn_core_mac_muladd_10s_5s_16s_16_1_1_DSP48_3  | C+A*B       | 30     | 18     | 48     | -      | 16     | 0    | 0    | 0    | -    | -     | 0    | 0    | 
|cnn_core_mac_muladd_10s_5s_16s_16_1_1_DSP48_3  | C+A*B       | 30     | 18     | 48     | -      | 16     | 0    | 0    | 0    | -    | -     | 0    | 0    | 
|cnn_core_mac_muladd_10s_5s_16s_16_1_1_DSP48_3  | C+A*B       | 30     | 4      | 48     | -      | 16     | 0    | 0    | 0    | -    | -     | 0    | 0    | 
|cnn_core_mac_muladd_10s_5s_16s_16_1_1_DSP48_3  | C+A*B       | 30     | 18     | 48     | -      | 16     | 0    | 0    | 0    | -    | -     | 0    | 0    | 
|cnn_core_mac_muladd_10s_5s_16s_16_1_1_DSP48_3  | C+A*B       | 30     | 18     | 48     | -      | 16     | 0    | 0    | 0    | -    | -     | 0    | 0    | 
|cnn_core_mac_muladd_10s_5s_16s_16_1_1_DSP48_3  | C+A*B       | 30     | 18     | 48     | -      | 16     | 0    | 0    | 0    | -    | -     | 0    | 0    | 
|cnn_core_mac_muladd_10s_5s_16s_16_1_1_DSP48_3  | C+A*B       | 30     | 4      | 48     | -      | 16     | 0    | 0    | 0    | -    | -     | 0    | 0    | 
|cnn_core_mac_muladd_10s_5s_16s_16_1_1_DSP48_3  | C+A*B       | 30     | 18     | 48     | -      | 16     | 0    | 0    | 0    | -    | -     | 0    | 0    | 
|cnn_core_mac_muladd_10s_5s_16s_16_1_1_DSP48_3  | C+A*B       | 30     | 18     | 48     | -      | 16     | 0    | 0    | 0    | -    | -     | 0    | 0    | 
|cnn_core_mac_muladd_10s_5s_16s_16_1_1_DSP48_3  | C+A*B       | 30     | 18     | 48     | -      | 16     | 0    | 0    | 0    | -    | -     | 0    | 0    | 
|cnn_core_mac_muladd_10s_5s_15s_16_1_1_DSP48_1  | C+A*B       | 30     | 4      | 48     | -      | 16     | 0    | 0    | 0    | -    | -     | 0    | 0    | 
|cnn_core_mul_10s_5s_15_1_1                     | A*B         | 30     | 18     | -      | -      | 15     | 0    | 0    | -    | -    | -     | 0    | 0    | 
|cnn_core_mul_10s_5s_15_1_1                     | A*B         | 30     | 18     | -      | -      | 15     | 0    | 0    | -    | -    | -     | 0    | 0    | 
|cnn_core_mul_10s_5s_15_1_1                     | A*B         | 30     | 18     | -      | -      | 15     | 0    | 0    | -    | -    | -     | 0    | 0    | 
|cnn_core_mul_10s_5s_15_1_1                     | A*B         | 30     | 18     | -      | -      | 15     | 0    | 0    | -    | -    | -     | 0    | 0    | 
|cnn_core_mac_muladd_10s_4ns_13s_15_1_1_DSP48_0 | C+A*B       | 30     | 4      | 48     | -      | 15     | 0    | 0    | 0    | -    | -     | 0    | 0    | 
|cnn_core_mac_muladd_10s_4ns_13s_15_1_1_DSP48_0 | C+A*B       | 30     | 4      | 48     | -      | 15     | 0    | 0    | 0    | -    | -     | 0    | 0    | 
|cnn_core_mac_muladd_10s_4ns_13s_15_1_1_DSP48_0 | C+A*B       | 30     | 4      | 48     | -      | 15     | 0    | 0    | 0    | -    | -     | 0    | 0    | 
|cnn_core_mac_muladd_10s_4ns_13s_15_1_1_DSP48_0 | C+A*B       | 30     | 4      | 48     | -      | 15     | 0    | 0    | 0    | -    | -     | 0    | 0    | 
|cnn_core_mac_muladd_10s_4ns_13s_15_1_1_DSP48_0 | C+A*B       | 30     | 4      | 48     | -      | 15     | 0    | 0    | 0    | -    | -     | 0    | 0    | 
|cnn_core_mac_muladd_10s_4ns_13s_15_1_1_DSP48_0 | C+A*B       | 30     | 4      | 48     | -      | 15     | 0    | 0    | 0    | -    | -     | 0    | 0    | 
|cnn_core_mul_10s_5s_15_1_1                     | A*B         | 30     | 18     | -      | -      | 15     | 0    | 0    | -    | -    | -     | 0    | 0    | 
|cnn_core_mul_10s_5s_15_1_1                     | A*B         | 30     | 18     | -      | -      | 15     | 0    | 0    | -    | -    | -     | 0    | 0    | 
|cnn_core_mac_muladd_10s_4ns_13s_15_1_1_DSP48_0 | C+A*B       | 30     | 4      | 48     | -      | 15     | 0    | 0    | 0    | -    | -     | 0    | 0    | 
|cnn_core_mac_muladd_10s_4ns_13s_15_1_1_DSP48_0 | C+A*B       | 30     | 4      | 48     | -      | 15     | 0    | 0    | 0    | -    | -     | 0    | 0    | 
|cnn_core_mul_10s_5s_15_1_1                     | A*B         | 30     | 18     | -      | -      | 15     | 0    | 0    | -    | -    | -     | 0    | 0    | 
|cnn_core_mul_10s_5s_15_1_1                     | A*B         | 30     | 18     | -      | -      | 15     | 0    | 0    | -    | -    | -     | 0    | 0    | 
|cnn_core_mul_10s_5s_15_1_1                     | A*B         | 30     | 3      | -      | -      | 15     | 0    | 0    | -    | -    | -     | 0    | 0    | 
|cnn_core_mul_10s_5s_15_1_1                     | A*B         | 30     | 4      | -      | -      | 15     | 0    | 0    | -    | -    | -     | 0    | 0    | 
|cnn_core_mul_10s_5s_15_1_1                     | A*B         | 30     | 18     | -      | -      | 15     | 0    | 0    | -    | -    | -     | 0    | 0    | 
|cnn_core_mul_10s_5s_15_1_1                     | A*B         | 30     | 18     | -      | -      | 15     | 0    | 0    | -    | -    | -     | 0    | 0    | 
|cnn_core_mul_10s_5s_15_1_1                     | A*B         | 30     | 3      | -      | -      | 15     | 0    | 0    | -    | -    | -     | 0    | 0    | 
|cnn_core_mul_10s_5s_15_1_1                     | A*B         | 30     | 4      | -      | -      | 15     | 0    | 0    | -    | -    | -     | 0    | 0    | 
|cnn_core_mul_10s_5s_15_1_1                     | A*B         | 30     | 18     | -      | -      | 15     | 0    | 0    | -    | -    | -     | 0    | 0    | 
|cnn_core_mul_10s_5s_15_1_1                     | A*B         | 30     | 18     | -      | -      | 15     | 0    | 0    | -    | -    | -     | 0    | 0    | 
|cnn_core_mul_10s_5s_15_1_1                     | A*B         | 30     | 3      | -      | -      | 15     | 0    | 0    | -    | -    | -     | 0    | 0    | 
|cnn_core_mul_10s_5s_15_1_1                     | A*B         | 30     | 4      | -      | -      | 15     | 0    | 0    | -    | -    | -     | 0    | 0    | 
|cnn_core_mul_10s_5s_15_1_1                     | A*B         | 30     | 18     | -      | -      | 15     | 0    | 0    | -    | -    | -     | 0    | 0    | 
|cnn_core_mul_10s_5s_15_1_1                     | A*B         | 30     | 18     | -      | -      | 15     | 0    | 0    | -    | -    | -     | 0    | 0    | 
|cnn_core_mul_10s_5s_15_1_1                     | A*B         | 30     | 3      | -      | -      | 15     | 0    | 0    | -    | -    | -     | 0    | 0    | 
|cnn_core_mul_10s_5s_15_1_1                     | A*B         | 30     | 4      | -      | -      | 15     | 0    | 0    | -    | -    | -     | 0    | 0    | 
|cnn_core_mul_10s_5s_15_1_1                     | A*B         | 30     | 18     | -      | -      | 15     | 0    | 0    | -    | -    | -     | 0    | 0    | 
|cnn_core_mul_10s_5s_15_1_1                     | A*B         | 30     | 18     | -      | -      | 15     | 0    | 0    | -    | -    | -     | 0    | 0    | 
|cnn_core_mac_muladd_10s_5s_15s_16_1_1_DSP48_1  | C+A*B       | 30     | 3      | 48     | -      | 16     | 0    | 0    | 0    | -    | -     | 0    | 0    | 
|cnn_core_mac_muladd_10s_5s_15s_16_1_1_DSP48_1  | C+A*B       | 30     | 18     | 48     | -      | 16     | 0    | 0    | 0    | -    | -     | 0    | 0    | 
|cnn_core_mac_muladd_10s_5s_15s_16_1_1_DSP48_1  | C+A*B       | 30     | 4      | 48     | -      | 16     | 0    | 0    | 0    | -    | -     | 0    | 0    | 
|cnn_core_mac_muladd_10s_5s_15s_16_1_1_DSP48_1  | C+A*B       | 30     | 4      | 48     | -      | 16     | 0    | 0    | 0    | -    | -     | 0    | 0    | 
|cnn_core_mac_muladd_10s_5s_15s_16_1_1_DSP48_1  | C+A*B       | 30     | 4      | 48     | -      | 16     | 0    | 0    | 0    | -    | -     | 0    | 0    | 
|cnn_core_mac_muladd_10s_5s_15s_16_1_1_DSP48_1  | C+A*B       | 30     | 18     | 48     | -      | 16     | 0    | 0    | 0    | -    | -     | 0    | 0    | 
|cnn_core_mac_muladd_10s_5s_15s_16_1_1_DSP48_1  | C+A*B       | 30     | 4      | 48     | -      | 16     | 0    | 0    | 0    | -    | -     | 0    | 0    | 
|cnn_core_mac_muladd_10s_5s_15s_16_1_1_DSP48_1  | C+A*B       | 30     | 4      | 48     | -      | 16     | 0    | 0    | 0    | -    | -     | 0    | 0    | 
|cnn_core_mac_muladd_10s_5s_15s_16_1_1_DSP48_1  | C+A*B       | 30     | 4      | 48     | -      | 16     | 0    | 0    | 0    | -    | -     | 0    | 0    | 
|cnn_core_mac_muladd_10s_5s_15s_16_1_1_DSP48_1  | C+A*B       | 30     | 18     | 48     | -      | 16     | 0    | 0    | 0    | -    | -     | 0    | 0    | 
|cnn_core_mac_muladd_10s_5s_15s_16_1_1_DSP48_1  | C+A*B       | 30     | 3      | 48     | -      | 16     | 0    | 0    | 0    | -    | -     | 0    | 0    | 
|cnn_core_mac_muladd_10s_5s_15s_16_1_1_DSP48_1  | C+A*B       | 30     | 4      | 48     | -      | 16     | 0    | 0    | 0    | -    | -     | 0    | 0    | 
|cnn_core_mac_muladd_10s_5s_15s_16_1_1_DSP48_1  | C+A*B       | 30     | 3      | 48     | -      | 16     | 0    | 0    | 0    | -    | -     | 0    | 0    | 
|cnn_core_mac_muladd_10s_5s_15s_16_1_1_DSP48_1  | C+A*B       | 30     | 18     | 48     | -      | 16     | 0    | 0    | 0    | -    | -     | 0    | 0    | 
|cnn_core_mac_muladd_10s_5s_15s_16_1_1_DSP48_1  | C+A*B       | 30     | 4      | 48     | -      | 16     | 0    | 0    | 0    | -    | -     | 0    | 0    | 
|cnn_core_mac_muladd_10s_4ns_15s_15_1_1_DSP48_2 | C+A*B       | 30     | 4      | 48     | -      | 15     | 0    | 0    | 0    | -    | -     | 0    | 0    | 
|cnn_core_mac_muladd_10s_5s_16s_16_1_1_DSP48_3  | C+A*B       | 30     | 18     | 48     | -      | 16     | 0    | 0    | 0    | -    | -     | 0    | 0    | 
|cnn_core_mac_muladd_10s_5s_16s_16_1_1_DSP48_3  | C+A*B       | 30     | 18     | 48     | -      | 16     | 0    | 0    | 0    | -    | -     | 0    | 0    | 
|cnn_core_mac_muladd_10s_5s_16s_16_1_1_DSP48_3  | C+A*B       | 30     | 18     | 48     | -      | 16     | 0    | 0    | 0    | -    | -     | 0    | 0    | 
|cnn_core_mac_muladd_10s_5s_16s_16_1_1_DSP48_3  | C+A*B       | 30     | 4      | 48     | -      | 16     | 0    | 0    | 0    | -    | -     | 0    | 0    | 
|cnn_core_mac_muladd_10s_5s_16s_16_1_1_DSP48_3  | C+A*B       | 30     | 18     | 48     | -      | 16     | 0    | 0    | 0    | -    | -     | 0    | 0    | 
|cnn_core_mac_muladd_10s_5s_16s_16_1_1_DSP48_3  | C+A*B       | 30     | 18     | 48     | -      | 16     | 0    | 0    | 0    | -    | -     | 0    | 0    | 
|cnn_core_mac_muladd_10s_5s_16s_16_1_1_DSP48_3  | C+A*B       | 30     | 18     | 48     | -      | 16     | 0    | 0    | 0    | -    | -     | 0    | 0    | 
|cnn_core_mac_muladd_10s_5s_16s_16_1_1_DSP48_3  | C+A*B       | 30     | 4      | 48     | -      | 16     | 0    | 0    | 0    | -    | -     | 0    | 0    | 
|cnn_core_mac_muladd_10s_5s_16s_16_1_1_DSP48_3  | C+A*B       | 30     | 18     | 48     | -      | 16     | 0    | 0    | 0    | -    | -     | 0    | 0    | 
|cnn_core_mac_muladd_10s_5s_16s_16_1_1_DSP48_3  | C+A*B       | 30     | 18     | 48     | -      | 16     | 0    | 0    | 0    | -    | -     | 0    | 0    | 
|cnn_core_mac_muladd_10s_5s_16s_16_1_1_DSP48_3  | C+A*B       | 30     | 18     | 48     | -      | 16     | 0    | 0    | 0    | -    | -     | 0    | 0    | 
|cnn_core_mac_muladd_10s_5s_16s_16_1_1_DSP48_3  | C+A*B       | 30     | 4      | 48     | -      | 16     | 0    | 0    | 0    | -    | -     | 0    | 0    | 
|cnn_core_mac_muladd_10s_5s_16s_16_1_1_DSP48_3  | C+A*B       | 30     | 18     | 48     | -      | 16     | 0    | 0    | 0    | -    | -     | 0    | 0    | 
|cnn_core_mac_muladd_10s_5s_16s_16_1_1_DSP48_3  | C+A*B       | 30     | 18     | 48     | -      | 16     | 0    | 0    | 0    | -    | -     | 0    | 0    | 
|cnn_core_mac_muladd_10s_5s_16s_16_1_1_DSP48_3  | C+A*B       | 30     | 18     | 48     | -      | 16     | 0    | 0    | 0    | -    | -     | 0    | 0    | 
|cnn_core_mac_muladd_10s_5s_15s_16_1_1_DSP48_1  | C+A*B       | 30     | 4      | 48     | -      | 16     | 0    | 0    | 0    | -    | -     | 0    | 0    | 
+-----------------------------------------------+-------------+--------+--------+--------+--------+--------+------+------+------+------+-------+------+------+


Report BlackBoxes: 
+-+--------------+----------+
| |BlackBox name |Instances |
+-+--------------+----------+
+-+--------------+----------+

Report Cell Usage: 
+------+----------------+------+
|      |Cell            |Count |
+------+----------------+------+
|1     |CARRY8          |  6154|
|2     |DSP_ALU         |   128|
|3     |DSP_A_B_DATA    |   128|
|4     |DSP_C_DATA      |   128|
|6     |DSP_MULTIPLIER  |   128|
|7     |DSP_M_DATA      |   128|
|8     |DSP_OUTPUT      |   128|
|9     |DSP_PREADD      |   128|
|10    |DSP_PREADD_DATA |   128|
|11    |LUT1            |  1478|
|12    |LUT2            | 26034|
|13    |LUT3            | 17302|
|14    |LUT4            | 15974|
|15    |LUT5            |  7420|
|16    |LUT6            | 12424|
|17    |MUXF7           |   640|
|18    |RAM32M          |     4|
|19    |RAM32M16        |   394|
|20    |RAM64M          |     3|
|21    |RAM64M8         |     6|
|22    |RAMB18E2        |     2|
|23    |RAMB36E2        |    20|
|25    |SRL16E          |     8|
|26    |URAM288         |     6|
|27    |FDCE            |   225|
|28    |FDPE            |     4|
|29    |FDRE            | 45935|
|30    |FDSE            |    71|
+------+----------------+------+
---------------------------------------------------------------------------------
Finished Writing Synthesis Report : Time (s): cpu = 00:01:37 ; elapsed = 00:01:53 . Memory (MB): peak = 3786.688 ; gain = 1388.375 ; free physical = 176 ; free virtual = 32346
---------------------------------------------------------------------------------
Synthesis finished with 0 errors, 0 critical warnings and 222 warnings.
Synthesis Optimization Runtime : Time (s): cpu = 00:01:30 ; elapsed = 00:01:50 . Memory (MB): peak = 3790.598 ; gain = 1237.438 ; free physical = 10462 ; free virtual = 42659
Synthesis Optimization Complete : Time (s): cpu = 00:01:38 ; elapsed = 00:01:56 . Memory (MB): peak = 3790.598 ; gain = 1392.285 ; free physical = 10462 ; free virtual = 42653
INFO: [Project 1-571] Translating synthesized netlist
Netlist sorting complete. Time (s): cpu = 00:00:00.57 ; elapsed = 00:00:00.57 . Memory (MB): peak = 3898.930 ; gain = 0.000 ; free physical = 10378 ; free virtual = 42579
INFO: [Netlist 29-17] Analyzing 7329 Unisim elements for replacement
INFO: [Netlist 29-28] Unisim Transformation completed in 0 CPU seconds
INFO: [Project 1-570] Preparing netlist for logic optimization
Parsing XDC File [/home/work1/Works/ai-trigger-hilo-v35.lHAri7/HDL/constraints/ai_trigger_ooc.xdc]
Finished Parsing XDC File [/home/work1/Works/ai-trigger-hilo-v35.lHAri7/HDL/constraints/ai_trigger_ooc.xdc]
INFO: [Opt 31-138] Pushed 0 inverter(s) to 0 load pin(s).
Netlist sorting complete. Time (s): cpu = 00:00:00.01 ; elapsed = 00:00:00.01 . Memory (MB): peak = 4098.703 ; gain = 0.000 ; free physical = 10223 ; free virtual = 42436
INFO: [Project 1-111] Unisim Transformation Summary:
  A total of 535 instances were transformed.
  DSP48E2 => DSP48E2 (DSP_ALU, DSP_A_B_DATA, DSP_C_DATA, DSP_MULTIPLIER, DSP_M_DATA, DSP_OUTPUT, DSP_PREADD, DSP_PREADD_DATA): 128 instances
  RAM32M => RAM32M (RAMD32(x6), RAMS32(x2)): 4 instances
  RAM32M16 => RAM32M16 (RAMD32(x14), RAMS32(x2)): 394 instances
  RAM64M => RAM64M (RAMD64E(x4)): 3 instances
  RAM64M8 => RAM64M8 (RAMD64E(x8)): 6 instances

Synth Design complete | Checksum: 94847af4
INFO: [Common 17-83] Releasing license: Synthesis
474 Infos, 145 Warnings, 0 Critical Warnings and 0 Errors encountered.
synth_design completed successfully
synth_design: Time (s): cpu = 00:01:55 ; elapsed = 00:02:13 . Memory (MB): peak = 4098.738 ; gain = 2724.559 ; free physical = 10170 ; free virtual = 42394
INFO: [Common 17-2834] synth_design peak Physical Memory [PSS] (MB): overall = 12477.486; main = 2859.813; forked = 10650.955
INFO: [Common 17-2834] synth_design peak Virtual Memory [VSS] (MB): overall = 18820.789; main = 4098.707; forked = 15034.098
## assert_daq_top_boundary
## if {[llength [get_cells -quiet -hierarchical -filter {IS_BLACKBOX == 1}]] != 0} {
##     error "Unresolved black boxes in system OOC synthesis"
## }
## foreach clock_name {CLK_ADC CLK_CNN} {
##     if {[llength [get_clocks -quiet $clock_name]] != 1} {
##         error "Missing system clock constraint: $clock_name"
##     }
## }
## set preserve_cells [get_cells -quiet -hierarchical -filter {
##     NAME =~ *u_WRAPPER ||
##     NAME =~ *cnn_core_inst
## }]
## if {[llength $preserve_cells] > 0} {
##     puts "INFO: preserving [llength $preserve_cells] CNN hierarchy cells through implementation"
##     set_property DONT_TOUCH true $preserve_cells
## }
INFO: preserving 4 CNN hierarchy cells through implementation
## write_checkpoint -force [file join $dcp_dir post_synth.dcp]
INFO: [Timing 38-480] Writing timing data to binary archive.
Write ShapeDB Complete: Time (s): cpu = 00:00:00.65 ; elapsed = 00:00:00.16 . Memory (MB): peak = 4318.562 ; gain = 0.000 ; free physical = 10283 ; free virtual = 42661
INFO: [Common 17-1381] The checkpoint '/home/work1/Works/ai-trigger-hilo-v35.lHAri7/build/hilo-v3-ooc/checkpoints/post_synth.dcp' has been generated.
## report_utilization -file [file join $rpt_dir post_synth_utilization.rpt]
## report_utilization -hierarchical -hierarchical_depth 6 -file [file join $rpt_dir post_synth_utilization_hier.rpt]
## catch {report_methodology -file [file join $rpt_dir post_synth_methodology.rpt]}
Command: report_methodology -file /home/work1/Works/ai-trigger-hilo-v35.lHAri7/build/hilo-v3-ooc/reports/post_synth_methodology.rpt
INFO: [Timing 38-35] Done setting XDC timing constraints.
WARNING: [Timing 38-242] The property HD.CLK_SRC of clock port "CLK_ADC" is not set. In out-of-context mode, this prevents timing estimation for clock delay/skew
Resolution: Set the HD.CLK_SRC property of the out-of-context port to the location of the clock buffer instance in the top-level design
WARNING: [Timing 38-242] The property HD.CLK_SRC of clock port "CLK_CNN" is not set. In out-of-context mode, this prevents timing estimation for clock delay/skew
Resolution: Set the HD.CLK_SRC property of the out-of-context port to the location of the clock buffer instance in the top-level design
INFO: [DRC 23-133] Running Methodology with 8 threads
INFO: [Vivado_Tcl 2-1520] The results of Report Methodology are in file /home/work1/Works/ai-trigger-hilo-v35.lHAri7/build/hilo-v3-ooc/reports/post_synth_methodology.rpt.
report_methodology completed successfully
report_methodology: Time (s): cpu = 00:00:50 ; elapsed = 00:00:17 . Memory (MB): peak = 4881.660 ; gain = 563.098 ; free physical = 8908 ; free virtual = 41725
## report_timing_summary -file [file join $rpt_dir post_synth_timing_summary.rpt]
INFO: [Timing 38-35] Done setting XDC timing constraints.
INFO: [Timing 38-91] UpdateTimingParams: Speed grade: -2, Temperature grade: E, Delay Type: min_max.
INFO: [Timing 38-191] Multithreading enabled for timing update using a maximum of 8 CPUs
## report_clock_interaction -file [file join $rpt_dir post_synth_clock_interaction.rpt]
INFO: [Timing 38-91] UpdateTimingParams: Speed grade: -2, Temperature grade: E, Delay Type: max.
INFO: [Timing 38-191] Multithreading enabled for timing update using a maximum of 8 CPUs
WARNING: [Timing 38-164] This design has multiple clocks. Inter clock paths are considered valid unless explicitly excluded by timing constraints such as set_clock_groups or set_false_path.
## write_cdc_reports \
##     [file join $rpt_dir post_synth_cdc.rpt] \
##     [file join $rpt_dir post_synth_cdc_details.rpt]
INFO: [Timing 38-91] UpdateTimingParams: No interconnect No Cell Dly, Speed grade: -2, Temperature grade: E, Delay Type: max.
INFO: [Timing 38-191] Multithreading enabled for timing update using a maximum of 8 CPUs
INFO: [Timing 38-314] The report_cdc command only analyzes and reports clock domain crossing paths where clocks have been defined on both source and destination sides. Ports with no input delay constraint are skipped. Please run check_timing to verify there are no missing clock definitions in your design, nor any unconstrained input port.
INFO: [Timing 38-91] UpdateTimingParams: No interconnect No Cell Dly, Speed grade: -2, Temperature grade: E, Delay Type: max.
INFO: [Timing 38-191] Multithreading enabled for timing update using a maximum of 8 CPUs
INFO: [Timing 38-314] The report_cdc command only analyzes and reports clock domain crossing paths where clocks have been defined on both source and destination sides. Ports with no input delay constraint are skipped. Please run check_timing to verify there are no missing clock definitions in your design, nor any unconstrained input port.
## if {$::RUN_BUILD_IMPL} {
##     puts "INFO: running OOC implementation..."
##     opt_design
##     write_checkpoint -force [file join $dcp_dir post_opt.dcp]
##     report_utilization -hierarchical -hierarchical_depth 6 -file [file join $rpt_dir post_opt_utilization_hier.rpt]
## 
##     place_design
##     write_checkpoint -force [file join $dcp_dir post_place.dcp]
##     report_utilization -file [file join $rpt_dir post_place_utilization.rpt]
##     report_utilization -hierarchical -hierarchical_depth 6 -file [file join $rpt_dir post_place_utilization_hier.rpt]
##     report_timing_summary -file [file join $rpt_dir post_place_timing_summary.rpt]
## 
##     catch {phys_opt_design}
##     route_design
##     write_checkpoint -force [file join $dcp_dir post_route.dcp]
##     assert_daq_top_boundary
## 
##     report_utilization -file [file join $rpt_dir post_route_utilization.rpt]
##     report_utilization -hierarchical -hierarchical_depth 6 -file [file join $rpt_dir post_route_utilization_hier.rpt]
##     catch {report_methodology -file [file join $rpt_dir post_route_methodology.rpt]}
##     set post_route_timing_summary [report_timing_summary -return_string]
##     write_text_file \
##         [file join $rpt_dir post_route_timing_summary.rpt] \
##         $post_route_timing_summary
##     foreach clock_name {CLK_ADC CLK_CNN} {
##         report_timing -from [get_clocks $clock_name] -to [get_clocks $clock_name] \
##             -max_paths 20 -nworst 1 \
##             -file [file join $rpt_dir post_route_${clock_name}_setup.rpt]
##     }
##     report_clock_interaction -file [file join $rpt_dir post_route_clock_interaction.rpt]
##     write_cdc_reports \
##         [file join $rpt_dir post_route_cdc.rpt] \
##         [file join $rpt_dir post_route_cdc_details.rpt]
##     report_drc -file [file join $rpt_dir post_route_drc.rpt]
##     report_exceptions -coverage -file [file join $rpt_dir post_route_exception_coverage.rpt]
##     check_timing -verbose -file [file join $rpt_dir post_route_check_timing.rpt]
##     set fatal_drc [get_drc_violations -quiet -filter {SEVERITY == Error}]
##     if {[llength $fatal_drc] > 0} {
##         error "Post-route DRC errors: $fatal_drc"
##     }
##     set cdc_fp [open [file join $rpt_dir post_route_cdc.rpt] r]
##     set cdc_summary [read $cdc_fp]
##     close $cdc_fp
##     ai_trigger_require_cdc $cdc_summary
##     report_route_status -file [file join $rpt_dir post_route_status.rpt]
##     report_power -file [file join $rpt_dir post_route_power.rpt]
##     ai_trigger_require_timing $post_route_timing_summary $::RUN_BUILD_MIN_SETUP_SLACK
## }
INFO: running OOC implementation...
Command: opt_design
Attempting to get a license for feature 'Implementation' and/or device 'xcku5p'
INFO: [Common 17-349] Got license for feature 'Implementation' and/or device 'xcku5p'
Running DRC as a precondition to command opt_design

Starting DRC Task
INFO: [DRC 23-27] Running DRC with 8 threads
INFO: [Project 1-461] DRC finished with 0 Errors
INFO: [Project 1-462] Please refer to the DRC report (report_drc) for more information.

Time (s): cpu = 00:00:02 ; elapsed = 00:00:00.79 . Memory (MB): peak = 4881.660 ; gain = 0.000 ; free physical = 8866 ; free virtual = 41694

Starting Cache Timing Information Task
Ending Cache Timing Information Task | Checksum: b32f1bb3

Time (s): cpu = 00:00:00.02 ; elapsed = 00:00:00.02 . Memory (MB): peak = 4881.660 ; gain = 0.000 ; free physical = 8867 ; free virtual = 41694

Starting Logic Optimization Task

Phase 1 Initialization

Phase 1.1 Core Generation And Design Setup
Phase 1.1 Core Generation And Design Setup | Checksum: b32f1bb3

Time (s): cpu = 00:00:00.01 ; elapsed = 00:00:00.01 . Memory (MB): peak = 4881.660 ; gain = 0.000 ; free physical = 8884 ; free virtual = 41713

Phase 1.2 Setup Constraints And Sort Netlist
Phase 1.2 Setup Constraints And Sort Netlist | Checksum: b32f1bb3

Time (s): cpu = 00:00:00.04 ; elapsed = 00:00:00.04 . Memory (MB): peak = 4881.660 ; gain = 0.000 ; free physical = 8884 ; free virtual = 41713
Phase 1 Initialization | Checksum: b32f1bb3

Time (s): cpu = 00:00:00.04 ; elapsed = 00:00:00.04 . Memory (MB): peak = 4881.660 ; gain = 0.000 ; free physical = 8884 ; free virtual = 41713

Phase 2 Timer Update And Timing Data Collection

Phase 2.1 Timer Update
Phase 2.1 Timer Update | Checksum: b32f1bb3

Time (s): cpu = 00:00:05 ; elapsed = 00:00:00.98 . Memory (MB): peak = 4881.660 ; gain = 0.000 ; free physical = 8889 ; free virtual = 41720

Phase 2.2 Timing Data Collection
Phase 2.2 Timing Data Collection | Checksum: b32f1bb3

Time (s): cpu = 00:00:05 ; elapsed = 00:00:01 . Memory (MB): peak = 4881.660 ; gain = 0.000 ; free physical = 8889 ; free virtual = 41720
Phase 2 Timer Update And Timing Data Collection | Checksum: b32f1bb3

Time (s): cpu = 00:00:05 ; elapsed = 00:00:01 . Memory (MB): peak = 4881.660 ; gain = 0.000 ; free physical = 8889 ; free virtual = 41720

Phase 3 Retarget
INFO: [Opt 31-1566] Pulled 4 inverters resulting in an inversion of 60 pins
INFO: [Opt 31-138] Pushed 35 inverter(s) to 40172 load pin(s).
INFO: [Opt 31-49] Retargeted 0 cell(s).
Phase 3 Retarget | Checksum: 3623d931

Time (s): cpu = 00:00:09 ; elapsed = 00:00:05 . Memory (MB): peak = 4881.660 ; gain = 0.000 ; free physical = 8825 ; free virtual = 41734
Retarget | Checksum: 3623d931
INFO: [Opt 31-389] Phase Retarget created 10 cells and removed 18 cells

Phase 4 Constant propagation
INFO: [Opt 31-138] Pushed 13 inverter(s) to 21 load pin(s).
Phase 4 Constant propagation | Checksum: d8d2185a

Time (s): cpu = 00:00:10 ; elapsed = 00:00:06 . Memory (MB): peak = 4881.660 ; gain = 0.000 ; free physical = 8829 ; free virtual = 41739
Constant propagation | Checksum: d8d2185a
INFO: [Opt 31-389] Phase Constant propagation created 1723 cells and removed 2760 cells

Phase 5 Sweep
Phase 5 Sweep | Checksum: 46051f30

Time (s): cpu = 00:00:11 ; elapsed = 00:00:07 . Memory (MB): peak = 4881.660 ; gain = 0.000 ; free physical = 8834 ; free virtual = 41745
Sweep | Checksum: 46051f30
INFO: [Opt 31-389] Phase Sweep created 0 cells and removed 364 cells

Phase 6 BUFG optimization
INFO: [Opt 31-1077] Phase BUFG optimization inserted 0 global clock buffer(s) for CLOCK_LOW_FANOUT.
Phase 6 BUFG optimization | Checksum: 46051f30

Time (s): cpu = 00:00:12 ; elapsed = 00:00:07 . Memory (MB): peak = 4881.660 ; gain = 0.000 ; free physical = 8836 ; free virtual = 41746
BUFG optimization | Checksum: 46051f30
INFO: [Opt 31-662] Phase BUFG optimization created 0 cells of which 0 are BUFGs and removed 0 cells.

Phase 7 Shift Register Optimization
INFO: [Opt 31-1064] SRL Remap converted 0 SRLs to 0 registers and converted 0 registers of register chains to 0 SRLs
Phase 7 Shift Register Optimization | Checksum: 46051f30

Time (s): cpu = 00:00:12 ; elapsed = 00:00:07 . Memory (MB): peak = 4881.660 ; gain = 0.000 ; free physical = 8836 ; free virtual = 41746
Shift Register Optimization | Checksum: 46051f30
INFO: [Opt 31-389] Phase Shift Register Optimization created 0 cells and removed 0 cells

Phase 8 Post Processing Netlist
Phase 8 Post Processing Netlist | Checksum: 46051f30

Time (s): cpu = 00:00:12 ; elapsed = 00:00:07 . Memory (MB): peak = 4881.660 ; gain = 0.000 ; free physical = 8837 ; free virtual = 41747
Post Processing Netlist | Checksum: 46051f30
INFO: [Opt 31-389] Phase Post Processing Netlist created 0 cells and removed 0 cells

Phase 9 Finalization

Phase 9.1 Finalizing Design Cores and Updating Shapes
Phase 9.1 Finalizing Design Cores and Updating Shapes | Checksum: 17139dffd

Time (s): cpu = 00:00:15 ; elapsed = 00:00:10 . Memory (MB): peak = 4881.660 ; gain = 0.000 ; free physical = 8846 ; free virtual = 41758

Phase 9.2 Verifying Netlist Connectivity

Starting Connectivity Check Task

Time (s): cpu = 00:00:00.12 ; elapsed = 00:00:00.13 . Memory (MB): peak = 4881.660 ; gain = 0.000 ; free physical = 8846 ; free virtual = 41759
Phase 9.2 Verifying Netlist Connectivity | Checksum: 17139dffd

Time (s): cpu = 00:00:15 ; elapsed = 00:00:10 . Memory (MB): peak = 4881.660 ; gain = 0.000 ; free physical = 8846 ; free virtual = 41759
Phase 9 Finalization | Checksum: 17139dffd

Time (s): cpu = 00:00:15 ; elapsed = 00:00:10 . Memory (MB): peak = 4881.660 ; gain = 0.000 ; free physical = 8846 ; free virtual = 41759
Opt_design Change Summary
=========================


-------------------------------------------------------------------------------------------------------------------------
|  Phase                        |  #Cells created  |  #Cells Removed  |  #Constrained objects preventing optimizations  |
-------------------------------------------------------------------------------------------------------------------------
|  Retarget                     |              10  |              18  |                                              0  |
|  Constant propagation         |            1723  |            2760  |                                              0  |
|  Sweep                        |               0  |             364  |                                              0  |
|  BUFG optimization            |               0  |               0  |                                              0  |
|  Shift Register Optimization  |               0  |               0  |                                              0  |
|  Post Processing Netlist      |               0  |               0  |                                              0  |
-------------------------------------------------------------------------------------------------------------------------


Ending Logic Optimization Task | Checksum: 17139dffd

Time (s): cpu = 00:00:15 ; elapsed = 00:00:10 . Memory (MB): peak = 4881.660 ; gain = 0.000 ; free physical = 8846 ; free virtual = 41759
INFO: [Constraints 18-11670] Building netlist checker database with flags, 0x8
Done building netlist checker database: Time (s): cpu = 00:00:00.01 ; elapsed = 00:00:00.02 . Memory (MB): peak = 4881.660 ; gain = 0.000 ; free physical = 8846 ; free virtual = 41759

Starting Power Optimization Task
INFO: [Pwropt 34-132] Skipping clock gating for clocks with a period < 2.00 ns.
INFO: [Pwropt 34-9] Applying IDT optimizations ...
INFO: [Pwropt 34-10] Applying ODC optimizations ...
INFO: [Timing 38-35] Done setting XDC timing constraints.
Running Vector-less Activity Propagation...

Finished Running Vector-less Activity Propagation


Starting PowerOpt Patch Enables Task
INFO: [Pwropt 34-162] WRITE_MODE attribute of 0 BRAM(s) out of a total of 22 has been updated to save power. Run report_power_opt to get a complete listing of the BRAMs updated.
INFO: [Pwropt 34-201] Structural ODC has moved 0 WE to EN ports
Number of BRAM Ports augmented: 6 newly gated: 0 Total Ports: 44
Ending PowerOpt Patch Enables Task | Checksum: 1b6d2f188

Time (s): cpu = 00:00:00.33 ; elapsed = 00:00:00.23 . Memory (MB): peak = 5025.699 ; gain = 0.000 ; free physical = 8687 ; free virtual = 41608
Ending Power Optimization Task | Checksum: 1b6d2f188

Time (s): cpu = 00:00:30 ; elapsed = 00:00:07 . Memory (MB): peak = 5025.699 ; gain = 144.039 ; free physical = 8687 ; free virtual = 41608

Starting Final Cleanup Task
Ending Final Cleanup Task | Checksum: 1b6d2f188

Time (s): cpu = 00:00:00 ; elapsed = 00:00:00.01 . Memory (MB): peak = 5025.699 ; gain = 0.000 ; free physical = 8687 ; free virtual = 41608

Starting Netlist Obfuscation Task
Netlist sorting complete. Time (s): cpu = 00:00:00.02 ; elapsed = 00:00:00.01 . Memory (MB): peak = 5025.699 ; gain = 0.000 ; free physical = 8687 ; free virtual = 41608
Ending Netlist Obfuscation Task | Checksum: 19210b28a

Time (s): cpu = 00:00:00.02 ; elapsed = 00:00:00.01 . Memory (MB): peak = 5025.699 ; gain = 0.000 ; free physical = 8687 ; free virtual = 41608
INFO: [Common 17-83] Releasing license: Implementation
24 Infos, 0 Warnings, 0 Critical Warnings and 0 Errors encountered.
opt_design completed successfully
opt_design: Time (s): cpu = 00:00:49 ; elapsed = 00:00:19 . Memory (MB): peak = 5025.699 ; gain = 144.039 ; free physical = 8687 ; free virtual = 41608
INFO: [Timing 38-35] Done setting XDC timing constraints.
INFO: [Timing 38-480] Writing timing data to binary archive.
Write ShapeDB Complete: Time (s): cpu = 00:00:00.73 ; elapsed = 00:00:00.19 . Memory (MB): peak = 5025.699 ; gain = 0.000 ; free physical = 8642 ; free virtual = 41610
INFO: [Common 17-1381] The checkpoint '/home/work1/Works/ai-trigger-hilo-v35.lHAri7/build/hilo-v3-ooc/checkpoints/post_opt.dcp' has been generated.
write_checkpoint: Time (s): cpu = 00:00:16 ; elapsed = 00:00:07 . Memory (MB): peak = 5025.699 ; gain = 0.000 ; free physical = 8632 ; free virtual = 41582
Command: place_design
Attempting to get a license for feature 'Implementation' and/or device 'xcku5p'
INFO: [Common 17-349] Got license for feature 'Implementation' and/or device 'xcku5p'
INFO: [Common 17-83] Releasing license: Implementation
INFO: [DRC 23-27] Running DRC with 8 threads
INFO: [Vivado_Tcl 4-198] DRC finished with 0 Errors
INFO: [Vivado_Tcl 4-199] Please refer to the DRC report (report_drc) for more information.
Running DRC as a precondition to command place_design
INFO: [DRC 23-27] Running DRC with 8 threads
INFO: [Vivado_Tcl 4-198] DRC finished with 0 Errors
INFO: [Vivado_Tcl 4-199] Please refer to the DRC report (report_drc) for more information.
INFO: [Place 30-611] Multithreading enabled for place_design using a maximum of 8 CPUs

Starting Placer Task

Phase 1 Placer Initialization

Phase 1.1 Placer Initialization Netlist Sorting
Netlist sorting complete. Time (s): cpu = 00:00:00 ; elapsed = 00:00:00 . Memory (MB): peak = 5025.699 ; gain = 0.000 ; free physical = 8645 ; free virtual = 41596
Phase 1.1 Placer Initialization Netlist Sorting | Checksum: f8c184ed

Time (s): cpu = 00:00:00.02 ; elapsed = 00:00:00.02 . Memory (MB): peak = 5025.699 ; gain = 0.000 ; free physical = 8645 ; free virtual = 41597
Netlist sorting complete. Time (s): cpu = 00:00:00 ; elapsed = 00:00:00.01 . Memory (MB): peak = 5025.699 ; gain = 0.000 ; free physical = 8645 ; free virtual = 41597

Phase 1.2 IO Placement/ Clock Placement/ Build Placer Device
Phase 1.2 IO Placement/ Clock Placement/ Build Placer Device | Checksum: b4b0c009

Time (s): cpu = 00:00:06 ; elapsed = 00:00:04 . Memory (MB): peak = 5025.699 ; gain = 0.000 ; free physical = 8648 ; free virtual = 41602

Phase 1.3 Build Placer Netlist Model
Phase 1.3 Build Placer Netlist Model | Checksum: f72ab459

Time (s): cpu = 00:00:31 ; elapsed = 00:00:13 . Memory (MB): peak = 5025.699 ; gain = 0.000 ; free physical = 8661 ; free virtual = 41624

Phase 1.4 Constrain Clocks/Macros
Phase 1.4 Constrain Clocks/Macros | Checksum: f72ab459

Time (s): cpu = 00:00:31 ; elapsed = 00:00:13 . Memory (MB): peak = 5025.699 ; gain = 0.000 ; free physical = 8663 ; free virtual = 41625
Phase 1 Placer Initialization | Checksum: f72ab459

Time (s): cpu = 00:00:32 ; elapsed = 00:00:13 . Memory (MB): peak = 5025.699 ; gain = 0.000 ; free physical = 8663 ; free virtual = 41625

Phase 2 Global Placement

Phase 2.1 Floorplanning

Phase 2.1.1 Partition Driven Placement

Phase 2.1.1.1 PBP: Partition Driven Placement
Phase 2.1.1.1 PBP: Partition Driven Placement | Checksum: 15324a306

Time (s): cpu = 00:01:02 ; elapsed = 00:00:25 . Memory (MB): peak = 5025.699 ; gain = 0.000 ; free physical = 8667 ; free virtual = 41634

Phase 2.1.1.2 PBP: Clock Region Placement
INFO: [Place 30-3164] Check ILP status : ILP-based clock placer is skipped.
Phase 2.1.1.2 PBP: Clock Region Placement | Checksum: 15324a306

Time (s): cpu = 00:01:02 ; elapsed = 00:00:25 . Memory (MB): peak = 5025.699 ; gain = 0.000 ; free physical = 8667 ; free virtual = 41634

Phase 2.1.1.3 PBP: Compute Congestion
Phase 2.1.1.3 PBP: Compute Congestion | Checksum: 15324a306

Time (s): cpu = 00:01:15 ; elapsed = 00:00:28 . Memory (MB): peak = 5247.738 ; gain = 222.039 ; free physical = 7895 ; free virtual = 41291

Phase 2.1.1.4 PBP: UpdateTiming
Phase 2.1.1.4 PBP: UpdateTiming | Checksum: ecb2dc05

Time (s): cpu = 00:01:20 ; elapsed = 00:00:30 . Memory (MB): peak = 5279.754 ; gain = 254.055 ; free physical = 8271 ; free virtual = 41659

Phase 2.1.1.5 PBP: Add part constraints
Phase 2.1.1.5 PBP: Add part constraints | Checksum: ecb2dc05

Time (s): cpu = 00:01:20 ; elapsed = 00:00:30 . Memory (MB): peak = 5279.754 ; gain = 254.055 ; free physical = 8256 ; free virtual = 41643
Phase 2.1.1 Partition Driven Placement | Checksum: ecb2dc05

Time (s): cpu = 00:01:20 ; elapsed = 00:00:30 . Memory (MB): peak = 5279.754 ; gain = 254.055 ; free physical = 8256 ; free virtual = 41643
Phase 2.1 Floorplanning | Checksum: 10d2f37e6

Time (s): cpu = 00:01:20 ; elapsed = 00:00:30 . Memory (MB): peak = 5279.754 ; gain = 254.055 ; free physical = 8256 ; free virtual = 41643

Phase 2.2 Update Timing before SLR Path Opt
Phase 2.2 Update Timing before SLR Path Opt | Checksum: 10d2f37e6

Time (s): cpu = 00:01:20 ; elapsed = 00:00:30 . Memory (MB): peak = 5279.754 ; gain = 254.055 ; free physical = 8256 ; free virtual = 41643

Phase 2.3 Post-Processing in Floorplanning
Phase 2.3 Post-Processing in Floorplanning | Checksum: f3001f3f

Time (s): cpu = 00:01:20 ; elapsed = 00:00:30 . Memory (MB): peak = 5279.754 ; gain = 254.055 ; free physical = 8256 ; free virtual = 41644

Phase 2.4 Global Placement Core

Phase 2.4.1 UpdateTiming Before Physical Synthesis
Phase 2.4.1 UpdateTiming Before Physical Synthesis | Checksum: 20a144efc

Time (s): cpu = 00:03:04 ; elapsed = 00:01:02 . Memory (MB): peak = 5434.762 ; gain = 409.062 ; free physical = 7698 ; free virtual = 41128

Phase 2.4.2 Physical Synthesis In Placer
INFO: [Physopt 32-1035] Found 2 LUTNM shape to break, 3225 LUT instances to create LUTNM shape
INFO: [Physopt 32-1044] Break lutnm for timing: one critical 2, two critical 0, total 2, new lutff created 0
INFO: [Physopt 32-1138] End 1 Pass. Optimized 1429 nets or LUTs. Breaked 2 LUTs, combined 1427 existing LUTs and moved 0 existing LUT
INFO: [Physopt 32-1030] Pass 1. Identified 17 candidate driver sets for equivalent driver rewiring.
INFO: [Physopt 32-661] Optimized 3 nets.  Re-placed 10 instances.
INFO: [Physopt 32-775] End 1 Pass. Optimized 3 nets or cells. Created 0 new cell, deleted 0 existing cell and moved 10 existing cells
Netlist sorting complete. Time (s): cpu = 00:00:00.02 ; elapsed = 00:00:00.02 . Memory (MB): peak = 5434.762 ; gain = 0.000 ; free physical = 7707 ; free virtual = 41139
INFO: [Physopt 32-76] Pass 1. Identified 1 candidate net for fanout optimization.
INFO: [Physopt 32-81] Processed net u_CORE/gen_lanes[0].u_LANE/u_WRAPPER/cnn_core_inst/shared_conv_array_array_ap_fixed_48u_config7_4u_ravel_matrix_conv2d_1_2u_U0/icmp_ln9_reg_24347_pp0_iter1_reg. Replicated 14 times.
INFO: [Physopt 32-232] Optimized 1 net. Created 14 new instances.
INFO: [Physopt 32-775] End 1 Pass. Optimized 1 net or cell. Created 14 new cells, deleted 0 existing cell and moved 0 existing cell
Netlist sorting complete. Time (s): cpu = 00:00:00.13 ; elapsed = 00:00:00.14 . Memory (MB): peak = 5434.762 ; gain = 0.000 ; free physical = 7710 ; free virtual = 41143
INFO: [Physopt 32-456] No candidate cells for DSP register optimization found in the design.
INFO: [Physopt 32-775] End 2 Pass. Optimized 0 net or cell. Created 0 new cell, deleted 0 existing cell and moved 0 existing cell
INFO: [Physopt 32-1123] No candidate cells found for Shift Register to Pipeline optimization
INFO: [Physopt 32-775] End 2 Pass. Optimized 0 net or cell. Created 0 new cell, deleted 0 existing cell and moved 0 existing cell
INFO: [Physopt 32-1401] No candidate cells found for Shift Register optimization.
INFO: [Physopt 32-677] No candidate cells for Shift Register optimization found in the design
INFO: [Physopt 32-775] End 1 Pass. Optimized 0 net or cell. Created 0 new cell, deleted 0 existing cell and moved 0 existing cell
INFO: [Physopt 32-526] No candidate cells for BRAM register optimization found in the design
INFO: [Physopt 32-775] End 1 Pass. Optimized 0 net or cell. Created 0 new cell, deleted 0 existing cell and moved 0 existing cell
INFO: [Physopt 32-846] No candidate cells for URAM register optimization found in the design
INFO: [Physopt 32-775] End 1 Pass. Optimized 0 net or cell. Created 0 new cell, deleted 0 existing cell and moved 0 existing cell
INFO: [Physopt 32-846] No candidate cells for URAM register optimization found in the design
INFO: [Physopt 32-775] End 1 Pass. Optimized 0 net or cell. Created 0 new cell, deleted 0 existing cell and moved 0 existing cell
INFO: [Physopt 32-949] No candidate nets found for dynamic/static region interface net replication
INFO: [Physopt 32-775] End 1 Pass. Optimized 0 net or cell. Created 0 new cell, deleted 0 existing cell and moved 0 existing cell
Netlist sorting complete. Time (s): cpu = 00:00:00.01 ; elapsed = 00:00:00 . Memory (MB): peak = 5434.762 ; gain = 0.000 ; free physical = 7710 ; free virtual = 41143

Summary of Physical Synthesis Optimizations
============================================


-----------------------------------------------------------------------------------------------------------------------------------------------------------
|  Optimization                                     |  Added Cells  |  Removed Cells  |  Optimized Cells/Nets  |  Dont Touch  |  Iterations  |  Elapsed   |
-----------------------------------------------------------------------------------------------------------------------------------------------------------
|  LUT Combining                                    |            2  |           1427  |                  1429  |           0  |           1  |  00:00:01  |
|  Retime                                           |            0  |              0  |                     0  |           0  |           1  |  00:00:00  |
|  Equivalent Driver Rewiring                       |            0  |              0  |                     3  |           0  |           1  |  00:00:01  |
|  Very High Fanout                                 |           14  |              0  |                     1  |           0  |           1  |  00:00:00  |
|  DSP Register                                     |            0  |              0  |                     0  |           0  |           1  |  00:00:00  |
|  Shift Register to Pipeline                       |            0  |              0  |                     0  |           0  |           1  |  00:00:00  |
|  Shift Register                                   |            0  |              0  |                     0  |           0  |           1  |  00:00:00  |
|  BRAM Register                                    |            0  |              0  |                     0  |           0  |           1  |  00:00:00  |
|  URAM Register                                    |            0  |              0  |                     0  |           0  |           1  |  00:00:00  |
|  Dynamic/Static Region Interface Net Replication  |            0  |              0  |                     0  |           0  |           1  |  00:00:00  |
|  Total                                            |           16  |           1427  |                  1433  |           0  |          10  |  00:00:03  |
-----------------------------------------------------------------------------------------------------------------------------------------------------------


Phase 2.4.2 Physical Synthesis In Placer | Checksum: 11b62c650

Time (s): cpu = 00:03:14 ; elapsed = 00:01:08 . Memory (MB): peak = 5434.762 ; gain = 409.062 ; free physical = 7718 ; free virtual = 41152
Phase 2.4 Global Placement Core | Checksum: 14b7efa42

Time (s): cpu = 00:03:32 ; elapsed = 00:01:13 . Memory (MB): peak = 5434.762 ; gain = 409.062 ; free physical = 7726 ; free virtual = 41162
Phase 2 Global Placement | Checksum: 14b7efa42

Time (s): cpu = 00:03:32 ; elapsed = 00:01:13 . Memory (MB): peak = 5434.762 ; gain = 409.062 ; free physical = 7726 ; free virtual = 41162

Phase 3 Detail Placement

Phase 3.1 Commit Multi Column Macros
Phase 3.1 Commit Multi Column Macros | Checksum: 1795add26

Time (s): cpu = 00:03:51 ; elapsed = 00:01:17 . Memory (MB): peak = 5434.762 ; gain = 409.062 ; free physical = 7728 ; free virtual = 41166

Phase 3.2 Commit Most Macros & LUTRAMs
Phase 3.2 Commit Most Macros & LUTRAMs | Checksum: 109ca2e1d

Time (s): cpu = 00:04:04 ; elapsed = 00:01:22 . Memory (MB): peak = 5434.762 ; gain = 409.062 ; free physical = 7728 ; free virtual = 41170

Phase 3.3 Small Shape DP

Phase 3.3.1 Small Shape Clustering
Phase 3.3.1 Small Shape Clustering | Checksum: 1676afb70

Time (s): cpu = 00:04:37 ; elapsed = 00:01:31 . Memory (MB): peak = 5434.762 ; gain = 409.062 ; free physical = 7706 ; free virtual = 41154

Phase 3.3.2 Slice Area Swap

Phase 3.3.2.1 Slice Area Swap Initial
Phase 3.3.2.1 Slice Area Swap Initial | Checksum: 16dc2ec6b

Time (s): cpu = 00:04:43 ; elapsed = 00:01:35 . Memory (MB): peak = 5434.762 ; gain = 409.062 ; free physical = 7712 ; free virtual = 41160
Phase 3.3.2 Slice Area Swap | Checksum: 16dc2ec6b

Time (s): cpu = 00:04:43 ; elapsed = 00:01:36 . Memory (MB): peak = 5434.762 ; gain = 409.062 ; free physical = 7713 ; free virtual = 41161
Phase 3.3 Small Shape DP | Checksum: 110d5f614

Time (s): cpu = 00:04:51 ; elapsed = 00:01:38 . Memory (MB): peak = 5434.762 ; gain = 409.062 ; free physical = 7718 ; free virtual = 41166

Phase 3.4 Re-assign LUT pins
Phase 3.4 Re-assign LUT pins | Checksum: 8561cd77

Time (s): cpu = 00:04:54 ; elapsed = 00:01:41 . Memory (MB): peak = 5434.762 ; gain = 409.062 ; free physical = 7722 ; free virtual = 41171

Phase 3.5 Pipeline Register Optimization
Phase 3.5 Pipeline Register Optimization | Checksum: 11f05616e

Time (s): cpu = 00:04:55 ; elapsed = 00:01:42 . Memory (MB): peak = 5434.762 ; gain = 409.062 ; free physical = 7723 ; free virtual = 41172

Phase 3.6 Fast Optimization
Phase 3.6 Fast Optimization | Checksum: 1aea2d28c

Time (s): cpu = 00:05:23 ; elapsed = 00:01:47 . Memory (MB): peak = 5434.762 ; gain = 409.062 ; free physical = 7703 ; free virtual = 41153
Phase 3 Detail Placement | Checksum: 1aea2d28c

Time (s): cpu = 00:05:24 ; elapsed = 00:01:48 . Memory (MB): peak = 5434.762 ; gain = 409.062 ; free physical = 7703 ; free virtual = 41153

Phase 4 Post Placement Optimization and Clean-Up

Phase 4.1 Post Commit Optimization
INFO: [Timing 38-35] Done setting XDC timing constraints.

Phase 4.1.1 Post Placement Optimization
Post Placement Optimization Initialization | Checksum: 1c2959dec

Phase 4.1.1.1 BUFG Insertion

Starting Physical Synthesis Task

Phase 1 Physical Synthesis Initialization
INFO: [Physopt 32-721] Multithreading enabled for phys_opt_design using a maximum of 8 CPUs
INFO: [Physopt 32-619] Estimated Timing Summary | WNS=0.077 | TNS=0.000 |
Phase 1 Physical Synthesis Initialization | Checksum: 1635e6b77

Time (s): cpu = 00:00:04 ; elapsed = 00:00:01 . Memory (MB): peak = 5434.762 ; gain = 0.000 ; free physical = 7797 ; free virtual = 41241
INFO: [Place 30-3162] Check ILP status : ILP-based clock placer completed successfully.
INFO: [Place 46-32] Processed net u_CORE/gen_lanes[1].u_LANE/rst_n, BUFG insertion was skipped because the netlist editing failed.
INFO: [Place 30-3162] Check ILP status : ILP-based clock placer completed successfully.
INFO: [Place 46-32] Processed net u_CORE/gen_lanes[0].u_LANE/rst_n, BUFG insertion was skipped because the netlist editing failed.
INFO: [Place 30-3162] Check ILP status : ILP-based clock placer completed successfully.
INFO: [Place 30-3162] Check ILP status : ILP-based clock placer completed successfully.
INFO: [Place 46-35] Processed net u_CORE/gen_lanes[1].u_LANE/u_WRAPPER/cnn_core_inst/shared_conv_array_array_ap_fixed_48u_config7_4u_ravel_matrix_conv2d_1_2u_U0/ap_ready_INST_0_i_1_n_3, inserted BUFG to drive 6146 loads.
INFO: [Place 46-35] Processed net u_CORE/gen_lanes[0].u_LANE/u_WRAPPER/cnn_core_inst/shared_conv_array_array_ap_fixed_48u_config7_4u_ravel_matrix_conv2d_1_2u_U0/ap_ready_INST_0_i_1_n_3, inserted BUFG to drive 4665 loads.
INFO: [Place 46-35] Processed net u_CORE/gen_lanes[0].u_LANE/u_WRAPPER/cnn_core_inst/phara_pool_aligned_hybrid_p8_cl_array_array_array_array_config3_config5_U0/add_ln697_47_reg_18018[8]_i_1_n_3, inserted BUFG to drive 3000 loads.
INFO: [Place 46-35] Processed net u_CORE/gen_lanes[1].u_LANE/u_WRAPPER/cnn_core_inst/phara_pool_aligned_hybrid_p8_cl_array_array_array_array_config3_config5_U0/add_ln697_47_reg_18018[8]_i_1_n_3, inserted BUFG to drive 3000 loads.
INFO: [Place 46-35] Processed net u_CORE/gen_lanes[0].u_LANE/u_WRAPPER/cnn_core_inst/shared_conv_array_array_ap_fixed_48u_config7_4u_ravel_matrix_conv2d_1_2u_U0/layer5_out_x4_read, inserted BUFG to drive 1088 loads.
INFO: [Place 46-35] Processed net u_CORE/gen_lanes[1].u_LANE/u_WRAPPER/cnn_core_inst/shared_conv_array_array_ap_fixed_48u_config7_4u_ravel_matrix_conv2d_1_2u_U0/layer5_out_x4_read, inserted BUFG to drive 2080 loads.
INFO: [Place 46-35] Processed net u_CORE/u_RST_ADC/sync_ff[1], inserted BUFG to drive 1552 loads.
INFO: [Place 46-35] Processed net u_CORE/gen_lanes[0].u_LANE/u_WRAPPER/cnn_core_inst/dense_wide_stream_array_array_ap_fixed_21_12_5_3_0_1u_config12_U0/grp_dense_wide_stream_array_array_ap_fixed_1u_config12_Pipeline_DenseValues_fu_41/ap_enable_reg_pp0_iter2_i_1_n_3, inserted BUFG to drive 1441 loads.
INFO: [Place 46-35] Processed net u_CORE/gen_lanes[1].u_LANE/u_WRAPPER/cnn_core_inst/dense_wide_stream_array_array_ap_fixed_21_12_5_3_0_1u_config12_U0/grp_dense_wide_stream_array_array_ap_fixed_1u_config12_Pipeline_DenseValues_fu_41/ap_enable_reg_pp0_iter2_i_1_n_3, inserted BUFG to drive 1441 loads.
INFO: [Place 46-56] BUFG insertion identified 11 candidate nets. Inserted BUFG: 9, Replicated BUFG Driver: 0, Skipped due to Placement/Routing Conflicts: 0, Skipped due to Timing Degradation: 0, Skipped due to netlist editing failed: 2.
Ending Physical Synthesis Task | Checksum: 1503358fa

Time (s): cpu = 00:00:11 ; elapsed = 00:00:08 . Memory (MB): peak = 5434.762 ; gain = 0.000 ; free physical = 7646 ; free virtual = 41095
Phase 4.1.1.1 BUFG Insertion | Checksum: 19965cf40

Time (s): cpu = 00:06:20 ; elapsed = 00:02:07 . Memory (MB): peak = 5434.762 ; gain = 409.062 ; free physical = 7646 ; free virtual = 41095

Phase 4.1.1.2 Post Placement Timing Optimization
INFO: [Place 30-746] Post Placement Timing Summary WNS=0.508. For the most accurate timing information please run report_timing.
Phase 4.1.1.2 Post Placement Timing Optimization | Checksum: 77531867

Time (s): cpu = 00:06:35 ; elapsed = 00:02:23 . Memory (MB): peak = 5434.762 ; gain = 409.062 ; free physical = 7581 ; free virtual = 41067

Time (s): cpu = 00:06:35 ; elapsed = 00:02:23 . Memory (MB): peak = 5434.762 ; gain = 409.062 ; free physical = 7581 ; free virtual = 41067
Phase 4.1 Post Commit Optimization | Checksum: 77531867

Time (s): cpu = 00:06:36 ; elapsed = 00:02:23 . Memory (MB): peak = 5434.762 ; gain = 409.062 ; free physical = 7581 ; free virtual = 41068
Netlist sorting complete. Time (s): cpu = 00:00:00.33 ; elapsed = 00:00:00.34 . Memory (MB): peak = 5488.738 ; gain = 0.000 ; free physical = 7420 ; free virtual = 40910

Phase 4.2 Post Placement Cleanup
Phase 4.2 Post Placement Cleanup | Checksum: 11435c247

Time (s): cpu = 00:06:53 ; elapsed = 00:02:31 . Memory (MB): peak = 5488.738 ; gain = 463.039 ; free physical = 7421 ; free virtual = 40911

Phase 4.3 Placer Reporting

Phase 4.3.1 Print Estimated Congestion
INFO: [Place 30-612] Post-Placement Estimated Congestion 
 ________________________________________________________________________
|           | Global Congestion | Long Congestion   | Short Congestion  |
| Direction | Region Size       | Region Size       | Region Size       |
|___________|___________________|___________________|___________________|
|      North|                1x1|                1x1|                4x4|
|___________|___________________|___________________|___________________|
|      South|                1x1|                1x1|                4x4|
|___________|___________________|___________________|___________________|
|       East|                1x1|                1x1|                4x4|
|___________|___________________|___________________|___________________|
|       West|                1x1|                1x1|                4x4|
|___________|___________________|___________________|___________________|

Phase 4.3.1 Print Estimated Congestion | Checksum: 11435c247

Time (s): cpu = 00:06:54 ; elapsed = 00:02:31 . Memory (MB): peak = 5488.738 ; gain = 463.039 ; free physical = 7422 ; free virtual = 40913
Phase 4.3 Placer Reporting | Checksum: 11435c247

Time (s): cpu = 00:06:54 ; elapsed = 00:02:32 . Memory (MB): peak = 5488.738 ; gain = 463.039 ; free physical = 7422 ; free virtual = 40913

Phase 4.4 Final Placement Cleanup
Netlist sorting complete. Time (s): cpu = 00:00:00 ; elapsed = 00:00:00.01 . Memory (MB): peak = 5488.738 ; gain = 0.000 ; free physical = 7422 ; free virtual = 40913

Time (s): cpu = 00:06:54 ; elapsed = 00:02:32 . Memory (MB): peak = 5488.738 ; gain = 463.039 ; free physical = 7422 ; free virtual = 40913
Phase 4 Post Placement Optimization and Clean-Up | Checksum: 1d5c4327a

Time (s): cpu = 00:06:55 ; elapsed = 00:02:32 . Memory (MB): peak = 5488.738 ; gain = 463.039 ; free physical = 7425 ; free virtual = 40916
Ending Placer Task | Checksum: 1974eb66b

Time (s): cpu = 00:06:55 ; elapsed = 00:02:33 . Memory (MB): peak = 5488.738 ; gain = 463.039 ; free physical = 7422 ; free virtual = 40914
83 Infos, 0 Warnings, 0 Critical Warnings and 0 Errors encountered.
place_design completed successfully
place_design: Time (s): cpu = 00:07:01 ; elapsed = 00:02:34 . Memory (MB): peak = 5488.738 ; gain = 463.039 ; free physical = 7422 ; free virtual = 40914
INFO: [Timing 38-480] Writing timing data to binary archive.
Write ShapeDB Complete: Time (s): cpu = 00:00:01 ; elapsed = 00:00:00.21 . Memory (MB): peak = 5488.738 ; gain = 0.000 ; free physical = 7372 ; free virtual = 40907
Wrote PlaceDB: Time (s): cpu = 00:00:09 ; elapsed = 00:00:03 . Memory (MB): peak = 5488.738 ; gain = 0.000 ; free physical = 7256 ; free virtual = 40897
Wrote PulsedLatchDB: Time (s): cpu = 00:00:00 ; elapsed = 00:00:00 . Memory (MB): peak = 5488.738 ; gain = 0.000 ; free physical = 7256 ; free virtual = 40897
Writing XDEF routing.
Writing XDEF routing logical nets.
Writing XDEF routing special nets.
Wrote RouteStorage: Time (s): cpu = 00:00:00.11 ; elapsed = 00:00:00.08 . Memory (MB): peak = 5488.738 ; gain = 0.000 ; free physical = 7245 ; free virtual = 40888
Wrote Netlist Cache: Time (s): cpu = 00:00:00.14 ; elapsed = 00:00:00.08 . Memory (MB): peak = 5488.738 ; gain = 0.000 ; free physical = 7226 ; free virtual = 40880
Wrote Device Cache: Time (s): cpu = 00:00:00.01 ; elapsed = 00:00:00 . Memory (MB): peak = 5488.738 ; gain = 0.000 ; free physical = 7218 ; free virtual = 40875
Write Physdb Complete: Time (s): cpu = 00:00:10 ; elapsed = 00:00:03 . Memory (MB): peak = 5488.738 ; gain = 0.000 ; free physical = 7218 ; free virtual = 40875
INFO: [Common 17-1381] The checkpoint '/home/work1/Works/ai-trigger-hilo-v35.lHAri7/build/hilo-v3-ooc/checkpoints/post_place.dcp' has been generated.
write_checkpoint: Time (s): cpu = 00:00:21 ; elapsed = 00:00:09 . Memory (MB): peak = 5520.754 ; gain = 32.016 ; free physical = 7291 ; free virtual = 40827
INFO: [Timing 38-91] UpdateTimingParams: Speed grade: -2, Temperature grade: E, Delay Type: min_max.
INFO: [Timing 38-191] Multithreading enabled for timing update using a maximum of 8 CPUs
WARNING: [Timing 38-242] The property HD.CLK_SRC of clock port "CLK_ADC" is not set. In out-of-context mode, this prevents timing estimation for clock delay/skew
Resolution: Set the HD.CLK_SRC property of the out-of-context port to the location of the clock buffer instance in the top-level design
WARNING: [Timing 38-242] The property HD.CLK_SRC of clock port "CLK_CNN" is not set. In out-of-context mode, this prevents timing estimation for clock delay/skew
Resolution: Set the HD.CLK_SRC property of the out-of-context port to the location of the clock buffer instance in the top-level design
report_timing_summary: Time (s): cpu = 00:00:26 ; elapsed = 00:00:06 . Memory (MB): peak = 5520.754 ; gain = 0.000 ; free physical = 7337 ; free virtual = 40874
Command: phys_opt_design
Attempting to get a license for feature 'Implementation' and/or device 'xcku5p'
INFO: [Common 17-349] Got license for feature 'Implementation' and/or device 'xcku5p'
INFO: [Vivado_Tcl 4-383] Design worst setup slack (WNS) is greater than or equal to 0.000 ns. Skipping all physical synthesis optimizations.
INFO: [Vivado_Tcl 4-232] No setup violation found. The netlist was not modified.
INFO: [Common 17-83] Releasing license: Implementation
91 Infos, 2 Warnings, 0 Critical Warnings and 0 Errors encountered.
phys_opt_design completed successfully
Command: route_design
Attempting to get a license for feature 'Implementation' and/or device 'xcku5p'
INFO: [Common 17-349] Got license for feature 'Implementation' and/or device 'xcku5p'
Running DRC as a precondition to command route_design
INFO: [DRC 23-27] Running DRC with 8 threads
INFO: [Vivado_Tcl 4-198] DRC finished with 0 Errors
INFO: [Vivado_Tcl 4-199] Please refer to the DRC report (report_drc) for more information.


Starting Routing Task
INFO: [Route 35-254] Multithreading enabled for route_design using a maximum of 8 CPUs

Phase 1 Build RT Design
Checksum: PlaceDB: 1ec78b2 ConstDB: 0 ShapeSum: f87f93d9 RouteDB: 9ce2a9e0
Nodegraph reading from file.  Time (s): cpu = 00:00:00.39 ; elapsed = 00:00:00.39 . Memory (MB): peak = 5584.785 ; gain = 0.000 ; free physical = 7354 ; free virtual = 40895
WARNING: [Route 35-197] Clock port "CLK_CNN" does not have an associated HD.CLK_SRC. Without this constraint, timing analysis may not be accurate and upstream checks cannot be done to ensure correct clock placement.
WARNING: [Route 35-198] Port "TRIGGER_MODE[3]" does not have an associated HD.PARTPIN_LOCS, which will prevent the partial routing of the signal "TRIGGER_MODE[3]". Without this partial route, timing analysis to/from this port will not be accurate, and no routing information for this port can be exported.
WARNING: [Route 35-198] Port "TRIGGER_MODE[2]" does not have an associated HD.PARTPIN_LOCS, which will prevent the partial routing of the signal "TRIGGER_MODE[2]". Without this partial route, timing analysis to/from this port will not be accurate, and no routing information for this port can be exported.
WARNING: [Route 35-198] Port "TRIGGER_MODE[1]" does not have an associated HD.PARTPIN_LOCS, which will prevent the partial routing of the signal "TRIGGER_MODE[1]". Without this partial route, timing analysis to/from this port will not be accurate, and no routing information for this port can be exported.
WARNING: [Route 35-198] Port "TRIGGER_MODE[0]" does not have an associated HD.PARTPIN_LOCS, which will prevent the partial routing of the signal "TRIGGER_MODE[0]". Without this partial route, timing analysis to/from this port will not be accurate, and no routing information for this port can be exported.
WARNING: [Route 35-197] Clock port "CLK_ADC" does not have an associated HD.CLK_SRC. Without this constraint, timing analysis may not be accurate and upstream checks cannot be done to ensure correct clock placement.
WARNING: [Route 35-198] Port "ADC_DATA[72]" does not have an associated HD.PARTPIN_LOCS, which will prevent the partial routing of the signal "ADC_DATA[72]". Without this partial route, timing analysis to/from this port will not be accurate, and no routing information for this port can be exported.
WARNING: [Route 35-198] Port "ADC_DATA[73]" does not have an associated HD.PARTPIN_LOCS, which will prevent the partial routing of the signal "ADC_DATA[73]". Without this partial route, timing analysis to/from this port will not be accurate, and no routing information for this port can be exported.
WARNING: [Route 35-198] Port "ADC_DATA[74]" does not have an associated HD.PARTPIN_LOCS, which will prevent the partial routing of the signal "ADC_DATA[74]". Without this partial route, timing analysis to/from this port will not be accurate, and no routing information for this port can be exported.
WARNING: [Route 35-198] Port "ADC_DATA[75]" does not have an associated HD.PARTPIN_LOCS, which will prevent the partial routing of the signal "ADC_DATA[75]". Without this partial route, timing analysis to/from this port will not be accurate, and no routing information for this port can be exported.
WARNING: [Route 35-198] Port "ADC_DATA[76]" does not have an associated HD.PARTPIN_LOCS, which will prevent the partial routing of the signal "ADC_DATA[76]". Without this partial route, timing analysis to/from this port will not be accurate, and no routing information for this port can be exported.
WARNING: [Route 35-198] Port "ADC_DATA[78]" does not have an associated HD.PARTPIN_LOCS, which will prevent the partial routing of the signal "ADC_DATA[78]". Without this partial route, timing analysis to/from this port will not be accurate, and no routing information for this port can be exported.
WARNING: [Route 35-198] Port "ADC_DATA[77]" does not have an associated HD.PARTPIN_LOCS, which will prevent the partial routing of the signal "ADC_DATA[77]". Without this partial route, timing analysis to/from this port will not be accurate, and no routing information for this port can be exported.
WARNING: [Route 35-198] Port "ADC_DATA[80]" does not have an associated HD.PARTPIN_LOCS, which will prevent the partial routing of the signal "ADC_DATA[80]". Without this partial route, timing analysis to/from this port will not be accurate, and no routing information for this port can be exported.
WARNING: [Route 35-198] Port "ADC_DATA[79]" does not have an associated HD.PARTPIN_LOCS, which will prevent the partial routing of the signal "ADC_DATA[79]". Without this partial route, timing analysis to/from this port will not be accurate, and no routing information for this port can be exported.
WARNING: [Route 35-198] Port "ADC_DATA[82]" does not have an associated HD.PARTPIN_LOCS, which will prevent the partial routing of the signal "ADC_DATA[82]". Without this partial route, timing analysis to/from this port will not be accurate, and no routing information for this port can be exported.
WARNING: [Route 35-198] Port "ADC_DATA[81]" does not have an associated HD.PARTPIN_LOCS, which will prevent the partial routing of the signal "ADC_DATA[81]". Without this partial route, timing analysis to/from this port will not be accurate, and no routing information for this port can be exported.
WARNING: [Route 35-198] Port "ADC_DATA[83]" does not have an associated HD.PARTPIN_LOCS, which will prevent the partial routing of the signal "ADC_DATA[83]". Without this partial route, timing analysis to/from this port will not be accurate, and no routing information for this port can be exported.
WARNING: [Route 35-198] Port "ADC_DATA[105]" does not have an associated HD.PARTPIN_LOCS, which will prevent the partial routing of the signal "ADC_DATA[105]". Without this partial route, timing analysis to/from this port will not be accurate, and no routing information for this port can be exported.
WARNING: [Route 35-198] Port "ADC_DATA[104]" does not have an associated HD.PARTPIN_LOCS, which will prevent the partial routing of the signal "ADC_DATA[104]". Without this partial route, timing analysis to/from this port will not be accurate, and no routing information for this port can be exported.
WARNING: [Route 35-198] Port "ADC_DATA[103]" does not have an associated HD.PARTPIN_LOCS, which will prevent the partial routing of the signal "ADC_DATA[103]". Without this partial route, timing analysis to/from this port will not be accurate, and no routing information for this port can be exported.
WARNING: [Route 35-198] Port "ADC_DATA[102]" does not have an associated HD.PARTPIN_LOCS, which will prevent the partial routing of the signal "ADC_DATA[102]". Without this partial route, timing analysis to/from this port will not be accurate, and no routing information for this port can be exported.
WARNING: [Route 35-198] Port "ADC_DATA[101]" does not have an associated HD.PARTPIN_LOCS, which will prevent the partial routing of the signal "ADC_DATA[101]". Without this partial route, timing analysis to/from this port will not be accurate, and no routing information for this port can be exported.
WARNING: [Route 35-198] Port "ADC_DATA[100]" does not have an associated HD.PARTPIN_LOCS, which will prevent the partial routing of the signal "ADC_DATA[100]". Without this partial route, timing analysis to/from this port will not be accurate, and no routing information for this port can be exported.
WARNING: [Route 35-198] Port "ADC_DATA[97]" does not have an associated HD.PARTPIN_LOCS, which will prevent the partial routing of the signal "ADC_DATA[97]". Without this partial route, timing analysis to/from this port will not be accurate, and no routing information for this port can be exported.
WARNING: [Route 35-198] Port "ADC_DATA[96]" does not have an associated HD.PARTPIN_LOCS, which will prevent the partial routing of the signal "ADC_DATA[96]". Without this partial route, timing analysis to/from this port will not be accurate, and no routing information for this port can be exported.
WARNING: [Route 35-198] Port "DATA_STR" does not have an associated HD.PARTPIN_LOCS, which will prevent the partial routing of the signal "DATA_STR". Without this partial route, timing analysis to/from this port will not be accurate, and no routing information for this port can be exported.
WARNING: [Route 35-198] Port "ADC_DATA[85]" does not have an associated HD.PARTPIN_LOCS, which will prevent the partial routing of the signal "ADC_DATA[85]". Without this partial route, timing analysis to/from this port will not be accurate, and no routing information for this port can be exported.
WARNING: [Route 35-198] Port "ADC_DATA[84]" does not have an associated HD.PARTPIN_LOCS, which will prevent the partial routing of the signal "ADC_DATA[84]". Without this partial route, timing analysis to/from this port will not be accurate, and no routing information for this port can be exported.
WARNING: [Route 35-198] Port "ADC_DATA[86]" does not have an associated HD.PARTPIN_LOCS, which will prevent the partial routing of the signal "ADC_DATA[86]". Without this partial route, timing analysis to/from this port will not be accurate, and no routing information for this port can be exported.
WARNING: [Route 35-198] Port "ADC_DATA[87]" does not have an associated HD.PARTPIN_LOCS, which will prevent the partial routing of the signal "ADC_DATA[87]". Without this partial route, timing analysis to/from this port will not be accurate, and no routing information for this port can be exported.
WARNING: [Route 35-198] Port "ADC_DATA[94]" does not have an associated HD.PARTPIN_LOCS, which will prevent the partial routing of the signal "ADC_DATA[94]". Without this partial route, timing analysis to/from this port will not be accurate, and no routing information for this port can be exported.
WARNING: [Route 35-198] Port "ADC_DATA[92]" does not have an associated HD.PARTPIN_LOCS, which will prevent the partial routing of the signal "ADC_DATA[92]". Without this partial route, timing analysis to/from this port will not be accurate, and no routing information for this port can be exported.
WARNING: [Route 35-198] Port "ADC_DATA[91]" does not have an associated HD.PARTPIN_LOCS, which will prevent the partial routing of the signal "ADC_DATA[91]". Without this partial route, timing analysis to/from this port will not be accurate, and no routing information for this port can be exported.
WARNING: [Route 35-198] Port "ADC_DATA[93]" does not have an associated HD.PARTPIN_LOCS, which will prevent the partial routing of the signal "ADC_DATA[93]". Without this partial route, timing analysis to/from this port will not be accurate, and no routing information for this port can be exported.
WARNING: [Route 35-198] Port "ADC_DATA[95]" does not have an associated HD.PARTPIN_LOCS, which will prevent the partial routing of the signal "ADC_DATA[95]". Without this partial route, timing analysis to/from this port will not be accurate, and no routing information for this port can be exported.
WARNING: [Route 35-198] Port "ADC_DATA[124]" does not have an associated HD.PARTPIN_LOCS, which will prevent the partial routing of the signal "ADC_DATA[124]". Without this partial route, timing analysis to/from this port will not be accurate, and no routing information for this port can be exported.
WARNING: [Route 35-198] Port "ADC_DATA[122]" does not have an associated HD.PARTPIN_LOCS, which will prevent the partial routing of the signal "ADC_DATA[122]". Without this partial route, timing analysis to/from this port will not be accurate, and no routing information for this port can be exported.
WARNING: [Route 35-198] Port "ADC_DATA[120]" does not have an associated HD.PARTPIN_LOCS, which will prevent the partial routing of the signal "ADC_DATA[120]". Without this partial route, timing analysis to/from this port will not be accurate, and no routing information for this port can be exported.
WARNING: [Route 35-198] Port "ADC_DATA[121]" does not have an associated HD.PARTPIN_LOCS, which will prevent the partial routing of the signal "ADC_DATA[121]". Without this partial route, timing analysis to/from this port will not be accurate, and no routing information for this port can be exported.
WARNING: [Route 35-198] Port "ADC_DATA[123]" does not have an associated HD.PARTPIN_LOCS, which will prevent the partial routing of the signal "ADC_DATA[123]". Without this partial route, timing analysis to/from this port will not be accurate, and no routing information for this port can be exported.
WARNING: [Route 35-198] Port "ADC_DATA[126]" does not have an associated HD.PARTPIN_LOCS, which will prevent the partial routing of the signal "ADC_DATA[126]". Without this partial route, timing analysis to/from this port will not be accurate, and no routing information for this port can be exported.
WARNING: [Route 35-198] Port "ADC_DATA[125]" does not have an associated HD.PARTPIN_LOCS, which will prevent the partial routing of the signal "ADC_DATA[125]". Without this partial route, timing analysis to/from this port will not be accurate, and no routing information for this port can be exported.
WARNING: [Route 35-198] Port "ADC_DATA[128]" does not have an associated HD.PARTPIN_LOCS, which will prevent the partial routing of the signal "ADC_DATA[128]". Without this partial route, timing analysis to/from this port will not be accurate, and no routing information for this port can be exported.
WARNING: [Route 35-198] Port "ADC_DATA[127]" does not have an associated HD.PARTPIN_LOCS, which will prevent the partial routing of the signal "ADC_DATA[127]". Without this partial route, timing analysis to/from this port will not be accurate, and no routing information for this port can be exported.
WARNING: [Route 35-198] Port "ADC_DATA[130]" does not have an associated HD.PARTPIN_LOCS, which will prevent the partial routing of the signal "ADC_DATA[130]". Without this partial route, timing analysis to/from this port will not be accurate, and no routing information for this port can be exported.
WARNING: [Route 35-198] Port "ADC_DATA[129]" does not have an associated HD.PARTPIN_LOCS, which will prevent the partial routing of the signal "ADC_DATA[129]". Without this partial route, timing analysis to/from this port will not be accurate, and no routing information for this port can be exported.
WARNING: [Route 35-198] Port "ADC_DATA[131]" does not have an associated HD.PARTPIN_LOCS, which will prevent the partial routing of the signal "ADC_DATA[131]". Without this partial route, timing analysis to/from this port will not be accurate, and no routing information for this port can be exported.
WARNING: [Route 35-198] Port "EVENT_READY" does not have an associated HD.PARTPIN_LOCS, which will prevent the partial routing of the signal "EVENT_READY". Without this partial route, timing analysis to/from this port will not be accurate, and no routing information for this port can be exported.
WARNING: [Route 35-198] Port "ADC_DATA[107]" does not have an associated HD.PARTPIN_LOCS, which will prevent the partial routing of the signal "ADC_DATA[107]". Without this partial route, timing analysis to/from this port will not be accurate, and no routing information for this port can be exported.
WARNING: [Route 35-198] Port "ADC_DATA[106]" does not have an associated HD.PARTPIN_LOCS, which will prevent the partial routing of the signal "ADC_DATA[106]". Without this partial route, timing analysis to/from this port will not be accurate, and no routing information for this port can be exported.
WARNING: [Route 35-198] Port "ADC_DATA[99]" does not have an associated HD.PARTPIN_LOCS, which will prevent the partial routing of the signal "ADC_DATA[99]". Without this partial route, timing analysis to/from this port will not be accurate, and no routing information for this port can be exported.
WARNING: [Route 35-198] Port "ADC_DATA[98]" does not have an associated HD.PARTPIN_LOCS, which will prevent the partial routing of the signal "ADC_DATA[98]". Without this partial route, timing analysis to/from this port will not be accurate, and no routing information for this port can be exported.
WARNING: [Route 35-198] Port "ADC_DATA[143]" does not have an associated HD.PARTPIN_LOCS, which will prevent the partial routing of the signal "ADC_DATA[143]". Without this partial route, timing analysis to/from this port will not be accurate, and no routing information for this port can be exported.
WARNING: [Route 35-198] Port "ADC_DATA[142]" does not have an associated HD.PARTPIN_LOCS, which will prevent the partial routing of the signal "ADC_DATA[142]". Without this partial route, timing analysis to/from this port will not be accurate, and no routing information for this port can be exported.
WARNING: [Route 35-198] Port "ADC_DATA[135]" does not have an associated HD.PARTPIN_LOCS, which will prevent the partial routing of the signal "ADC_DATA[135]". Without this partial route, timing analysis to/from this port will not be accurate, and no routing information for this port can be exported.
WARNING: [Route 35-198] Port "ADC_DATA[134]" does not have an associated HD.PARTPIN_LOCS, which will prevent the partial routing of the signal "ADC_DATA[134]". Without this partial route, timing analysis to/from this port will not be accurate, and no routing information for this port can be exported.
WARNING: [Route 35-198] Port "ADC_DATA[113]" does not have an associated HD.PARTPIN_LOCS, which will prevent the partial routing of the signal "ADC_DATA[113]". Without this partial route, timing analysis to/from this port will not be accurate, and no routing information for this port can be exported.
WARNING: [Route 35-198] Port "ADC_DATA[112]" does not have an associated HD.PARTPIN_LOCS, which will prevent the partial routing of the signal "ADC_DATA[112]". Without this partial route, timing analysis to/from this port will not be accurate, and no routing information for this port can be exported.
WARNING: [Route 35-198] Port "ADC_DATA[109]" does not have an associated HD.PARTPIN_LOCS, which will prevent the partial routing of the signal "ADC_DATA[109]". Without this partial route, timing analysis to/from this port will not be accurate, and no routing information for this port can be exported.
WARNING: [Route 35-198] Port "ADC_DATA[108]" does not have an associated HD.PARTPIN_LOCS, which will prevent the partial routing of the signal "ADC_DATA[108]". Without this partial route, timing analysis to/from this port will not be accurate, and no routing information for this port can be exported.
WARNING: [Route 35-198] Port "ADC_DATA[88]" does not have an associated HD.PARTPIN_LOCS, which will prevent the partial routing of the signal "ADC_DATA[88]". Without this partial route, timing analysis to/from this port will not be accurate, and no routing information for this port can be exported.
WARNING: [Route 35-198] Port "ADC_DATA[89]" does not have an associated HD.PARTPIN_LOCS, which will prevent the partial routing of the signal "ADC_DATA[89]". Without this partial route, timing analysis to/from this port will not be accurate, and no routing information for this port can be exported.
WARNING: [Route 35-198] Port "ADC_DATA[90]" does not have an associated HD.PARTPIN_LOCS, which will prevent the partial routing of the signal "ADC_DATA[90]". Without this partial route, timing analysis to/from this port will not be accurate, and no routing information for this port can be exported.
WARNING: [Route 35-198] Port "ADC_DATA[119]" does not have an associated HD.PARTPIN_LOCS, which will prevent the partial routing of the signal "ADC_DATA[119]". Without this partial route, timing analysis to/from this port will not be accurate, and no routing information for this port can be exported.
WARNING: [Route 35-198] Port "ADC_DATA[118]" does not have an associated HD.PARTPIN_LOCS, which will prevent the partial routing of the signal "ADC_DATA[118]". Without this partial route, timing analysis to/from this port will not be accurate, and no routing information for this port can be exported.
WARNING: [Route 35-198] Port "ADC_DATA[117]" does not have an associated HD.PARTPIN_LOCS, which will prevent the partial routing of the signal "ADC_DATA[117]". Without this partial route, timing analysis to/from this port will not be accurate, and no routing information for this port can be exported.
WARNING: [Route 35-198] Port "ADC_DATA[116]" does not have an associated HD.PARTPIN_LOCS, which will prevent the partial routing of the signal "ADC_DATA[116]". Without this partial route, timing analysis to/from this port will not be accurate, and no routing information for this port can be exported.
WARNING: [Route 35-198] Port "ADC_DATA[115]" does not have an associated HD.PARTPIN_LOCS, which will prevent the partial routing of the signal "ADC_DATA[115]". Without this partial route, timing analysis to/from this port will not be accurate, and no routing information for this port can be exported.
WARNING: [Route 35-198] Port "ADC_DATA[114]" does not have an associated HD.PARTPIN_LOCS, which will prevent the partial routing of the signal "ADC_DATA[114]". Without this partial route, timing analysis to/from this port will not be accurate, and no routing information for this port can be exported.
WARNING: [Route 35-198] Port "ADC_DATA[111]" does not have an associated HD.PARTPIN_LOCS, which will prevent the partial routing of the signal "ADC_DATA[111]". Without this partial route, timing analysis to/from this port will not be accurate, and no routing information for this port can be exported.
WARNING: [Route 35-198] Port "ADC_DATA[110]" does not have an associated HD.PARTPIN_LOCS, which will prevent the partial routing of the signal "ADC_DATA[110]". Without this partial route, timing analysis to/from this port will not be accurate, and no routing information for this port can be exported.
WARNING: [Route 35-198] Port "ADC_DATA[57]" does not have an associated HD.PARTPIN_LOCS, which will prevent the partial routing of the signal "ADC_DATA[57]". Without this partial route, timing analysis to/from this port will not be accurate, and no routing information for this port can be exported.
WARNING: [Route 35-198] Port "ADC_DATA[56]" does not have an associated HD.PARTPIN_LOCS, which will prevent the partial routing of the signal "ADC_DATA[56]". Without this partial route, timing analysis to/from this port will not be accurate, and no routing information for this port can be exported.
WARNING: [Route 35-198] Port "ADC_DATA[54]" does not have an associated HD.PARTPIN_LOCS, which will prevent the partial routing of the signal "ADC_DATA[54]". Without this partial route, timing analysis to/from this port will not be accurate, and no routing information for this port can be exported.
WARNING: [Route 35-198] Port "ADC_DATA[53]" does not have an associated HD.PARTPIN_LOCS, which will prevent the partial routing of the signal "ADC_DATA[53]". Without this partial route, timing analysis to/from this port will not be accurate, and no routing information for this port can be exported.
WARNING: [Route 35-198] Port "ADC_DATA[141]" does not have an associated HD.PARTPIN_LOCS, which will prevent the partial routing of the signal "ADC_DATA[141]". Without this partial route, timing analysis to/from this port will not be accurate, and no routing information for this port can be exported.
WARNING: [Route 35-198] Port "ADC_DATA[140]" does not have an associated HD.PARTPIN_LOCS, which will prevent the partial routing of the signal "ADC_DATA[140]". Without this partial route, timing analysis to/from this port will not be accurate, and no routing information for this port can be exported.
WARNING: [Route 35-198] Port "ADC_DATA[139]" does not have an associated HD.PARTPIN_LOCS, which will prevent the partial routing of the signal "ADC_DATA[139]". Without this partial route, timing analysis to/from this port will not be accurate, and no routing information for this port can be exported.
WARNING: [Route 35-198] Port "ADC_DATA[138]" does not have an associated HD.PARTPIN_LOCS, which will prevent the partial routing of the signal "ADC_DATA[138]". Without this partial route, timing analysis to/from this port will not be accurate, and no routing information for this port can be exported.
WARNING: [Route 35-198] Port "ADC_DATA[137]" does not have an associated HD.PARTPIN_LOCS, which will prevent the partial routing of the signal "ADC_DATA[137]". Without this partial route, timing analysis to/from this port will not be accurate, and no routing information for this port can be exported.
WARNING: [Route 35-198] Port "ADC_DATA[136]" does not have an associated HD.PARTPIN_LOCS, which will prevent the partial routing of the signal "ADC_DATA[136]". Without this partial route, timing analysis to/from this port will not be accurate, and no routing information for this port can be exported.
WARNING: [Route 35-198] Port "ADC_DATA[133]" does not have an associated HD.PARTPIN_LOCS, which will prevent the partial routing of the signal "ADC_DATA[133]". Without this partial route, timing analysis to/from this port will not be accurate, and no routing information for this port can be exported.
WARNING: [Route 35-198] Port "ADC_DATA[132]" does not have an associated HD.PARTPIN_LOCS, which will prevent the partial routing of the signal "ADC_DATA[132]". Without this partial route, timing analysis to/from this port will not be accurate, and no routing information for this port can be exported.
WARNING: [Route 35-198] Port "ADC_DATA[59]" does not have an associated HD.PARTPIN_LOCS, which will prevent the partial routing of the signal "ADC_DATA[59]". Without this partial route, timing analysis to/from this port will not be accurate, and no routing information for this port can be exported.
WARNING: [Route 35-198] Port "ADC_DATA[58]" does not have an associated HD.PARTPIN_LOCS, which will prevent the partial routing of the signal "ADC_DATA[58]". Without this partial route, timing analysis to/from this port will not be accurate, and no routing information for this port can be exported.
WARNING: [Route 35-198] Port "ADC_DATA[55]" does not have an associated HD.PARTPIN_LOCS, which will prevent the partial routing of the signal "ADC_DATA[55]". Without this partial route, timing analysis to/from this port will not be accurate, and no routing information for this port can be exported.
WARNING: [Route 35-198] Port "ADC_DATA[52]" does not have an associated HD.PARTPIN_LOCS, which will prevent the partial routing of the signal "ADC_DATA[52]". Without this partial route, timing analysis to/from this port will not be accurate, and no routing information for this port can be exported.
WARNING: [Route 35-198] Port "ADC_DATA[51]" does not have an associated HD.PARTPIN_LOCS, which will prevent the partial routing of the signal "ADC_DATA[51]". Without this partial route, timing analysis to/from this port will not be accurate, and no routing information for this port can be exported.
WARNING: [Route 35-198] Port "ADC_DATA[50]" does not have an associated HD.PARTPIN_LOCS, which will prevent the partial routing of the signal "ADC_DATA[50]". Without this partial route, timing analysis to/from this port will not be accurate, and no routing information for this port can be exported.
WARNING: [Route 35-198] Port "ADC_DATA[49]" does not have an associated HD.PARTPIN_LOCS, which will prevent the partial routing of the signal "ADC_DATA[49]". Without this partial route, timing analysis to/from this port will not be accurate, and no routing information for this port can be exported.
WARNING: [Route 35-198] Port "ADC_DATA[48]" does not have an associated HD.PARTPIN_LOCS, which will prevent the partial routing of the signal "ADC_DATA[48]". Without this partial route, timing analysis to/from this port will not be accurate, and no routing information for this port can be exported.
WARNING: [Route 35-198] Port "ADC_DATA[69]" does not have an associated HD.PARTPIN_LOCS, which will prevent the partial routing of the signal "ADC_DATA[69]". Without this partial route, timing analysis to/from this port will not be accurate, and no routing information for this port can be exported.
WARNING: [Route 35-198] Port "ADC_DATA[68]" does not have an associated HD.PARTPIN_LOCS, which will prevent the partial routing of the signal "ADC_DATA[68]". Without this partial route, timing analysis to/from this port will not be accurate, and no routing information for this port can be exported.
WARNING: [Route 35-198] Port "ADC_DATA[67]" does not have an associated HD.PARTPIN_LOCS, which will prevent the partial routing of the signal "ADC_DATA[67]". Without this partial route, timing analysis to/from this port will not be accurate, and no routing information for this port can be exported.
WARNING: [Route 35-198] Port "ADC_DATA[66]" does not have an associated HD.PARTPIN_LOCS, which will prevent the partial routing of the signal "ADC_DATA[66]". Without this partial route, timing analysis to/from this port will not be accurate, and no routing information for this port can be exported.
WARNING: [Route 35-198] Port "ADC_DATA[65]" does not have an associated HD.PARTPIN_LOCS, which will prevent the partial routing of the signal "ADC_DATA[65]". Without this partial route, timing analysis to/from this port will not be accurate, and no routing information for this port can be exported.
WARNING: [Route 35-198] Port "ADC_DATA[63]" does not have an associated HD.PARTPIN_LOCS, which will prevent the partial routing of the signal "ADC_DATA[63]". Without this partial route, timing analysis to/from this port will not be accurate, and no routing information for this port can be exported.
WARNING: [Route 35-198] Port "ADC_DATA[62]" does not have an associated HD.PARTPIN_LOCS, which will prevent the partial routing of the signal "ADC_DATA[62]". Without this partial route, timing analysis to/from this port will not be accurate, and no routing information for this port can be exported.
WARNING: [Route 35-198] Port "ADC_DATA[61]" does not have an associated HD.PARTPIN_LOCS, which will prevent the partial routing of the signal "ADC_DATA[61]". Without this partial route, timing analysis to/from this port will not be accurate, and no routing information for this port can be exported.
WARNING: [Route 35-198] Port "ADC_DATA[71]" does not have an associated HD.PARTPIN_LOCS, which will prevent the partial routing of the signal "ADC_DATA[71]". Without this partial route, timing analysis to/from this port will not be accurate, and no routing information for this port can be exported.
WARNING: [Route 35-198] Port "ADC_DATA[70]" does not have an associated HD.PARTPIN_LOCS, which will prevent the partial routing of the signal "ADC_DATA[70]". Without this partial route, timing analysis to/from this port will not be accurate, and no routing information for this port can be exported.
INFO: [Common 17-14] Message 'Route 35-198' appears 100 times and further instances of the messages will be disabled. Use the Tcl command set_msg_config to change the current settings.
Post Restoration Checksum: NetGraph: d6d9595 | NumContArr: 37cd584e | Constraints: c0e9e7e3 | Timing: c2a8fa9d
Phase 1 Build RT Design | Checksum: 1c8cdd063

Time (s): cpu = 00:00:34 ; elapsed = 00:00:06 . Memory (MB): peak = 5584.785 ; gain = 0.000 ; free physical = 7362 ; free virtual = 40907

Phase 2 Router Initialization

Phase 2.1 Fix Topology Constraints
Phase 2.1 Fix Topology Constraints | Checksum: 1c8cdd063

Time (s): cpu = 00:00:34 ; elapsed = 00:00:06 . Memory (MB): peak = 5584.785 ; gain = 0.000 ; free physical = 7365 ; free virtual = 40910

Phase 2.2 Pre Route Cleanup
Phase 2.2 Pre Route Cleanup | Checksum: 1c8cdd063

Time (s): cpu = 00:00:34 ; elapsed = 00:00:06 . Memory (MB): peak = 5584.785 ; gain = 0.000 ; free physical = 7357 ; free virtual = 40902

Phase 2.3 Global Clock Net Routing
 Number of Nodes with overlaps = 0
Phase 2.3 Global Clock Net Routing | Checksum: 246c65b68

Time (s): cpu = 00:00:40 ; elapsed = 00:00:09 . Memory (MB): peak = 5584.785 ; gain = 0.000 ; free physical = 7358 ; free virtual = 40905

Phase 2.4 Update Timing
Phase 2.4 Update Timing | Checksum: 21e207d2f

Time (s): cpu = 00:00:57 ; elapsed = 00:00:15 . Memory (MB): peak = 5584.785 ; gain = 0.000 ; free physical = 7382 ; free virtual = 40930
INFO: [Route 35-416] Intermediate Timing Summary | WNS=0.576  | TNS=0.000  | WHS=0.010  | THS=0.000  |


Router Utilization Summary
  Global Vertical Routing Utilization    = 0.0017698 %
  Global Horizontal Routing Utilization  = 0.00223061 %
  Routable Net Status*
  *Does not include unroutable nets such as driverless and loadless.
  Run report_route_status for detailed report.
  Number of Failed Nets               = 108125
    (Failed Nets is the sum of unrouted and partially routed nets)
  Number of Unrouted Nets             = 96856
  Number of Partially Routed Nets     = 11269
  Number of Node Overlaps             = 171

Phase 2 Router Initialization | Checksum: 25b6a83fc

Time (s): cpu = 00:01:26 ; elapsed = 00:00:25 . Memory (MB): peak = 5584.785 ; gain = 0.000 ; free physical = 7375 ; free virtual = 40924

Phase 3 Initial Routing

Phase 3.1 Global Routing
Phase 3.1 Global Routing | Checksum: 25b6a83fc

Time (s): cpu = 00:01:26 ; elapsed = 00:00:25 . Memory (MB): peak = 5584.785 ; gain = 0.000 ; free physical = 7375 ; free virtual = 40924

Phase 3.2 Initial Net Routing
Phase 3.2 Initial Net Routing | Checksum: 1cd712ac4

Time (s): cpu = 00:01:53 ; elapsed = 00:00:35 . Memory (MB): peak = 5584.785 ; gain = 0.000 ; free physical = 7427 ; free virtual = 40969
Phase 3 Initial Routing | Checksum: 2759a63fb

Time (s): cpu = 00:01:55 ; elapsed = 00:00:36 . Memory (MB): peak = 5584.785 ; gain = 0.000 ; free physical = 7412 ; free virtual = 40954

Phase 4 Rip-up And Reroute

Phase 4.1 Global Iteration 0
 Number of Nodes with overlaps = 19730
 Number of Nodes with overlaps = 2035
 Number of Nodes with overlaps = 251
 Number of Nodes with overlaps = 57
 Number of Nodes with overlaps = 22
 Number of Nodes with overlaps = 13
 Number of Nodes with overlaps = 8
 Number of Nodes with overlaps = 7
 Number of Nodes with overlaps = 7
 Number of Nodes with overlaps = 5
 Number of Nodes with overlaps = 3
 Number of Nodes with overlaps = 3
 Number of Nodes with overlaps = 2
 Number of Nodes with overlaps = 2
 Number of Nodes with overlaps = 1
 Number of Nodes with overlaps = 1
 Number of Nodes with overlaps = 0
INFO: [Route 35-416] Intermediate Timing Summary | WNS=0.175  | TNS=0.000  | WHS=0.007  | THS=0.000  |

Phase 4.1 Global Iteration 0 | Checksum: 2f41efb90

Time (s): cpu = 00:04:27 ; elapsed = 00:01:39 . Memory (MB): peak = 5584.785 ; gain = 0.000 ; free physical = 7328 ; free virtual = 40921

Phase 4.2 Additional Iteration for Hold
Phase 4.2 Additional Iteration for Hold | Checksum: 3029c6066

Time (s): cpu = 00:04:28 ; elapsed = 00:01:39 . Memory (MB): peak = 5584.785 ; gain = 0.000 ; free physical = 7328 ; free virtual = 40921
Phase 4 Rip-up And Reroute | Checksum: 3029c6066

Time (s): cpu = 00:04:28 ; elapsed = 00:01:39 . Memory (MB): peak = 5584.785 ; gain = 0.000 ; free physical = 7328 ; free virtual = 40921

Phase 5 Delay and Skew Optimization

Phase 5.1 Delay CleanUp
Phase 5.1 Delay CleanUp | Checksum: 3029c6066

Time (s): cpu = 00:04:29 ; elapsed = 00:01:39 . Memory (MB): peak = 5584.785 ; gain = 0.000 ; free physical = 7328 ; free virtual = 40921

Phase 5.2 Clock Skew Optimization
Phase 5.2 Clock Skew Optimization | Checksum: 3029c6066

Time (s): cpu = 00:04:29 ; elapsed = 00:01:39 . Memory (MB): peak = 5584.785 ; gain = 0.000 ; free physical = 7328 ; free virtual = 40921
Phase 5 Delay and Skew Optimization | Checksum: 3029c6066

Time (s): cpu = 00:04:30 ; elapsed = 00:01:39 . Memory (MB): peak = 5584.785 ; gain = 0.000 ; free physical = 7328 ; free virtual = 40921

Phase 6 Post Hold Fix

Phase 6.1 Hold Fix Iter

Phase 6.1.1 Update Timing
Phase 6.1.1 Update Timing | Checksum: 2d38e8e92

Time (s): cpu = 00:04:45 ; elapsed = 00:01:43 . Memory (MB): peak = 5584.785 ; gain = 0.000 ; free physical = 7330 ; free virtual = 40924
INFO: [Route 35-416] Intermediate Timing Summary | WNS=0.175  | TNS=0.000  | WHS=0.007  | THS=0.000  |

Phase 6.1 Hold Fix Iter | Checksum: 29321287b

Time (s): cpu = 00:04:45 ; elapsed = 00:01:43 . Memory (MB): peak = 5584.785 ; gain = 0.000 ; free physical = 7330 ; free virtual = 40924
Phase 6 Post Hold Fix | Checksum: 29321287b

Time (s): cpu = 00:04:45 ; elapsed = 00:01:43 . Memory (MB): peak = 5584.785 ; gain = 0.000 ; free physical = 7330 ; free virtual = 40924

Phase 7 Leaf Clock Prog Delay Opt
Phase 7 Leaf Clock Prog Delay Opt | Checksum: 322b88fe8

Time (s): cpu = 00:05:01 ; elapsed = 00:01:46 . Memory (MB): peak = 5584.785 ; gain = 0.000 ; free physical = 7333 ; free virtual = 40926

Phase 8 Route finalize

Router Utilization Summary
  Global Vertical Routing Utilization    = 7.30519 %
  Global Horizontal Routing Utilization  = 9.34928 %
  Routable Net Status*
  *Does not include unroutable nets such as driverless and loadless.
  Run report_route_status for detailed report.
  Number of Failed Nets               = 0
    (Failed Nets is the sum of unrouted and partially routed nets)
  Number of Unrouted Nets             = 0
  Number of Partially Routed Nets     = 0
  Number of Node Overlaps             = 0

Phase 8 Route finalize | Checksum: 322b88fe8

Time (s): cpu = 00:05:03 ; elapsed = 00:01:46 . Memory (MB): peak = 5584.785 ; gain = 0.000 ; free physical = 7333 ; free virtual = 40926

Phase 9 Verifying routed nets

 Verification completed successfully
Phase 9 Verifying routed nets | Checksum: 322b88fe8

Time (s): cpu = 00:05:03 ; elapsed = 00:01:46 . Memory (MB): peak = 5584.785 ; gain = 0.000 ; free physical = 7332 ; free virtual = 40926

Phase 10 Depositing Routes
Phase 10 Depositing Routes | Checksum: 322b88fe8

Time (s): cpu = 00:05:09 ; elapsed = 00:01:50 . Memory (MB): peak = 5584.785 ; gain = 0.000 ; free physical = 7333 ; free virtual = 40927

Phase 11 Resolve XTalk
Phase 11 Resolve XTalk | Checksum: 322b88fe8

Time (s): cpu = 00:05:09 ; elapsed = 00:01:50 . Memory (MB): peak = 5584.785 ; gain = 0.000 ; free physical = 7333 ; free virtual = 40927

Phase 12 Post Router Timing
INFO: [Route 35-57] Estimated Timing Summary | WNS=0.175  | TNS=0.000  | WHS=0.007  | THS=0.000  |

INFO: [Route 35-327] The final timing numbers are based on the router estimated timing analysis. For a complete and accurate timing signoff, please run report_timing_summary.
Phase 12 Post Router Timing | Checksum: 322b88fe8

Time (s): cpu = 00:05:15 ; elapsed = 00:01:51 . Memory (MB): peak = 5584.785 ; gain = 0.000 ; free physical = 7332 ; free virtual = 40927
INFO: [Route 35-16] Router Completed Successfully

Phase 13 Post-Route Event Processing
Phase 13 Post-Route Event Processing | Checksum: 1e721aec4

Time (s): cpu = 00:05:17 ; elapsed = 00:01:53 . Memory (MB): peak = 5584.785 ; gain = 0.000 ; free physical = 7311 ; free virtual = 40906
Ending Routing Task | Checksum: 1e721aec4

Time (s): cpu = 00:05:18 ; elapsed = 00:01:54 . Memory (MB): peak = 5584.785 ; gain = 0.000 ; free physical = 7313 ; free virtual = 40908

Routing Is Done.
INFO: [Common 17-83] Releasing license: Implementation
104 Infos, 104 Warnings, 0 Critical Warnings and 0 Errors encountered.
route_design completed successfully
route_design: Time (s): cpu = 00:05:26 ; elapsed = 00:01:58 . Memory (MB): peak = 5584.785 ; gain = 64.031 ; free physical = 7314 ; free virtual = 40909
INFO: [Timing 38-480] Writing timing data to binary archive.
Write ShapeDB Complete: Time (s): cpu = 00:00:01 ; elapsed = 00:00:00.22 . Memory (MB): peak = 5584.785 ; gain = 0.000 ; free physical = 7751 ; free virtual = 41382
Wrote PlaceDB: Time (s): cpu = 00:00:09 ; elapsed = 00:00:03 . Memory (MB): peak = 5584.785 ; gain = 0.000 ; free physical = 7210 ; free virtual = 40946
Wrote PulsedLatchDB: Time (s): cpu = 00:00:00 ; elapsed = 00:00:00 . Memory (MB): peak = 5584.785 ; gain = 0.000 ; free physical = 7210 ; free virtual = 40946
Writing XDEF routing.
Writing XDEF routing logical nets.
Writing XDEF routing special nets.
Wrote RouteStorage: Time (s): cpu = 00:00:01 ; elapsed = 00:00:00.82 . Memory (MB): peak = 5584.785 ; gain = 0.000 ; free physical = 7196 ; free virtual = 40953
Wrote Netlist Cache: Time (s): cpu = 00:00:00.06 ; elapsed = 00:00:00.06 . Memory (MB): peak = 5584.785 ; gain = 0.000 ; free physical = 7188 ; free virtual = 40957
Wrote Device Cache: Time (s): cpu = 00:00:00.01 ; elapsed = 00:00:00.01 . Memory (MB): peak = 5584.785 ; gain = 0.000 ; free physical = 7180 ; free virtual = 40951
Write Physdb Complete: Time (s): cpu = 00:00:10 ; elapsed = 00:00:04 . Memory (MB): peak = 5584.785 ; gain = 0.000 ; free physical = 7180 ; free virtual = 40951
INFO: [Common 17-1381] The checkpoint '/home/work1/Works/ai-trigger-hilo-v35.lHAri7/build/hilo-v3-ooc/checkpoints/post_route.dcp' has been generated.
write_checkpoint: Time (s): cpu = 00:00:25 ; elapsed = 00:00:11 . Memory (MB): peak = 5584.785 ; gain = 0.000 ; free physical = 7160 ; free virtual = 40797
Command: report_methodology -file /home/work1/Works/ai-trigger-hilo-v35.lHAri7/build/hilo-v3-ooc/reports/post_route_methodology.rpt
INFO: [Timing 38-35] Done setting XDC timing constraints.
WARNING: [Timing 38-242] The property HD.CLK_SRC of clock port "CLK_ADC" is not set. In out-of-context mode, this prevents timing estimation for clock delay/skew
Resolution: Set the HD.CLK_SRC property of the out-of-context port to the location of the clock buffer instance in the top-level design
WARNING: [Timing 38-242] The property HD.CLK_SRC of clock port "CLK_CNN" is not set. In out-of-context mode, this prevents timing estimation for clock delay/skew
Resolution: Set the HD.CLK_SRC property of the out-of-context port to the location of the clock buffer instance in the top-level design
INFO: [DRC 23-133] Running Methodology with 8 threads
INFO: [Vivado_Tcl 2-1520] The results of Report Methodology are in file /home/work1/Works/ai-trigger-hilo-v35.lHAri7/build/hilo-v3-ooc/reports/post_route_methodology.rpt.
report_methodology completed successfully
report_methodology: Time (s): cpu = 00:01:00 ; elapsed = 00:00:12 . Memory (MB): peak = 5584.785 ; gain = 0.000 ; free physical = 7084 ; free virtual = 40757
INFO: [Timing 38-35] Done setting XDC timing constraints.
INFO: [Timing 38-91] UpdateTimingParams: Speed grade: -2, Temperature grade: E, Delay Type: min_max.
INFO: [Timing 38-191] Multithreading enabled for timing update using a maximum of 8 CPUs
INFO: [Timing 38-91] UpdateTimingParams: Speed grade: -2, Temperature grade: E, Delay Type: max.
INFO: [Timing 38-191] Multithreading enabled for timing update using a maximum of 8 CPUs
INFO: [Timing 38-78] ReportTimingParams: -from_pins  -to_pins  -max_paths 20 -nworst 1 -delay_type max -sort_by slack.
INFO: [Timing 38-91] UpdateTimingParams: Speed grade: -2, Temperature grade: E, Delay Type: max.
INFO: [Timing 38-191] Multithreading enabled for timing update using a maximum of 8 CPUs
INFO: [Timing 38-78] ReportTimingParams: -from_pins  -to_pins  -max_paths 20 -nworst 1 -delay_type max -sort_by slack.
INFO: [Timing 38-91] UpdateTimingParams: Speed grade: -2, Temperature grade: E, Delay Type: max.
INFO: [Timing 38-191] Multithreading enabled for timing update using a maximum of 8 CPUs
WARNING: [Timing 38-164] This design has multiple clocks. Inter clock paths are considered valid unless explicitly excluded by timing constraints such as set_clock_groups or set_false_path.
INFO: [Timing 38-91] UpdateTimingParams: No interconnect No Cell Dly, Speed grade: -2, Temperature grade: E, Delay Type: max.
INFO: [Timing 38-191] Multithreading enabled for timing update using a maximum of 8 CPUs
INFO: [Timing 38-314] The report_cdc command only analyzes and reports clock domain crossing paths where clocks have been defined on both source and destination sides. Ports with no input delay constraint are skipped. Please run check_timing to verify there are no missing clock definitions in your design, nor any unconstrained input port.
INFO: [Timing 38-91] UpdateTimingParams: No interconnect No Cell Dly, Speed grade: -2, Temperature grade: E, Delay Type: max.
INFO: [Timing 38-191] Multithreading enabled for timing update using a maximum of 8 CPUs
INFO: [Timing 38-314] The report_cdc command only analyzes and reports clock domain crossing paths where clocks have been defined on both source and destination sides. Ports with no input delay constraint are skipped. Please run check_timing to verify there are no missing clock definitions in your design, nor any unconstrained input port.
Command: report_drc -file /home/work1/Works/ai-trigger-hilo-v35.lHAri7/build/hilo-v3-ooc/reports/post_route_drc.rpt
INFO: [IP_Flow 19-234] Refreshing IP repositories
INFO: [IP_Flow 19-1704] No user IP repositories specified
INFO: [IP_Flow 19-2313] Loaded Vivado IP repository '/tools/Xilinx/Vivado/2023.2/data/ip'.
INFO: [DRC 23-27] Running DRC with 8 threads
INFO: [Vivado_Tcl 2-168] The results of DRC are in file /home/work1/Works/ai-trigger-hilo-v35.lHAri7/build/hilo-v3-ooc/reports/post_route_drc.rpt.
report_drc completed successfully
INFO: [Timing 38-91] UpdateTimingParams: Speed grade: -2, Temperature grade: E, Delay Type: min_max.
INFO: [Timing 38-191] Multithreading enabled for timing update using a maximum of 8 CPUs
INFO: [Timing 38-35] Done setting XDC timing constraints.
WARNING: [Timing 38-242] The property HD.CLK_SRC of clock port "CLK_ADC" is not set. In out-of-context mode, this prevents timing estimation for clock delay/skew
Resolution: Set the HD.CLK_SRC property of the out-of-context port to the location of the clock buffer instance in the top-level design
WARNING: [Timing 38-242] The property HD.CLK_SRC of clock port "CLK_CNN" is not set. In out-of-context mode, this prevents timing estimation for clock delay/skew
Resolution: Set the HD.CLK_SRC property of the out-of-context port to the location of the clock buffer instance in the top-level design
report_exceptions: Time (s): cpu = 00:00:32 ; elapsed = 00:00:07 . Memory (MB): peak = 5584.785 ; gain = 0.000 ; free physical = 7137 ; free virtual = 40823
INFO: [Timing 38-35] Done setting XDC timing constraints.
Command: report_power -file /home/work1/Works/ai-trigger-hilo-v35.lHAri7/build/hilo-v3-ooc/reports/post_route_power.rpt
Running Vector-less Activity Propagation...

Finished Running Vector-less Activity Propagation
WARNING: [Power 33-332] Found switching activity that implies high-fanout reset nets being asserted for excessive periods of time which may result in inaccurate power analysis.
Resolution: To review and fix problems, please run Power Constraints Advisor in the GUI from Tools > Power Constraints Advisor or run report_power with the -advisory option to generate a text report.
135 Infos, 110 Warnings, 0 Critical Warnings and 0 Errors encountered.
report_power completed successfully
report_power: Time (s): cpu = 00:00:29 ; elapsed = 00:00:08 . Memory (MB): peak = 5608.797 ; gain = 24.012 ; free physical = 7195 ; free virtual = 40886
## puts "INFO: build complete"
INFO: build complete
## puts "INFO: reports     = $rpt_dir"
INFO: reports     = /home/work1/Works/ai-trigger-hilo-v35.lHAri7/build/hilo-v3-ooc/reports
## puts "INFO: checkpoints = $dcp_dir"
INFO: checkpoints = /home/work1/Works/ai-trigger-hilo-v35.lHAri7/build/hilo-v3-ooc/checkpoints
# exit
INFO: [Common 17-206] Exiting Vivado at Sat Sep 19 04:35:11 2026...
