Copyright 1986-2022 Xilinx, Inc. All Rights Reserved. Copyright 2022-2023 Advanced Micro Devices, Inc. All Rights Reserved.
--------------------------------------------------------------------------------------------------------------------------------------------------------------------------------------------------------------------------
| Tool Version      : Vivado v.2023.2 (lin64) Build 4029153 Fri Oct 13 20:13:54 MDT 2023
| Date              : Sat Sep 19 04:34:48 2026
| Host              : AlbertsUbuntu running 64-bit Ubuntu 22.04.5 LTS
| Command           : report_timing -from [get_clocks CLK_ADC] -to [get_clocks CLK_ADC] -max_paths 20 -nworst 1 -file /home/work1/Works/ai-trigger-hilo-v35.lHAri7/build/hilo-v3-ooc/reports/post_route_CLK_ADC_setup.rpt
| Design            : AI_TRIGGER_TOP
| Device            : xcku5p-ffvb676
| Speed File        : -2  PRODUCTION 1.29 05-01-2022
| Design State      : Routed
| Temperature Grade : E
--------------------------------------------------------------------------------------------------------------------------------------------------------------------------------------------------------------------------

Timing Report

Slack (MET) :             0.311ns  (required time - arrival time)
  Source:                 u_CORE/u_MULTIMODE_PATH/u_RECORDER/active_request_r_reg[start_address][beat_offset][3]/C
                            (rising edge-triggered cell FDRE clocked by CLK_ADC  {rise@0.000ns fall@2.000ns period=4.000ns})
  Destination:            u_CORE/u_MULTIMODE_PATH/u_GATED_READER/FSM_sequential_state_r_reg[1]/CE
                            (rising edge-triggered cell FDRE clocked by CLK_ADC  {rise@0.000ns fall@2.000ns period=4.000ns})
  Path Group:             CLK_ADC
  Path Type:              Setup (Max at Slow Process Corner)
  Requirement:            4.000ns  (CLK_ADC rise@4.000ns - CLK_ADC rise@0.000ns)
  Data Path Delay:        3.584ns  (logic 1.388ns (38.732%)  route 2.196ns (61.268%))
  Logic Levels:           13  (CARRY8=1 LUT2=2 LUT3=1 LUT4=2 LUT5=2 LUT6=4 RAMD64E=1)
  Clock Path Skew:        -0.009ns (DCD - SCD + CPR)
    Destination Clock Delay (DCD):    0.021ns = ( 4.021 - 4.000 ) 
    Source Clock Delay      (SCD):    0.030ns
    Clock Pessimism Removal (CPR):    0.000ns
  Clock Uncertainty:      0.035ns  ((TSJ^2 + TIJ^2)^1/2 + DJ) / 2 + PE
    Total System Jitter     (TSJ):    0.071ns
    Total Input Jitter      (TIJ):    0.000ns
    Discrete Jitter          (DJ):    0.000ns
    Phase Error              (PE):    0.000ns

    Location             Delay type                Incr(ns)  Path(ns)    Netlist Resource(s)
  -------------------------------------------------------------------    -------------------
                         (clock CLK_ADC rise edge)    0.000     0.000 r  
                                                      0.000     0.000 r  CLK_ADC (IN)
                         net (fo=3236, unset)         0.030     0.030    u_CORE/u_MULTIMODE_PATH/u_RECORDER/CLK
    SLICE_X66Y165        FDRE                                         r  u_CORE/u_MULTIMODE_PATH/u_RECORDER/active_request_r_reg[start_address][beat_offset][3]/C
  -------------------------------------------------------------------    -------------------
    SLICE_X66Y165        FDRE (Prop_DFF_SLICEM_C_Q)
                                                      0.078     0.108 r  u_CORE/u_MULTIMODE_PATH/u_RECORDER/active_request_r_reg[start_address][beat_offset][3]/Q
                         net (fo=5, routed)           0.150     0.258    u_CORE/u_MULTIMODE_PATH/u_RECORDER/active_request_r_reg[start_address][beat_offset_n_3_][3]
    SLICE_X66Y166        LUT2 (Prop_G6LUT_SLICEM_I1_O)
                                                      0.090     0.348 r  u_CORE/u_MULTIMODE_PATH/u_RECORDER/CHECK_START_OFFSET[3]_INST_0/O
                         net (fo=1, routed)           0.093     0.441    u_CORE/u_MULTIMODE_PATH/u_RING_ARBITER/EVENT_CHECK_OFFSET[3]
    SLICE_X65Y166        LUT3 (Prop_G6LUT_SLICEL_I0_O)
                                                      0.050     0.491 r  u_CORE/u_MULTIMODE_PATH/u_RING_ARBITER/SHARED_CHECK_OFFSET[3]_INST_0/O
                         net (fo=2, routed)           0.208     0.699    u_CORE/u_MULTIMODE_PATH/u_RING/CHECK_START_OFFSET[3]
    SLICE_X65Y168        CARRY8 (Prop_CARRY8_SLICEL_DI[2]_O[5])
                                                      0.180     0.879 r  u_CORE/u_MULTIMODE_PATH/u_RING/tag_mem_reg_r2_0_63_0_6_i_2/O[5]
                         net (fo=39, routed)          0.284     1.163    u_CORE/u_MULTIMODE_PATH/u_RING/tag_mem_reg_r2_0_63_0_6/ADDRD0
    SLICE_X66Y169        RAMD64E (Prop_D6LUT_SLICEM_RADR0_O)
                                                      0.145     1.308 r  u_CORE/u_MULTIMODE_PATH/u_RING/tag_mem_reg_r2_0_63_0_6/RAMD/O
                         net (fo=1, routed)           0.105     1.413    u_CORE/u_MULTIMODE_PATH/u_RING/CHECK_PRESENT2[3]
    SLICE_X66Y171        LUT4 (Prop_D6LUT_SLICEM_I2_O)
                                                      0.145     1.558 r  u_CORE/u_MULTIMODE_PATH/u_RING/CHECK_PRESENT_INST_0_i_24/O
                         net (fo=2, routed)           0.055     1.613    u_CORE/u_MULTIMODE_PATH/u_RING/CHECK_PRESENT_INST_0_i_24_n_3
    SLICE_X66Y171        LUT5 (Prop_B6LUT_SLICEM_I4_O)
                                                      0.125     1.738 r  u_CORE/u_MULTIMODE_PATH/u_RING/CHECK_PRESENT_INST_0_i_8/O
                         net (fo=1, routed)           0.175     1.913    u_CORE/u_MULTIMODE_PATH/u_RING/CHECK_PRESENT_INST_0_i_8_n_3
    SLICE_X67Y171        LUT6 (Prop_G6LUT_SLICEM_I4_O)
                                                      0.090     2.003 r  u_CORE/u_MULTIMODE_PATH/u_RING/CHECK_PRESENT_INST_0_i_2/O
                         net (fo=2, routed)           0.254     2.257    u_CORE/u_MULTIMODE_PATH/u_RING/CHECK_PRESENT_INST_0_i_2_n_3
    SLICE_X68Y165        LUT6 (Prop_E6LUT_SLICEL_I3_O)
                                                      0.090     2.347 f  u_CORE/u_MULTIMODE_PATH/u_RING/CHECK_PROTECTED_INST_0/O
                         net (fo=2, routed)           0.136     2.483    u_CORE/u_MULTIMODE_PATH/u_RING_ARBITER/SHARED_CHECK_PROTECTED
    SLICE_X68Y164        LUT2 (Prop_F5LUT_SLICEL_I1_O)
                                                      0.074     2.557 f  u_CORE/u_MULTIMODE_PATH/u_RING_ARBITER/EVENT_CHECK_PROTECTED_INST_0/O
                         net (fo=2, routed)           0.124     2.681    u_CORE/u_MULTIMODE_PATH/u_RECORDER/CHECK_PROTECTED
    SLICE_X68Y164        LUT5 (Prop_E6LUT_SLICEL_I0_O)
                                                      0.099     2.780 f  u_CORE/u_MULTIMODE_PATH/u_RECORDER/RING_REQUEST_INST_0/O
                         net (fo=9, routed)           0.159     2.939    u_CORE/u_MULTIMODE_PATH/u_RING_ARBITER/EVENT_REQUEST
    SLICE_X68Y164        LUT4 (Prop_B6LUT_SLICEL_I2_O)
                                                      0.036     2.975 r  u_CORE/u_MULTIMODE_PATH/u_RING_ARBITER/GATED_GRANT_INST_0/O
                         net (fo=1, routed)           0.088     3.063    u_CORE/u_MULTIMODE_PATH/u_GATED_READER/RING_GRANT
    SLICE_X68Y164        LUT6 (Prop_C6LUT_SLICEL_I0_O)
                                                      0.096     3.159 r  u_CORE/u_MULTIMODE_PATH/u_GATED_READER/rb_rd_en_r_i_2/O
                         net (fo=4, routed)           0.199     3.358    u_CORE/u_MULTIMODE_PATH/u_GATED_READER/rb_rd_en_r_i_2_n_3
    SLICE_X66Y164        LUT6 (Prop_G6LUT_SLICEM_I4_O)
                                                      0.090     3.448 r  u_CORE/u_MULTIMODE_PATH/u_GATED_READER/FSM_sequential_state_r[1]_i_1/O
                         net (fo=2, routed)           0.166     3.614    u_CORE/u_MULTIMODE_PATH/u_GATED_READER/FSM_sequential_state_r[1]_i_1_n_3
    SLICE_X66Y164        FDRE                                         r  u_CORE/u_MULTIMODE_PATH/u_GATED_READER/FSM_sequential_state_r_reg[1]/CE
  -------------------------------------------------------------------    -------------------

                         (clock CLK_ADC rise edge)    4.000     4.000 r  
                                                      0.000     4.000 r  CLK_ADC (IN)
                         net (fo=3236, unset)         0.021     4.021    u_CORE/u_MULTIMODE_PATH/u_GATED_READER/CLK
    SLICE_X66Y164        FDRE                                         r  u_CORE/u_MULTIMODE_PATH/u_GATED_READER/FSM_sequential_state_r_reg[1]/C
                         clock pessimism              0.000     4.021    
                         clock uncertainty           -0.035     3.986    
    SLICE_X66Y164        FDRE (Setup_HFF2_SLICEM_C_CE)
                                                     -0.061     3.925    u_CORE/u_MULTIMODE_PATH/u_GATED_READER/FSM_sequential_state_r_reg[1]
  -------------------------------------------------------------------
                         required time                          3.925    
                         arrival time                          -3.614    
  -------------------------------------------------------------------
                         slack                                  0.311    

Slack (MET) :             0.313ns  (required time - arrival time)
  Source:                 u_CORE/u_MULTIMODE_PATH/u_RECORDER/active_request_r_reg[start_address][beat_offset][3]/C
                            (rising edge-triggered cell FDRE clocked by CLK_ADC  {rise@0.000ns fall@2.000ns period=4.000ns})
  Destination:            u_CORE/u_MULTIMODE_PATH/u_GATED_READER/FSM_sequential_state_r_reg[0]/CE
                            (rising edge-triggered cell FDRE clocked by CLK_ADC  {rise@0.000ns fall@2.000ns period=4.000ns})
  Path Group:             CLK_ADC
  Path Type:              Setup (Max at Slow Process Corner)
  Requirement:            4.000ns  (CLK_ADC rise@4.000ns - CLK_ADC rise@0.000ns)
  Data Path Delay:        3.582ns  (logic 1.388ns (38.754%)  route 2.194ns (61.246%))
  Logic Levels:           13  (CARRY8=1 LUT2=2 LUT3=1 LUT4=2 LUT5=2 LUT6=4 RAMD64E=1)
  Clock Path Skew:        -0.009ns (DCD - SCD + CPR)
    Destination Clock Delay (DCD):    0.021ns = ( 4.021 - 4.000 ) 
    Source Clock Delay      (SCD):    0.030ns
    Clock Pessimism Removal (CPR):    0.000ns
  Clock Uncertainty:      0.035ns  ((TSJ^2 + TIJ^2)^1/2 + DJ) / 2 + PE
    Total System Jitter     (TSJ):    0.071ns
    Total Input Jitter      (TIJ):    0.000ns
    Discrete Jitter          (DJ):    0.000ns
    Phase Error              (PE):    0.000ns

    Location             Delay type                Incr(ns)  Path(ns)    Netlist Resource(s)
  -------------------------------------------------------------------    -------------------
                         (clock CLK_ADC rise edge)    0.000     0.000 r  
                                                      0.000     0.000 r  CLK_ADC (IN)
                         net (fo=3236, unset)         0.030     0.030    u_CORE/u_MULTIMODE_PATH/u_RECORDER/CLK
    SLICE_X66Y165        FDRE                                         r  u_CORE/u_MULTIMODE_PATH/u_RECORDER/active_request_r_reg[start_address][beat_offset][3]/C
  -------------------------------------------------------------------    -------------------
    SLICE_X66Y165        FDRE (Prop_DFF_SLICEM_C_Q)
                                                      0.078     0.108 r  u_CORE/u_MULTIMODE_PATH/u_RECORDER/active_request_r_reg[start_address][beat_offset][3]/Q
                         net (fo=5, routed)           0.150     0.258    u_CORE/u_MULTIMODE_PATH/u_RECORDER/active_request_r_reg[start_address][beat_offset_n_3_][3]
    SLICE_X66Y166        LUT2 (Prop_G6LUT_SLICEM_I1_O)
                                                      0.090     0.348 r  u_CORE/u_MULTIMODE_PATH/u_RECORDER/CHECK_START_OFFSET[3]_INST_0/O
                         net (fo=1, routed)           0.093     0.441    u_CORE/u_MULTIMODE_PATH/u_RING_ARBITER/EVENT_CHECK_OFFSET[3]
    SLICE_X65Y166        LUT3 (Prop_G6LUT_SLICEL_I0_O)
                                                      0.050     0.491 r  u_CORE/u_MULTIMODE_PATH/u_RING_ARBITER/SHARED_CHECK_OFFSET[3]_INST_0/O
                         net (fo=2, routed)           0.208     0.699    u_CORE/u_MULTIMODE_PATH/u_RING/CHECK_START_OFFSET[3]
    SLICE_X65Y168        CARRY8 (Prop_CARRY8_SLICEL_DI[2]_O[5])
                                                      0.180     0.879 r  u_CORE/u_MULTIMODE_PATH/u_RING/tag_mem_reg_r2_0_63_0_6_i_2/O[5]
                         net (fo=39, routed)          0.284     1.163    u_CORE/u_MULTIMODE_PATH/u_RING/tag_mem_reg_r2_0_63_0_6/ADDRD0
    SLICE_X66Y169        RAMD64E (Prop_D6LUT_SLICEM_RADR0_O)
                                                      0.145     1.308 r  u_CORE/u_MULTIMODE_PATH/u_RING/tag_mem_reg_r2_0_63_0_6/RAMD/O
                         net (fo=1, routed)           0.105     1.413    u_CORE/u_MULTIMODE_PATH/u_RING/CHECK_PRESENT2[3]
    SLICE_X66Y171        LUT4 (Prop_D6LUT_SLICEM_I2_O)
                                                      0.145     1.558 r  u_CORE/u_MULTIMODE_PATH/u_RING/CHECK_PRESENT_INST_0_i_24/O
                         net (fo=2, routed)           0.055     1.613    u_CORE/u_MULTIMODE_PATH/u_RING/CHECK_PRESENT_INST_0_i_24_n_3
    SLICE_X66Y171        LUT5 (Prop_B6LUT_SLICEM_I4_O)
                                                      0.125     1.738 r  u_CORE/u_MULTIMODE_PATH/u_RING/CHECK_PRESENT_INST_0_i_8/O
                         net (fo=1, routed)           0.175     1.913    u_CORE/u_MULTIMODE_PATH/u_RING/CHECK_PRESENT_INST_0_i_8_n_3
    SLICE_X67Y171        LUT6 (Prop_G6LUT_SLICEM_I4_O)
                                                      0.090     2.003 r  u_CORE/u_MULTIMODE_PATH/u_RING/CHECK_PRESENT_INST_0_i_2/O
                         net (fo=2, routed)           0.254     2.257    u_CORE/u_MULTIMODE_PATH/u_RING/CHECK_PRESENT_INST_0_i_2_n_3
    SLICE_X68Y165        LUT6 (Prop_E6LUT_SLICEL_I3_O)
                                                      0.090     2.347 f  u_CORE/u_MULTIMODE_PATH/u_RING/CHECK_PROTECTED_INST_0/O
                         net (fo=2, routed)           0.136     2.483    u_CORE/u_MULTIMODE_PATH/u_RING_ARBITER/SHARED_CHECK_PROTECTED
    SLICE_X68Y164        LUT2 (Prop_F5LUT_SLICEL_I1_O)
                                                      0.074     2.557 f  u_CORE/u_MULTIMODE_PATH/u_RING_ARBITER/EVENT_CHECK_PROTECTED_INST_0/O
                         net (fo=2, routed)           0.124     2.681    u_CORE/u_MULTIMODE_PATH/u_RECORDER/CHECK_PROTECTED
    SLICE_X68Y164        LUT5 (Prop_E6LUT_SLICEL_I0_O)
                                                      0.099     2.780 f  u_CORE/u_MULTIMODE_PATH/u_RECORDER/RING_REQUEST_INST_0/O
                         net (fo=9, routed)           0.159     2.939    u_CORE/u_MULTIMODE_PATH/u_RING_ARBITER/EVENT_REQUEST
    SLICE_X68Y164        LUT4 (Prop_B6LUT_SLICEL_I2_O)
                                                      0.036     2.975 r  u_CORE/u_MULTIMODE_PATH/u_RING_ARBITER/GATED_GRANT_INST_0/O
                         net (fo=1, routed)           0.088     3.063    u_CORE/u_MULTIMODE_PATH/u_GATED_READER/RING_GRANT
    SLICE_X68Y164        LUT6 (Prop_C6LUT_SLICEL_I0_O)
                                                      0.096     3.159 r  u_CORE/u_MULTIMODE_PATH/u_GATED_READER/rb_rd_en_r_i_2/O
                         net (fo=4, routed)           0.199     3.358    u_CORE/u_MULTIMODE_PATH/u_GATED_READER/rb_rd_en_r_i_2_n_3
    SLICE_X66Y164        LUT6 (Prop_G6LUT_SLICEM_I4_O)
                                                      0.090     3.448 r  u_CORE/u_MULTIMODE_PATH/u_GATED_READER/FSM_sequential_state_r[1]_i_1/O
                         net (fo=2, routed)           0.164     3.612    u_CORE/u_MULTIMODE_PATH/u_GATED_READER/FSM_sequential_state_r[1]_i_1_n_3
    SLICE_X66Y164        FDRE                                         r  u_CORE/u_MULTIMODE_PATH/u_GATED_READER/FSM_sequential_state_r_reg[0]/CE
  -------------------------------------------------------------------    -------------------

                         (clock CLK_ADC rise edge)    4.000     4.000 r  
                                                      0.000     4.000 r  CLK_ADC (IN)
                         net (fo=3236, unset)         0.021     4.021    u_CORE/u_MULTIMODE_PATH/u_GATED_READER/CLK
    SLICE_X66Y164        FDRE                                         r  u_CORE/u_MULTIMODE_PATH/u_GATED_READER/FSM_sequential_state_r_reg[0]/C
                         clock pessimism              0.000     4.021    
                         clock uncertainty           -0.035     3.986    
    SLICE_X66Y164        FDRE (Setup_EFF_SLICEM_C_CE)
                                                     -0.061     3.925    u_CORE/u_MULTIMODE_PATH/u_GATED_READER/FSM_sequential_state_r_reg[0]
  -------------------------------------------------------------------
                         required time                          3.925    
                         arrival time                          -3.612    
  -------------------------------------------------------------------
                         slack                                  0.313    

Slack (MET) :             0.348ns  (required time - arrival time)
  Source:                 u_CORE/u_MULTIMODE_PATH/u_RECORDER/active_request_r_reg[start_address][beat_offset][3]/C
                            (rising edge-triggered cell FDRE clocked by CLK_ADC  {rise@0.000ns fall@2.000ns period=4.000ns})
  Destination:            u_CORE/u_MULTIMODE_PATH/u_GATED_READER/rb_rd_batch_idx_r_reg[4]/CE
                            (rising edge-triggered cell FDRE clocked by CLK_ADC  {rise@0.000ns fall@2.000ns period=4.000ns})
  Path Group:             CLK_ADC
  Path Type:              Setup (Max at Slow Process Corner)
  Requirement:            4.000ns  (CLK_ADC rise@4.000ns - CLK_ADC rise@0.000ns)
  Data Path Delay:        3.546ns  (logic 1.397ns (39.394%)  route 2.149ns (60.606%))
  Logic Levels:           13  (CARRY8=1 LUT2=2 LUT3=1 LUT4=2 LUT5=2 LUT6=4 RAMD64E=1)
  Clock Path Skew:        -0.009ns (DCD - SCD + CPR)
    Destination Clock Delay (DCD):    0.021ns = ( 4.021 - 4.000 ) 
    Source Clock Delay      (SCD):    0.030ns
    Clock Pessimism Removal (CPR):    0.000ns
  Clock Uncertainty:      0.035ns  ((TSJ^2 + TIJ^2)^1/2 + DJ) / 2 + PE
    Total System Jitter     (TSJ):    0.071ns
    Total Input Jitter      (TIJ):    0.000ns
    Discrete Jitter          (DJ):    0.000ns
    Phase Error              (PE):    0.000ns

    Location             Delay type                Incr(ns)  Path(ns)    Netlist Resource(s)
  -------------------------------------------------------------------    -------------------
                         (clock CLK_ADC rise edge)    0.000     0.000 r  
                                                      0.000     0.000 r  CLK_ADC (IN)
                         net (fo=3236, unset)         0.030     0.030    u_CORE/u_MULTIMODE_PATH/u_RECORDER/CLK
    SLICE_X66Y165        FDRE                                         r  u_CORE/u_MULTIMODE_PATH/u_RECORDER/active_request_r_reg[start_address][beat_offset][3]/C
  -------------------------------------------------------------------    -------------------
    SLICE_X66Y165        FDRE (Prop_DFF_SLICEM_C_Q)
                                                      0.078     0.108 r  u_CORE/u_MULTIMODE_PATH/u_RECORDER/active_request_r_reg[start_address][beat_offset][3]/Q
                         net (fo=5, routed)           0.150     0.258    u_CORE/u_MULTIMODE_PATH/u_RECORDER/active_request_r_reg[start_address][beat_offset_n_3_][3]
    SLICE_X66Y166        LUT2 (Prop_G6LUT_SLICEM_I1_O)
                                                      0.090     0.348 r  u_CORE/u_MULTIMODE_PATH/u_RECORDER/CHECK_START_OFFSET[3]_INST_0/O
                         net (fo=1, routed)           0.093     0.441    u_CORE/u_MULTIMODE_PATH/u_RING_ARBITER/EVENT_CHECK_OFFSET[3]
    SLICE_X65Y166        LUT3 (Prop_G6LUT_SLICEL_I0_O)
                                                      0.050     0.491 r  u_CORE/u_MULTIMODE_PATH/u_RING_ARBITER/SHARED_CHECK_OFFSET[3]_INST_0/O
                         net (fo=2, routed)           0.208     0.699    u_CORE/u_MULTIMODE_PATH/u_RING/CHECK_START_OFFSET[3]
    SLICE_X65Y168        CARRY8 (Prop_CARRY8_SLICEL_DI[2]_O[5])
                                                      0.180     0.879 r  u_CORE/u_MULTIMODE_PATH/u_RING/tag_mem_reg_r2_0_63_0_6_i_2/O[5]
                         net (fo=39, routed)          0.284     1.163    u_CORE/u_MULTIMODE_PATH/u_RING/tag_mem_reg_r2_0_63_0_6/ADDRD0
    SLICE_X66Y169        RAMD64E (Prop_D6LUT_SLICEM_RADR0_O)
                                                      0.145     1.308 r  u_CORE/u_MULTIMODE_PATH/u_RING/tag_mem_reg_r2_0_63_0_6/RAMD/O
                         net (fo=1, routed)           0.105     1.413    u_CORE/u_MULTIMODE_PATH/u_RING/CHECK_PRESENT2[3]
    SLICE_X66Y171        LUT4 (Prop_D6LUT_SLICEM_I2_O)
                                                      0.145     1.558 r  u_CORE/u_MULTIMODE_PATH/u_RING/CHECK_PRESENT_INST_0_i_24/O
                         net (fo=2, routed)           0.055     1.613    u_CORE/u_MULTIMODE_PATH/u_RING/CHECK_PRESENT_INST_0_i_24_n_3
    SLICE_X66Y171        LUT5 (Prop_B6LUT_SLICEM_I4_O)
                                                      0.125     1.738 r  u_CORE/u_MULTIMODE_PATH/u_RING/CHECK_PRESENT_INST_0_i_8/O
                         net (fo=1, routed)           0.175     1.913    u_CORE/u_MULTIMODE_PATH/u_RING/CHECK_PRESENT_INST_0_i_8_n_3
    SLICE_X67Y171        LUT6 (Prop_G6LUT_SLICEM_I4_O)
                                                      0.090     2.003 r  u_CORE/u_MULTIMODE_PATH/u_RING/CHECK_PRESENT_INST_0_i_2/O
                         net (fo=2, routed)           0.254     2.257    u_CORE/u_MULTIMODE_PATH/u_RING/CHECK_PRESENT_INST_0_i_2_n_3
    SLICE_X68Y165        LUT6 (Prop_E6LUT_SLICEL_I3_O)
                                                      0.090     2.347 f  u_CORE/u_MULTIMODE_PATH/u_RING/CHECK_PROTECTED_INST_0/O
                         net (fo=2, routed)           0.136     2.483    u_CORE/u_MULTIMODE_PATH/u_RING_ARBITER/SHARED_CHECK_PROTECTED
    SLICE_X68Y164        LUT2 (Prop_F5LUT_SLICEL_I1_O)
                                                      0.074     2.557 f  u_CORE/u_MULTIMODE_PATH/u_RING_ARBITER/EVENT_CHECK_PROTECTED_INST_0/O
                         net (fo=2, routed)           0.124     2.681    u_CORE/u_MULTIMODE_PATH/u_RECORDER/CHECK_PROTECTED
    SLICE_X68Y164        LUT5 (Prop_E6LUT_SLICEL_I0_O)
                                                      0.099     2.780 f  u_CORE/u_MULTIMODE_PATH/u_RECORDER/RING_REQUEST_INST_0/O
                         net (fo=9, routed)           0.159     2.939    u_CORE/u_MULTIMODE_PATH/u_RING_ARBITER/EVENT_REQUEST
    SLICE_X68Y164        LUT4 (Prop_B6LUT_SLICEL_I2_O)
                                                      0.036     2.975 r  u_CORE/u_MULTIMODE_PATH/u_RING_ARBITER/GATED_GRANT_INST_0/O
                         net (fo=1, routed)           0.088     3.063    u_CORE/u_MULTIMODE_PATH/u_GATED_READER/RING_GRANT
    SLICE_X68Y164        LUT6 (Prop_C6LUT_SLICEL_I0_O)
                                                      0.096     3.159 r  u_CORE/u_MULTIMODE_PATH/u_GATED_READER/rb_rd_en_r_i_2/O
                         net (fo=4, routed)           0.095     3.254    u_CORE/u_MULTIMODE_PATH/u_GATED_READER/rb_rd_en_r_i_2_n_3
    SLICE_X67Y164        LUT6 (Prop_D6LUT_SLICEM_I0_O)
                                                      0.099     3.353 r  u_CORE/u_MULTIMODE_PATH/u_GATED_READER/rb_rd_en_r_i_1/O
                         net (fo=23, routed)          0.223     3.576    u_CORE/u_MULTIMODE_PATH/u_GATED_READER/rb_rd_en_r
    SLICE_X67Y165        FDRE                                         r  u_CORE/u_MULTIMODE_PATH/u_GATED_READER/rb_rd_batch_idx_r_reg[4]/CE
  -------------------------------------------------------------------    -------------------

                         (clock CLK_ADC rise edge)    4.000     4.000 r  
                                                      0.000     4.000 r  CLK_ADC (IN)
                         net (fo=3236, unset)         0.021     4.021    u_CORE/u_MULTIMODE_PATH/u_GATED_READER/CLK
    SLICE_X67Y165        FDRE                                         r  u_CORE/u_MULTIMODE_PATH/u_GATED_READER/rb_rd_batch_idx_r_reg[4]/C
                         clock pessimism              0.000     4.021    
                         clock uncertainty           -0.035     3.986    
    SLICE_X67Y165        FDRE (Setup_EFF2_SLICEM_C_CE)
                                                     -0.061     3.925    u_CORE/u_MULTIMODE_PATH/u_GATED_READER/rb_rd_batch_idx_r_reg[4]
  -------------------------------------------------------------------
                         required time                          3.925    
                         arrival time                          -3.576    
  -------------------------------------------------------------------
                         slack                                  0.348    

Slack (MET) :             0.349ns  (required time - arrival time)
  Source:                 u_CORE/u_MULTIMODE_PATH/u_RECORDER/active_request_r_reg[start_address][beat_offset][3]/C
                            (rising edge-triggered cell FDRE clocked by CLK_ADC  {rise@0.000ns fall@2.000ns period=4.000ns})
  Destination:            u_CORE/u_MULTIMODE_PATH/u_GATED_READER/rb_rd_batch_idx_r_reg[3]/CE
                            (rising edge-triggered cell FDRE clocked by CLK_ADC  {rise@0.000ns fall@2.000ns period=4.000ns})
  Path Group:             CLK_ADC
  Path Type:              Setup (Max at Slow Process Corner)
  Requirement:            4.000ns  (CLK_ADC rise@4.000ns - CLK_ADC rise@0.000ns)
  Data Path Delay:        3.545ns  (logic 1.397ns (39.405%)  route 2.148ns (60.595%))
  Logic Levels:           13  (CARRY8=1 LUT2=2 LUT3=1 LUT4=2 LUT5=2 LUT6=4 RAMD64E=1)
  Clock Path Skew:        -0.009ns (DCD - SCD + CPR)
    Destination Clock Delay (DCD):    0.021ns = ( 4.021 - 4.000 ) 
    Source Clock Delay      (SCD):    0.030ns
    Clock Pessimism Removal (CPR):    0.000ns
  Clock Uncertainty:      0.035ns  ((TSJ^2 + TIJ^2)^1/2 + DJ) / 2 + PE
    Total System Jitter     (TSJ):    0.071ns
    Total Input Jitter      (TIJ):    0.000ns
    Discrete Jitter          (DJ):    0.000ns
    Phase Error              (PE):    0.000ns

    Location             Delay type                Incr(ns)  Path(ns)    Netlist Resource(s)
  -------------------------------------------------------------------    -------------------
                         (clock CLK_ADC rise edge)    0.000     0.000 r  
                                                      0.000     0.000 r  CLK_ADC (IN)
                         net (fo=3236, unset)         0.030     0.030    u_CORE/u_MULTIMODE_PATH/u_RECORDER/CLK
    SLICE_X66Y165        FDRE                                         r  u_CORE/u_MULTIMODE_PATH/u_RECORDER/active_request_r_reg[start_address][beat_offset][3]/C
  -------------------------------------------------------------------    -------------------
    SLICE_X66Y165        FDRE (Prop_DFF_SLICEM_C_Q)
                                                      0.078     0.108 r  u_CORE/u_MULTIMODE_PATH/u_RECORDER/active_request_r_reg[start_address][beat_offset][3]/Q
                         net (fo=5, routed)           0.150     0.258    u_CORE/u_MULTIMODE_PATH/u_RECORDER/active_request_r_reg[start_address][beat_offset_n_3_][3]
    SLICE_X66Y166        LUT2 (Prop_G6LUT_SLICEM_I1_O)
                                                      0.090     0.348 r  u_CORE/u_MULTIMODE_PATH/u_RECORDER/CHECK_START_OFFSET[3]_INST_0/O
                         net (fo=1, routed)           0.093     0.441    u_CORE/u_MULTIMODE_PATH/u_RING_ARBITER/EVENT_CHECK_OFFSET[3]
    SLICE_X65Y166        LUT3 (Prop_G6LUT_SLICEL_I0_O)
                                                      0.050     0.491 r  u_CORE/u_MULTIMODE_PATH/u_RING_ARBITER/SHARED_CHECK_OFFSET[3]_INST_0/O
                         net (fo=2, routed)           0.208     0.699    u_CORE/u_MULTIMODE_PATH/u_RING/CHECK_START_OFFSET[3]
    SLICE_X65Y168        CARRY8 (Prop_CARRY8_SLICEL_DI[2]_O[5])
                                                      0.180     0.879 r  u_CORE/u_MULTIMODE_PATH/u_RING/tag_mem_reg_r2_0_63_0_6_i_2/O[5]
                         net (fo=39, routed)          0.284     1.163    u_CORE/u_MULTIMODE_PATH/u_RING/tag_mem_reg_r2_0_63_0_6/ADDRD0
    SLICE_X66Y169        RAMD64E (Prop_D6LUT_SLICEM_RADR0_O)
                                                      0.145     1.308 r  u_CORE/u_MULTIMODE_PATH/u_RING/tag_mem_reg_r2_0_63_0_6/RAMD/O
                         net (fo=1, routed)           0.105     1.413    u_CORE/u_MULTIMODE_PATH/u_RING/CHECK_PRESENT2[3]
    SLICE_X66Y171        LUT4 (Prop_D6LUT_SLICEM_I2_O)
                                                      0.145     1.558 r  u_CORE/u_MULTIMODE_PATH/u_RING/CHECK_PRESENT_INST_0_i_24/O
                         net (fo=2, routed)           0.055     1.613    u_CORE/u_MULTIMODE_PATH/u_RING/CHECK_PRESENT_INST_0_i_24_n_3
    SLICE_X66Y171        LUT5 (Prop_B6LUT_SLICEM_I4_O)
                                                      0.125     1.738 r  u_CORE/u_MULTIMODE_PATH/u_RING/CHECK_PRESENT_INST_0_i_8/O
                         net (fo=1, routed)           0.175     1.913    u_CORE/u_MULTIMODE_PATH/u_RING/CHECK_PRESENT_INST_0_i_8_n_3
    SLICE_X67Y171        LUT6 (Prop_G6LUT_SLICEM_I4_O)
                                                      0.090     2.003 r  u_CORE/u_MULTIMODE_PATH/u_RING/CHECK_PRESENT_INST_0_i_2/O
                         net (fo=2, routed)           0.254     2.257    u_CORE/u_MULTIMODE_PATH/u_RING/CHECK_PRESENT_INST_0_i_2_n_3
    SLICE_X68Y165        LUT6 (Prop_E6LUT_SLICEL_I3_O)
                                                      0.090     2.347 f  u_CORE/u_MULTIMODE_PATH/u_RING/CHECK_PROTECTED_INST_0/O
                         net (fo=2, routed)           0.136     2.483    u_CORE/u_MULTIMODE_PATH/u_RING_ARBITER/SHARED_CHECK_PROTECTED
    SLICE_X68Y164        LUT2 (Prop_F5LUT_SLICEL_I1_O)
                                                      0.074     2.557 f  u_CORE/u_MULTIMODE_PATH/u_RING_ARBITER/EVENT_CHECK_PROTECTED_INST_0/O
                         net (fo=2, routed)           0.124     2.681    u_CORE/u_MULTIMODE_PATH/u_RECORDER/CHECK_PROTECTED
    SLICE_X68Y164        LUT5 (Prop_E6LUT_SLICEL_I0_O)
                                                      0.099     2.780 f  u_CORE/u_MULTIMODE_PATH/u_RECORDER/RING_REQUEST_INST_0/O
                         net (fo=9, routed)           0.159     2.939    u_CORE/u_MULTIMODE_PATH/u_RING_ARBITER/EVENT_REQUEST
    SLICE_X68Y164        LUT4 (Prop_B6LUT_SLICEL_I2_O)
                                                      0.036     2.975 r  u_CORE/u_MULTIMODE_PATH/u_RING_ARBITER/GATED_GRANT_INST_0/O
                         net (fo=1, routed)           0.088     3.063    u_CORE/u_MULTIMODE_PATH/u_GATED_READER/RING_GRANT
    SLICE_X68Y164        LUT6 (Prop_C6LUT_SLICEL_I0_O)
                                                      0.096     3.159 r  u_CORE/u_MULTIMODE_PATH/u_GATED_READER/rb_rd_en_r_i_2/O
                         net (fo=4, routed)           0.095     3.254    u_CORE/u_MULTIMODE_PATH/u_GATED_READER/rb_rd_en_r_i_2_n_3
    SLICE_X67Y164        LUT6 (Prop_D6LUT_SLICEM_I0_O)
                                                      0.099     3.353 r  u_CORE/u_MULTIMODE_PATH/u_GATED_READER/rb_rd_en_r_i_1/O
                         net (fo=23, routed)          0.222     3.575    u_CORE/u_MULTIMODE_PATH/u_GATED_READER/rb_rd_en_r
    SLICE_X67Y165        FDRE                                         r  u_CORE/u_MULTIMODE_PATH/u_GATED_READER/rb_rd_batch_idx_r_reg[3]/CE
  -------------------------------------------------------------------    -------------------

                         (clock CLK_ADC rise edge)    4.000     4.000 r  
                                                      0.000     4.000 r  CLK_ADC (IN)
                         net (fo=3236, unset)         0.021     4.021    u_CORE/u_MULTIMODE_PATH/u_GATED_READER/CLK
    SLICE_X67Y165        FDRE                                         r  u_CORE/u_MULTIMODE_PATH/u_GATED_READER/rb_rd_batch_idx_r_reg[3]/C
                         clock pessimism              0.000     4.021    
                         clock uncertainty           -0.035     3.986    
    SLICE_X67Y165        FDRE (Setup_EFF_SLICEM_C_CE)
                                                     -0.061     3.925    u_CORE/u_MULTIMODE_PATH/u_GATED_READER/rb_rd_batch_idx_r_reg[3]
  -------------------------------------------------------------------
                         required time                          3.925    
                         arrival time                          -3.575    
  -------------------------------------------------------------------
                         slack                                  0.349    

Slack (MET) :             0.351ns  (required time - arrival time)
  Source:                 u_CORE/u_MULTIMODE_PATH/u_RECORDER/active_request_r_reg[start_address][beat_offset][3]/C
                            (rising edge-triggered cell FDRE clocked by CLK_ADC  {rise@0.000ns fall@2.000ns period=4.000ns})
  Destination:            u_CORE/u_MULTIMODE_PATH/u_GATED_READER/rb_rd_batch_idx_r_reg[0]/CE
                            (rising edge-triggered cell FDRE clocked by CLK_ADC  {rise@0.000ns fall@2.000ns period=4.000ns})
  Path Group:             CLK_ADC
  Path Type:              Setup (Max at Slow Process Corner)
  Requirement:            4.000ns  (CLK_ADC rise@4.000ns - CLK_ADC rise@0.000ns)
  Data Path Delay:        3.543ns  (logic 1.397ns (39.427%)  route 2.146ns (60.573%))
  Logic Levels:           13  (CARRY8=1 LUT2=2 LUT3=1 LUT4=2 LUT5=2 LUT6=4 RAMD64E=1)
  Clock Path Skew:        -0.009ns (DCD - SCD + CPR)
    Destination Clock Delay (DCD):    0.021ns = ( 4.021 - 4.000 ) 
    Source Clock Delay      (SCD):    0.030ns
    Clock Pessimism Removal (CPR):    0.000ns
  Clock Uncertainty:      0.035ns  ((TSJ^2 + TIJ^2)^1/2 + DJ) / 2 + PE
    Total System Jitter     (TSJ):    0.071ns
    Total Input Jitter      (TIJ):    0.000ns
    Discrete Jitter          (DJ):    0.000ns
    Phase Error              (PE):    0.000ns

    Location             Delay type                Incr(ns)  Path(ns)    Netlist Resource(s)
  -------------------------------------------------------------------    -------------------
                         (clock CLK_ADC rise edge)    0.000     0.000 r  
                                                      0.000     0.000 r  CLK_ADC (IN)
                         net (fo=3236, unset)         0.030     0.030    u_CORE/u_MULTIMODE_PATH/u_RECORDER/CLK
    SLICE_X66Y165        FDRE                                         r  u_CORE/u_MULTIMODE_PATH/u_RECORDER/active_request_r_reg[start_address][beat_offset][3]/C
  -------------------------------------------------------------------    -------------------
    SLICE_X66Y165        FDRE (Prop_DFF_SLICEM_C_Q)
                                                      0.078     0.108 r  u_CORE/u_MULTIMODE_PATH/u_RECORDER/active_request_r_reg[start_address][beat_offset][3]/Q
                         net (fo=5, routed)           0.150     0.258    u_CORE/u_MULTIMODE_PATH/u_RECORDER/active_request_r_reg[start_address][beat_offset_n_3_][3]
    SLICE_X66Y166        LUT2 (Prop_G6LUT_SLICEM_I1_O)
                                                      0.090     0.348 r  u_CORE/u_MULTIMODE_PATH/u_RECORDER/CHECK_START_OFFSET[3]_INST_0/O
                         net (fo=1, routed)           0.093     0.441    u_CORE/u_MULTIMODE_PATH/u_RING_ARBITER/EVENT_CHECK_OFFSET[3]
    SLICE_X65Y166        LUT3 (Prop_G6LUT_SLICEL_I0_O)
                                                      0.050     0.491 r  u_CORE/u_MULTIMODE_PATH/u_RING_ARBITER/SHARED_CHECK_OFFSET[3]_INST_0/O
                         net (fo=2, routed)           0.208     0.699    u_CORE/u_MULTIMODE_PATH/u_RING/CHECK_START_OFFSET[3]
    SLICE_X65Y168        CARRY8 (Prop_CARRY8_SLICEL_DI[2]_O[5])
                                                      0.180     0.879 r  u_CORE/u_MULTIMODE_PATH/u_RING/tag_mem_reg_r2_0_63_0_6_i_2/O[5]
                         net (fo=39, routed)          0.284     1.163    u_CORE/u_MULTIMODE_PATH/u_RING/tag_mem_reg_r2_0_63_0_6/ADDRD0
    SLICE_X66Y169        RAMD64E (Prop_D6LUT_SLICEM_RADR0_O)
                                                      0.145     1.308 r  u_CORE/u_MULTIMODE_PATH/u_RING/tag_mem_reg_r2_0_63_0_6/RAMD/O
                         net (fo=1, routed)           0.105     1.413    u_CORE/u_MULTIMODE_PATH/u_RING/CHECK_PRESENT2[3]
    SLICE_X66Y171        LUT4 (Prop_D6LUT_SLICEM_I2_O)
                                                      0.145     1.558 r  u_CORE/u_MULTIMODE_PATH/u_RING/CHECK_PRESENT_INST_0_i_24/O
                         net (fo=2, routed)           0.055     1.613    u_CORE/u_MULTIMODE_PATH/u_RING/CHECK_PRESENT_INST_0_i_24_n_3
    SLICE_X66Y171        LUT5 (Prop_B6LUT_SLICEM_I4_O)
                                                      0.125     1.738 r  u_CORE/u_MULTIMODE_PATH/u_RING/CHECK_PRESENT_INST_0_i_8/O
                         net (fo=1, routed)           0.175     1.913    u_CORE/u_MULTIMODE_PATH/u_RING/CHECK_PRESENT_INST_0_i_8_n_3
    SLICE_X67Y171        LUT6 (Prop_G6LUT_SLICEM_I4_O)
                                                      0.090     2.003 r  u_CORE/u_MULTIMODE_PATH/u_RING/CHECK_PRESENT_INST_0_i_2/O
                         net (fo=2, routed)           0.254     2.257    u_CORE/u_MULTIMODE_PATH/u_RING/CHECK_PRESENT_INST_0_i_2_n_3
    SLICE_X68Y165        LUT6 (Prop_E6LUT_SLICEL_I3_O)
                                                      0.090     2.347 f  u_CORE/u_MULTIMODE_PATH/u_RING/CHECK_PROTECTED_INST_0/O
                         net (fo=2, routed)           0.136     2.483    u_CORE/u_MULTIMODE_PATH/u_RING_ARBITER/SHARED_CHECK_PROTECTED
    SLICE_X68Y164        LUT2 (Prop_F5LUT_SLICEL_I1_O)
                                                      0.074     2.557 f  u_CORE/u_MULTIMODE_PATH/u_RING_ARBITER/EVENT_CHECK_PROTECTED_INST_0/O
                         net (fo=2, routed)           0.124     2.681    u_CORE/u_MULTIMODE_PATH/u_RECORDER/CHECK_PROTECTED
    SLICE_X68Y164        LUT5 (Prop_E6LUT_SLICEL_I0_O)
                                                      0.099     2.780 f  u_CORE/u_MULTIMODE_PATH/u_RECORDER/RING_REQUEST_INST_0/O
                         net (fo=9, routed)           0.159     2.939    u_CORE/u_MULTIMODE_PATH/u_RING_ARBITER/EVENT_REQUEST
    SLICE_X68Y164        LUT4 (Prop_B6LUT_SLICEL_I2_O)
                                                      0.036     2.975 r  u_CORE/u_MULTIMODE_PATH/u_RING_ARBITER/GATED_GRANT_INST_0/O
                         net (fo=1, routed)           0.088     3.063    u_CORE/u_MULTIMODE_PATH/u_GATED_READER/RING_GRANT
    SLICE_X68Y164        LUT6 (Prop_C6LUT_SLICEL_I0_O)
                                                      0.096     3.159 r  u_CORE/u_MULTIMODE_PATH/u_GATED_READER/rb_rd_en_r_i_2/O
                         net (fo=4, routed)           0.095     3.254    u_CORE/u_MULTIMODE_PATH/u_GATED_READER/rb_rd_en_r_i_2_n_3
    SLICE_X67Y164        LUT6 (Prop_D6LUT_SLICEM_I0_O)
                                                      0.099     3.353 r  u_CORE/u_MULTIMODE_PATH/u_GATED_READER/rb_rd_en_r_i_1/O
                         net (fo=23, routed)          0.220     3.573    u_CORE/u_MULTIMODE_PATH/u_GATED_READER/rb_rd_en_r
    SLICE_X67Y163        FDRE                                         r  u_CORE/u_MULTIMODE_PATH/u_GATED_READER/rb_rd_batch_idx_r_reg[0]/CE
  -------------------------------------------------------------------    -------------------

                         (clock CLK_ADC rise edge)    4.000     4.000 r  
                                                      0.000     4.000 r  CLK_ADC (IN)
                         net (fo=3236, unset)         0.021     4.021    u_CORE/u_MULTIMODE_PATH/u_GATED_READER/CLK
    SLICE_X67Y163        FDRE                                         r  u_CORE/u_MULTIMODE_PATH/u_GATED_READER/rb_rd_batch_idx_r_reg[0]/C
                         clock pessimism              0.000     4.021    
                         clock uncertainty           -0.035     3.986    
    SLICE_X67Y163        FDRE (Setup_DFF_SLICEM_C_CE)
                                                     -0.061     3.925    u_CORE/u_MULTIMODE_PATH/u_GATED_READER/rb_rd_batch_idx_r_reg[0]
  -------------------------------------------------------------------
                         required time                          3.925    
                         arrival time                          -3.573    
  -------------------------------------------------------------------
                         slack                                  0.351    

Slack (MET) :             0.351ns  (required time - arrival time)
  Source:                 u_CORE/u_MULTIMODE_PATH/u_RECORDER/active_request_r_reg[start_address][beat_offset][3]/C
                            (rising edge-triggered cell FDRE clocked by CLK_ADC  {rise@0.000ns fall@2.000ns period=4.000ns})
  Destination:            u_CORE/u_MULTIMODE_PATH/u_GATED_READER/rb_rd_chunk_id_r_reg[13]/CE
                            (rising edge-triggered cell FDRE clocked by CLK_ADC  {rise@0.000ns fall@2.000ns period=4.000ns})
  Path Group:             CLK_ADC
  Path Type:              Setup (Max at Slow Process Corner)
  Requirement:            4.000ns  (CLK_ADC rise@4.000ns - CLK_ADC rise@0.000ns)
  Data Path Delay:        3.543ns  (logic 1.397ns (39.427%)  route 2.146ns (60.573%))
  Logic Levels:           13  (CARRY8=1 LUT2=2 LUT3=1 LUT4=2 LUT5=2 LUT6=4 RAMD64E=1)
  Clock Path Skew:        -0.009ns (DCD - SCD + CPR)
    Destination Clock Delay (DCD):    0.021ns = ( 4.021 - 4.000 ) 
    Source Clock Delay      (SCD):    0.030ns
    Clock Pessimism Removal (CPR):    0.000ns
  Clock Uncertainty:      0.035ns  ((TSJ^2 + TIJ^2)^1/2 + DJ) / 2 + PE
    Total System Jitter     (TSJ):    0.071ns
    Total Input Jitter      (TIJ):    0.000ns
    Discrete Jitter          (DJ):    0.000ns
    Phase Error              (PE):    0.000ns

    Location             Delay type                Incr(ns)  Path(ns)    Netlist Resource(s)
  -------------------------------------------------------------------    -------------------
                         (clock CLK_ADC rise edge)    0.000     0.000 r  
                                                      0.000     0.000 r  CLK_ADC (IN)
                         net (fo=3236, unset)         0.030     0.030    u_CORE/u_MULTIMODE_PATH/u_RECORDER/CLK
    SLICE_X66Y165        FDRE                                         r  u_CORE/u_MULTIMODE_PATH/u_RECORDER/active_request_r_reg[start_address][beat_offset][3]/C
  -------------------------------------------------------------------    -------------------
    SLICE_X66Y165        FDRE (Prop_DFF_SLICEM_C_Q)
                                                      0.078     0.108 r  u_CORE/u_MULTIMODE_PATH/u_RECORDER/active_request_r_reg[start_address][beat_offset][3]/Q
                         net (fo=5, routed)           0.150     0.258    u_CORE/u_MULTIMODE_PATH/u_RECORDER/active_request_r_reg[start_address][beat_offset_n_3_][3]
    SLICE_X66Y166        LUT2 (Prop_G6LUT_SLICEM_I1_O)
                                                      0.090     0.348 r  u_CORE/u_MULTIMODE_PATH/u_RECORDER/CHECK_START_OFFSET[3]_INST_0/O
                         net (fo=1, routed)           0.093     0.441    u_CORE/u_MULTIMODE_PATH/u_RING_ARBITER/EVENT_CHECK_OFFSET[3]
    SLICE_X65Y166        LUT3 (Prop_G6LUT_SLICEL_I0_O)
                                                      0.050     0.491 r  u_CORE/u_MULTIMODE_PATH/u_RING_ARBITER/SHARED_CHECK_OFFSET[3]_INST_0/O
                         net (fo=2, routed)           0.208     0.699    u_CORE/u_MULTIMODE_PATH/u_RING/CHECK_START_OFFSET[3]
    SLICE_X65Y168        CARRY8 (Prop_CARRY8_SLICEL_DI[2]_O[5])
                                                      0.180     0.879 r  u_CORE/u_MULTIMODE_PATH/u_RING/tag_mem_reg_r2_0_63_0_6_i_2/O[5]
                         net (fo=39, routed)          0.284     1.163    u_CORE/u_MULTIMODE_PATH/u_RING/tag_mem_reg_r2_0_63_0_6/ADDRD0
    SLICE_X66Y169        RAMD64E (Prop_D6LUT_SLICEM_RADR0_O)
                                                      0.145     1.308 r  u_CORE/u_MULTIMODE_PATH/u_RING/tag_mem_reg_r2_0_63_0_6/RAMD/O
                         net (fo=1, routed)           0.105     1.413    u_CORE/u_MULTIMODE_PATH/u_RING/CHECK_PRESENT2[3]
    SLICE_X66Y171        LUT4 (Prop_D6LUT_SLICEM_I2_O)
                                                      0.145     1.558 r  u_CORE/u_MULTIMODE_PATH/u_RING/CHECK_PRESENT_INST_0_i_24/O
                         net (fo=2, routed)           0.055     1.613    u_CORE/u_MULTIMODE_PATH/u_RING/CHECK_PRESENT_INST_0_i_24_n_3
    SLICE_X66Y171        LUT5 (Prop_B6LUT_SLICEM_I4_O)
                                                      0.125     1.738 r  u_CORE/u_MULTIMODE_PATH/u_RING/CHECK_PRESENT_INST_0_i_8/O
                         net (fo=1, routed)           0.175     1.913    u_CORE/u_MULTIMODE_PATH/u_RING/CHECK_PRESENT_INST_0_i_8_n_3
    SLICE_X67Y171        LUT6 (Prop_G6LUT_SLICEM_I4_O)
                                                      0.090     2.003 r  u_CORE/u_MULTIMODE_PATH/u_RING/CHECK_PRESENT_INST_0_i_2/O
                         net (fo=2, routed)           0.254     2.257    u_CORE/u_MULTIMODE_PATH/u_RING/CHECK_PRESENT_INST_0_i_2_n_3
    SLICE_X68Y165        LUT6 (Prop_E6LUT_SLICEL_I3_O)
                                                      0.090     2.347 f  u_CORE/u_MULTIMODE_PATH/u_RING/CHECK_PROTECTED_INST_0/O
                         net (fo=2, routed)           0.136     2.483    u_CORE/u_MULTIMODE_PATH/u_RING_ARBITER/SHARED_CHECK_PROTECTED
    SLICE_X68Y164        LUT2 (Prop_F5LUT_SLICEL_I1_O)
                                                      0.074     2.557 f  u_CORE/u_MULTIMODE_PATH/u_RING_ARBITER/EVENT_CHECK_PROTECTED_INST_0/O
                         net (fo=2, routed)           0.124     2.681    u_CORE/u_MULTIMODE_PATH/u_RECORDER/CHECK_PROTECTED
    SLICE_X68Y164        LUT5 (Prop_E6LUT_SLICEL_I0_O)
                                                      0.099     2.780 f  u_CORE/u_MULTIMODE_PATH/u_RECORDER/RING_REQUEST_INST_0/O
                         net (fo=9, routed)           0.159     2.939    u_CORE/u_MULTIMODE_PATH/u_RING_ARBITER/EVENT_REQUEST
    SLICE_X68Y164        LUT4 (Prop_B6LUT_SLICEL_I2_O)
                                                      0.036     2.975 r  u_CORE/u_MULTIMODE_PATH/u_RING_ARBITER/GATED_GRANT_INST_0/O
                         net (fo=1, routed)           0.088     3.063    u_CORE/u_MULTIMODE_PATH/u_GATED_READER/RING_GRANT
    SLICE_X68Y164        LUT6 (Prop_C6LUT_SLICEL_I0_O)
                                                      0.096     3.159 r  u_CORE/u_MULTIMODE_PATH/u_GATED_READER/rb_rd_en_r_i_2/O
                         net (fo=4, routed)           0.095     3.254    u_CORE/u_MULTIMODE_PATH/u_GATED_READER/rb_rd_en_r_i_2_n_3
    SLICE_X67Y164        LUT6 (Prop_D6LUT_SLICEM_I0_O)
                                                      0.099     3.353 r  u_CORE/u_MULTIMODE_PATH/u_GATED_READER/rb_rd_en_r_i_1/O
                         net (fo=23, routed)          0.220     3.573    u_CORE/u_MULTIMODE_PATH/u_GATED_READER/rb_rd_en_r
    SLICE_X67Y163        FDRE                                         r  u_CORE/u_MULTIMODE_PATH/u_GATED_READER/rb_rd_chunk_id_r_reg[13]/CE
  -------------------------------------------------------------------    -------------------

                         (clock CLK_ADC rise edge)    4.000     4.000 r  
                                                      0.000     4.000 r  CLK_ADC (IN)
                         net (fo=3236, unset)         0.021     4.021    u_CORE/u_MULTIMODE_PATH/u_GATED_READER/CLK
    SLICE_X67Y163        FDRE                                         r  u_CORE/u_MULTIMODE_PATH/u_GATED_READER/rb_rd_chunk_id_r_reg[13]/C
                         clock pessimism              0.000     4.021    
                         clock uncertainty           -0.035     3.986    
    SLICE_X67Y163        FDRE (Setup_AFF_SLICEM_C_CE)
                                                     -0.061     3.925    u_CORE/u_MULTIMODE_PATH/u_GATED_READER/rb_rd_chunk_id_r_reg[13]
  -------------------------------------------------------------------
                         required time                          3.925    
                         arrival time                          -3.573    
  -------------------------------------------------------------------
                         slack                                  0.351    

Slack (MET) :             0.351ns  (required time - arrival time)
  Source:                 u_CORE/u_MULTIMODE_PATH/u_RECORDER/active_request_r_reg[start_address][beat_offset][3]/C
                            (rising edge-triggered cell FDRE clocked by CLK_ADC  {rise@0.000ns fall@2.000ns period=4.000ns})
  Destination:            u_CORE/u_MULTIMODE_PATH/u_GATED_READER/rb_rd_chunk_id_r_reg[3]/CE
                            (rising edge-triggered cell FDRE clocked by CLK_ADC  {rise@0.000ns fall@2.000ns period=4.000ns})
  Path Group:             CLK_ADC
  Path Type:              Setup (Max at Slow Process Corner)
  Requirement:            4.000ns  (CLK_ADC rise@4.000ns - CLK_ADC rise@0.000ns)
  Data Path Delay:        3.543ns  (logic 1.397ns (39.427%)  route 2.146ns (60.573%))
  Logic Levels:           13  (CARRY8=1 LUT2=2 LUT3=1 LUT4=2 LUT5=2 LUT6=4 RAMD64E=1)
  Clock Path Skew:        -0.009ns (DCD - SCD + CPR)
    Destination Clock Delay (DCD):    0.021ns = ( 4.021 - 4.000 ) 
    Source Clock Delay      (SCD):    0.030ns
    Clock Pessimism Removal (CPR):    0.000ns
  Clock Uncertainty:      0.035ns  ((TSJ^2 + TIJ^2)^1/2 + DJ) / 2 + PE
    Total System Jitter     (TSJ):    0.071ns
    Total Input Jitter      (TIJ):    0.000ns
    Discrete Jitter          (DJ):    0.000ns
    Phase Error              (PE):    0.000ns

    Location             Delay type                Incr(ns)  Path(ns)    Netlist Resource(s)
  -------------------------------------------------------------------    -------------------
                         (clock CLK_ADC rise edge)    0.000     0.000 r  
                                                      0.000     0.000 r  CLK_ADC (IN)
                         net (fo=3236, unset)         0.030     0.030    u_CORE/u_MULTIMODE_PATH/u_RECORDER/CLK
    SLICE_X66Y165        FDRE                                         r  u_CORE/u_MULTIMODE_PATH/u_RECORDER/active_request_r_reg[start_address][beat_offset][3]/C
  -------------------------------------------------------------------    -------------------
    SLICE_X66Y165        FDRE (Prop_DFF_SLICEM_C_Q)
                                                      0.078     0.108 r  u_CORE/u_MULTIMODE_PATH/u_RECORDER/active_request_r_reg[start_address][beat_offset][3]/Q
                         net (fo=5, routed)           0.150     0.258    u_CORE/u_MULTIMODE_PATH/u_RECORDER/active_request_r_reg[start_address][beat_offset_n_3_][3]
    SLICE_X66Y166        LUT2 (Prop_G6LUT_SLICEM_I1_O)
                                                      0.090     0.348 r  u_CORE/u_MULTIMODE_PATH/u_RECORDER/CHECK_START_OFFSET[3]_INST_0/O
                         net (fo=1, routed)           0.093     0.441    u_CORE/u_MULTIMODE_PATH/u_RING_ARBITER/EVENT_CHECK_OFFSET[3]
    SLICE_X65Y166        LUT3 (Prop_G6LUT_SLICEL_I0_O)
                                                      0.050     0.491 r  u_CORE/u_MULTIMODE_PATH/u_RING_ARBITER/SHARED_CHECK_OFFSET[3]_INST_0/O
                         net (fo=2, routed)           0.208     0.699    u_CORE/u_MULTIMODE_PATH/u_RING/CHECK_START_OFFSET[3]
    SLICE_X65Y168        CARRY8 (Prop_CARRY8_SLICEL_DI[2]_O[5])
                                                      0.180     0.879 r  u_CORE/u_MULTIMODE_PATH/u_RING/tag_mem_reg_r2_0_63_0_6_i_2/O[5]
                         net (fo=39, routed)          0.284     1.163    u_CORE/u_MULTIMODE_PATH/u_RING/tag_mem_reg_r2_0_63_0_6/ADDRD0
    SLICE_X66Y169        RAMD64E (Prop_D6LUT_SLICEM_RADR0_O)
                                                      0.145     1.308 r  u_CORE/u_MULTIMODE_PATH/u_RING/tag_mem_reg_r2_0_63_0_6/RAMD/O
                         net (fo=1, routed)           0.105     1.413    u_CORE/u_MULTIMODE_PATH/u_RING/CHECK_PRESENT2[3]
    SLICE_X66Y171        LUT4 (Prop_D6LUT_SLICEM_I2_O)
                                                      0.145     1.558 r  u_CORE/u_MULTIMODE_PATH/u_RING/CHECK_PRESENT_INST_0_i_24/O
                         net (fo=2, routed)           0.055     1.613    u_CORE/u_MULTIMODE_PATH/u_RING/CHECK_PRESENT_INST_0_i_24_n_3
    SLICE_X66Y171        LUT5 (Prop_B6LUT_SLICEM_I4_O)
                                                      0.125     1.738 r  u_CORE/u_MULTIMODE_PATH/u_RING/CHECK_PRESENT_INST_0_i_8/O
                         net (fo=1, routed)           0.175     1.913    u_CORE/u_MULTIMODE_PATH/u_RING/CHECK_PRESENT_INST_0_i_8_n_3
    SLICE_X67Y171        LUT6 (Prop_G6LUT_SLICEM_I4_O)
                                                      0.090     2.003 r  u_CORE/u_MULTIMODE_PATH/u_RING/CHECK_PRESENT_INST_0_i_2/O
                         net (fo=2, routed)           0.254     2.257    u_CORE/u_MULTIMODE_PATH/u_RING/CHECK_PRESENT_INST_0_i_2_n_3
    SLICE_X68Y165        LUT6 (Prop_E6LUT_SLICEL_I3_O)
                                                      0.090     2.347 f  u_CORE/u_MULTIMODE_PATH/u_RING/CHECK_PROTECTED_INST_0/O
                         net (fo=2, routed)           0.136     2.483    u_CORE/u_MULTIMODE_PATH/u_RING_ARBITER/SHARED_CHECK_PROTECTED
    SLICE_X68Y164        LUT2 (Prop_F5LUT_SLICEL_I1_O)
                                                      0.074     2.557 f  u_CORE/u_MULTIMODE_PATH/u_RING_ARBITER/EVENT_CHECK_PROTECTED_INST_0/O
                         net (fo=2, routed)           0.124     2.681    u_CORE/u_MULTIMODE_PATH/u_RECORDER/CHECK_PROTECTED
    SLICE_X68Y164        LUT5 (Prop_E6LUT_SLICEL_I0_O)
                                                      0.099     2.780 f  u_CORE/u_MULTIMODE_PATH/u_RECORDER/RING_REQUEST_INST_0/O
                         net (fo=9, routed)           0.159     2.939    u_CORE/u_MULTIMODE_PATH/u_RING_ARBITER/EVENT_REQUEST
    SLICE_X68Y164        LUT4 (Prop_B6LUT_SLICEL_I2_O)
                                                      0.036     2.975 r  u_CORE/u_MULTIMODE_PATH/u_RING_ARBITER/GATED_GRANT_INST_0/O
                         net (fo=1, routed)           0.088     3.063    u_CORE/u_MULTIMODE_PATH/u_GATED_READER/RING_GRANT
    SLICE_X68Y164        LUT6 (Prop_C6LUT_SLICEL_I0_O)
                                                      0.096     3.159 r  u_CORE/u_MULTIMODE_PATH/u_GATED_READER/rb_rd_en_r_i_2/O
                         net (fo=4, routed)           0.095     3.254    u_CORE/u_MULTIMODE_PATH/u_GATED_READER/rb_rd_en_r_i_2_n_3
    SLICE_X67Y164        LUT6 (Prop_D6LUT_SLICEM_I0_O)
                                                      0.099     3.353 r  u_CORE/u_MULTIMODE_PATH/u_GATED_READER/rb_rd_en_r_i_1/O
                         net (fo=23, routed)          0.220     3.573    u_CORE/u_MULTIMODE_PATH/u_GATED_READER/rb_rd_en_r
    SLICE_X67Y163        FDRE                                         r  u_CORE/u_MULTIMODE_PATH/u_GATED_READER/rb_rd_chunk_id_r_reg[3]/CE
  -------------------------------------------------------------------    -------------------

                         (clock CLK_ADC rise edge)    4.000     4.000 r  
                                                      0.000     4.000 r  CLK_ADC (IN)
                         net (fo=3236, unset)         0.021     4.021    u_CORE/u_MULTIMODE_PATH/u_GATED_READER/CLK
    SLICE_X67Y163        FDRE                                         r  u_CORE/u_MULTIMODE_PATH/u_GATED_READER/rb_rd_chunk_id_r_reg[3]/C
                         clock pessimism              0.000     4.021    
                         clock uncertainty           -0.035     3.986    
    SLICE_X67Y163        FDRE (Setup_BFF_SLICEM_C_CE)
                                                     -0.061     3.925    u_CORE/u_MULTIMODE_PATH/u_GATED_READER/rb_rd_chunk_id_r_reg[3]
  -------------------------------------------------------------------
                         required time                          3.925    
                         arrival time                          -3.573    
  -------------------------------------------------------------------
                         slack                                  0.351    

Slack (MET) :             0.351ns  (required time - arrival time)
  Source:                 u_CORE/u_MULTIMODE_PATH/u_RECORDER/active_request_r_reg[start_address][beat_offset][3]/C
                            (rising edge-triggered cell FDRE clocked by CLK_ADC  {rise@0.000ns fall@2.000ns period=4.000ns})
  Destination:            u_CORE/u_MULTIMODE_PATH/u_GATED_READER/rb_rd_chunk_id_r_reg[7]/CE
                            (rising edge-triggered cell FDRE clocked by CLK_ADC  {rise@0.000ns fall@2.000ns period=4.000ns})
  Path Group:             CLK_ADC
  Path Type:              Setup (Max at Slow Process Corner)
  Requirement:            4.000ns  (CLK_ADC rise@4.000ns - CLK_ADC rise@0.000ns)
  Data Path Delay:        3.543ns  (logic 1.397ns (39.427%)  route 2.146ns (60.573%))
  Logic Levels:           13  (CARRY8=1 LUT2=2 LUT3=1 LUT4=2 LUT5=2 LUT6=4 RAMD64E=1)
  Clock Path Skew:        -0.009ns (DCD - SCD + CPR)
    Destination Clock Delay (DCD):    0.021ns = ( 4.021 - 4.000 ) 
    Source Clock Delay      (SCD):    0.030ns
    Clock Pessimism Removal (CPR):    0.000ns
  Clock Uncertainty:      0.035ns  ((TSJ^2 + TIJ^2)^1/2 + DJ) / 2 + PE
    Total System Jitter     (TSJ):    0.071ns
    Total Input Jitter      (TIJ):    0.000ns
    Discrete Jitter          (DJ):    0.000ns
    Phase Error              (PE):    0.000ns

    Location             Delay type                Incr(ns)  Path(ns)    Netlist Resource(s)
  -------------------------------------------------------------------    -------------------
                         (clock CLK_ADC rise edge)    0.000     0.000 r  
                                                      0.000     0.000 r  CLK_ADC (IN)
                         net (fo=3236, unset)         0.030     0.030    u_CORE/u_MULTIMODE_PATH/u_RECORDER/CLK
    SLICE_X66Y165        FDRE                                         r  u_CORE/u_MULTIMODE_PATH/u_RECORDER/active_request_r_reg[start_address][beat_offset][3]/C
  -------------------------------------------------------------------    -------------------
    SLICE_X66Y165        FDRE (Prop_DFF_SLICEM_C_Q)
                                                      0.078     0.108 r  u_CORE/u_MULTIMODE_PATH/u_RECORDER/active_request_r_reg[start_address][beat_offset][3]/Q
                         net (fo=5, routed)           0.150     0.258    u_CORE/u_MULTIMODE_PATH/u_RECORDER/active_request_r_reg[start_address][beat_offset_n_3_][3]
    SLICE_X66Y166        LUT2 (Prop_G6LUT_SLICEM_I1_O)
                                                      0.090     0.348 r  u_CORE/u_MULTIMODE_PATH/u_RECORDER/CHECK_START_OFFSET[3]_INST_0/O
                         net (fo=1, routed)           0.093     0.441    u_CORE/u_MULTIMODE_PATH/u_RING_ARBITER/EVENT_CHECK_OFFSET[3]
    SLICE_X65Y166        LUT3 (Prop_G6LUT_SLICEL_I0_O)
                                                      0.050     0.491 r  u_CORE/u_MULTIMODE_PATH/u_RING_ARBITER/SHARED_CHECK_OFFSET[3]_INST_0/O
                         net (fo=2, routed)           0.208     0.699    u_CORE/u_MULTIMODE_PATH/u_RING/CHECK_START_OFFSET[3]
    SLICE_X65Y168        CARRY8 (Prop_CARRY8_SLICEL_DI[2]_O[5])
                                                      0.180     0.879 r  u_CORE/u_MULTIMODE_PATH/u_RING/tag_mem_reg_r2_0_63_0_6_i_2/O[5]
                         net (fo=39, routed)          0.284     1.163    u_CORE/u_MULTIMODE_PATH/u_RING/tag_mem_reg_r2_0_63_0_6/ADDRD0
    SLICE_X66Y169        RAMD64E (Prop_D6LUT_SLICEM_RADR0_O)
                                                      0.145     1.308 r  u_CORE/u_MULTIMODE_PATH/u_RING/tag_mem_reg_r2_0_63_0_6/RAMD/O
                         net (fo=1, routed)           0.105     1.413    u_CORE/u_MULTIMODE_PATH/u_RING/CHECK_PRESENT2[3]
    SLICE_X66Y171        LUT4 (Prop_D6LUT_SLICEM_I2_O)
                                                      0.145     1.558 r  u_CORE/u_MULTIMODE_PATH/u_RING/CHECK_PRESENT_INST_0_i_24/O
                         net (fo=2, routed)           0.055     1.613    u_CORE/u_MULTIMODE_PATH/u_RING/CHECK_PRESENT_INST_0_i_24_n_3
    SLICE_X66Y171        LUT5 (Prop_B6LUT_SLICEM_I4_O)
                                                      0.125     1.738 r  u_CORE/u_MULTIMODE_PATH/u_RING/CHECK_PRESENT_INST_0_i_8/O
                         net (fo=1, routed)           0.175     1.913    u_CORE/u_MULTIMODE_PATH/u_RING/CHECK_PRESENT_INST_0_i_8_n_3
    SLICE_X67Y171        LUT6 (Prop_G6LUT_SLICEM_I4_O)
                                                      0.090     2.003 r  u_CORE/u_MULTIMODE_PATH/u_RING/CHECK_PRESENT_INST_0_i_2/O
                         net (fo=2, routed)           0.254     2.257    u_CORE/u_MULTIMODE_PATH/u_RING/CHECK_PRESENT_INST_0_i_2_n_3
    SLICE_X68Y165        LUT6 (Prop_E6LUT_SLICEL_I3_O)
                                                      0.090     2.347 f  u_CORE/u_MULTIMODE_PATH/u_RING/CHECK_PROTECTED_INST_0/O
                         net (fo=2, routed)           0.136     2.483    u_CORE/u_MULTIMODE_PATH/u_RING_ARBITER/SHARED_CHECK_PROTECTED
    SLICE_X68Y164        LUT2 (Prop_F5LUT_SLICEL_I1_O)
                                                      0.074     2.557 f  u_CORE/u_MULTIMODE_PATH/u_RING_ARBITER/EVENT_CHECK_PROTECTED_INST_0/O
                         net (fo=2, routed)           0.124     2.681    u_CORE/u_MULTIMODE_PATH/u_RECORDER/CHECK_PROTECTED
    SLICE_X68Y164        LUT5 (Prop_E6LUT_SLICEL_I0_O)
                                                      0.099     2.780 f  u_CORE/u_MULTIMODE_PATH/u_RECORDER/RING_REQUEST_INST_0/O
                         net (fo=9, routed)           0.159     2.939    u_CORE/u_MULTIMODE_PATH/u_RING_ARBITER/EVENT_REQUEST
    SLICE_X68Y164        LUT4 (Prop_B6LUT_SLICEL_I2_O)
                                                      0.036     2.975 r  u_CORE/u_MULTIMODE_PATH/u_RING_ARBITER/GATED_GRANT_INST_0/O
                         net (fo=1, routed)           0.088     3.063    u_CORE/u_MULTIMODE_PATH/u_GATED_READER/RING_GRANT
    SLICE_X68Y164        LUT6 (Prop_C6LUT_SLICEL_I0_O)
                                                      0.096     3.159 r  u_CORE/u_MULTIMODE_PATH/u_GATED_READER/rb_rd_en_r_i_2/O
                         net (fo=4, routed)           0.095     3.254    u_CORE/u_MULTIMODE_PATH/u_GATED_READER/rb_rd_en_r_i_2_n_3
    SLICE_X67Y164        LUT6 (Prop_D6LUT_SLICEM_I0_O)
                                                      0.099     3.353 r  u_CORE/u_MULTIMODE_PATH/u_GATED_READER/rb_rd_en_r_i_1/O
                         net (fo=23, routed)          0.220     3.573    u_CORE/u_MULTIMODE_PATH/u_GATED_READER/rb_rd_en_r
    SLICE_X67Y163        FDRE                                         r  u_CORE/u_MULTIMODE_PATH/u_GATED_READER/rb_rd_chunk_id_r_reg[7]/CE
  -------------------------------------------------------------------    -------------------

                         (clock CLK_ADC rise edge)    4.000     4.000 r  
                                                      0.000     4.000 r  CLK_ADC (IN)
                         net (fo=3236, unset)         0.021     4.021    u_CORE/u_MULTIMODE_PATH/u_GATED_READER/CLK
    SLICE_X67Y163        FDRE                                         r  u_CORE/u_MULTIMODE_PATH/u_GATED_READER/rb_rd_chunk_id_r_reg[7]/C
                         clock pessimism              0.000     4.021    
                         clock uncertainty           -0.035     3.986    
    SLICE_X67Y163        FDRE (Setup_CFF_SLICEM_C_CE)
                                                     -0.061     3.925    u_CORE/u_MULTIMODE_PATH/u_GATED_READER/rb_rd_chunk_id_r_reg[7]
  -------------------------------------------------------------------
                         required time                          3.925    
                         arrival time                          -3.573    
  -------------------------------------------------------------------
                         slack                                  0.351    

Slack (MET) :             0.352ns  (required time - arrival time)
  Source:                 u_CORE/u_MULTIMODE_PATH/u_RECORDER/active_request_r_reg[start_address][beat_offset][3]/C
                            (rising edge-triggered cell FDRE clocked by CLK_ADC  {rise@0.000ns fall@2.000ns period=4.000ns})
  Destination:            u_CORE/u_MULTIMODE_PATH/u_GATED_READER/rb_rd_batch_idx_r_reg[1]/CE
                            (rising edge-triggered cell FDRE clocked by CLK_ADC  {rise@0.000ns fall@2.000ns period=4.000ns})
  Path Group:             CLK_ADC
  Path Type:              Setup (Max at Slow Process Corner)
  Requirement:            4.000ns  (CLK_ADC rise@4.000ns - CLK_ADC rise@0.000ns)
  Data Path Delay:        3.543ns  (logic 1.397ns (39.427%)  route 2.146ns (60.573%))
  Logic Levels:           13  (CARRY8=1 LUT2=2 LUT3=1 LUT4=2 LUT5=2 LUT6=4 RAMD64E=1)
  Clock Path Skew:        -0.009ns (DCD - SCD + CPR)
    Destination Clock Delay (DCD):    0.021ns = ( 4.021 - 4.000 ) 
    Source Clock Delay      (SCD):    0.030ns
    Clock Pessimism Removal (CPR):    0.000ns
  Clock Uncertainty:      0.035ns  ((TSJ^2 + TIJ^2)^1/2 + DJ) / 2 + PE
    Total System Jitter     (TSJ):    0.071ns
    Total Input Jitter      (TIJ):    0.000ns
    Discrete Jitter          (DJ):    0.000ns
    Phase Error              (PE):    0.000ns

    Location             Delay type                Incr(ns)  Path(ns)    Netlist Resource(s)
  -------------------------------------------------------------------    -------------------
                         (clock CLK_ADC rise edge)    0.000     0.000 r  
                                                      0.000     0.000 r  CLK_ADC (IN)
                         net (fo=3236, unset)         0.030     0.030    u_CORE/u_MULTIMODE_PATH/u_RECORDER/CLK
    SLICE_X66Y165        FDRE                                         r  u_CORE/u_MULTIMODE_PATH/u_RECORDER/active_request_r_reg[start_address][beat_offset][3]/C
  -------------------------------------------------------------------    -------------------
    SLICE_X66Y165        FDRE (Prop_DFF_SLICEM_C_Q)
                                                      0.078     0.108 r  u_CORE/u_MULTIMODE_PATH/u_RECORDER/active_request_r_reg[start_address][beat_offset][3]/Q
                         net (fo=5, routed)           0.150     0.258    u_CORE/u_MULTIMODE_PATH/u_RECORDER/active_request_r_reg[start_address][beat_offset_n_3_][3]
    SLICE_X66Y166        LUT2 (Prop_G6LUT_SLICEM_I1_O)
                                                      0.090     0.348 r  u_CORE/u_MULTIMODE_PATH/u_RECORDER/CHECK_START_OFFSET[3]_INST_0/O
                         net (fo=1, routed)           0.093     0.441    u_CORE/u_MULTIMODE_PATH/u_RING_ARBITER/EVENT_CHECK_OFFSET[3]
    SLICE_X65Y166        LUT3 (Prop_G6LUT_SLICEL_I0_O)
                                                      0.050     0.491 r  u_CORE/u_MULTIMODE_PATH/u_RING_ARBITER/SHARED_CHECK_OFFSET[3]_INST_0/O
                         net (fo=2, routed)           0.208     0.699    u_CORE/u_MULTIMODE_PATH/u_RING/CHECK_START_OFFSET[3]
    SLICE_X65Y168        CARRY8 (Prop_CARRY8_SLICEL_DI[2]_O[5])
                                                      0.180     0.879 r  u_CORE/u_MULTIMODE_PATH/u_RING/tag_mem_reg_r2_0_63_0_6_i_2/O[5]
                         net (fo=39, routed)          0.284     1.163    u_CORE/u_MULTIMODE_PATH/u_RING/tag_mem_reg_r2_0_63_0_6/ADDRD0
    SLICE_X66Y169        RAMD64E (Prop_D6LUT_SLICEM_RADR0_O)
                                                      0.145     1.308 r  u_CORE/u_MULTIMODE_PATH/u_RING/tag_mem_reg_r2_0_63_0_6/RAMD/O
                         net (fo=1, routed)           0.105     1.413    u_CORE/u_MULTIMODE_PATH/u_RING/CHECK_PRESENT2[3]
    SLICE_X66Y171        LUT4 (Prop_D6LUT_SLICEM_I2_O)
                                                      0.145     1.558 r  u_CORE/u_MULTIMODE_PATH/u_RING/CHECK_PRESENT_INST_0_i_24/O
                         net (fo=2, routed)           0.055     1.613    u_CORE/u_MULTIMODE_PATH/u_RING/CHECK_PRESENT_INST_0_i_24_n_3
    SLICE_X66Y171        LUT5 (Prop_B6LUT_SLICEM_I4_O)
                                                      0.125     1.738 r  u_CORE/u_MULTIMODE_PATH/u_RING/CHECK_PRESENT_INST_0_i_8/O
                         net (fo=1, routed)           0.175     1.913    u_CORE/u_MULTIMODE_PATH/u_RING/CHECK_PRESENT_INST_0_i_8_n_3
    SLICE_X67Y171        LUT6 (Prop_G6LUT_SLICEM_I4_O)
                                                      0.090     2.003 r  u_CORE/u_MULTIMODE_PATH/u_RING/CHECK_PRESENT_INST_0_i_2/O
                         net (fo=2, routed)           0.254     2.257    u_CORE/u_MULTIMODE_PATH/u_RING/CHECK_PRESENT_INST_0_i_2_n_3
    SLICE_X68Y165        LUT6 (Prop_E6LUT_SLICEL_I3_O)
                                                      0.090     2.347 f  u_CORE/u_MULTIMODE_PATH/u_RING/CHECK_PROTECTED_INST_0/O
                         net (fo=2, routed)           0.136     2.483    u_CORE/u_MULTIMODE_PATH/u_RING_ARBITER/SHARED_CHECK_PROTECTED
    SLICE_X68Y164        LUT2 (Prop_F5LUT_SLICEL_I1_O)
                                                      0.074     2.557 f  u_CORE/u_MULTIMODE_PATH/u_RING_ARBITER/EVENT_CHECK_PROTECTED_INST_0/O
                         net (fo=2, routed)           0.124     2.681    u_CORE/u_MULTIMODE_PATH/u_RECORDER/CHECK_PROTECTED
    SLICE_X68Y164        LUT5 (Prop_E6LUT_SLICEL_I0_O)
                                                      0.099     2.780 f  u_CORE/u_MULTIMODE_PATH/u_RECORDER/RING_REQUEST_INST_0/O
                         net (fo=9, routed)           0.159     2.939    u_CORE/u_MULTIMODE_PATH/u_RING_ARBITER/EVENT_REQUEST
    SLICE_X68Y164        LUT4 (Prop_B6LUT_SLICEL_I2_O)
                                                      0.036     2.975 r  u_CORE/u_MULTIMODE_PATH/u_RING_ARBITER/GATED_GRANT_INST_0/O
                         net (fo=1, routed)           0.088     3.063    u_CORE/u_MULTIMODE_PATH/u_GATED_READER/RING_GRANT
    SLICE_X68Y164        LUT6 (Prop_C6LUT_SLICEL_I0_O)
                                                      0.096     3.159 r  u_CORE/u_MULTIMODE_PATH/u_GATED_READER/rb_rd_en_r_i_2/O
                         net (fo=4, routed)           0.095     3.254    u_CORE/u_MULTIMODE_PATH/u_GATED_READER/rb_rd_en_r_i_2_n_3
    SLICE_X67Y164        LUT6 (Prop_D6LUT_SLICEM_I0_O)
                                                      0.099     3.353 r  u_CORE/u_MULTIMODE_PATH/u_GATED_READER/rb_rd_en_r_i_1/O
                         net (fo=23, routed)          0.220     3.573    u_CORE/u_MULTIMODE_PATH/u_GATED_READER/rb_rd_en_r
    SLICE_X67Y163        FDRE                                         r  u_CORE/u_MULTIMODE_PATH/u_GATED_READER/rb_rd_batch_idx_r_reg[1]/CE
  -------------------------------------------------------------------    -------------------

                         (clock CLK_ADC rise edge)    4.000     4.000 r  
                                                      0.000     4.000 r  CLK_ADC (IN)
                         net (fo=3236, unset)         0.021     4.021    u_CORE/u_MULTIMODE_PATH/u_GATED_READER/CLK
    SLICE_X67Y163        FDRE                                         r  u_CORE/u_MULTIMODE_PATH/u_GATED_READER/rb_rd_batch_idx_r_reg[1]/C
                         clock pessimism              0.000     4.021    
                         clock uncertainty           -0.035     3.986    
    SLICE_X67Y163        FDRE (Setup_DFF2_SLICEM_C_CE)
                                                     -0.060     3.926    u_CORE/u_MULTIMODE_PATH/u_GATED_READER/rb_rd_batch_idx_r_reg[1]
  -------------------------------------------------------------------
                         required time                          3.926    
                         arrival time                          -3.573    
  -------------------------------------------------------------------
                         slack                                  0.352    

Slack (MET) :             0.352ns  (required time - arrival time)
  Source:                 u_CORE/u_MULTIMODE_PATH/u_RECORDER/active_request_r_reg[start_address][beat_offset][3]/C
                            (rising edge-triggered cell FDRE clocked by CLK_ADC  {rise@0.000ns fall@2.000ns period=4.000ns})
  Destination:            u_CORE/u_MULTIMODE_PATH/u_GATED_READER/rb_rd_chunk_id_r_reg[14]/CE
                            (rising edge-triggered cell FDRE clocked by CLK_ADC  {rise@0.000ns fall@2.000ns period=4.000ns})
  Path Group:             CLK_ADC
  Path Type:              Setup (Max at Slow Process Corner)
  Requirement:            4.000ns  (CLK_ADC rise@4.000ns - CLK_ADC rise@0.000ns)
  Data Path Delay:        3.543ns  (logic 1.397ns (39.427%)  route 2.146ns (60.573%))
  Logic Levels:           13  (CARRY8=1 LUT2=2 LUT3=1 LUT4=2 LUT5=2 LUT6=4 RAMD64E=1)
  Clock Path Skew:        -0.009ns (DCD - SCD + CPR)
    Destination Clock Delay (DCD):    0.021ns = ( 4.021 - 4.000 ) 
    Source Clock Delay      (SCD):    0.030ns
    Clock Pessimism Removal (CPR):    0.000ns
  Clock Uncertainty:      0.035ns  ((TSJ^2 + TIJ^2)^1/2 + DJ) / 2 + PE
    Total System Jitter     (TSJ):    0.071ns
    Total Input Jitter      (TIJ):    0.000ns
    Discrete Jitter          (DJ):    0.000ns
    Phase Error              (PE):    0.000ns

    Location             Delay type                Incr(ns)  Path(ns)    Netlist Resource(s)
  -------------------------------------------------------------------    -------------------
                         (clock CLK_ADC rise edge)    0.000     0.000 r  
                                                      0.000     0.000 r  CLK_ADC (IN)
                         net (fo=3236, unset)         0.030     0.030    u_CORE/u_MULTIMODE_PATH/u_RECORDER/CLK
    SLICE_X66Y165        FDRE                                         r  u_CORE/u_MULTIMODE_PATH/u_RECORDER/active_request_r_reg[start_address][beat_offset][3]/C
  -------------------------------------------------------------------    -------------------
    SLICE_X66Y165        FDRE (Prop_DFF_SLICEM_C_Q)
                                                      0.078     0.108 r  u_CORE/u_MULTIMODE_PATH/u_RECORDER/active_request_r_reg[start_address][beat_offset][3]/Q
                         net (fo=5, routed)           0.150     0.258    u_CORE/u_MULTIMODE_PATH/u_RECORDER/active_request_r_reg[start_address][beat_offset_n_3_][3]
    SLICE_X66Y166        LUT2 (Prop_G6LUT_SLICEM_I1_O)
                                                      0.090     0.348 r  u_CORE/u_MULTIMODE_PATH/u_RECORDER/CHECK_START_OFFSET[3]_INST_0/O
                         net (fo=1, routed)           0.093     0.441    u_CORE/u_MULTIMODE_PATH/u_RING_ARBITER/EVENT_CHECK_OFFSET[3]
    SLICE_X65Y166        LUT3 (Prop_G6LUT_SLICEL_I0_O)
                                                      0.050     0.491 r  u_CORE/u_MULTIMODE_PATH/u_RING_ARBITER/SHARED_CHECK_OFFSET[3]_INST_0/O
                         net (fo=2, routed)           0.208     0.699    u_CORE/u_MULTIMODE_PATH/u_RING/CHECK_START_OFFSET[3]
    SLICE_X65Y168        CARRY8 (Prop_CARRY8_SLICEL_DI[2]_O[5])
                                                      0.180     0.879 r  u_CORE/u_MULTIMODE_PATH/u_RING/tag_mem_reg_r2_0_63_0_6_i_2/O[5]
                         net (fo=39, routed)          0.284     1.163    u_CORE/u_MULTIMODE_PATH/u_RING/tag_mem_reg_r2_0_63_0_6/ADDRD0
    SLICE_X66Y169        RAMD64E (Prop_D6LUT_SLICEM_RADR0_O)
                                                      0.145     1.308 r  u_CORE/u_MULTIMODE_PATH/u_RING/tag_mem_reg_r2_0_63_0_6/RAMD/O
                         net (fo=1, routed)           0.105     1.413    u_CORE/u_MULTIMODE_PATH/u_RING/CHECK_PRESENT2[3]
    SLICE_X66Y171        LUT4 (Prop_D6LUT_SLICEM_I2_O)
                                                      0.145     1.558 r  u_CORE/u_MULTIMODE_PATH/u_RING/CHECK_PRESENT_INST_0_i_24/O
                         net (fo=2, routed)           0.055     1.613    u_CORE/u_MULTIMODE_PATH/u_RING/CHECK_PRESENT_INST_0_i_24_n_3
    SLICE_X66Y171        LUT5 (Prop_B6LUT_SLICEM_I4_O)
                                                      0.125     1.738 r  u_CORE/u_MULTIMODE_PATH/u_RING/CHECK_PRESENT_INST_0_i_8/O
                         net (fo=1, routed)           0.175     1.913    u_CORE/u_MULTIMODE_PATH/u_RING/CHECK_PRESENT_INST_0_i_8_n_3
    SLICE_X67Y171        LUT6 (Prop_G6LUT_SLICEM_I4_O)
                                                      0.090     2.003 r  u_CORE/u_MULTIMODE_PATH/u_RING/CHECK_PRESENT_INST_0_i_2/O
                         net (fo=2, routed)           0.254     2.257    u_CORE/u_MULTIMODE_PATH/u_RING/CHECK_PRESENT_INST_0_i_2_n_3
    SLICE_X68Y165        LUT6 (Prop_E6LUT_SLICEL_I3_O)
                                                      0.090     2.347 f  u_CORE/u_MULTIMODE_PATH/u_RING/CHECK_PROTECTED_INST_0/O
                         net (fo=2, routed)           0.136     2.483    u_CORE/u_MULTIMODE_PATH/u_RING_ARBITER/SHARED_CHECK_PROTECTED
    SLICE_X68Y164        LUT2 (Prop_F5LUT_SLICEL_I1_O)
                                                      0.074     2.557 f  u_CORE/u_MULTIMODE_PATH/u_RING_ARBITER/EVENT_CHECK_PROTECTED_INST_0/O
                         net (fo=2, routed)           0.124     2.681    u_CORE/u_MULTIMODE_PATH/u_RECORDER/CHECK_PROTECTED
    SLICE_X68Y164        LUT5 (Prop_E6LUT_SLICEL_I0_O)
                                                      0.099     2.780 f  u_CORE/u_MULTIMODE_PATH/u_RECORDER/RING_REQUEST_INST_0/O
                         net (fo=9, routed)           0.159     2.939    u_CORE/u_MULTIMODE_PATH/u_RING_ARBITER/EVENT_REQUEST
    SLICE_X68Y164        LUT4 (Prop_B6LUT_SLICEL_I2_O)
                                                      0.036     2.975 r  u_CORE/u_MULTIMODE_PATH/u_RING_ARBITER/GATED_GRANT_INST_0/O
                         net (fo=1, routed)           0.088     3.063    u_CORE/u_MULTIMODE_PATH/u_GATED_READER/RING_GRANT
    SLICE_X68Y164        LUT6 (Prop_C6LUT_SLICEL_I0_O)
                                                      0.096     3.159 r  u_CORE/u_MULTIMODE_PATH/u_GATED_READER/rb_rd_en_r_i_2/O
                         net (fo=4, routed)           0.095     3.254    u_CORE/u_MULTIMODE_PATH/u_GATED_READER/rb_rd_en_r_i_2_n_3
    SLICE_X67Y164        LUT6 (Prop_D6LUT_SLICEM_I0_O)
                                                      0.099     3.353 r  u_CORE/u_MULTIMODE_PATH/u_GATED_READER/rb_rd_en_r_i_1/O
                         net (fo=23, routed)          0.220     3.573    u_CORE/u_MULTIMODE_PATH/u_GATED_READER/rb_rd_en_r
    SLICE_X67Y163        FDRE                                         r  u_CORE/u_MULTIMODE_PATH/u_GATED_READER/rb_rd_chunk_id_r_reg[14]/CE
  -------------------------------------------------------------------    -------------------

                         (clock CLK_ADC rise edge)    4.000     4.000 r  
                                                      0.000     4.000 r  CLK_ADC (IN)
                         net (fo=3236, unset)         0.021     4.021    u_CORE/u_MULTIMODE_PATH/u_GATED_READER/CLK
    SLICE_X67Y163        FDRE                                         r  u_CORE/u_MULTIMODE_PATH/u_GATED_READER/rb_rd_chunk_id_r_reg[14]/C
                         clock pessimism              0.000     4.021    
                         clock uncertainty           -0.035     3.986    
    SLICE_X67Y163        FDRE (Setup_AFF2_SLICEM_C_CE)
                                                     -0.060     3.926    u_CORE/u_MULTIMODE_PATH/u_GATED_READER/rb_rd_chunk_id_r_reg[14]
  -------------------------------------------------------------------
                         required time                          3.926    
                         arrival time                          -3.573    
  -------------------------------------------------------------------
                         slack                                  0.352    

Slack (MET) :             0.352ns  (required time - arrival time)
  Source:                 u_CORE/u_MULTIMODE_PATH/u_RECORDER/active_request_r_reg[start_address][beat_offset][3]/C
                            (rising edge-triggered cell FDRE clocked by CLK_ADC  {rise@0.000ns fall@2.000ns period=4.000ns})
  Destination:            u_CORE/u_MULTIMODE_PATH/u_GATED_READER/rb_rd_chunk_id_r_reg[4]/CE
                            (rising edge-triggered cell FDRE clocked by CLK_ADC  {rise@0.000ns fall@2.000ns period=4.000ns})
  Path Group:             CLK_ADC
  Path Type:              Setup (Max at Slow Process Corner)
  Requirement:            4.000ns  (CLK_ADC rise@4.000ns - CLK_ADC rise@0.000ns)
  Data Path Delay:        3.543ns  (logic 1.397ns (39.427%)  route 2.146ns (60.573%))
  Logic Levels:           13  (CARRY8=1 LUT2=2 LUT3=1 LUT4=2 LUT5=2 LUT6=4 RAMD64E=1)
  Clock Path Skew:        -0.009ns (DCD - SCD + CPR)
    Destination Clock Delay (DCD):    0.021ns = ( 4.021 - 4.000 ) 
    Source Clock Delay      (SCD):    0.030ns
    Clock Pessimism Removal (CPR):    0.000ns
  Clock Uncertainty:      0.035ns  ((TSJ^2 + TIJ^2)^1/2 + DJ) / 2 + PE
    Total System Jitter     (TSJ):    0.071ns
    Total Input Jitter      (TIJ):    0.000ns
    Discrete Jitter          (DJ):    0.000ns
    Phase Error              (PE):    0.000ns

    Location             Delay type                Incr(ns)  Path(ns)    Netlist Resource(s)
  -------------------------------------------------------------------    -------------------
                         (clock CLK_ADC rise edge)    0.000     0.000 r  
                                                      0.000     0.000 r  CLK_ADC (IN)
                         net (fo=3236, unset)         0.030     0.030    u_CORE/u_MULTIMODE_PATH/u_RECORDER/CLK
    SLICE_X66Y165        FDRE                                         r  u_CORE/u_MULTIMODE_PATH/u_RECORDER/active_request_r_reg[start_address][beat_offset][3]/C
  -------------------------------------------------------------------    -------------------
    SLICE_X66Y165        FDRE (Prop_DFF_SLICEM_C_Q)
                                                      0.078     0.108 r  u_CORE/u_MULTIMODE_PATH/u_RECORDER/active_request_r_reg[start_address][beat_offset][3]/Q
                         net (fo=5, routed)           0.150     0.258    u_CORE/u_MULTIMODE_PATH/u_RECORDER/active_request_r_reg[start_address][beat_offset_n_3_][3]
    SLICE_X66Y166        LUT2 (Prop_G6LUT_SLICEM_I1_O)
                                                      0.090     0.348 r  u_CORE/u_MULTIMODE_PATH/u_RECORDER/CHECK_START_OFFSET[3]_INST_0/O
                         net (fo=1, routed)           0.093     0.441    u_CORE/u_MULTIMODE_PATH/u_RING_ARBITER/EVENT_CHECK_OFFSET[3]
    SLICE_X65Y166        LUT3 (Prop_G6LUT_SLICEL_I0_O)
                                                      0.050     0.491 r  u_CORE/u_MULTIMODE_PATH/u_RING_ARBITER/SHARED_CHECK_OFFSET[3]_INST_0/O
                         net (fo=2, routed)           0.208     0.699    u_CORE/u_MULTIMODE_PATH/u_RING/CHECK_START_OFFSET[3]
    SLICE_X65Y168        CARRY8 (Prop_CARRY8_SLICEL_DI[2]_O[5])
                                                      0.180     0.879 r  u_CORE/u_MULTIMODE_PATH/u_RING/tag_mem_reg_r2_0_63_0_6_i_2/O[5]
                         net (fo=39, routed)          0.284     1.163    u_CORE/u_MULTIMODE_PATH/u_RING/tag_mem_reg_r2_0_63_0_6/ADDRD0
    SLICE_X66Y169        RAMD64E (Prop_D6LUT_SLICEM_RADR0_O)
                                                      0.145     1.308 r  u_CORE/u_MULTIMODE_PATH/u_RING/tag_mem_reg_r2_0_63_0_6/RAMD/O
                         net (fo=1, routed)           0.105     1.413    u_CORE/u_MULTIMODE_PATH/u_RING/CHECK_PRESENT2[3]
    SLICE_X66Y171        LUT4 (Prop_D6LUT_SLICEM_I2_O)
                                                      0.145     1.558 r  u_CORE/u_MULTIMODE_PATH/u_RING/CHECK_PRESENT_INST_0_i_24/O
                         net (fo=2, routed)           0.055     1.613    u_CORE/u_MULTIMODE_PATH/u_RING/CHECK_PRESENT_INST_0_i_24_n_3
    SLICE_X66Y171        LUT5 (Prop_B6LUT_SLICEM_I4_O)
                                                      0.125     1.738 r  u_CORE/u_MULTIMODE_PATH/u_RING/CHECK_PRESENT_INST_0_i_8/O
                         net (fo=1, routed)           0.175     1.913    u_CORE/u_MULTIMODE_PATH/u_RING/CHECK_PRESENT_INST_0_i_8_n_3
    SLICE_X67Y171        LUT6 (Prop_G6LUT_SLICEM_I4_O)
                                                      0.090     2.003 r  u_CORE/u_MULTIMODE_PATH/u_RING/CHECK_PRESENT_INST_0_i_2/O
                         net (fo=2, routed)           0.254     2.257    u_CORE/u_MULTIMODE_PATH/u_RING/CHECK_PRESENT_INST_0_i_2_n_3
    SLICE_X68Y165        LUT6 (Prop_E6LUT_SLICEL_I3_O)
                                                      0.090     2.347 f  u_CORE/u_MULTIMODE_PATH/u_RING/CHECK_PROTECTED_INST_0/O
                         net (fo=2, routed)           0.136     2.483    u_CORE/u_MULTIMODE_PATH/u_RING_ARBITER/SHARED_CHECK_PROTECTED
    SLICE_X68Y164        LUT2 (Prop_F5LUT_SLICEL_I1_O)
                                                      0.074     2.557 f  u_CORE/u_MULTIMODE_PATH/u_RING_ARBITER/EVENT_CHECK_PROTECTED_INST_0/O
                         net (fo=2, routed)           0.124     2.681    u_CORE/u_MULTIMODE_PATH/u_RECORDER/CHECK_PROTECTED
    SLICE_X68Y164        LUT5 (Prop_E6LUT_SLICEL_I0_O)
                                                      0.099     2.780 f  u_CORE/u_MULTIMODE_PATH/u_RECORDER/RING_REQUEST_INST_0/O
                         net (fo=9, routed)           0.159     2.939    u_CORE/u_MULTIMODE_PATH/u_RING_ARBITER/EVENT_REQUEST
    SLICE_X68Y164        LUT4 (Prop_B6LUT_SLICEL_I2_O)
                                                      0.036     2.975 r  u_CORE/u_MULTIMODE_PATH/u_RING_ARBITER/GATED_GRANT_INST_0/O
                         net (fo=1, routed)           0.088     3.063    u_CORE/u_MULTIMODE_PATH/u_GATED_READER/RING_GRANT
    SLICE_X68Y164        LUT6 (Prop_C6LUT_SLICEL_I0_O)
                                                      0.096     3.159 r  u_CORE/u_MULTIMODE_PATH/u_GATED_READER/rb_rd_en_r_i_2/O
                         net (fo=4, routed)           0.095     3.254    u_CORE/u_MULTIMODE_PATH/u_GATED_READER/rb_rd_en_r_i_2_n_3
    SLICE_X67Y164        LUT6 (Prop_D6LUT_SLICEM_I0_O)
                                                      0.099     3.353 r  u_CORE/u_MULTIMODE_PATH/u_GATED_READER/rb_rd_en_r_i_1/O
                         net (fo=23, routed)          0.220     3.573    u_CORE/u_MULTIMODE_PATH/u_GATED_READER/rb_rd_en_r
    SLICE_X67Y163        FDRE                                         r  u_CORE/u_MULTIMODE_PATH/u_GATED_READER/rb_rd_chunk_id_r_reg[4]/CE
  -------------------------------------------------------------------    -------------------

                         (clock CLK_ADC rise edge)    4.000     4.000 r  
                                                      0.000     4.000 r  CLK_ADC (IN)
                         net (fo=3236, unset)         0.021     4.021    u_CORE/u_MULTIMODE_PATH/u_GATED_READER/CLK
    SLICE_X67Y163        FDRE                                         r  u_CORE/u_MULTIMODE_PATH/u_GATED_READER/rb_rd_chunk_id_r_reg[4]/C
                         clock pessimism              0.000     4.021    
                         clock uncertainty           -0.035     3.986    
    SLICE_X67Y163        FDRE (Setup_BFF2_SLICEM_C_CE)
                                                     -0.060     3.926    u_CORE/u_MULTIMODE_PATH/u_GATED_READER/rb_rd_chunk_id_r_reg[4]
  -------------------------------------------------------------------
                         required time                          3.926    
                         arrival time                          -3.573    
  -------------------------------------------------------------------
                         slack                                  0.352    

Slack (MET) :             0.352ns  (required time - arrival time)
  Source:                 u_CORE/u_MULTIMODE_PATH/u_RECORDER/active_request_r_reg[start_address][beat_offset][3]/C
                            (rising edge-triggered cell FDRE clocked by CLK_ADC  {rise@0.000ns fall@2.000ns period=4.000ns})
  Destination:            u_CORE/u_MULTIMODE_PATH/u_GATED_READER/rb_rd_chunk_id_r_reg[9]/CE
                            (rising edge-triggered cell FDRE clocked by CLK_ADC  {rise@0.000ns fall@2.000ns period=4.000ns})
  Path Group:             CLK_ADC
  Path Type:              Setup (Max at Slow Process Corner)
  Requirement:            4.000ns  (CLK_ADC rise@4.000ns - CLK_ADC rise@0.000ns)
  Data Path Delay:        3.543ns  (logic 1.397ns (39.427%)  route 2.146ns (60.573%))
  Logic Levels:           13  (CARRY8=1 LUT2=2 LUT3=1 LUT4=2 LUT5=2 LUT6=4 RAMD64E=1)
  Clock Path Skew:        -0.009ns (DCD - SCD + CPR)
    Destination Clock Delay (DCD):    0.021ns = ( 4.021 - 4.000 ) 
    Source Clock Delay      (SCD):    0.030ns
    Clock Pessimism Removal (CPR):    0.000ns
  Clock Uncertainty:      0.035ns  ((TSJ^2 + TIJ^2)^1/2 + DJ) / 2 + PE
    Total System Jitter     (TSJ):    0.071ns
    Total Input Jitter      (TIJ):    0.000ns
    Discrete Jitter          (DJ):    0.000ns
    Phase Error              (PE):    0.000ns

    Location             Delay type                Incr(ns)  Path(ns)    Netlist Resource(s)
  -------------------------------------------------------------------    -------------------
                         (clock CLK_ADC rise edge)    0.000     0.000 r  
                                                      0.000     0.000 r  CLK_ADC (IN)
                         net (fo=3236, unset)         0.030     0.030    u_CORE/u_MULTIMODE_PATH/u_RECORDER/CLK
    SLICE_X66Y165        FDRE                                         r  u_CORE/u_MULTIMODE_PATH/u_RECORDER/active_request_r_reg[start_address][beat_offset][3]/C
  -------------------------------------------------------------------    -------------------
    SLICE_X66Y165        FDRE (Prop_DFF_SLICEM_C_Q)
                                                      0.078     0.108 r  u_CORE/u_MULTIMODE_PATH/u_RECORDER/active_request_r_reg[start_address][beat_offset][3]/Q
                         net (fo=5, routed)           0.150     0.258    u_CORE/u_MULTIMODE_PATH/u_RECORDER/active_request_r_reg[start_address][beat_offset_n_3_][3]
    SLICE_X66Y166        LUT2 (Prop_G6LUT_SLICEM_I1_O)
                                                      0.090     0.348 r  u_CORE/u_MULTIMODE_PATH/u_RECORDER/CHECK_START_OFFSET[3]_INST_0/O
                         net (fo=1, routed)           0.093     0.441    u_CORE/u_MULTIMODE_PATH/u_RING_ARBITER/EVENT_CHECK_OFFSET[3]
    SLICE_X65Y166        LUT3 (Prop_G6LUT_SLICEL_I0_O)
                                                      0.050     0.491 r  u_CORE/u_MULTIMODE_PATH/u_RING_ARBITER/SHARED_CHECK_OFFSET[3]_INST_0/O
                         net (fo=2, routed)           0.208     0.699    u_CORE/u_MULTIMODE_PATH/u_RING/CHECK_START_OFFSET[3]
    SLICE_X65Y168        CARRY8 (Prop_CARRY8_SLICEL_DI[2]_O[5])
                                                      0.180     0.879 r  u_CORE/u_MULTIMODE_PATH/u_RING/tag_mem_reg_r2_0_63_0_6_i_2/O[5]
                         net (fo=39, routed)          0.284     1.163    u_CORE/u_MULTIMODE_PATH/u_RING/tag_mem_reg_r2_0_63_0_6/ADDRD0
    SLICE_X66Y169        RAMD64E (Prop_D6LUT_SLICEM_RADR0_O)
                                                      0.145     1.308 r  u_CORE/u_MULTIMODE_PATH/u_RING/tag_mem_reg_r2_0_63_0_6/RAMD/O
                         net (fo=1, routed)           0.105     1.413    u_CORE/u_MULTIMODE_PATH/u_RING/CHECK_PRESENT2[3]
    SLICE_X66Y171        LUT4 (Prop_D6LUT_SLICEM_I2_O)
                                                      0.145     1.558 r  u_CORE/u_MULTIMODE_PATH/u_RING/CHECK_PRESENT_INST_0_i_24/O
                         net (fo=2, routed)           0.055     1.613    u_CORE/u_MULTIMODE_PATH/u_RING/CHECK_PRESENT_INST_0_i_24_n_3
    SLICE_X66Y171        LUT5 (Prop_B6LUT_SLICEM_I4_O)
                                                      0.125     1.738 r  u_CORE/u_MULTIMODE_PATH/u_RING/CHECK_PRESENT_INST_0_i_8/O
                         net (fo=1, routed)           0.175     1.913    u_CORE/u_MULTIMODE_PATH/u_RING/CHECK_PRESENT_INST_0_i_8_n_3
    SLICE_X67Y171        LUT6 (Prop_G6LUT_SLICEM_I4_O)
                                                      0.090     2.003 r  u_CORE/u_MULTIMODE_PATH/u_RING/CHECK_PRESENT_INST_0_i_2/O
                         net (fo=2, routed)           0.254     2.257    u_CORE/u_MULTIMODE_PATH/u_RING/CHECK_PRESENT_INST_0_i_2_n_3
    SLICE_X68Y165        LUT6 (Prop_E6LUT_SLICEL_I3_O)
                                                      0.090     2.347 f  u_CORE/u_MULTIMODE_PATH/u_RING/CHECK_PROTECTED_INST_0/O
                         net (fo=2, routed)           0.136     2.483    u_CORE/u_MULTIMODE_PATH/u_RING_ARBITER/SHARED_CHECK_PROTECTED
    SLICE_X68Y164        LUT2 (Prop_F5LUT_SLICEL_I1_O)
                                                      0.074     2.557 f  u_CORE/u_MULTIMODE_PATH/u_RING_ARBITER/EVENT_CHECK_PROTECTED_INST_0/O
                         net (fo=2, routed)           0.124     2.681    u_CORE/u_MULTIMODE_PATH/u_RECORDER/CHECK_PROTECTED
    SLICE_X68Y164        LUT5 (Prop_E6LUT_SLICEL_I0_O)
                                                      0.099     2.780 f  u_CORE/u_MULTIMODE_PATH/u_RECORDER/RING_REQUEST_INST_0/O
                         net (fo=9, routed)           0.159     2.939    u_CORE/u_MULTIMODE_PATH/u_RING_ARBITER/EVENT_REQUEST
    SLICE_X68Y164        LUT4 (Prop_B6LUT_SLICEL_I2_O)
                                                      0.036     2.975 r  u_CORE/u_MULTIMODE_PATH/u_RING_ARBITER/GATED_GRANT_INST_0/O
                         net (fo=1, routed)           0.088     3.063    u_CORE/u_MULTIMODE_PATH/u_GATED_READER/RING_GRANT
    SLICE_X68Y164        LUT6 (Prop_C6LUT_SLICEL_I0_O)
                                                      0.096     3.159 r  u_CORE/u_MULTIMODE_PATH/u_GATED_READER/rb_rd_en_r_i_2/O
                         net (fo=4, routed)           0.095     3.254    u_CORE/u_MULTIMODE_PATH/u_GATED_READER/rb_rd_en_r_i_2_n_3
    SLICE_X67Y164        LUT6 (Prop_D6LUT_SLICEM_I0_O)
                                                      0.099     3.353 r  u_CORE/u_MULTIMODE_PATH/u_GATED_READER/rb_rd_en_r_i_1/O
                         net (fo=23, routed)          0.220     3.573    u_CORE/u_MULTIMODE_PATH/u_GATED_READER/rb_rd_en_r
    SLICE_X67Y163        FDRE                                         r  u_CORE/u_MULTIMODE_PATH/u_GATED_READER/rb_rd_chunk_id_r_reg[9]/CE
  -------------------------------------------------------------------    -------------------

                         (clock CLK_ADC rise edge)    4.000     4.000 r  
                                                      0.000     4.000 r  CLK_ADC (IN)
                         net (fo=3236, unset)         0.021     4.021    u_CORE/u_MULTIMODE_PATH/u_GATED_READER/CLK
    SLICE_X67Y163        FDRE                                         r  u_CORE/u_MULTIMODE_PATH/u_GATED_READER/rb_rd_chunk_id_r_reg[9]/C
                         clock pessimism              0.000     4.021    
                         clock uncertainty           -0.035     3.986    
    SLICE_X67Y163        FDRE (Setup_CFF2_SLICEM_C_CE)
                                                     -0.060     3.926    u_CORE/u_MULTIMODE_PATH/u_GATED_READER/rb_rd_chunk_id_r_reg[9]
  -------------------------------------------------------------------
                         required time                          3.926    
                         arrival time                          -3.573    
  -------------------------------------------------------------------
                         slack                                  0.352    

Slack (MET) :             0.353ns  (required time - arrival time)
  Source:                 u_CORE/u_MULTIMODE_PATH/u_RECORDER/active_request_r_reg[start_address][beat_offset][3]/C
                            (rising edge-triggered cell FDRE clocked by CLK_ADC  {rise@0.000ns fall@2.000ns period=4.000ns})
  Destination:            u_CORE/u_MULTIMODE_PATH/u_GATED_READER/rb_rd_batch_idx_r_reg[5]/CE
                            (rising edge-triggered cell FDRE clocked by CLK_ADC  {rise@0.000ns fall@2.000ns period=4.000ns})
  Path Group:             CLK_ADC
  Path Type:              Setup (Max at Slow Process Corner)
  Requirement:            4.000ns  (CLK_ADC rise@4.000ns - CLK_ADC rise@0.000ns)
  Data Path Delay:        3.541ns  (logic 1.397ns (39.449%)  route 2.144ns (60.551%))
  Logic Levels:           13  (CARRY8=1 LUT2=2 LUT3=1 LUT4=2 LUT5=2 LUT6=4 RAMD64E=1)
  Clock Path Skew:        -0.010ns (DCD - SCD + CPR)
    Destination Clock Delay (DCD):    0.020ns = ( 4.020 - 4.000 ) 
    Source Clock Delay      (SCD):    0.030ns
    Clock Pessimism Removal (CPR):    0.000ns
  Clock Uncertainty:      0.035ns  ((TSJ^2 + TIJ^2)^1/2 + DJ) / 2 + PE
    Total System Jitter     (TSJ):    0.071ns
    Total Input Jitter      (TIJ):    0.000ns
    Discrete Jitter          (DJ):    0.000ns
    Phase Error              (PE):    0.000ns

    Location             Delay type                Incr(ns)  Path(ns)    Netlist Resource(s)
  -------------------------------------------------------------------    -------------------
                         (clock CLK_ADC rise edge)    0.000     0.000 r  
                                                      0.000     0.000 r  CLK_ADC (IN)
                         net (fo=3236, unset)         0.030     0.030    u_CORE/u_MULTIMODE_PATH/u_RECORDER/CLK
    SLICE_X66Y165        FDRE                                         r  u_CORE/u_MULTIMODE_PATH/u_RECORDER/active_request_r_reg[start_address][beat_offset][3]/C
  -------------------------------------------------------------------    -------------------
    SLICE_X66Y165        FDRE (Prop_DFF_SLICEM_C_Q)
                                                      0.078     0.108 r  u_CORE/u_MULTIMODE_PATH/u_RECORDER/active_request_r_reg[start_address][beat_offset][3]/Q
                         net (fo=5, routed)           0.150     0.258    u_CORE/u_MULTIMODE_PATH/u_RECORDER/active_request_r_reg[start_address][beat_offset_n_3_][3]
    SLICE_X66Y166        LUT2 (Prop_G6LUT_SLICEM_I1_O)
                                                      0.090     0.348 r  u_CORE/u_MULTIMODE_PATH/u_RECORDER/CHECK_START_OFFSET[3]_INST_0/O
                         net (fo=1, routed)           0.093     0.441    u_CORE/u_MULTIMODE_PATH/u_RING_ARBITER/EVENT_CHECK_OFFSET[3]
    SLICE_X65Y166        LUT3 (Prop_G6LUT_SLICEL_I0_O)
                                                      0.050     0.491 r  u_CORE/u_MULTIMODE_PATH/u_RING_ARBITER/SHARED_CHECK_OFFSET[3]_INST_0/O
                         net (fo=2, routed)           0.208     0.699    u_CORE/u_MULTIMODE_PATH/u_RING/CHECK_START_OFFSET[3]
    SLICE_X65Y168        CARRY8 (Prop_CARRY8_SLICEL_DI[2]_O[5])
                                                      0.180     0.879 r  u_CORE/u_MULTIMODE_PATH/u_RING/tag_mem_reg_r2_0_63_0_6_i_2/O[5]
                         net (fo=39, routed)          0.284     1.163    u_CORE/u_MULTIMODE_PATH/u_RING/tag_mem_reg_r2_0_63_0_6/ADDRD0
    SLICE_X66Y169        RAMD64E (Prop_D6LUT_SLICEM_RADR0_O)
                                                      0.145     1.308 r  u_CORE/u_MULTIMODE_PATH/u_RING/tag_mem_reg_r2_0_63_0_6/RAMD/O
                         net (fo=1, routed)           0.105     1.413    u_CORE/u_MULTIMODE_PATH/u_RING/CHECK_PRESENT2[3]
    SLICE_X66Y171        LUT4 (Prop_D6LUT_SLICEM_I2_O)
                                                      0.145     1.558 r  u_CORE/u_MULTIMODE_PATH/u_RING/CHECK_PRESENT_INST_0_i_24/O
                         net (fo=2, routed)           0.055     1.613    u_CORE/u_MULTIMODE_PATH/u_RING/CHECK_PRESENT_INST_0_i_24_n_3
    SLICE_X66Y171        LUT5 (Prop_B6LUT_SLICEM_I4_O)
                                                      0.125     1.738 r  u_CORE/u_MULTIMODE_PATH/u_RING/CHECK_PRESENT_INST_0_i_8/O
                         net (fo=1, routed)           0.175     1.913    u_CORE/u_MULTIMODE_PATH/u_RING/CHECK_PRESENT_INST_0_i_8_n_3
    SLICE_X67Y171        LUT6 (Prop_G6LUT_SLICEM_I4_O)
                                                      0.090     2.003 r  u_CORE/u_MULTIMODE_PATH/u_RING/CHECK_PRESENT_INST_0_i_2/O
                         net (fo=2, routed)           0.254     2.257    u_CORE/u_MULTIMODE_PATH/u_RING/CHECK_PRESENT_INST_0_i_2_n_3
    SLICE_X68Y165        LUT6 (Prop_E6LUT_SLICEL_I3_O)
                                                      0.090     2.347 f  u_CORE/u_MULTIMODE_PATH/u_RING/CHECK_PROTECTED_INST_0/O
                         net (fo=2, routed)           0.136     2.483    u_CORE/u_MULTIMODE_PATH/u_RING_ARBITER/SHARED_CHECK_PROTECTED
    SLICE_X68Y164        LUT2 (Prop_F5LUT_SLICEL_I1_O)
                                                      0.074     2.557 f  u_CORE/u_MULTIMODE_PATH/u_RING_ARBITER/EVENT_CHECK_PROTECTED_INST_0/O
                         net (fo=2, routed)           0.124     2.681    u_CORE/u_MULTIMODE_PATH/u_RECORDER/CHECK_PROTECTED
    SLICE_X68Y164        LUT5 (Prop_E6LUT_SLICEL_I0_O)
                                                      0.099     2.780 f  u_CORE/u_MULTIMODE_PATH/u_RECORDER/RING_REQUEST_INST_0/O
                         net (fo=9, routed)           0.159     2.939    u_CORE/u_MULTIMODE_PATH/u_RING_ARBITER/EVENT_REQUEST
    SLICE_X68Y164        LUT4 (Prop_B6LUT_SLICEL_I2_O)
                                                      0.036     2.975 r  u_CORE/u_MULTIMODE_PATH/u_RING_ARBITER/GATED_GRANT_INST_0/O
                         net (fo=1, routed)           0.088     3.063    u_CORE/u_MULTIMODE_PATH/u_GATED_READER/RING_GRANT
    SLICE_X68Y164        LUT6 (Prop_C6LUT_SLICEL_I0_O)
                                                      0.096     3.159 r  u_CORE/u_MULTIMODE_PATH/u_GATED_READER/rb_rd_en_r_i_2/O
                         net (fo=4, routed)           0.095     3.254    u_CORE/u_MULTIMODE_PATH/u_GATED_READER/rb_rd_en_r_i_2_n_3
    SLICE_X67Y164        LUT6 (Prop_D6LUT_SLICEM_I0_O)
                                                      0.099     3.353 r  u_CORE/u_MULTIMODE_PATH/u_GATED_READER/rb_rd_en_r_i_1/O
                         net (fo=23, routed)          0.218     3.571    u_CORE/u_MULTIMODE_PATH/u_GATED_READER/rb_rd_en_r
    SLICE_X68Y162        FDRE                                         r  u_CORE/u_MULTIMODE_PATH/u_GATED_READER/rb_rd_batch_idx_r_reg[5]/CE
  -------------------------------------------------------------------    -------------------

                         (clock CLK_ADC rise edge)    4.000     4.000 r  
                                                      0.000     4.000 r  CLK_ADC (IN)
                         net (fo=3236, unset)         0.020     4.020    u_CORE/u_MULTIMODE_PATH/u_GATED_READER/CLK
    SLICE_X68Y162        FDRE                                         r  u_CORE/u_MULTIMODE_PATH/u_GATED_READER/rb_rd_batch_idx_r_reg[5]/C
                         clock pessimism              0.000     4.020    
                         clock uncertainty           -0.035     3.985    
    SLICE_X68Y162        FDRE (Setup_DFF_SLICEL_C_CE)
                                                     -0.060     3.925    u_CORE/u_MULTIMODE_PATH/u_GATED_READER/rb_rd_batch_idx_r_reg[5]
  -------------------------------------------------------------------
                         required time                          3.925    
                         arrival time                          -3.571    
  -------------------------------------------------------------------
                         slack                                  0.353    

Slack (MET) :             0.353ns  (required time - arrival time)
  Source:                 u_CORE/u_MULTIMODE_PATH/u_RECORDER/active_request_r_reg[start_address][beat_offset][3]/C
                            (rising edge-triggered cell FDRE clocked by CLK_ADC  {rise@0.000ns fall@2.000ns period=4.000ns})
  Destination:            u_CORE/u_MULTIMODE_PATH/u_GATED_READER/rb_rd_chunk_id_r_reg[1]/CE
                            (rising edge-triggered cell FDRE clocked by CLK_ADC  {rise@0.000ns fall@2.000ns period=4.000ns})
  Path Group:             CLK_ADC
  Path Type:              Setup (Max at Slow Process Corner)
  Requirement:            4.000ns  (CLK_ADC rise@4.000ns - CLK_ADC rise@0.000ns)
  Data Path Delay:        3.541ns  (logic 1.397ns (39.449%)  route 2.144ns (60.551%))
  Logic Levels:           13  (CARRY8=1 LUT2=2 LUT3=1 LUT4=2 LUT5=2 LUT6=4 RAMD64E=1)
  Clock Path Skew:        -0.010ns (DCD - SCD + CPR)
    Destination Clock Delay (DCD):    0.020ns = ( 4.020 - 4.000 ) 
    Source Clock Delay      (SCD):    0.030ns
    Clock Pessimism Removal (CPR):    0.000ns
  Clock Uncertainty:      0.035ns  ((TSJ^2 + TIJ^2)^1/2 + DJ) / 2 + PE
    Total System Jitter     (TSJ):    0.071ns
    Total Input Jitter      (TIJ):    0.000ns
    Discrete Jitter          (DJ):    0.000ns
    Phase Error              (PE):    0.000ns

    Location             Delay type                Incr(ns)  Path(ns)    Netlist Resource(s)
  -------------------------------------------------------------------    -------------------
                         (clock CLK_ADC rise edge)    0.000     0.000 r  
                                                      0.000     0.000 r  CLK_ADC (IN)
                         net (fo=3236, unset)         0.030     0.030    u_CORE/u_MULTIMODE_PATH/u_RECORDER/CLK
    SLICE_X66Y165        FDRE                                         r  u_CORE/u_MULTIMODE_PATH/u_RECORDER/active_request_r_reg[start_address][beat_offset][3]/C
  -------------------------------------------------------------------    -------------------
    SLICE_X66Y165        FDRE (Prop_DFF_SLICEM_C_Q)
                                                      0.078     0.108 r  u_CORE/u_MULTIMODE_PATH/u_RECORDER/active_request_r_reg[start_address][beat_offset][3]/Q
                         net (fo=5, routed)           0.150     0.258    u_CORE/u_MULTIMODE_PATH/u_RECORDER/active_request_r_reg[start_address][beat_offset_n_3_][3]
    SLICE_X66Y166        LUT2 (Prop_G6LUT_SLICEM_I1_O)
                                                      0.090     0.348 r  u_CORE/u_MULTIMODE_PATH/u_RECORDER/CHECK_START_OFFSET[3]_INST_0/O
                         net (fo=1, routed)           0.093     0.441    u_CORE/u_MULTIMODE_PATH/u_RING_ARBITER/EVENT_CHECK_OFFSET[3]
    SLICE_X65Y166        LUT3 (Prop_G6LUT_SLICEL_I0_O)
                                                      0.050     0.491 r  u_CORE/u_MULTIMODE_PATH/u_RING_ARBITER/SHARED_CHECK_OFFSET[3]_INST_0/O
                         net (fo=2, routed)           0.208     0.699    u_CORE/u_MULTIMODE_PATH/u_RING/CHECK_START_OFFSET[3]
    SLICE_X65Y168        CARRY8 (Prop_CARRY8_SLICEL_DI[2]_O[5])
                                                      0.180     0.879 r  u_CORE/u_MULTIMODE_PATH/u_RING/tag_mem_reg_r2_0_63_0_6_i_2/O[5]
                         net (fo=39, routed)          0.284     1.163    u_CORE/u_MULTIMODE_PATH/u_RING/tag_mem_reg_r2_0_63_0_6/ADDRD0
    SLICE_X66Y169        RAMD64E (Prop_D6LUT_SLICEM_RADR0_O)
                                                      0.145     1.308 r  u_CORE/u_MULTIMODE_PATH/u_RING/tag_mem_reg_r2_0_63_0_6/RAMD/O
                         net (fo=1, routed)           0.105     1.413    u_CORE/u_MULTIMODE_PATH/u_RING/CHECK_PRESENT2[3]
    SLICE_X66Y171        LUT4 (Prop_D6LUT_SLICEM_I2_O)
                                                      0.145     1.558 r  u_CORE/u_MULTIMODE_PATH/u_RING/CHECK_PRESENT_INST_0_i_24/O
                         net (fo=2, routed)           0.055     1.613    u_CORE/u_MULTIMODE_PATH/u_RING/CHECK_PRESENT_INST_0_i_24_n_3
    SLICE_X66Y171        LUT5 (Prop_B6LUT_SLICEM_I4_O)
                                                      0.125     1.738 r  u_CORE/u_MULTIMODE_PATH/u_RING/CHECK_PRESENT_INST_0_i_8/O
                         net (fo=1, routed)           0.175     1.913    u_CORE/u_MULTIMODE_PATH/u_RING/CHECK_PRESENT_INST_0_i_8_n_3
    SLICE_X67Y171        LUT6 (Prop_G6LUT_SLICEM_I4_O)
                                                      0.090     2.003 r  u_CORE/u_MULTIMODE_PATH/u_RING/CHECK_PRESENT_INST_0_i_2/O
                         net (fo=2, routed)           0.254     2.257    u_CORE/u_MULTIMODE_PATH/u_RING/CHECK_PRESENT_INST_0_i_2_n_3
    SLICE_X68Y165        LUT6 (Prop_E6LUT_SLICEL_I3_O)
                                                      0.090     2.347 f  u_CORE/u_MULTIMODE_PATH/u_RING/CHECK_PROTECTED_INST_0/O
                         net (fo=2, routed)           0.136     2.483    u_CORE/u_MULTIMODE_PATH/u_RING_ARBITER/SHARED_CHECK_PROTECTED
    SLICE_X68Y164        LUT2 (Prop_F5LUT_SLICEL_I1_O)
                                                      0.074     2.557 f  u_CORE/u_MULTIMODE_PATH/u_RING_ARBITER/EVENT_CHECK_PROTECTED_INST_0/O
                         net (fo=2, routed)           0.124     2.681    u_CORE/u_MULTIMODE_PATH/u_RECORDER/CHECK_PROTECTED
    SLICE_X68Y164        LUT5 (Prop_E6LUT_SLICEL_I0_O)
                                                      0.099     2.780 f  u_CORE/u_MULTIMODE_PATH/u_RECORDER/RING_REQUEST_INST_0/O
                         net (fo=9, routed)           0.159     2.939    u_CORE/u_MULTIMODE_PATH/u_RING_ARBITER/EVENT_REQUEST
    SLICE_X68Y164        LUT4 (Prop_B6LUT_SLICEL_I2_O)
                                                      0.036     2.975 r  u_CORE/u_MULTIMODE_PATH/u_RING_ARBITER/GATED_GRANT_INST_0/O
                         net (fo=1, routed)           0.088     3.063    u_CORE/u_MULTIMODE_PATH/u_GATED_READER/RING_GRANT
    SLICE_X68Y164        LUT6 (Prop_C6LUT_SLICEL_I0_O)
                                                      0.096     3.159 r  u_CORE/u_MULTIMODE_PATH/u_GATED_READER/rb_rd_en_r_i_2/O
                         net (fo=4, routed)           0.095     3.254    u_CORE/u_MULTIMODE_PATH/u_GATED_READER/rb_rd_en_r_i_2_n_3
    SLICE_X67Y164        LUT6 (Prop_D6LUT_SLICEM_I0_O)
                                                      0.099     3.353 r  u_CORE/u_MULTIMODE_PATH/u_GATED_READER/rb_rd_en_r_i_1/O
                         net (fo=23, routed)          0.218     3.571    u_CORE/u_MULTIMODE_PATH/u_GATED_READER/rb_rd_en_r
    SLICE_X68Y162        FDRE                                         r  u_CORE/u_MULTIMODE_PATH/u_GATED_READER/rb_rd_chunk_id_r_reg[1]/CE
  -------------------------------------------------------------------    -------------------

                         (clock CLK_ADC rise edge)    4.000     4.000 r  
                                                      0.000     4.000 r  CLK_ADC (IN)
                         net (fo=3236, unset)         0.020     4.020    u_CORE/u_MULTIMODE_PATH/u_GATED_READER/CLK
    SLICE_X68Y162        FDRE                                         r  u_CORE/u_MULTIMODE_PATH/u_GATED_READER/rb_rd_chunk_id_r_reg[1]/C
                         clock pessimism              0.000     4.020    
                         clock uncertainty           -0.035     3.985    
    SLICE_X68Y162        FDRE (Setup_CFF_SLICEL_C_CE)
                                                     -0.060     3.925    u_CORE/u_MULTIMODE_PATH/u_GATED_READER/rb_rd_chunk_id_r_reg[1]
  -------------------------------------------------------------------
                         required time                          3.925    
                         arrival time                          -3.571    
  -------------------------------------------------------------------
                         slack                                  0.353    

Slack (MET) :             0.353ns  (required time - arrival time)
  Source:                 u_CORE/u_MULTIMODE_PATH/u_RECORDER/active_request_r_reg[start_address][beat_offset][3]/C
                            (rising edge-triggered cell FDRE clocked by CLK_ADC  {rise@0.000ns fall@2.000ns period=4.000ns})
  Destination:            u_CORE/u_MULTIMODE_PATH/u_GATED_READER/rb_rd_chunk_id_r_reg[0]/CE
                            (rising edge-triggered cell FDRE clocked by CLK_ADC  {rise@0.000ns fall@2.000ns period=4.000ns})
  Path Group:             CLK_ADC
  Path Type:              Setup (Max at Slow Process Corner)
  Requirement:            4.000ns  (CLK_ADC rise@4.000ns - CLK_ADC rise@0.000ns)
  Data Path Delay:        3.542ns  (logic 1.397ns (39.438%)  route 2.145ns (60.562%))
  Logic Levels:           13  (CARRY8=1 LUT2=2 LUT3=1 LUT4=2 LUT5=2 LUT6=4 RAMD64E=1)
  Clock Path Skew:        -0.010ns (DCD - SCD + CPR)
    Destination Clock Delay (DCD):    0.020ns = ( 4.020 - 4.000 ) 
    Source Clock Delay      (SCD):    0.030ns
    Clock Pessimism Removal (CPR):    0.000ns
  Clock Uncertainty:      0.035ns  ((TSJ^2 + TIJ^2)^1/2 + DJ) / 2 + PE
    Total System Jitter     (TSJ):    0.071ns
    Total Input Jitter      (TIJ):    0.000ns
    Discrete Jitter          (DJ):    0.000ns
    Phase Error              (PE):    0.000ns

    Location             Delay type                Incr(ns)  Path(ns)    Netlist Resource(s)
  -------------------------------------------------------------------    -------------------
                         (clock CLK_ADC rise edge)    0.000     0.000 r  
                                                      0.000     0.000 r  CLK_ADC (IN)
                         net (fo=3236, unset)         0.030     0.030    u_CORE/u_MULTIMODE_PATH/u_RECORDER/CLK
    SLICE_X66Y165        FDRE                                         r  u_CORE/u_MULTIMODE_PATH/u_RECORDER/active_request_r_reg[start_address][beat_offset][3]/C
  -------------------------------------------------------------------    -------------------
    SLICE_X66Y165        FDRE (Prop_DFF_SLICEM_C_Q)
                                                      0.078     0.108 r  u_CORE/u_MULTIMODE_PATH/u_RECORDER/active_request_r_reg[start_address][beat_offset][3]/Q
                         net (fo=5, routed)           0.150     0.258    u_CORE/u_MULTIMODE_PATH/u_RECORDER/active_request_r_reg[start_address][beat_offset_n_3_][3]
    SLICE_X66Y166        LUT2 (Prop_G6LUT_SLICEM_I1_O)
                                                      0.090     0.348 r  u_CORE/u_MULTIMODE_PATH/u_RECORDER/CHECK_START_OFFSET[3]_INST_0/O
                         net (fo=1, routed)           0.093     0.441    u_CORE/u_MULTIMODE_PATH/u_RING_ARBITER/EVENT_CHECK_OFFSET[3]
    SLICE_X65Y166        LUT3 (Prop_G6LUT_SLICEL_I0_O)
                                                      0.050     0.491 r  u_CORE/u_MULTIMODE_PATH/u_RING_ARBITER/SHARED_CHECK_OFFSET[3]_INST_0/O
                         net (fo=2, routed)           0.208     0.699    u_CORE/u_MULTIMODE_PATH/u_RING/CHECK_START_OFFSET[3]
    SLICE_X65Y168        CARRY8 (Prop_CARRY8_SLICEL_DI[2]_O[5])
                                                      0.180     0.879 r  u_CORE/u_MULTIMODE_PATH/u_RING/tag_mem_reg_r2_0_63_0_6_i_2/O[5]
                         net (fo=39, routed)          0.284     1.163    u_CORE/u_MULTIMODE_PATH/u_RING/tag_mem_reg_r2_0_63_0_6/ADDRD0
    SLICE_X66Y169        RAMD64E (Prop_D6LUT_SLICEM_RADR0_O)
                                                      0.145     1.308 r  u_CORE/u_MULTIMODE_PATH/u_RING/tag_mem_reg_r2_0_63_0_6/RAMD/O
                         net (fo=1, routed)           0.105     1.413    u_CORE/u_MULTIMODE_PATH/u_RING/CHECK_PRESENT2[3]
    SLICE_X66Y171        LUT4 (Prop_D6LUT_SLICEM_I2_O)
                                                      0.145     1.558 r  u_CORE/u_MULTIMODE_PATH/u_RING/CHECK_PRESENT_INST_0_i_24/O
                         net (fo=2, routed)           0.055     1.613    u_CORE/u_MULTIMODE_PATH/u_RING/CHECK_PRESENT_INST_0_i_24_n_3
    SLICE_X66Y171        LUT5 (Prop_B6LUT_SLICEM_I4_O)
                                                      0.125     1.738 r  u_CORE/u_MULTIMODE_PATH/u_RING/CHECK_PRESENT_INST_0_i_8/O
                         net (fo=1, routed)           0.175     1.913    u_CORE/u_MULTIMODE_PATH/u_RING/CHECK_PRESENT_INST_0_i_8_n_3
    SLICE_X67Y171        LUT6 (Prop_G6LUT_SLICEM_I4_O)
                                                      0.090     2.003 r  u_CORE/u_MULTIMODE_PATH/u_RING/CHECK_PRESENT_INST_0_i_2/O
                         net (fo=2, routed)           0.254     2.257    u_CORE/u_MULTIMODE_PATH/u_RING/CHECK_PRESENT_INST_0_i_2_n_3
    SLICE_X68Y165        LUT6 (Prop_E6LUT_SLICEL_I3_O)
                                                      0.090     2.347 f  u_CORE/u_MULTIMODE_PATH/u_RING/CHECK_PROTECTED_INST_0/O
                         net (fo=2, routed)           0.136     2.483    u_CORE/u_MULTIMODE_PATH/u_RING_ARBITER/SHARED_CHECK_PROTECTED
    SLICE_X68Y164        LUT2 (Prop_F5LUT_SLICEL_I1_O)
                                                      0.074     2.557 f  u_CORE/u_MULTIMODE_PATH/u_RING_ARBITER/EVENT_CHECK_PROTECTED_INST_0/O
                         net (fo=2, routed)           0.124     2.681    u_CORE/u_MULTIMODE_PATH/u_RECORDER/CHECK_PROTECTED
    SLICE_X68Y164        LUT5 (Prop_E6LUT_SLICEL_I0_O)
                                                      0.099     2.780 f  u_CORE/u_MULTIMODE_PATH/u_RECORDER/RING_REQUEST_INST_0/O
                         net (fo=9, routed)           0.159     2.939    u_CORE/u_MULTIMODE_PATH/u_RING_ARBITER/EVENT_REQUEST
    SLICE_X68Y164        LUT4 (Prop_B6LUT_SLICEL_I2_O)
                                                      0.036     2.975 r  u_CORE/u_MULTIMODE_PATH/u_RING_ARBITER/GATED_GRANT_INST_0/O
                         net (fo=1, routed)           0.088     3.063    u_CORE/u_MULTIMODE_PATH/u_GATED_READER/RING_GRANT
    SLICE_X68Y164        LUT6 (Prop_C6LUT_SLICEL_I0_O)
                                                      0.096     3.159 r  u_CORE/u_MULTIMODE_PATH/u_GATED_READER/rb_rd_en_r_i_2/O
                         net (fo=4, routed)           0.095     3.254    u_CORE/u_MULTIMODE_PATH/u_GATED_READER/rb_rd_en_r_i_2_n_3
    SLICE_X67Y164        LUT6 (Prop_D6LUT_SLICEM_I0_O)
                                                      0.099     3.353 r  u_CORE/u_MULTIMODE_PATH/u_GATED_READER/rb_rd_en_r_i_1/O
                         net (fo=23, routed)          0.219     3.572    u_CORE/u_MULTIMODE_PATH/u_GATED_READER/rb_rd_en_r
    SLICE_X68Y162        FDRE                                         r  u_CORE/u_MULTIMODE_PATH/u_GATED_READER/rb_rd_chunk_id_r_reg[0]/CE
  -------------------------------------------------------------------    -------------------

                         (clock CLK_ADC rise edge)    4.000     4.000 r  
                                                      0.000     4.000 r  CLK_ADC (IN)
                         net (fo=3236, unset)         0.020     4.020    u_CORE/u_MULTIMODE_PATH/u_GATED_READER/CLK
    SLICE_X68Y162        FDRE                                         r  u_CORE/u_MULTIMODE_PATH/u_GATED_READER/rb_rd_chunk_id_r_reg[0]/C
                         clock pessimism              0.000     4.020    
                         clock uncertainty           -0.035     3.985    
    SLICE_X68Y162        FDRE (Setup_DFF2_SLICEL_C_CE)
                                                     -0.059     3.926    u_CORE/u_MULTIMODE_PATH/u_GATED_READER/rb_rd_chunk_id_r_reg[0]
  -------------------------------------------------------------------
                         required time                          3.926    
                         arrival time                          -3.572    
  -------------------------------------------------------------------
                         slack                                  0.353    

Slack (MET) :             0.353ns  (required time - arrival time)
  Source:                 u_CORE/u_MULTIMODE_PATH/u_RECORDER/active_request_r_reg[start_address][beat_offset][3]/C
                            (rising edge-triggered cell FDRE clocked by CLK_ADC  {rise@0.000ns fall@2.000ns period=4.000ns})
  Destination:            u_CORE/u_MULTIMODE_PATH/u_GATED_READER/rb_rd_chunk_id_r_reg[2]/CE
                            (rising edge-triggered cell FDRE clocked by CLK_ADC  {rise@0.000ns fall@2.000ns period=4.000ns})
  Path Group:             CLK_ADC
  Path Type:              Setup (Max at Slow Process Corner)
  Requirement:            4.000ns  (CLK_ADC rise@4.000ns - CLK_ADC rise@0.000ns)
  Data Path Delay:        3.542ns  (logic 1.397ns (39.438%)  route 2.145ns (60.562%))
  Logic Levels:           13  (CARRY8=1 LUT2=2 LUT3=1 LUT4=2 LUT5=2 LUT6=4 RAMD64E=1)
  Clock Path Skew:        -0.010ns (DCD - SCD + CPR)
    Destination Clock Delay (DCD):    0.020ns = ( 4.020 - 4.000 ) 
    Source Clock Delay      (SCD):    0.030ns
    Clock Pessimism Removal (CPR):    0.000ns
  Clock Uncertainty:      0.035ns  ((TSJ^2 + TIJ^2)^1/2 + DJ) / 2 + PE
    Total System Jitter     (TSJ):    0.071ns
    Total Input Jitter      (TIJ):    0.000ns
    Discrete Jitter          (DJ):    0.000ns
    Phase Error              (PE):    0.000ns

    Location             Delay type                Incr(ns)  Path(ns)    Netlist Resource(s)
  -------------------------------------------------------------------    -------------------
                         (clock CLK_ADC rise edge)    0.000     0.000 r  
                                                      0.000     0.000 r  CLK_ADC (IN)
                         net (fo=3236, unset)         0.030     0.030    u_CORE/u_MULTIMODE_PATH/u_RECORDER/CLK
    SLICE_X66Y165        FDRE                                         r  u_CORE/u_MULTIMODE_PATH/u_RECORDER/active_request_r_reg[start_address][beat_offset][3]/C
  -------------------------------------------------------------------    -------------------
    SLICE_X66Y165        FDRE (Prop_DFF_SLICEM_C_Q)
                                                      0.078     0.108 r  u_CORE/u_MULTIMODE_PATH/u_RECORDER/active_request_r_reg[start_address][beat_offset][3]/Q
                         net (fo=5, routed)           0.150     0.258    u_CORE/u_MULTIMODE_PATH/u_RECORDER/active_request_r_reg[start_address][beat_offset_n_3_][3]
    SLICE_X66Y166        LUT2 (Prop_G6LUT_SLICEM_I1_O)
                                                      0.090     0.348 r  u_CORE/u_MULTIMODE_PATH/u_RECORDER/CHECK_START_OFFSET[3]_INST_0/O
                         net (fo=1, routed)           0.093     0.441    u_CORE/u_MULTIMODE_PATH/u_RING_ARBITER/EVENT_CHECK_OFFSET[3]
    SLICE_X65Y166        LUT3 (Prop_G6LUT_SLICEL_I0_O)
                                                      0.050     0.491 r  u_CORE/u_MULTIMODE_PATH/u_RING_ARBITER/SHARED_CHECK_OFFSET[3]_INST_0/O
                         net (fo=2, routed)           0.208     0.699    u_CORE/u_MULTIMODE_PATH/u_RING/CHECK_START_OFFSET[3]
    SLICE_X65Y168        CARRY8 (Prop_CARRY8_SLICEL_DI[2]_O[5])
                                                      0.180     0.879 r  u_CORE/u_MULTIMODE_PATH/u_RING/tag_mem_reg_r2_0_63_0_6_i_2/O[5]
                         net (fo=39, routed)          0.284     1.163    u_CORE/u_MULTIMODE_PATH/u_RING/tag_mem_reg_r2_0_63_0_6/ADDRD0
    SLICE_X66Y169        RAMD64E (Prop_D6LUT_SLICEM_RADR0_O)
                                                      0.145     1.308 r  u_CORE/u_MULTIMODE_PATH/u_RING/tag_mem_reg_r2_0_63_0_6/RAMD/O
                         net (fo=1, routed)           0.105     1.413    u_CORE/u_MULTIMODE_PATH/u_RING/CHECK_PRESENT2[3]
    SLICE_X66Y171        LUT4 (Prop_D6LUT_SLICEM_I2_O)
                                                      0.145     1.558 r  u_CORE/u_MULTIMODE_PATH/u_RING/CHECK_PRESENT_INST_0_i_24/O
                         net (fo=2, routed)           0.055     1.613    u_CORE/u_MULTIMODE_PATH/u_RING/CHECK_PRESENT_INST_0_i_24_n_3
    SLICE_X66Y171        LUT5 (Prop_B6LUT_SLICEM_I4_O)
                                                      0.125     1.738 r  u_CORE/u_MULTIMODE_PATH/u_RING/CHECK_PRESENT_INST_0_i_8/O
                         net (fo=1, routed)           0.175     1.913    u_CORE/u_MULTIMODE_PATH/u_RING/CHECK_PRESENT_INST_0_i_8_n_3
    SLICE_X67Y171        LUT6 (Prop_G6LUT_SLICEM_I4_O)
                                                      0.090     2.003 r  u_CORE/u_MULTIMODE_PATH/u_RING/CHECK_PRESENT_INST_0_i_2/O
                         net (fo=2, routed)           0.254     2.257    u_CORE/u_MULTIMODE_PATH/u_RING/CHECK_PRESENT_INST_0_i_2_n_3
    SLICE_X68Y165        LUT6 (Prop_E6LUT_SLICEL_I3_O)
                                                      0.090     2.347 f  u_CORE/u_MULTIMODE_PATH/u_RING/CHECK_PROTECTED_INST_0/O
                         net (fo=2, routed)           0.136     2.483    u_CORE/u_MULTIMODE_PATH/u_RING_ARBITER/SHARED_CHECK_PROTECTED
    SLICE_X68Y164        LUT2 (Prop_F5LUT_SLICEL_I1_O)
                                                      0.074     2.557 f  u_CORE/u_MULTIMODE_PATH/u_RING_ARBITER/EVENT_CHECK_PROTECTED_INST_0/O
                         net (fo=2, routed)           0.124     2.681    u_CORE/u_MULTIMODE_PATH/u_RECORDER/CHECK_PROTECTED
    SLICE_X68Y164        LUT5 (Prop_E6LUT_SLICEL_I0_O)
                                                      0.099     2.780 f  u_CORE/u_MULTIMODE_PATH/u_RECORDER/RING_REQUEST_INST_0/O
                         net (fo=9, routed)           0.159     2.939    u_CORE/u_MULTIMODE_PATH/u_RING_ARBITER/EVENT_REQUEST
    SLICE_X68Y164        LUT4 (Prop_B6LUT_SLICEL_I2_O)
                                                      0.036     2.975 r  u_CORE/u_MULTIMODE_PATH/u_RING_ARBITER/GATED_GRANT_INST_0/O
                         net (fo=1, routed)           0.088     3.063    u_CORE/u_MULTIMODE_PATH/u_GATED_READER/RING_GRANT
    SLICE_X68Y164        LUT6 (Prop_C6LUT_SLICEL_I0_O)
                                                      0.096     3.159 r  u_CORE/u_MULTIMODE_PATH/u_GATED_READER/rb_rd_en_r_i_2/O
                         net (fo=4, routed)           0.095     3.254    u_CORE/u_MULTIMODE_PATH/u_GATED_READER/rb_rd_en_r_i_2_n_3
    SLICE_X67Y164        LUT6 (Prop_D6LUT_SLICEM_I0_O)
                                                      0.099     3.353 r  u_CORE/u_MULTIMODE_PATH/u_GATED_READER/rb_rd_en_r_i_1/O
                         net (fo=23, routed)          0.219     3.572    u_CORE/u_MULTIMODE_PATH/u_GATED_READER/rb_rd_en_r
    SLICE_X68Y162        FDRE                                         r  u_CORE/u_MULTIMODE_PATH/u_GATED_READER/rb_rd_chunk_id_r_reg[2]/CE
  -------------------------------------------------------------------    -------------------

                         (clock CLK_ADC rise edge)    4.000     4.000 r  
                                                      0.000     4.000 r  CLK_ADC (IN)
                         net (fo=3236, unset)         0.020     4.020    u_CORE/u_MULTIMODE_PATH/u_GATED_READER/CLK
    SLICE_X68Y162        FDRE                                         r  u_CORE/u_MULTIMODE_PATH/u_GATED_READER/rb_rd_chunk_id_r_reg[2]/C
                         clock pessimism              0.000     4.020    
                         clock uncertainty           -0.035     3.985    
    SLICE_X68Y162        FDRE (Setup_CFF2_SLICEL_C_CE)
                                                     -0.059     3.926    u_CORE/u_MULTIMODE_PATH/u_GATED_READER/rb_rd_chunk_id_r_reg[2]
  -------------------------------------------------------------------
                         required time                          3.926    
                         arrival time                          -3.572    
  -------------------------------------------------------------------
                         slack                                  0.353    

Slack (MET) :             0.359ns  (required time - arrival time)
  Source:                 u_CORE/u_MULTIMODE_PATH/u_RECORDER/active_request_r_reg[start_address][beat_offset][3]/C
                            (rising edge-triggered cell FDRE clocked by CLK_ADC  {rise@0.000ns fall@2.000ns period=4.000ns})
  Destination:            u_CORE/u_MULTIMODE_PATH/u_GATED_READER/selected_lane_r_reg[0]/D
                            (rising edge-triggered cell FDRE clocked by CLK_ADC  {rise@0.000ns fall@2.000ns period=4.000ns})
  Path Group:             CLK_ADC
  Path Type:              Setup (Max at Slow Process Corner)
  Requirement:            4.000ns  (CLK_ADC rise@4.000ns - CLK_ADC rise@0.000ns)
  Data Path Delay:        3.622ns  (logic 1.425ns (39.344%)  route 2.197ns (60.656%))
  Logic Levels:           14  (CARRY8=1 LUT2=2 LUT3=2 LUT4=2 LUT5=2 LUT6=4 RAMD64E=1)
  Clock Path Skew:        -0.009ns (DCD - SCD + CPR)
    Destination Clock Delay (DCD):    0.021ns = ( 4.021 - 4.000 ) 
    Source Clock Delay      (SCD):    0.030ns
    Clock Pessimism Removal (CPR):    0.000ns
  Clock Uncertainty:      0.035ns  ((TSJ^2 + TIJ^2)^1/2 + DJ) / 2 + PE
    Total System Jitter     (TSJ):    0.071ns
    Total Input Jitter      (TIJ):    0.000ns
    Discrete Jitter          (DJ):    0.000ns
    Phase Error              (PE):    0.000ns

    Location             Delay type                Incr(ns)  Path(ns)    Netlist Resource(s)
  -------------------------------------------------------------------    -------------------
                         (clock CLK_ADC rise edge)    0.000     0.000 r  
                                                      0.000     0.000 r  CLK_ADC (IN)
                         net (fo=3236, unset)         0.030     0.030    u_CORE/u_MULTIMODE_PATH/u_RECORDER/CLK
    SLICE_X66Y165        FDRE                                         r  u_CORE/u_MULTIMODE_PATH/u_RECORDER/active_request_r_reg[start_address][beat_offset][3]/C
  -------------------------------------------------------------------    -------------------
    SLICE_X66Y165        FDRE (Prop_DFF_SLICEM_C_Q)
                                                      0.078     0.108 r  u_CORE/u_MULTIMODE_PATH/u_RECORDER/active_request_r_reg[start_address][beat_offset][3]/Q
                         net (fo=5, routed)           0.150     0.258    u_CORE/u_MULTIMODE_PATH/u_RECORDER/active_request_r_reg[start_address][beat_offset_n_3_][3]
    SLICE_X66Y166        LUT2 (Prop_G6LUT_SLICEM_I1_O)
                                                      0.090     0.348 r  u_CORE/u_MULTIMODE_PATH/u_RECORDER/CHECK_START_OFFSET[3]_INST_0/O
                         net (fo=1, routed)           0.093     0.441    u_CORE/u_MULTIMODE_PATH/u_RING_ARBITER/EVENT_CHECK_OFFSET[3]
    SLICE_X65Y166        LUT3 (Prop_G6LUT_SLICEL_I0_O)
                                                      0.050     0.491 r  u_CORE/u_MULTIMODE_PATH/u_RING_ARBITER/SHARED_CHECK_OFFSET[3]_INST_0/O
                         net (fo=2, routed)           0.208     0.699    u_CORE/u_MULTIMODE_PATH/u_RING/CHECK_START_OFFSET[3]
    SLICE_X65Y168        CARRY8 (Prop_CARRY8_SLICEL_DI[2]_O[5])
                                                      0.180     0.879 r  u_CORE/u_MULTIMODE_PATH/u_RING/tag_mem_reg_r2_0_63_0_6_i_2/O[5]
                         net (fo=39, routed)          0.284     1.163    u_CORE/u_MULTIMODE_PATH/u_RING/tag_mem_reg_r2_0_63_0_6/ADDRD0
    SLICE_X66Y169        RAMD64E (Prop_D6LUT_SLICEM_RADR0_O)
                                                      0.145     1.308 r  u_CORE/u_MULTIMODE_PATH/u_RING/tag_mem_reg_r2_0_63_0_6/RAMD/O
                         net (fo=1, routed)           0.105     1.413    u_CORE/u_MULTIMODE_PATH/u_RING/CHECK_PRESENT2[3]
    SLICE_X66Y171        LUT4 (Prop_D6LUT_SLICEM_I2_O)
                                                      0.145     1.558 r  u_CORE/u_MULTIMODE_PATH/u_RING/CHECK_PRESENT_INST_0_i_24/O
                         net (fo=2, routed)           0.055     1.613    u_CORE/u_MULTIMODE_PATH/u_RING/CHECK_PRESENT_INST_0_i_24_n_3
    SLICE_X66Y171        LUT5 (Prop_B6LUT_SLICEM_I4_O)
                                                      0.125     1.738 r  u_CORE/u_MULTIMODE_PATH/u_RING/CHECK_PRESENT_INST_0_i_8/O
                         net (fo=1, routed)           0.175     1.913    u_CORE/u_MULTIMODE_PATH/u_RING/CHECK_PRESENT_INST_0_i_8_n_3
    SLICE_X67Y171        LUT6 (Prop_G6LUT_SLICEM_I4_O)
                                                      0.090     2.003 r  u_CORE/u_MULTIMODE_PATH/u_RING/CHECK_PRESENT_INST_0_i_2/O
                         net (fo=2, routed)           0.254     2.257    u_CORE/u_MULTIMODE_PATH/u_RING/CHECK_PRESENT_INST_0_i_2_n_3
    SLICE_X68Y165        LUT6 (Prop_E6LUT_SLICEL_I3_O)
                                                      0.090     2.347 f  u_CORE/u_MULTIMODE_PATH/u_RING/CHECK_PROTECTED_INST_0/O
                         net (fo=2, routed)           0.136     2.483    u_CORE/u_MULTIMODE_PATH/u_RING_ARBITER/SHARED_CHECK_PROTECTED
    SLICE_X68Y164        LUT2 (Prop_F5LUT_SLICEL_I1_O)
                                                      0.074     2.557 f  u_CORE/u_MULTIMODE_PATH/u_RING_ARBITER/EVENT_CHECK_PROTECTED_INST_0/O
                         net (fo=2, routed)           0.124     2.681    u_CORE/u_MULTIMODE_PATH/u_RECORDER/CHECK_PROTECTED
    SLICE_X68Y164        LUT5 (Prop_E6LUT_SLICEL_I0_O)
                                                      0.099     2.780 f  u_CORE/u_MULTIMODE_PATH/u_RECORDER/RING_REQUEST_INST_0/O
                         net (fo=9, routed)           0.159     2.939    u_CORE/u_MULTIMODE_PATH/u_RING_ARBITER/EVENT_REQUEST
    SLICE_X68Y164        LUT4 (Prop_B6LUT_SLICEL_I2_O)
                                                      0.036     2.975 r  u_CORE/u_MULTIMODE_PATH/u_RING_ARBITER/GATED_GRANT_INST_0/O
                         net (fo=1, routed)           0.088     3.063    u_CORE/u_MULTIMODE_PATH/u_GATED_READER/RING_GRANT
    SLICE_X68Y164        LUT6 (Prop_C6LUT_SLICEL_I0_O)
                                                      0.096     3.159 r  u_CORE/u_MULTIMODE_PATH/u_GATED_READER/rb_rd_en_r_i_2/O
                         net (fo=4, routed)           0.201     3.360    u_CORE/u_MULTIMODE_PATH/u_GATED_READER/rb_rd_en_r_i_2_n_3
    SLICE_X66Y164        LUT3 (Prop_H6LUT_SLICEM_I0_O)
                                                      0.090     3.450 r  u_CORE/u_MULTIMODE_PATH/u_GATED_READER/selected_lane_r[0]_i_2/O
                         net (fo=1, routed)           0.093     3.543    u_CORE/u_MULTIMODE_PATH/u_GATED_READER/selected_lane_r[0]_i_2_n_3
    SLICE_X66Y163        LUT6 (Prop_D6LUT_SLICEM_I4_O)
                                                      0.037     3.580 r  u_CORE/u_MULTIMODE_PATH/u_GATED_READER/selected_lane_r[0]_i_1/O
                         net (fo=1, routed)           0.072     3.652    u_CORE/u_MULTIMODE_PATH/u_GATED_READER/selected_lane_r[0]_i_1_n_3
    SLICE_X66Y163        FDRE                                         r  u_CORE/u_MULTIMODE_PATH/u_GATED_READER/selected_lane_r_reg[0]/D
  -------------------------------------------------------------------    -------------------

                         (clock CLK_ADC rise edge)    4.000     4.000 r  
                                                      0.000     4.000 r  CLK_ADC (IN)
                         net (fo=3236, unset)         0.021     4.021    u_CORE/u_MULTIMODE_PATH/u_GATED_READER/CLK
    SLICE_X66Y163        FDRE                                         r  u_CORE/u_MULTIMODE_PATH/u_GATED_READER/selected_lane_r_reg[0]/C
                         clock pessimism              0.000     4.021    
                         clock uncertainty           -0.035     3.986    
    SLICE_X66Y163        FDRE (Setup_DFF_SLICEM_C_D)
                                                      0.025     4.011    u_CORE/u_MULTIMODE_PATH/u_GATED_READER/selected_lane_r_reg[0]
  -------------------------------------------------------------------
                         required time                          4.011    
                         arrival time                          -3.652    
  -------------------------------------------------------------------
                         slack                                  0.359    

Slack (MET) :             0.393ns  (required time - arrival time)
  Source:                 u_CORE/u_MULTIMODE_PATH/u_RECORDER/active_request_r_reg[start_address][beat_offset][3]/C
                            (rising edge-triggered cell FDRE clocked by CLK_ADC  {rise@0.000ns fall@2.000ns period=4.000ns})
  Destination:            u_CORE/u_MULTIMODE_PATH/u_GATED_READER/rb_rd_chunk_id_r_reg[12]/CE
                            (rising edge-triggered cell FDRE clocked by CLK_ADC  {rise@0.000ns fall@2.000ns period=4.000ns})
  Path Group:             CLK_ADC
  Path Type:              Setup (Max at Slow Process Corner)
  Requirement:            4.000ns  (CLK_ADC rise@4.000ns - CLK_ADC rise@0.000ns)
  Data Path Delay:        3.501ns  (logic 1.397ns (39.898%)  route 2.104ns (60.102%))
  Logic Levels:           13  (CARRY8=1 LUT2=2 LUT3=1 LUT4=2 LUT5=2 LUT6=4 RAMD64E=1)
  Clock Path Skew:        -0.009ns (DCD - SCD + CPR)
    Destination Clock Delay (DCD):    0.021ns = ( 4.021 - 4.000 ) 
    Source Clock Delay      (SCD):    0.030ns
    Clock Pessimism Removal (CPR):    0.000ns
  Clock Uncertainty:      0.035ns  ((TSJ^2 + TIJ^2)^1/2 + DJ) / 2 + PE
    Total System Jitter     (TSJ):    0.071ns
    Total Input Jitter      (TIJ):    0.000ns
    Discrete Jitter          (DJ):    0.000ns
    Phase Error              (PE):    0.000ns

    Location             Delay type                Incr(ns)  Path(ns)    Netlist Resource(s)
  -------------------------------------------------------------------    -------------------
                         (clock CLK_ADC rise edge)    0.000     0.000 r  
                                                      0.000     0.000 r  CLK_ADC (IN)
                         net (fo=3236, unset)         0.030     0.030    u_CORE/u_MULTIMODE_PATH/u_RECORDER/CLK
    SLICE_X66Y165        FDRE                                         r  u_CORE/u_MULTIMODE_PATH/u_RECORDER/active_request_r_reg[start_address][beat_offset][3]/C
  -------------------------------------------------------------------    -------------------
    SLICE_X66Y165        FDRE (Prop_DFF_SLICEM_C_Q)
                                                      0.078     0.108 r  u_CORE/u_MULTIMODE_PATH/u_RECORDER/active_request_r_reg[start_address][beat_offset][3]/Q
                         net (fo=5, routed)           0.150     0.258    u_CORE/u_MULTIMODE_PATH/u_RECORDER/active_request_r_reg[start_address][beat_offset_n_3_][3]
    SLICE_X66Y166        LUT2 (Prop_G6LUT_SLICEM_I1_O)
                                                      0.090     0.348 r  u_CORE/u_MULTIMODE_PATH/u_RECORDER/CHECK_START_OFFSET[3]_INST_0/O
                         net (fo=1, routed)           0.093     0.441    u_CORE/u_MULTIMODE_PATH/u_RING_ARBITER/EVENT_CHECK_OFFSET[3]
    SLICE_X65Y166        LUT3 (Prop_G6LUT_SLICEL_I0_O)
                                                      0.050     0.491 r  u_CORE/u_MULTIMODE_PATH/u_RING_ARBITER/SHARED_CHECK_OFFSET[3]_INST_0/O
                         net (fo=2, routed)           0.208     0.699    u_CORE/u_MULTIMODE_PATH/u_RING/CHECK_START_OFFSET[3]
    SLICE_X65Y168        CARRY8 (Prop_CARRY8_SLICEL_DI[2]_O[5])
                                                      0.180     0.879 r  u_CORE/u_MULTIMODE_PATH/u_RING/tag_mem_reg_r2_0_63_0_6_i_2/O[5]
                         net (fo=39, routed)          0.284     1.163    u_CORE/u_MULTIMODE_PATH/u_RING/tag_mem_reg_r2_0_63_0_6/ADDRD0
    SLICE_X66Y169        RAMD64E (Prop_D6LUT_SLICEM_RADR0_O)
                                                      0.145     1.308 r  u_CORE/u_MULTIMODE_PATH/u_RING/tag_mem_reg_r2_0_63_0_6/RAMD/O
                         net (fo=1, routed)           0.105     1.413    u_CORE/u_MULTIMODE_PATH/u_RING/CHECK_PRESENT2[3]
    SLICE_X66Y171        LUT4 (Prop_D6LUT_SLICEM_I2_O)
                                                      0.145     1.558 r  u_CORE/u_MULTIMODE_PATH/u_RING/CHECK_PRESENT_INST_0_i_24/O
                         net (fo=2, routed)           0.055     1.613    u_CORE/u_MULTIMODE_PATH/u_RING/CHECK_PRESENT_INST_0_i_24_n_3
    SLICE_X66Y171        LUT5 (Prop_B6LUT_SLICEM_I4_O)
                                                      0.125     1.738 r  u_CORE/u_MULTIMODE_PATH/u_RING/CHECK_PRESENT_INST_0_i_8/O
                         net (fo=1, routed)           0.175     1.913    u_CORE/u_MULTIMODE_PATH/u_RING/CHECK_PRESENT_INST_0_i_8_n_3
    SLICE_X67Y171        LUT6 (Prop_G6LUT_SLICEM_I4_O)
                                                      0.090     2.003 r  u_CORE/u_MULTIMODE_PATH/u_RING/CHECK_PRESENT_INST_0_i_2/O
                         net (fo=2, routed)           0.254     2.257    u_CORE/u_MULTIMODE_PATH/u_RING/CHECK_PRESENT_INST_0_i_2_n_3
    SLICE_X68Y165        LUT6 (Prop_E6LUT_SLICEL_I3_O)
                                                      0.090     2.347 f  u_CORE/u_MULTIMODE_PATH/u_RING/CHECK_PROTECTED_INST_0/O
                         net (fo=2, routed)           0.136     2.483    u_CORE/u_MULTIMODE_PATH/u_RING_ARBITER/SHARED_CHECK_PROTECTED
    SLICE_X68Y164        LUT2 (Prop_F5LUT_SLICEL_I1_O)
                                                      0.074     2.557 f  u_CORE/u_MULTIMODE_PATH/u_RING_ARBITER/EVENT_CHECK_PROTECTED_INST_0/O
                         net (fo=2, routed)           0.124     2.681    u_CORE/u_MULTIMODE_PATH/u_RECORDER/CHECK_PROTECTED
    SLICE_X68Y164        LUT5 (Prop_E6LUT_SLICEL_I0_O)
                                                      0.099     2.780 f  u_CORE/u_MULTIMODE_PATH/u_RECORDER/RING_REQUEST_INST_0/O
                         net (fo=9, routed)           0.159     2.939    u_CORE/u_MULTIMODE_PATH/u_RING_ARBITER/EVENT_REQUEST
    SLICE_X68Y164        LUT4 (Prop_B6LUT_SLICEL_I2_O)
                                                      0.036     2.975 r  u_CORE/u_MULTIMODE_PATH/u_RING_ARBITER/GATED_GRANT_INST_0/O
                         net (fo=1, routed)           0.088     3.063    u_CORE/u_MULTIMODE_PATH/u_GATED_READER/RING_GRANT
    SLICE_X68Y164        LUT6 (Prop_C6LUT_SLICEL_I0_O)
                                                      0.096     3.159 r  u_CORE/u_MULTIMODE_PATH/u_GATED_READER/rb_rd_en_r_i_2/O
                         net (fo=4, routed)           0.095     3.254    u_CORE/u_MULTIMODE_PATH/u_GATED_READER/rb_rd_en_r_i_2_n_3
    SLICE_X67Y164        LUT6 (Prop_D6LUT_SLICEM_I0_O)
                                                      0.099     3.353 r  u_CORE/u_MULTIMODE_PATH/u_GATED_READER/rb_rd_en_r_i_1/O
                         net (fo=23, routed)          0.179     3.531    u_CORE/u_MULTIMODE_PATH/u_GATED_READER/rb_rd_en_r
    SLICE_X67Y164        FDRE                                         r  u_CORE/u_MULTIMODE_PATH/u_GATED_READER/rb_rd_chunk_id_r_reg[12]/CE
  -------------------------------------------------------------------    -------------------

                         (clock CLK_ADC rise edge)    4.000     4.000 r  
                                                      0.000     4.000 r  CLK_ADC (IN)
                         net (fo=3236, unset)         0.021     4.021    u_CORE/u_MULTIMODE_PATH/u_GATED_READER/CLK
    SLICE_X67Y164        FDRE                                         r  u_CORE/u_MULTIMODE_PATH/u_GATED_READER/rb_rd_chunk_id_r_reg[12]/C
                         clock pessimism              0.000     4.021    
                         clock uncertainty           -0.035     3.986    
    SLICE_X67Y164        FDRE (Setup_GFF2_SLICEM_C_CE)
                                                     -0.061     3.925    u_CORE/u_MULTIMODE_PATH/u_GATED_READER/rb_rd_chunk_id_r_reg[12]
  -------------------------------------------------------------------
                         required time                          3.925    
                         arrival time                          -3.531    
  -------------------------------------------------------------------
                         slack                                  0.393    

Slack (MET) :             0.393ns  (required time - arrival time)
  Source:                 u_CORE/u_MULTIMODE_PATH/u_RECORDER/active_request_r_reg[start_address][beat_offset][3]/C
                            (rising edge-triggered cell FDRE clocked by CLK_ADC  {rise@0.000ns fall@2.000ns period=4.000ns})
  Destination:            u_CORE/u_MULTIMODE_PATH/u_GATED_READER/rb_rd_chunk_id_r_reg[15]/CE
                            (rising edge-triggered cell FDRE clocked by CLK_ADC  {rise@0.000ns fall@2.000ns period=4.000ns})
  Path Group:             CLK_ADC
  Path Type:              Setup (Max at Slow Process Corner)
  Requirement:            4.000ns  (CLK_ADC rise@4.000ns - CLK_ADC rise@0.000ns)
  Data Path Delay:        3.501ns  (logic 1.397ns (39.898%)  route 2.104ns (60.102%))
  Logic Levels:           13  (CARRY8=1 LUT2=2 LUT3=1 LUT4=2 LUT5=2 LUT6=4 RAMD64E=1)
  Clock Path Skew:        -0.009ns (DCD - SCD + CPR)
    Destination Clock Delay (DCD):    0.021ns = ( 4.021 - 4.000 ) 
    Source Clock Delay      (SCD):    0.030ns
    Clock Pessimism Removal (CPR):    0.000ns
  Clock Uncertainty:      0.035ns  ((TSJ^2 + TIJ^2)^1/2 + DJ) / 2 + PE
    Total System Jitter     (TSJ):    0.071ns
    Total Input Jitter      (TIJ):    0.000ns
    Discrete Jitter          (DJ):    0.000ns
    Phase Error              (PE):    0.000ns

    Location             Delay type                Incr(ns)  Path(ns)    Netlist Resource(s)
  -------------------------------------------------------------------    -------------------
                         (clock CLK_ADC rise edge)    0.000     0.000 r  
                                                      0.000     0.000 r  CLK_ADC (IN)
                         net (fo=3236, unset)         0.030     0.030    u_CORE/u_MULTIMODE_PATH/u_RECORDER/CLK
    SLICE_X66Y165        FDRE                                         r  u_CORE/u_MULTIMODE_PATH/u_RECORDER/active_request_r_reg[start_address][beat_offset][3]/C
  -------------------------------------------------------------------    -------------------
    SLICE_X66Y165        FDRE (Prop_DFF_SLICEM_C_Q)
                                                      0.078     0.108 r  u_CORE/u_MULTIMODE_PATH/u_RECORDER/active_request_r_reg[start_address][beat_offset][3]/Q
                         net (fo=5, routed)           0.150     0.258    u_CORE/u_MULTIMODE_PATH/u_RECORDER/active_request_r_reg[start_address][beat_offset_n_3_][3]
    SLICE_X66Y166        LUT2 (Prop_G6LUT_SLICEM_I1_O)
                                                      0.090     0.348 r  u_CORE/u_MULTIMODE_PATH/u_RECORDER/CHECK_START_OFFSET[3]_INST_0/O
                         net (fo=1, routed)           0.093     0.441    u_CORE/u_MULTIMODE_PATH/u_RING_ARBITER/EVENT_CHECK_OFFSET[3]
    SLICE_X65Y166        LUT3 (Prop_G6LUT_SLICEL_I0_O)
                                                      0.050     0.491 r  u_CORE/u_MULTIMODE_PATH/u_RING_ARBITER/SHARED_CHECK_OFFSET[3]_INST_0/O
                         net (fo=2, routed)           0.208     0.699    u_CORE/u_MULTIMODE_PATH/u_RING/CHECK_START_OFFSET[3]
    SLICE_X65Y168        CARRY8 (Prop_CARRY8_SLICEL_DI[2]_O[5])
                                                      0.180     0.879 r  u_CORE/u_MULTIMODE_PATH/u_RING/tag_mem_reg_r2_0_63_0_6_i_2/O[5]
                         net (fo=39, routed)          0.284     1.163    u_CORE/u_MULTIMODE_PATH/u_RING/tag_mem_reg_r2_0_63_0_6/ADDRD0
    SLICE_X66Y169        RAMD64E (Prop_D6LUT_SLICEM_RADR0_O)
                                                      0.145     1.308 r  u_CORE/u_MULTIMODE_PATH/u_RING/tag_mem_reg_r2_0_63_0_6/RAMD/O
                         net (fo=1, routed)           0.105     1.413    u_CORE/u_MULTIMODE_PATH/u_RING/CHECK_PRESENT2[3]
    SLICE_X66Y171        LUT4 (Prop_D6LUT_SLICEM_I2_O)
                                                      0.145     1.558 r  u_CORE/u_MULTIMODE_PATH/u_RING/CHECK_PRESENT_INST_0_i_24/O
                         net (fo=2, routed)           0.055     1.613    u_CORE/u_MULTIMODE_PATH/u_RING/CHECK_PRESENT_INST_0_i_24_n_3
    SLICE_X66Y171        LUT5 (Prop_B6LUT_SLICEM_I4_O)
                                                      0.125     1.738 r  u_CORE/u_MULTIMODE_PATH/u_RING/CHECK_PRESENT_INST_0_i_8/O
                         net (fo=1, routed)           0.175     1.913    u_CORE/u_MULTIMODE_PATH/u_RING/CHECK_PRESENT_INST_0_i_8_n_3
    SLICE_X67Y171        LUT6 (Prop_G6LUT_SLICEM_I4_O)
                                                      0.090     2.003 r  u_CORE/u_MULTIMODE_PATH/u_RING/CHECK_PRESENT_INST_0_i_2/O
                         net (fo=2, routed)           0.254     2.257    u_CORE/u_MULTIMODE_PATH/u_RING/CHECK_PRESENT_INST_0_i_2_n_3
    SLICE_X68Y165        LUT6 (Prop_E6LUT_SLICEL_I3_O)
                                                      0.090     2.347 f  u_CORE/u_MULTIMODE_PATH/u_RING/CHECK_PROTECTED_INST_0/O
                         net (fo=2, routed)           0.136     2.483    u_CORE/u_MULTIMODE_PATH/u_RING_ARBITER/SHARED_CHECK_PROTECTED
    SLICE_X68Y164        LUT2 (Prop_F5LUT_SLICEL_I1_O)
                                                      0.074     2.557 f  u_CORE/u_MULTIMODE_PATH/u_RING_ARBITER/EVENT_CHECK_PROTECTED_INST_0/O
                         net (fo=2, routed)           0.124     2.681    u_CORE/u_MULTIMODE_PATH/u_RECORDER/CHECK_PROTECTED
    SLICE_X68Y164        LUT5 (Prop_E6LUT_SLICEL_I0_O)
                                                      0.099     2.780 f  u_CORE/u_MULTIMODE_PATH/u_RECORDER/RING_REQUEST_INST_0/O
                         net (fo=9, routed)           0.159     2.939    u_CORE/u_MULTIMODE_PATH/u_RING_ARBITER/EVENT_REQUEST
    SLICE_X68Y164        LUT4 (Prop_B6LUT_SLICEL_I2_O)
                                                      0.036     2.975 r  u_CORE/u_MULTIMODE_PATH/u_RING_ARBITER/GATED_GRANT_INST_0/O
                         net (fo=1, routed)           0.088     3.063    u_CORE/u_MULTIMODE_PATH/u_GATED_READER/RING_GRANT
    SLICE_X68Y164        LUT6 (Prop_C6LUT_SLICEL_I0_O)
                                                      0.096     3.159 r  u_CORE/u_MULTIMODE_PATH/u_GATED_READER/rb_rd_en_r_i_2/O
                         net (fo=4, routed)           0.095     3.254    u_CORE/u_MULTIMODE_PATH/u_GATED_READER/rb_rd_en_r_i_2_n_3
    SLICE_X67Y164        LUT6 (Prop_D6LUT_SLICEM_I0_O)
                                                      0.099     3.353 r  u_CORE/u_MULTIMODE_PATH/u_GATED_READER/rb_rd_en_r_i_1/O
                         net (fo=23, routed)          0.179     3.531    u_CORE/u_MULTIMODE_PATH/u_GATED_READER/rb_rd_en_r
    SLICE_X67Y164        FDRE                                         r  u_CORE/u_MULTIMODE_PATH/u_GATED_READER/rb_rd_chunk_id_r_reg[15]/CE
  -------------------------------------------------------------------    -------------------

                         (clock CLK_ADC rise edge)    4.000     4.000 r  
                                                      0.000     4.000 r  CLK_ADC (IN)
                         net (fo=3236, unset)         0.021     4.021    u_CORE/u_MULTIMODE_PATH/u_GATED_READER/CLK
    SLICE_X67Y164        FDRE                                         r  u_CORE/u_MULTIMODE_PATH/u_GATED_READER/rb_rd_chunk_id_r_reg[15]/C
                         clock pessimism              0.000     4.021    
                         clock uncertainty           -0.035     3.986    
    SLICE_X67Y164        FDRE (Setup_EFF2_SLICEM_C_CE)
                                                     -0.061     3.925    u_CORE/u_MULTIMODE_PATH/u_GATED_READER/rb_rd_chunk_id_r_reg[15]
  -------------------------------------------------------------------
                         required time                          3.925    
                         arrival time                          -3.531    
  -------------------------------------------------------------------
                         slack                                  0.393    

Slack (MET) :             0.393ns  (required time - arrival time)
  Source:                 u_CORE/u_MULTIMODE_PATH/u_RECORDER/active_request_r_reg[start_address][beat_offset][3]/C
                            (rising edge-triggered cell FDRE clocked by CLK_ADC  {rise@0.000ns fall@2.000ns period=4.000ns})
  Destination:            u_CORE/u_MULTIMODE_PATH/u_GATED_READER/rb_rd_chunk_id_r_reg[6]/CE
                            (rising edge-triggered cell FDRE clocked by CLK_ADC  {rise@0.000ns fall@2.000ns period=4.000ns})
  Path Group:             CLK_ADC
  Path Type:              Setup (Max at Slow Process Corner)
  Requirement:            4.000ns  (CLK_ADC rise@4.000ns - CLK_ADC rise@0.000ns)
  Data Path Delay:        3.501ns  (logic 1.397ns (39.898%)  route 2.104ns (60.102%))
  Logic Levels:           13  (CARRY8=1 LUT2=2 LUT3=1 LUT4=2 LUT5=2 LUT6=4 RAMD64E=1)
  Clock Path Skew:        -0.009ns (DCD - SCD + CPR)
    Destination Clock Delay (DCD):    0.021ns = ( 4.021 - 4.000 ) 
    Source Clock Delay      (SCD):    0.030ns
    Clock Pessimism Removal (CPR):    0.000ns
  Clock Uncertainty:      0.035ns  ((TSJ^2 + TIJ^2)^1/2 + DJ) / 2 + PE
    Total System Jitter     (TSJ):    0.071ns
    Total Input Jitter      (TIJ):    0.000ns
    Discrete Jitter          (DJ):    0.000ns
    Phase Error              (PE):    0.000ns

    Location             Delay type                Incr(ns)  Path(ns)    Netlist Resource(s)
  -------------------------------------------------------------------    -------------------
                         (clock CLK_ADC rise edge)    0.000     0.000 r  
                                                      0.000     0.000 r  CLK_ADC (IN)
                         net (fo=3236, unset)         0.030     0.030    u_CORE/u_MULTIMODE_PATH/u_RECORDER/CLK
    SLICE_X66Y165        FDRE                                         r  u_CORE/u_MULTIMODE_PATH/u_RECORDER/active_request_r_reg[start_address][beat_offset][3]/C
  -------------------------------------------------------------------    -------------------
    SLICE_X66Y165        FDRE (Prop_DFF_SLICEM_C_Q)
                                                      0.078     0.108 r  u_CORE/u_MULTIMODE_PATH/u_RECORDER/active_request_r_reg[start_address][beat_offset][3]/Q
                         net (fo=5, routed)           0.150     0.258    u_CORE/u_MULTIMODE_PATH/u_RECORDER/active_request_r_reg[start_address][beat_offset_n_3_][3]
    SLICE_X66Y166        LUT2 (Prop_G6LUT_SLICEM_I1_O)
                                                      0.090     0.348 r  u_CORE/u_MULTIMODE_PATH/u_RECORDER/CHECK_START_OFFSET[3]_INST_0/O
                         net (fo=1, routed)           0.093     0.441    u_CORE/u_MULTIMODE_PATH/u_RING_ARBITER/EVENT_CHECK_OFFSET[3]
    SLICE_X65Y166        LUT3 (Prop_G6LUT_SLICEL_I0_O)
                                                      0.050     0.491 r  u_CORE/u_MULTIMODE_PATH/u_RING_ARBITER/SHARED_CHECK_OFFSET[3]_INST_0/O
                         net (fo=2, routed)           0.208     0.699    u_CORE/u_MULTIMODE_PATH/u_RING/CHECK_START_OFFSET[3]
    SLICE_X65Y168        CARRY8 (Prop_CARRY8_SLICEL_DI[2]_O[5])
                                                      0.180     0.879 r  u_CORE/u_MULTIMODE_PATH/u_RING/tag_mem_reg_r2_0_63_0_6_i_2/O[5]
                         net (fo=39, routed)          0.284     1.163    u_CORE/u_MULTIMODE_PATH/u_RING/tag_mem_reg_r2_0_63_0_6/ADDRD0
    SLICE_X66Y169        RAMD64E (Prop_D6LUT_SLICEM_RADR0_O)
                                                      0.145     1.308 r  u_CORE/u_MULTIMODE_PATH/u_RING/tag_mem_reg_r2_0_63_0_6/RAMD/O
                         net (fo=1, routed)           0.105     1.413    u_CORE/u_MULTIMODE_PATH/u_RING/CHECK_PRESENT2[3]
    SLICE_X66Y171        LUT4 (Prop_D6LUT_SLICEM_I2_O)
                                                      0.145     1.558 r  u_CORE/u_MULTIMODE_PATH/u_RING/CHECK_PRESENT_INST_0_i_24/O
                         net (fo=2, routed)           0.055     1.613    u_CORE/u_MULTIMODE_PATH/u_RING/CHECK_PRESENT_INST_0_i_24_n_3
    SLICE_X66Y171        LUT5 (Prop_B6LUT_SLICEM_I4_O)
                                                      0.125     1.738 r  u_CORE/u_MULTIMODE_PATH/u_RING/CHECK_PRESENT_INST_0_i_8/O
                         net (fo=1, routed)           0.175     1.913    u_CORE/u_MULTIMODE_PATH/u_RING/CHECK_PRESENT_INST_0_i_8_n_3
    SLICE_X67Y171        LUT6 (Prop_G6LUT_SLICEM_I4_O)
                                                      0.090     2.003 r  u_CORE/u_MULTIMODE_PATH/u_RING/CHECK_PRESENT_INST_0_i_2/O
                         net (fo=2, routed)           0.254     2.257    u_CORE/u_MULTIMODE_PATH/u_RING/CHECK_PRESENT_INST_0_i_2_n_3
    SLICE_X68Y165        LUT6 (Prop_E6LUT_SLICEL_I3_O)
                                                      0.090     2.347 f  u_CORE/u_MULTIMODE_PATH/u_RING/CHECK_PROTECTED_INST_0/O
                         net (fo=2, routed)           0.136     2.483    u_CORE/u_MULTIMODE_PATH/u_RING_ARBITER/SHARED_CHECK_PROTECTED
    SLICE_X68Y164        LUT2 (Prop_F5LUT_SLICEL_I1_O)
                                                      0.074     2.557 f  u_CORE/u_MULTIMODE_PATH/u_RING_ARBITER/EVENT_CHECK_PROTECTED_INST_0/O
                         net (fo=2, routed)           0.124     2.681    u_CORE/u_MULTIMODE_PATH/u_RECORDER/CHECK_PROTECTED
    SLICE_X68Y164        LUT5 (Prop_E6LUT_SLICEL_I0_O)
                                                      0.099     2.780 f  u_CORE/u_MULTIMODE_PATH/u_RECORDER/RING_REQUEST_INST_0/O
                         net (fo=9, routed)           0.159     2.939    u_CORE/u_MULTIMODE_PATH/u_RING_ARBITER/EVENT_REQUEST
    SLICE_X68Y164        LUT4 (Prop_B6LUT_SLICEL_I2_O)
                                                      0.036     2.975 r  u_CORE/u_MULTIMODE_PATH/u_RING_ARBITER/GATED_GRANT_INST_0/O
                         net (fo=1, routed)           0.088     3.063    u_CORE/u_MULTIMODE_PATH/u_GATED_READER/RING_GRANT
    SLICE_X68Y164        LUT6 (Prop_C6LUT_SLICEL_I0_O)
                                                      0.096     3.159 r  u_CORE/u_MULTIMODE_PATH/u_GATED_READER/rb_rd_en_r_i_2/O
                         net (fo=4, routed)           0.095     3.254    u_CORE/u_MULTIMODE_PATH/u_GATED_READER/rb_rd_en_r_i_2_n_3
    SLICE_X67Y164        LUT6 (Prop_D6LUT_SLICEM_I0_O)
                                                      0.099     3.353 r  u_CORE/u_MULTIMODE_PATH/u_GATED_READER/rb_rd_en_r_i_1/O
                         net (fo=23, routed)          0.179     3.531    u_CORE/u_MULTIMODE_PATH/u_GATED_READER/rb_rd_en_r
    SLICE_X67Y164        FDRE                                         r  u_CORE/u_MULTIMODE_PATH/u_GATED_READER/rb_rd_chunk_id_r_reg[6]/CE
  -------------------------------------------------------------------    -------------------

                         (clock CLK_ADC rise edge)    4.000     4.000 r  
                                                      0.000     4.000 r  CLK_ADC (IN)
                         net (fo=3236, unset)         0.021     4.021    u_CORE/u_MULTIMODE_PATH/u_GATED_READER/CLK
    SLICE_X67Y164        FDRE                                         r  u_CORE/u_MULTIMODE_PATH/u_GATED_READER/rb_rd_chunk_id_r_reg[6]/C
                         clock pessimism              0.000     4.021    
                         clock uncertainty           -0.035     3.986    
    SLICE_X67Y164        FDRE (Setup_FFF2_SLICEM_C_CE)
                                                     -0.061     3.925    u_CORE/u_MULTIMODE_PATH/u_GATED_READER/rb_rd_chunk_id_r_reg[6]
  -------------------------------------------------------------------
                         required time                          3.925    
                         arrival time                          -3.531    
  -------------------------------------------------------------------
                         slack                                  0.393    




