event_index,event_chunk_id,event_timestamp,event_score_hex,event_batch_index,event_last,event_data_hex
0,52,52,0x0000064b,0,0,0x000000000000000000000000000000000000000000000000000000000000000000000000000000000000000000000000
0,52,52,0x0000064b,1,0,0x000000000000000000000000000000000000000000000000000000000000000000000000000000000000000000000000
0,52,52,0x0000064b,2,0,0x000000000000000000000000000000000000000000000000000000000000000000000000000000000000000000000000
0,52,52,0x0000064b,3,0,0x000000000000000000000000000000000000000000000000000000000000000000000000000000000000000000000000
0,52,52,0x0000064b,4,0,0x000000000000000000000000000000000000000000000000000000000000000000000000000000000000000000000000
0,52,52,0x0000064b,5,0,0x000000000000000000000000000000000000000000000000000000000000000000000000000000000000000000000000
0,52,52,0x0000064b,6,0,0x000000000000000000000000000000000000000000000000000000000000000000000000000000000000000000000000
0,52,52,0x0000064b,7,0,0x000000000000000000000000000000000000000000000000000000000000000000000000000000000000000000000000
0,52,52,0x0000064b,8,0,0x000000000000000000000000000000000000000000000000000000000000000000000000000000000000000000000000
0,52,52,0x0000064b,9,0,0x000000000000000000000000000000000000000000000000000000000000000000000000000000000000000000000000
0,52,52,0x0000064b,10,0,0x000000000000000000000000000000000000000000000000000000000000000000000000000000000000000000000000
0,52,52,0x0000064b,11,0,0x000000000000000000000000000000000000000000000000000000000000000000000000000000000000000000000000
0,52,52,0x0000064b,12,0,0x000000000000000000000000000000000000000000000000000000000000000000000000000000000000000000000000
0,52,52,0x0000064b,13,0,0x000000000000000000000000000000000000000000000000000000000000000000000000000000000000100100100100
0,52,52,0x0000064b,14,0,0x000000000000000000000000000000000000000000000000000000000000000000000000000000000000000000000100
0,52,52,0x0000064b,15,0,0x000000000000000000000000000000000000000000000000000000000000000000000000000000000000000000000000
0,52,52,0x0000064b,16,0,0x000000000000000000000000000000000000000000000000000000000000000000000000000000000000000000000000
0,52,52,0x0000064b,17,0,0x000000000000000000000000000000000000000000000000000000000000000000000000000000000000000000000000
0,52,52,0x0000064b,18,0,0x000000000000000000000000000000000000000000000000000000000000000000000000000000000000000000000000
0,52,52,0x0000064b,19,0,0x000000000000000000000000000000000000000000000000000000000000000000000000000000000000000000000000
0,52,52,0x0000064b,20,0,0x000000000000000000000000000000000000000000000000000000000000000000000000000000000000000000000000
0,52,52,0x0000064b,21,0,0x000000000000000000000000000000000000000000000000000000000000000000000000000000000000000000000000
0,52,52,0x0000064b,22,0,0x000000000000000000000000000000000000000000000000000000000000000000000000000000000000000000000000
0,52,52,0x0000064b,23,0,0x000000000000000000000000000000000000000000000000000000000000000000000000000000000000000000000000
0,52,52,0x0000064b,24,0,0x000000000000000000000000000000000000000000000000000000000000000000000000000000000000000000000000
0,52,52,0x0000064b,25,0,0x000000000000000000000000000000000000000000000000000000000000000000000000000000000000000000000000
0,52,52,0x0000064b,26,0,0x000000000000000000000000000000000000000000000000000000000000000000000000000000000000000000000000
0,52,52,0x0000064b,27,0,0x000000000000000000000000000000000000000000000000000000000000000000000000000000000000000000000000
0,52,52,0x0000064b,28,0,0x000000000000000000000000000000000000000000000000000000000000000000000000000000000000000000000000
0,52,52,0x0000064b,29,0,0x000000000000000000000000000000000000000000000000000000000000000000000000000000000000000000000000
0,52,52,0x0000064b,30,0,0x000000000000000000000000000000000000000000000000000000000000000000000000000000000000000000000000
0,52,52,0x0000064b,31,0,0x000000000000000000000000000000000000000000000000000000000000000000000000000000000000000000000000
0,52,52,0x0000064b,32,0,0x000000000000000000000000000000000000000000000000000000000000000000000000000000000000000000000000
0,52,52,0x0000064b,33,0,0x000000000000000000000000000000000000000000000000000000000000000000000000000000000000000000000000
0,52,52,0x0000064b,34,0,0x000000000000000000000000000000000000000000000000000000000000000000000000000000000000000000000000
0,52,52,0x0000064b,35,0,0x000000000000000000000000000000000000000000000000000000000000000000000000000000000000000000000000
0,52,52,0x0000064b,36,0,0x000000000000000000000000000000000000000000000000000000000000000000000000000000000000000000000000
0,52,52,0x0000064b,37,0,0x000000000000000000000000000000000000000000000000000000000000000000000000000000000000000000000000
0,52,52,0x0000064b,38,0,0x000000000000000000000000000000000000000000000000000000000000000000000000000000000000000000000000
0,52,52,0x0000064b,39,0,0x000000000000000000000000000000000000000000000000000000000000000000000000000000000000000000000000
0,52,52,0x0000064b,40,0,0x000000000000000000000000000000000000000000000000000000000000000000000000000000000000000000000000
0,52,52,0x0000064b,41,0,0x000000000000000000000000000000000000000000000000000000000000000000000000000000000000000000000000
0,52,52,0x0000064b,42,0,0x000000000000000000000000000000000000000000000000000000000000000000000000000000000000000000000000
0,52,52,0x0000064b,43,0,0x000000000000000000000000000000000000000000000000000000000000000000000000000000000000000000000000
0,52,52,0x0000064b,44,0,0x000000000000000000000000000000000000000000000000000000000000000000000000000000000000000000000000
0,52,52,0x0000064b,45,0,0x000000000000000000000000000000000000000000000000000000000000000000000000000000000000000000000000
0,52,52,0x0000064b,46,0,0x000000000000000000000000000000000000000000000000000000000000000000000000000000000000000000000000
0,52,52,0x0000064b,47,0,0x000000000000000000000000000000000000000000000000000000000000000000000000000000000000000000000000
0,52,52,0x0000064b,48,0,0x000000000000000000000000000000000000000000000000000000000000000000000000000000000000000000000000
0,52,52,0x0000064b,49,0,0x000000000000000000000000000000000000000000000000000000000000000000000000000000000000000000000000
0,52,52,0x0000064b,50,0,0x000000000000000000000000000000000000000000000000000000000000000000000000000000000000000000000000
0,52,52,0x0000064b,51,0,0x000000000000000000000000000000000000000000000000000000000000000000000000000000000000000000000000
0,52,52,0x0000064b,52,0,0x000000000000000000000000000000000000000000000000000000000000000000000000000000000000000000000000
0,52,52,0x0000064b,53,0,0x000000000000000000000000000000000000000000000000000000000000000000000000000000000000000000000000
0,52,52,0x0000064b,54,0,0x000000000000000000000000000000000000000000000000000000000000000000000000000000000000000000000000
0,52,52,0x0000064b,55,0,0x000000000000000000000000000000000000000000000000000000000000000000000000000000000000000000000000
0,52,52,0x0000064b,56,0,0x000000000000000000000000000000000000000000000000000000000000000000000000000000000000000000000000
0,52,52,0x0000064b,57,0,0x000000000000000000000000000000000000000000000000000000000000000000000000000000000000000000000000
0,52,52,0x0000064b,58,0,0x000000000000000000000000000000000000000000000000000000000000000000000000000000000000000000000000
0,52,52,0x0000064b,59,0,0x000000000000000000000000000000000000000000000000000000000000000000000000000000000000000000000000
0,52,52,0x0000064b,60,0,0x000000000000000000000000000000000000000000000000000000000000000000000000000000000000000000000000
0,52,52,0x0000064b,61,0,0x000000000000000000000000000000000000000000000000000000000000000000000000000000000000000000000000
0,52,52,0x0000064b,62,0,0x000000000000000000000000000000000000000000000000000000000000000000000000000000000000000000000000
0,52,52,0x0000064b,63,1,0x000000000000000000000000000000000000000000000000000000000000000000000000000000000000000000000000
1,53,53,0x000009ec,0,0,0x000000000000000000000000000000000000000000000000000000000000000000000000000000000000000000000000
1,53,53,0x000009ec,1,0,0x000000000000000000000000000000000000000000000000000000000000000000000000000000000000000000000000
1,53,53,0x000009ec,2,0,0x000000000000000000000000000000000000000000000000000000000000000000000000000000000000000000000000
1,53,53,0x000009ec,3,0,0x000000000000000000000000000000000000000000000000000000000000000000000000000000000000000000000000
1,53,53,0x000009ec,4,0,0x000000000000000000000000000000000000000000000000000000000000000000000000000000000000000000000000
1,53,53,0x000009ec,5,0,0x000000000000000000000000000000000000000000000000000000000000000000000000000000000000000000000000
1,53,53,0x000009ec,6,0,0x000000000000000000000000000000000000000000000000000000000000000000000000000000000000000000000000
1,53,53,0x000009ec,7,0,0x000000000000000000000000000000000000000000000000000000000000000000000000000000000000000000000000
1,53,53,0x000009ec,8,0,0x000000000000000000000000000000000000000000000000000000000000000000000000000000000000000000000000
1,53,53,0x000009ec,9,0,0x000000000000000000000000000000000000000000000000000000000000000000000000000000000000000000000000
1,53,53,0x000009ec,10,0,0x000000000000000000000000000000000000000000000000000000000000000000000000000000000000000000000000
1,53,53,0x000009ec,11,0,0x000000000000000000000000000000000000000000000000000000000000000000000000000000000000000000000000
1,53,53,0x000009ec,12,0,0x000000000000000000000000000000000000000000000000000000000000000000000000000000000000000000000000
1,53,53,0x000009ec,13,0,0x000000000000000000000000000000000000000000000000000000000000000000000000000000000000100100100000
1,53,53,0x000009ec,14,0,0x000000000000000000000000000000000000000000000000000000000000000000000000000000000000000000100100
1,53,53,0x000009ec,15,0,0x000000000000000000000000000000000000000000000000000000000000000000000000000000000000000000000000
1,53,53,0x000009ec,16,0,0x000000000000000000000000000000000000000000000000000000000000000000000000000000000000000000000000
1,53,53,0x000009ec,17,0,0x000000000000000000000000000000000000000000000000000000000000000000000000000000000000000000000000
1,53,53,0x000009ec,18,0,0x000000000000000000000000000000000000000000000000000000000000000000000000000000000000000000000000
1,53,53,0x000009ec,19,0,0x000000000000000000000000000000000000000000000000000000000000000000000000000000000000000000000000
1,53,53,0x000009ec,20,0,0x000000000000000000000000000000000000000000000000000000000000000000000000000000000000000000000000
1,53,53,0x000009ec,21,0,0x000000000000000000000000000000000000000000000000000000000000000000000000000000000000000000000000
1,53,53,0x000009ec,22,0,0x000000000000000000000000000000000000000000000000000000000000000000000000000000000000000000000000
1,53,53,0x000009ec,23,0,0x000000000000000000000000000000000000000000000000000000000000000000000000000000000000000000000000
1,53,53,0x000009ec,24,0,0x000000000000000000000000000000000000000000000000000000000000000000000000000000000000000000000000
1,53,53,0x000009ec,25,0,0x000000000000000000000000000000000000000000000000000000000000000000000000000000000000000000000000
1,53,53,0x000009ec,26,0,0x000000000000000000000000000000000000000000000000000000000000000000000000000000000000000000000000
1,53,53,0x000009ec,27,0,0x000000000000000000000000000000000000000000000000000000000000000000000000000000000000000000000000
1,53,53,0x000009ec,28,0,0x000000000000000000000000000000000000000000000000000000000000000000000000000000000000000000000000
1,53,53,0x000009ec,29,0,0x000000000000000000000000000000000000000000000000000000000000000000000000000000000000000000000000
1,53,53,0x000009ec,30,0,0x000000000000000000000000000000000000000000000000000000000000000000000000000000000000000000000000
1,53,53,0x000009ec,31,0,0x000000000000000000000000000000000000000000000000000000000000000000000000000000000000000000000000
1,53,53,0x000009ec,32,0,0x000000000000000000000000000000000000000000000000000000000000000000000000000000000000000000000000
1,53,53,0x000009ec,33,0,0x000000000000000000000000000000000000000000000000000000000000000000000000000000000000000000000000
1,53,53,0x000009ec,34,0,0x000000000000000000000000000000000000000000000000000000000000000000000000000000000000000000000000
1,53,53,0x000009ec,35,0,0x000000000000000000000000000000000000000000000000000000000000000000000000000000000000000000000000
1,53,53,0x000009ec,36,0,0x000000000000000000000000000000000000000000000000000000000000000000000000000000000000000000000000
1,53,53,0x000009ec,37,0,0x000000000000000000000000000000000000000000000000000000000000000000000000000000000000000000000000
1,53,53,0x000009ec,38,0,0x000000000000000000000000000000000000000000000000000000000000000000000000000000000000000000000000
1,53,53,0x000009ec,39,0,0x000000000000000000000000000000000000000000000000000000000000000000000000000000000000000000000000
1,53,53,0x000009ec,40,0,0x000000000000000000000000000000000000000000000000000000000000000000000000000000000000000000000000
1,53,53,0x000009ec,41,0,0x000000000000000000000000000000000000000000000000000000000000000000000000000000000000000000000000
1,53,53,0x000009ec,42,0,0x000000000000000000000000000000000000000000000000000000000000000000000000000000000000000000000000
1,53,53,0x000009ec,43,0,0x000000000000000000000000000000000000000000000000000000000000000000000000000000000000000000000000
1,53,53,0x000009ec,44,0,0x000000000000000000000000000000000000000000000000000000000000000000000000000000000000000000000000
1,53,53,0x000009ec,45,0,0x000000000000000000000000000000000000000000000000000000000000000000000000000000000000000000000000
1,53,53,0x000009ec,46,0,0x000000000000000000000000000000000000000000000000000000000000000000000000000000000000000000000000
1,53,53,0x000009ec,47,0,0x000000000000000000000000000000000000000000000000000000000000000000000000000000000000000000000000
1,53,53,0x000009ec,48,0,0x000000000000000000000000000000000000000000000000000000000000000000000000000000000000000000000000
1,53,53,0x000009ec,49,0,0x000000000000000000000000000000000000000000000000000000000000000000000000000000000000000000000000
1,53,53,0x000009ec,50,0,0x000000000000000000000000000000000000000000000000000000000000000000000000000000000000000000000000
1,53,53,0x000009ec,51,0,0x000000000000000000000000000000000000000000000000000000000000000000000000000000000000000000000000
1,53,53,0x000009ec,52,0,0x000000000000000000000000000000000000000000000000000000000000000000000000000000000000000000000000
1,53,53,0x000009ec,53,0,0x000000000000000000000000000000000000000000000000000000000000000000000000000000000000000000000000
1,53,53,0x000009ec,54,0,0x000000000000000000000000000000000000000000000000000000000000000000000000000000000000000000000000
1,53,53,0x000009ec,55,0,0x000000000000000000000000000000000000000000000000000000000000000000000000000000000000000000000000
1,53,53,0x000009ec,56,0,0x000000000000000000000000000000000000000000000000000000000000000000000000000000000000000000000000
1,53,53,0x000009ec,57,0,0x000000000000000000000000000000000000000000000000000000000000000000000000000000000000000000000000
1,53,53,0x000009ec,58,0,0x000000000000000000000000000000000000000000000000000000000000000000000000000000000000000000000000
1,53,53,0x000009ec,59,0,0x000000000000000000000000000000000000000000000000000000000000000000000000000000000000000000000000
1,53,53,0x000009ec,60,0,0x000000000000000000000000000000000000000000000000000000000000000000000000000000000000000000000000
1,53,53,0x000009ec,61,0,0x000000000000000000000000000000000000000000000000000000000000000000000000000000000000000000000000
1,53,53,0x000009ec,62,0,0x000000000000000000000000000000000000000000000000000000000000000000000000000000000000000000000000
1,53,53,0x000009ec,63,1,0x000000000000000000000000000000000000000000000000000000000000000000000000000000000000000000000000
2,54,54,0x000008c8,0,0,0x000000000000000000000000000000000000000000000000000000000000000000000000000000000000000000000000
2,54,54,0x000008c8,1,0,0x000000000000000000000000000000000000000000000000000000000000000000000000000000000000000000000000
2,54,54,0x000008c8,2,0,0x000000000000000000000000000000000000000000000000000000000000000000000000000000000000000000000000
2,54,54,0x000008c8,3,0,0x000000000000000000000000000000000000000000000000000000000000000000000000000000000000000000000000
2,54,54,0x000008c8,4,0,0x000000000000000000000000000000000000000000000000000000000000000000000000000000000000000000000000
2,54,54,0x000008c8,5,0,0x000000000000000000000000000000000000000000000000000000000000000000000000000000000000000000000000
2,54,54,0x000008c8,6,0,0x000000000000000000000000000000000000000000000000000000000000000000000000000000000000000000000000
2,54,54,0x000008c8,7,0,0x000000000000000000000000000000000000000000000000000000000000000000000000000000000000000000000000
2,54,54,0x000008c8,8,0,0x000000000000000000000000000000000000000000000000000000000000000000000000000000000000000000000000
2,54,54,0x000008c8,9,0,0x000000000000000000000000000000000000000000000000000000000000000000000000000000000000000000000000
2,54,54,0x000008c8,10,0,0x000000000000000000000000000000000000000000000000000000000000000000000000000000000000000000000000
2,54,54,0x000008c8,11,0,0x000000000000000000000000000000000000000000000000000000000000000000000000000000000000000000000000
2,54,54,0x000008c8,12,0,0x000000000000000000000000000000000000000000000000000000000000000000000000000000000000000000000000
2,54,54,0x000008c8,13,0,0x000000000000000000000000000000000000000000000000000000000000000000000000000000000000100100000000
2,54,54,0x000008c8,14,0,0x000000000000000000000000000000000000000000000000000000000000000000000000000000000000000100100100
2,54,54,0x000008c8,15,0,0x000000000000000000000000000000000000000000000000000000000000000000000000000000000000000000000000
2,54,54,0x000008c8,16,0,0x000000000000000000000000000000000000000000000000000000000000000000000000000000000000000000000000
2,54,54,0x000008c8,17,0,0x000000000000000000000000000000000000000000000000000000000000000000000000000000000000000000000000
2,54,54,0x000008c8,18,0,0x000000000000000000000000000000000000000000000000000000000000000000000000000000000000000000000000
2,54,54,0x000008c8,19,0,0x000000000000000000000000000000000000000000000000000000000000000000000000000000000000000000000000
2,54,54,0x000008c8,20,0,0x000000000000000000000000000000000000000000000000000000000000000000000000000000000000000000000000
2,54,54,0x000008c8,21,0,0x000000000000000000000000000000000000000000000000000000000000000000000000000000000000000000000000
2,54,54,0x000008c8,22,0,0x000000000000000000000000000000000000000000000000000000000000000000000000000000000000000000000000
2,54,54,0x000008c8,23,0,0x000000000000000000000000000000000000000000000000000000000000000000000000000000000000000000000000
2,54,54,0x000008c8,24,0,0x000000000000000000000000000000000000000000000000000000000000000000000000000000000000000000000000
2,54,54,0x000008c8,25,0,0x000000000000000000000000000000000000000000000000000000000000000000000000000000000000000000000000
2,54,54,0x000008c8,26,0,0x000000000000000000000000000000000000000000000000000000000000000000000000000000000000000000000000
2,54,54,0x000008c8,27,0,0x000000000000000000000000000000000000000000000000000000000000000000000000000000000000000000000000
2,54,54,0x000008c8,28,0,0x000000000000000000000000000000000000000000000000000000000000000000000000000000000000000000000000
2,54,54,0x000008c8,29,0,0x000000000000000000000000000000000000000000000000000000000000000000000000000000000000000000000000
2,54,54,0x000008c8,30,0,0x000000000000000000000000000000000000000000000000000000000000000000000000000000000000000000000000
2,54,54,0x000008c8,31,0,0x000000000000000000000000000000000000000000000000000000000000000000000000000000000000000000000000
2,54,54,0x000008c8,32,0,0x000000000000000000000000000000000000000000000000000000000000000000000000000000000000000000000000
2,54,54,0x000008c8,33,0,0x000000000000000000000000000000000000000000000000000000000000000000000000000000000000000000000000
2,54,54,0x000008c8,34,0,0x000000000000000000000000000000000000000000000000000000000000000000000000000000000000000000000000
2,54,54,0x000008c8,35,0,0x000000000000000000000000000000000000000000000000000000000000000000000000000000000000000000000000
2,54,54,0x000008c8,36,0,0x000000000000000000000000000000000000000000000000000000000000000000000000000000000000000000000000
2,54,54,0x000008c8,37,0,0x000000000000000000000000000000000000000000000000000000000000000000000000000000000000000000000000
2,54,54,0x000008c8,38,0,0x000000000000000000000000000000000000000000000000000000000000000000000000000000000000000000000000
2,54,54,0x000008c8,39,0,0x000000000000000000000000000000000000000000000000000000000000000000000000000000000000000000000000
2,54,54,0x000008c8,40,0,0x000000000000000000000000000000000000000000000000000000000000000000000000000000000000000000000000
2,54,54,0x000008c8,41,0,0x000000000000000000000000000000000000000000000000000000000000000000000000000000000000000000000000
2,54,54,0x000008c8,42,0,0x000000000000000000000000000000000000000000000000000000000000000000000000000000000000000000000000
2,54,54,0x000008c8,43,0,0x000000000000000000000000000000000000000000000000000000000000000000000000000000000000000000000000
2,54,54,0x000008c8,44,0,0x000000000000000000000000000000000000000000000000000000000000000000000000000000000000000000000000
2,54,54,0x000008c8,45,0,0x000000000000000000000000000000000000000000000000000000000000000000000000000000000000000000000000
2,54,54,0x000008c8,46,0,0x000000000000000000000000000000000000000000000000000000000000000000000000000000000000000000000000
2,54,54,0x000008c8,47,0,0x000000000000000000000000000000000000000000000000000000000000000000000000000000000000000000000000
2,54,54,0x000008c8,48,0,0x000000000000000000000000000000000000000000000000000000000000000000000000000000000000000000000000
2,54,54,0x000008c8,49,0,0x000000000000000000000000000000000000000000000000000000000000000000000000000000000000000000000000
2,54,54,0x000008c8,50,0,0x000000000000000000000000000000000000000000000000000000000000000000000000000000000000000000000000
2,54,54,0x000008c8,51,0,0x000000000000000000000000000000000000000000000000000000000000000000000000000000000000000000000000
2,54,54,0x000008c8,52,0,0x000000000000000000000000000000000000000000000000000000000000000000000000000000000000000000000000
2,54,54,0x000008c8,53,0,0x000000000000000000000000000000000000000000000000000000000000000000000000000000000000000000000000
2,54,54,0x000008c8,54,0,0x000000000000000000000000000000000000000000000000000000000000000000000000000000000000000000000000
2,54,54,0x000008c8,55,0,0x000000000000000000000000000000000000000000000000000000000000000000000000000000000000000000000000
2,54,54,0x000008c8,56,0,0x000000000000000000000000000000000000000000000000000000000000000000000000000000000000000000000000
2,54,54,0x000008c8,57,0,0x000000000000000000000000000000000000000000000000000000000000000000000000000000000000000000000000
2,54,54,0x000008c8,58,0,0x000000000000000000000000000000000000000000000000000000000000000000000000000000000000000000000000
2,54,54,0x000008c8,59,0,0x000000000000000000000000000000000000000000000000000000000000000000000000000000000000000000000000
2,54,54,0x000008c8,60,0,0x000000000000000000000000000000000000000000000000000000000000000000000000000000000000000000000000
2,54,54,0x000008c8,61,0,0x000000000000000000000000000000000000000000000000000000000000000000000000000000000000000000000000
2,54,54,0x000008c8,62,0,0x000000000000000000000000000000000000000000000000000000000000000000000000000000000000000000000000
2,54,54,0x000008c8,63,1,0x000000000000000000000000000000000000000000000000000000000000000000000000000000000000000000000000
3,55,55,0x00000944,0,0,0x000000000000000000000000000000000000000000000000000000000000000000000000000000000000000000000000
3,55,55,0x00000944,1,0,0x000000000000000000000000000000000000000000000000000000000000000000000000000000000000000000000000
3,55,55,0x00000944,2,0,0x000000000000000000000000000000000000000000000000000000000000000000000000000000000000000000000000
3,55,55,0x00000944,3,0,0x000000000000000000000000000000000000000000000000000000000000000000000000000000000000000000000000
3,55,55,0x00000944,4,0,0x000000000000000000000000000000000000000000000000000000000000000000000000000000000000000000000000
3,55,55,0x00000944,5,0,0x000000000000000000000000000000000000000000000000000000000000000000000000000000000000000000000000
3,55,55,0x00000944,6,0,0x000000000000000000000000000000000000000000000000000000000000000000000000000000000000000000000000
3,55,55,0x00000944,7,0,0x000000000000000000000000000000000000000000000000000000000000000000000000000000000000000000000000
3,55,55,0x00000944,8,0,0x000000000000000000000000000000000000000000000000000000000000000000000000000000000000000000000000
3,55,55,0x00000944,9,0,0x000000000000000000000000000000000000000000000000000000000000000000000000000000000000000000000000
3,55,55,0x00000944,10,0,0x000000000000000000000000000000000000000000000000000000000000000000000000000000000000000000000000
3,55,55,0x00000944,11,0,0x000000000000000000000000000000000000000000000000000000000000000000000000000000000000000000000000
3,55,55,0x00000944,12,0,0x000000000000000000000000000000000000000000000000000000000000000000000000000000000000000000000000
3,55,55,0x00000944,13,0,0x000000000000000000000000000000000000000000000000000000000000000000000000000000000000100000000000
3,55,55,0x00000944,14,0,0x000000000000000000000000000000000000000000000000000000000000000000000000000000000000100100100100
3,55,55,0x00000944,15,0,0x000000000000000000000000000000000000000000000000000000000000000000000000000000000000000000000000
3,55,55,0x00000944,16,0,0x000000000000000000000000000000000000000000000000000000000000000000000000000000000000000000000000
3,55,55,0x00000944,17,0,0x000000000000000000000000000000000000000000000000000000000000000000000000000000000000000000000000
3,55,55,0x00000944,18,0,0x000000000000000000000000000000000000000000000000000000000000000000000000000000000000000000000000
3,55,55,0x00000944,19,0,0x000000000000000000000000000000000000000000000000000000000000000000000000000000000000000000000000
3,55,55,0x00000944,20,0,0x000000000000000000000000000000000000000000000000000000000000000000000000000000000000000000000000
3,55,55,0x00000944,21,0,0x000000000000000000000000000000000000000000000000000000000000000000000000000000000000000000000000
3,55,55,0x00000944,22,0,0x000000000000000000000000000000000000000000000000000000000000000000000000000000000000000000000000
3,55,55,0x00000944,23,0,0x000000000000000000000000000000000000000000000000000000000000000000000000000000000000000000000000
3,55,55,0x00000944,24,0,0x000000000000000000000000000000000000000000000000000000000000000000000000000000000000000000000000
3,55,55,0x00000944,25,0,0x000000000000000000000000000000000000000000000000000000000000000000000000000000000000000000000000
3,55,55,0x00000944,26,0,0x000000000000000000000000000000000000000000000000000000000000000000000000000000000000000000000000
3,55,55,0x00000944,27,0,0x000000000000000000000000000000000000000000000000000000000000000000000000000000000000000000000000
3,55,55,0x00000944,28,0,0x000000000000000000000000000000000000000000000000000000000000000000000000000000000000000000000000
3,55,55,0x00000944,29,0,0x000000000000000000000000000000000000000000000000000000000000000000000000000000000000000000000000
3,55,55,0x00000944,30,0,0x000000000000000000000000000000000000000000000000000000000000000000000000000000000000000000000000
3,55,55,0x00000944,31,0,0x000000000000000000000000000000000000000000000000000000000000000000000000000000000000000000000000
3,55,55,0x00000944,32,0,0x000000000000000000000000000000000000000000000000000000000000000000000000000000000000000000000000
3,55,55,0x00000944,33,0,0x000000000000000000000000000000000000000000000000000000000000000000000000000000000000000000000000
3,55,55,0x00000944,34,0,0x000000000000000000000000000000000000000000000000000000000000000000000000000000000000000000000000
3,55,55,0x00000944,35,0,0x000000000000000000000000000000000000000000000000000000000000000000000000000000000000000000000000
3,55,55,0x00000944,36,0,0x000000000000000000000000000000000000000000000000000000000000000000000000000000000000000000000000
3,55,55,0x00000944,37,0,0x000000000000000000000000000000000000000000000000000000000000000000000000000000000000000000000000
3,55,55,0x00000944,38,0,0x000000000000000000000000000000000000000000000000000000000000000000000000000000000000000000000000
3,55,55,0x00000944,39,0,0x000000000000000000000000000000000000000000000000000000000000000000000000000000000000000000000000
3,55,55,0x00000944,40,0,0x000000000000000000000000000000000000000000000000000000000000000000000000000000000000000000000000
3,55,55,0x00000944,41,0,0x000000000000000000000000000000000000000000000000000000000000000000000000000000000000000000000000
3,55,55,0x00000944,42,0,0x000000000000000000000000000000000000000000000000000000000000000000000000000000000000000000000000
3,55,55,0x00000944,43,0,0x000000000000000000000000000000000000000000000000000000000000000000000000000000000000000000000000
3,55,55,0x00000944,44,0,0x000000000000000000000000000000000000000000000000000000000000000000000000000000000000000000000000
3,55,55,0x00000944,45,0,0x000000000000000000000000000000000000000000000000000000000000000000000000000000000000000000000000
3,55,55,0x00000944,46,0,0x000000000000000000000000000000000000000000000000000000000000000000000000000000000000000000000000
3,55,55,0x00000944,47,0,0x000000000000000000000000000000000000000000000000000000000000000000000000000000000000000000000000
3,55,55,0x00000944,48,0,0x000000000000000000000000000000000000000000000000000000000000000000000000000000000000000000000000
3,55,55,0x00000944,49,0,0x000000000000000000000000000000000000000000000000000000000000000000000000000000000000000000000000
3,55,55,0x00000944,50,0,0x000000000000000000000000000000000000000000000000000000000000000000000000000000000000000000000000
3,55,55,0x00000944,51,0,0x000000000000000000000000000000000000000000000000000000000000000000000000000000000000000000000000
3,55,55,0x00000944,52,0,0x000000000000000000000000000000000000000000000000000000000000000000000000000000000000000000000000
3,55,55,0x00000944,53,0,0x000000000000000000000000000000000000000000000000000000000000000000000000000000000000000000000000
3,55,55,0x00000944,54,0,0x000000000000000000000000000000000000000000000000000000000000000000000000000000000000000000000000
3,55,55,0x00000944,55,0,0x000000000000000000000000000000000000000000000000000000000000000000000000000000000000000000000000
3,55,55,0x00000944,56,0,0x000000000000000000000000000000000000000000000000000000000000000000000000000000000000000000000000
3,55,55,0x00000944,57,0,0x000000000000000000000000000000000000000000000000000000000000000000000000000000000000000000000000
3,55,55,0x00000944,58,0,0x000000000000000000000000000000000000000000000000000000000000000000000000000000000000000000000000
3,55,55,0x00000944,59,0,0x000000000000000000000000000000000000000000000000000000000000000000000000000000000000000000000000
3,55,55,0x00000944,60,0,0x000000000000000000000000000000000000000000000000000000000000000000000000000000000000000000000000
3,55,55,0x00000944,61,0,0x000000000000000000000000000000000000000000000000000000000000000000000000000000000000000000000000
3,55,55,0x00000944,62,0,0x000000000000000000000000000000000000000000000000000000000000000000000000000000000000000000000000
3,55,55,0x00000944,63,1,0x000000000000000000000000000000000000000000000000000000000000000000000000000000000000000000000000
4,56,56,0x00001470,0,0,0x000000000000000000000000000000000000000000000000000000000000000000000000000000000000000000000000
4,56,56,0x00001470,1,0,0x000000000000000000000000000000000000000000000000000000000000000000000000000000000000000000000000
4,56,56,0x00001470,2,0,0x000000000000000000000000000000000000000000000000000000000000000000000000000000000000000000000000
4,56,56,0x00001470,3,0,0x000000000000000000000000000000000000000000000000000000000000000000000000000000000000000000000000
4,56,56,0x00001470,4,0,0x000000000000000000000000000000000000000000000000000000000000000000000000000000000000000000000000
4,56,56,0x00001470,5,0,0x000000000000000000000000000000000000000000000000000000000000000000000000000000000000000000000000
4,56,56,0x00001470,6,0,0x000000000000000000000000000000000000000000000000000000000000000000000000000000000000000000000000
4,56,56,0x00001470,7,0,0x000000000000000000000000000000000000000000000000000000000000000000000000000000000000000000000000
4,56,56,0x00001470,8,0,0x000000000000000000000000000000000000000000000000000000000000000000000000000000000000000000000000
4,56,56,0x00001470,9,0,0x000000000000000000000000000000000000000000000000000000000000000000000000000000000000000000000000
4,56,56,0x00001470,10,0,0x000000000000000000000000000000000000000000000000000000000000000000000000000000000000000000000000
4,56,56,0x00001470,11,0,0x000000000000000000000000000000000000000000000000000000000000000000000000000000000000000000000000
4,56,56,0x00001470,12,0,0x000000000000000000000000000000000000000000000000000000000000000000000000000000000000000000000000
4,56,56,0x00001470,13,0,0x000000000000000000000000000000000000000000000000000000000000000000000000000000000000000000000000
4,56,56,0x00001470,14,0,0x000000000000000000000000000000000000000000000000000000000000000000000000000000000000100100100100
4,56,56,0x00001470,15,0,0x000000000000000000000000000000000000000000000000000000000000000000000000000000000000000000000100
4,56,56,0x00001470,16,0,0x000000000000000000000000000000000000000000000000000000000000000000000000000000000000000000000000
4,56,56,0x00001470,17,0,0x000000000000000000000000000000000000000000000000000000000000000000000000000000000000000000000000
4,56,56,0x00001470,18,0,0x000000000000000000000000000000000000000000000000000000000000000000000000000000000000000000000000
4,56,56,0x00001470,19,0,0x000000000000000000000000000000000000000000000000000000000000000000000000000000000000000000000000
4,56,56,0x00001470,20,0,0x000000000000000000000000000000000000000000000000000000000000000000000000000000000000000000000000
4,56,56,0x00001470,21,0,0x000000000000000000000000000000000000000000000000000000000000000000000000000000000000000000000000
4,56,56,0x00001470,22,0,0x000000000000000000000000000000000000000000000000000000000000000000000000000000000000000000000000
4,56,56,0x00001470,23,0,0x000000000000000000000000000000000000000000000000000000000000000000000000000000000000000000000000
4,56,56,0x00001470,24,0,0x000000000000000000000000000000000000000000000000000000000000000000000000000000000000000000000000
4,56,56,0x00001470,25,0,0x000000000000000000000000000000000000000000000000000000000000000000000000000000000000000000000000
4,56,56,0x00001470,26,0,0x000000000000000000000000000000000000000000000000000000000000000000000000000000000000000000000000
4,56,56,0x00001470,27,0,0x000000000000000000000000000000000000000000000000000000000000000000000000000000000000000000000000
4,56,56,0x00001470,28,0,0x000000000000000000000000000000000000000000000000000000000000000000000000000000000000000000000000
4,56,56,0x00001470,29,0,0x000000000000000000000000000000000000000000000000000000000000000000000000000000000000000000000000
4,56,56,0x00001470,30,0,0x000000000000000000000000000000000000000000000000000000000000000000000000000000000000000000000000
4,56,56,0x00001470,31,0,0x000000000000000000000000000000000000000000000000000000000000000000000000000000000000000000000000
4,56,56,0x00001470,32,0,0x000000000000000000000000000000000000000000000000000000000000000000000000000000000000000000000000
4,56,56,0x00001470,33,0,0x000000000000000000000000000000000000000000000000000000000000000000000000000000000000000000000000
4,56,56,0x00001470,34,0,0x000000000000000000000000000000000000000000000000000000000000000000000000000000000000000000000000
4,56,56,0x00001470,35,0,0x000000000000000000000000000000000000000000000000000000000000000000000000000000000000000000000000
4,56,56,0x00001470,36,0,0x000000000000000000000000000000000000000000000000000000000000000000000000000000000000000000000000
4,56,56,0x00001470,37,0,0x000000000000000000000000000000000000000000000000000000000000000000000000000000000000000000000000
4,56,56,0x00001470,38,0,0x000000000000000000000000000000000000000000000000000000000000000000000000000000000000000000000000
4,56,56,0x00001470,39,0,0x000000000000000000000000000000000000000000000000000000000000000000000000000000000000000000000000
4,56,56,0x00001470,40,0,0x000000000000000000000000000000000000000000000000000000000000000000000000000000000000000000000000
4,56,56,0x00001470,41,0,0x000000000000000000000000000000000000000000000000000000000000000000000000000000000000000000000000
4,56,56,0x00001470,42,0,0x000000000000000000000000000000000000000000000000000000000000000000000000000000000000000000000000
4,56,56,0x00001470,43,0,0x000000000000000000000000000000000000000000000000000000000000000000000000000000000000000000000000
4,56,56,0x00001470,44,0,0x000000000000000000000000000000000000000000000000000000000000000000000000000000000000000000000000
4,56,56,0x00001470,45,0,0x000000000000000000000000000000000000000000000000000000000000000000000000000000000000000000000000
4,56,56,0x00001470,46,0,0x000000000000000000000000000000000000000000000000000000000000000000000000000000000000000000000000
4,56,56,0x00001470,47,0,0x000000000000000000000000000000000000000000000000000000000000000000000000000000000000000000000000
4,56,56,0x00001470,48,0,0x000000000000000000000000000000000000000000000000000000000000000000000000000000000000000000000000
4,56,56,0x00001470,49,0,0x000000000000000000000000000000000000000000000000000000000000000000000000000000000000000000000000
4,56,56,0x00001470,50,0,0x000000000000000000000000000000000000000000000000000000000000000000000000000000000000000000000000
4,56,56,0x00001470,51,0,0x000000000000000000000000000000000000000000000000000000000000000000000000000000000000000000000000
4,56,56,0x00001470,52,0,0x000000000000000000000000000000000000000000000000000000000000000000000000000000000000000000000000
4,56,56,0x00001470,53,0,0x000000000000000000000000000000000000000000000000000000000000000000000000000000000000000000000000
4,56,56,0x00001470,54,0,0x000000000000000000000000000000000000000000000000000000000000000000000000000000000000000000000000
4,56,56,0x00001470,55,0,0x000000000000000000000000000000000000000000000000000000000000000000000000000000000000000000000000
4,56,56,0x00001470,56,0,0x000000000000000000000000000000000000000000000000000000000000000000000000000000000000000000000000
4,56,56,0x00001470,57,0,0x000000000000000000000000000000000000000000000000000000000000000000000000000000000000000000000000
4,56,56,0x00001470,58,0,0x000000000000000000000000000000000000000000000000000000000000000000000000000000000000000000000000
4,56,56,0x00001470,59,0,0x000000000000000000000000000000000000000000000000000000000000000000000000000000000000000000000000
4,56,56,0x00001470,60,0,0x000000000000000000000000000000000000000000000000000000000000000000000000000000000000000000000000
4,56,56,0x00001470,61,0,0x000000000000000000000000000000000000000000000000000000000000000000000000000000000000000000000000
4,56,56,0x00001470,62,0,0x000000000000000000000000000000000000000000000000000000000000000000000000000000000000000000000000
4,56,56,0x00001470,63,1,0x000000000000000000000000000000000000000000000000000000000000000000000000000000000000000000000000
5,57,57,0x000024a4,0,0,0x000000000000000000000000000000000000000000000000000000000000000000000000000000000000000000000000
5,57,57,0x000024a4,1,0,0x000000000000000000000000000000000000000000000000000000000000000000000000000000000000000000000000
5,57,57,0x000024a4,2,0,0x000000000000000000000000000000000000000000000000000000000000000000000000000000000000000000000000
5,57,57,0x000024a4,3,0,0x000000000000000000000000000000000000000000000000000000000000000000000000000000000000000000000000
5,57,57,0x000024a4,4,0,0x000000000000000000000000000000000000000000000000000000000000000000000000000000000000000000000000
5,57,57,0x000024a4,5,0,0x000000000000000000000000000000000000000000000000000000000000000000000000000000000000000000000000
5,57,57,0x000024a4,6,0,0x000000000000000000000000000000000000000000000000000000000000000000000000000000000000000000000000
5,57,57,0x000024a4,7,0,0x000000000000000000000000000000000000000000000000000000000000000000000000000000000000000000000000
5,57,57,0x000024a4,8,0,0x000000000000000000000000000000000000000000000000000000000000000000000000000000000000000000000000
5,57,57,0x000024a4,9,0,0x000000000000000000000000000000000000000000000000000000000000000000000000000000000000000000000000
5,57,57,0x000024a4,10,0,0x000000000000000000000000000000000000000000000000000000000000000000000000000000000000000000000000
5,57,57,0x000024a4,11,0,0x000000000000000000000000000000000000000000000000000000000000000000000000000000000000000000000000
5,57,57,0x000024a4,12,0,0x000000000000000000000000000000000000000000000000000000000000000000000000000000000000000000000000
5,57,57,0x000024a4,13,0,0x000000000000000000000000000000000000000000000000000000000000000000000000000000000000000000000000
5,57,57,0x000024a4,14,0,0x000000000000000000000000000000000000000000000000000000000000000000000000000000000000100100100000
5,57,57,0x000024a4,15,0,0x000000000000000000000000000000000000000000000000000000000000000000000000000000000000000000100100
5,57,57,0x000024a4,16,0,0x000000000000000000000000000000000000000000000000000000000000000000000000000000000000000000000000
5,57,57,0x000024a4,17,0,0x000000000000000000000000000000000000000000000000000000000000000000000000000000000000000000000000
5,57,57,0x000024a4,18,0,0x000000000000000000000000000000000000000000000000000000000000000000000000000000000000000000000000
5,57,57,0x000024a4,19,0,0x000000000000000000000000000000000000000000000000000000000000000000000000000000000000000000000000
5,57,57,0x000024a4,20,0,0x000000000000000000000000000000000000000000000000000000000000000000000000000000000000000000000000
5,57,57,0x000024a4,21,0,0x000000000000000000000000000000000000000000000000000000000000000000000000000000000000000000000000
5,57,57,0x000024a4,22,0,0x000000000000000000000000000000000000000000000000000000000000000000000000000000000000000000000000
5,57,57,0x000024a4,23,0,0x000000000000000000000000000000000000000000000000000000000000000000000000000000000000000000000000
5,57,57,0x000024a4,24,0,0x000000000000000000000000000000000000000000000000000000000000000000000000000000000000000000000000
5,57,57,0x000024a4,25,0,0x000000000000000000000000000000000000000000000000000000000000000000000000000000000000000000000000
5,57,57,0x000024a4,26,0,0x000000000000000000000000000000000000000000000000000000000000000000000000000000000000000000000000
5,57,57,0x000024a4,27,0,0x000000000000000000000000000000000000000000000000000000000000000000000000000000000000000000000000
5,57,57,0x000024a4,28,0,0x000000000000000000000000000000000000000000000000000000000000000000000000000000000000000000000000
5,57,57,0x000024a4,29,0,0x000000000000000000000000000000000000000000000000000000000000000000000000000000000000000000000000
5,57,57,0x000024a4,30,0,0x000000000000000000000000000000000000000000000000000000000000000000000000000000000000000000000000
5,57,57,0x000024a4,31,0,0x000000000000000000000000000000000000000000000000000000000000000000000000000000000000000000000000
5,57,57,0x000024a4,32,0,0x000000000000000000000000000000000000000000000000000000000000000000000000000000000000000000000000
5,57,57,0x000024a4,33,0,0x000000000000000000000000000000000000000000000000000000000000000000000000000000000000000000000000
5,57,57,0x000024a4,34,0,0x000000000000000000000000000000000000000000000000000000000000000000000000000000000000000000000000
5,57,57,0x000024a4,35,0,0x000000000000000000000000000000000000000000000000000000000000000000000000000000000000000000000000
5,57,57,0x000024a4,36,0,0x000000000000000000000000000000000000000000000000000000000000000000000000000000000000000000000000
5,57,57,0x000024a4,37,0,0x000000000000000000000000000000000000000000000000000000000000000000000000000000000000000000000000
5,57,57,0x000024a4,38,0,0x000000000000000000000000000000000000000000000000000000000000000000000000000000000000000000000000
5,57,57,0x000024a4,39,0,0x000000000000000000000000000000000000000000000000000000000000000000000000000000000000000000000000
5,57,57,0x000024a4,40,0,0x000000000000000000000000000000000000000000000000000000000000000000000000000000000000000000000000
5,57,57,0x000024a4,41,0,0x000000000000000000000000000000000000000000000000000000000000000000000000000000000000000000000000
5,57,57,0x000024a4,42,0,0x000000000000000000000000000000000000000000000000000000000000000000000000000000000000000000000000
5,57,57,0x000024a4,43,0,0x000000000000000000000000000000000000000000000000000000000000000000000000000000000000000000000000
5,57,57,0x000024a4,44,0,0x000000000000000000000000000000000000000000000000000000000000000000000000000000000000000000000000
5,57,57,0x000024a4,45,0,0x000000000000000000000000000000000000000000000000000000000000000000000000000000000000000000000000
5,57,57,0x000024a4,46,0,0x000000000000000000000000000000000000000000000000000000000000000000000000000000000000000000000000
5,57,57,0x000024a4,47,0,0x000000000000000000000000000000000000000000000000000000000000000000000000000000000000000000000000
5,57,57,0x000024a4,48,0,0x000000000000000000000000000000000000000000000000000000000000000000000000000000000000000000000000
5,57,57,0x000024a4,49,0,0x000000000000000000000000000000000000000000000000000000000000000000000000000000000000000000000000
5,57,57,0x000024a4,50,0,0x000000000000000000000000000000000000000000000000000000000000000000000000000000000000000000000000
5,57,57,0x000024a4,51,0,0x000000000000000000000000000000000000000000000000000000000000000000000000000000000000000000000000
5,57,57,0x000024a4,52,0,0x000000000000000000000000000000000000000000000000000000000000000000000000000000000000000000000000
5,57,57,0x000024a4,53,0,0x000000000000000000000000000000000000000000000000000000000000000000000000000000000000000000000000
5,57,57,0x000024a4,54,0,0x000000000000000000000000000000000000000000000000000000000000000000000000000000000000000000000000
5,57,57,0x000024a4,55,0,0x000000000000000000000000000000000000000000000000000000000000000000000000000000000000000000000000
5,57,57,0x000024a4,56,0,0x000000000000000000000000000000000000000000000000000000000000000000000000000000000000000000000000
5,57,57,0x000024a4,57,0,0x000000000000000000000000000000000000000000000000000000000000000000000000000000000000000000000000
5,57,57,0x000024a4,58,0,0x000000000000000000000000000000000000000000000000000000000000000000000000000000000000000000000000
5,57,57,0x000024a4,59,0,0x000000000000000000000000000000000000000000000000000000000000000000000000000000000000000000000000
5,57,57,0x000024a4,60,0,0x000000000000000000000000000000000000000000000000000000000000000000000000000000000000000000000000
5,57,57,0x000024a4,61,0,0x000000000000000000000000000000000000000000000000000000000000000000000000000000000000000000000000
5,57,57,0x000024a4,62,0,0x000000000000000000000000000000000000000000000000000000000000000000000000000000000000000000000000
5,57,57,0x000024a4,63,1,0x000000000000000000000000000000000000000000000000000000000000000000000000000000000000000000000000
6,58,58,0x00003550,0,0,0x000000000000000000000000000000000000000000000000000000000000000000000000000000000000000000000000
6,58,58,0x00003550,1,0,0x000000000000000000000000000000000000000000000000000000000000000000000000000000000000000000000000
6,58,58,0x00003550,2,0,0x000000000000000000000000000000000000000000000000000000000000000000000000000000000000000000000000
6,58,58,0x00003550,3,0,0x000000000000000000000000000000000000000000000000000000000000000000000000000000000000000000000000
6,58,58,0x00003550,4,0,0x000000000000000000000000000000000000000000000000000000000000000000000000000000000000000000000000
6,58,58,0x00003550,5,0,0x000000000000000000000000000000000000000000000000000000000000000000000000000000000000000000000000
6,58,58,0x00003550,6,0,0x000000000000000000000000000000000000000000000000000000000000000000000000000000000000000000000000
6,58,58,0x00003550,7,0,0x000000000000000000000000000000000000000000000000000000000000000000000000000000000000000000000000
6,58,58,0x00003550,8,0,0x000000000000000000000000000000000000000000000000000000000000000000000000000000000000000000000000
6,58,58,0x00003550,9,0,0x000000000000000000000000000000000000000000000000000000000000000000000000000000000000000000000000
6,58,58,0x00003550,10,0,0x000000000000000000000000000000000000000000000000000000000000000000000000000000000000000000000000
6,58,58,0x00003550,11,0,0x000000000000000000000000000000000000000000000000000000000000000000000000000000000000000000000000
6,58,58,0x00003550,12,0,0x000000000000000000000000000000000000000000000000000000000000000000000000000000000000000000000000
6,58,58,0x00003550,13,0,0x000000000000000000000000000000000000000000000000000000000000000000000000000000000000000000000000
6,58,58,0x00003550,14,0,0x000000000000000000000000000000000000000000000000000000000000000000000000000000000000100100000000
6,58,58,0x00003550,15,0,0x000000000000000000000000000000000000000000000000000000000000000000000000000000000000000100100100
6,58,58,0x00003550,16,0,0x000000000000000000000000000000000000000000000000000000000000000000000000000000000000000000000000
6,58,58,0x00003550,17,0,0x000000000000000000000000000000000000000000000000000000000000000000000000000000000000000000000000
6,58,58,0x00003550,18,0,0x000000000000000000000000000000000000000000000000000000000000000000000000000000000000000000000000
6,58,58,0x00003550,19,0,0x000000000000000000000000000000000000000000000000000000000000000000000000000000000000000000000000
6,58,58,0x00003550,20,0,0x000000000000000000000000000000000000000000000000000000000000000000000000000000000000000000000000
6,58,58,0x00003550,21,0,0x000000000000000000000000000000000000000000000000000000000000000000000000000000000000000000000000
6,58,58,0x00003550,22,0,0x000000000000000000000000000000000000000000000000000000000000000000000000000000000000000000000000
6,58,58,0x00003550,23,0,0x000000000000000000000000000000000000000000000000000000000000000000000000000000000000000000000000
6,58,58,0x00003550,24,0,0x000000000000000000000000000000000000000000000000000000000000000000000000000000000000000000000000
6,58,58,0x00003550,25,0,0x000000000000000000000000000000000000000000000000000000000000000000000000000000000000000000000000
6,58,58,0x00003550,26,0,0x000000000000000000000000000000000000000000000000000000000000000000000000000000000000000000000000
6,58,58,0x00003550,27,0,0x000000000000000000000000000000000000000000000000000000000000000000000000000000000000000000000000
6,58,58,0x00003550,28,0,0x000000000000000000000000000000000000000000000000000000000000000000000000000000000000000000000000
6,58,58,0x00003550,29,0,0x000000000000000000000000000000000000000000000000000000000000000000000000000000000000000000000000
6,58,58,0x00003550,30,0,0x000000000000000000000000000000000000000000000000000000000000000000000000000000000000000000000000
6,58,58,0x00003550,31,0,0x000000000000000000000000000000000000000000000000000000000000000000000000000000000000000000000000
6,58,58,0x00003550,32,0,0x000000000000000000000000000000000000000000000000000000000000000000000000000000000000000000000000
6,58,58,0x00003550,33,0,0x000000000000000000000000000000000000000000000000000000000000000000000000000000000000000000000000
6,58,58,0x00003550,34,0,0x000000000000000000000000000000000000000000000000000000000000000000000000000000000000000000000000
6,58,58,0x00003550,35,0,0x000000000000000000000000000000000000000000000000000000000000000000000000000000000000000000000000
6,58,58,0x00003550,36,0,0x000000000000000000000000000000000000000000000000000000000000000000000000000000000000000000000000
6,58,58,0x00003550,37,0,0x000000000000000000000000000000000000000000000000000000000000000000000000000000000000000000000000
6,58,58,0x00003550,38,0,0x000000000000000000000000000000000000000000000000000000000000000000000000000000000000000000000000
6,58,58,0x00003550,39,0,0x000000000000000000000000000000000000000000000000000000000000000000000000000000000000000000000000
6,58,58,0x00003550,40,0,0x000000000000000000000000000000000000000000000000000000000000000000000000000000000000000000000000
6,58,58,0x00003550,41,0,0x000000000000000000000000000000000000000000000000000000000000000000000000000000000000000000000000
6,58,58,0x00003550,42,0,0x000000000000000000000000000000000000000000000000000000000000000000000000000000000000000000000000
6,58,58,0x00003550,43,0,0x000000000000000000000000000000000000000000000000000000000000000000000000000000000000000000000000
6,58,58,0x00003550,44,0,0x000000000000000000000000000000000000000000000000000000000000000000000000000000000000000000000000
6,58,58,0x00003550,45,0,0x000000000000000000000000000000000000000000000000000000000000000000000000000000000000000000000000
6,58,58,0x00003550,46,0,0x000000000000000000000000000000000000000000000000000000000000000000000000000000000000000000000000
6,58,58,0x00003550,47,0,0x000000000000000000000000000000000000000000000000000000000000000000000000000000000000000000000000
6,58,58,0x00003550,48,0,0x000000000000000000000000000000000000000000000000000000000000000000000000000000000000000000000000
6,58,58,0x00003550,49,0,0x000000000000000000000000000000000000000000000000000000000000000000000000000000000000000000000000
6,58,58,0x00003550,50,0,0x000000000000000000000000000000000000000000000000000000000000000000000000000000000000000000000000
6,58,58,0x00003550,51,0,0x000000000000000000000000000000000000000000000000000000000000000000000000000000000000000000000000
6,58,58,0x00003550,52,0,0x000000000000000000000000000000000000000000000000000000000000000000000000000000000000000000000000
6,58,58,0x00003550,53,0,0x000000000000000000000000000000000000000000000000000000000000000000000000000000000000000000000000
6,58,58,0x00003550,54,0,0x000000000000000000000000000000000000000000000000000000000000000000000000000000000000000000000000
6,58,58,0x00003550,55,0,0x000000000000000000000000000000000000000000000000000000000000000000000000000000000000000000000000
6,58,58,0x00003550,56,0,0x000000000000000000000000000000000000000000000000000000000000000000000000000000000000000000000000
6,58,58,0x00003550,57,0,0x000000000000000000000000000000000000000000000000000000000000000000000000000000000000000000000000
6,58,58,0x00003550,58,0,0x000000000000000000000000000000000000000000000000000000000000000000000000000000000000000000000000
6,58,58,0x00003550,59,0,0x000000000000000000000000000000000000000000000000000000000000000000000000000000000000000000000000
6,58,58,0x00003550,60,0,0x000000000000000000000000000000000000000000000000000000000000000000000000000000000000000000000000
6,58,58,0x00003550,61,0,0x000000000000000000000000000000000000000000000000000000000000000000000000000000000000000000000000
6,58,58,0x00003550,62,0,0x000000000000000000000000000000000000000000000000000000000000000000000000000000000000000000000000
6,58,58,0x00003550,63,1,0x000000000000000000000000000000000000000000000000000000000000000000000000000000000000000000000000
7,59,59,0x000039f8,0,0,0x000000000000000000000000000000000000000000000000000000000000000000000000000000000000000000000000
7,59,59,0x000039f8,1,0,0x000000000000000000000000000000000000000000000000000000000000000000000000000000000000000000000000
7,59,59,0x000039f8,2,0,0x000000000000000000000000000000000000000000000000000000000000000000000000000000000000000000000000
7,59,59,0x000039f8,3,0,0x000000000000000000000000000000000000000000000000000000000000000000000000000000000000000000000000
7,59,59,0x000039f8,4,0,0x000000000000000000000000000000000000000000000000000000000000000000000000000000000000000000000000
7,59,59,0x000039f8,5,0,0x000000000000000000000000000000000000000000000000000000000000000000000000000000000000000000000000
7,59,59,0x000039f8,6,0,0x000000000000000000000000000000000000000000000000000000000000000000000000000000000000000000000000
7,59,59,0x000039f8,7,0,0x000000000000000000000000000000000000000000000000000000000000000000000000000000000000000000000000
7,59,59,0x000039f8,8,0,0x000000000000000000000000000000000000000000000000000000000000000000000000000000000000000000000000
7,59,59,0x000039f8,9,0,0x000000000000000000000000000000000000000000000000000000000000000000000000000000000000000000000000
7,59,59,0x000039f8,10,0,0x000000000000000000000000000000000000000000000000000000000000000000000000000000000000000000000000
7,59,59,0x000039f8,11,0,0x000000000000000000000000000000000000000000000000000000000000000000000000000000000000000000000000
7,59,59,0x000039f8,12,0,0x000000000000000000000000000000000000000000000000000000000000000000000000000000000000000000000000
7,59,59,0x000039f8,13,0,0x000000000000000000000000000000000000000000000000000000000000000000000000000000000000000000000000
7,59,59,0x000039f8,14,0,0x000000000000000000000000000000000000000000000000000000000000000000000000000000000000100000000000
7,59,59,0x000039f8,15,0,0x000000000000000000000000000000000000000000000000000000000000000000000000000000000000100100100100
7,59,59,0x000039f8,16,0,0x000000000000000000000000000000000000000000000000000000000000000000000000000000000000000000000000
7,59,59,0x000039f8,17,0,0x000000000000000000000000000000000000000000000000000000000000000000000000000000000000000000000000
7,59,59,0x000039f8,18,0,0x000000000000000000000000000000000000000000000000000000000000000000000000000000000000000000000000
7,59,59,0x000039f8,19,0,0x000000000000000000000000000000000000000000000000000000000000000000000000000000000000000000000000
7,59,59,0x000039f8,20,0,0x000000000000000000000000000000000000000000000000000000000000000000000000000000000000000000000000
7,59,59,0x000039f8,21,0,0x000000000000000000000000000000000000000000000000000000000000000000000000000000000000000000000000
7,59,59,0x000039f8,22,0,0x000000000000000000000000000000000000000000000000000000000000000000000000000000000000000000000000
7,59,59,0x000039f8,23,0,0x000000000000000000000000000000000000000000000000000000000000000000000000000000000000000000000000
7,59,59,0x000039f8,24,0,0x000000000000000000000000000000000000000000000000000000000000000000000000000000000000000000000000
7,59,59,0x000039f8,25,0,0x000000000000000000000000000000000000000000000000000000000000000000000000000000000000000000000000
7,59,59,0x000039f8,26,0,0x000000000000000000000000000000000000000000000000000000000000000000000000000000000000000000000000
7,59,59,0x000039f8,27,0,0x000000000000000000000000000000000000000000000000000000000000000000000000000000000000000000000000
7,59,59,0x000039f8,28,0,0x000000000000000000000000000000000000000000000000000000000000000000000000000000000000000000000000
7,59,59,0x000039f8,29,0,0x000000000000000000000000000000000000000000000000000000000000000000000000000000000000000000000000
7,59,59,0x000039f8,30,0,0x000000000000000000000000000000000000000000000000000000000000000000000000000000000000000000000000
7,59,59,0x000039f8,31,0,0x000000000000000000000000000000000000000000000000000000000000000000000000000000000000000000000000
7,59,59,0x000039f8,32,0,0x000000000000000000000000000000000000000000000000000000000000000000000000000000000000000000000000
7,59,59,0x000039f8,33,0,0x000000000000000000000000000000000000000000000000000000000000000000000000000000000000000000000000
7,59,59,0x000039f8,34,0,0x000000000000000000000000000000000000000000000000000000000000000000000000000000000000000000000000
7,59,59,0x000039f8,35,0,0x000000000000000000000000000000000000000000000000000000000000000000000000000000000000000000000000
7,59,59,0x000039f8,36,0,0x000000000000000000000000000000000000000000000000000000000000000000000000000000000000000000000000
7,59,59,0x000039f8,37,0,0x000000000000000000000000000000000000000000000000000000000000000000000000000000000000000000000000
7,59,59,0x000039f8,38,0,0x000000000000000000000000000000000000000000000000000000000000000000000000000000000000000000000000
7,59,59,0x000039f8,39,0,0x000000000000000000000000000000000000000000000000000000000000000000000000000000000000000000000000
7,59,59,0x000039f8,40,0,0x000000000000000000000000000000000000000000000000000000000000000000000000000000000000000000000000
7,59,59,0x000039f8,41,0,0x000000000000000000000000000000000000000000000000000000000000000000000000000000000000000000000000
7,59,59,0x000039f8,42,0,0x000000000000000000000000000000000000000000000000000000000000000000000000000000000000000000000000
7,59,59,0x000039f8,43,0,0x000000000000000000000000000000000000000000000000000000000000000000000000000000000000000000000000
7,59,59,0x000039f8,44,0,0x000000000000000000000000000000000000000000000000000000000000000000000000000000000000000000000000
7,59,59,0x000039f8,45,0,0x000000000000000000000000000000000000000000000000000000000000000000000000000000000000000000000000
7,59,59,0x000039f8,46,0,0x000000000000000000000000000000000000000000000000000000000000000000000000000000000000000000000000
7,59,59,0x000039f8,47,0,0x000000000000000000000000000000000000000000000000000000000000000000000000000000000000000000000000
7,59,59,0x000039f8,48,0,0x000000000000000000000000000000000000000000000000000000000000000000000000000000000000000000000000
7,59,59,0x000039f8,49,0,0x000000000000000000000000000000000000000000000000000000000000000000000000000000000000000000000000
7,59,59,0x000039f8,50,0,0x000000000000000000000000000000000000000000000000000000000000000000000000000000000000000000000000
7,59,59,0x000039f8,51,0,0x000000000000000000000000000000000000000000000000000000000000000000000000000000000000000000000000
7,59,59,0x000039f8,52,0,0x000000000000000000000000000000000000000000000000000000000000000000000000000000000000000000000000
7,59,59,0x000039f8,53,0,0x000000000000000000000000000000000000000000000000000000000000000000000000000000000000000000000000
7,59,59,0x000039f8,54,0,0x000000000000000000000000000000000000000000000000000000000000000000000000000000000000000000000000
7,59,59,0x000039f8,55,0,0x000000000000000000000000000000000000000000000000000000000000000000000000000000000000000000000000
7,59,59,0x000039f8,56,0,0x000000000000000000000000000000000000000000000000000000000000000000000000000000000000000000000000
7,59,59,0x000039f8,57,0,0x000000000000000000000000000000000000000000000000000000000000000000000000000000000000000000000000
7,59,59,0x000039f8,58,0,0x000000000000000000000000000000000000000000000000000000000000000000000000000000000000000000000000
7,59,59,0x000039f8,59,0,0x000000000000000000000000000000000000000000000000000000000000000000000000000000000000000000000000
7,59,59,0x000039f8,60,0,0x000000000000000000000000000000000000000000000000000000000000000000000000000000000000000000000000
7,59,59,0x000039f8,61,0,0x000000000000000000000000000000000000000000000000000000000000000000000000000000000000000000000000
7,59,59,0x000039f8,62,0,0x000000000000000000000000000000000000000000000000000000000000000000000000000000000000000000000000
7,59,59,0x000039f8,63,1,0x000000000000000000000000000000000000000000000000000000000000000000000000000000000000000000000000
8,60,60,0x000034d6,0,0,0x000000000000000000000000000000000000000000000000000000000000000000000000000000000000000000000000
8,60,60,0x000034d6,1,0,0x000000000000000000000000000000000000000000000000000000000000000000000000000000000000000000000000
8,60,60,0x000034d6,2,0,0x000000000000000000000000000000000000000000000000000000000000000000000000000000000000000000000000
8,60,60,0x000034d6,3,0,0x000000000000000000000000000000000000000000000000000000000000000000000000000000000000000000000000
8,60,60,0x000034d6,4,0,0x000000000000000000000000000000000000000000000000000000000000000000000000000000000000000000000000
8,60,60,0x000034d6,5,0,0x000000000000000000000000000000000000000000000000000000000000000000000000000000000000000000000000
8,60,60,0x000034d6,6,0,0x000000000000000000000000000000000000000000000000000000000000000000000000000000000000000000000000
8,60,60,0x000034d6,7,0,0x000000000000000000000000000000000000000000000000000000000000000000000000000000000000000000000000
8,60,60,0x000034d6,8,0,0x000000000000000000000000000000000000000000000000000000000000000000000000000000000000000000000000
8,60,60,0x000034d6,9,0,0x000000000000000000000000000000000000000000000000000000000000000000000000000000000000000000000000
8,60,60,0x000034d6,10,0,0x000000000000000000000000000000000000000000000000000000000000000000000000000000000000000000000000
8,60,60,0x000034d6,11,0,0x000000000000000000000000000000000000000000000000000000000000000000000000000000000000000000000000
8,60,60,0x000034d6,12,0,0x000000000000000000000000000000000000000000000000000000000000000000000000000000000000000000000000
8,60,60,0x000034d6,13,0,0x000000000000000000000000000000000000000000000000000000000000000000000000000000000000000000000000
8,60,60,0x000034d6,14,0,0x000000000000000000000000000000000000000000000000000000000000000000000000000000000000000000000000
8,60,60,0x000034d6,15,0,0x000000000000000000000000000000000000000000000000000000000000000000000000000000000000100100100100
8,60,60,0x000034d6,16,0,0x000000000000000000000000000000000000000000000000000000000000000000000000000000000000000000000100
8,60,60,0x000034d6,17,0,0x000000000000000000000000000000000000000000000000000000000000000000000000000000000000000000000000
8,60,60,0x000034d6,18,0,0x000000000000000000000000000000000000000000000000000000000000000000000000000000000000000000000000
8,60,60,0x000034d6,19,0,0x000000000000000000000000000000000000000000000000000000000000000000000000000000000000000000000000
8,60,60,0x000034d6,20,0,0x000000000000000000000000000000000000000000000000000000000000000000000000000000000000000000000000
8,60,60,0x000034d6,21,0,0x000000000000000000000000000000000000000000000000000000000000000000000000000000000000000000000000
8,60,60,0x000034d6,22,0,0x000000000000000000000000000000000000000000000000000000000000000000000000000000000000000000000000
8,60,60,0x000034d6,23,0,0x000000000000000000000000000000000000000000000000000000000000000000000000000000000000000000000000
8,60,60,0x000034d6,24,0,0x000000000000000000000000000000000000000000000000000000000000000000000000000000000000000000000000
8,60,60,0x000034d6,25,0,0x000000000000000000000000000000000000000000000000000000000000000000000000000000000000000000000000
8,60,60,0x000034d6,26,0,0x000000000000000000000000000000000000000000000000000000000000000000000000000000000000000000000000
8,60,60,0x000034d6,27,0,0x000000000000000000000000000000000000000000000000000000000000000000000000000000000000000000000000
8,60,60,0x000034d6,28,0,0x000000000000000000000000000000000000000000000000000000000000000000000000000000000000000000000000
8,60,60,0x000034d6,29,0,0x000000000000000000000000000000000000000000000000000000000000000000000000000000000000000000000000
8,60,60,0x000034d6,30,0,0x000000000000000000000000000000000000000000000000000000000000000000000000000000000000000000000000
8,60,60,0x000034d6,31,0,0x000000000000000000000000000000000000000000000000000000000000000000000000000000000000000000000000
8,60,60,0x000034d6,32,0,0x000000000000000000000000000000000000000000000000000000000000000000000000000000000000000000000000
8,60,60,0x000034d6,33,0,0x000000000000000000000000000000000000000000000000000000000000000000000000000000000000000000000000
8,60,60,0x000034d6,34,0,0x000000000000000000000000000000000000000000000000000000000000000000000000000000000000000000000000
8,60,60,0x000034d6,35,0,0x000000000000000000000000000000000000000000000000000000000000000000000000000000000000000000000000
8,60,60,0x000034d6,36,0,0x000000000000000000000000000000000000000000000000000000000000000000000000000000000000000000000000
8,60,60,0x000034d6,37,0,0x000000000000000000000000000000000000000000000000000000000000000000000000000000000000000000000000
8,60,60,0x000034d6,38,0,0x000000000000000000000000000000000000000000000000000000000000000000000000000000000000000000000000
8,60,60,0x000034d6,39,0,0x000000000000000000000000000000000000000000000000000000000000000000000000000000000000000000000000
8,60,60,0x000034d6,40,0,0x000000000000000000000000000000000000000000000000000000000000000000000000000000000000000000000000
8,60,60,0x000034d6,41,0,0x000000000000000000000000000000000000000000000000000000000000000000000000000000000000000000000000
8,60,60,0x000034d6,42,0,0x000000000000000000000000000000000000000000000000000000000000000000000000000000000000000000000000
8,60,60,0x000034d6,43,0,0x000000000000000000000000000000000000000000000000000000000000000000000000000000000000000000000000
8,60,60,0x000034d6,44,0,0x000000000000000000000000000000000000000000000000000000000000000000000000000000000000000000000000
8,60,60,0x000034d6,45,0,0x000000000000000000000000000000000000000000000000000000000000000000000000000000000000000000000000
8,60,60,0x000034d6,46,0,0x000000000000000000000000000000000000000000000000000000000000000000000000000000000000000000000000
8,60,60,0x000034d6,47,0,0x000000000000000000000000000000000000000000000000000000000000000000000000000000000000000000000000
8,60,60,0x000034d6,48,0,0x000000000000000000000000000000000000000000000000000000000000000000000000000000000000000000000000
8,60,60,0x000034d6,49,0,0x000000000000000000000000000000000000000000000000000000000000000000000000000000000000000000000000
8,60,60,0x000034d6,50,0,0x000000000000000000000000000000000000000000000000000000000000000000000000000000000000000000000000
8,60,60,0x000034d6,51,0,0x000000000000000000000000000000000000000000000000000000000000000000000000000000000000000000000000
8,60,60,0x000034d6,52,0,0x000000000000000000000000000000000000000000000000000000000000000000000000000000000000000000000000
8,60,60,0x000034d6,53,0,0x000000000000000000000000000000000000000000000000000000000000000000000000000000000000000000000000
8,60,60,0x000034d6,54,0,0x000000000000000000000000000000000000000000000000000000000000000000000000000000000000000000000000
8,60,60,0x000034d6,55,0,0x000000000000000000000000000000000000000000000000000000000000000000000000000000000000000000000000
8,60,60,0x000034d6,56,0,0x000000000000000000000000000000000000000000000000000000000000000000000000000000000000000000000000
8,60,60,0x000034d6,57,0,0x000000000000000000000000000000000000000000000000000000000000000000000000000000000000000000000000
8,60,60,0x000034d6,58,0,0x000000000000000000000000000000000000000000000000000000000000000000000000000000000000000000000000
8,60,60,0x000034d6,59,0,0x000000000000000000000000000000000000000000000000000000000000000000000000000000000000000000000000
8,60,60,0x000034d6,60,0,0x000000000000000000000000000000000000000000000000000000000000000000000000000000000000000000000000
8,60,60,0x000034d6,61,0,0x000000000000000000000000000000000000000000000000000000000000000000000000000000000000000000000000
8,60,60,0x000034d6,62,0,0x000000000000000000000000000000000000000000000000000000000000000000000000000000000000000000000000
8,60,60,0x000034d6,63,1,0x000000000000000000000000000000000000000000000000000000000000000000000000000000000000000000000000
9,61,61,0x00003696,0,0,0x000000000000000000000000000000000000000000000000000000000000000000000000000000000000000000000000
9,61,61,0x00003696,1,0,0x000000000000000000000000000000000000000000000000000000000000000000000000000000000000000000000000
9,61,61,0x00003696,2,0,0x000000000000000000000000000000000000000000000000000000000000000000000000000000000000000000000000
9,61,61,0x00003696,3,0,0x000000000000000000000000000000000000000000000000000000000000000000000000000000000000000000000000
9,61,61,0x00003696,4,0,0x000000000000000000000000000000000000000000000000000000000000000000000000000000000000000000000000
9,61,61,0x00003696,5,0,0x000000000000000000000000000000000000000000000000000000000000000000000000000000000000000000000000
9,61,61,0x00003696,6,0,0x000000000000000000000000000000000000000000000000000000000000000000000000000000000000000000000000
9,61,61,0x00003696,7,0,0x000000000000000000000000000000000000000000000000000000000000000000000000000000000000000000000000
9,61,61,0x00003696,8,0,0x000000000000000000000000000000000000000000000000000000000000000000000000000000000000000000000000
9,61,61,0x00003696,9,0,0x000000000000000000000000000000000000000000000000000000000000000000000000000000000000000000000000
9,61,61,0x00003696,10,0,0x000000000000000000000000000000000000000000000000000000000000000000000000000000000000000000000000
9,61,61,0x00003696,11,0,0x000000000000000000000000000000000000000000000000000000000000000000000000000000000000000000000000
9,61,61,0x00003696,12,0,0x000000000000000000000000000000000000000000000000000000000000000000000000000000000000000000000000
9,61,61,0x00003696,13,0,0x000000000000000000000000000000000000000000000000000000000000000000000000000000000000000000000000
9,61,61,0x00003696,14,0,0x000000000000000000000000000000000000000000000000000000000000000000000000000000000000000000000000
9,61,61,0x00003696,15,0,0x000000000000000000000000000000000000000000000000000000000000000000000000000000000000100100100000
9,61,61,0x00003696,16,0,0x000000000000000000000000000000000000000000000000000000000000000000000000000000000000000000100100
9,61,61,0x00003696,17,0,0x000000000000000000000000000000000000000000000000000000000000000000000000000000000000000000000000
9,61,61,0x00003696,18,0,0x000000000000000000000000000000000000000000000000000000000000000000000000000000000000000000000000
9,61,61,0x00003696,19,0,0x000000000000000000000000000000000000000000000000000000000000000000000000000000000000000000000000
9,61,61,0x00003696,20,0,0x000000000000000000000000000000000000000000000000000000000000000000000000000000000000000000000000
9,61,61,0x00003696,21,0,0x000000000000000000000000000000000000000000000000000000000000000000000000000000000000000000000000
9,61,61,0x00003696,22,0,0x000000000000000000000000000000000000000000000000000000000000000000000000000000000000000000000000
9,61,61,0x00003696,23,0,0x000000000000000000000000000000000000000000000000000000000000000000000000000000000000000000000000
9,61,61,0x00003696,24,0,0x000000000000000000000000000000000000000000000000000000000000000000000000000000000000000000000000
9,61,61,0x00003696,25,0,0x000000000000000000000000000000000000000000000000000000000000000000000000000000000000000000000000
9,61,61,0x00003696,26,0,0x000000000000000000000000000000000000000000000000000000000000000000000000000000000000000000000000
9,61,61,0x00003696,27,0,0x000000000000000000000000000000000000000000000000000000000000000000000000000000000000000000000000
9,61,61,0x00003696,28,0,0x000000000000000000000000000000000000000000000000000000000000000000000000000000000000000000000000
9,61,61,0x00003696,29,0,0x000000000000000000000000000000000000000000000000000000000000000000000000000000000000000000000000
9,61,61,0x00003696,30,0,0x000000000000000000000000000000000000000000000000000000000000000000000000000000000000000000000000
9,61,61,0x00003696,31,0,0x000000000000000000000000000000000000000000000000000000000000000000000000000000000000000000000000
9,61,61,0x00003696,32,0,0x000000000000000000000000000000000000000000000000000000000000000000000000000000000000000000000000
9,61,61,0x00003696,33,0,0x000000000000000000000000000000000000000000000000000000000000000000000000000000000000000000000000
9,61,61,0x00003696,34,0,0x000000000000000000000000000000000000000000000000000000000000000000000000000000000000000000000000
9,61,61,0x00003696,35,0,0x000000000000000000000000000000000000000000000000000000000000000000000000000000000000000000000000
9,61,61,0x00003696,36,0,0x000000000000000000000000000000000000000000000000000000000000000000000000000000000000000000000000
9,61,61,0x00003696,37,0,0x000000000000000000000000000000000000000000000000000000000000000000000000000000000000000000000000
9,61,61,0x00003696,38,0,0x000000000000000000000000000000000000000000000000000000000000000000000000000000000000000000000000
9,61,61,0x00003696,39,0,0x000000000000000000000000000000000000000000000000000000000000000000000000000000000000000000000000
9,61,61,0x00003696,40,0,0x000000000000000000000000000000000000000000000000000000000000000000000000000000000000000000000000
9,61,61,0x00003696,41,0,0x000000000000000000000000000000000000000000000000000000000000000000000000000000000000000000000000
9,61,61,0x00003696,42,0,0x000000000000000000000000000000000000000000000000000000000000000000000000000000000000000000000000
9,61,61,0x00003696,43,0,0x000000000000000000000000000000000000000000000000000000000000000000000000000000000000000000000000
9,61,61,0x00003696,44,0,0x000000000000000000000000000000000000000000000000000000000000000000000000000000000000000000000000
9,61,61,0x00003696,45,0,0x000000000000000000000000000000000000000000000000000000000000000000000000000000000000000000000000
9,61,61,0x00003696,46,0,0x000000000000000000000000000000000000000000000000000000000000000000000000000000000000000000000000
9,61,61,0x00003696,47,0,0x000000000000000000000000000000000000000000000000000000000000000000000000000000000000000000000000
9,61,61,0x00003696,48,0,0x000000000000000000000000000000000000000000000000000000000000000000000000000000000000000000000000
9,61,61,0x00003696,49,0,0x000000000000000000000000000000000000000000000000000000000000000000000000000000000000000000000000
9,61,61,0x00003696,50,0,0x000000000000000000000000000000000000000000000000000000000000000000000000000000000000000000000000
9,61,61,0x00003696,51,0,0x000000000000000000000000000000000000000000000000000000000000000000000000000000000000000000000000
9,61,61,0x00003696,52,0,0x000000000000000000000000000000000000000000000000000000000000000000000000000000000000000000000000
9,61,61,0x00003696,53,0,0x000000000000000000000000000000000000000000000000000000000000000000000000000000000000000000000000
9,61,61,0x00003696,54,0,0x000000000000000000000000000000000000000000000000000000000000000000000000000000000000000000000000
9,61,61,0x00003696,55,0,0x000000000000000000000000000000000000000000000000000000000000000000000000000000000000000000000000
9,61,61,0x00003696,56,0,0x000000000000000000000000000000000000000000000000000000000000000000000000000000000000000000000000
9,61,61,0x00003696,57,0,0x000000000000000000000000000000000000000000000000000000000000000000000000000000000000000000000000
9,61,61,0x00003696,58,0,0x000000000000000000000000000000000000000000000000000000000000000000000000000000000000000000000000
9,61,61,0x00003696,59,0,0x000000000000000000000000000000000000000000000000000000000000000000000000000000000000000000000000
9,61,61,0x00003696,60,0,0x000000000000000000000000000000000000000000000000000000000000000000000000000000000000000000000000
9,61,61,0x00003696,61,0,0x000000000000000000000000000000000000000000000000000000000000000000000000000000000000000000000000
9,61,61,0x00003696,62,0,0x000000000000000000000000000000000000000000000000000000000000000000000000000000000000000000000000
9,61,61,0x00003696,63,1,0x000000000000000000000000000000000000000000000000000000000000000000000000000000000000000000000000
10,62,62,0x0000412c,0,0,0x000000000000000000000000000000000000000000000000000000000000000000000000000000000000000000000000
10,62,62,0x0000412c,1,0,0x000000000000000000000000000000000000000000000000000000000000000000000000000000000000000000000000
10,62,62,0x0000412c,2,0,0x000000000000000000000000000000000000000000000000000000000000000000000000000000000000000000000000
10,62,62,0x0000412c,3,0,0x000000000000000000000000000000000000000000000000000000000000000000000000000000000000000000000000
10,62,62,0x0000412c,4,0,0x000000000000000000000000000000000000000000000000000000000000000000000000000000000000000000000000
10,62,62,0x0000412c,5,0,0x000000000000000000000000000000000000000000000000000000000000000000000000000000000000000000000000
10,62,62,0x0000412c,6,0,0x000000000000000000000000000000000000000000000000000000000000000000000000000000000000000000000000
10,62,62,0x0000412c,7,0,0x000000000000000000000000000000000000000000000000000000000000000000000000000000000000000000000000
10,62,62,0x0000412c,8,0,0x000000000000000000000000000000000000000000000000000000000000000000000000000000000000000000000000
10,62,62,0x0000412c,9,0,0x000000000000000000000000000000000000000000000000000000000000000000000000000000000000000000000000
10,62,62,0x0000412c,10,0,0x000000000000000000000000000000000000000000000000000000000000000000000000000000000000000000000000
10,62,62,0x0000412c,11,0,0x000000000000000000000000000000000000000000000000000000000000000000000000000000000000000000000000
10,62,62,0x0000412c,12,0,0x000000000000000000000000000000000000000000000000000000000000000000000000000000000000000000000000
10,62,62,0x0000412c,13,0,0x000000000000000000000000000000000000000000000000000000000000000000000000000000000000000000000000
10,62,62,0x0000412c,14,0,0x000000000000000000000000000000000000000000000000000000000000000000000000000000000000000000000000
10,62,62,0x0000412c,15,0,0x000000000000000000000000000000000000000000000000000000000000000000000000000000000000100100000000
10,62,62,0x0000412c,16,0,0x000000000000000000000000000000000000000000000000000000000000000000000000000000000000000100100100
10,62,62,0x0000412c,17,0,0x000000000000000000000000000000000000000000000000000000000000000000000000000000000000000000000000
10,62,62,0x0000412c,18,0,0x000000000000000000000000000000000000000000000000000000000000000000000000000000000000000000000000
10,62,62,0x0000412c,19,0,0x000000000000000000000000000000000000000000000000000000000000000000000000000000000000000000000000
10,62,62,0x0000412c,20,0,0x000000000000000000000000000000000000000000000000000000000000000000000000000000000000000000000000
10,62,62,0x0000412c,21,0,0x000000000000000000000000000000000000000000000000000000000000000000000000000000000000000000000000
10,62,62,0x0000412c,22,0,0x000000000000000000000000000000000000000000000000000000000000000000000000000000000000000000000000
10,62,62,0x0000412c,23,0,0x000000000000000000000000000000000000000000000000000000000000000000000000000000000000000000000000
10,62,62,0x0000412c,24,0,0x000000000000000000000000000000000000000000000000000000000000000000000000000000000000000000000000
10,62,62,0x0000412c,25,0,0x000000000000000000000000000000000000000000000000000000000000000000000000000000000000000000000000
10,62,62,0x0000412c,26,0,0x000000000000000000000000000000000000000000000000000000000000000000000000000000000000000000000000
10,62,62,0x0000412c,27,0,0x000000000000000000000000000000000000000000000000000000000000000000000000000000000000000000000000
10,62,62,0x0000412c,28,0,0x000000000000000000000000000000000000000000000000000000000000000000000000000000000000000000000000
10,62,62,0x0000412c,29,0,0x000000000000000000000000000000000000000000000000000000000000000000000000000000000000000000000000
10,62,62,0x0000412c,30,0,0x000000000000000000000000000000000000000000000000000000000000000000000000000000000000000000000000
10,62,62,0x0000412c,31,0,0x000000000000000000000000000000000000000000000000000000000000000000000000000000000000000000000000
10,62,62,0x0000412c,32,0,0x000000000000000000000000000000000000000000000000000000000000000000000000000000000000000000000000
10,62,62,0x0000412c,33,0,0x000000000000000000000000000000000000000000000000000000000000000000000000000000000000000000000000
10,62,62,0x0000412c,34,0,0x000000000000000000000000000000000000000000000000000000000000000000000000000000000000000000000000
10,62,62,0x0000412c,35,0,0x000000000000000000000000000000000000000000000000000000000000000000000000000000000000000000000000
10,62,62,0x0000412c,36,0,0x000000000000000000000000000000000000000000000000000000000000000000000000000000000000000000000000
10,62,62,0x0000412c,37,0,0x000000000000000000000000000000000000000000000000000000000000000000000000000000000000000000000000
10,62,62,0x0000412c,38,0,0x000000000000000000000000000000000000000000000000000000000000000000000000000000000000000000000000
10,62,62,0x0000412c,39,0,0x000000000000000000000000000000000000000000000000000000000000000000000000000000000000000000000000
10,62,62,0x0000412c,40,0,0x000000000000000000000000000000000000000000000000000000000000000000000000000000000000000000000000
10,62,62,0x0000412c,41,0,0x000000000000000000000000000000000000000000000000000000000000000000000000000000000000000000000000
10,62,62,0x0000412c,42,0,0x000000000000000000000000000000000000000000000000000000000000000000000000000000000000000000000000
10,62,62,0x0000412c,43,0,0x000000000000000000000000000000000000000000000000000000000000000000000000000000000000000000000000
10,62,62,0x0000412c,44,0,0x000000000000000000000000000000000000000000000000000000000000000000000000000000000000000000000000
10,62,62,0x0000412c,45,0,0x000000000000000000000000000000000000000000000000000000000000000000000000000000000000000000000000
10,62,62,0x0000412c,46,0,0x000000000000000000000000000000000000000000000000000000000000000000000000000000000000000000000000
10,62,62,0x0000412c,47,0,0x000000000000000000000000000000000000000000000000000000000000000000000000000000000000000000000000
10,62,62,0x0000412c,48,0,0x000000000000000000000000000000000000000000000000000000000000000000000000000000000000000000000000
10,62,62,0x0000412c,49,0,0x000000000000000000000000000000000000000000000000000000000000000000000000000000000000000000000000
10,62,62,0x0000412c,50,0,0x000000000000000000000000000000000000000000000000000000000000000000000000000000000000000000000000
10,62,62,0x0000412c,51,0,0x000000000000000000000000000000000000000000000000000000000000000000000000000000000000000000000000
10,62,62,0x0000412c,52,0,0x000000000000000000000000000000000000000000000000000000000000000000000000000000000000000000000000
10,62,62,0x0000412c,53,0,0x000000000000000000000000000000000000000000000000000000000000000000000000000000000000000000000000
10,62,62,0x0000412c,54,0,0x000000000000000000000000000000000000000000000000000000000000000000000000000000000000000000000000
10,62,62,0x0000412c,55,0,0x000000000000000000000000000000000000000000000000000000000000000000000000000000000000000000000000
10,62,62,0x0000412c,56,0,0x000000000000000000000000000000000000000000000000000000000000000000000000000000000000000000000000
10,62,62,0x0000412c,57,0,0x000000000000000000000000000000000000000000000000000000000000000000000000000000000000000000000000
10,62,62,0x0000412c,58,0,0x000000000000000000000000000000000000000000000000000000000000000000000000000000000000000000000000
10,62,62,0x0000412c,59,0,0x000000000000000000000000000000000000000000000000000000000000000000000000000000000000000000000000
10,62,62,0x0000412c,60,0,0x000000000000000000000000000000000000000000000000000000000000000000000000000000000000000000000000
10,62,62,0x0000412c,61,0,0x000000000000000000000000000000000000000000000000000000000000000000000000000000000000000000000000
10,62,62,0x0000412c,62,0,0x000000000000000000000000000000000000000000000000000000000000000000000000000000000000000000000000
10,62,62,0x0000412c,63,1,0x000000000000000000000000000000000000000000000000000000000000000000000000000000000000000000000000
11,63,63,0x00004b00,0,0,0x000000000000000000000000000000000000000000000000000000000000000000000000000000000000000000000000
11,63,63,0x00004b00,1,0,0x000000000000000000000000000000000000000000000000000000000000000000000000000000000000000000000000
11,63,63,0x00004b00,2,0,0x000000000000000000000000000000000000000000000000000000000000000000000000000000000000000000000000
11,63,63,0x00004b00,3,0,0x000000000000000000000000000000000000000000000000000000000000000000000000000000000000000000000000
11,63,63,0x00004b00,4,0,0x000000000000000000000000000000000000000000000000000000000000000000000000000000000000000000000000
11,63,63,0x00004b00,5,0,0x000000000000000000000000000000000000000000000000000000000000000000000000000000000000000000000000
11,63,63,0x00004b00,6,0,0x000000000000000000000000000000000000000000000000000000000000000000000000000000000000000000000000
11,63,63,0x00004b00,7,0,0x000000000000000000000000000000000000000000000000000000000000000000000000000000000000000000000000
11,63,63,0x00004b00,8,0,0x000000000000000000000000000000000000000000000000000000000000000000000000000000000000000000000000
11,63,63,0x00004b00,9,0,0x000000000000000000000000000000000000000000000000000000000000000000000000000000000000000000000000
11,63,63,0x00004b00,10,0,0x000000000000000000000000000000000000000000000000000000000000000000000000000000000000000000000000
11,63,63,0x00004b00,11,0,0x000000000000000000000000000000000000000000000000000000000000000000000000000000000000000000000000
11,63,63,0x00004b00,12,0,0x000000000000000000000000000000000000000000000000000000000000000000000000000000000000000000000000
11,63,63,0x00004b00,13,0,0x000000000000000000000000000000000000000000000000000000000000000000000000000000000000000000000000
11,63,63,0x00004b00,14,0,0x000000000000000000000000000000000000000000000000000000000000000000000000000000000000000000000000
11,63,63,0x00004b00,15,0,0x000000000000000000000000000000000000000000000000000000000000000000000000000000000000100000000000
11,63,63,0x00004b00,16,0,0x000000000000000000000000000000000000000000000000000000000000000000000000000000000000100100100100
11,63,63,0x00004b00,17,0,0x000000000000000000000000000000000000000000000000000000000000000000000000000000000000000000000000
11,63,63,0x00004b00,18,0,0x000000000000000000000000000000000000000000000000000000000000000000000000000000000000000000000000
11,63,63,0x00004b00,19,0,0x000000000000000000000000000000000000000000000000000000000000000000000000000000000000000000000000
11,63,63,0x00004b00,20,0,0x000000000000000000000000000000000000000000000000000000000000000000000000000000000000000000000000
11,63,63,0x00004b00,21,0,0x000000000000000000000000000000000000000000000000000000000000000000000000000000000000000000000000
11,63,63,0x00004b00,22,0,0x000000000000000000000000000000000000000000000000000000000000000000000000000000000000000000000000
11,63,63,0x00004b00,23,0,0x000000000000000000000000000000000000000000000000000000000000000000000000000000000000000000000000
11,63,63,0x00004b00,24,0,0x000000000000000000000000000000000000000000000000000000000000000000000000000000000000000000000000
11,63,63,0x00004b00,25,0,0x000000000000000000000000000000000000000000000000000000000000000000000000000000000000000000000000
11,63,63,0x00004b00,26,0,0x000000000000000000000000000000000000000000000000000000000000000000000000000000000000000000000000
11,63,63,0x00004b00,27,0,0x000000000000000000000000000000000000000000000000000000000000000000000000000000000000000000000000
11,63,63,0x00004b00,28,0,0x000000000000000000000000000000000000000000000000000000000000000000000000000000000000000000000000
11,63,63,0x00004b00,29,0,0x000000000000000000000000000000000000000000000000000000000000000000000000000000000000000000000000
11,63,63,0x00004b00,30,0,0x000000000000000000000000000000000000000000000000000000000000000000000000000000000000000000000000
11,63,63,0x00004b00,31,0,0x000000000000000000000000000000000000000000000000000000000000000000000000000000000000000000000000
11,63,63,0x00004b00,32,0,0x000000000000000000000000000000000000000000000000000000000000000000000000000000000000000000000000
11,63,63,0x00004b00,33,0,0x000000000000000000000000000000000000000000000000000000000000000000000000000000000000000000000000
11,63,63,0x00004b00,34,0,0x000000000000000000000000000000000000000000000000000000000000000000000000000000000000000000000000
11,63,63,0x00004b00,35,0,0x000000000000000000000000000000000000000000000000000000000000000000000000000000000000000000000000
11,63,63,0x00004b00,36,0,0x000000000000000000000000000000000000000000000000000000000000000000000000000000000000000000000000
11,63,63,0x00004b00,37,0,0x000000000000000000000000000000000000000000000000000000000000000000000000000000000000000000000000
11,63,63,0x00004b00,38,0,0x000000000000000000000000000000000000000000000000000000000000000000000000000000000000000000000000
11,63,63,0x00004b00,39,0,0x000000000000000000000000000000000000000000000000000000000000000000000000000000000000000000000000
11,63,63,0x00004b00,40,0,0x000000000000000000000000000000000000000000000000000000000000000000000000000000000000000000000000
11,63,63,0x00004b00,41,0,0x000000000000000000000000000000000000000000000000000000000000000000000000000000000000000000000000
11,63,63,0x00004b00,42,0,0x000000000000000000000000000000000000000000000000000000000000000000000000000000000000000000000000
11,63,63,0x00004b00,43,0,0x000000000000000000000000000000000000000000000000000000000000000000000000000000000000000000000000
11,63,63,0x00004b00,44,0,0x000000000000000000000000000000000000000000000000000000000000000000000000000000000000000000000000
11,63,63,0x00004b00,45,0,0x000000000000000000000000000000000000000000000000000000000000000000000000000000000000000000000000
11,63,63,0x00004b00,46,0,0x000000000000000000000000000000000000000000000000000000000000000000000000000000000000000000000000
11,63,63,0x00004b00,47,0,0x000000000000000000000000000000000000000000000000000000000000000000000000000000000000000000000000
11,63,63,0x00004b00,48,0,0x000000000000000000000000000000000000000000000000000000000000000000000000000000000000000000000000
11,63,63,0x00004b00,49,0,0x000000000000000000000000000000000000000000000000000000000000000000000000000000000000000000000000
11,63,63,0x00004b00,50,0,0x000000000000000000000000000000000000000000000000000000000000000000000000000000000000000000000000
11,63,63,0x00004b00,51,0,0x000000000000000000000000000000000000000000000000000000000000000000000000000000000000000000000000
11,63,63,0x00004b00,52,0,0x000000000000000000000000000000000000000000000000000000000000000000000000000000000000000000000000
11,63,63,0x00004b00,53,0,0x000000000000000000000000000000000000000000000000000000000000000000000000000000000000000000000000
11,63,63,0x00004b00,54,0,0x000000000000000000000000000000000000000000000000000000000000000000000000000000000000000000000000
11,63,63,0x00004b00,55,0,0x000000000000000000000000000000000000000000000000000000000000000000000000000000000000000000000000
11,63,63,0x00004b00,56,0,0x000000000000000000000000000000000000000000000000000000000000000000000000000000000000000000000000
11,63,63,0x00004b00,57,0,0x000000000000000000000000000000000000000000000000000000000000000000000000000000000000000000000000
11,63,63,0x00004b00,58,0,0x000000000000000000000000000000000000000000000000000000000000000000000000000000000000000000000000
11,63,63,0x00004b00,59,0,0x000000000000000000000000000000000000000000000000000000000000000000000000000000000000000000000000
11,63,63,0x00004b00,60,0,0x000000000000000000000000000000000000000000000000000000000000000000000000000000000000000000000000
11,63,63,0x00004b00,61,0,0x000000000000000000000000000000000000000000000000000000000000000000000000000000000000000000000000
11,63,63,0x00004b00,62,0,0x000000000000000000000000000000000000000000000000000000000000000000000000000000000000000000000000
11,63,63,0x00004b00,63,1,0x000000000000000000000000000000000000000000000000000000000000000000000000000000000000000000000000
12,64,64,0x000058a4,0,0,0x000000000000000000000000000000000000000000000000000000000000000000000000000000000000000000000000
12,64,64,0x000058a4,1,0,0x000000000000000000000000000000000000000000000000000000000000000000000000000000000000000000000000
12,64,64,0x000058a4,2,0,0x000000000000000000000000000000000000000000000000000000000000000000000000000000000000000000000000
12,64,64,0x000058a4,3,0,0x000000000000000000000000000000000000000000000000000000000000000000000000000000000000000000000000
12,64,64,0x000058a4,4,0,0x000000000000000000000000000000000000000000000000000000000000000000000000000000000000000000000000
12,64,64,0x000058a4,5,0,0x000000000000000000000000000000000000000000000000000000000000000000000000000000000000000000000000
12,64,64,0x000058a4,6,0,0x000000000000000000000000000000000000000000000000000000000000000000000000000000000000000000000000
12,64,64,0x000058a4,7,0,0x000000000000000000000000000000000000000000000000000000000000000000000000000000000000000000000000
12,64,64,0x000058a4,8,0,0x000000000000000000000000000000000000000000000000000000000000000000000000000000000000000000000000
12,64,64,0x000058a4,9,0,0x000000000000000000000000000000000000000000000000000000000000000000000000000000000000000000000000
12,64,64,0x000058a4,10,0,0x000000000000000000000000000000000000000000000000000000000000000000000000000000000000000000000000
12,64,64,0x000058a4,11,0,0x000000000000000000000000000000000000000000000000000000000000000000000000000000000000000000000000
12,64,64,0x000058a4,12,0,0x000000000000000000000000000000000000000000000000000000000000000000000000000000000000000000000000
12,64,64,0x000058a4,13,0,0x000000000000000000000000000000000000000000000000000000000000000000000000000000000000000000000000
12,64,64,0x000058a4,14,0,0x000000000000000000000000000000000000000000000000000000000000000000000000000000000000000000000000
12,64,64,0x000058a4,15,0,0x000000000000000000000000000000000000000000000000000000000000000000000000000000000000000000000000
12,64,64,0x000058a4,16,0,0x000000000000000000000000000000000000000000000000000000000000000000000000000000000000100100100100
12,64,64,0x000058a4,17,0,0x000000000000000000000000000000000000000000000000000000000000000000000000000000000000000000000100
12,64,64,0x000058a4,18,0,0x000000000000000000000000000000000000000000000000000000000000000000000000000000000000000000000000
12,64,64,0x000058a4,19,0,0x000000000000000000000000000000000000000000000000000000000000000000000000000000000000000000000000
12,64,64,0x000058a4,20,0,0x000000000000000000000000000000000000000000000000000000000000000000000000000000000000000000000000
12,64,64,0x000058a4,21,0,0x000000000000000000000000000000000000000000000000000000000000000000000000000000000000000000000000
12,64,64,0x000058a4,22,0,0x000000000000000000000000000000000000000000000000000000000000000000000000000000000000000000000000
12,64,64,0x000058a4,23,0,0x000000000000000000000000000000000000000000000000000000000000000000000000000000000000000000000000
12,64,64,0x000058a4,24,0,0x000000000000000000000000000000000000000000000000000000000000000000000000000000000000000000000000
12,64,64,0x000058a4,25,0,0x000000000000000000000000000000000000000000000000000000000000000000000000000000000000000000000000
12,64,64,0x000058a4,26,0,0x000000000000000000000000000000000000000000000000000000000000000000000000000000000000000000000000
12,64,64,0x000058a4,27,0,0x000000000000000000000000000000000000000000000000000000000000000000000000000000000000000000000000
12,64,64,0x000058a4,28,0,0x000000000000000000000000000000000000000000000000000000000000000000000000000000000000000000000000
12,64,64,0x000058a4,29,0,0x000000000000000000000000000000000000000000000000000000000000000000000000000000000000000000000000
12,64,64,0x000058a4,30,0,0x000000000000000000000000000000000000000000000000000000000000000000000000000000000000000000000000
12,64,64,0x000058a4,31,0,0x000000000000000000000000000000000000000000000000000000000000000000000000000000000000000000000000
12,64,64,0x000058a4,32,0,0x000000000000000000000000000000000000000000000000000000000000000000000000000000000000000000000000
12,64,64,0x000058a4,33,0,0x000000000000000000000000000000000000000000000000000000000000000000000000000000000000000000000000
12,64,64,0x000058a4,34,0,0x000000000000000000000000000000000000000000000000000000000000000000000000000000000000000000000000
12,64,64,0x000058a4,35,0,0x000000000000000000000000000000000000000000000000000000000000000000000000000000000000000000000000
12,64,64,0x000058a4,36,0,0x000000000000000000000000000000000000000000000000000000000000000000000000000000000000000000000000
12,64,64,0x000058a4,37,0,0x000000000000000000000000000000000000000000000000000000000000000000000000000000000000000000000000
12,64,64,0x000058a4,38,0,0x000000000000000000000000000000000000000000000000000000000000000000000000000000000000000000000000
12,64,64,0x000058a4,39,0,0x000000000000000000000000000000000000000000000000000000000000000000000000000000000000000000000000
12,64,64,0x000058a4,40,0,0x000000000000000000000000000000000000000000000000000000000000000000000000000000000000000000000000
12,64,64,0x000058a4,41,0,0x000000000000000000000000000000000000000000000000000000000000000000000000000000000000000000000000
12,64,64,0x000058a4,42,0,0x000000000000000000000000000000000000000000000000000000000000000000000000000000000000000000000000
12,64,64,0x000058a4,43,0,0x000000000000000000000000000000000000000000000000000000000000000000000000000000000000000000000000
12,64,64,0x000058a4,44,0,0x000000000000000000000000000000000000000000000000000000000000000000000000000000000000000000000000
12,64,64,0x000058a4,45,0,0x000000000000000000000000000000000000000000000000000000000000000000000000000000000000000000000000
12,64,64,0x000058a4,46,0,0x000000000000000000000000000000000000000000000000000000000000000000000000000000000000000000000000
12,64,64,0x000058a4,47,0,0x000000000000000000000000000000000000000000000000000000000000000000000000000000000000000000000000
12,64,64,0x000058a4,48,0,0x000000000000000000000000000000000000000000000000000000000000000000000000000000000000000000000000
12,64,64,0x000058a4,49,0,0x000000000000000000000000000000000000000000000000000000000000000000000000000000000000000000000000
12,64,64,0x000058a4,50,0,0x000000000000000000000000000000000000000000000000000000000000000000000000000000000000000000000000
12,64,64,0x000058a4,51,0,0x000000000000000000000000000000000000000000000000000000000000000000000000000000000000000000000000
12,64,64,0x000058a4,52,0,0x000000000000000000000000000000000000000000000000000000000000000000000000000000000000000000000000
12,64,64,0x000058a4,53,0,0x000000000000000000000000000000000000000000000000000000000000000000000000000000000000000000000000
12,64,64,0x000058a4,54,0,0x000000000000000000000000000000000000000000000000000000000000000000000000000000000000000000000000
12,64,64,0x000058a4,55,0,0x000000000000000000000000000000000000000000000000000000000000000000000000000000000000000000000000
12,64,64,0x000058a4,56,0,0x000000000000000000000000000000000000000000000000000000000000000000000000000000000000000000000000
12,64,64,0x000058a4,57,0,0x000000000000000000000000000000000000000000000000000000000000000000000000000000000000000000000000
12,64,64,0x000058a4,58,0,0x000000000000000000000000000000000000000000000000000000000000000000000000000000000000000000000000
12,64,64,0x000058a4,59,0,0x000000000000000000000000000000000000000000000000000000000000000000000000000000000000000000000000
12,64,64,0x000058a4,60,0,0x000000000000000000000000000000000000000000000000000000000000000000000000000000000000000000000000
12,64,64,0x000058a4,61,0,0x000000000000000000000000000000000000000000000000000000000000000000000000000000000000000000000000
12,64,64,0x000058a4,62,0,0x000000000000000000000000000000000000000000000000000000000000000000000000000000000000000000000000
12,64,64,0x000058a4,63,1,0x000000000000000000000000000000000000000000000000000000000000000000000000000000000000000000000000
13,65,65,0x000055c2,0,0,0x000000000000000000000000000000000000000000000000000000000000000000000000000000000000000000000000
13,65,65,0x000055c2,1,0,0x000000000000000000000000000000000000000000000000000000000000000000000000000000000000000000000000
13,65,65,0x000055c2,2,0,0x000000000000000000000000000000000000000000000000000000000000000000000000000000000000000000000000
13,65,65,0x000055c2,3,0,0x000000000000000000000000000000000000000000000000000000000000000000000000000000000000000000000000
13,65,65,0x000055c2,4,0,0x000000000000000000000000000000000000000000000000000000000000000000000000000000000000000000000000
13,65,65,0x000055c2,5,0,0x000000000000000000000000000000000000000000000000000000000000000000000000000000000000000000000000
13,65,65,0x000055c2,6,0,0x000000000000000000000000000000000000000000000000000000000000000000000000000000000000000000000000
13,65,65,0x000055c2,7,0,0x000000000000000000000000000000000000000000000000000000000000000000000000000000000000000000000000
13,65,65,0x000055c2,8,0,0x000000000000000000000000000000000000000000000000000000000000000000000000000000000000000000000000
13,65,65,0x000055c2,9,0,0x000000000000000000000000000000000000000000000000000000000000000000000000000000000000000000000000
13,65,65,0x000055c2,10,0,0x000000000000000000000000000000000000000000000000000000000000000000000000000000000000000000000000
13,65,65,0x000055c2,11,0,0x000000000000000000000000000000000000000000000000000000000000000000000000000000000000000000000000
13,65,65,0x000055c2,12,0,0x000000000000000000000000000000000000000000000000000000000000000000000000000000000000000000000000
13,65,65,0x000055c2,13,0,0x000000000000000000000000000000000000000000000000000000000000000000000000000000000000000000000000
13,65,65,0x000055c2,14,0,0x000000000000000000000000000000000000000000000000000000000000000000000000000000000000000000000000
13,65,65,0x000055c2,15,0,0x000000000000000000000000000000000000000000000000000000000000000000000000000000000000000000000000
13,65,65,0x000055c2,16,0,0x000000000000000000000000000000000000000000000000000000000000000000000000000000000000100100100000
13,65,65,0x000055c2,17,0,0x000000000000000000000000000000000000000000000000000000000000000000000000000000000000000000100100
13,65,65,0x000055c2,18,0,0x000000000000000000000000000000000000000000000000000000000000000000000000000000000000000000000000
13,65,65,0x000055c2,19,0,0x000000000000000000000000000000000000000000000000000000000000000000000000000000000000000000000000
13,65,65,0x000055c2,20,0,0x000000000000000000000000000000000000000000000000000000000000000000000000000000000000000000000000
13,65,65,0x000055c2,21,0,0x000000000000000000000000000000000000000000000000000000000000000000000000000000000000000000000000
13,65,65,0x000055c2,22,0,0x000000000000000000000000000000000000000000000000000000000000000000000000000000000000000000000000
13,65,65,0x000055c2,23,0,0x000000000000000000000000000000000000000000000000000000000000000000000000000000000000000000000000
13,65,65,0x000055c2,24,0,0x000000000000000000000000000000000000000000000000000000000000000000000000000000000000000000000000
13,65,65,0x000055c2,25,0,0x000000000000000000000000000000000000000000000000000000000000000000000000000000000000000000000000
13,65,65,0x000055c2,26,0,0x000000000000000000000000000000000000000000000000000000000000000000000000000000000000000000000000
13,65,65,0x000055c2,27,0,0x000000000000000000000000000000000000000000000000000000000000000000000000000000000000000000000000
13,65,65,0x000055c2,28,0,0x000000000000000000000000000000000000000000000000000000000000000000000000000000000000000000000000
13,65,65,0x000055c2,29,0,0x000000000000000000000000000000000000000000000000000000000000000000000000000000000000000000000000
13,65,65,0x000055c2,30,0,0x000000000000000000000000000000000000000000000000000000000000000000000000000000000000000000000000
13,65,65,0x000055c2,31,0,0x000000000000000000000000000000000000000000000000000000000000000000000000000000000000000000000000
13,65,65,0x000055c2,32,0,0x000000000000000000000000000000000000000000000000000000000000000000000000000000000000000000000000
13,65,65,0x000055c2,33,0,0x000000000000000000000000000000000000000000000000000000000000000000000000000000000000000000000000
13,65,65,0x000055c2,34,0,0x000000000000000000000000000000000000000000000000000000000000000000000000000000000000000000000000
13,65,65,0x000055c2,35,0,0x000000000000000000000000000000000000000000000000000000000000000000000000000000000000000000000000
13,65,65,0x000055c2,36,0,0x000000000000000000000000000000000000000000000000000000000000000000000000000000000000000000000000
13,65,65,0x000055c2,37,0,0x000000000000000000000000000000000000000000000000000000000000000000000000000000000000000000000000
13,65,65,0x000055c2,38,0,0x000000000000000000000000000000000000000000000000000000000000000000000000000000000000000000000000
13,65,65,0x000055c2,39,0,0x000000000000000000000000000000000000000000000000000000000000000000000000000000000000000000000000
13,65,65,0x000055c2,40,0,0x000000000000000000000000000000000000000000000000000000000000000000000000000000000000000000000000
13,65,65,0x000055c2,41,0,0x000000000000000000000000000000000000000000000000000000000000000000000000000000000000000000000000
13,65,65,0x000055c2,42,0,0x000000000000000000000000000000000000000000000000000000000000000000000000000000000000000000000000
13,65,65,0x000055c2,43,0,0x000000000000000000000000000000000000000000000000000000000000000000000000000000000000000000000000
13,65,65,0x000055c2,44,0,0x000000000000000000000000000000000000000000000000000000000000000000000000000000000000000000000000
13,65,65,0x000055c2,45,0,0x000000000000000000000000000000000000000000000000000000000000000000000000000000000000000000000000
13,65,65,0x000055c2,46,0,0x000000000000000000000000000000000000000000000000000000000000000000000000000000000000000000000000
13,65,65,0x000055c2,47,0,0x000000000000000000000000000000000000000000000000000000000000000000000000000000000000000000000000
13,65,65,0x000055c2,48,0,0x000000000000000000000000000000000000000000000000000000000000000000000000000000000000000000000000
13,65,65,0x000055c2,49,0,0x000000000000000000000000000000000000000000000000000000000000000000000000000000000000000000000000
13,65,65,0x000055c2,50,0,0x000000000000000000000000000000000000000000000000000000000000000000000000000000000000000000000000
13,65,65,0x000055c2,51,0,0x000000000000000000000000000000000000000000000000000000000000000000000000000000000000000000000000
13,65,65,0x000055c2,52,0,0x000000000000000000000000000000000000000000000000000000000000000000000000000000000000000000000000
13,65,65,0x000055c2,53,0,0x000000000000000000000000000000000000000000000000000000000000000000000000000000000000000000000000
13,65,65,0x000055c2,54,0,0x000000000000000000000000000000000000000000000000000000000000000000000000000000000000000000000000
13,65,65,0x000055c2,55,0,0x000000000000000000000000000000000000000000000000000000000000000000000000000000000000000000000000
13,65,65,0x000055c2,56,0,0x000000000000000000000000000000000000000000000000000000000000000000000000000000000000000000000000
13,65,65,0x000055c2,57,0,0x000000000000000000000000000000000000000000000000000000000000000000000000000000000000000000000000
13,65,65,0x000055c2,58,0,0x000000000000000000000000000000000000000000000000000000000000000000000000000000000000000000000000
13,65,65,0x000055c2,59,0,0x000000000000000000000000000000000000000000000000000000000000000000000000000000000000000000000000
13,65,65,0x000055c2,60,0,0x000000000000000000000000000000000000000000000000000000000000000000000000000000000000000000000000
13,65,65,0x000055c2,61,0,0x000000000000000000000000000000000000000000000000000000000000000000000000000000000000000000000000
13,65,65,0x000055c2,62,0,0x000000000000000000000000000000000000000000000000000000000000000000000000000000000000000000000000
13,65,65,0x000055c2,63,1,0x000000000000000000000000000000000000000000000000000000000000000000000000000000000000000000000000
14,66,66,0x0000427c,0,0,0x000000000000000000000000000000000000000000000000000000000000000000000000000000000000000000000000
14,66,66,0x0000427c,1,0,0x000000000000000000000000000000000000000000000000000000000000000000000000000000000000000000000000
14,66,66,0x0000427c,2,0,0x000000000000000000000000000000000000000000000000000000000000000000000000000000000000000000000000
14,66,66,0x0000427c,3,0,0x000000000000000000000000000000000000000000000000000000000000000000000000000000000000000000000000
14,66,66,0x0000427c,4,0,0x000000000000000000000000000000000000000000000000000000000000000000000000000000000000000000000000
14,66,66,0x0000427c,5,0,0x000000000000000000000000000000000000000000000000000000000000000000000000000000000000000000000000
14,66,66,0x0000427c,6,0,0x000000000000000000000000000000000000000000000000000000000000000000000000000000000000000000000000
14,66,66,0x0000427c,7,0,0x000000000000000000000000000000000000000000000000000000000000000000000000000000000000000000000000
14,66,66,0x0000427c,8,0,0x000000000000000000000000000000000000000000000000000000000000000000000000000000000000000000000000
14,66,66,0x0000427c,9,0,0x000000000000000000000000000000000000000000000000000000000000000000000000000000000000000000000000
14,66,66,0x0000427c,10,0,0x000000000000000000000000000000000000000000000000000000000000000000000000000000000000000000000000
14,66,66,0x0000427c,11,0,0x000000000000000000000000000000000000000000000000000000000000000000000000000000000000000000000000
14,66,66,0x0000427c,12,0,0x000000000000000000000000000000000000000000000000000000000000000000000000000000000000000000000000
14,66,66,0x0000427c,13,0,0x000000000000000000000000000000000000000000000000000000000000000000000000000000000000000000000000
14,66,66,0x0000427c,14,0,0x000000000000000000000000000000000000000000000000000000000000000000000000000000000000000000000000
14,66,66,0x0000427c,15,0,0x000000000000000000000000000000000000000000000000000000000000000000000000000000000000000000000000
14,66,66,0x0000427c,16,0,0x000000000000000000000000000000000000000000000000000000000000000000000000000000000000100100000000
14,66,66,0x0000427c,17,0,0x000000000000000000000000000000000000000000000000000000000000000000000000000000000000000100100100
14,66,66,0x0000427c,18,0,0x000000000000000000000000000000000000000000000000000000000000000000000000000000000000000000000000
14,66,66,0x0000427c,19,0,0x000000000000000000000000000000000000000000000000000000000000000000000000000000000000000000000000
14,66,66,0x0000427c,20,0,0x000000000000000000000000000000000000000000000000000000000000000000000000000000000000000000000000
14,66,66,0x0000427c,21,0,0x000000000000000000000000000000000000000000000000000000000000000000000000000000000000000000000000
14,66,66,0x0000427c,22,0,0x000000000000000000000000000000000000000000000000000000000000000000000000000000000000000000000000
14,66,66,0x0000427c,23,0,0x000000000000000000000000000000000000000000000000000000000000000000000000000000000000000000000000
14,66,66,0x0000427c,24,0,0x000000000000000000000000000000000000000000000000000000000000000000000000000000000000000000000000
14,66,66,0x0000427c,25,0,0x000000000000000000000000000000000000000000000000000000000000000000000000000000000000000000000000
14,66,66,0x0000427c,26,0,0x000000000000000000000000000000000000000000000000000000000000000000000000000000000000000000000000
14,66,66,0x0000427c,27,0,0x000000000000000000000000000000000000000000000000000000000000000000000000000000000000000000000000
14,66,66,0x0000427c,28,0,0x000000000000000000000000000000000000000000000000000000000000000000000000000000000000000000000000
14,66,66,0x0000427c,29,0,0x000000000000000000000000000000000000000000000000000000000000000000000000000000000000000000000000
14,66,66,0x0000427c,30,0,0x000000000000000000000000000000000000000000000000000000000000000000000000000000000000000000000000
14,66,66,0x0000427c,31,0,0x000000000000000000000000000000000000000000000000000000000000000000000000000000000000000000000000
14,66,66,0x0000427c,32,0,0x000000000000000000000000000000000000000000000000000000000000000000000000000000000000000000000000
14,66,66,0x0000427c,33,0,0x000000000000000000000000000000000000000000000000000000000000000000000000000000000000000000000000
14,66,66,0x0000427c,34,0,0x000000000000000000000000000000000000000000000000000000000000000000000000000000000000000000000000
14,66,66,0x0000427c,35,0,0x000000000000000000000000000000000000000000000000000000000000000000000000000000000000000000000000
14,66,66,0x0000427c,36,0,0x000000000000000000000000000000000000000000000000000000000000000000000000000000000000000000000000
14,66,66,0x0000427c,37,0,0x000000000000000000000000000000000000000000000000000000000000000000000000000000000000000000000000
14,66,66,0x0000427c,38,0,0x000000000000000000000000000000000000000000000000000000000000000000000000000000000000000000000000
14,66,66,0x0000427c,39,0,0x000000000000000000000000000000000000000000000000000000000000000000000000000000000000000000000000
14,66,66,0x0000427c,40,0,0x000000000000000000000000000000000000000000000000000000000000000000000000000000000000000000000000
14,66,66,0x0000427c,41,0,0x000000000000000000000000000000000000000000000000000000000000000000000000000000000000000000000000
14,66,66,0x0000427c,42,0,0x000000000000000000000000000000000000000000000000000000000000000000000000000000000000000000000000
14,66,66,0x0000427c,43,0,0x000000000000000000000000000000000000000000000000000000000000000000000000000000000000000000000000
14,66,66,0x0000427c,44,0,0x000000000000000000000000000000000000000000000000000000000000000000000000000000000000000000000000
14,66,66,0x0000427c,45,0,0x000000000000000000000000000000000000000000000000000000000000000000000000000000000000000000000000
14,66,66,0x0000427c,46,0,0x000000000000000000000000000000000000000000000000000000000000000000000000000000000000000000000000
14,66,66,0x0000427c,47,0,0x000000000000000000000000000000000000000000000000000000000000000000000000000000000000000000000000
14,66,66,0x0000427c,48,0,0x000000000000000000000000000000000000000000000000000000000000000000000000000000000000000000000000
14,66,66,0x0000427c,49,0,0x000000000000000000000000000000000000000000000000000000000000000000000000000000000000000000000000
14,66,66,0x0000427c,50,0,0x000000000000000000000000000000000000000000000000000000000000000000000000000000000000000000000000
14,66,66,0x0000427c,51,0,0x000000000000000000000000000000000000000000000000000000000000000000000000000000000000000000000000
14,66,66,0x0000427c,52,0,0x000000000000000000000000000000000000000000000000000000000000000000000000000000000000000000000000
14,66,66,0x0000427c,53,0,0x000000000000000000000000000000000000000000000000000000000000000000000000000000000000000000000000
14,66,66,0x0000427c,54,0,0x000000000000000000000000000000000000000000000000000000000000000000000000000000000000000000000000
14,66,66,0x0000427c,55,0,0x000000000000000000000000000000000000000000000000000000000000000000000000000000000000000000000000
14,66,66,0x0000427c,56,0,0x000000000000000000000000000000000000000000000000000000000000000000000000000000000000000000000000
14,66,66,0x0000427c,57,0,0x000000000000000000000000000000000000000000000000000000000000000000000000000000000000000000000000
14,66,66,0x0000427c,58,0,0x000000000000000000000000000000000000000000000000000000000000000000000000000000000000000000000000
14,66,66,0x0000427c,59,0,0x000000000000000000000000000000000000000000000000000000000000000000000000000000000000000000000000
14,66,66,0x0000427c,60,0,0x000000000000000000000000000000000000000000000000000000000000000000000000000000000000000000000000
14,66,66,0x0000427c,61,0,0x000000000000000000000000000000000000000000000000000000000000000000000000000000000000000000000000
14,66,66,0x0000427c,62,0,0x000000000000000000000000000000000000000000000000000000000000000000000000000000000000000000000000
14,66,66,0x0000427c,63,1,0x000000000000000000000000000000000000000000000000000000000000000000000000000000000000000000000000
15,67,67,0x00003ce4,0,0,0x000000000000000000000000000000000000000000000000000000000000000000000000000000000000000000000000
15,67,67,0x00003ce4,1,0,0x000000000000000000000000000000000000000000000000000000000000000000000000000000000000000000000000
15,67,67,0x00003ce4,2,0,0x000000000000000000000000000000000000000000000000000000000000000000000000000000000000000000000000
15,67,67,0x00003ce4,3,0,0x000000000000000000000000000000000000000000000000000000000000000000000000000000000000000000000000
15,67,67,0x00003ce4,4,0,0x000000000000000000000000000000000000000000000000000000000000000000000000000000000000000000000000
15,67,67,0x00003ce4,5,0,0x000000000000000000000000000000000000000000000000000000000000000000000000000000000000000000000000
15,67,67,0x00003ce4,6,0,0x000000000000000000000000000000000000000000000000000000000000000000000000000000000000000000000000
15,67,67,0x00003ce4,7,0,0x000000000000000000000000000000000000000000000000000000000000000000000000000000000000000000000000
15,67,67,0x00003ce4,8,0,0x000000000000000000000000000000000000000000000000000000000000000000000000000000000000000000000000
15,67,67,0x00003ce4,9,0,0x000000000000000000000000000000000000000000000000000000000000000000000000000000000000000000000000
15,67,67,0x00003ce4,10,0,0x000000000000000000000000000000000000000000000000000000000000000000000000000000000000000000000000
15,67,67,0x00003ce4,11,0,0x000000000000000000000000000000000000000000000000000000000000000000000000000000000000000000000000
15,67,67,0x00003ce4,12,0,0x000000000000000000000000000000000000000000000000000000000000000000000000000000000000000000000000
15,67,67,0x00003ce4,13,0,0x000000000000000000000000000000000000000000000000000000000000000000000000000000000000000000000000
15,67,67,0x00003ce4,14,0,0x000000000000000000000000000000000000000000000000000000000000000000000000000000000000000000000000
15,67,67,0x00003ce4,15,0,0x000000000000000000000000000000000000000000000000000000000000000000000000000000000000000000000000
15,67,67,0x00003ce4,16,0,0x000000000000000000000000000000000000000000000000000000000000000000000000000000000000100000000000
15,67,67,0x00003ce4,17,0,0x000000000000000000000000000000000000000000000000000000000000000000000000000000000000100100100100
15,67,67,0x00003ce4,18,0,0x000000000000000000000000000000000000000000000000000000000000000000000000000000000000000000000000
15,67,67,0x00003ce4,19,0,0x000000000000000000000000000000000000000000000000000000000000000000000000000000000000000000000000
15,67,67,0x00003ce4,20,0,0x000000000000000000000000000000000000000000000000000000000000000000000000000000000000000000000000
15,67,67,0x00003ce4,21,0,0x000000000000000000000000000000000000000000000000000000000000000000000000000000000000000000000000
15,67,67,0x00003ce4,22,0,0x000000000000000000000000000000000000000000000000000000000000000000000000000000000000000000000000
15,67,67,0x00003ce4,23,0,0x000000000000000000000000000000000000000000000000000000000000000000000000000000000000000000000000
15,67,67,0x00003ce4,24,0,0x000000000000000000000000000000000000000000000000000000000000000000000000000000000000000000000000
15,67,67,0x00003ce4,25,0,0x000000000000000000000000000000000000000000000000000000000000000000000000000000000000000000000000
15,67,67,0x00003ce4,26,0,0x000000000000000000000000000000000000000000000000000000000000000000000000000000000000000000000000
15,67,67,0x00003ce4,27,0,0x000000000000000000000000000000000000000000000000000000000000000000000000000000000000000000000000
15,67,67,0x00003ce4,28,0,0x000000000000000000000000000000000000000000000000000000000000000000000000000000000000000000000000
15,67,67,0x00003ce4,29,0,0x000000000000000000000000000000000000000000000000000000000000000000000000000000000000000000000000
15,67,67,0x00003ce4,30,0,0x000000000000000000000000000000000000000000000000000000000000000000000000000000000000000000000000
15,67,67,0x00003ce4,31,0,0x000000000000000000000000000000000000000000000000000000000000000000000000000000000000000000000000
15,67,67,0x00003ce4,32,0,0x000000000000000000000000000000000000000000000000000000000000000000000000000000000000000000000000
15,67,67,0x00003ce4,33,0,0x000000000000000000000000000000000000000000000000000000000000000000000000000000000000000000000000
15,67,67,0x00003ce4,34,0,0x000000000000000000000000000000000000000000000000000000000000000000000000000000000000000000000000
15,67,67,0x00003ce4,35,0,0x000000000000000000000000000000000000000000000000000000000000000000000000000000000000000000000000
15,67,67,0x00003ce4,36,0,0x000000000000000000000000000000000000000000000000000000000000000000000000000000000000000000000000
15,67,67,0x00003ce4,37,0,0x000000000000000000000000000000000000000000000000000000000000000000000000000000000000000000000000
15,67,67,0x00003ce4,38,0,0x000000000000000000000000000000000000000000000000000000000000000000000000000000000000000000000000
15,67,67,0x00003ce4,39,0,0x000000000000000000000000000000000000000000000000000000000000000000000000000000000000000000000000
15,67,67,0x00003ce4,40,0,0x000000000000000000000000000000000000000000000000000000000000000000000000000000000000000000000000
15,67,67,0x00003ce4,41,0,0x000000000000000000000000000000000000000000000000000000000000000000000000000000000000000000000000
15,67,67,0x00003ce4,42,0,0x000000000000000000000000000000000000000000000000000000000000000000000000000000000000000000000000
15,67,67,0x00003ce4,43,0,0x000000000000000000000000000000000000000000000000000000000000000000000000000000000000000000000000
15,67,67,0x00003ce4,44,0,0x000000000000000000000000000000000000000000000000000000000000000000000000000000000000000000000000
15,67,67,0x00003ce4,45,0,0x000000000000000000000000000000000000000000000000000000000000000000000000000000000000000000000000
15,67,67,0x00003ce4,46,0,0x000000000000000000000000000000000000000000000000000000000000000000000000000000000000000000000000
15,67,67,0x00003ce4,47,0,0x000000000000000000000000000000000000000000000000000000000000000000000000000000000000000000000000
15,67,67,0x00003ce4,48,0,0x000000000000000000000000000000000000000000000000000000000000000000000000000000000000000000000000
15,67,67,0x00003ce4,49,0,0x000000000000000000000000000000000000000000000000000000000000000000000000000000000000000000000000
15,67,67,0x00003ce4,50,0,0x000000000000000000000000000000000000000000000000000000000000000000000000000000000000000000000000
15,67,67,0x00003ce4,51,0,0x000000000000000000000000000000000000000000000000000000000000000000000000000000000000000000000000
15,67,67,0x00003ce4,52,0,0x000000000000000000000000000000000000000000000000000000000000000000000000000000000000000000000000
15,67,67,0x00003ce4,53,0,0x000000000000000000000000000000000000000000000000000000000000000000000000000000000000000000000000
15,67,67,0x00003ce4,54,0,0x000000000000000000000000000000000000000000000000000000000000000000000000000000000000000000000000
15,67,67,0x00003ce4,55,0,0x000000000000000000000000000000000000000000000000000000000000000000000000000000000000000000000000
15,67,67,0x00003ce4,56,0,0x000000000000000000000000000000000000000000000000000000000000000000000000000000000000000000000000
15,67,67,0x00003ce4,57,0,0x000000000000000000000000000000000000000000000000000000000000000000000000000000000000000000000000
15,67,67,0x00003ce4,58,0,0x000000000000000000000000000000000000000000000000000000000000000000000000000000000000000000000000
15,67,67,0x00003ce4,59,0,0x000000000000000000000000000000000000000000000000000000000000000000000000000000000000000000000000
15,67,67,0x00003ce4,60,0,0x000000000000000000000000000000000000000000000000000000000000000000000000000000000000000000000000
15,67,67,0x00003ce4,61,0,0x000000000000000000000000000000000000000000000000000000000000000000000000000000000000000000000000
15,67,67,0x00003ce4,62,0,0x000000000000000000000000000000000000000000000000000000000000000000000000000000000000000000000000
15,67,67,0x00003ce4,63,1,0x000000000000000000000000000000000000000000000000000000000000000000000000000000000000000000000000
16,68,68,0x00003d84,0,0,0x000000000000000000000000000000000000000000000000000000000000000000000000000000000000000000000000
16,68,68,0x00003d84,1,0,0x000000000000000000000000000000000000000000000000000000000000000000000000000000000000000000000000
16,68,68,0x00003d84,2,0,0x000000000000000000000000000000000000000000000000000000000000000000000000000000000000000000000000
16,68,68,0x00003d84,3,0,0x000000000000000000000000000000000000000000000000000000000000000000000000000000000000000000000000
16,68,68,0x00003d84,4,0,0x000000000000000000000000000000000000000000000000000000000000000000000000000000000000000000000000
16,68,68,0x00003d84,5,0,0x000000000000000000000000000000000000000000000000000000000000000000000000000000000000000000000000
16,68,68,0x00003d84,6,0,0x000000000000000000000000000000000000000000000000000000000000000000000000000000000000000000000000
16,68,68,0x00003d84,7,0,0x000000000000000000000000000000000000000000000000000000000000000000000000000000000000000000000000
16,68,68,0x00003d84,8,0,0x000000000000000000000000000000000000000000000000000000000000000000000000000000000000000000000000
16,68,68,0x00003d84,9,0,0x000000000000000000000000000000000000000000000000000000000000000000000000000000000000000000000000
16,68,68,0x00003d84,10,0,0x000000000000000000000000000000000000000000000000000000000000000000000000000000000000000000000000
16,68,68,0x00003d84,11,0,0x000000000000000000000000000000000000000000000000000000000000000000000000000000000000000000000000
16,68,68,0x00003d84,12,0,0x000000000000000000000000000000000000000000000000000000000000000000000000000000000000000000000000
16,68,68,0x00003d84,13,0,0x000000000000000000000000000000000000000000000000000000000000000000000000000000000000000000000000
16,68,68,0x00003d84,14,0,0x000000000000000000000000000000000000000000000000000000000000000000000000000000000000000000000000
16,68,68,0x00003d84,15,0,0x000000000000000000000000000000000000000000000000000000000000000000000000000000000000000000000000
16,68,68,0x00003d84,16,0,0x000000000000000000000000000000000000000000000000000000000000000000000000000000000000000000000000
16,68,68,0x00003d84,17,0,0x000000000000000000000000000000000000000000000000000000000000000000000000000000000000100100100100
16,68,68,0x00003d84,18,0,0x000000000000000000000000000000000000000000000000000000000000000000000000000000000000000000000100
16,68,68,0x00003d84,19,0,0x000000000000000000000000000000000000000000000000000000000000000000000000000000000000000000000000
16,68,68,0x00003d84,20,0,0x000000000000000000000000000000000000000000000000000000000000000000000000000000000000000000000000
16,68,68,0x00003d84,21,0,0x000000000000000000000000000000000000000000000000000000000000000000000000000000000000000000000000
16,68,68,0x00003d84,22,0,0x000000000000000000000000000000000000000000000000000000000000000000000000000000000000000000000000
16,68,68,0x00003d84,23,0,0x000000000000000000000000000000000000000000000000000000000000000000000000000000000000000000000000
16,68,68,0x00003d84,24,0,0x000000000000000000000000000000000000000000000000000000000000000000000000000000000000000000000000
16,68,68,0x00003d84,25,0,0x000000000000000000000000000000000000000000000000000000000000000000000000000000000000000000000000
16,68,68,0x00003d84,26,0,0x000000000000000000000000000000000000000000000000000000000000000000000000000000000000000000000000
16,68,68,0x00003d84,27,0,0x000000000000000000000000000000000000000000000000000000000000000000000000000000000000000000000000
16,68,68,0x00003d84,28,0,0x000000000000000000000000000000000000000000000000000000000000000000000000000000000000000000000000
16,68,68,0x00003d84,29,0,0x000000000000000000000000000000000000000000000000000000000000000000000000000000000000000000000000
16,68,68,0x00003d84,30,0,0x000000000000000000000000000000000000000000000000000000000000000000000000000000000000000000000000
16,68,68,0x00003d84,31,0,0x000000000000000000000000000000000000000000000000000000000000000000000000000000000000000000000000
16,68,68,0x00003d84,32,0,0x000000000000000000000000000000000000000000000000000000000000000000000000000000000000000000000000
16,68,68,0x00003d84,33,0,0x000000000000000000000000000000000000000000000000000000000000000000000000000000000000000000000000
16,68,68,0x00003d84,34,0,0x000000000000000000000000000000000000000000000000000000000000000000000000000000000000000000000000
16,68,68,0x00003d84,35,0,0x000000000000000000000000000000000000000000000000000000000000000000000000000000000000000000000000
16,68,68,0x00003d84,36,0,0x000000000000000000000000000000000000000000000000000000000000000000000000000000000000000000000000
16,68,68,0x00003d84,37,0,0x000000000000000000000000000000000000000000000000000000000000000000000000000000000000000000000000
16,68,68,0x00003d84,38,0,0x000000000000000000000000000000000000000000000000000000000000000000000000000000000000000000000000
16,68,68,0x00003d84,39,0,0x000000000000000000000000000000000000000000000000000000000000000000000000000000000000000000000000
16,68,68,0x00003d84,40,0,0x000000000000000000000000000000000000000000000000000000000000000000000000000000000000000000000000
16,68,68,0x00003d84,41,0,0x000000000000000000000000000000000000000000000000000000000000000000000000000000000000000000000000
16,68,68,0x00003d84,42,0,0x000000000000000000000000000000000000000000000000000000000000000000000000000000000000000000000000
16,68,68,0x00003d84,43,0,0x000000000000000000000000000000000000000000000000000000000000000000000000000000000000000000000000
16,68,68,0x00003d84,44,0,0x000000000000000000000000000000000000000000000000000000000000000000000000000000000000000000000000
16,68,68,0x00003d84,45,0,0x000000000000000000000000000000000000000000000000000000000000000000000000000000000000000000000000
16,68,68,0x00003d84,46,0,0x000000000000000000000000000000000000000000000000000000000000000000000000000000000000000000000000
16,68,68,0x00003d84,47,0,0x000000000000000000000000000000000000000000000000000000000000000000000000000000000000000000000000
16,68,68,0x00003d84,48,0,0x000000000000000000000000000000000000000000000000000000000000000000000000000000000000000000000000
16,68,68,0x00003d84,49,0,0x000000000000000000000000000000000000000000000000000000000000000000000000000000000000000000000000
16,68,68,0x00003d84,50,0,0x000000000000000000000000000000000000000000000000000000000000000000000000000000000000000000000000
16,68,68,0x00003d84,51,0,0x000000000000000000000000000000000000000000000000000000000000000000000000000000000000000000000000
16,68,68,0x00003d84,52,0,0x000000000000000000000000000000000000000000000000000000000000000000000000000000000000000000000000
16,68,68,0x00003d84,53,0,0x000000000000000000000000000000000000000000000000000000000000000000000000000000000000000000000000
16,68,68,0x00003d84,54,0,0x000000000000000000000000000000000000000000000000000000000000000000000000000000000000000000000000
16,68,68,0x00003d84,55,0,0x000000000000000000000000000000000000000000000000000000000000000000000000000000000000000000000000
16,68,68,0x00003d84,56,0,0x000000000000000000000000000000000000000000000000000000000000000000000000000000000000000000000000
16,68,68,0x00003d84,57,0,0x000000000000000000000000000000000000000000000000000000000000000000000000000000000000000000000000
16,68,68,0x00003d84,58,0,0x000000000000000000000000000000000000000000000000000000000000000000000000000000000000000000000000
16,68,68,0x00003d84,59,0,0x000000000000000000000000000000000000000000000000000000000000000000000000000000000000000000000000
16,68,68,0x00003d84,60,0,0x000000000000000000000000000000000000000000000000000000000000000000000000000000000000000000000000
16,68,68,0x00003d84,61,0,0x000000000000000000000000000000000000000000000000000000000000000000000000000000000000000000000000
16,68,68,0x00003d84,62,0,0x000000000000000000000000000000000000000000000000000000000000000000000000000000000000000000000000
16,68,68,0x00003d84,63,1,0x000000000000000000000000000000000000000000000000000000000000000000000000000000000000000000000000
17,69,69,0x00004cd8,0,0,0x000000000000000000000000000000000000000000000000000000000000000000000000000000000000000000000000
17,69,69,0x00004cd8,1,0,0x000000000000000000000000000000000000000000000000000000000000000000000000000000000000000000000000
17,69,69,0x00004cd8,2,0,0x000000000000000000000000000000000000000000000000000000000000000000000000000000000000000000000000
17,69,69,0x00004cd8,3,0,0x000000000000000000000000000000000000000000000000000000000000000000000000000000000000000000000000
17,69,69,0x00004cd8,4,0,0x000000000000000000000000000000000000000000000000000000000000000000000000000000000000000000000000
17,69,69,0x00004cd8,5,0,0x000000000000000000000000000000000000000000000000000000000000000000000000000000000000000000000000
17,69,69,0x00004cd8,6,0,0x000000000000000000000000000000000000000000000000000000000000000000000000000000000000000000000000
17,69,69,0x00004cd8,7,0,0x000000000000000000000000000000000000000000000000000000000000000000000000000000000000000000000000
17,69,69,0x00004cd8,8,0,0x000000000000000000000000000000000000000000000000000000000000000000000000000000000000000000000000
17,69,69,0x00004cd8,9,0,0x000000000000000000000000000000000000000000000000000000000000000000000000000000000000000000000000
17,69,69,0x00004cd8,10,0,0x000000000000000000000000000000000000000000000000000000000000000000000000000000000000000000000000
17,69,69,0x00004cd8,11,0,0x000000000000000000000000000000000000000000000000000000000000000000000000000000000000000000000000
17,69,69,0x00004cd8,12,0,0x000000000000000000000000000000000000000000000000000000000000000000000000000000000000000000000000
17,69,69,0x00004cd8,13,0,0x000000000000000000000000000000000000000000000000000000000000000000000000000000000000000000000000
17,69,69,0x00004cd8,14,0,0x000000000000000000000000000000000000000000000000000000000000000000000000000000000000000000000000
17,69,69,0x00004cd8,15,0,0x000000000000000000000000000000000000000000000000000000000000000000000000000000000000000000000000
17,69,69,0x00004cd8,16,0,0x000000000000000000000000000000000000000000000000000000000000000000000000000000000000000000000000
17,69,69,0x00004cd8,17,0,0x000000000000000000000000000000000000000000000000000000000000000000000000000000000000100100100000
17,69,69,0x00004cd8,18,0,0x000000000000000000000000000000000000000000000000000000000000000000000000000000000000000000100100
17,69,69,0x00004cd8,19,0,0x000000000000000000000000000000000000000000000000000000000000000000000000000000000000000000000000
17,69,69,0x00004cd8,20,0,0x000000000000000000000000000000000000000000000000000000000000000000000000000000000000000000000000
17,69,69,0x00004cd8,21,0,0x000000000000000000000000000000000000000000000000000000000000000000000000000000000000000000000000
17,69,69,0x00004cd8,22,0,0x000000000000000000000000000000000000000000000000000000000000000000000000000000000000000000000000
17,69,69,0x00004cd8,23,0,0x000000000000000000000000000000000000000000000000000000000000000000000000000000000000000000000000
17,69,69,0x00004cd8,24,0,0x000000000000000000000000000000000000000000000000000000000000000000000000000000000000000000000000
17,69,69,0x00004cd8,25,0,0x000000000000000000000000000000000000000000000000000000000000000000000000000000000000000000000000
17,69,69,0x00004cd8,26,0,0x000000000000000000000000000000000000000000000000000000000000000000000000000000000000000000000000
17,69,69,0x00004cd8,27,0,0x000000000000000000000000000000000000000000000000000000000000000000000000000000000000000000000000
17,69,69,0x00004cd8,28,0,0x000000000000000000000000000000000000000000000000000000000000000000000000000000000000000000000000
17,69,69,0x00004cd8,29,0,0x000000000000000000000000000000000000000000000000000000000000000000000000000000000000000000000000
17,69,69,0x00004cd8,30,0,0x000000000000000000000000000000000000000000000000000000000000000000000000000000000000000000000000
17,69,69,0x00004cd8,31,0,0x000000000000000000000000000000000000000000000000000000000000000000000000000000000000000000000000
17,69,69,0x00004cd8,32,0,0x000000000000000000000000000000000000000000000000000000000000000000000000000000000000000000000000
17,69,69,0x00004cd8,33,0,0x000000000000000000000000000000000000000000000000000000000000000000000000000000000000000000000000
17,69,69,0x00004cd8,34,0,0x000000000000000000000000000000000000000000000000000000000000000000000000000000000000000000000000
17,69,69,0x00004cd8,35,0,0x000000000000000000000000000000000000000000000000000000000000000000000000000000000000000000000000
17,69,69,0x00004cd8,36,0,0x000000000000000000000000000000000000000000000000000000000000000000000000000000000000000000000000
17,69,69,0x00004cd8,37,0,0x000000000000000000000000000000000000000000000000000000000000000000000000000000000000000000000000
17,69,69,0x00004cd8,38,0,0x000000000000000000000000000000000000000000000000000000000000000000000000000000000000000000000000
17,69,69,0x00004cd8,39,0,0x000000000000000000000000000000000000000000000000000000000000000000000000000000000000000000000000
17,69,69,0x00004cd8,40,0,0x000000000000000000000000000000000000000000000000000000000000000000000000000000000000000000000000
17,69,69,0x00004cd8,41,0,0x000000000000000000000000000000000000000000000000000000000000000000000000000000000000000000000000
17,69,69,0x00004cd8,42,0,0x000000000000000000000000000000000000000000000000000000000000000000000000000000000000000000000000
17,69,69,0x00004cd8,43,0,0x000000000000000000000000000000000000000000000000000000000000000000000000000000000000000000000000
17,69,69,0x00004cd8,44,0,0x000000000000000000000000000000000000000000000000000000000000000000000000000000000000000000000000
17,69,69,0x00004cd8,45,0,0x000000000000000000000000000000000000000000000000000000000000000000000000000000000000000000000000
17,69,69,0x00004cd8,46,0,0x000000000000000000000000000000000000000000000000000000000000000000000000000000000000000000000000
17,69,69,0x00004cd8,47,0,0x000000000000000000000000000000000000000000000000000000000000000000000000000000000000000000000000
17,69,69,0x00004cd8,48,0,0x000000000000000000000000000000000000000000000000000000000000000000000000000000000000000000000000
17,69,69,0x00004cd8,49,0,0x000000000000000000000000000000000000000000000000000000000000000000000000000000000000000000000000
17,69,69,0x00004cd8,50,0,0x000000000000000000000000000000000000000000000000000000000000000000000000000000000000000000000000
17,69,69,0x00004cd8,51,0,0x000000000000000000000000000000000000000000000000000000000000000000000000000000000000000000000000
17,69,69,0x00004cd8,52,0,0x000000000000000000000000000000000000000000000000000000000000000000000000000000000000000000000000
17,69,69,0x00004cd8,53,0,0x000000000000000000000000000000000000000000000000000000000000000000000000000000000000000000000000
17,69,69,0x00004cd8,54,0,0x000000000000000000000000000000000000000000000000000000000000000000000000000000000000000000000000
17,69,69,0x00004cd8,55,0,0x000000000000000000000000000000000000000000000000000000000000000000000000000000000000000000000000
17,69,69,0x00004cd8,56,0,0x000000000000000000000000000000000000000000000000000000000000000000000000000000000000000000000000
17,69,69,0x00004cd8,57,0,0x000000000000000000000000000000000000000000000000000000000000000000000000000000000000000000000000
17,69,69,0x00004cd8,58,0,0x000000000000000000000000000000000000000000000000000000000000000000000000000000000000000000000000
17,69,69,0x00004cd8,59,0,0x000000000000000000000000000000000000000000000000000000000000000000000000000000000000000000000000
17,69,69,0x00004cd8,60,0,0x000000000000000000000000000000000000000000000000000000000000000000000000000000000000000000000000
17,69,69,0x00004cd8,61,0,0x000000000000000000000000000000000000000000000000000000000000000000000000000000000000000000000000
17,69,69,0x00004cd8,62,0,0x000000000000000000000000000000000000000000000000000000000000000000000000000000000000000000000000
17,69,69,0x00004cd8,63,1,0x000000000000000000000000000000000000000000000000000000000000000000000000000000000000000000000000
18,70,70,0x00005b98,0,0,0x000000000000000000000000000000000000000000000000000000000000000000000000000000000000000000000000
18,70,70,0x00005b98,1,0,0x000000000000000000000000000000000000000000000000000000000000000000000000000000000000000000000000
18,70,70,0x00005b98,2,0,0x000000000000000000000000000000000000000000000000000000000000000000000000000000000000000000000000
18,70,70,0x00005b98,3,0,0x000000000000000000000000000000000000000000000000000000000000000000000000000000000000000000000000
18,70,70,0x00005b98,4,0,0x000000000000000000000000000000000000000000000000000000000000000000000000000000000000000000000000
18,70,70,0x00005b98,5,0,0x000000000000000000000000000000000000000000000000000000000000000000000000000000000000000000000000
18,70,70,0x00005b98,6,0,0x000000000000000000000000000000000000000000000000000000000000000000000000000000000000000000000000
18,70,70,0x00005b98,7,0,0x000000000000000000000000000000000000000000000000000000000000000000000000000000000000000000000000
18,70,70,0x00005b98,8,0,0x000000000000000000000000000000000000000000000000000000000000000000000000000000000000000000000000
18,70,70,0x00005b98,9,0,0x000000000000000000000000000000000000000000000000000000000000000000000000000000000000000000000000
18,70,70,0x00005b98,10,0,0x000000000000000000000000000000000000000000000000000000000000000000000000000000000000000000000000
18,70,70,0x00005b98,11,0,0x000000000000000000000000000000000000000000000000000000000000000000000000000000000000000000000000
18,70,70,0x00005b98,12,0,0x000000000000000000000000000000000000000000000000000000000000000000000000000000000000000000000000
18,70,70,0x00005b98,13,0,0x000000000000000000000000000000000000000000000000000000000000000000000000000000000000000000000000
18,70,70,0x00005b98,14,0,0x000000000000000000000000000000000000000000000000000000000000000000000000000000000000000000000000
18,70,70,0x00005b98,15,0,0x000000000000000000000000000000000000000000000000000000000000000000000000000000000000000000000000
18,70,70,0x00005b98,16,0,0x000000000000000000000000000000000000000000000000000000000000000000000000000000000000000000000000
18,70,70,0x00005b98,17,0,0x000000000000000000000000000000000000000000000000000000000000000000000000000000000000100100000000
18,70,70,0x00005b98,18,0,0x000000000000000000000000000000000000000000000000000000000000000000000000000000000000000100100100
18,70,70,0x00005b98,19,0,0x000000000000000000000000000000000000000000000000000000000000000000000000000000000000000000000000
18,70,70,0x00005b98,20,0,0x000000000000000000000000000000000000000000000000000000000000000000000000000000000000000000000000
18,70,70,0x00005b98,21,0,0x000000000000000000000000000000000000000000000000000000000000000000000000000000000000000000000000
18,70,70,0x00005b98,22,0,0x000000000000000000000000000000000000000000000000000000000000000000000000000000000000000000000000
18,70,70,0x00005b98,23,0,0x000000000000000000000000000000000000000000000000000000000000000000000000000000000000000000000000
18,70,70,0x00005b98,24,0,0x000000000000000000000000000000000000000000000000000000000000000000000000000000000000000000000000
18,70,70,0x00005b98,25,0,0x000000000000000000000000000000000000000000000000000000000000000000000000000000000000000000000000
18,70,70,0x00005b98,26,0,0x000000000000000000000000000000000000000000000000000000000000000000000000000000000000000000000000
18,70,70,0x00005b98,27,0,0x000000000000000000000000000000000000000000000000000000000000000000000000000000000000000000000000
18,70,70,0x00005b98,28,0,0x000000000000000000000000000000000000000000000000000000000000000000000000000000000000000000000000
18,70,70,0x00005b98,29,0,0x000000000000000000000000000000000000000000000000000000000000000000000000000000000000000000000000
18,70,70,0x00005b98,30,0,0x000000000000000000000000000000000000000000000000000000000000000000000000000000000000000000000000
18,70,70,0x00005b98,31,0,0x000000000000000000000000000000000000000000000000000000000000000000000000000000000000000000000000
18,70,70,0x00005b98,32,0,0x000000000000000000000000000000000000000000000000000000000000000000000000000000000000000000000000
18,70,70,0x00005b98,33,0,0x000000000000000000000000000000000000000000000000000000000000000000000000000000000000000000000000
18,70,70,0x00005b98,34,0,0x000000000000000000000000000000000000000000000000000000000000000000000000000000000000000000000000
18,70,70,0x00005b98,35,0,0x000000000000000000000000000000000000000000000000000000000000000000000000000000000000000000000000
18,70,70,0x00005b98,36,0,0x000000000000000000000000000000000000000000000000000000000000000000000000000000000000000000000000
18,70,70,0x00005b98,37,0,0x000000000000000000000000000000000000000000000000000000000000000000000000000000000000000000000000
18,70,70,0x00005b98,38,0,0x000000000000000000000000000000000000000000000000000000000000000000000000000000000000000000000000
18,70,70,0x00005b98,39,0,0x000000000000000000000000000000000000000000000000000000000000000000000000000000000000000000000000
18,70,70,0x00005b98,40,0,0x000000000000000000000000000000000000000000000000000000000000000000000000000000000000000000000000
18,70,70,0x00005b98,41,0,0x000000000000000000000000000000000000000000000000000000000000000000000000000000000000000000000000
18,70,70,0x00005b98,42,0,0x000000000000000000000000000000000000000000000000000000000000000000000000000000000000000000000000
18,70,70,0x00005b98,43,0,0x000000000000000000000000000000000000000000000000000000000000000000000000000000000000000000000000
18,70,70,0x00005b98,44,0,0x000000000000000000000000000000000000000000000000000000000000000000000000000000000000000000000000
18,70,70,0x00005b98,45,0,0x000000000000000000000000000000000000000000000000000000000000000000000000000000000000000000000000
18,70,70,0x00005b98,46,0,0x000000000000000000000000000000000000000000000000000000000000000000000000000000000000000000000000
18,70,70,0x00005b98,47,0,0x000000000000000000000000000000000000000000000000000000000000000000000000000000000000000000000000
18,70,70,0x00005b98,48,0,0x000000000000000000000000000000000000000000000000000000000000000000000000000000000000000000000000
18,70,70,0x00005b98,49,0,0x000000000000000000000000000000000000000000000000000000000000000000000000000000000000000000000000
18,70,70,0x00005b98,50,0,0x000000000000000000000000000000000000000000000000000000000000000000000000000000000000000000000000
18,70,70,0x00005b98,51,0,0x000000000000000000000000000000000000000000000000000000000000000000000000000000000000000000000000
18,70,70,0x00005b98,52,0,0x000000000000000000000000000000000000000000000000000000000000000000000000000000000000000000000000
18,70,70,0x00005b98,53,0,0x000000000000000000000000000000000000000000000000000000000000000000000000000000000000000000000000
18,70,70,0x00005b98,54,0,0x000000000000000000000000000000000000000000000000000000000000000000000000000000000000000000000000
18,70,70,0x00005b98,55,0,0x000000000000000000000000000000000000000000000000000000000000000000000000000000000000000000000000
18,70,70,0x00005b98,56,0,0x000000000000000000000000000000000000000000000000000000000000000000000000000000000000000000000000
18,70,70,0x00005b98,57,0,0x000000000000000000000000000000000000000000000000000000000000000000000000000000000000000000000000
18,70,70,0x00005b98,58,0,0x000000000000000000000000000000000000000000000000000000000000000000000000000000000000000000000000
18,70,70,0x00005b98,59,0,0x000000000000000000000000000000000000000000000000000000000000000000000000000000000000000000000000
18,70,70,0x00005b98,60,0,0x000000000000000000000000000000000000000000000000000000000000000000000000000000000000000000000000
18,70,70,0x00005b98,61,0,0x000000000000000000000000000000000000000000000000000000000000000000000000000000000000000000000000
18,70,70,0x00005b98,62,0,0x000000000000000000000000000000000000000000000000000000000000000000000000000000000000000000000000
18,70,70,0x00005b98,63,1,0x000000000000000000000000000000000000000000000000000000000000000000000000000000000000000000000000
19,71,71,0x00005c7c,0,0,0x000000000000000000000000000000000000000000000000000000000000000000000000000000000000000000000000
19,71,71,0x00005c7c,1,0,0x000000000000000000000000000000000000000000000000000000000000000000000000000000000000000000000000
19,71,71,0x00005c7c,2,0,0x000000000000000000000000000000000000000000000000000000000000000000000000000000000000000000000000
19,71,71,0x00005c7c,3,0,0x000000000000000000000000000000000000000000000000000000000000000000000000000000000000000000000000
19,71,71,0x00005c7c,4,0,0x000000000000000000000000000000000000000000000000000000000000000000000000000000000000000000000000
19,71,71,0x00005c7c,5,0,0x000000000000000000000000000000000000000000000000000000000000000000000000000000000000000000000000
19,71,71,0x00005c7c,6,0,0x000000000000000000000000000000000000000000000000000000000000000000000000000000000000000000000000
19,71,71,0x00005c7c,7,0,0x000000000000000000000000000000000000000000000000000000000000000000000000000000000000000000000000
19,71,71,0x00005c7c,8,0,0x000000000000000000000000000000000000000000000000000000000000000000000000000000000000000000000000
19,71,71,0x00005c7c,9,0,0x000000000000000000000000000000000000000000000000000000000000000000000000000000000000000000000000
19,71,71,0x00005c7c,10,0,0x000000000000000000000000000000000000000000000000000000000000000000000000000000000000000000000000
19,71,71,0x00005c7c,11,0,0x000000000000000000000000000000000000000000000000000000000000000000000000000000000000000000000000
19,71,71,0x00005c7c,12,0,0x000000000000000000000000000000000000000000000000000000000000000000000000000000000000000000000000
19,71,71,0x00005c7c,13,0,0x000000000000000000000000000000000000000000000000000000000000000000000000000000000000000000000000
19,71,71,0x00005c7c,14,0,0x000000000000000000000000000000000000000000000000000000000000000000000000000000000000000000000000
19,71,71,0x00005c7c,15,0,0x000000000000000000000000000000000000000000000000000000000000000000000000000000000000000000000000
19,71,71,0x00005c7c,16,0,0x000000000000000000000000000000000000000000000000000000000000000000000000000000000000000000000000
19,71,71,0x00005c7c,17,0,0x000000000000000000000000000000000000000000000000000000000000000000000000000000000000100000000000
19,71,71,0x00005c7c,18,0,0x000000000000000000000000000000000000000000000000000000000000000000000000000000000000100100100100
19,71,71,0x00005c7c,19,0,0x000000000000000000000000000000000000000000000000000000000000000000000000000000000000000000000000
19,71,71,0x00005c7c,20,0,0x000000000000000000000000000000000000000000000000000000000000000000000000000000000000000000000000
19,71,71,0x00005c7c,21,0,0x000000000000000000000000000000000000000000000000000000000000000000000000000000000000000000000000
19,71,71,0x00005c7c,22,0,0x000000000000000000000000000000000000000000000000000000000000000000000000000000000000000000000000
19,71,71,0x00005c7c,23,0,0x000000000000000000000000000000000000000000000000000000000000000000000000000000000000000000000000
19,71,71,0x00005c7c,24,0,0x000000000000000000000000000000000000000000000000000000000000000000000000000000000000000000000000
19,71,71,0x00005c7c,25,0,0x000000000000000000000000000000000000000000000000000000000000000000000000000000000000000000000000
19,71,71,0x00005c7c,26,0,0x000000000000000000000000000000000000000000000000000000000000000000000000000000000000000000000000
19,71,71,0x00005c7c,27,0,0x000000000000000000000000000000000000000000000000000000000000000000000000000000000000000000000000
19,71,71,0x00005c7c,28,0,0x000000000000000000000000000000000000000000000000000000000000000000000000000000000000000000000000
19,71,71,0x00005c7c,29,0,0x000000000000000000000000000000000000000000000000000000000000000000000000000000000000000000000000
19,71,71,0x00005c7c,30,0,0x000000000000000000000000000000000000000000000000000000000000000000000000000000000000000000000000
19,71,71,0x00005c7c,31,0,0x000000000000000000000000000000000000000000000000000000000000000000000000000000000000000000000000
19,71,71,0x00005c7c,32,0,0x000000000000000000000000000000000000000000000000000000000000000000000000000000000000000000000000
19,71,71,0x00005c7c,33,0,0x000000000000000000000000000000000000000000000000000000000000000000000000000000000000000000000000
19,71,71,0x00005c7c,34,0,0x000000000000000000000000000000000000000000000000000000000000000000000000000000000000000000000000
19,71,71,0x00005c7c,35,0,0x000000000000000000000000000000000000000000000000000000000000000000000000000000000000000000000000
19,71,71,0x00005c7c,36,0,0x000000000000000000000000000000000000000000000000000000000000000000000000000000000000000000000000
19,71,71,0x00005c7c,37,0,0x000000000000000000000000000000000000000000000000000000000000000000000000000000000000000000000000
19,71,71,0x00005c7c,38,0,0x000000000000000000000000000000000000000000000000000000000000000000000000000000000000000000000000
19,71,71,0x00005c7c,39,0,0x000000000000000000000000000000000000000000000000000000000000000000000000000000000000000000000000
19,71,71,0x00005c7c,40,0,0x000000000000000000000000000000000000000000000000000000000000000000000000000000000000000000000000
19,71,71,0x00005c7c,41,0,0x000000000000000000000000000000000000000000000000000000000000000000000000000000000000000000000000
19,71,71,0x00005c7c,42,0,0x000000000000000000000000000000000000000000000000000000000000000000000000000000000000000000000000
19,71,71,0x00005c7c,43,0,0x000000000000000000000000000000000000000000000000000000000000000000000000000000000000000000000000
19,71,71,0x00005c7c,44,0,0x000000000000000000000000000000000000000000000000000000000000000000000000000000000000000000000000
19,71,71,0x00005c7c,45,0,0x000000000000000000000000000000000000000000000000000000000000000000000000000000000000000000000000
19,71,71,0x00005c7c,46,0,0x000000000000000000000000000000000000000000000000000000000000000000000000000000000000000000000000
19,71,71,0x00005c7c,47,0,0x000000000000000000000000000000000000000000000000000000000000000000000000000000000000000000000000
19,71,71,0x00005c7c,48,0,0x000000000000000000000000000000000000000000000000000000000000000000000000000000000000000000000000
19,71,71,0x00005c7c,49,0,0x000000000000000000000000000000000000000000000000000000000000000000000000000000000000000000000000
19,71,71,0x00005c7c,50,0,0x000000000000000000000000000000000000000000000000000000000000000000000000000000000000000000000000
19,71,71,0x00005c7c,51,0,0x000000000000000000000000000000000000000000000000000000000000000000000000000000000000000000000000
19,71,71,0x00005c7c,52,0,0x000000000000000000000000000000000000000000000000000000000000000000000000000000000000000000000000
19,71,71,0x00005c7c,53,0,0x000000000000000000000000000000000000000000000000000000000000000000000000000000000000000000000000
19,71,71,0x00005c7c,54,0,0x000000000000000000000000000000000000000000000000000000000000000000000000000000000000000000000000
19,71,71,0x00005c7c,55,0,0x000000000000000000000000000000000000000000000000000000000000000000000000000000000000000000000000
19,71,71,0x00005c7c,56,0,0x000000000000000000000000000000000000000000000000000000000000000000000000000000000000000000000000
19,71,71,0x00005c7c,57,0,0x000000000000000000000000000000000000000000000000000000000000000000000000000000000000000000000000
19,71,71,0x00005c7c,58,0,0x000000000000000000000000000000000000000000000000000000000000000000000000000000000000000000000000
19,71,71,0x00005c7c,59,0,0x000000000000000000000000000000000000000000000000000000000000000000000000000000000000000000000000
19,72,72,0x00004928,60,0,0x000000000000000000000000000000000000000000000000000000000000000000000000000000000000000000000000
19,72,72,0x00004928,61,0,0x000000000000000000000000000000000000000000000000000000000000000000000000000000000000000000000000
19,72,72,0x00004928,62,0,0x000000000000000000000000000000000000000000000000000000000000000000000000000000000000000000000000
19,72,72,0x00004928,63,0,0x000000000000000000000000000000000000000000000000000000000000000000000000000000000000000000000000
19,72,72,0x00004928,64,0,0x000000000000000000000000000000000000000000000000000000000000000000000000000000000000000000000000
19,72,72,0x00004928,65,0,0x000000000000000000000000000000000000000000000000000000000000000000000000000000000000000000000000
19,72,72,0x00004928,66,0,0x000000000000000000000000000000000000000000000000000000000000000000000000000000000000000000000000
19,72,72,0x00004928,67,0,0x000000000000000000000000000000000000000000000000000000000000000000000000000000000000000000000000
19,72,72,0x00004928,68,0,0x000000000000000000000000000000000000000000000000000000000000000000000000000000000000000000000000
19,72,72,0x00004928,69,0,0x000000000000000000000000000000000000000000000000000000000000000000000000000000000000000000000000
19,72,72,0x00004928,70,0,0x000000000000000000000000000000000000000000000000000000000000000000000000000000000000000000000000
19,72,72,0x00004928,71,0,0x000000000000000000000000000000000000000000000000000000000000000000000000000000000000000000000000
19,72,72,0x00004928,72,0,0x000000000000000000000000000000000000000000000000000000000000000000000000000000000000000000000000
19,72,72,0x00004928,73,0,0x000000000000000000000000000000000000000000000000000000000000000000000000000000000000000000000000
19,72,72,0x00004928,74,0,0x000000000000000000000000000000000000000000000000000000000000000000000000000000000000000000000000
19,73,73,0x00004080,75,0,0x000000000000000000000000000000000000000000000000000000000000000000000000000000000000000000000000
19,73,73,0x00004080,76,0,0x000000000000000000000000000000000000000000000000000000000000000000000000000000000000000000000000
19,73,73,0x00004080,77,0,0x000000000000000000000000000000000000000000000000000000000000000000000000000000000000000000000000
19,73,73,0x00004080,78,0,0x000000000000000000000000000000000000000000000000000000000000000000000000000000000000000000000000
19,73,73,0x00004080,79,0,0x000000000000000000000000000000000000000000000000000000000000000000000000000000000000000000000000
19,73,73,0x00004080,80,0,0x000000000000000000000000000000000000000000000000000000000000000000000000000000000000000000000000
19,73,73,0x00004080,81,0,0x000000000000000000000000000000000000000000000000000000000000000000000000000000000000000000000000
19,73,73,0x00004080,82,0,0x000000000000000000000000000000000000000000000000000000000000000000000000000000000000000000000000
19,73,73,0x00004080,83,0,0x000000000000000000000000000000000000000000000000000000000000000000000000000000000000000000000000
19,73,73,0x00004080,84,0,0x000000000000000000000000000000000000000000000000000000000000000000000000000000000000000000000000
19,73,73,0x00004080,85,0,0x000000000000000000000000000000000000000000000000000000000000000000000000000000000000000000000000
19,73,73,0x00004080,86,0,0x000000000000000000000000000000000000000000000000000000000000000000000000000000000000000000000000
19,73,73,0x00004080,87,0,0x000000000000000000000000000000000000000000000000000000000000000000000000000000000000000000000000
19,73,73,0x00004080,88,0,0x000000000000000000000000000000000000000000000000000000000000000000000000000000000000000000000000
19,73,73,0x00004080,89,0,0x000000000000000000000000000000000000000000000000000000000000000000000000000000000000000000000000
19,74,74,0x00004654,90,0,0x000000000000000000000000000000000000000000000000000000000000000000000000000000000000000000000000
19,74,74,0x00004654,91,0,0x000000000000000000000000000000000000000000000000000000000000000000000000000000000000000000000000
19,74,74,0x00004654,92,0,0x000000000000000000000000000000000000000000000000000000000000000000000000000000000000000000000000
19,74,74,0x00004654,93,0,0x000000000000000000000000000000000000000000000000000000000000000000000000000000000000000000000000
19,74,74,0x00004654,94,0,0x000000000000000000000000000000000000000000000000000000000000000000000000000000000000000000000000
19,74,74,0x00004654,95,0,0x000000000000000000000000000000000000000000000000000000000000000000000000000000000000000000000000
19,74,74,0x00004654,96,0,0x000000000000000000000000000000000000000000000000000000000000000000000000000000000000000000000000
19,74,74,0x00004654,97,0,0x000000000000000000000000000000000000000000000000000000000000000000000000000000000000000000000000
19,74,74,0x00004654,98,0,0x000000000000000000000000000000000000000000000000000000000000000000000000000000000000000000000000
19,74,74,0x00004654,99,0,0x000000000000000000000000000000000000000000000000000000000000000000000000000000000000000000000000
19,74,74,0x00004654,100,0,0x000000000000000000000000000000000000000000000000000000000000000000000000000000000000000000000000
19,74,74,0x00004654,101,0,0x000000000000000000000000000000000000000000000000000000000000000000000000000000000000000000000000
19,74,74,0x00004654,102,0,0x000000000000000000000000000000000000000000000000000000000000000000000000000000000000000000000000
19,74,74,0x00004654,103,0,0x000000000000000000000000000000000000000000000000000000000000000000000000000000000000000000000000
19,74,74,0x00004654,104,0,0x000000000000000000000000000000000000000000000000000000000000000000000000000000000000000000000000
19,75,75,0x000057e4,105,0,0x000000000000000000000000000000000000000000000000000000000000000000000000000000000000000000000000
19,75,75,0x000057e4,106,0,0x000000000000000000000000000000000000000000000000000000000000000000000000000000000000000000000000
19,75,75,0x000057e4,107,0,0x000000000000000000000000000000000000000000000000000000000000000000000000000000000000000000000000
19,75,75,0x000057e4,108,0,0x000000000000000000000000000000000000000000000000000000000000000000000000000000000000000000000000
19,75,75,0x000057e4,109,0,0x000000000000000000000000000000000000000000000000000000000000000000000000000000000000000000000000
19,75,75,0x000057e4,110,0,0x000000000000000000000000000000000000000000000000000000000000000000000000000000000000000000000000
19,75,75,0x000057e4,111,0,0x000000000000000000000000000000000000000000000000000000000000000000000000000000000000000000000000
19,75,75,0x000057e4,112,0,0x000000000000000000000000000000000000000000000000000000000000000000000000000000000000000000000000
19,75,75,0x000057e4,113,0,0x000000000000000000000000000000000000000000000000000000000000000000000000000000000000000000000000
19,75,75,0x000057e4,114,0,0x000000000000000000000000000000000000000000000000000000000000000000000000000000000000000000000000
19,75,75,0x000057e4,115,0,0x000000000000000000000000000000000000000000000000000000000000000000000000000000000000000000000000
19,75,75,0x000057e4,116,0,0x000000000000000000000000000000000000000000000000000000000000000000000000000000000000000000000000
19,75,75,0x000057e4,117,0,0x000000000000000000000000000000000000000000000000000000000000000000000000000000000000000000000000
19,75,75,0x000057e4,118,0,0x000000000000000000000000000000000000000000000000000000000000000000000000000000000000000000000000
19,75,75,0x000057e4,119,0,0x000000000000000000000000000000000000000000000000000000000000000000000000000000000000000000000000
19,76,76,0x000065dc,120,0,0x000000000000000000000000000000000000000000000000000000000000000000000000000000000000000000000000
19,76,76,0x000065dc,121,0,0x000000000000000000000000000000000000000000000000000000000000000000000000000000000000000000000000
19,76,76,0x000065dc,122,0,0x000000000000000000000000000000000000000000000000000000000000000000000000000000000000000000000000
19,76,76,0x000065dc,123,0,0x000000000000000000000000000000000000000000000000000000000000000000000000000000000000000000000000
19,76,76,0x000065dc,124,0,0x000000000000000000000000000000000000000000000000000000000000000000000000000000000000000000000000
19,76,76,0x000065dc,125,0,0x000000000000000000000000000000000000000000000000000000000000000000000000000000000000000000000000
19,76,76,0x000065dc,126,0,0x000000000000000000000000000000000000000000000000000000000000000000000000000000000000000000000000
19,76,76,0x000065dc,127,0,0x000000000000000000000000000000000000000000000000000000000000000000000000000000000000000000000000
19,76,76,0x000065dc,128,0,0x000000000000000000000000000000000000000000000000000000000000000000000000000000000000000000000000
19,76,76,0x000065dc,129,0,0x000000000000000000000000000000000000000000000000000000000000000000000000000000000000000000000000
19,76,76,0x000065dc,130,0,0x000000000000000000000000000000000000000000000000000000000000000000000000000000000000000000000000
19,76,76,0x000065dc,131,0,0x000000000000000000000000000000000000000000000000000000000000000000000000000000000000000000000000
19,76,76,0x000065dc,132,0,0x000000000000000000000000000000000000000000000000000000000000000000000000000000000000000000000000
19,76,76,0x000065dc,133,0,0x000000000000000000000000000000000000000000000000000000000000000000000000000000000000000000000000
19,76,76,0x000065dc,134,0,0x000000000000000000000000000000000000000000000000000000000000000000000000000000000000000000000000
19,77,77,0x00006007,135,0,0x000000000000000000000000000000000000000000000000000000000000000000000000000000000000000000000000
19,77,77,0x00006007,136,0,0x000000000000000000000000000000000000000000000000000000000000000000000000000000000000000000000000
19,77,77,0x00006007,137,0,0x000000000000000000000000000000000000000000000000000000000000000000000000000000000000000000000000
19,77,77,0x00006007,138,0,0x000000000000000000000000000000000000000000000000000000000000000000000000000000000000000000000000
19,77,77,0x00006007,139,0,0x000000000000000000000000000000000000000000000000000000000000000000000000000000000000000000000000
19,77,77,0x00006007,140,0,0x000000000000000000000000000000000000000000000000000000000000000000000000000000000000000000000000
19,77,77,0x00006007,141,0,0x000000000000000000000000000000000000000000000000000000000000000000000000000000000000000000000000
19,77,77,0x00006007,142,0,0x000000000000000000000000000000000000000000000000000000000000000000000000000000000000000000000000
19,77,77,0x00006007,143,0,0x000000000000000000000000000000000000000000000000000000000000000000000000000000000000000000000000
19,77,77,0x00006007,144,0,0x000000000000000000000000000000000000000000000000000000000000000000000000000000000000000000000000
19,77,77,0x00006007,145,0,0x000000000000000000000000000000000000000000000000000000000000000000000000000000000000000000000000
19,77,77,0x00006007,146,0,0x000000000000000000000000000000000000000000000000000000000000000000000000000000000000000000000000
19,77,77,0x00006007,147,0,0x000000000000000000000000000000000000000000000000000000000000000000000000000000000000000000000000
19,77,77,0x00006007,148,0,0x000000000000000000000000000000000000000000000000000000000000000000000000000000000000000000000000
19,77,77,0x00006007,149,0,0x000000000000000000000000000000000000000000000000000000000000000000000000000000000000000000000000
19,78,78,0x00004a3b,150,0,0x000000000000000000000000000000000000000000000000000000000000000000000000000000000000000000000000
19,78,78,0x00004a3b,151,0,0x000000000000000000000000000000000000000000000000000000000000000000000000000000000000000000000000
19,78,78,0x00004a3b,152,0,0x000000000000000000000000000000000000000000000000000000000000000000000000000000000000000000000000
19,78,78,0x00004a3b,153,0,0x000000000000000000000000000000000000000000000000000000000000000000000000000000000000000000000000
19,78,78,0x00004a3b,154,0,0x000000000000000000000000000000000000000000000000000000000000000000000000000000000000000000000000
19,78,78,0x00004a3b,155,0,0x000000000000000000000000000000000000000000000000000000000000000000000000000000000000000000000000
19,78,78,0x00004a3b,156,0,0x000000000000000000000000000000000000000000000000000000000000000000000000000000000000000000000000
19,78,78,0x00004a3b,157,0,0x000000000000000000000000000000000000000000000000000000000000000000000000000000000000000000000000
19,78,78,0x00004a3b,158,0,0x000000000000000000000000000000000000000000000000000000000000000000000000000000000000000000000000
19,78,78,0x00004a3b,159,0,0x000000000000000000000000000000000000000000000000000000000000000000000000000000000000000000000000
19,78,78,0x00004a3b,160,0,0x000000000000000000000000000000000000000000000000000000000000000000000000000000000000000000000000
19,78,78,0x00004a3b,161,0,0x000000000000000000000000000000000000000000000000000000000000000000000000000000000000000000000000
19,78,78,0x00004a3b,162,0,0x000000000000000000000000000000000000000000000000000000000000000000000000000000000000000000000000
19,78,78,0x00004a3b,163,0,0x000000000000000000000000000000000000000000000000000000000000000000000000000000000000000000000000
19,78,78,0x00004a3b,164,0,0x000000000000000000000000000000000000000000000000000000000000000000000000000000000000000000000000
19,79,79,0x0000467b,165,0,0x000000000000000000000000000000000000000000000000000000000000000000000000000000000000000000000000
19,79,79,0x0000467b,166,0,0x000000000000000000000000000000000000000000000000000000000000000000000000000000000000000000000000
19,79,79,0x0000467b,167,0,0x000000000000000000000000000000000000000000000000000000000000000000000000000000000000000000000000
19,79,79,0x0000467b,168,0,0x000000000000000000000000000000000000000000000000000000000000000000000000000000000000000000000000
19,79,79,0x0000467b,169,0,0x000000000000000000000000000000000000000000000000000000000000000000000000000000000000000000000000
19,79,79,0x0000467b,170,0,0x000000000000000000000000000000000000000000000000000000000000000000000000000000000000000000000000
19,79,79,0x0000467b,171,0,0x000000000000000000000000000000000000000000000000000000000000000000000000000000000000000000000000
19,79,79,0x0000467b,172,0,0x000000000000000000000000000000000000000000000000000000000000000000000000000000000000000000000000
19,79,79,0x0000467b,173,0,0x000000000000000000000000000000000000000000000000000000000000000000000000000000000000000000000000
19,79,79,0x0000467b,174,0,0x000000000000000000000000000000000000000000000000000000000000000000000000000000000000000000000000
19,79,79,0x0000467b,175,0,0x000000000000000000000000000000000000000000000000000000000000000000000000000000000000000000000000
19,79,79,0x0000467b,176,0,0x000000000000000000000000000000000000000000000000000000000000000000000000000000000000000000000000
19,79,79,0x0000467b,177,0,0x000000000000000000000000000000000000000000000000000000000000000000000000000000000000000000000000
19,79,79,0x0000467b,178,0,0x000000000000000000000000000000000000000000000000000000000000000000000000000000000000000000000000
19,79,79,0x0000467b,179,0,0x000000000000000000000000000000000000000000000000000000000000000000000000000000000000000000000000
19,80,80,0x00004713,180,0,0x000000000000000000000000000000000000000000000000000000000000000000000000000000000000000000000000
19,80,80,0x00004713,181,0,0x000000000000000000000000000000000000000000000000000000000000000000000000000000000000000000000000
19,80,80,0x00004713,182,0,0x000000000000000000000000000000000000000000000000000000000000000000000000000000000000000000000000
19,80,80,0x00004713,183,0,0x000000000000000000000000000000000000000000000000000000000000000000000000000000000000000000000000
19,80,80,0x00004713,184,0,0x000000000000000000000000000000000000000000000000000000000000000000000000000000000000000000000000
19,80,80,0x00004713,185,0,0x000000000000000000000000000000000000000000000000000000000000000000000000000000000000000000000000
19,80,80,0x00004713,186,0,0x000000000000000000000000000000000000000000000000000000000000000000000000000000000000000000000000
19,80,80,0x00004713,187,0,0x000000000000000000000000000000000000000000000000000000000000000000000000000000000000000000000000
19,80,80,0x00004713,188,0,0x000000000000000000000000000000000000000000000000000000000000000000000000000000000000000000000000
19,80,80,0x00004713,189,0,0x000000000000000000000000000000000000000000000000000000000000000000000000000000000000000000000000
19,80,80,0x00004713,190,0,0x000000000000000000000000000000000000000000000000000000000000000000000000000000000000000000000000
19,80,80,0x00004713,191,0,0x000000000000000000000000000000000000000000000000000000000000000000000000000000000000000000000000
19,80,80,0x00004713,192,0,0x000000000000000000000000000000000000000000000000000000000000000000000000000000000000000000000000
19,80,80,0x00004713,193,0,0x000000000000000000000000000000000000000000000000000000000000000000000000000000000000000000000000
19,80,80,0x00004713,194,0,0x000000000000000000000000000000000000000000000000000000000000000000000000000000000000000000000000
19,81,81,0x0000469b,195,0,0x000000000000000000000000000000000000000000000000000000000000000000000000000000000000000000000000
19,81,81,0x0000469b,196,0,0x000000000000000000000000000000000000000000000000000000000000000000000000000000000000000000000000
19,81,81,0x0000469b,197,0,0x000000000000000000000000000000000000000000000000000000000000000000000000000000000000000000000000
19,81,81,0x0000469b,198,0,0x000000000000000000000000000000000000000000000000000000000000000000000000000000000000000000000000
19,81,81,0x0000469b,199,0,0x000000000000000000000000000000000000000000000000000000000000000000000000000000000000000000000000
19,81,81,0x0000469b,200,0,0x000000000000000000000000000000000000000000000000000000000000000000000000000000000000000000000000
19,81,81,0x0000469b,201,0,0x000000000000000000000000000000000000000000000000000000000000000000000000000000000000000000000000
19,81,81,0x0000469b,202,0,0x000000000000000000000000000000000000000000000000000000000000000000000000000000000000000000000000
19,81,81,0x0000469b,203,0,0x000000000000000000000000000000000000000000000000000000000000000000000000000000000000000000000000
19,81,81,0x0000469b,204,0,0x000000000000000000000000000000000000000000000000000000000000000000000000000000000000000000000000
19,81,81,0x0000469b,205,0,0x000000000000000000000000000000000000000000000000000000000000000000000000000000000000000000000000
19,81,81,0x0000469b,206,0,0x000000000000000000000000000000000000000000000000000000000000000000000000000000000000000000000000
19,81,81,0x0000469b,207,0,0x000000000000000000000000000000000000000000000000000000000000000000000000000000000000000000000000
19,81,81,0x0000469b,208,0,0x000000000000000000000000000000000000000000000000000000000000000000000000000000000000000000000000
19,81,81,0x0000469b,209,0,0x000000000000000000000000000000000000000000000000000000000000000000000000000000000000000000000000
19,82,82,0x00004647,210,0,0x000000000000000000000000000000000000000000000000000000000000000000000000000000000000000000000000
19,82,82,0x00004647,211,0,0x000000000000000000000000000000000000000000000000000000000000000000000000000000000000000000000000
19,82,82,0x00004647,212,0,0x000000000000000000000000000000000000000000000000000000000000000000000000000000000000000000000000
19,82,82,0x00004647,213,0,0x000000000000000000000000000000000000000000000000000000000000000000000000000000000000000000000000
19,82,82,0x00004647,214,0,0x000000000000000000000000000000000000000000000000000000000000000000000000000000000000000000000000
19,82,82,0x00004647,215,0,0x000000000000000000000000000000000000000000000000000000000000000000000000000000000000000000000000
19,82,82,0x00004647,216,0,0x000000000000000000000000000000000000000000000000000000000000000000000000000000000000000000000000
19,82,82,0x00004647,217,0,0x000000000000000000000000000000000000000000000000000000000000000000000000000000000000000000000000
19,82,82,0x00004647,218,0,0x000000000000000000000000000000000000000000000000000000000000000000000000000000000000000000000000
19,82,82,0x00004647,219,0,0x000000000000000000000000000000000000000000000000000000000000000000000000000000000000000000000000
19,82,82,0x00004647,220,0,0x000000000000000000000000000000000000000000000000000000000000000000000000000000000000000000000000
19,82,82,0x00004647,221,0,0x000000000000000000000000000000000000000000000000000000000000000000000000000000000000000000000000
19,82,82,0x00004647,222,0,0x000000000000000000000000000000000000000000000000000000000000000000000000000000000000000000000000
19,82,82,0x00004647,223,0,0x000000000000000000000000000000000000000000000000000000000000000000000000000000000000000000000000
19,82,82,0x00004647,224,0,0x000000000000000000000000000000000000000000000000000000000000000000000000000000000000000000000000
19,83,83,0x00003a5d,225,0,0x000000000000000000000000000000000000000000000000000000000000000000000000000000000000000000000000
19,83,83,0x00003a5d,226,0,0x000000000000000000000000000000000000000000000000000000000000000000000000000000000000000000000000
19,83,83,0x00003a5d,227,0,0x000000000000000000000000000000000000000000000000000000000000000000000000000000000000000000000000
19,83,83,0x00003a5d,228,0,0x000000000000000000000000000000000000000000000000000000000000000000000000000000000000000000000000
19,83,83,0x00003a5d,229,0,0x000000000000000000000000000000000000000000000000000000000000000000000000000000000000000000000000
19,83,83,0x00003a5d,230,0,0x000000000000000000000000000000000000000000000000000000000000000000000000000000000000000000000000
19,83,83,0x00003a5d,231,0,0x000000000000000000000000000000000000000000000000000000000000000000000000000000000000000000000000
19,83,83,0x00003a5d,232,0,0x000000000000000000000000000000000000000000000000000000000000000000000000000000000000000000000000
19,83,83,0x00003a5d,233,0,0x000000000000000000000000000000000000000000000000000000000000000000000000000000000000000000000000
19,83,83,0x00003a5d,234,0,0x000000000000000000000000000000000000000000000000000000000000000000000000000000000000000000000000
19,83,83,0x00003a5d,235,0,0x000000000000000000000000000000000000000000000000000000000000000000000000000000000000000000000000
19,83,83,0x00003a5d,236,0,0x000000000000000000000000000000000000000000000000000000000000000000000000000000000000000000000000
19,83,83,0x00003a5d,237,0,0x000000000000000000000000000000000000000000000000000000000000000000000000000000000000000000000000
19,83,83,0x00003a5d,238,0,0x000000000000000000000000000000000000000000000000000000000000000000000000000000000000000000000000
19,83,83,0x00003a5d,239,0,0x000000000000000000000000000000000000000000000000000000000000000000000000000000000000000000000000
19,84,84,0x000022c9,240,0,0x000000000000000000000000000000000000000000000000000000000000000000000000000000000000000000000000
19,84,84,0x000022c9,241,0,0x000000000000000000000000000000000000000000000000000000000000000000000000000000000000000000000000
19,84,84,0x000022c9,242,0,0x000000000000000000000000000000000000000000000000000000000000000000000000000000000000000000000000
19,84,84,0x000022c9,243,0,0x000000000000000000000000000000000000000000000000000000000000000000000000000000000000000000000000
19,84,84,0x000022c9,244,0,0x000000000000000000000000000000000000000000000000000000000000000000000000000000000000000000000000
19,84,84,0x000022c9,245,0,0x000000000000000000000000000000000000000000000000000000000000000000000000000000000000000000000000
19,84,84,0x000022c9,246,0,0x000000000000000000000000000000000000000000000000000000000000000000000000000000000000000000000000
19,84,84,0x000022c9,247,0,0x000000000000000000000000000000000000000000000000000000000000000000000000000000000000000000000000
19,84,84,0x000022c9,248,0,0x000000000000000000000000000000000000000000000000000000000000000000000000000000000000000000000000
19,84,84,0x000022c9,249,0,0x000000000000000000000000000000000000000000000000000000000000000000000000000000000000000000000000
19,84,84,0x000022c9,250,0,0x000000000000000000000000000000000000000000000000000000000000000000000000000000000000000000000000
19,84,84,0x000022c9,251,0,0x000000000000000000000000000000000000000000000000000000000000000000000000000000000000000000000000
19,84,84,0x000022c9,252,0,0x000000000000000000000000000000000000000000000000000000000000000000000000000000000000000000000000
19,84,84,0x000022c9,253,0,0x000000000000000000000000000000000000000000000000000000000000000000000000000000000000000000000000
19,84,84,0x000022c9,254,0,0x000000000000000000000000000000000000000000000000000000000000000000000000000000000000000000000000
19,85,85,0x0000183d,255,0,0x000000000000000000000000000000000000000000000000000000000000000000000000000000000000000000000000
19,85,85,0x0000183d,256,0,0x000000000000000000000000000000000000000000000000000000000000000000000000000000000000000000000000
19,85,85,0x0000183d,257,0,0x000000000000000000000000000000000000000000000000000000000000000000000000000000000000000000000000
19,85,85,0x0000183d,258,0,0x000000000000000000000000000000000000000000000000000000000000000000000000000000000000000000000000
19,85,85,0x0000183d,259,0,0x000000000000000000000000000000000000000000000000000000000000000000000000000000000000000000000000
19,85,85,0x0000183d,260,0,0x000000000000000000000000000000000000000000000000000000000000000000000000000000000000000000000000
19,85,85,0x0000183d,261,0,0x000000000000000000000000000000000000000000000000000000000000000000000000000000000000000000000000
19,85,85,0x0000183d,262,0,0x000000000000000000000000000000000000000000000000000000000000000000000000000000000000000000000000
19,85,85,0x0000183d,263,0,0x000000000000000000000000000000000000000000000000000000000000000000000000000000000000000000000000
19,85,85,0x0000183d,264,0,0x000000000000000000000000000000000000000000000000000000000000000000000000000000000000000000000000
19,85,85,0x0000183d,265,0,0x000000000000000000000000000000000000000000000000000000000000000000000000000000000000000000000000
19,85,85,0x0000183d,266,0,0x000000000000000000000000000000000000000000000000000000000000000000000000000000000000000000000000
19,85,85,0x0000183d,267,0,0x000000000000000000000000000000000000000000000000000000000000000000000000000000000000000000000000
19,85,85,0x0000183d,268,0,0x000000000000000000000000000000000000000000000000000000000000000000000000000000000000000000000000
19,85,85,0x0000183d,269,0,0x000000000000000000000000000000000000000000000000000000000000000000000000000000000000000000000000
19,86,86,0x00001581,270,0,0x000000000000000000000000000000000000000000000000000000000000000000000000000000000000000000000000
19,86,86,0x00001581,271,0,0x000000000000000000000000000000000000000000000000000000000000000000000000000000000000000000000000
19,86,86,0x00001581,272,0,0x000000000000000000000000000000000000000000000000000000000000000000000000000000000000000000000000
19,86,86,0x00001581,273,0,0x000000000000000000000000000000000000000000000000000000000000000000000000000000000000000000000000
19,86,86,0x00001581,274,0,0x000000000000000000000000000000000000000000000000000000000000000000000000000000000000000000000000
19,86,86,0x00001581,275,0,0x000000000000000000000000000000000000000000000000000000000000000000000000000000000000000000000000
19,86,86,0x00001581,276,0,0x000000000000000000000000000000000000000000000000000000000000000000000000000000000000000000000000
19,86,86,0x00001581,277,0,0x000000000000000000000000000000000000000000000000000000000000000000000000000000000000000000000000
19,86,86,0x00001581,278,0,0x000000000000000000000000000000000000000000000000000000000000000000000000000000000000000000000000
19,86,86,0x00001581,279,0,0x000000000000000000000000000000000000000000000000000000000000000000000000000000000000000000000000
19,86,86,0x00001581,280,0,0x000000000000000000000000000000000000000000000000000000000000000000000000000000000000000000000000
19,86,86,0x00001581,281,0,0x000000000000000000000000000000000000000000000000000000000000000000000000000000000000000000000000
19,86,86,0x00001581,282,0,0x000000000000000000000000000000000000000000000000000000000000000000000000000000000000000000000000
19,86,86,0x00001581,283,0,0x000000000000000000000000000000000000000000000000000000000000000000000000000000000000000000000000
19,86,86,0x00001581,284,0,0x000000000000000000000000000000000000000000000000000000000000000000000000000000000000000000000000
19,87,87,0x0000158d,285,0,0x000000000000000000000000000000000000000000000000000000000000000000000000000000000000000000000000
19,87,87,0x0000158d,286,0,0x000000000000000000000000000000000000000000000000000000000000000000000000000000000000000000000000
19,87,87,0x0000158d,287,0,0x000000000000000000000000000000000000000000000000000000000000000000000000000000000000000000000000
19,87,87,0x0000158d,288,0,0x000000000000000000000000000000000000000000000000000000000000000000000000000000000000000000000000
19,87,87,0x0000158d,289,0,0x000000000000000000000000000000000000000000000000000000000000000000000000000000000000000000000000
19,87,87,0x0000158d,290,0,0x000000000000000000000000000000000000000000000000000000000000000000000000000000000000000000000000
19,87,87,0x0000158d,291,0,0x000000000000000000000000000000000000000000000000000000000000000000000000000000000000000000000000
19,87,87,0x0000158d,292,0,0x000000000000000000000000000000000000000000000000000000000000000000000000000000000000000000000000
19,87,87,0x0000158d,293,0,0x000000000000000000000000000000000000000000000000000000000000000000000000000000000000000000000000
19,87,87,0x0000158d,294,0,0x000000000000000000000000000000000000000000000000000000000000000000000000000000000000000000000000
19,87,87,0x0000158d,295,0,0x000000000000000000000000000000000000000000000000000000000000000000000000000000000000000000000000
19,87,87,0x0000158d,296,0,0x000000000000000000000000000000000000000000000000000000000000000000000000000000000000000000000000
19,87,87,0x0000158d,297,0,0x000000000000000000000000000000000000000000000000000000000000000000000000000000000000000000000000
19,87,87,0x0000158d,298,0,0x000000000000000000000000000000000000000000000000000000000000000000000000000000000000000000000000
19,87,87,0x0000158d,299,0,0x000000000000000000000000000000000000000000000000000000000000000000000000000000000000000000000000
19,88,88,0x00001605,300,0,0x000000000000000000000000000000000000000000000000000000000000000000000000000000000000000000000000
19,88,88,0x00001605,301,0,0x000000000000000000000000000000000000000000000000000000000000000000000000000000000000000000000000
19,88,88,0x00001605,302,0,0x000000000000000000000000000000000000000000000000000000000000000000000000000000000000000000000000
19,88,88,0x00001605,303,0,0x000000000000000000000000000000000000000000000000000000000000000000000000000000000000000000000000
19,88,88,0x00001605,304,0,0x000000000000000000000000000000000000000000000000000000000000000000000000000000000000000000000000
19,88,88,0x00001605,305,0,0x000000000000000000000000000000000000000000000000000000000000000000000000000000000000000000000000
19,88,88,0x00001605,306,0,0x000000000000000000000000000000000000000000000000000000000000000000000000000000000000000000000000
19,88,88,0x00001605,307,0,0x000000000000000000000000000000000000000000000000000000000000000000000000000000000000000000000000
19,88,88,0x00001605,308,0,0x000000000000000000000000000000000000000000000000000000000000000000000000000000000000000000000000
19,88,88,0x00001605,309,0,0x000000000000000000000000000000000000000000000000000000000000000000000000000000000000000000000000
19,88,88,0x00001605,310,0,0x000000000000000000000000000000000000000000000000000000000000000000000000000000000000000000000000
19,88,88,0x00001605,311,0,0x000000000000000000000000000000000000000000000000000000000000000000000000000000000000000000000000
19,88,88,0x00001605,312,0,0x000000000000000000000000000000000000000000000000000000000000000000000000000000000000000000000000
19,88,88,0x00001605,313,0,0x000000000000000000000000000000000000000000000000000000000000000000000000000000000000000000000000
19,88,88,0x00001605,314,0,0x000000000000000000000000000000000000000000000000000000000000000000000000000000000000000000000000
19,89,89,0x000010f8,315,0,0x000000000000000000000000000000000000000000000000000000000000000000000000000000000000000000000000
19,89,89,0x000010f8,316,0,0x000000000000000000000000000000000000000000000000000000000000000000000000000000000000000000000000
19,89,89,0x000010f8,317,0,0x000000000000000000000000000000000000000000000000000000000000000000000000000000000000000000000000
19,89,89,0x000010f8,318,0,0x000000000000000000000000000000000000000000000000000000000000000000000000000000000000000000000000
19,89,89,0x000010f8,319,0,0x000000000000000000000000000000000000000000000000000000000000000000000000000000000000000000000000
19,89,89,0x000010f8,320,0,0x000000000000000000000000000000000000000000000000000000000000000000000000000000000000000000000000
19,89,89,0x000010f8,321,0,0x000000000000000000000000000000000000000000000000000000000000000000000000000000000000000000000000
19,89,89,0x000010f8,322,0,0x000000000000000000000000000000000000000000000000000000000000000000000000000000000000000000000000
19,89,89,0x000010f8,323,0,0x000000000000000000000000000000000000000000000000000000000000000000000000000000000000000000000000
19,89,89,0x000010f8,324,0,0x000000000000000000000000000000000000000000000000000000000000000000000000000000000000000000000000
19,89,89,0x000010f8,325,0,0x000000000000000000000000000000000000000000000000000000000000000000000000000000000000000000000000
19,89,89,0x000010f8,326,0,0x000000000000000000000000000000000000000000000000000000000000000000000000000000000000000000000000
19,89,89,0x000010f8,327,0,0x000000000000000000000000000000000000000000000000000000000000000000000000000000000000000000000000
19,89,89,0x000010f8,328,0,0x000000000000000000000000000000000000000000000000000000000000000000000000000000000000000000000000
19,89,89,0x000010f8,329,0,0x000000000000000000000000000000000000000000000000000000000000000000000000000000000000000000000000
19,90,90,0x0000056e,330,0,0x000000000000000000000000000000000000000000000000000000000000000000000000000000000000000000000000
19,90,90,0x0000056e,331,0,0x000000000000000000000000000000000000000000000000000000000000000000000000000000000000000000000000
19,90,90,0x0000056e,332,0,0x000000000000000000000000000000000000000000000000000000000000000000000000000000000000000000000000
19,90,90,0x0000056e,333,0,0x000000000000000000000000000000000000000000000000000000000000000000000000000000000000000000000000
19,90,90,0x0000056e,334,0,0x000000000000000000000000000000000000000000000000000000000000000000000000000000000000000000000000
19,90,90,0x0000056e,335,0,0x000000000000000000000000000000000000000000000000000000000000000000000000000000000000000000000000
19,90,90,0x0000056e,336,0,0x000000000000000000000000000000000000000000000000000000000000000000000000000000000000000000000000
19,90,90,0x0000056e,337,0,0x000000000000000000000000000000000000000000000000000000000000000000000000000000000000000000000000
19,90,90,0x0000056e,338,0,0x000000000000000000000000000000000000000000000000000000000000000000000000000000000000000000000000
19,90,90,0x0000056e,339,0,0x000000000000000000000000000000000000000000000000000000000000000000000000000000000000000000000000
19,90,90,0x0000056e,340,0,0x000000000000000000000000000000000000000000000000000000000000000000000000000000000000000000000000
19,90,90,0x0000056e,341,0,0x000000000000000000000000000000000000000000000000000000000000000000000000000000000000000000000000
19,90,90,0x0000056e,342,0,0x000000000000000000000000000000000000000000000000000000000000000000000000000000000000000000000000
19,90,90,0x0000056e,343,0,0x000000000000000000000000000000000000000000000000000000000000000000000000000000000000000000000000
19,90,90,0x0000056e,344,0,0x000000000000000000000000000000000000000000000000000000000000000000000000000000000000000000000000
19,91,91,0x00000076,345,0,0x000000000000000000000000000000000000000000000000000000000000000000000000000000000000000000000000
19,91,91,0x00000076,346,0,0x000000000000000000000000000000000000000000000000000000000000000000000000000000000000000000000000
19,91,91,0x00000076,347,0,0x000000000000000000000000000000000000000000000000000000000000000000000000000000000000000000000000
19,91,91,0x00000076,348,0,0x000000000000000000000000000000000000000000000000000000000000000000000000000000000000000000000000
19,91,91,0x00000076,349,0,0x000000000000000000000000000000000000000000000000000000000000000000000000000000000000000000000000
19,91,91,0x00000076,350,0,0x000000000000000000000000000000000000000000000000000000000000000000000000000000000000000000000000
19,91,91,0x00000076,351,0,0x000000000000000000000000000000000000000000000000000000000000000000000000000000000000000000000000
19,91,91,0x00000076,352,0,0x000000000000000000000000000000000000000000000000000000000000000000000000000000000000000000000000
19,91,91,0x00000076,353,0,0x000000000000000000000000000000000000000000000000000000000000000000000000000000000000000000000000
19,91,91,0x00000076,354,0,0x000000000000000000000000000000000000000000000000000000000000000000000000000000000000000000000000
19,91,91,0x00000076,355,0,0x000000000000000000000000000000000000000000000000000000000000000000000000000000000000000000000000
19,91,91,0x00000076,356,0,0x000000000000000000000000000000000000000000000000000000000000000000000000000000000000000000000000
19,91,91,0x00000076,357,0,0x000000000000000000000000000000000000000000000000000000000000000000000000000000000000000000000000
19,91,91,0x00000076,358,0,0x000000000000000000000000000000000000000000000000000000000000000000000000000000000000000000000000
19,91,91,0x00000076,359,0,0x000000000000000000000000000000000000000000000000000000000000000000000000000000000000000000000000
