event_index,event_chunk_id,event_timestamp,event_score_hex,event_batch_index,event_last,event_data_hex
0,52,52,0x00000693,0,0,0x000000000000000000000000000000000000000000000000000000000000000000000000000000000000000000000000
0,52,52,0x00000693,1,0,0x000000000000000000000000000000000000000000000000000000000000000000000000000000000000000000000000
0,52,52,0x00000693,2,0,0x000000000000000000000000000000000000000000000000000000000000000000000000000000000000000000000000
0,52,52,0x00000693,3,0,0x000000000000000000000000000000000000000000000000000000000000000000000000000000000000000000000000
0,52,52,0x00000693,4,0,0x000000000000000000000000000000000000000000000000000000000000000000000000000000000000000000000000
0,52,52,0x00000693,5,0,0x000000000000000000000000000000000000000000000000000000000000000000000000000000000000000000000000
0,52,52,0x00000693,6,0,0x000000000000000000000000000000000000000000000000000000000000000000000000000000000000000000000000
0,52,52,0x00000693,7,0,0x000000000000000000000000000000000000000000000000000000000000000000000000000000000000000000000000
0,52,52,0x00000693,8,0,0x000000000000000000000000000000000000000000000000000000000000000000000000000000000000000000000000
0,52,52,0x00000693,9,0,0x000000000000000000000000000000000000000000000000000000000000000000000000000000000000000000000000
0,52,52,0x00000693,10,0,0x000000000000000000000000000000000000000000000000000000000000000000000000000000000000000000000000
0,52,52,0x00000693,11,0,0x000000000000000000000000000000000000000000000000000000000000000000000000000000000000000000000000
0,52,52,0x00000693,12,0,0x000000000000000000000000000000000000000000000000000000000000000000000000000000000000000000000000
0,52,52,0x00000693,13,0,0x000000000000000000000000000000000000000000000000000000000000000000000000000000000000100100100100
0,52,52,0x00000693,14,0,0x000000000000000000000000000000000000000000000000000000000000000000000000000000000000f00f00f00100
0,52,52,0x00000693,15,0,0x000000000000000000000000000000000000000000000000000000000000000000000000000000000000000000f00f00
0,52,52,0x00000693,16,0,0x000000000000000000000000000000000000000000000000000000000000000000000000000000000000000000000000
0,52,52,0x00000693,17,0,0x000000000000000000000000000000000000000000000000000000000000000000000000000000000000000000000000
0,52,52,0x00000693,18,0,0x000000000000000000000000000000000000000000000000000000000000000000000000000000000000000000000000
0,52,52,0x00000693,19,0,0x000000000000000000000000000000000000000000000000000000000000000000000000000000000000000000000000
0,52,52,0x00000693,20,0,0x000000000000000000000000000000000000000000000000000000000000000000000000000000000000000000000000
0,52,52,0x00000693,21,0,0x000000000000000000000000000000000000000000000000000000000000000000000000000000000000000000000000
0,52,52,0x00000693,22,0,0x000000000000000000000000000000000000000000000000000000000000000000000000000000000000000000000000
0,52,52,0x00000693,23,0,0x000000000000000000000000000000000000000000000000000000000000000000000000000000000000000000000000
0,52,52,0x00000693,24,0,0x000000000000000000000000000000000000000000000000000000000000000000000000000000000000000000000000
0,52,52,0x00000693,25,0,0x000000000000000000000000000000000000000000000000000000000000000000000000000000000000000000000000
0,52,52,0x00000693,26,0,0x000000000000000000000000000000000000000000000000000000000000000000000000000000000000000000000000
0,52,52,0x00000693,27,0,0x000000000000000000000000000000000000000000000000000000000000000000000000000000000000000000000000
0,52,52,0x00000693,28,0,0x000000000000000000000000000000000000000000000000000000000000000000000000000000000000000000000000
0,52,52,0x00000693,29,0,0x000000000000000000000000000000000000000000000000000000000000000000000000000000000000000000000000
0,52,52,0x00000693,30,0,0x000000000000000000000000000000000000000000000000000000000000000000000000000000000000000000000000
0,52,52,0x00000693,31,0,0x000000000000000000000000000000000000000000000000000000000000000000000000000000000000000000000000
0,52,52,0x00000693,32,0,0x000000000000000000000000000000000000000000000000000000000000000000000000000000000000000000000000
0,52,52,0x00000693,33,0,0x000000000000000000000000000000000000000000000000000000000000000000000000000000000000000000000000
0,52,52,0x00000693,34,0,0x000000000000000000000000000000000000000000000000000000000000000000000000000000000000000000000000
0,52,52,0x00000693,35,0,0x000000000000000000000000000000000000000000000000000000000000000000000000000000000000000000000000
0,52,52,0x00000693,36,0,0x000000000000000000000000000000000000000000000000000000000000000000000000000000000000000000000000
0,52,52,0x00000693,37,0,0x000000000000000000000000000000000000000000000000000000000000000000000000000000000000000000000000
0,52,52,0x00000693,38,0,0x000000000000000000000000000000000000000000000000000000000000000000000000000000000000000000000000
0,52,52,0x00000693,39,0,0x000000000000000000000000000000000000000000000000000000000000000000000000000000000000000000000000
0,52,52,0x00000693,40,0,0x000000000000000000000000000000000000000000000000000000000000000000000000000000000000000000000000
0,52,52,0x00000693,41,0,0x000000000000000000000000000000000000000000000000000000000000000000000000000000000000000000000000
0,52,52,0x00000693,42,0,0x000000000000000000000000000000000000000000000000000000000000000000000000000000000000000000000000
0,52,52,0x00000693,43,0,0x000000000000000000000000000000000000000000000000000000000000000000000000000000000000000000000000
0,52,52,0x00000693,44,0,0x000000000000000000000000000000000000000000000000000000000000000000000000000000000000000000000000
0,52,52,0x00000693,45,0,0x000000000000000000000000000000000000000000000000000000000000000000000000000000000000000000000000
0,52,52,0x00000693,46,0,0x000000000000000000000000000000000000000000000000000000000000000000000000000000000000000000000000
0,52,52,0x00000693,47,0,0x000000000000000000000000000000000000000000000000000000000000000000000000000000000000000000000000
0,52,52,0x00000693,48,0,0x000000000000000000000000000000000000000000000000000000000000000000000000000000000000000000000000
0,52,52,0x00000693,49,0,0x000000000000000000000000000000000000000000000000000000000000000000000000000000000000000000000000
0,52,52,0x00000693,50,0,0x000000000000000000000000000000000000000000000000000000000000000000000000000000000000000000000000
0,52,52,0x00000693,51,0,0x000000000000000000000000000000000000000000000000000000000000000000000000000000000000000000000000
0,52,52,0x00000693,52,0,0x000000000000000000000000000000000000000000000000000000000000000000000000000000000000000000000000
0,52,52,0x00000693,53,0,0x000000000000000000000000000000000000000000000000000000000000000000000000000000000000000000000000
0,52,52,0x00000693,54,0,0x000000000000000000000000000000000000000000000000000000000000000000000000000000000000000000000000
0,52,52,0x00000693,55,0,0x000000000000000000000000000000000000000000000000000000000000000000000000000000000000000000000000
0,52,52,0x00000693,56,0,0x000000000000000000000000000000000000000000000000000000000000000000000000000000000000000000000000
0,52,52,0x00000693,57,0,0x000000000000000000000000000000000000000000000000000000000000000000000000000000000000000000000000
0,52,52,0x00000693,58,0,0x000000000000000000000000000000000000000000000000000000000000000000000000000000000000000000000000
0,52,52,0x00000693,59,0,0x000000000000000000000000000000000000000000000000000000000000000000000000000000000000000000000000
0,52,52,0x00000693,60,0,0x000000000000000000000000000000000000000000000000000000000000000000000000000000000000000000000000
0,52,52,0x00000693,61,0,0x000000000000000000000000000000000000000000000000000000000000000000000000000000000000000000000000
0,52,52,0x00000693,62,0,0x000000000000000000000000000000000000000000000000000000000000000000000000000000000000000000000000
0,52,52,0x00000693,63,1,0x000000000000000000000000000000000000000000000000000000000000000000000000000000000000000000000000
1,53,53,0x00000d3c,0,0,0x000000000000000000000000000000000000000000000000000000000000000000000000000000000000000000000000
1,53,53,0x00000d3c,1,0,0x000000000000000000000000000000000000000000000000000000000000000000000000000000000000000000000000
1,53,53,0x00000d3c,2,0,0x000000000000000000000000000000000000000000000000000000000000000000000000000000000000000000000000
1,53,53,0x00000d3c,3,0,0x000000000000000000000000000000000000000000000000000000000000000000000000000000000000000000000000
1,53,53,0x00000d3c,4,0,0x000000000000000000000000000000000000000000000000000000000000000000000000000000000000000000000000
1,53,53,0x00000d3c,5,0,0x000000000000000000000000000000000000000000000000000000000000000000000000000000000000000000000000
1,53,53,0x00000d3c,6,0,0x000000000000000000000000000000000000000000000000000000000000000000000000000000000000000000000000
1,53,53,0x00000d3c,7,0,0x000000000000000000000000000000000000000000000000000000000000000000000000000000000000000000000000
1,53,53,0x00000d3c,8,0,0x000000000000000000000000000000000000000000000000000000000000000000000000000000000000000000000000
1,53,53,0x00000d3c,9,0,0x000000000000000000000000000000000000000000000000000000000000000000000000000000000000000000000000
1,53,53,0x00000d3c,10,0,0x000000000000000000000000000000000000000000000000000000000000000000000000000000000000000000000000
1,53,53,0x00000d3c,11,0,0x000000000000000000000000000000000000000000000000000000000000000000000000000000000000000000000000
1,53,53,0x00000d3c,12,0,0x000000000000000000000000000000000000000000000000000000000000000000000000000000000000000000000000
1,53,53,0x00000d3c,13,0,0x000000000000000000000000000000000000000000000000000000000000000000000000000000000000100100100000
1,53,53,0x00000d3c,14,0,0x000000000000000000000000000000000000000000000000000000000000000000000000000000000000f00f00100100
1,53,53,0x00000d3c,15,0,0x000000000000000000000000000000000000000000000000000000000000000000000000000000000000000f00f00f00
1,53,53,0x00000d3c,16,0,0x000000000000000000000000000000000000000000000000000000000000000000000000000000000000000000000000
1,53,53,0x00000d3c,17,0,0x000000000000000000000000000000000000000000000000000000000000000000000000000000000000000000000000
1,53,53,0x00000d3c,18,0,0x000000000000000000000000000000000000000000000000000000000000000000000000000000000000000000000000
1,53,53,0x00000d3c,19,0,0x000000000000000000000000000000000000000000000000000000000000000000000000000000000000000000000000
1,53,53,0x00000d3c,20,0,0x000000000000000000000000000000000000000000000000000000000000000000000000000000000000000000000000
1,53,53,0x00000d3c,21,0,0x000000000000000000000000000000000000000000000000000000000000000000000000000000000000000000000000
1,53,53,0x00000d3c,22,0,0x000000000000000000000000000000000000000000000000000000000000000000000000000000000000000000000000
1,53,53,0x00000d3c,23,0,0x000000000000000000000000000000000000000000000000000000000000000000000000000000000000000000000000
1,53,53,0x00000d3c,24,0,0x000000000000000000000000000000000000000000000000000000000000000000000000000000000000000000000000
1,53,53,0x00000d3c,25,0,0x000000000000000000000000000000000000000000000000000000000000000000000000000000000000000000000000
1,53,53,0x00000d3c,26,0,0x000000000000000000000000000000000000000000000000000000000000000000000000000000000000000000000000
1,53,53,0x00000d3c,27,0,0x000000000000000000000000000000000000000000000000000000000000000000000000000000000000000000000000
1,53,53,0x00000d3c,28,0,0x000000000000000000000000000000000000000000000000000000000000000000000000000000000000000000000000
1,53,53,0x00000d3c,29,0,0x000000000000000000000000000000000000000000000000000000000000000000000000000000000000000000000000
1,53,53,0x00000d3c,30,0,0x000000000000000000000000000000000000000000000000000000000000000000000000000000000000000000000000
1,53,53,0x00000d3c,31,0,0x000000000000000000000000000000000000000000000000000000000000000000000000000000000000000000000000
1,53,53,0x00000d3c,32,0,0x000000000000000000000000000000000000000000000000000000000000000000000000000000000000000000000000
1,53,53,0x00000d3c,33,0,0x000000000000000000000000000000000000000000000000000000000000000000000000000000000000000000000000
1,53,53,0x00000d3c,34,0,0x000000000000000000000000000000000000000000000000000000000000000000000000000000000000000000000000
1,53,53,0x00000d3c,35,0,0x000000000000000000000000000000000000000000000000000000000000000000000000000000000000000000000000
1,53,53,0x00000d3c,36,0,0x000000000000000000000000000000000000000000000000000000000000000000000000000000000000000000000000
1,53,53,0x00000d3c,37,0,0x000000000000000000000000000000000000000000000000000000000000000000000000000000000000000000000000
1,53,53,0x00000d3c,38,0,0x000000000000000000000000000000000000000000000000000000000000000000000000000000000000000000000000
1,53,53,0x00000d3c,39,0,0x000000000000000000000000000000000000000000000000000000000000000000000000000000000000000000000000
1,53,53,0x00000d3c,40,0,0x000000000000000000000000000000000000000000000000000000000000000000000000000000000000000000000000
1,53,53,0x00000d3c,41,0,0x000000000000000000000000000000000000000000000000000000000000000000000000000000000000000000000000
1,53,53,0x00000d3c,42,0,0x000000000000000000000000000000000000000000000000000000000000000000000000000000000000000000000000
1,53,53,0x00000d3c,43,0,0x000000000000000000000000000000000000000000000000000000000000000000000000000000000000000000000000
1,53,53,0x00000d3c,44,0,0x000000000000000000000000000000000000000000000000000000000000000000000000000000000000000000000000
1,53,53,0x00000d3c,45,0,0x000000000000000000000000000000000000000000000000000000000000000000000000000000000000000000000000
1,53,53,0x00000d3c,46,0,0x000000000000000000000000000000000000000000000000000000000000000000000000000000000000000000000000
1,53,53,0x00000d3c,47,0,0x000000000000000000000000000000000000000000000000000000000000000000000000000000000000000000000000
1,53,53,0x00000d3c,48,0,0x000000000000000000000000000000000000000000000000000000000000000000000000000000000000000000000000
1,53,53,0x00000d3c,49,0,0x000000000000000000000000000000000000000000000000000000000000000000000000000000000000000000000000
1,53,53,0x00000d3c,50,0,0x000000000000000000000000000000000000000000000000000000000000000000000000000000000000000000000000
1,53,53,0x00000d3c,51,0,0x000000000000000000000000000000000000000000000000000000000000000000000000000000000000000000000000
1,53,53,0x00000d3c,52,0,0x000000000000000000000000000000000000000000000000000000000000000000000000000000000000000000000000
1,53,53,0x00000d3c,53,0,0x000000000000000000000000000000000000000000000000000000000000000000000000000000000000000000000000
1,53,53,0x00000d3c,54,0,0x000000000000000000000000000000000000000000000000000000000000000000000000000000000000000000000000
1,53,53,0x00000d3c,55,0,0x000000000000000000000000000000000000000000000000000000000000000000000000000000000000000000000000
1,53,53,0x00000d3c,56,0,0x000000000000000000000000000000000000000000000000000000000000000000000000000000000000000000000000
1,53,53,0x00000d3c,57,0,0x000000000000000000000000000000000000000000000000000000000000000000000000000000000000000000000000
1,53,53,0x00000d3c,58,0,0x000000000000000000000000000000000000000000000000000000000000000000000000000000000000000000000000
1,53,53,0x00000d3c,59,0,0x000000000000000000000000000000000000000000000000000000000000000000000000000000000000000000000000
1,53,53,0x00000d3c,60,0,0x000000000000000000000000000000000000000000000000000000000000000000000000000000000000000000000000
1,53,53,0x00000d3c,61,0,0x000000000000000000000000000000000000000000000000000000000000000000000000000000000000000000000000
1,53,53,0x00000d3c,62,0,0x000000000000000000000000000000000000000000000000000000000000000000000000000000000000000000000000
1,53,53,0x00000d3c,63,1,0x000000000000000000000000000000000000000000000000000000000000000000000000000000000000000000000000
2,54,54,0x0000103e,0,0,0x000000000000000000000000000000000000000000000000000000000000000000000000000000000000000000000000
2,54,54,0x0000103e,1,0,0x000000000000000000000000000000000000000000000000000000000000000000000000000000000000000000000000
2,54,54,0x0000103e,2,0,0x000000000000000000000000000000000000000000000000000000000000000000000000000000000000000000000000
2,54,54,0x0000103e,3,0,0x000000000000000000000000000000000000000000000000000000000000000000000000000000000000000000000000
2,54,54,0x0000103e,4,0,0x000000000000000000000000000000000000000000000000000000000000000000000000000000000000000000000000
2,54,54,0x0000103e,5,0,0x000000000000000000000000000000000000000000000000000000000000000000000000000000000000000000000000
2,54,54,0x0000103e,6,0,0x000000000000000000000000000000000000000000000000000000000000000000000000000000000000000000000000
2,54,54,0x0000103e,7,0,0x000000000000000000000000000000000000000000000000000000000000000000000000000000000000000000000000
2,54,54,0x0000103e,8,0,0x000000000000000000000000000000000000000000000000000000000000000000000000000000000000000000000000
2,54,54,0x0000103e,9,0,0x000000000000000000000000000000000000000000000000000000000000000000000000000000000000000000000000
2,54,54,0x0000103e,10,0,0x000000000000000000000000000000000000000000000000000000000000000000000000000000000000000000000000
2,54,54,0x0000103e,11,0,0x000000000000000000000000000000000000000000000000000000000000000000000000000000000000000000000000
2,54,54,0x0000103e,12,0,0x000000000000000000000000000000000000000000000000000000000000000000000000000000000000000000000000
2,54,54,0x0000103e,13,0,0x000000000000000000000000000000000000000000000000000000000000000000000000000000000000100100000000
2,54,54,0x0000103e,14,0,0x000000000000000000000000000000000000000000000000000000000000000000000000000000000000f00100100100
2,54,54,0x0000103e,15,0,0x000000000000000000000000000000000000000000000000000000000000000000000000000000000000f00f00f00f00
2,54,54,0x0000103e,16,0,0x000000000000000000000000000000000000000000000000000000000000000000000000000000000000000000000000
2,54,54,0x0000103e,17,0,0x000000000000000000000000000000000000000000000000000000000000000000000000000000000000000000000000
2,54,54,0x0000103e,18,0,0x000000000000000000000000000000000000000000000000000000000000000000000000000000000000000000000000
2,54,54,0x0000103e,19,0,0x000000000000000000000000000000000000000000000000000000000000000000000000000000000000000000000000
2,54,54,0x0000103e,20,0,0x000000000000000000000000000000000000000000000000000000000000000000000000000000000000000000000000
2,54,54,0x0000103e,21,0,0x000000000000000000000000000000000000000000000000000000000000000000000000000000000000000000000000
2,54,54,0x0000103e,22,0,0x000000000000000000000000000000000000000000000000000000000000000000000000000000000000000000000000
2,54,54,0x0000103e,23,0,0x000000000000000000000000000000000000000000000000000000000000000000000000000000000000000000000000
2,54,54,0x0000103e,24,0,0x000000000000000000000000000000000000000000000000000000000000000000000000000000000000000000000000
2,54,54,0x0000103e,25,0,0x000000000000000000000000000000000000000000000000000000000000000000000000000000000000000000000000
2,54,54,0x0000103e,26,0,0x000000000000000000000000000000000000000000000000000000000000000000000000000000000000000000000000
2,54,54,0x0000103e,27,0,0x000000000000000000000000000000000000000000000000000000000000000000000000000000000000000000000000
2,54,54,0x0000103e,28,0,0x000000000000000000000000000000000000000000000000000000000000000000000000000000000000000000000000
2,54,54,0x0000103e,29,0,0x000000000000000000000000000000000000000000000000000000000000000000000000000000000000000000000000
2,54,54,0x0000103e,30,0,0x000000000000000000000000000000000000000000000000000000000000000000000000000000000000000000000000
2,54,54,0x0000103e,31,0,0x000000000000000000000000000000000000000000000000000000000000000000000000000000000000000000000000
2,54,54,0x0000103e,32,0,0x000000000000000000000000000000000000000000000000000000000000000000000000000000000000000000000000
2,54,54,0x0000103e,33,0,0x000000000000000000000000000000000000000000000000000000000000000000000000000000000000000000000000
2,54,54,0x0000103e,34,0,0x000000000000000000000000000000000000000000000000000000000000000000000000000000000000000000000000
2,54,54,0x0000103e,35,0,0x000000000000000000000000000000000000000000000000000000000000000000000000000000000000000000000000
2,54,54,0x0000103e,36,0,0x000000000000000000000000000000000000000000000000000000000000000000000000000000000000000000000000
2,54,54,0x0000103e,37,0,0x000000000000000000000000000000000000000000000000000000000000000000000000000000000000000000000000
2,54,54,0x0000103e,38,0,0x000000000000000000000000000000000000000000000000000000000000000000000000000000000000000000000000
2,54,54,0x0000103e,39,0,0x000000000000000000000000000000000000000000000000000000000000000000000000000000000000000000000000
2,54,54,0x0000103e,40,0,0x000000000000000000000000000000000000000000000000000000000000000000000000000000000000000000000000
2,54,54,0x0000103e,41,0,0x000000000000000000000000000000000000000000000000000000000000000000000000000000000000000000000000
2,54,54,0x0000103e,42,0,0x000000000000000000000000000000000000000000000000000000000000000000000000000000000000000000000000
2,54,54,0x0000103e,43,0,0x000000000000000000000000000000000000000000000000000000000000000000000000000000000000000000000000
2,54,54,0x0000103e,44,0,0x000000000000000000000000000000000000000000000000000000000000000000000000000000000000000000000000
2,54,54,0x0000103e,45,0,0x000000000000000000000000000000000000000000000000000000000000000000000000000000000000000000000000
2,54,54,0x0000103e,46,0,0x000000000000000000000000000000000000000000000000000000000000000000000000000000000000000000000000
2,54,54,0x0000103e,47,0,0x000000000000000000000000000000000000000000000000000000000000000000000000000000000000000000000000
2,54,54,0x0000103e,48,0,0x000000000000000000000000000000000000000000000000000000000000000000000000000000000000000000000000
2,54,54,0x0000103e,49,0,0x000000000000000000000000000000000000000000000000000000000000000000000000000000000000000000000000
2,54,54,0x0000103e,50,0,0x000000000000000000000000000000000000000000000000000000000000000000000000000000000000000000000000
2,54,54,0x0000103e,51,0,0x000000000000000000000000000000000000000000000000000000000000000000000000000000000000000000000000
2,54,54,0x0000103e,52,0,0x000000000000000000000000000000000000000000000000000000000000000000000000000000000000000000000000
2,54,54,0x0000103e,53,0,0x000000000000000000000000000000000000000000000000000000000000000000000000000000000000000000000000
2,54,54,0x0000103e,54,0,0x000000000000000000000000000000000000000000000000000000000000000000000000000000000000000000000000
2,54,54,0x0000103e,55,0,0x000000000000000000000000000000000000000000000000000000000000000000000000000000000000000000000000
2,54,54,0x0000103e,56,0,0x000000000000000000000000000000000000000000000000000000000000000000000000000000000000000000000000
2,54,54,0x0000103e,57,0,0x000000000000000000000000000000000000000000000000000000000000000000000000000000000000000000000000
2,54,54,0x0000103e,58,0,0x000000000000000000000000000000000000000000000000000000000000000000000000000000000000000000000000
2,54,54,0x0000103e,59,0,0x000000000000000000000000000000000000000000000000000000000000000000000000000000000000000000000000
2,54,54,0x0000103e,60,0,0x000000000000000000000000000000000000000000000000000000000000000000000000000000000000000000000000
2,54,54,0x0000103e,61,0,0x000000000000000000000000000000000000000000000000000000000000000000000000000000000000000000000000
2,54,54,0x0000103e,62,0,0x000000000000000000000000000000000000000000000000000000000000000000000000000000000000000000000000
2,54,54,0x0000103e,63,1,0x000000000000000000000000000000000000000000000000000000000000000000000000000000000000000000000000
3,55,55,0x000013c4,0,0,0x000000000000000000000000000000000000000000000000000000000000000000000000000000000000000000000000
3,55,55,0x000013c4,1,0,0x000000000000000000000000000000000000000000000000000000000000000000000000000000000000000000000000
3,55,55,0x000013c4,2,0,0x000000000000000000000000000000000000000000000000000000000000000000000000000000000000000000000000
3,55,55,0x000013c4,3,0,0x000000000000000000000000000000000000000000000000000000000000000000000000000000000000000000000000
3,55,55,0x000013c4,4,0,0x000000000000000000000000000000000000000000000000000000000000000000000000000000000000000000000000
3,55,55,0x000013c4,5,0,0x000000000000000000000000000000000000000000000000000000000000000000000000000000000000000000000000
3,55,55,0x000013c4,6,0,0x000000000000000000000000000000000000000000000000000000000000000000000000000000000000000000000000
3,55,55,0x000013c4,7,0,0x000000000000000000000000000000000000000000000000000000000000000000000000000000000000000000000000
3,55,55,0x000013c4,8,0,0x000000000000000000000000000000000000000000000000000000000000000000000000000000000000000000000000
3,55,55,0x000013c4,9,0,0x000000000000000000000000000000000000000000000000000000000000000000000000000000000000000000000000
3,55,55,0x000013c4,10,0,0x000000000000000000000000000000000000000000000000000000000000000000000000000000000000000000000000
3,55,55,0x000013c4,11,0,0x000000000000000000000000000000000000000000000000000000000000000000000000000000000000000000000000
3,55,55,0x000013c4,12,0,0x000000000000000000000000000000000000000000000000000000000000000000000000000000000000000000000000
3,55,55,0x000013c4,13,0,0x000000000000000000000000000000000000000000000000000000000000000000000000000000000000100000000000
3,55,55,0x000013c4,14,0,0x000000000000000000000000000000000000000000000000000000000000000000000000000000000000100100100100
3,55,55,0x000013c4,15,0,0x000000000000000000000000000000000000000000000000000000000000000000000000000000000000f00f00f00f00
3,55,55,0x000013c4,16,0,0x000000000000000000000000000000000000000000000000000000000000000000000000000000000000000000000f00
3,55,55,0x000013c4,17,0,0x000000000000000000000000000000000000000000000000000000000000000000000000000000000000000000000000
3,55,55,0x000013c4,18,0,0x000000000000000000000000000000000000000000000000000000000000000000000000000000000000000000000000
3,55,55,0x000013c4,19,0,0x000000000000000000000000000000000000000000000000000000000000000000000000000000000000000000000000
3,55,55,0x000013c4,20,0,0x000000000000000000000000000000000000000000000000000000000000000000000000000000000000000000000000
3,55,55,0x000013c4,21,0,0x000000000000000000000000000000000000000000000000000000000000000000000000000000000000000000000000
3,55,55,0x000013c4,22,0,0x000000000000000000000000000000000000000000000000000000000000000000000000000000000000000000000000
3,55,55,0x000013c4,23,0,0x000000000000000000000000000000000000000000000000000000000000000000000000000000000000000000000000
3,55,55,0x000013c4,24,0,0x000000000000000000000000000000000000000000000000000000000000000000000000000000000000000000000000
3,55,55,0x000013c4,25,0,0x000000000000000000000000000000000000000000000000000000000000000000000000000000000000000000000000
3,55,55,0x000013c4,26,0,0x000000000000000000000000000000000000000000000000000000000000000000000000000000000000000000000000
3,55,55,0x000013c4,27,0,0x000000000000000000000000000000000000000000000000000000000000000000000000000000000000000000000000
3,55,55,0x000013c4,28,0,0x000000000000000000000000000000000000000000000000000000000000000000000000000000000000000000000000
3,55,55,0x000013c4,29,0,0x000000000000000000000000000000000000000000000000000000000000000000000000000000000000000000000000
3,55,55,0x000013c4,30,0,0x000000000000000000000000000000000000000000000000000000000000000000000000000000000000000000000000
3,55,55,0x000013c4,31,0,0x000000000000000000000000000000000000000000000000000000000000000000000000000000000000000000000000
3,55,55,0x000013c4,32,0,0x000000000000000000000000000000000000000000000000000000000000000000000000000000000000000000000000
3,55,55,0x000013c4,33,0,0x000000000000000000000000000000000000000000000000000000000000000000000000000000000000000000000000
3,55,55,0x000013c4,34,0,0x000000000000000000000000000000000000000000000000000000000000000000000000000000000000000000000000
3,55,55,0x000013c4,35,0,0x000000000000000000000000000000000000000000000000000000000000000000000000000000000000000000000000
3,55,55,0x000013c4,36,0,0x000000000000000000000000000000000000000000000000000000000000000000000000000000000000000000000000
3,55,55,0x000013c4,37,0,0x000000000000000000000000000000000000000000000000000000000000000000000000000000000000000000000000
3,55,55,0x000013c4,38,0,0x000000000000000000000000000000000000000000000000000000000000000000000000000000000000000000000000
3,55,55,0x000013c4,39,0,0x000000000000000000000000000000000000000000000000000000000000000000000000000000000000000000000000
3,55,55,0x000013c4,40,0,0x000000000000000000000000000000000000000000000000000000000000000000000000000000000000000000000000
3,55,55,0x000013c4,41,0,0x000000000000000000000000000000000000000000000000000000000000000000000000000000000000000000000000
3,55,55,0x000013c4,42,0,0x000000000000000000000000000000000000000000000000000000000000000000000000000000000000000000000000
3,55,55,0x000013c4,43,0,0x000000000000000000000000000000000000000000000000000000000000000000000000000000000000000000000000
3,55,55,0x000013c4,44,0,0x000000000000000000000000000000000000000000000000000000000000000000000000000000000000000000000000
3,55,55,0x000013c4,45,0,0x000000000000000000000000000000000000000000000000000000000000000000000000000000000000000000000000
3,55,55,0x000013c4,46,0,0x000000000000000000000000000000000000000000000000000000000000000000000000000000000000000000000000
3,55,55,0x000013c4,47,0,0x000000000000000000000000000000000000000000000000000000000000000000000000000000000000000000000000
3,55,55,0x000013c4,48,0,0x000000000000000000000000000000000000000000000000000000000000000000000000000000000000000000000000
3,55,55,0x000013c4,49,0,0x000000000000000000000000000000000000000000000000000000000000000000000000000000000000000000000000
3,55,55,0x000013c4,50,0,0x000000000000000000000000000000000000000000000000000000000000000000000000000000000000000000000000
3,55,55,0x000013c4,51,0,0x000000000000000000000000000000000000000000000000000000000000000000000000000000000000000000000000
3,55,55,0x000013c4,52,0,0x000000000000000000000000000000000000000000000000000000000000000000000000000000000000000000000000
3,55,55,0x000013c4,53,0,0x000000000000000000000000000000000000000000000000000000000000000000000000000000000000000000000000
3,55,55,0x000013c4,54,0,0x000000000000000000000000000000000000000000000000000000000000000000000000000000000000000000000000
3,55,55,0x000013c4,55,0,0x000000000000000000000000000000000000000000000000000000000000000000000000000000000000000000000000
3,55,55,0x000013c4,56,0,0x000000000000000000000000000000000000000000000000000000000000000000000000000000000000000000000000
3,55,55,0x000013c4,57,0,0x000000000000000000000000000000000000000000000000000000000000000000000000000000000000000000000000
3,55,55,0x000013c4,58,0,0x000000000000000000000000000000000000000000000000000000000000000000000000000000000000000000000000
3,55,55,0x000013c4,59,0,0x000000000000000000000000000000000000000000000000000000000000000000000000000000000000000000000000
3,55,55,0x000013c4,60,0,0x000000000000000000000000000000000000000000000000000000000000000000000000000000000000000000000000
3,55,55,0x000013c4,61,0,0x000000000000000000000000000000000000000000000000000000000000000000000000000000000000000000000000
3,55,55,0x000013c4,62,0,0x000000000000000000000000000000000000000000000000000000000000000000000000000000000000000000000000
3,55,55,0x000013c4,63,1,0x000000000000000000000000000000000000000000000000000000000000000000000000000000000000000000000000
4,56,56,0x0000109c,0,0,0x000000000000000000000000000000000000000000000000000000000000000000000000000000000000000000000000
4,56,56,0x0000109c,1,0,0x000000000000000000000000000000000000000000000000000000000000000000000000000000000000000000000000
4,56,56,0x0000109c,2,0,0x000000000000000000000000000000000000000000000000000000000000000000000000000000000000000000000000
4,56,56,0x0000109c,3,0,0x000000000000000000000000000000000000000000000000000000000000000000000000000000000000000000000000
4,56,56,0x0000109c,4,0,0x000000000000000000000000000000000000000000000000000000000000000000000000000000000000000000000000
4,56,56,0x0000109c,5,0,0x000000000000000000000000000000000000000000000000000000000000000000000000000000000000000000000000
4,56,56,0x0000109c,6,0,0x000000000000000000000000000000000000000000000000000000000000000000000000000000000000000000000000
4,56,56,0x0000109c,7,0,0x000000000000000000000000000000000000000000000000000000000000000000000000000000000000000000000000
4,56,56,0x0000109c,8,0,0x000000000000000000000000000000000000000000000000000000000000000000000000000000000000000000000000
4,56,56,0x0000109c,9,0,0x000000000000000000000000000000000000000000000000000000000000000000000000000000000000000000000000
4,56,56,0x0000109c,10,0,0x000000000000000000000000000000000000000000000000000000000000000000000000000000000000000000000000
4,56,56,0x0000109c,11,0,0x000000000000000000000000000000000000000000000000000000000000000000000000000000000000000000000000
4,56,56,0x0000109c,12,0,0x000000000000000000000000000000000000000000000000000000000000000000000000000000000000000000000000
4,56,56,0x0000109c,13,0,0x000000000000000000000000000000000000000000000000000000000000000000000000000000000000000000000000
4,56,56,0x0000109c,14,0,0x000000000000000000000000000000000000000000000000000000000000000000000000000000000000100100100100
4,56,56,0x0000109c,15,0,0x000000000000000000000000000000000000000000000000000000000000000000000000000000000000f00f00f00100
4,56,56,0x0000109c,16,0,0x000000000000000000000000000000000000000000000000000000000000000000000000000000000000000000f00f00
4,56,56,0x0000109c,17,0,0x000000000000000000000000000000000000000000000000000000000000000000000000000000000000000000000000
4,56,56,0x0000109c,18,0,0x000000000000000000000000000000000000000000000000000000000000000000000000000000000000000000000000
4,56,56,0x0000109c,19,0,0x000000000000000000000000000000000000000000000000000000000000000000000000000000000000000000000000
4,56,56,0x0000109c,20,0,0x000000000000000000000000000000000000000000000000000000000000000000000000000000000000000000000000
4,56,56,0x0000109c,21,0,0x000000000000000000000000000000000000000000000000000000000000000000000000000000000000000000000000
4,56,56,0x0000109c,22,0,0x000000000000000000000000000000000000000000000000000000000000000000000000000000000000000000000000
4,56,56,0x0000109c,23,0,0x000000000000000000000000000000000000000000000000000000000000000000000000000000000000000000000000
4,56,56,0x0000109c,24,0,0x000000000000000000000000000000000000000000000000000000000000000000000000000000000000000000000000
4,56,56,0x0000109c,25,0,0x000000000000000000000000000000000000000000000000000000000000000000000000000000000000000000000000
4,56,56,0x0000109c,26,0,0x000000000000000000000000000000000000000000000000000000000000000000000000000000000000000000000000
4,56,56,0x0000109c,27,0,0x000000000000000000000000000000000000000000000000000000000000000000000000000000000000000000000000
4,56,56,0x0000109c,28,0,0x000000000000000000000000000000000000000000000000000000000000000000000000000000000000000000000000
4,56,56,0x0000109c,29,0,0x000000000000000000000000000000000000000000000000000000000000000000000000000000000000000000000000
4,56,56,0x0000109c,30,0,0x000000000000000000000000000000000000000000000000000000000000000000000000000000000000000000000000
4,56,56,0x0000109c,31,0,0x000000000000000000000000000000000000000000000000000000000000000000000000000000000000000000000000
4,56,56,0x0000109c,32,0,0x000000000000000000000000000000000000000000000000000000000000000000000000000000000000000000000000
4,56,56,0x0000109c,33,0,0x000000000000000000000000000000000000000000000000000000000000000000000000000000000000000000000000
4,56,56,0x0000109c,34,0,0x000000000000000000000000000000000000000000000000000000000000000000000000000000000000000000000000
4,56,56,0x0000109c,35,0,0x000000000000000000000000000000000000000000000000000000000000000000000000000000000000000000000000
4,56,56,0x0000109c,36,0,0x000000000000000000000000000000000000000000000000000000000000000000000000000000000000000000000000
4,56,56,0x0000109c,37,0,0x000000000000000000000000000000000000000000000000000000000000000000000000000000000000000000000000
4,56,56,0x0000109c,38,0,0x000000000000000000000000000000000000000000000000000000000000000000000000000000000000000000000000
4,56,56,0x0000109c,39,0,0x000000000000000000000000000000000000000000000000000000000000000000000000000000000000000000000000
4,56,56,0x0000109c,40,0,0x000000000000000000000000000000000000000000000000000000000000000000000000000000000000000000000000
4,56,56,0x0000109c,41,0,0x000000000000000000000000000000000000000000000000000000000000000000000000000000000000000000000000
4,56,56,0x0000109c,42,0,0x000000000000000000000000000000000000000000000000000000000000000000000000000000000000000000000000
4,56,56,0x0000109c,43,0,0x000000000000000000000000000000000000000000000000000000000000000000000000000000000000000000000000
4,56,56,0x0000109c,44,0,0x000000000000000000000000000000000000000000000000000000000000000000000000000000000000000000000000
4,56,56,0x0000109c,45,0,0x000000000000000000000000000000000000000000000000000000000000000000000000000000000000000000000000
4,56,56,0x0000109c,46,0,0x000000000000000000000000000000000000000000000000000000000000000000000000000000000000000000000000
4,56,56,0x0000109c,47,0,0x000000000000000000000000000000000000000000000000000000000000000000000000000000000000000000000000
4,56,56,0x0000109c,48,0,0x000000000000000000000000000000000000000000000000000000000000000000000000000000000000000000000000
4,56,56,0x0000109c,49,0,0x000000000000000000000000000000000000000000000000000000000000000000000000000000000000000000000000
4,56,56,0x0000109c,50,0,0x000000000000000000000000000000000000000000000000000000000000000000000000000000000000000000000000
4,56,56,0x0000109c,51,0,0x000000000000000000000000000000000000000000000000000000000000000000000000000000000000000000000000
4,56,56,0x0000109c,52,0,0x000000000000000000000000000000000000000000000000000000000000000000000000000000000000000000000000
4,56,56,0x0000109c,53,0,0x000000000000000000000000000000000000000000000000000000000000000000000000000000000000000000000000
4,56,56,0x0000109c,54,0,0x000000000000000000000000000000000000000000000000000000000000000000000000000000000000000000000000
4,56,56,0x0000109c,55,0,0x000000000000000000000000000000000000000000000000000000000000000000000000000000000000000000000000
4,56,56,0x0000109c,56,0,0x000000000000000000000000000000000000000000000000000000000000000000000000000000000000000000000000
4,56,56,0x0000109c,57,0,0x000000000000000000000000000000000000000000000000000000000000000000000000000000000000000000000000
4,56,56,0x0000109c,58,0,0x000000000000000000000000000000000000000000000000000000000000000000000000000000000000000000000000
4,56,56,0x0000109c,59,0,0x000000000000000000000000000000000000000000000000000000000000000000000000000000000000000000000000
4,56,56,0x0000109c,60,0,0x000000000000000000000000000000000000000000000000000000000000000000000000000000000000000000000000
4,56,56,0x0000109c,61,0,0x000000000000000000000000000000000000000000000000000000000000000000000000000000000000000000000000
4,56,56,0x0000109c,62,0,0x000000000000000000000000000000000000000000000000000000000000000000000000000000000000000000000000
4,56,56,0x0000109c,63,1,0x000000000000000000000000000000000000000000000000000000000000000000000000000000000000000000000000
5,57,57,0x0000185a,0,0,0x000000000000000000000000000000000000000000000000000000000000000000000000000000000000000000000000
5,57,57,0x0000185a,1,0,0x000000000000000000000000000000000000000000000000000000000000000000000000000000000000000000000000
5,57,57,0x0000185a,2,0,0x000000000000000000000000000000000000000000000000000000000000000000000000000000000000000000000000
5,57,57,0x0000185a,3,0,0x000000000000000000000000000000000000000000000000000000000000000000000000000000000000000000000000
5,57,57,0x0000185a,4,0,0x000000000000000000000000000000000000000000000000000000000000000000000000000000000000000000000000
5,57,57,0x0000185a,5,0,0x000000000000000000000000000000000000000000000000000000000000000000000000000000000000000000000000
5,57,57,0x0000185a,6,0,0x000000000000000000000000000000000000000000000000000000000000000000000000000000000000000000000000
5,57,57,0x0000185a,7,0,0x000000000000000000000000000000000000000000000000000000000000000000000000000000000000000000000000
5,57,57,0x0000185a,8,0,0x000000000000000000000000000000000000000000000000000000000000000000000000000000000000000000000000
5,57,57,0x0000185a,9,0,0x000000000000000000000000000000000000000000000000000000000000000000000000000000000000000000000000
5,57,57,0x0000185a,10,0,0x000000000000000000000000000000000000000000000000000000000000000000000000000000000000000000000000
5,57,57,0x0000185a,11,0,0x000000000000000000000000000000000000000000000000000000000000000000000000000000000000000000000000
5,57,57,0x0000185a,12,0,0x000000000000000000000000000000000000000000000000000000000000000000000000000000000000000000000000
5,57,57,0x0000185a,13,0,0x000000000000000000000000000000000000000000000000000000000000000000000000000000000000000000000000
5,57,57,0x0000185a,14,0,0x000000000000000000000000000000000000000000000000000000000000000000000000000000000000100100100000
5,57,57,0x0000185a,15,0,0x000000000000000000000000000000000000000000000000000000000000000000000000000000000000f00f00100100
5,57,57,0x0000185a,16,0,0x000000000000000000000000000000000000000000000000000000000000000000000000000000000000000f00f00f00
5,57,57,0x0000185a,17,0,0x000000000000000000000000000000000000000000000000000000000000000000000000000000000000000000000000
5,57,57,0x0000185a,18,0,0x000000000000000000000000000000000000000000000000000000000000000000000000000000000000000000000000
5,57,57,0x0000185a,19,0,0x000000000000000000000000000000000000000000000000000000000000000000000000000000000000000000000000
5,57,57,0x0000185a,20,0,0x000000000000000000000000000000000000000000000000000000000000000000000000000000000000000000000000
5,57,57,0x0000185a,21,0,0x000000000000000000000000000000000000000000000000000000000000000000000000000000000000000000000000
5,57,57,0x0000185a,22,0,0x000000000000000000000000000000000000000000000000000000000000000000000000000000000000000000000000
5,57,57,0x0000185a,23,0,0x000000000000000000000000000000000000000000000000000000000000000000000000000000000000000000000000
5,57,57,0x0000185a,24,0,0x000000000000000000000000000000000000000000000000000000000000000000000000000000000000000000000000
5,57,57,0x0000185a,25,0,0x000000000000000000000000000000000000000000000000000000000000000000000000000000000000000000000000
5,57,57,0x0000185a,26,0,0x000000000000000000000000000000000000000000000000000000000000000000000000000000000000000000000000
5,57,57,0x0000185a,27,0,0x000000000000000000000000000000000000000000000000000000000000000000000000000000000000000000000000
5,57,57,0x0000185a,28,0,0x000000000000000000000000000000000000000000000000000000000000000000000000000000000000000000000000
5,57,57,0x0000185a,29,0,0x000000000000000000000000000000000000000000000000000000000000000000000000000000000000000000000000
5,57,57,0x0000185a,30,0,0x000000000000000000000000000000000000000000000000000000000000000000000000000000000000000000000000
5,57,57,0x0000185a,31,0,0x000000000000000000000000000000000000000000000000000000000000000000000000000000000000000000000000
5,57,57,0x0000185a,32,0,0x000000000000000000000000000000000000000000000000000000000000000000000000000000000000000000000000
5,57,57,0x0000185a,33,0,0x000000000000000000000000000000000000000000000000000000000000000000000000000000000000000000000000
5,57,57,0x0000185a,34,0,0x000000000000000000000000000000000000000000000000000000000000000000000000000000000000000000000000
5,57,57,0x0000185a,35,0,0x000000000000000000000000000000000000000000000000000000000000000000000000000000000000000000000000
5,57,57,0x0000185a,36,0,0x000000000000000000000000000000000000000000000000000000000000000000000000000000000000000000000000
5,57,57,0x0000185a,37,0,0x000000000000000000000000000000000000000000000000000000000000000000000000000000000000000000000000
5,57,57,0x0000185a,38,0,0x000000000000000000000000000000000000000000000000000000000000000000000000000000000000000000000000
5,57,57,0x0000185a,39,0,0x000000000000000000000000000000000000000000000000000000000000000000000000000000000000000000000000
5,57,57,0x0000185a,40,0,0x000000000000000000000000000000000000000000000000000000000000000000000000000000000000000000000000
5,57,57,0x0000185a,41,0,0x000000000000000000000000000000000000000000000000000000000000000000000000000000000000000000000000
5,57,57,0x0000185a,42,0,0x000000000000000000000000000000000000000000000000000000000000000000000000000000000000000000000000
5,57,57,0x0000185a,43,0,0x000000000000000000000000000000000000000000000000000000000000000000000000000000000000000000000000
5,57,57,0x0000185a,44,0,0x000000000000000000000000000000000000000000000000000000000000000000000000000000000000000000000000
5,57,57,0x0000185a,45,0,0x000000000000000000000000000000000000000000000000000000000000000000000000000000000000000000000000
5,57,57,0x0000185a,46,0,0x000000000000000000000000000000000000000000000000000000000000000000000000000000000000000000000000
5,57,57,0x0000185a,47,0,0x000000000000000000000000000000000000000000000000000000000000000000000000000000000000000000000000
5,57,57,0x0000185a,48,0,0x000000000000000000000000000000000000000000000000000000000000000000000000000000000000000000000000
5,57,57,0x0000185a,49,0,0x000000000000000000000000000000000000000000000000000000000000000000000000000000000000000000000000
5,57,57,0x0000185a,50,0,0x000000000000000000000000000000000000000000000000000000000000000000000000000000000000000000000000
5,57,57,0x0000185a,51,0,0x000000000000000000000000000000000000000000000000000000000000000000000000000000000000000000000000
5,57,57,0x0000185a,52,0,0x000000000000000000000000000000000000000000000000000000000000000000000000000000000000000000000000
5,57,57,0x0000185a,53,0,0x000000000000000000000000000000000000000000000000000000000000000000000000000000000000000000000000
5,57,57,0x0000185a,54,0,0x000000000000000000000000000000000000000000000000000000000000000000000000000000000000000000000000
5,57,57,0x0000185a,55,0,0x000000000000000000000000000000000000000000000000000000000000000000000000000000000000000000000000
5,57,57,0x0000185a,56,0,0x000000000000000000000000000000000000000000000000000000000000000000000000000000000000000000000000
5,57,57,0x0000185a,57,0,0x000000000000000000000000000000000000000000000000000000000000000000000000000000000000000000000000
5,57,57,0x0000185a,58,0,0x000000000000000000000000000000000000000000000000000000000000000000000000000000000000000000000000
5,57,57,0x0000185a,59,0,0x000000000000000000000000000000000000000000000000000000000000000000000000000000000000000000000000
5,57,57,0x0000185a,60,0,0x000000000000000000000000000000000000000000000000000000000000000000000000000000000000000000000000
5,57,57,0x0000185a,61,0,0x000000000000000000000000000000000000000000000000000000000000000000000000000000000000000000000000
5,57,57,0x0000185a,62,0,0x000000000000000000000000000000000000000000000000000000000000000000000000000000000000000000000000
5,57,57,0x0000185a,63,1,0x000000000000000000000000000000000000000000000000000000000000000000000000000000000000000000000000
6,58,58,0x000033ce,0,0,0x000000000000000000000000000000000000000000000000000000000000000000000000000000000000000000000000
6,58,58,0x000033ce,1,0,0x000000000000000000000000000000000000000000000000000000000000000000000000000000000000000000000000
6,58,58,0x000033ce,2,0,0x000000000000000000000000000000000000000000000000000000000000000000000000000000000000000000000000
6,58,58,0x000033ce,3,0,0x000000000000000000000000000000000000000000000000000000000000000000000000000000000000000000000000
6,58,58,0x000033ce,4,0,0x000000000000000000000000000000000000000000000000000000000000000000000000000000000000000000000000
6,58,58,0x000033ce,5,0,0x000000000000000000000000000000000000000000000000000000000000000000000000000000000000000000000000
6,58,58,0x000033ce,6,0,0x000000000000000000000000000000000000000000000000000000000000000000000000000000000000000000000000
6,58,58,0x000033ce,7,0,0x000000000000000000000000000000000000000000000000000000000000000000000000000000000000000000000000
6,58,58,0x000033ce,8,0,0x000000000000000000000000000000000000000000000000000000000000000000000000000000000000000000000000
6,58,58,0x000033ce,9,0,0x000000000000000000000000000000000000000000000000000000000000000000000000000000000000000000000000
6,58,58,0x000033ce,10,0,0x000000000000000000000000000000000000000000000000000000000000000000000000000000000000000000000000
6,58,58,0x000033ce,11,0,0x000000000000000000000000000000000000000000000000000000000000000000000000000000000000000000000000
6,58,58,0x000033ce,12,0,0x000000000000000000000000000000000000000000000000000000000000000000000000000000000000000000000000
6,58,58,0x000033ce,13,0,0x000000000000000000000000000000000000000000000000000000000000000000000000000000000000000000000000
6,58,58,0x000033ce,14,0,0x000000000000000000000000000000000000000000000000000000000000000000000000000000000000100100000000
6,58,58,0x000033ce,15,0,0x000000000000000000000000000000000000000000000000000000000000000000000000000000000000f00100100100
6,58,58,0x000033ce,16,0,0x000000000000000000000000000000000000000000000000000000000000000000000000000000000000f00f00f00f00
6,58,58,0x000033ce,17,0,0x000000000000000000000000000000000000000000000000000000000000000000000000000000000000000000000000
6,58,58,0x000033ce,18,0,0x000000000000000000000000000000000000000000000000000000000000000000000000000000000000000000000000
6,58,58,0x000033ce,19,0,0x000000000000000000000000000000000000000000000000000000000000000000000000000000000000000000000000
6,58,58,0x000033ce,20,0,0x000000000000000000000000000000000000000000000000000000000000000000000000000000000000000000000000
6,58,58,0x000033ce,21,0,0x000000000000000000000000000000000000000000000000000000000000000000000000000000000000000000000000
6,58,58,0x000033ce,22,0,0x000000000000000000000000000000000000000000000000000000000000000000000000000000000000000000000000
6,58,58,0x000033ce,23,0,0x000000000000000000000000000000000000000000000000000000000000000000000000000000000000000000000000
6,58,58,0x000033ce,24,0,0x000000000000000000000000000000000000000000000000000000000000000000000000000000000000000000000000
6,58,58,0x000033ce,25,0,0x000000000000000000000000000000000000000000000000000000000000000000000000000000000000000000000000
6,58,58,0x000033ce,26,0,0x000000000000000000000000000000000000000000000000000000000000000000000000000000000000000000000000
6,58,58,0x000033ce,27,0,0x000000000000000000000000000000000000000000000000000000000000000000000000000000000000000000000000
6,58,58,0x000033ce,28,0,0x000000000000000000000000000000000000000000000000000000000000000000000000000000000000000000000000
6,58,58,0x000033ce,29,0,0x000000000000000000000000000000000000000000000000000000000000000000000000000000000000000000000000
6,58,58,0x000033ce,30,0,0x000000000000000000000000000000000000000000000000000000000000000000000000000000000000000000000000
6,58,58,0x000033ce,31,0,0x000000000000000000000000000000000000000000000000000000000000000000000000000000000000000000000000
6,58,58,0x000033ce,32,0,0x000000000000000000000000000000000000000000000000000000000000000000000000000000000000000000000000
6,58,58,0x000033ce,33,0,0x000000000000000000000000000000000000000000000000000000000000000000000000000000000000000000000000
6,58,58,0x000033ce,34,0,0x000000000000000000000000000000000000000000000000000000000000000000000000000000000000000000000000
6,58,58,0x000033ce,35,0,0x000000000000000000000000000000000000000000000000000000000000000000000000000000000000000000000000
6,58,58,0x000033ce,36,0,0x000000000000000000000000000000000000000000000000000000000000000000000000000000000000000000000000
6,58,58,0x000033ce,37,0,0x000000000000000000000000000000000000000000000000000000000000000000000000000000000000000000000000
6,58,58,0x000033ce,38,0,0x000000000000000000000000000000000000000000000000000000000000000000000000000000000000000000000000
6,58,58,0x000033ce,39,0,0x000000000000000000000000000000000000000000000000000000000000000000000000000000000000000000000000
6,58,58,0x000033ce,40,0,0x000000000000000000000000000000000000000000000000000000000000000000000000000000000000000000000000
6,58,58,0x000033ce,41,0,0x000000000000000000000000000000000000000000000000000000000000000000000000000000000000000000000000
6,58,58,0x000033ce,42,0,0x000000000000000000000000000000000000000000000000000000000000000000000000000000000000000000000000
6,58,58,0x000033ce,43,0,0x000000000000000000000000000000000000000000000000000000000000000000000000000000000000000000000000
6,58,58,0x000033ce,44,0,0x000000000000000000000000000000000000000000000000000000000000000000000000000000000000000000000000
6,58,58,0x000033ce,45,0,0x000000000000000000000000000000000000000000000000000000000000000000000000000000000000000000000000
6,58,58,0x000033ce,46,0,0x000000000000000000000000000000000000000000000000000000000000000000000000000000000000000000000000
6,58,58,0x000033ce,47,0,0x000000000000000000000000000000000000000000000000000000000000000000000000000000000000000000000000
6,58,58,0x000033ce,48,0,0x000000000000000000000000000000000000000000000000000000000000000000000000000000000000000000000000
6,58,58,0x000033ce,49,0,0x000000000000000000000000000000000000000000000000000000000000000000000000000000000000000000000000
6,58,58,0x000033ce,50,0,0x000000000000000000000000000000000000000000000000000000000000000000000000000000000000000000000000
6,58,58,0x000033ce,51,0,0x000000000000000000000000000000000000000000000000000000000000000000000000000000000000000000000000
6,58,58,0x000033ce,52,0,0x000000000000000000000000000000000000000000000000000000000000000000000000000000000000000000000000
6,58,58,0x000033ce,53,0,0x000000000000000000000000000000000000000000000000000000000000000000000000000000000000000000000000
6,58,58,0x000033ce,54,0,0x000000000000000000000000000000000000000000000000000000000000000000000000000000000000000000000000
6,58,58,0x000033ce,55,0,0x000000000000000000000000000000000000000000000000000000000000000000000000000000000000000000000000
6,58,58,0x000033ce,56,0,0x000000000000000000000000000000000000000000000000000000000000000000000000000000000000000000000000
6,58,58,0x000033ce,57,0,0x000000000000000000000000000000000000000000000000000000000000000000000000000000000000000000000000
6,58,58,0x000033ce,58,0,0x000000000000000000000000000000000000000000000000000000000000000000000000000000000000000000000000
6,58,58,0x000033ce,59,0,0x000000000000000000000000000000000000000000000000000000000000000000000000000000000000000000000000
6,58,58,0x000033ce,60,0,0x000000000000000000000000000000000000000000000000000000000000000000000000000000000000000000000000
6,58,58,0x000033ce,61,0,0x000000000000000000000000000000000000000000000000000000000000000000000000000000000000000000000000
6,58,58,0x000033ce,62,0,0x000000000000000000000000000000000000000000000000000000000000000000000000000000000000000000000000
6,58,58,0x000033ce,63,1,0x000000000000000000000000000000000000000000000000000000000000000000000000000000000000000000000000
7,59,59,0x000042ba,0,0,0x000000000000000000000000000000000000000000000000000000000000000000000000000000000000000000000000
7,59,59,0x000042ba,1,0,0x000000000000000000000000000000000000000000000000000000000000000000000000000000000000000000000000
7,59,59,0x000042ba,2,0,0x000000000000000000000000000000000000000000000000000000000000000000000000000000000000000000000000
7,59,59,0x000042ba,3,0,0x000000000000000000000000000000000000000000000000000000000000000000000000000000000000000000000000
7,59,59,0x000042ba,4,0,0x000000000000000000000000000000000000000000000000000000000000000000000000000000000000000000000000
7,59,59,0x000042ba,5,0,0x000000000000000000000000000000000000000000000000000000000000000000000000000000000000000000000000
7,59,59,0x000042ba,6,0,0x000000000000000000000000000000000000000000000000000000000000000000000000000000000000000000000000
7,59,59,0x000042ba,7,0,0x000000000000000000000000000000000000000000000000000000000000000000000000000000000000000000000000
7,59,59,0x000042ba,8,0,0x000000000000000000000000000000000000000000000000000000000000000000000000000000000000000000000000
7,59,59,0x000042ba,9,0,0x000000000000000000000000000000000000000000000000000000000000000000000000000000000000000000000000
7,59,59,0x000042ba,10,0,0x000000000000000000000000000000000000000000000000000000000000000000000000000000000000000000000000
7,59,59,0x000042ba,11,0,0x000000000000000000000000000000000000000000000000000000000000000000000000000000000000000000000000
7,59,59,0x000042ba,12,0,0x000000000000000000000000000000000000000000000000000000000000000000000000000000000000000000000000
7,59,59,0x000042ba,13,0,0x000000000000000000000000000000000000000000000000000000000000000000000000000000000000000000000000
7,59,59,0x000042ba,14,0,0x000000000000000000000000000000000000000000000000000000000000000000000000000000000000100000000000
7,59,59,0x000042ba,15,0,0x000000000000000000000000000000000000000000000000000000000000000000000000000000000000100100100100
7,59,59,0x000042ba,16,0,0x000000000000000000000000000000000000000000000000000000000000000000000000000000000000f00f00f00f00
7,59,59,0x000042ba,17,0,0x000000000000000000000000000000000000000000000000000000000000000000000000000000000000000000000f00
7,59,59,0x000042ba,18,0,0x000000000000000000000000000000000000000000000000000000000000000000000000000000000000000000000000
7,59,59,0x000042ba,19,0,0x000000000000000000000000000000000000000000000000000000000000000000000000000000000000000000000000
7,59,59,0x000042ba,20,0,0x000000000000000000000000000000000000000000000000000000000000000000000000000000000000000000000000
7,59,59,0x000042ba,21,0,0x000000000000000000000000000000000000000000000000000000000000000000000000000000000000000000000000
7,59,59,0x000042ba,22,0,0x000000000000000000000000000000000000000000000000000000000000000000000000000000000000000000000000
7,59,59,0x000042ba,23,0,0x000000000000000000000000000000000000000000000000000000000000000000000000000000000000000000000000
7,59,59,0x000042ba,24,0,0x000000000000000000000000000000000000000000000000000000000000000000000000000000000000000000000000
7,59,59,0x000042ba,25,0,0x000000000000000000000000000000000000000000000000000000000000000000000000000000000000000000000000
7,59,59,0x000042ba,26,0,0x000000000000000000000000000000000000000000000000000000000000000000000000000000000000000000000000
7,59,59,0x000042ba,27,0,0x000000000000000000000000000000000000000000000000000000000000000000000000000000000000000000000000
7,59,59,0x000042ba,28,0,0x000000000000000000000000000000000000000000000000000000000000000000000000000000000000000000000000
7,59,59,0x000042ba,29,0,0x000000000000000000000000000000000000000000000000000000000000000000000000000000000000000000000000
7,59,59,0x000042ba,30,0,0x000000000000000000000000000000000000000000000000000000000000000000000000000000000000000000000000
7,59,59,0x000042ba,31,0,0x000000000000000000000000000000000000000000000000000000000000000000000000000000000000000000000000
7,59,59,0x000042ba,32,0,0x000000000000000000000000000000000000000000000000000000000000000000000000000000000000000000000000
7,59,59,0x000042ba,33,0,0x000000000000000000000000000000000000000000000000000000000000000000000000000000000000000000000000
7,59,59,0x000042ba,34,0,0x000000000000000000000000000000000000000000000000000000000000000000000000000000000000000000000000
7,59,59,0x000042ba,35,0,0x000000000000000000000000000000000000000000000000000000000000000000000000000000000000000000000000
7,59,59,0x000042ba,36,0,0x000000000000000000000000000000000000000000000000000000000000000000000000000000000000000000000000
7,59,59,0x000042ba,37,0,0x000000000000000000000000000000000000000000000000000000000000000000000000000000000000000000000000
7,59,59,0x000042ba,38,0,0x000000000000000000000000000000000000000000000000000000000000000000000000000000000000000000000000
7,59,59,0x000042ba,39,0,0x000000000000000000000000000000000000000000000000000000000000000000000000000000000000000000000000
7,59,59,0x000042ba,40,0,0x000000000000000000000000000000000000000000000000000000000000000000000000000000000000000000000000
7,59,59,0x000042ba,41,0,0x000000000000000000000000000000000000000000000000000000000000000000000000000000000000000000000000
7,59,59,0x000042ba,42,0,0x000000000000000000000000000000000000000000000000000000000000000000000000000000000000000000000000
7,59,59,0x000042ba,43,0,0x000000000000000000000000000000000000000000000000000000000000000000000000000000000000000000000000
7,59,59,0x000042ba,44,0,0x000000000000000000000000000000000000000000000000000000000000000000000000000000000000000000000000
7,59,59,0x000042ba,45,0,0x000000000000000000000000000000000000000000000000000000000000000000000000000000000000000000000000
7,59,59,0x000042ba,46,0,0x000000000000000000000000000000000000000000000000000000000000000000000000000000000000000000000000
7,59,59,0x000042ba,47,0,0x000000000000000000000000000000000000000000000000000000000000000000000000000000000000000000000000
7,59,59,0x000042ba,48,0,0x000000000000000000000000000000000000000000000000000000000000000000000000000000000000000000000000
7,59,59,0x000042ba,49,0,0x000000000000000000000000000000000000000000000000000000000000000000000000000000000000000000000000
7,59,59,0x000042ba,50,0,0x000000000000000000000000000000000000000000000000000000000000000000000000000000000000000000000000
7,59,59,0x000042ba,51,0,0x000000000000000000000000000000000000000000000000000000000000000000000000000000000000000000000000
7,59,59,0x000042ba,52,0,0x000000000000000000000000000000000000000000000000000000000000000000000000000000000000000000000000
7,59,59,0x000042ba,53,0,0x000000000000000000000000000000000000000000000000000000000000000000000000000000000000000000000000
7,59,59,0x000042ba,54,0,0x000000000000000000000000000000000000000000000000000000000000000000000000000000000000000000000000
7,59,59,0x000042ba,55,0,0x000000000000000000000000000000000000000000000000000000000000000000000000000000000000000000000000
7,59,59,0x000042ba,56,0,0x000000000000000000000000000000000000000000000000000000000000000000000000000000000000000000000000
7,59,59,0x000042ba,57,0,0x000000000000000000000000000000000000000000000000000000000000000000000000000000000000000000000000
7,59,59,0x000042ba,58,0,0x000000000000000000000000000000000000000000000000000000000000000000000000000000000000000000000000
7,59,59,0x000042ba,59,0,0x000000000000000000000000000000000000000000000000000000000000000000000000000000000000000000000000
7,59,59,0x000042ba,60,0,0x000000000000000000000000000000000000000000000000000000000000000000000000000000000000000000000000
7,59,59,0x000042ba,61,0,0x000000000000000000000000000000000000000000000000000000000000000000000000000000000000000000000000
7,59,59,0x000042ba,62,0,0x000000000000000000000000000000000000000000000000000000000000000000000000000000000000000000000000
7,59,59,0x000042ba,63,1,0x000000000000000000000000000000000000000000000000000000000000000000000000000000000000000000000000
8,60,60,0x00003f3e,0,0,0x000000000000000000000000000000000000000000000000000000000000000000000000000000000000000000000000
8,60,60,0x00003f3e,1,0,0x000000000000000000000000000000000000000000000000000000000000000000000000000000000000000000000000
8,60,60,0x00003f3e,2,0,0x000000000000000000000000000000000000000000000000000000000000000000000000000000000000000000000000
8,60,60,0x00003f3e,3,0,0x000000000000000000000000000000000000000000000000000000000000000000000000000000000000000000000000
8,60,60,0x00003f3e,4,0,0x000000000000000000000000000000000000000000000000000000000000000000000000000000000000000000000000
8,60,60,0x00003f3e,5,0,0x000000000000000000000000000000000000000000000000000000000000000000000000000000000000000000000000
8,60,60,0x00003f3e,6,0,0x000000000000000000000000000000000000000000000000000000000000000000000000000000000000000000000000
8,60,60,0x00003f3e,7,0,0x000000000000000000000000000000000000000000000000000000000000000000000000000000000000000000000000
8,60,60,0x00003f3e,8,0,0x000000000000000000000000000000000000000000000000000000000000000000000000000000000000000000000000
8,60,60,0x00003f3e,9,0,0x000000000000000000000000000000000000000000000000000000000000000000000000000000000000000000000000
8,60,60,0x00003f3e,10,0,0x000000000000000000000000000000000000000000000000000000000000000000000000000000000000000000000000
8,60,60,0x00003f3e,11,0,0x000000000000000000000000000000000000000000000000000000000000000000000000000000000000000000000000
8,60,60,0x00003f3e,12,0,0x000000000000000000000000000000000000000000000000000000000000000000000000000000000000000000000000
8,60,60,0x00003f3e,13,0,0x000000000000000000000000000000000000000000000000000000000000000000000000000000000000000000000000
8,60,60,0x00003f3e,14,0,0x000000000000000000000000000000000000000000000000000000000000000000000000000000000000000000000000
8,60,60,0x00003f3e,15,0,0x000000000000000000000000000000000000000000000000000000000000000000000000000000000000100100100100
8,60,60,0x00003f3e,16,0,0x000000000000000000000000000000000000000000000000000000000000000000000000000000000000f00f00f00100
8,60,60,0x00003f3e,17,0,0x000000000000000000000000000000000000000000000000000000000000000000000000000000000000000000f00f00
8,60,60,0x00003f3e,18,0,0x000000000000000000000000000000000000000000000000000000000000000000000000000000000000000000000000
8,60,60,0x00003f3e,19,0,0x000000000000000000000000000000000000000000000000000000000000000000000000000000000000000000000000
8,60,60,0x00003f3e,20,0,0x000000000000000000000000000000000000000000000000000000000000000000000000000000000000000000000000
8,60,60,0x00003f3e,21,0,0x000000000000000000000000000000000000000000000000000000000000000000000000000000000000000000000000
8,60,60,0x00003f3e,22,0,0x000000000000000000000000000000000000000000000000000000000000000000000000000000000000000000000000
8,60,60,0x00003f3e,23,0,0x000000000000000000000000000000000000000000000000000000000000000000000000000000000000000000000000
8,60,60,0x00003f3e,24,0,0x000000000000000000000000000000000000000000000000000000000000000000000000000000000000000000000000
8,60,60,0x00003f3e,25,0,0x000000000000000000000000000000000000000000000000000000000000000000000000000000000000000000000000
8,60,60,0x00003f3e,26,0,0x000000000000000000000000000000000000000000000000000000000000000000000000000000000000000000000000
8,60,60,0x00003f3e,27,0,0x000000000000000000000000000000000000000000000000000000000000000000000000000000000000000000000000
8,60,60,0x00003f3e,28,0,0x000000000000000000000000000000000000000000000000000000000000000000000000000000000000000000000000
8,60,60,0x00003f3e,29,0,0x000000000000000000000000000000000000000000000000000000000000000000000000000000000000000000000000
8,60,60,0x00003f3e,30,0,0x000000000000000000000000000000000000000000000000000000000000000000000000000000000000000000000000
8,60,60,0x00003f3e,31,0,0x000000000000000000000000000000000000000000000000000000000000000000000000000000000000000000000000
8,60,60,0x00003f3e,32,0,0x000000000000000000000000000000000000000000000000000000000000000000000000000000000000000000000000
8,60,60,0x00003f3e,33,0,0x000000000000000000000000000000000000000000000000000000000000000000000000000000000000000000000000
8,60,60,0x00003f3e,34,0,0x000000000000000000000000000000000000000000000000000000000000000000000000000000000000000000000000
8,60,60,0x00003f3e,35,0,0x000000000000000000000000000000000000000000000000000000000000000000000000000000000000000000000000
8,60,60,0x00003f3e,36,0,0x000000000000000000000000000000000000000000000000000000000000000000000000000000000000000000000000
8,60,60,0x00003f3e,37,0,0x000000000000000000000000000000000000000000000000000000000000000000000000000000000000000000000000
8,60,60,0x00003f3e,38,0,0x000000000000000000000000000000000000000000000000000000000000000000000000000000000000000000000000
8,60,60,0x00003f3e,39,0,0x000000000000000000000000000000000000000000000000000000000000000000000000000000000000000000000000
8,60,60,0x00003f3e,40,0,0x000000000000000000000000000000000000000000000000000000000000000000000000000000000000000000000000
8,60,60,0x00003f3e,41,0,0x000000000000000000000000000000000000000000000000000000000000000000000000000000000000000000000000
8,60,60,0x00003f3e,42,0,0x000000000000000000000000000000000000000000000000000000000000000000000000000000000000000000000000
8,60,60,0x00003f3e,43,0,0x000000000000000000000000000000000000000000000000000000000000000000000000000000000000000000000000
8,60,60,0x00003f3e,44,0,0x000000000000000000000000000000000000000000000000000000000000000000000000000000000000000000000000
8,60,60,0x00003f3e,45,0,0x000000000000000000000000000000000000000000000000000000000000000000000000000000000000000000000000
8,60,60,0x00003f3e,46,0,0x000000000000000000000000000000000000000000000000000000000000000000000000000000000000000000000000
8,60,60,0x00003f3e,47,0,0x000000000000000000000000000000000000000000000000000000000000000000000000000000000000000000000000
8,60,60,0x00003f3e,48,0,0x000000000000000000000000000000000000000000000000000000000000000000000000000000000000000000000000
8,60,60,0x00003f3e,49,0,0x000000000000000000000000000000000000000000000000000000000000000000000000000000000000000000000000
8,60,60,0x00003f3e,50,0,0x000000000000000000000000000000000000000000000000000000000000000000000000000000000000000000000000
8,60,60,0x00003f3e,51,0,0x000000000000000000000000000000000000000000000000000000000000000000000000000000000000000000000000
8,60,60,0x00003f3e,52,0,0x000000000000000000000000000000000000000000000000000000000000000000000000000000000000000000000000
8,60,60,0x00003f3e,53,0,0x000000000000000000000000000000000000000000000000000000000000000000000000000000000000000000000000
8,60,60,0x00003f3e,54,0,0x000000000000000000000000000000000000000000000000000000000000000000000000000000000000000000000000
8,60,60,0x00003f3e,55,0,0x000000000000000000000000000000000000000000000000000000000000000000000000000000000000000000000000
8,60,60,0x00003f3e,56,0,0x000000000000000000000000000000000000000000000000000000000000000000000000000000000000000000000000
8,60,60,0x00003f3e,57,0,0x000000000000000000000000000000000000000000000000000000000000000000000000000000000000000000000000
8,60,60,0x00003f3e,58,0,0x000000000000000000000000000000000000000000000000000000000000000000000000000000000000000000000000
8,60,60,0x00003f3e,59,0,0x000000000000000000000000000000000000000000000000000000000000000000000000000000000000000000000000
8,60,60,0x00003f3e,60,0,0x000000000000000000000000000000000000000000000000000000000000000000000000000000000000000000000000
8,60,60,0x00003f3e,61,0,0x000000000000000000000000000000000000000000000000000000000000000000000000000000000000000000000000
8,60,60,0x00003f3e,62,0,0x000000000000000000000000000000000000000000000000000000000000000000000000000000000000000000000000
8,60,60,0x00003f3e,63,1,0x000000000000000000000000000000000000000000000000000000000000000000000000000000000000000000000000
9,61,61,0x0000449c,0,0,0x000000000000000000000000000000000000000000000000000000000000000000000000000000000000000000000000
9,61,61,0x0000449c,1,0,0x000000000000000000000000000000000000000000000000000000000000000000000000000000000000000000000000
9,61,61,0x0000449c,2,0,0x000000000000000000000000000000000000000000000000000000000000000000000000000000000000000000000000
9,61,61,0x0000449c,3,0,0x000000000000000000000000000000000000000000000000000000000000000000000000000000000000000000000000
9,61,61,0x0000449c,4,0,0x000000000000000000000000000000000000000000000000000000000000000000000000000000000000000000000000
9,61,61,0x0000449c,5,0,0x000000000000000000000000000000000000000000000000000000000000000000000000000000000000000000000000
9,61,61,0x0000449c,6,0,0x000000000000000000000000000000000000000000000000000000000000000000000000000000000000000000000000
9,61,61,0x0000449c,7,0,0x000000000000000000000000000000000000000000000000000000000000000000000000000000000000000000000000
9,61,61,0x0000449c,8,0,0x000000000000000000000000000000000000000000000000000000000000000000000000000000000000000000000000
9,61,61,0x0000449c,9,0,0x000000000000000000000000000000000000000000000000000000000000000000000000000000000000000000000000
9,61,61,0x0000449c,10,0,0x000000000000000000000000000000000000000000000000000000000000000000000000000000000000000000000000
9,61,61,0x0000449c,11,0,0x000000000000000000000000000000000000000000000000000000000000000000000000000000000000000000000000
9,61,61,0x0000449c,12,0,0x000000000000000000000000000000000000000000000000000000000000000000000000000000000000000000000000
9,61,61,0x0000449c,13,0,0x000000000000000000000000000000000000000000000000000000000000000000000000000000000000000000000000
9,61,61,0x0000449c,14,0,0x000000000000000000000000000000000000000000000000000000000000000000000000000000000000000000000000
9,61,61,0x0000449c,15,0,0x000000000000000000000000000000000000000000000000000000000000000000000000000000000000100100100000
9,61,61,0x0000449c,16,0,0x000000000000000000000000000000000000000000000000000000000000000000000000000000000000f00f00100100
9,61,61,0x0000449c,17,0,0x000000000000000000000000000000000000000000000000000000000000000000000000000000000000000f00f00f00
9,61,61,0x0000449c,18,0,0x000000000000000000000000000000000000000000000000000000000000000000000000000000000000000000000000
9,61,61,0x0000449c,19,0,0x000000000000000000000000000000000000000000000000000000000000000000000000000000000000000000000000
9,61,61,0x0000449c,20,0,0x000000000000000000000000000000000000000000000000000000000000000000000000000000000000000000000000
9,61,61,0x0000449c,21,0,0x000000000000000000000000000000000000000000000000000000000000000000000000000000000000000000000000
9,61,61,0x0000449c,22,0,0x000000000000000000000000000000000000000000000000000000000000000000000000000000000000000000000000
9,61,61,0x0000449c,23,0,0x000000000000000000000000000000000000000000000000000000000000000000000000000000000000000000000000
9,61,61,0x0000449c,24,0,0x000000000000000000000000000000000000000000000000000000000000000000000000000000000000000000000000
9,61,61,0x0000449c,25,0,0x000000000000000000000000000000000000000000000000000000000000000000000000000000000000000000000000
9,61,61,0x0000449c,26,0,0x000000000000000000000000000000000000000000000000000000000000000000000000000000000000000000000000
9,61,61,0x0000449c,27,0,0x000000000000000000000000000000000000000000000000000000000000000000000000000000000000000000000000
9,61,61,0x0000449c,28,0,0x000000000000000000000000000000000000000000000000000000000000000000000000000000000000000000000000
9,61,61,0x0000449c,29,0,0x000000000000000000000000000000000000000000000000000000000000000000000000000000000000000000000000
9,61,61,0x0000449c,30,0,0x000000000000000000000000000000000000000000000000000000000000000000000000000000000000000000000000
9,61,61,0x0000449c,31,0,0x000000000000000000000000000000000000000000000000000000000000000000000000000000000000000000000000
9,61,61,0x0000449c,32,0,0x000000000000000000000000000000000000000000000000000000000000000000000000000000000000000000000000
9,61,61,0x0000449c,33,0,0x000000000000000000000000000000000000000000000000000000000000000000000000000000000000000000000000
9,61,61,0x0000449c,34,0,0x000000000000000000000000000000000000000000000000000000000000000000000000000000000000000000000000
9,61,61,0x0000449c,35,0,0x000000000000000000000000000000000000000000000000000000000000000000000000000000000000000000000000
9,61,61,0x0000449c,36,0,0x000000000000000000000000000000000000000000000000000000000000000000000000000000000000000000000000
9,61,61,0x0000449c,37,0,0x000000000000000000000000000000000000000000000000000000000000000000000000000000000000000000000000
9,61,61,0x0000449c,38,0,0x000000000000000000000000000000000000000000000000000000000000000000000000000000000000000000000000
9,61,61,0x0000449c,39,0,0x000000000000000000000000000000000000000000000000000000000000000000000000000000000000000000000000
9,61,61,0x0000449c,40,0,0x000000000000000000000000000000000000000000000000000000000000000000000000000000000000000000000000
9,61,61,0x0000449c,41,0,0x000000000000000000000000000000000000000000000000000000000000000000000000000000000000000000000000
9,61,61,0x0000449c,42,0,0x000000000000000000000000000000000000000000000000000000000000000000000000000000000000000000000000
9,61,61,0x0000449c,43,0,0x000000000000000000000000000000000000000000000000000000000000000000000000000000000000000000000000
9,61,61,0x0000449c,44,0,0x000000000000000000000000000000000000000000000000000000000000000000000000000000000000000000000000
9,61,61,0x0000449c,45,0,0x000000000000000000000000000000000000000000000000000000000000000000000000000000000000000000000000
9,61,61,0x0000449c,46,0,0x000000000000000000000000000000000000000000000000000000000000000000000000000000000000000000000000
9,61,61,0x0000449c,47,0,0x000000000000000000000000000000000000000000000000000000000000000000000000000000000000000000000000
9,61,61,0x0000449c,48,0,0x000000000000000000000000000000000000000000000000000000000000000000000000000000000000000000000000
9,61,61,0x0000449c,49,0,0x000000000000000000000000000000000000000000000000000000000000000000000000000000000000000000000000
9,61,61,0x0000449c,50,0,0x000000000000000000000000000000000000000000000000000000000000000000000000000000000000000000000000
9,61,61,0x0000449c,51,0,0x000000000000000000000000000000000000000000000000000000000000000000000000000000000000000000000000
9,61,61,0x0000449c,52,0,0x000000000000000000000000000000000000000000000000000000000000000000000000000000000000000000000000
9,61,61,0x0000449c,53,0,0x000000000000000000000000000000000000000000000000000000000000000000000000000000000000000000000000
9,61,61,0x0000449c,54,0,0x000000000000000000000000000000000000000000000000000000000000000000000000000000000000000000000000
9,61,61,0x0000449c,55,0,0x000000000000000000000000000000000000000000000000000000000000000000000000000000000000000000000000
9,61,61,0x0000449c,56,0,0x000000000000000000000000000000000000000000000000000000000000000000000000000000000000000000000000
9,61,61,0x0000449c,57,0,0x000000000000000000000000000000000000000000000000000000000000000000000000000000000000000000000000
9,61,61,0x0000449c,58,0,0x000000000000000000000000000000000000000000000000000000000000000000000000000000000000000000000000
9,61,61,0x0000449c,59,0,0x000000000000000000000000000000000000000000000000000000000000000000000000000000000000000000000000
9,61,61,0x0000449c,60,0,0x000000000000000000000000000000000000000000000000000000000000000000000000000000000000000000000000
9,61,61,0x0000449c,61,0,0x000000000000000000000000000000000000000000000000000000000000000000000000000000000000000000000000
9,61,61,0x0000449c,62,0,0x000000000000000000000000000000000000000000000000000000000000000000000000000000000000000000000000
9,61,61,0x0000449c,63,1,0x000000000000000000000000000000000000000000000000000000000000000000000000000000000000000000000000
10,62,62,0x0000426e,0,0,0x000000000000000000000000000000000000000000000000000000000000000000000000000000000000000000000000
10,62,62,0x0000426e,1,0,0x000000000000000000000000000000000000000000000000000000000000000000000000000000000000000000000000
10,62,62,0x0000426e,2,0,0x000000000000000000000000000000000000000000000000000000000000000000000000000000000000000000000000
10,62,62,0x0000426e,3,0,0x000000000000000000000000000000000000000000000000000000000000000000000000000000000000000000000000
10,62,62,0x0000426e,4,0,0x000000000000000000000000000000000000000000000000000000000000000000000000000000000000000000000000
10,62,62,0x0000426e,5,0,0x000000000000000000000000000000000000000000000000000000000000000000000000000000000000000000000000
10,62,62,0x0000426e,6,0,0x000000000000000000000000000000000000000000000000000000000000000000000000000000000000000000000000
10,62,62,0x0000426e,7,0,0x000000000000000000000000000000000000000000000000000000000000000000000000000000000000000000000000
10,62,62,0x0000426e,8,0,0x000000000000000000000000000000000000000000000000000000000000000000000000000000000000000000000000
10,62,62,0x0000426e,9,0,0x000000000000000000000000000000000000000000000000000000000000000000000000000000000000000000000000
10,62,62,0x0000426e,10,0,0x000000000000000000000000000000000000000000000000000000000000000000000000000000000000000000000000
10,62,62,0x0000426e,11,0,0x000000000000000000000000000000000000000000000000000000000000000000000000000000000000000000000000
10,62,62,0x0000426e,12,0,0x000000000000000000000000000000000000000000000000000000000000000000000000000000000000000000000000
10,62,62,0x0000426e,13,0,0x000000000000000000000000000000000000000000000000000000000000000000000000000000000000000000000000
10,62,62,0x0000426e,14,0,0x000000000000000000000000000000000000000000000000000000000000000000000000000000000000000000000000
10,62,62,0x0000426e,15,0,0x000000000000000000000000000000000000000000000000000000000000000000000000000000000000100100000000
10,62,62,0x0000426e,16,0,0x000000000000000000000000000000000000000000000000000000000000000000000000000000000000f00100100100
10,62,62,0x0000426e,17,0,0x000000000000000000000000000000000000000000000000000000000000000000000000000000000000f00f00f00f00
10,62,62,0x0000426e,18,0,0x000000000000000000000000000000000000000000000000000000000000000000000000000000000000000000000000
10,62,62,0x0000426e,19,0,0x000000000000000000000000000000000000000000000000000000000000000000000000000000000000000000000000
10,62,62,0x0000426e,20,0,0x000000000000000000000000000000000000000000000000000000000000000000000000000000000000000000000000
10,62,62,0x0000426e,21,0,0x000000000000000000000000000000000000000000000000000000000000000000000000000000000000000000000000
10,62,62,0x0000426e,22,0,0x000000000000000000000000000000000000000000000000000000000000000000000000000000000000000000000000
10,62,62,0x0000426e,23,0,0x000000000000000000000000000000000000000000000000000000000000000000000000000000000000000000000000
10,62,62,0x0000426e,24,0,0x000000000000000000000000000000000000000000000000000000000000000000000000000000000000000000000000
10,62,62,0x0000426e,25,0,0x000000000000000000000000000000000000000000000000000000000000000000000000000000000000000000000000
10,62,62,0x0000426e,26,0,0x000000000000000000000000000000000000000000000000000000000000000000000000000000000000000000000000
10,62,62,0x0000426e,27,0,0x000000000000000000000000000000000000000000000000000000000000000000000000000000000000000000000000
10,62,62,0x0000426e,28,0,0x000000000000000000000000000000000000000000000000000000000000000000000000000000000000000000000000
10,62,62,0x0000426e,29,0,0x000000000000000000000000000000000000000000000000000000000000000000000000000000000000000000000000
10,62,62,0x0000426e,30,0,0x000000000000000000000000000000000000000000000000000000000000000000000000000000000000000000000000
10,62,62,0x0000426e,31,0,0x000000000000000000000000000000000000000000000000000000000000000000000000000000000000000000000000
10,62,62,0x0000426e,32,0,0x000000000000000000000000000000000000000000000000000000000000000000000000000000000000000000000000
10,62,62,0x0000426e,33,0,0x000000000000000000000000000000000000000000000000000000000000000000000000000000000000000000000000
10,62,62,0x0000426e,34,0,0x000000000000000000000000000000000000000000000000000000000000000000000000000000000000000000000000
10,62,62,0x0000426e,35,0,0x000000000000000000000000000000000000000000000000000000000000000000000000000000000000000000000000
10,62,62,0x0000426e,36,0,0x000000000000000000000000000000000000000000000000000000000000000000000000000000000000000000000000
10,62,62,0x0000426e,37,0,0x000000000000000000000000000000000000000000000000000000000000000000000000000000000000000000000000
10,62,62,0x0000426e,38,0,0x000000000000000000000000000000000000000000000000000000000000000000000000000000000000000000000000
10,62,62,0x0000426e,39,0,0x000000000000000000000000000000000000000000000000000000000000000000000000000000000000000000000000
10,62,62,0x0000426e,40,0,0x000000000000000000000000000000000000000000000000000000000000000000000000000000000000000000000000
10,62,62,0x0000426e,41,0,0x000000000000000000000000000000000000000000000000000000000000000000000000000000000000000000000000
10,62,62,0x0000426e,42,0,0x000000000000000000000000000000000000000000000000000000000000000000000000000000000000000000000000
10,62,62,0x0000426e,43,0,0x000000000000000000000000000000000000000000000000000000000000000000000000000000000000000000000000
10,62,62,0x0000426e,44,0,0x000000000000000000000000000000000000000000000000000000000000000000000000000000000000000000000000
10,62,62,0x0000426e,45,0,0x000000000000000000000000000000000000000000000000000000000000000000000000000000000000000000000000
10,62,62,0x0000426e,46,0,0x000000000000000000000000000000000000000000000000000000000000000000000000000000000000000000000000
10,62,62,0x0000426e,47,0,0x000000000000000000000000000000000000000000000000000000000000000000000000000000000000000000000000
10,62,62,0x0000426e,48,0,0x000000000000000000000000000000000000000000000000000000000000000000000000000000000000000000000000
10,62,62,0x0000426e,49,0,0x000000000000000000000000000000000000000000000000000000000000000000000000000000000000000000000000
10,62,62,0x0000426e,50,0,0x000000000000000000000000000000000000000000000000000000000000000000000000000000000000000000000000
10,62,62,0x0000426e,51,0,0x000000000000000000000000000000000000000000000000000000000000000000000000000000000000000000000000
10,62,62,0x0000426e,52,0,0x000000000000000000000000000000000000000000000000000000000000000000000000000000000000000000000000
10,62,62,0x0000426e,53,0,0x000000000000000000000000000000000000000000000000000000000000000000000000000000000000000000000000
10,62,62,0x0000426e,54,0,0x000000000000000000000000000000000000000000000000000000000000000000000000000000000000000000000000
10,62,62,0x0000426e,55,0,0x000000000000000000000000000000000000000000000000000000000000000000000000000000000000000000000000
10,62,62,0x0000426e,56,0,0x000000000000000000000000000000000000000000000000000000000000000000000000000000000000000000000000
10,62,62,0x0000426e,57,0,0x000000000000000000000000000000000000000000000000000000000000000000000000000000000000000000000000
10,62,62,0x0000426e,58,0,0x000000000000000000000000000000000000000000000000000000000000000000000000000000000000000000000000
10,62,62,0x0000426e,59,0,0x000000000000000000000000000000000000000000000000000000000000000000000000000000000000000000000000
10,62,62,0x0000426e,60,0,0x000000000000000000000000000000000000000000000000000000000000000000000000000000000000000000000000
10,62,62,0x0000426e,61,0,0x000000000000000000000000000000000000000000000000000000000000000000000000000000000000000000000000
10,62,62,0x0000426e,62,0,0x000000000000000000000000000000000000000000000000000000000000000000000000000000000000000000000000
10,62,62,0x0000426e,63,1,0x000000000000000000000000000000000000000000000000000000000000000000000000000000000000000000000000
11,63,63,0x00004030,0,0,0x000000000000000000000000000000000000000000000000000000000000000000000000000000000000000000000000
11,63,63,0x00004030,1,0,0x000000000000000000000000000000000000000000000000000000000000000000000000000000000000000000000000
11,63,63,0x00004030,2,0,0x000000000000000000000000000000000000000000000000000000000000000000000000000000000000000000000000
11,63,63,0x00004030,3,0,0x000000000000000000000000000000000000000000000000000000000000000000000000000000000000000000000000
11,63,63,0x00004030,4,0,0x000000000000000000000000000000000000000000000000000000000000000000000000000000000000000000000000
11,63,63,0x00004030,5,0,0x000000000000000000000000000000000000000000000000000000000000000000000000000000000000000000000000
11,63,63,0x00004030,6,0,0x000000000000000000000000000000000000000000000000000000000000000000000000000000000000000000000000
11,63,63,0x00004030,7,0,0x000000000000000000000000000000000000000000000000000000000000000000000000000000000000000000000000
11,63,63,0x00004030,8,0,0x000000000000000000000000000000000000000000000000000000000000000000000000000000000000000000000000
11,63,63,0x00004030,9,0,0x000000000000000000000000000000000000000000000000000000000000000000000000000000000000000000000000
11,63,63,0x00004030,10,0,0x000000000000000000000000000000000000000000000000000000000000000000000000000000000000000000000000
11,63,63,0x00004030,11,0,0x000000000000000000000000000000000000000000000000000000000000000000000000000000000000000000000000
11,63,63,0x00004030,12,0,0x000000000000000000000000000000000000000000000000000000000000000000000000000000000000000000000000
11,63,63,0x00004030,13,0,0x000000000000000000000000000000000000000000000000000000000000000000000000000000000000000000000000
11,63,63,0x00004030,14,0,0x000000000000000000000000000000000000000000000000000000000000000000000000000000000000000000000000
11,63,63,0x00004030,15,0,0x000000000000000000000000000000000000000000000000000000000000000000000000000000000000100000000000
11,63,63,0x00004030,16,0,0x000000000000000000000000000000000000000000000000000000000000000000000000000000000000100100100100
11,63,63,0x00004030,17,0,0x000000000000000000000000000000000000000000000000000000000000000000000000000000000000f00f00f00f00
11,63,63,0x00004030,18,0,0x000000000000000000000000000000000000000000000000000000000000000000000000000000000000000000000f00
11,63,63,0x00004030,19,0,0x000000000000000000000000000000000000000000000000000000000000000000000000000000000000000000000000
11,63,63,0x00004030,20,0,0x000000000000000000000000000000000000000000000000000000000000000000000000000000000000000000000000
11,63,63,0x00004030,21,0,0x000000000000000000000000000000000000000000000000000000000000000000000000000000000000000000000000
11,63,63,0x00004030,22,0,0x000000000000000000000000000000000000000000000000000000000000000000000000000000000000000000000000
11,63,63,0x00004030,23,0,0x000000000000000000000000000000000000000000000000000000000000000000000000000000000000000000000000
11,63,63,0x00004030,24,0,0x000000000000000000000000000000000000000000000000000000000000000000000000000000000000000000000000
11,63,63,0x00004030,25,0,0x000000000000000000000000000000000000000000000000000000000000000000000000000000000000000000000000
11,63,63,0x00004030,26,0,0x000000000000000000000000000000000000000000000000000000000000000000000000000000000000000000000000
11,63,63,0x00004030,27,0,0x000000000000000000000000000000000000000000000000000000000000000000000000000000000000000000000000
11,63,63,0x00004030,28,0,0x000000000000000000000000000000000000000000000000000000000000000000000000000000000000000000000000
11,63,63,0x00004030,29,0,0x000000000000000000000000000000000000000000000000000000000000000000000000000000000000000000000000
11,63,63,0x00004030,30,0,0x000000000000000000000000000000000000000000000000000000000000000000000000000000000000000000000000
11,63,63,0x00004030,31,0,0x000000000000000000000000000000000000000000000000000000000000000000000000000000000000000000000000
11,63,63,0x00004030,32,0,0x000000000000000000000000000000000000000000000000000000000000000000000000000000000000000000000000
11,63,63,0x00004030,33,0,0x000000000000000000000000000000000000000000000000000000000000000000000000000000000000000000000000
11,63,63,0x00004030,34,0,0x000000000000000000000000000000000000000000000000000000000000000000000000000000000000000000000000
11,63,63,0x00004030,35,0,0x000000000000000000000000000000000000000000000000000000000000000000000000000000000000000000000000
11,63,63,0x00004030,36,0,0x000000000000000000000000000000000000000000000000000000000000000000000000000000000000000000000000
11,63,63,0x00004030,37,0,0x000000000000000000000000000000000000000000000000000000000000000000000000000000000000000000000000
11,63,63,0x00004030,38,0,0x000000000000000000000000000000000000000000000000000000000000000000000000000000000000000000000000
11,63,63,0x00004030,39,0,0x000000000000000000000000000000000000000000000000000000000000000000000000000000000000000000000000
11,63,63,0x00004030,40,0,0x000000000000000000000000000000000000000000000000000000000000000000000000000000000000000000000000
11,63,63,0x00004030,41,0,0x000000000000000000000000000000000000000000000000000000000000000000000000000000000000000000000000
11,63,63,0x00004030,42,0,0x000000000000000000000000000000000000000000000000000000000000000000000000000000000000000000000000
11,63,63,0x00004030,43,0,0x000000000000000000000000000000000000000000000000000000000000000000000000000000000000000000000000
11,63,63,0x00004030,44,0,0x000000000000000000000000000000000000000000000000000000000000000000000000000000000000000000000000
11,63,63,0x00004030,45,0,0x000000000000000000000000000000000000000000000000000000000000000000000000000000000000000000000000
11,63,63,0x00004030,46,0,0x000000000000000000000000000000000000000000000000000000000000000000000000000000000000000000000000
11,63,63,0x00004030,47,0,0x000000000000000000000000000000000000000000000000000000000000000000000000000000000000000000000000
11,63,63,0x00004030,48,0,0x000000000000000000000000000000000000000000000000000000000000000000000000000000000000000000000000
11,63,63,0x00004030,49,0,0x000000000000000000000000000000000000000000000000000000000000000000000000000000000000000000000000
11,63,63,0x00004030,50,0,0x000000000000000000000000000000000000000000000000000000000000000000000000000000000000000000000000
11,63,63,0x00004030,51,0,0x000000000000000000000000000000000000000000000000000000000000000000000000000000000000000000000000
11,63,63,0x00004030,52,0,0x000000000000000000000000000000000000000000000000000000000000000000000000000000000000000000000000
11,63,63,0x00004030,53,0,0x000000000000000000000000000000000000000000000000000000000000000000000000000000000000000000000000
11,63,63,0x00004030,54,0,0x000000000000000000000000000000000000000000000000000000000000000000000000000000000000000000000000
11,63,63,0x00004030,55,0,0x000000000000000000000000000000000000000000000000000000000000000000000000000000000000000000000000
11,63,63,0x00004030,56,0,0x000000000000000000000000000000000000000000000000000000000000000000000000000000000000000000000000
11,63,63,0x00004030,57,0,0x000000000000000000000000000000000000000000000000000000000000000000000000000000000000000000000000
11,63,63,0x00004030,58,0,0x000000000000000000000000000000000000000000000000000000000000000000000000000000000000000000000000
11,63,63,0x00004030,59,0,0x000000000000000000000000000000000000000000000000000000000000000000000000000000000000000000000000
11,63,63,0x00004030,60,0,0x000000000000000000000000000000000000000000000000000000000000000000000000000000000000000000000000
11,63,63,0x00004030,61,0,0x000000000000000000000000000000000000000000000000000000000000000000000000000000000000000000000000
11,63,63,0x00004030,62,0,0x000000000000000000000000000000000000000000000000000000000000000000000000000000000000000000000000
11,63,63,0x00004030,63,1,0x000000000000000000000000000000000000000000000000000000000000000000000000000000000000000000000000
12,64,64,0x000055c8,0,0,0x000000000000000000000000000000000000000000000000000000000000000000000000000000000000000000000000
12,64,64,0x000055c8,1,0,0x000000000000000000000000000000000000000000000000000000000000000000000000000000000000000000000000
12,64,64,0x000055c8,2,0,0x000000000000000000000000000000000000000000000000000000000000000000000000000000000000000000000000
12,64,64,0x000055c8,3,0,0x000000000000000000000000000000000000000000000000000000000000000000000000000000000000000000000000
12,64,64,0x000055c8,4,0,0x000000000000000000000000000000000000000000000000000000000000000000000000000000000000000000000000
12,64,64,0x000055c8,5,0,0x000000000000000000000000000000000000000000000000000000000000000000000000000000000000000000000000
12,64,64,0x000055c8,6,0,0x000000000000000000000000000000000000000000000000000000000000000000000000000000000000000000000000
12,64,64,0x000055c8,7,0,0x000000000000000000000000000000000000000000000000000000000000000000000000000000000000000000000000
12,64,64,0x000055c8,8,0,0x000000000000000000000000000000000000000000000000000000000000000000000000000000000000000000000000
12,64,64,0x000055c8,9,0,0x000000000000000000000000000000000000000000000000000000000000000000000000000000000000000000000000
12,64,64,0x000055c8,10,0,0x000000000000000000000000000000000000000000000000000000000000000000000000000000000000000000000000
12,64,64,0x000055c8,11,0,0x000000000000000000000000000000000000000000000000000000000000000000000000000000000000000000000000
12,64,64,0x000055c8,12,0,0x000000000000000000000000000000000000000000000000000000000000000000000000000000000000000000000000
12,64,64,0x000055c8,13,0,0x000000000000000000000000000000000000000000000000000000000000000000000000000000000000000000000000
12,64,64,0x000055c8,14,0,0x000000000000000000000000000000000000000000000000000000000000000000000000000000000000000000000000
12,64,64,0x000055c8,15,0,0x000000000000000000000000000000000000000000000000000000000000000000000000000000000000000000000000
12,64,64,0x000055c8,16,0,0x000000000000000000000000000000000000000000000000000000000000000000000000000000000000100100100100
12,64,64,0x000055c8,17,0,0x000000000000000000000000000000000000000000000000000000000000000000000000000000000000f00f00f00100
12,64,64,0x000055c8,18,0,0x000000000000000000000000000000000000000000000000000000000000000000000000000000000000000000f00f00
12,64,64,0x000055c8,19,0,0x000000000000000000000000000000000000000000000000000000000000000000000000000000000000000000000000
12,64,64,0x000055c8,20,0,0x000000000000000000000000000000000000000000000000000000000000000000000000000000000000000000000000
12,64,64,0x000055c8,21,0,0x000000000000000000000000000000000000000000000000000000000000000000000000000000000000000000000000
12,64,64,0x000055c8,22,0,0x000000000000000000000000000000000000000000000000000000000000000000000000000000000000000000000000
12,64,64,0x000055c8,23,0,0x000000000000000000000000000000000000000000000000000000000000000000000000000000000000000000000000
12,64,64,0x000055c8,24,0,0x000000000000000000000000000000000000000000000000000000000000000000000000000000000000000000000000
12,64,64,0x000055c8,25,0,0x000000000000000000000000000000000000000000000000000000000000000000000000000000000000000000000000
12,64,64,0x000055c8,26,0,0x000000000000000000000000000000000000000000000000000000000000000000000000000000000000000000000000
12,64,64,0x000055c8,27,0,0x000000000000000000000000000000000000000000000000000000000000000000000000000000000000000000000000
12,64,64,0x000055c8,28,0,0x000000000000000000000000000000000000000000000000000000000000000000000000000000000000000000000000
12,64,64,0x000055c8,29,0,0x000000000000000000000000000000000000000000000000000000000000000000000000000000000000000000000000
12,64,64,0x000055c8,30,0,0x000000000000000000000000000000000000000000000000000000000000000000000000000000000000000000000000
12,64,64,0x000055c8,31,0,0x000000000000000000000000000000000000000000000000000000000000000000000000000000000000000000000000
12,64,64,0x000055c8,32,0,0x000000000000000000000000000000000000000000000000000000000000000000000000000000000000000000000000
12,64,64,0x000055c8,33,0,0x000000000000000000000000000000000000000000000000000000000000000000000000000000000000000000000000
12,64,64,0x000055c8,34,0,0x000000000000000000000000000000000000000000000000000000000000000000000000000000000000000000000000
12,64,64,0x000055c8,35,0,0x000000000000000000000000000000000000000000000000000000000000000000000000000000000000000000000000
12,64,64,0x000055c8,36,0,0x000000000000000000000000000000000000000000000000000000000000000000000000000000000000000000000000
12,64,64,0x000055c8,37,0,0x000000000000000000000000000000000000000000000000000000000000000000000000000000000000000000000000
12,64,64,0x000055c8,38,0,0x000000000000000000000000000000000000000000000000000000000000000000000000000000000000000000000000
12,64,64,0x000055c8,39,0,0x000000000000000000000000000000000000000000000000000000000000000000000000000000000000000000000000
12,64,64,0x000055c8,40,0,0x000000000000000000000000000000000000000000000000000000000000000000000000000000000000000000000000
12,64,64,0x000055c8,41,0,0x000000000000000000000000000000000000000000000000000000000000000000000000000000000000000000000000
12,64,64,0x000055c8,42,0,0x000000000000000000000000000000000000000000000000000000000000000000000000000000000000000000000000
12,64,64,0x000055c8,43,0,0x000000000000000000000000000000000000000000000000000000000000000000000000000000000000000000000000
12,64,64,0x000055c8,44,0,0x000000000000000000000000000000000000000000000000000000000000000000000000000000000000000000000000
12,64,64,0x000055c8,45,0,0x000000000000000000000000000000000000000000000000000000000000000000000000000000000000000000000000
12,64,64,0x000055c8,46,0,0x000000000000000000000000000000000000000000000000000000000000000000000000000000000000000000000000
12,64,64,0x000055c8,47,0,0x000000000000000000000000000000000000000000000000000000000000000000000000000000000000000000000000
12,64,64,0x000055c8,48,0,0x000000000000000000000000000000000000000000000000000000000000000000000000000000000000000000000000
12,64,64,0x000055c8,49,0,0x000000000000000000000000000000000000000000000000000000000000000000000000000000000000000000000000
12,64,64,0x000055c8,50,0,0x000000000000000000000000000000000000000000000000000000000000000000000000000000000000000000000000
12,64,64,0x000055c8,51,0,0x000000000000000000000000000000000000000000000000000000000000000000000000000000000000000000000000
12,64,64,0x000055c8,52,0,0x000000000000000000000000000000000000000000000000000000000000000000000000000000000000000000000000
12,64,64,0x000055c8,53,0,0x000000000000000000000000000000000000000000000000000000000000000000000000000000000000000000000000
12,64,64,0x000055c8,54,0,0x000000000000000000000000000000000000000000000000000000000000000000000000000000000000000000000000
12,64,64,0x000055c8,55,0,0x000000000000000000000000000000000000000000000000000000000000000000000000000000000000000000000000
12,64,64,0x000055c8,56,0,0x000000000000000000000000000000000000000000000000000000000000000000000000000000000000000000000000
12,64,64,0x000055c8,57,0,0x000000000000000000000000000000000000000000000000000000000000000000000000000000000000000000000000
12,64,64,0x000055c8,58,0,0x000000000000000000000000000000000000000000000000000000000000000000000000000000000000000000000000
12,64,64,0x000055c8,59,0,0x000000000000000000000000000000000000000000000000000000000000000000000000000000000000000000000000
12,64,64,0x000055c8,60,0,0x000000000000000000000000000000000000000000000000000000000000000000000000000000000000000000000000
12,64,64,0x000055c8,61,0,0x000000000000000000000000000000000000000000000000000000000000000000000000000000000000000000000000
12,64,64,0x000055c8,62,0,0x000000000000000000000000000000000000000000000000000000000000000000000000000000000000000000000000
12,64,64,0x000055c8,63,1,0x000000000000000000000000000000000000000000000000000000000000000000000000000000000000000000000000
13,65,65,0x00005f50,0,0,0x000000000000000000000000000000000000000000000000000000000000000000000000000000000000000000000000
13,65,65,0x00005f50,1,0,0x000000000000000000000000000000000000000000000000000000000000000000000000000000000000000000000000
13,65,65,0x00005f50,2,0,0x000000000000000000000000000000000000000000000000000000000000000000000000000000000000000000000000
13,65,65,0x00005f50,3,0,0x000000000000000000000000000000000000000000000000000000000000000000000000000000000000000000000000
13,65,65,0x00005f50,4,0,0x000000000000000000000000000000000000000000000000000000000000000000000000000000000000000000000000
13,65,65,0x00005f50,5,0,0x000000000000000000000000000000000000000000000000000000000000000000000000000000000000000000000000
13,65,65,0x00005f50,6,0,0x000000000000000000000000000000000000000000000000000000000000000000000000000000000000000000000000
13,65,65,0x00005f50,7,0,0x000000000000000000000000000000000000000000000000000000000000000000000000000000000000000000000000
13,65,65,0x00005f50,8,0,0x000000000000000000000000000000000000000000000000000000000000000000000000000000000000000000000000
13,65,65,0x00005f50,9,0,0x000000000000000000000000000000000000000000000000000000000000000000000000000000000000000000000000
13,65,65,0x00005f50,10,0,0x000000000000000000000000000000000000000000000000000000000000000000000000000000000000000000000000
13,65,65,0x00005f50,11,0,0x000000000000000000000000000000000000000000000000000000000000000000000000000000000000000000000000
13,65,65,0x00005f50,12,0,0x000000000000000000000000000000000000000000000000000000000000000000000000000000000000000000000000
13,65,65,0x00005f50,13,0,0x000000000000000000000000000000000000000000000000000000000000000000000000000000000000000000000000
13,65,65,0x00005f50,14,0,0x000000000000000000000000000000000000000000000000000000000000000000000000000000000000000000000000
13,65,65,0x00005f50,15,0,0x000000000000000000000000000000000000000000000000000000000000000000000000000000000000000000000000
13,65,65,0x00005f50,16,0,0x000000000000000000000000000000000000000000000000000000000000000000000000000000000000100100100000
13,65,65,0x00005f50,17,0,0x000000000000000000000000000000000000000000000000000000000000000000000000000000000000f00f00100100
13,65,65,0x00005f50,18,0,0x000000000000000000000000000000000000000000000000000000000000000000000000000000000000000f00f00f00
13,65,65,0x00005f50,19,0,0x000000000000000000000000000000000000000000000000000000000000000000000000000000000000000000000000
13,65,65,0x00005f50,20,0,0x000000000000000000000000000000000000000000000000000000000000000000000000000000000000000000000000
13,65,65,0x00005f50,21,0,0x000000000000000000000000000000000000000000000000000000000000000000000000000000000000000000000000
13,65,65,0x00005f50,22,0,0x000000000000000000000000000000000000000000000000000000000000000000000000000000000000000000000000
13,65,65,0x00005f50,23,0,0x000000000000000000000000000000000000000000000000000000000000000000000000000000000000000000000000
13,65,65,0x00005f50,24,0,0x000000000000000000000000000000000000000000000000000000000000000000000000000000000000000000000000
13,65,65,0x00005f50,25,0,0x000000000000000000000000000000000000000000000000000000000000000000000000000000000000000000000000
13,65,65,0x00005f50,26,0,0x000000000000000000000000000000000000000000000000000000000000000000000000000000000000000000000000
13,65,65,0x00005f50,27,0,0x000000000000000000000000000000000000000000000000000000000000000000000000000000000000000000000000
13,65,65,0x00005f50,28,0,0x000000000000000000000000000000000000000000000000000000000000000000000000000000000000000000000000
13,65,65,0x00005f50,29,0,0x000000000000000000000000000000000000000000000000000000000000000000000000000000000000000000000000
13,65,65,0x00005f50,30,0,0x000000000000000000000000000000000000000000000000000000000000000000000000000000000000000000000000
13,65,65,0x00005f50,31,0,0x000000000000000000000000000000000000000000000000000000000000000000000000000000000000000000000000
13,65,65,0x00005f50,32,0,0x000000000000000000000000000000000000000000000000000000000000000000000000000000000000000000000000
13,65,65,0x00005f50,33,0,0x000000000000000000000000000000000000000000000000000000000000000000000000000000000000000000000000
13,65,65,0x00005f50,34,0,0x000000000000000000000000000000000000000000000000000000000000000000000000000000000000000000000000
13,65,65,0x00005f50,35,0,0x000000000000000000000000000000000000000000000000000000000000000000000000000000000000000000000000
13,65,65,0x00005f50,36,0,0x000000000000000000000000000000000000000000000000000000000000000000000000000000000000000000000000
13,65,65,0x00005f50,37,0,0x000000000000000000000000000000000000000000000000000000000000000000000000000000000000000000000000
13,65,65,0x00005f50,38,0,0x000000000000000000000000000000000000000000000000000000000000000000000000000000000000000000000000
13,65,65,0x00005f50,39,0,0x000000000000000000000000000000000000000000000000000000000000000000000000000000000000000000000000
13,65,65,0x00005f50,40,0,0x000000000000000000000000000000000000000000000000000000000000000000000000000000000000000000000000
13,65,65,0x00005f50,41,0,0x000000000000000000000000000000000000000000000000000000000000000000000000000000000000000000000000
13,65,65,0x00005f50,42,0,0x000000000000000000000000000000000000000000000000000000000000000000000000000000000000000000000000
13,65,65,0x00005f50,43,0,0x000000000000000000000000000000000000000000000000000000000000000000000000000000000000000000000000
13,65,65,0x00005f50,44,0,0x000000000000000000000000000000000000000000000000000000000000000000000000000000000000000000000000
13,65,65,0x00005f50,45,0,0x000000000000000000000000000000000000000000000000000000000000000000000000000000000000000000000000
13,65,65,0x00005f50,46,0,0x000000000000000000000000000000000000000000000000000000000000000000000000000000000000000000000000
13,65,65,0x00005f50,47,0,0x000000000000000000000000000000000000000000000000000000000000000000000000000000000000000000000000
13,65,65,0x00005f50,48,0,0x000000000000000000000000000000000000000000000000000000000000000000000000000000000000000000000000
13,65,65,0x00005f50,49,0,0x000000000000000000000000000000000000000000000000000000000000000000000000000000000000000000000000
13,65,65,0x00005f50,50,0,0x000000000000000000000000000000000000000000000000000000000000000000000000000000000000000000000000
13,65,65,0x00005f50,51,0,0x000000000000000000000000000000000000000000000000000000000000000000000000000000000000000000000000
13,65,65,0x00005f50,52,0,0x000000000000000000000000000000000000000000000000000000000000000000000000000000000000000000000000
13,65,65,0x00005f50,53,0,0x000000000000000000000000000000000000000000000000000000000000000000000000000000000000000000000000
13,65,65,0x00005f50,54,0,0x000000000000000000000000000000000000000000000000000000000000000000000000000000000000000000000000
13,65,65,0x00005f50,55,0,0x000000000000000000000000000000000000000000000000000000000000000000000000000000000000000000000000
13,65,65,0x00005f50,56,0,0x000000000000000000000000000000000000000000000000000000000000000000000000000000000000000000000000
13,65,65,0x00005f50,57,0,0x000000000000000000000000000000000000000000000000000000000000000000000000000000000000000000000000
13,65,65,0x00005f50,58,0,0x000000000000000000000000000000000000000000000000000000000000000000000000000000000000000000000000
13,65,65,0x00005f50,59,0,0x000000000000000000000000000000000000000000000000000000000000000000000000000000000000000000000000
13,65,65,0x00005f50,60,0,0x000000000000000000000000000000000000000000000000000000000000000000000000000000000000000000000000
13,65,65,0x00005f50,61,0,0x000000000000000000000000000000000000000000000000000000000000000000000000000000000000000000000000
13,65,65,0x00005f50,62,0,0x000000000000000000000000000000000000000000000000000000000000000000000000000000000000000000000000
13,65,65,0x00005f50,63,1,0x000000000000000000000000000000000000000000000000000000000000000000000000000000000000000000000000
14,66,66,0x00004acc,0,0,0x000000000000000000000000000000000000000000000000000000000000000000000000000000000000000000000000
14,66,66,0x00004acc,1,0,0x000000000000000000000000000000000000000000000000000000000000000000000000000000000000000000000000
14,66,66,0x00004acc,2,0,0x000000000000000000000000000000000000000000000000000000000000000000000000000000000000000000000000
14,66,66,0x00004acc,3,0,0x000000000000000000000000000000000000000000000000000000000000000000000000000000000000000000000000
14,66,66,0x00004acc,4,0,0x000000000000000000000000000000000000000000000000000000000000000000000000000000000000000000000000
14,66,66,0x00004acc,5,0,0x000000000000000000000000000000000000000000000000000000000000000000000000000000000000000000000000
14,66,66,0x00004acc,6,0,0x000000000000000000000000000000000000000000000000000000000000000000000000000000000000000000000000
14,66,66,0x00004acc,7,0,0x000000000000000000000000000000000000000000000000000000000000000000000000000000000000000000000000
14,66,66,0x00004acc,8,0,0x000000000000000000000000000000000000000000000000000000000000000000000000000000000000000000000000
14,66,66,0x00004acc,9,0,0x000000000000000000000000000000000000000000000000000000000000000000000000000000000000000000000000
14,66,66,0x00004acc,10,0,0x000000000000000000000000000000000000000000000000000000000000000000000000000000000000000000000000
14,66,66,0x00004acc,11,0,0x000000000000000000000000000000000000000000000000000000000000000000000000000000000000000000000000
14,66,66,0x00004acc,12,0,0x000000000000000000000000000000000000000000000000000000000000000000000000000000000000000000000000
14,66,66,0x00004acc,13,0,0x000000000000000000000000000000000000000000000000000000000000000000000000000000000000000000000000
14,66,66,0x00004acc,14,0,0x000000000000000000000000000000000000000000000000000000000000000000000000000000000000000000000000
14,66,66,0x00004acc,15,0,0x000000000000000000000000000000000000000000000000000000000000000000000000000000000000000000000000
14,66,66,0x00004acc,16,0,0x000000000000000000000000000000000000000000000000000000000000000000000000000000000000100100000000
14,66,66,0x00004acc,17,0,0x000000000000000000000000000000000000000000000000000000000000000000000000000000000000f00100100100
14,66,66,0x00004acc,18,0,0x000000000000000000000000000000000000000000000000000000000000000000000000000000000000f00f00f00f00
14,66,66,0x00004acc,19,0,0x000000000000000000000000000000000000000000000000000000000000000000000000000000000000000000000000
14,66,66,0x00004acc,20,0,0x000000000000000000000000000000000000000000000000000000000000000000000000000000000000000000000000
14,66,66,0x00004acc,21,0,0x000000000000000000000000000000000000000000000000000000000000000000000000000000000000000000000000
14,66,66,0x00004acc,22,0,0x000000000000000000000000000000000000000000000000000000000000000000000000000000000000000000000000
14,66,66,0x00004acc,23,0,0x000000000000000000000000000000000000000000000000000000000000000000000000000000000000000000000000
14,66,66,0x00004acc,24,0,0x000000000000000000000000000000000000000000000000000000000000000000000000000000000000000000000000
14,66,66,0x00004acc,25,0,0x000000000000000000000000000000000000000000000000000000000000000000000000000000000000000000000000
14,66,66,0x00004acc,26,0,0x000000000000000000000000000000000000000000000000000000000000000000000000000000000000000000000000
14,66,66,0x00004acc,27,0,0x000000000000000000000000000000000000000000000000000000000000000000000000000000000000000000000000
14,66,66,0x00004acc,28,0,0x000000000000000000000000000000000000000000000000000000000000000000000000000000000000000000000000
14,66,66,0x00004acc,29,0,0x000000000000000000000000000000000000000000000000000000000000000000000000000000000000000000000000
14,66,66,0x00004acc,30,0,0x000000000000000000000000000000000000000000000000000000000000000000000000000000000000000000000000
14,66,66,0x00004acc,31,0,0x000000000000000000000000000000000000000000000000000000000000000000000000000000000000000000000000
14,66,66,0x00004acc,32,0,0x000000000000000000000000000000000000000000000000000000000000000000000000000000000000000000000000
14,66,66,0x00004acc,33,0,0x000000000000000000000000000000000000000000000000000000000000000000000000000000000000000000000000
14,66,66,0x00004acc,34,0,0x000000000000000000000000000000000000000000000000000000000000000000000000000000000000000000000000
14,66,66,0x00004acc,35,0,0x000000000000000000000000000000000000000000000000000000000000000000000000000000000000000000000000
14,66,66,0x00004acc,36,0,0x000000000000000000000000000000000000000000000000000000000000000000000000000000000000000000000000
14,66,66,0x00004acc,37,0,0x000000000000000000000000000000000000000000000000000000000000000000000000000000000000000000000000
14,66,66,0x00004acc,38,0,0x000000000000000000000000000000000000000000000000000000000000000000000000000000000000000000000000
14,66,66,0x00004acc,39,0,0x000000000000000000000000000000000000000000000000000000000000000000000000000000000000000000000000
14,66,66,0x00004acc,40,0,0x000000000000000000000000000000000000000000000000000000000000000000000000000000000000000000000000
14,66,66,0x00004acc,41,0,0x000000000000000000000000000000000000000000000000000000000000000000000000000000000000000000000000
14,66,66,0x00004acc,42,0,0x000000000000000000000000000000000000000000000000000000000000000000000000000000000000000000000000
14,66,66,0x00004acc,43,0,0x000000000000000000000000000000000000000000000000000000000000000000000000000000000000000000000000
14,66,66,0x00004acc,44,0,0x000000000000000000000000000000000000000000000000000000000000000000000000000000000000000000000000
14,66,66,0x00004acc,45,0,0x000000000000000000000000000000000000000000000000000000000000000000000000000000000000000000000000
14,66,66,0x00004acc,46,0,0x000000000000000000000000000000000000000000000000000000000000000000000000000000000000000000000000
14,66,66,0x00004acc,47,0,0x000000000000000000000000000000000000000000000000000000000000000000000000000000000000000000000000
14,66,66,0x00004acc,48,0,0x000000000000000000000000000000000000000000000000000000000000000000000000000000000000000000000000
14,66,66,0x00004acc,49,0,0x000000000000000000000000000000000000000000000000000000000000000000000000000000000000000000000000
14,66,66,0x00004acc,50,0,0x000000000000000000000000000000000000000000000000000000000000000000000000000000000000000000000000
14,66,66,0x00004acc,51,0,0x000000000000000000000000000000000000000000000000000000000000000000000000000000000000000000000000
14,66,66,0x00004acc,52,0,0x000000000000000000000000000000000000000000000000000000000000000000000000000000000000000000000000
14,66,66,0x00004acc,53,0,0x000000000000000000000000000000000000000000000000000000000000000000000000000000000000000000000000
14,66,66,0x00004acc,54,0,0x000000000000000000000000000000000000000000000000000000000000000000000000000000000000000000000000
14,66,66,0x00004acc,55,0,0x000000000000000000000000000000000000000000000000000000000000000000000000000000000000000000000000
14,66,66,0x00004acc,56,0,0x000000000000000000000000000000000000000000000000000000000000000000000000000000000000000000000000
14,66,66,0x00004acc,57,0,0x000000000000000000000000000000000000000000000000000000000000000000000000000000000000000000000000
14,66,66,0x00004acc,58,0,0x000000000000000000000000000000000000000000000000000000000000000000000000000000000000000000000000
14,66,66,0x00004acc,59,0,0x000000000000000000000000000000000000000000000000000000000000000000000000000000000000000000000000
14,66,66,0x00004acc,60,0,0x000000000000000000000000000000000000000000000000000000000000000000000000000000000000000000000000
14,66,66,0x00004acc,61,0,0x000000000000000000000000000000000000000000000000000000000000000000000000000000000000000000000000
14,66,66,0x00004acc,62,0,0x000000000000000000000000000000000000000000000000000000000000000000000000000000000000000000000000
14,66,66,0x00004acc,63,1,0x000000000000000000000000000000000000000000000000000000000000000000000000000000000000000000000000
15,67,67,0x0000486a,0,0,0x000000000000000000000000000000000000000000000000000000000000000000000000000000000000000000000000
15,67,67,0x0000486a,1,0,0x000000000000000000000000000000000000000000000000000000000000000000000000000000000000000000000000
15,67,67,0x0000486a,2,0,0x000000000000000000000000000000000000000000000000000000000000000000000000000000000000000000000000
15,67,67,0x0000486a,3,0,0x000000000000000000000000000000000000000000000000000000000000000000000000000000000000000000000000
15,67,67,0x0000486a,4,0,0x000000000000000000000000000000000000000000000000000000000000000000000000000000000000000000000000
15,67,67,0x0000486a,5,0,0x000000000000000000000000000000000000000000000000000000000000000000000000000000000000000000000000
15,67,67,0x0000486a,6,0,0x000000000000000000000000000000000000000000000000000000000000000000000000000000000000000000000000
15,67,67,0x0000486a,7,0,0x000000000000000000000000000000000000000000000000000000000000000000000000000000000000000000000000
15,67,67,0x0000486a,8,0,0x000000000000000000000000000000000000000000000000000000000000000000000000000000000000000000000000
15,67,67,0x0000486a,9,0,0x000000000000000000000000000000000000000000000000000000000000000000000000000000000000000000000000
15,67,67,0x0000486a,10,0,0x000000000000000000000000000000000000000000000000000000000000000000000000000000000000000000000000
15,67,67,0x0000486a,11,0,0x000000000000000000000000000000000000000000000000000000000000000000000000000000000000000000000000
15,67,67,0x0000486a,12,0,0x000000000000000000000000000000000000000000000000000000000000000000000000000000000000000000000000
15,67,67,0x0000486a,13,0,0x000000000000000000000000000000000000000000000000000000000000000000000000000000000000000000000000
15,67,67,0x0000486a,14,0,0x000000000000000000000000000000000000000000000000000000000000000000000000000000000000000000000000
15,67,67,0x0000486a,15,0,0x000000000000000000000000000000000000000000000000000000000000000000000000000000000000000000000000
15,67,67,0x0000486a,16,0,0x000000000000000000000000000000000000000000000000000000000000000000000000000000000000100000000000
15,67,67,0x0000486a,17,0,0x000000000000000000000000000000000000000000000000000000000000000000000000000000000000100100100100
15,67,67,0x0000486a,18,0,0x000000000000000000000000000000000000000000000000000000000000000000000000000000000000f00f00f00f00
15,67,67,0x0000486a,19,0,0x000000000000000000000000000000000000000000000000000000000000000000000000000000000000000000000f00
15,67,67,0x0000486a,20,0,0x000000000000000000000000000000000000000000000000000000000000000000000000000000000000000000000000
15,67,67,0x0000486a,21,0,0x000000000000000000000000000000000000000000000000000000000000000000000000000000000000000000000000
15,67,67,0x0000486a,22,0,0x000000000000000000000000000000000000000000000000000000000000000000000000000000000000000000000000
15,67,67,0x0000486a,23,0,0x000000000000000000000000000000000000000000000000000000000000000000000000000000000000000000000000
15,67,67,0x0000486a,24,0,0x000000000000000000000000000000000000000000000000000000000000000000000000000000000000000000000000
15,67,67,0x0000486a,25,0,0x000000000000000000000000000000000000000000000000000000000000000000000000000000000000000000000000
15,67,67,0x0000486a,26,0,0x000000000000000000000000000000000000000000000000000000000000000000000000000000000000000000000000
15,67,67,0x0000486a,27,0,0x000000000000000000000000000000000000000000000000000000000000000000000000000000000000000000000000
15,67,67,0x0000486a,28,0,0x000000000000000000000000000000000000000000000000000000000000000000000000000000000000000000000000
15,67,67,0x0000486a,29,0,0x000000000000000000000000000000000000000000000000000000000000000000000000000000000000000000000000
15,67,67,0x0000486a,30,0,0x000000000000000000000000000000000000000000000000000000000000000000000000000000000000000000000000
15,67,67,0x0000486a,31,0,0x000000000000000000000000000000000000000000000000000000000000000000000000000000000000000000000000
15,67,67,0x0000486a,32,0,0x000000000000000000000000000000000000000000000000000000000000000000000000000000000000000000000000
15,67,67,0x0000486a,33,0,0x000000000000000000000000000000000000000000000000000000000000000000000000000000000000000000000000
15,67,67,0x0000486a,34,0,0x000000000000000000000000000000000000000000000000000000000000000000000000000000000000000000000000
15,67,67,0x0000486a,35,0,0x000000000000000000000000000000000000000000000000000000000000000000000000000000000000000000000000
15,67,67,0x0000486a,36,0,0x000000000000000000000000000000000000000000000000000000000000000000000000000000000000000000000000
15,67,67,0x0000486a,37,0,0x000000000000000000000000000000000000000000000000000000000000000000000000000000000000000000000000
15,67,67,0x0000486a,38,0,0x000000000000000000000000000000000000000000000000000000000000000000000000000000000000000000000000
15,67,67,0x0000486a,39,0,0x000000000000000000000000000000000000000000000000000000000000000000000000000000000000000000000000
15,67,67,0x0000486a,40,0,0x000000000000000000000000000000000000000000000000000000000000000000000000000000000000000000000000
15,67,67,0x0000486a,41,0,0x000000000000000000000000000000000000000000000000000000000000000000000000000000000000000000000000
15,67,67,0x0000486a,42,0,0x000000000000000000000000000000000000000000000000000000000000000000000000000000000000000000000000
15,67,67,0x0000486a,43,0,0x000000000000000000000000000000000000000000000000000000000000000000000000000000000000000000000000
15,67,67,0x0000486a,44,0,0x000000000000000000000000000000000000000000000000000000000000000000000000000000000000000000000000
15,67,67,0x0000486a,45,0,0x000000000000000000000000000000000000000000000000000000000000000000000000000000000000000000000000
15,67,67,0x0000486a,46,0,0x000000000000000000000000000000000000000000000000000000000000000000000000000000000000000000000000
15,67,67,0x0000486a,47,0,0x000000000000000000000000000000000000000000000000000000000000000000000000000000000000000000000000
15,67,67,0x0000486a,48,0,0x000000000000000000000000000000000000000000000000000000000000000000000000000000000000000000000000
15,67,67,0x0000486a,49,0,0x000000000000000000000000000000000000000000000000000000000000000000000000000000000000000000000000
15,67,67,0x0000486a,50,0,0x000000000000000000000000000000000000000000000000000000000000000000000000000000000000000000000000
15,67,67,0x0000486a,51,0,0x000000000000000000000000000000000000000000000000000000000000000000000000000000000000000000000000
15,67,67,0x0000486a,52,0,0x000000000000000000000000000000000000000000000000000000000000000000000000000000000000000000000000
15,67,67,0x0000486a,53,0,0x000000000000000000000000000000000000000000000000000000000000000000000000000000000000000000000000
15,67,67,0x0000486a,54,0,0x000000000000000000000000000000000000000000000000000000000000000000000000000000000000000000000000
15,67,67,0x0000486a,55,0,0x000000000000000000000000000000000000000000000000000000000000000000000000000000000000000000000000
15,67,67,0x0000486a,56,0,0x000000000000000000000000000000000000000000000000000000000000000000000000000000000000000000000000
15,67,67,0x0000486a,57,0,0x000000000000000000000000000000000000000000000000000000000000000000000000000000000000000000000000
15,67,67,0x0000486a,58,0,0x000000000000000000000000000000000000000000000000000000000000000000000000000000000000000000000000
15,67,67,0x0000486a,59,0,0x000000000000000000000000000000000000000000000000000000000000000000000000000000000000000000000000
15,67,67,0x0000486a,60,0,0x000000000000000000000000000000000000000000000000000000000000000000000000000000000000000000000000
15,67,67,0x0000486a,61,0,0x000000000000000000000000000000000000000000000000000000000000000000000000000000000000000000000000
15,67,67,0x0000486a,62,0,0x000000000000000000000000000000000000000000000000000000000000000000000000000000000000000000000000
15,67,67,0x0000486a,63,1,0x000000000000000000000000000000000000000000000000000000000000000000000000000000000000000000000000
16,68,68,0x000039d4,0,0,0x000000000000000000000000000000000000000000000000000000000000000000000000000000000000000000000000
16,68,68,0x000039d4,1,0,0x000000000000000000000000000000000000000000000000000000000000000000000000000000000000000000000000
16,68,68,0x000039d4,2,0,0x000000000000000000000000000000000000000000000000000000000000000000000000000000000000000000000000
16,68,68,0x000039d4,3,0,0x000000000000000000000000000000000000000000000000000000000000000000000000000000000000000000000000
16,68,68,0x000039d4,4,0,0x000000000000000000000000000000000000000000000000000000000000000000000000000000000000000000000000
16,68,68,0x000039d4,5,0,0x000000000000000000000000000000000000000000000000000000000000000000000000000000000000000000000000
16,68,68,0x000039d4,6,0,0x000000000000000000000000000000000000000000000000000000000000000000000000000000000000000000000000
16,68,68,0x000039d4,7,0,0x000000000000000000000000000000000000000000000000000000000000000000000000000000000000000000000000
16,68,68,0x000039d4,8,0,0x000000000000000000000000000000000000000000000000000000000000000000000000000000000000000000000000
16,68,68,0x000039d4,9,0,0x000000000000000000000000000000000000000000000000000000000000000000000000000000000000000000000000
16,68,68,0x000039d4,10,0,0x000000000000000000000000000000000000000000000000000000000000000000000000000000000000000000000000
16,68,68,0x000039d4,11,0,0x000000000000000000000000000000000000000000000000000000000000000000000000000000000000000000000000
16,68,68,0x000039d4,12,0,0x000000000000000000000000000000000000000000000000000000000000000000000000000000000000000000000000
16,68,68,0x000039d4,13,0,0x000000000000000000000000000000000000000000000000000000000000000000000000000000000000000000000000
16,68,68,0x000039d4,14,0,0x000000000000000000000000000000000000000000000000000000000000000000000000000000000000000000000000
16,68,68,0x000039d4,15,0,0x000000000000000000000000000000000000000000000000000000000000000000000000000000000000000000000000
16,68,68,0x000039d4,16,0,0x000000000000000000000000000000000000000000000000000000000000000000000000000000000000000000000000
16,68,68,0x000039d4,17,0,0x000000000000000000000000000000000000000000000000000000000000000000000000000000000000100100100100
16,68,68,0x000039d4,18,0,0x000000000000000000000000000000000000000000000000000000000000000000000000000000000000f00f00f00100
16,68,68,0x000039d4,19,0,0x000000000000000000000000000000000000000000000000000000000000000000000000000000000000000000f00f00
16,68,68,0x000039d4,20,0,0x000000000000000000000000000000000000000000000000000000000000000000000000000000000000000000000000
16,68,68,0x000039d4,21,0,0x000000000000000000000000000000000000000000000000000000000000000000000000000000000000000000000000
16,68,68,0x000039d4,22,0,0x000000000000000000000000000000000000000000000000000000000000000000000000000000000000000000000000
16,68,68,0x000039d4,23,0,0x000000000000000000000000000000000000000000000000000000000000000000000000000000000000000000000000
16,68,68,0x000039d4,24,0,0x000000000000000000000000000000000000000000000000000000000000000000000000000000000000000000000000
16,68,68,0x000039d4,25,0,0x000000000000000000000000000000000000000000000000000000000000000000000000000000000000000000000000
16,68,68,0x000039d4,26,0,0x000000000000000000000000000000000000000000000000000000000000000000000000000000000000000000000000
16,68,68,0x000039d4,27,0,0x000000000000000000000000000000000000000000000000000000000000000000000000000000000000000000000000
16,68,68,0x000039d4,28,0,0x000000000000000000000000000000000000000000000000000000000000000000000000000000000000000000000000
16,68,68,0x000039d4,29,0,0x000000000000000000000000000000000000000000000000000000000000000000000000000000000000000000000000
16,68,68,0x000039d4,30,0,0x000000000000000000000000000000000000000000000000000000000000000000000000000000000000000000000000
16,68,68,0x000039d4,31,0,0x000000000000000000000000000000000000000000000000000000000000000000000000000000000000000000000000
16,68,68,0x000039d4,32,0,0x000000000000000000000000000000000000000000000000000000000000000000000000000000000000000000000000
16,68,68,0x000039d4,33,0,0x000000000000000000000000000000000000000000000000000000000000000000000000000000000000000000000000
16,68,68,0x000039d4,34,0,0x000000000000000000000000000000000000000000000000000000000000000000000000000000000000000000000000
16,68,68,0x000039d4,35,0,0x000000000000000000000000000000000000000000000000000000000000000000000000000000000000000000000000
16,68,68,0x000039d4,36,0,0x000000000000000000000000000000000000000000000000000000000000000000000000000000000000000000000000
16,68,68,0x000039d4,37,0,0x000000000000000000000000000000000000000000000000000000000000000000000000000000000000000000000000
16,68,68,0x000039d4,38,0,0x000000000000000000000000000000000000000000000000000000000000000000000000000000000000000000000000
16,68,68,0x000039d4,39,0,0x000000000000000000000000000000000000000000000000000000000000000000000000000000000000000000000000
16,68,68,0x000039d4,40,0,0x000000000000000000000000000000000000000000000000000000000000000000000000000000000000000000000000
16,68,68,0x000039d4,41,0,0x000000000000000000000000000000000000000000000000000000000000000000000000000000000000000000000000
16,68,68,0x000039d4,42,0,0x000000000000000000000000000000000000000000000000000000000000000000000000000000000000000000000000
16,68,68,0x000039d4,43,0,0x000000000000000000000000000000000000000000000000000000000000000000000000000000000000000000000000
16,68,68,0x000039d4,44,0,0x000000000000000000000000000000000000000000000000000000000000000000000000000000000000000000000000
16,68,68,0x000039d4,45,0,0x000000000000000000000000000000000000000000000000000000000000000000000000000000000000000000000000
16,68,68,0x000039d4,46,0,0x000000000000000000000000000000000000000000000000000000000000000000000000000000000000000000000000
16,68,68,0x000039d4,47,0,0x000000000000000000000000000000000000000000000000000000000000000000000000000000000000000000000000
16,68,68,0x000039d4,48,0,0x000000000000000000000000000000000000000000000000000000000000000000000000000000000000000000000000
16,68,68,0x000039d4,49,0,0x000000000000000000000000000000000000000000000000000000000000000000000000000000000000000000000000
16,68,68,0x000039d4,50,0,0x000000000000000000000000000000000000000000000000000000000000000000000000000000000000000000000000
16,68,68,0x000039d4,51,0,0x000000000000000000000000000000000000000000000000000000000000000000000000000000000000000000000000
16,68,68,0x000039d4,52,0,0x000000000000000000000000000000000000000000000000000000000000000000000000000000000000000000000000
16,68,68,0x000039d4,53,0,0x000000000000000000000000000000000000000000000000000000000000000000000000000000000000000000000000
16,68,68,0x000039d4,54,0,0x000000000000000000000000000000000000000000000000000000000000000000000000000000000000000000000000
16,68,68,0x000039d4,55,0,0x000000000000000000000000000000000000000000000000000000000000000000000000000000000000000000000000
16,68,68,0x000039d4,56,0,0x000000000000000000000000000000000000000000000000000000000000000000000000000000000000000000000000
16,68,68,0x000039d4,57,0,0x000000000000000000000000000000000000000000000000000000000000000000000000000000000000000000000000
16,68,68,0x000039d4,58,0,0x000000000000000000000000000000000000000000000000000000000000000000000000000000000000000000000000
16,68,68,0x000039d4,59,0,0x000000000000000000000000000000000000000000000000000000000000000000000000000000000000000000000000
16,68,68,0x000039d4,60,0,0x000000000000000000000000000000000000000000000000000000000000000000000000000000000000000000000000
16,68,68,0x000039d4,61,0,0x000000000000000000000000000000000000000000000000000000000000000000000000000000000000000000000000
16,68,68,0x000039d4,62,0,0x000000000000000000000000000000000000000000000000000000000000000000000000000000000000000000000000
16,68,68,0x000039d4,63,1,0x000000000000000000000000000000000000000000000000000000000000000000000000000000000000000000000000
17,69,69,0x00003c60,0,0,0x000000000000000000000000000000000000000000000000000000000000000000000000000000000000000000000000
17,69,69,0x00003c60,1,0,0x000000000000000000000000000000000000000000000000000000000000000000000000000000000000000000000000
17,69,69,0x00003c60,2,0,0x000000000000000000000000000000000000000000000000000000000000000000000000000000000000000000000000
17,69,69,0x00003c60,3,0,0x000000000000000000000000000000000000000000000000000000000000000000000000000000000000000000000000
17,69,69,0x00003c60,4,0,0x000000000000000000000000000000000000000000000000000000000000000000000000000000000000000000000000
17,69,69,0x00003c60,5,0,0x000000000000000000000000000000000000000000000000000000000000000000000000000000000000000000000000
17,69,69,0x00003c60,6,0,0x000000000000000000000000000000000000000000000000000000000000000000000000000000000000000000000000
17,69,69,0x00003c60,7,0,0x000000000000000000000000000000000000000000000000000000000000000000000000000000000000000000000000
17,69,69,0x00003c60,8,0,0x000000000000000000000000000000000000000000000000000000000000000000000000000000000000000000000000
17,69,69,0x00003c60,9,0,0x000000000000000000000000000000000000000000000000000000000000000000000000000000000000000000000000
17,69,69,0x00003c60,10,0,0x000000000000000000000000000000000000000000000000000000000000000000000000000000000000000000000000
17,69,69,0x00003c60,11,0,0x000000000000000000000000000000000000000000000000000000000000000000000000000000000000000000000000
17,69,69,0x00003c60,12,0,0x000000000000000000000000000000000000000000000000000000000000000000000000000000000000000000000000
17,69,69,0x00003c60,13,0,0x000000000000000000000000000000000000000000000000000000000000000000000000000000000000000000000000
17,69,69,0x00003c60,14,0,0x000000000000000000000000000000000000000000000000000000000000000000000000000000000000000000000000
17,69,69,0x00003c60,15,0,0x000000000000000000000000000000000000000000000000000000000000000000000000000000000000000000000000
17,69,69,0x00003c60,16,0,0x000000000000000000000000000000000000000000000000000000000000000000000000000000000000000000000000
17,69,69,0x00003c60,17,0,0x000000000000000000000000000000000000000000000000000000000000000000000000000000000000100100100000
17,69,69,0x00003c60,18,0,0x000000000000000000000000000000000000000000000000000000000000000000000000000000000000f00f00100100
17,69,69,0x00003c60,19,0,0x000000000000000000000000000000000000000000000000000000000000000000000000000000000000000f00f00f00
17,69,69,0x00003c60,20,0,0x000000000000000000000000000000000000000000000000000000000000000000000000000000000000000000000000
17,69,69,0x00003c60,21,0,0x000000000000000000000000000000000000000000000000000000000000000000000000000000000000000000000000
17,69,69,0x00003c60,22,0,0x000000000000000000000000000000000000000000000000000000000000000000000000000000000000000000000000
17,69,69,0x00003c60,23,0,0x000000000000000000000000000000000000000000000000000000000000000000000000000000000000000000000000
17,69,69,0x00003c60,24,0,0x000000000000000000000000000000000000000000000000000000000000000000000000000000000000000000000000
17,69,69,0x00003c60,25,0,0x000000000000000000000000000000000000000000000000000000000000000000000000000000000000000000000000
17,69,69,0x00003c60,26,0,0x000000000000000000000000000000000000000000000000000000000000000000000000000000000000000000000000
17,69,69,0x00003c60,27,0,0x000000000000000000000000000000000000000000000000000000000000000000000000000000000000000000000000
17,69,69,0x00003c60,28,0,0x000000000000000000000000000000000000000000000000000000000000000000000000000000000000000000000000
17,69,69,0x00003c60,29,0,0x000000000000000000000000000000000000000000000000000000000000000000000000000000000000000000000000
17,69,69,0x00003c60,30,0,0x000000000000000000000000000000000000000000000000000000000000000000000000000000000000000000000000
17,69,69,0x00003c60,31,0,0x000000000000000000000000000000000000000000000000000000000000000000000000000000000000000000000000
17,69,69,0x00003c60,32,0,0x000000000000000000000000000000000000000000000000000000000000000000000000000000000000000000000000
17,69,69,0x00003c60,33,0,0x000000000000000000000000000000000000000000000000000000000000000000000000000000000000000000000000
17,69,69,0x00003c60,34,0,0x000000000000000000000000000000000000000000000000000000000000000000000000000000000000000000000000
17,69,69,0x00003c60,35,0,0x000000000000000000000000000000000000000000000000000000000000000000000000000000000000000000000000
17,69,69,0x00003c60,36,0,0x000000000000000000000000000000000000000000000000000000000000000000000000000000000000000000000000
17,69,69,0x00003c60,37,0,0x000000000000000000000000000000000000000000000000000000000000000000000000000000000000000000000000
17,69,69,0x00003c60,38,0,0x000000000000000000000000000000000000000000000000000000000000000000000000000000000000000000000000
17,69,69,0x00003c60,39,0,0x000000000000000000000000000000000000000000000000000000000000000000000000000000000000000000000000
17,69,69,0x00003c60,40,0,0x000000000000000000000000000000000000000000000000000000000000000000000000000000000000000000000000
17,69,69,0x00003c60,41,0,0x000000000000000000000000000000000000000000000000000000000000000000000000000000000000000000000000
17,69,69,0x00003c60,42,0,0x000000000000000000000000000000000000000000000000000000000000000000000000000000000000000000000000
17,69,69,0x00003c60,43,0,0x000000000000000000000000000000000000000000000000000000000000000000000000000000000000000000000000
17,69,69,0x00003c60,44,0,0x000000000000000000000000000000000000000000000000000000000000000000000000000000000000000000000000
17,69,69,0x00003c60,45,0,0x000000000000000000000000000000000000000000000000000000000000000000000000000000000000000000000000
17,69,69,0x00003c60,46,0,0x000000000000000000000000000000000000000000000000000000000000000000000000000000000000000000000000
17,69,69,0x00003c60,47,0,0x000000000000000000000000000000000000000000000000000000000000000000000000000000000000000000000000
17,69,69,0x00003c60,48,0,0x000000000000000000000000000000000000000000000000000000000000000000000000000000000000000000000000
17,69,69,0x00003c60,49,0,0x000000000000000000000000000000000000000000000000000000000000000000000000000000000000000000000000
17,69,69,0x00003c60,50,0,0x000000000000000000000000000000000000000000000000000000000000000000000000000000000000000000000000
17,69,69,0x00003c60,51,0,0x000000000000000000000000000000000000000000000000000000000000000000000000000000000000000000000000
17,69,69,0x00003c60,52,0,0x000000000000000000000000000000000000000000000000000000000000000000000000000000000000000000000000
17,69,69,0x00003c60,53,0,0x000000000000000000000000000000000000000000000000000000000000000000000000000000000000000000000000
17,69,69,0x00003c60,54,0,0x000000000000000000000000000000000000000000000000000000000000000000000000000000000000000000000000
17,69,69,0x00003c60,55,0,0x000000000000000000000000000000000000000000000000000000000000000000000000000000000000000000000000
17,69,69,0x00003c60,56,0,0x000000000000000000000000000000000000000000000000000000000000000000000000000000000000000000000000
17,69,69,0x00003c60,57,0,0x000000000000000000000000000000000000000000000000000000000000000000000000000000000000000000000000
17,69,69,0x00003c60,58,0,0x000000000000000000000000000000000000000000000000000000000000000000000000000000000000000000000000
17,69,69,0x00003c60,59,0,0x000000000000000000000000000000000000000000000000000000000000000000000000000000000000000000000000
17,69,69,0x00003c60,60,0,0x000000000000000000000000000000000000000000000000000000000000000000000000000000000000000000000000
17,69,69,0x00003c60,61,0,0x000000000000000000000000000000000000000000000000000000000000000000000000000000000000000000000000
17,69,69,0x00003c60,62,0,0x000000000000000000000000000000000000000000000000000000000000000000000000000000000000000000000000
17,69,69,0x00003c60,63,1,0x000000000000000000000000000000000000000000000000000000000000000000000000000000000000000000000000
18,70,70,0x000056fa,0,0,0x000000000000000000000000000000000000000000000000000000000000000000000000000000000000000000000000
18,70,70,0x000056fa,1,0,0x000000000000000000000000000000000000000000000000000000000000000000000000000000000000000000000000
18,70,70,0x000056fa,2,0,0x000000000000000000000000000000000000000000000000000000000000000000000000000000000000000000000000
18,70,70,0x000056fa,3,0,0x000000000000000000000000000000000000000000000000000000000000000000000000000000000000000000000000
18,70,70,0x000056fa,4,0,0x000000000000000000000000000000000000000000000000000000000000000000000000000000000000000000000000
18,70,70,0x000056fa,5,0,0x000000000000000000000000000000000000000000000000000000000000000000000000000000000000000000000000
18,70,70,0x000056fa,6,0,0x000000000000000000000000000000000000000000000000000000000000000000000000000000000000000000000000
18,70,70,0x000056fa,7,0,0x000000000000000000000000000000000000000000000000000000000000000000000000000000000000000000000000
18,70,70,0x000056fa,8,0,0x000000000000000000000000000000000000000000000000000000000000000000000000000000000000000000000000
18,70,70,0x000056fa,9,0,0x000000000000000000000000000000000000000000000000000000000000000000000000000000000000000000000000
18,70,70,0x000056fa,10,0,0x000000000000000000000000000000000000000000000000000000000000000000000000000000000000000000000000
18,70,70,0x000056fa,11,0,0x000000000000000000000000000000000000000000000000000000000000000000000000000000000000000000000000
18,70,70,0x000056fa,12,0,0x000000000000000000000000000000000000000000000000000000000000000000000000000000000000000000000000
18,70,70,0x000056fa,13,0,0x000000000000000000000000000000000000000000000000000000000000000000000000000000000000000000000000
18,70,70,0x000056fa,14,0,0x000000000000000000000000000000000000000000000000000000000000000000000000000000000000000000000000
18,70,70,0x000056fa,15,0,0x000000000000000000000000000000000000000000000000000000000000000000000000000000000000000000000000
18,70,70,0x000056fa,16,0,0x000000000000000000000000000000000000000000000000000000000000000000000000000000000000000000000000
18,70,70,0x000056fa,17,0,0x000000000000000000000000000000000000000000000000000000000000000000000000000000000000100100000000
18,70,70,0x000056fa,18,0,0x000000000000000000000000000000000000000000000000000000000000000000000000000000000000f00100100100
18,70,70,0x000056fa,19,0,0x000000000000000000000000000000000000000000000000000000000000000000000000000000000000f00f00f00f00
18,70,70,0x000056fa,20,0,0x000000000000000000000000000000000000000000000000000000000000000000000000000000000000000000000000
18,70,70,0x000056fa,21,0,0x000000000000000000000000000000000000000000000000000000000000000000000000000000000000000000000000
18,70,70,0x000056fa,22,0,0x000000000000000000000000000000000000000000000000000000000000000000000000000000000000000000000000
18,70,70,0x000056fa,23,0,0x000000000000000000000000000000000000000000000000000000000000000000000000000000000000000000000000
18,70,70,0x000056fa,24,0,0x000000000000000000000000000000000000000000000000000000000000000000000000000000000000000000000000
18,70,70,0x000056fa,25,0,0x000000000000000000000000000000000000000000000000000000000000000000000000000000000000000000000000
18,70,70,0x000056fa,26,0,0x000000000000000000000000000000000000000000000000000000000000000000000000000000000000000000000000
18,70,70,0x000056fa,27,0,0x000000000000000000000000000000000000000000000000000000000000000000000000000000000000000000000000
18,70,70,0x000056fa,28,0,0x000000000000000000000000000000000000000000000000000000000000000000000000000000000000000000000000
18,70,70,0x000056fa,29,0,0x000000000000000000000000000000000000000000000000000000000000000000000000000000000000000000000000
18,70,70,0x000056fa,30,0,0x000000000000000000000000000000000000000000000000000000000000000000000000000000000000000000000000
18,70,70,0x000056fa,31,0,0x000000000000000000000000000000000000000000000000000000000000000000000000000000000000000000000000
18,70,70,0x000056fa,32,0,0x000000000000000000000000000000000000000000000000000000000000000000000000000000000000000000000000
18,70,70,0x000056fa,33,0,0x000000000000000000000000000000000000000000000000000000000000000000000000000000000000000000000000
18,70,70,0x000056fa,34,0,0x000000000000000000000000000000000000000000000000000000000000000000000000000000000000000000000000
18,70,70,0x000056fa,35,0,0x000000000000000000000000000000000000000000000000000000000000000000000000000000000000000000000000
18,70,70,0x000056fa,36,0,0x000000000000000000000000000000000000000000000000000000000000000000000000000000000000000000000000
18,70,70,0x000056fa,37,0,0x000000000000000000000000000000000000000000000000000000000000000000000000000000000000000000000000
18,70,70,0x000056fa,38,0,0x000000000000000000000000000000000000000000000000000000000000000000000000000000000000000000000000
18,70,70,0x000056fa,39,0,0x000000000000000000000000000000000000000000000000000000000000000000000000000000000000000000000000
18,70,70,0x000056fa,40,0,0x000000000000000000000000000000000000000000000000000000000000000000000000000000000000000000000000
18,70,70,0x000056fa,41,0,0x000000000000000000000000000000000000000000000000000000000000000000000000000000000000000000000000
18,70,70,0x000056fa,42,0,0x000000000000000000000000000000000000000000000000000000000000000000000000000000000000000000000000
18,70,70,0x000056fa,43,0,0x000000000000000000000000000000000000000000000000000000000000000000000000000000000000000000000000
18,70,70,0x000056fa,44,0,0x000000000000000000000000000000000000000000000000000000000000000000000000000000000000000000000000
18,70,70,0x000056fa,45,0,0x000000000000000000000000000000000000000000000000000000000000000000000000000000000000000000000000
18,70,70,0x000056fa,46,0,0x000000000000000000000000000000000000000000000000000000000000000000000000000000000000000000000000
18,70,70,0x000056fa,47,0,0x000000000000000000000000000000000000000000000000000000000000000000000000000000000000000000000000
18,70,70,0x000056fa,48,0,0x000000000000000000000000000000000000000000000000000000000000000000000000000000000000000000000000
18,70,70,0x000056fa,49,0,0x000000000000000000000000000000000000000000000000000000000000000000000000000000000000000000000000
18,70,70,0x000056fa,50,0,0x000000000000000000000000000000000000000000000000000000000000000000000000000000000000000000000000
18,70,70,0x000056fa,51,0,0x000000000000000000000000000000000000000000000000000000000000000000000000000000000000000000000000
18,70,70,0x000056fa,52,0,0x000000000000000000000000000000000000000000000000000000000000000000000000000000000000000000000000
18,70,70,0x000056fa,53,0,0x000000000000000000000000000000000000000000000000000000000000000000000000000000000000000000000000
18,70,70,0x000056fa,54,0,0x000000000000000000000000000000000000000000000000000000000000000000000000000000000000000000000000
18,70,70,0x000056fa,55,0,0x000000000000000000000000000000000000000000000000000000000000000000000000000000000000000000000000
18,70,70,0x000056fa,56,0,0x000000000000000000000000000000000000000000000000000000000000000000000000000000000000000000000000
18,70,70,0x000056fa,57,0,0x000000000000000000000000000000000000000000000000000000000000000000000000000000000000000000000000
18,70,70,0x000056fa,58,0,0x000000000000000000000000000000000000000000000000000000000000000000000000000000000000000000000000
18,70,70,0x000056fa,59,0,0x000000000000000000000000000000000000000000000000000000000000000000000000000000000000000000000000
18,70,70,0x000056fa,60,0,0x000000000000000000000000000000000000000000000000000000000000000000000000000000000000000000000000
18,70,70,0x000056fa,61,0,0x000000000000000000000000000000000000000000000000000000000000000000000000000000000000000000000000
18,70,70,0x000056fa,62,0,0x000000000000000000000000000000000000000000000000000000000000000000000000000000000000000000000000
18,70,70,0x000056fa,63,1,0x000000000000000000000000000000000000000000000000000000000000000000000000000000000000000000000000
19,71,71,0x00006302,0,0,0x000000000000000000000000000000000000000000000000000000000000000000000000000000000000000000000000
19,71,71,0x00006302,1,0,0x000000000000000000000000000000000000000000000000000000000000000000000000000000000000000000000000
19,71,71,0x00006302,2,0,0x000000000000000000000000000000000000000000000000000000000000000000000000000000000000000000000000
19,71,71,0x00006302,3,0,0x000000000000000000000000000000000000000000000000000000000000000000000000000000000000000000000000
19,71,71,0x00006302,4,0,0x000000000000000000000000000000000000000000000000000000000000000000000000000000000000000000000000
19,71,71,0x00006302,5,0,0x000000000000000000000000000000000000000000000000000000000000000000000000000000000000000000000000
19,71,71,0x00006302,6,0,0x000000000000000000000000000000000000000000000000000000000000000000000000000000000000000000000000
19,71,71,0x00006302,7,0,0x000000000000000000000000000000000000000000000000000000000000000000000000000000000000000000000000
19,71,71,0x00006302,8,0,0x000000000000000000000000000000000000000000000000000000000000000000000000000000000000000000000000
19,71,71,0x00006302,9,0,0x000000000000000000000000000000000000000000000000000000000000000000000000000000000000000000000000
19,71,71,0x00006302,10,0,0x000000000000000000000000000000000000000000000000000000000000000000000000000000000000000000000000
19,71,71,0x00006302,11,0,0x000000000000000000000000000000000000000000000000000000000000000000000000000000000000000000000000
19,71,71,0x00006302,12,0,0x000000000000000000000000000000000000000000000000000000000000000000000000000000000000000000000000
19,71,71,0x00006302,13,0,0x000000000000000000000000000000000000000000000000000000000000000000000000000000000000000000000000
19,71,71,0x00006302,14,0,0x000000000000000000000000000000000000000000000000000000000000000000000000000000000000000000000000
19,71,71,0x00006302,15,0,0x000000000000000000000000000000000000000000000000000000000000000000000000000000000000000000000000
19,71,71,0x00006302,16,0,0x000000000000000000000000000000000000000000000000000000000000000000000000000000000000000000000000
19,71,71,0x00006302,17,0,0x000000000000000000000000000000000000000000000000000000000000000000000000000000000000100000000000
19,71,71,0x00006302,18,0,0x000000000000000000000000000000000000000000000000000000000000000000000000000000000000100100100100
19,71,71,0x00006302,19,0,0x000000000000000000000000000000000000000000000000000000000000000000000000000000000000f00f00f00f00
19,71,71,0x00006302,20,0,0x000000000000000000000000000000000000000000000000000000000000000000000000000000000000000000000f00
19,71,71,0x00006302,21,0,0x000000000000000000000000000000000000000000000000000000000000000000000000000000000000000000000000
19,71,71,0x00006302,22,0,0x000000000000000000000000000000000000000000000000000000000000000000000000000000000000000000000000
19,71,71,0x00006302,23,0,0x000000000000000000000000000000000000000000000000000000000000000000000000000000000000000000000000
19,71,71,0x00006302,24,0,0x000000000000000000000000000000000000000000000000000000000000000000000000000000000000000000000000
19,71,71,0x00006302,25,0,0x000000000000000000000000000000000000000000000000000000000000000000000000000000000000000000000000
19,71,71,0x00006302,26,0,0x000000000000000000000000000000000000000000000000000000000000000000000000000000000000000000000000
19,71,71,0x00006302,27,0,0x000000000000000000000000000000000000000000000000000000000000000000000000000000000000000000000000
19,71,71,0x00006302,28,0,0x000000000000000000000000000000000000000000000000000000000000000000000000000000000000000000000000
19,71,71,0x00006302,29,0,0x000000000000000000000000000000000000000000000000000000000000000000000000000000000000000000000000
19,71,71,0x00006302,30,0,0x000000000000000000000000000000000000000000000000000000000000000000000000000000000000000000000000
19,71,71,0x00006302,31,0,0x000000000000000000000000000000000000000000000000000000000000000000000000000000000000000000000000
19,71,71,0x00006302,32,0,0x000000000000000000000000000000000000000000000000000000000000000000000000000000000000000000000000
19,71,71,0x00006302,33,0,0x000000000000000000000000000000000000000000000000000000000000000000000000000000000000000000000000
19,71,71,0x00006302,34,0,0x000000000000000000000000000000000000000000000000000000000000000000000000000000000000000000000000
19,71,71,0x00006302,35,0,0x000000000000000000000000000000000000000000000000000000000000000000000000000000000000000000000000
19,71,71,0x00006302,36,0,0x000000000000000000000000000000000000000000000000000000000000000000000000000000000000000000000000
19,71,71,0x00006302,37,0,0x000000000000000000000000000000000000000000000000000000000000000000000000000000000000000000000000
19,71,71,0x00006302,38,0,0x000000000000000000000000000000000000000000000000000000000000000000000000000000000000000000000000
19,71,71,0x00006302,39,0,0x000000000000000000000000000000000000000000000000000000000000000000000000000000000000000000000000
19,71,71,0x00006302,40,0,0x000000000000000000000000000000000000000000000000000000000000000000000000000000000000000000000000
19,71,71,0x00006302,41,0,0x000000000000000000000000000000000000000000000000000000000000000000000000000000000000000000000000
19,71,71,0x00006302,42,0,0x000000000000000000000000000000000000000000000000000000000000000000000000000000000000000000000000
19,71,71,0x00006302,43,0,0x000000000000000000000000000000000000000000000000000000000000000000000000000000000000000000000000
19,71,71,0x00006302,44,0,0x000000000000000000000000000000000000000000000000000000000000000000000000000000000000000000000000
19,71,71,0x00006302,45,0,0x000000000000000000000000000000000000000000000000000000000000000000000000000000000000000000000000
19,71,71,0x00006302,46,0,0x000000000000000000000000000000000000000000000000000000000000000000000000000000000000000000000000
19,71,71,0x00006302,47,0,0x000000000000000000000000000000000000000000000000000000000000000000000000000000000000000000000000
19,71,71,0x00006302,48,0,0x000000000000000000000000000000000000000000000000000000000000000000000000000000000000000000000000
19,71,71,0x00006302,49,0,0x000000000000000000000000000000000000000000000000000000000000000000000000000000000000000000000000
19,71,71,0x00006302,50,0,0x000000000000000000000000000000000000000000000000000000000000000000000000000000000000000000000000
19,71,71,0x00006302,51,0,0x000000000000000000000000000000000000000000000000000000000000000000000000000000000000000000000000
19,71,71,0x00006302,52,0,0x000000000000000000000000000000000000000000000000000000000000000000000000000000000000000000000000
19,71,71,0x00006302,53,0,0x000000000000000000000000000000000000000000000000000000000000000000000000000000000000000000000000
19,71,71,0x00006302,54,0,0x000000000000000000000000000000000000000000000000000000000000000000000000000000000000000000000000
19,71,71,0x00006302,55,0,0x000000000000000000000000000000000000000000000000000000000000000000000000000000000000000000000000
19,71,71,0x00006302,56,0,0x000000000000000000000000000000000000000000000000000000000000000000000000000000000000000000000000
19,71,71,0x00006302,57,0,0x000000000000000000000000000000000000000000000000000000000000000000000000000000000000000000000000
19,71,71,0x00006302,58,0,0x000000000000000000000000000000000000000000000000000000000000000000000000000000000000000000000000
19,71,71,0x00006302,59,0,0x000000000000000000000000000000000000000000000000000000000000000000000000000000000000000000000000
19,72,72,0x00004e5a,60,0,0x000000000000000000000000000000000000000000000000000000000000000000000000000000000000000000000000
19,72,72,0x00004e5a,61,0,0x000000000000000000000000000000000000000000000000000000000000000000000000000000000000000000000000
19,72,72,0x00004e5a,62,0,0x000000000000000000000000000000000000000000000000000000000000000000000000000000000000000000000000
19,72,72,0x00004e5a,63,0,0x000000000000000000000000000000000000000000000000000000000000000000000000000000000000000000000000
19,72,72,0x00004e5a,64,0,0x000000000000000000000000000000000000000000000000000000000000000000000000000000000000000000000000
19,72,72,0x00004e5a,65,0,0x000000000000000000000000000000000000000000000000000000000000000000000000000000000000000000000000
19,72,72,0x00004e5a,66,0,0x000000000000000000000000000000000000000000000000000000000000000000000000000000000000000000000000
19,72,72,0x00004e5a,67,0,0x000000000000000000000000000000000000000000000000000000000000000000000000000000000000000000000000
19,72,72,0x00004e5a,68,0,0x000000000000000000000000000000000000000000000000000000000000000000000000000000000000000000000000
19,72,72,0x00004e5a,69,0,0x000000000000000000000000000000000000000000000000000000000000000000000000000000000000000000000000
19,72,72,0x00004e5a,70,0,0x000000000000000000000000000000000000000000000000000000000000000000000000000000000000000000000000
19,72,72,0x00004e5a,71,0,0x000000000000000000000000000000000000000000000000000000000000000000000000000000000000000000000000
19,72,72,0x00004e5a,72,0,0x000000000000000000000000000000000000000000000000000000000000000000000000000000000000000000000000
19,72,72,0x00004e5a,73,0,0x000000000000000000000000000000000000000000000000000000000000000000000000000000000000000000000000
19,72,72,0x00004e5a,74,0,0x000000000000000000000000000000000000000000000000000000000000000000000000000000000000000000000000
19,73,73,0x0000486e,75,0,0x000000000000000000000000000000000000000000000000000000000000000000000000000000000000000000000000
19,73,73,0x0000486e,76,0,0x000000000000000000000000000000000000000000000000000000000000000000000000000000000000000000000000
19,73,73,0x0000486e,77,0,0x000000000000000000000000000000000000000000000000000000000000000000000000000000000000000000000000
19,73,73,0x0000486e,78,0,0x000000000000000000000000000000000000000000000000000000000000000000000000000000000000000000000000
19,73,73,0x0000486e,79,0,0x000000000000000000000000000000000000000000000000000000000000000000000000000000000000000000000000
19,73,73,0x0000486e,80,0,0x000000000000000000000000000000000000000000000000000000000000000000000000000000000000000000000000
19,73,73,0x0000486e,81,0,0x000000000000000000000000000000000000000000000000000000000000000000000000000000000000000000000000
19,73,73,0x0000486e,82,0,0x000000000000000000000000000000000000000000000000000000000000000000000000000000000000000000000000
19,73,73,0x0000486e,83,0,0x000000000000000000000000000000000000000000000000000000000000000000000000000000000000000000000000
19,73,73,0x0000486e,84,0,0x000000000000000000000000000000000000000000000000000000000000000000000000000000000000000000000000
19,73,73,0x0000486e,85,0,0x000000000000000000000000000000000000000000000000000000000000000000000000000000000000000000000000
19,73,73,0x0000486e,86,0,0x000000000000000000000000000000000000000000000000000000000000000000000000000000000000000000000000
19,73,73,0x0000486e,87,0,0x000000000000000000000000000000000000000000000000000000000000000000000000000000000000000000000000
19,73,73,0x0000486e,88,0,0x000000000000000000000000000000000000000000000000000000000000000000000000000000000000000000000000
19,73,73,0x0000486e,89,0,0x000000000000000000000000000000000000000000000000000000000000000000000000000000000000000000000000
19,74,74,0x00003fd4,90,0,0x000000000000000000000000000000000000000000000000000000000000000000000000000000000000000000000000
19,74,74,0x00003fd4,91,0,0x000000000000000000000000000000000000000000000000000000000000000000000000000000000000000000000000
19,74,74,0x00003fd4,92,0,0x000000000000000000000000000000000000000000000000000000000000000000000000000000000000000000000000
19,74,74,0x00003fd4,93,0,0x000000000000000000000000000000000000000000000000000000000000000000000000000000000000000000000000
19,74,74,0x00003fd4,94,0,0x000000000000000000000000000000000000000000000000000000000000000000000000000000000000000000000000
19,74,74,0x00003fd4,95,0,0x000000000000000000000000000000000000000000000000000000000000000000000000000000000000000000000000
19,74,74,0x00003fd4,96,0,0x000000000000000000000000000000000000000000000000000000000000000000000000000000000000000000000000
19,74,74,0x00003fd4,97,0,0x000000000000000000000000000000000000000000000000000000000000000000000000000000000000000000000000
19,74,74,0x00003fd4,98,0,0x000000000000000000000000000000000000000000000000000000000000000000000000000000000000000000000000
19,74,74,0x00003fd4,99,0,0x000000000000000000000000000000000000000000000000000000000000000000000000000000000000000000000000
19,74,74,0x00003fd4,100,0,0x000000000000000000000000000000000000000000000000000000000000000000000000000000000000000000000000
19,74,74,0x00003fd4,101,0,0x000000000000000000000000000000000000000000000000000000000000000000000000000000000000000000000000
19,74,74,0x00003fd4,102,0,0x000000000000000000000000000000000000000000000000000000000000000000000000000000000000000000000000
19,74,74,0x00003fd4,103,0,0x000000000000000000000000000000000000000000000000000000000000000000000000000000000000000000000000
19,74,74,0x00003fd4,104,0,0x000000000000000000000000000000000000000000000000000000000000000000000000000000000000000000000000
19,75,75,0x000045a2,105,0,0x000000000000000000000000000000000000000000000000000000000000000000000000000000000000000000000000
19,75,75,0x000045a2,106,0,0x000000000000000000000000000000000000000000000000000000000000000000000000000000000000000000000000
19,75,75,0x000045a2,107,0,0x000000000000000000000000000000000000000000000000000000000000000000000000000000000000000000000000
19,75,75,0x000045a2,108,0,0x000000000000000000000000000000000000000000000000000000000000000000000000000000000000000000000000
19,75,75,0x000045a2,109,0,0x000000000000000000000000000000000000000000000000000000000000000000000000000000000000000000000000
19,75,75,0x000045a2,110,0,0x000000000000000000000000000000000000000000000000000000000000000000000000000000000000000000000000
19,75,75,0x000045a2,111,0,0x000000000000000000000000000000000000000000000000000000000000000000000000000000000000000000000000
19,75,75,0x000045a2,112,0,0x000000000000000000000000000000000000000000000000000000000000000000000000000000000000000000000000
19,75,75,0x000045a2,113,0,0x000000000000000000000000000000000000000000000000000000000000000000000000000000000000000000000000
19,75,75,0x000045a2,114,0,0x000000000000000000000000000000000000000000000000000000000000000000000000000000000000000000000000
19,75,75,0x000045a2,115,0,0x000000000000000000000000000000000000000000000000000000000000000000000000000000000000000000000000
19,75,75,0x000045a2,116,0,0x000000000000000000000000000000000000000000000000000000000000000000000000000000000000000000000000
19,75,75,0x000045a2,117,0,0x000000000000000000000000000000000000000000000000000000000000000000000000000000000000000000000000
19,75,75,0x000045a2,118,0,0x000000000000000000000000000000000000000000000000000000000000000000000000000000000000000000000000
19,75,75,0x000045a2,119,0,0x000000000000000000000000000000000000000000000000000000000000000000000000000000000000000000000000
19,76,76,0x00005ba4,120,0,0x000000000000000000000000000000000000000000000000000000000000000000000000000000000000000000000000
19,76,76,0x00005ba4,121,0,0x000000000000000000000000000000000000000000000000000000000000000000000000000000000000000000000000
19,76,76,0x00005ba4,122,0,0x000000000000000000000000000000000000000000000000000000000000000000000000000000000000000000000000
19,76,76,0x00005ba4,123,0,0x000000000000000000000000000000000000000000000000000000000000000000000000000000000000000000000000
19,76,76,0x00005ba4,124,0,0x000000000000000000000000000000000000000000000000000000000000000000000000000000000000000000000000
19,76,76,0x00005ba4,125,0,0x000000000000000000000000000000000000000000000000000000000000000000000000000000000000000000000000
19,76,76,0x00005ba4,126,0,0x000000000000000000000000000000000000000000000000000000000000000000000000000000000000000000000000
19,76,76,0x00005ba4,127,0,0x000000000000000000000000000000000000000000000000000000000000000000000000000000000000000000000000
19,76,76,0x00005ba4,128,0,0x000000000000000000000000000000000000000000000000000000000000000000000000000000000000000000000000
19,76,76,0x00005ba4,129,0,0x000000000000000000000000000000000000000000000000000000000000000000000000000000000000000000000000
19,76,76,0x00005ba4,130,0,0x000000000000000000000000000000000000000000000000000000000000000000000000000000000000000000000000
19,76,76,0x00005ba4,131,0,0x000000000000000000000000000000000000000000000000000000000000000000000000000000000000000000000000
19,76,76,0x00005ba4,132,0,0x000000000000000000000000000000000000000000000000000000000000000000000000000000000000000000000000
19,76,76,0x00005ba4,133,0,0x000000000000000000000000000000000000000000000000000000000000000000000000000000000000000000000000
19,76,76,0x00005ba4,134,0,0x000000000000000000000000000000000000000000000000000000000000000000000000000000000000000000000000
19,77,77,0x0000632e,135,0,0x000000000000000000000000000000000000000000000000000000000000000000000000000000000000000000000000
19,77,77,0x0000632e,136,0,0x000000000000000000000000000000000000000000000000000000000000000000000000000000000000000000000000
19,77,77,0x0000632e,137,0,0x000000000000000000000000000000000000000000000000000000000000000000000000000000000000000000000000
19,77,77,0x0000632e,138,0,0x000000000000000000000000000000000000000000000000000000000000000000000000000000000000000000000000
19,77,77,0x0000632e,139,0,0x000000000000000000000000000000000000000000000000000000000000000000000000000000000000000000000000
19,77,77,0x0000632e,140,0,0x000000000000000000000000000000000000000000000000000000000000000000000000000000000000000000000000
19,77,77,0x0000632e,141,0,0x000000000000000000000000000000000000000000000000000000000000000000000000000000000000000000000000
19,77,77,0x0000632e,142,0,0x000000000000000000000000000000000000000000000000000000000000000000000000000000000000000000000000
19,77,77,0x0000632e,143,0,0x000000000000000000000000000000000000000000000000000000000000000000000000000000000000000000000000
19,77,77,0x0000632e,144,0,0x000000000000000000000000000000000000000000000000000000000000000000000000000000000000000000000000
19,77,77,0x0000632e,145,0,0x000000000000000000000000000000000000000000000000000000000000000000000000000000000000000000000000
19,77,77,0x0000632e,146,0,0x000000000000000000000000000000000000000000000000000000000000000000000000000000000000000000000000
19,77,77,0x0000632e,147,0,0x000000000000000000000000000000000000000000000000000000000000000000000000000000000000000000000000
19,77,77,0x0000632e,148,0,0x000000000000000000000000000000000000000000000000000000000000000000000000000000000000000000000000
19,77,77,0x0000632e,149,0,0x000000000000000000000000000000000000000000000000000000000000000000000000000000000000000000000000
19,78,78,0x00004af9,150,0,0x000000000000000000000000000000000000000000000000000000000000000000000000000000000000000000000000
19,78,78,0x00004af9,151,0,0x000000000000000000000000000000000000000000000000000000000000000000000000000000000000000000000000
19,78,78,0x00004af9,152,0,0x000000000000000000000000000000000000000000000000000000000000000000000000000000000000000000000000
19,78,78,0x00004af9,153,0,0x000000000000000000000000000000000000000000000000000000000000000000000000000000000000000000000000
19,78,78,0x00004af9,154,0,0x000000000000000000000000000000000000000000000000000000000000000000000000000000000000000000000000
19,78,78,0x00004af9,155,0,0x000000000000000000000000000000000000000000000000000000000000000000000000000000000000000000000000
19,78,78,0x00004af9,156,0,0x000000000000000000000000000000000000000000000000000000000000000000000000000000000000000000000000
19,78,78,0x00004af9,157,0,0x000000000000000000000000000000000000000000000000000000000000000000000000000000000000000000000000
19,78,78,0x00004af9,158,0,0x000000000000000000000000000000000000000000000000000000000000000000000000000000000000000000000000
19,78,78,0x00004af9,159,0,0x000000000000000000000000000000000000000000000000000000000000000000000000000000000000000000000000
19,78,78,0x00004af9,160,0,0x000000000000000000000000000000000000000000000000000000000000000000000000000000000000000000000000
19,78,78,0x00004af9,161,0,0x000000000000000000000000000000000000000000000000000000000000000000000000000000000000000000000000
19,78,78,0x00004af9,162,0,0x000000000000000000000000000000000000000000000000000000000000000000000000000000000000000000000000
19,78,78,0x00004af9,163,0,0x000000000000000000000000000000000000000000000000000000000000000000000000000000000000000000000000
19,78,78,0x00004af9,164,0,0x000000000000000000000000000000000000000000000000000000000000000000000000000000000000000000000000
19,79,79,0x0000496f,165,0,0x000000000000000000000000000000000000000000000000000000000000000000000000000000000000000000000000
19,79,79,0x0000496f,166,0,0x000000000000000000000000000000000000000000000000000000000000000000000000000000000000000000000000
19,79,79,0x0000496f,167,0,0x000000000000000000000000000000000000000000000000000000000000000000000000000000000000000000000000
19,79,79,0x0000496f,168,0,0x000000000000000000000000000000000000000000000000000000000000000000000000000000000000000000000000
19,79,79,0x0000496f,169,0,0x000000000000000000000000000000000000000000000000000000000000000000000000000000000000000000000000
19,79,79,0x0000496f,170,0,0x000000000000000000000000000000000000000000000000000000000000000000000000000000000000000000000000
19,79,79,0x0000496f,171,0,0x000000000000000000000000000000000000000000000000000000000000000000000000000000000000000000000000
19,79,79,0x0000496f,172,0,0x000000000000000000000000000000000000000000000000000000000000000000000000000000000000000000000000
19,79,79,0x0000496f,173,0,0x000000000000000000000000000000000000000000000000000000000000000000000000000000000000000000000000
19,79,79,0x0000496f,174,0,0x000000000000000000000000000000000000000000000000000000000000000000000000000000000000000000000000
19,79,79,0x0000496f,175,0,0x000000000000000000000000000000000000000000000000000000000000000000000000000000000000000000000000
19,79,79,0x0000496f,176,0,0x000000000000000000000000000000000000000000000000000000000000000000000000000000000000000000000000
19,79,79,0x0000496f,177,0,0x000000000000000000000000000000000000000000000000000000000000000000000000000000000000000000000000
19,79,79,0x0000496f,178,0,0x000000000000000000000000000000000000000000000000000000000000000000000000000000000000000000000000
19,79,79,0x0000496f,179,0,0x000000000000000000000000000000000000000000000000000000000000000000000000000000000000000000000000
19,80,80,0x000044aa,180,0,0x000000000000000000000000000000000000000000000000000000000000000000000000000000000000000000000000
19,80,80,0x000044aa,181,0,0x000000000000000000000000000000000000000000000000000000000000000000000000000000000000000000000000
19,80,80,0x000044aa,182,0,0x000000000000000000000000000000000000000000000000000000000000000000000000000000000000000000000000
19,80,80,0x000044aa,183,0,0x000000000000000000000000000000000000000000000000000000000000000000000000000000000000000000000000
19,80,80,0x000044aa,184,0,0x000000000000000000000000000000000000000000000000000000000000000000000000000000000000000000000000
19,80,80,0x000044aa,185,0,0x000000000000000000000000000000000000000000000000000000000000000000000000000000000000000000000000
19,80,80,0x000044aa,186,0,0x000000000000000000000000000000000000000000000000000000000000000000000000000000000000000000000000
19,80,80,0x000044aa,187,0,0x000000000000000000000000000000000000000000000000000000000000000000000000000000000000000000000000
19,80,80,0x000044aa,188,0,0x000000000000000000000000000000000000000000000000000000000000000000000000000000000000000000000000
19,80,80,0x000044aa,189,0,0x000000000000000000000000000000000000000000000000000000000000000000000000000000000000000000000000
19,80,80,0x000044aa,190,0,0x000000000000000000000000000000000000000000000000000000000000000000000000000000000000000000000000
19,80,80,0x000044aa,191,0,0x000000000000000000000000000000000000000000000000000000000000000000000000000000000000000000000000
19,80,80,0x000044aa,192,0,0x000000000000000000000000000000000000000000000000000000000000000000000000000000000000000000000000
19,80,80,0x000044aa,193,0,0x000000000000000000000000000000000000000000000000000000000000000000000000000000000000000000000000
19,80,80,0x000044aa,194,0,0x000000000000000000000000000000000000000000000000000000000000000000000000000000000000000000000000
19,81,81,0x00003ccd,195,0,0x000000000000000000000000000000000000000000000000000000000000000000000000000000000000000000000000
19,81,81,0x00003ccd,196,0,0x000000000000000000000000000000000000000000000000000000000000000000000000000000000000000000000000
19,81,81,0x00003ccd,197,0,0x000000000000000000000000000000000000000000000000000000000000000000000000000000000000000000000000
19,81,81,0x00003ccd,198,0,0x000000000000000000000000000000000000000000000000000000000000000000000000000000000000000000000000
19,81,81,0x00003ccd,199,0,0x000000000000000000000000000000000000000000000000000000000000000000000000000000000000000000000000
19,81,81,0x00003ccd,200,0,0x000000000000000000000000000000000000000000000000000000000000000000000000000000000000000000000000
19,81,81,0x00003ccd,201,0,0x000000000000000000000000000000000000000000000000000000000000000000000000000000000000000000000000
19,81,81,0x00003ccd,202,0,0x000000000000000000000000000000000000000000000000000000000000000000000000000000000000000000000000
19,81,81,0x00003ccd,203,0,0x000000000000000000000000000000000000000000000000000000000000000000000000000000000000000000000000
19,81,81,0x00003ccd,204,0,0x000000000000000000000000000000000000000000000000000000000000000000000000000000000000000000000000
19,81,81,0x00003ccd,205,0,0x000000000000000000000000000000000000000000000000000000000000000000000000000000000000000000000000
19,81,81,0x00003ccd,206,0,0x000000000000000000000000000000000000000000000000000000000000000000000000000000000000000000000000
19,81,81,0x00003ccd,207,0,0x000000000000000000000000000000000000000000000000000000000000000000000000000000000000000000000000
19,81,81,0x00003ccd,208,0,0x000000000000000000000000000000000000000000000000000000000000000000000000000000000000000000000000
19,81,81,0x00003ccd,209,0,0x000000000000000000000000000000000000000000000000000000000000000000000000000000000000000000000000
19,82,82,0x00003e63,210,0,0x000000000000000000000000000000000000000000000000000000000000000000000000000000000000000000000000
19,82,82,0x00003e63,211,0,0x000000000000000000000000000000000000000000000000000000000000000000000000000000000000000000000000
19,82,82,0x00003e63,212,0,0x000000000000000000000000000000000000000000000000000000000000000000000000000000000000000000000000
19,82,82,0x00003e63,213,0,0x000000000000000000000000000000000000000000000000000000000000000000000000000000000000000000000000
19,82,82,0x00003e63,214,0,0x000000000000000000000000000000000000000000000000000000000000000000000000000000000000000000000000
19,82,82,0x00003e63,215,0,0x000000000000000000000000000000000000000000000000000000000000000000000000000000000000000000000000
19,82,82,0x00003e63,216,0,0x000000000000000000000000000000000000000000000000000000000000000000000000000000000000000000000000
19,82,82,0x00003e63,217,0,0x000000000000000000000000000000000000000000000000000000000000000000000000000000000000000000000000
19,82,82,0x00003e63,218,0,0x000000000000000000000000000000000000000000000000000000000000000000000000000000000000000000000000
19,82,82,0x00003e63,219,0,0x000000000000000000000000000000000000000000000000000000000000000000000000000000000000000000000000
19,82,82,0x00003e63,220,0,0x000000000000000000000000000000000000000000000000000000000000000000000000000000000000000000000000
19,82,82,0x00003e63,221,0,0x000000000000000000000000000000000000000000000000000000000000000000000000000000000000000000000000
19,82,82,0x00003e63,222,0,0x000000000000000000000000000000000000000000000000000000000000000000000000000000000000000000000000
19,82,82,0x00003e63,223,0,0x000000000000000000000000000000000000000000000000000000000000000000000000000000000000000000000000
19,82,82,0x00003e63,224,0,0x000000000000000000000000000000000000000000000000000000000000000000000000000000000000000000000000
19,83,83,0x0000394c,225,0,0x000000000000000000000000000000000000000000000000000000000000000000000000000000000000000000000000
19,83,83,0x0000394c,226,0,0x000000000000000000000000000000000000000000000000000000000000000000000000000000000000000000000000
19,83,83,0x0000394c,227,0,0x000000000000000000000000000000000000000000000000000000000000000000000000000000000000000000000000
19,83,83,0x0000394c,228,0,0x000000000000000000000000000000000000000000000000000000000000000000000000000000000000000000000000
19,83,83,0x0000394c,229,0,0x000000000000000000000000000000000000000000000000000000000000000000000000000000000000000000000000
19,83,83,0x0000394c,230,0,0x000000000000000000000000000000000000000000000000000000000000000000000000000000000000000000000000
19,83,83,0x0000394c,231,0,0x000000000000000000000000000000000000000000000000000000000000000000000000000000000000000000000000
19,83,83,0x0000394c,232,0,0x000000000000000000000000000000000000000000000000000000000000000000000000000000000000000000000000
19,83,83,0x0000394c,233,0,0x000000000000000000000000000000000000000000000000000000000000000000000000000000000000000000000000
19,83,83,0x0000394c,234,0,0x000000000000000000000000000000000000000000000000000000000000000000000000000000000000000000000000
19,83,83,0x0000394c,235,0,0x000000000000000000000000000000000000000000000000000000000000000000000000000000000000000000000000
19,83,83,0x0000394c,236,0,0x000000000000000000000000000000000000000000000000000000000000000000000000000000000000000000000000
19,83,83,0x0000394c,237,0,0x000000000000000000000000000000000000000000000000000000000000000000000000000000000000000000000000
19,83,83,0x0000394c,238,0,0x000000000000000000000000000000000000000000000000000000000000000000000000000000000000000000000000
19,83,83,0x0000394c,239,0,0x000000000000000000000000000000000000000000000000000000000000000000000000000000000000000000000000
19,84,84,0x000021ed,240,0,0x000000000000000000000000000000000000000000000000000000000000000000000000000000000000000000000000
19,84,84,0x000021ed,241,0,0x000000000000000000000000000000000000000000000000000000000000000000000000000000000000000000000000
19,84,84,0x000021ed,242,0,0x000000000000000000000000000000000000000000000000000000000000000000000000000000000000000000000000
19,84,84,0x000021ed,243,0,0x000000000000000000000000000000000000000000000000000000000000000000000000000000000000000000000000
19,84,84,0x000021ed,244,0,0x000000000000000000000000000000000000000000000000000000000000000000000000000000000000000000000000
19,84,84,0x000021ed,245,0,0x000000000000000000000000000000000000000000000000000000000000000000000000000000000000000000000000
19,84,84,0x000021ed,246,0,0x000000000000000000000000000000000000000000000000000000000000000000000000000000000000000000000000
19,84,84,0x000021ed,247,0,0x000000000000000000000000000000000000000000000000000000000000000000000000000000000000000000000000
19,84,84,0x000021ed,248,0,0x000000000000000000000000000000000000000000000000000000000000000000000000000000000000000000000000
19,84,84,0x000021ed,249,0,0x000000000000000000000000000000000000000000000000000000000000000000000000000000000000000000000000
19,84,84,0x000021ed,250,0,0x000000000000000000000000000000000000000000000000000000000000000000000000000000000000000000000000
19,84,84,0x000021ed,251,0,0x000000000000000000000000000000000000000000000000000000000000000000000000000000000000000000000000
19,84,84,0x000021ed,252,0,0x000000000000000000000000000000000000000000000000000000000000000000000000000000000000000000000000
19,84,84,0x000021ed,253,0,0x000000000000000000000000000000000000000000000000000000000000000000000000000000000000000000000000
19,84,84,0x000021ed,254,0,0x000000000000000000000000000000000000000000000000000000000000000000000000000000000000000000000000
19,85,85,0x00001863,255,0,0x000000000000000000000000000000000000000000000000000000000000000000000000000000000000000000000000
19,85,85,0x00001863,256,0,0x000000000000000000000000000000000000000000000000000000000000000000000000000000000000000000000000
19,85,85,0x00001863,257,0,0x000000000000000000000000000000000000000000000000000000000000000000000000000000000000000000000000
19,85,85,0x00001863,258,0,0x000000000000000000000000000000000000000000000000000000000000000000000000000000000000000000000000
19,85,85,0x00001863,259,0,0x000000000000000000000000000000000000000000000000000000000000000000000000000000000000000000000000
19,85,85,0x00001863,260,0,0x000000000000000000000000000000000000000000000000000000000000000000000000000000000000000000000000
19,85,85,0x00001863,261,0,0x000000000000000000000000000000000000000000000000000000000000000000000000000000000000000000000000
19,85,85,0x00001863,262,0,0x000000000000000000000000000000000000000000000000000000000000000000000000000000000000000000000000
19,85,85,0x00001863,263,0,0x000000000000000000000000000000000000000000000000000000000000000000000000000000000000000000000000
19,85,85,0x00001863,264,0,0x000000000000000000000000000000000000000000000000000000000000000000000000000000000000000000000000
19,85,85,0x00001863,265,0,0x000000000000000000000000000000000000000000000000000000000000000000000000000000000000000000000000
19,85,85,0x00001863,266,0,0x000000000000000000000000000000000000000000000000000000000000000000000000000000000000000000000000
19,85,85,0x00001863,267,0,0x000000000000000000000000000000000000000000000000000000000000000000000000000000000000000000000000
19,85,85,0x00001863,268,0,0x000000000000000000000000000000000000000000000000000000000000000000000000000000000000000000000000
19,85,85,0x00001863,269,0,0x000000000000000000000000000000000000000000000000000000000000000000000000000000000000000000000000
19,86,86,0x00001326,270,0,0x000000000000000000000000000000000000000000000000000000000000000000000000000000000000000000000000
19,86,86,0x00001326,271,0,0x000000000000000000000000000000000000000000000000000000000000000000000000000000000000000000000000
19,86,86,0x00001326,272,0,0x000000000000000000000000000000000000000000000000000000000000000000000000000000000000000000000000
19,86,86,0x00001326,273,0,0x000000000000000000000000000000000000000000000000000000000000000000000000000000000000000000000000
19,86,86,0x00001326,274,0,0x000000000000000000000000000000000000000000000000000000000000000000000000000000000000000000000000
19,86,86,0x00001326,275,0,0x000000000000000000000000000000000000000000000000000000000000000000000000000000000000000000000000
19,86,86,0x00001326,276,0,0x000000000000000000000000000000000000000000000000000000000000000000000000000000000000000000000000
19,86,86,0x00001326,277,0,0x000000000000000000000000000000000000000000000000000000000000000000000000000000000000000000000000
19,86,86,0x00001326,278,0,0x000000000000000000000000000000000000000000000000000000000000000000000000000000000000000000000000
19,86,86,0x00001326,279,0,0x000000000000000000000000000000000000000000000000000000000000000000000000000000000000000000000000
19,86,86,0x00001326,280,0,0x000000000000000000000000000000000000000000000000000000000000000000000000000000000000000000000000
19,86,86,0x00001326,281,0,0x000000000000000000000000000000000000000000000000000000000000000000000000000000000000000000000000
19,86,86,0x00001326,282,0,0x000000000000000000000000000000000000000000000000000000000000000000000000000000000000000000000000
19,86,86,0x00001326,283,0,0x000000000000000000000000000000000000000000000000000000000000000000000000000000000000000000000000
19,86,86,0x00001326,284,0,0x000000000000000000000000000000000000000000000000000000000000000000000000000000000000000000000000
19,87,87,0x0000104f,285,0,0x000000000000000000000000000000000000000000000000000000000000000000000000000000000000000000000000
19,87,87,0x0000104f,286,0,0x000000000000000000000000000000000000000000000000000000000000000000000000000000000000000000000000
19,87,87,0x0000104f,287,0,0x000000000000000000000000000000000000000000000000000000000000000000000000000000000000000000000000
19,87,87,0x0000104f,288,0,0x000000000000000000000000000000000000000000000000000000000000000000000000000000000000000000000000
19,87,87,0x0000104f,289,0,0x000000000000000000000000000000000000000000000000000000000000000000000000000000000000000000000000
19,87,87,0x0000104f,290,0,0x000000000000000000000000000000000000000000000000000000000000000000000000000000000000000000000000
19,87,87,0x0000104f,291,0,0x000000000000000000000000000000000000000000000000000000000000000000000000000000000000000000000000
19,87,87,0x0000104f,292,0,0x000000000000000000000000000000000000000000000000000000000000000000000000000000000000000000000000
19,87,87,0x0000104f,293,0,0x000000000000000000000000000000000000000000000000000000000000000000000000000000000000000000000000
19,87,87,0x0000104f,294,0,0x000000000000000000000000000000000000000000000000000000000000000000000000000000000000000000000000
19,87,87,0x0000104f,295,0,0x000000000000000000000000000000000000000000000000000000000000000000000000000000000000000000000000
19,87,87,0x0000104f,296,0,0x000000000000000000000000000000000000000000000000000000000000000000000000000000000000000000000000
19,87,87,0x0000104f,297,0,0x000000000000000000000000000000000000000000000000000000000000000000000000000000000000000000000000
19,87,87,0x0000104f,298,0,0x000000000000000000000000000000000000000000000000000000000000000000000000000000000000000000000000
19,87,87,0x0000104f,299,0,0x000000000000000000000000000000000000000000000000000000000000000000000000000000000000000000000000
19,88,88,0x000010d5,300,0,0x000000000000000000000000000000000000000000000000000000000000000000000000000000000000000000000000
19,88,88,0x000010d5,301,0,0x000000000000000000000000000000000000000000000000000000000000000000000000000000000000000000000000
19,88,88,0x000010d5,302,0,0x000000000000000000000000000000000000000000000000000000000000000000000000000000000000000000000000
19,88,88,0x000010d5,303,0,0x000000000000000000000000000000000000000000000000000000000000000000000000000000000000000000000000
19,88,88,0x000010d5,304,0,0x000000000000000000000000000000000000000000000000000000000000000000000000000000000000000000000000
19,88,88,0x000010d5,305,0,0x000000000000000000000000000000000000000000000000000000000000000000000000000000000000000000000000
19,88,88,0x000010d5,306,0,0x000000000000000000000000000000000000000000000000000000000000000000000000000000000000000000000000
19,88,88,0x000010d5,307,0,0x000000000000000000000000000000000000000000000000000000000000000000000000000000000000000000000000
19,88,88,0x000010d5,308,0,0x000000000000000000000000000000000000000000000000000000000000000000000000000000000000000000000000
19,88,88,0x000010d5,309,0,0x000000000000000000000000000000000000000000000000000000000000000000000000000000000000000000000000
19,88,88,0x000010d5,310,0,0x000000000000000000000000000000000000000000000000000000000000000000000000000000000000000000000000
19,88,88,0x000010d5,311,0,0x000000000000000000000000000000000000000000000000000000000000000000000000000000000000000000000000
19,88,88,0x000010d5,312,0,0x000000000000000000000000000000000000000000000000000000000000000000000000000000000000000000000000
19,88,88,0x000010d5,313,0,0x000000000000000000000000000000000000000000000000000000000000000000000000000000000000000000000000
19,88,88,0x000010d5,314,0,0x000000000000000000000000000000000000000000000000000000000000000000000000000000000000000000000000
19,89,89,0x00000f26,315,0,0x000000000000000000000000000000000000000000000000000000000000000000000000000000000000000000000000
19,89,89,0x00000f26,316,0,0x000000000000000000000000000000000000000000000000000000000000000000000000000000000000000000000000
19,89,89,0x00000f26,317,0,0x000000000000000000000000000000000000000000000000000000000000000000000000000000000000000000000000
19,89,89,0x00000f26,318,0,0x000000000000000000000000000000000000000000000000000000000000000000000000000000000000000000000000
19,89,89,0x00000f26,319,0,0x000000000000000000000000000000000000000000000000000000000000000000000000000000000000000000000000
19,89,89,0x00000f26,320,0,0x000000000000000000000000000000000000000000000000000000000000000000000000000000000000000000000000
19,89,89,0x00000f26,321,0,0x000000000000000000000000000000000000000000000000000000000000000000000000000000000000000000000000
19,89,89,0x00000f26,322,0,0x000000000000000000000000000000000000000000000000000000000000000000000000000000000000000000000000
19,89,89,0x00000f26,323,0,0x000000000000000000000000000000000000000000000000000000000000000000000000000000000000000000000000
19,89,89,0x00000f26,324,0,0x000000000000000000000000000000000000000000000000000000000000000000000000000000000000000000000000
19,89,89,0x00000f26,325,0,0x000000000000000000000000000000000000000000000000000000000000000000000000000000000000000000000000
19,89,89,0x00000f26,326,0,0x000000000000000000000000000000000000000000000000000000000000000000000000000000000000000000000000
19,89,89,0x00000f26,327,0,0x000000000000000000000000000000000000000000000000000000000000000000000000000000000000000000000000
19,89,89,0x00000f26,328,0,0x000000000000000000000000000000000000000000000000000000000000000000000000000000000000000000000000
19,89,89,0x00000f26,329,0,0x000000000000000000000000000000000000000000000000000000000000000000000000000000000000000000000000
19,90,90,0x000003e4,330,0,0x000000000000000000000000000000000000000000000000000000000000000000000000000000000000000000000000
19,90,90,0x000003e4,331,0,0x000000000000000000000000000000000000000000000000000000000000000000000000000000000000000000000000
19,90,90,0x000003e4,332,0,0x000000000000000000000000000000000000000000000000000000000000000000000000000000000000000000000000
19,90,90,0x000003e4,333,0,0x000000000000000000000000000000000000000000000000000000000000000000000000000000000000000000000000
19,90,90,0x000003e4,334,0,0x000000000000000000000000000000000000000000000000000000000000000000000000000000000000000000000000
19,90,90,0x000003e4,335,0,0x000000000000000000000000000000000000000000000000000000000000000000000000000000000000000000000000
19,90,90,0x000003e4,336,0,0x000000000000000000000000000000000000000000000000000000000000000000000000000000000000000000000000
19,90,90,0x000003e4,337,0,0x000000000000000000000000000000000000000000000000000000000000000000000000000000000000000000000000
19,90,90,0x000003e4,338,0,0x000000000000000000000000000000000000000000000000000000000000000000000000000000000000000000000000
19,90,90,0x000003e4,339,0,0x000000000000000000000000000000000000000000000000000000000000000000000000000000000000000000000000
19,90,90,0x000003e4,340,0,0x000000000000000000000000000000000000000000000000000000000000000000000000000000000000000000000000
19,90,90,0x000003e4,341,0,0x000000000000000000000000000000000000000000000000000000000000000000000000000000000000000000000000
19,90,90,0x000003e4,342,0,0x000000000000000000000000000000000000000000000000000000000000000000000000000000000000000000000000
19,90,90,0x000003e4,343,0,0x000000000000000000000000000000000000000000000000000000000000000000000000000000000000000000000000
19,90,90,0x000003e4,344,0,0x000000000000000000000000000000000000000000000000000000000000000000000000000000000000000000000000
