source_chunk_id,local_chunk_id,label,input_batch_index,input_time_ns,input_first_fire_time_ns,input_last_fire_time_ns,input_stream_complete,input_valid,sim_input_ready,input_fire,input_ch0_s0,input_ch0_s1,input_ch0_s2,input_ch0_s3,input_ch1_s0,input_ch1_s1,input_ch1_s2,input_ch1_s3,input_ch2_s0,input_ch2_s1,input_ch2_s2,input_ch2_s3,input_ch3_s0,input_ch3_s1,input_ch3_s2,input_ch3_s3,input_ch4_s0,input_ch4_s1,input_ch4_s2,input_ch4_s3,input_ch5_s0,input_ch5_s1,input_ch5_s2,input_ch5_s3,input_ch6_s0,input_ch6_s1,input_ch6_s2,input_ch6_s3,input_ch7_s0,input_ch7_s1,input_ch7_s2,input_ch7_s3,cnn_result_seen,cnn_result_time_ns,cnn_score_hex,cnn_score_float,cnn_threshold_raw,cnn_threshold_float,trigger_decision,cnn_latency_cycles,cnn_latency_ns,event_present,event_index,event_output_time_ns,event_valid,event_ready,event_fire,event_chunk_id,event_timestamp,event_score_hex,event_batch_index,event_last,event_ch0_s0,event_ch0_s1,event_ch0_s2,event_ch0_s3,event_ch1_s0,event_ch1_s1,event_ch1_s2,event_ch1_s3,event_ch2_s0,event_ch2_s1,event_ch2_s2,event_ch2_s3,event_ch3_s0,event_ch3_s1,event_ch3_s2,event_ch3_s3,event_ch4_s0,event_ch4_s1,event_ch4_s2,event_ch4_s3,event_ch5_s0,event_ch5_s1,event_ch5_s2,event_ch5_s3,event_ch6_s0,event_ch6_s1,event_ch6_s2,event_ch6_s3,event_ch7_s0,event_ch7_s1,event_ch7_s2,event_ch7_s3,waveform_match,event_beat_count,event_complete,event_line_rate_ok,signal_readout_ok,noise_ignored_ok,continuous_readout_ok,chunk_overflow_count,adc_input_overflow_count,dropped_trigger_count,ring_miss_count
490,0,1,0,234,234,486,1,1,1,1,-23,73,35,-27,48,41,21,12,103,-44,-21,20,39,62,-40,35,0,0,0,0,0,0,0,0,0,0,0,0,0,0,0,0,1,1243,0x00001adc,3.357422,0,0.000000,1,202,1010.000,1,0,1298,1,1,1,0,0,0x00001adc,0,0,-23,73,35,-27,48,41,21,12,103,-44,-21,20,39,62,-40,35,0,0,0,0,0,0,0,0,0,0,0,0,0,0,0,0,1,64,1,1,1,0,0,0,0,0,0
490,0,1,1,238,234,486,1,1,1,1,-54,67,-11,-106,-67,50,12,-50,-107,150,-9,-31,-52,11,35,-108,0,0,0,0,0,0,0,0,0,0,0,0,0,0,0,0,1,1243,0x00001adc,3.357422,0,0.000000,1,202,1010.000,1,0,1302,1,1,1,0,0,0x00001adc,1,0,-54,67,-11,-106,-67,50,12,-50,-107,150,-9,-31,-52,11,35,-108,0,0,0,0,0,0,0,0,0,0,0,0,0,0,0,0,1,64,1,1,1,0,0,0,0,0,0
490,0,1,2,242,234,486,1,1,1,1,73,-21,146,-86,-44,72,38,10,-15,-55,44,14,62,88,-61,-1,0,0,0,0,0,0,0,0,0,0,0,0,0,0,0,0,1,1243,0x00001adc,3.357422,0,0.000000,1,202,1010.000,1,0,1306,1,1,1,0,0,0x00001adc,2,0,73,-21,146,-86,-44,72,38,10,-15,-55,44,14,62,88,-61,-1,0,0,0,0,0,0,0,0,0,0,0,0,0,0,0,0,1,64,1,1,1,0,0,0,0,0,0
490,0,1,3,246,234,486,1,1,1,1,-100,58,35,-75,-127,40,57,-12,69,-67,-56,102,-68,23,120,-79,0,0,0,0,0,0,0,0,0,0,0,0,0,0,0,0,1,1243,0x00001adc,3.357422,0,0.000000,1,202,1010.000,1,0,1310,1,1,1,0,0,0x00001adc,3,0,-100,58,35,-75,-127,40,57,-12,69,-67,-56,102,-68,23,120,-79,0,0,0,0,0,0,0,0,0,0,0,0,0,0,0,0,1,64,1,1,1,0,0,0,0,0,0
490,0,1,4,250,234,486,1,1,1,1,70,23,-16,-27,-17,3,51,-73,-44,-78,76,58,-34,-10,10,125,0,0,0,0,0,0,0,0,0,0,0,0,0,0,0,0,1,1243,0x00001adc,3.357422,0,0.000000,1,202,1010.000,1,0,1314,1,1,1,0,0,0x00001adc,4,0,70,23,-16,-27,-17,3,51,-73,-44,-78,76,58,-34,-10,10,125,0,0,0,0,0,0,0,0,0,0,0,0,0,0,0,0,1,64,1,1,1,0,0,0,0,0,0
490,0,1,5,254,234,486,1,1,1,1,-38,65,-51,23,-23,28,49,9,-13,-68,-50,83,-90,-71,110,-97,0,0,0,0,0,0,0,0,0,0,0,0,0,0,0,0,1,1243,0x00001adc,3.357422,0,0.000000,1,202,1010.000,1,0,1318,1,1,1,0,0,0x00001adc,5,0,-38,65,-51,23,-23,28,49,9,-13,-68,-50,83,-90,-71,110,-97,0,0,0,0,0,0,0,0,0,0,0,0,0,0,0,0,1,64,1,1,1,0,0,0,0,0,0
490,0,1,6,258,234,486,1,1,1,1,22,49,-134,22,-75,27,11,-8,-2,41,-37,-19,15,76,31,-72,0,0,0,0,0,0,0,0,0,0,0,0,0,0,0,0,1,1243,0x00001adc,3.357422,0,0.000000,1,202,1010.000,1,0,1322,1,1,1,0,0,0x00001adc,6,0,22,49,-134,22,-75,27,11,-8,-2,41,-37,-19,15,76,31,-72,0,0,0,0,0,0,0,0,0,0,0,0,0,0,0,0,1,64,1,1,1,0,0,0,0,0,0
490,0,1,7,262,234,486,1,1,1,1,91,3,-37,-30,63,-57,-65,26,-17,-58,128,36,-65,107,-75,10,0,0,0,0,0,0,0,0,0,0,0,0,0,0,0,0,1,1243,0x00001adc,3.357422,0,0.000000,1,202,1010.000,1,0,1326,1,1,1,0,0,0x00001adc,7,0,91,3,-37,-30,63,-57,-65,26,-17,-58,128,36,-65,107,-75,10,0,0,0,0,0,0,0,0,0,0,0,0,0,0,0,0,1,64,1,1,1,0,0,0,0,0,0
490,0,1,8,266,234,486,1,1,1,1,12,-42,111,-100,108,9,-175,89,-82,-81,62,69,55,-5,-42,24,0,0,0,0,0,0,0,0,0,0,0,0,0,0,0,0,1,1243,0x00001adc,3.357422,0,0.000000,1,202,1010.000,1,0,1330,1,1,1,0,0,0x00001adc,8,0,12,-42,111,-100,108,9,-175,89,-82,-81,62,69,55,-5,-42,24,0,0,0,0,0,0,0,0,0,0,0,0,0,0,0,0,1,64,1,1,1,0,0,0,0,0,0
490,0,1,9,270,234,486,1,1,1,1,68,25,-123,81,66,-96,38,14,39,-108,-39,15,15,-55,33,-15,0,0,0,0,0,0,0,0,0,0,0,0,0,0,0,0,1,1243,0x00001adc,3.357422,0,0.000000,1,202,1010.000,1,0,1334,1,1,1,0,0,0x00001adc,9,0,68,25,-123,81,66,-96,38,14,39,-108,-39,15,15,-55,33,-15,0,0,0,0,0,0,0,0,0,0,0,0,0,0,0,0,1,64,1,1,1,0,0,0,0,0,0
490,0,1,10,274,234,486,1,1,1,1,24,-68,1,96,20,-35,13,-76,102,-83,24,58,-8,54,-9,5,0,0,0,0,0,0,0,0,0,0,0,0,0,0,0,0,1,1243,0x00001adc,3.357422,0,0.000000,1,202,1010.000,1,0,1338,1,1,1,0,0,0x00001adc,10,0,24,-68,1,96,20,-35,13,-76,102,-83,24,58,-8,54,-9,5,0,0,0,0,0,0,0,0,0,0,0,0,0,0,0,0,1,64,1,1,1,0,0,0,0,0,0
490,0,1,11,278,234,486,1,1,1,1,-41,-72,75,-8,60,76,-13,-114,-30,-69,14,30,-86,65,-26,23,0,0,0,0,0,0,0,0,0,0,0,0,0,0,0,0,1,1243,0x00001adc,3.357422,0,0.000000,1,202,1010.000,1,0,1342,1,1,1,0,0,0x00001adc,11,0,-41,-72,75,-8,60,76,-13,-114,-30,-69,14,30,-86,65,-26,23,0,0,0,0,0,0,0,0,0,0,0,0,0,0,0,0,1,64,1,1,1,0,0,0,0,0,0
490,0,1,12,282,234,486,1,1,1,1,-27,-15,-12,48,26,-16,80,17,4,38,-1,-67,21,-11,-37,-27,0,0,0,0,0,0,0,0,0,0,0,0,0,0,0,0,1,1243,0x00001adc,3.357422,0,0.000000,1,202,1010.000,1,0,1346,1,1,1,0,0,0x00001adc,12,0,-27,-15,-12,48,26,-16,80,17,4,38,-1,-67,21,-11,-37,-27,0,0,0,0,0,0,0,0,0,0,0,0,0,0,0,0,1,64,1,1,1,0,0,0,0,0,0
490,0,1,13,286,234,486,1,1,1,1,91,-154,41,36,1,-38,-46,-35,-70,153,-24,-25,116,-52,-55,55,0,0,0,0,0,0,0,0,0,0,0,0,0,0,0,0,1,1243,0x00001adc,3.357422,0,0.000000,1,202,1010.000,1,0,1350,1,1,1,0,0,0x00001adc,13,0,91,-154,41,36,1,-38,-46,-35,-70,153,-24,-25,116,-52,-55,55,0,0,0,0,0,0,0,0,0,0,0,0,0,0,0,0,1,64,1,1,1,0,0,0,0,0,0
490,0,1,14,290,234,486,1,1,1,1,-89,75,95,-150,31,108,13,-144,-43,3,110,-108,-12,-38,41,37,0,0,0,0,0,0,0,0,0,0,0,0,0,0,0,0,1,1243,0x00001adc,3.357422,0,0.000000,1,202,1010.000,1,0,1354,1,1,1,0,0,0x00001adc,14,0,-89,75,95,-150,31,108,13,-144,-43,3,110,-108,-12,-38,41,37,0,0,0,0,0,0,0,0,0,0,0,0,0,0,0,0,1,64,1,1,1,0,0,0,0,0,0
490,0,1,15,294,234,486,1,1,1,1,11,-3,27,91,85,2,-170,261,1,18,106,-151,-64,19,-3,-17,0,0,0,0,0,0,0,0,0,0,0,0,0,0,0,0,1,1243,0x00001adc,3.357422,0,0.000000,1,202,1010.000,1,0,1358,1,1,1,0,0,0x00001adc,15,0,11,-3,27,91,85,2,-170,261,1,18,106,-151,-64,19,-3,-17,0,0,0,0,0,0,0,0,0,0,0,0,0,0,0,0,1,64,1,1,1,0,0,0,0,0,0
490,0,1,16,298,234,486,1,1,1,1,-22,-133,53,-21,-5,-261,76,136,15,92,21,-168,41,22,-65,64,0,0,0,0,0,0,0,0,0,0,0,0,0,0,0,0,1,1243,0x00001adc,3.357422,0,0.000000,1,202,1010.000,1,0,1362,1,1,1,0,0,0x00001adc,16,0,-22,-133,53,-21,-5,-261,76,136,15,92,21,-168,41,22,-65,64,0,0,0,0,0,0,0,0,0,0,0,0,0,0,0,0,1,64,1,1,1,0,0,0,0,0,0
490,0,1,17,302,234,486,1,1,1,1,52,85,-131,23,73,-73,-168,13,14,174,-27,-36,-73,-131,346,-127,0,0,0,0,0,0,0,0,0,0,0,0,0,0,0,0,1,1243,0x00001adc,3.357422,0,0.000000,1,202,1010.000,1,0,1366,1,1,1,0,0,0x00001adc,17,0,52,85,-131,23,73,-73,-168,13,14,174,-27,-36,-73,-131,346,-127,0,0,0,0,0,0,0,0,0,0,0,0,0,0,0,0,1,64,1,1,1,0,0,0,0,0,0
490,0,1,18,306,234,486,1,1,1,1,21,-13,12,-66,79,46,52,6,-89,-16,80,60,-228,168,180,-96,0,0,0,0,0,0,0,0,0,0,0,0,0,0,0,0,1,1243,0x00001adc,3.357422,0,0.000000,1,202,1010.000,1,0,1370,1,1,1,0,0,0x00001adc,18,0,21,-13,12,-66,79,46,52,6,-89,-16,80,60,-228,168,180,-96,0,0,0,0,0,0,0,0,0,0,0,0,0,0,0,0,1,64,1,1,1,0,0,0,0,0,0
490,0,1,19,310,234,486,1,1,1,1,101,-10,-38,26,-121,-82,124,20,16,-138,43,-10,-224,-9,182,71,0,0,0,0,0,0,0,0,0,0,0,0,0,0,0,0,1,1243,0x00001adc,3.357422,0,0.000000,1,202,1010.000,1,0,1374,1,1,1,0,0,0x00001adc,19,0,101,-10,-38,26,-121,-82,124,20,16,-138,43,-10,-224,-9,182,71,0,0,0,0,0,0,0,0,0,0,0,0,0,0,0,0,1,64,1,1,1,0,0,0,0,0,0
490,0,1,20,314,234,486,1,1,1,1,-52,27,17,-91,1,38,-164,22,31,69,-97,18,40,-187,-54,80,0,0,0,0,0,0,0,0,0,0,0,0,0,0,0,0,1,1243,0x00001adc,3.357422,0,0.000000,1,202,1010.000,1,0,1378,1,1,1,0,0,0x00001adc,20,0,-52,27,17,-91,1,38,-164,22,31,69,-97,18,40,-187,-54,80,0,0,0,0,0,0,0,0,0,0,0,0,0,0,0,0,1,64,1,1,1,0,0,0,0,0,0
490,0,1,21,318,234,486,1,1,1,1,156,-7,-140,36,183,-74,-7,-44,23,-42,20,28,-32,154,-39,-103,0,0,0,0,0,0,0,0,0,0,0,0,0,0,0,0,1,1243,0x00001adc,3.357422,0,0.000000,1,202,1010.000,1,0,1382,1,1,1,0,0,0x00001adc,21,0,156,-7,-140,36,183,-74,-7,-44,23,-42,20,28,-32,154,-39,-103,0,0,0,0,0,0,0,0,0,0,0,0,0,0,0,0,1,64,1,1,1,0,0,0,0,0,0
490,0,1,22,322,234,486,1,1,1,1,30,71,-45,-33,-81,91,69,-38,-29,52,-66,-26,-4,43,45,-62,0,0,0,0,0,0,0,0,0,0,0,0,0,0,0,0,1,1243,0x00001adc,3.357422,0,0.000000,1,202,1010.000,1,0,1386,1,1,1,0,0,0x00001adc,22,0,30,71,-45,-33,-81,91,69,-38,-29,52,-66,-26,-4,43,45,-62,0,0,0,0,0,0,0,0,0,0,0,0,0,0,0,0,1,64,1,1,1,0,0,0,0,0,0
490,0,1,23,326,234,486,1,1,1,1,-55,62,22,-19,-2,-49,14,-15,70,16,4,-31,-47,54,89,-72,0,0,0,0,0,0,0,0,0,0,0,0,0,0,0,0,1,1243,0x00001adc,3.357422,0,0.000000,1,202,1010.000,1,0,1390,1,1,1,0,0,0x00001adc,23,0,-55,62,22,-19,-2,-49,14,-15,70,16,4,-31,-47,54,89,-72,0,0,0,0,0,0,0,0,0,0,0,0,0,0,0,0,1,64,1,1,1,0,0,0,0,0,0
490,0,1,24,330,234,486,1,1,1,1,48,4,-82,-45,97,-42,-56,-7,-115,100,75,-2,59,-150,62,4,0,0,0,0,0,0,0,0,0,0,0,0,0,0,0,0,1,1243,0x00001adc,3.357422,0,0.000000,1,202,1010.000,1,0,1394,1,1,1,0,0,0x00001adc,24,0,48,4,-82,-45,97,-42,-56,-7,-115,100,75,-2,59,-150,62,4,0,0,0,0,0,0,0,0,0,0,0,0,0,0,0,0,1,64,1,1,1,0,0,0,0,0,0
490,0,1,25,334,234,486,1,1,1,1,102,-54,93,-62,44,-12,-23,151,-136,27,70,-47,30,45,-110,123,0,0,0,0,0,0,0,0,0,0,0,0,0,0,0,0,1,1243,0x00001adc,3.357422,0,0.000000,1,202,1010.000,1,0,1398,1,1,1,0,0,0x00001adc,25,0,102,-54,93,-62,44,-12,-23,151,-136,27,70,-47,30,45,-110,123,0,0,0,0,0,0,0,0,0,0,0,0,0,0,0,0,1,64,1,1,1,0,0,0,0,0,0
490,0,1,26,338,234,486,1,1,1,1,20,-38,14,-22,-143,8,-17,17,56,41,-118,15,-93,-37,100,6,0,0,0,0,0,0,0,0,0,0,0,0,0,0,0,0,1,1243,0x00001adc,3.357422,0,0.000000,1,202,1010.000,1,0,1402,1,1,1,0,0,0x00001adc,26,0,20,-38,14,-22,-143,8,-17,17,56,41,-118,15,-93,-37,100,6,0,0,0,0,0,0,0,0,0,0,0,0,0,0,0,0,1,64,1,1,1,0,0,0,0,0,0
490,0,1,27,342,234,486,1,1,1,1,-44,145,-4,-103,34,-18,48,-69,-50,144,-14,-66,-72,-4,19,6,0,0,0,0,0,0,0,0,0,0,0,0,0,0,0,0,1,1243,0x00001adc,3.357422,0,0.000000,1,202,1010.000,1,0,1406,1,1,1,0,0,0x00001adc,27,0,-44,145,-4,-103,34,-18,48,-69,-50,144,-14,-66,-72,-4,19,6,0,0,0,0,0,0,0,0,0,0,0,0,0,0,0,0,1,64,1,1,1,0,0,0,0,0,0
490,0,1,28,346,234,486,1,1,1,1,4,40,-4,-63,-12,-31,85,90,-67,109,31,-95,24,-10,7,18,0,0,0,0,0,0,0,0,0,0,0,0,0,0,0,0,1,1243,0x00001adc,3.357422,0,0.000000,1,202,1010.000,1,0,1410,1,1,1,0,0,0x00001adc,28,0,4,40,-4,-63,-12,-31,85,90,-67,109,31,-95,24,-10,7,18,0,0,0,0,0,0,0,0,0,0,0,0,0,0,0,0,1,64,1,1,1,0,0,0,0,0,0
490,0,1,29,350,234,486,1,1,1,1,95,-19,-75,112,-102,-66,26,45,15,57,-18,-70,-67,6,6,43,0,0,0,0,0,0,0,0,0,0,0,0,0,0,0,0,1,1243,0x00001adc,3.357422,0,0.000000,1,202,1010.000,1,0,1414,1,1,1,0,0,0x00001adc,29,0,95,-19,-75,112,-102,-66,26,45,15,57,-18,-70,-67,6,6,43,0,0,0,0,0,0,0,0,0,0,0,0,0,0,0,0,1,64,1,1,1,0,0,0,0,0,0
490,0,1,30,354,234,486,1,1,1,1,-76,84,-98,-70,12,-82,66,37,31,60,-14,-27,3,-37,31,-34,0,0,0,0,0,0,0,0,0,0,0,0,0,0,0,0,1,1243,0x00001adc,3.357422,0,0.000000,1,202,1010.000,1,0,1418,1,1,1,0,0,0x00001adc,30,0,-76,84,-98,-70,12,-82,66,37,31,60,-14,-27,3,-37,31,-34,0,0,0,0,0,0,0,0,0,0,0,0,0,0,0,0,1,64,1,1,1,0,0,0,0,0,0
490,0,1,31,358,234,486,1,1,1,1,165,-45,4,10,-64,46,-47,6,-2,-34,30,7,8,-3,6,44,0,0,0,0,0,0,0,0,0,0,0,0,0,0,0,0,1,1243,0x00001adc,3.357422,0,0.000000,1,202,1010.000,1,0,1422,1,1,1,0,0,0x00001adc,31,0,165,-45,4,10,-64,46,-47,6,-2,-34,30,7,8,-3,6,44,0,0,0,0,0,0,0,0,0,0,0,0,0,0,0,0,1,64,1,1,1,0,0,0,0,0,0
490,0,1,32,362,234,486,1,1,1,1,-88,57,27,-43,44,-34,-84,111,8,92,-130,-85,-70,-14,66,24,0,0,0,0,0,0,0,0,0,0,0,0,0,0,0,0,1,1243,0x00001adc,3.357422,0,0.000000,1,202,1010.000,1,0,1426,1,1,1,0,0,0x00001adc,32,0,-88,57,27,-43,44,-34,-84,111,8,92,-130,-85,-70,-14,66,24,0,0,0,0,0,0,0,0,0,0,0,0,0,0,0,0,1,64,1,1,1,0,0,0,0,0,0
490,0,1,33,366,234,486,1,1,1,1,-6,40,40,-84,74,-119,3,-3,192,-21,-151,131,-5,-78,-29,22,0,0,0,0,0,0,0,0,0,0,0,0,0,0,0,0,1,1243,0x00001adc,3.357422,0,0.000000,1,202,1010.000,1,0,1430,1,1,1,0,0,0x00001adc,33,0,-6,40,40,-84,74,-119,3,-3,192,-21,-151,131,-5,-78,-29,22,0,0,0,0,0,0,0,0,0,0,0,0,0,0,0,0,1,64,1,1,1,0,0,0,0,0,0
490,0,1,34,370,234,486,1,1,1,1,33,-33,-2,63,-9,36,57,-62,20,-68,-12,-40,108,-24,0,-106,0,0,0,0,0,0,0,0,0,0,0,0,0,0,0,0,1,1243,0x00001adc,3.357422,0,0.000000,1,202,1010.000,1,0,1434,1,1,1,0,0,0x00001adc,34,0,33,-33,-2,63,-9,36,57,-62,20,-68,-12,-40,108,-24,0,-106,0,0,0,0,0,0,0,0,0,0,0,0,0,0,0,0,1,64,1,1,1,0,0,0,0,0,0
490,0,1,35,374,234,486,1,1,1,1,11,-73,40,-45,-13,-10,55,-51,88,35,8,-82,-8,134,-37,-26,0,0,0,0,0,0,0,0,0,0,0,0,0,0,0,0,1,1243,0x00001adc,3.357422,0,0.000000,1,202,1010.000,1,0,1438,1,1,1,0,0,0x00001adc,35,0,11,-73,40,-45,-13,-10,55,-51,88,35,8,-82,-8,134,-37,-26,0,0,0,0,0,0,0,0,0,0,0,0,0,0,0,0,1,64,1,1,1,0,0,0,0,0,0
490,0,1,36,378,234,486,1,1,1,1,32,43,25,-135,11,-20,69,-5,-74,75,72,-48,-3,26,-46,-12,0,0,0,0,0,0,0,0,0,0,0,0,0,0,0,0,1,1243,0x00001adc,3.357422,0,0.000000,1,202,1010.000,1,0,1442,1,1,1,0,0,0x00001adc,36,0,32,43,25,-135,11,-20,69,-5,-74,75,72,-48,-3,26,-46,-12,0,0,0,0,0,0,0,0,0,0,0,0,0,0,0,0,1,64,1,1,1,0,0,0,0,0,0
490,0,1,37,382,234,486,1,1,1,1,11,124,-102,94,-89,37,94,-79,-2,35,-108,119,88,-56,-37,100,0,0,0,0,0,0,0,0,0,0,0,0,0,0,0,0,1,1243,0x00001adc,3.357422,0,0.000000,1,202,1010.000,1,0,1446,1,1,1,0,0,0x00001adc,37,0,11,124,-102,94,-89,37,94,-79,-2,35,-108,119,88,-56,-37,100,0,0,0,0,0,0,0,0,0,0,0,0,0,0,0,0,1,64,1,1,1,0,0,0,0,0,0
490,0,1,38,386,234,486,1,1,1,1,-69,-24,67,8,-73,102,-25,36,-74,0,16,34,-101,60,62,-160,0,0,0,0,0,0,0,0,0,0,0,0,0,0,0,0,1,1243,0x00001adc,3.357422,0,0.000000,1,202,1010.000,1,0,1450,1,1,1,0,0,0x00001adc,38,0,-69,-24,67,8,-73,102,-25,36,-74,0,16,34,-101,60,62,-160,0,0,0,0,0,0,0,0,0,0,0,0,0,0,0,0,1,64,1,1,1,0,0,0,0,0,0
490,0,1,39,390,234,486,1,1,1,1,-75,-39,151,-92,-48,-36,72,19,62,-153,87,-67,14,142,-98,66,0,0,0,0,0,0,0,0,0,0,0,0,0,0,0,0,1,1243,0x00001adc,3.357422,0,0.000000,1,202,1010.000,1,0,1454,1,1,1,0,0,0x00001adc,39,0,-75,-39,151,-92,-48,-36,72,19,62,-153,87,-67,14,142,-98,66,0,0,0,0,0,0,0,0,0,0,0,0,0,0,0,0,1,64,1,1,1,0,0,0,0,0,0
490,0,1,40,394,234,486,1,1,1,1,73,-49,-44,-23,-65,17,-28,33,27,71,-43,10,-54,-52,82,6,0,0,0,0,0,0,0,0,0,0,0,0,0,0,0,0,1,1243,0x00001adc,3.357422,0,0.000000,1,202,1010.000,1,0,1458,1,1,1,0,0,0x00001adc,40,0,73,-49,-44,-23,-65,17,-28,33,27,71,-43,10,-54,-52,82,6,0,0,0,0,0,0,0,0,0,0,0,0,0,0,0,0,1,64,1,1,1,0,0,0,0,0,0
490,0,1,41,398,234,486,1,1,1,1,93,35,-66,-30,48,-88,61,7,-5,-44,15,-20,12,-58,-71,155,0,0,0,0,0,0,0,0,0,0,0,0,0,0,0,0,1,1243,0x00001adc,3.357422,0,0.000000,1,202,1010.000,1,0,1462,1,1,1,0,0,0x00001adc,41,0,93,35,-66,-30,48,-88,61,7,-5,-44,15,-20,12,-58,-71,155,0,0,0,0,0,0,0,0,0,0,0,0,0,0,0,0,1,64,1,1,1,0,0,0,0,0,0
490,0,1,42,402,234,486,1,1,1,1,-23,75,35,-90,-17,-47,-41,141,126,-59,-96,22,-43,-61,49,-14,0,0,0,0,0,0,0,0,0,0,0,0,0,0,0,0,1,1243,0x00001adc,3.357422,0,0.000000,1,202,1010.000,1,0,1466,1,1,1,0,0,0x00001adc,42,0,-23,75,35,-90,-17,-47,-41,141,126,-59,-96,22,-43,-61,49,-14,0,0,0,0,0,0,0,0,0,0,0,0,0,0,0,0,1,64,1,1,1,0,0,0,0,0,0
490,0,1,43,406,234,486,1,1,1,1,35,-2,-2,54,-34,1,-40,-53,143,-58,-84,20,17,-30,57,-24,0,0,0,0,0,0,0,0,0,0,0,0,0,0,0,0,1,1243,0x00001adc,3.357422,0,0.000000,1,202,1010.000,1,0,1470,1,1,1,0,0,0x00001adc,43,0,35,-2,-2,54,-34,1,-40,-53,143,-58,-84,20,17,-30,57,-24,0,0,0,0,0,0,0,0,0,0,0,0,0,0,0,0,1,64,1,1,1,0,0,0,0,0,0
490,0,1,44,410,234,486,1,1,1,1,-111,55,35,-42,78,-57,69,61,-20,69,-22,85,-68,89,-105,70,0,0,0,0,0,0,0,0,0,0,0,0,0,0,0,0,1,1243,0x00001adc,3.357422,0,0.000000,1,202,1010.000,1,0,1474,1,1,1,0,0,0x00001adc,44,0,-111,55,35,-42,78,-57,69,61,-20,69,-22,85,-68,89,-105,70,0,0,0,0,0,0,0,0,0,0,0,0,0,0,0,0,1,64,1,1,1,0,0,0,0,0,0
490,0,1,45,414,234,486,1,1,1,1,82,-127,42,26,-132,-18,100,-16,-81,-50,42,-2,19,66,-80,-107,0,0,0,0,0,0,0,0,0,0,0,0,0,0,0,0,1,1243,0x00001adc,3.357422,0,0.000000,1,202,1010.000,1,0,1478,1,1,1,0,0,0x00001adc,45,0,82,-127,42,26,-132,-18,100,-16,-81,-50,42,-2,19,66,-80,-107,0,0,0,0,0,0,0,0,0,0,0,0,0,0,0,0,1,64,1,1,1,0,0,0,0,0,0
490,0,1,46,418,234,486,1,1,1,1,-63,110,5,-61,-6,-28,-17,36,-32,52,30,-64,76,53,-8,34,0,0,0,0,0,0,0,0,0,0,0,0,0,0,0,0,1,1243,0x00001adc,3.357422,0,0.000000,1,202,1010.000,1,0,1482,1,1,1,0,0,0x00001adc,46,0,-63,110,5,-61,-6,-28,-17,36,-32,52,30,-64,76,53,-8,34,0,0,0,0,0,0,0,0,0,0,0,0,0,0,0,0,1,64,1,1,1,0,0,0,0,0,0
490,0,1,47,422,234,486,1,1,1,1,-64,44,16,11,3,-25,60,-57,53,-40,-20,16,-95,-11,118,-79,0,0,0,0,0,0,0,0,0,0,0,0,0,0,0,0,1,1243,0x00001adc,3.357422,0,0.000000,1,202,1010.000,1,0,1486,1,1,1,0,0,0x00001adc,47,0,-64,44,16,11,3,-25,60,-57,53,-40,-20,16,-95,-11,118,-79,0,0,0,0,0,0,0,0,0,0,0,0,0,0,0,0,1,64,1,1,1,0,0,0,0,0,0
490,0,1,48,426,234,486,1,1,1,1,55,-78,-2,8,-47,112,-87,15,37,31,-108,6,-45,79,-3,4,0,0,0,0,0,0,0,0,0,0,0,0,0,0,0,0,1,1243,0x00001adc,3.357422,0,0.000000,1,202,1010.000,1,0,1490,1,1,1,0,0,0x00001adc,48,0,55,-78,-2,8,-47,112,-87,15,37,31,-108,6,-45,79,-3,4,0,0,0,0,0,0,0,0,0,0,0,0,0,0,0,0,1,64,1,1,1,0,0,0,0,0,0
490,0,1,49,430,234,486,1,1,1,1,-14,49,0,-25,112,-49,-138,89,78,-32,9,28,-22,9,-64,24,0,0,0,0,0,0,0,0,0,0,0,0,0,0,0,0,1,1243,0x00001adc,3.357422,0,0.000000,1,202,1010.000,1,0,1494,1,1,1,0,0,0x00001adc,49,0,-14,49,0,-25,112,-49,-138,89,78,-32,9,28,-22,9,-64,24,0,0,0,0,0,0,0,0,0,0,0,0,0,0,0,0,1,64,1,1,1,0,0,0,0,0,0
490,0,1,50,434,234,486,1,1,1,1,-10,-17,14,35,12,-11,-11,51,-54,-10,1,101,105,-55,-78,70,0,0,0,0,0,0,0,0,0,0,0,0,0,0,0,0,1,1243,0x00001adc,3.357422,0,0.000000,1,202,1010.000,1,0,1498,1,1,1,0,0,0x00001adc,50,0,-10,-17,14,35,12,-11,-11,51,-54,-10,1,101,105,-55,-78,70,0,0,0,0,0,0,0,0,0,0,0,0,0,0,0,0,1,64,1,1,1,0,0,0,0,0,0
490,0,1,51,438,234,486,1,1,1,1,13,-5,-93,22,57,-156,13,81,-87,-11,118,-172,38,-105,40,-5,0,0,0,0,0,0,0,0,0,0,0,0,0,0,0,0,1,1243,0x00001adc,3.357422,0,0.000000,1,202,1010.000,1,0,1502,1,1,1,0,0,0x00001adc,51,0,13,-5,-93,22,57,-156,13,81,-87,-11,118,-172,38,-105,40,-5,0,0,0,0,0,0,0,0,0,0,0,0,0,0,0,0,1,64,1,1,1,0,0,0,0,0,0
490,0,1,52,442,234,486,1,1,1,1,43,27,30,-34,-55,58,-4,-72,81,-14,-40,147,55,17,-69,-33,0,0,0,0,0,0,0,0,0,0,0,0,0,0,0,0,1,1243,0x00001adc,3.357422,0,0.000000,1,202,1010.000,1,0,1506,1,1,1,0,0,0x00001adc,52,0,43,27,30,-34,-55,58,-4,-72,81,-14,-40,147,55,17,-69,-33,0,0,0,0,0,0,0,0,0,0,0,0,0,0,0,0,1,64,1,1,1,0,0,0,0,0,0
490,0,1,53,446,234,486,1,1,1,1,-96,38,60,3,36,88,-66,-64,-68,-35,-10,-21,87,-19,-106,88,0,0,0,0,0,0,0,0,0,0,0,0,0,0,0,0,1,1243,0x00001adc,3.357422,0,0.000000,1,202,1010.000,1,0,1510,1,1,1,0,0,0x00001adc,53,0,-96,38,60,3,36,88,-66,-64,-68,-35,-10,-21,87,-19,-106,88,0,0,0,0,0,0,0,0,0,0,0,0,0,0,0,0,1,64,1,1,1,0,0,0,0,0,0
490,0,1,54,450,234,486,1,1,1,1,-61,31,32,-58,-1,84,-22,-11,46,11,-25,39,56,-3,-71,-24,0,0,0,0,0,0,0,0,0,0,0,0,0,0,0,0,1,1243,0x00001adc,3.357422,0,0.000000,1,202,1010.000,1,0,1514,1,1,1,0,0,0x00001adc,54,0,-61,31,32,-58,-1,84,-22,-11,46,11,-25,39,56,-3,-71,-24,0,0,0,0,0,0,0,0,0,0,0,0,0,0,0,0,1,64,1,1,1,0,0,0,0,0,0
490,0,1,55,454,234,486,1,1,1,1,29,12,2,-18,29,-42,30,-2,-22,-49,51,31,-2,40,93,-125,0,0,0,0,0,0,0,0,0,0,0,0,0,0,0,0,1,1243,0x00001adc,3.357422,0,0.000000,1,202,1010.000,1,0,1518,1,1,1,0,0,0x00001adc,55,0,29,12,2,-18,29,-42,30,-2,-22,-49,51,31,-2,40,93,-125,0,0,0,0,0,0,0,0,0,0,0,0,0,0,0,0,1,64,1,1,1,0,0,0,0,0,0
490,0,1,56,458,234,486,1,1,1,1,-62,34,98,-45,-42,43,-37,37,-41,-62,81,67,63,-71,25,52,0,0,0,0,0,0,0,0,0,0,0,0,0,0,0,0,1,1243,0x00001adc,3.357422,0,0.000000,1,202,1010.000,1,0,1522,1,1,1,0,0,0x00001adc,56,0,-62,34,98,-45,-42,43,-37,37,-41,-62,81,67,63,-71,25,52,0,0,0,0,0,0,0,0,0,0,0,0,0,0,0,0,1,64,1,1,1,0,0,0,0,0,0
490,0,1,57,462,234,486,1,1,1,1,-1,-9,-91,36,52,-119,70,-17,-130,8,63,-8,-51,-7,25,52,0,0,0,0,0,0,0,0,0,0,0,0,0,0,0,0,1,1243,0x00001adc,3.357422,0,0.000000,1,202,1010.000,1,0,1526,1,1,1,0,0,0x00001adc,57,0,-1,-9,-91,36,52,-119,70,-17,-130,8,63,-8,-51,-7,25,52,0,0,0,0,0,0,0,0,0,0,0,0,0,0,0,0,1,64,1,1,1,0,0,0,0,0,0
490,0,1,58,466,234,486,1,1,1,1,111,-30,-93,78,4,27,-109,81,-30,16,47,-113,-53,-33,-39,109,0,0,0,0,0,0,0,0,0,0,0,0,0,0,0,0,1,1243,0x00001adc,3.357422,0,0.000000,1,202,1010.000,1,0,1530,1,1,1,0,0,0x00001adc,58,0,111,-30,-93,78,4,27,-109,81,-30,16,47,-113,-53,-33,-39,109,0,0,0,0,0,0,0,0,0,0,0,0,0,0,0,0,1,64,1,1,1,0,0,0,0,0,0
490,0,1,59,470,234,486,1,1,1,1,-21,-52,112,-50,141,-170,-66,164,33,84,1,-72,3,-1,-80,-14,0,0,0,0,0,0,0,0,0,0,0,0,0,0,0,0,1,1243,0x00001adc,3.357422,0,0.000000,1,202,1010.000,1,0,1534,1,1,1,0,0,0x00001adc,59,0,-21,-52,112,-50,141,-170,-66,164,33,84,1,-72,3,-1,-80,-14,0,0,0,0,0,0,0,0,0,0,0,0,0,0,0,0,1,64,1,1,1,0,0,0,0,0,0
490,0,1,60,474,234,486,1,1,1,1,-37,-3,34,6,-56,-76,79,23,-45,96,-31,-3,58,-9,4,50,0,0,0,0,0,0,0,0,0,0,0,0,0,0,0,0,1,1243,0x00001adc,3.357422,0,0.000000,1,202,1010.000,1,0,1538,1,1,1,0,0,0x00001adc,60,0,-37,-3,34,6,-56,-76,79,23,-45,96,-31,-3,58,-9,4,50,0,0,0,0,0,0,0,0,0,0,0,0,0,0,0,0,1,64,1,1,1,0,0,0,0,0,0
490,0,1,61,478,234,486,1,1,1,1,-14,46,-48,-14,-11,2,-48,-53,9,-12,-28,95,-62,21,-64,74,0,0,0,0,0,0,0,0,0,0,0,0,0,0,0,0,1,1243,0x00001adc,3.357422,0,0.000000,1,202,1010.000,1,0,1542,1,1,1,0,0,0x00001adc,61,0,-14,46,-48,-14,-11,2,-48,-53,9,-12,-28,95,-62,21,-64,74,0,0,0,0,0,0,0,0,0,0,0,0,0,0,0,0,1,64,1,1,1,0,0,0,0,0,0
490,0,1,62,482,234,486,1,1,1,1,-49,101,16,-76,74,36,-3,-37,-51,-41,43,2,9,-86,67,14,0,0,0,0,0,0,0,0,0,0,0,0,0,0,0,0,1,1243,0x00001adc,3.357422,0,0.000000,1,202,1010.000,1,0,1546,1,1,1,0,0,0x00001adc,62,0,-49,101,16,-76,74,36,-3,-37,-51,-41,43,2,9,-86,67,14,0,0,0,0,0,0,0,0,0,0,0,0,0,0,0,0,1,64,1,1,1,0,0,0,0,0,0
490,0,1,63,486,234,486,1,1,1,1,57,-63,62,-66,-2,-4,-22,93,-33,0,1,59,-40,22,13,-77,0,0,0,0,0,0,0,0,0,0,0,0,0,0,0,0,1,1243,0x00001adc,3.357422,0,0.000000,1,202,1010.000,1,0,1550,1,1,1,0,0,0x00001adc,63,1,57,-63,62,-66,-2,-4,-22,93,-33,0,1,59,-40,22,13,-77,0,0,0,0,0,0,0,0,0,0,0,0,0,0,0,0,1,64,1,1,1,0,0,0,0,0,0
491,1,0,0,490,490,742,1,1,1,1,-61,53,-12,76,21,-37,3,76,-35,140,-53,-60,31,-42,-38,22,0,0,0,0,0,0,0,0,0,0,0,0,0,0,0,0,1,1498,0x003feef9,-2.128418,0,0.000000,0,202,1010.000,0,,,0,0,0,,,,,0,,,,,,,,,,,,,,,,,,,,,,,,,,,,,,,,,,0,0,0,0,1,0,0,0,0,0
491,1,0,1,494,490,742,1,1,1,1,-56,-20,-30,96,-44,-53,27,18,28,29,-92,104,1,37,43,-68,0,0,0,0,0,0,0,0,0,0,0,0,0,0,0,0,1,1498,0x003feef9,-2.128418,0,0.000000,0,202,1010.000,0,,,0,0,0,,,,,0,,,,,,,,,,,,,,,,,,,,,,,,,,,,,,,,,,0,0,0,0,1,0,0,0,0,0
491,1,0,2,498,490,742,1,1,1,1,-25,-107,106,35,4,-49,46,6,19,-50,-30,19,-79,26,93,26,0,0,0,0,0,0,0,0,0,0,0,0,0,0,0,0,1,1498,0x003feef9,-2.128418,0,0.000000,0,202,1010.000,0,,,0,0,0,,,,,0,,,,,,,,,,,,,,,,,,,,,,,,,,,,,,,,,,0,0,0,0,1,0,0,0,0,0
491,1,0,3,502,490,742,1,1,1,1,-112,32,45,-54,0,-21,25,17,-5,22,16,-59,-38,-60,-19,24,0,0,0,0,0,0,0,0,0,0,0,0,0,0,0,0,1,1498,0x003feef9,-2.128418,0,0.000000,0,202,1010.000,0,,,0,0,0,,,,,0,,,,,,,,,,,,,,,,,,,,,,,,,,,,,,,,,,0,0,0,0,1,0,0,0,0,0
491,1,0,4,506,490,742,1,1,1,1,116,-103,5,-9,-115,55,107,-85,99,-71,-60,88,60,-9,-33,23,0,0,0,0,0,0,0,0,0,0,0,0,0,0,0,0,1,1498,0x003feef9,-2.128418,0,0.000000,0,202,1010.000,0,,,0,0,0,,,,,0,,,,,,,,,,,,,,,,,,,,,,,,,,,,,,,,,,0,0,0,0,1,0,0,0,0,0
491,1,0,5,510,490,742,1,1,1,1,-24,48,43,-70,-79,108,-12,55,2,-52,77,-93,9,-84,67,25,0,0,0,0,0,0,0,0,0,0,0,0,0,0,0,0,1,1498,0x003feef9,-2.128418,0,0.000000,0,202,1010.000,0,,,0,0,0,,,,,0,,,,,,,,,,,,,,,,,,,,,,,,,,,,,,,,,,0,0,0,0,1,0,0,0,0,0
491,1,0,6,514,490,742,1,1,1,1,-38,185,-91,-112,-93,-41,51,38,46,52,-91,81,-58,26,-3,22,0,0,0,0,0,0,0,0,0,0,0,0,0,0,0,0,1,1498,0x003feef9,-2.128418,0,0.000000,0,202,1010.000,0,,,0,0,0,,,,,0,,,,,,,,,,,,,,,,,,,,,,,,,,,,,,,,,,0,0,0,0,1,0,0,0,0,0
491,1,0,7,518,490,742,1,1,1,1,46,51,-46,55,-3,-46,59,-47,-114,57,76,-57,-31,54,-94,63,0,0,0,0,0,0,0,0,0,0,0,0,0,0,0,0,1,1498,0x003feef9,-2.128418,0,0.000000,0,202,1010.000,0,,,0,0,0,,,,,0,,,,,,,,,,,,,,,,,,,,,,,,,,,,,,,,,,0,0,0,0,1,0,0,0,0,0
491,1,0,8,522,490,742,1,1,1,1,16,-74,-11,31,-43,76,-28,45,29,-46,-52,76,-42,16,69,16,0,0,0,0,0,0,0,0,0,0,0,0,0,0,0,0,1,1498,0x003feef9,-2.128418,0,0.000000,0,202,1010.000,0,,,0,0,0,,,,,0,,,,,,,,,,,,,,,,,,,,,,,,,,,,,,,,,,0,0,0,0,1,0,0,0,0,0
491,1,0,9,526,490,742,1,1,1,1,77,-37,-35,-29,-36,-21,-38,59,9,-8,0,-24,-103,-42,38,65,0,0,0,0,0,0,0,0,0,0,0,0,0,0,0,0,1,1498,0x003feef9,-2.128418,0,0.000000,0,202,1010.000,0,,,0,0,0,,,,,0,,,,,,,,,,,,,,,,,,,,,,,,,,,,,,,,,,0,0,0,0,1,0,0,0,0,0
491,1,0,10,530,490,742,1,1,1,1,-32,65,103,-111,78,-46,-109,-5,13,-3,-4,-27,-25,71,-61,-83,0,0,0,0,0,0,0,0,0,0,0,0,0,0,0,0,1,1498,0x003feef9,-2.128418,0,0.000000,0,202,1010.000,0,,,0,0,0,,,,,0,,,,,,,,,,,,,,,,,,,,,,,,,,,,,,,,,,0,0,0,0,1,0,0,0,0,0
491,1,0,11,534,490,742,1,1,1,1,-7,-21,43,63,133,36,-137,8,76,-9,-75,61,117,-57,-69,113,0,0,0,0,0,0,0,0,0,0,0,0,0,0,0,0,1,1498,0x003feef9,-2.128418,0,0.000000,0,202,1010.000,0,,,0,0,0,,,,,0,,,,,,,,,,,,,,,,,,,,,,,,,,,,,,,,,,0,0,0,0,1,0,0,0,0,0
491,1,0,12,538,490,742,1,1,1,1,-144,100,5,-44,52,-15,-3,14,-1,-69,76,-7,-37,13,5,6,0,0,0,0,0,0,0,0,0,0,0,0,0,0,0,0,1,1498,0x003feef9,-2.128418,0,0.000000,0,202,1010.000,0,,,0,0,0,,,,,0,,,,,,,,,,,,,,,,,,,,,,,,,,,,,,,,,,0,0,0,0,1,0,0,0,0,0
491,1,0,13,542,490,742,1,1,1,1,-14,41,31,-33,33,-20,-81,18,-45,22,21,25,-46,67,-56,-50,0,0,0,0,0,0,0,0,0,0,0,0,0,0,0,0,1,1498,0x003feef9,-2.128418,0,0.000000,0,202,1010.000,0,,,0,0,0,,,,,0,,,,,,,,,,,,,,,,,,,,,,,,,,,,,,,,,,0,0,0,0,1,0,0,0,0,0
491,1,0,14,546,490,742,1,1,1,1,-42,-5,-15,160,66,11,-18,-89,-47,-45,20,95,82,7,23,-103,0,0,0,0,0,0,0,0,0,0,0,0,0,0,0,0,1,1498,0x003feef9,-2.128418,0,0.000000,0,202,1010.000,0,,,0,0,0,,,,,0,,,,,,,,,,,,,,,,,,,,,,,,,,,,,,,,,,0,0,0,0,1,0,0,0,0,0
491,1,0,15,550,490,742,1,1,1,1,-30,-147,22,23,63,88,-62,-96,-35,-89,127,-121,15,61,-23,59,0,0,0,0,0,0,0,0,0,0,0,0,0,0,0,0,1,1498,0x003feef9,-2.128418,0,0.000000,0,202,1010.000,0,,,0,0,0,,,,,0,,,,,,,,,,,,,,,,,,,,,,,,,,,,,,,,,,0,0,0,0,1,0,0,0,0,0
491,1,0,16,554,490,742,1,1,1,1,77,-26,-64,31,65,59,-18,-40,16,70,32,-42,-46,-50,7,41,0,0,0,0,0,0,0,0,0,0,0,0,0,0,0,0,1,1498,0x003feef9,-2.128418,0,0.000000,0,202,1010.000,0,,,0,0,0,,,,,0,,,,,,,,,,,,,,,,,,,,,,,,,,,,,,,,,,0,0,0,0,1,0,0,0,0,0
491,1,0,17,558,490,742,1,1,1,1,31,3,-57,17,-53,39,75,87,-88,40,-20,45,40,-72,-13,18,0,0,0,0,0,0,0,0,0,0,0,0,0,0,0,0,1,1498,0x003feef9,-2.128418,0,0.000000,0,202,1010.000,0,,,0,0,0,,,,,0,,,,,,,,,,,,,,,,,,,,,,,,,,,,,,,,,,0,0,0,0,1,0,0,0,0,0
491,1,0,18,562,490,742,1,1,1,1,28,18,-91,80,-149,-181,204,90,180,-144,-224,140,64,-40,-13,-31,0,0,0,0,0,0,0,0,0,0,0,0,0,0,0,0,1,1498,0x003feef9,-2.128418,0,0.000000,0,202,1010.000,0,,,0,0,0,,,,,0,,,,,,,,,,,,,,,,,,,,,,,,,,,,,,,,,,0,0,0,0,1,0,0,0,0,0
491,1,0,19,566,490,742,1,1,1,1,26,-106,68,12,-83,-5,-57,30,77,75,-70,-74,53,62,-100,-57,0,0,0,0,0,0,0,0,0,0,0,0,0,0,0,0,1,1498,0x003feef9,-2.128418,0,0.000000,0,202,1010.000,0,,,0,0,0,,,,,0,,,,,,,,,,,,,,,,,,,,,,,,,,,,,,,,,,0,0,0,0,1,0,0,0,0,0
491,1,0,20,570,490,742,1,1,1,1,-43,72,-94,10,37,-17,23,-56,11,-20,60,14,94,-4,36,-19,0,0,0,0,0,0,0,0,0,0,0,0,0,0,0,0,1,1498,0x003feef9,-2.128418,0,0.000000,0,202,1010.000,0,,,0,0,0,,,,,0,,,,,,,,,,,,,,,,,,,,,,,,,,,,,,,,,,0,0,0,0,1,0,0,0,0,0
491,1,0,21,574,490,742,1,1,1,1,68,-15,57,-176,-25,147,-92,-93,40,-106,14,14,-93,12,83,31,0,0,0,0,0,0,0,0,0,0,0,0,0,0,0,0,1,1498,0x003feef9,-2.128418,0,0.000000,0,202,1010.000,0,,,0,0,0,,,,,0,,,,,,,,,,,,,,,,,,,,,,,,,,,,,,,,,,0,0,0,0,1,0,0,0,0,0
491,1,0,22,578,490,742,1,1,1,1,49,86,27,-58,93,62,22,-143,21,8,-11,-10,-83,29,-66,79,0,0,0,0,0,0,0,0,0,0,0,0,0,0,0,0,1,1498,0x003feef9,-2.128418,0,0.000000,0,202,1010.000,0,,,0,0,0,,,,,0,,,,,,,,,,,,,,,,,,,,,,,,,,,,,,,,,,0,0,0,0,1,0,0,0,0,0
491,1,0,23,582,490,742,1,1,1,1,-68,118,-34,-109,-70,186,27,-91,-47,75,24,-67,48,-95,-21,-5,0,0,0,0,0,0,0,0,0,0,0,0,0,0,0,0,1,1498,0x003feef9,-2.128418,0,0.000000,0,202,1010.000,0,,,0,0,0,,,,,0,,,,,,,,,,,,,,,,,,,,,,,,,,,,,,,,,,0,0,0,0,1,0,0,0,0,0
491,1,0,24,586,490,742,1,1,1,1,77,62,-22,-5,-74,89,27,-5,3,5,-16,36,179,-119,-88,89,0,0,0,0,0,0,0,0,0,0,0,0,0,0,0,0,1,1498,0x003feef9,-2.128418,0,0.000000,0,202,1010.000,0,,,0,0,0,,,,,0,,,,,,,,,,,,,,,,,,,,,,,,,,,,,,,,,,0,0,0,0,1,0,0,0,0,0
491,1,0,25,590,490,742,1,1,1,1,-62,13,15,-6,-51,5,-2,21,2,59,-143,41,10,-37,-4,97,0,0,0,0,0,0,0,0,0,0,0,0,0,0,0,0,1,1498,0x003feef9,-2.128418,0,0.000000,0,202,1010.000,0,,,0,0,0,,,,,0,,,,,,,,,,,,,,,,,,,,,,,,,,,,,,,,,,0,0,0,0,1,0,0,0,0,0
491,1,0,26,594,490,742,1,1,1,1,109,-95,-68,130,4,-9,51,-57,101,-94,8,-8,-77,-40,62,-15,0,0,0,0,0,0,0,0,0,0,0,0,0,0,0,0,1,1498,0x003feef9,-2.128418,0,0.000000,0,202,1010.000,0,,,0,0,0,,,,,0,,,,,,,,,,,,,,,,,,,,,,,,,,,,,,,,,,0,0,0,0,1,0,0,0,0,0
491,1,0,27,598,490,742,1,1,1,1,-108,38,55,-28,-87,120,49,-78,33,67,-114,-14,-62,72,31,1,0,0,0,0,0,0,0,0,0,0,0,0,0,0,0,0,1,1498,0x003feef9,-2.128418,0,0.000000,0,202,1010.000,0,,,0,0,0,,,,,0,,,,,,,,,,,,,,,,,,,,,,,,,,,,,,,,,,0,0,0,0,1,0,0,0,0,0
491,1,0,28,602,490,742,1,1,1,1,-40,15,59,-46,20,-70,7,37,82,-13,-27,2,-73,-8,35,6,0,0,0,0,0,0,0,0,0,0,0,0,0,0,0,0,1,1498,0x003feef9,-2.128418,0,0.000000,0,202,1010.000,0,,,0,0,0,,,,,0,,,,,,,,,,,,,,,,,,,,,,,,,,,,,,,,,,0,0,0,0,1,0,0,0,0,0
491,1,0,29,606,490,742,1,1,1,1,-115,144,21,-43,31,68,-58,-115,29,22,-121,32,5,-57,88,-2,0,0,0,0,0,0,0,0,0,0,0,0,0,0,0,0,1,1498,0x003feef9,-2.128418,0,0.000000,0,202,1010.000,0,,,0,0,0,,,,,0,,,,,,,,,,,,,,,,,,,,,,,,,,,,,,,,,,0,0,0,0,1,0,0,0,0,0
491,1,0,30,610,490,742,1,1,1,1,51,-148,36,100,71,17,-9,-6,121,-92,20,35,-85,46,28,-39,0,0,0,0,0,0,0,0,0,0,0,0,0,0,0,0,1,1498,0x003feef9,-2.128418,0,0.000000,0,202,1010.000,0,,,0,0,0,,,,,0,,,,,,,,,,,,,,,,,,,,,,,,,,,,,,,,,,0,0,0,0,1,0,0,0,0,0
491,1,0,31,614,490,742,1,1,1,1,-29,-19,-36,34,55,-33,-46,36,-60,50,-105,43,9,-47,59,91,0,0,0,0,0,0,0,0,0,0,0,0,0,0,0,0,1,1498,0x003feef9,-2.128418,0,0.000000,0,202,1010.000,0,,,0,0,0,,,,,0,,,,,,,,,,,,,,,,,,,,,,,,,,,,,,,,,,0,0,0,0,1,0,0,0,0,0
491,1,0,32,618,490,742,1,1,1,1,83,-134,16,14,32,-48,-5,31,133,-90,-81,75,-154,21,-6,155,0,0,0,0,0,0,0,0,0,0,0,0,0,0,0,0,1,1498,0x003feef9,-2.128418,0,0.000000,0,202,1010.000,0,,,0,0,0,,,,,0,,,,,,,,,,,,,,,,,,,,,,,,,,,,,,,,,,0,0,0,0,1,0,0,0,0,0
491,1,0,33,622,490,742,1,1,1,1,60,-32,39,-50,-14,-16,-3,50,13,36,-68,-80,-175,47,40,-78,0,0,0,0,0,0,0,0,0,0,0,0,0,0,0,0,1,1498,0x003feef9,-2.128418,0,0.000000,0,202,1010.000,0,,,0,0,0,,,,,0,,,,,,,,,,,,,,,,,,,,,,,,,,,,,,,,,,0,0,0,0,1,0,0,0,0,0
491,1,0,34,626,490,742,1,1,1,1,-68,53,56,-29,53,-121,-12,57,123,58,-127,-41,70,40,-91,-30,0,0,0,0,0,0,0,0,0,0,0,0,0,0,0,0,1,1498,0x003feef9,-2.128418,0,0.000000,0,202,1010.000,0,,,0,0,0,,,,,0,,,,,,,,,,,,,,,,,,,,,,,,,,,,,,,,,,0,0,0,0,1,0,0,0,0,0
491,1,0,35,630,490,742,1,1,1,1,-19,51,-33,-68,22,-78,72,41,143,-26,-21,-136,85,-30,8,51,0,0,0,0,0,0,0,0,0,0,0,0,0,0,0,0,1,1498,0x003feef9,-2.128418,0,0.000000,0,202,1010.000,0,,,0,0,0,,,,,0,,,,,,,,,,,,,,,,,,,,,,,,,,,,,,,,,,0,0,0,0,1,0,0,0,0,0
491,1,0,36,634,490,742,1,1,1,1,22,127,-85,-56,-89,-19,66,-54,148,95,-207,86,-21,-131,74,37,0,0,0,0,0,0,0,0,0,0,0,0,0,0,0,0,1,1498,0x003feef9,-2.128418,0,0.000000,0,202,1010.000,0,,,0,0,0,,,,,0,,,,,,,,,,,,,,,,,,,,,,,,,,,,,,,,,,0,0,0,0,1,0,0,0,0,0
491,1,0,37,638,490,742,1,1,1,1,51,31,11,-74,54,19,-31,-77,-49,108,-16,-80,76,-90,-17,3,0,0,0,0,0,0,0,0,0,0,0,0,0,0,0,0,1,1498,0x003feef9,-2.128418,0,0.000000,0,202,1010.000,0,,,0,0,0,,,,,0,,,,,,,,,,,,,,,,,,,,,,,,,,,,,,,,,,0,0,0,0,1,0,0,0,0,0
491,1,0,38,642,490,742,1,1,1,1,-14,60,0,21,96,1,-42,-47,-32,131,-65,-43,-63,131,1,-109,0,0,0,0,0,0,0,0,0,0,0,0,0,0,0,0,1,1498,0x003feef9,-2.128418,0,0.000000,0,202,1010.000,0,,,0,0,0,,,,,0,,,,,,,,,,,,,,,,,,,,,,,,,,,,,,,,,,0,0,0,0,1,0,0,0,0,0
491,1,0,39,646,490,742,1,1,1,1,-19,-46,36,-33,90,-9,-14,-7,58,-5,77,-105,33,93,-73,-47,0,0,0,0,0,0,0,0,0,0,0,0,0,0,0,0,1,1498,0x003feef9,-2.128418,0,0.000000,0,202,1010.000,0,,,0,0,0,,,,,0,,,,,,,,,,,,,,,,,,,,,,,,,,,,,,,,,,0,0,0,0,1,0,0,0,0,0
491,1,0,40,650,490,742,1,1,1,1,11,49,27,-116,-3,-25,-7,115,-40,26,49,12,61,-11,8,0,0,0,0,0,0,0,0,0,0,0,0,0,0,0,0,0,1,1498,0x003feef9,-2.128418,0,0.000000,0,202,1010.000,0,,,0,0,0,,,,,0,,,,,,,,,,,,,,,,,,,,,,,,,,,,,,,,,,0,0,0,0,1,0,0,0,0,0
491,1,0,41,654,490,742,1,1,1,1,85,-40,-31,60,-31,-170,122,60,12,3,-124,37,-20,13,-12,33,0,0,0,0,0,0,0,0,0,0,0,0,0,0,0,0,1,1498,0x003feef9,-2.128418,0,0.000000,0,202,1010.000,0,,,0,0,0,,,,,0,,,,,,,,,,,,,,,,,,,,,,,,,,,,,,,,,,0,0,0,0,1,0,0,0,0,0
491,1,0,42,658,490,742,1,1,1,1,43,-71,-69,104,-101,123,-128,27,104,-18,-32,-61,-63,32,92,-135,0,0,0,0,0,0,0,0,0,0,0,0,0,0,0,0,1,1498,0x003feef9,-2.128418,0,0.000000,0,202,1010.000,0,,,0,0,0,,,,,0,,,,,,,,,,,,,,,,,,,,,,,,,,,,,,,,,,0,0,0,0,1,0,0,0,0,0
491,1,0,43,662,490,742,1,1,1,1,-14,25,-23,-39,16,2,19,-60,1,103,23,-125,56,13,-26,9,0,0,0,0,0,0,0,0,0,0,0,0,0,0,0,0,1,1498,0x003feef9,-2.128418,0,0.000000,0,202,1010.000,0,,,0,0,0,,,,,0,,,,,,,,,,,,,,,,,,,,,,,,,,,,,,,,,,0,0,0,0,1,0,0,0,0,0
491,1,0,44,666,490,742,1,1,1,1,-14,94,-64,-26,98,-78,27,28,62,5,-72,58,-56,65,69,-87,0,0,0,0,0,0,0,0,0,0,0,0,0,0,0,0,1,1498,0x003feef9,-2.128418,0,0.000000,0,202,1010.000,0,,,0,0,0,,,,,0,,,,,,,,,,,,,,,,,,,,,,,,,,,,,,,,,,0,0,0,0,1,0,0,0,0,0
491,1,0,45,670,490,742,1,1,1,1,59,-55,80,-51,-90,41,72,-61,30,3,-75,17,-46,-8,140,-14,0,0,0,0,0,0,0,0,0,0,0,0,0,0,0,0,1,1498,0x003feef9,-2.128418,0,0.000000,0,202,1010.000,0,,,0,0,0,,,,,0,,,,,,,,,,,,,,,,,,,,,,,,,,,,,,,,,,0,0,0,0,1,0,0,0,0,0
491,1,0,46,674,490,742,1,1,1,1,24,-32,-51,46,-24,64,-44,-76,74,-23,-113,75,-101,5,-8,60,0,0,0,0,0,0,0,0,0,0,0,0,0,0,0,0,1,1498,0x003feef9,-2.128418,0,0.000000,0,202,1010.000,0,,,0,0,0,,,,,0,,,,,,,,,,,,,,,,,,,,,,,,,,,,,,,,,,0,0,0,0,1,0,0,0,0,0
491,1,0,47,678,490,742,1,1,1,1,88,-53,-48,28,130,81,-176,-28,97,-35,-114,-35,-15,27,-32,46,0,0,0,0,0,0,0,0,0,0,0,0,0,0,0,0,1,1498,0x003feef9,-2.128418,0,0.000000,0,202,1010.000,0,,,0,0,0,,,,,0,,,,,,,,,,,,,,,,,,,,,,,,,,,,,,,,,,0,0,0,0,1,0,0,0,0,0
491,1,0,48,682,490,742,1,1,1,1,-2,24,-69,51,74,48,-42,-13,134,31,-65,-9,-34,-148,141,45,0,0,0,0,0,0,0,0,0,0,0,0,0,0,0,0,1,1498,0x003feef9,-2.128418,0,0.000000,0,202,1010.000,0,,,0,0,0,,,,,0,,,,,,,,,,,,,,,,,,,,,,,,,,,,,,,,,,0,0,0,0,1,0,0,0,0,0
491,1,0,49,686,490,742,1,1,1,1,19,15,-36,-46,59,-62,5,-34,-10,31,-18,8,-21,-19,-49,45,0,0,0,0,0,0,0,0,0,0,0,0,0,0,0,0,1,1498,0x003feef9,-2.128418,0,0.000000,0,202,1010.000,0,,,0,0,0,,,,,0,,,,,,,,,,,,,,,,,,,,,,,,,,,,,,,,,,0,0,0,0,1,0,0,0,0,0
491,1,0,50,690,490,742,1,1,1,1,45,17,17,-42,85,-24,-31,19,14,-69,55,40,20,-31,-28,41,0,0,0,0,0,0,0,0,0,0,0,0,0,0,0,0,1,1498,0x003feef9,-2.128418,0,0.000000,0,202,1010.000,0,,,0,0,0,,,,,0,,,,,,,,,,,,,,,,,,,,,,,,,,,,,,,,,,0,0,0,0,1,0,0,0,0,0
491,1,0,51,694,490,742,1,1,1,1,-49,94,-22,8,-10,21,-51,103,-89,114,-68,-50,8,-50,76,-11,0,0,0,0,0,0,0,0,0,0,0,0,0,0,0,0,1,1498,0x003feef9,-2.128418,0,0.000000,0,202,1010.000,0,,,0,0,0,,,,,0,,,,,,,,,,,,,,,,,,,,,,,,,,,,,,,,,,0,0,0,0,1,0,0,0,0,0
491,1,0,52,698,490,742,1,1,1,1,-49,-19,60,22,-84,4,12,-43,4,45,69,2,-67,-34,131,6,0,0,0,0,0,0,0,0,0,0,0,0,0,0,0,0,1,1498,0x003feef9,-2.128418,0,0.000000,0,202,1010.000,0,,,0,0,0,,,,,0,,,,,,,,,,,,,,,,,,,,,,,,,,,,,,,,,,0,0,0,0,1,0,0,0,0,0
491,1,0,53,702,490,742,1,1,1,1,-10,-72,79,-12,72,15,-47,-10,-96,-111,160,63,-109,28,0,-61,0,0,0,0,0,0,0,0,0,0,0,0,0,0,0,0,1,1498,0x003feef9,-2.128418,0,0.000000,0,202,1010.000,0,,,0,0,0,,,,,0,,,,,,,,,,,,,,,,,,,,,,,,,,,,,,,,,,0,0,0,0,1,0,0,0,0,0
491,1,0,54,706,490,742,1,1,1,1,-96,62,1,89,34,-27,5,-31,-89,-71,92,-2,169,-37,-101,36,0,0,0,0,0,0,0,0,0,0,0,0,0,0,0,0,1,1498,0x003feef9,-2.128418,0,0.000000,0,202,1010.000,0,,,0,0,0,,,,,0,,,,,,,,,,,,,,,,,,,,,,,,,,,,,,,,,,0,0,0,0,1,0,0,0,0,0
491,1,0,55,710,490,742,1,1,1,1,-28,-106,33,4,72,-36,0,-21,17,-46,-25,66,-29,87,-72,8,0,0,0,0,0,0,0,0,0,0,0,0,0,0,0,0,1,1498,0x003feef9,-2.128418,0,0.000000,0,202,1010.000,0,,,0,0,0,,,,,0,,,,,,,,,,,,,,,,,,,,,,,,,,,,,,,,,,0,0,0,0,1,0,0,0,0,0
491,1,0,56,714,490,742,1,1,1,1,29,-13,-12,75,2,42,12,-49,-41,-8,66,-80,49,-34,4,-23,0,0,0,0,0,0,0,0,0,0,0,0,0,0,0,0,1,1498,0x003feef9,-2.128418,0,0.000000,0,202,1010.000,0,,,0,0,0,,,,,0,,,,,,,,,,,,,,,,,,,,,,,,,,,,,,,,,,0,0,0,0,1,0,0,0,0,0
491,1,0,57,718,490,742,1,1,1,1,-24,-91,-11,79,-11,23,22,-34,41,10,-10,-9,1,45,-54,-5,0,0,0,0,0,0,0,0,0,0,0,0,0,0,0,0,1,1498,0x003feef9,-2.128418,0,0.000000,0,202,1010.000,0,,,0,0,0,,,,,0,,,,,,,,,,,,,,,,,,,,,,,,,,,,,,,,,,0,0,0,0,1,0,0,0,0,0
491,1,0,58,722,490,742,1,1,1,1,29,-5,-63,-2,-24,74,-2,-87,-21,27,-2,-27,115,-72,-54,12,0,0,0,0,0,0,0,0,0,0,0,0,0,0,0,0,1,1498,0x003feef9,-2.128418,0,0.000000,0,202,1010.000,0,,,0,0,0,,,,,0,,,,,,,,,,,,,,,,,,,,,,,,,,,,,,,,,,0,0,0,0,1,0,0,0,0,0
491,1,0,59,726,490,742,1,1,1,1,66,-72,35,-15,6,104,-63,34,56,-16,-47,24,62,-73,31,105,0,0,0,0,0,0,0,0,0,0,0,0,0,0,0,0,1,1498,0x003feef9,-2.128418,0,0.000000,0,202,1010.000,0,,,0,0,0,,,,,0,,,,,,,,,,,,,,,,,,,,,,,,,,,,,,,,,,0,0,0,0,1,0,0,0,0,0
491,1,0,60,730,490,742,1,1,1,1,28,-7,-68,139,-43,11,-23,-35,42,4,-73,-2,-113,-29,30,-5,0,0,0,0,0,0,0,0,0,0,0,0,0,0,0,0,1,1498,0x003feef9,-2.128418,0,0.000000,0,202,1010.000,0,,,0,0,0,,,,,0,,,,,,,,,,,,,,,,,,,,,,,,,,,,,,,,,,0,0,0,0,1,0,0,0,0,0
491,1,0,61,734,490,742,1,1,1,1,-74,-3,-50,14,125,-37,-22,27,66,-30,-54,110,99,-16,-140,-4,0,0,0,0,0,0,0,0,0,0,0,0,0,0,0,0,1,1498,0x003feef9,-2.128418,0,0.000000,0,202,1010.000,0,,,0,0,0,,,,,0,,,,,,,,,,,,,,,,,,,,,,,,,,,,,,,,,,0,0,0,0,1,0,0,0,0,0
491,1,0,62,738,490,742,1,1,1,1,117,-104,-58,85,-93,49,-17,32,-27,-18,-66,35,132,14,-85,8,0,0,0,0,0,0,0,0,0,0,0,0,0,0,0,0,1,1498,0x003feef9,-2.128418,0,0.000000,0,202,1010.000,0,,,0,0,0,,,,,0,,,,,,,,,,,,,,,,,,,,,,,,,,,,,,,,,,0,0,0,0,1,0,0,0,0,0
491,1,0,63,742,490,742,1,1,1,1,56,-49,-44,19,68,-90,-48,151,57,-24,7,-72,9,9,13,-19,0,0,0,0,0,0,0,0,0,0,0,0,0,0,0,0,1,1498,0x003feef9,-2.128418,0,0.000000,0,202,1010.000,0,,,0,0,0,,,,,0,,,,,,,,,,,,,,,,,,,,,,,,,,,,,,,,,,0,0,0,0,1,0,0,0,0,0
492,2,0,0,746,746,998,1,1,1,1,48,-60,37,-138,23,-29,59,-23,104,-64,-86,61,94,33,-59,20,0,0,0,0,0,0,0,0,0,0,0,0,0,0,0,0,1,1753,0x003fe13f,-3.844238,0,0.000000,0,201,1005.000,0,,,0,0,0,,,,,0,,,,,,,,,,,,,,,,,,,,,,,,,,,,,,,,,,0,0,0,0,1,0,0,0,0,0
492,2,0,1,750,746,998,1,1,1,1,73,102,-52,23,-2,-1,-78,-16,16,21,41,-103,-1,10,32,-51,0,0,0,0,0,0,0,0,0,0,0,0,0,0,0,0,1,1753,0x003fe13f,-3.844238,0,0.000000,0,201,1005.000,0,,,0,0,0,,,,,0,,,,,,,,,,,,,,,,,,,,,,,,,,,,,,,,,,0,0,0,0,1,0,0,0,0,0
492,2,0,2,754,746,998,1,1,1,1,-41,-90,56,122,141,58,-127,-58,-5,47,42,-22,0,-3,-22,59,0,0,0,0,0,0,0,0,0,0,0,0,0,0,0,0,1,1753,0x003fe13f,-3.844238,0,0.000000,0,201,1005.000,0,,,0,0,0,,,,,0,,,,,,,,,,,,,,,,,,,,,,,,,,,,,,,,,,0,0,0,0,1,0,0,0,0,0
492,2,0,3,758,746,998,1,1,1,1,-43,-74,-41,77,77,-44,51,33,-46,-19,79,-23,6,-36,1,13,0,0,0,0,0,0,0,0,0,0,0,0,0,0,0,0,1,1753,0x003fe13f,-3.844238,0,0.000000,0,201,1005.000,0,,,0,0,0,,,,,0,,,,,,,,,,,,,,,,,,,,,,,,,,,,,,,,,,0,0,0,0,1,0,0,0,0,0
492,2,0,4,762,746,998,1,1,1,1,2,31,-33,-9,-79,3,24,73,-25,-56,147,-92,-7,13,-49,49,0,0,0,0,0,0,0,0,0,0,0,0,0,0,0,0,1,1753,0x003fe13f,-3.844238,0,0.000000,0,201,1005.000,0,,,0,0,0,,,,,0,,,,,,,,,,,,,,,,,,,,,,,,,,,,,,,,,,0,0,0,0,1,0,0,0,0,0
492,2,0,5,766,746,998,1,1,1,1,-4,19,-31,-35,-103,14,-25,110,-3,18,-12,20,10,-50,33,-4,0,0,0,0,0,0,0,0,0,0,0,0,0,0,0,0,1,1753,0x003fe13f,-3.844238,0,0.000000,0,201,1005.000,0,,,0,0,0,,,,,0,,,,,,,,,,,,,,,,,,,,,,,,,,,,,,,,,,0,0,0,0,1,0,0,0,0,0
492,2,0,6,770,746,998,1,1,1,1,59,39,-11,-20,-27,-115,47,68,28,-92,43,22,-22,25,19,49,0,0,0,0,0,0,0,0,0,0,0,0,0,0,0,0,1,1753,0x003fe13f,-3.844238,0,0.000000,0,201,1005.000,0,,,0,0,0,,,,,0,,,,,,,,,,,,,,,,,,,,,,,,,,,,,,,,,,0,0,0,0,1,0,0,0,0,0
492,2,0,7,774,746,998,1,1,1,1,-98,137,-47,-29,-2,-59,-37,91,-14,59,-99,40,-138,69,-27,-20,0,0,0,0,0,0,0,0,0,0,0,0,0,0,0,0,1,1753,0x003fe13f,-3.844238,0,0.000000,0,201,1005.000,0,,,0,0,0,,,,,0,,,,,,,,,,,,,,,,,,,,,,,,,,,,,,,,,,0,0,0,0,1,0,0,0,0,0
492,2,0,8,778,746,998,1,1,1,1,47,-77,56,33,-6,-35,26,-48,-26,48,32,-58,71,37,-21,-68,0,0,0,0,0,0,0,0,0,0,0,0,0,0,0,0,1,1753,0x003fe13f,-3.844238,0,0.000000,0,201,1005.000,0,,,0,0,0,,,,,0,,,,,,,,,,,,,,,,,,,,,,,,,,,,,,,,,,0,0,0,0,1,0,0,0,0,0
492,2,0,9,782,746,998,1,1,1,1,-30,30,-85,0,-32,90,30,-36,-68,76,55,-33,-53,87,32,-64,0,0,0,0,0,0,0,0,0,0,0,0,0,0,0,0,1,1753,0x003fe13f,-3.844238,0,0.000000,0,201,1005.000,0,,,0,0,0,,,,,0,,,,,,,,,,,,,,,,,,,,,,,,,,,,,,,,,,0,0,0,0,1,0,0,0,0,0
492,2,0,10,786,746,998,1,1,1,1,135,-93,-44,66,-64,59,-37,-35,-28,-46,29,37,60,-8,-105,59,0,0,0,0,0,0,0,0,0,0,0,0,0,0,0,0,1,1753,0x003fe13f,-3.844238,0,0.000000,0,201,1005.000,0,,,0,0,0,,,,,0,,,,,,,,,,,,,,,,,,,,,,,,,,,,,,,,,,0,0,0,0,1,0,0,0,0,0
492,2,0,11,790,746,998,1,1,1,1,28,-97,8,146,110,-17,-76,51,40,-70,-11,11,117,-85,-64,2,0,0,0,0,0,0,0,0,0,0,0,0,0,0,0,0,1,1753,0x003fe13f,-3.844238,0,0.000000,0,201,1005.000,0,,,0,0,0,,,,,0,,,,,,,,,,,,,,,,,,,,,,,,,,,,,,,,,,0,0,0,0,1,0,0,0,0,0
492,2,0,12,794,746,998,1,1,1,1,-65,-94,28,-20,-18,8,14,-50,-38,190,-184,-23,126,-76,2,-24,0,0,0,0,0,0,0,0,0,0,0,0,0,0,0,0,1,1753,0x003fe13f,-3.844238,0,0.000000,0,201,1005.000,0,,,0,0,0,,,,,0,,,,,,,,,,,,,,,,,,,,,,,,,,,,,,,,,,0,0,0,0,1,0,0,0,0,0
492,2,0,13,798,746,998,1,1,1,1,98,-42,39,-42,65,-29,-36,19,119,-14,-103,91,-2,64,-37,-73,0,0,0,0,0,0,0,0,0,0,0,0,0,0,0,0,1,1753,0x003fe13f,-3.844238,0,0.000000,0,201,1005.000,0,,,0,0,0,,,,,0,,,,,,,,,,,,,,,,,,,,,,,,,,,,,,,,,,0,0,0,0,1,0,0,0,0,0
492,2,0,14,802,746,998,1,1,1,1,-65,43,65,-33,64,-27,-62,18,-14,-48,63,-19,123,-11,7,-101,0,0,0,0,0,0,0,0,0,0,0,0,0,0,0,0,1,1753,0x003fe13f,-3.844238,0,0.000000,0,201,1005.000,0,,,0,0,0,,,,,0,,,,,,,,,,,,,,,,,,,,,,,,,,,,,,,,,,0,0,0,0,1,0,0,0,0,0
492,2,0,15,806,746,998,1,1,1,1,-31,3,42,-33,66,-49,-8,54,-14,5,4,11,-86,171,121,-161,0,0,0,0,0,0,0,0,0,0,0,0,0,0,0,0,1,1753,0x003fe13f,-3.844238,0,0.000000,0,201,1005.000,0,,,0,0,0,,,,,0,,,,,,,,,,,,,,,,,,,,,,,,,,,,,,,,,,0,0,0,0,1,0,0,0,0,0
492,2,0,16,810,746,998,1,1,1,1,12,-30,-17,67,-67,-44,102,2,-9,-59,105,-104,-69,72,2,6,0,0,0,0,0,0,0,0,0,0,0,0,0,0,0,0,1,1753,0x003fe13f,-3.844238,0,0.000000,0,201,1005.000,0,,,0,0,0,,,,,0,,,,,,,,,,,,,,,,,,,,,,,,,,,,,,,,,,0,0,0,0,1,0,0,0,0,0
492,2,0,17,814,746,998,1,1,1,1,-16,51,-50,-60,-72,77,35,-152,82,87,-159,13,47,-32,-43,33,0,0,0,0,0,0,0,0,0,0,0,0,0,0,0,0,1,1753,0x003fe13f,-3.844238,0,0.000000,0,201,1005.000,0,,,0,0,0,,,,,0,,,,,,,,,,,,,,,,,,,,,,,,,,,,,,,,,,0,0,0,0,1,0,0,0,0,0
492,2,0,18,818,746,998,1,1,1,1,-20,102,9,-20,-31,156,82,-167,-48,124,-4,-57,-77,37,111,13,0,0,0,0,0,0,0,0,0,0,0,0,0,0,0,0,1,1753,0x003fe13f,-3.844238,0,0.000000,0,201,1005.000,0,,,0,0,0,,,,,0,,,,,,,,,,,,,,,,,,,,,,,,,,,,,,,,,,0,0,0,0,1,0,0,0,0,0
492,2,0,19,822,746,998,1,1,1,1,-58,-13,89,-22,-19,22,51,6,65,-62,-46,91,-142,33,5,-32,0,0,0,0,0,0,0,0,0,0,0,0,0,0,0,0,1,1753,0x003fe13f,-3.844238,0,0.000000,0,201,1005.000,0,,,0,0,0,,,,,0,,,,,,,,,,,,,,,,,,,,,,,,,,,,,,,,,,0,0,0,0,1,0,0,0,0,0
492,2,0,20,826,746,998,1,1,1,1,7,7,-105,-14,8,-47,-25,21,-12,-44,30,0,92,-27,-47,64,0,0,0,0,0,0,0,0,0,0,0,0,0,0,0,0,1,1753,0x003fe13f,-3.844238,0,0.000000,0,201,1005.000,0,,,0,0,0,,,,,0,,,,,,,,,,,,,,,,,,,,,,,,,,,,,,,,,,0,0,0,0,1,0,0,0,0,0
492,2,0,21,830,746,998,1,1,1,1,135,47,-83,-53,120,-88,-115,61,46,-93,30,15,-53,27,-10,-82,0,0,0,0,0,0,0,0,0,0,0,0,0,0,0,0,1,1753,0x003fe13f,-3.844238,0,0.000000,0,201,1005.000,0,,,0,0,0,,,,,0,,,,,,,,,,,,,,,,,,,,,,,,,,,,,,,,,,0,0,0,0,1,0,0,0,0,0
492,2,0,22,834,746,998,1,1,1,1,25,29,-71,109,85,46,-68,-119,11,-45,-7,117,116,15,-91,70,0,0,0,0,0,0,0,0,0,0,0,0,0,0,0,0,1,1753,0x003fe13f,-3.844238,0,0.000000,0,201,1005.000,0,,,0,0,0,,,,,0,,,,,,,,,,,,,,,,,,,,,,,,,,,,,,,,,,0,0,0,0,1,0,0,0,0,0
492,2,0,23,838,746,998,1,1,1,1,-22,-24,-69,103,79,52,-22,9,-85,4,-2,-17,28,-105,-2,43,0,0,0,0,0,0,0,0,0,0,0,0,0,0,0,0,1,1753,0x003fe13f,-3.844238,0,0.000000,0,201,1005.000,0,,,0,0,0,,,,,0,,,,,,,,,,,,,,,,,,,,,,,,,,,,,,,,,,0,0,0,0,1,0,0,0,0,0
492,2,0,24,842,746,998,1,1,1,1,-29,-38,124,-175,-49,43,-22,-10,35,-29,21,24,26,14,-47,81,0,0,0,0,0,0,0,0,0,0,0,0,0,0,0,0,1,1753,0x003fe13f,-3.844238,0,0.000000,0,201,1005.000,0,,,0,0,0,,,,,0,,,,,,,,,,,,,,,,,,,,,,,,,,,,,,,,,,0,0,0,0,1,0,0,0,0,0
492,2,0,25,846,746,998,1,1,1,1,37,71,9,-30,27,-36,89,-40,-60,-55,118,55,-164,127,-34,16,0,0,0,0,0,0,0,0,0,0,0,0,0,0,0,0,1,1753,0x003fe13f,-3.844238,0,0.000000,0,201,1005.000,0,,,0,0,0,,,,,0,,,,,,,,,,,,,,,,,,,,,,,,,,,,,,,,,,0,0,0,0,1,0,0,0,0,0
492,2,0,26,850,746,998,1,1,1,1,-38,39,-15,6,-70,4,41,62,-69,-6,-149,107,2,-61,72,-20,0,0,0,0,0,0,0,0,0,0,0,0,0,0,0,0,1,1753,0x003fe13f,-3.844238,0,0.000000,0,201,1005.000,0,,,0,0,0,,,,,0,,,,,,,,,,,,,,,,,,,,,,,,,,,,,,,,,,0,0,0,0,1,0,0,0,0,0
492,2,0,27,854,746,998,1,1,1,1,68,-131,-18,134,-44,-63,14,120,124,-124,61,-45,-3,-36,82,-39,0,0,0,0,0,0,0,0,0,0,0,0,0,0,0,0,1,1753,0x003fe13f,-3.844238,0,0.000000,0,201,1005.000,0,,,0,0,0,,,,,0,,,,,,,,,,,,,,,,,,,,,,,,,,,,,,,,,,0,0,0,0,1,0,0,0,0,0
492,2,0,28,858,746,998,1,1,1,1,-8,-13,-19,-79,-54,-118,104,-53,-1,68,-136,1,-62,33,58,-29,0,0,0,0,0,0,0,0,0,0,0,0,0,0,0,0,1,1753,0x003fe13f,-3.844238,0,0.000000,0,201,1005.000,0,,,0,0,0,,,,,0,,,,,,,,,,,,,,,,,,,,,,,,,,,,,,,,,,0,0,0,0,1,0,0,0,0,0
492,2,0,29,862,746,998,1,1,1,1,45,43,-55,63,64,18,-90,49,185,-75,-47,-35,-24,22,-34,-26,0,0,0,0,0,0,0,0,0,0,0,0,0,0,0,0,1,1753,0x003fe13f,-3.844238,0,0.000000,0,201,1005.000,0,,,0,0,0,,,,,0,,,,,,,,,,,,,,,,,,,,,,,,,,,,,,,,,,0,0,0,0,1,0,0,0,0,0
492,2,0,30,866,746,998,1,1,1,1,29,-92,-23,87,3,-28,19,43,28,102,-87,-17,73,114,-179,-24,0,0,0,0,0,0,0,0,0,0,0,0,0,0,0,0,1,1753,0x003fe13f,-3.844238,0,0.000000,0,201,1005.000,0,,,0,0,0,,,,,0,,,,,,,,,,,,,,,,,,,,,,,,,,,,,,,,,,0,0,0,0,1,0,0,0,0,0
492,2,0,31,870,746,998,1,1,1,1,-34,-17,104,-100,-92,52,15,0,-9,31,15,-26,90,-27,4,-29,0,0,0,0,0,0,0,0,0,0,0,0,0,0,0,0,1,1753,0x003fe13f,-3.844238,0,0.000000,0,201,1005.000,0,,,0,0,0,,,,,0,,,,,,,,,,,,,,,,,,,,,,,,,,,,,,,,,,0,0,0,0,1,0,0,0,0,0
492,2,0,32,874,746,998,1,1,1,1,-44,29,40,56,-12,-9,-80,159,75,-91,10,22,76,-40,-57,96,0,0,0,0,0,0,0,0,0,0,0,0,0,0,0,0,1,1753,0x003fe13f,-3.844238,0,0.000000,0,201,1005.000,0,,,0,0,0,,,,,0,,,,,,,,,,,,,,,,,,,,,,,,,,,,,,,,,,0,0,0,0,1,0,0,0,0,0
492,2,0,33,878,746,998,1,1,1,1,-54,-49,5,-9,-75,13,-26,-37,-23,43,-46,21,-50,4,-4,-11,0,0,0,0,0,0,0,0,0,0,0,0,0,0,0,0,1,1753,0x003fe13f,-3.844238,0,0.000000,0,201,1005.000,0,,,0,0,0,,,,,0,,,,,,,,,,,,,,,,,,,,,,,,,,,,,,,,,,0,0,0,0,1,0,0,0,0,0
492,2,0,34,882,746,998,1,1,1,1,66,63,-97,1,89,-40,-1,3,74,-88,-21,53,27,-25,48,-34,0,0,0,0,0,0,0,0,0,0,0,0,0,0,0,0,1,1753,0x003fe13f,-3.844238,0,0.000000,0,201,1005.000,0,,,0,0,0,,,,,0,,,,,,,,,,,,,,,,,,,,,,,,,,,,,,,,,,0,0,0,0,1,0,0,0,0,0
492,2,0,35,886,746,998,1,1,1,1,-54,51,31,30,37,-69,-1,65,-45,1,87,-59,-28,44,17,-44,0,0,0,0,0,0,0,0,0,0,0,0,0,0,0,0,1,1753,0x003fe13f,-3.844238,0,0.000000,0,201,1005.000,0,,,0,0,0,,,,,0,,,,,,,,,,,,,,,,,,,,,,,,,,,,,,,,,,0,0,0,0,1,0,0,0,0,0
492,2,0,36,890,746,998,1,1,1,1,-57,-33,51,-50,-60,39,49,-92,-26,40,29,-64,-75,109,58,-68,0,0,0,0,0,0,0,0,0,0,0,0,0,0,0,0,1,1753,0x003fe13f,-3.844238,0,0.000000,0,201,1005.000,0,,,0,0,0,,,,,0,,,,,,,,,,,,,,,,,,,,,,,,,,,,,,,,,,0,0,0,0,1,0,0,0,0,0
492,2,0,37,894,746,998,1,1,1,1,60,51,-120,25,0,50,-46,57,-17,52,5,-35,-76,36,81,-108,0,0,0,0,0,0,0,0,0,0,0,0,0,0,0,0,1,1753,0x003fe13f,-3.844238,0,0.000000,0,201,1005.000,0,,,0,0,0,,,,,0,,,,,,,,,,,,,,,,,,,,,,,,,,,,,,,,,,0,0,0,0,1,0,0,0,0,0
492,2,0,38,898,746,998,1,1,1,1,90,-108,-34,92,-72,80,-18,-49,10,40,-60,-1,104,-29,-65,93,0,0,0,0,0,0,0,0,0,0,0,0,0,0,0,0,1,1753,0x003fe13f,-3.844238,0,0.000000,0,201,1005.000,0,,,0,0,0,,,,,0,,,,,,,,,,,,,,,,,,,,,,,,,,,,,,,,,,0,0,0,0,1,0,0,0,0,0
492,2,0,39,902,746,998,1,1,1,1,28,-3,-78,43,43,-79,144,-90,86,-40,-81,28,-33,-86,3,117,0,0,0,0,0,0,0,0,0,0,0,0,0,0,0,0,1,1753,0x003fe13f,-3.844238,0,0.000000,0,201,1005.000,0,,,0,0,0,,,,,0,,,,,,,,,,,,,,,,,,,,,,,,,,,,,,,,,,0,0,0,0,1,0,0,0,0,0
492,2,0,40,906,746,998,1,1,1,1,-14,6,-69,95,2,-45,80,99,125,-114,-40,128,40,-92,-79,131,0,0,0,0,0,0,0,0,0,0,0,0,0,0,0,0,1,1753,0x003fe13f,-3.844238,0,0.000000,0,201,1005.000,0,,,0,0,0,,,,,0,,,,,,,,,,,,,,,,,,,,,,,,,,,,,,,,,,0,0,0,0,1,0,0,0,0,0
492,2,0,41,910,746,998,1,1,1,1,19,-58,49,-71,-242,63,91,-4,-84,23,39,-84,-36,-43,-17,64,0,0,0,0,0,0,0,0,0,0,0,0,0,0,0,0,1,1753,0x003fe13f,-3.844238,0,0.000000,0,201,1005.000,0,,,0,0,0,,,,,0,,,,,,,,,,,,,,,,,,,,,,,,,,,,,,,,,,0,0,0,0,1,0,0,0,0,0
492,2,0,42,914,746,998,1,1,1,1,42,-42,47,54,-16,-28,-13,32,5,30,30,8,15,-35,12,-11,0,0,0,0,0,0,0,0,0,0,0,0,0,0,0,0,1,1753,0x003fe13f,-3.844238,0,0.000000,0,201,1005.000,0,,,0,0,0,,,,,0,,,,,,,,,,,,,,,,,,,,,,,,,,,,,,,,,,0,0,0,0,1,0,0,0,0,0
492,2,0,43,918,746,998,1,1,1,1,-85,-92,123,63,-28,70,-61,-40,-4,-37,-74,88,-8,-5,15,-5,0,0,0,0,0,0,0,0,0,0,0,0,0,0,0,0,1,1753,0x003fe13f,-3.844238,0,0.000000,0,201,1005.000,0,,,0,0,0,,,,,0,,,,,,,,,,,,,,,,,,,,,,,,,,,,,,,,,,0,0,0,0,1,0,0,0,0,0
492,2,0,44,922,746,998,1,1,1,1,-4,-72,-136,128,44,36,-17,-61,39,-85,149,-105,20,38,-112,-44,0,0,0,0,0,0,0,0,0,0,0,0,0,0,0,0,1,1753,0x003fe13f,-3.844238,0,0.000000,0,201,1005.000,0,,,0,0,0,,,,,0,,,,,,,,,,,,,,,,,,,,,,,,,,,,,,,,,,0,0,0,0,1,0,0,0,0,0
492,2,0,45,926,746,998,1,1,1,1,79,-79,28,-8,68,30,-55,-48,-107,104,-6,60,215,-70,-114,58,0,0,0,0,0,0,0,0,0,0,0,0,0,0,0,0,1,1753,0x003fe13f,-3.844238,0,0.000000,0,201,1005.000,0,,,0,0,0,,,,,0,,,,,,,,,,,,,,,,,,,,,,,,,,,,,,,,,,0,0,0,0,1,0,0,0,0,0
492,2,0,46,930,746,998,1,1,1,1,-19,-4,-50,90,41,45,18,-102,-41,-21,28,-128,-5,65,-15,-74,0,0,0,0,0,0,0,0,0,0,0,0,0,0,0,0,1,1753,0x003fe13f,-3.844238,0,0.000000,0,201,1005.000,0,,,0,0,0,,,,,0,,,,,,,,,,,,,,,,,,,,,,,,,,,,,,,,,,0,0,0,0,1,0,0,0,0,0
492,2,0,47,934,746,998,1,1,1,1,53,-147,105,-44,49,-48,49,75,119,59,18,-161,21,28,33,-58,0,0,0,0,0,0,0,0,0,0,0,0,0,0,0,0,1,1753,0x003fe13f,-3.844238,0,0.000000,0,201,1005.000,0,,,0,0,0,,,,,0,,,,,,,,,,,,,,,,,,,,,,,,,,,,,,,,,,0,0,0,0,1,0,0,0,0,0
492,2,0,48,938,746,998,1,1,1,1,-44,66,3,-33,-51,-71,50,4,26,43,5,34,-5,7,42,2,0,0,0,0,0,0,0,0,0,0,0,0,0,0,0,0,1,1753,0x003fe13f,-3.844238,0,0.000000,0,201,1005.000,0,,,0,0,0,,,,,0,,,,,,,,,,,,,,,,,,,,,,,,,,,,,,,,,,0,0,0,0,1,0,0,0,0,0
492,2,0,49,942,746,998,1,1,1,1,47,-34,-10,-29,-98,143,10,-62,-20,-38,22,7,3,-128,64,113,0,0,0,0,0,0,0,0,0,0,0,0,0,0,0,0,1,1753,0x003fe13f,-3.844238,0,0.000000,0,201,1005.000,0,,,0,0,0,,,,,0,,,,,,,,,,,,,,,,,,,,,,,,,,,,,,,,,,0,0,0,0,1,0,0,0,0,0
492,2,0,50,946,746,998,1,1,1,1,29,23,62,-71,-46,84,-15,-116,4,-30,24,-15,-77,5,-40,27,0,0,0,0,0,0,0,0,0,0,0,0,0,0,0,0,1,1753,0x003fe13f,-3.844238,0,0.000000,0,201,1005.000,0,,,0,0,0,,,,,0,,,,,,,,,,,,,,,,,,,,,,,,,,,,,,,,,,0,0,0,0,1,0,0,0,0,0
492,2,0,51,950,746,998,1,1,1,1,-97,72,77,23,99,11,46,-61,29,16,-47,-27,67,-156,97,72,0,0,0,0,0,0,0,0,0,0,0,0,0,0,0,0,1,1753,0x003fe13f,-3.844238,0,0.000000,0,201,1005.000,0,,,0,0,0,,,,,0,,,,,,,,,,,,,,,,,,,,,,,,,,,,,,,,,,0,0,0,0,1,0,0,0,0,0
492,2,0,52,954,746,998,1,1,1,1,-108,-47,96,-34,-15,-23,46,21,40,-10,20,0,-83,-56,72,31,0,0,0,0,0,0,0,0,0,0,0,0,0,0,0,0,1,1753,0x003fe13f,-3.844238,0,0.000000,0,201,1005.000,0,,,0,0,0,,,,,0,,,,,,,,,,,,,,,,,,,,,,,,,,,,,,,,,,0,0,0,0,1,0,0,0,0,0
492,2,0,53,958,746,998,1,1,1,1,43,3,-55,35,-126,131,52,-119,25,-25,-73,84,-24,-20,-36,13,0,0,0,0,0,0,0,0,0,0,0,0,0,0,0,0,1,1753,0x003fe13f,-3.844238,0,0.000000,0,201,1005.000,0,,,0,0,0,,,,,0,,,,,,,,,,,,,,,,,,,,,,,,,,,,,,,,,,0,0,0,0,1,0,0,0,0,0
492,2,0,54,962,746,998,1,1,1,1,-20,-36,47,51,46,-21,-49,8,-24,-20,63,-78,120,-114,-69,95,0,0,0,0,0,0,0,0,0,0,0,0,0,0,0,0,1,1753,0x003fe13f,-3.844238,0,0.000000,0,201,1005.000,0,,,0,0,0,,,,,0,,,,,,,,,,,,,,,,,,,,,,,,,,,,,,,,,,0,0,0,0,1,0,0,0,0,0
492,2,0,55,966,746,998,1,1,1,1,-16,-65,-22,65,154,-72,-89,5,58,0,-76,126,120,-117,-75,59,0,0,0,0,0,0,0,0,0,0,0,0,0,0,0,0,1,1753,0x003fe13f,-3.844238,0,0.000000,0,201,1005.000,0,,,0,0,0,,,,,0,,,,,,,,,,,,,,,,,,,,,,,,,,,,,,,,,,0,0,0,0,1,0,0,0,0,0
492,2,0,56,970,746,998,1,1,1,1,-11,-21,68,-130,94,-1,-71,-46,-82,-35,71,-73,-29,71,-4,-71,0,0,0,0,0,0,0,0,0,0,0,0,0,0,0,0,1,1753,0x003fe13f,-3.844238,0,0.000000,0,201,1005.000,0,,,0,0,0,,,,,0,,,,,,,,,,,,,,,,,,,,,,,,,,,,,,,,,,0,0,0,0,1,0,0,0,0,0
492,2,0,57,974,746,998,1,1,1,1,101,20,-40,-66,107,-3,4,-29,86,-3,-52,43,63,-16,3,13,0,0,0,0,0,0,0,0,0,0,0,0,0,0,0,0,1,1753,0x003fe13f,-3.844238,0,0.000000,0,201,1005.000,0,,,0,0,0,,,,,0,,,,,,,,,,,,,,,,,,,,,,,,,,,,,,,,,,0,0,0,0,1,0,0,0,0,0
492,2,0,58,978,746,998,1,1,1,1,83,-2,-63,110,-54,7,40,50,-66,23,22,30,-113,145,-31,-57,0,0,0,0,0,0,0,0,0,0,0,0,0,0,0,0,1,1753,0x003fe13f,-3.844238,0,0.000000,0,201,1005.000,0,,,0,0,0,,,,,0,,,,,,,,,,,,,,,,,,,,,,,,,,,,,,,,,,0,0,0,0,1,0,0,0,0,0
492,2,0,59,982,746,998,1,1,1,1,-110,51,28,-79,-14,-33,-45,9,-43,-53,131,-38,22,47,-17,-37,0,0,0,0,0,0,0,0,0,0,0,0,0,0,0,0,1,1753,0x003fe13f,-3.844238,0,0.000000,0,201,1005.000,0,,,0,0,0,,,,,0,,,,,,,,,,,,,,,,,,,,,,,,,,,,,,,,,,0,0,0,0,1,0,0,0,0,0
492,2,0,60,986,746,998,1,1,1,1,37,-21,71,-29,69,-26,-51,75,-33,-61,49,16,35,-85,54,71,0,0,0,0,0,0,0,0,0,0,0,0,0,0,0,0,1,1753,0x003fe13f,-3.844238,0,0.000000,0,201,1005.000,0,,,0,0,0,,,,,0,,,,,,,,,,,,,,,,,,,,,,,,,,,,,,,,,,0,0,0,0,1,0,0,0,0,0
492,2,0,61,990,746,998,1,1,1,1,6,-5,-119,104,40,-105,50,-93,35,-23,-37,41,-6,-77,12,4,0,0,0,0,0,0,0,0,0,0,0,0,0,0,0,0,1,1753,0x003fe13f,-3.844238,0,0.000000,0,201,1005.000,0,,,0,0,0,,,,,0,,,,,,,,,,,,,,,,,,,,,,,,,,,,,,,,,,0,0,0,0,1,0,0,0,0,0
492,2,0,62,994,746,998,1,1,1,1,57,-66,46,-49,32,104,-41,66,-36,5,6,24,-35,68,44,-49,0,0,0,0,0,0,0,0,0,0,0,0,0,0,0,0,1,1753,0x003fe13f,-3.844238,0,0.000000,0,201,1005.000,0,,,0,0,0,,,,,0,,,,,,,,,,,,,,,,,,,,,,,,,,,,,,,,,,0,0,0,0,1,0,0,0,0,0
492,2,0,63,998,746,998,1,1,1,1,-6,-12,20,8,-219,111,107,-75,25,-74,30,-42,-59,6,41,-8,0,0,0,0,0,0,0,0,0,0,0,0,0,0,0,0,1,1753,0x003fe13f,-3.844238,0,0.000000,0,201,1005.000,0,,,0,0,0,,,,,0,,,,,,,,,,,,,,,,,,,,,,,,,,,,,,,,,,0,0,0,0,1,0,0,0,0,0
493,3,0,0,1002,1002,1254,1,1,1,1,-17,16,13,25,-5,-44,48,-35,-5,16,3,102,13,17,-24,-70,0,0,0,0,0,0,0,0,0,0,0,0,0,0,0,0,1,2013,0x003fee70,-2.195312,0,0.000000,0,202,1010.000,0,,,0,0,0,,,,,0,,,,,,,,,,,,,,,,,,,,,,,,,,,,,,,,,,0,0,0,0,1,0,0,0,0,0
493,3,0,1,1006,1002,1254,1,1,1,1,58,-54,-122,53,24,-91,126,-19,-119,-41,114,-17,103,42,-121,47,0,0,0,0,0,0,0,0,0,0,0,0,0,0,0,0,1,2013,0x003fee70,-2.195312,0,0.000000,0,202,1010.000,0,,,0,0,0,,,,,0,,,,,,,,,,,,,,,,,,,,,,,,,,,,,,,,,,0,0,0,0,1,0,0,0,0,0
493,3,0,2,1010,1002,1254,1,1,1,1,99,7,-90,16,-41,-13,12,-5,-81,-15,138,-27,7,-65,112,-43,0,0,0,0,0,0,0,0,0,0,0,0,0,0,0,0,1,2013,0x003fee70,-2.195312,0,0.000000,0,202,1010.000,0,,,0,0,0,,,,,0,,,,,,,,,,,,,,,,,,,,,,,,,,,,,,,,,,0,0,0,0,1,0,0,0,0,0
493,3,0,3,1014,1002,1254,1,1,1,1,-2,16,6,-8,48,0,-62,11,-78,48,-27,-11,-26,2,90,-152,0,0,0,0,0,0,0,0,0,0,0,0,0,0,0,0,1,2013,0x003fee70,-2.195312,0,0.000000,0,202,1010.000,0,,,0,0,0,,,,,0,,,,,,,,,,,,,,,,,,,,,,,,,,,,,,,,,,0,0,0,0,1,0,0,0,0,0
493,3,0,4,1018,1002,1254,1,1,1,1,27,4,-44,-46,36,5,-41,20,18,-7,67,-46,59,38,22,-58,0,0,0,0,0,0,0,0,0,0,0,0,0,0,0,0,1,2013,0x003fee70,-2.195312,0,0.000000,0,202,1010.000,0,,,0,0,0,,,,,0,,,,,,,,,,,,,,,,,,,,,,,,,,,,,,,,,,0,0,0,0,1,0,0,0,0,0
493,3,0,5,1022,1002,1254,1,1,1,1,78,16,-52,-28,1,-20,45,0,-68,74,-23,-12,-66,108,22,13,0,0,0,0,0,0,0,0,0,0,0,0,0,0,0,0,1,2013,0x003fee70,-2.195312,0,0.000000,0,202,1010.000,0,,,0,0,0,,,,,0,,,,,,,,,,,,,,,,,,,,,,,,,,,,,,,,,,0,0,0,0,1,0,0,0,0,0
493,3,0,6,1026,1002,1254,1,1,1,1,80,41,-35,-139,-44,24,-68,84,89,-71,-1,-56,-112,-8,89,-45,0,0,0,0,0,0,0,0,0,0,0,0,0,0,0,0,1,2013,0x003fee70,-2.195312,0,0.000000,0,202,1010.000,0,,,0,0,0,,,,,0,,,,,,,,,,,,,,,,,,,,,,,,,,,,,,,,,,0,0,0,0,1,0,0,0,0,0
493,3,0,7,1030,1002,1254,1,1,1,1,11,153,4,-116,39,-78,-13,70,18,113,-61,6,-21,107,-59,-52,0,0,0,0,0,0,0,0,0,0,0,0,0,0,0,0,1,2013,0x003fee70,-2.195312,0,0.000000,0,202,1010.000,0,,,0,0,0,,,,,0,,,,,,,,,,,,,,,,,,,,,,,,,,,,,,,,,,0,0,0,0,1,0,0,0,0,0
493,3,0,8,1034,1002,1254,1,1,1,1,47,-14,39,47,-64,-8,75,-60,-62,-4,99,-79,14,73,-75,31,0,0,0,0,0,0,0,0,0,0,0,0,0,0,0,0,1,2013,0x003fee70,-2.195312,0,0.000000,0,202,1010.000,0,,,0,0,0,,,,,0,,,,,,,,,,,,,,,,,,,,,,,,,,,,,,,,,,0,0,0,0,1,0,0,0,0,0
493,3,0,9,1038,1002,1254,1,1,1,1,-154,16,126,-68,70,-117,-6,150,97,-66,-78,55,-39,74,-4,-61,0,0,0,0,0,0,0,0,0,0,0,0,0,0,0,0,1,2013,0x003fee70,-2.195312,0,0.000000,0,202,1010.000,0,,,0,0,0,,,,,0,,,,,,,,,,,,,,,,,,,,,,,,,,,,,,,,,,0,0,0,0,1,0,0,0,0,0
493,3,0,10,1042,1002,1254,1,1,1,1,1,64,-61,-15,-9,-96,-28,39,54,-16,-27,17,19,14,-52,40,0,0,0,0,0,0,0,0,0,0,0,0,0,0,0,0,1,2013,0x003fee70,-2.195312,0,0.000000,0,202,1010.000,0,,,0,0,0,,,,,0,,,,,,,,,,,,,,,,,,,,,,,,,,,,,,,,,,0,0,0,0,1,0,0,0,0,0
493,3,0,11,1046,1002,1254,1,1,1,1,6,-1,-7,-23,10,71,-81,4,-30,25,26,-73,27,18,-62,54,0,0,0,0,0,0,0,0,0,0,0,0,0,0,0,0,1,2013,0x003fee70,-2.195312,0,0.000000,0,202,1010.000,0,,,0,0,0,,,,,0,,,,,,,,,,,,,,,,,,,,,,,,,,,,,,,,,,0,0,0,0,1,0,0,0,0,0
493,3,0,12,1050,1002,1254,1,1,1,1,151,-88,-45,-15,-60,115,4,-30,53,-47,39,75,-50,-30,13,58,0,0,0,0,0,0,0,0,0,0,0,0,0,0,0,0,1,2013,0x003fee70,-2.195312,0,0.000000,0,202,1010.000,0,,,0,0,0,,,,,0,,,,,,,,,,,,,,,,,,,,,,,,,,,,,,,,,,0,0,0,0,1,0,0,0,0,0
493,3,0,13,1054,1002,1254,1,1,1,1,11,93,-75,-5,-54,-42,84,40,-53,-99,65,5,19,-7,-46,-69,0,0,0,0,0,0,0,0,0,0,0,0,0,0,0,0,1,2013,0x003fee70,-2.195312,0,0.000000,0,202,1010.000,0,,,0,0,0,,,,,0,,,,,,,,,,,,,,,,,,,,,,,,,,,,,,,,,,0,0,0,0,1,0,0,0,0,0
493,3,0,14,1058,1002,1254,1,1,1,1,-10,43,43,-49,-6,-74,51,-38,16,3,16,-75,103,5,-58,10,0,0,0,0,0,0,0,0,0,0,0,0,0,0,0,0,1,2013,0x003fee70,-2.195312,0,0.000000,0,202,1010.000,0,,,0,0,0,,,,,0,,,,,,,,,,,,,,,,,,,,,,,,,,,,,,,,,,0,0,0,0,1,0,0,0,0,0
493,3,0,15,1062,1002,1254,1,1,1,1,-117,136,46,-123,-27,86,-36,-3,20,47,33,-55,77,-41,-103,72,0,0,0,0,0,0,0,0,0,0,0,0,0,0,0,0,1,2013,0x003fee70,-2.195312,0,0.000000,0,202,1010.000,0,,,0,0,0,,,,,0,,,,,,,,,,,,,,,,,,,,,,,,,,,,,,,,,,0,0,0,0,1,0,0,0,0,0
493,3,0,16,1066,1002,1254,1,1,1,1,49,-36,57,0,11,-29,11,6,-54,25,31,56,68,-21,-65,-4,0,0,0,0,0,0,0,0,0,0,0,0,0,0,0,0,1,2013,0x003fee70,-2.195312,0,0.000000,0,202,1010.000,0,,,0,0,0,,,,,0,,,,,,,,,,,,,,,,,,,,,,,,,,,,,,,,,,0,0,0,0,1,0,0,0,0,0
493,3,0,17,1070,1002,1254,1,1,1,1,-21,-46,8,204,45,-30,-82,54,-79,62,-74,-48,54,-26,-69,94,0,0,0,0,0,0,0,0,0,0,0,0,0,0,0,0,1,2013,0x003fee70,-2.195312,0,0.000000,0,202,1010.000,0,,,0,0,0,,,,,0,,,,,,,,,,,,,,,,,,,,,,,,,,,,,,,,,,0,0,0,0,1,0,0,0,0,0
493,3,0,18,1074,1002,1254,1,1,1,1,-192,-122,120,76,64,-6,-78,-25,139,-12,-51,-98,142,-164,-153,127,0,0,0,0,0,0,0,0,0,0,0,0,0,0,0,0,1,2013,0x003fee70,-2.195312,0,0.000000,0,202,1010.000,0,,,0,0,0,,,,,0,,,,,,,,,,,,,,,,,,,,,,,,,,,,,,,,,,0,0,0,0,1,0,0,0,0,0
493,3,0,19,1078,1002,1254,1,1,1,1,69,-63,-195,104,46,41,16,-24,137,-8,-2,20,76,-59,136,-152,0,0,0,0,0,0,0,0,0,0,0,0,0,0,0,0,1,2013,0x003fee70,-2.195312,0,0.000000,0,202,1010.000,0,,,0,0,0,,,,,0,,,,,,,,,,,,,,,,,,,,,,,,,,,,,,,,,,0,0,0,0,1,0,0,0,0,0
493,3,0,20,1082,1002,1254,1,1,1,1,-2,108,-12,-123,-27,-2,-64,20,-116,33,46,6,-77,112,0,27,0,0,0,0,0,0,0,0,0,0,0,0,0,0,0,0,1,2013,0x003fee70,-2.195312,0,0.000000,0,202,1010.000,0,,,0,0,0,,,,,0,,,,,,,,,,,,,,,,,,,,,,,,,,,,,,,,,,0,0,0,0,1,0,0,0,0,0
493,3,0,21,1086,1002,1254,1,1,1,1,98,2,-62,33,125,14,-113,-38,-2,-27,59,-47,0,-76,-15,93,0,0,0,0,0,0,0,0,0,0,0,0,0,0,0,0,1,2013,0x003fee70,-2.195312,0,0.000000,0,202,1010.000,0,,,0,0,0,,,,,0,,,,,,,,,,,,,,,,,,,,,,,,,,,,,,,,,,0,0,0,0,1,0,0,0,0,0
493,3,0,22,1090,1002,1254,1,1,1,1,-49,24,14,39,59,45,-36,-21,-18,5,22,-51,-73,112,-60,-67,0,0,0,0,0,0,0,0,0,0,0,0,0,0,0,0,1,2013,0x003fee70,-2.195312,0,0.000000,0,202,1010.000,0,,,0,0,0,,,,,0,,,,,,,,,,,,,,,,,,,,,,,,,,,,,,,,,,0,0,0,0,1,0,0,0,0,0
493,3,0,23,1094,1002,1254,1,1,1,1,7,-33,-67,49,48,-93,80,30,89,-13,-47,14,68,-93,123,-40,0,0,0,0,0,0,0,0,0,0,0,0,0,0,0,0,1,2013,0x003fee70,-2.195312,0,0.000000,0,202,1010.000,0,,,0,0,0,,,,,0,,,,,,,,,,,,,,,,,,,,,,,,,,,,,,,,,,0,0,0,0,1,0,0,0,0,0
493,3,0,24,1098,1002,1254,1,1,1,1,23,5,-1,-59,-53,16,7,-101,-28,53,-29,20,28,-50,-9,20,0,0,0,0,0,0,0,0,0,0,0,0,0,0,0,0,1,2013,0x003fee70,-2.195312,0,0.000000,0,202,1010.000,0,,,0,0,0,,,,,0,,,,,,,,,,,,,,,,,,,,,,,,,,,,,,,,,,0,0,0,0,1,0,0,0,0,0
493,3,0,25,1102,1002,1254,1,1,1,1,50,-22,53,-59,17,164,-36,-43,-19,-46,38,90,-4,-18,49,14,0,0,0,0,0,0,0,0,0,0,0,0,0,0,0,0,1,2013,0x003fee70,-2.195312,0,0.000000,0,202,1010.000,0,,,0,0,0,,,,,0,,,,,,,,,,,,,,,,,,,,,,,,,,,,,,,,,,0,0,0,0,1,0,0,0,0,0
493,3,0,26,1106,1002,1254,1,1,1,1,-8,16,80,-96,-100,71,19,-1,-67,-38,29,-20,-78,61,13,-96,0,0,0,0,0,0,0,0,0,0,0,0,0,0,0,0,1,2013,0x003fee70,-2.195312,0,0.000000,0,202,1010.000,0,,,0,0,0,,,,,0,,,,,,,,,,,,,,,,,,,,,,,,,,,,,,,,,,0,0,0,0,1,0,0,0,0,0
493,3,0,27,1110,1002,1254,1,1,1,1,22,1,0,0,57,-106,39,-42,-3,43,2,-21,60,36,-54,0,0,0,0,0,0,0,0,0,0,0,0,0,0,0,0,0,1,2013,0x003fee70,-2.195312,0,0.000000,0,202,1010.000,0,,,0,0,0,,,,,0,,,,,,,,,,,,,,,,,,,,,,,,,,,,,,,,,,0,0,0,0,1,0,0,0,0,0
493,3,0,28,1114,1002,1254,1,1,1,1,4,7,37,-55,36,53,-24,6,2,-57,65,-14,36,-22,36,-2,0,0,0,0,0,0,0,0,0,0,0,0,0,0,0,0,1,2013,0x003fee70,-2.195312,0,0.000000,0,202,1010.000,0,,,0,0,0,,,,,0,,,,,,,,,,,,,,,,,,,,,,,,,,,,,,,,,,0,0,0,0,1,0,0,0,0,0
493,3,0,29,1118,1002,1254,1,1,1,1,-34,1,127,-95,2,-99,14,101,-6,63,-80,-2,-31,-40,-40,109,0,0,0,0,0,0,0,0,0,0,0,0,0,0,0,0,1,2013,0x003fee70,-2.195312,0,0.000000,0,202,1010.000,0,,,0,0,0,,,,,0,,,,,,,,,,,,,,,,,,,,,,,,,,,,,,,,,,0,0,0,0,1,0,0,0,0,0
493,3,0,30,1122,1002,1254,1,1,1,1,-31,88,-57,-11,-36,66,-66,-87,68,-30,-65,47,92,-126,-22,8,0,0,0,0,0,0,0,0,0,0,0,0,0,0,0,0,1,2013,0x003fee70,-2.195312,0,0.000000,0,202,1010.000,0,,,0,0,0,,,,,0,,,,,,,,,,,,,,,,,,,,,,,,,,,,,,,,,,0,0,0,0,1,0,0,0,0,0
493,3,0,31,1126,1002,1254,1,1,1,1,48,13,-90,19,50,30,58,-47,39,-34,-13,-8,-8,88,-36,-85,0,0,0,0,0,0,0,0,0,0,0,0,0,0,0,0,1,2013,0x003fee70,-2.195312,0,0.000000,0,202,1010.000,0,,,0,0,0,,,,,0,,,,,,,,,,,,,,,,,,,,,,,,,,,,,,,,,,0,0,0,0,1,0,0,0,0,0
493,3,0,32,1130,1002,1254,1,1,1,1,66,-16,10,-19,-12,-3,-37,30,51,28,-120,81,68,39,-13,-73,0,0,0,0,0,0,0,0,0,0,0,0,0,0,0,0,1,2013,0x003fee70,-2.195312,0,0.000000,0,202,1010.000,0,,,0,0,0,,,,,0,,,,,,,,,,,,,,,,,,,,,,,,,,,,,,,,,,0,0,0,0,1,0,0,0,0,0
493,3,0,33,1134,1002,1254,1,1,1,1,10,-127,122,28,44,-26,-11,-35,-29,20,-62,55,-3,82,-15,-24,0,0,0,0,0,0,0,0,0,0,0,0,0,0,0,0,1,2013,0x003fee70,-2.195312,0,0.000000,0,202,1010.000,0,,,0,0,0,,,,,0,,,,,,,,,,,,,,,,,,,,,,,,,,,,,,,,,,0,0,0,0,1,0,0,0,0,0
493,3,0,34,1138,1002,1254,1,1,1,1,-12,-53,26,-19,57,47,-131,71,102,-136,-31,84,28,-2,-104,119,0,0,0,0,0,0,0,0,0,0,0,0,0,0,0,0,1,2013,0x003fee70,-2.195312,0,0.000000,0,202,1010.000,0,,,0,0,0,,,,,0,,,,,,,,,,,,,,,,,,,,,,,,,,,,,,,,,,0,0,0,0,1,0,0,0,0,0
493,3,0,35,1142,1002,1254,1,1,1,1,59,-63,15,23,13,-14,-32,35,1,-47,27,17,-12,-34,-2,10,0,0,0,0,0,0,0,0,0,0,0,0,0,0,0,0,1,2013,0x003fee70,-2.195312,0,0.000000,0,202,1010.000,0,,,0,0,0,,,,,0,,,,,,,,,,,,,,,,,,,,,,,,,,,,,,,,,,0,0,0,0,1,0,0,0,0,0
493,3,0,36,1146,1002,1254,1,1,1,1,-33,0,16,21,18,-33,-60,77,-37,-5,3,119,4,28,-16,-62,0,0,0,0,0,0,0,0,0,0,0,0,0,0,0,0,1,2013,0x003fee70,-2.195312,0,0.000000,0,202,1010.000,0,,,0,0,0,,,,,0,,,,,,,,,,,,,,,,,,,,,,,,,,,,,,,,,,0,0,0,0,1,0,0,0,0,0
493,3,0,37,1150,1002,1254,1,1,1,1,-23,22,-21,-22,133,-154,-73,62,-104,-50,28,41,49,-22,66,-41,0,0,0,0,0,0,0,0,0,0,0,0,0,0,0,0,1,2013,0x003fee70,-2.195312,0,0.000000,0,202,1010.000,0,,,0,0,0,,,,,0,,,,,,,,,,,,,,,,,,,,,,,,,,,,,,,,,,0,0,0,0,1,0,0,0,0,0
493,3,0,38,1154,1002,1254,1,1,1,1,-19,112,-82,21,-37,123,-20,-14,0,5,-28,3,-41,83,-27,-97,0,0,0,0,0,0,0,0,0,0,0,0,0,0,0,0,1,2013,0x003fee70,-2.195312,0,0.000000,0,202,1010.000,0,,,0,0,0,,,,,0,,,,,,,,,,,,,,,,,,,,,,,,,,,,,,,,,,0,0,0,0,1,0,0,0,0,0
493,3,0,39,1158,1002,1254,1,1,1,1,-13,-17,24,-16,-18,-69,4,82,-14,-13,93,21,105,10,-49,-51,0,0,0,0,0,0,0,0,0,0,0,0,0,0,0,0,1,2013,0x003fee70,-2.195312,0,0.000000,0,202,1010.000,0,,,0,0,0,,,,,0,,,,,,,,,,,,,,,,,,,,,,,,,,,,,,,,,,0,0,0,0,1,0,0,0,0,0
493,3,0,40,1162,1002,1254,1,1,1,1,52,-17,-41,-5,10,-54,19,25,-137,15,-22,81,107,13,-121,126,0,0,0,0,0,0,0,0,0,0,0,0,0,0,0,0,1,2013,0x003fee70,-2.195312,0,0.000000,0,202,1010.000,0,,,0,0,0,,,,,0,,,,,,,,,,,,,,,,,,,,,,,,,,,,,,,,,,0,0,0,0,1,0,0,0,0,0
493,3,0,41,1166,1002,1254,1,1,1,1,-12,78,-25,7,-78,62,11,-10,72,-95,-4,-12,-79,-67,111,14,0,0,0,0,0,0,0,0,0,0,0,0,0,0,0,0,1,2013,0x003fee70,-2.195312,0,0.000000,0,202,1010.000,0,,,0,0,0,,,,,0,,,,,,,,,,,,,,,,,,,,,,,,,,,,,,,,,,0,0,0,0,1,0,0,0,0,0
493,3,0,42,1170,1002,1254,1,1,1,1,22,-171,121,67,4,-97,83,50,-20,69,-3,-2,-35,-20,-3,48,0,0,0,0,0,0,0,0,0,0,0,0,0,0,0,0,1,2013,0x003fee70,-2.195312,0,0.000000,0,202,1010.000,0,,,0,0,0,,,,,0,,,,,,,,,,,,,,,,,,,,,,,,,,,,,,,,,,0,0,0,0,1,0,0,0,0,0
493,3,0,43,1174,1002,1254,1,1,1,1,-80,63,-39,-47,-43,-8,-46,53,-61,-30,159,-73,-62,88,-81,-22,0,0,0,0,0,0,0,0,0,0,0,0,0,0,0,0,1,2013,0x003fee70,-2.195312,0,0.000000,0,202,1010.000,0,,,0,0,0,,,,,0,,,,,,,,,,,,,,,,,,,,,,,,,,,,,,,,,,0,0,0,0,1,0,0,0,0,0
493,3,0,44,1178,1002,1254,1,1,1,1,34,11,-28,40,7,-5,-21,11,-87,90,1,-73,93,-85,2,71,0,0,0,0,0,0,0,0,0,0,0,0,0,0,0,0,1,2013,0x003fee70,-2.195312,0,0.000000,0,202,1010.000,0,,,0,0,0,,,,,0,,,,,,,,,,,,,,,,,,,,,,,,,,,,,,,,,,0,0,0,0,1,0,0,0,0,0
493,3,0,45,1182,1002,1254,1,1,1,1,37,-62,-17,20,29,-80,42,51,68,-34,21,15,51,-79,-79,-2,0,0,0,0,0,0,0,0,0,0,0,0,0,0,0,0,1,2013,0x003fee70,-2.195312,0,0.000000,0,202,1010.000,0,,,0,0,0,,,,,0,,,,,,,,,,,,,,,,,,,,,,,,,,,,,,,,,,0,0,0,0,1,0,0,0,0,0
493,3,0,46,1186,1002,1254,1,1,1,1,9,-20,47,-41,-12,-114,59,103,42,-130,66,-37,90,91,-129,-42,0,0,0,0,0,0,0,0,0,0,0,0,0,0,0,0,1,2013,0x003fee70,-2.195312,0,0.000000,0,202,1010.000,0,,,0,0,0,,,,,0,,,,,,,,,,,,,,,,,,,,,,,,,,,,,,,,,,0,0,0,0,1,0,0,0,0,0
493,3,0,47,1190,1002,1254,1,1,1,1,22,-40,43,5,-80,-22,17,-1,51,35,-51,16,89,-9,-16,-20,0,0,0,0,0,0,0,0,0,0,0,0,0,0,0,0,1,2013,0x003fee70,-2.195312,0,0.000000,0,202,1010.000,0,,,0,0,0,,,,,0,,,,,,,,,,,,,,,,,,,,,,,,,,,,,,,,,,0,0,0,0,1,0,0,0,0,0
493,3,0,48,1194,1002,1254,1,1,1,1,-53,26,7,91,58,-72,-43,56,-101,116,-9,-10,-16,49,58,-82,0,0,0,0,0,0,0,0,0,0,0,0,0,0,0,0,1,2013,0x003fee70,-2.195312,0,0.000000,0,202,1010.000,0,,,0,0,0,,,,,0,,,,,,,,,,,,,,,,,,,,,,,,,,,,,,,,,,0,0,0,0,1,0,0,0,0,0
493,3,0,49,1198,1002,1254,1,1,1,1,-85,-81,74,-48,53,8,10,-193,48,-130,50,80,-16,-22,73,17,0,0,0,0,0,0,0,0,0,0,0,0,0,0,0,0,1,2013,0x003fee70,-2.195312,0,0.000000,0,202,1010.000,0,,,0,0,0,,,,,0,,,,,,,,,,,,,,,,,,,,,,,,,,,,,,,,,,0,0,0,0,1,0,0,0,0,0
493,3,0,50,1202,1002,1254,1,1,1,1,73,38,-11,-114,53,166,-112,100,-63,-3,-21,51,-87,33,62,-43,0,0,0,0,0,0,0,0,0,0,0,0,0,0,0,0,1,2013,0x003fee70,-2.195312,0,0.000000,0,202,1010.000,0,,,0,0,0,,,,,0,,,,,,,,,,,,,,,,,,,,,,,,,,,,,,,,,,0,0,0,0,1,0,0,0,0,0
493,3,0,51,1206,1002,1254,1,1,1,1,-13,144,-32,-23,-31,-131,14,110,-23,45,-51,-4,-88,170,-85,-32,0,0,0,0,0,0,0,0,0,0,0,0,0,0,0,0,1,2013,0x003fee70,-2.195312,0,0.000000,0,202,1010.000,0,,,0,0,0,,,,,0,,,,,,,,,,,,,,,,,,,,,,,,,,,,,,,,,,0,0,0,0,1,0,0,0,0,0
493,3,0,52,1210,1002,1254,1,1,1,1,-81,52,54,-21,3,-68,43,-36,-64,148,-20,-129,17,-11,47,-40,0,0,0,0,0,0,0,0,0,0,0,0,0,0,0,0,1,2013,0x003fee70,-2.195312,0,0.000000,0,202,1010.000,0,,,0,0,0,,,,,0,,,,,,,,,,,,,,,,,,,,,,,,,,,,,,,,,,0,0,0,0,1,0,0,0,0,0
493,3,0,53,1214,1002,1254,1,1,1,1,-101,151,20,-108,26,-27,33,1,86,34,-37,-87,38,-48,58,-2,0,0,0,0,0,0,0,0,0,0,0,0,0,0,0,0,1,2013,0x003fee70,-2.195312,0,0.000000,0,202,1010.000,0,,,0,0,0,,,,,0,,,,,,,,,,,,,,,,,,,,,,,,,,,,,,,,,,0,0,0,0,1,0,0,0,0,0
493,3,0,54,1218,1002,1254,1,1,1,1,-79,83,37,19,-15,-13,-42,61,108,66,-137,-19,-21,-76,-5,164,0,0,0,0,0,0,0,0,0,0,0,0,0,0,0,0,1,2013,0x003fee70,-2.195312,0,0.000000,0,202,1010.000,0,,,0,0,0,,,,,0,,,,,,,,,,,,,,,,,,,,,,,,,,,,,,,,,,0,0,0,0,1,0,0,0,0,0
493,3,0,55,1222,1002,1254,1,1,1,1,3,-63,14,-13,95,-181,52,61,101,-14,-20,-9,-3,-171,57,43,0,0,0,0,0,0,0,0,0,0,0,0,0,0,0,0,1,2013,0x003fee70,-2.195312,0,0.000000,0,202,1010.000,0,,,0,0,0,,,,,0,,,,,,,,,,,,,,,,,,,,,,,,,,,,,,,,,,0,0,0,0,1,0,0,0,0,0
493,3,0,56,1226,1002,1254,1,1,1,1,-4,38,18,-13,-30,9,-42,39,-72,158,-48,-105,-53,66,-7,-21,0,0,0,0,0,0,0,0,0,0,0,0,0,0,0,0,1,2013,0x003fee70,-2.195312,0,0.000000,0,202,1010.000,0,,,0,0,0,,,,,0,,,,,,,,,,,,,,,,,,,,,,,,,,,,,,,,,,0,0,0,0,1,0,0,0,0,0
493,3,0,57,1230,1002,1254,1,1,1,1,-65,-7,123,-44,-1,-41,10,65,93,20,-44,3,-12,-17,42,-22,0,0,0,0,0,0,0,0,0,0,0,0,0,0,0,0,1,2013,0x003fee70,-2.195312,0,0.000000,0,202,1010.000,0,,,0,0,0,,,,,0,,,,,,,,,,,,,,,,,,,,,,,,,,,,,,,,,,0,0,0,0,1,0,0,0,0,0
493,3,0,58,1234,1002,1254,1,1,1,1,-75,45,38,-30,-1,-62,-45,40,-77,92,61,-47,22,-20,-45,72,0,0,0,0,0,0,0,0,0,0,0,0,0,0,0,0,1,2013,0x003fee70,-2.195312,0,0.000000,0,202,1010.000,0,,,0,0,0,,,,,0,,,,,,,,,,,,,,,,,,,,,,,,,,,,,,,,,,0,0,0,0,1,0,0,0,0,0
493,3,0,59,1238,1002,1254,1,1,1,1,-20,-11,73,-68,51,29,-24,-97,-68,-5,14,117,64,-121,-26,33,0,0,0,0,0,0,0,0,0,0,0,0,0,0,0,0,1,2013,0x003fee70,-2.195312,0,0.000000,0,202,1010.000,0,,,0,0,0,,,,,0,,,,,,,,,,,,,,,,,,,,,,,,,,,,,,,,,,0,0,0,0,1,0,0,0,0,0
493,3,0,60,1242,1002,1254,1,1,1,1,-2,56,-67,60,36,26,23,16,-78,-18,-29,53,72,-14,-49,18,0,0,0,0,0,0,0,0,0,0,0,0,0,0,0,0,1,2013,0x003fee70,-2.195312,0,0.000000,0,202,1010.000,0,,,0,0,0,,,,,0,,,,,,,,,,,,,,,,,,,,,,,,,,,,,,,,,,0,0,0,0,1,0,0,0,0,0
493,3,0,61,1246,1002,1254,1,1,1,1,45,-135,57,-28,-76,98,-94,8,-20,23,18,-85,14,-37,18,33,0,0,0,0,0,0,0,0,0,0,0,0,0,0,0,0,1,2013,0x003fee70,-2.195312,0,0.000000,0,202,1010.000,0,,,0,0,0,,,,,0,,,,,,,,,,,,,,,,,,,,,,,,,,,,,,,,,,0,0,0,0,1,0,0,0,0,0
493,3,0,62,1250,1002,1254,1,1,1,1,58,-20,33,9,12,52,24,-110,50,-5,42,-12,-77,87,-53,-15,0,0,0,0,0,0,0,0,0,0,0,0,0,0,0,0,1,2013,0x003fee70,-2.195312,0,0.000000,0,202,1010.000,0,,,0,0,0,,,,,0,,,,,,,,,,,,,,,,,,,,,,,,,,,,,,,,,,0,0,0,0,1,0,0,0,0,0
493,3,0,63,1254,1002,1254,1,1,1,1,-140,160,-89,-18,18,11,95,-106,-97,61,41,21,77,-40,-37,18,0,0,0,0,0,0,0,0,0,0,0,0,0,0,0,0,1,2013,0x003fee70,-2.195312,0,0.000000,0,202,1010.000,0,,,0,0,0,,,,,0,,,,,,,,,,,,,,,,,,,,,,,,,,,,,,,,,,0,0,0,0,1,0,0,0,0,0
494,4,0,0,1258,1258,1510,1,1,1,1,-58,37,79,-42,-48,-6,45,-83,-33,-11,-24,47,128,1,-93,49,0,0,0,0,0,0,0,0,0,0,0,0,0,0,0,0,1,2268,0x003fe4fd,-3.376465,0,0.000000,0,202,1010.000,0,,,0,0,0,,,,,0,,,,,,,,,,,,,,,,,,,,,,,,,,,,,,,,,,0,0,0,0,1,0,0,0,0,0
494,4,0,1,1262,1258,1510,1,1,1,1,-29,-65,58,48,45,94,-128,32,-1,-54,42,18,22,61,-138,-13,0,0,0,0,0,0,0,0,0,0,0,0,0,0,0,0,1,2268,0x003fe4fd,-3.376465,0,0.000000,0,202,1010.000,0,,,0,0,0,,,,,0,,,,,,,,,,,,,,,,,,,,,,,,,,,,,,,,,,0,0,0,0,1,0,0,0,0,0
494,4,0,2,1266,1258,1510,1,1,1,1,-76,49,18,-34,-24,40,106,-167,34,-119,18,42,74,26,-49,81,0,0,0,0,0,0,0,0,0,0,0,0,0,0,0,0,1,2268,0x003fe4fd,-3.376465,0,0.000000,0,202,1010.000,0,,,0,0,0,,,,,0,,,,,,,,,,,,,,,,,,,,,,,,,,,,,,,,,,0,0,0,0,1,0,0,0,0,0
494,4,0,3,1270,1258,1510,1,1,1,1,11,-7,-26,16,26,-4,55,-8,46,-37,7,6,-81,-52,87,66,0,0,0,0,0,0,0,0,0,0,0,0,0,0,0,0,1,2268,0x003fe4fd,-3.376465,0,0.000000,0,202,1010.000,0,,,0,0,0,,,,,0,,,,,,,,,,,,,,,,,,,,,,,,,,,,,,,,,,0,0,0,0,1,0,0,0,0,0
494,4,0,4,1274,1258,1510,1,1,1,1,53,-86,70,-63,32,0,-106,-2,-62,9,81,-70,-118,-40,99,-24,0,0,0,0,0,0,0,0,0,0,0,0,0,0,0,0,1,2268,0x003fe4fd,-3.376465,0,0.000000,0,202,1010.000,0,,,0,0,0,,,,,0,,,,,,,,,,,,,,,,,,,,,,,,,,,,,,,,,,0,0,0,0,1,0,0,0,0,0
494,4,0,5,1278,1258,1510,1,1,1,1,88,-40,-73,77,64,43,-50,52,-33,84,58,-84,4,20,-4,-57,0,0,0,0,0,0,0,0,0,0,0,0,0,0,0,0,1,2268,0x003fe4fd,-3.376465,0,0.000000,0,202,1010.000,0,,,0,0,0,,,,,0,,,,,,,,,,,,,,,,,,,,,,,,,,,,,,,,,,0,0,0,0,1,0,0,0,0,0
494,4,0,6,1282,1258,1510,1,1,1,1,18,-11,-116,107,-22,-77,10,77,-83,61,-6,63,26,-6,0,50,0,0,0,0,0,0,0,0,0,0,0,0,0,0,0,0,1,2268,0x003fe4fd,-3.376465,0,0.000000,0,202,1010.000,0,,,0,0,0,,,,,0,,,,,,,,,,,,,,,,,,,,,,,,,,,,,,,,,,0,0,0,0,1,0,0,0,0,0
494,4,0,7,1286,1258,1510,1,1,1,1,47,-103,117,-97,-19,3,-45,-26,9,12,-136,-49,-27,1,-31,2,0,0,0,0,0,0,0,0,0,0,0,0,0,0,0,0,1,2268,0x003fe4fd,-3.376465,0,0.000000,0,202,1010.000,0,,,0,0,0,,,,,0,,,,,,,,,,,,,,,,,,,,,,,,,,,,,,,,,,0,0,0,0,1,0,0,0,0,0
494,4,0,8,1290,1258,1510,1,1,1,1,-59,99,-1,42,121,-66,33,-97,209,-18,-100,68,40,2,-65,25,0,0,0,0,0,0,0,0,0,0,0,0,0,0,0,0,1,2268,0x003fe4fd,-3.376465,0,0.000000,0,202,1010.000,0,,,0,0,0,,,,,0,,,,,,,,,,,,,,,,,,,,,,,,,,,,,,,,,,0,0,0,0,1,0,0,0,0,0
494,4,0,9,1294,1258,1510,1,1,1,1,-77,-14,10,36,16,134,-106,41,-115,93,23,-39,90,-57,-63,-37,0,0,0,0,0,0,0,0,0,0,0,0,0,0,0,0,1,2268,0x003fe4fd,-3.376465,0,0.000000,0,202,1010.000,0,,,0,0,0,,,,,0,,,,,,,,,,,,,,,,,,,,,,,,,,,,,,,,,,0,0,0,0,1,0,0,0,0,0
494,4,0,10,1298,1258,1510,1,1,1,1,12,24,-110,48,-87,107,-7,-82,19,-57,54,39,119,41,-84,6,0,0,0,0,0,0,0,0,0,0,0,0,0,0,0,0,1,2268,0x003fe4fd,-3.376465,0,0.000000,0,202,1010.000,0,,,0,0,0,,,,,0,,,,,,,,,,,,,,,,,,,,,,,,,,,,,,,,,,0,0,0,0,1,0,0,0,0,0
494,4,0,11,1302,1258,1510,1,1,1,1,61,-105,109,-3,33,13,-28,72,-97,-4,98,-29,-42,51,1,-22,0,0,0,0,0,0,0,0,0,0,0,0,0,0,0,0,1,2268,0x003fe4fd,-3.376465,0,0.000000,0,202,1010.000,0,,,0,0,0,,,,,0,,,,,,,,,,,,,,,,,,,,,,,,,,,,,,,,,,0,0,0,0,1,0,0,0,0,0
494,4,0,12,1306,1258,1510,1,1,1,1,-131,76,18,3,40,-164,90,-5,-59,54,-11,-5,41,-13,-60,79,0,0,0,0,0,0,0,0,0,0,0,0,0,0,0,0,1,2268,0x003fe4fd,-3.376465,0,0.000000,0,202,1010.000,0,,,0,0,0,,,,,0,,,,,,,,,,,,,,,,,,,,,,,,,,,,,,,,,,0,0,0,0,1,0,0,0,0,0
494,4,0,13,1310,1258,1510,1,1,1,1,21,-29,-55,63,-23,-37,88,38,30,10,-136,64,-62,18,38,-16,0,0,0,0,0,0,0,0,0,0,0,0,0,0,0,0,1,2268,0x003fe4fd,-3.376465,0,0.000000,0,202,1010.000,0,,,0,0,0,,,,,0,,,,,,,,,,,,,,,,,,,,,,,,,,,,,,,,,,0,0,0,0,1,0,0,0,0,0
494,4,0,14,1314,1258,1510,1,1,1,1,-22,29,-22,-35,-84,36,-108,114,48,41,-11,-72,-26,30,-49,49,0,0,0,0,0,0,0,0,0,0,0,0,0,0,0,0,1,2268,0x003fe4fd,-3.376465,0,0.000000,0,202,1010.000,0,,,0,0,0,,,,,0,,,,,,,,,,,,,,,,,,,,,,,,,,,,,,,,,,0,0,0,0,1,0,0,0,0,0
494,4,0,15,1318,1258,1510,1,1,1,1,96,-61,-22,64,-56,82,-17,-94,-12,62,-55,14,-10,-15,-14,66,0,0,0,0,0,0,0,0,0,0,0,0,0,0,0,0,1,2268,0x003fe4fd,-3.376465,0,0.000000,0,202,1010.000,0,,,0,0,0,,,,,0,,,,,,,,,,,,,,,,,,,,,,,,,,,,,,,,,,0,0,0,0,1,0,0,0,0,0
494,4,0,16,1322,1258,1510,1,1,1,1,-7,-170,89,222,-10,101,20,-92,69,-11,-67,-37,-17,-48,-28,67,0,0,0,0,0,0,0,0,0,0,0,0,0,0,0,0,1,2268,0x003fe4fd,-3.376465,0,0.000000,0,202,1010.000,0,,,0,0,0,,,,,0,,,,,,,,,,,,,,,,,,,,,,,,,,,,,,,,,,0,0,0,0,1,0,0,0,0,0
494,4,0,17,1326,1258,1510,1,1,1,1,-141,-102,-28,113,88,-73,16,-2,106,-28,-72,76,-27,42,17,-88,0,0,0,0,0,0,0,0,0,0,0,0,0,0,0,0,1,2268,0x003fe4fd,-3.376465,0,0.000000,0,202,1010.000,0,,,0,0,0,,,,,0,,,,,,,,,,,,,,,,,,,,,,,,,,,,,,,,,,0,0,0,0,1,0,0,0,0,0
494,4,0,18,1330,1258,1510,1,1,1,1,81,-48,-79,-32,18,-36,-26,131,112,-168,-77,132,32,-22,22,51,0,0,0,0,0,0,0,0,0,0,0,0,0,0,0,0,1,2268,0x003fe4fd,-3.376465,0,0.000000,0,202,1010.000,0,,,0,0,0,,,,,0,,,,,,,,,,,,,,,,,,,,,,,,,,,,,,,,,,0,0,0,0,1,0,0,0,0,0
494,4,0,19,1334,1258,1510,1,1,1,1,13,31,78,21,-41,-57,0,-17,58,-79,-28,20,-55,5,57,-109,0,0,0,0,0,0,0,0,0,0,0,0,0,0,0,0,1,2268,0x003fe4fd,-3.376465,0,0.000000,0,202,1010.000,0,,,0,0,0,,,,,0,,,,,,,,,,,,,,,,,,,,,,,,,,,,,,,,,,0,0,0,0,1,0,0,0,0,0
494,4,0,20,1338,1258,1510,1,1,1,1,-68,-91,57,37,24,23,59,-76,20,43,-16,-101,33,51,11,-78,0,0,0,0,0,0,0,0,0,0,0,0,0,0,0,0,1,2268,0x003fe4fd,-3.376465,0,0.000000,0,202,1010.000,0,,,0,0,0,,,,,0,,,,,,,,,,,,,,,,,,,,,,,,,,,,,,,,,,0,0,0,0,1,0,0,0,0,0
494,4,0,21,1342,1258,1510,1,1,1,1,-25,39,-31,-50,-27,-14,21,68,74,0,-26,30,64,0,-29,-56,0,0,0,0,0,0,0,0,0,0,0,0,0,0,0,0,1,2268,0x003fe4fd,-3.376465,0,0.000000,0,202,1010.000,0,,,0,0,0,,,,,0,,,,,,,,,,,,,,,,,,,,,,,,,,,,,,,,,,0,0,0,0,1,0,0,0,0,0
494,4,0,22,1346,1258,1510,1,1,1,1,82,7,-53,-7,12,-61,-29,0,-14,61,-109,93,53,72,-42,3,0,0,0,0,0,0,0,0,0,0,0,0,0,0,0,0,1,2268,0x003fe4fd,-3.376465,0,0.000000,0,202,1010.000,0,,,0,0,0,,,,,0,,,,,,,,,,,,,,,,,,,,,,,,,,,,,,,,,,0,0,0,0,1,0,0,0,0,0
494,4,0,23,1350,1258,1510,1,1,1,1,-7,79,-76,-1,101,-76,-13,24,-75,60,-13,-60,-93,74,-23,26,0,0,0,0,0,0,0,0,0,0,0,0,0,0,0,0,1,2268,0x003fe4fd,-3.376465,0,0.000000,0,202,1010.000,0,,,0,0,0,,,,,0,,,,,,,,,,,,,,,,,,,,,,,,,,,,,,,,,,0,0,0,0,1,0,0,0,0,0
494,4,0,24,1354,1258,1510,1,1,1,1,50,25,-38,-101,-44,50,63,-30,56,-2,32,-69,29,-37,-10,-23,0,0,0,0,0,0,0,0,0,0,0,0,0,0,0,0,1,2268,0x003fe4fd,-3.376465,0,0.000000,0,202,1010.000,0,,,0,0,0,,,,,0,,,,,,,,,,,,,,,,,,,,,,,,,,,,,,,,,,0,0,0,0,1,0,0,0,0,0
494,4,0,25,1358,1258,1510,1,1,1,1,105,-1,6,-13,-91,5,8,75,61,-52,-22,96,70,-11,-54,1,0,0,0,0,0,0,0,0,0,0,0,0,0,0,0,0,1,2268,0x003fe4fd,-3.376465,0,0.000000,0,202,1010.000,0,,,0,0,0,,,,,0,,,,,,,,,,,,,,,,,,,,,,,,,,,,,,,,,,0,0,0,0,1,0,0,0,0,0
494,4,0,26,1362,1258,1510,1,1,1,1,-21,6,-1,37,22,-64,6,-48,-38,-27,8,1,56,-38,-54,134,0,0,0,0,0,0,0,0,0,0,0,0,0,0,0,0,1,2268,0x003fe4fd,-3.376465,0,0.000000,0,202,1010.000,0,,,0,0,0,,,,,0,,,,,,,,,,,,,,,,,,,,,,,,,,,,,,,,,,0,0,0,0,1,0,0,0,0,0
494,4,0,27,1366,1258,1510,1,1,1,1,-63,26,56,-27,58,-19,-1,41,-26,91,-61,-33,6,-95,-82,180,0,0,0,0,0,0,0,0,0,0,0,0,0,0,0,0,1,2268,0x003fe4fd,-3.376465,0,0.000000,0,202,1010.000,0,,,0,0,0,,,,,0,,,,,,,,,,,,,,,,,,,,,,,,,,,,,,,,,,0,0,0,0,1,0,0,0,0,0
494,4,0,28,1370,1258,1510,1,1,1,1,-51,21,-29,-4,-28,-12,-33,104,34,2,-60,138,-110,-16,54,7,0,0,0,0,0,0,0,0,0,0,0,0,0,0,0,0,1,2268,0x003fe4fd,-3.376465,0,0.000000,0,202,1010.000,0,,,0,0,0,,,,,0,,,,,,,,,,,,,,,,,,,,,,,,,,,,,,,,,,0,0,0,0,1,0,0,0,0,0
494,4,0,29,1374,1258,1510,1,1,1,1,142,-35,-141,-10,-98,-45,98,70,-60,-2,-39,-83,58,-81,-26,31,0,0,0,0,0,0,0,0,0,0,0,0,0,0,0,0,1,2268,0x003fe4fd,-3.376465,0,0.000000,0,202,1010.000,0,,,0,0,0,,,,,0,,,,,,,,,,,,,,,,,,,,,,,,,,,,,,,,,,0,0,0,0,1,0,0,0,0,0
494,4,0,30,1378,1258,1510,1,1,1,1,148,-2,-47,-88,-48,-102,2,72,99,57,2,-32,-37,81,7,-104,0,0,0,0,0,0,0,0,0,0,0,0,0,0,0,0,1,2268,0x003fe4fd,-3.376465,0,0.000000,0,202,1010.000,0,,,0,0,0,,,,,0,,,,,,,,,,,,,,,,,,,,,,,,,,,,,,,,,,0,0,0,0,1,0,0,0,0,0
494,4,0,31,1382,1258,1510,1,1,1,1,3,156,-32,-100,6,18,-24,-101,-12,-103,89,23,26,74,-14,-7,0,0,0,0,0,0,0,0,0,0,0,0,0,0,0,0,1,2268,0x003fe4fd,-3.376465,0,0.000000,0,202,1010.000,0,,,0,0,0,,,,,0,,,,,,,,,,,,,,,,,,,,,,,,,,,,,,,,,,0,0,0,0,1,0,0,0,0,0
494,4,0,32,1386,1258,1510,1,1,1,1,32,52,-105,70,70,91,-28,-38,-39,83,-33,-70,-37,-50,53,49,0,0,0,0,0,0,0,0,0,0,0,0,0,0,0,0,1,2268,0x003fe4fd,-3.376465,0,0.000000,0,202,1010.000,0,,,0,0,0,,,,,0,,,,,,,,,,,,,,,,,,,,,,,,,,,,,,,,,,0,0,0,0,1,0,0,0,0,0
494,4,0,33,1390,1258,1510,1,1,1,1,54,-55,9,-18,-150,171,58,-166,31,-42,151,-148,7,-16,-82,2,0,0,0,0,0,0,0,0,0,0,0,0,0,0,0,0,1,2268,0x003fe4fd,-3.376465,0,0.000000,0,202,1010.000,0,,,0,0,0,,,,,0,,,,,,,,,,,,,,,,,,,,,,,,,,,,,,,,,,0,0,0,0,1,0,0,0,0,0
494,4,0,34,1394,1258,1510,1,1,1,1,-9,-57,138,-66,130,-24,-58,-15,2,105,-56,40,87,14,-25,-124,0,0,0,0,0,0,0,0,0,0,0,0,0,0,0,0,1,2268,0x003fe4fd,-3.376465,0,0.000000,0,202,1010.000,0,,,0,0,0,,,,,0,,,,,,,,,,,,,,,,,,,,,,,,,,,,,,,,,,0,0,0,0,1,0,0,0,0,0
494,4,0,35,1398,1258,1510,1,1,1,1,3,33,-13,-60,81,-47,25,36,-57,-81,96,87,92,45,47,-63,0,0,0,0,0,0,0,0,0,0,0,0,0,0,0,0,1,2268,0x003fe4fd,-3.376465,0,0.000000,0,202,1010.000,0,,,0,0,0,,,,,0,,,,,,,,,,,,,,,,,,,,,,,,,,,,,,,,,,0,0,0,0,1,0,0,0,0,0
494,4,0,36,1402,1258,1510,1,1,1,1,-9,23,82,-14,-111,-18,149,24,-43,-89,-18,67,-102,24,96,-20,0,0,0,0,0,0,0,0,0,0,0,0,0,0,0,0,1,2268,0x003fe4fd,-3.376465,0,0.000000,0,202,1010.000,0,,,0,0,0,,,,,0,,,,,,,,,,,,,,,,,,,,,,,,,,,,,,,,,,0,0,0,0,1,0,0,0,0,0
494,4,0,37,1406,1258,1510,1,1,1,1,-31,-56,-10,107,-148,-2,48,91,60,-15,-114,10,-20,51,-86,39,0,0,0,0,0,0,0,0,0,0,0,0,0,0,0,0,1,2268,0x003fe4fd,-3.376465,0,0.000000,0,202,1010.000,0,,,0,0,0,,,,,0,,,,,,,,,,,,,,,,,,,,,,,,,,,,,,,,,,0,0,0,0,1,0,0,0,0,0
494,4,0,38,1410,1258,1510,1,1,1,1,-43,-22,4,6,-100,-9,36,-63,77,12,14,-75,-41,41,35,-14,0,0,0,0,0,0,0,0,0,0,0,0,0,0,0,0,1,2268,0x003fe4fd,-3.376465,0,0.000000,0,202,1010.000,0,,,0,0,0,,,,,0,,,,,,,,,,,,,,,,,,,,,,,,,,,,,,,,,,0,0,0,0,1,0,0,0,0,0
494,4,0,39,1414,1258,1510,1,1,1,1,43,-66,4,20,123,-38,-43,-29,-9,55,18,-94,-38,-85,121,120,0,0,0,0,0,0,0,0,0,0,0,0,0,0,0,0,1,2268,0x003fe4fd,-3.376465,0,0.000000,0,202,1010.000,0,,,0,0,0,,,,,0,,,,,,,,,,,,,,,,,,,,,,,,,,,,,,,,,,0,0,0,0,1,0,0,0,0,0
494,4,0,40,1418,1258,1510,1,1,1,1,20,-9,-47,86,52,-13,-41,172,83,19,-102,71,-124,-137,30,132,0,0,0,0,0,0,0,0,0,0,0,0,0,0,0,0,1,2268,0x003fe4fd,-3.376465,0,0.000000,0,202,1010.000,0,,,0,0,0,,,,,0,,,,,,,,,,,,,,,,,,,,,,,,,,,,,,,,,,0,0,0,0,1,0,0,0,0,0
494,4,0,41,1422,1258,1510,1,1,1,1,-33,-77,61,-19,-159,-58,141,1,-26,22,21,-50,35,-29,-94,18,0,0,0,0,0,0,0,0,0,0,0,0,0,0,0,0,1,2268,0x003fe4fd,-3.376465,0,0.000000,0,202,1010.000,0,,,0,0,0,,,,,0,,,,,,,,,,,,,,,,,,,,,,,,,,,,,,,,,,0,0,0,0,1,0,0,0,0,0
494,4,0,42,1426,1258,1510,1,1,1,1,55,-18,-45,57,-71,-50,39,82,12,57,-104,36,10,34,-52,66,0,0,0,0,0,0,0,0,0,0,0,0,0,0,0,0,1,2268,0x003fe4fd,-3.376465,0,0.000000,0,202,1010.000,0,,,0,0,0,,,,,0,,,,,,,,,,,,,,,,,,,,,,,,,,,,,,,,,,0,0,0,0,1,0,0,0,0,0
494,4,0,43,1430,1258,1510,1,1,1,1,-5,-75,-19,113,29,-141,71,-10,24,60,-29,-111,-27,-18,81,-119,0,0,0,0,0,0,0,0,0,0,0,0,0,0,0,0,1,2268,0x003fe4fd,-3.376465,0,0.000000,0,202,1010.000,0,,,0,0,0,,,,,0,,,,,,,,,,,,,,,,,,,,,,,,,,,,,,,,,,0,0,0,0,1,0,0,0,0,0
494,4,0,44,1434,1258,1510,1,1,1,1,27,-103,50,-70,-47,74,4,-50,17,103,2,-50,21,21,27,55,0,0,0,0,0,0,0,0,0,0,0,0,0,0,0,0,1,2268,0x003fe4fd,-3.376465,0,0.000000,0,202,1010.000,0,,,0,0,0,,,,,0,,,,,,,,,,,,,,,,,,,,,,,,,,,,,,,,,,0,0,0,0,1,0,0,0,0,0
494,4,0,45,1438,1258,1510,1,1,1,1,-12,132,-16,-29,-26,4,137,-81,26,-102,110,29,-79,-76,89,31,0,0,0,0,0,0,0,0,0,0,0,0,0,0,0,0,1,2268,0x003fe4fd,-3.376465,0,0.000000,0,202,1010.000,0,,,0,0,0,,,,,0,,,,,,,,,,,,,,,,,,,,,,,,,,,,,,,,,,0,0,0,0,1,0,0,0,0,0
494,4,0,46,1442,1258,1510,1,1,1,1,-95,76,-1,-30,-67,78,2,-80,-136,59,77,-76,-26,15,-57,8,0,0,0,0,0,0,0,0,0,0,0,0,0,0,0,0,1,2268,0x003fe4fd,-3.376465,0,0.000000,0,202,1010.000,0,,,0,0,0,,,,,0,,,,,,,,,,,,,,,,,,,,,,,,,,,,,,,,,,0,0,0,0,1,0,0,0,0,0
494,4,0,47,1446,1258,1510,1,1,1,1,85,-88,6,56,-23,125,5,-47,52,-62,51,-11,23,3,83,-112,0,0,0,0,0,0,0,0,0,0,0,0,0,0,0,0,1,2268,0x003fe4fd,-3.376465,0,0.000000,0,202,1010.000,0,,,0,0,0,,,,,0,,,,,,,,,,,,,,,,,,,,,,,,,,,,,,,,,,0,0,0,0,1,0,0,0,0,0
494,4,0,48,1450,1258,1510,1,1,1,1,19,-93,2,29,-32,17,-15,-13,-98,112,-14,28,-37,15,96,45,0,0,0,0,0,0,0,0,0,0,0,0,0,0,0,0,1,2268,0x003fe4fd,-3.376465,0,0.000000,0,202,1010.000,0,,,0,0,0,,,,,0,,,,,,,,,,,,,,,,,,,,,,,,,,,,,,,,,,0,0,0,0,1,0,0,0,0,0
494,4,0,49,1454,1258,1510,1,1,1,1,13,77,-86,-17,103,-23,-125,29,-40,-24,29,-30,-21,-169,20,56,0,0,0,0,0,0,0,0,0,0,0,0,0,0,0,0,1,2268,0x003fe4fd,-3.376465,0,0.000000,0,202,1010.000,0,,,0,0,0,,,,,0,,,,,,,,,,,,,,,,,,,,,,,,,,,,,,,,,,0,0,0,0,1,0,0,0,0,0
494,4,0,50,1458,1258,1510,1,1,1,1,7,-30,97,-27,195,-155,-142,129,32,-9,43,-74,46,77,-113,-19,0,0,0,0,0,0,0,0,0,0,0,0,0,0,0,0,1,2268,0x003fe4fd,-3.376465,0,0.000000,0,202,1010.000,0,,,0,0,0,,,,,0,,,,,,,,,,,,,,,,,,,,,,,,,,,,,,,,,,0,0,0,0,1,0,0,0,0,0
494,4,0,51,1462,1258,1510,1,1,1,1,-1,-65,33,38,174,-96,-143,42,28,20,-43,23,48,-81,114,-21,0,0,0,0,0,0,0,0,0,0,0,0,0,0,0,0,1,2268,0x003fe4fd,-3.376465,0,0.000000,0,202,1010.000,0,,,0,0,0,,,,,0,,,,,,,,,,,,,,,,,,,,,,,,,,,,,,,,,,0,0,0,0,1,0,0,0,0,0
494,4,0,52,1466,1258,1510,1,1,1,1,-57,22,14,0,91,-65,3,20,19,40,-62,-42,-68,76,-69,33,0,0,0,0,0,0,0,0,0,0,0,0,0,0,0,0,1,2268,0x003fe4fd,-3.376465,0,0.000000,0,202,1010.000,0,,,0,0,0,,,,,0,,,,,,,,,,,,,,,,,,,,,,,,,,,,,,,,,,0,0,0,0,1,0,0,0,0,0
494,4,0,53,1470,1258,1510,1,1,1,1,5,-5,-51,71,19,34,-73,-29,53,-37,73,9,40,-60,-45,79,0,0,0,0,0,0,0,0,0,0,0,0,0,0,0,0,1,2268,0x003fe4fd,-3.376465,0,0.000000,0,202,1010.000,0,,,0,0,0,,,,,0,,,,,,,,,,,,,,,,,,,,,,,,,,,,,,,,,,0,0,0,0,1,0,0,0,0,0
494,4,0,54,1474,1258,1510,1,1,1,1,34,-132,39,71,11,49,22,-27,-58,-15,23,-5,57,-51,-36,-16,0,0,0,0,0,0,0,0,0,0,0,0,0,0,0,0,1,2268,0x003fe4fd,-3.376465,0,0.000000,0,202,1010.000,0,,,0,0,0,,,,,0,,,,,,,,,,,,,,,,,,,,,,,,,,,,,,,,,,0,0,0,0,1,0,0,0,0,0
494,4,0,55,1478,1258,1510,1,1,1,1,-81,57,90,-165,38,-100,-3,40,27,-75,99,-6,-6,69,-35,5,0,0,0,0,0,0,0,0,0,0,0,0,0,0,0,0,1,2268,0x003fe4fd,-3.376465,0,0.000000,0,202,1010.000,0,,,0,0,0,,,,,0,,,,,,,,,,,,,,,,,,,,,,,,,,,,,,,,,,0,0,0,0,1,0,0,0,0,0
494,4,0,56,1482,1258,1510,1,1,1,1,10,79,-47,18,119,-128,-1,41,-59,29,-63,26,18,-18,29,-53,0,0,0,0,0,0,0,0,0,0,0,0,0,0,0,0,1,2268,0x003fe4fd,-3.376465,0,0.000000,0,202,1010.000,0,,,0,0,0,,,,,0,,,,,,,,,,,,,,,,,,,,,,,,,,,,,,,,,,0,0,0,0,1,0,0,0,0,0
494,4,0,57,1486,1258,1510,1,1,1,1,-6,25,6,-20,-27,0,19,13,62,55,-114,-66,-56,117,71,-193,0,0,0,0,0,0,0,0,0,0,0,0,0,0,0,0,1,2268,0x003fe4fd,-3.376465,0,0.000000,0,202,1010.000,0,,,0,0,0,,,,,0,,,,,,,,,,,,,,,,,,,,,,,,,,,,,,,,,,0,0,0,0,1,0,0,0,0,0
494,4,0,58,1490,1258,1510,1,1,1,1,-21,-2,-40,86,-36,13,-21,29,155,-81,83,-102,71,50,-63,0,0,0,0,0,0,0,0,0,0,0,0,0,0,0,0,0,1,2268,0x003fe4fd,-3.376465,0,0.000000,0,202,1010.000,0,,,0,0,0,,,,,0,,,,,,,,,,,,,,,,,,,,,,,,,,,,,,,,,,0,0,0,0,1,0,0,0,0,0
494,4,0,59,1494,1258,1510,1,1,1,1,40,-103,16,51,37,-39,-29,-58,-45,125,-20,31,17,62,-32,-8,0,0,0,0,0,0,0,0,0,0,0,0,0,0,0,0,1,2268,0x003fe4fd,-3.376465,0,0.000000,0,202,1010.000,0,,,0,0,0,,,,,0,,,,,,,,,,,,,,,,,,,,,,,,,,,,,,,,,,0,0,0,0,1,0,0,0,0,0
494,4,0,60,1498,1258,1510,1,1,1,1,-79,87,-65,34,165,11,-182,15,-124,49,107,-176,-30,-56,34,146,0,0,0,0,0,0,0,0,0,0,0,0,0,0,0,0,1,2268,0x003fe4fd,-3.376465,0,0.000000,0,202,1010.000,0,,,0,0,0,,,,,0,,,,,,,,,,,,,,,,,,,,,,,,,,,,,,,,,,0,0,0,0,1,0,0,0,0,0
494,4,0,61,1502,1258,1510,1,1,1,1,11,-72,57,-17,117,17,-40,-145,129,-38,-13,32,-104,-4,-67,58,0,0,0,0,0,0,0,0,0,0,0,0,0,0,0,0,1,2268,0x003fe4fd,-3.376465,0,0.000000,0,202,1010.000,0,,,0,0,0,,,,,0,,,,,,,,,,,,,,,,,,,,,,,,,,,,,,,,,,0,0,0,0,1,0,0,0,0,0
494,4,0,62,1506,1258,1510,1,1,1,1,53,-43,-44,73,153,54,-81,-42,-12,-42,60,-112,53,13,-96,1,0,0,0,0,0,0,0,0,0,0,0,0,0,0,0,0,1,2268,0x003fe4fd,-3.376465,0,0.000000,0,202,1010.000,0,,,0,0,0,,,,,0,,,,,,,,,,,,,,,,,,,,,,,,,,,,,,,,,,0,0,0,0,1,0,0,0,0,0
494,4,0,63,1510,1258,1510,1,1,1,1,11,-73,17,-46,-8,84,-4,-19,111,60,-97,19,57,-19,29,-49,0,0,0,0,0,0,0,0,0,0,0,0,0,0,0,0,1,2268,0x003fe4fd,-3.376465,0,0.000000,0,202,1010.000,0,,,0,0,0,,,,,0,,,,,,,,,,,,,,,,,,,,,,,,,,,,,,,,,,0,0,0,0,1,0,0,0,0,0
495,5,1,0,1514,1514,1766,1,1,1,1,-17,7,25,29,-13,-55,101,-140,-46,28,-88,112,101,-171,6,95,0,0,0,0,0,0,0,0,0,0,0,0,0,0,0,0,1,2528,0x00000cf4,1.619141,0,0.000000,1,203,1015.000,1,1,2582,1,1,1,5,5,0x00000cf4,0,0,-17,7,25,29,-13,-55,101,-140,-46,28,-88,112,101,-171,6,95,0,0,0,0,0,0,0,0,0,0,0,0,0,0,0,0,1,64,1,1,1,0,1,0,0,0,0
495,5,1,1,1518,1514,1766,1,1,1,1,-101,108,-45,21,49,104,-108,4,18,-65,-21,12,-36,-5,41,-82,0,0,0,0,0,0,0,0,0,0,0,0,0,0,0,0,1,2528,0x00000cf4,1.619141,0,0.000000,1,203,1015.000,1,1,2586,1,1,1,5,5,0x00000cf4,1,0,-101,108,-45,21,49,104,-108,4,18,-65,-21,12,-36,-5,41,-82,0,0,0,0,0,0,0,0,0,0,0,0,0,0,0,0,1,64,1,1,1,0,1,0,0,0,0
495,5,1,2,1522,1514,1766,1,1,1,1,-1,-40,19,42,0,21,55,-22,89,-64,-89,130,95,-52,-11,15,0,0,0,0,0,0,0,0,0,0,0,0,0,0,0,0,1,2528,0x00000cf4,1.619141,0,0.000000,1,203,1015.000,1,1,2590,1,1,1,5,5,0x00000cf4,2,0,-1,-40,19,42,0,21,55,-22,89,-64,-89,130,95,-52,-11,15,0,0,0,0,0,0,0,0,0,0,0,0,0,0,0,0,1,64,1,1,1,0,1,0,0,0,0
495,5,1,3,1526,1514,1766,1,1,1,1,-24,-85,94,14,-80,60,7,-76,-24,-65,20,65,-44,59,-3,-11,0,0,0,0,0,0,0,0,0,0,0,0,0,0,0,0,1,2528,0x00000cf4,1.619141,0,0.000000,1,203,1015.000,1,1,2594,1,1,1,5,5,0x00000cf4,3,0,-24,-85,94,14,-80,60,7,-76,-24,-65,20,65,-44,59,-3,-11,0,0,0,0,0,0,0,0,0,0,0,0,0,0,0,0,1,64,1,1,1,0,1,0,0,0,0
495,5,1,4,1530,1514,1766,1,1,1,1,-57,41,-20,-52,85,-10,38,-72,-10,-32,-44,24,43,-96,45,9,0,0,0,0,0,0,0,0,0,0,0,0,0,0,0,0,1,2528,0x00000cf4,1.619141,0,0.000000,1,203,1015.000,1,1,2598,1,1,1,5,5,0x00000cf4,4,0,-57,41,-20,-52,85,-10,38,-72,-10,-32,-44,24,43,-96,45,9,0,0,0,0,0,0,0,0,0,0,0,0,0,0,0,0,1,64,1,1,1,0,1,0,0,0,0
495,5,1,5,1534,1514,1766,1,1,1,1,92,-4,-38,18,-50,74,23,1,28,77,-117,-27,19,-60,43,59,0,0,0,0,0,0,0,0,0,0,0,0,0,0,0,0,1,2528,0x00000cf4,1.619141,0,0.000000,1,203,1015.000,1,1,2602,1,1,1,5,5,0x00000cf4,5,0,92,-4,-38,18,-50,74,23,1,28,77,-117,-27,19,-60,43,59,0,0,0,0,0,0,0,0,0,0,0,0,0,0,0,0,1,64,1,1,1,0,1,0,0,0,0
495,5,1,6,1538,1514,1766,1,1,1,1,-51,24,-35,112,-24,-4,21,-89,42,74,-38,-31,-141,72,2,10,0,0,0,0,0,0,0,0,0,0,0,0,0,0,0,0,1,2528,0x00000cf4,1.619141,0,0.000000,1,203,1015.000,1,1,2606,1,1,1,5,5,0x00000cf4,6,0,-51,24,-35,112,-24,-4,21,-89,42,74,-38,-31,-141,72,2,10,0,0,0,0,0,0,0,0,0,0,0,0,0,0,0,0,1,64,1,1,1,0,1,0,0,0,0
495,5,1,7,1542,1514,1766,1,1,1,1,-8,-69,-54,53,30,128,-115,81,37,-75,-5,101,38,-31,-36,-38,0,0,0,0,0,0,0,0,0,0,0,0,0,0,0,0,1,2528,0x00000cf4,1.619141,0,0.000000,1,203,1015.000,1,1,2610,1,1,1,5,5,0x00000cf4,7,0,-8,-69,-54,53,30,128,-115,81,37,-75,-5,101,38,-31,-36,-38,0,0,0,0,0,0,0,0,0,0,0,0,0,0,0,0,1,64,1,1,1,0,1,0,0,0,0
495,5,1,8,1546,1514,1766,1,1,1,1,56,-52,64,-58,-107,28,52,-47,30,-79,-55,85,69,-2,-9,56,0,0,0,0,0,0,0,0,0,0,0,0,0,0,0,0,1,2528,0x00000cf4,1.619141,0,0.000000,1,203,1015.000,1,1,2614,1,1,1,5,5,0x00000cf4,8,0,56,-52,64,-58,-107,28,52,-47,30,-79,-55,85,69,-2,-9,56,0,0,0,0,0,0,0,0,0,0,0,0,0,0,0,0,1,64,1,1,1,0,1,0,0,0,0
495,5,1,9,1550,1514,1766,1,1,1,1,-56,43,36,65,37,47,-113,-10,-42,16,-18,68,-53,-84,76,8,0,0,0,0,0,0,0,0,0,0,0,0,0,0,0,0,1,2528,0x00000cf4,1.619141,0,0.000000,1,203,1015.000,1,1,2618,1,1,1,5,5,0x00000cf4,9,0,-56,43,36,65,37,47,-113,-10,-42,16,-18,68,-53,-84,76,8,0,0,0,0,0,0,0,0,0,0,0,0,0,0,0,0,1,64,1,1,1,0,1,0,0,0,0
495,5,1,10,1554,1514,1766,1,1,1,1,-55,-114,4,169,78,-12,41,-14,-25,-84,30,38,39,1,-78,35,0,0,0,0,0,0,0,0,0,0,0,0,0,0,0,0,1,2528,0x00000cf4,1.619141,0,0.000000,1,203,1015.000,1,1,2622,1,1,1,5,5,0x00000cf4,10,0,-55,-114,4,169,78,-12,41,-14,-25,-84,30,38,39,1,-78,35,0,0,0,0,0,0,0,0,0,0,0,0,0,0,0,0,1,64,1,1,1,0,1,0,0,0,0
495,5,1,11,1558,1514,1766,1,1,1,1,-76,-8,25,-115,-88,34,29,-17,97,-136,-29,31,-71,119,-40,-42,0,0,0,0,0,0,0,0,0,0,0,0,0,0,0,0,1,2528,0x00000cf4,1.619141,0,0.000000,1,203,1015.000,1,1,2626,1,1,1,5,5,0x00000cf4,11,0,-76,-8,25,-115,-88,34,29,-17,97,-136,-29,31,-71,119,-40,-42,0,0,0,0,0,0,0,0,0,0,0,0,0,0,0,0,1,64,1,1,1,0,1,0,0,0,0
495,5,1,12,1562,1514,1766,1,1,1,1,123,43,-130,3,22,11,-4,-73,74,4,-91,58,73,-19,12,-124,0,0,0,0,0,0,0,0,0,0,0,0,0,0,0,0,1,2528,0x00000cf4,1.619141,0,0.000000,1,203,1015.000,1,1,2630,1,1,1,5,5,0x00000cf4,12,0,123,43,-130,3,22,11,-4,-73,74,4,-91,58,73,-19,12,-124,0,0,0,0,0,0,0,0,0,0,0,0,0,0,0,0,1,64,1,1,1,0,1,0,0,0,0
495,5,1,13,1566,1514,1766,1,1,1,1,62,31,-37,28,14,83,32,-121,-19,-58,63,82,89,-32,83,43,0,0,0,0,0,0,0,0,0,0,0,0,0,0,0,0,1,2528,0x00000cf4,1.619141,0,0.000000,1,203,1015.000,1,1,2634,1,1,1,5,5,0x00000cf4,13,0,62,31,-37,28,14,83,32,-121,-19,-58,63,82,89,-32,83,43,0,0,0,0,0,0,0,0,0,0,0,0,0,0,0,0,1,64,1,1,1,0,1,0,0,0,0
495,5,1,14,1570,1514,1766,1,1,1,1,-53,-45,61,4,1,35,60,-62,-87,30,-124,13,-142,-36,121,-25,0,0,0,0,0,0,0,0,0,0,0,0,0,0,0,0,1,2528,0x00000cf4,1.619141,0,0.000000,1,203,1015.000,1,1,2638,1,1,1,5,5,0x00000cf4,14,0,-53,-45,61,4,1,35,60,-62,-87,30,-124,13,-142,-36,121,-25,0,0,0,0,0,0,0,0,0,0,0,0,0,0,0,0,1,64,1,1,1,0,1,0,0,0,0
495,5,1,15,1574,1514,1766,1,1,1,1,56,-93,90,-86,18,24,-97,44,296,-230,-79,21,27,19,-187,147,0,0,0,0,0,0,0,0,0,0,0,0,0,0,0,0,1,2528,0x00000cf4,1.619141,0,0.000000,1,203,1015.000,1,1,2642,1,1,1,5,5,0x00000cf4,15,0,56,-93,90,-86,18,24,-97,44,296,-230,-79,21,27,19,-187,147,0,0,0,0,0,0,0,0,0,0,0,0,0,0,0,0,1,64,1,1,1,0,1,0,0,0,0
495,5,1,16,1578,1514,1766,1,1,1,1,22,98,-152,-48,81,-9,-100,10,148,92,-194,-116,-33,52,84,-196,0,0,0,0,0,0,0,0,0,0,0,0,0,0,0,0,1,2528,0x00000cf4,1.619141,0,0.000000,1,203,1015.000,1,1,2646,1,1,1,5,5,0x00000cf4,16,0,22,98,-152,-48,81,-9,-100,10,148,92,-194,-116,-33,52,84,-196,0,0,0,0,0,0,0,0,0,0,0,0,0,0,0,0,1,64,1,1,1,0,1,0,0,0,0
495,5,1,17,1582,1514,1766,1,1,1,1,250,-155,-120,273,63,-63,152,-125,111,98,-76,61,4,39,113,-23,0,0,0,0,0,0,0,0,0,0,0,0,0,0,0,0,1,2528,0x00000cf4,1.619141,0,0.000000,1,203,1015.000,1,1,2650,1,1,1,5,5,0x00000cf4,17,0,250,-155,-120,273,63,-63,152,-125,111,98,-76,61,4,39,113,-23,0,0,0,0,0,0,0,0,0,0,0,0,0,0,0,0,1,64,1,1,1,0,1,0,0,0,0
495,5,1,18,1586,1514,1766,1,1,1,1,-7,-201,-61,63,-27,74,-86,11,42,-130,-15,63,-57,-18,-17,-4,0,0,0,0,0,0,0,0,0,0,0,0,0,0,0,0,1,2528,0x00000cf4,1.619141,0,0.000000,1,203,1015.000,1,1,2654,1,1,1,5,5,0x00000cf4,18,0,-7,-201,-61,63,-27,74,-86,11,42,-130,-15,63,-57,-18,-17,-4,0,0,0,0,0,0,0,0,0,0,0,0,0,0,0,0,1,64,1,1,1,0,1,0,0,0,0
495,5,1,19,1590,1514,1766,1,1,1,1,154,11,-49,-90,113,-56,-7,45,1,-79,90,66,77,-28,3,74,0,0,0,0,0,0,0,0,0,0,0,0,0,0,0,0,1,2528,0x00000cf4,1.619141,0,0.000000,1,203,1015.000,1,1,2658,1,1,1,5,5,0x00000cf4,19,0,154,11,-49,-90,113,-56,-7,45,1,-79,90,66,77,-28,3,74,0,0,0,0,0,0,0,0,0,0,0,0,0,0,0,0,1,64,1,1,1,0,1,0,0,0,0
495,5,1,20,1594,1514,1766,1,1,1,1,-15,53,-20,7,-76,-82,145,-3,-44,-92,-6,86,-143,-12,138,-69,0,0,0,0,0,0,0,0,0,0,0,0,0,0,0,0,1,2528,0x00000cf4,1.619141,0,0.000000,1,203,1015.000,1,1,2662,1,1,1,5,5,0x00000cf4,20,0,-15,53,-20,7,-76,-82,145,-3,-44,-92,-6,86,-143,-12,138,-69,0,0,0,0,0,0,0,0,0,0,0,0,0,0,0,0,1,64,1,1,1,0,1,0,0,0,0
495,5,1,21,1598,1514,1766,1,1,1,1,127,-110,-13,-41,-34,-20,30,25,-44,38,-29,45,-56,138,-77,-27,0,0,0,0,0,0,0,0,0,0,0,0,0,0,0,0,1,2528,0x00000cf4,1.619141,0,0.000000,1,203,1015.000,1,1,2666,1,1,1,5,5,0x00000cf4,21,0,127,-110,-13,-41,-34,-20,30,25,-44,38,-29,45,-56,138,-77,-27,0,0,0,0,0,0,0,0,0,0,0,0,0,0,0,0,1,64,1,1,1,0,1,0,0,0,0
495,5,1,22,1602,1514,1766,1,1,1,1,76,-3,-25,7,-39,-8,15,10,-41,-50,51,5,10,18,-6,4,0,0,0,0,0,0,0,0,0,0,0,0,0,0,0,0,1,2528,0x00000cf4,1.619141,0,0.000000,1,203,1015.000,1,1,2670,1,1,1,5,5,0x00000cf4,22,0,76,-3,-25,7,-39,-8,15,10,-41,-50,51,5,10,18,-6,4,0,0,0,0,0,0,0,0,0,0,0,0,0,0,0,0,1,64,1,1,1,0,1,0,0,0,0
495,5,1,23,1606,1514,1766,1,1,1,1,-5,27,-79,104,-9,-45,29,52,-7,50,-45,-50,-18,85,-91,-29,0,0,0,0,0,0,0,0,0,0,0,0,0,0,0,0,1,2528,0x00000cf4,1.619141,0,0.000000,1,203,1015.000,1,1,2674,1,1,1,5,5,0x00000cf4,23,0,-5,27,-79,104,-9,-45,29,52,-7,50,-45,-50,-18,85,-91,-29,0,0,0,0,0,0,0,0,0,0,0,0,0,0,0,0,1,64,1,1,1,0,1,0,0,0,0
495,5,1,24,1610,1514,1766,1,1,1,1,-39,-19,32,-62,-34,11,4,-14,30,44,13,-85,58,2,39,-84,0,0,0,0,0,0,0,0,0,0,0,0,0,0,0,0,1,2528,0x00000cf4,1.619141,0,0.000000,1,203,1015.000,1,1,2678,1,1,1,5,5,0x00000cf4,24,0,-39,-19,32,-62,-34,11,4,-14,30,44,13,-85,58,2,39,-84,0,0,0,0,0,0,0,0,0,0,0,0,0,0,0,0,1,64,1,1,1,0,1,0,0,0,0
495,5,1,25,1614,1514,1766,1,1,1,1,51,-16,7,20,-15,-21,38,-27,66,-48,63,6,35,2,15,-46,0,0,0,0,0,0,0,0,0,0,0,0,0,0,0,0,1,2528,0x00000cf4,1.619141,0,0.000000,1,203,1015.000,1,1,2682,1,1,1,5,5,0x00000cf4,25,0,51,-16,7,20,-15,-21,38,-27,66,-48,63,6,35,2,15,-46,0,0,0,0,0,0,0,0,0,0,0,0,0,0,0,0,1,64,1,1,1,0,1,0,0,0,0
495,5,1,26,1618,1514,1766,1,1,1,1,-12,19,-90,38,83,-59,14,-46,-131,76,9,122,71,-62,-28,149,0,0,0,0,0,0,0,0,0,0,0,0,0,0,0,0,1,2528,0x00000cf4,1.619141,0,0.000000,1,203,1015.000,1,1,2686,1,1,1,5,5,0x00000cf4,26,0,-12,19,-90,38,83,-59,14,-46,-131,76,9,122,71,-62,-28,149,0,0,0,0,0,0,0,0,0,0,0,0,0,0,0,0,1,64,1,1,1,0,1,0,0,0,0
495,5,1,27,1622,1514,1766,1,1,1,1,59,-2,-91,65,7,2,28,84,-91,-152,104,83,-150,53,9,-72,0,0,0,0,0,0,0,0,0,0,0,0,0,0,0,0,1,2528,0x00000cf4,1.619141,0,0.000000,1,203,1015.000,1,1,2690,1,1,1,5,5,0x00000cf4,27,0,59,-2,-91,65,7,2,28,84,-91,-152,104,83,-150,53,9,-72,0,0,0,0,0,0,0,0,0,0,0,0,0,0,0,0,1,64,1,1,1,0,1,0,0,0,0
495,5,1,28,1626,1514,1766,1,1,1,1,67,-100,22,-39,-78,-54,-4,52,-80,45,2,-31,151,-81,-39,51,0,0,0,0,0,0,0,0,0,0,0,0,0,0,0,0,1,2528,0x00000cf4,1.619141,0,0.000000,1,203,1015.000,1,1,2694,1,1,1,5,5,0x00000cf4,28,0,67,-100,22,-39,-78,-54,-4,52,-80,45,2,-31,151,-81,-39,51,0,0,0,0,0,0,0,0,0,0,0,0,0,0,0,0,1,64,1,1,1,0,1,0,0,0,0
495,5,1,29,1630,1514,1766,1,1,1,1,49,21,-28,68,43,-46,-37,73,-58,77,-7,-100,-78,34,96,-19,0,0,0,0,0,0,0,0,0,0,0,0,0,0,0,0,1,2528,0x00000cf4,1.619141,0,0.000000,1,203,1015.000,1,1,2698,1,1,1,5,5,0x00000cf4,29,0,49,21,-28,68,43,-46,-37,73,-58,77,-7,-100,-78,34,96,-19,0,0,0,0,0,0,0,0,0,0,0,0,0,0,0,0,1,64,1,1,1,0,1,0,0,0,0
495,5,1,30,1634,1514,1766,1,1,1,1,-128,10,77,41,-22,-46,-10,55,211,-113,-90,146,-88,6,23,-17,0,0,0,0,0,0,0,0,0,0,0,0,0,0,0,0,1,2528,0x00000cf4,1.619141,0,0.000000,1,203,1015.000,1,1,2702,1,1,1,5,5,0x00000cf4,30,0,-128,10,77,41,-22,-46,-10,55,211,-113,-90,146,-88,6,23,-17,0,0,0,0,0,0,0,0,0,0,0,0,0,0,0,0,1,64,1,1,1,0,1,0,0,0,0
495,5,1,31,1638,1514,1766,1,1,1,1,-56,-50,63,-58,50,-89,47,-41,-84,27,-36,13,60,-14,-14,-40,0,0,0,0,0,0,0,0,0,0,0,0,0,0,0,0,1,2528,0x00000cf4,1.619141,0,0.000000,1,203,1015.000,1,1,2706,1,1,1,5,5,0x00000cf4,31,0,-56,-50,63,-58,50,-89,47,-41,-84,27,-36,13,60,-14,-14,-40,0,0,0,0,0,0,0,0,0,0,0,0,0,0,0,0,1,64,1,1,1,0,1,0,0,0,0
495,5,1,32,1642,1514,1766,1,1,1,1,62,-15,-38,93,-6,30,-8,17,25,1,18,-14,18,70,-61,-34,0,0,0,0,0,0,0,0,0,0,0,0,0,0,0,0,1,2528,0x00000cf4,1.619141,0,0.000000,1,203,1015.000,1,1,2710,1,1,1,5,5,0x00000cf4,32,0,62,-15,-38,93,-6,30,-8,17,25,1,18,-14,18,70,-61,-34,0,0,0,0,0,0,0,0,0,0,0,0,0,0,0,0,1,64,1,1,1,0,1,0,0,0,0
495,5,1,33,1646,1514,1766,1,1,1,1,-86,-5,-23,148,21,-56,46,-62,-25,-51,59,25,-28,114,51,-107,0,0,0,0,0,0,0,0,0,0,0,0,0,0,0,0,1,2528,0x00000cf4,1.619141,0,0.000000,1,203,1015.000,1,1,2714,1,1,1,5,5,0x00000cf4,33,0,-86,-5,-23,148,21,-56,46,-62,-25,-51,59,25,-28,114,51,-107,0,0,0,0,0,0,0,0,0,0,0,0,0,0,0,0,1,64,1,1,1,0,1,0,0,0,0
495,5,1,34,1650,1514,1766,1,1,1,1,-101,-6,-23,43,71,-32,-29,24,-41,37,60,-115,-53,48,22,11,0,0,0,0,0,0,0,0,0,0,0,0,0,0,0,0,1,2528,0x00000cf4,1.619141,0,0.000000,1,203,1015.000,1,1,2718,1,1,1,5,5,0x00000cf4,34,0,-101,-6,-23,43,71,-32,-29,24,-41,37,60,-115,-53,48,22,11,0,0,0,0,0,0,0,0,0,0,0,0,0,0,0,0,1,64,1,1,1,0,1,0,0,0,0
495,5,1,35,1654,1514,1766,1,1,1,1,20,-92,54,78,25,-2,-42,61,-33,78,-15,48,-49,54,53,-119,0,0,0,0,0,0,0,0,0,0,0,0,0,0,0,0,1,2528,0x00000cf4,1.619141,0,0.000000,1,203,1015.000,1,1,2722,1,1,1,5,5,0x00000cf4,35,0,20,-92,54,78,25,-2,-42,61,-33,78,-15,48,-49,54,53,-119,0,0,0,0,0,0,0,0,0,0,0,0,0,0,0,0,1,64,1,1,1,0,1,0,0,0,0
495,5,1,36,1658,1514,1766,1,1,1,1,-69,-63,139,-55,-23,-52,25,-38,-40,-32,25,71,5,21,42,-20,0,0,0,0,0,0,0,0,0,0,0,0,0,0,0,0,1,2528,0x00000cf4,1.619141,0,0.000000,1,203,1015.000,1,1,2726,1,1,1,5,5,0x00000cf4,36,0,-69,-63,139,-55,-23,-52,25,-38,-40,-32,25,71,5,21,42,-20,0,0,0,0,0,0,0,0,0,0,0,0,0,0,0,0,1,64,1,1,1,0,1,0,0,0,0
495,5,1,37,1662,1514,1766,1,1,1,1,-110,89,-6,2,145,-48,-136,158,-127,85,14,-75,7,-40,43,75,0,0,0,0,0,0,0,0,0,0,0,0,0,0,0,0,1,2528,0x00000cf4,1.619141,0,0.000000,1,203,1015.000,1,1,2730,1,1,1,5,5,0x00000cf4,37,0,-110,89,-6,2,145,-48,-136,158,-127,85,14,-75,7,-40,43,75,0,0,0,0,0,0,0,0,0,0,0,0,0,0,0,0,1,64,1,1,1,0,1,0,0,0,0
495,5,1,38,1666,1514,1766,1,1,1,1,46,50,-206,73,-50,-86,22,105,46,-93,132,4,-124,-3,-8,22,0,0,0,0,0,0,0,0,0,0,0,0,0,0,0,0,1,2528,0x00000cf4,1.619141,0,0.000000,1,203,1015.000,1,1,2734,1,1,1,5,5,0x00000cf4,38,0,46,50,-206,73,-50,-86,22,105,46,-93,132,4,-124,-3,-8,22,0,0,0,0,0,0,0,0,0,0,0,0,0,0,0,0,1,64,1,1,1,0,1,0,0,0,0
495,5,1,39,1670,1514,1766,1,1,1,1,129,-120,35,31,-14,-44,43,-45,-50,-16,-39,101,104,-22,-88,-37,0,0,0,0,0,0,0,0,0,0,0,0,0,0,0,0,1,2528,0x00000cf4,1.619141,0,0.000000,1,203,1015.000,1,1,2738,1,1,1,5,5,0x00000cf4,39,0,129,-120,35,31,-14,-44,43,-45,-50,-16,-39,101,104,-22,-88,-37,0,0,0,0,0,0,0,0,0,0,0,0,0,0,0,0,1,64,1,1,1,0,1,0,0,0,0
495,5,1,40,1674,1514,1766,1,1,1,1,-94,43,49,-7,-76,34,118,-75,12,-136,24,131,108,-71,110,-114,0,0,0,0,0,0,0,0,0,0,0,0,0,0,0,0,1,2528,0x00000cf4,1.619141,0,0.000000,1,203,1015.000,1,1,2742,1,1,1,5,5,0x00000cf4,40,0,-94,43,49,-7,-76,34,118,-75,12,-136,24,131,108,-71,110,-114,0,0,0,0,0,0,0,0,0,0,0,0,0,0,0,0,1,64,1,1,1,0,1,0,0,0,0
495,5,1,41,1678,1514,1766,1,1,1,1,-10,-32,4,6,88,-74,-77,9,-55,-75,54,28,-15,77,-34,45,0,0,0,0,0,0,0,0,0,0,0,0,0,0,0,0,1,2528,0x00000cf4,1.619141,0,0.000000,1,203,1015.000,1,1,2746,1,1,1,5,5,0x00000cf4,41,0,-10,-32,4,6,88,-74,-77,9,-55,-75,54,28,-15,77,-34,45,0,0,0,0,0,0,0,0,0,0,0,0,0,0,0,0,1,64,1,1,1,0,1,0,0,0,0
495,5,1,42,1682,1514,1766,1,1,1,1,5,29,-5,-91,119,-56,-5,21,-54,-5,71,5,-40,1,17,-21,0,0,0,0,0,0,0,0,0,0,0,0,0,0,0,0,1,2528,0x00000cf4,1.619141,0,0.000000,1,203,1015.000,1,1,2750,1,1,1,5,5,0x00000cf4,42,0,5,29,-5,-91,119,-56,-5,21,-54,-5,71,5,-40,1,17,-21,0,0,0,0,0,0,0,0,0,0,0,0,0,0,0,0,1,64,1,1,1,0,1,0,0,0,0
495,5,1,43,1686,1514,1766,1,1,1,1,96,8,-43,-19,-20,-26,34,44,-90,7,44,20,1,-47,59,39,0,0,0,0,0,0,0,0,0,0,0,0,0,0,0,0,1,2528,0x00000cf4,1.619141,0,0.000000,1,203,1015.000,1,1,2754,1,1,1,5,5,0x00000cf4,43,0,96,8,-43,-19,-20,-26,34,44,-90,7,44,20,1,-47,59,39,0,0,0,0,0,0,0,0,0,0,0,0,0,0,0,0,1,64,1,1,1,0,1,0,0,0,0
495,5,1,44,1690,1514,1766,1,1,1,1,99,-74,-63,72,-78,-21,66,11,12,-57,-41,101,-11,-8,-138,123,0,0,0,0,0,0,0,0,0,0,0,0,0,0,0,0,1,2528,0x00000cf4,1.619141,0,0.000000,1,203,1015.000,1,1,2758,1,1,1,5,5,0x00000cf4,44,0,99,-74,-63,72,-78,-21,66,11,12,-57,-41,101,-11,-8,-138,123,0,0,0,0,0,0,0,0,0,0,0,0,0,0,0,0,1,64,1,1,1,0,1,0,0,0,0
495,5,1,45,1694,1514,1766,1,1,1,1,-9,82,-68,-92,-44,84,-120,62,-66,60,-50,90,16,-16,39,-62,0,0,0,0,0,0,0,0,0,0,0,0,0,0,0,0,1,2528,0x00000cf4,1.619141,0,0.000000,1,203,1015.000,1,1,2762,1,1,1,5,5,0x00000cf4,45,0,-9,82,-68,-92,-44,84,-120,62,-66,60,-50,90,16,-16,39,-62,0,0,0,0,0,0,0,0,0,0,0,0,0,0,0,0,1,64,1,1,1,0,1,0,0,0,0
495,5,1,46,1698,1514,1766,1,1,1,1,66,46,25,-21,-89,139,2,-67,-112,-104,210,-24,-5,-48,63,36,0,0,0,0,0,0,0,0,0,0,0,0,0,0,0,0,1,2528,0x00000cf4,1.619141,0,0.000000,1,203,1015.000,1,1,2766,1,1,1,5,5,0x00000cf4,46,0,66,46,25,-21,-89,139,2,-67,-112,-104,210,-24,-5,-48,63,36,0,0,0,0,0,0,0,0,0,0,0,0,0,0,0,0,1,64,1,1,1,0,1,0,0,0,0
495,5,1,47,1702,1514,1766,1,1,1,1,-84,-1,68,37,-1,-24,-13,40,0,-87,32,22,-11,8,-21,-13,0,0,0,0,0,0,0,0,0,0,0,0,0,0,0,0,1,2528,0x00000cf4,1.619141,0,0.000000,1,203,1015.000,1,1,2770,1,1,1,5,5,0x00000cf4,47,0,-84,-1,68,37,-1,-24,-13,40,0,-87,32,22,-11,8,-21,-13,0,0,0,0,0,0,0,0,0,0,0,0,0,0,0,0,1,64,1,1,1,0,1,0,0,0,0
495,5,1,48,1706,1514,1766,1,1,1,1,-65,-22,92,-67,67,-39,-42,43,-1,-84,79,33,-60,38,32,19,0,0,0,0,0,0,0,0,0,0,0,0,0,0,0,0,1,2528,0x00000cf4,1.619141,0,0.000000,1,203,1015.000,1,1,2774,1,1,1,5,5,0x00000cf4,48,0,-65,-22,92,-67,67,-39,-42,43,-1,-84,79,33,-60,38,32,19,0,0,0,0,0,0,0,0,0,0,0,0,0,0,0,0,1,64,1,1,1,0,1,0,0,0,0
495,5,1,49,1710,1514,1766,1,1,1,1,-8,23,-15,53,-14,-42,-4,81,24,-112,8,76,56,-100,-38,52,0,0,0,0,0,0,0,0,0,0,0,0,0,0,0,0,1,2528,0x00000cf4,1.619141,0,0.000000,1,203,1015.000,1,1,2778,1,1,1,5,5,0x00000cf4,49,0,-8,23,-15,53,-14,-42,-4,81,24,-112,8,76,56,-100,-38,52,0,0,0,0,0,0,0,0,0,0,0,0,0,0,0,0,1,64,1,1,1,0,1,0,0,0,0
495,5,1,50,1714,1514,1766,1,1,1,1,-104,100,-23,-50,-73,97,-57,-36,-39,35,-103,101,33,-50,12,19,0,0,0,0,0,0,0,0,0,0,0,0,0,0,0,0,1,2528,0x00000cf4,1.619141,0,0.000000,1,203,1015.000,1,1,2782,1,1,1,5,5,0x00000cf4,50,0,-104,100,-23,-50,-73,97,-57,-36,-39,35,-103,101,33,-50,12,19,0,0,0,0,0,0,0,0,0,0,0,0,0,0,0,0,1,64,1,1,1,0,1,0,0,0,0
495,5,1,51,1718,1514,1766,1,1,1,1,42,-10,13,16,20,-59,107,21,2,-10,-47,-28,-15,54,-77,50,0,0,0,0,0,0,0,0,0,0,0,0,0,0,0,0,1,2528,0x00000cf4,1.619141,0,0.000000,1,203,1015.000,1,1,2786,1,1,1,5,5,0x00000cf4,51,0,42,-10,13,16,20,-59,107,21,2,-10,-47,-28,-15,54,-77,50,0,0,0,0,0,0,0,0,0,0,0,0,0,0,0,0,1,64,1,1,1,0,1,0,0,0,0
495,5,1,52,1722,1514,1766,1,1,1,1,-45,42,-62,16,-23,-101,22,14,38,96,-48,-68,-48,30,-28,65,0,0,0,0,0,0,0,0,0,0,0,0,0,0,0,0,1,2528,0x00000cf4,1.619141,0,0.000000,1,203,1015.000,1,1,2790,1,1,1,5,5,0x00000cf4,52,0,-45,42,-62,16,-23,-101,22,14,38,96,-48,-68,-48,30,-28,65,0,0,0,0,0,0,0,0,0,0,0,0,0,0,0,0,1,64,1,1,1,0,1,0,0,0,0
495,5,1,53,1726,1514,1766,1,1,1,1,31,26,-6,-38,70,-8,-53,16,27,-11,-6,23,-41,-2,60,-115,0,0,0,0,0,0,0,0,0,0,0,0,0,0,0,0,1,2528,0x00000cf4,1.619141,0,0.000000,1,203,1015.000,1,1,2794,1,1,1,5,5,0x00000cf4,53,0,31,26,-6,-38,70,-8,-53,16,27,-11,-6,23,-41,-2,60,-115,0,0,0,0,0,0,0,0,0,0,0,0,0,0,0,0,1,64,1,1,1,0,1,0,0,0,0
495,5,1,54,1730,1514,1766,1,1,1,1,-37,62,3,-51,18,-20,1,-27,58,-28,-65,21,-8,132,-19,-38,0,0,0,0,0,0,0,0,0,0,0,0,0,0,0,0,1,2528,0x00000cf4,1.619141,0,0.000000,1,203,1015.000,1,1,2798,1,1,1,5,5,0x00000cf4,54,0,-37,62,3,-51,18,-20,1,-27,58,-28,-65,21,-8,132,-19,-38,0,0,0,0,0,0,0,0,0,0,0,0,0,0,0,0,1,64,1,1,1,0,1,0,0,0,0
495,5,1,55,1734,1514,1766,1,1,1,1,43,63,-131,34,7,18,97,-54,13,18,30,-90,-46,9,10,53,0,0,0,0,0,0,0,0,0,0,0,0,0,0,0,0,1,2528,0x00000cf4,1.619141,0,0.000000,1,203,1015.000,1,1,2802,1,1,1,5,5,0x00000cf4,55,0,43,63,-131,34,7,18,97,-54,13,18,30,-90,-46,9,10,53,0,0,0,0,0,0,0,0,0,0,0,0,0,0,0,0,1,64,1,1,1,0,1,0,0,0,0
495,5,1,56,1738,1514,1766,1,1,1,1,61,-12,-48,7,-124,39,53,52,50,35,-80,51,20,-29,-70,-40,0,0,0,0,0,0,0,0,0,0,0,0,0,0,0,0,1,2528,0x00000cf4,1.619141,0,0.000000,1,203,1015.000,1,1,2806,1,1,1,5,5,0x00000cf4,56,0,61,-12,-48,7,-124,39,53,52,50,35,-80,51,20,-29,-70,-40,0,0,0,0,0,0,0,0,0,0,0,0,0,0,0,0,1,64,1,1,1,0,1,0,0,0,0
495,5,1,57,1742,1514,1766,1,1,1,1,6,32,27,-13,-21,-80,-15,107,5,-12,-36,40,91,62,-1,-54,0,0,0,0,0,0,0,0,0,0,0,0,0,0,0,0,1,2528,0x00000cf4,1.619141,0,0.000000,1,203,1015.000,1,1,2810,1,1,1,5,5,0x00000cf4,57,0,6,32,27,-13,-21,-80,-15,107,5,-12,-36,40,91,62,-1,-54,0,0,0,0,0,0,0,0,0,0,0,0,0,0,0,0,1,64,1,1,1,0,1,0,0,0,0
495,5,1,58,1746,1514,1766,1,1,1,1,-134,47,163,-106,-76,71,-22,-22,21,-24,17,-19,-58,-34,98,-1,0,0,0,0,0,0,0,0,0,0,0,0,0,0,0,0,1,2528,0x00000cf4,1.619141,0,0.000000,1,203,1015.000,1,1,2814,1,1,1,5,5,0x00000cf4,58,0,-134,47,163,-106,-76,71,-22,-22,21,-24,17,-19,-58,-34,98,-1,0,0,0,0,0,0,0,0,0,0,0,0,0,0,0,0,1,64,1,1,1,0,1,0,0,0,0
495,5,1,59,1750,1514,1766,1,1,1,1,-4,5,-31,34,-38,52,-29,1,-57,22,92,-15,26,-32,-30,6,0,0,0,0,0,0,0,0,0,0,0,0,0,0,0,0,1,2528,0x00000cf4,1.619141,0,0.000000,1,203,1015.000,1,1,2818,1,1,1,5,5,0x00000cf4,59,0,-4,5,-31,34,-38,52,-29,1,-57,22,92,-15,26,-32,-30,6,0,0,0,0,0,0,0,0,0,0,0,0,0,0,0,0,1,64,1,1,1,0,1,0,0,0,0
495,5,1,60,1754,1514,1766,1,1,1,1,-43,50,42,-33,35,-12,14,18,-79,74,-74,49,14,7,20,-62,0,0,0,0,0,0,0,0,0,0,0,0,0,0,0,0,1,2528,0x00000cf4,1.619141,0,0.000000,1,203,1015.000,1,1,2822,1,1,1,5,5,0x00000cf4,60,0,-43,50,42,-33,35,-12,14,18,-79,74,-74,49,14,7,20,-62,0,0,0,0,0,0,0,0,0,0,0,0,0,0,0,0,1,64,1,1,1,0,1,0,0,0,0
495,5,1,61,1758,1514,1766,1,1,1,1,-59,14,75,-87,-56,-88,114,105,-60,-7,130,12,10,71,-54,72,0,0,0,0,0,0,0,0,0,0,0,0,0,0,0,0,1,2528,0x00000cf4,1.619141,0,0.000000,1,203,1015.000,1,1,2826,1,1,1,5,5,0x00000cf4,61,0,-59,14,75,-87,-56,-88,114,105,-60,-7,130,12,10,71,-54,72,0,0,0,0,0,0,0,0,0,0,0,0,0,0,0,0,1,64,1,1,1,0,1,0,0,0,0
495,5,1,62,1762,1514,1766,1,1,1,1,68,-34,-7,-28,-60,-129,-27,145,-95,-33,-37,59,-141,45,100,-75,0,0,0,0,0,0,0,0,0,0,0,0,0,0,0,0,1,2528,0x00000cf4,1.619141,0,0.000000,1,203,1015.000,1,1,2830,1,1,1,5,5,0x00000cf4,62,0,68,-34,-7,-28,-60,-129,-27,145,-95,-33,-37,59,-141,45,100,-75,0,0,0,0,0,0,0,0,0,0,0,0,0,0,0,0,1,64,1,1,1,0,1,0,0,0,0
495,5,1,63,1766,1514,1766,1,1,1,1,52,58,-116,26,6,-15,-68,60,71,13,-79,-20,-22,72,-44,-66,0,0,0,0,0,0,0,0,0,0,0,0,0,0,0,0,1,2528,0x00000cf4,1.619141,0,0.000000,1,203,1015.000,1,1,2834,1,1,1,5,5,0x00000cf4,63,1,52,58,-116,26,6,-15,-68,60,71,13,-79,-20,-22,72,-44,-66,0,0,0,0,0,0,0,0,0,0,0,0,0,0,0,0,1,64,1,1,1,0,1,0,0,0,0
496,6,1,0,1770,1770,2022,1,1,1,1,-42,22,55,-17,41,-51,-3,-30,43,-70,116,-37,80,-108,-101,81,0,0,0,0,0,0,0,0,0,0,0,0,0,0,0,0,1,2783,0x00001c8c,3.568359,0,0.000000,1,203,1015.000,1,2,2838,1,1,1,6,6,0x00001c8c,0,0,-42,22,55,-17,41,-51,-3,-30,43,-70,116,-37,80,-108,-101,81,0,0,0,0,0,0,0,0,0,0,0,0,0,0,0,0,1,64,1,1,1,0,1,0,0,0,0
496,6,1,1,1774,1770,2022,1,1,1,1,-69,11,29,57,-20,29,81,-57,-21,101,-202,84,35,50,-49,-44,0,0,0,0,0,0,0,0,0,0,0,0,0,0,0,0,1,2783,0x00001c8c,3.568359,0,0.000000,1,203,1015.000,1,2,2842,1,1,1,6,6,0x00001c8c,1,0,-69,11,29,57,-20,29,81,-57,-21,101,-202,84,35,50,-49,-44,0,0,0,0,0,0,0,0,0,0,0,0,0,0,0,0,1,64,1,1,1,0,1,0,0,0,0
496,6,1,2,1778,1770,2022,1,1,1,1,-109,46,40,-70,20,-70,22,12,39,0,35,-67,47,-3,-35,0,0,0,0,0,0,0,0,0,0,0,0,0,0,0,0,0,1,2783,0x00001c8c,3.568359,0,0.000000,1,203,1015.000,1,2,2846,1,1,1,6,6,0x00001c8c,2,0,-109,46,40,-70,20,-70,22,12,39,0,35,-67,47,-3,-35,0,0,0,0,0,0,0,0,0,0,0,0,0,0,0,0,0,1,64,1,1,1,0,1,0,0,0,0
496,6,1,3,1782,1770,2022,1,1,1,1,52,9,-19,-69,-6,45,-48,87,-26,67,-23,0,27,-7,52,-66,0,0,0,0,0,0,0,0,0,0,0,0,0,0,0,0,1,2783,0x00001c8c,3.568359,0,0.000000,1,203,1015.000,1,2,2850,1,1,1,6,6,0x00001c8c,3,0,52,9,-19,-69,-6,45,-48,87,-26,67,-23,0,27,-7,52,-66,0,0,0,0,0,0,0,0,0,0,0,0,0,0,0,0,1,64,1,1,1,0,1,0,0,0,0
496,6,1,4,1786,1770,2022,1,1,1,1,4,121,-64,26,-57,-117,113,-2,26,-87,70,37,1,41,-13,-61,0,0,0,0,0,0,0,0,0,0,0,0,0,0,0,0,1,2783,0x00001c8c,3.568359,0,0.000000,1,203,1015.000,1,2,2854,1,1,1,6,6,0x00001c8c,4,0,4,121,-64,26,-57,-117,113,-2,26,-87,70,37,1,41,-13,-61,0,0,0,0,0,0,0,0,0,0,0,0,0,0,0,0,1,64,1,1,1,0,1,0,0,0,0
496,6,1,5,1790,1770,2022,1,1,1,1,-28,-41,71,-70,31,-25,3,-84,-33,-61,-4,46,35,21,17,22,0,0,0,0,0,0,0,0,0,0,0,0,0,0,0,0,1,2783,0x00001c8c,3.568359,0,0.000000,1,203,1015.000,1,2,2858,1,1,1,6,6,0x00001c8c,5,0,-28,-41,71,-70,31,-25,3,-84,-33,-61,-4,46,35,21,17,22,0,0,0,0,0,0,0,0,0,0,0,0,0,0,0,0,1,64,1,1,1,0,1,0,0,0,0
496,6,1,6,1794,1770,2022,1,1,1,1,20,73,-34,-59,17,127,-71,13,96,-92,-27,23,-64,-14,4,66,0,0,0,0,0,0,0,0,0,0,0,0,0,0,0,0,1,2783,0x00001c8c,3.568359,0,0.000000,1,203,1015.000,1,2,2862,1,1,1,6,6,0x00001c8c,6,0,20,73,-34,-59,17,127,-71,13,96,-92,-27,23,-64,-14,4,66,0,0,0,0,0,0,0,0,0,0,0,0,0,0,0,0,1,64,1,1,1,0,1,0,0,0,0
496,6,1,7,1798,1770,2022,1,1,1,1,12,73,-56,-19,-47,22,41,-21,-30,32,19,18,-32,-21,24,-45,0,0,0,0,0,0,0,0,0,0,0,0,0,0,0,0,1,2783,0x00001c8c,3.568359,0,0.000000,1,203,1015.000,1,2,2866,1,1,1,6,6,0x00001c8c,7,0,12,73,-56,-19,-47,22,41,-21,-30,32,19,18,-32,-21,24,-45,0,0,0,0,0,0,0,0,0,0,0,0,0,0,0,0,1,64,1,1,1,0,1,0,0,0,0
496,6,1,8,1802,1770,2022,1,1,1,1,71,-63,51,-60,-81,18,147,-70,-5,-98,1,168,51,50,-133,27,0,0,0,0,0,0,0,0,0,0,0,0,0,0,0,0,1,2783,0x00001c8c,3.568359,0,0.000000,1,203,1015.000,1,2,2870,1,1,1,6,6,0x00001c8c,8,0,71,-63,51,-60,-81,18,147,-70,-5,-98,1,168,51,50,-133,27,0,0,0,0,0,0,0,0,0,0,0,0,0,0,0,0,1,64,1,1,1,0,1,0,0,0,0
496,6,1,9,1806,1770,2022,1,1,1,1,-12,48,-20,88,-67,15,-22,138,-86,-82,99,-29,91,-52,13,15,0,0,0,0,0,0,0,0,0,0,0,0,0,0,0,0,1,2783,0x00001c8c,3.568359,0,0.000000,1,203,1015.000,1,2,2874,1,1,1,6,6,0x00001c8c,9,0,-12,48,-20,88,-67,15,-22,138,-86,-82,99,-29,91,-52,13,15,0,0,0,0,0,0,0,0,0,0,0,0,0,0,0,0,1,64,1,1,1,0,1,0,0,0,0
496,6,1,10,1810,1770,2022,1,1,1,1,-101,9,31,-74,-79,-42,-33,78,-29,-5,60,9,-83,20,53,-2,0,0,0,0,0,0,0,0,0,0,0,0,0,0,0,0,1,2783,0x00001c8c,3.568359,0,0.000000,1,203,1015.000,1,2,2878,1,1,1,6,6,0x00001c8c,10,0,-101,9,31,-74,-79,-42,-33,78,-29,-5,60,9,-83,20,53,-2,0,0,0,0,0,0,0,0,0,0,0,0,0,0,0,0,1,64,1,1,1,0,1,0,0,0,0
496,6,1,11,1814,1770,2022,1,1,1,1,65,22,-18,-33,29,-48,34,-134,-41,-64,70,89,-20,59,-81,-16,0,0,0,0,0,0,0,0,0,0,0,0,0,0,0,0,1,2783,0x00001c8c,3.568359,0,0.000000,1,203,1015.000,1,2,2882,1,1,1,6,6,0x00001c8c,11,0,65,22,-18,-33,29,-48,34,-134,-41,-64,70,89,-20,59,-81,-16,0,0,0,0,0,0,0,0,0,0,0,0,0,0,0,0,1,64,1,1,1,0,1,0,0,0,0
496,6,1,12,1818,1770,2022,1,1,1,1,24,3,-27,61,144,-39,-18,41,-95,-85,77,13,13,42,28,-68,0,0,0,0,0,0,0,0,0,0,0,0,0,0,0,0,1,2783,0x00001c8c,3.568359,0,0.000000,1,203,1015.000,1,2,2886,1,1,1,6,6,0x00001c8c,12,0,24,3,-27,61,144,-39,-18,41,-95,-85,77,13,13,42,28,-68,0,0,0,0,0,0,0,0,0,0,0,0,0,0,0,0,1,64,1,1,1,0,1,0,0,0,0
496,6,1,13,1822,1770,2022,1,1,1,1,-101,58,50,-83,-27,2,-20,-7,63,-44,-91,107,52,-36,8,-54,0,0,0,0,0,0,0,0,0,0,0,0,0,0,0,0,1,2783,0x00001c8c,3.568359,0,0.000000,1,203,1015.000,1,2,2890,1,1,1,6,6,0x00001c8c,13,0,-101,58,50,-83,-27,2,-20,-7,63,-44,-91,107,52,-36,8,-54,0,0,0,0,0,0,0,0,0,0,0,0,0,0,0,0,1,64,1,1,1,0,1,0,0,0,0
496,6,1,14,1826,1770,2022,1,1,1,1,68,-30,-10,-45,17,104,-147,0,-24,-52,104,-190,61,63,-85,-17,0,0,0,0,0,0,0,0,0,0,0,0,0,0,0,0,1,2783,0x00001c8c,3.568359,0,0.000000,1,203,1015.000,1,2,2894,1,1,1,6,6,0x00001c8c,14,0,68,-30,-10,-45,17,104,-147,0,-24,-52,104,-190,61,63,-85,-17,0,0,0,0,0,0,0,0,0,0,0,0,0,0,0,0,1,64,1,1,1,0,1,0,0,0,0
496,6,1,15,1830,1770,2022,1,1,1,1,66,2,7,-42,93,-77,74,33,265,-94,-237,203,33,-42,65,45,0,0,0,0,0,0,0,0,0,0,0,0,0,0,0,0,1,2783,0x00001c8c,3.568359,0,0.000000,1,203,1015.000,1,2,2898,1,1,1,6,6,0x00001c8c,15,0,66,2,7,-42,93,-77,74,33,265,-94,-237,203,33,-42,65,45,0,0,0,0,0,0,0,0,0,0,0,0,0,0,0,0,1,64,1,1,1,0,1,0,0,0,0
496,6,1,16,1834,1770,2022,1,1,1,1,-22,73,-8,-90,-180,102,80,-66,98,-15,-107,-161,-37,-160,136,42,0,0,0,0,0,0,0,0,0,0,0,0,0,0,0,0,1,2783,0x00001c8c,3.568359,0,0.000000,1,203,1015.000,1,2,2902,1,1,1,6,6,0x00001c8c,16,0,-22,73,-8,-90,-180,102,80,-66,98,-15,-107,-161,-37,-160,136,42,0,0,0,0,0,0,0,0,0,0,0,0,0,0,0,0,1,64,1,1,1,0,1,0,0,0,0
496,6,1,17,1838,1770,2022,1,1,1,1,90,38,-193,162,-132,109,136,-60,53,278,-11,-93,-133,76,137,-80,0,0,0,0,0,0,0,0,0,0,0,0,0,0,0,0,1,2783,0x00001c8c,3.568359,0,0.000000,1,203,1015.000,1,2,2906,1,1,1,6,6,0x00001c8c,17,0,90,38,-193,162,-132,109,136,-60,53,278,-11,-93,-133,76,137,-80,0,0,0,0,0,0,0,0,0,0,0,0,0,0,0,0,1,64,1,1,1,0,1,0,0,0,0
496,6,1,18,1842,1770,2022,1,1,1,1,138,-290,6,101,-23,-185,68,106,-145,-65,146,106,-176,53,35,106,0,0,0,0,0,0,0,0,0,0,0,0,0,0,0,0,1,2783,0x00001c8c,3.568359,0,0.000000,1,203,1015.000,1,2,2910,1,1,1,6,6,0x00001c8c,18,0,138,-290,6,101,-23,-185,68,106,-145,-65,146,106,-176,53,35,106,0,0,0,0,0,0,0,0,0,0,0,0,0,0,0,0,1,64,1,1,1,0,1,0,0,0,0
496,6,1,19,1846,1770,2022,1,1,1,1,105,-28,-83,-48,44,7,-73,-70,-18,-76,-62,46,36,-169,39,12,0,0,0,0,0,0,0,0,0,0,0,0,0,0,0,0,1,2783,0x00001c8c,3.568359,0,0.000000,1,203,1015.000,1,2,2914,1,1,1,6,6,0x00001c8c,19,0,105,-28,-83,-48,44,7,-73,-70,-18,-76,-62,46,36,-169,39,12,0,0,0,0,0,0,0,0,0,0,0,0,0,0,0,0,1,64,1,1,1,0,1,0,0,0,0
496,6,1,20,1850,1770,2022,1,1,1,1,11,82,26,-41,49,-7,23,75,-2,9,135,-193,-5,49,-29,-39,0,0,0,0,0,0,0,0,0,0,0,0,0,0,0,0,1,2783,0x00001c8c,3.568359,0,0.000000,1,203,1015.000,1,2,2918,1,1,1,6,6,0x00001c8c,20,0,11,82,26,-41,49,-7,23,75,-2,9,135,-193,-5,49,-29,-39,0,0,0,0,0,0,0,0,0,0,0,0,0,0,0,0,1,64,1,1,1,0,1,0,0,0,0
496,6,1,21,1854,1770,2022,1,1,1,1,-54,-36,86,31,-111,22,30,-25,25,47,-21,51,6,106,-116,61,0,0,0,0,0,0,0,0,0,0,0,0,0,0,0,0,1,2783,0x00001c8c,3.568359,0,0.000000,1,203,1015.000,1,2,2922,1,1,1,6,6,0x00001c8c,21,0,-54,-36,86,31,-111,22,30,-25,25,47,-21,51,6,106,-116,61,0,0,0,0,0,0,0,0,0,0,0,0,0,0,0,0,1,64,1,1,1,0,1,0,0,0,0
496,6,1,22,1858,1770,2022,1,1,1,1,25,-54,-73,-17,37,-25,-29,47,-38,28,-11,-58,-1,-115,116,-14,0,0,0,0,0,0,0,0,0,0,0,0,0,0,0,0,1,2783,0x00001c8c,3.568359,0,0.000000,1,203,1015.000,1,2,2926,1,1,1,6,6,0x00001c8c,22,0,25,-54,-73,-17,37,-25,-29,47,-38,28,-11,-58,-1,-115,116,-14,0,0,0,0,0,0,0,0,0,0,0,0,0,0,0,0,1,64,1,1,1,0,1,0,0,0,0
496,6,1,23,1862,1770,2022,1,1,1,1,21,178,-49,-116,-59,52,12,-28,-5,52,73,-78,-12,82,-124,-31,0,0,0,0,0,0,0,0,0,0,0,0,0,0,0,0,1,2783,0x00001c8c,3.568359,0,0.000000,1,203,1015.000,1,2,2930,1,1,1,6,6,0x00001c8c,23,0,21,178,-49,-116,-59,52,12,-28,-5,52,73,-78,-12,82,-124,-31,0,0,0,0,0,0,0,0,0,0,0,0,0,0,0,0,1,64,1,1,1,0,1,0,0,0,0
496,6,1,24,1866,1770,2022,1,1,1,1,-40,10,128,11,14,-63,30,86,-71,34,145,-109,148,-109,-15,143,0,0,0,0,0,0,0,0,0,0,0,0,0,0,0,0,1,2783,0x00001c8c,3.568359,0,0.000000,1,203,1015.000,1,2,2934,1,1,1,6,6,0x00001c8c,24,0,-40,10,128,11,14,-63,30,86,-71,34,145,-109,148,-109,-15,143,0,0,0,0,0,0,0,0,0,0,0,0,0,0,0,0,1,64,1,1,1,0,1,0,0,0,0
496,6,1,25,1870,1770,2022,1,1,1,1,-57,-46,12,-23,-26,-67,-77,158,1,6,-107,105,-26,-126,-1,3,0,0,0,0,0,0,0,0,0,0,0,0,0,0,0,0,1,2783,0x00001c8c,3.568359,0,0.000000,1,203,1015.000,1,2,2938,1,1,1,6,6,0x00001c8c,25,0,-57,-46,12,-23,-26,-67,-77,158,1,6,-107,105,-26,-126,-1,3,0,0,0,0,0,0,0,0,0,0,0,0,0,0,0,0,1,64,1,1,1,0,1,0,0,0,0
496,6,1,26,1874,1770,2022,1,1,1,1,95,-39,-6,-40,-1,-109,83,0,24,37,-77,25,111,46,-148,39,0,0,0,0,0,0,0,0,0,0,0,0,0,0,0,0,1,2783,0x00001c8c,3.568359,0,0.000000,1,203,1015.000,1,2,2942,1,1,1,6,6,0x00001c8c,26,0,95,-39,-6,-40,-1,-109,83,0,24,37,-77,25,111,46,-148,39,0,0,0,0,0,0,0,0,0,0,0,0,0,0,0,0,1,64,1,1,1,0,1,0,0,0,0
496,6,1,27,1878,1770,2022,1,1,1,1,9,80,-74,13,-17,-39,-29,2,-71,-9,146,13,-6,-27,93,-9,0,0,0,0,0,0,0,0,0,0,0,0,0,0,0,0,1,2783,0x00001c8c,3.568359,0,0.000000,1,203,1015.000,1,2,2946,1,1,1,6,6,0x00001c8c,27,0,9,80,-74,13,-17,-39,-29,2,-71,-9,146,13,-6,-27,93,-9,0,0,0,0,0,0,0,0,0,0,0,0,0,0,0,0,1,64,1,1,1,0,1,0,0,0,0
496,6,1,28,1882,1770,2022,1,1,1,1,-9,9,22,-13,225,-211,-46,155,-117,-60,80,-25,-84,57,-23,-40,0,0,0,0,0,0,0,0,0,0,0,0,0,0,0,0,1,2783,0x00001c8c,3.568359,0,0.000000,1,203,1015.000,1,2,2950,1,1,1,6,6,0x00001c8c,28,0,-9,9,22,-13,225,-211,-46,155,-117,-60,80,-25,-84,57,-23,-40,0,0,0,0,0,0,0,0,0,0,0,0,0,0,0,0,1,64,1,1,1,0,1,0,0,0,0
496,6,1,29,1886,1770,2022,1,1,1,1,26,-106,91,-2,-55,2,-70,74,89,-39,-50,22,100,-51,17,-56,0,0,0,0,0,0,0,0,0,0,0,0,0,0,0,0,1,2783,0x00001c8c,3.568359,0,0.000000,1,203,1015.000,1,2,2954,1,1,1,6,6,0x00001c8c,29,0,26,-106,91,-2,-55,2,-70,74,89,-39,-50,22,100,-51,17,-56,0,0,0,0,0,0,0,0,0,0,0,0,0,0,0,0,1,64,1,1,1,0,1,0,0,0,0
496,6,1,30,1890,1770,2022,1,1,1,1,24,-57,-27,50,-28,-13,60,-12,59,-54,-38,-24,-5,105,-59,11,0,0,0,0,0,0,0,0,0,0,0,0,0,0,0,0,1,2783,0x00001c8c,3.568359,0,0.000000,1,203,1015.000,1,2,2958,1,1,1,6,6,0x00001c8c,30,0,24,-57,-27,50,-28,-13,60,-12,59,-54,-38,-24,-5,105,-59,11,0,0,0,0,0,0,0,0,0,0,0,0,0,0,0,0,1,64,1,1,1,0,1,0,0,0,0
496,6,1,31,1894,1770,2022,1,1,1,1,21,-3,-85,88,-11,-90,60,59,97,32,-98,46,-53,17,72,-57,0,0,0,0,0,0,0,0,0,0,0,0,0,0,0,0,1,2783,0x00001c8c,3.568359,0,0.000000,1,203,1015.000,1,2,2962,1,1,1,6,6,0x00001c8c,31,0,21,-3,-85,88,-11,-90,60,59,97,32,-98,46,-53,17,72,-57,0,0,0,0,0,0,0,0,0,0,0,0,0,0,0,0,1,64,1,1,1,0,1,0,0,0,0
496,6,1,32,1898,1770,2022,1,1,1,1,13,-103,58,31,-45,16,18,-87,-29,4,13,-32,-15,36,-19,8,0,0,0,0,0,0,0,0,0,0,0,0,0,0,0,0,1,2783,0x00001c8c,3.568359,0,0.000000,1,203,1015.000,1,2,2966,1,1,1,6,6,0x00001c8c,32,0,13,-103,58,31,-45,16,18,-87,-29,4,13,-32,-15,36,-19,8,0,0,0,0,0,0,0,0,0,0,0,0,0,0,0,0,1,64,1,1,1,0,1,0,0,0,0
496,6,1,33,1902,1770,2022,1,1,1,1,15,-77,-7,49,47,22,-30,68,59,43,-108,-78,-23,45,-26,3,0,0,0,0,0,0,0,0,0,0,0,0,0,0,0,0,1,2783,0x00001c8c,3.568359,0,0.000000,1,203,1015.000,1,2,2970,1,1,1,6,6,0x00001c8c,33,0,15,-77,-7,49,47,22,-30,68,59,43,-108,-78,-23,45,-26,3,0,0,0,0,0,0,0,0,0,0,0,0,0,0,0,0,1,64,1,1,1,0,1,0,0,0,0
496,6,1,34,1906,1770,2022,1,1,1,1,9,35,-88,20,-49,-82,98,-12,199,-27,-132,83,-12,-59,104,-35,0,0,0,0,0,0,0,0,0,0,0,0,0,0,0,0,1,2783,0x00001c8c,3.568359,0,0.000000,1,203,1015.000,1,2,2974,1,1,1,6,6,0x00001c8c,34,0,9,35,-88,20,-49,-82,98,-12,199,-27,-132,83,-12,-59,104,-35,0,0,0,0,0,0,0,0,0,0,0,0,0,0,0,0,1,64,1,1,1,0,1,0,0,0,0
496,6,1,35,1910,1770,2022,1,1,1,1,-5,59,-20,-20,18,15,-58,-45,-41,43,63,-92,50,-38,-51,-4,0,0,0,0,0,0,0,0,0,0,0,0,0,0,0,0,1,2783,0x00001c8c,3.568359,0,0.000000,1,203,1015.000,1,2,2978,1,1,1,6,6,0x00001c8c,35,0,-5,59,-20,-20,18,15,-58,-45,-41,43,63,-92,50,-38,-51,-4,0,0,0,0,0,0,0,0,0,0,0,0,0,0,0,0,1,64,1,1,1,0,1,0,0,0,0
496,6,1,36,1914,1770,2022,1,1,1,1,3,-90,83,92,51,85,-67,-82,4,-21,11,57,27,26,9,-26,0,0,0,0,0,0,0,0,0,0,0,0,0,0,0,0,1,2783,0x00001c8c,3.568359,0,0.000000,1,203,1015.000,1,2,2982,1,1,1,6,6,0x00001c8c,36,0,3,-90,83,92,51,85,-67,-82,4,-21,11,57,27,26,9,-26,0,0,0,0,0,0,0,0,0,0,0,0,0,0,0,0,1,64,1,1,1,0,1,0,0,0,0
496,6,1,37,1918,1770,2022,1,1,1,1,-77,31,-134,59,82,55,-41,-66,-3,-59,34,-31,-17,69,-51,4,0,0,0,0,0,0,0,0,0,0,0,0,0,0,0,0,1,2783,0x00001c8c,3.568359,0,0.000000,1,203,1015.000,1,2,2986,1,1,1,6,6,0x00001c8c,37,0,-77,31,-134,59,82,55,-41,-66,-3,-59,34,-31,-17,69,-51,4,0,0,0,0,0,0,0,0,0,0,0,0,0,0,0,0,1,64,1,1,1,0,1,0,0,0,0
496,6,1,38,1922,1770,2022,1,1,1,1,87,-62,-23,51,49,-1,-54,129,61,9,-111,28,-58,30,47,25,0,0,0,0,0,0,0,0,0,0,0,0,0,0,0,0,1,2783,0x00001c8c,3.568359,0,0.000000,1,203,1015.000,1,2,2990,1,1,1,6,6,0x00001c8c,38,0,87,-62,-23,51,49,-1,-54,129,61,9,-111,28,-58,30,47,25,0,0,0,0,0,0,0,0,0,0,0,0,0,0,0,0,1,64,1,1,1,0,1,0,0,0,0
496,6,1,39,1926,1770,2022,1,1,1,1,31,-88,48,-23,-114,89,-66,-62,62,10,-32,38,1,-99,47,-63,0,0,0,0,0,0,0,0,0,0,0,0,0,0,0,0,1,2783,0x00001c8c,3.568359,0,0.000000,1,203,1015.000,1,2,2994,1,1,1,6,6,0x00001c8c,39,0,31,-88,48,-23,-114,89,-66,-62,62,10,-32,38,1,-99,47,-63,0,0,0,0,0,0,0,0,0,0,0,0,0,0,0,0,1,64,1,1,1,0,1,0,0,0,0
496,6,1,40,1930,1770,2022,1,1,1,1,-37,68,-4,1,83,51,-23,-48,-69,-58,182,-106,150,-104,31,13,0,0,0,0,0,0,0,0,0,0,0,0,0,0,0,0,1,2783,0x00001c8c,3.568359,0,0.000000,1,203,1015.000,1,2,2998,1,1,1,6,6,0x00001c8c,40,0,-37,68,-4,1,83,51,-23,-48,-69,-58,182,-106,150,-104,31,13,0,0,0,0,0,0,0,0,0,0,0,0,0,0,0,0,1,64,1,1,1,0,1,0,0,0,0
496,6,1,41,1934,1770,2022,1,1,1,1,-37,30,-8,-26,-58,127,-77,-26,-59,108,14,-72,-25,-7,-62,123,0,0,0,0,0,0,0,0,0,0,0,0,0,0,0,0,1,2783,0x00001c8c,3.568359,0,0.000000,1,203,1015.000,1,2,3002,1,1,1,6,6,0x00001c8c,41,0,-37,30,-8,-26,-58,127,-77,-26,-59,108,14,-72,-25,-7,-62,123,0,0,0,0,0,0,0,0,0,0,0,0,0,0,0,0,1,64,1,1,1,0,1,0,0,0,0
496,6,1,42,1938,1770,2022,1,1,1,1,2,69,-22,-88,129,-55,-90,50,-25,113,-75,-48,1,-111,80,-21,0,0,0,0,0,0,0,0,0,0,0,0,0,0,0,0,1,2783,0x00001c8c,3.568359,0,0.000000,1,203,1015.000,1,2,3006,1,1,1,6,6,0x00001c8c,42,0,2,69,-22,-88,129,-55,-90,50,-25,113,-75,-48,1,-111,80,-21,0,0,0,0,0,0,0,0,0,0,0,0,0,0,0,0,1,64,1,1,1,0,1,0,0,0,0
496,6,1,43,1942,1770,2022,1,1,1,1,50,44,22,-125,23,1,-36,50,14,54,86,-76,-79,115,63,-93,0,0,0,0,0,0,0,0,0,0,0,0,0,0,0,0,1,2783,0x00001c8c,3.568359,0,0.000000,1,203,1015.000,1,2,3010,1,1,1,6,6,0x00001c8c,43,0,50,44,22,-125,23,1,-36,50,14,54,86,-76,-79,115,63,-93,0,0,0,0,0,0,0,0,0,0,0,0,0,0,0,0,1,64,1,1,1,0,1,0,0,0,0
496,6,1,44,1946,1770,2022,1,1,1,1,5,137,-52,-54,12,-67,-35,139,-84,62,-46,9,-57,-16,47,68,0,0,0,0,0,0,0,0,0,0,0,0,0,0,0,0,1,2783,0x00001c8c,3.568359,0,0.000000,1,203,1015.000,1,2,3014,1,1,1,6,6,0x00001c8c,44,0,5,137,-52,-54,12,-67,-35,139,-84,62,-46,9,-57,-16,47,68,0,0,0,0,0,0,0,0,0,0,0,0,0,0,0,0,1,64,1,1,1,0,1,0,0,0,0
496,6,1,45,1950,1770,2022,1,1,1,1,54,-5,-21,-27,-45,-87,45,50,107,-17,-88,10,-1,-70,35,-11,0,0,0,0,0,0,0,0,0,0,0,0,0,0,0,0,1,2783,0x00001c8c,3.568359,0,0.000000,1,203,1015.000,1,2,3018,1,1,1,6,6,0x00001c8c,45,0,54,-5,-21,-27,-45,-87,45,50,107,-17,-88,10,-1,-70,35,-11,0,0,0,0,0,0,0,0,0,0,0,0,0,0,0,0,1,64,1,1,1,0,1,0,0,0,0
496,6,1,46,1954,1770,2022,1,1,1,1,14,-18,90,-61,-45,-1,3,0,41,-73,108,-94,-65,88,9,-70,0,0,0,0,0,0,0,0,0,0,0,0,0,0,0,0,1,2783,0x00001c8c,3.568359,0,0.000000,1,203,1015.000,1,2,3022,1,1,1,6,6,0x00001c8c,46,0,14,-18,90,-61,-45,-1,3,0,41,-73,108,-94,-65,88,9,-70,0,0,0,0,0,0,0,0,0,0,0,0,0,0,0,0,1,64,1,1,1,0,1,0,0,0,0
496,6,1,47,1958,1770,2022,1,1,1,1,-28,59,40,-58,53,-75,-13,78,93,-5,-113,75,75,-46,-54,91,0,0,0,0,0,0,0,0,0,0,0,0,0,0,0,0,1,2783,0x00001c8c,3.568359,0,0.000000,1,203,1015.000,1,2,3026,1,1,1,6,6,0x00001c8c,47,0,-28,59,40,-58,53,-75,-13,78,93,-5,-113,75,75,-46,-54,91,0,0,0,0,0,0,0,0,0,0,0,0,0,0,0,0,1,64,1,1,1,0,1,0,0,0,0
496,6,1,48,1962,1770,2022,1,1,1,1,-129,122,13,52,-49,-31,94,-54,-35,37,12,-5,-39,68,-64,-25,0,0,0,0,0,0,0,0,0,0,0,0,0,0,0,0,1,2783,0x00001c8c,3.568359,0,0.000000,1,203,1015.000,1,2,3030,1,1,1,6,6,0x00001c8c,48,0,-129,122,13,52,-49,-31,94,-54,-35,37,12,-5,-39,68,-64,-25,0,0,0,0,0,0,0,0,0,0,0,0,0,0,0,0,1,64,1,1,1,0,1,0,0,0,0
496,6,1,49,1966,1770,2022,1,1,1,1,-75,-48,81,-5,41,-78,-52,121,-4,-86,107,-8,25,-36,77,-79,0,0,0,0,0,0,0,0,0,0,0,0,0,0,0,0,1,2783,0x00001c8c,3.568359,0,0.000000,1,203,1015.000,1,2,3034,1,1,1,6,6,0x00001c8c,49,0,-75,-48,81,-5,41,-78,-52,121,-4,-86,107,-8,25,-36,77,-79,0,0,0,0,0,0,0,0,0,0,0,0,0,0,0,0,1,64,1,1,1,0,1,0,0,0,0
496,6,1,50,1970,1770,2022,1,1,1,1,-33,-29,49,-21,59,-142,46,-3,-38,24,-44,86,112,-72,-32,72,0,0,0,0,0,0,0,0,0,0,0,0,0,0,0,0,1,2783,0x00001c8c,3.568359,0,0.000000,1,203,1015.000,1,2,3038,1,1,1,6,6,0x00001c8c,50,0,-33,-29,49,-21,59,-142,46,-3,-38,24,-44,86,112,-72,-32,72,0,0,0,0,0,0,0,0,0,0,0,0,0,0,0,0,1,64,1,1,1,0,1,0,0,0,0
496,6,1,51,1974,1770,2022,1,1,1,1,61,40,-146,-49,14,22,-19,-49,-30,-127,53,124,-58,-23,-19,145,0,0,0,0,0,0,0,0,0,0,0,0,0,0,0,0,1,2783,0x00001c8c,3.568359,0,0.000000,1,203,1015.000,1,2,3042,1,1,1,6,6,0x00001c8c,51,0,61,40,-146,-49,14,22,-19,-49,-30,-127,53,124,-58,-23,-19,145,0,0,0,0,0,0,0,0,0,0,0,0,0,0,0,0,1,64,1,1,1,0,1,0,0,0,0
496,6,1,52,1978,1770,2022,1,1,1,1,128,-32,50,37,9,87,-60,-28,-14,-50,-54,23,-49,-55,49,-74,0,0,0,0,0,0,0,0,0,0,0,0,0,0,0,0,1,2783,0x00001c8c,3.568359,0,0.000000,1,203,1015.000,1,2,3046,1,1,1,6,6,0x00001c8c,52,0,128,-32,50,37,9,87,-60,-28,-14,-50,-54,23,-49,-55,49,-74,0,0,0,0,0,0,0,0,0,0,0,0,0,0,0,0,1,64,1,1,1,0,1,0,0,0,0
496,6,1,53,1982,1770,2022,1,1,1,1,-109,-39,49,36,16,30,32,-66,54,-88,65,8,-7,45,61,-67,0,0,0,0,0,0,0,0,0,0,0,0,0,0,0,0,1,2783,0x00001c8c,3.568359,0,0.000000,1,203,1015.000,1,2,3050,1,1,1,6,6,0x00001c8c,53,0,-109,-39,49,36,16,30,32,-66,54,-88,65,8,-7,45,61,-67,0,0,0,0,0,0,0,0,0,0,0,0,0,0,0,0,1,64,1,1,1,0,1,0,0,0,0
496,6,1,54,1986,1770,2022,1,1,1,1,50,-75,-19,52,22,2,-53,33,-27,53,-72,0,-4,46,-104,161,0,0,0,0,0,0,0,0,0,0,0,0,0,0,0,0,1,2783,0x00001c8c,3.568359,0,0.000000,1,203,1015.000,1,2,3054,1,1,1,6,6,0x00001c8c,54,0,50,-75,-19,52,22,2,-53,33,-27,53,-72,0,-4,46,-104,161,0,0,0,0,0,0,0,0,0,0,0,0,0,0,0,0,1,64,1,1,1,0,1,0,0,0,0
496,6,1,55,1990,1770,2022,1,1,1,1,-74,51,-8,26,16,88,-114,-15,52,-48,44,-39,-88,-77,89,-26,0,0,0,0,0,0,0,0,0,0,0,0,0,0,0,0,1,2783,0x00001c8c,3.568359,0,0.000000,1,203,1015.000,1,2,3058,1,1,1,6,6,0x00001c8c,55,0,-74,51,-8,26,16,88,-114,-15,52,-48,44,-39,-88,-77,89,-26,0,0,0,0,0,0,0,0,0,0,0,0,0,0,0,0,1,64,1,1,1,0,1,0,0,0,0
496,6,1,56,1994,1770,2022,1,1,1,1,39,-61,-55,57,5,57,56,-62,31,2,-2,-64,70,-108,60,-30,0,0,0,0,0,0,0,0,0,0,0,0,0,0,0,0,1,2783,0x00001c8c,3.568359,0,0.000000,1,203,1015.000,1,2,3062,1,1,1,6,6,0x00001c8c,56,0,39,-61,-55,57,5,57,56,-62,31,2,-2,-64,70,-108,60,-30,0,0,0,0,0,0,0,0,0,0,0,0,0,0,0,0,1,64,1,1,1,0,1,0,0,0,0
496,6,1,57,1998,1770,2022,1,1,1,1,-54,58,51,-10,-64,-5,13,57,27,48,23,-41,42,14,-45,-29,0,0,0,0,0,0,0,0,0,0,0,0,0,0,0,0,1,2783,0x00001c8c,3.568359,0,0.000000,1,203,1015.000,1,2,3066,1,1,1,6,6,0x00001c8c,57,0,-54,58,51,-10,-64,-5,13,57,27,48,23,-41,42,14,-45,-29,0,0,0,0,0,0,0,0,0,0,0,0,0,0,0,0,1,64,1,1,1,0,1,0,0,0,0
496,6,1,58,2002,1770,2022,1,1,1,1,-47,-45,16,12,51,-31,-62,-8,-70,90,-10,11,24,7,15,10,0,0,0,0,0,0,0,0,0,0,0,0,0,0,0,0,1,2783,0x00001c8c,3.568359,0,0.000000,1,203,1015.000,1,2,3070,1,1,1,6,6,0x00001c8c,58,0,-47,-45,16,12,51,-31,-62,-8,-70,90,-10,11,24,7,15,10,0,0,0,0,0,0,0,0,0,0,0,0,0,0,0,0,1,64,1,1,1,0,1,0,0,0,0
496,6,1,59,2006,1770,2022,1,1,1,1,32,36,-38,-42,24,-11,65,-78,-71,7,42,56,4,-57,22,43,0,0,0,0,0,0,0,0,0,0,0,0,0,0,0,0,1,2783,0x00001c8c,3.568359,0,0.000000,1,203,1015.000,1,2,3074,1,1,1,6,6,0x00001c8c,59,0,32,36,-38,-42,24,-11,65,-78,-71,7,42,56,4,-57,22,43,0,0,0,0,0,0,0,0,0,0,0,0,0,0,0,0,1,64,1,1,1,0,1,0,0,0,0
496,6,1,60,2010,1770,2022,1,1,1,1,11,-2,-6,97,108,-76,-103,86,-25,-79,10,1,-49,14,-13,17,0,0,0,0,0,0,0,0,0,0,0,0,0,0,0,0,1,2783,0x00001c8c,3.568359,0,0.000000,1,203,1015.000,1,2,3078,1,1,1,6,6,0x00001c8c,60,0,11,-2,-6,97,108,-76,-103,86,-25,-79,10,1,-49,14,-13,17,0,0,0,0,0,0,0,0,0,0,0,0,0,0,0,0,1,64,1,1,1,0,1,0,0,0,0
496,6,1,61,2014,1770,2022,1,1,1,1,-66,-19,-7,58,94,-52,0,-145,109,-81,-30,26,69,-98,-15,27,0,0,0,0,0,0,0,0,0,0,0,0,0,0,0,0,1,2783,0x00001c8c,3.568359,0,0.000000,1,203,1015.000,1,2,3082,1,1,1,6,6,0x00001c8c,61,0,-66,-19,-7,58,94,-52,0,-145,109,-81,-30,26,69,-98,-15,27,0,0,0,0,0,0,0,0,0,0,0,0,0,0,0,0,1,64,1,1,1,0,1,0,0,0,0
496,6,1,62,2018,1770,2022,1,1,1,1,-34,-40,29,-24,150,38,-123,66,15,11,-38,39,30,40,-44,-53,0,0,0,0,0,0,0,0,0,0,0,0,0,0,0,0,1,2783,0x00001c8c,3.568359,0,0.000000,1,203,1015.000,1,2,3086,1,1,1,6,6,0x00001c8c,62,0,-34,-40,29,-24,150,38,-123,66,15,11,-38,39,30,40,-44,-53,0,0,0,0,0,0,0,0,0,0,0,0,0,0,0,0,1,64,1,1,1,0,1,0,0,0,0
496,6,1,63,2022,1770,2022,1,1,1,1,9,104,-81,21,-11,16,-1,-29,-33,-52,128,-31,-21,115,-39,20,0,0,0,0,0,0,0,0,0,0,0,0,0,0,0,0,1,2783,0x00001c8c,3.568359,0,0.000000,1,203,1015.000,1,2,3090,1,1,1,6,6,0x00001c8c,63,1,9,104,-81,21,-11,16,-1,-29,-33,-52,128,-31,-21,115,-39,20,0,0,0,0,0,0,0,0,0,0,0,0,0,0,0,0,1,64,1,1,1,0,1,0,0,0,0
