Time resolution is 1 ps
[0] Asserting reset...
Info: [XPM_MEMORY 20-1] MEMORY_PRIMITIVE (0) instructs Vivado Synthesis to choose the memory primitive type. Depending on their values, other XPM_MEMORY parameters may preclude the choice of certain memory primitive types. Review XPM_MEMORY documentation and parameter values to understand any limitations, or set MEMORY_PRIMITIVE to a different value. tb_AI_TRIGGER_TOP.dut.u_ADC_INPUT.u_FIFO.\gnuram_async_fifo.xpm_fifo_base_inst .\gen_sdpram.xpm_memory_base_inst .config_drc
Time: 1 ps  Iteration: 0  Process: /tb_AI_TRIGGER_TOP/dut/u_ADC_INPUT/u_FIFO/gnuram_async_fifo.xpm_fifo_base_inst/gen_sdpram.xpm_memory_base_inst/Initial302_28  Scope: tb_AI_TRIGGER_TOP.dut.u_ADC_INPUT.u_FIFO.\gnuram_async_fifo.xpm_fifo_base_inst .\gen_sdpram.xpm_memory_base_inst .config_drc  File: /tools/Xilinx/Vivado/2023.2/data/ip/xpm/xpm_memory/hdl/xpm_memory.sv Line: 506
Info: [XPM_MEMORY 20-1] MEMORY_PRIMITIVE (0) instructs Vivado Synthesis to choose the memory primitive type. Depending on their values, other XPM_MEMORY parameters may preclude the choice of certain memory primitive types. Review XPM_MEMORY documentation and parameter values to understand any limitations, or set MEMORY_PRIMITIVE to a different value. tb_AI_TRIGGER_TOP.dut.u_DUT.u_EVENT_PATH.u_output_fifo.u_FIFO.xpm_fifo_base_inst.\gen_sdpram.xpm_memory_base_inst .config_drc
Time: 1 ps  Iteration: 0  Process: /tb_AI_TRIGGER_TOP/dut/u_DUT/u_EVENT_PATH/u_output_fifo/u_FIFO/xpm_fifo_base_inst/gen_sdpram.xpm_memory_base_inst/Initial302_1807  Scope: tb_AI_TRIGGER_TOP.dut.u_DUT.u_EVENT_PATH.u_output_fifo.u_FIFO.xpm_fifo_base_inst.\gen_sdpram.xpm_memory_base_inst .config_drc  File: /tools/Xilinx/Vivado/2023.2/data/ip/xpm/xpm_memory/hdl/xpm_memory.sv Line: 506
[206000] Starting AI_TRIGGER_TOP test
[206000] TESTHEX_DIR: /home/work1/Works/AI-Trigger-System/build/real_noise_scan/noise_4/testhex_stream
[206000] Samples: 745  Threshold raw: 0 (0.0000)
[206000] MIRROR_RAW_CHANNELS: 0
[206000] PACE_CHUNKS: 1
---------------------------------------------------------------------
Sample | Score (hex) | Score (float) | Label | Pred | Latency (us)
---------------------------------------------------------------------
Note: DIST chunk_start seq=0 lane=0 busy='0'
Time: 266 ns  Iteration: 0  Process: /tb_AI_TRIGGER_TOP/dut/u_DUT/u_DIST/line__134  File: /home/work1/Works/AI-Trigger-System/HDL/rtl/ADC_CHUNK_DISTRIBUTOR.vhd
Note: LANE0 ADC chunk_accept count=1 fifo_full='0'
Time: 266 ns  Iteration: 0  Process: /tb_AI_TRIGGER_TOP/dut/u_DUT/\gen_lanes(0)\/u_LANE/line__191  File: /home/work1/Works/AI-Trigger-System/HDL/rtl/CNN_CORE_LANE.vhd
Note: LANE0 started_next=1 fifo_empty='0' fifo_data_valid='1' ready='0' idle='1'
Time: 302500 ps  Iteration: 0  Process: /tb_AI_TRIGGER_TOP/dut/u_DUT/\gen_lanes(0)\/u_LANE/line__273  File: /home/work1/Works/AI-Trigger-System/HDL/rtl/CNN_CORE_LANE.vhd
Note: LANE0 started=1 fifo_empty='0' fifo_data_valid='1' ready='0'
Time: 1007500 ps  Iteration: 0  Process: /tb_AI_TRIGGER_TOP/dut/u_DUT/\gen_lanes(0)\/u_LANE/line__273  File: /home/work1/Works/AI-Trigger-System/HDL/rtl/CNN_CORE_LANE.vhd
Note: LANE0 ADC busy_clear stream_done_seen='1' wr_count=0
Time: 1018 ns  Iteration: 0  Process: /tb_AI_TRIGGER_TOP/dut/u_DUT/\gen_lanes(0)\/u_LANE/line__191  File: /home/work1/Works/AI-Trigger-System/HDL/rtl/CNN_CORE_LANE.vhd
Note: LANE0 CNN output_valid score_raw=-4057 started=1
Time: 1232500 ps  Iteration: 0  Process: /tb_AI_TRIGGER_TOP/dut/u_DUT/\gen_lanes(0)\/u_LANE/line__273  File: /home/work1/Works/AI-Trigger-System/HDL/rtl/CNN_CORE_LANE.vhd
     0 | 0x003ff027    |     -1.980957 |     0 |    0 |      1.010
Note: DIST chunk_start seq=1 lane=1 busy='0'
Time: 1278 ns  Iteration: 0  Process: /tb_AI_TRIGGER_TOP/dut/u_DUT/u_DIST/line__134  File: /home/work1/Works/AI-Trigger-System/HDL/rtl/ADC_CHUNK_DISTRIBUTOR.vhd
Note: LANE1 ADC chunk_accept count=1 fifo_full='0'
Time: 1278 ns  Iteration: 0  Process: /tb_AI_TRIGGER_TOP/dut/u_DUT/\gen_lanes(1)\/u_LANE/line__191  File: /home/work1/Works/AI-Trigger-System/HDL/rtl/CNN_CORE_LANE.vhd
Note: LANE1 started_next=1 fifo_empty='0' fifo_data_valid='1' ready='0' idle='1'
Time: 1312500 ps  Iteration: 0  Process: /tb_AI_TRIGGER_TOP/dut/u_DUT/\gen_lanes(1)\/u_LANE/line__273  File: /home/work1/Works/AI-Trigger-System/HDL/rtl/CNN_CORE_LANE.vhd
Note: LANE1 started=1 fifo_empty='0' fifo_data_valid='1' ready='0'
Time: 2017500 ps  Iteration: 0  Process: /tb_AI_TRIGGER_TOP/dut/u_DUT/\gen_lanes(1)\/u_LANE/line__273  File: /home/work1/Works/AI-Trigger-System/HDL/rtl/CNN_CORE_LANE.vhd
Note: LANE1 ADC busy_clear stream_done_seen='1' wr_count=0
Time: 2026 ns  Iteration: 0  Process: /tb_AI_TRIGGER_TOP/dut/u_DUT/\gen_lanes(1)\/u_LANE/line__191  File: /home/work1/Works/AI-Trigger-System/HDL/rtl/CNN_CORE_LANE.vhd
Note: LANE1 CNN output_valid score_raw=-4124 started=1
Time: 2242500 ps  Iteration: 0  Process: /tb_AI_TRIGGER_TOP/dut/u_DUT/\gen_lanes(1)\/u_LANE/line__273  File: /home/work1/Works/AI-Trigger-System/HDL/rtl/CNN_CORE_LANE.vhd
     1 | 0x003fefe4    |     -2.013672 |     0 |    0 |      1.005
Note: DIST chunk_start seq=2 lane=2 busy='0'
Time: 2286 ns  Iteration: 0  Process: /tb_AI_TRIGGER_TOP/dut/u_DUT/u_DIST/line__134  File: /home/work1/Works/AI-Trigger-System/HDL/rtl/ADC_CHUNK_DISTRIBUTOR.vhd
Note: LANE2 ADC chunk_accept count=1 fifo_full='0'
Time: 2286 ns  Iteration: 0  Process: /tb_AI_TRIGGER_TOP/dut/u_DUT/\gen_lanes(2)\/u_LANE/line__191  File: /home/work1/Works/AI-Trigger-System/HDL/rtl/CNN_CORE_LANE.vhd
Note: LANE2 started_next=1 fifo_empty='0' fifo_data_valid='1' ready='0' idle='1'
Time: 2322500 ps  Iteration: 0  Process: /tb_AI_TRIGGER_TOP/dut/u_DUT/\gen_lanes(2)\/u_LANE/line__273  File: /home/work1/Works/AI-Trigger-System/HDL/rtl/CNN_CORE_LANE.vhd
Note: LANE2 started=1 fifo_empty='0' fifo_data_valid='1' ready='0'
Time: 3027500 ps  Iteration: 0  Process: /tb_AI_TRIGGER_TOP/dut/u_DUT/\gen_lanes(2)\/u_LANE/line__273  File: /home/work1/Works/AI-Trigger-System/HDL/rtl/CNN_CORE_LANE.vhd
Note: LANE2 ADC busy_clear stream_done_seen='1' wr_count=0
Time: 3038 ns  Iteration: 0  Process: /tb_AI_TRIGGER_TOP/dut/u_DUT/\gen_lanes(2)\/u_LANE/line__191  File: /home/work1/Works/AI-Trigger-System/HDL/rtl/CNN_CORE_LANE.vhd
Note: LANE2 CNN output_valid score_raw=-4144 started=1
Time: 3252500 ps  Iteration: 0  Process: /tb_AI_TRIGGER_TOP/dut/u_DUT/\gen_lanes(2)\/u_LANE/line__273  File: /home/work1/Works/AI-Trigger-System/HDL/rtl/CNN_CORE_LANE.vhd
     2 | 0x003fefd0    |     -2.023438 |     0 |    0 |      1.010
Note: DIST chunk_start seq=3 lane=3 busy='0'
Time: 3298 ns  Iteration: 0  Process: /tb_AI_TRIGGER_TOP/dut/u_DUT/u_DIST/line__134  File: /home/work1/Works/AI-Trigger-System/HDL/rtl/ADC_CHUNK_DISTRIBUTOR.vhd
Note: LANE3 ADC chunk_accept count=1 fifo_full='0'
Time: 3298 ns  Iteration: 0  Process: /tb_AI_TRIGGER_TOP/dut/u_DUT/\gen_lanes(3)\/u_LANE/line__191  File: /home/work1/Works/AI-Trigger-System/HDL/rtl/CNN_CORE_LANE.vhd
Note: LANE3 started_next=1 fifo_empty='0' fifo_data_valid='1' ready='0' idle='1'
Time: 3332500 ps  Iteration: 0  Process: /tb_AI_TRIGGER_TOP/dut/u_DUT/\gen_lanes(3)\/u_LANE/line__273  File: /home/work1/Works/AI-Trigger-System/HDL/rtl/CNN_CORE_LANE.vhd
Note: LANE3 started=1 fifo_empty='0' fifo_data_valid='1' ready='0'
Time: 4037500 ps  Iteration: 0  Process: /tb_AI_TRIGGER_TOP/dut/u_DUT/\gen_lanes(3)\/u_LANE/line__273  File: /home/work1/Works/AI-Trigger-System/HDL/rtl/CNN_CORE_LANE.vhd
Note: LANE3 ADC busy_clear stream_done_seen='1' wr_count=0
Time: 4046 ns  Iteration: 0  Process: /tb_AI_TRIGGER_TOP/dut/u_DUT/\gen_lanes(3)\/u_LANE/line__191  File: /home/work1/Works/AI-Trigger-System/HDL/rtl/CNN_CORE_LANE.vhd
Note: LANE3 CNN output_valid score_raw=-3844 started=1
Time: 4262500 ps  Iteration: 0  Process: /tb_AI_TRIGGER_TOP/dut/u_DUT/\gen_lanes(3)\/u_LANE/line__273  File: /home/work1/Works/AI-Trigger-System/HDL/rtl/CNN_CORE_LANE.vhd
     3 | 0x003ff0fc    |     -1.876953 |     0 |    0 |      1.005
Note: DIST chunk_start seq=4 lane=4 busy='0'
Time: 4306 ns  Iteration: 0  Process: /tb_AI_TRIGGER_TOP/dut/u_DUT/u_DIST/line__134  File: /home/work1/Works/AI-Trigger-System/HDL/rtl/ADC_CHUNK_DISTRIBUTOR.vhd
Note: LANE4 ADC chunk_accept count=1 fifo_full='0'
Time: 4306 ns  Iteration: 0  Process: /tb_AI_TRIGGER_TOP/dut/u_DUT/\gen_lanes(4)\/u_LANE/line__191  File: /home/work1/Works/AI-Trigger-System/HDL/rtl/CNN_CORE_LANE.vhd
Note: LANE4 started_next=1 fifo_empty='0' fifo_data_valid='1' ready='0' idle='1'
Time: 4342500 ps  Iteration: 0  Process: /tb_AI_TRIGGER_TOP/dut/u_DUT/\gen_lanes(4)\/u_LANE/line__273  File: /home/work1/Works/AI-Trigger-System/HDL/rtl/CNN_CORE_LANE.vhd
Note: LANE4 started=1 fifo_empty='0' fifo_data_valid='1' ready='0'
Time: 5047500 ps  Iteration: 0  Process: /tb_AI_TRIGGER_TOP/dut/u_DUT/\gen_lanes(4)\/u_LANE/line__273  File: /home/work1/Works/AI-Trigger-System/HDL/rtl/CNN_CORE_LANE.vhd
Note: LANE4 ADC busy_clear stream_done_seen='1' wr_count=0
Time: 5058 ns  Iteration: 0  Process: /tb_AI_TRIGGER_TOP/dut/u_DUT/\gen_lanes(4)\/u_LANE/line__191  File: /home/work1/Works/AI-Trigger-System/HDL/rtl/CNN_CORE_LANE.vhd
Note: LANE4 CNN output_valid score_raw=-3716 started=1
Time: 5272500 ps  Iteration: 0  Process: /tb_AI_TRIGGER_TOP/dut/u_DUT/\gen_lanes(4)\/u_LANE/line__273  File: /home/work1/Works/AI-Trigger-System/HDL/rtl/CNN_CORE_LANE.vhd
     4 | 0x003ff17c    |     -1.814453 |     0 |    0 |      1.010
Note: DIST chunk_start seq=5 lane=0 busy='0'
Time: 5318 ns  Iteration: 0  Process: /tb_AI_TRIGGER_TOP/dut/u_DUT/u_DIST/line__134  File: /home/work1/Works/AI-Trigger-System/HDL/rtl/ADC_CHUNK_DISTRIBUTOR.vhd
Note: LANE0 ADC chunk_accept count=2 fifo_full='0'
Time: 5318 ns  Iteration: 0  Process: /tb_AI_TRIGGER_TOP/dut/u_DUT/\gen_lanes(0)\/u_LANE/line__191  File: /home/work1/Works/AI-Trigger-System/HDL/rtl/CNN_CORE_LANE.vhd
Note: LANE0 started_next=2 fifo_empty='0' fifo_data_valid='1' ready='0' idle='1'
Time: 5352500 ps  Iteration: 0  Process: /tb_AI_TRIGGER_TOP/dut/u_DUT/\gen_lanes(0)\/u_LANE/line__273  File: /home/work1/Works/AI-Trigger-System/HDL/rtl/CNN_CORE_LANE.vhd
Note: LANE0 started=2 fifo_empty='0' fifo_data_valid='1' ready='0'
Time: 6062500 ps  Iteration: 0  Process: /tb_AI_TRIGGER_TOP/dut/u_DUT/\gen_lanes(0)\/u_LANE/line__273  File: /home/work1/Works/AI-Trigger-System/HDL/rtl/CNN_CORE_LANE.vhd
Note: LANE0 ADC busy_clear stream_done_seen='0' wr_count=0
Time: 6074 ns  Iteration: 0  Process: /tb_AI_TRIGGER_TOP/dut/u_DUT/\gen_lanes(0)\/u_LANE/line__191  File: /home/work1/Works/AI-Trigger-System/HDL/rtl/CNN_CORE_LANE.vhd
Note: LANE0 CNN output_valid score_raw=-3764 started=2
Time: 6287500 ps  Iteration: 0  Process: /tb_AI_TRIGGER_TOP/dut/u_DUT/\gen_lanes(0)\/u_LANE/line__273  File: /home/work1/Works/AI-Trigger-System/HDL/rtl/CNN_CORE_LANE.vhd
     5 | 0x003ff14c    |     -1.837891 |     0 |    0 |      1.010
Note: DIST chunk_start seq=6 lane=1 busy='0'
Time: 6330 ns  Iteration: 0  Process: /tb_AI_TRIGGER_TOP/dut/u_DUT/u_DIST/line__134  File: /home/work1/Works/AI-Trigger-System/HDL/rtl/ADC_CHUNK_DISTRIBUTOR.vhd
Note: LANE1 ADC chunk_accept count=2 fifo_full='0'
Time: 6330 ns  Iteration: 0  Process: /tb_AI_TRIGGER_TOP/dut/u_DUT/\gen_lanes(1)\/u_LANE/line__191  File: /home/work1/Works/AI-Trigger-System/HDL/rtl/CNN_CORE_LANE.vhd
Note: LANE1 started_next=2 fifo_empty='0' fifo_data_valid='1' ready='0' idle='1'
Time: 6367500 ps  Iteration: 0  Process: /tb_AI_TRIGGER_TOP/dut/u_DUT/\gen_lanes(1)\/u_LANE/line__273  File: /home/work1/Works/AI-Trigger-System/HDL/rtl/CNN_CORE_LANE.vhd
Note: LANE1 started=2 fifo_empty='0' fifo_data_valid='1' ready='0'
Time: 7077500 ps  Iteration: 0  Process: /tb_AI_TRIGGER_TOP/dut/u_DUT/\gen_lanes(1)\/u_LANE/line__273  File: /home/work1/Works/AI-Trigger-System/HDL/rtl/CNN_CORE_LANE.vhd
Note: LANE1 ADC busy_clear stream_done_seen='0' wr_count=0
Time: 7086 ns  Iteration: 0  Process: /tb_AI_TRIGGER_TOP/dut/u_DUT/\gen_lanes(1)\/u_LANE/line__191  File: /home/work1/Works/AI-Trigger-System/HDL/rtl/CNN_CORE_LANE.vhd
Note: LANE1 CNN output_valid score_raw=-3844 started=2
Time: 7302500 ps  Iteration: 0  Process: /tb_AI_TRIGGER_TOP/dut/u_DUT/\gen_lanes(1)\/u_LANE/line__273  File: /home/work1/Works/AI-Trigger-System/HDL/rtl/CNN_CORE_LANE.vhd
     6 | 0x003ff0fc    |     -1.876953 |     0 |    0 |      1.015
Note: DIST chunk_start seq=7 lane=2 busy='0'
Time: 7346 ns  Iteration: 0  Process: /tb_AI_TRIGGER_TOP/dut/u_DUT/u_DIST/line__134  File: /home/work1/Works/AI-Trigger-System/HDL/rtl/ADC_CHUNK_DISTRIBUTOR.vhd
Note: LANE2 ADC chunk_accept count=2 fifo_full='0'
Time: 7346 ns  Iteration: 0  Process: /tb_AI_TRIGGER_TOP/dut/u_DUT/\gen_lanes(2)\/u_LANE/line__191  File: /home/work1/Works/AI-Trigger-System/HDL/rtl/CNN_CORE_LANE.vhd
Note: LANE2 started_next=2 fifo_empty='0' fifo_data_valid='1' ready='0' idle='1'
Time: 7382500 ps  Iteration: 0  Process: /tb_AI_TRIGGER_TOP/dut/u_DUT/\gen_lanes(2)\/u_LANE/line__273  File: /home/work1/Works/AI-Trigger-System/HDL/rtl/CNN_CORE_LANE.vhd
Note: LANE2 started=2 fifo_empty='0' fifo_data_valid='1' ready='0'
Time: 8092500 ps  Iteration: 0  Process: /tb_AI_TRIGGER_TOP/dut/u_DUT/\gen_lanes(2)\/u_LANE/line__273  File: /home/work1/Works/AI-Trigger-System/HDL/rtl/CNN_CORE_LANE.vhd
Note: LANE2 ADC busy_clear stream_done_seen='0' wr_count=0
Time: 8102 ns  Iteration: 0  Process: /tb_AI_TRIGGER_TOP/dut/u_DUT/\gen_lanes(2)\/u_LANE/line__191  File: /home/work1/Works/AI-Trigger-System/HDL/rtl/CNN_CORE_LANE.vhd
Note: LANE2 CNN output_valid score_raw=-3944 started=2
Time: 8317500 ps  Iteration: 0  Process: /tb_AI_TRIGGER_TOP/dut/u_DUT/\gen_lanes(2)\/u_LANE/line__273  File: /home/work1/Works/AI-Trigger-System/HDL/rtl/CNN_CORE_LANE.vhd
     7 | 0x003ff098    |     -1.925781 |     0 |    0 |      1.015
Note: DIST chunk_start seq=8 lane=3 busy='0'
Time: 8362 ns  Iteration: 0  Process: /tb_AI_TRIGGER_TOP/dut/u_DUT/u_DIST/line__134  File: /home/work1/Works/AI-Trigger-System/HDL/rtl/ADC_CHUNK_DISTRIBUTOR.vhd
Note: LANE3 ADC chunk_accept count=2 fifo_full='0'
Time: 8362 ns  Iteration: 0  Process: /tb_AI_TRIGGER_TOP/dut/u_DUT/\gen_lanes(3)\/u_LANE/line__191  File: /home/work1/Works/AI-Trigger-System/HDL/rtl/CNN_CORE_LANE.vhd
Note: LANE3 started_next=2 fifo_empty='0' fifo_data_valid='1' ready='0' idle='1'
Time: 8397500 ps  Iteration: 0  Process: /tb_AI_TRIGGER_TOP/dut/u_DUT/\gen_lanes(3)\/u_LANE/line__273  File: /home/work1/Works/AI-Trigger-System/HDL/rtl/CNN_CORE_LANE.vhd
Note: LANE3 started=2 fifo_empty='0' fifo_data_valid='1' ready='0'
Time: 9107500 ps  Iteration: 0  Process: /tb_AI_TRIGGER_TOP/dut/u_DUT/\gen_lanes(3)\/u_LANE/line__273  File: /home/work1/Works/AI-Trigger-System/HDL/rtl/CNN_CORE_LANE.vhd
Note: LANE3 ADC busy_clear stream_done_seen='0' wr_count=0
Time: 9118 ns  Iteration: 0  Process: /tb_AI_TRIGGER_TOP/dut/u_DUT/\gen_lanes(3)\/u_LANE/line__191  File: /home/work1/Works/AI-Trigger-System/HDL/rtl/CNN_CORE_LANE.vhd
Note: LANE3 CNN output_valid score_raw=-4037 started=2
Time: 9332500 ps  Iteration: 0  Process: /tb_AI_TRIGGER_TOP/dut/u_DUT/\gen_lanes(3)\/u_LANE/line__273  File: /home/work1/Works/AI-Trigger-System/HDL/rtl/CNN_CORE_LANE.vhd
     8 | 0x003ff03b    |     -1.971191 |     0 |    0 |      1.015
Note: DIST chunk_start seq=9 lane=4 busy='0'
Time: 9378 ns  Iteration: 0  Process: /tb_AI_TRIGGER_TOP/dut/u_DUT/u_DIST/line__134  File: /home/work1/Works/AI-Trigger-System/HDL/rtl/ADC_CHUNK_DISTRIBUTOR.vhd
Note: LANE4 ADC chunk_accept count=2 fifo_full='0'
Time: 9378 ns  Iteration: 0  Process: /tb_AI_TRIGGER_TOP/dut/u_DUT/\gen_lanes(4)\/u_LANE/line__191  File: /home/work1/Works/AI-Trigger-System/HDL/rtl/CNN_CORE_LANE.vhd
Note: LANE4 started_next=2 fifo_empty='0' fifo_data_valid='1' ready='0' idle='1'
Time: 9412500 ps  Iteration: 0  Process: /tb_AI_TRIGGER_TOP/dut/u_DUT/\gen_lanes(4)\/u_LANE/line__273  File: /home/work1/Works/AI-Trigger-System/HDL/rtl/CNN_CORE_LANE.vhd
Note: LANE4 started=2 fifo_empty='0' fifo_data_valid='1' ready='0'
Time: 10122500 ps  Iteration: 0  Process: /tb_AI_TRIGGER_TOP/dut/u_DUT/\gen_lanes(4)\/u_LANE/line__273  File: /home/work1/Works/AI-Trigger-System/HDL/rtl/CNN_CORE_LANE.vhd
Note: LANE4 ADC busy_clear stream_done_seen='0' wr_count=0
Time: 10134 ns  Iteration: 0  Process: /tb_AI_TRIGGER_TOP/dut/u_DUT/\gen_lanes(4)\/u_LANE/line__191  File: /home/work1/Works/AI-Trigger-System/HDL/rtl/CNN_CORE_LANE.vhd
Note: LANE4 CNN output_valid score_raw=-3729 started=2
Time: 10347500 ps  Iteration: 0  Process: /tb_AI_TRIGGER_TOP/dut/u_DUT/\gen_lanes(4)\/u_LANE/line__273  File: /home/work1/Works/AI-Trigger-System/HDL/rtl/CNN_CORE_LANE.vhd
     9 | 0x003ff16f    |     -1.820801 |     0 |    0 |      1.010
Note: DIST chunk_start seq=10 lane=0 busy='0'
Time: 10390 ns  Iteration: 0  Process: /tb_AI_TRIGGER_TOP/dut/u_DUT/u_DIST/line__134  File: /home/work1/Works/AI-Trigger-System/HDL/rtl/ADC_CHUNK_DISTRIBUTOR.vhd
Note: LANE0 ADC chunk_accept count=3 fifo_full='0'
Time: 10390 ns  Iteration: 0  Process: /tb_AI_TRIGGER_TOP/dut/u_DUT/\gen_lanes(0)\/u_LANE/line__191  File: /home/work1/Works/AI-Trigger-System/HDL/rtl/CNN_CORE_LANE.vhd
Note: LANE0 started_next=3 fifo_empty='0' fifo_data_valid='1' ready='0' idle='1'
Time: 10427500 ps  Iteration: 0  Process: /tb_AI_TRIGGER_TOP/dut/u_DUT/\gen_lanes(0)\/u_LANE/line__273  File: /home/work1/Works/AI-Trigger-System/HDL/rtl/CNN_CORE_LANE.vhd
Note: LANE0 started=3 fifo_empty='0' fifo_data_valid='1' ready='0'
Time: 11137500 ps  Iteration: 0  Process: /tb_AI_TRIGGER_TOP/dut/u_DUT/\gen_lanes(0)\/u_LANE/line__273  File: /home/work1/Works/AI-Trigger-System/HDL/rtl/CNN_CORE_LANE.vhd
Note: LANE0 ADC busy_clear stream_done_seen='1' wr_count=0
Time: 11146 ns  Iteration: 0  Process: /tb_AI_TRIGGER_TOP/dut/u_DUT/\gen_lanes(0)\/u_LANE/line__191  File: /home/work1/Works/AI-Trigger-System/HDL/rtl/CNN_CORE_LANE.vhd
Note: LANE0 CNN output_valid score_raw=-3655 started=3
Time: 11362500 ps  Iteration: 0  Process: /tb_AI_TRIGGER_TOP/dut/u_DUT/\gen_lanes(0)\/u_LANE/line__273  File: /home/work1/Works/AI-Trigger-System/HDL/rtl/CNN_CORE_LANE.vhd
    10 | 0x003ff1b9    |     -1.784668 |     0 |    0 |      1.015
Note: DIST chunk_start seq=11 lane=1 busy='0'
Time: 11406 ns  Iteration: 0  Process: /tb_AI_TRIGGER_TOP/dut/u_DUT/u_DIST/line__134  File: /home/work1/Works/AI-Trigger-System/HDL/rtl/ADC_CHUNK_DISTRIBUTOR.vhd
Note: LANE1 ADC chunk_accept count=3 fifo_full='0'
Time: 11406 ns  Iteration: 0  Process: /tb_AI_TRIGGER_TOP/dut/u_DUT/\gen_lanes(1)\/u_LANE/line__191  File: /home/work1/Works/AI-Trigger-System/HDL/rtl/CNN_CORE_LANE.vhd
Note: LANE1 started_next=3 fifo_empty='0' fifo_data_valid='1' ready='0' idle='1'
Time: 11442500 ps  Iteration: 0  Process: /tb_AI_TRIGGER_TOP/dut/u_DUT/\gen_lanes(1)\/u_LANE/line__273  File: /home/work1/Works/AI-Trigger-System/HDL/rtl/CNN_CORE_LANE.vhd
Note: LANE1 started=3 fifo_empty='0' fifo_data_valid='1' ready='0'
Time: 12152500 ps  Iteration: 0  Process: /tb_AI_TRIGGER_TOP/dut/u_DUT/\gen_lanes(1)\/u_LANE/line__273  File: /home/work1/Works/AI-Trigger-System/HDL/rtl/CNN_CORE_LANE.vhd
Note: LANE1 ADC busy_clear stream_done_seen='1' wr_count=0
Time: 12162 ns  Iteration: 0  Process: /tb_AI_TRIGGER_TOP/dut/u_DUT/\gen_lanes(1)\/u_LANE/line__191  File: /home/work1/Works/AI-Trigger-System/HDL/rtl/CNN_CORE_LANE.vhd
Note: LANE1 CNN output_valid score_raw=-3697 started=3
Time: 12377500 ps  Iteration: 0  Process: /tb_AI_TRIGGER_TOP/dut/u_DUT/\gen_lanes(1)\/u_LANE/line__273  File: /home/work1/Works/AI-Trigger-System/HDL/rtl/CNN_CORE_LANE.vhd
    11 | 0x003ff18f    |     -1.805176 |     0 |    0 |      1.015
Note: DIST chunk_start seq=12 lane=2 busy='0'
Time: 12422 ns  Iteration: 0  Process: /tb_AI_TRIGGER_TOP/dut/u_DUT/u_DIST/line__134  File: /home/work1/Works/AI-Trigger-System/HDL/rtl/ADC_CHUNK_DISTRIBUTOR.vhd
Note: LANE2 ADC chunk_accept count=3 fifo_full='0'
Time: 12422 ns  Iteration: 0  Process: /tb_AI_TRIGGER_TOP/dut/u_DUT/\gen_lanes(2)\/u_LANE/line__191  File: /home/work1/Works/AI-Trigger-System/HDL/rtl/CNN_CORE_LANE.vhd
Note: LANE2 started_next=3 fifo_empty='0' fifo_data_valid='1' ready='0' idle='1'
Time: 12457500 ps  Iteration: 0  Process: /tb_AI_TRIGGER_TOP/dut/u_DUT/\gen_lanes(2)\/u_LANE/line__273  File: /home/work1/Works/AI-Trigger-System/HDL/rtl/CNN_CORE_LANE.vhd
Note: LANE2 started=3 fifo_empty='0' fifo_data_valid='1' ready='0'
Time: 13167500 ps  Iteration: 0  Process: /tb_AI_TRIGGER_TOP/dut/u_DUT/\gen_lanes(2)\/u_LANE/line__273  File: /home/work1/Works/AI-Trigger-System/HDL/rtl/CNN_CORE_LANE.vhd
Note: LANE2 ADC busy_clear stream_done_seen='1' wr_count=0
Time: 13178 ns  Iteration: 0  Process: /tb_AI_TRIGGER_TOP/dut/u_DUT/\gen_lanes(2)\/u_LANE/line__191  File: /home/work1/Works/AI-Trigger-System/HDL/rtl/CNN_CORE_LANE.vhd
Note: LANE2 CNN output_valid score_raw=-3697 started=3
Time: 13392500 ps  Iteration: 0  Process: /tb_AI_TRIGGER_TOP/dut/u_DUT/\gen_lanes(2)\/u_LANE/line__273  File: /home/work1/Works/AI-Trigger-System/HDL/rtl/CNN_CORE_LANE.vhd
    12 | 0x003ff18f    |     -1.805176 |     0 |    0 |      1.015
Note: DIST chunk_start seq=13 lane=3 busy='0'
Time: 13438 ns  Iteration: 0  Process: /tb_AI_TRIGGER_TOP/dut/u_DUT/u_DIST/line__134  File: /home/work1/Works/AI-Trigger-System/HDL/rtl/ADC_CHUNK_DISTRIBUTOR.vhd
Note: LANE3 ADC chunk_accept count=3 fifo_full='0'
Time: 13438 ns  Iteration: 0  Process: /tb_AI_TRIGGER_TOP/dut/u_DUT/\gen_lanes(3)\/u_LANE/line__191  File: /home/work1/Works/AI-Trigger-System/HDL/rtl/CNN_CORE_LANE.vhd
Note: LANE3 started_next=3 fifo_empty='0' fifo_data_valid='1' ready='0' idle='1'
Time: 13472500 ps  Iteration: 0  Process: /tb_AI_TRIGGER_TOP/dut/u_DUT/\gen_lanes(3)\/u_LANE/line__273  File: /home/work1/Works/AI-Trigger-System/HDL/rtl/CNN_CORE_LANE.vhd
Note: LANE3 started=3 fifo_empty='0' fifo_data_valid='1' ready='0'
Time: 14182500 ps  Iteration: 0  Process: /tb_AI_TRIGGER_TOP/dut/u_DUT/\gen_lanes(3)\/u_LANE/line__273  File: /home/work1/Works/AI-Trigger-System/HDL/rtl/CNN_CORE_LANE.vhd
Note: LANE3 ADC busy_clear stream_done_seen='1' wr_count=0
Time: 14194 ns  Iteration: 0  Process: /tb_AI_TRIGGER_TOP/dut/u_DUT/\gen_lanes(3)\/u_LANE/line__191  File: /home/work1/Works/AI-Trigger-System/HDL/rtl/CNN_CORE_LANE.vhd
Note: LANE3 CNN output_valid score_raw=-3854 started=3
Time: 14407500 ps  Iteration: 0  Process: /tb_AI_TRIGGER_TOP/dut/u_DUT/\gen_lanes(3)\/u_LANE/line__273  File: /home/work1/Works/AI-Trigger-System/HDL/rtl/CNN_CORE_LANE.vhd
    13 | 0x003ff0f2    |     -1.881836 |     0 |    0 |      1.010
Note: DIST chunk_start seq=14 lane=4 busy='0'
Time: 14450 ns  Iteration: 0  Process: /tb_AI_TRIGGER_TOP/dut/u_DUT/u_DIST/line__134  File: /home/work1/Works/AI-Trigger-System/HDL/rtl/ADC_CHUNK_DISTRIBUTOR.vhd
Note: LANE4 ADC chunk_accept count=3 fifo_full='0'
Time: 14450 ns  Iteration: 0  Process: /tb_AI_TRIGGER_TOP/dut/u_DUT/\gen_lanes(4)\/u_LANE/line__191  File: /home/work1/Works/AI-Trigger-System/HDL/rtl/CNN_CORE_LANE.vhd
Note: LANE4 started_next=3 fifo_empty='0' fifo_data_valid='1' ready='0' idle='1'
Time: 14487500 ps  Iteration: 0  Process: /tb_AI_TRIGGER_TOP/dut/u_DUT/\gen_lanes(4)\/u_LANE/line__273  File: /home/work1/Works/AI-Trigger-System/HDL/rtl/CNN_CORE_LANE.vhd
Note: LANE4 started=3 fifo_empty='0' fifo_data_valid='1' ready='0'
Time: 15197500 ps  Iteration: 0  Process: /tb_AI_TRIGGER_TOP/dut/u_DUT/\gen_lanes(4)\/u_LANE/line__273  File: /home/work1/Works/AI-Trigger-System/HDL/rtl/CNN_CORE_LANE.vhd
Note: LANE4 ADC busy_clear stream_done_seen='1' wr_count=0
Time: 15206 ns  Iteration: 0  Process: /tb_AI_TRIGGER_TOP/dut/u_DUT/\gen_lanes(4)\/u_LANE/line__191  File: /home/work1/Works/AI-Trigger-System/HDL/rtl/CNN_CORE_LANE.vhd
Note: LANE4 CNN output_valid score_raw=-3999 started=3
Time: 15422500 ps  Iteration: 0  Process: /tb_AI_TRIGGER_TOP/dut/u_DUT/\gen_lanes(4)\/u_LANE/line__273  File: /home/work1/Works/AI-Trigger-System/HDL/rtl/CNN_CORE_LANE.vhd
    14 | 0x003ff061    |     -1.952637 |     0 |    0 |      1.015
Note: DIST chunk_start seq=15 lane=0 busy='0'
Time: 15466 ns  Iteration: 0  Process: /tb_AI_TRIGGER_TOP/dut/u_DUT/u_DIST/line__134  File: /home/work1/Works/AI-Trigger-System/HDL/rtl/ADC_CHUNK_DISTRIBUTOR.vhd
Note: LANE0 ADC chunk_accept count=4 fifo_full='0'
Time: 15466 ns  Iteration: 0  Process: /tb_AI_TRIGGER_TOP/dut/u_DUT/\gen_lanes(0)\/u_LANE/line__191  File: /home/work1/Works/AI-Trigger-System/HDL/rtl/CNN_CORE_LANE.vhd
Note: LANE0 started_next=4 fifo_empty='0' fifo_data_valid='1' ready='0' idle='1'
Time: 15502500 ps  Iteration: 0  Process: /tb_AI_TRIGGER_TOP/dut/u_DUT/\gen_lanes(0)\/u_LANE/line__273  File: /home/work1/Works/AI-Trigger-System/HDL/rtl/CNN_CORE_LANE.vhd
Note: LANE0 started=4 fifo_empty='0' fifo_data_valid='1' ready='0'
Time: 16212500 ps  Iteration: 0  Process: /tb_AI_TRIGGER_TOP/dut/u_DUT/\gen_lanes(0)\/u_LANE/line__273  File: /home/work1/Works/AI-Trigger-System/HDL/rtl/CNN_CORE_LANE.vhd
Note: LANE0 ADC busy_clear stream_done_seen='0' wr_count=0
Time: 16222 ns  Iteration: 0  Process: /tb_AI_TRIGGER_TOP/dut/u_DUT/\gen_lanes(0)\/u_LANE/line__191  File: /home/work1/Works/AI-Trigger-System/HDL/rtl/CNN_CORE_LANE.vhd
Note: LANE0 CNN output_valid score_raw=-3761 started=4
Time: 16437500 ps  Iteration: 0  Process: /tb_AI_TRIGGER_TOP/dut/u_DUT/\gen_lanes(0)\/u_LANE/line__273  File: /home/work1/Works/AI-Trigger-System/HDL/rtl/CNN_CORE_LANE.vhd
    15 | 0x003ff14f    |     -1.836426 |     0 |    0 |      1.015
Note: DIST chunk_start seq=16 lane=1 busy='0'
Time: 16482 ns  Iteration: 0  Process: /tb_AI_TRIGGER_TOP/dut/u_DUT/u_DIST/line__134  File: /home/work1/Works/AI-Trigger-System/HDL/rtl/ADC_CHUNK_DISTRIBUTOR.vhd
Note: LANE1 ADC chunk_accept count=4 fifo_full='0'
Time: 16482 ns  Iteration: 0  Process: /tb_AI_TRIGGER_TOP/dut/u_DUT/\gen_lanes(1)\/u_LANE/line__191  File: /home/work1/Works/AI-Trigger-System/HDL/rtl/CNN_CORE_LANE.vhd
Note: LANE1 started_next=4 fifo_empty='0' fifo_data_valid='1' ready='0' idle='1'
Time: 16517500 ps  Iteration: 0  Process: /tb_AI_TRIGGER_TOP/dut/u_DUT/\gen_lanes(1)\/u_LANE/line__273  File: /home/work1/Works/AI-Trigger-System/HDL/rtl/CNN_CORE_LANE.vhd
Note: LANE1 started=4 fifo_empty='0' fifo_data_valid='1' ready='0'
Time: 17227500 ps  Iteration: 0  Process: /tb_AI_TRIGGER_TOP/dut/u_DUT/\gen_lanes(1)\/u_LANE/line__273  File: /home/work1/Works/AI-Trigger-System/HDL/rtl/CNN_CORE_LANE.vhd
Note: LANE1 ADC busy_clear stream_done_seen='0' wr_count=0
Time: 17238 ns  Iteration: 0  Process: /tb_AI_TRIGGER_TOP/dut/u_DUT/\gen_lanes(1)\/u_LANE/line__191  File: /home/work1/Works/AI-Trigger-System/HDL/rtl/CNN_CORE_LANE.vhd
Note: LANE1 CNN output_valid score_raw=-3731 started=4
Time: 17452500 ps  Iteration: 0  Process: /tb_AI_TRIGGER_TOP/dut/u_DUT/\gen_lanes(1)\/u_LANE/line__273  File: /home/work1/Works/AI-Trigger-System/HDL/rtl/CNN_CORE_LANE.vhd
    16 | 0x003ff16d    |     -1.821777 |     0 |    0 |      1.015
Note: DIST chunk_start seq=17 lane=2 busy='0'
Time: 17498 ns  Iteration: 0  Process: /tb_AI_TRIGGER_TOP/dut/u_DUT/u_DIST/line__134  File: /home/work1/Works/AI-Trigger-System/HDL/rtl/ADC_CHUNK_DISTRIBUTOR.vhd
Note: LANE2 ADC chunk_accept count=4 fifo_full='0'
Time: 17498 ns  Iteration: 0  Process: /tb_AI_TRIGGER_TOP/dut/u_DUT/\gen_lanes(2)\/u_LANE/line__191  File: /home/work1/Works/AI-Trigger-System/HDL/rtl/CNN_CORE_LANE.vhd
Note: LANE2 started_next=4 fifo_empty='0' fifo_data_valid='1' ready='0' idle='1'
Time: 17532500 ps  Iteration: 0  Process: /tb_AI_TRIGGER_TOP/dut/u_DUT/\gen_lanes(2)\/u_LANE/line__273  File: /home/work1/Works/AI-Trigger-System/HDL/rtl/CNN_CORE_LANE.vhd
Note: LANE2 started=4 fifo_empty='0' fifo_data_valid='1' ready='0'
Time: 18242500 ps  Iteration: 0  Process: /tb_AI_TRIGGER_TOP/dut/u_DUT/\gen_lanes(2)\/u_LANE/line__273  File: /home/work1/Works/AI-Trigger-System/HDL/rtl/CNN_CORE_LANE.vhd
Note: LANE2 ADC busy_clear stream_done_seen='0' wr_count=0
Time: 18254 ns  Iteration: 0  Process: /tb_AI_TRIGGER_TOP/dut/u_DUT/\gen_lanes(2)\/u_LANE/line__191  File: /home/work1/Works/AI-Trigger-System/HDL/rtl/CNN_CORE_LANE.vhd
Note: LANE2 CNN output_valid score_raw=-3751 started=4
Time: 18467500 ps  Iteration: 0  Process: /tb_AI_TRIGGER_TOP/dut/u_DUT/\gen_lanes(2)\/u_LANE/line__273  File: /home/work1/Works/AI-Trigger-System/HDL/rtl/CNN_CORE_LANE.vhd
    17 | 0x003ff159    |     -1.831543 |     0 |    0 |      1.010
Note: DIST chunk_start seq=18 lane=3 busy='0'
Time: 18510 ns  Iteration: 0  Process: /tb_AI_TRIGGER_TOP/dut/u_DUT/u_DIST/line__134  File: /home/work1/Works/AI-Trigger-System/HDL/rtl/ADC_CHUNK_DISTRIBUTOR.vhd
Note: LANE3 ADC chunk_accept count=4 fifo_full='0'
Time: 18510 ns  Iteration: 0  Process: /tb_AI_TRIGGER_TOP/dut/u_DUT/\gen_lanes(3)\/u_LANE/line__191  File: /home/work1/Works/AI-Trigger-System/HDL/rtl/CNN_CORE_LANE.vhd
Note: LANE3 started_next=4 fifo_empty='0' fifo_data_valid='1' ready='0' idle='1'
Time: 18547500 ps  Iteration: 0  Process: /tb_AI_TRIGGER_TOP/dut/u_DUT/\gen_lanes(3)\/u_LANE/line__273  File: /home/work1/Works/AI-Trigger-System/HDL/rtl/CNN_CORE_LANE.vhd
Note: LANE3 started=4 fifo_empty='0' fifo_data_valid='1' ready='0'
Time: 19257500 ps  Iteration: 0  Process: /tb_AI_TRIGGER_TOP/dut/u_DUT/\gen_lanes(3)\/u_LANE/line__273  File: /home/work1/Works/AI-Trigger-System/HDL/rtl/CNN_CORE_LANE.vhd
Note: LANE3 ADC busy_clear stream_done_seen='0' wr_count=0
Time: 19266 ns  Iteration: 0  Process: /tb_AI_TRIGGER_TOP/dut/u_DUT/\gen_lanes(3)\/u_LANE/line__191  File: /home/work1/Works/AI-Trigger-System/HDL/rtl/CNN_CORE_LANE.vhd
Note: LANE3 CNN output_valid score_raw=-3543 started=4
Time: 19482500 ps  Iteration: 0  Process: /tb_AI_TRIGGER_TOP/dut/u_DUT/\gen_lanes(3)\/u_LANE/line__273  File: /home/work1/Works/AI-Trigger-System/HDL/rtl/CNN_CORE_LANE.vhd
    18 | 0x003ff229    |     -1.729980 |     0 |    0 |      1.015
Note: DIST chunk_start seq=19 lane=4 busy='0'
Time: 19526 ns  Iteration: 0  Process: /tb_AI_TRIGGER_TOP/dut/u_DUT/u_DIST/line__134  File: /home/work1/Works/AI-Trigger-System/HDL/rtl/ADC_CHUNK_DISTRIBUTOR.vhd
Note: LANE4 ADC chunk_accept count=4 fifo_full='0'
Time: 19526 ns  Iteration: 0  Process: /tb_AI_TRIGGER_TOP/dut/u_DUT/\gen_lanes(4)\/u_LANE/line__191  File: /home/work1/Works/AI-Trigger-System/HDL/rtl/CNN_CORE_LANE.vhd
Note: LANE4 started_next=4 fifo_empty='0' fifo_data_valid='1' ready='0' idle='1'
Time: 19562500 ps  Iteration: 0  Process: /tb_AI_TRIGGER_TOP/dut/u_DUT/\gen_lanes(4)\/u_LANE/line__273  File: /home/work1/Works/AI-Trigger-System/HDL/rtl/CNN_CORE_LANE.vhd
Note: LANE4 started=4 fifo_empty='0' fifo_data_valid='1' ready='0'
Time: 20272500 ps  Iteration: 0  Process: /tb_AI_TRIGGER_TOP/dut/u_DUT/\gen_lanes(4)\/u_LANE/line__273  File: /home/work1/Works/AI-Trigger-System/HDL/rtl/CNN_CORE_LANE.vhd
Note: LANE4 ADC busy_clear stream_done_seen='0' wr_count=0
Time: 20282 ns  Iteration: 0  Process: /tb_AI_TRIGGER_TOP/dut/u_DUT/\gen_lanes(4)\/u_LANE/line__191  File: /home/work1/Works/AI-Trigger-System/HDL/rtl/CNN_CORE_LANE.vhd
Note: LANE4 CNN output_valid score_raw=-3680 started=4
Time: 20497500 ps  Iteration: 0  Process: /tb_AI_TRIGGER_TOP/dut/u_DUT/\gen_lanes(4)\/u_LANE/line__273  File: /home/work1/Works/AI-Trigger-System/HDL/rtl/CNN_CORE_LANE.vhd
    19 | 0x003ff1a0    |     -1.796875 |     0 |    0 |      1.015
Note: DIST chunk_start seq=20 lane=0 busy='0'
Time: 20542 ns  Iteration: 0  Process: /tb_AI_TRIGGER_TOP/dut/u_DUT/u_DIST/line__134  File: /home/work1/Works/AI-Trigger-System/HDL/rtl/ADC_CHUNK_DISTRIBUTOR.vhd
Note: LANE0 ADC chunk_accept count=5 fifo_full='0'
Time: 20542 ns  Iteration: 0  Process: /tb_AI_TRIGGER_TOP/dut/u_DUT/\gen_lanes(0)\/u_LANE/line__191  File: /home/work1/Works/AI-Trigger-System/HDL/rtl/CNN_CORE_LANE.vhd
Note: LANE0 started_next=5 fifo_empty='0' fifo_data_valid='1' ready='0' idle='1'
Time: 20577500 ps  Iteration: 0  Process: /tb_AI_TRIGGER_TOP/dut/u_DUT/\gen_lanes(0)\/u_LANE/line__273  File: /home/work1/Works/AI-Trigger-System/HDL/rtl/CNN_CORE_LANE.vhd
Note: LANE0 started=5 fifo_empty='0' fifo_data_valid='1' ready='0'
Time: 21287500 ps  Iteration: 0  Process: /tb_AI_TRIGGER_TOP/dut/u_DUT/\gen_lanes(0)\/u_LANE/line__273  File: /home/work1/Works/AI-Trigger-System/HDL/rtl/CNN_CORE_LANE.vhd
Note: LANE0 ADC busy_clear stream_done_seen='1' wr_count=0
Time: 21298 ns  Iteration: 0  Process: /tb_AI_TRIGGER_TOP/dut/u_DUT/\gen_lanes(0)\/u_LANE/line__191  File: /home/work1/Works/AI-Trigger-System/HDL/rtl/CNN_CORE_LANE.vhd
Note: LANE0 CNN output_valid score_raw=-3997 started=5
Time: 21512500 ps  Iteration: 0  Process: /tb_AI_TRIGGER_TOP/dut/u_DUT/\gen_lanes(0)\/u_LANE/line__273  File: /home/work1/Works/AI-Trigger-System/HDL/rtl/CNN_CORE_LANE.vhd
    20 | 0x003ff063    |     -1.951660 |     0 |    0 |      1.015
Note: DIST chunk_start seq=21 lane=1 busy='0'
Time: 21558 ns  Iteration: 0  Process: /tb_AI_TRIGGER_TOP/dut/u_DUT/u_DIST/line__134  File: /home/work1/Works/AI-Trigger-System/HDL/rtl/ADC_CHUNK_DISTRIBUTOR.vhd
Note: LANE1 ADC chunk_accept count=5 fifo_full='0'
Time: 21558 ns  Iteration: 0  Process: /tb_AI_TRIGGER_TOP/dut/u_DUT/\gen_lanes(1)\/u_LANE/line__191  File: /home/work1/Works/AI-Trigger-System/HDL/rtl/CNN_CORE_LANE.vhd
Note: LANE1 started_next=5 fifo_empty='0' fifo_data_valid='1' ready='0' idle='1'
Time: 21592500 ps  Iteration: 0  Process: /tb_AI_TRIGGER_TOP/dut/u_DUT/\gen_lanes(1)\/u_LANE/line__273  File: /home/work1/Works/AI-Trigger-System/HDL/rtl/CNN_CORE_LANE.vhd
Note: LANE1 started=5 fifo_empty='0' fifo_data_valid='1' ready='0'
Time: 22302500 ps  Iteration: 0  Process: /tb_AI_TRIGGER_TOP/dut/u_DUT/\gen_lanes(1)\/u_LANE/line__273  File: /home/work1/Works/AI-Trigger-System/HDL/rtl/CNN_CORE_LANE.vhd
Note: LANE1 ADC busy_clear stream_done_seen='1' wr_count=0
Time: 22314 ns  Iteration: 0  Process: /tb_AI_TRIGGER_TOP/dut/u_DUT/\gen_lanes(1)\/u_LANE/line__191  File: /home/work1/Works/AI-Trigger-System/HDL/rtl/CNN_CORE_LANE.vhd
Note: LANE1 CNN output_valid score_raw=-3733 started=5
Time: 22527500 ps  Iteration: 0  Process: /tb_AI_TRIGGER_TOP/dut/u_DUT/\gen_lanes(1)\/u_LANE/line__273  File: /home/work1/Works/AI-Trigger-System/HDL/rtl/CNN_CORE_LANE.vhd
    21 | 0x003ff16b    |     -1.822754 |     0 |    0 |      1.010
Note: DIST chunk_start seq=22 lane=2 busy='0'
Time: 22570 ns  Iteration: 0  Process: /tb_AI_TRIGGER_TOP/dut/u_DUT/u_DIST/line__134  File: /home/work1/Works/AI-Trigger-System/HDL/rtl/ADC_CHUNK_DISTRIBUTOR.vhd
Note: LANE2 ADC chunk_accept count=5 fifo_full='0'
Time: 22570 ns  Iteration: 0  Process: /tb_AI_TRIGGER_TOP/dut/u_DUT/\gen_lanes(2)\/u_LANE/line__191  File: /home/work1/Works/AI-Trigger-System/HDL/rtl/CNN_CORE_LANE.vhd
Note: LANE2 started_next=5 fifo_empty='0' fifo_data_valid='1' ready='0' idle='1'
Time: 22607500 ps  Iteration: 0  Process: /tb_AI_TRIGGER_TOP/dut/u_DUT/\gen_lanes(2)\/u_LANE/line__273  File: /home/work1/Works/AI-Trigger-System/HDL/rtl/CNN_CORE_LANE.vhd
Note: LANE2 started=5 fifo_empty='0' fifo_data_valid='1' ready='0'
Time: 23317500 ps  Iteration: 0  Process: /tb_AI_TRIGGER_TOP/dut/u_DUT/\gen_lanes(2)\/u_LANE/line__273  File: /home/work1/Works/AI-Trigger-System/HDL/rtl/CNN_CORE_LANE.vhd
Note: LANE2 ADC busy_clear stream_done_seen='1' wr_count=0
Time: 23326 ns  Iteration: 0  Process: /tb_AI_TRIGGER_TOP/dut/u_DUT/\gen_lanes(2)\/u_LANE/line__191  File: /home/work1/Works/AI-Trigger-System/HDL/rtl/CNN_CORE_LANE.vhd
Note: LANE2 CNN output_valid score_raw=-3686 started=5
Time: 23542500 ps  Iteration: 0  Process: /tb_AI_TRIGGER_TOP/dut/u_DUT/\gen_lanes(2)\/u_LANE/line__273  File: /home/work1/Works/AI-Trigger-System/HDL/rtl/CNN_CORE_LANE.vhd
    22 | 0x003ff19a    |     -1.799805 |     0 |    0 |      1.015
Note: DIST chunk_start seq=23 lane=3 busy='0'
Time: 23586 ns  Iteration: 0  Process: /tb_AI_TRIGGER_TOP/dut/u_DUT/u_DIST/line__134  File: /home/work1/Works/AI-Trigger-System/HDL/rtl/ADC_CHUNK_DISTRIBUTOR.vhd
Note: LANE3 ADC chunk_accept count=5 fifo_full='0'
Time: 23586 ns  Iteration: 0  Process: /tb_AI_TRIGGER_TOP/dut/u_DUT/\gen_lanes(3)\/u_LANE/line__191  File: /home/work1/Works/AI-Trigger-System/HDL/rtl/CNN_CORE_LANE.vhd
Note: LANE3 started_next=5 fifo_empty='0' fifo_data_valid='1' ready='0' idle='1'
Time: 23622500 ps  Iteration: 0  Process: /tb_AI_TRIGGER_TOP/dut/u_DUT/\gen_lanes(3)\/u_LANE/line__273  File: /home/work1/Works/AI-Trigger-System/HDL/rtl/CNN_CORE_LANE.vhd
Note: LANE3 started=5 fifo_empty='0' fifo_data_valid='1' ready='0'
Time: 24332500 ps  Iteration: 0  Process: /tb_AI_TRIGGER_TOP/dut/u_DUT/\gen_lanes(3)\/u_LANE/line__273  File: /home/work1/Works/AI-Trigger-System/HDL/rtl/CNN_CORE_LANE.vhd
Note: LANE3 ADC busy_clear stream_done_seen='1' wr_count=0
Time: 24342 ns  Iteration: 0  Process: /tb_AI_TRIGGER_TOP/dut/u_DUT/\gen_lanes(3)\/u_LANE/line__191  File: /home/work1/Works/AI-Trigger-System/HDL/rtl/CNN_CORE_LANE.vhd
Note: LANE3 CNN output_valid score_raw=-3665 started=5
Time: 24557500 ps  Iteration: 0  Process: /tb_AI_TRIGGER_TOP/dut/u_DUT/\gen_lanes(3)\/u_LANE/line__273  File: /home/work1/Works/AI-Trigger-System/HDL/rtl/CNN_CORE_LANE.vhd
    23 | 0x003ff1af    |     -1.789551 |     0 |    0 |      1.015
Note: DIST chunk_start seq=24 lane=4 busy='0'
Time: 24602 ns  Iteration: 0  Process: /tb_AI_TRIGGER_TOP/dut/u_DUT/u_DIST/line__134  File: /home/work1/Works/AI-Trigger-System/HDL/rtl/ADC_CHUNK_DISTRIBUTOR.vhd
Note: LANE4 ADC chunk_accept count=5 fifo_full='0'
Time: 24602 ns  Iteration: 0  Process: /tb_AI_TRIGGER_TOP/dut/u_DUT/\gen_lanes(4)\/u_LANE/line__191  File: /home/work1/Works/AI-Trigger-System/HDL/rtl/CNN_CORE_LANE.vhd
Note: LANE4 started_next=5 fifo_empty='0' fifo_data_valid='1' ready='0' idle='1'
Time: 24637500 ps  Iteration: 0  Process: /tb_AI_TRIGGER_TOP/dut/u_DUT/\gen_lanes(4)\/u_LANE/line__273  File: /home/work1/Works/AI-Trigger-System/HDL/rtl/CNN_CORE_LANE.vhd
Note: LANE4 started=5 fifo_empty='0' fifo_data_valid='1' ready='0'
Time: 25347500 ps  Iteration: 0  Process: /tb_AI_TRIGGER_TOP/dut/u_DUT/\gen_lanes(4)\/u_LANE/line__273  File: /home/work1/Works/AI-Trigger-System/HDL/rtl/CNN_CORE_LANE.vhd
Note: LANE4 ADC busy_clear stream_done_seen='1' wr_count=0
Time: 25358 ns  Iteration: 0  Process: /tb_AI_TRIGGER_TOP/dut/u_DUT/\gen_lanes(4)\/u_LANE/line__191  File: /home/work1/Works/AI-Trigger-System/HDL/rtl/CNN_CORE_LANE.vhd
Note: LANE4 CNN output_valid score_raw=-3523 started=5
Time: 25572500 ps  Iteration: 0  Process: /tb_AI_TRIGGER_TOP/dut/u_DUT/\gen_lanes(4)\/u_LANE/line__273  File: /home/work1/Works/AI-Trigger-System/HDL/rtl/CNN_CORE_LANE.vhd
    24 | 0x003ff23d    |     -1.720215 |     0 |    0 |      1.015
Note: DIST chunk_start seq=25 lane=0 busy='0'
Time: 25618 ns  Iteration: 0  Process: /tb_AI_TRIGGER_TOP/dut/u_DUT/u_DIST/line__134  File: /home/work1/Works/AI-Trigger-System/HDL/rtl/ADC_CHUNK_DISTRIBUTOR.vhd
Note: LANE0 ADC chunk_accept count=6 fifo_full='0'
Time: 25618 ns  Iteration: 0  Process: /tb_AI_TRIGGER_TOP/dut/u_DUT/\gen_lanes(0)\/u_LANE/line__191  File: /home/work1/Works/AI-Trigger-System/HDL/rtl/CNN_CORE_LANE.vhd
Note: LANE0 started_next=6 fifo_empty='0' fifo_data_valid='1' ready='0' idle='1'
Time: 25652500 ps  Iteration: 0  Process: /tb_AI_TRIGGER_TOP/dut/u_DUT/\gen_lanes(0)\/u_LANE/line__273  File: /home/work1/Works/AI-Trigger-System/HDL/rtl/CNN_CORE_LANE.vhd
Note: LANE0 started=6 fifo_empty='0' fifo_data_valid='1' ready='0'
Time: 26362500 ps  Iteration: 0  Process: /tb_AI_TRIGGER_TOP/dut/u_DUT/\gen_lanes(0)\/u_LANE/line__273  File: /home/work1/Works/AI-Trigger-System/HDL/rtl/CNN_CORE_LANE.vhd
Note: LANE0 ADC busy_clear stream_done_seen='0' wr_count=0
Time: 26374 ns  Iteration: 0  Process: /tb_AI_TRIGGER_TOP/dut/u_DUT/\gen_lanes(0)\/u_LANE/line__191  File: /home/work1/Works/AI-Trigger-System/HDL/rtl/CNN_CORE_LANE.vhd
Note: LANE0 CNN output_valid score_raw=-3803 started=6
Time: 26587500 ps  Iteration: 0  Process: /tb_AI_TRIGGER_TOP/dut/u_DUT/\gen_lanes(0)\/u_LANE/line__273  File: /home/work1/Works/AI-Trigger-System/HDL/rtl/CNN_CORE_LANE.vhd
    25 | 0x003ff125    |     -1.856934 |     0 |    0 |      1.010
Note: DIST chunk_start seq=26 lane=1 busy='0'
Time: 26630 ns  Iteration: 0  Process: /tb_AI_TRIGGER_TOP/dut/u_DUT/u_DIST/line__134  File: /home/work1/Works/AI-Trigger-System/HDL/rtl/ADC_CHUNK_DISTRIBUTOR.vhd
Note: LANE1 ADC chunk_accept count=6 fifo_full='0'
Time: 26630 ns  Iteration: 0  Process: /tb_AI_TRIGGER_TOP/dut/u_DUT/\gen_lanes(1)\/u_LANE/line__191  File: /home/work1/Works/AI-Trigger-System/HDL/rtl/CNN_CORE_LANE.vhd
Note: LANE1 started_next=6 fifo_empty='0' fifo_data_valid='1' ready='0' idle='1'
Time: 26667500 ps  Iteration: 0  Process: /tb_AI_TRIGGER_TOP/dut/u_DUT/\gen_lanes(1)\/u_LANE/line__273  File: /home/work1/Works/AI-Trigger-System/HDL/rtl/CNN_CORE_LANE.vhd
Note: LANE1 started=6 fifo_empty='0' fifo_data_valid='1' ready='0'
Time: 27377500 ps  Iteration: 0  Process: /tb_AI_TRIGGER_TOP/dut/u_DUT/\gen_lanes(1)\/u_LANE/line__273  File: /home/work1/Works/AI-Trigger-System/HDL/rtl/CNN_CORE_LANE.vhd
Note: LANE1 ADC busy_clear stream_done_seen='0' wr_count=0
Time: 27386 ns  Iteration: 0  Process: /tb_AI_TRIGGER_TOP/dut/u_DUT/\gen_lanes(1)\/u_LANE/line__191  File: /home/work1/Works/AI-Trigger-System/HDL/rtl/CNN_CORE_LANE.vhd
Note: LANE1 CNN output_valid score_raw=-4200 started=6
Time: 27602500 ps  Iteration: 0  Process: /tb_AI_TRIGGER_TOP/dut/u_DUT/\gen_lanes(1)\/u_LANE/line__273  File: /home/work1/Works/AI-Trigger-System/HDL/rtl/CNN_CORE_LANE.vhd
    26 | 0x003fef98    |     -2.050781 |     0 |    0 |      1.015
Note: DIST chunk_start seq=27 lane=2 busy='0'
Time: 27646 ns  Iteration: 0  Process: /tb_AI_TRIGGER_TOP/dut/u_DUT/u_DIST/line__134  File: /home/work1/Works/AI-Trigger-System/HDL/rtl/ADC_CHUNK_DISTRIBUTOR.vhd
Note: LANE2 ADC chunk_accept count=6 fifo_full='0'
Time: 27646 ns  Iteration: 0  Process: /tb_AI_TRIGGER_TOP/dut/u_DUT/\gen_lanes(2)\/u_LANE/line__191  File: /home/work1/Works/AI-Trigger-System/HDL/rtl/CNN_CORE_LANE.vhd
Note: LANE2 started_next=6 fifo_empty='0' fifo_data_valid='1' ready='0' idle='1'
Time: 27682500 ps  Iteration: 0  Process: /tb_AI_TRIGGER_TOP/dut/u_DUT/\gen_lanes(2)\/u_LANE/line__273  File: /home/work1/Works/AI-Trigger-System/HDL/rtl/CNN_CORE_LANE.vhd
Note: LANE2 started=6 fifo_empty='0' fifo_data_valid='1' ready='0'
Time: 28392500 ps  Iteration: 0  Process: /tb_AI_TRIGGER_TOP/dut/u_DUT/\gen_lanes(2)\/u_LANE/line__273  File: /home/work1/Works/AI-Trigger-System/HDL/rtl/CNN_CORE_LANE.vhd
Note: LANE2 ADC busy_clear stream_done_seen='0' wr_count=0
Time: 28402 ns  Iteration: 0  Process: /tb_AI_TRIGGER_TOP/dut/u_DUT/\gen_lanes(2)\/u_LANE/line__191  File: /home/work1/Works/AI-Trigger-System/HDL/rtl/CNN_CORE_LANE.vhd
Note: LANE2 CNN output_valid score_raw=-4004 started=6
Time: 28617500 ps  Iteration: 0  Process: /tb_AI_TRIGGER_TOP/dut/u_DUT/\gen_lanes(2)\/u_LANE/line__273  File: /home/work1/Works/AI-Trigger-System/HDL/rtl/CNN_CORE_LANE.vhd
    27 | 0x003ff05c    |     -1.955078 |     0 |    0 |      1.015
Note: DIST chunk_start seq=28 lane=3 busy='0'
Time: 28662 ns  Iteration: 0  Process: /tb_AI_TRIGGER_TOP/dut/u_DUT/u_DIST/line__134  File: /home/work1/Works/AI-Trigger-System/HDL/rtl/ADC_CHUNK_DISTRIBUTOR.vhd
Note: LANE3 ADC chunk_accept count=6 fifo_full='0'
Time: 28662 ns  Iteration: 0  Process: /tb_AI_TRIGGER_TOP/dut/u_DUT/\gen_lanes(3)\/u_LANE/line__191  File: /home/work1/Works/AI-Trigger-System/HDL/rtl/CNN_CORE_LANE.vhd
Note: LANE3 started_next=6 fifo_empty='0' fifo_data_valid='1' ready='0' idle='1'
Time: 28697500 ps  Iteration: 0  Process: /tb_AI_TRIGGER_TOP/dut/u_DUT/\gen_lanes(3)\/u_LANE/line__273  File: /home/work1/Works/AI-Trigger-System/HDL/rtl/CNN_CORE_LANE.vhd
Note: LANE3 started=6 fifo_empty='0' fifo_data_valid='1' ready='0'
Time: 29407500 ps  Iteration: 0  Process: /tb_AI_TRIGGER_TOP/dut/u_DUT/\gen_lanes(3)\/u_LANE/line__273  File: /home/work1/Works/AI-Trigger-System/HDL/rtl/CNN_CORE_LANE.vhd
Note: LANE3 ADC busy_clear stream_done_seen='0' wr_count=0
Time: 29418 ns  Iteration: 0  Process: /tb_AI_TRIGGER_TOP/dut/u_DUT/\gen_lanes(3)\/u_LANE/line__191  File: /home/work1/Works/AI-Trigger-System/HDL/rtl/CNN_CORE_LANE.vhd
Note: LANE3 CNN output_valid score_raw=-3802 started=6
Time: 29632500 ps  Iteration: 0  Process: /tb_AI_TRIGGER_TOP/dut/u_DUT/\gen_lanes(3)\/u_LANE/line__273  File: /home/work1/Works/AI-Trigger-System/HDL/rtl/CNN_CORE_LANE.vhd
    28 | 0x003ff126    |     -1.856445 |     0 |    0 |      1.015
Note: DIST chunk_start seq=29 lane=4 busy='0'
Time: 29678 ns  Iteration: 0  Process: /tb_AI_TRIGGER_TOP/dut/u_DUT/u_DIST/line__134  File: /home/work1/Works/AI-Trigger-System/HDL/rtl/ADC_CHUNK_DISTRIBUTOR.vhd
Note: LANE4 ADC chunk_accept count=6 fifo_full='0'
Time: 29678 ns  Iteration: 0  Process: /tb_AI_TRIGGER_TOP/dut/u_DUT/\gen_lanes(4)\/u_LANE/line__191  File: /home/work1/Works/AI-Trigger-System/HDL/rtl/CNN_CORE_LANE.vhd
Note: LANE4 started_next=6 fifo_empty='0' fifo_data_valid='1' ready='0' idle='1'
Time: 29712500 ps  Iteration: 0  Process: /tb_AI_TRIGGER_TOP/dut/u_DUT/\gen_lanes(4)\/u_LANE/line__273  File: /home/work1/Works/AI-Trigger-System/HDL/rtl/CNN_CORE_LANE.vhd
Note: LANE4 started=6 fifo_empty='0' fifo_data_valid='1' ready='0'
Time: 30422500 ps  Iteration: 0  Process: /tb_AI_TRIGGER_TOP/dut/u_DUT/\gen_lanes(4)\/u_LANE/line__273  File: /home/work1/Works/AI-Trigger-System/HDL/rtl/CNN_CORE_LANE.vhd
Note: LANE4 ADC busy_clear stream_done_seen='0' wr_count=0
Time: 30434 ns  Iteration: 0  Process: /tb_AI_TRIGGER_TOP/dut/u_DUT/\gen_lanes(4)\/u_LANE/line__191  File: /home/work1/Works/AI-Trigger-System/HDL/rtl/CNN_CORE_LANE.vhd
Note: LANE4 CNN output_valid score_raw=-3835 started=6
Time: 30647500 ps  Iteration: 0  Process: /tb_AI_TRIGGER_TOP/dut/u_DUT/\gen_lanes(4)\/u_LANE/line__273  File: /home/work1/Works/AI-Trigger-System/HDL/rtl/CNN_CORE_LANE.vhd
    29 | 0x003ff105    |     -1.872559 |     0 |    0 |      1.010
Note: DIST chunk_start seq=30 lane=0 busy='0'
Time: 30690 ns  Iteration: 0  Process: /tb_AI_TRIGGER_TOP/dut/u_DUT/u_DIST/line__134  File: /home/work1/Works/AI-Trigger-System/HDL/rtl/ADC_CHUNK_DISTRIBUTOR.vhd
Note: LANE0 ADC chunk_accept count=7 fifo_full='0'
Time: 30690 ns  Iteration: 0  Process: /tb_AI_TRIGGER_TOP/dut/u_DUT/\gen_lanes(0)\/u_LANE/line__191  File: /home/work1/Works/AI-Trigger-System/HDL/rtl/CNN_CORE_LANE.vhd
Note: LANE0 started_next=7 fifo_empty='0' fifo_data_valid='1' ready='0' idle='1'
Time: 30727500 ps  Iteration: 0  Process: /tb_AI_TRIGGER_TOP/dut/u_DUT/\gen_lanes(0)\/u_LANE/line__273  File: /home/work1/Works/AI-Trigger-System/HDL/rtl/CNN_CORE_LANE.vhd
Note: LANE0 started=7 fifo_empty='0' fifo_data_valid='1' ready='0'
Time: 31437500 ps  Iteration: 0  Process: /tb_AI_TRIGGER_TOP/dut/u_DUT/\gen_lanes(0)\/u_LANE/line__273  File: /home/work1/Works/AI-Trigger-System/HDL/rtl/CNN_CORE_LANE.vhd
Note: LANE0 ADC busy_clear stream_done_seen='1' wr_count=0
Time: 31446 ns  Iteration: 0  Process: /tb_AI_TRIGGER_TOP/dut/u_DUT/\gen_lanes(0)\/u_LANE/line__191  File: /home/work1/Works/AI-Trigger-System/HDL/rtl/CNN_CORE_LANE.vhd
Note: LANE0 CNN output_valid score_raw=-3679 started=7
Time: 31662500 ps  Iteration: 0  Process: /tb_AI_TRIGGER_TOP/dut/u_DUT/\gen_lanes(0)\/u_LANE/line__273  File: /home/work1/Works/AI-Trigger-System/HDL/rtl/CNN_CORE_LANE.vhd
    30 | 0x003ff1a1    |     -1.796387 |     0 |    0 |      1.015
Note: DIST chunk_start seq=31 lane=1 busy='0'
Time: 31706 ns  Iteration: 0  Process: /tb_AI_TRIGGER_TOP/dut/u_DUT/u_DIST/line__134  File: /home/work1/Works/AI-Trigger-System/HDL/rtl/ADC_CHUNK_DISTRIBUTOR.vhd
Note: LANE1 ADC chunk_accept count=7 fifo_full='0'
Time: 31706 ns  Iteration: 0  Process: /tb_AI_TRIGGER_TOP/dut/u_DUT/\gen_lanes(1)\/u_LANE/line__191  File: /home/work1/Works/AI-Trigger-System/HDL/rtl/CNN_CORE_LANE.vhd
Note: LANE1 started_next=7 fifo_empty='0' fifo_data_valid='1' ready='0' idle='1'
Time: 31742500 ps  Iteration: 0  Process: /tb_AI_TRIGGER_TOP/dut/u_DUT/\gen_lanes(1)\/u_LANE/line__273  File: /home/work1/Works/AI-Trigger-System/HDL/rtl/CNN_CORE_LANE.vhd
Note: LANE1 started=7 fifo_empty='0' fifo_data_valid='1' ready='0'
Time: 32452500 ps  Iteration: 0  Process: /tb_AI_TRIGGER_TOP/dut/u_DUT/\gen_lanes(1)\/u_LANE/line__273  File: /home/work1/Works/AI-Trigger-System/HDL/rtl/CNN_CORE_LANE.vhd
Note: LANE1 ADC busy_clear stream_done_seen='1' wr_count=0
Time: 32462 ns  Iteration: 0  Process: /tb_AI_TRIGGER_TOP/dut/u_DUT/\gen_lanes(1)\/u_LANE/line__191  File: /home/work1/Works/AI-Trigger-System/HDL/rtl/CNN_CORE_LANE.vhd
Note: LANE1 CNN output_valid score_raw=-3899 started=7
Time: 32677500 ps  Iteration: 0  Process: /tb_AI_TRIGGER_TOP/dut/u_DUT/\gen_lanes(1)\/u_LANE/line__273  File: /home/work1/Works/AI-Trigger-System/HDL/rtl/CNN_CORE_LANE.vhd
    31 | 0x003ff0c5    |     -1.903809 |     0 |    0 |      1.015
Note: DIST chunk_start seq=32 lane=2 busy='0'
Time: 32722 ns  Iteration: 0  Process: /tb_AI_TRIGGER_TOP/dut/u_DUT/u_DIST/line__134  File: /home/work1/Works/AI-Trigger-System/HDL/rtl/ADC_CHUNK_DISTRIBUTOR.vhd
Note: LANE2 ADC chunk_accept count=7 fifo_full='0'
Time: 32722 ns  Iteration: 0  Process: /tb_AI_TRIGGER_TOP/dut/u_DUT/\gen_lanes(2)\/u_LANE/line__191  File: /home/work1/Works/AI-Trigger-System/HDL/rtl/CNN_CORE_LANE.vhd
Note: LANE2 started_next=7 fifo_empty='0' fifo_data_valid='1' ready='0' idle='1'
Time: 32757500 ps  Iteration: 0  Process: /tb_AI_TRIGGER_TOP/dut/u_DUT/\gen_lanes(2)\/u_LANE/line__273  File: /home/work1/Works/AI-Trigger-System/HDL/rtl/CNN_CORE_LANE.vhd
Note: LANE2 started=7 fifo_empty='0' fifo_data_valid='1' ready='0'
Time: 33467500 ps  Iteration: 0  Process: /tb_AI_TRIGGER_TOP/dut/u_DUT/\gen_lanes(2)\/u_LANE/line__273  File: /home/work1/Works/AI-Trigger-System/HDL/rtl/CNN_CORE_LANE.vhd
Note: LANE2 ADC busy_clear stream_done_seen='1' wr_count=0
Time: 33478 ns  Iteration: 0  Process: /tb_AI_TRIGGER_TOP/dut/u_DUT/\gen_lanes(2)\/u_LANE/line__191  File: /home/work1/Works/AI-Trigger-System/HDL/rtl/CNN_CORE_LANE.vhd
Note: LANE2 CNN output_valid score_raw=-4403 started=7
Time: 33692500 ps  Iteration: 0  Process: /tb_AI_TRIGGER_TOP/dut/u_DUT/\gen_lanes(2)\/u_LANE/line__273  File: /home/work1/Works/AI-Trigger-System/HDL/rtl/CNN_CORE_LANE.vhd
    32 | 0x003feecd    |     -2.149902 |     0 |    0 |      1.015
Note: DIST chunk_start seq=33 lane=3 busy='0'
Time: 33738 ns  Iteration: 0  Process: /tb_AI_TRIGGER_TOP/dut/u_DUT/u_DIST/line__134  File: /home/work1/Works/AI-Trigger-System/HDL/rtl/ADC_CHUNK_DISTRIBUTOR.vhd
Note: LANE3 ADC chunk_accept count=7 fifo_full='0'
Time: 33738 ns  Iteration: 0  Process: /tb_AI_TRIGGER_TOP/dut/u_DUT/\gen_lanes(3)\/u_LANE/line__191  File: /home/work1/Works/AI-Trigger-System/HDL/rtl/CNN_CORE_LANE.vhd
Note: LANE3 started_next=7 fifo_empty='0' fifo_data_valid='1' ready='0' idle='1'
Time: 33772500 ps  Iteration: 0  Process: /tb_AI_TRIGGER_TOP/dut/u_DUT/\gen_lanes(3)\/u_LANE/line__273  File: /home/work1/Works/AI-Trigger-System/HDL/rtl/CNN_CORE_LANE.vhd
Note: LANE3 started=7 fifo_empty='0' fifo_data_valid='1' ready='0'
Time: 34482500 ps  Iteration: 0  Process: /tb_AI_TRIGGER_TOP/dut/u_DUT/\gen_lanes(3)\/u_LANE/line__273  File: /home/work1/Works/AI-Trigger-System/HDL/rtl/CNN_CORE_LANE.vhd
Note: LANE3 ADC busy_clear stream_done_seen='1' wr_count=0
Time: 34494 ns  Iteration: 0  Process: /tb_AI_TRIGGER_TOP/dut/u_DUT/\gen_lanes(3)\/u_LANE/line__191  File: /home/work1/Works/AI-Trigger-System/HDL/rtl/CNN_CORE_LANE.vhd
Note: LANE3 CNN output_valid score_raw=-4136 started=7
Time: 34707500 ps  Iteration: 0  Process: /tb_AI_TRIGGER_TOP/dut/u_DUT/\gen_lanes(3)\/u_LANE/line__273  File: /home/work1/Works/AI-Trigger-System/HDL/rtl/CNN_CORE_LANE.vhd
    33 | 0x003fefd8    |     -2.019531 |     0 |    0 |      1.010
Note: DIST chunk_start seq=34 lane=4 busy='0'
Time: 34750 ns  Iteration: 0  Process: /tb_AI_TRIGGER_TOP/dut/u_DUT/u_DIST/line__134  File: /home/work1/Works/AI-Trigger-System/HDL/rtl/ADC_CHUNK_DISTRIBUTOR.vhd
Note: LANE4 ADC chunk_accept count=7 fifo_full='0'
Time: 34750 ns  Iteration: 0  Process: /tb_AI_TRIGGER_TOP/dut/u_DUT/\gen_lanes(4)\/u_LANE/line__191  File: /home/work1/Works/AI-Trigger-System/HDL/rtl/CNN_CORE_LANE.vhd
Note: LANE4 started_next=7 fifo_empty='0' fifo_data_valid='1' ready='0' idle='1'
Time: 34787500 ps  Iteration: 0  Process: /tb_AI_TRIGGER_TOP/dut/u_DUT/\gen_lanes(4)\/u_LANE/line__273  File: /home/work1/Works/AI-Trigger-System/HDL/rtl/CNN_CORE_LANE.vhd
Note: LANE4 started=7 fifo_empty='0' fifo_data_valid='1' ready='0'
Time: 35497500 ps  Iteration: 0  Process: /tb_AI_TRIGGER_TOP/dut/u_DUT/\gen_lanes(4)\/u_LANE/line__273  File: /home/work1/Works/AI-Trigger-System/HDL/rtl/CNN_CORE_LANE.vhd
Note: LANE4 ADC busy_clear stream_done_seen='1' wr_count=0
Time: 35506 ns  Iteration: 0  Process: /tb_AI_TRIGGER_TOP/dut/u_DUT/\gen_lanes(4)\/u_LANE/line__191  File: /home/work1/Works/AI-Trigger-System/HDL/rtl/CNN_CORE_LANE.vhd
Note: LANE4 CNN output_valid score_raw=-3971 started=7
Time: 35722500 ps  Iteration: 0  Process: /tb_AI_TRIGGER_TOP/dut/u_DUT/\gen_lanes(4)\/u_LANE/line__273  File: /home/work1/Works/AI-Trigger-System/HDL/rtl/CNN_CORE_LANE.vhd
    34 | 0x003ff07d    |     -1.938965 |     0 |    0 |      1.015
Note: DIST chunk_start seq=35 lane=0 busy='0'
Time: 35766 ns  Iteration: 0  Process: /tb_AI_TRIGGER_TOP/dut/u_DUT/u_DIST/line__134  File: /home/work1/Works/AI-Trigger-System/HDL/rtl/ADC_CHUNK_DISTRIBUTOR.vhd
Note: LANE0 ADC chunk_accept count=8 fifo_full='0'
Time: 35766 ns  Iteration: 0  Process: /tb_AI_TRIGGER_TOP/dut/u_DUT/\gen_lanes(0)\/u_LANE/line__191  File: /home/work1/Works/AI-Trigger-System/HDL/rtl/CNN_CORE_LANE.vhd
Note: LANE0 started_next=8 fifo_empty='0' fifo_data_valid='1' ready='0' idle='1'
Time: 35802500 ps  Iteration: 0  Process: /tb_AI_TRIGGER_TOP/dut/u_DUT/\gen_lanes(0)\/u_LANE/line__273  File: /home/work1/Works/AI-Trigger-System/HDL/rtl/CNN_CORE_LANE.vhd
Note: LANE0 started=8 fifo_empty='0' fifo_data_valid='1' ready='0'
Time: 36512500 ps  Iteration: 0  Process: /tb_AI_TRIGGER_TOP/dut/u_DUT/\gen_lanes(0)\/u_LANE/line__273  File: /home/work1/Works/AI-Trigger-System/HDL/rtl/CNN_CORE_LANE.vhd
Note: LANE0 ADC busy_clear stream_done_seen='0' wr_count=0
Time: 36522 ns  Iteration: 0  Process: /tb_AI_TRIGGER_TOP/dut/u_DUT/\gen_lanes(0)\/u_LANE/line__191  File: /home/work1/Works/AI-Trigger-System/HDL/rtl/CNN_CORE_LANE.vhd
Note: LANE0 CNN output_valid score_raw=-4153 started=8
Time: 36737500 ps  Iteration: 0  Process: /tb_AI_TRIGGER_TOP/dut/u_DUT/\gen_lanes(0)\/u_LANE/line__273  File: /home/work1/Works/AI-Trigger-System/HDL/rtl/CNN_CORE_LANE.vhd
    35 | 0x003fefc7    |     -2.027832 |     0 |    0 |      1.015
Note: DIST chunk_start seq=36 lane=1 busy='0'
Time: 36782 ns  Iteration: 0  Process: /tb_AI_TRIGGER_TOP/dut/u_DUT/u_DIST/line__134  File: /home/work1/Works/AI-Trigger-System/HDL/rtl/ADC_CHUNK_DISTRIBUTOR.vhd
Note: LANE1 ADC chunk_accept count=8 fifo_full='0'
Time: 36782 ns  Iteration: 0  Process: /tb_AI_TRIGGER_TOP/dut/u_DUT/\gen_lanes(1)\/u_LANE/line__191  File: /home/work1/Works/AI-Trigger-System/HDL/rtl/CNN_CORE_LANE.vhd
Note: LANE1 started_next=8 fifo_empty='0' fifo_data_valid='1' ready='0' idle='1'
Time: 36817500 ps  Iteration: 0  Process: /tb_AI_TRIGGER_TOP/dut/u_DUT/\gen_lanes(1)\/u_LANE/line__273  File: /home/work1/Works/AI-Trigger-System/HDL/rtl/CNN_CORE_LANE.vhd
Note: LANE1 started=8 fifo_empty='0' fifo_data_valid='1' ready='0'
Time: 37527500 ps  Iteration: 0  Process: /tb_AI_TRIGGER_TOP/dut/u_DUT/\gen_lanes(1)\/u_LANE/line__273  File: /home/work1/Works/AI-Trigger-System/HDL/rtl/CNN_CORE_LANE.vhd
Note: LANE1 ADC busy_clear stream_done_seen='0' wr_count=0
Time: 37538 ns  Iteration: 0  Process: /tb_AI_TRIGGER_TOP/dut/u_DUT/\gen_lanes(1)\/u_LANE/line__191  File: /home/work1/Works/AI-Trigger-System/HDL/rtl/CNN_CORE_LANE.vhd
Note: LANE1 CNN output_valid score_raw=-4126 started=8
Time: 37752500 ps  Iteration: 0  Process: /tb_AI_TRIGGER_TOP/dut/u_DUT/\gen_lanes(1)\/u_LANE/line__273  File: /home/work1/Works/AI-Trigger-System/HDL/rtl/CNN_CORE_LANE.vhd
    36 | 0x003fefe2    |     -2.014648 |     0 |    0 |      1.015
Note: DIST chunk_start seq=37 lane=2 busy='0'
Time: 37798 ns  Iteration: 0  Process: /tb_AI_TRIGGER_TOP/dut/u_DUT/u_DIST/line__134  File: /home/work1/Works/AI-Trigger-System/HDL/rtl/ADC_CHUNK_DISTRIBUTOR.vhd
Note: LANE2 ADC chunk_accept count=8 fifo_full='0'
Time: 37798 ns  Iteration: 0  Process: /tb_AI_TRIGGER_TOP/dut/u_DUT/\gen_lanes(2)\/u_LANE/line__191  File: /home/work1/Works/AI-Trigger-System/HDL/rtl/CNN_CORE_LANE.vhd
Note: LANE2 started_next=8 fifo_empty='0' fifo_data_valid='1' ready='0' idle='1'
Time: 37832500 ps  Iteration: 0  Process: /tb_AI_TRIGGER_TOP/dut/u_DUT/\gen_lanes(2)\/u_LANE/line__273  File: /home/work1/Works/AI-Trigger-System/HDL/rtl/CNN_CORE_LANE.vhd
Note: LANE2 started=8 fifo_empty='0' fifo_data_valid='1' ready='0'
Time: 38542500 ps  Iteration: 0  Process: /tb_AI_TRIGGER_TOP/dut/u_DUT/\gen_lanes(2)\/u_LANE/line__273  File: /home/work1/Works/AI-Trigger-System/HDL/rtl/CNN_CORE_LANE.vhd
Note: LANE2 ADC busy_clear stream_done_seen='0' wr_count=0
Time: 38554 ns  Iteration: 0  Process: /tb_AI_TRIGGER_TOP/dut/u_DUT/\gen_lanes(2)\/u_LANE/line__191  File: /home/work1/Works/AI-Trigger-System/HDL/rtl/CNN_CORE_LANE.vhd
Note: LANE2 CNN output_valid score_raw=-4267 started=8
Time: 38767500 ps  Iteration: 0  Process: /tb_AI_TRIGGER_TOP/dut/u_DUT/\gen_lanes(2)\/u_LANE/line__273  File: /home/work1/Works/AI-Trigger-System/HDL/rtl/CNN_CORE_LANE.vhd
    37 | 0x003fef55    |     -2.083496 |     0 |    0 |      1.010
Note: DIST chunk_start seq=38 lane=3 busy='0'
Time: 38810 ns  Iteration: 0  Process: /tb_AI_TRIGGER_TOP/dut/u_DUT/u_DIST/line__134  File: /home/work1/Works/AI-Trigger-System/HDL/rtl/ADC_CHUNK_DISTRIBUTOR.vhd
Note: LANE3 ADC chunk_accept count=8 fifo_full='0'
Time: 38810 ns  Iteration: 0  Process: /tb_AI_TRIGGER_TOP/dut/u_DUT/\gen_lanes(3)\/u_LANE/line__191  File: /home/work1/Works/AI-Trigger-System/HDL/rtl/CNN_CORE_LANE.vhd
Note: LANE3 started_next=8 fifo_empty='0' fifo_data_valid='1' ready='0' idle='1'
Time: 38847500 ps  Iteration: 0  Process: /tb_AI_TRIGGER_TOP/dut/u_DUT/\gen_lanes(3)\/u_LANE/line__273  File: /home/work1/Works/AI-Trigger-System/HDL/rtl/CNN_CORE_LANE.vhd
Note: LANE3 started=8 fifo_empty='0' fifo_data_valid='1' ready='0'
Time: 39557500 ps  Iteration: 0  Process: /tb_AI_TRIGGER_TOP/dut/u_DUT/\gen_lanes(3)\/u_LANE/line__273  File: /home/work1/Works/AI-Trigger-System/HDL/rtl/CNN_CORE_LANE.vhd
Note: LANE3 ADC busy_clear stream_done_seen='0' wr_count=0
Time: 39566 ns  Iteration: 0  Process: /tb_AI_TRIGGER_TOP/dut/u_DUT/\gen_lanes(3)\/u_LANE/line__191  File: /home/work1/Works/AI-Trigger-System/HDL/rtl/CNN_CORE_LANE.vhd
Note: LANE3 CNN output_valid score_raw=-4717 started=8
Time: 39782500 ps  Iteration: 0  Process: /tb_AI_TRIGGER_TOP/dut/u_DUT/\gen_lanes(3)\/u_LANE/line__273  File: /home/work1/Works/AI-Trigger-System/HDL/rtl/CNN_CORE_LANE.vhd
    38 | 0x003fed93    |     -2.303223 |     0 |    0 |      1.015
Note: DIST chunk_start seq=39 lane=4 busy='0'
Time: 39826 ns  Iteration: 0  Process: /tb_AI_TRIGGER_TOP/dut/u_DUT/u_DIST/line__134  File: /home/work1/Works/AI-Trigger-System/HDL/rtl/ADC_CHUNK_DISTRIBUTOR.vhd
Note: LANE4 ADC chunk_accept count=8 fifo_full='0'
Time: 39826 ns  Iteration: 0  Process: /tb_AI_TRIGGER_TOP/dut/u_DUT/\gen_lanes(4)\/u_LANE/line__191  File: /home/work1/Works/AI-Trigger-System/HDL/rtl/CNN_CORE_LANE.vhd
Note: LANE4 started_next=8 fifo_empty='0' fifo_data_valid='1' ready='0' idle='1'
Time: 39862500 ps  Iteration: 0  Process: /tb_AI_TRIGGER_TOP/dut/u_DUT/\gen_lanes(4)\/u_LANE/line__273  File: /home/work1/Works/AI-Trigger-System/HDL/rtl/CNN_CORE_LANE.vhd
Note: LANE4 started=8 fifo_empty='0' fifo_data_valid='1' ready='0'
Time: 40572500 ps  Iteration: 0  Process: /tb_AI_TRIGGER_TOP/dut/u_DUT/\gen_lanes(4)\/u_LANE/line__273  File: /home/work1/Works/AI-Trigger-System/HDL/rtl/CNN_CORE_LANE.vhd
Note: LANE4 ADC busy_clear stream_done_seen='0' wr_count=0
Time: 40582 ns  Iteration: 0  Process: /tb_AI_TRIGGER_TOP/dut/u_DUT/\gen_lanes(4)\/u_LANE/line__191  File: /home/work1/Works/AI-Trigger-System/HDL/rtl/CNN_CORE_LANE.vhd
Note: LANE4 CNN output_valid score_raw=-4449 started=8
Time: 40797500 ps  Iteration: 0  Process: /tb_AI_TRIGGER_TOP/dut/u_DUT/\gen_lanes(4)\/u_LANE/line__273  File: /home/work1/Works/AI-Trigger-System/HDL/rtl/CNN_CORE_LANE.vhd
    39 | 0x003fee9f    |     -2.172363 |     0 |    0 |      1.015
Note: DIST chunk_start seq=40 lane=0 busy='0'
Time: 40842 ns  Iteration: 0  Process: /tb_AI_TRIGGER_TOP/dut/u_DUT/u_DIST/line__134  File: /home/work1/Works/AI-Trigger-System/HDL/rtl/ADC_CHUNK_DISTRIBUTOR.vhd
Note: LANE0 ADC chunk_accept count=9 fifo_full='0'
Time: 40842 ns  Iteration: 0  Process: /tb_AI_TRIGGER_TOP/dut/u_DUT/\gen_lanes(0)\/u_LANE/line__191  File: /home/work1/Works/AI-Trigger-System/HDL/rtl/CNN_CORE_LANE.vhd
Note: LANE0 started_next=9 fifo_empty='0' fifo_data_valid='1' ready='0' idle='1'
Time: 40877500 ps  Iteration: 0  Process: /tb_AI_TRIGGER_TOP/dut/u_DUT/\gen_lanes(0)\/u_LANE/line__273  File: /home/work1/Works/AI-Trigger-System/HDL/rtl/CNN_CORE_LANE.vhd
Note: LANE0 started=9 fifo_empty='0' fifo_data_valid='1' ready='0'
Time: 41587500 ps  Iteration: 0  Process: /tb_AI_TRIGGER_TOP/dut/u_DUT/\gen_lanes(0)\/u_LANE/line__273  File: /home/work1/Works/AI-Trigger-System/HDL/rtl/CNN_CORE_LANE.vhd
Note: LANE0 ADC busy_clear stream_done_seen='1' wr_count=0
Time: 41598 ns  Iteration: 0  Process: /tb_AI_TRIGGER_TOP/dut/u_DUT/\gen_lanes(0)\/u_LANE/line__191  File: /home/work1/Works/AI-Trigger-System/HDL/rtl/CNN_CORE_LANE.vhd
Note: LANE0 CNN output_valid score_raw=-4280 started=9
Time: 41812500 ps  Iteration: 0  Process: /tb_AI_TRIGGER_TOP/dut/u_DUT/\gen_lanes(0)\/u_LANE/line__273  File: /home/work1/Works/AI-Trigger-System/HDL/rtl/CNN_CORE_LANE.vhd
    40 | 0x003fef48    |     -2.089844 |     0 |    0 |      1.015
Note: DIST chunk_start seq=41 lane=1 busy='0'
Time: 41858 ns  Iteration: 0  Process: /tb_AI_TRIGGER_TOP/dut/u_DUT/u_DIST/line__134  File: /home/work1/Works/AI-Trigger-System/HDL/rtl/ADC_CHUNK_DISTRIBUTOR.vhd
Note: LANE1 ADC chunk_accept count=9 fifo_full='0'
Time: 41858 ns  Iteration: 0  Process: /tb_AI_TRIGGER_TOP/dut/u_DUT/\gen_lanes(1)\/u_LANE/line__191  File: /home/work1/Works/AI-Trigger-System/HDL/rtl/CNN_CORE_LANE.vhd
Note: LANE1 started_next=9 fifo_empty='0' fifo_data_valid='1' ready='0' idle='1'
Time: 41892500 ps  Iteration: 0  Process: /tb_AI_TRIGGER_TOP/dut/u_DUT/\gen_lanes(1)\/u_LANE/line__273  File: /home/work1/Works/AI-Trigger-System/HDL/rtl/CNN_CORE_LANE.vhd
Note: LANE1 started=9 fifo_empty='0' fifo_data_valid='1' ready='0'
Time: 42602500 ps  Iteration: 0  Process: /tb_AI_TRIGGER_TOP/dut/u_DUT/\gen_lanes(1)\/u_LANE/line__273  File: /home/work1/Works/AI-Trigger-System/HDL/rtl/CNN_CORE_LANE.vhd
Note: LANE1 ADC busy_clear stream_done_seen='1' wr_count=0
Time: 42614 ns  Iteration: 0  Process: /tb_AI_TRIGGER_TOP/dut/u_DUT/\gen_lanes(1)\/u_LANE/line__191  File: /home/work1/Works/AI-Trigger-System/HDL/rtl/CNN_CORE_LANE.vhd
Note: LANE1 CNN output_valid score_raw=-4388 started=9
Time: 42827500 ps  Iteration: 0  Process: /tb_AI_TRIGGER_TOP/dut/u_DUT/\gen_lanes(1)\/u_LANE/line__273  File: /home/work1/Works/AI-Trigger-System/HDL/rtl/CNN_CORE_LANE.vhd
    41 | 0x003feedc    |     -2.142578 |     0 |    0 |      1.010
Note: DIST chunk_start seq=42 lane=2 busy='0'
Time: 42870 ns  Iteration: 0  Process: /tb_AI_TRIGGER_TOP/dut/u_DUT/u_DIST/line__134  File: /home/work1/Works/AI-Trigger-System/HDL/rtl/ADC_CHUNK_DISTRIBUTOR.vhd
Note: LANE2 ADC chunk_accept count=9 fifo_full='0'
Time: 42870 ns  Iteration: 0  Process: /tb_AI_TRIGGER_TOP/dut/u_DUT/\gen_lanes(2)\/u_LANE/line__191  File: /home/work1/Works/AI-Trigger-System/HDL/rtl/CNN_CORE_LANE.vhd
Note: LANE2 started_next=9 fifo_empty='0' fifo_data_valid='1' ready='0' idle='1'
Time: 42907500 ps  Iteration: 0  Process: /tb_AI_TRIGGER_TOP/dut/u_DUT/\gen_lanes(2)\/u_LANE/line__273  File: /home/work1/Works/AI-Trigger-System/HDL/rtl/CNN_CORE_LANE.vhd
Note: LANE2 started=9 fifo_empty='0' fifo_data_valid='1' ready='0'
Time: 43617500 ps  Iteration: 0  Process: /tb_AI_TRIGGER_TOP/dut/u_DUT/\gen_lanes(2)\/u_LANE/line__273  File: /home/work1/Works/AI-Trigger-System/HDL/rtl/CNN_CORE_LANE.vhd
Note: LANE2 ADC busy_clear stream_done_seen='1' wr_count=0
Time: 43626 ns  Iteration: 0  Process: /tb_AI_TRIGGER_TOP/dut/u_DUT/\gen_lanes(2)\/u_LANE/line__191  File: /home/work1/Works/AI-Trigger-System/HDL/rtl/CNN_CORE_LANE.vhd
Note: LANE2 CNN output_valid score_raw=-4513 started=9
Time: 43842500 ps  Iteration: 0  Process: /tb_AI_TRIGGER_TOP/dut/u_DUT/\gen_lanes(2)\/u_LANE/line__273  File: /home/work1/Works/AI-Trigger-System/HDL/rtl/CNN_CORE_LANE.vhd
    42 | 0x003fee5f    |     -2.203613 |     0 |    0 |      1.015
Note: DIST chunk_start seq=43 lane=3 busy='0'
Time: 43886 ns  Iteration: 0  Process: /tb_AI_TRIGGER_TOP/dut/u_DUT/u_DIST/line__134  File: /home/work1/Works/AI-Trigger-System/HDL/rtl/ADC_CHUNK_DISTRIBUTOR.vhd
Note: LANE3 ADC chunk_accept count=9 fifo_full='0'
Time: 43886 ns  Iteration: 0  Process: /tb_AI_TRIGGER_TOP/dut/u_DUT/\gen_lanes(3)\/u_LANE/line__191  File: /home/work1/Works/AI-Trigger-System/HDL/rtl/CNN_CORE_LANE.vhd
Note: LANE3 started_next=9 fifo_empty='0' fifo_data_valid='1' ready='0' idle='1'
Time: 43922500 ps  Iteration: 0  Process: /tb_AI_TRIGGER_TOP/dut/u_DUT/\gen_lanes(3)\/u_LANE/line__273  File: /home/work1/Works/AI-Trigger-System/HDL/rtl/CNN_CORE_LANE.vhd
Note: LANE3 started=9 fifo_empty='0' fifo_data_valid='1' ready='0'
Time: 44632500 ps  Iteration: 0  Process: /tb_AI_TRIGGER_TOP/dut/u_DUT/\gen_lanes(3)\/u_LANE/line__273  File: /home/work1/Works/AI-Trigger-System/HDL/rtl/CNN_CORE_LANE.vhd
Note: LANE3 ADC busy_clear stream_done_seen='1' wr_count=0
Time: 44642 ns  Iteration: 0  Process: /tb_AI_TRIGGER_TOP/dut/u_DUT/\gen_lanes(3)\/u_LANE/line__191  File: /home/work1/Works/AI-Trigger-System/HDL/rtl/CNN_CORE_LANE.vhd
Note: LANE3 CNN output_valid score_raw=-4497 started=9
Time: 44857500 ps  Iteration: 0  Process: /tb_AI_TRIGGER_TOP/dut/u_DUT/\gen_lanes(3)\/u_LANE/line__273  File: /home/work1/Works/AI-Trigger-System/HDL/rtl/CNN_CORE_LANE.vhd
    43 | 0x003fee6f    |     -2.195801 |     0 |    0 |      1.015
Note: DIST chunk_start seq=44 lane=4 busy='0'
Time: 44902 ns  Iteration: 0  Process: /tb_AI_TRIGGER_TOP/dut/u_DUT/u_DIST/line__134  File: /home/work1/Works/AI-Trigger-System/HDL/rtl/ADC_CHUNK_DISTRIBUTOR.vhd
Note: LANE4 ADC chunk_accept count=9 fifo_full='0'
Time: 44902 ns  Iteration: 0  Process: /tb_AI_TRIGGER_TOP/dut/u_DUT/\gen_lanes(4)\/u_LANE/line__191  File: /home/work1/Works/AI-Trigger-System/HDL/rtl/CNN_CORE_LANE.vhd
Note: LANE4 started_next=9 fifo_empty='0' fifo_data_valid='1' ready='0' idle='1'
Time: 44937500 ps  Iteration: 0  Process: /tb_AI_TRIGGER_TOP/dut/u_DUT/\gen_lanes(4)\/u_LANE/line__273  File: /home/work1/Works/AI-Trigger-System/HDL/rtl/CNN_CORE_LANE.vhd
Note: LANE4 started=9 fifo_empty='0' fifo_data_valid='1' ready='0'
Time: 45647500 ps  Iteration: 0  Process: /tb_AI_TRIGGER_TOP/dut/u_DUT/\gen_lanes(4)\/u_LANE/line__273  File: /home/work1/Works/AI-Trigger-System/HDL/rtl/CNN_CORE_LANE.vhd
Note: LANE4 ADC busy_clear stream_done_seen='1' wr_count=0
Time: 45658 ns  Iteration: 0  Process: /tb_AI_TRIGGER_TOP/dut/u_DUT/\gen_lanes(4)\/u_LANE/line__191  File: /home/work1/Works/AI-Trigger-System/HDL/rtl/CNN_CORE_LANE.vhd
Note: LANE4 CNN output_valid score_raw=-4760 started=9
Time: 45872500 ps  Iteration: 0  Process: /tb_AI_TRIGGER_TOP/dut/u_DUT/\gen_lanes(4)\/u_LANE/line__273  File: /home/work1/Works/AI-Trigger-System/HDL/rtl/CNN_CORE_LANE.vhd
    44 | 0x003fed68    |     -2.324219 |     0 |    0 |      1.015
Note: DIST chunk_start seq=45 lane=0 busy='0'
Time: 45918 ns  Iteration: 0  Process: /tb_AI_TRIGGER_TOP/dut/u_DUT/u_DIST/line__134  File: /home/work1/Works/AI-Trigger-System/HDL/rtl/ADC_CHUNK_DISTRIBUTOR.vhd
Note: LANE0 ADC chunk_accept count=10 fifo_full='0'
Time: 45918 ns  Iteration: 0  Process: /tb_AI_TRIGGER_TOP/dut/u_DUT/\gen_lanes(0)\/u_LANE/line__191  File: /home/work1/Works/AI-Trigger-System/HDL/rtl/CNN_CORE_LANE.vhd
Note: LANE0 started_next=10 fifo_empty='0' fifo_data_valid='1' ready='0' idle='1'
Time: 45952500 ps  Iteration: 0  Process: /tb_AI_TRIGGER_TOP/dut/u_DUT/\gen_lanes(0)\/u_LANE/line__273  File: /home/work1/Works/AI-Trigger-System/HDL/rtl/CNN_CORE_LANE.vhd
Note: LANE0 started=10 fifo_empty='0' fifo_data_valid='1' ready='0'
Time: 46662500 ps  Iteration: 0  Process: /tb_AI_TRIGGER_TOP/dut/u_DUT/\gen_lanes(0)\/u_LANE/line__273  File: /home/work1/Works/AI-Trigger-System/HDL/rtl/CNN_CORE_LANE.vhd
Note: LANE0 ADC busy_clear stream_done_seen='0' wr_count=0
Time: 46674 ns  Iteration: 0  Process: /tb_AI_TRIGGER_TOP/dut/u_DUT/\gen_lanes(0)\/u_LANE/line__191  File: /home/work1/Works/AI-Trigger-System/HDL/rtl/CNN_CORE_LANE.vhd
Note: LANE0 CNN output_valid score_raw=-4608 started=10
Time: 46887500 ps  Iteration: 0  Process: /tb_AI_TRIGGER_TOP/dut/u_DUT/\gen_lanes(0)\/u_LANE/line__273  File: /home/work1/Works/AI-Trigger-System/HDL/rtl/CNN_CORE_LANE.vhd
    45 | 0x003fee00    |     -2.250000 |     0 |    0 |      1.010
Note: DIST chunk_start seq=46 lane=1 busy='0'
Time: 46930 ns  Iteration: 0  Process: /tb_AI_TRIGGER_TOP/dut/u_DUT/u_DIST/line__134  File: /home/work1/Works/AI-Trigger-System/HDL/rtl/ADC_CHUNK_DISTRIBUTOR.vhd
Note: LANE1 ADC chunk_accept count=10 fifo_full='0'
Time: 46930 ns  Iteration: 0  Process: /tb_AI_TRIGGER_TOP/dut/u_DUT/\gen_lanes(1)\/u_LANE/line__191  File: /home/work1/Works/AI-Trigger-System/HDL/rtl/CNN_CORE_LANE.vhd
Note: LANE1 started_next=10 fifo_empty='0' fifo_data_valid='1' ready='0' idle='1'
Time: 46967500 ps  Iteration: 0  Process: /tb_AI_TRIGGER_TOP/dut/u_DUT/\gen_lanes(1)\/u_LANE/line__273  File: /home/work1/Works/AI-Trigger-System/HDL/rtl/CNN_CORE_LANE.vhd
Note: LANE1 started=10 fifo_empty='0' fifo_data_valid='1' ready='0'
Time: 47677500 ps  Iteration: 0  Process: /tb_AI_TRIGGER_TOP/dut/u_DUT/\gen_lanes(1)\/u_LANE/line__273  File: /home/work1/Works/AI-Trigger-System/HDL/rtl/CNN_CORE_LANE.vhd
Note: LANE1 ADC busy_clear stream_done_seen='0' wr_count=0
Time: 47686 ns  Iteration: 0  Process: /tb_AI_TRIGGER_TOP/dut/u_DUT/\gen_lanes(1)\/u_LANE/line__191  File: /home/work1/Works/AI-Trigger-System/HDL/rtl/CNN_CORE_LANE.vhd
Note: LANE1 CNN output_valid score_raw=-4472 started=10
Time: 47902500 ps  Iteration: 0  Process: /tb_AI_TRIGGER_TOP/dut/u_DUT/\gen_lanes(1)\/u_LANE/line__273  File: /home/work1/Works/AI-Trigger-System/HDL/rtl/CNN_CORE_LANE.vhd
    46 | 0x003fee88    |     -2.183594 |     0 |    0 |      1.015
Note: DIST chunk_start seq=47 lane=2 busy='0'
Time: 47946 ns  Iteration: 0  Process: /tb_AI_TRIGGER_TOP/dut/u_DUT/u_DIST/line__134  File: /home/work1/Works/AI-Trigger-System/HDL/rtl/ADC_CHUNK_DISTRIBUTOR.vhd
Note: LANE2 ADC chunk_accept count=10 fifo_full='0'
Time: 47946 ns  Iteration: 0  Process: /tb_AI_TRIGGER_TOP/dut/u_DUT/\gen_lanes(2)\/u_LANE/line__191  File: /home/work1/Works/AI-Trigger-System/HDL/rtl/CNN_CORE_LANE.vhd
Note: LANE2 started_next=10 fifo_empty='0' fifo_data_valid='1' ready='0' idle='1'
Time: 47982500 ps  Iteration: 0  Process: /tb_AI_TRIGGER_TOP/dut/u_DUT/\gen_lanes(2)\/u_LANE/line__273  File: /home/work1/Works/AI-Trigger-System/HDL/rtl/CNN_CORE_LANE.vhd
Note: LANE2 started=10 fifo_empty='0' fifo_data_valid='1' ready='0'
Time: 48692500 ps  Iteration: 0  Process: /tb_AI_TRIGGER_TOP/dut/u_DUT/\gen_lanes(2)\/u_LANE/line__273  File: /home/work1/Works/AI-Trigger-System/HDL/rtl/CNN_CORE_LANE.vhd
Note: LANE2 ADC busy_clear stream_done_seen='0' wr_count=0
Time: 48702 ns  Iteration: 0  Process: /tb_AI_TRIGGER_TOP/dut/u_DUT/\gen_lanes(2)\/u_LANE/line__191  File: /home/work1/Works/AI-Trigger-System/HDL/rtl/CNN_CORE_LANE.vhd
Note: LANE2 CNN output_valid score_raw=-4659 started=10
Time: 48917500 ps  Iteration: 0  Process: /tb_AI_TRIGGER_TOP/dut/u_DUT/\gen_lanes(2)\/u_LANE/line__273  File: /home/work1/Works/AI-Trigger-System/HDL/rtl/CNN_CORE_LANE.vhd
    47 | 0x003fedcd    |     -2.274902 |     0 |    0 |      1.015
Note: DIST chunk_start seq=48 lane=3 busy='0'
Time: 48962 ns  Iteration: 0  Process: /tb_AI_TRIGGER_TOP/dut/u_DUT/u_DIST/line__134  File: /home/work1/Works/AI-Trigger-System/HDL/rtl/ADC_CHUNK_DISTRIBUTOR.vhd
Note: LANE3 ADC chunk_accept count=10 fifo_full='0'
Time: 48962 ns  Iteration: 0  Process: /tb_AI_TRIGGER_TOP/dut/u_DUT/\gen_lanes(3)\/u_LANE/line__191  File: /home/work1/Works/AI-Trigger-System/HDL/rtl/CNN_CORE_LANE.vhd
Note: LANE3 started_next=10 fifo_empty='0' fifo_data_valid='1' ready='0' idle='1'
Time: 48997500 ps  Iteration: 0  Process: /tb_AI_TRIGGER_TOP/dut/u_DUT/\gen_lanes(3)\/u_LANE/line__273  File: /home/work1/Works/AI-Trigger-System/HDL/rtl/CNN_CORE_LANE.vhd
Note: LANE3 started=10 fifo_empty='0' fifo_data_valid='1' ready='0'
Time: 49707500 ps  Iteration: 0  Process: /tb_AI_TRIGGER_TOP/dut/u_DUT/\gen_lanes(3)\/u_LANE/line__273  File: /home/work1/Works/AI-Trigger-System/HDL/rtl/CNN_CORE_LANE.vhd
Note: LANE3 ADC busy_clear stream_done_seen='0' wr_count=0
Time: 49718 ns  Iteration: 0  Process: /tb_AI_TRIGGER_TOP/dut/u_DUT/\gen_lanes(3)\/u_LANE/line__191  File: /home/work1/Works/AI-Trigger-System/HDL/rtl/CNN_CORE_LANE.vhd
Note: LANE3 CNN output_valid score_raw=-4696 started=10
Time: 49932500 ps  Iteration: 0  Process: /tb_AI_TRIGGER_TOP/dut/u_DUT/\gen_lanes(3)\/u_LANE/line__273  File: /home/work1/Works/AI-Trigger-System/HDL/rtl/CNN_CORE_LANE.vhd
    48 | 0x003feda8    |     -2.292969 |     0 |    0 |      1.015
Note: DIST chunk_start seq=49 lane=4 busy='0'
Time: 49978 ns  Iteration: 0  Process: /tb_AI_TRIGGER_TOP/dut/u_DUT/u_DIST/line__134  File: /home/work1/Works/AI-Trigger-System/HDL/rtl/ADC_CHUNK_DISTRIBUTOR.vhd
Note: LANE4 ADC chunk_accept count=10 fifo_full='0'
Time: 49978 ns  Iteration: 0  Process: /tb_AI_TRIGGER_TOP/dut/u_DUT/\gen_lanes(4)\/u_LANE/line__191  File: /home/work1/Works/AI-Trigger-System/HDL/rtl/CNN_CORE_LANE.vhd
Note: LANE4 started_next=10 fifo_empty='0' fifo_data_valid='1' ready='0' idle='1'
Time: 50012500 ps  Iteration: 0  Process: /tb_AI_TRIGGER_TOP/dut/u_DUT/\gen_lanes(4)\/u_LANE/line__273  File: /home/work1/Works/AI-Trigger-System/HDL/rtl/CNN_CORE_LANE.vhd
Note: LANE4 started=10 fifo_empty='0' fifo_data_valid='1' ready='0'
Time: 50722500 ps  Iteration: 0  Process: /tb_AI_TRIGGER_TOP/dut/u_DUT/\gen_lanes(4)\/u_LANE/line__273  File: /home/work1/Works/AI-Trigger-System/HDL/rtl/CNN_CORE_LANE.vhd
Note: LANE4 ADC busy_clear stream_done_seen='0' wr_count=0
Time: 50734 ns  Iteration: 0  Process: /tb_AI_TRIGGER_TOP/dut/u_DUT/\gen_lanes(4)\/u_LANE/line__191  File: /home/work1/Works/AI-Trigger-System/HDL/rtl/CNN_CORE_LANE.vhd
Note: LANE4 CNN output_valid score_raw=-4683 started=10
Time: 50947500 ps  Iteration: 0  Process: /tb_AI_TRIGGER_TOP/dut/u_DUT/\gen_lanes(4)\/u_LANE/line__273  File: /home/work1/Works/AI-Trigger-System/HDL/rtl/CNN_CORE_LANE.vhd
    49 | 0x003fedb5    |     -2.286621 |     0 |    0 |      1.010
Note: DIST chunk_start seq=50 lane=0 busy='0'
Time: 50990 ns  Iteration: 0  Process: /tb_AI_TRIGGER_TOP/dut/u_DUT/u_DIST/line__134  File: /home/work1/Works/AI-Trigger-System/HDL/rtl/ADC_CHUNK_DISTRIBUTOR.vhd
Note: LANE0 ADC chunk_accept count=11 fifo_full='0'
Time: 50990 ns  Iteration: 0  Process: /tb_AI_TRIGGER_TOP/dut/u_DUT/\gen_lanes(0)\/u_LANE/line__191  File: /home/work1/Works/AI-Trigger-System/HDL/rtl/CNN_CORE_LANE.vhd
Note: LANE0 started_next=11 fifo_empty='0' fifo_data_valid='1' ready='0' idle='1'
Time: 51027500 ps  Iteration: 0  Process: /tb_AI_TRIGGER_TOP/dut/u_DUT/\gen_lanes(0)\/u_LANE/line__273  File: /home/work1/Works/AI-Trigger-System/HDL/rtl/CNN_CORE_LANE.vhd
Note: LANE0 started=11 fifo_empty='0' fifo_data_valid='1' ready='0'
Time: 51737500 ps  Iteration: 0  Process: /tb_AI_TRIGGER_TOP/dut/u_DUT/\gen_lanes(0)\/u_LANE/line__273  File: /home/work1/Works/AI-Trigger-System/HDL/rtl/CNN_CORE_LANE.vhd
Note: LANE0 ADC busy_clear stream_done_seen='1' wr_count=0
Time: 51746 ns  Iteration: 0  Process: /tb_AI_TRIGGER_TOP/dut/u_DUT/\gen_lanes(0)\/u_LANE/line__191  File: /home/work1/Works/AI-Trigger-System/HDL/rtl/CNN_CORE_LANE.vhd
Note: LANE0 CNN output_valid score_raw=-4825 started=11
Time: 51962500 ps  Iteration: 0  Process: /tb_AI_TRIGGER_TOP/dut/u_DUT/\gen_lanes(0)\/u_LANE/line__273  File: /home/work1/Works/AI-Trigger-System/HDL/rtl/CNN_CORE_LANE.vhd
    50 | 0x003fed27    |     -2.355957 |     0 |    0 |      1.015
Note: DIST chunk_start seq=51 lane=1 busy='0'
Time: 52006 ns  Iteration: 0  Process: /tb_AI_TRIGGER_TOP/dut/u_DUT/u_DIST/line__134  File: /home/work1/Works/AI-Trigger-System/HDL/rtl/ADC_CHUNK_DISTRIBUTOR.vhd
Note: LANE1 ADC chunk_accept count=11 fifo_full='0'
Time: 52006 ns  Iteration: 0  Process: /tb_AI_TRIGGER_TOP/dut/u_DUT/\gen_lanes(1)\/u_LANE/line__191  File: /home/work1/Works/AI-Trigger-System/HDL/rtl/CNN_CORE_LANE.vhd
Note: LANE1 started_next=11 fifo_empty='0' fifo_data_valid='1' ready='0' idle='1'
Time: 52042500 ps  Iteration: 0  Process: /tb_AI_TRIGGER_TOP/dut/u_DUT/\gen_lanes(1)\/u_LANE/line__273  File: /home/work1/Works/AI-Trigger-System/HDL/rtl/CNN_CORE_LANE.vhd
Note: LANE1 started=11 fifo_empty='0' fifo_data_valid='1' ready='0'
Time: 52752500 ps  Iteration: 0  Process: /tb_AI_TRIGGER_TOP/dut/u_DUT/\gen_lanes(1)\/u_LANE/line__273  File: /home/work1/Works/AI-Trigger-System/HDL/rtl/CNN_CORE_LANE.vhd
Note: LANE1 ADC busy_clear stream_done_seen='1' wr_count=0
Time: 52762 ns  Iteration: 0  Process: /tb_AI_TRIGGER_TOP/dut/u_DUT/\gen_lanes(1)\/u_LANE/line__191  File: /home/work1/Works/AI-Trigger-System/HDL/rtl/CNN_CORE_LANE.vhd
Note: LANE1 CNN output_valid score_raw=-4702 started=11
Time: 52977500 ps  Iteration: 0  Process: /tb_AI_TRIGGER_TOP/dut/u_DUT/\gen_lanes(1)\/u_LANE/line__273  File: /home/work1/Works/AI-Trigger-System/HDL/rtl/CNN_CORE_LANE.vhd
    51 | 0x003feda2    |     -2.295898 |     0 |    0 |      1.015
Note: DIST chunk_start seq=52 lane=2 busy='0'
Time: 53022 ns  Iteration: 0  Process: /tb_AI_TRIGGER_TOP/dut/u_DUT/u_DIST/line__134  File: /home/work1/Works/AI-Trigger-System/HDL/rtl/ADC_CHUNK_DISTRIBUTOR.vhd
Note: LANE2 ADC chunk_accept count=11 fifo_full='0'
Time: 53022 ns  Iteration: 0  Process: /tb_AI_TRIGGER_TOP/dut/u_DUT/\gen_lanes(2)\/u_LANE/line__191  File: /home/work1/Works/AI-Trigger-System/HDL/rtl/CNN_CORE_LANE.vhd
Note: LANE2 started_next=11 fifo_empty='0' fifo_data_valid='1' ready='0' idle='1'
Time: 53057500 ps  Iteration: 0  Process: /tb_AI_TRIGGER_TOP/dut/u_DUT/\gen_lanes(2)\/u_LANE/line__273  File: /home/work1/Works/AI-Trigger-System/HDL/rtl/CNN_CORE_LANE.vhd
Note: LANE2 started=11 fifo_empty='0' fifo_data_valid='1' ready='0'
Time: 53767500 ps  Iteration: 0  Process: /tb_AI_TRIGGER_TOP/dut/u_DUT/\gen_lanes(2)\/u_LANE/line__273  File: /home/work1/Works/AI-Trigger-System/HDL/rtl/CNN_CORE_LANE.vhd
Note: LANE2 ADC busy_clear stream_done_seen='1' wr_count=0
Time: 53778 ns  Iteration: 0  Process: /tb_AI_TRIGGER_TOP/dut/u_DUT/\gen_lanes(2)\/u_LANE/line__191  File: /home/work1/Works/AI-Trigger-System/HDL/rtl/CNN_CORE_LANE.vhd
Note: LANE2 CNN output_valid score_raw=-4560 started=11
Time: 53992500 ps  Iteration: 0  Process: /tb_AI_TRIGGER_TOP/dut/u_DUT/\gen_lanes(2)\/u_LANE/line__273  File: /home/work1/Works/AI-Trigger-System/HDL/rtl/CNN_CORE_LANE.vhd
    52 | 0x003fee30    |     -2.226562 |     0 |    0 |      1.015
Note: DIST chunk_start seq=53 lane=3 busy='0'
Time: 54038 ns  Iteration: 0  Process: /tb_AI_TRIGGER_TOP/dut/u_DUT/u_DIST/line__134  File: /home/work1/Works/AI-Trigger-System/HDL/rtl/ADC_CHUNK_DISTRIBUTOR.vhd
Note: LANE3 ADC chunk_accept count=11 fifo_full='0'
Time: 54038 ns  Iteration: 0  Process: /tb_AI_TRIGGER_TOP/dut/u_DUT/\gen_lanes(3)\/u_LANE/line__191  File: /home/work1/Works/AI-Trigger-System/HDL/rtl/CNN_CORE_LANE.vhd
Note: LANE3 started_next=11 fifo_empty='0' fifo_data_valid='1' ready='0' idle='1'
Time: 54072500 ps  Iteration: 0  Process: /tb_AI_TRIGGER_TOP/dut/u_DUT/\gen_lanes(3)\/u_LANE/line__273  File: /home/work1/Works/AI-Trigger-System/HDL/rtl/CNN_CORE_LANE.vhd
Note: LANE3 started=11 fifo_empty='0' fifo_data_valid='1' ready='0'
Time: 54782500 ps  Iteration: 0  Process: /tb_AI_TRIGGER_TOP/dut/u_DUT/\gen_lanes(3)\/u_LANE/line__273  File: /home/work1/Works/AI-Trigger-System/HDL/rtl/CNN_CORE_LANE.vhd
Note: LANE3 ADC busy_clear stream_done_seen='1' wr_count=0
Time: 54794 ns  Iteration: 0  Process: /tb_AI_TRIGGER_TOP/dut/u_DUT/\gen_lanes(3)\/u_LANE/line__191  File: /home/work1/Works/AI-Trigger-System/HDL/rtl/CNN_CORE_LANE.vhd
Note: LANE3 CNN output_valid score_raw=-4731 started=11
Time: 55007500 ps  Iteration: 0  Process: /tb_AI_TRIGGER_TOP/dut/u_DUT/\gen_lanes(3)\/u_LANE/line__273  File: /home/work1/Works/AI-Trigger-System/HDL/rtl/CNN_CORE_LANE.vhd
    53 | 0x003fed85    |     -2.310059 |     0 |    0 |      1.010
Note: DIST chunk_start seq=54 lane=4 busy='0'
Time: 55050 ns  Iteration: 0  Process: /tb_AI_TRIGGER_TOP/dut/u_DUT/u_DIST/line__134  File: /home/work1/Works/AI-Trigger-System/HDL/rtl/ADC_CHUNK_DISTRIBUTOR.vhd
Note: LANE4 ADC chunk_accept count=11 fifo_full='0'
Time: 55050 ns  Iteration: 0  Process: /tb_AI_TRIGGER_TOP/dut/u_DUT/\gen_lanes(4)\/u_LANE/line__191  File: /home/work1/Works/AI-Trigger-System/HDL/rtl/CNN_CORE_LANE.vhd
Note: LANE4 started_next=11 fifo_empty='0' fifo_data_valid='1' ready='0' idle='1'
Time: 55087500 ps  Iteration: 0  Process: /tb_AI_TRIGGER_TOP/dut/u_DUT/\gen_lanes(4)\/u_LANE/line__273  File: /home/work1/Works/AI-Trigger-System/HDL/rtl/CNN_CORE_LANE.vhd
Note: LANE4 started=11 fifo_empty='0' fifo_data_valid='1' ready='0'
Time: 55797500 ps  Iteration: 0  Process: /tb_AI_TRIGGER_TOP/dut/u_DUT/\gen_lanes(4)\/u_LANE/line__273  File: /home/work1/Works/AI-Trigger-System/HDL/rtl/CNN_CORE_LANE.vhd
Note: LANE4 ADC busy_clear stream_done_seen='1' wr_count=0
Time: 55806 ns  Iteration: 0  Process: /tb_AI_TRIGGER_TOP/dut/u_DUT/\gen_lanes(4)\/u_LANE/line__191  File: /home/work1/Works/AI-Trigger-System/HDL/rtl/CNN_CORE_LANE.vhd
Note: LANE4 CNN output_valid score_raw=-4786 started=11
Time: 56022500 ps  Iteration: 0  Process: /tb_AI_TRIGGER_TOP/dut/u_DUT/\gen_lanes(4)\/u_LANE/line__273  File: /home/work1/Works/AI-Trigger-System/HDL/rtl/CNN_CORE_LANE.vhd
    54 | 0x003fed4e    |     -2.336914 |     0 |    0 |      1.015
Note: DIST chunk_start seq=55 lane=0 busy='0'
Time: 56066 ns  Iteration: 0  Process: /tb_AI_TRIGGER_TOP/dut/u_DUT/u_DIST/line__134  File: /home/work1/Works/AI-Trigger-System/HDL/rtl/ADC_CHUNK_DISTRIBUTOR.vhd
Note: LANE0 ADC chunk_accept count=12 fifo_full='0'
Time: 56066 ns  Iteration: 0  Process: /tb_AI_TRIGGER_TOP/dut/u_DUT/\gen_lanes(0)\/u_LANE/line__191  File: /home/work1/Works/AI-Trigger-System/HDL/rtl/CNN_CORE_LANE.vhd
Note: LANE0 started_next=12 fifo_empty='0' fifo_data_valid='1' ready='0' idle='1'
Time: 56102500 ps  Iteration: 0  Process: /tb_AI_TRIGGER_TOP/dut/u_DUT/\gen_lanes(0)\/u_LANE/line__273  File: /home/work1/Works/AI-Trigger-System/HDL/rtl/CNN_CORE_LANE.vhd
Note: LANE0 started=12 fifo_empty='0' fifo_data_valid='1' ready='0'
Time: 56812500 ps  Iteration: 0  Process: /tb_AI_TRIGGER_TOP/dut/u_DUT/\gen_lanes(0)\/u_LANE/line__273  File: /home/work1/Works/AI-Trigger-System/HDL/rtl/CNN_CORE_LANE.vhd
Note: LANE0 ADC busy_clear stream_done_seen='0' wr_count=0
Time: 56822 ns  Iteration: 0  Process: /tb_AI_TRIGGER_TOP/dut/u_DUT/\gen_lanes(0)\/u_LANE/line__191  File: /home/work1/Works/AI-Trigger-System/HDL/rtl/CNN_CORE_LANE.vhd
Note: LANE0 CNN output_valid score_raw=-4808 started=12
Time: 57037500 ps  Iteration: 0  Process: /tb_AI_TRIGGER_TOP/dut/u_DUT/\gen_lanes(0)\/u_LANE/line__273  File: /home/work1/Works/AI-Trigger-System/HDL/rtl/CNN_CORE_LANE.vhd
    55 | 0x003fed38    |     -2.347656 |     0 |    0 |      1.015
Note: DIST chunk_start seq=56 lane=1 busy='0'
Time: 57082 ns  Iteration: 0  Process: /tb_AI_TRIGGER_TOP/dut/u_DUT/u_DIST/line__134  File: /home/work1/Works/AI-Trigger-System/HDL/rtl/ADC_CHUNK_DISTRIBUTOR.vhd
Note: LANE1 ADC chunk_accept count=12 fifo_full='0'
Time: 57082 ns  Iteration: 0  Process: /tb_AI_TRIGGER_TOP/dut/u_DUT/\gen_lanes(1)\/u_LANE/line__191  File: /home/work1/Works/AI-Trigger-System/HDL/rtl/CNN_CORE_LANE.vhd
Note: LANE1 started_next=12 fifo_empty='0' fifo_data_valid='1' ready='0' idle='1'
Time: 57117500 ps  Iteration: 0  Process: /tb_AI_TRIGGER_TOP/dut/u_DUT/\gen_lanes(1)\/u_LANE/line__273  File: /home/work1/Works/AI-Trigger-System/HDL/rtl/CNN_CORE_LANE.vhd
Note: LANE1 started=12 fifo_empty='0' fifo_data_valid='1' ready='0'
Time: 57827500 ps  Iteration: 0  Process: /tb_AI_TRIGGER_TOP/dut/u_DUT/\gen_lanes(1)\/u_LANE/line__273  File: /home/work1/Works/AI-Trigger-System/HDL/rtl/CNN_CORE_LANE.vhd
Note: LANE1 ADC busy_clear stream_done_seen='0' wr_count=0
Time: 57838 ns  Iteration: 0  Process: /tb_AI_TRIGGER_TOP/dut/u_DUT/\gen_lanes(1)\/u_LANE/line__191  File: /home/work1/Works/AI-Trigger-System/HDL/rtl/CNN_CORE_LANE.vhd
Note: LANE1 CNN output_valid score_raw=-4778 started=12
Time: 58052500 ps  Iteration: 0  Process: /tb_AI_TRIGGER_TOP/dut/u_DUT/\gen_lanes(1)\/u_LANE/line__273  File: /home/work1/Works/AI-Trigger-System/HDL/rtl/CNN_CORE_LANE.vhd
    56 | 0x003fed56    |     -2.333008 |     0 |    0 |      1.015
Note: DIST chunk_start seq=57 lane=2 busy='0'
Time: 58098 ns  Iteration: 0  Process: /tb_AI_TRIGGER_TOP/dut/u_DUT/u_DIST/line__134  File: /home/work1/Works/AI-Trigger-System/HDL/rtl/ADC_CHUNK_DISTRIBUTOR.vhd
Note: LANE2 ADC chunk_accept count=12 fifo_full='0'
Time: 58098 ns  Iteration: 0  Process: /tb_AI_TRIGGER_TOP/dut/u_DUT/\gen_lanes(2)\/u_LANE/line__191  File: /home/work1/Works/AI-Trigger-System/HDL/rtl/CNN_CORE_LANE.vhd
Note: LANE2 started_next=12 fifo_empty='0' fifo_data_valid='1' ready='0' idle='1'
Time: 58132500 ps  Iteration: 0  Process: /tb_AI_TRIGGER_TOP/dut/u_DUT/\gen_lanes(2)\/u_LANE/line__273  File: /home/work1/Works/AI-Trigger-System/HDL/rtl/CNN_CORE_LANE.vhd
Note: LANE2 started=12 fifo_empty='0' fifo_data_valid='1' ready='0'
Time: 58842500 ps  Iteration: 0  Process: /tb_AI_TRIGGER_TOP/dut/u_DUT/\gen_lanes(2)\/u_LANE/line__273  File: /home/work1/Works/AI-Trigger-System/HDL/rtl/CNN_CORE_LANE.vhd
Note: LANE2 ADC busy_clear stream_done_seen='0' wr_count=0
Time: 58854 ns  Iteration: 0  Process: /tb_AI_TRIGGER_TOP/dut/u_DUT/\gen_lanes(2)\/u_LANE/line__191  File: /home/work1/Works/AI-Trigger-System/HDL/rtl/CNN_CORE_LANE.vhd
Note: LANE2 CNN output_valid score_raw=-4717 started=12
Time: 59067500 ps  Iteration: 0  Process: /tb_AI_TRIGGER_TOP/dut/u_DUT/\gen_lanes(2)\/u_LANE/line__273  File: /home/work1/Works/AI-Trigger-System/HDL/rtl/CNN_CORE_LANE.vhd
    57 | 0x003fed93    |     -2.303223 |     0 |    0 |      1.010
Note: DIST chunk_start seq=58 lane=3 busy='0'
Time: 59110 ns  Iteration: 0  Process: /tb_AI_TRIGGER_TOP/dut/u_DUT/u_DIST/line__134  File: /home/work1/Works/AI-Trigger-System/HDL/rtl/ADC_CHUNK_DISTRIBUTOR.vhd
Note: LANE3 ADC chunk_accept count=12 fifo_full='0'
Time: 59110 ns  Iteration: 0  Process: /tb_AI_TRIGGER_TOP/dut/u_DUT/\gen_lanes(3)\/u_LANE/line__191  File: /home/work1/Works/AI-Trigger-System/HDL/rtl/CNN_CORE_LANE.vhd
Note: LANE3 started_next=12 fifo_empty='0' fifo_data_valid='1' ready='0' idle='1'
Time: 59147500 ps  Iteration: 0  Process: /tb_AI_TRIGGER_TOP/dut/u_DUT/\gen_lanes(3)\/u_LANE/line__273  File: /home/work1/Works/AI-Trigger-System/HDL/rtl/CNN_CORE_LANE.vhd
Note: LANE3 started=12 fifo_empty='0' fifo_data_valid='1' ready='0'
Time: 59857500 ps  Iteration: 0  Process: /tb_AI_TRIGGER_TOP/dut/u_DUT/\gen_lanes(3)\/u_LANE/line__273  File: /home/work1/Works/AI-Trigger-System/HDL/rtl/CNN_CORE_LANE.vhd
Note: LANE3 ADC busy_clear stream_done_seen='0' wr_count=0
Time: 59866 ns  Iteration: 0  Process: /tb_AI_TRIGGER_TOP/dut/u_DUT/\gen_lanes(3)\/u_LANE/line__191  File: /home/work1/Works/AI-Trigger-System/HDL/rtl/CNN_CORE_LANE.vhd
Note: LANE3 CNN output_valid score_raw=-4538 started=12
Time: 60082500 ps  Iteration: 0  Process: /tb_AI_TRIGGER_TOP/dut/u_DUT/\gen_lanes(3)\/u_LANE/line__273  File: /home/work1/Works/AI-Trigger-System/HDL/rtl/CNN_CORE_LANE.vhd
    58 | 0x003fee46    |     -2.215820 |     0 |    0 |      1.015
Note: DIST chunk_start seq=59 lane=4 busy='0'
Time: 60126 ns  Iteration: 0  Process: /tb_AI_TRIGGER_TOP/dut/u_DUT/u_DIST/line__134  File: /home/work1/Works/AI-Trigger-System/HDL/rtl/ADC_CHUNK_DISTRIBUTOR.vhd
Note: LANE4 ADC chunk_accept count=12 fifo_full='0'
Time: 60126 ns  Iteration: 0  Process: /tb_AI_TRIGGER_TOP/dut/u_DUT/\gen_lanes(4)\/u_LANE/line__191  File: /home/work1/Works/AI-Trigger-System/HDL/rtl/CNN_CORE_LANE.vhd
Note: LANE4 started_next=12 fifo_empty='0' fifo_data_valid='1' ready='0' idle='1'
Time: 60162500 ps  Iteration: 0  Process: /tb_AI_TRIGGER_TOP/dut/u_DUT/\gen_lanes(4)\/u_LANE/line__273  File: /home/work1/Works/AI-Trigger-System/HDL/rtl/CNN_CORE_LANE.vhd
Note: LANE4 started=12 fifo_empty='0' fifo_data_valid='1' ready='0'
Time: 60872500 ps  Iteration: 0  Process: /tb_AI_TRIGGER_TOP/dut/u_DUT/\gen_lanes(4)\/u_LANE/line__273  File: /home/work1/Works/AI-Trigger-System/HDL/rtl/CNN_CORE_LANE.vhd
Note: LANE4 ADC busy_clear stream_done_seen='0' wr_count=0
Time: 60882 ns  Iteration: 0  Process: /tb_AI_TRIGGER_TOP/dut/u_DUT/\gen_lanes(4)\/u_LANE/line__191  File: /home/work1/Works/AI-Trigger-System/HDL/rtl/CNN_CORE_LANE.vhd
Note: LANE4 CNN output_valid score_raw=-4793 started=12
Time: 61097500 ps  Iteration: 0  Process: /tb_AI_TRIGGER_TOP/dut/u_DUT/\gen_lanes(4)\/u_LANE/line__273  File: /home/work1/Works/AI-Trigger-System/HDL/rtl/CNN_CORE_LANE.vhd
    59 | 0x003fed47    |     -2.340332 |     0 |    0 |      1.015
Note: DIST chunk_start seq=60 lane=0 busy='0'
Time: 61142 ns  Iteration: 0  Process: /tb_AI_TRIGGER_TOP/dut/u_DUT/u_DIST/line__134  File: /home/work1/Works/AI-Trigger-System/HDL/rtl/ADC_CHUNK_DISTRIBUTOR.vhd
Note: LANE0 ADC chunk_accept count=13 fifo_full='0'
Time: 61142 ns  Iteration: 0  Process: /tb_AI_TRIGGER_TOP/dut/u_DUT/\gen_lanes(0)\/u_LANE/line__191  File: /home/work1/Works/AI-Trigger-System/HDL/rtl/CNN_CORE_LANE.vhd
Note: LANE0 started_next=13 fifo_empty='0' fifo_data_valid='1' ready='0' idle='1'
Time: 61177500 ps  Iteration: 0  Process: /tb_AI_TRIGGER_TOP/dut/u_DUT/\gen_lanes(0)\/u_LANE/line__273  File: /home/work1/Works/AI-Trigger-System/HDL/rtl/CNN_CORE_LANE.vhd
Note: LANE0 started=13 fifo_empty='0' fifo_data_valid='1' ready='0'
Time: 61887500 ps  Iteration: 0  Process: /tb_AI_TRIGGER_TOP/dut/u_DUT/\gen_lanes(0)\/u_LANE/line__273  File: /home/work1/Works/AI-Trigger-System/HDL/rtl/CNN_CORE_LANE.vhd
Note: LANE0 ADC busy_clear stream_done_seen='1' wr_count=0
Time: 61898 ns  Iteration: 0  Process: /tb_AI_TRIGGER_TOP/dut/u_DUT/\gen_lanes(0)\/u_LANE/line__191  File: /home/work1/Works/AI-Trigger-System/HDL/rtl/CNN_CORE_LANE.vhd
Note: LANE0 CNN output_valid score_raw=-4847 started=13
Time: 62112500 ps  Iteration: 0  Process: /tb_AI_TRIGGER_TOP/dut/u_DUT/\gen_lanes(0)\/u_LANE/line__273  File: /home/work1/Works/AI-Trigger-System/HDL/rtl/CNN_CORE_LANE.vhd
    60 | 0x003fed11    |     -2.366699 |     0 |    0 |      1.015
Note: DIST chunk_start seq=61 lane=1 busy='0'
Time: 62158 ns  Iteration: 0  Process: /tb_AI_TRIGGER_TOP/dut/u_DUT/u_DIST/line__134  File: /home/work1/Works/AI-Trigger-System/HDL/rtl/ADC_CHUNK_DISTRIBUTOR.vhd
Note: LANE1 ADC chunk_accept count=13 fifo_full='0'
Time: 62158 ns  Iteration: 0  Process: /tb_AI_TRIGGER_TOP/dut/u_DUT/\gen_lanes(1)\/u_LANE/line__191  File: /home/work1/Works/AI-Trigger-System/HDL/rtl/CNN_CORE_LANE.vhd
Note: LANE1 started_next=13 fifo_empty='0' fifo_data_valid='1' ready='0' idle='1'
Time: 62192500 ps  Iteration: 0  Process: /tb_AI_TRIGGER_TOP/dut/u_DUT/\gen_lanes(1)\/u_LANE/line__273  File: /home/work1/Works/AI-Trigger-System/HDL/rtl/CNN_CORE_LANE.vhd
Note: LANE1 started=13 fifo_empty='0' fifo_data_valid='1' ready='0'
Time: 62902500 ps  Iteration: 0  Process: /tb_AI_TRIGGER_TOP/dut/u_DUT/\gen_lanes(1)\/u_LANE/line__273  File: /home/work1/Works/AI-Trigger-System/HDL/rtl/CNN_CORE_LANE.vhd
Note: LANE1 ADC busy_clear stream_done_seen='1' wr_count=0
Time: 62914 ns  Iteration: 0  Process: /tb_AI_TRIGGER_TOP/dut/u_DUT/\gen_lanes(1)\/u_LANE/line__191  File: /home/work1/Works/AI-Trigger-System/HDL/rtl/CNN_CORE_LANE.vhd
Note: LANE1 CNN output_valid score_raw=-4870 started=13
Time: 63127500 ps  Iteration: 0  Process: /tb_AI_TRIGGER_TOP/dut/u_DUT/\gen_lanes(1)\/u_LANE/line__273  File: /home/work1/Works/AI-Trigger-System/HDL/rtl/CNN_CORE_LANE.vhd
    61 | 0x003fecfa    |     -2.377930 |     0 |    0 |      1.010
Note: DIST chunk_start seq=62 lane=2 busy='0'
Time: 63170 ns  Iteration: 0  Process: /tb_AI_TRIGGER_TOP/dut/u_DUT/u_DIST/line__134  File: /home/work1/Works/AI-Trigger-System/HDL/rtl/ADC_CHUNK_DISTRIBUTOR.vhd
Note: LANE2 ADC chunk_accept count=13 fifo_full='0'
Time: 63170 ns  Iteration: 0  Process: /tb_AI_TRIGGER_TOP/dut/u_DUT/\gen_lanes(2)\/u_LANE/line__191  File: /home/work1/Works/AI-Trigger-System/HDL/rtl/CNN_CORE_LANE.vhd
Note: LANE2 started_next=13 fifo_empty='0' fifo_data_valid='1' ready='0' idle='1'
Time: 63207500 ps  Iteration: 0  Process: /tb_AI_TRIGGER_TOP/dut/u_DUT/\gen_lanes(2)\/u_LANE/line__273  File: /home/work1/Works/AI-Trigger-System/HDL/rtl/CNN_CORE_LANE.vhd
Note: LANE2 started=13 fifo_empty='0' fifo_data_valid='1' ready='0'
Time: 63917500 ps  Iteration: 0  Process: /tb_AI_TRIGGER_TOP/dut/u_DUT/\gen_lanes(2)\/u_LANE/line__273  File: /home/work1/Works/AI-Trigger-System/HDL/rtl/CNN_CORE_LANE.vhd
Note: LANE2 ADC busy_clear stream_done_seen='1' wr_count=0
Time: 63926 ns  Iteration: 0  Process: /tb_AI_TRIGGER_TOP/dut/u_DUT/\gen_lanes(2)\/u_LANE/line__191  File: /home/work1/Works/AI-Trigger-System/HDL/rtl/CNN_CORE_LANE.vhd
Note: LANE2 CNN output_valid score_raw=-4778 started=13
Time: 64142500 ps  Iteration: 0  Process: /tb_AI_TRIGGER_TOP/dut/u_DUT/\gen_lanes(2)\/u_LANE/line__273  File: /home/work1/Works/AI-Trigger-System/HDL/rtl/CNN_CORE_LANE.vhd
    62 | 0x003fed56    |     -2.333008 |     0 |    0 |      1.015
Note: DIST chunk_start seq=63 lane=3 busy='0'
Time: 64186 ns  Iteration: 0  Process: /tb_AI_TRIGGER_TOP/dut/u_DUT/u_DIST/line__134  File: /home/work1/Works/AI-Trigger-System/HDL/rtl/ADC_CHUNK_DISTRIBUTOR.vhd
Note: LANE3 ADC chunk_accept count=13 fifo_full='0'
Time: 64186 ns  Iteration: 0  Process: /tb_AI_TRIGGER_TOP/dut/u_DUT/\gen_lanes(3)\/u_LANE/line__191  File: /home/work1/Works/AI-Trigger-System/HDL/rtl/CNN_CORE_LANE.vhd
Note: LANE3 started_next=13 fifo_empty='0' fifo_data_valid='1' ready='0' idle='1'
Time: 64222500 ps  Iteration: 0  Process: /tb_AI_TRIGGER_TOP/dut/u_DUT/\gen_lanes(3)\/u_LANE/line__273  File: /home/work1/Works/AI-Trigger-System/HDL/rtl/CNN_CORE_LANE.vhd
Note: LANE3 started=13 fifo_empty='0' fifo_data_valid='1' ready='0'
Time: 64932500 ps  Iteration: 0  Process: /tb_AI_TRIGGER_TOP/dut/u_DUT/\gen_lanes(3)\/u_LANE/line__273  File: /home/work1/Works/AI-Trigger-System/HDL/rtl/CNN_CORE_LANE.vhd
Note: LANE3 ADC busy_clear stream_done_seen='1' wr_count=0
Time: 64942 ns  Iteration: 0  Process: /tb_AI_TRIGGER_TOP/dut/u_DUT/\gen_lanes(3)\/u_LANE/line__191  File: /home/work1/Works/AI-Trigger-System/HDL/rtl/CNN_CORE_LANE.vhd
Note: LANE3 CNN output_valid score_raw=-4703 started=13
Time: 65157500 ps  Iteration: 0  Process: /tb_AI_TRIGGER_TOP/dut/u_DUT/\gen_lanes(3)\/u_LANE/line__273  File: /home/work1/Works/AI-Trigger-System/HDL/rtl/CNN_CORE_LANE.vhd
    63 | 0x003feda1    |     -2.296387 |     0 |    0 |      1.015
Note: DIST chunk_start seq=64 lane=4 busy='0'
Time: 65202 ns  Iteration: 0  Process: /tb_AI_TRIGGER_TOP/dut/u_DUT/u_DIST/line__134  File: /home/work1/Works/AI-Trigger-System/HDL/rtl/ADC_CHUNK_DISTRIBUTOR.vhd
Note: LANE4 ADC chunk_accept count=13 fifo_full='0'
Time: 65202 ns  Iteration: 0  Process: /tb_AI_TRIGGER_TOP/dut/u_DUT/\gen_lanes(4)\/u_LANE/line__191  File: /home/work1/Works/AI-Trigger-System/HDL/rtl/CNN_CORE_LANE.vhd
Note: LANE4 started_next=13 fifo_empty='0' fifo_data_valid='1' ready='0' idle='1'
Time: 65237500 ps  Iteration: 0  Process: /tb_AI_TRIGGER_TOP/dut/u_DUT/\gen_lanes(4)\/u_LANE/line__273  File: /home/work1/Works/AI-Trigger-System/HDL/rtl/CNN_CORE_LANE.vhd
Note: LANE4 started=13 fifo_empty='0' fifo_data_valid='1' ready='0'
Time: 65947500 ps  Iteration: 0  Process: /tb_AI_TRIGGER_TOP/dut/u_DUT/\gen_lanes(4)\/u_LANE/line__273  File: /home/work1/Works/AI-Trigger-System/HDL/rtl/CNN_CORE_LANE.vhd
Note: LANE4 ADC busy_clear stream_done_seen='1' wr_count=0
Time: 65958 ns  Iteration: 0  Process: /tb_AI_TRIGGER_TOP/dut/u_DUT/\gen_lanes(4)\/u_LANE/line__191  File: /home/work1/Works/AI-Trigger-System/HDL/rtl/CNN_CORE_LANE.vhd
Note: LANE4 CNN output_valid score_raw=-4593 started=13
Time: 66172500 ps  Iteration: 0  Process: /tb_AI_TRIGGER_TOP/dut/u_DUT/\gen_lanes(4)\/u_LANE/line__273  File: /home/work1/Works/AI-Trigger-System/HDL/rtl/CNN_CORE_LANE.vhd
    64 | 0x003fee0f    |     -2.242676 |     0 |    0 |      1.015
Note: DIST chunk_start seq=65 lane=0 busy='0'
Time: 66218 ns  Iteration: 0  Process: /tb_AI_TRIGGER_TOP/dut/u_DUT/u_DIST/line__134  File: /home/work1/Works/AI-Trigger-System/HDL/rtl/ADC_CHUNK_DISTRIBUTOR.vhd
Note: LANE0 ADC chunk_accept count=14 fifo_full='0'
Time: 66218 ns  Iteration: 0  Process: /tb_AI_TRIGGER_TOP/dut/u_DUT/\gen_lanes(0)\/u_LANE/line__191  File: /home/work1/Works/AI-Trigger-System/HDL/rtl/CNN_CORE_LANE.vhd
Note: LANE0 started_next=14 fifo_empty='0' fifo_data_valid='1' ready='0' idle='1'
Time: 66252500 ps  Iteration: 0  Process: /tb_AI_TRIGGER_TOP/dut/u_DUT/\gen_lanes(0)\/u_LANE/line__273  File: /home/work1/Works/AI-Trigger-System/HDL/rtl/CNN_CORE_LANE.vhd
Note: LANE0 started=14 fifo_empty='0' fifo_data_valid='1' ready='0'
Time: 66962500 ps  Iteration: 0  Process: /tb_AI_TRIGGER_TOP/dut/u_DUT/\gen_lanes(0)\/u_LANE/line__273  File: /home/work1/Works/AI-Trigger-System/HDL/rtl/CNN_CORE_LANE.vhd
Note: LANE0 ADC busy_clear stream_done_seen='0' wr_count=0
Time: 66974 ns  Iteration: 0  Process: /tb_AI_TRIGGER_TOP/dut/u_DUT/\gen_lanes(0)\/u_LANE/line__191  File: /home/work1/Works/AI-Trigger-System/HDL/rtl/CNN_CORE_LANE.vhd
Note: LANE0 CNN output_valid score_raw=-4825 started=14
Time: 67187500 ps  Iteration: 0  Process: /tb_AI_TRIGGER_TOP/dut/u_DUT/\gen_lanes(0)\/u_LANE/line__273  File: /home/work1/Works/AI-Trigger-System/HDL/rtl/CNN_CORE_LANE.vhd
    65 | 0x003fed27    |     -2.355957 |     0 |    0 |      1.010
Note: DIST chunk_start seq=66 lane=1 busy='0'
Time: 67230 ns  Iteration: 0  Process: /tb_AI_TRIGGER_TOP/dut/u_DUT/u_DIST/line__134  File: /home/work1/Works/AI-Trigger-System/HDL/rtl/ADC_CHUNK_DISTRIBUTOR.vhd
Note: LANE1 ADC chunk_accept count=14 fifo_full='0'
Time: 67230 ns  Iteration: 0  Process: /tb_AI_TRIGGER_TOP/dut/u_DUT/\gen_lanes(1)\/u_LANE/line__191  File: /home/work1/Works/AI-Trigger-System/HDL/rtl/CNN_CORE_LANE.vhd
Note: LANE1 started_next=14 fifo_empty='0' fifo_data_valid='1' ready='0' idle='1'
Time: 67267500 ps  Iteration: 0  Process: /tb_AI_TRIGGER_TOP/dut/u_DUT/\gen_lanes(1)\/u_LANE/line__273  File: /home/work1/Works/AI-Trigger-System/HDL/rtl/CNN_CORE_LANE.vhd
Note: LANE1 started=14 fifo_empty='0' fifo_data_valid='1' ready='0'
Time: 67977500 ps  Iteration: 0  Process: /tb_AI_TRIGGER_TOP/dut/u_DUT/\gen_lanes(1)\/u_LANE/line__273  File: /home/work1/Works/AI-Trigger-System/HDL/rtl/CNN_CORE_LANE.vhd
Note: LANE1 ADC busy_clear stream_done_seen='0' wr_count=0
Time: 67986 ns  Iteration: 0  Process: /tb_AI_TRIGGER_TOP/dut/u_DUT/\gen_lanes(1)\/u_LANE/line__191  File: /home/work1/Works/AI-Trigger-System/HDL/rtl/CNN_CORE_LANE.vhd
Note: LANE1 CNN output_valid score_raw=-4824 started=14
Time: 68202500 ps  Iteration: 0  Process: /tb_AI_TRIGGER_TOP/dut/u_DUT/\gen_lanes(1)\/u_LANE/line__273  File: /home/work1/Works/AI-Trigger-System/HDL/rtl/CNN_CORE_LANE.vhd
    66 | 0x003fed28    |     -2.355469 |     0 |    0 |      1.015
Note: DIST chunk_start seq=67 lane=2 busy='0'
Time: 68246 ns  Iteration: 0  Process: /tb_AI_TRIGGER_TOP/dut/u_DUT/u_DIST/line__134  File: /home/work1/Works/AI-Trigger-System/HDL/rtl/ADC_CHUNK_DISTRIBUTOR.vhd
Note: LANE2 ADC chunk_accept count=14 fifo_full='0'
Time: 68246 ns  Iteration: 0  Process: /tb_AI_TRIGGER_TOP/dut/u_DUT/\gen_lanes(2)\/u_LANE/line__191  File: /home/work1/Works/AI-Trigger-System/HDL/rtl/CNN_CORE_LANE.vhd
Note: LANE2 started_next=14 fifo_empty='0' fifo_data_valid='1' ready='0' idle='1'
Time: 68282500 ps  Iteration: 0  Process: /tb_AI_TRIGGER_TOP/dut/u_DUT/\gen_lanes(2)\/u_LANE/line__273  File: /home/work1/Works/AI-Trigger-System/HDL/rtl/CNN_CORE_LANE.vhd
Note: LANE2 started=14 fifo_empty='0' fifo_data_valid='1' ready='0'
Time: 68992500 ps  Iteration: 0  Process: /tb_AI_TRIGGER_TOP/dut/u_DUT/\gen_lanes(2)\/u_LANE/line__273  File: /home/work1/Works/AI-Trigger-System/HDL/rtl/CNN_CORE_LANE.vhd
Note: LANE2 ADC busy_clear stream_done_seen='0' wr_count=0
Time: 69002 ns  Iteration: 0  Process: /tb_AI_TRIGGER_TOP/dut/u_DUT/\gen_lanes(2)\/u_LANE/line__191  File: /home/work1/Works/AI-Trigger-System/HDL/rtl/CNN_CORE_LANE.vhd
Note: LANE2 CNN output_valid score_raw=-4793 started=14
Time: 69217500 ps  Iteration: 0  Process: /tb_AI_TRIGGER_TOP/dut/u_DUT/\gen_lanes(2)\/u_LANE/line__273  File: /home/work1/Works/AI-Trigger-System/HDL/rtl/CNN_CORE_LANE.vhd
    67 | 0x003fed47    |     -2.340332 |     0 |    0 |      1.015
Note: DIST chunk_start seq=68 lane=3 busy='0'
Time: 69262 ns  Iteration: 0  Process: /tb_AI_TRIGGER_TOP/dut/u_DUT/u_DIST/line__134  File: /home/work1/Works/AI-Trigger-System/HDL/rtl/ADC_CHUNK_DISTRIBUTOR.vhd
Note: LANE3 ADC chunk_accept count=14 fifo_full='0'
Time: 69262 ns  Iteration: 0  Process: /tb_AI_TRIGGER_TOP/dut/u_DUT/\gen_lanes(3)\/u_LANE/line__191  File: /home/work1/Works/AI-Trigger-System/HDL/rtl/CNN_CORE_LANE.vhd
Note: LANE3 started_next=14 fifo_empty='0' fifo_data_valid='1' ready='0' idle='1'
Time: 69297500 ps  Iteration: 0  Process: /tb_AI_TRIGGER_TOP/dut/u_DUT/\gen_lanes(3)\/u_LANE/line__273  File: /home/work1/Works/AI-Trigger-System/HDL/rtl/CNN_CORE_LANE.vhd
Note: LANE3 started=14 fifo_empty='0' fifo_data_valid='1' ready='0'
Time: 70007500 ps  Iteration: 0  Process: /tb_AI_TRIGGER_TOP/dut/u_DUT/\gen_lanes(3)\/u_LANE/line__273  File: /home/work1/Works/AI-Trigger-System/HDL/rtl/CNN_CORE_LANE.vhd
Note: LANE3 ADC busy_clear stream_done_seen='0' wr_count=0
Time: 70018 ns  Iteration: 0  Process: /tb_AI_TRIGGER_TOP/dut/u_DUT/\gen_lanes(3)\/u_LANE/line__191  File: /home/work1/Works/AI-Trigger-System/HDL/rtl/CNN_CORE_LANE.vhd
Note: LANE3 CNN output_valid score_raw=-4701 started=14
Time: 70232500 ps  Iteration: 0  Process: /tb_AI_TRIGGER_TOP/dut/u_DUT/\gen_lanes(3)\/u_LANE/line__273  File: /home/work1/Works/AI-Trigger-System/HDL/rtl/CNN_CORE_LANE.vhd
    68 | 0x003feda3    |     -2.295410 |     0 |    0 |      1.015
Note: DIST chunk_start seq=69 lane=4 busy='0'
Time: 70278 ns  Iteration: 0  Process: /tb_AI_TRIGGER_TOP/dut/u_DUT/u_DIST/line__134  File: /home/work1/Works/AI-Trigger-System/HDL/rtl/ADC_CHUNK_DISTRIBUTOR.vhd
Note: LANE4 ADC chunk_accept count=14 fifo_full='0'
Time: 70278 ns  Iteration: 0  Process: /tb_AI_TRIGGER_TOP/dut/u_DUT/\gen_lanes(4)\/u_LANE/line__191  File: /home/work1/Works/AI-Trigger-System/HDL/rtl/CNN_CORE_LANE.vhd
Note: LANE4 started_next=14 fifo_empty='0' fifo_data_valid='1' ready='0' idle='1'
Time: 70312500 ps  Iteration: 0  Process: /tb_AI_TRIGGER_TOP/dut/u_DUT/\gen_lanes(4)\/u_LANE/line__273  File: /home/work1/Works/AI-Trigger-System/HDL/rtl/CNN_CORE_LANE.vhd
Note: LANE4 started=14 fifo_empty='0' fifo_data_valid='1' ready='0'
Time: 71022500 ps  Iteration: 0  Process: /tb_AI_TRIGGER_TOP/dut/u_DUT/\gen_lanes(4)\/u_LANE/line__273  File: /home/work1/Works/AI-Trigger-System/HDL/rtl/CNN_CORE_LANE.vhd
Note: LANE4 ADC busy_clear stream_done_seen='0' wr_count=0
Time: 71034 ns  Iteration: 0  Process: /tb_AI_TRIGGER_TOP/dut/u_DUT/\gen_lanes(4)\/u_LANE/line__191  File: /home/work1/Works/AI-Trigger-System/HDL/rtl/CNN_CORE_LANE.vhd
Note: LANE4 CNN output_valid score_raw=-4628 started=14
Time: 71247500 ps  Iteration: 0  Process: /tb_AI_TRIGGER_TOP/dut/u_DUT/\gen_lanes(4)\/u_LANE/line__273  File: /home/work1/Works/AI-Trigger-System/HDL/rtl/CNN_CORE_LANE.vhd
    69 | 0x003fedec    |     -2.259766 |     0 |    0 |      1.010
Note: DIST chunk_start seq=70 lane=0 busy='0'
Time: 71290 ns  Iteration: 0  Process: /tb_AI_TRIGGER_TOP/dut/u_DUT/u_DIST/line__134  File: /home/work1/Works/AI-Trigger-System/HDL/rtl/ADC_CHUNK_DISTRIBUTOR.vhd
Note: LANE0 ADC chunk_accept count=15 fifo_full='0'
Time: 71290 ns  Iteration: 0  Process: /tb_AI_TRIGGER_TOP/dut/u_DUT/\gen_lanes(0)\/u_LANE/line__191  File: /home/work1/Works/AI-Trigger-System/HDL/rtl/CNN_CORE_LANE.vhd
Note: LANE0 started_next=15 fifo_empty='0' fifo_data_valid='1' ready='0' idle='1'
Time: 71327500 ps  Iteration: 0  Process: /tb_AI_TRIGGER_TOP/dut/u_DUT/\gen_lanes(0)\/u_LANE/line__273  File: /home/work1/Works/AI-Trigger-System/HDL/rtl/CNN_CORE_LANE.vhd
Note: LANE0 started=15 fifo_empty='0' fifo_data_valid='1' ready='0'
Time: 72037500 ps  Iteration: 0  Process: /tb_AI_TRIGGER_TOP/dut/u_DUT/\gen_lanes(0)\/u_LANE/line__273  File: /home/work1/Works/AI-Trigger-System/HDL/rtl/CNN_CORE_LANE.vhd
Note: LANE0 ADC busy_clear stream_done_seen='1' wr_count=0
Time: 72046 ns  Iteration: 0  Process: /tb_AI_TRIGGER_TOP/dut/u_DUT/\gen_lanes(0)\/u_LANE/line__191  File: /home/work1/Works/AI-Trigger-System/HDL/rtl/CNN_CORE_LANE.vhd
Note: LANE0 CNN output_valid score_raw=-4518 started=15
Time: 72262500 ps  Iteration: 0  Process: /tb_AI_TRIGGER_TOP/dut/u_DUT/\gen_lanes(0)\/u_LANE/line__273  File: /home/work1/Works/AI-Trigger-System/HDL/rtl/CNN_CORE_LANE.vhd
    70 | 0x003fee5a    |     -2.206055 |     0 |    0 |      1.015
Note: DIST chunk_start seq=71 lane=1 busy='0'
Time: 72306 ns  Iteration: 0  Process: /tb_AI_TRIGGER_TOP/dut/u_DUT/u_DIST/line__134  File: /home/work1/Works/AI-Trigger-System/HDL/rtl/ADC_CHUNK_DISTRIBUTOR.vhd
Note: LANE1 ADC chunk_accept count=15 fifo_full='0'
Time: 72306 ns  Iteration: 0  Process: /tb_AI_TRIGGER_TOP/dut/u_DUT/\gen_lanes(1)\/u_LANE/line__191  File: /home/work1/Works/AI-Trigger-System/HDL/rtl/CNN_CORE_LANE.vhd
Note: LANE1 started_next=15 fifo_empty='0' fifo_data_valid='1' ready='0' idle='1'
Time: 72342500 ps  Iteration: 0  Process: /tb_AI_TRIGGER_TOP/dut/u_DUT/\gen_lanes(1)\/u_LANE/line__273  File: /home/work1/Works/AI-Trigger-System/HDL/rtl/CNN_CORE_LANE.vhd
Note: LANE1 started=15 fifo_empty='0' fifo_data_valid='1' ready='0'
Time: 73052500 ps  Iteration: 0  Process: /tb_AI_TRIGGER_TOP/dut/u_DUT/\gen_lanes(1)\/u_LANE/line__273  File: /home/work1/Works/AI-Trigger-System/HDL/rtl/CNN_CORE_LANE.vhd
Note: LANE1 ADC busy_clear stream_done_seen='1' wr_count=0
Time: 73062 ns  Iteration: 0  Process: /tb_AI_TRIGGER_TOP/dut/u_DUT/\gen_lanes(1)\/u_LANE/line__191  File: /home/work1/Works/AI-Trigger-System/HDL/rtl/CNN_CORE_LANE.vhd
Note: LANE1 CNN output_valid score_raw=-4804 started=15
Time: 73277500 ps  Iteration: 0  Process: /tb_AI_TRIGGER_TOP/dut/u_DUT/\gen_lanes(1)\/u_LANE/line__273  File: /home/work1/Works/AI-Trigger-System/HDL/rtl/CNN_CORE_LANE.vhd
    71 | 0x003fed3c    |     -2.345703 |     0 |    0 |      1.015
Note: DIST chunk_start seq=72 lane=2 busy='0'
Time: 73322 ns  Iteration: 0  Process: /tb_AI_TRIGGER_TOP/dut/u_DUT/u_DIST/line__134  File: /home/work1/Works/AI-Trigger-System/HDL/rtl/ADC_CHUNK_DISTRIBUTOR.vhd
Note: LANE2 ADC chunk_accept count=15 fifo_full='0'
Time: 73322 ns  Iteration: 0  Process: /tb_AI_TRIGGER_TOP/dut/u_DUT/\gen_lanes(2)\/u_LANE/line__191  File: /home/work1/Works/AI-Trigger-System/HDL/rtl/CNN_CORE_LANE.vhd
Note: LANE2 started_next=15 fifo_empty='0' fifo_data_valid='1' ready='0' idle='1'
Time: 73357500 ps  Iteration: 0  Process: /tb_AI_TRIGGER_TOP/dut/u_DUT/\gen_lanes(2)\/u_LANE/line__273  File: /home/work1/Works/AI-Trigger-System/HDL/rtl/CNN_CORE_LANE.vhd
Note: LANE2 started=15 fifo_empty='0' fifo_data_valid='1' ready='0'
Time: 74067500 ps  Iteration: 0  Process: /tb_AI_TRIGGER_TOP/dut/u_DUT/\gen_lanes(2)\/u_LANE/line__273  File: /home/work1/Works/AI-Trigger-System/HDL/rtl/CNN_CORE_LANE.vhd
Note: LANE2 ADC busy_clear stream_done_seen='1' wr_count=0
Time: 74078 ns  Iteration: 0  Process: /tb_AI_TRIGGER_TOP/dut/u_DUT/\gen_lanes(2)\/u_LANE/line__191  File: /home/work1/Works/AI-Trigger-System/HDL/rtl/CNN_CORE_LANE.vhd
Note: LANE2 CNN output_valid score_raw=-4794 started=15
Time: 74292500 ps  Iteration: 0  Process: /tb_AI_TRIGGER_TOP/dut/u_DUT/\gen_lanes(2)\/u_LANE/line__273  File: /home/work1/Works/AI-Trigger-System/HDL/rtl/CNN_CORE_LANE.vhd
    72 | 0x003fed46    |     -2.340820 |     0 |    0 |      1.015
Note: DIST chunk_start seq=73 lane=3 busy='0'
Time: 74338 ns  Iteration: 0  Process: /tb_AI_TRIGGER_TOP/dut/u_DUT/u_DIST/line__134  File: /home/work1/Works/AI-Trigger-System/HDL/rtl/ADC_CHUNK_DISTRIBUTOR.vhd
Note: LANE3 ADC chunk_accept count=15 fifo_full='0'
Time: 74338 ns  Iteration: 0  Process: /tb_AI_TRIGGER_TOP/dut/u_DUT/\gen_lanes(3)\/u_LANE/line__191  File: /home/work1/Works/AI-Trigger-System/HDL/rtl/CNN_CORE_LANE.vhd
Note: LANE3 started_next=15 fifo_empty='0' fifo_data_valid='1' ready='0' idle='1'
Time: 74372500 ps  Iteration: 0  Process: /tb_AI_TRIGGER_TOP/dut/u_DUT/\gen_lanes(3)\/u_LANE/line__273  File: /home/work1/Works/AI-Trigger-System/HDL/rtl/CNN_CORE_LANE.vhd
Note: LANE3 started=15 fifo_empty='0' fifo_data_valid='1' ready='0'
Time: 75082500 ps  Iteration: 0  Process: /tb_AI_TRIGGER_TOP/dut/u_DUT/\gen_lanes(3)\/u_LANE/line__273  File: /home/work1/Works/AI-Trigger-System/HDL/rtl/CNN_CORE_LANE.vhd
Note: LANE3 ADC busy_clear stream_done_seen='1' wr_count=0
Time: 75094 ns  Iteration: 0  Process: /tb_AI_TRIGGER_TOP/dut/u_DUT/\gen_lanes(3)\/u_LANE/line__191  File: /home/work1/Works/AI-Trigger-System/HDL/rtl/CNN_CORE_LANE.vhd
Note: LANE3 CNN output_valid score_raw=-4550 started=15
Time: 75307500 ps  Iteration: 0  Process: /tb_AI_TRIGGER_TOP/dut/u_DUT/\gen_lanes(3)\/u_LANE/line__273  File: /home/work1/Works/AI-Trigger-System/HDL/rtl/CNN_CORE_LANE.vhd
    73 | 0x003fee3a    |     -2.221680 |     0 |    0 |      1.010
Note: DIST chunk_start seq=74 lane=4 busy='0'
Time: 75350 ns  Iteration: 0  Process: /tb_AI_TRIGGER_TOP/dut/u_DUT/u_DIST/line__134  File: /home/work1/Works/AI-Trigger-System/HDL/rtl/ADC_CHUNK_DISTRIBUTOR.vhd
Note: LANE4 ADC chunk_accept count=15 fifo_full='0'
Time: 75350 ns  Iteration: 0  Process: /tb_AI_TRIGGER_TOP/dut/u_DUT/\gen_lanes(4)\/u_LANE/line__191  File: /home/work1/Works/AI-Trigger-System/HDL/rtl/CNN_CORE_LANE.vhd
Note: LANE4 started_next=15 fifo_empty='0' fifo_data_valid='1' ready='0' idle='1'
Time: 75387500 ps  Iteration: 0  Process: /tb_AI_TRIGGER_TOP/dut/u_DUT/\gen_lanes(4)\/u_LANE/line__273  File: /home/work1/Works/AI-Trigger-System/HDL/rtl/CNN_CORE_LANE.vhd
Note: LANE4 started=15 fifo_empty='0' fifo_data_valid='1' ready='0'
Time: 76097500 ps  Iteration: 0  Process: /tb_AI_TRIGGER_TOP/dut/u_DUT/\gen_lanes(4)\/u_LANE/line__273  File: /home/work1/Works/AI-Trigger-System/HDL/rtl/CNN_CORE_LANE.vhd
Note: LANE4 ADC busy_clear stream_done_seen='1' wr_count=0
Time: 76106 ns  Iteration: 0  Process: /tb_AI_TRIGGER_TOP/dut/u_DUT/\gen_lanes(4)\/u_LANE/line__191  File: /home/work1/Works/AI-Trigger-System/HDL/rtl/CNN_CORE_LANE.vhd
Note: LANE4 CNN output_valid score_raw=-4560 started=15
Time: 76322500 ps  Iteration: 0  Process: /tb_AI_TRIGGER_TOP/dut/u_DUT/\gen_lanes(4)\/u_LANE/line__273  File: /home/work1/Works/AI-Trigger-System/HDL/rtl/CNN_CORE_LANE.vhd
    74 | 0x003fee30    |     -2.226562 |     0 |    0 |      1.015
Note: DIST chunk_start seq=75 lane=0 busy='0'
Time: 76366 ns  Iteration: 0  Process: /tb_AI_TRIGGER_TOP/dut/u_DUT/u_DIST/line__134  File: /home/work1/Works/AI-Trigger-System/HDL/rtl/ADC_CHUNK_DISTRIBUTOR.vhd
Note: LANE0 ADC chunk_accept count=0 fifo_full='0'
Time: 76366 ns  Iteration: 0  Process: /tb_AI_TRIGGER_TOP/dut/u_DUT/\gen_lanes(0)\/u_LANE/line__191  File: /home/work1/Works/AI-Trigger-System/HDL/rtl/CNN_CORE_LANE.vhd
Note: LANE0 started_next=0 fifo_empty='0' fifo_data_valid='1' ready='0' idle='1'
Time: 76402500 ps  Iteration: 0  Process: /tb_AI_TRIGGER_TOP/dut/u_DUT/\gen_lanes(0)\/u_LANE/line__273  File: /home/work1/Works/AI-Trigger-System/HDL/rtl/CNN_CORE_LANE.vhd
Note: LANE0 started=0 fifo_empty='0' fifo_data_valid='1' ready='0'
Time: 77112500 ps  Iteration: 0  Process: /tb_AI_TRIGGER_TOP/dut/u_DUT/\gen_lanes(0)\/u_LANE/line__273  File: /home/work1/Works/AI-Trigger-System/HDL/rtl/CNN_CORE_LANE.vhd
Note: LANE0 ADC busy_clear stream_done_seen='0' wr_count=0
Time: 77122 ns  Iteration: 0  Process: /tb_AI_TRIGGER_TOP/dut/u_DUT/\gen_lanes(0)\/u_LANE/line__191  File: /home/work1/Works/AI-Trigger-System/HDL/rtl/CNN_CORE_LANE.vhd
Note: LANE0 CNN output_valid score_raw=-4684 started=0
Time: 77337500 ps  Iteration: 0  Process: /tb_AI_TRIGGER_TOP/dut/u_DUT/\gen_lanes(0)\/u_LANE/line__273  File: /home/work1/Works/AI-Trigger-System/HDL/rtl/CNN_CORE_LANE.vhd
    75 | 0x003fedb4    |     -2.287109 |     0 |    0 |      1.015
Note: DIST chunk_start seq=76 lane=1 busy='0'
Time: 77382 ns  Iteration: 0  Process: /tb_AI_TRIGGER_TOP/dut/u_DUT/u_DIST/line__134  File: /home/work1/Works/AI-Trigger-System/HDL/rtl/ADC_CHUNK_DISTRIBUTOR.vhd
Note: LANE1 ADC chunk_accept count=0 fifo_full='0'
Time: 77382 ns  Iteration: 0  Process: /tb_AI_TRIGGER_TOP/dut/u_DUT/\gen_lanes(1)\/u_LANE/line__191  File: /home/work1/Works/AI-Trigger-System/HDL/rtl/CNN_CORE_LANE.vhd
Note: LANE1 started_next=0 fifo_empty='0' fifo_data_valid='1' ready='0' idle='1'
Time: 77417500 ps  Iteration: 0  Process: /tb_AI_TRIGGER_TOP/dut/u_DUT/\gen_lanes(1)\/u_LANE/line__273  File: /home/work1/Works/AI-Trigger-System/HDL/rtl/CNN_CORE_LANE.vhd
Note: LANE1 started=0 fifo_empty='0' fifo_data_valid='1' ready='0'
Time: 78127500 ps  Iteration: 0  Process: /tb_AI_TRIGGER_TOP/dut/u_DUT/\gen_lanes(1)\/u_LANE/line__273  File: /home/work1/Works/AI-Trigger-System/HDL/rtl/CNN_CORE_LANE.vhd
Note: LANE1 ADC busy_clear stream_done_seen='0' wr_count=0
Time: 78138 ns  Iteration: 0  Process: /tb_AI_TRIGGER_TOP/dut/u_DUT/\gen_lanes(1)\/u_LANE/line__191  File: /home/work1/Works/AI-Trigger-System/HDL/rtl/CNN_CORE_LANE.vhd
Note: LANE1 CNN output_valid score_raw=-4515 started=0
Time: 78352500 ps  Iteration: 0  Process: /tb_AI_TRIGGER_TOP/dut/u_DUT/\gen_lanes(1)\/u_LANE/line__273  File: /home/work1/Works/AI-Trigger-System/HDL/rtl/CNN_CORE_LANE.vhd
    76 | 0x003fee5d    |     -2.204590 |     0 |    0 |      1.015
Note: DIST chunk_start seq=77 lane=2 busy='0'
Time: 78398 ns  Iteration: 0  Process: /tb_AI_TRIGGER_TOP/dut/u_DUT/u_DIST/line__134  File: /home/work1/Works/AI-Trigger-System/HDL/rtl/ADC_CHUNK_DISTRIBUTOR.vhd
Note: LANE2 ADC chunk_accept count=0 fifo_full='0'
Time: 78398 ns  Iteration: 0  Process: /tb_AI_TRIGGER_TOP/dut/u_DUT/\gen_lanes(2)\/u_LANE/line__191  File: /home/work1/Works/AI-Trigger-System/HDL/rtl/CNN_CORE_LANE.vhd
Note: LANE2 started_next=0 fifo_empty='0' fifo_data_valid='1' ready='0' idle='1'
Time: 78432500 ps  Iteration: 0  Process: /tb_AI_TRIGGER_TOP/dut/u_DUT/\gen_lanes(2)\/u_LANE/line__273  File: /home/work1/Works/AI-Trigger-System/HDL/rtl/CNN_CORE_LANE.vhd
Note: LANE2 started=0 fifo_empty='0' fifo_data_valid='1' ready='0'
Time: 79142500 ps  Iteration: 0  Process: /tb_AI_TRIGGER_TOP/dut/u_DUT/\gen_lanes(2)\/u_LANE/line__273  File: /home/work1/Works/AI-Trigger-System/HDL/rtl/CNN_CORE_LANE.vhd
Note: LANE2 ADC busy_clear stream_done_seen='0' wr_count=0
Time: 79154 ns  Iteration: 0  Process: /tb_AI_TRIGGER_TOP/dut/u_DUT/\gen_lanes(2)\/u_LANE/line__191  File: /home/work1/Works/AI-Trigger-System/HDL/rtl/CNN_CORE_LANE.vhd
Note: LANE2 CNN output_valid score_raw=-4812 started=0
Time: 79367500 ps  Iteration: 0  Process: /tb_AI_TRIGGER_TOP/dut/u_DUT/\gen_lanes(2)\/u_LANE/line__273  File: /home/work1/Works/AI-Trigger-System/HDL/rtl/CNN_CORE_LANE.vhd
    77 | 0x003fed34    |     -2.349609 |     0 |    0 |      1.010
Note: DIST chunk_start seq=78 lane=3 busy='0'
Time: 79410 ns  Iteration: 0  Process: /tb_AI_TRIGGER_TOP/dut/u_DUT/u_DIST/line__134  File: /home/work1/Works/AI-Trigger-System/HDL/rtl/ADC_CHUNK_DISTRIBUTOR.vhd
Note: LANE3 ADC chunk_accept count=0 fifo_full='0'
Time: 79410 ns  Iteration: 0  Process: /tb_AI_TRIGGER_TOP/dut/u_DUT/\gen_lanes(3)\/u_LANE/line__191  File: /home/work1/Works/AI-Trigger-System/HDL/rtl/CNN_CORE_LANE.vhd
Note: LANE3 started_next=0 fifo_empty='0' fifo_data_valid='1' ready='0' idle='1'
Time: 79447500 ps  Iteration: 0  Process: /tb_AI_TRIGGER_TOP/dut/u_DUT/\gen_lanes(3)\/u_LANE/line__273  File: /home/work1/Works/AI-Trigger-System/HDL/rtl/CNN_CORE_LANE.vhd
Note: LANE3 started=0 fifo_empty='0' fifo_data_valid='1' ready='0'
Time: 80157500 ps  Iteration: 0  Process: /tb_AI_TRIGGER_TOP/dut/u_DUT/\gen_lanes(3)\/u_LANE/line__273  File: /home/work1/Works/AI-Trigger-System/HDL/rtl/CNN_CORE_LANE.vhd
Note: LANE3 ADC busy_clear stream_done_seen='0' wr_count=0
Time: 80166 ns  Iteration: 0  Process: /tb_AI_TRIGGER_TOP/dut/u_DUT/\gen_lanes(3)\/u_LANE/line__191  File: /home/work1/Works/AI-Trigger-System/HDL/rtl/CNN_CORE_LANE.vhd
Note: LANE3 CNN output_valid score_raw=-4907 started=0
Time: 80382500 ps  Iteration: 0  Process: /tb_AI_TRIGGER_TOP/dut/u_DUT/\gen_lanes(3)\/u_LANE/line__273  File: /home/work1/Works/AI-Trigger-System/HDL/rtl/CNN_CORE_LANE.vhd
    78 | 0x003fecd5    |     -2.395996 |     0 |    0 |      1.015
Note: DIST chunk_start seq=79 lane=4 busy='0'
Time: 80426 ns  Iteration: 0  Process: /tb_AI_TRIGGER_TOP/dut/u_DUT/u_DIST/line__134  File: /home/work1/Works/AI-Trigger-System/HDL/rtl/ADC_CHUNK_DISTRIBUTOR.vhd
Note: LANE4 ADC chunk_accept count=0 fifo_full='0'
Time: 80426 ns  Iteration: 0  Process: /tb_AI_TRIGGER_TOP/dut/u_DUT/\gen_lanes(4)\/u_LANE/line__191  File: /home/work1/Works/AI-Trigger-System/HDL/rtl/CNN_CORE_LANE.vhd
Note: LANE4 started_next=0 fifo_empty='0' fifo_data_valid='1' ready='0' idle='1'
Time: 80462500 ps  Iteration: 0  Process: /tb_AI_TRIGGER_TOP/dut/u_DUT/\gen_lanes(4)\/u_LANE/line__273  File: /home/work1/Works/AI-Trigger-System/HDL/rtl/CNN_CORE_LANE.vhd
Note: LANE4 started=0 fifo_empty='0' fifo_data_valid='1' ready='0'
Time: 81172500 ps  Iteration: 0  Process: /tb_AI_TRIGGER_TOP/dut/u_DUT/\gen_lanes(4)\/u_LANE/line__273  File: /home/work1/Works/AI-Trigger-System/HDL/rtl/CNN_CORE_LANE.vhd
Note: LANE4 ADC busy_clear stream_done_seen='0' wr_count=0
Time: 81182 ns  Iteration: 0  Process: /tb_AI_TRIGGER_TOP/dut/u_DUT/\gen_lanes(4)\/u_LANE/line__191  File: /home/work1/Works/AI-Trigger-System/HDL/rtl/CNN_CORE_LANE.vhd
Note: LANE4 CNN output_valid score_raw=-4636 started=0
Time: 81397500 ps  Iteration: 0  Process: /tb_AI_TRIGGER_TOP/dut/u_DUT/\gen_lanes(4)\/u_LANE/line__273  File: /home/work1/Works/AI-Trigger-System/HDL/rtl/CNN_CORE_LANE.vhd
    79 | 0x003fede4    |     -2.263672 |     0 |    0 |      1.015
Note: DIST chunk_start seq=80 lane=0 busy='0'
Time: 81442 ns  Iteration: 0  Process: /tb_AI_TRIGGER_TOP/dut/u_DUT/u_DIST/line__134  File: /home/work1/Works/AI-Trigger-System/HDL/rtl/ADC_CHUNK_DISTRIBUTOR.vhd
Note: LANE0 ADC chunk_accept count=1 fifo_full='0'
Time: 81442 ns  Iteration: 0  Process: /tb_AI_TRIGGER_TOP/dut/u_DUT/\gen_lanes(0)\/u_LANE/line__191  File: /home/work1/Works/AI-Trigger-System/HDL/rtl/CNN_CORE_LANE.vhd
Note: LANE0 started_next=1 fifo_empty='0' fifo_data_valid='1' ready='0' idle='1'
Time: 81477500 ps  Iteration: 0  Process: /tb_AI_TRIGGER_TOP/dut/u_DUT/\gen_lanes(0)\/u_LANE/line__273  File: /home/work1/Works/AI-Trigger-System/HDL/rtl/CNN_CORE_LANE.vhd
Note: LANE0 started=1 fifo_empty='0' fifo_data_valid='1' ready='0'
Time: 82187500 ps  Iteration: 0  Process: /tb_AI_TRIGGER_TOP/dut/u_DUT/\gen_lanes(0)\/u_LANE/line__273  File: /home/work1/Works/AI-Trigger-System/HDL/rtl/CNN_CORE_LANE.vhd
Note: LANE0 ADC busy_clear stream_done_seen='1' wr_count=0
Time: 82198 ns  Iteration: 0  Process: /tb_AI_TRIGGER_TOP/dut/u_DUT/\gen_lanes(0)\/u_LANE/line__191  File: /home/work1/Works/AI-Trigger-System/HDL/rtl/CNN_CORE_LANE.vhd
Note: LANE0 CNN output_valid score_raw=-4521 started=1
Time: 82412500 ps  Iteration: 0  Process: /tb_AI_TRIGGER_TOP/dut/u_DUT/\gen_lanes(0)\/u_LANE/line__273  File: /home/work1/Works/AI-Trigger-System/HDL/rtl/CNN_CORE_LANE.vhd
    80 | 0x003fee57    |     -2.207520 |     0 |    0 |      1.015
Note: DIST chunk_start seq=81 lane=1 busy='0'
Time: 82458 ns  Iteration: 0  Process: /tb_AI_TRIGGER_TOP/dut/u_DUT/u_DIST/line__134  File: /home/work1/Works/AI-Trigger-System/HDL/rtl/ADC_CHUNK_DISTRIBUTOR.vhd
Note: LANE1 ADC chunk_accept count=1 fifo_full='0'
Time: 82458 ns  Iteration: 0  Process: /tb_AI_TRIGGER_TOP/dut/u_DUT/\gen_lanes(1)\/u_LANE/line__191  File: /home/work1/Works/AI-Trigger-System/HDL/rtl/CNN_CORE_LANE.vhd
Note: LANE1 started_next=1 fifo_empty='0' fifo_data_valid='1' ready='0' idle='1'
Time: 82492500 ps  Iteration: 0  Process: /tb_AI_TRIGGER_TOP/dut/u_DUT/\gen_lanes(1)\/u_LANE/line__273  File: /home/work1/Works/AI-Trigger-System/HDL/rtl/CNN_CORE_LANE.vhd
Note: LANE1 started=1 fifo_empty='0' fifo_data_valid='1' ready='0'
Time: 83202500 ps  Iteration: 0  Process: /tb_AI_TRIGGER_TOP/dut/u_DUT/\gen_lanes(1)\/u_LANE/line__273  File: /home/work1/Works/AI-Trigger-System/HDL/rtl/CNN_CORE_LANE.vhd
Note: LANE1 ADC busy_clear stream_done_seen='1' wr_count=0
Time: 83214 ns  Iteration: 0  Process: /tb_AI_TRIGGER_TOP/dut/u_DUT/\gen_lanes(1)\/u_LANE/line__191  File: /home/work1/Works/AI-Trigger-System/HDL/rtl/CNN_CORE_LANE.vhd
Note: LANE1 CNN output_valid score_raw=-4651 started=1
Time: 83427500 ps  Iteration: 0  Process: /tb_AI_TRIGGER_TOP/dut/u_DUT/\gen_lanes(1)\/u_LANE/line__273  File: /home/work1/Works/AI-Trigger-System/HDL/rtl/CNN_CORE_LANE.vhd
    81 | 0x003fedd5    |     -2.270996 |     0 |    0 |      1.010
Note: DIST chunk_start seq=82 lane=2 busy='0'
Time: 83470 ns  Iteration: 0  Process: /tb_AI_TRIGGER_TOP/dut/u_DUT/u_DIST/line__134  File: /home/work1/Works/AI-Trigger-System/HDL/rtl/ADC_CHUNK_DISTRIBUTOR.vhd
Note: LANE2 ADC chunk_accept count=1 fifo_full='0'
Time: 83470 ns  Iteration: 0  Process: /tb_AI_TRIGGER_TOP/dut/u_DUT/\gen_lanes(2)\/u_LANE/line__191  File: /home/work1/Works/AI-Trigger-System/HDL/rtl/CNN_CORE_LANE.vhd
Note: LANE2 started_next=1 fifo_empty='0' fifo_data_valid='1' ready='0' idle='1'
Time: 83507500 ps  Iteration: 0  Process: /tb_AI_TRIGGER_TOP/dut/u_DUT/\gen_lanes(2)\/u_LANE/line__273  File: /home/work1/Works/AI-Trigger-System/HDL/rtl/CNN_CORE_LANE.vhd
Note: LANE2 started=1 fifo_empty='0' fifo_data_valid='1' ready='0'
Time: 84217500 ps  Iteration: 0  Process: /tb_AI_TRIGGER_TOP/dut/u_DUT/\gen_lanes(2)\/u_LANE/line__273  File: /home/work1/Works/AI-Trigger-System/HDL/rtl/CNN_CORE_LANE.vhd
Note: LANE2 ADC busy_clear stream_done_seen='1' wr_count=0
Time: 84226 ns  Iteration: 0  Process: /tb_AI_TRIGGER_TOP/dut/u_DUT/\gen_lanes(2)\/u_LANE/line__191  File: /home/work1/Works/AI-Trigger-System/HDL/rtl/CNN_CORE_LANE.vhd
Note: LANE2 CNN output_valid score_raw=-4422 started=1
Time: 84442500 ps  Iteration: 0  Process: /tb_AI_TRIGGER_TOP/dut/u_DUT/\gen_lanes(2)\/u_LANE/line__273  File: /home/work1/Works/AI-Trigger-System/HDL/rtl/CNN_CORE_LANE.vhd
    82 | 0x003feeba    |     -2.159180 |     0 |    0 |      1.015
Note: DIST chunk_start seq=83 lane=3 busy='0'
Time: 84486 ns  Iteration: 0  Process: /tb_AI_TRIGGER_TOP/dut/u_DUT/u_DIST/line__134  File: /home/work1/Works/AI-Trigger-System/HDL/rtl/ADC_CHUNK_DISTRIBUTOR.vhd
Note: LANE3 ADC chunk_accept count=1 fifo_full='0'
Time: 84486 ns  Iteration: 0  Process: /tb_AI_TRIGGER_TOP/dut/u_DUT/\gen_lanes(3)\/u_LANE/line__191  File: /home/work1/Works/AI-Trigger-System/HDL/rtl/CNN_CORE_LANE.vhd
Note: LANE3 started_next=1 fifo_empty='0' fifo_data_valid='1' ready='0' idle='1'
Time: 84522500 ps  Iteration: 0  Process: /tb_AI_TRIGGER_TOP/dut/u_DUT/\gen_lanes(3)\/u_LANE/line__273  File: /home/work1/Works/AI-Trigger-System/HDL/rtl/CNN_CORE_LANE.vhd
Note: LANE3 started=1 fifo_empty='0' fifo_data_valid='1' ready='0'
Time: 85232500 ps  Iteration: 0  Process: /tb_AI_TRIGGER_TOP/dut/u_DUT/\gen_lanes(3)\/u_LANE/line__273  File: /home/work1/Works/AI-Trigger-System/HDL/rtl/CNN_CORE_LANE.vhd
Note: LANE3 ADC busy_clear stream_done_seen='1' wr_count=0
Time: 85242 ns  Iteration: 0  Process: /tb_AI_TRIGGER_TOP/dut/u_DUT/\gen_lanes(3)\/u_LANE/line__191  File: /home/work1/Works/AI-Trigger-System/HDL/rtl/CNN_CORE_LANE.vhd
Note: LANE3 CNN output_valid score_raw=-4786 started=1
Time: 85457500 ps  Iteration: 0  Process: /tb_AI_TRIGGER_TOP/dut/u_DUT/\gen_lanes(3)\/u_LANE/line__273  File: /home/work1/Works/AI-Trigger-System/HDL/rtl/CNN_CORE_LANE.vhd
    83 | 0x003fed4e    |     -2.336914 |     0 |    0 |      1.015
Note: DIST chunk_start seq=84 lane=4 busy='0'
Time: 85502 ns  Iteration: 0  Process: /tb_AI_TRIGGER_TOP/dut/u_DUT/u_DIST/line__134  File: /home/work1/Works/AI-Trigger-System/HDL/rtl/ADC_CHUNK_DISTRIBUTOR.vhd
Note: LANE4 ADC chunk_accept count=1 fifo_full='0'
Time: 85502 ns  Iteration: 0  Process: /tb_AI_TRIGGER_TOP/dut/u_DUT/\gen_lanes(4)\/u_LANE/line__191  File: /home/work1/Works/AI-Trigger-System/HDL/rtl/CNN_CORE_LANE.vhd
Note: LANE4 started_next=1 fifo_empty='0' fifo_data_valid='1' ready='0' idle='1'
Time: 85537500 ps  Iteration: 0  Process: /tb_AI_TRIGGER_TOP/dut/u_DUT/\gen_lanes(4)\/u_LANE/line__273  File: /home/work1/Works/AI-Trigger-System/HDL/rtl/CNN_CORE_LANE.vhd
Note: LANE4 started=1 fifo_empty='0' fifo_data_valid='1' ready='0'
Time: 86247500 ps  Iteration: 0  Process: /tb_AI_TRIGGER_TOP/dut/u_DUT/\gen_lanes(4)\/u_LANE/line__273  File: /home/work1/Works/AI-Trigger-System/HDL/rtl/CNN_CORE_LANE.vhd
Note: LANE4 ADC busy_clear stream_done_seen='1' wr_count=0
Time: 86258 ns  Iteration: 0  Process: /tb_AI_TRIGGER_TOP/dut/u_DUT/\gen_lanes(4)\/u_LANE/line__191  File: /home/work1/Works/AI-Trigger-System/HDL/rtl/CNN_CORE_LANE.vhd
Note: LANE4 CNN output_valid score_raw=-4629 started=1
Time: 86472500 ps  Iteration: 0  Process: /tb_AI_TRIGGER_TOP/dut/u_DUT/\gen_lanes(4)\/u_LANE/line__273  File: /home/work1/Works/AI-Trigger-System/HDL/rtl/CNN_CORE_LANE.vhd
    84 | 0x003fedeb    |     -2.260254 |     0 |    0 |      1.015
Note: DIST chunk_start seq=85 lane=0 busy='0'
Time: 86518 ns  Iteration: 0  Process: /tb_AI_TRIGGER_TOP/dut/u_DUT/u_DIST/line__134  File: /home/work1/Works/AI-Trigger-System/HDL/rtl/ADC_CHUNK_DISTRIBUTOR.vhd
Note: LANE0 ADC chunk_accept count=2 fifo_full='0'
Time: 86518 ns  Iteration: 0  Process: /tb_AI_TRIGGER_TOP/dut/u_DUT/\gen_lanes(0)\/u_LANE/line__191  File: /home/work1/Works/AI-Trigger-System/HDL/rtl/CNN_CORE_LANE.vhd
Note: LANE0 started_next=2 fifo_empty='0' fifo_data_valid='1' ready='0' idle='1'
Time: 86552500 ps  Iteration: 0  Process: /tb_AI_TRIGGER_TOP/dut/u_DUT/\gen_lanes(0)\/u_LANE/line__273  File: /home/work1/Works/AI-Trigger-System/HDL/rtl/CNN_CORE_LANE.vhd
Note: LANE0 started=2 fifo_empty='0' fifo_data_valid='1' ready='0'
Time: 87262500 ps  Iteration: 0  Process: /tb_AI_TRIGGER_TOP/dut/u_DUT/\gen_lanes(0)\/u_LANE/line__273  File: /home/work1/Works/AI-Trigger-System/HDL/rtl/CNN_CORE_LANE.vhd
Note: LANE0 ADC busy_clear stream_done_seen='0' wr_count=0
Time: 87274 ns  Iteration: 0  Process: /tb_AI_TRIGGER_TOP/dut/u_DUT/\gen_lanes(0)\/u_LANE/line__191  File: /home/work1/Works/AI-Trigger-System/HDL/rtl/CNN_CORE_LANE.vhd
Note: LANE0 CNN output_valid score_raw=-4284 started=2
Time: 87487500 ps  Iteration: 0  Process: /tb_AI_TRIGGER_TOP/dut/u_DUT/\gen_lanes(0)\/u_LANE/line__273  File: /home/work1/Works/AI-Trigger-System/HDL/rtl/CNN_CORE_LANE.vhd
    85 | 0x003fef44    |     -2.091797 |     0 |    0 |      1.010
Note: DIST chunk_start seq=86 lane=1 busy='0'
Time: 87530 ns  Iteration: 0  Process: /tb_AI_TRIGGER_TOP/dut/u_DUT/u_DIST/line__134  File: /home/work1/Works/AI-Trigger-System/HDL/rtl/ADC_CHUNK_DISTRIBUTOR.vhd
Note: LANE1 ADC chunk_accept count=2 fifo_full='0'
Time: 87530 ns  Iteration: 0  Process: /tb_AI_TRIGGER_TOP/dut/u_DUT/\gen_lanes(1)\/u_LANE/line__191  File: /home/work1/Works/AI-Trigger-System/HDL/rtl/CNN_CORE_LANE.vhd
Note: LANE1 started_next=2 fifo_empty='0' fifo_data_valid='1' ready='0' idle='1'
Time: 87567500 ps  Iteration: 0  Process: /tb_AI_TRIGGER_TOP/dut/u_DUT/\gen_lanes(1)\/u_LANE/line__273  File: /home/work1/Works/AI-Trigger-System/HDL/rtl/CNN_CORE_LANE.vhd
Note: LANE1 started=2 fifo_empty='0' fifo_data_valid='1' ready='0'
Time: 88277500 ps  Iteration: 0  Process: /tb_AI_TRIGGER_TOP/dut/u_DUT/\gen_lanes(1)\/u_LANE/line__273  File: /home/work1/Works/AI-Trigger-System/HDL/rtl/CNN_CORE_LANE.vhd
Note: LANE1 ADC busy_clear stream_done_seen='0' wr_count=0
Time: 88286 ns  Iteration: 0  Process: /tb_AI_TRIGGER_TOP/dut/u_DUT/\gen_lanes(1)\/u_LANE/line__191  File: /home/work1/Works/AI-Trigger-System/HDL/rtl/CNN_CORE_LANE.vhd
Note: LANE1 CNN output_valid score_raw=-4353 started=2
Time: 88502500 ps  Iteration: 0  Process: /tb_AI_TRIGGER_TOP/dut/u_DUT/\gen_lanes(1)\/u_LANE/line__273  File: /home/work1/Works/AI-Trigger-System/HDL/rtl/CNN_CORE_LANE.vhd
    86 | 0x003feeff    |     -2.125488 |     0 |    0 |      1.015
Note: DIST chunk_start seq=87 lane=2 busy='0'
Time: 88546 ns  Iteration: 0  Process: /tb_AI_TRIGGER_TOP/dut/u_DUT/u_DIST/line__134  File: /home/work1/Works/AI-Trigger-System/HDL/rtl/ADC_CHUNK_DISTRIBUTOR.vhd
Note: LANE2 ADC chunk_accept count=2 fifo_full='0'
Time: 88546 ns  Iteration: 0  Process: /tb_AI_TRIGGER_TOP/dut/u_DUT/\gen_lanes(2)\/u_LANE/line__191  File: /home/work1/Works/AI-Trigger-System/HDL/rtl/CNN_CORE_LANE.vhd
Note: LANE2 started_next=2 fifo_empty='0' fifo_data_valid='1' ready='0' idle='1'
Time: 88582500 ps  Iteration: 0  Process: /tb_AI_TRIGGER_TOP/dut/u_DUT/\gen_lanes(2)\/u_LANE/line__273  File: /home/work1/Works/AI-Trigger-System/HDL/rtl/CNN_CORE_LANE.vhd
Note: LANE2 started=2 fifo_empty='0' fifo_data_valid='1' ready='0'
Time: 89292500 ps  Iteration: 0  Process: /tb_AI_TRIGGER_TOP/dut/u_DUT/\gen_lanes(2)\/u_LANE/line__273  File: /home/work1/Works/AI-Trigger-System/HDL/rtl/CNN_CORE_LANE.vhd
Note: LANE2 ADC busy_clear stream_done_seen='0' wr_count=0
Time: 89302 ns  Iteration: 0  Process: /tb_AI_TRIGGER_TOP/dut/u_DUT/\gen_lanes(2)\/u_LANE/line__191  File: /home/work1/Works/AI-Trigger-System/HDL/rtl/CNN_CORE_LANE.vhd
Note: LANE2 CNN output_valid score_raw=-4599 started=2
Time: 89517500 ps  Iteration: 0  Process: /tb_AI_TRIGGER_TOP/dut/u_DUT/\gen_lanes(2)\/u_LANE/line__273  File: /home/work1/Works/AI-Trigger-System/HDL/rtl/CNN_CORE_LANE.vhd
    87 | 0x003fee09    |     -2.245605 |     0 |    0 |      1.015
Note: DIST chunk_start seq=88 lane=3 busy='0'
Time: 89562 ns  Iteration: 0  Process: /tb_AI_TRIGGER_TOP/dut/u_DUT/u_DIST/line__134  File: /home/work1/Works/AI-Trigger-System/HDL/rtl/ADC_CHUNK_DISTRIBUTOR.vhd
Note: LANE3 ADC chunk_accept count=2 fifo_full='0'
Time: 89562 ns  Iteration: 0  Process: /tb_AI_TRIGGER_TOP/dut/u_DUT/\gen_lanes(3)\/u_LANE/line__191  File: /home/work1/Works/AI-Trigger-System/HDL/rtl/CNN_CORE_LANE.vhd
Note: LANE3 started_next=2 fifo_empty='0' fifo_data_valid='1' ready='0' idle='1'
Time: 89597500 ps  Iteration: 0  Process: /tb_AI_TRIGGER_TOP/dut/u_DUT/\gen_lanes(3)\/u_LANE/line__273  File: /home/work1/Works/AI-Trigger-System/HDL/rtl/CNN_CORE_LANE.vhd
Note: LANE3 started=2 fifo_empty='0' fifo_data_valid='1' ready='0'
Time: 90307500 ps  Iteration: 0  Process: /tb_AI_TRIGGER_TOP/dut/u_DUT/\gen_lanes(3)\/u_LANE/line__273  File: /home/work1/Works/AI-Trigger-System/HDL/rtl/CNN_CORE_LANE.vhd
Note: LANE3 ADC busy_clear stream_done_seen='0' wr_count=0
Time: 90318 ns  Iteration: 0  Process: /tb_AI_TRIGGER_TOP/dut/u_DUT/\gen_lanes(3)\/u_LANE/line__191  File: /home/work1/Works/AI-Trigger-System/HDL/rtl/CNN_CORE_LANE.vhd
Note: LANE3 CNN output_valid score_raw=-4346 started=2
Time: 90532500 ps  Iteration: 0  Process: /tb_AI_TRIGGER_TOP/dut/u_DUT/\gen_lanes(3)\/u_LANE/line__273  File: /home/work1/Works/AI-Trigger-System/HDL/rtl/CNN_CORE_LANE.vhd
    88 | 0x003fef06    |     -2.122070 |     0 |    0 |      1.015
Note: DIST chunk_start seq=89 lane=4 busy='0'
Time: 90578 ns  Iteration: 0  Process: /tb_AI_TRIGGER_TOP/dut/u_DUT/u_DIST/line__134  File: /home/work1/Works/AI-Trigger-System/HDL/rtl/ADC_CHUNK_DISTRIBUTOR.vhd
Note: LANE4 ADC chunk_accept count=2 fifo_full='0'
Time: 90578 ns  Iteration: 0  Process: /tb_AI_TRIGGER_TOP/dut/u_DUT/\gen_lanes(4)\/u_LANE/line__191  File: /home/work1/Works/AI-Trigger-System/HDL/rtl/CNN_CORE_LANE.vhd
Note: LANE4 started_next=2 fifo_empty='0' fifo_data_valid='1' ready='0' idle='1'
Time: 90612500 ps  Iteration: 0  Process: /tb_AI_TRIGGER_TOP/dut/u_DUT/\gen_lanes(4)\/u_LANE/line__273  File: /home/work1/Works/AI-Trigger-System/HDL/rtl/CNN_CORE_LANE.vhd
Note: LANE4 started=2 fifo_empty='0' fifo_data_valid='1' ready='0'
Time: 91322500 ps  Iteration: 0  Process: /tb_AI_TRIGGER_TOP/dut/u_DUT/\gen_lanes(4)\/u_LANE/line__273  File: /home/work1/Works/AI-Trigger-System/HDL/rtl/CNN_CORE_LANE.vhd
Note: LANE4 ADC busy_clear stream_done_seen='0' wr_count=0
Time: 91334 ns  Iteration: 0  Process: /tb_AI_TRIGGER_TOP/dut/u_DUT/\gen_lanes(4)\/u_LANE/line__191  File: /home/work1/Works/AI-Trigger-System/HDL/rtl/CNN_CORE_LANE.vhd
Note: LANE4 CNN output_valid score_raw=-4659 started=2
Time: 91547500 ps  Iteration: 0  Process: /tb_AI_TRIGGER_TOP/dut/u_DUT/\gen_lanes(4)\/u_LANE/line__273  File: /home/work1/Works/AI-Trigger-System/HDL/rtl/CNN_CORE_LANE.vhd
    89 | 0x003fedcd    |     -2.274902 |     0 |    0 |      1.010
Note: DIST chunk_start seq=90 lane=0 busy='0'
Time: 91590 ns  Iteration: 0  Process: /tb_AI_TRIGGER_TOP/dut/u_DUT/u_DIST/line__134  File: /home/work1/Works/AI-Trigger-System/HDL/rtl/ADC_CHUNK_DISTRIBUTOR.vhd
Note: LANE0 ADC chunk_accept count=3 fifo_full='0'
Time: 91590 ns  Iteration: 0  Process: /tb_AI_TRIGGER_TOP/dut/u_DUT/\gen_lanes(0)\/u_LANE/line__191  File: /home/work1/Works/AI-Trigger-System/HDL/rtl/CNN_CORE_LANE.vhd
Note: LANE0 started_next=3 fifo_empty='0' fifo_data_valid='1' ready='0' idle='1'
Time: 91627500 ps  Iteration: 0  Process: /tb_AI_TRIGGER_TOP/dut/u_DUT/\gen_lanes(0)\/u_LANE/line__273  File: /home/work1/Works/AI-Trigger-System/HDL/rtl/CNN_CORE_LANE.vhd
Note: LANE0 started=3 fifo_empty='0' fifo_data_valid='1' ready='0'
Time: 92337500 ps  Iteration: 0  Process: /tb_AI_TRIGGER_TOP/dut/u_DUT/\gen_lanes(0)\/u_LANE/line__273  File: /home/work1/Works/AI-Trigger-System/HDL/rtl/CNN_CORE_LANE.vhd
Note: LANE0 ADC busy_clear stream_done_seen='1' wr_count=0
Time: 92346 ns  Iteration: 0  Process: /tb_AI_TRIGGER_TOP/dut/u_DUT/\gen_lanes(0)\/u_LANE/line__191  File: /home/work1/Works/AI-Trigger-System/HDL/rtl/CNN_CORE_LANE.vhd
Note: LANE0 CNN output_valid score_raw=-4608 started=3
Time: 92562500 ps  Iteration: 0  Process: /tb_AI_TRIGGER_TOP/dut/u_DUT/\gen_lanes(0)\/u_LANE/line__273  File: /home/work1/Works/AI-Trigger-System/HDL/rtl/CNN_CORE_LANE.vhd
    90 | 0x003fee00    |     -2.250000 |     0 |    0 |      1.015
Note: DIST chunk_start seq=91 lane=1 busy='0'
Time: 92606 ns  Iteration: 0  Process: /tb_AI_TRIGGER_TOP/dut/u_DUT/u_DIST/line__134  File: /home/work1/Works/AI-Trigger-System/HDL/rtl/ADC_CHUNK_DISTRIBUTOR.vhd
Note: LANE1 ADC chunk_accept count=3 fifo_full='0'
Time: 92606 ns  Iteration: 0  Process: /tb_AI_TRIGGER_TOP/dut/u_DUT/\gen_lanes(1)\/u_LANE/line__191  File: /home/work1/Works/AI-Trigger-System/HDL/rtl/CNN_CORE_LANE.vhd
Note: LANE1 started_next=3 fifo_empty='0' fifo_data_valid='1' ready='0' idle='1'
Time: 92642500 ps  Iteration: 0  Process: /tb_AI_TRIGGER_TOP/dut/u_DUT/\gen_lanes(1)\/u_LANE/line__273  File: /home/work1/Works/AI-Trigger-System/HDL/rtl/CNN_CORE_LANE.vhd
Note: LANE1 started=3 fifo_empty='0' fifo_data_valid='1' ready='0'
Time: 93352500 ps  Iteration: 0  Process: /tb_AI_TRIGGER_TOP/dut/u_DUT/\gen_lanes(1)\/u_LANE/line__273  File: /home/work1/Works/AI-Trigger-System/HDL/rtl/CNN_CORE_LANE.vhd
Note: LANE1 ADC busy_clear stream_done_seen='1' wr_count=0
Time: 93362 ns  Iteration: 0  Process: /tb_AI_TRIGGER_TOP/dut/u_DUT/\gen_lanes(1)\/u_LANE/line__191  File: /home/work1/Works/AI-Trigger-System/HDL/rtl/CNN_CORE_LANE.vhd
Note: LANE1 CNN output_valid score_raw=-4335 started=3
Time: 93577500 ps  Iteration: 0  Process: /tb_AI_TRIGGER_TOP/dut/u_DUT/\gen_lanes(1)\/u_LANE/line__273  File: /home/work1/Works/AI-Trigger-System/HDL/rtl/CNN_CORE_LANE.vhd
    91 | 0x003fef11    |     -2.116699 |     0 |    0 |      1.015
Note: DIST chunk_start seq=92 lane=2 busy='0'
Time: 93622 ns  Iteration: 0  Process: /tb_AI_TRIGGER_TOP/dut/u_DUT/u_DIST/line__134  File: /home/work1/Works/AI-Trigger-System/HDL/rtl/ADC_CHUNK_DISTRIBUTOR.vhd
Note: LANE2 ADC chunk_accept count=3 fifo_full='0'
Time: 93622 ns  Iteration: 0  Process: /tb_AI_TRIGGER_TOP/dut/u_DUT/\gen_lanes(2)\/u_LANE/line__191  File: /home/work1/Works/AI-Trigger-System/HDL/rtl/CNN_CORE_LANE.vhd
Note: LANE2 started_next=3 fifo_empty='0' fifo_data_valid='1' ready='0' idle='1'
Time: 93657500 ps  Iteration: 0  Process: /tb_AI_TRIGGER_TOP/dut/u_DUT/\gen_lanes(2)\/u_LANE/line__273  File: /home/work1/Works/AI-Trigger-System/HDL/rtl/CNN_CORE_LANE.vhd
Note: LANE2 started=3 fifo_empty='0' fifo_data_valid='1' ready='0'
Time: 94367500 ps  Iteration: 0  Process: /tb_AI_TRIGGER_TOP/dut/u_DUT/\gen_lanes(2)\/u_LANE/line__273  File: /home/work1/Works/AI-Trigger-System/HDL/rtl/CNN_CORE_LANE.vhd
Note: LANE2 ADC busy_clear stream_done_seen='1' wr_count=0
Time: 94378 ns  Iteration: 0  Process: /tb_AI_TRIGGER_TOP/dut/u_DUT/\gen_lanes(2)\/u_LANE/line__191  File: /home/work1/Works/AI-Trigger-System/HDL/rtl/CNN_CORE_LANE.vhd
Note: LANE2 CNN output_valid score_raw=-4265 started=3
Time: 94592500 ps  Iteration: 0  Process: /tb_AI_TRIGGER_TOP/dut/u_DUT/\gen_lanes(2)\/u_LANE/line__273  File: /home/work1/Works/AI-Trigger-System/HDL/rtl/CNN_CORE_LANE.vhd
    92 | 0x003fef57    |     -2.082520 |     0 |    0 |      1.015
Note: DIST chunk_start seq=93 lane=3 busy='0'
Time: 94638 ns  Iteration: 0  Process: /tb_AI_TRIGGER_TOP/dut/u_DUT/u_DIST/line__134  File: /home/work1/Works/AI-Trigger-System/HDL/rtl/ADC_CHUNK_DISTRIBUTOR.vhd
Note: LANE3 ADC chunk_accept count=3 fifo_full='0'
Time: 94638 ns  Iteration: 0  Process: /tb_AI_TRIGGER_TOP/dut/u_DUT/\gen_lanes(3)\/u_LANE/line__191  File: /home/work1/Works/AI-Trigger-System/HDL/rtl/CNN_CORE_LANE.vhd
Note: LANE3 started_next=3 fifo_empty='0' fifo_data_valid='1' ready='0' idle='1'
Time: 94672500 ps  Iteration: 0  Process: /tb_AI_TRIGGER_TOP/dut/u_DUT/\gen_lanes(3)\/u_LANE/line__273  File: /home/work1/Works/AI-Trigger-System/HDL/rtl/CNN_CORE_LANE.vhd
Note: LANE3 started=3 fifo_empty='0' fifo_data_valid='1' ready='0'
Time: 95382500 ps  Iteration: 0  Process: /tb_AI_TRIGGER_TOP/dut/u_DUT/\gen_lanes(3)\/u_LANE/line__273  File: /home/work1/Works/AI-Trigger-System/HDL/rtl/CNN_CORE_LANE.vhd
Note: LANE3 ADC busy_clear stream_done_seen='1' wr_count=0
Time: 95394 ns  Iteration: 0  Process: /tb_AI_TRIGGER_TOP/dut/u_DUT/\gen_lanes(3)\/u_LANE/line__191  File: /home/work1/Works/AI-Trigger-System/HDL/rtl/CNN_CORE_LANE.vhd
Note: LANE3 CNN output_valid score_raw=-4556 started=3
Time: 95607500 ps  Iteration: 0  Process: /tb_AI_TRIGGER_TOP/dut/u_DUT/\gen_lanes(3)\/u_LANE/line__273  File: /home/work1/Works/AI-Trigger-System/HDL/rtl/CNN_CORE_LANE.vhd
    93 | 0x003fee34    |     -2.224609 |     0 |    0 |      1.010
Note: DIST chunk_start seq=94 lane=4 busy='0'
Time: 95650 ns  Iteration: 0  Process: /tb_AI_TRIGGER_TOP/dut/u_DUT/u_DIST/line__134  File: /home/work1/Works/AI-Trigger-System/HDL/rtl/ADC_CHUNK_DISTRIBUTOR.vhd
Note: LANE4 ADC chunk_accept count=3 fifo_full='0'
Time: 95650 ns  Iteration: 0  Process: /tb_AI_TRIGGER_TOP/dut/u_DUT/\gen_lanes(4)\/u_LANE/line__191  File: /home/work1/Works/AI-Trigger-System/HDL/rtl/CNN_CORE_LANE.vhd
Note: LANE4 started_next=3 fifo_empty='0' fifo_data_valid='1' ready='0' idle='1'
Time: 95687500 ps  Iteration: 0  Process: /tb_AI_TRIGGER_TOP/dut/u_DUT/\gen_lanes(4)\/u_LANE/line__273  File: /home/work1/Works/AI-Trigger-System/HDL/rtl/CNN_CORE_LANE.vhd
Note: LANE4 started=3 fifo_empty='0' fifo_data_valid='1' ready='0'
Time: 96397500 ps  Iteration: 0  Process: /tb_AI_TRIGGER_TOP/dut/u_DUT/\gen_lanes(4)\/u_LANE/line__273  File: /home/work1/Works/AI-Trigger-System/HDL/rtl/CNN_CORE_LANE.vhd
Note: LANE4 ADC busy_clear stream_done_seen='1' wr_count=0
Time: 96406 ns  Iteration: 0  Process: /tb_AI_TRIGGER_TOP/dut/u_DUT/\gen_lanes(4)\/u_LANE/line__191  File: /home/work1/Works/AI-Trigger-System/HDL/rtl/CNN_CORE_LANE.vhd
Note: LANE4 CNN output_valid score_raw=-4468 started=3
Time: 96622500 ps  Iteration: 0  Process: /tb_AI_TRIGGER_TOP/dut/u_DUT/\gen_lanes(4)\/u_LANE/line__273  File: /home/work1/Works/AI-Trigger-System/HDL/rtl/CNN_CORE_LANE.vhd
    94 | 0x003fee8c    |     -2.181641 |     0 |    0 |      1.015
Note: DIST chunk_start seq=95 lane=0 busy='0'
Time: 96666 ns  Iteration: 0  Process: /tb_AI_TRIGGER_TOP/dut/u_DUT/u_DIST/line__134  File: /home/work1/Works/AI-Trigger-System/HDL/rtl/ADC_CHUNK_DISTRIBUTOR.vhd
Note: LANE0 ADC chunk_accept count=4 fifo_full='0'
Time: 96666 ns  Iteration: 0  Process: /tb_AI_TRIGGER_TOP/dut/u_DUT/\gen_lanes(0)\/u_LANE/line__191  File: /home/work1/Works/AI-Trigger-System/HDL/rtl/CNN_CORE_LANE.vhd
Note: LANE0 started_next=4 fifo_empty='0' fifo_data_valid='1' ready='0' idle='1'
Time: 96702500 ps  Iteration: 0  Process: /tb_AI_TRIGGER_TOP/dut/u_DUT/\gen_lanes(0)\/u_LANE/line__273  File: /home/work1/Works/AI-Trigger-System/HDL/rtl/CNN_CORE_LANE.vhd
Note: LANE0 started=4 fifo_empty='0' fifo_data_valid='1' ready='0'
Time: 97412500 ps  Iteration: 0  Process: /tb_AI_TRIGGER_TOP/dut/u_DUT/\gen_lanes(0)\/u_LANE/line__273  File: /home/work1/Works/AI-Trigger-System/HDL/rtl/CNN_CORE_LANE.vhd
Note: LANE0 ADC busy_clear stream_done_seen='0' wr_count=0
Time: 97422 ns  Iteration: 0  Process: /tb_AI_TRIGGER_TOP/dut/u_DUT/\gen_lanes(0)\/u_LANE/line__191  File: /home/work1/Works/AI-Trigger-System/HDL/rtl/CNN_CORE_LANE.vhd
Note: LANE0 CNN output_valid score_raw=-4521 started=4
Time: 97637500 ps  Iteration: 0  Process: /tb_AI_TRIGGER_TOP/dut/u_DUT/\gen_lanes(0)\/u_LANE/line__273  File: /home/work1/Works/AI-Trigger-System/HDL/rtl/CNN_CORE_LANE.vhd
    95 | 0x003fee57    |     -2.207520 |     0 |    0 |      1.015
Note: DIST chunk_start seq=96 lane=1 busy='0'
Time: 97682 ns  Iteration: 0  Process: /tb_AI_TRIGGER_TOP/dut/u_DUT/u_DIST/line__134  File: /home/work1/Works/AI-Trigger-System/HDL/rtl/ADC_CHUNK_DISTRIBUTOR.vhd
Note: LANE1 ADC chunk_accept count=4 fifo_full='0'
Time: 97682 ns  Iteration: 0  Process: /tb_AI_TRIGGER_TOP/dut/u_DUT/\gen_lanes(1)\/u_LANE/line__191  File: /home/work1/Works/AI-Trigger-System/HDL/rtl/CNN_CORE_LANE.vhd
Note: LANE1 started_next=4 fifo_empty='0' fifo_data_valid='1' ready='0' idle='1'
Time: 97717500 ps  Iteration: 0  Process: /tb_AI_TRIGGER_TOP/dut/u_DUT/\gen_lanes(1)\/u_LANE/line__273  File: /home/work1/Works/AI-Trigger-System/HDL/rtl/CNN_CORE_LANE.vhd
Note: LANE1 started=4 fifo_empty='0' fifo_data_valid='1' ready='0'
Time: 98427500 ps  Iteration: 0  Process: /tb_AI_TRIGGER_TOP/dut/u_DUT/\gen_lanes(1)\/u_LANE/line__273  File: /home/work1/Works/AI-Trigger-System/HDL/rtl/CNN_CORE_LANE.vhd
Note: LANE1 ADC busy_clear stream_done_seen='0' wr_count=0
Time: 98438 ns  Iteration: 0  Process: /tb_AI_TRIGGER_TOP/dut/u_DUT/\gen_lanes(1)\/u_LANE/line__191  File: /home/work1/Works/AI-Trigger-System/HDL/rtl/CNN_CORE_LANE.vhd
Note: LANE1 CNN output_valid score_raw=-4468 started=4
Time: 98652500 ps  Iteration: 0  Process: /tb_AI_TRIGGER_TOP/dut/u_DUT/\gen_lanes(1)\/u_LANE/line__273  File: /home/work1/Works/AI-Trigger-System/HDL/rtl/CNN_CORE_LANE.vhd
    96 | 0x003fee8c    |     -2.181641 |     0 |    0 |      1.015
Note: DIST chunk_start seq=97 lane=2 busy='0'
Time: 98698 ns  Iteration: 0  Process: /tb_AI_TRIGGER_TOP/dut/u_DUT/u_DIST/line__134  File: /home/work1/Works/AI-Trigger-System/HDL/rtl/ADC_CHUNK_DISTRIBUTOR.vhd
Note: LANE2 ADC chunk_accept count=4 fifo_full='0'
Time: 98698 ns  Iteration: 0  Process: /tb_AI_TRIGGER_TOP/dut/u_DUT/\gen_lanes(2)\/u_LANE/line__191  File: /home/work1/Works/AI-Trigger-System/HDL/rtl/CNN_CORE_LANE.vhd
Note: LANE2 started_next=4 fifo_empty='0' fifo_data_valid='1' ready='0' idle='1'
Time: 98732500 ps  Iteration: 0  Process: /tb_AI_TRIGGER_TOP/dut/u_DUT/\gen_lanes(2)\/u_LANE/line__273  File: /home/work1/Works/AI-Trigger-System/HDL/rtl/CNN_CORE_LANE.vhd
Note: LANE2 started=4 fifo_empty='0' fifo_data_valid='1' ready='0'
Time: 99442500 ps  Iteration: 0  Process: /tb_AI_TRIGGER_TOP/dut/u_DUT/\gen_lanes(2)\/u_LANE/line__273  File: /home/work1/Works/AI-Trigger-System/HDL/rtl/CNN_CORE_LANE.vhd
Note: LANE2 ADC busy_clear stream_done_seen='0' wr_count=0
Time: 99454 ns  Iteration: 0  Process: /tb_AI_TRIGGER_TOP/dut/u_DUT/\gen_lanes(2)\/u_LANE/line__191  File: /home/work1/Works/AI-Trigger-System/HDL/rtl/CNN_CORE_LANE.vhd
Note: LANE2 CNN output_valid score_raw=-4230 started=4
Time: 99667500 ps  Iteration: 0  Process: /tb_AI_TRIGGER_TOP/dut/u_DUT/\gen_lanes(2)\/u_LANE/line__273  File: /home/work1/Works/AI-Trigger-System/HDL/rtl/CNN_CORE_LANE.vhd
    97 | 0x003fef7a    |     -2.065430 |     0 |    0 |      1.010
Note: DIST chunk_start seq=98 lane=3 busy='0'
Time: 99710 ns  Iteration: 0  Process: /tb_AI_TRIGGER_TOP/dut/u_DUT/u_DIST/line__134  File: /home/work1/Works/AI-Trigger-System/HDL/rtl/ADC_CHUNK_DISTRIBUTOR.vhd
Note: LANE3 ADC chunk_accept count=4 fifo_full='0'
Time: 99710 ns  Iteration: 0  Process: /tb_AI_TRIGGER_TOP/dut/u_DUT/\gen_lanes(3)\/u_LANE/line__191  File: /home/work1/Works/AI-Trigger-System/HDL/rtl/CNN_CORE_LANE.vhd
Note: LANE3 started_next=4 fifo_empty='0' fifo_data_valid='1' ready='0' idle='1'
Time: 99747500 ps  Iteration: 0  Process: /tb_AI_TRIGGER_TOP/dut/u_DUT/\gen_lanes(3)\/u_LANE/line__273  File: /home/work1/Works/AI-Trigger-System/HDL/rtl/CNN_CORE_LANE.vhd
Note: LANE3 started=4 fifo_empty='0' fifo_data_valid='1' ready='0'
Time: 100457500 ps  Iteration: 0  Process: /tb_AI_TRIGGER_TOP/dut/u_DUT/\gen_lanes(3)\/u_LANE/line__273  File: /home/work1/Works/AI-Trigger-System/HDL/rtl/CNN_CORE_LANE.vhd
Note: LANE3 ADC busy_clear stream_done_seen='0' wr_count=0
Time: 100466 ns  Iteration: 0  Process: /tb_AI_TRIGGER_TOP/dut/u_DUT/\gen_lanes(3)\/u_LANE/line__191  File: /home/work1/Works/AI-Trigger-System/HDL/rtl/CNN_CORE_LANE.vhd
Note: LANE3 CNN output_valid score_raw=-4386 started=4
Time: 100682500 ps  Iteration: 0  Process: /tb_AI_TRIGGER_TOP/dut/u_DUT/\gen_lanes(3)\/u_LANE/line__273  File: /home/work1/Works/AI-Trigger-System/HDL/rtl/CNN_CORE_LANE.vhd
    98 | 0x003feede    |     -2.141602 |     0 |    0 |      1.015
Note: DIST chunk_start seq=99 lane=4 busy='0'
Time: 100726 ns  Iteration: 0  Process: /tb_AI_TRIGGER_TOP/dut/u_DUT/u_DIST/line__134  File: /home/work1/Works/AI-Trigger-System/HDL/rtl/ADC_CHUNK_DISTRIBUTOR.vhd
Note: LANE4 ADC chunk_accept count=4 fifo_full='0'
Time: 100726 ns  Iteration: 0  Process: /tb_AI_TRIGGER_TOP/dut/u_DUT/\gen_lanes(4)\/u_LANE/line__191  File: /home/work1/Works/AI-Trigger-System/HDL/rtl/CNN_CORE_LANE.vhd
Note: LANE4 started_next=4 fifo_empty='0' fifo_data_valid='1' ready='0' idle='1'
Time: 100762500 ps  Iteration: 0  Process: /tb_AI_TRIGGER_TOP/dut/u_DUT/\gen_lanes(4)\/u_LANE/line__273  File: /home/work1/Works/AI-Trigger-System/HDL/rtl/CNN_CORE_LANE.vhd
Note: LANE4 started=4 fifo_empty='0' fifo_data_valid='1' ready='0'
Time: 101472500 ps  Iteration: 0  Process: /tb_AI_TRIGGER_TOP/dut/u_DUT/\gen_lanes(4)\/u_LANE/line__273  File: /home/work1/Works/AI-Trigger-System/HDL/rtl/CNN_CORE_LANE.vhd
Note: LANE4 ADC busy_clear stream_done_seen='0' wr_count=0
Time: 101482 ns  Iteration: 0  Process: /tb_AI_TRIGGER_TOP/dut/u_DUT/\gen_lanes(4)\/u_LANE/line__191  File: /home/work1/Works/AI-Trigger-System/HDL/rtl/CNN_CORE_LANE.vhd
Note: LANE4 CNN output_valid score_raw=-4570 started=4
Time: 101697500 ps  Iteration: 0  Process: /tb_AI_TRIGGER_TOP/dut/u_DUT/\gen_lanes(4)\/u_LANE/line__273  File: /home/work1/Works/AI-Trigger-System/HDL/rtl/CNN_CORE_LANE.vhd
    99 | 0x003fee26    |     -2.231445 |     0 |    0 |      1.015
Note: DIST chunk_start seq=100 lane=0 busy='0'
Time: 101742 ns  Iteration: 0  Process: /tb_AI_TRIGGER_TOP/dut/u_DUT/u_DIST/line__134  File: /home/work1/Works/AI-Trigger-System/HDL/rtl/ADC_CHUNK_DISTRIBUTOR.vhd
Note: LANE0 ADC chunk_accept count=5 fifo_full='0'
Time: 101742 ns  Iteration: 0  Process: /tb_AI_TRIGGER_TOP/dut/u_DUT/\gen_lanes(0)\/u_LANE/line__191  File: /home/work1/Works/AI-Trigger-System/HDL/rtl/CNN_CORE_LANE.vhd
Note: LANE0 started_next=5 fifo_empty='0' fifo_data_valid='1' ready='0' idle='1'
Time: 101777500 ps  Iteration: 0  Process: /tb_AI_TRIGGER_TOP/dut/u_DUT/\gen_lanes(0)\/u_LANE/line__273  File: /home/work1/Works/AI-Trigger-System/HDL/rtl/CNN_CORE_LANE.vhd
Note: LANE0 started=5 fifo_empty='0' fifo_data_valid='1' ready='0'
Time: 102487500 ps  Iteration: 0  Process: /tb_AI_TRIGGER_TOP/dut/u_DUT/\gen_lanes(0)\/u_LANE/line__273  File: /home/work1/Works/AI-Trigger-System/HDL/rtl/CNN_CORE_LANE.vhd
Note: LANE0 ADC busy_clear stream_done_seen='1' wr_count=0
Time: 102498 ns  Iteration: 0  Process: /tb_AI_TRIGGER_TOP/dut/u_DUT/\gen_lanes(0)\/u_LANE/line__191  File: /home/work1/Works/AI-Trigger-System/HDL/rtl/CNN_CORE_LANE.vhd
Note: LANE0 CNN output_valid score_raw=-4329 started=5
Time: 102712500 ps  Iteration: 0  Process: /tb_AI_TRIGGER_TOP/dut/u_DUT/\gen_lanes(0)\/u_LANE/line__273  File: /home/work1/Works/AI-Trigger-System/HDL/rtl/CNN_CORE_LANE.vhd
   100 | 0x003fef17    |     -2.113770 |     0 |    0 |      1.015
Note: DIST chunk_start seq=101 lane=1 busy='0'
Time: 102758 ns  Iteration: 0  Process: /tb_AI_TRIGGER_TOP/dut/u_DUT/u_DIST/line__134  File: /home/work1/Works/AI-Trigger-System/HDL/rtl/ADC_CHUNK_DISTRIBUTOR.vhd
Note: LANE1 ADC chunk_accept count=5 fifo_full='0'
Time: 102758 ns  Iteration: 0  Process: /tb_AI_TRIGGER_TOP/dut/u_DUT/\gen_lanes(1)\/u_LANE/line__191  File: /home/work1/Works/AI-Trigger-System/HDL/rtl/CNN_CORE_LANE.vhd
Note: LANE1 started_next=5 fifo_empty='0' fifo_data_valid='1' ready='0' idle='1'
Time: 102792500 ps  Iteration: 0  Process: /tb_AI_TRIGGER_TOP/dut/u_DUT/\gen_lanes(1)\/u_LANE/line__273  File: /home/work1/Works/AI-Trigger-System/HDL/rtl/CNN_CORE_LANE.vhd
Note: LANE1 started=5 fifo_empty='0' fifo_data_valid='1' ready='0'
Time: 103502500 ps  Iteration: 0  Process: /tb_AI_TRIGGER_TOP/dut/u_DUT/\gen_lanes(1)\/u_LANE/line__273  File: /home/work1/Works/AI-Trigger-System/HDL/rtl/CNN_CORE_LANE.vhd
Note: LANE1 ADC busy_clear stream_done_seen='1' wr_count=0
Time: 103514 ns  Iteration: 0  Process: /tb_AI_TRIGGER_TOP/dut/u_DUT/\gen_lanes(1)\/u_LANE/line__191  File: /home/work1/Works/AI-Trigger-System/HDL/rtl/CNN_CORE_LANE.vhd
Note: LANE1 CNN output_valid score_raw=-4332 started=5
Time: 103727500 ps  Iteration: 0  Process: /tb_AI_TRIGGER_TOP/dut/u_DUT/\gen_lanes(1)\/u_LANE/line__273  File: /home/work1/Works/AI-Trigger-System/HDL/rtl/CNN_CORE_LANE.vhd
   101 | 0x003fef14    |     -2.115234 |     0 |    0 |      1.010
Note: DIST chunk_start seq=102 lane=2 busy='0'
Time: 103770 ns  Iteration: 0  Process: /tb_AI_TRIGGER_TOP/dut/u_DUT/u_DIST/line__134  File: /home/work1/Works/AI-Trigger-System/HDL/rtl/ADC_CHUNK_DISTRIBUTOR.vhd
Note: LANE2 ADC chunk_accept count=5 fifo_full='0'
Time: 103770 ns  Iteration: 0  Process: /tb_AI_TRIGGER_TOP/dut/u_DUT/\gen_lanes(2)\/u_LANE/line__191  File: /home/work1/Works/AI-Trigger-System/HDL/rtl/CNN_CORE_LANE.vhd
Note: LANE2 started_next=5 fifo_empty='0' fifo_data_valid='1' ready='0' idle='1'
Time: 103807500 ps  Iteration: 0  Process: /tb_AI_TRIGGER_TOP/dut/u_DUT/\gen_lanes(2)\/u_LANE/line__273  File: /home/work1/Works/AI-Trigger-System/HDL/rtl/CNN_CORE_LANE.vhd
Note: LANE2 started=5 fifo_empty='0' fifo_data_valid='1' ready='0'
Time: 104517500 ps  Iteration: 0  Process: /tb_AI_TRIGGER_TOP/dut/u_DUT/\gen_lanes(2)\/u_LANE/line__273  File: /home/work1/Works/AI-Trigger-System/HDL/rtl/CNN_CORE_LANE.vhd
Note: LANE2 ADC busy_clear stream_done_seen='1' wr_count=0
Time: 104526 ns  Iteration: 0  Process: /tb_AI_TRIGGER_TOP/dut/u_DUT/\gen_lanes(2)\/u_LANE/line__191  File: /home/work1/Works/AI-Trigger-System/HDL/rtl/CNN_CORE_LANE.vhd
Note: LANE2 CNN output_valid score_raw=-4470 started=5
Time: 104742500 ps  Iteration: 0  Process: /tb_AI_TRIGGER_TOP/dut/u_DUT/\gen_lanes(2)\/u_LANE/line__273  File: /home/work1/Works/AI-Trigger-System/HDL/rtl/CNN_CORE_LANE.vhd
   102 | 0x003fee8a    |     -2.182617 |     0 |    0 |      1.015
Note: DIST chunk_start seq=103 lane=3 busy='0'
Time: 104786 ns  Iteration: 0  Process: /tb_AI_TRIGGER_TOP/dut/u_DUT/u_DIST/line__134  File: /home/work1/Works/AI-Trigger-System/HDL/rtl/ADC_CHUNK_DISTRIBUTOR.vhd
Note: LANE3 ADC chunk_accept count=5 fifo_full='0'
Time: 104786 ns  Iteration: 0  Process: /tb_AI_TRIGGER_TOP/dut/u_DUT/\gen_lanes(3)\/u_LANE/line__191  File: /home/work1/Works/AI-Trigger-System/HDL/rtl/CNN_CORE_LANE.vhd
Note: LANE3 started_next=5 fifo_empty='0' fifo_data_valid='1' ready='0' idle='1'
Time: 104822500 ps  Iteration: 0  Process: /tb_AI_TRIGGER_TOP/dut/u_DUT/\gen_lanes(3)\/u_LANE/line__273  File: /home/work1/Works/AI-Trigger-System/HDL/rtl/CNN_CORE_LANE.vhd
Note: LANE3 started=5 fifo_empty='0' fifo_data_valid='1' ready='0'
Time: 105532500 ps  Iteration: 0  Process: /tb_AI_TRIGGER_TOP/dut/u_DUT/\gen_lanes(3)\/u_LANE/line__273  File: /home/work1/Works/AI-Trigger-System/HDL/rtl/CNN_CORE_LANE.vhd
Note: LANE3 ADC busy_clear stream_done_seen='1' wr_count=0
Time: 105542 ns  Iteration: 0  Process: /tb_AI_TRIGGER_TOP/dut/u_DUT/\gen_lanes(3)\/u_LANE/line__191  File: /home/work1/Works/AI-Trigger-System/HDL/rtl/CNN_CORE_LANE.vhd
Note: LANE3 CNN output_valid score_raw=-4199 started=5
Time: 105757500 ps  Iteration: 0  Process: /tb_AI_TRIGGER_TOP/dut/u_DUT/\gen_lanes(3)\/u_LANE/line__273  File: /home/work1/Works/AI-Trigger-System/HDL/rtl/CNN_CORE_LANE.vhd
   103 | 0x003fef99    |     -2.050293 |     0 |    0 |      1.015
Note: DIST chunk_start seq=104 lane=4 busy='0'
Time: 105802 ns  Iteration: 0  Process: /tb_AI_TRIGGER_TOP/dut/u_DUT/u_DIST/line__134  File: /home/work1/Works/AI-Trigger-System/HDL/rtl/ADC_CHUNK_DISTRIBUTOR.vhd
Note: LANE4 ADC chunk_accept count=5 fifo_full='0'
Time: 105802 ns  Iteration: 0  Process: /tb_AI_TRIGGER_TOP/dut/u_DUT/\gen_lanes(4)\/u_LANE/line__191  File: /home/work1/Works/AI-Trigger-System/HDL/rtl/CNN_CORE_LANE.vhd
Note: LANE4 started_next=5 fifo_empty='0' fifo_data_valid='1' ready='0' idle='1'
Time: 105837500 ps  Iteration: 0  Process: /tb_AI_TRIGGER_TOP/dut/u_DUT/\gen_lanes(4)\/u_LANE/line__273  File: /home/work1/Works/AI-Trigger-System/HDL/rtl/CNN_CORE_LANE.vhd
Note: LANE4 started=5 fifo_empty='0' fifo_data_valid='1' ready='0'
Time: 106547500 ps  Iteration: 0  Process: /tb_AI_TRIGGER_TOP/dut/u_DUT/\gen_lanes(4)\/u_LANE/line__273  File: /home/work1/Works/AI-Trigger-System/HDL/rtl/CNN_CORE_LANE.vhd
Note: LANE4 ADC busy_clear stream_done_seen='1' wr_count=0
Time: 106558 ns  Iteration: 0  Process: /tb_AI_TRIGGER_TOP/dut/u_DUT/\gen_lanes(4)\/u_LANE/line__191  File: /home/work1/Works/AI-Trigger-System/HDL/rtl/CNN_CORE_LANE.vhd
Note: LANE4 CNN output_valid score_raw=-4074 started=5
Time: 106772500 ps  Iteration: 0  Process: /tb_AI_TRIGGER_TOP/dut/u_DUT/\gen_lanes(4)\/u_LANE/line__273  File: /home/work1/Works/AI-Trigger-System/HDL/rtl/CNN_CORE_LANE.vhd
   104 | 0x003ff016    |     -1.989258 |     0 |    0 |      1.015
Note: DIST chunk_start seq=105 lane=0 busy='0'
Time: 106818 ns  Iteration: 0  Process: /tb_AI_TRIGGER_TOP/dut/u_DUT/u_DIST/line__134  File: /home/work1/Works/AI-Trigger-System/HDL/rtl/ADC_CHUNK_DISTRIBUTOR.vhd
Note: LANE0 ADC chunk_accept count=6 fifo_full='0'
Time: 106818 ns  Iteration: 0  Process: /tb_AI_TRIGGER_TOP/dut/u_DUT/\gen_lanes(0)\/u_LANE/line__191  File: /home/work1/Works/AI-Trigger-System/HDL/rtl/CNN_CORE_LANE.vhd
Note: LANE0 started_next=6 fifo_empty='0' fifo_data_valid='1' ready='0' idle='1'
Time: 106852500 ps  Iteration: 0  Process: /tb_AI_TRIGGER_TOP/dut/u_DUT/\gen_lanes(0)\/u_LANE/line__273  File: /home/work1/Works/AI-Trigger-System/HDL/rtl/CNN_CORE_LANE.vhd
Note: LANE0 started=6 fifo_empty='0' fifo_data_valid='1' ready='0'
Time: 107562500 ps  Iteration: 0  Process: /tb_AI_TRIGGER_TOP/dut/u_DUT/\gen_lanes(0)\/u_LANE/line__273  File: /home/work1/Works/AI-Trigger-System/HDL/rtl/CNN_CORE_LANE.vhd
Note: LANE0 ADC busy_clear stream_done_seen='0' wr_count=0
Time: 107574 ns  Iteration: 0  Process: /tb_AI_TRIGGER_TOP/dut/u_DUT/\gen_lanes(0)\/u_LANE/line__191  File: /home/work1/Works/AI-Trigger-System/HDL/rtl/CNN_CORE_LANE.vhd
Note: LANE0 CNN output_valid score_raw=-4386 started=6
Time: 107787500 ps  Iteration: 0  Process: /tb_AI_TRIGGER_TOP/dut/u_DUT/\gen_lanes(0)\/u_LANE/line__273  File: /home/work1/Works/AI-Trigger-System/HDL/rtl/CNN_CORE_LANE.vhd
   105 | 0x003feede    |     -2.141602 |     0 |    0 |      1.010
Note: DIST chunk_start seq=106 lane=1 busy='0'
Time: 107830 ns  Iteration: 0  Process: /tb_AI_TRIGGER_TOP/dut/u_DUT/u_DIST/line__134  File: /home/work1/Works/AI-Trigger-System/HDL/rtl/ADC_CHUNK_DISTRIBUTOR.vhd
Note: LANE1 ADC chunk_accept count=6 fifo_full='0'
Time: 107830 ns  Iteration: 0  Process: /tb_AI_TRIGGER_TOP/dut/u_DUT/\gen_lanes(1)\/u_LANE/line__191  File: /home/work1/Works/AI-Trigger-System/HDL/rtl/CNN_CORE_LANE.vhd
Note: LANE1 started_next=6 fifo_empty='0' fifo_data_valid='1' ready='0' idle='1'
Time: 107867500 ps  Iteration: 0  Process: /tb_AI_TRIGGER_TOP/dut/u_DUT/\gen_lanes(1)\/u_LANE/line__273  File: /home/work1/Works/AI-Trigger-System/HDL/rtl/CNN_CORE_LANE.vhd
Note: LANE1 started=6 fifo_empty='0' fifo_data_valid='1' ready='0'
Time: 108577500 ps  Iteration: 0  Process: /tb_AI_TRIGGER_TOP/dut/u_DUT/\gen_lanes(1)\/u_LANE/line__273  File: /home/work1/Works/AI-Trigger-System/HDL/rtl/CNN_CORE_LANE.vhd
Note: LANE1 ADC busy_clear stream_done_seen='0' wr_count=0
Time: 108586 ns  Iteration: 0  Process: /tb_AI_TRIGGER_TOP/dut/u_DUT/\gen_lanes(1)\/u_LANE/line__191  File: /home/work1/Works/AI-Trigger-System/HDL/rtl/CNN_CORE_LANE.vhd
Note: LANE1 CNN output_valid score_raw=-4389 started=6
Time: 108802500 ps  Iteration: 0  Process: /tb_AI_TRIGGER_TOP/dut/u_DUT/\gen_lanes(1)\/u_LANE/line__273  File: /home/work1/Works/AI-Trigger-System/HDL/rtl/CNN_CORE_LANE.vhd
   106 | 0x003feedb    |     -2.143066 |     0 |    0 |      1.015
Note: DIST chunk_start seq=107 lane=2 busy='0'
Time: 108846 ns  Iteration: 0  Process: /tb_AI_TRIGGER_TOP/dut/u_DUT/u_DIST/line__134  File: /home/work1/Works/AI-Trigger-System/HDL/rtl/ADC_CHUNK_DISTRIBUTOR.vhd
Note: LANE2 ADC chunk_accept count=6 fifo_full='0'
Time: 108846 ns  Iteration: 0  Process: /tb_AI_TRIGGER_TOP/dut/u_DUT/\gen_lanes(2)\/u_LANE/line__191  File: /home/work1/Works/AI-Trigger-System/HDL/rtl/CNN_CORE_LANE.vhd
Note: LANE2 started_next=6 fifo_empty='0' fifo_data_valid='1' ready='0' idle='1'
Time: 108882500 ps  Iteration: 0  Process: /tb_AI_TRIGGER_TOP/dut/u_DUT/\gen_lanes(2)\/u_LANE/line__273  File: /home/work1/Works/AI-Trigger-System/HDL/rtl/CNN_CORE_LANE.vhd
Note: LANE2 started=6 fifo_empty='0' fifo_data_valid='1' ready='0'
Time: 109592500 ps  Iteration: 0  Process: /tb_AI_TRIGGER_TOP/dut/u_DUT/\gen_lanes(2)\/u_LANE/line__273  File: /home/work1/Works/AI-Trigger-System/HDL/rtl/CNN_CORE_LANE.vhd
Note: LANE2 ADC busy_clear stream_done_seen='0' wr_count=0
Time: 109602 ns  Iteration: 0  Process: /tb_AI_TRIGGER_TOP/dut/u_DUT/\gen_lanes(2)\/u_LANE/line__191  File: /home/work1/Works/AI-Trigger-System/HDL/rtl/CNN_CORE_LANE.vhd
Note: LANE2 CNN output_valid score_raw=-4223 started=6
Time: 109817500 ps  Iteration: 0  Process: /tb_AI_TRIGGER_TOP/dut/u_DUT/\gen_lanes(2)\/u_LANE/line__273  File: /home/work1/Works/AI-Trigger-System/HDL/rtl/CNN_CORE_LANE.vhd
   107 | 0x003fef81    |     -2.062012 |     0 |    0 |      1.015
Note: DIST chunk_start seq=108 lane=3 busy='0'
Time: 109862 ns  Iteration: 0  Process: /tb_AI_TRIGGER_TOP/dut/u_DUT/u_DIST/line__134  File: /home/work1/Works/AI-Trigger-System/HDL/rtl/ADC_CHUNK_DISTRIBUTOR.vhd
Note: LANE3 ADC chunk_accept count=6 fifo_full='0'
Time: 109862 ns  Iteration: 0  Process: /tb_AI_TRIGGER_TOP/dut/u_DUT/\gen_lanes(3)\/u_LANE/line__191  File: /home/work1/Works/AI-Trigger-System/HDL/rtl/CNN_CORE_LANE.vhd
Note: LANE3 started_next=6 fifo_empty='0' fifo_data_valid='1' ready='0' idle='1'
Time: 109897500 ps  Iteration: 0  Process: /tb_AI_TRIGGER_TOP/dut/u_DUT/\gen_lanes(3)\/u_LANE/line__273  File: /home/work1/Works/AI-Trigger-System/HDL/rtl/CNN_CORE_LANE.vhd
Note: LANE3 started=6 fifo_empty='0' fifo_data_valid='1' ready='0'
Time: 110607500 ps  Iteration: 0  Process: /tb_AI_TRIGGER_TOP/dut/u_DUT/\gen_lanes(3)\/u_LANE/line__273  File: /home/work1/Works/AI-Trigger-System/HDL/rtl/CNN_CORE_LANE.vhd
Note: LANE3 ADC busy_clear stream_done_seen='0' wr_count=0
Time: 110618 ns  Iteration: 0  Process: /tb_AI_TRIGGER_TOP/dut/u_DUT/\gen_lanes(3)\/u_LANE/line__191  File: /home/work1/Works/AI-Trigger-System/HDL/rtl/CNN_CORE_LANE.vhd
Note: LANE3 CNN output_valid score_raw=-4305 started=6
Time: 110832500 ps  Iteration: 0  Process: /tb_AI_TRIGGER_TOP/dut/u_DUT/\gen_lanes(3)\/u_LANE/line__273  File: /home/work1/Works/AI-Trigger-System/HDL/rtl/CNN_CORE_LANE.vhd
   108 | 0x003fef2f    |     -2.102051 |     0 |    0 |      1.015
Note: DIST chunk_start seq=109 lane=4 busy='0'
Time: 110878 ns  Iteration: 0  Process: /tb_AI_TRIGGER_TOP/dut/u_DUT/u_DIST/line__134  File: /home/work1/Works/AI-Trigger-System/HDL/rtl/ADC_CHUNK_DISTRIBUTOR.vhd
Note: LANE4 ADC chunk_accept count=6 fifo_full='0'
Time: 110878 ns  Iteration: 0  Process: /tb_AI_TRIGGER_TOP/dut/u_DUT/\gen_lanes(4)\/u_LANE/line__191  File: /home/work1/Works/AI-Trigger-System/HDL/rtl/CNN_CORE_LANE.vhd
Note: LANE4 started_next=6 fifo_empty='0' fifo_data_valid='1' ready='0' idle='1'
Time: 110912500 ps  Iteration: 0  Process: /tb_AI_TRIGGER_TOP/dut/u_DUT/\gen_lanes(4)\/u_LANE/line__273  File: /home/work1/Works/AI-Trigger-System/HDL/rtl/CNN_CORE_LANE.vhd
Note: LANE4 started=6 fifo_empty='0' fifo_data_valid='1' ready='0'
Time: 111622500 ps  Iteration: 0  Process: /tb_AI_TRIGGER_TOP/dut/u_DUT/\gen_lanes(4)\/u_LANE/line__273  File: /home/work1/Works/AI-Trigger-System/HDL/rtl/CNN_CORE_LANE.vhd
Note: LANE4 ADC busy_clear stream_done_seen='0' wr_count=0
Time: 111634 ns  Iteration: 0  Process: /tb_AI_TRIGGER_TOP/dut/u_DUT/\gen_lanes(4)\/u_LANE/line__191  File: /home/work1/Works/AI-Trigger-System/HDL/rtl/CNN_CORE_LANE.vhd
Note: LANE4 CNN output_valid score_raw=-4160 started=6
Time: 111847500 ps  Iteration: 0  Process: /tb_AI_TRIGGER_TOP/dut/u_DUT/\gen_lanes(4)\/u_LANE/line__273  File: /home/work1/Works/AI-Trigger-System/HDL/rtl/CNN_CORE_LANE.vhd
   109 | 0x003fefc0    |     -2.031250 |     0 |    0 |      1.010
Note: DIST chunk_start seq=110 lane=0 busy='0'
Time: 111890 ns  Iteration: 0  Process: /tb_AI_TRIGGER_TOP/dut/u_DUT/u_DIST/line__134  File: /home/work1/Works/AI-Trigger-System/HDL/rtl/ADC_CHUNK_DISTRIBUTOR.vhd
Note: LANE0 ADC chunk_accept count=7 fifo_full='0'
Time: 111890 ns  Iteration: 0  Process: /tb_AI_TRIGGER_TOP/dut/u_DUT/\gen_lanes(0)\/u_LANE/line__191  File: /home/work1/Works/AI-Trigger-System/HDL/rtl/CNN_CORE_LANE.vhd
Note: LANE0 started_next=7 fifo_empty='0' fifo_data_valid='1' ready='0' idle='1'
Time: 111927500 ps  Iteration: 0  Process: /tb_AI_TRIGGER_TOP/dut/u_DUT/\gen_lanes(0)\/u_LANE/line__273  File: /home/work1/Works/AI-Trigger-System/HDL/rtl/CNN_CORE_LANE.vhd
Note: LANE0 started=7 fifo_empty='0' fifo_data_valid='1' ready='0'
Time: 112637500 ps  Iteration: 0  Process: /tb_AI_TRIGGER_TOP/dut/u_DUT/\gen_lanes(0)\/u_LANE/line__273  File: /home/work1/Works/AI-Trigger-System/HDL/rtl/CNN_CORE_LANE.vhd
Note: LANE0 ADC busy_clear stream_done_seen='1' wr_count=0
Time: 112646 ns  Iteration: 0  Process: /tb_AI_TRIGGER_TOP/dut/u_DUT/\gen_lanes(0)\/u_LANE/line__191  File: /home/work1/Works/AI-Trigger-System/HDL/rtl/CNN_CORE_LANE.vhd
Note: LANE0 CNN output_valid score_raw=-4232 started=7
Time: 112862500 ps  Iteration: 0  Process: /tb_AI_TRIGGER_TOP/dut/u_DUT/\gen_lanes(0)\/u_LANE/line__273  File: /home/work1/Works/AI-Trigger-System/HDL/rtl/CNN_CORE_LANE.vhd
   110 | 0x003fef78    |     -2.066406 |     0 |    0 |      1.015
Note: DIST chunk_start seq=111 lane=1 busy='0'
Time: 112906 ns  Iteration: 0  Process: /tb_AI_TRIGGER_TOP/dut/u_DUT/u_DIST/line__134  File: /home/work1/Works/AI-Trigger-System/HDL/rtl/ADC_CHUNK_DISTRIBUTOR.vhd
Note: LANE1 ADC chunk_accept count=7 fifo_full='0'
Time: 112906 ns  Iteration: 0  Process: /tb_AI_TRIGGER_TOP/dut/u_DUT/\gen_lanes(1)\/u_LANE/line__191  File: /home/work1/Works/AI-Trigger-System/HDL/rtl/CNN_CORE_LANE.vhd
Note: LANE1 started_next=7 fifo_empty='0' fifo_data_valid='1' ready='0' idle='1'
Time: 112942500 ps  Iteration: 0  Process: /tb_AI_TRIGGER_TOP/dut/u_DUT/\gen_lanes(1)\/u_LANE/line__273  File: /home/work1/Works/AI-Trigger-System/HDL/rtl/CNN_CORE_LANE.vhd
Note: LANE1 started=7 fifo_empty='0' fifo_data_valid='1' ready='0'
Time: 113652500 ps  Iteration: 0  Process: /tb_AI_TRIGGER_TOP/dut/u_DUT/\gen_lanes(1)\/u_LANE/line__273  File: /home/work1/Works/AI-Trigger-System/HDL/rtl/CNN_CORE_LANE.vhd
Note: LANE1 ADC busy_clear stream_done_seen='1' wr_count=0
Time: 113662 ns  Iteration: 0  Process: /tb_AI_TRIGGER_TOP/dut/u_DUT/\gen_lanes(1)\/u_LANE/line__191  File: /home/work1/Works/AI-Trigger-System/HDL/rtl/CNN_CORE_LANE.vhd
Note: LANE1 CNN output_valid score_raw=-4335 started=7
Time: 113877500 ps  Iteration: 0  Process: /tb_AI_TRIGGER_TOP/dut/u_DUT/\gen_lanes(1)\/u_LANE/line__273  File: /home/work1/Works/AI-Trigger-System/HDL/rtl/CNN_CORE_LANE.vhd
   111 | 0x003fef11    |     -2.116699 |     0 |    0 |      1.015
Note: DIST chunk_start seq=112 lane=2 busy='0'
Time: 113922 ns  Iteration: 0  Process: /tb_AI_TRIGGER_TOP/dut/u_DUT/u_DIST/line__134  File: /home/work1/Works/AI-Trigger-System/HDL/rtl/ADC_CHUNK_DISTRIBUTOR.vhd
Note: LANE2 ADC chunk_accept count=7 fifo_full='0'
Time: 113922 ns  Iteration: 0  Process: /tb_AI_TRIGGER_TOP/dut/u_DUT/\gen_lanes(2)\/u_LANE/line__191  File: /home/work1/Works/AI-Trigger-System/HDL/rtl/CNN_CORE_LANE.vhd
Note: LANE2 started_next=7 fifo_empty='0' fifo_data_valid='1' ready='0' idle='1'
Time: 113957500 ps  Iteration: 0  Process: /tb_AI_TRIGGER_TOP/dut/u_DUT/\gen_lanes(2)\/u_LANE/line__273  File: /home/work1/Works/AI-Trigger-System/HDL/rtl/CNN_CORE_LANE.vhd
Note: LANE2 started=7 fifo_empty='0' fifo_data_valid='1' ready='0'
Time: 114667500 ps  Iteration: 0  Process: /tb_AI_TRIGGER_TOP/dut/u_DUT/\gen_lanes(2)\/u_LANE/line__273  File: /home/work1/Works/AI-Trigger-System/HDL/rtl/CNN_CORE_LANE.vhd
Note: LANE2 ADC busy_clear stream_done_seen='1' wr_count=0
Time: 114678 ns  Iteration: 0  Process: /tb_AI_TRIGGER_TOP/dut/u_DUT/\gen_lanes(2)\/u_LANE/line__191  File: /home/work1/Works/AI-Trigger-System/HDL/rtl/CNN_CORE_LANE.vhd
Note: LANE2 CNN output_valid score_raw=-4302 started=7
Time: 114892500 ps  Iteration: 0  Process: /tb_AI_TRIGGER_TOP/dut/u_DUT/\gen_lanes(2)\/u_LANE/line__273  File: /home/work1/Works/AI-Trigger-System/HDL/rtl/CNN_CORE_LANE.vhd
   112 | 0x003fef32    |     -2.100586 |     0 |    0 |      1.015
Note: DIST chunk_start seq=113 lane=3 busy='0'
Time: 114938 ns  Iteration: 0  Process: /tb_AI_TRIGGER_TOP/dut/u_DUT/u_DIST/line__134  File: /home/work1/Works/AI-Trigger-System/HDL/rtl/ADC_CHUNK_DISTRIBUTOR.vhd
Note: LANE3 ADC chunk_accept count=7 fifo_full='0'
Time: 114938 ns  Iteration: 0  Process: /tb_AI_TRIGGER_TOP/dut/u_DUT/\gen_lanes(3)\/u_LANE/line__191  File: /home/work1/Works/AI-Trigger-System/HDL/rtl/CNN_CORE_LANE.vhd
Note: LANE3 started_next=7 fifo_empty='0' fifo_data_valid='1' ready='0' idle='1'
Time: 114972500 ps  Iteration: 0  Process: /tb_AI_TRIGGER_TOP/dut/u_DUT/\gen_lanes(3)\/u_LANE/line__273  File: /home/work1/Works/AI-Trigger-System/HDL/rtl/CNN_CORE_LANE.vhd
Note: LANE3 started=7 fifo_empty='0' fifo_data_valid='1' ready='0'
Time: 115682500 ps  Iteration: 0  Process: /tb_AI_TRIGGER_TOP/dut/u_DUT/\gen_lanes(3)\/u_LANE/line__273  File: /home/work1/Works/AI-Trigger-System/HDL/rtl/CNN_CORE_LANE.vhd
Note: LANE3 ADC busy_clear stream_done_seen='1' wr_count=0
Time: 115694 ns  Iteration: 0  Process: /tb_AI_TRIGGER_TOP/dut/u_DUT/\gen_lanes(3)\/u_LANE/line__191  File: /home/work1/Works/AI-Trigger-System/HDL/rtl/CNN_CORE_LANE.vhd
Note: LANE3 CNN output_valid score_raw=-4198 started=7
Time: 115907500 ps  Iteration: 0  Process: /tb_AI_TRIGGER_TOP/dut/u_DUT/\gen_lanes(3)\/u_LANE/line__273  File: /home/work1/Works/AI-Trigger-System/HDL/rtl/CNN_CORE_LANE.vhd
   113 | 0x003fef9a    |     -2.049805 |     0 |    0 |      1.010
Note: DIST chunk_start seq=114 lane=4 busy='0'
Time: 115950 ns  Iteration: 0  Process: /tb_AI_TRIGGER_TOP/dut/u_DUT/u_DIST/line__134  File: /home/work1/Works/AI-Trigger-System/HDL/rtl/ADC_CHUNK_DISTRIBUTOR.vhd
Note: LANE4 ADC chunk_accept count=7 fifo_full='0'
Time: 115950 ns  Iteration: 0  Process: /tb_AI_TRIGGER_TOP/dut/u_DUT/\gen_lanes(4)\/u_LANE/line__191  File: /home/work1/Works/AI-Trigger-System/HDL/rtl/CNN_CORE_LANE.vhd
Note: LANE4 started_next=7 fifo_empty='0' fifo_data_valid='1' ready='0' idle='1'
Time: 115987500 ps  Iteration: 0  Process: /tb_AI_TRIGGER_TOP/dut/u_DUT/\gen_lanes(4)\/u_LANE/line__273  File: /home/work1/Works/AI-Trigger-System/HDL/rtl/CNN_CORE_LANE.vhd
Note: LANE4 started=7 fifo_empty='0' fifo_data_valid='1' ready='0'
Time: 116697500 ps  Iteration: 0  Process: /tb_AI_TRIGGER_TOP/dut/u_DUT/\gen_lanes(4)\/u_LANE/line__273  File: /home/work1/Works/AI-Trigger-System/HDL/rtl/CNN_CORE_LANE.vhd
Note: LANE4 ADC busy_clear stream_done_seen='1' wr_count=0
Time: 116706 ns  Iteration: 0  Process: /tb_AI_TRIGGER_TOP/dut/u_DUT/\gen_lanes(4)\/u_LANE/line__191  File: /home/work1/Works/AI-Trigger-System/HDL/rtl/CNN_CORE_LANE.vhd
Note: LANE4 CNN output_valid score_raw=-4308 started=7
Time: 116922500 ps  Iteration: 0  Process: /tb_AI_TRIGGER_TOP/dut/u_DUT/\gen_lanes(4)\/u_LANE/line__273  File: /home/work1/Works/AI-Trigger-System/HDL/rtl/CNN_CORE_LANE.vhd
   114 | 0x003fef2c    |     -2.103516 |     0 |    0 |      1.015
Note: DIST chunk_start seq=115 lane=0 busy='0'
Time: 116966 ns  Iteration: 0  Process: /tb_AI_TRIGGER_TOP/dut/u_DUT/u_DIST/line__134  File: /home/work1/Works/AI-Trigger-System/HDL/rtl/ADC_CHUNK_DISTRIBUTOR.vhd
Note: LANE0 ADC chunk_accept count=8 fifo_full='0'
Time: 116966 ns  Iteration: 0  Process: /tb_AI_TRIGGER_TOP/dut/u_DUT/\gen_lanes(0)\/u_LANE/line__191  File: /home/work1/Works/AI-Trigger-System/HDL/rtl/CNN_CORE_LANE.vhd
Note: LANE0 started_next=8 fifo_empty='0' fifo_data_valid='1' ready='0' idle='1'
Time: 117002500 ps  Iteration: 0  Process: /tb_AI_TRIGGER_TOP/dut/u_DUT/\gen_lanes(0)\/u_LANE/line__273  File: /home/work1/Works/AI-Trigger-System/HDL/rtl/CNN_CORE_LANE.vhd
Note: LANE0 started=8 fifo_empty='0' fifo_data_valid='1' ready='0'
Time: 117712500 ps  Iteration: 0  Process: /tb_AI_TRIGGER_TOP/dut/u_DUT/\gen_lanes(0)\/u_LANE/line__273  File: /home/work1/Works/AI-Trigger-System/HDL/rtl/CNN_CORE_LANE.vhd
Note: LANE0 ADC busy_clear stream_done_seen='0' wr_count=0
Time: 117722 ns  Iteration: 0  Process: /tb_AI_TRIGGER_TOP/dut/u_DUT/\gen_lanes(0)\/u_LANE/line__191  File: /home/work1/Works/AI-Trigger-System/HDL/rtl/CNN_CORE_LANE.vhd
Note: LANE0 CNN output_valid score_raw=-4298 started=8
Time: 117937500 ps  Iteration: 0  Process: /tb_AI_TRIGGER_TOP/dut/u_DUT/\gen_lanes(0)\/u_LANE/line__273  File: /home/work1/Works/AI-Trigger-System/HDL/rtl/CNN_CORE_LANE.vhd
   115 | 0x003fef36    |     -2.098633 |     0 |    0 |      1.015
Note: DIST chunk_start seq=116 lane=1 busy='0'
Time: 117982 ns  Iteration: 0  Process: /tb_AI_TRIGGER_TOP/dut/u_DUT/u_DIST/line__134  File: /home/work1/Works/AI-Trigger-System/HDL/rtl/ADC_CHUNK_DISTRIBUTOR.vhd
Note: LANE1 ADC chunk_accept count=8 fifo_full='0'
Time: 117982 ns  Iteration: 0  Process: /tb_AI_TRIGGER_TOP/dut/u_DUT/\gen_lanes(1)\/u_LANE/line__191  File: /home/work1/Works/AI-Trigger-System/HDL/rtl/CNN_CORE_LANE.vhd
Note: LANE1 started_next=8 fifo_empty='0' fifo_data_valid='1' ready='0' idle='1'
Time: 118017500 ps  Iteration: 0  Process: /tb_AI_TRIGGER_TOP/dut/u_DUT/\gen_lanes(1)\/u_LANE/line__273  File: /home/work1/Works/AI-Trigger-System/HDL/rtl/CNN_CORE_LANE.vhd
Note: LANE1 started=8 fifo_empty='0' fifo_data_valid='1' ready='0'
Time: 118727500 ps  Iteration: 0  Process: /tb_AI_TRIGGER_TOP/dut/u_DUT/\gen_lanes(1)\/u_LANE/line__273  File: /home/work1/Works/AI-Trigger-System/HDL/rtl/CNN_CORE_LANE.vhd
Note: LANE1 ADC busy_clear stream_done_seen='0' wr_count=0
Time: 118738 ns  Iteration: 0  Process: /tb_AI_TRIGGER_TOP/dut/u_DUT/\gen_lanes(1)\/u_LANE/line__191  File: /home/work1/Works/AI-Trigger-System/HDL/rtl/CNN_CORE_LANE.vhd
Note: LANE1 CNN output_valid score_raw=-4250 started=8
Time: 118952500 ps  Iteration: 0  Process: /tb_AI_TRIGGER_TOP/dut/u_DUT/\gen_lanes(1)\/u_LANE/line__273  File: /home/work1/Works/AI-Trigger-System/HDL/rtl/CNN_CORE_LANE.vhd
   116 | 0x003fef66    |     -2.075195 |     0 |    0 |      1.015
Note: DIST chunk_start seq=117 lane=2 busy='0'
Time: 118998 ns  Iteration: 0  Process: /tb_AI_TRIGGER_TOP/dut/u_DUT/u_DIST/line__134  File: /home/work1/Works/AI-Trigger-System/HDL/rtl/ADC_CHUNK_DISTRIBUTOR.vhd
Note: LANE2 ADC chunk_accept count=8 fifo_full='0'
Time: 118998 ns  Iteration: 0  Process: /tb_AI_TRIGGER_TOP/dut/u_DUT/\gen_lanes(2)\/u_LANE/line__191  File: /home/work1/Works/AI-Trigger-System/HDL/rtl/CNN_CORE_LANE.vhd
Note: LANE2 started_next=8 fifo_empty='0' fifo_data_valid='1' ready='0' idle='1'
Time: 119032500 ps  Iteration: 0  Process: /tb_AI_TRIGGER_TOP/dut/u_DUT/\gen_lanes(2)\/u_LANE/line__273  File: /home/work1/Works/AI-Trigger-System/HDL/rtl/CNN_CORE_LANE.vhd
Note: LANE2 started=8 fifo_empty='0' fifo_data_valid='1' ready='0'
Time: 119742500 ps  Iteration: 0  Process: /tb_AI_TRIGGER_TOP/dut/u_DUT/\gen_lanes(2)\/u_LANE/line__273  File: /home/work1/Works/AI-Trigger-System/HDL/rtl/CNN_CORE_LANE.vhd
Note: LANE2 ADC busy_clear stream_done_seen='0' wr_count=0
Time: 119754 ns  Iteration: 0  Process: /tb_AI_TRIGGER_TOP/dut/u_DUT/\gen_lanes(2)\/u_LANE/line__191  File: /home/work1/Works/AI-Trigger-System/HDL/rtl/CNN_CORE_LANE.vhd
Note: LANE2 CNN output_valid score_raw=-4261 started=8
Time: 119967500 ps  Iteration: 0  Process: /tb_AI_TRIGGER_TOP/dut/u_DUT/\gen_lanes(2)\/u_LANE/line__273  File: /home/work1/Works/AI-Trigger-System/HDL/rtl/CNN_CORE_LANE.vhd
   117 | 0x003fef5b    |     -2.080566 |     0 |    0 |      1.010
Note: DIST chunk_start seq=118 lane=3 busy='0'
Time: 120010 ns  Iteration: 0  Process: /tb_AI_TRIGGER_TOP/dut/u_DUT/u_DIST/line__134  File: /home/work1/Works/AI-Trigger-System/HDL/rtl/ADC_CHUNK_DISTRIBUTOR.vhd
Note: LANE3 ADC chunk_accept count=8 fifo_full='0'
Time: 120010 ns  Iteration: 0  Process: /tb_AI_TRIGGER_TOP/dut/u_DUT/\gen_lanes(3)\/u_LANE/line__191  File: /home/work1/Works/AI-Trigger-System/HDL/rtl/CNN_CORE_LANE.vhd
Note: LANE3 started_next=8 fifo_empty='0' fifo_data_valid='1' ready='0' idle='1'
Time: 120047500 ps  Iteration: 0  Process: /tb_AI_TRIGGER_TOP/dut/u_DUT/\gen_lanes(3)\/u_LANE/line__273  File: /home/work1/Works/AI-Trigger-System/HDL/rtl/CNN_CORE_LANE.vhd
Note: LANE3 started=8 fifo_empty='0' fifo_data_valid='1' ready='0'
Time: 120757500 ps  Iteration: 0  Process: /tb_AI_TRIGGER_TOP/dut/u_DUT/\gen_lanes(3)\/u_LANE/line__273  File: /home/work1/Works/AI-Trigger-System/HDL/rtl/CNN_CORE_LANE.vhd
Note: LANE3 ADC busy_clear stream_done_seen='0' wr_count=0
Time: 120766 ns  Iteration: 0  Process: /tb_AI_TRIGGER_TOP/dut/u_DUT/\gen_lanes(3)\/u_LANE/line__191  File: /home/work1/Works/AI-Trigger-System/HDL/rtl/CNN_CORE_LANE.vhd
Note: LANE3 CNN output_valid score_raw=-4269 started=8
Time: 120982500 ps  Iteration: 0  Process: /tb_AI_TRIGGER_TOP/dut/u_DUT/\gen_lanes(3)\/u_LANE/line__273  File: /home/work1/Works/AI-Trigger-System/HDL/rtl/CNN_CORE_LANE.vhd
   118 | 0x003fef53    |     -2.084473 |     0 |    0 |      1.015
Note: DIST chunk_start seq=119 lane=4 busy='0'
Time: 121026 ns  Iteration: 0  Process: /tb_AI_TRIGGER_TOP/dut/u_DUT/u_DIST/line__134  File: /home/work1/Works/AI-Trigger-System/HDL/rtl/ADC_CHUNK_DISTRIBUTOR.vhd
Note: LANE4 ADC chunk_accept count=8 fifo_full='0'
Time: 121026 ns  Iteration: 0  Process: /tb_AI_TRIGGER_TOP/dut/u_DUT/\gen_lanes(4)\/u_LANE/line__191  File: /home/work1/Works/AI-Trigger-System/HDL/rtl/CNN_CORE_LANE.vhd
Note: LANE4 started_next=8 fifo_empty='0' fifo_data_valid='1' ready='0' idle='1'
Time: 121062500 ps  Iteration: 0  Process: /tb_AI_TRIGGER_TOP/dut/u_DUT/\gen_lanes(4)\/u_LANE/line__273  File: /home/work1/Works/AI-Trigger-System/HDL/rtl/CNN_CORE_LANE.vhd
Note: LANE4 started=8 fifo_empty='0' fifo_data_valid='1' ready='0'
Time: 121772500 ps  Iteration: 0  Process: /tb_AI_TRIGGER_TOP/dut/u_DUT/\gen_lanes(4)\/u_LANE/line__273  File: /home/work1/Works/AI-Trigger-System/HDL/rtl/CNN_CORE_LANE.vhd
Note: LANE4 ADC busy_clear stream_done_seen='0' wr_count=0
Time: 121782 ns  Iteration: 0  Process: /tb_AI_TRIGGER_TOP/dut/u_DUT/\gen_lanes(4)\/u_LANE/line__191  File: /home/work1/Works/AI-Trigger-System/HDL/rtl/CNN_CORE_LANE.vhd
Note: LANE4 CNN output_valid score_raw=-4364 started=8
Time: 121997500 ps  Iteration: 0  Process: /tb_AI_TRIGGER_TOP/dut/u_DUT/\gen_lanes(4)\/u_LANE/line__273  File: /home/work1/Works/AI-Trigger-System/HDL/rtl/CNN_CORE_LANE.vhd
   119 | 0x003feef4    |     -2.130859 |     0 |    0 |      1.015
Note: DIST chunk_start seq=120 lane=0 busy='0'
Time: 122042 ns  Iteration: 0  Process: /tb_AI_TRIGGER_TOP/dut/u_DUT/u_DIST/line__134  File: /home/work1/Works/AI-Trigger-System/HDL/rtl/ADC_CHUNK_DISTRIBUTOR.vhd
Note: LANE0 ADC chunk_accept count=9 fifo_full='0'
Time: 122042 ns  Iteration: 0  Process: /tb_AI_TRIGGER_TOP/dut/u_DUT/\gen_lanes(0)\/u_LANE/line__191  File: /home/work1/Works/AI-Trigger-System/HDL/rtl/CNN_CORE_LANE.vhd
Note: LANE0 started_next=9 fifo_empty='0' fifo_data_valid='1' ready='0' idle='1'
Time: 122077500 ps  Iteration: 0  Process: /tb_AI_TRIGGER_TOP/dut/u_DUT/\gen_lanes(0)\/u_LANE/line__273  File: /home/work1/Works/AI-Trigger-System/HDL/rtl/CNN_CORE_LANE.vhd
Note: LANE0 started=9 fifo_empty='0' fifo_data_valid='1' ready='0'
Time: 122787500 ps  Iteration: 0  Process: /tb_AI_TRIGGER_TOP/dut/u_DUT/\gen_lanes(0)\/u_LANE/line__273  File: /home/work1/Works/AI-Trigger-System/HDL/rtl/CNN_CORE_LANE.vhd
Note: LANE0 ADC busy_clear stream_done_seen='1' wr_count=0
Time: 122798 ns  Iteration: 0  Process: /tb_AI_TRIGGER_TOP/dut/u_DUT/\gen_lanes(0)\/u_LANE/line__191  File: /home/work1/Works/AI-Trigger-System/HDL/rtl/CNN_CORE_LANE.vhd
Note: LANE0 CNN output_valid score_raw=-4384 started=9
Time: 123012500 ps  Iteration: 0  Process: /tb_AI_TRIGGER_TOP/dut/u_DUT/\gen_lanes(0)\/u_LANE/line__273  File: /home/work1/Works/AI-Trigger-System/HDL/rtl/CNN_CORE_LANE.vhd
   120 | 0x003feee0    |     -2.140625 |     0 |    0 |      1.015
Note: DIST chunk_start seq=121 lane=1 busy='0'
Time: 123058 ns  Iteration: 0  Process: /tb_AI_TRIGGER_TOP/dut/u_DUT/u_DIST/line__134  File: /home/work1/Works/AI-Trigger-System/HDL/rtl/ADC_CHUNK_DISTRIBUTOR.vhd
Note: LANE1 ADC chunk_accept count=9 fifo_full='0'
Time: 123058 ns  Iteration: 0  Process: /tb_AI_TRIGGER_TOP/dut/u_DUT/\gen_lanes(1)\/u_LANE/line__191  File: /home/work1/Works/AI-Trigger-System/HDL/rtl/CNN_CORE_LANE.vhd
Note: LANE1 started_next=9 fifo_empty='0' fifo_data_valid='1' ready='0' idle='1'
Time: 123092500 ps  Iteration: 0  Process: /tb_AI_TRIGGER_TOP/dut/u_DUT/\gen_lanes(1)\/u_LANE/line__273  File: /home/work1/Works/AI-Trigger-System/HDL/rtl/CNN_CORE_LANE.vhd
Note: LANE1 started=9 fifo_empty='0' fifo_data_valid='1' ready='0'
Time: 123802500 ps  Iteration: 0  Process: /tb_AI_TRIGGER_TOP/dut/u_DUT/\gen_lanes(1)\/u_LANE/line__273  File: /home/work1/Works/AI-Trigger-System/HDL/rtl/CNN_CORE_LANE.vhd
Note: LANE1 ADC busy_clear stream_done_seen='1' wr_count=0
Time: 123814 ns  Iteration: 0  Process: /tb_AI_TRIGGER_TOP/dut/u_DUT/\gen_lanes(1)\/u_LANE/line__191  File: /home/work1/Works/AI-Trigger-System/HDL/rtl/CNN_CORE_LANE.vhd
Note: LANE1 CNN output_valid score_raw=-4392 started=9
Time: 124027500 ps  Iteration: 0  Process: /tb_AI_TRIGGER_TOP/dut/u_DUT/\gen_lanes(1)\/u_LANE/line__273  File: /home/work1/Works/AI-Trigger-System/HDL/rtl/CNN_CORE_LANE.vhd
   121 | 0x003feed8    |     -2.144531 |     0 |    0 |      1.010
Note: DIST chunk_start seq=122 lane=2 busy='0'
Time: 124070 ns  Iteration: 0  Process: /tb_AI_TRIGGER_TOP/dut/u_DUT/u_DIST/line__134  File: /home/work1/Works/AI-Trigger-System/HDL/rtl/ADC_CHUNK_DISTRIBUTOR.vhd
Note: LANE2 ADC chunk_accept count=9 fifo_full='0'
Time: 124070 ns  Iteration: 0  Process: /tb_AI_TRIGGER_TOP/dut/u_DUT/\gen_lanes(2)\/u_LANE/line__191  File: /home/work1/Works/AI-Trigger-System/HDL/rtl/CNN_CORE_LANE.vhd
Note: LANE2 started_next=9 fifo_empty='0' fifo_data_valid='1' ready='0' idle='1'
Time: 124107500 ps  Iteration: 0  Process: /tb_AI_TRIGGER_TOP/dut/u_DUT/\gen_lanes(2)\/u_LANE/line__273  File: /home/work1/Works/AI-Trigger-System/HDL/rtl/CNN_CORE_LANE.vhd
Note: LANE2 started=9 fifo_empty='0' fifo_data_valid='1' ready='0'
Time: 124817500 ps  Iteration: 0  Process: /tb_AI_TRIGGER_TOP/dut/u_DUT/\gen_lanes(2)\/u_LANE/line__273  File: /home/work1/Works/AI-Trigger-System/HDL/rtl/CNN_CORE_LANE.vhd
Note: LANE2 ADC busy_clear stream_done_seen='1' wr_count=0
Time: 124826 ns  Iteration: 0  Process: /tb_AI_TRIGGER_TOP/dut/u_DUT/\gen_lanes(2)\/u_LANE/line__191  File: /home/work1/Works/AI-Trigger-System/HDL/rtl/CNN_CORE_LANE.vhd
Note: LANE2 CNN output_valid score_raw=-4378 started=9
Time: 125042500 ps  Iteration: 0  Process: /tb_AI_TRIGGER_TOP/dut/u_DUT/\gen_lanes(2)\/u_LANE/line__273  File: /home/work1/Works/AI-Trigger-System/HDL/rtl/CNN_CORE_LANE.vhd
   122 | 0x003feee6    |     -2.137695 |     0 |    0 |      1.015
Note: DIST chunk_start seq=123 lane=3 busy='0'
Time: 125086 ns  Iteration: 0  Process: /tb_AI_TRIGGER_TOP/dut/u_DUT/u_DIST/line__134  File: /home/work1/Works/AI-Trigger-System/HDL/rtl/ADC_CHUNK_DISTRIBUTOR.vhd
Note: LANE3 ADC chunk_accept count=9 fifo_full='0'
Time: 125086 ns  Iteration: 0  Process: /tb_AI_TRIGGER_TOP/dut/u_DUT/\gen_lanes(3)\/u_LANE/line__191  File: /home/work1/Works/AI-Trigger-System/HDL/rtl/CNN_CORE_LANE.vhd
Note: LANE3 started_next=9 fifo_empty='0' fifo_data_valid='1' ready='0' idle='1'
Time: 125122500 ps  Iteration: 0  Process: /tb_AI_TRIGGER_TOP/dut/u_DUT/\gen_lanes(3)\/u_LANE/line__273  File: /home/work1/Works/AI-Trigger-System/HDL/rtl/CNN_CORE_LANE.vhd
Note: LANE3 started=9 fifo_empty='0' fifo_data_valid='1' ready='0'
Time: 125832500 ps  Iteration: 0  Process: /tb_AI_TRIGGER_TOP/dut/u_DUT/\gen_lanes(3)\/u_LANE/line__273  File: /home/work1/Works/AI-Trigger-System/HDL/rtl/CNN_CORE_LANE.vhd
Note: LANE3 ADC busy_clear stream_done_seen='1' wr_count=0
Time: 125842 ns  Iteration: 0  Process: /tb_AI_TRIGGER_TOP/dut/u_DUT/\gen_lanes(3)\/u_LANE/line__191  File: /home/work1/Works/AI-Trigger-System/HDL/rtl/CNN_CORE_LANE.vhd
Note: LANE3 CNN output_valid score_raw=-4426 started=9
Time: 126057500 ps  Iteration: 0  Process: /tb_AI_TRIGGER_TOP/dut/u_DUT/\gen_lanes(3)\/u_LANE/line__273  File: /home/work1/Works/AI-Trigger-System/HDL/rtl/CNN_CORE_LANE.vhd
   123 | 0x003feeb6    |     -2.161133 |     0 |    0 |      1.015
Note: DIST chunk_start seq=124 lane=4 busy='0'
Time: 126102 ns  Iteration: 0  Process: /tb_AI_TRIGGER_TOP/dut/u_DUT/u_DIST/line__134  File: /home/work1/Works/AI-Trigger-System/HDL/rtl/ADC_CHUNK_DISTRIBUTOR.vhd
Note: LANE4 ADC chunk_accept count=9 fifo_full='0'
Time: 126102 ns  Iteration: 0  Process: /tb_AI_TRIGGER_TOP/dut/u_DUT/\gen_lanes(4)\/u_LANE/line__191  File: /home/work1/Works/AI-Trigger-System/HDL/rtl/CNN_CORE_LANE.vhd
Note: LANE4 started_next=9 fifo_empty='0' fifo_data_valid='1' ready='0' idle='1'
Time: 126137500 ps  Iteration: 0  Process: /tb_AI_TRIGGER_TOP/dut/u_DUT/\gen_lanes(4)\/u_LANE/line__273  File: /home/work1/Works/AI-Trigger-System/HDL/rtl/CNN_CORE_LANE.vhd
Note: LANE4 started=9 fifo_empty='0' fifo_data_valid='1' ready='0'
Time: 126847500 ps  Iteration: 0  Process: /tb_AI_TRIGGER_TOP/dut/u_DUT/\gen_lanes(4)\/u_LANE/line__273  File: /home/work1/Works/AI-Trigger-System/HDL/rtl/CNN_CORE_LANE.vhd
Note: LANE4 ADC busy_clear stream_done_seen='1' wr_count=0
Time: 126858 ns  Iteration: 0  Process: /tb_AI_TRIGGER_TOP/dut/u_DUT/\gen_lanes(4)\/u_LANE/line__191  File: /home/work1/Works/AI-Trigger-System/HDL/rtl/CNN_CORE_LANE.vhd
Note: LANE4 CNN output_valid score_raw=-4440 started=9
Time: 127072500 ps  Iteration: 0  Process: /tb_AI_TRIGGER_TOP/dut/u_DUT/\gen_lanes(4)\/u_LANE/line__273  File: /home/work1/Works/AI-Trigger-System/HDL/rtl/CNN_CORE_LANE.vhd
   124 | 0x003feea8    |     -2.167969 |     0 |    0 |      1.015
Note: DIST chunk_start seq=125 lane=0 busy='0'
Time: 127118 ns  Iteration: 0  Process: /tb_AI_TRIGGER_TOP/dut/u_DUT/u_DIST/line__134  File: /home/work1/Works/AI-Trigger-System/HDL/rtl/ADC_CHUNK_DISTRIBUTOR.vhd
Note: LANE0 ADC chunk_accept count=10 fifo_full='0'
Time: 127118 ns  Iteration: 0  Process: /tb_AI_TRIGGER_TOP/dut/u_DUT/\gen_lanes(0)\/u_LANE/line__191  File: /home/work1/Works/AI-Trigger-System/HDL/rtl/CNN_CORE_LANE.vhd
Note: LANE0 started_next=10 fifo_empty='0' fifo_data_valid='1' ready='0' idle='1'
Time: 127152500 ps  Iteration: 0  Process: /tb_AI_TRIGGER_TOP/dut/u_DUT/\gen_lanes(0)\/u_LANE/line__273  File: /home/work1/Works/AI-Trigger-System/HDL/rtl/CNN_CORE_LANE.vhd
Note: LANE0 started=10 fifo_empty='0' fifo_data_valid='1' ready='0'
Time: 127862500 ps  Iteration: 0  Process: /tb_AI_TRIGGER_TOP/dut/u_DUT/\gen_lanes(0)\/u_LANE/line__273  File: /home/work1/Works/AI-Trigger-System/HDL/rtl/CNN_CORE_LANE.vhd
Note: LANE0 ADC busy_clear stream_done_seen='0' wr_count=0
Time: 127874 ns  Iteration: 0  Process: /tb_AI_TRIGGER_TOP/dut/u_DUT/\gen_lanes(0)\/u_LANE/line__191  File: /home/work1/Works/AI-Trigger-System/HDL/rtl/CNN_CORE_LANE.vhd
Note: LANE0 CNN output_valid score_raw=-4456 started=10
Time: 128087500 ps  Iteration: 0  Process: /tb_AI_TRIGGER_TOP/dut/u_DUT/\gen_lanes(0)\/u_LANE/line__273  File: /home/work1/Works/AI-Trigger-System/HDL/rtl/CNN_CORE_LANE.vhd
   125 | 0x003fee98    |     -2.175781 |     0 |    0 |      1.010
Note: DIST chunk_start seq=126 lane=1 busy='0'
Time: 128130 ns  Iteration: 0  Process: /tb_AI_TRIGGER_TOP/dut/u_DUT/u_DIST/line__134  File: /home/work1/Works/AI-Trigger-System/HDL/rtl/ADC_CHUNK_DISTRIBUTOR.vhd
Note: LANE1 ADC chunk_accept count=10 fifo_full='0'
Time: 128130 ns  Iteration: 0  Process: /tb_AI_TRIGGER_TOP/dut/u_DUT/\gen_lanes(1)\/u_LANE/line__191  File: /home/work1/Works/AI-Trigger-System/HDL/rtl/CNN_CORE_LANE.vhd
Note: LANE1 started_next=10 fifo_empty='0' fifo_data_valid='1' ready='0' idle='1'
Time: 128167500 ps  Iteration: 0  Process: /tb_AI_TRIGGER_TOP/dut/u_DUT/\gen_lanes(1)\/u_LANE/line__273  File: /home/work1/Works/AI-Trigger-System/HDL/rtl/CNN_CORE_LANE.vhd
Note: LANE1 started=10 fifo_empty='0' fifo_data_valid='1' ready='0'
Time: 128877500 ps  Iteration: 0  Process: /tb_AI_TRIGGER_TOP/dut/u_DUT/\gen_lanes(1)\/u_LANE/line__273  File: /home/work1/Works/AI-Trigger-System/HDL/rtl/CNN_CORE_LANE.vhd
Note: LANE1 ADC busy_clear stream_done_seen='0' wr_count=0
Time: 128886 ns  Iteration: 0  Process: /tb_AI_TRIGGER_TOP/dut/u_DUT/\gen_lanes(1)\/u_LANE/line__191  File: /home/work1/Works/AI-Trigger-System/HDL/rtl/CNN_CORE_LANE.vhd
Note: LANE1 CNN output_valid score_raw=-4487 started=10
Time: 129102500 ps  Iteration: 0  Process: /tb_AI_TRIGGER_TOP/dut/u_DUT/\gen_lanes(1)\/u_LANE/line__273  File: /home/work1/Works/AI-Trigger-System/HDL/rtl/CNN_CORE_LANE.vhd
   126 | 0x003fee79    |     -2.190918 |     0 |    0 |      1.015
Note: DIST chunk_start seq=127 lane=2 busy='0'
Time: 129146 ns  Iteration: 0  Process: /tb_AI_TRIGGER_TOP/dut/u_DUT/u_DIST/line__134  File: /home/work1/Works/AI-Trigger-System/HDL/rtl/ADC_CHUNK_DISTRIBUTOR.vhd
Note: LANE2 ADC chunk_accept count=10 fifo_full='0'
Time: 129146 ns  Iteration: 0  Process: /tb_AI_TRIGGER_TOP/dut/u_DUT/\gen_lanes(2)\/u_LANE/line__191  File: /home/work1/Works/AI-Trigger-System/HDL/rtl/CNN_CORE_LANE.vhd
Note: LANE2 started_next=10 fifo_empty='0' fifo_data_valid='1' ready='0' idle='1'
Time: 129182500 ps  Iteration: 0  Process: /tb_AI_TRIGGER_TOP/dut/u_DUT/\gen_lanes(2)\/u_LANE/line__273  File: /home/work1/Works/AI-Trigger-System/HDL/rtl/CNN_CORE_LANE.vhd
Note: LANE2 started=10 fifo_empty='0' fifo_data_valid='1' ready='0'
Time: 129892500 ps  Iteration: 0  Process: /tb_AI_TRIGGER_TOP/dut/u_DUT/\gen_lanes(2)\/u_LANE/line__273  File: /home/work1/Works/AI-Trigger-System/HDL/rtl/CNN_CORE_LANE.vhd
Note: LANE2 ADC busy_clear stream_done_seen='0' wr_count=0
Time: 129902 ns  Iteration: 0  Process: /tb_AI_TRIGGER_TOP/dut/u_DUT/\gen_lanes(2)\/u_LANE/line__191  File: /home/work1/Works/AI-Trigger-System/HDL/rtl/CNN_CORE_LANE.vhd
Note: LANE2 CNN output_valid score_raw=-4609 started=10
Time: 130117500 ps  Iteration: 0  Process: /tb_AI_TRIGGER_TOP/dut/u_DUT/\gen_lanes(2)\/u_LANE/line__273  File: /home/work1/Works/AI-Trigger-System/HDL/rtl/CNN_CORE_LANE.vhd
   127 | 0x003fedff    |     -2.250488 |     0 |    0 |      1.015
Note: DIST chunk_start seq=128 lane=3 busy='0'
Time: 130162 ns  Iteration: 0  Process: /tb_AI_TRIGGER_TOP/dut/u_DUT/u_DIST/line__134  File: /home/work1/Works/AI-Trigger-System/HDL/rtl/ADC_CHUNK_DISTRIBUTOR.vhd
Note: LANE3 ADC chunk_accept count=10 fifo_full='0'
Time: 130162 ns  Iteration: 0  Process: /tb_AI_TRIGGER_TOP/dut/u_DUT/\gen_lanes(3)\/u_LANE/line__191  File: /home/work1/Works/AI-Trigger-System/HDL/rtl/CNN_CORE_LANE.vhd
Note: LANE3 started_next=10 fifo_empty='0' fifo_data_valid='1' ready='0' idle='1'
Time: 130197500 ps  Iteration: 0  Process: /tb_AI_TRIGGER_TOP/dut/u_DUT/\gen_lanes(3)\/u_LANE/line__273  File: /home/work1/Works/AI-Trigger-System/HDL/rtl/CNN_CORE_LANE.vhd
Note: LANE3 started=10 fifo_empty='0' fifo_data_valid='1' ready='0'
Time: 130907500 ps  Iteration: 0  Process: /tb_AI_TRIGGER_TOP/dut/u_DUT/\gen_lanes(3)\/u_LANE/line__273  File: /home/work1/Works/AI-Trigger-System/HDL/rtl/CNN_CORE_LANE.vhd
Note: LANE3 ADC busy_clear stream_done_seen='0' wr_count=0
Time: 130918 ns  Iteration: 0  Process: /tb_AI_TRIGGER_TOP/dut/u_DUT/\gen_lanes(3)\/u_LANE/line__191  File: /home/work1/Works/AI-Trigger-System/HDL/rtl/CNN_CORE_LANE.vhd
Note: LANE3 CNN output_valid score_raw=-4564 started=10
Time: 131132500 ps  Iteration: 0  Process: /tb_AI_TRIGGER_TOP/dut/u_DUT/\gen_lanes(3)\/u_LANE/line__273  File: /home/work1/Works/AI-Trigger-System/HDL/rtl/CNN_CORE_LANE.vhd
   128 | 0x003fee2c    |     -2.228516 |     0 |    0 |      1.015
Note: DIST chunk_start seq=129 lane=4 busy='0'
Time: 131178 ns  Iteration: 0  Process: /tb_AI_TRIGGER_TOP/dut/u_DUT/u_DIST/line__134  File: /home/work1/Works/AI-Trigger-System/HDL/rtl/ADC_CHUNK_DISTRIBUTOR.vhd
Note: LANE4 ADC chunk_accept count=10 fifo_full='0'
Time: 131178 ns  Iteration: 0  Process: /tb_AI_TRIGGER_TOP/dut/u_DUT/\gen_lanes(4)\/u_LANE/line__191  File: /home/work1/Works/AI-Trigger-System/HDL/rtl/CNN_CORE_LANE.vhd
Note: LANE4 started_next=10 fifo_empty='0' fifo_data_valid='1' ready='0' idle='1'
Time: 131212500 ps  Iteration: 0  Process: /tb_AI_TRIGGER_TOP/dut/u_DUT/\gen_lanes(4)\/u_LANE/line__273  File: /home/work1/Works/AI-Trigger-System/HDL/rtl/CNN_CORE_LANE.vhd
Note: LANE4 started=10 fifo_empty='0' fifo_data_valid='1' ready='0'
Time: 131922500 ps  Iteration: 0  Process: /tb_AI_TRIGGER_TOP/dut/u_DUT/\gen_lanes(4)\/u_LANE/line__273  File: /home/work1/Works/AI-Trigger-System/HDL/rtl/CNN_CORE_LANE.vhd
Note: LANE4 ADC busy_clear stream_done_seen='0' wr_count=0
Time: 131934 ns  Iteration: 0  Process: /tb_AI_TRIGGER_TOP/dut/u_DUT/\gen_lanes(4)\/u_LANE/line__191  File: /home/work1/Works/AI-Trigger-System/HDL/rtl/CNN_CORE_LANE.vhd
Note: LANE4 CNN output_valid score_raw=-4603 started=10
Time: 132147500 ps  Iteration: 0  Process: /tb_AI_TRIGGER_TOP/dut/u_DUT/\gen_lanes(4)\/u_LANE/line__273  File: /home/work1/Works/AI-Trigger-System/HDL/rtl/CNN_CORE_LANE.vhd
   129 | 0x003fee05    |     -2.247559 |     0 |    0 |      1.010
Note: DIST chunk_start seq=130 lane=0 busy='0'
Time: 132190 ns  Iteration: 0  Process: /tb_AI_TRIGGER_TOP/dut/u_DUT/u_DIST/line__134  File: /home/work1/Works/AI-Trigger-System/HDL/rtl/ADC_CHUNK_DISTRIBUTOR.vhd
Note: LANE0 ADC chunk_accept count=11 fifo_full='0'
Time: 132190 ns  Iteration: 0  Process: /tb_AI_TRIGGER_TOP/dut/u_DUT/\gen_lanes(0)\/u_LANE/line__191  File: /home/work1/Works/AI-Trigger-System/HDL/rtl/CNN_CORE_LANE.vhd
Note: LANE0 started_next=11 fifo_empty='0' fifo_data_valid='1' ready='0' idle='1'
Time: 132227500 ps  Iteration: 0  Process: /tb_AI_TRIGGER_TOP/dut/u_DUT/\gen_lanes(0)\/u_LANE/line__273  File: /home/work1/Works/AI-Trigger-System/HDL/rtl/CNN_CORE_LANE.vhd
Note: LANE0 started=11 fifo_empty='0' fifo_data_valid='1' ready='0'
Time: 132937500 ps  Iteration: 0  Process: /tb_AI_TRIGGER_TOP/dut/u_DUT/\gen_lanes(0)\/u_LANE/line__273  File: /home/work1/Works/AI-Trigger-System/HDL/rtl/CNN_CORE_LANE.vhd
Note: LANE0 ADC busy_clear stream_done_seen='1' wr_count=0
Time: 132946 ns  Iteration: 0  Process: /tb_AI_TRIGGER_TOP/dut/u_DUT/\gen_lanes(0)\/u_LANE/line__191  File: /home/work1/Works/AI-Trigger-System/HDL/rtl/CNN_CORE_LANE.vhd
   130 | 0x003fee0e    |     -2.243164 |     0 |    0 |      1.015
Note: DIST chunk_start seq=131 lane=1 busy='0'
Time: 133206 ns  Iteration: 0  Process: /tb_AI_TRIGGER_TOP/dut/u_DUT/u_DIST/line__134  File: /home/work1/Works/AI-Trigger-System/HDL/rtl/ADC_CHUNK_DISTRIBUTOR.vhd
Note: LANE1 ADC chunk_accept count=11 fifo_full='0'
Time: 133206 ns  Iteration: 0  Process: /tb_AI_TRIGGER_TOP/dut/u_DUT/\gen_lanes(1)\/u_LANE/line__191  File: /home/work1/Works/AI-Trigger-System/HDL/rtl/CNN_CORE_LANE.vhd
Note: LANE1 started_next=11 fifo_empty='0' fifo_data_valid='1' ready='0' idle='1'
Time: 133242500 ps  Iteration: 0  Process: /tb_AI_TRIGGER_TOP/dut/u_DUT/\gen_lanes(1)\/u_LANE/line__273  File: /home/work1/Works/AI-Trigger-System/HDL/rtl/CNN_CORE_LANE.vhd
Note: LANE1 started=11 fifo_empty='0' fifo_data_valid='1' ready='0'
Time: 133952500 ps  Iteration: 0  Process: /tb_AI_TRIGGER_TOP/dut/u_DUT/\gen_lanes(1)\/u_LANE/line__273  File: /home/work1/Works/AI-Trigger-System/HDL/rtl/CNN_CORE_LANE.vhd
Note: LANE1 ADC busy_clear stream_done_seen='1' wr_count=0
Time: 133962 ns  Iteration: 0  Process: /tb_AI_TRIGGER_TOP/dut/u_DUT/\gen_lanes(1)\/u_LANE/line__191  File: /home/work1/Works/AI-Trigger-System/HDL/rtl/CNN_CORE_LANE.vhd
   131 | 0x003fedb2    |     -2.288086 |     0 |    0 |      1.015
Note: DIST chunk_start seq=132 lane=2 busy='0'
Time: 134222 ns  Iteration: 0  Process: /tb_AI_TRIGGER_TOP/dut/u_DUT/u_DIST/line__134  File: /home/work1/Works/AI-Trigger-System/HDL/rtl/ADC_CHUNK_DISTRIBUTOR.vhd
Note: LANE2 ADC chunk_accept count=11 fifo_full='0'
Time: 134222 ns  Iteration: 0  Process: /tb_AI_TRIGGER_TOP/dut/u_DUT/\gen_lanes(2)\/u_LANE/line__191  File: /home/work1/Works/AI-Trigger-System/HDL/rtl/CNN_CORE_LANE.vhd
Note: LANE2 started_next=11 fifo_empty='0' fifo_data_valid='1' ready='0' idle='1'
Time: 134257500 ps  Iteration: 0  Process: /tb_AI_TRIGGER_TOP/dut/u_DUT/\gen_lanes(2)\/u_LANE/line__273  File: /home/work1/Works/AI-Trigger-System/HDL/rtl/CNN_CORE_LANE.vhd
Note: LANE2 started=11 fifo_empty='0' fifo_data_valid='1' ready='0'
Time: 134967500 ps  Iteration: 0  Process: /tb_AI_TRIGGER_TOP/dut/u_DUT/\gen_lanes(2)\/u_LANE/line__273  File: /home/work1/Works/AI-Trigger-System/HDL/rtl/CNN_CORE_LANE.vhd
Note: LANE2 ADC busy_clear stream_done_seen='1' wr_count=0
Time: 134978 ns  Iteration: 0  Process: /tb_AI_TRIGGER_TOP/dut/u_DUT/\gen_lanes(2)\/u_LANE/line__191  File: /home/work1/Works/AI-Trigger-System/HDL/rtl/CNN_CORE_LANE.vhd
   132 | 0x003fed5e    |     -2.329102 |     0 |    0 |      1.015
Note: DIST chunk_start seq=133 lane=3 busy='0'
Time: 135238 ns  Iteration: 0  Process: /tb_AI_TRIGGER_TOP/dut/u_DUT/u_DIST/line__134  File: /home/work1/Works/AI-Trigger-System/HDL/rtl/ADC_CHUNK_DISTRIBUTOR.vhd
Note: LANE3 ADC chunk_accept count=11 fifo_full='0'
Time: 135238 ns  Iteration: 0  Process: /tb_AI_TRIGGER_TOP/dut/u_DUT/\gen_lanes(3)\/u_LANE/line__191  File: /home/work1/Works/AI-Trigger-System/HDL/rtl/CNN_CORE_LANE.vhd
Note: LANE3 started_next=11 fifo_empty='0' fifo_data_valid='1' ready='0' idle='1'
Time: 135272500 ps  Iteration: 0  Process: /tb_AI_TRIGGER_TOP/dut/u_DUT/\gen_lanes(3)\/u_LANE/line__273  File: /home/work1/Works/AI-Trigger-System/HDL/rtl/CNN_CORE_LANE.vhd
Note: LANE3 started=11 fifo_empty='0' fifo_data_valid='1' ready='0'
Time: 135982500 ps  Iteration: 0  Process: /tb_AI_TRIGGER_TOP/dut/u_DUT/\gen_lanes(3)\/u_LANE/line__273  File: /home/work1/Works/AI-Trigger-System/HDL/rtl/CNN_CORE_LANE.vhd
Note: LANE3 ADC busy_clear stream_done_seen='1' wr_count=0
Time: 135994 ns  Iteration: 0  Process: /tb_AI_TRIGGER_TOP/dut/u_DUT/\gen_lanes(3)\/u_LANE/line__191  File: /home/work1/Works/AI-Trigger-System/HDL/rtl/CNN_CORE_LANE.vhd
   133 | 0x003fed10    |     -2.367188 |     0 |    0 |      1.010
Note: DIST chunk_start seq=134 lane=4 busy='0'
Time: 136250 ns  Iteration: 0  Process: /tb_AI_TRIGGER_TOP/dut/u_DUT/u_DIST/line__134  File: /home/work1/Works/AI-Trigger-System/HDL/rtl/ADC_CHUNK_DISTRIBUTOR.vhd
Note: LANE4 ADC chunk_accept count=11 fifo_full='0'
Time: 136250 ns  Iteration: 0  Process: /tb_AI_TRIGGER_TOP/dut/u_DUT/\gen_lanes(4)\/u_LANE/line__191  File: /home/work1/Works/AI-Trigger-System/HDL/rtl/CNN_CORE_LANE.vhd
Note: LANE4 started_next=11 fifo_empty='0' fifo_data_valid='1' ready='0' idle='1'
Time: 136287500 ps  Iteration: 0  Process: /tb_AI_TRIGGER_TOP/dut/u_DUT/\gen_lanes(4)\/u_LANE/line__273  File: /home/work1/Works/AI-Trigger-System/HDL/rtl/CNN_CORE_LANE.vhd
Note: LANE4 started=11 fifo_empty='0' fifo_data_valid='1' ready='0'
Time: 136997500 ps  Iteration: 0  Process: /tb_AI_TRIGGER_TOP/dut/u_DUT/\gen_lanes(4)\/u_LANE/line__273  File: /home/work1/Works/AI-Trigger-System/HDL/rtl/CNN_CORE_LANE.vhd
Note: LANE4 ADC busy_clear stream_done_seen='1' wr_count=0
Time: 137006 ns  Iteration: 0  Process: /tb_AI_TRIGGER_TOP/dut/u_DUT/\gen_lanes(4)\/u_LANE/line__191  File: /home/work1/Works/AI-Trigger-System/HDL/rtl/CNN_CORE_LANE.vhd
   134 | 0x003fed70    |     -2.320312 |     0 |    0 |      1.015
Note: DIST chunk_start seq=135 lane=0 busy='0'
Time: 137266 ns  Iteration: 0  Process: /tb_AI_TRIGGER_TOP/dut/u_DUT/u_DIST/line__134  File: /home/work1/Works/AI-Trigger-System/HDL/rtl/ADC_CHUNK_DISTRIBUTOR.vhd
Note: LANE0 ADC chunk_accept count=12 fifo_full='0'
Time: 137266 ns  Iteration: 0  Process: /tb_AI_TRIGGER_TOP/dut/u_DUT/\gen_lanes(0)\/u_LANE/line__191  File: /home/work1/Works/AI-Trigger-System/HDL/rtl/CNN_CORE_LANE.vhd
Note: LANE0 ADC busy_clear stream_done_seen='0' wr_count=0
Time: 138022 ns  Iteration: 0  Process: /tb_AI_TRIGGER_TOP/dut/u_DUT/\gen_lanes(0)\/u_LANE/line__191  File: /home/work1/Works/AI-Trigger-System/HDL/rtl/CNN_CORE_LANE.vhd
   135 | 0x003fece5    |     -2.388184 |     0 |    0 |      1.015
Note: DIST chunk_start seq=136 lane=1 busy='0'
Time: 138282 ns  Iteration: 0  Process: /tb_AI_TRIGGER_TOP/dut/u_DUT/u_DIST/line__134  File: /home/work1/Works/AI-Trigger-System/HDL/rtl/ADC_CHUNK_DISTRIBUTOR.vhd
Note: LANE1 ADC chunk_accept count=12 fifo_full='0'
Time: 138282 ns  Iteration: 0  Process: /tb_AI_TRIGGER_TOP/dut/u_DUT/\gen_lanes(1)\/u_LANE/line__191  File: /home/work1/Works/AI-Trigger-System/HDL/rtl/CNN_CORE_LANE.vhd
Note: LANE1 ADC busy_clear stream_done_seen='0' wr_count=0
Time: 139038 ns  Iteration: 0  Process: /tb_AI_TRIGGER_TOP/dut/u_DUT/\gen_lanes(1)\/u_LANE/line__191  File: /home/work1/Works/AI-Trigger-System/HDL/rtl/CNN_CORE_LANE.vhd
   136 | 0x003fed3e    |     -2.344727 |     0 |    0 |      1.015
Note: DIST chunk_start seq=137 lane=2 busy='0'
Time: 139298 ns  Iteration: 0  Process: /tb_AI_TRIGGER_TOP/dut/u_DUT/u_DIST/line__134  File: /home/work1/Works/AI-Trigger-System/HDL/rtl/ADC_CHUNK_DISTRIBUTOR.vhd
Note: LANE2 ADC chunk_accept count=12 fifo_full='0'
Time: 139298 ns  Iteration: 0  Process: /tb_AI_TRIGGER_TOP/dut/u_DUT/\gen_lanes(2)\/u_LANE/line__191  File: /home/work1/Works/AI-Trigger-System/HDL/rtl/CNN_CORE_LANE.vhd
Note: LANE2 ADC busy_clear stream_done_seen='0' wr_count=0
Time: 140054 ns  Iteration: 0  Process: /tb_AI_TRIGGER_TOP/dut/u_DUT/\gen_lanes(2)\/u_LANE/line__191  File: /home/work1/Works/AI-Trigger-System/HDL/rtl/CNN_CORE_LANE.vhd
   137 | 0x003fed63    |     -2.326660 |     0 |    0 |      1.010
Note: DIST chunk_start seq=138 lane=3 busy='0'
Time: 140310 ns  Iteration: 0  Process: /tb_AI_TRIGGER_TOP/dut/u_DUT/u_DIST/line__134  File: /home/work1/Works/AI-Trigger-System/HDL/rtl/ADC_CHUNK_DISTRIBUTOR.vhd
Note: LANE3 ADC chunk_accept count=12 fifo_full='0'
Time: 140310 ns  Iteration: 0  Process: /tb_AI_TRIGGER_TOP/dut/u_DUT/\gen_lanes(3)\/u_LANE/line__191  File: /home/work1/Works/AI-Trigger-System/HDL/rtl/CNN_CORE_LANE.vhd
Note: LANE3 ADC busy_clear stream_done_seen='0' wr_count=0
Time: 141066 ns  Iteration: 0  Process: /tb_AI_TRIGGER_TOP/dut/u_DUT/\gen_lanes(3)\/u_LANE/line__191  File: /home/work1/Works/AI-Trigger-System/HDL/rtl/CNN_CORE_LANE.vhd
   138 | 0x003fecb8    |     -2.410156 |     0 |    0 |      1.015
Note: DIST chunk_start seq=139 lane=4 busy='0'
Time: 141326 ns  Iteration: 0  Process: /tb_AI_TRIGGER_TOP/dut/u_DUT/u_DIST/line__134  File: /home/work1/Works/AI-Trigger-System/HDL/rtl/ADC_CHUNK_DISTRIBUTOR.vhd
Note: LANE4 ADC chunk_accept count=12 fifo_full='0'
Time: 141326 ns  Iteration: 0  Process: /tb_AI_TRIGGER_TOP/dut/u_DUT/\gen_lanes(4)\/u_LANE/line__191  File: /home/work1/Works/AI-Trigger-System/HDL/rtl/CNN_CORE_LANE.vhd
Note: LANE4 ADC busy_clear stream_done_seen='0' wr_count=0
Time: 142082 ns  Iteration: 0  Process: /tb_AI_TRIGGER_TOP/dut/u_DUT/\gen_lanes(4)\/u_LANE/line__191  File: /home/work1/Works/AI-Trigger-System/HDL/rtl/CNN_CORE_LANE.vhd
   139 | 0x003fed0e    |     -2.368164 |     0 |    0 |      1.015
Note: DIST chunk_start seq=140 lane=0 busy='0'
Time: 142342 ns  Iteration: 0  Process: /tb_AI_TRIGGER_TOP/dut/u_DUT/u_DIST/line__134  File: /home/work1/Works/AI-Trigger-System/HDL/rtl/ADC_CHUNK_DISTRIBUTOR.vhd
Note: LANE0 ADC chunk_accept count=13 fifo_full='0'
Time: 142342 ns  Iteration: 0  Process: /tb_AI_TRIGGER_TOP/dut/u_DUT/\gen_lanes(0)\/u_LANE/line__191  File: /home/work1/Works/AI-Trigger-System/HDL/rtl/CNN_CORE_LANE.vhd
Note: LANE0 ADC busy_clear stream_done_seen='1' wr_count=0
Time: 143098 ns  Iteration: 0  Process: /tb_AI_TRIGGER_TOP/dut/u_DUT/\gen_lanes(0)\/u_LANE/line__191  File: /home/work1/Works/AI-Trigger-System/HDL/rtl/CNN_CORE_LANE.vhd
   140 | 0x003fed09    |     -2.370605 |     0 |    0 |      1.015
Note: DIST chunk_start seq=141 lane=1 busy='0'
Time: 143358 ns  Iteration: 0  Process: /tb_AI_TRIGGER_TOP/dut/u_DUT/u_DIST/line__134  File: /home/work1/Works/AI-Trigger-System/HDL/rtl/ADC_CHUNK_DISTRIBUTOR.vhd
Note: LANE1 ADC chunk_accept count=13 fifo_full='0'
Time: 143358 ns  Iteration: 0  Process: /tb_AI_TRIGGER_TOP/dut/u_DUT/\gen_lanes(1)\/u_LANE/line__191  File: /home/work1/Works/AI-Trigger-System/HDL/rtl/CNN_CORE_LANE.vhd
Note: LANE1 ADC busy_clear stream_done_seen='1' wr_count=0
Time: 144114 ns  Iteration: 0  Process: /tb_AI_TRIGGER_TOP/dut/u_DUT/\gen_lanes(1)\/u_LANE/line__191  File: /home/work1/Works/AI-Trigger-System/HDL/rtl/CNN_CORE_LANE.vhd
   141 | 0x003fec98    |     -2.425781 |     0 |    0 |      1.010
Note: DIST chunk_start seq=142 lane=2 busy='0'
Time: 144370 ns  Iteration: 0  Process: /tb_AI_TRIGGER_TOP/dut/u_DUT/u_DIST/line__134  File: /home/work1/Works/AI-Trigger-System/HDL/rtl/ADC_CHUNK_DISTRIBUTOR.vhd
Note: LANE2 ADC chunk_accept count=13 fifo_full='0'
Time: 144370 ns  Iteration: 0  Process: /tb_AI_TRIGGER_TOP/dut/u_DUT/\gen_lanes(2)\/u_LANE/line__191  File: /home/work1/Works/AI-Trigger-System/HDL/rtl/CNN_CORE_LANE.vhd
Note: LANE2 ADC busy_clear stream_done_seen='1' wr_count=0
Time: 145126 ns  Iteration: 0  Process: /tb_AI_TRIGGER_TOP/dut/u_DUT/\gen_lanes(2)\/u_LANE/line__191  File: /home/work1/Works/AI-Trigger-System/HDL/rtl/CNN_CORE_LANE.vhd
   142 | 0x003fece7    |     -2.387207 |     0 |    0 |      1.015
Note: DIST chunk_start seq=143 lane=3 busy='0'
Time: 145386 ns  Iteration: 0  Process: /tb_AI_TRIGGER_TOP/dut/u_DUT/u_DIST/line__134  File: /home/work1/Works/AI-Trigger-System/HDL/rtl/ADC_CHUNK_DISTRIBUTOR.vhd
Note: LANE3 ADC chunk_accept count=13 fifo_full='0'
Time: 145386 ns  Iteration: 0  Process: /tb_AI_TRIGGER_TOP/dut/u_DUT/\gen_lanes(3)\/u_LANE/line__191  File: /home/work1/Works/AI-Trigger-System/HDL/rtl/CNN_CORE_LANE.vhd
Note: LANE3 ADC busy_clear stream_done_seen='1' wr_count=0
Time: 146142 ns  Iteration: 0  Process: /tb_AI_TRIGGER_TOP/dut/u_DUT/\gen_lanes(3)\/u_LANE/line__191  File: /home/work1/Works/AI-Trigger-System/HDL/rtl/CNN_CORE_LANE.vhd
   143 | 0x003fed3e    |     -2.344727 |     0 |    0 |      1.015
Note: DIST chunk_start seq=144 lane=4 busy='0'
Time: 146402 ns  Iteration: 0  Process: /tb_AI_TRIGGER_TOP/dut/u_DUT/u_DIST/line__134  File: /home/work1/Works/AI-Trigger-System/HDL/rtl/ADC_CHUNK_DISTRIBUTOR.vhd
Note: LANE4 ADC chunk_accept count=13 fifo_full='0'
Time: 146402 ns  Iteration: 0  Process: /tb_AI_TRIGGER_TOP/dut/u_DUT/\gen_lanes(4)\/u_LANE/line__191  File: /home/work1/Works/AI-Trigger-System/HDL/rtl/CNN_CORE_LANE.vhd
Note: LANE4 ADC busy_clear stream_done_seen='1' wr_count=0
Time: 147158 ns  Iteration: 0  Process: /tb_AI_TRIGGER_TOP/dut/u_DUT/\gen_lanes(4)\/u_LANE/line__191  File: /home/work1/Works/AI-Trigger-System/HDL/rtl/CNN_CORE_LANE.vhd
   144 | 0x003fec7d    |     -2.438965 |     0 |    0 |      1.015
Note: DIST chunk_start seq=145 lane=0 busy='0'
Time: 147418 ns  Iteration: 0  Process: /tb_AI_TRIGGER_TOP/dut/u_DUT/u_DIST/line__134  File: /home/work1/Works/AI-Trigger-System/HDL/rtl/ADC_CHUNK_DISTRIBUTOR.vhd
Note: LANE0 ADC chunk_accept count=14 fifo_full='0'
Time: 147418 ns  Iteration: 0  Process: /tb_AI_TRIGGER_TOP/dut/u_DUT/\gen_lanes(0)\/u_LANE/line__191  File: /home/work1/Works/AI-Trigger-System/HDL/rtl/CNN_CORE_LANE.vhd
Note: LANE0 ADC busy_clear stream_done_seen='0' wr_count=0
Time: 148174 ns  Iteration: 0  Process: /tb_AI_TRIGGER_TOP/dut/u_DUT/\gen_lanes(0)\/u_LANE/line__191  File: /home/work1/Works/AI-Trigger-System/HDL/rtl/CNN_CORE_LANE.vhd
   145 | 0x003fec93    |     -2.428223 |     0 |    0 |      1.010
Note: DIST chunk_start seq=146 lane=1 busy='0'
Time: 148430 ns  Iteration: 0  Process: /tb_AI_TRIGGER_TOP/dut/u_DUT/u_DIST/line__134  File: /home/work1/Works/AI-Trigger-System/HDL/rtl/ADC_CHUNK_DISTRIBUTOR.vhd
Note: LANE1 ADC chunk_accept count=14 fifo_full='0'
Time: 148430 ns  Iteration: 0  Process: /tb_AI_TRIGGER_TOP/dut/u_DUT/\gen_lanes(1)\/u_LANE/line__191  File: /home/work1/Works/AI-Trigger-System/HDL/rtl/CNN_CORE_LANE.vhd
Note: LANE1 ADC busy_clear stream_done_seen='0' wr_count=0
Time: 149186 ns  Iteration: 0  Process: /tb_AI_TRIGGER_TOP/dut/u_DUT/\gen_lanes(1)\/u_LANE/line__191  File: /home/work1/Works/AI-Trigger-System/HDL/rtl/CNN_CORE_LANE.vhd
   146 | 0x003fecb3    |     -2.412598 |     0 |    0 |      1.015
Note: DIST chunk_start seq=147 lane=2 busy='0'
Time: 149446 ns  Iteration: 0  Process: /tb_AI_TRIGGER_TOP/dut/u_DUT/u_DIST/line__134  File: /home/work1/Works/AI-Trigger-System/HDL/rtl/ADC_CHUNK_DISTRIBUTOR.vhd
Note: LANE2 ADC chunk_accept count=14 fifo_full='0'
Time: 149446 ns  Iteration: 0  Process: /tb_AI_TRIGGER_TOP/dut/u_DUT/\gen_lanes(2)\/u_LANE/line__191  File: /home/work1/Works/AI-Trigger-System/HDL/rtl/CNN_CORE_LANE.vhd
Note: LANE2 ADC busy_clear stream_done_seen='0' wr_count=0
Time: 150202 ns  Iteration: 0  Process: /tb_AI_TRIGGER_TOP/dut/u_DUT/\gen_lanes(2)\/u_LANE/line__191  File: /home/work1/Works/AI-Trigger-System/HDL/rtl/CNN_CORE_LANE.vhd
   147 | 0x003fec96    |     -2.426758 |     0 |    0 |      1.015
Note: DIST chunk_start seq=148 lane=3 busy='0'
Time: 150462 ns  Iteration: 0  Process: /tb_AI_TRIGGER_TOP/dut/u_DUT/u_DIST/line__134  File: /home/work1/Works/AI-Trigger-System/HDL/rtl/ADC_CHUNK_DISTRIBUTOR.vhd
Note: LANE3 ADC chunk_accept count=14 fifo_full='0'
Time: 150462 ns  Iteration: 0  Process: /tb_AI_TRIGGER_TOP/dut/u_DUT/\gen_lanes(3)\/u_LANE/line__191  File: /home/work1/Works/AI-Trigger-System/HDL/rtl/CNN_CORE_LANE.vhd
Note: LANE3 ADC busy_clear stream_done_seen='0' wr_count=0
Time: 151218 ns  Iteration: 0  Process: /tb_AI_TRIGGER_TOP/dut/u_DUT/\gen_lanes(3)\/u_LANE/line__191  File: /home/work1/Works/AI-Trigger-System/HDL/rtl/CNN_CORE_LANE.vhd
   148 | 0x003fecd0    |     -2.398438 |     0 |    0 |      1.015
Note: DIST chunk_start seq=149 lane=4 busy='0'
Time: 151478 ns  Iteration: 0  Process: /tb_AI_TRIGGER_TOP/dut/u_DUT/u_DIST/line__134  File: /home/work1/Works/AI-Trigger-System/HDL/rtl/ADC_CHUNK_DISTRIBUTOR.vhd
Note: LANE4 ADC chunk_accept count=14 fifo_full='0'
Time: 151478 ns  Iteration: 0  Process: /tb_AI_TRIGGER_TOP/dut/u_DUT/\gen_lanes(4)\/u_LANE/line__191  File: /home/work1/Works/AI-Trigger-System/HDL/rtl/CNN_CORE_LANE.vhd
Note: LANE4 ADC busy_clear stream_done_seen='0' wr_count=0
Time: 152234 ns  Iteration: 0  Process: /tb_AI_TRIGGER_TOP/dut/u_DUT/\gen_lanes(4)\/u_LANE/line__191  File: /home/work1/Works/AI-Trigger-System/HDL/rtl/CNN_CORE_LANE.vhd
   149 | 0x003fecf1    |     -2.382324 |     0 |    0 |      1.010
Note: DIST chunk_start seq=150 lane=0 busy='0'
Time: 152490 ns  Iteration: 0  Process: /tb_AI_TRIGGER_TOP/dut/u_DUT/u_DIST/line__134  File: /home/work1/Works/AI-Trigger-System/HDL/rtl/ADC_CHUNK_DISTRIBUTOR.vhd
Note: LANE0 ADC chunk_accept count=15 fifo_full='0'
Time: 152490 ns  Iteration: 0  Process: /tb_AI_TRIGGER_TOP/dut/u_DUT/\gen_lanes(0)\/u_LANE/line__191  File: /home/work1/Works/AI-Trigger-System/HDL/rtl/CNN_CORE_LANE.vhd
Note: LANE0 ADC busy_clear stream_done_seen='1' wr_count=0
Time: 153246 ns  Iteration: 0  Process: /tb_AI_TRIGGER_TOP/dut/u_DUT/\gen_lanes(0)\/u_LANE/line__191  File: /home/work1/Works/AI-Trigger-System/HDL/rtl/CNN_CORE_LANE.vhd
   150 | 0x003fec42    |     -2.467773 |     0 |    0 |      1.015
Note: DIST chunk_start seq=151 lane=1 busy='0'
Time: 153506 ns  Iteration: 0  Process: /tb_AI_TRIGGER_TOP/dut/u_DUT/u_DIST/line__134  File: /home/work1/Works/AI-Trigger-System/HDL/rtl/ADC_CHUNK_DISTRIBUTOR.vhd
Note: LANE1 ADC chunk_accept count=15 fifo_full='0'
Time: 153506 ns  Iteration: 0  Process: /tb_AI_TRIGGER_TOP/dut/u_DUT/\gen_lanes(1)\/u_LANE/line__191  File: /home/work1/Works/AI-Trigger-System/HDL/rtl/CNN_CORE_LANE.vhd
Note: LANE1 ADC busy_clear stream_done_seen='1' wr_count=0
Time: 154262 ns  Iteration: 0  Process: /tb_AI_TRIGGER_TOP/dut/u_DUT/\gen_lanes(1)\/u_LANE/line__191  File: /home/work1/Works/AI-Trigger-System/HDL/rtl/CNN_CORE_LANE.vhd
   151 | 0x003fecea    |     -2.385742 |     0 |    0 |      1.015
Note: DIST chunk_start seq=152 lane=2 busy='0'
Time: 154522 ns  Iteration: 0  Process: /tb_AI_TRIGGER_TOP/dut/u_DUT/u_DIST/line__134  File: /home/work1/Works/AI-Trigger-System/HDL/rtl/ADC_CHUNK_DISTRIBUTOR.vhd
Note: LANE2 ADC chunk_accept count=15 fifo_full='0'
Time: 154522 ns  Iteration: 0  Process: /tb_AI_TRIGGER_TOP/dut/u_DUT/\gen_lanes(2)\/u_LANE/line__191  File: /home/work1/Works/AI-Trigger-System/HDL/rtl/CNN_CORE_LANE.vhd
Note: LANE2 ADC busy_clear stream_done_seen='1' wr_count=0
Time: 155278 ns  Iteration: 0  Process: /tb_AI_TRIGGER_TOP/dut/u_DUT/\gen_lanes(2)\/u_LANE/line__191  File: /home/work1/Works/AI-Trigger-System/HDL/rtl/CNN_CORE_LANE.vhd
   152 | 0x003fec76    |     -2.442383 |     0 |    0 |      1.015
Note: DIST chunk_start seq=153 lane=3 busy='0'
Time: 155538 ns  Iteration: 0  Process: /tb_AI_TRIGGER_TOP/dut/u_DUT/u_DIST/line__134  File: /home/work1/Works/AI-Trigger-System/HDL/rtl/ADC_CHUNK_DISTRIBUTOR.vhd
Note: LANE3 ADC chunk_accept count=15 fifo_full='0'
Time: 155538 ns  Iteration: 0  Process: /tb_AI_TRIGGER_TOP/dut/u_DUT/\gen_lanes(3)\/u_LANE/line__191  File: /home/work1/Works/AI-Trigger-System/HDL/rtl/CNN_CORE_LANE.vhd
Note: LANE3 ADC busy_clear stream_done_seen='1' wr_count=0
Time: 156294 ns  Iteration: 0  Process: /tb_AI_TRIGGER_TOP/dut/u_DUT/\gen_lanes(3)\/u_LANE/line__191  File: /home/work1/Works/AI-Trigger-System/HDL/rtl/CNN_CORE_LANE.vhd
   153 | 0x003fec7e    |     -2.438477 |     0 |    0 |      1.010
Note: DIST chunk_start seq=154 lane=4 busy='0'
Time: 156550 ns  Iteration: 0  Process: /tb_AI_TRIGGER_TOP/dut/u_DUT/u_DIST/line__134  File: /home/work1/Works/AI-Trigger-System/HDL/rtl/ADC_CHUNK_DISTRIBUTOR.vhd
Note: LANE4 ADC chunk_accept count=15 fifo_full='0'
Time: 156550 ns  Iteration: 0  Process: /tb_AI_TRIGGER_TOP/dut/u_DUT/\gen_lanes(4)\/u_LANE/line__191  File: /home/work1/Works/AI-Trigger-System/HDL/rtl/CNN_CORE_LANE.vhd
Note: LANE4 ADC busy_clear stream_done_seen='1' wr_count=0
Time: 157306 ns  Iteration: 0  Process: /tb_AI_TRIGGER_TOP/dut/u_DUT/\gen_lanes(4)\/u_LANE/line__191  File: /home/work1/Works/AI-Trigger-System/HDL/rtl/CNN_CORE_LANE.vhd
   154 | 0x003fed4f    |     -2.336426 |     0 |    0 |      1.015
Note: DIST chunk_start seq=155 lane=0 busy='0'
Time: 157566 ns  Iteration: 0  Process: /tb_AI_TRIGGER_TOP/dut/u_DUT/u_DIST/line__134  File: /home/work1/Works/AI-Trigger-System/HDL/rtl/ADC_CHUNK_DISTRIBUTOR.vhd
Note: LANE0 ADC chunk_accept count=0 fifo_full='0'
Time: 157566 ns  Iteration: 0  Process: /tb_AI_TRIGGER_TOP/dut/u_DUT/\gen_lanes(0)\/u_LANE/line__191  File: /home/work1/Works/AI-Trigger-System/HDL/rtl/CNN_CORE_LANE.vhd
Note: LANE0 ADC busy_clear stream_done_seen='0' wr_count=0
Time: 158322 ns  Iteration: 0  Process: /tb_AI_TRIGGER_TOP/dut/u_DUT/\gen_lanes(0)\/u_LANE/line__191  File: /home/work1/Works/AI-Trigger-System/HDL/rtl/CNN_CORE_LANE.vhd
   155 | 0x003fed20    |     -2.359375 |     0 |    0 |      1.015
Note: DIST chunk_start seq=156 lane=1 busy='0'
Time: 158582 ns  Iteration: 0  Process: /tb_AI_TRIGGER_TOP/dut/u_DUT/u_DIST/line__134  File: /home/work1/Works/AI-Trigger-System/HDL/rtl/ADC_CHUNK_DISTRIBUTOR.vhd
Note: LANE1 ADC chunk_accept count=0 fifo_full='0'
Time: 158582 ns  Iteration: 0  Process: /tb_AI_TRIGGER_TOP/dut/u_DUT/\gen_lanes(1)\/u_LANE/line__191  File: /home/work1/Works/AI-Trigger-System/HDL/rtl/CNN_CORE_LANE.vhd
Note: LANE1 ADC busy_clear stream_done_seen='0' wr_count=0
Time: 159338 ns  Iteration: 0  Process: /tb_AI_TRIGGER_TOP/dut/u_DUT/\gen_lanes(1)\/u_LANE/line__191  File: /home/work1/Works/AI-Trigger-System/HDL/rtl/CNN_CORE_LANE.vhd
   156 | 0x003feca1    |     -2.421387 |     0 |    0 |      1.015
Note: DIST chunk_start seq=157 lane=2 busy='0'
Time: 159598 ns  Iteration: 0  Process: /tb_AI_TRIGGER_TOP/dut/u_DUT/u_DIST/line__134  File: /home/work1/Works/AI-Trigger-System/HDL/rtl/ADC_CHUNK_DISTRIBUTOR.vhd
Note: LANE2 ADC chunk_accept count=0 fifo_full='0'
Time: 159598 ns  Iteration: 0  Process: /tb_AI_TRIGGER_TOP/dut/u_DUT/\gen_lanes(2)\/u_LANE/line__191  File: /home/work1/Works/AI-Trigger-System/HDL/rtl/CNN_CORE_LANE.vhd
Note: LANE2 ADC busy_clear stream_done_seen='0' wr_count=0
Time: 160354 ns  Iteration: 0  Process: /tb_AI_TRIGGER_TOP/dut/u_DUT/\gen_lanes(2)\/u_LANE/line__191  File: /home/work1/Works/AI-Trigger-System/HDL/rtl/CNN_CORE_LANE.vhd
   157 | 0x003fed4a    |     -2.338867 |     0 |    0 |      1.010
Note: DIST chunk_start seq=158 lane=3 busy='0'
Time: 160610 ns  Iteration: 0  Process: /tb_AI_TRIGGER_TOP/dut/u_DUT/u_DIST/line__134  File: /home/work1/Works/AI-Trigger-System/HDL/rtl/ADC_CHUNK_DISTRIBUTOR.vhd
Note: LANE3 ADC chunk_accept count=0 fifo_full='0'
Time: 160610 ns  Iteration: 0  Process: /tb_AI_TRIGGER_TOP/dut/u_DUT/\gen_lanes(3)\/u_LANE/line__191  File: /home/work1/Works/AI-Trigger-System/HDL/rtl/CNN_CORE_LANE.vhd
Note: LANE3 ADC busy_clear stream_done_seen='0' wr_count=0
Time: 161366 ns  Iteration: 0  Process: /tb_AI_TRIGGER_TOP/dut/u_DUT/\gen_lanes(3)\/u_LANE/line__191  File: /home/work1/Works/AI-Trigger-System/HDL/rtl/CNN_CORE_LANE.vhd
   158 | 0x003fece3    |     -2.389160 |     0 |    0 |      1.015
Note: DIST chunk_start seq=159 lane=4 busy='0'
Time: 161626 ns  Iteration: 0  Process: /tb_AI_TRIGGER_TOP/dut/u_DUT/u_DIST/line__134  File: /home/work1/Works/AI-Trigger-System/HDL/rtl/ADC_CHUNK_DISTRIBUTOR.vhd
Note: LANE4 ADC chunk_accept count=0 fifo_full='0'
Time: 161626 ns  Iteration: 0  Process: /tb_AI_TRIGGER_TOP/dut/u_DUT/\gen_lanes(4)\/u_LANE/line__191  File: /home/work1/Works/AI-Trigger-System/HDL/rtl/CNN_CORE_LANE.vhd
Note: LANE4 ADC busy_clear stream_done_seen='0' wr_count=0
Time: 162382 ns  Iteration: 0  Process: /tb_AI_TRIGGER_TOP/dut/u_DUT/\gen_lanes(4)\/u_LANE/line__191  File: /home/work1/Works/AI-Trigger-System/HDL/rtl/CNN_CORE_LANE.vhd
   159 | 0x003fec9f    |     -2.422363 |     0 |    0 |      1.015
Note: LANE0 ADC chunk_accept count=1 fifo_full='0'
Time: 162642 ns  Iteration: 0  Process: /tb_AI_TRIGGER_TOP/dut/u_DUT/\gen_lanes(0)\/u_LANE/line__191  File: /home/work1/Works/AI-Trigger-System/HDL/rtl/CNN_CORE_LANE.vhd
Note: LANE0 ADC busy_clear stream_done_seen='1' wr_count=0
Time: 163398 ns  Iteration: 0  Process: /tb_AI_TRIGGER_TOP/dut/u_DUT/\gen_lanes(0)\/u_LANE/line__191  File: /home/work1/Works/AI-Trigger-System/HDL/rtl/CNN_CORE_LANE.vhd
   160 | 0x003fed90    |     -2.304688 |     0 |    0 |      1.015
Note: LANE1 ADC chunk_accept count=1 fifo_full='0'
Time: 163658 ns  Iteration: 0  Process: /tb_AI_TRIGGER_TOP/dut/u_DUT/\gen_lanes(1)\/u_LANE/line__191  File: /home/work1/Works/AI-Trigger-System/HDL/rtl/CNN_CORE_LANE.vhd
Note: LANE1 ADC busy_clear stream_done_seen='1' wr_count=0
Time: 164414 ns  Iteration: 0  Process: /tb_AI_TRIGGER_TOP/dut/u_DUT/\gen_lanes(1)\/u_LANE/line__191  File: /home/work1/Works/AI-Trigger-System/HDL/rtl/CNN_CORE_LANE.vhd
   161 | 0x003fecf5    |     -2.380371 |     0 |    0 |      1.010
Note: LANE2 ADC chunk_accept count=1 fifo_full='0'
Time: 164670 ns  Iteration: 0  Process: /tb_AI_TRIGGER_TOP/dut/u_DUT/\gen_lanes(2)\/u_LANE/line__191  File: /home/work1/Works/AI-Trigger-System/HDL/rtl/CNN_CORE_LANE.vhd
Note: LANE2 ADC busy_clear stream_done_seen='1' wr_count=0
Time: 165426 ns  Iteration: 0  Process: /tb_AI_TRIGGER_TOP/dut/u_DUT/\gen_lanes(2)\/u_LANE/line__191  File: /home/work1/Works/AI-Trigger-System/HDL/rtl/CNN_CORE_LANE.vhd
   162 | 0x003fecef    |     -2.383301 |     0 |    0 |      1.015
Note: LANE3 ADC chunk_accept count=1 fifo_full='0'
Time: 165686 ns  Iteration: 0  Process: /tb_AI_TRIGGER_TOP/dut/u_DUT/\gen_lanes(3)\/u_LANE/line__191  File: /home/work1/Works/AI-Trigger-System/HDL/rtl/CNN_CORE_LANE.vhd
Note: LANE3 ADC busy_clear stream_done_seen='1' wr_count=0
Time: 166442 ns  Iteration: 0  Process: /tb_AI_TRIGGER_TOP/dut/u_DUT/\gen_lanes(3)\/u_LANE/line__191  File: /home/work1/Works/AI-Trigger-System/HDL/rtl/CNN_CORE_LANE.vhd
   163 | 0x003fed6c    |     -2.322266 |     0 |    0 |      1.015
Note: LANE4 ADC chunk_accept count=1 fifo_full='0'
Time: 166702 ns  Iteration: 0  Process: /tb_AI_TRIGGER_TOP/dut/u_DUT/\gen_lanes(4)\/u_LANE/line__191  File: /home/work1/Works/AI-Trigger-System/HDL/rtl/CNN_CORE_LANE.vhd
Note: LANE4 ADC busy_clear stream_done_seen='1' wr_count=0
Time: 167458 ns  Iteration: 0  Process: /tb_AI_TRIGGER_TOP/dut/u_DUT/\gen_lanes(4)\/u_LANE/line__191  File: /home/work1/Works/AI-Trigger-System/HDL/rtl/CNN_CORE_LANE.vhd
   164 | 0x003fecf6    |     -2.379883 |     0 |    0 |      1.015
Note: LANE0 ADC chunk_accept count=2 fifo_full='0'
Time: 167718 ns  Iteration: 0  Process: /tb_AI_TRIGGER_TOP/dut/u_DUT/\gen_lanes(0)\/u_LANE/line__191  File: /home/work1/Works/AI-Trigger-System/HDL/rtl/CNN_CORE_LANE.vhd
Note: LANE0 ADC busy_clear stream_done_seen='0' wr_count=0
Time: 168474 ns  Iteration: 0  Process: /tb_AI_TRIGGER_TOP/dut/u_DUT/\gen_lanes(0)\/u_LANE/line__191  File: /home/work1/Works/AI-Trigger-System/HDL/rtl/CNN_CORE_LANE.vhd
   165 | 0x003fecdf    |     -2.391113 |     0 |    0 |      1.010
Note: LANE1 ADC chunk_accept count=2 fifo_full='0'
Time: 168730 ns  Iteration: 0  Process: /tb_AI_TRIGGER_TOP/dut/u_DUT/\gen_lanes(1)\/u_LANE/line__191  File: /home/work1/Works/AI-Trigger-System/HDL/rtl/CNN_CORE_LANE.vhd
Note: LANE1 ADC busy_clear stream_done_seen='0' wr_count=0
Time: 169486 ns  Iteration: 0  Process: /tb_AI_TRIGGER_TOP/dut/u_DUT/\gen_lanes(1)\/u_LANE/line__191  File: /home/work1/Works/AI-Trigger-System/HDL/rtl/CNN_CORE_LANE.vhd
   166 | 0x003fedd9    |     -2.269043 |     0 |    0 |      1.015
Note: LANE2 ADC chunk_accept count=2 fifo_full='0'
Time: 169746 ns  Iteration: 0  Process: /tb_AI_TRIGGER_TOP/dut/u_DUT/\gen_lanes(2)\/u_LANE/line__191  File: /home/work1/Works/AI-Trigger-System/HDL/rtl/CNN_CORE_LANE.vhd
Note: LANE2 ADC busy_clear stream_done_seen='0' wr_count=0
Time: 170502 ns  Iteration: 0  Process: /tb_AI_TRIGGER_TOP/dut/u_DUT/\gen_lanes(2)\/u_LANE/line__191  File: /home/work1/Works/AI-Trigger-System/HDL/rtl/CNN_CORE_LANE.vhd
   167 | 0x003fed93    |     -2.303223 |     0 |    0 |      1.015
Note: LANE3 ADC chunk_accept count=2 fifo_full='0'
Time: 170762 ns  Iteration: 0  Process: /tb_AI_TRIGGER_TOP/dut/u_DUT/\gen_lanes(3)\/u_LANE/line__191  File: /home/work1/Works/AI-Trigger-System/HDL/rtl/CNN_CORE_LANE.vhd
Note: LANE3 ADC busy_clear stream_done_seen='0' wr_count=0
Time: 171518 ns  Iteration: 0  Process: /tb_AI_TRIGGER_TOP/dut/u_DUT/\gen_lanes(3)\/u_LANE/line__191  File: /home/work1/Works/AI-Trigger-System/HDL/rtl/CNN_CORE_LANE.vhd
   168 | 0x003fed6b    |     -2.322754 |     0 |    0 |      1.015
Note: LANE4 ADC chunk_accept count=2 fifo_full='0'
Time: 171778 ns  Iteration: 0  Process: /tb_AI_TRIGGER_TOP/dut/u_DUT/\gen_lanes(4)\/u_LANE/line__191  File: /home/work1/Works/AI-Trigger-System/HDL/rtl/CNN_CORE_LANE.vhd
Note: LANE4 ADC busy_clear stream_done_seen='0' wr_count=0
Time: 172534 ns  Iteration: 0  Process: /tb_AI_TRIGGER_TOP/dut/u_DUT/\gen_lanes(4)\/u_LANE/line__191  File: /home/work1/Works/AI-Trigger-System/HDL/rtl/CNN_CORE_LANE.vhd
   169 | 0x003fedad    |     -2.290527 |     0 |    0 |      1.010
Note: LANE0 ADC chunk_accept count=3 fifo_full='0'
Time: 172790 ns  Iteration: 0  Process: /tb_AI_TRIGGER_TOP/dut/u_DUT/\gen_lanes(0)\/u_LANE/line__191  File: /home/work1/Works/AI-Trigger-System/HDL/rtl/CNN_CORE_LANE.vhd
Note: LANE0 ADC busy_clear stream_done_seen='1' wr_count=0
Time: 173546 ns  Iteration: 0  Process: /tb_AI_TRIGGER_TOP/dut/u_DUT/\gen_lanes(0)\/u_LANE/line__191  File: /home/work1/Works/AI-Trigger-System/HDL/rtl/CNN_CORE_LANE.vhd
   170 | 0x003fed9d    |     -2.298340 |     0 |    0 |      1.015
Note: LANE1 ADC chunk_accept count=3 fifo_full='0'
Time: 173806 ns  Iteration: 0  Process: /tb_AI_TRIGGER_TOP/dut/u_DUT/\gen_lanes(1)\/u_LANE/line__191  File: /home/work1/Works/AI-Trigger-System/HDL/rtl/CNN_CORE_LANE.vhd
Note: LANE1 ADC busy_clear stream_done_seen='1' wr_count=0
Time: 174562 ns  Iteration: 0  Process: /tb_AI_TRIGGER_TOP/dut/u_DUT/\gen_lanes(1)\/u_LANE/line__191  File: /home/work1/Works/AI-Trigger-System/HDL/rtl/CNN_CORE_LANE.vhd
   171 | 0x003fece9    |     -2.386230 |     0 |    0 |      1.015
Note: LANE2 ADC chunk_accept count=3 fifo_full='0'
Time: 174822 ns  Iteration: 0  Process: /tb_AI_TRIGGER_TOP/dut/u_DUT/\gen_lanes(2)\/u_LANE/line__191  File: /home/work1/Works/AI-Trigger-System/HDL/rtl/CNN_CORE_LANE.vhd
Note: LANE2 ADC busy_clear stream_done_seen='1' wr_count=0
Time: 175578 ns  Iteration: 0  Process: /tb_AI_TRIGGER_TOP/dut/u_DUT/\gen_lanes(2)\/u_LANE/line__191  File: /home/work1/Works/AI-Trigger-System/HDL/rtl/CNN_CORE_LANE.vhd
   172 | 0x003fedc2    |     -2.280273 |     0 |    0 |      1.015
Note: LANE3 ADC chunk_accept count=3 fifo_full='0'
Time: 175838 ns  Iteration: 0  Process: /tb_AI_TRIGGER_TOP/dut/u_DUT/\gen_lanes(3)\/u_LANE/line__191  File: /home/work1/Works/AI-Trigger-System/HDL/rtl/CNN_CORE_LANE.vhd
Note: LANE3 ADC busy_clear stream_done_seen='1' wr_count=0
Time: 176594 ns  Iteration: 0  Process: /tb_AI_TRIGGER_TOP/dut/u_DUT/\gen_lanes(3)\/u_LANE/line__191  File: /home/work1/Works/AI-Trigger-System/HDL/rtl/CNN_CORE_LANE.vhd
   173 | 0x003fed95    |     -2.302246 |     0 |    0 |      1.010
Note: LANE4 ADC chunk_accept count=3 fifo_full='0'
Time: 176850 ns  Iteration: 0  Process: /tb_AI_TRIGGER_TOP/dut/u_DUT/\gen_lanes(4)\/u_LANE/line__191  File: /home/work1/Works/AI-Trigger-System/HDL/rtl/CNN_CORE_LANE.vhd
Note: LANE4 ADC busy_clear stream_done_seen='1' wr_count=0
Time: 177606 ns  Iteration: 0  Process: /tb_AI_TRIGGER_TOP/dut/u_DUT/\gen_lanes(4)\/u_LANE/line__191  File: /home/work1/Works/AI-Trigger-System/HDL/rtl/CNN_CORE_LANE.vhd
   174 | 0x003fed74    |     -2.318359 |     0 |    0 |      1.015
Note: LANE0 ADC chunk_accept count=4 fifo_full='0'
Time: 177866 ns  Iteration: 0  Process: /tb_AI_TRIGGER_TOP/dut/u_DUT/\gen_lanes(0)\/u_LANE/line__191  File: /home/work1/Works/AI-Trigger-System/HDL/rtl/CNN_CORE_LANE.vhd
Note: LANE0 ADC busy_clear stream_done_seen='0' wr_count=0
Time: 178622 ns  Iteration: 0  Process: /tb_AI_TRIGGER_TOP/dut/u_DUT/\gen_lanes(0)\/u_LANE/line__191  File: /home/work1/Works/AI-Trigger-System/HDL/rtl/CNN_CORE_LANE.vhd
   175 | 0x003fed73    |     -2.318848 |     0 |    0 |      1.015
Note: LANE1 ADC chunk_accept count=4 fifo_full='0'
Time: 178882 ns  Iteration: 0  Process: /tb_AI_TRIGGER_TOP/dut/u_DUT/\gen_lanes(1)\/u_LANE/line__191  File: /home/work1/Works/AI-Trigger-System/HDL/rtl/CNN_CORE_LANE.vhd
Note: LANE1 ADC busy_clear stream_done_seen='0' wr_count=0
Time: 179638 ns  Iteration: 0  Process: /tb_AI_TRIGGER_TOP/dut/u_DUT/\gen_lanes(1)\/u_LANE/line__191  File: /home/work1/Works/AI-Trigger-System/HDL/rtl/CNN_CORE_LANE.vhd
   176 | 0x003fed85    |     -2.310059 |     0 |    0 |      1.015
Note: LANE2 ADC chunk_accept count=4 fifo_full='0'
Time: 179898 ns  Iteration: 0  Process: /tb_AI_TRIGGER_TOP/dut/u_DUT/\gen_lanes(2)\/u_LANE/line__191  File: /home/work1/Works/AI-Trigger-System/HDL/rtl/CNN_CORE_LANE.vhd
Note: LANE2 ADC busy_clear stream_done_seen='0' wr_count=0
Time: 180654 ns  Iteration: 0  Process: /tb_AI_TRIGGER_TOP/dut/u_DUT/\gen_lanes(2)\/u_LANE/line__191  File: /home/work1/Works/AI-Trigger-System/HDL/rtl/CNN_CORE_LANE.vhd
   177 | 0x003fed4f    |     -2.336426 |     0 |    0 |      1.010
Note: LANE3 ADC chunk_accept count=4 fifo_full='0'
Time: 180910 ns  Iteration: 0  Process: /tb_AI_TRIGGER_TOP/dut/u_DUT/\gen_lanes(3)\/u_LANE/line__191  File: /home/work1/Works/AI-Trigger-System/HDL/rtl/CNN_CORE_LANE.vhd
Note: LANE3 ADC busy_clear stream_done_seen='0' wr_count=0
Time: 181666 ns  Iteration: 0  Process: /tb_AI_TRIGGER_TOP/dut/u_DUT/\gen_lanes(3)\/u_LANE/line__191  File: /home/work1/Works/AI-Trigger-System/HDL/rtl/CNN_CORE_LANE.vhd
   178 | 0x003fed8c    |     -2.306641 |     0 |    0 |      1.015
Note: LANE4 ADC chunk_accept count=4 fifo_full='0'
Time: 181926 ns  Iteration: 0  Process: /tb_AI_TRIGGER_TOP/dut/u_DUT/\gen_lanes(4)\/u_LANE/line__191  File: /home/work1/Works/AI-Trigger-System/HDL/rtl/CNN_CORE_LANE.vhd
Note: LANE4 ADC busy_clear stream_done_seen='0' wr_count=0
Time: 182682 ns  Iteration: 0  Process: /tb_AI_TRIGGER_TOP/dut/u_DUT/\gen_lanes(4)\/u_LANE/line__191  File: /home/work1/Works/AI-Trigger-System/HDL/rtl/CNN_CORE_LANE.vhd
   179 | 0x003fedf9    |     -2.253418 |     0 |    0 |      1.015
Note: LANE0 ADC chunk_accept count=5 fifo_full='0'
Time: 182942 ns  Iteration: 0  Process: /tb_AI_TRIGGER_TOP/dut/u_DUT/\gen_lanes(0)\/u_LANE/line__191  File: /home/work1/Works/AI-Trigger-System/HDL/rtl/CNN_CORE_LANE.vhd
Note: LANE0 ADC busy_clear stream_done_seen='1' wr_count=0
Time: 183698 ns  Iteration: 0  Process: /tb_AI_TRIGGER_TOP/dut/u_DUT/\gen_lanes(0)\/u_LANE/line__191  File: /home/work1/Works/AI-Trigger-System/HDL/rtl/CNN_CORE_LANE.vhd
   180 | 0x003fedda    |     -2.268555 |     0 |    0 |      1.015
Note: LANE1 ADC chunk_accept count=5 fifo_full='0'
Time: 183958 ns  Iteration: 0  Process: /tb_AI_TRIGGER_TOP/dut/u_DUT/\gen_lanes(1)\/u_LANE/line__191  File: /home/work1/Works/AI-Trigger-System/HDL/rtl/CNN_CORE_LANE.vhd
Note: LANE1 ADC busy_clear stream_done_seen='1' wr_count=0
Time: 184714 ns  Iteration: 0  Process: /tb_AI_TRIGGER_TOP/dut/u_DUT/\gen_lanes(1)\/u_LANE/line__191  File: /home/work1/Works/AI-Trigger-System/HDL/rtl/CNN_CORE_LANE.vhd
   181 | 0x003fee30    |     -2.226562 |     0 |    0 |      1.010
Note: LANE2 ADC chunk_accept count=5 fifo_full='0'
Time: 184970 ns  Iteration: 0  Process: /tb_AI_TRIGGER_TOP/dut/u_DUT/\gen_lanes(2)\/u_LANE/line__191  File: /home/work1/Works/AI-Trigger-System/HDL/rtl/CNN_CORE_LANE.vhd
Note: LANE2 ADC busy_clear stream_done_seen='1' wr_count=0
Time: 185726 ns  Iteration: 0  Process: /tb_AI_TRIGGER_TOP/dut/u_DUT/\gen_lanes(2)\/u_LANE/line__191  File: /home/work1/Works/AI-Trigger-System/HDL/rtl/CNN_CORE_LANE.vhd
   182 | 0x003fee2c    |     -2.228516 |     0 |    0 |      1.015
Note: LANE3 ADC chunk_accept count=5 fifo_full='0'
Time: 185986 ns  Iteration: 0  Process: /tb_AI_TRIGGER_TOP/dut/u_DUT/\gen_lanes(3)\/u_LANE/line__191  File: /home/work1/Works/AI-Trigger-System/HDL/rtl/CNN_CORE_LANE.vhd
Note: LANE3 ADC busy_clear stream_done_seen='1' wr_count=0
Time: 186742 ns  Iteration: 0  Process: /tb_AI_TRIGGER_TOP/dut/u_DUT/\gen_lanes(3)\/u_LANE/line__191  File: /home/work1/Works/AI-Trigger-System/HDL/rtl/CNN_CORE_LANE.vhd
   183 | 0x003fee54    |     -2.208984 |     0 |    0 |      1.015
Note: LANE4 ADC chunk_accept count=5 fifo_full='0'
Time: 187002 ns  Iteration: 0  Process: /tb_AI_TRIGGER_TOP/dut/u_DUT/\gen_lanes(4)\/u_LANE/line__191  File: /home/work1/Works/AI-Trigger-System/HDL/rtl/CNN_CORE_LANE.vhd
Note: LANE4 ADC busy_clear stream_done_seen='1' wr_count=0
Time: 187758 ns  Iteration: 0  Process: /tb_AI_TRIGGER_TOP/dut/u_DUT/\gen_lanes(4)\/u_LANE/line__191  File: /home/work1/Works/AI-Trigger-System/HDL/rtl/CNN_CORE_LANE.vhd
   184 | 0x003fedf2    |     -2.256836 |     0 |    0 |      1.015
Note: LANE0 ADC chunk_accept count=6 fifo_full='0'
Time: 188018 ns  Iteration: 0  Process: /tb_AI_TRIGGER_TOP/dut/u_DUT/\gen_lanes(0)\/u_LANE/line__191  File: /home/work1/Works/AI-Trigger-System/HDL/rtl/CNN_CORE_LANE.vhd
Note: LANE0 ADC busy_clear stream_done_seen='0' wr_count=0
Time: 188774 ns  Iteration: 0  Process: /tb_AI_TRIGGER_TOP/dut/u_DUT/\gen_lanes(0)\/u_LANE/line__191  File: /home/work1/Works/AI-Trigger-System/HDL/rtl/CNN_CORE_LANE.vhd
   185 | 0x003fee81    |     -2.187012 |     0 |    0 |      1.010
Note: LANE1 ADC chunk_accept count=6 fifo_full='0'
Time: 189030 ns  Iteration: 0  Process: /tb_AI_TRIGGER_TOP/dut/u_DUT/\gen_lanes(1)\/u_LANE/line__191  File: /home/work1/Works/AI-Trigger-System/HDL/rtl/CNN_CORE_LANE.vhd
Note: LANE1 ADC busy_clear stream_done_seen='0' wr_count=0
Time: 189786 ns  Iteration: 0  Process: /tb_AI_TRIGGER_TOP/dut/u_DUT/\gen_lanes(1)\/u_LANE/line__191  File: /home/work1/Works/AI-Trigger-System/HDL/rtl/CNN_CORE_LANE.vhd
   186 | 0x003fee4e    |     -2.211914 |     0 |    0 |      1.015
Note: LANE2 ADC chunk_accept count=6 fifo_full='0'
Time: 190046 ns  Iteration: 0  Process: /tb_AI_TRIGGER_TOP/dut/u_DUT/\gen_lanes(2)\/u_LANE/line__191  File: /home/work1/Works/AI-Trigger-System/HDL/rtl/CNN_CORE_LANE.vhd
Note: LANE2 ADC busy_clear stream_done_seen='0' wr_count=0
Time: 190802 ns  Iteration: 0  Process: /tb_AI_TRIGGER_TOP/dut/u_DUT/\gen_lanes(2)\/u_LANE/line__191  File: /home/work1/Works/AI-Trigger-System/HDL/rtl/CNN_CORE_LANE.vhd
   187 | 0x003fee38    |     -2.222656 |     0 |    0 |      1.015
Note: LANE3 ADC chunk_accept count=6 fifo_full='0'
Time: 191062 ns  Iteration: 0  Process: /tb_AI_TRIGGER_TOP/dut/u_DUT/\gen_lanes(3)\/u_LANE/line__191  File: /home/work1/Works/AI-Trigger-System/HDL/rtl/CNN_CORE_LANE.vhd
Note: LANE3 ADC busy_clear stream_done_seen='0' wr_count=0
Time: 191818 ns  Iteration: 0  Process: /tb_AI_TRIGGER_TOP/dut/u_DUT/\gen_lanes(3)\/u_LANE/line__191  File: /home/work1/Works/AI-Trigger-System/HDL/rtl/CNN_CORE_LANE.vhd
   188 | 0x003fee7a    |     -2.190430 |     0 |    0 |      1.015
Note: LANE4 ADC chunk_accept count=6 fifo_full='0'
Time: 192078 ns  Iteration: 0  Process: /tb_AI_TRIGGER_TOP/dut/u_DUT/\gen_lanes(4)\/u_LANE/line__191  File: /home/work1/Works/AI-Trigger-System/HDL/rtl/CNN_CORE_LANE.vhd
Note: LANE4 ADC busy_clear stream_done_seen='0' wr_count=0
Time: 192834 ns  Iteration: 0  Process: /tb_AI_TRIGGER_TOP/dut/u_DUT/\gen_lanes(4)\/u_LANE/line__191  File: /home/work1/Works/AI-Trigger-System/HDL/rtl/CNN_CORE_LANE.vhd
   189 | 0x003feea1    |     -2.171387 |     0 |    0 |      1.010
Note: LANE0 ADC chunk_accept count=7 fifo_full='0'
Time: 193090 ns  Iteration: 0  Process: /tb_AI_TRIGGER_TOP/dut/u_DUT/\gen_lanes(0)\/u_LANE/line__191  File: /home/work1/Works/AI-Trigger-System/HDL/rtl/CNN_CORE_LANE.vhd
Note: LANE0 ADC busy_clear stream_done_seen='1' wr_count=0
Time: 193846 ns  Iteration: 0  Process: /tb_AI_TRIGGER_TOP/dut/u_DUT/\gen_lanes(0)\/u_LANE/line__191  File: /home/work1/Works/AI-Trigger-System/HDL/rtl/CNN_CORE_LANE.vhd
   190 | 0x003fedfe    |     -2.250977 |     0 |    0 |      1.015
Note: LANE1 ADC chunk_accept count=7 fifo_full='0'
Time: 194106 ns  Iteration: 0  Process: /tb_AI_TRIGGER_TOP/dut/u_DUT/\gen_lanes(1)\/u_LANE/line__191  File: /home/work1/Works/AI-Trigger-System/HDL/rtl/CNN_CORE_LANE.vhd
Note: LANE1 ADC busy_clear stream_done_seen='1' wr_count=0
Time: 194862 ns  Iteration: 0  Process: /tb_AI_TRIGGER_TOP/dut/u_DUT/\gen_lanes(1)\/u_LANE/line__191  File: /home/work1/Works/AI-Trigger-System/HDL/rtl/CNN_CORE_LANE.vhd
   191 | 0x003fef0c    |     -2.119141 |     0 |    0 |      1.015
Note: LANE2 ADC chunk_accept count=7 fifo_full='0'
Time: 195122 ns  Iteration: 0  Process: /tb_AI_TRIGGER_TOP/dut/u_DUT/\gen_lanes(2)\/u_LANE/line__191  File: /home/work1/Works/AI-Trigger-System/HDL/rtl/CNN_CORE_LANE.vhd
Note: LANE2 ADC busy_clear stream_done_seen='1' wr_count=0
Time: 195878 ns  Iteration: 0  Process: /tb_AI_TRIGGER_TOP/dut/u_DUT/\gen_lanes(2)\/u_LANE/line__191  File: /home/work1/Works/AI-Trigger-System/HDL/rtl/CNN_CORE_LANE.vhd
   192 | 0x003feef4    |     -2.130859 |     0 |    0 |      1.015
Note: LANE3 ADC chunk_accept count=7 fifo_full='0'
Time: 196138 ns  Iteration: 0  Process: /tb_AI_TRIGGER_TOP/dut/u_DUT/\gen_lanes(3)\/u_LANE/line__191  File: /home/work1/Works/AI-Trigger-System/HDL/rtl/CNN_CORE_LANE.vhd
Note: LANE3 ADC busy_clear stream_done_seen='1' wr_count=0
Time: 196894 ns  Iteration: 0  Process: /tb_AI_TRIGGER_TOP/dut/u_DUT/\gen_lanes(3)\/u_LANE/line__191  File: /home/work1/Works/AI-Trigger-System/HDL/rtl/CNN_CORE_LANE.vhd
   193 | 0x003fef16    |     -2.114258 |     0 |    0 |      1.010
Note: LANE4 ADC chunk_accept count=7 fifo_full='0'
Time: 197150 ns  Iteration: 0  Process: /tb_AI_TRIGGER_TOP/dut/u_DUT/\gen_lanes(4)\/u_LANE/line__191  File: /home/work1/Works/AI-Trigger-System/HDL/rtl/CNN_CORE_LANE.vhd
Note: LANE4 ADC busy_clear stream_done_seen='1' wr_count=0
Time: 197906 ns  Iteration: 0  Process: /tb_AI_TRIGGER_TOP/dut/u_DUT/\gen_lanes(4)\/u_LANE/line__191  File: /home/work1/Works/AI-Trigger-System/HDL/rtl/CNN_CORE_LANE.vhd
   194 | 0x003fef42    |     -2.092773 |     0 |    0 |      1.015
Note: LANE0 ADC chunk_accept count=8 fifo_full='0'
Time: 198166 ns  Iteration: 0  Process: /tb_AI_TRIGGER_TOP/dut/u_DUT/\gen_lanes(0)\/u_LANE/line__191  File: /home/work1/Works/AI-Trigger-System/HDL/rtl/CNN_CORE_LANE.vhd
Note: LANE0 ADC busy_clear stream_done_seen='0' wr_count=0
Time: 198922 ns  Iteration: 0  Process: /tb_AI_TRIGGER_TOP/dut/u_DUT/\gen_lanes(0)\/u_LANE/line__191  File: /home/work1/Works/AI-Trigger-System/HDL/rtl/CNN_CORE_LANE.vhd
   195 | 0x003fefd6    |     -2.020508 |     0 |    0 |      1.015
Note: LANE1 ADC chunk_accept count=8 fifo_full='0'
Time: 199182 ns  Iteration: 0  Process: /tb_AI_TRIGGER_TOP/dut/u_DUT/\gen_lanes(1)\/u_LANE/line__191  File: /home/work1/Works/AI-Trigger-System/HDL/rtl/CNN_CORE_LANE.vhd
Note: LANE1 ADC busy_clear stream_done_seen='0' wr_count=0
Time: 199938 ns  Iteration: 0  Process: /tb_AI_TRIGGER_TOP/dut/u_DUT/\gen_lanes(1)\/u_LANE/line__191  File: /home/work1/Works/AI-Trigger-System/HDL/rtl/CNN_CORE_LANE.vhd
   196 | 0x003fef45    |     -2.091309 |     0 |    0 |      1.015
Note: LANE2 ADC chunk_accept count=8 fifo_full='0'
Time: 200198 ns  Iteration: 0  Process: /tb_AI_TRIGGER_TOP/dut/u_DUT/\gen_lanes(2)\/u_LANE/line__191  File: /home/work1/Works/AI-Trigger-System/HDL/rtl/CNN_CORE_LANE.vhd
Note: LANE2 ADC busy_clear stream_done_seen='0' wr_count=0
Time: 200954 ns  Iteration: 0  Process: /tb_AI_TRIGGER_TOP/dut/u_DUT/\gen_lanes(2)\/u_LANE/line__191  File: /home/work1/Works/AI-Trigger-System/HDL/rtl/CNN_CORE_LANE.vhd
   197 | 0x003fefa4    |     -2.044922 |     0 |    0 |      1.010
Note: LANE3 ADC chunk_accept count=8 fifo_full='0'
Time: 201210 ns  Iteration: 0  Process: /tb_AI_TRIGGER_TOP/dut/u_DUT/\gen_lanes(3)\/u_LANE/line__191  File: /home/work1/Works/AI-Trigger-System/HDL/rtl/CNN_CORE_LANE.vhd
Note: LANE3 ADC busy_clear stream_done_seen='0' wr_count=0
Time: 201966 ns  Iteration: 0  Process: /tb_AI_TRIGGER_TOP/dut/u_DUT/\gen_lanes(3)\/u_LANE/line__191  File: /home/work1/Works/AI-Trigger-System/HDL/rtl/CNN_CORE_LANE.vhd
   198 | 0x003feee5    |     -2.138184 |     0 |    0 |      1.015
Note: LANE4 ADC chunk_accept count=8 fifo_full='0'
Time: 202226 ns  Iteration: 0  Process: /tb_AI_TRIGGER_TOP/dut/u_DUT/\gen_lanes(4)\/u_LANE/line__191  File: /home/work1/Works/AI-Trigger-System/HDL/rtl/CNN_CORE_LANE.vhd
Note: LANE4 ADC busy_clear stream_done_seen='0' wr_count=0
Time: 202982 ns  Iteration: 0  Process: /tb_AI_TRIGGER_TOP/dut/u_DUT/\gen_lanes(4)\/u_LANE/line__191  File: /home/work1/Works/AI-Trigger-System/HDL/rtl/CNN_CORE_LANE.vhd
   199 | 0x003fefe2    |     -2.014648 |     0 |    0 |      1.015
   200 | 0x003fefdb    |     -2.018066 |     0 |    0 |      1.015
   201 | 0x003fefad    |     -2.040527 |     0 |    0 |      1.010
   202 | 0x003feee0    |     -2.140625 |     0 |    0 |      1.015
   203 | 0x003fef98    |     -2.050781 |     0 |    0 |      1.015
   204 | 0x003feeb5    |     -2.161621 |     0 |    0 |      1.015
   205 | 0x003fefc3    |     -2.029785 |     0 |    0 |      1.010
   206 | 0x003ff07a    |     -1.940430 |     0 |    0 |      1.015
   207 | 0x003fefe7    |     -2.012207 |     0 |    0 |      1.015
   208 | 0x003fef1b    |     -2.111816 |     0 |    0 |      1.015
   209 | 0x003fefc8    |     -2.027344 |     0 |    0 |      1.010
   210 | 0x003feeb0    |     -2.164062 |     0 |    0 |      1.015
   211 | 0x003fefdb    |     -2.018066 |     0 |    0 |      1.015
   212 | 0x003ff0fd    |     -1.876465 |     0 |    0 |      1.015
   213 | 0x003feee8    |     -2.136719 |     0 |    0 |      1.010
   214 | 0x003feec0    |     -2.156250 |     0 |    0 |      1.015
   215 | 0x003fef9c    |     -2.048828 |     0 |    0 |      1.015
   216 | 0x003fee80    |     -2.187500 |     0 |    0 |      1.015
   217 | 0x003feee5    |     -2.138184 |     0 |    0 |      1.010
   218 | 0x003ff0bc    |     -1.908203 |     0 |    0 |      1.015
   219 | 0x003fee6b    |     -2.197754 |     0 |    0 |      1.015
   220 | 0x003fee55    |     -2.208496 |     0 |    0 |      1.015
   221 | 0x003fef01    |     -2.124512 |     0 |    0 |      1.010
   222 | 0x003fee56    |     -2.208008 |     0 |    0 |      1.015
   223 | 0x003feecd    |     -2.149902 |     0 |    0 |      1.015
   224 | 0x003fefc0    |     -2.031250 |     0 |    0 |      1.015
   225 | 0x003fedbf    |     -2.281738 |     0 |    0 |      1.010
   226 | 0x003feebe    |     -2.157227 |     0 |    0 |      1.015
   227 | 0x003fef67    |     -2.074707 |     0 |    0 |      1.015
   228 | 0x003fee2d    |     -2.228027 |     0 |    0 |      1.015
   229 | 0x003fee43    |     -2.217285 |     0 |    0 |      1.010
   230 | 0x003fef39    |     -2.097168 |     0 |    0 |      1.015
   231 | 0x003fed34    |     -2.349609 |     0 |    0 |      1.015
   232 | 0x003fee19    |     -2.237793 |     0 |    0 |      1.015
   233 | 0x003feef6    |     -2.129883 |     0 |    0 |      1.010
   234 | 0x003fedc4    |     -2.279297 |     0 |    0 |      1.015
   235 | 0x003feed5    |     -2.145996 |     0 |    0 |      1.015
   236 | 0x003feedc    |     -2.142578 |     0 |    0 |      1.015
   237 | 0x003fed98    |     -2.300781 |     0 |    0 |      1.010
   238 | 0x003feebf    |     -2.156738 |     0 |    0 |      1.015
   239 | 0x003fef2f    |     -2.102051 |     0 |    0 |      1.015
   240 | 0x003fee89    |     -2.183105 |     0 |    0 |      1.015
   241 | 0x003fef79    |     -2.065918 |     0 |    0 |      1.010
   242 | 0x003fee3a    |     -2.221680 |     0 |    0 |      1.015
   243 | 0x003fed89    |     -2.308105 |     0 |    0 |      1.015
   244 | 0x003feeba    |     -2.159180 |     0 |    0 |      1.015
   245 | 0x003feecd    |     -2.149902 |     0 |    0 |      1.010
   246 | 0x003fedf2    |     -2.256836 |     0 |    0 |      1.015
   247 | 0x003feef5    |     -2.130371 |     0 |    0 |      1.015
   248 | 0x003fee08    |     -2.246094 |     0 |    0 |      1.015
   249 | 0x003fed8a    |     -2.307617 |     0 |    0 |      1.010
   250 | 0x003fee55    |     -2.208496 |     0 |    0 |      1.015
   251 | 0x003fef4f    |     -2.086426 |     0 |    0 |      1.015
   252 | 0x003fee97    |     -2.176270 |     0 |    0 |      1.015
   253 | 0x003feec3    |     -2.154785 |     0 |    0 |      1.010
   254 | 0x003fee30    |     -2.226562 |     0 |    0 |      1.015
   255 | 0x003fee34    |     -2.224609 |     0 |    0 |      1.015
   256 | 0x003fee89    |     -2.183105 |     0 |    0 |      1.015
   257 | 0x003fef63    |     -2.076660 |     0 |    0 |      1.010
   258 | 0x003feeed    |     -2.134277 |     0 |    0 |      1.015
   259 | 0x003feead    |     -2.165527 |     0 |    0 |      1.015
   260 | 0x003fee4a    |     -2.213867 |     0 |    0 |      1.015
   261 | 0x003fee79    |     -2.190918 |     0 |    0 |      1.010
   262 | 0x003fee6f    |     -2.195801 |     0 |    0 |      1.015
   263 | 0x003fefc7    |     -2.027832 |     0 |    0 |      1.015
   264 | 0x003fef45    |     -2.091309 |     0 |    0 |      1.015
   265 | 0x003feee6    |     -2.137695 |     0 |    0 |      1.010
   266 | 0x003feea4    |     -2.169922 |     0 |    0 |      1.015
   267 | 0x003feed3    |     -2.146973 |     0 |    0 |      1.015
   268 | 0x003fee87    |     -2.184082 |     0 |    0 |      1.015
   269 | 0x003ff03f    |     -1.969238 |     0 |    0 |      1.010
   270 | 0x003fef47    |     -2.090332 |     0 |    0 |      1.015
   271 | 0x003fee00    |     -2.250000 |     0 |    0 |      1.015
   272 | 0x003feec4    |     -2.154297 |     0 |    0 |      1.015
   273 | 0x003feed4    |     -2.146484 |     0 |    0 |      1.010
   274 | 0x003fee4d    |     -2.212402 |     0 |    0 |      1.015
   275 | 0x003fefae    |     -2.040039 |     0 |    0 |      1.015
   276 | 0x003feec2    |     -2.155273 |     0 |    0 |      1.015
   277 | 0x003fede9    |     -2.261230 |     0 |    0 |      1.010
   278 | 0x003feea7    |     -2.168457 |     0 |    0 |      1.015
   279 | 0x003fef0f    |     -2.117676 |     0 |    0 |      1.015
   280 | 0x003fedf0    |     -2.257812 |     0 |    0 |      1.015
   281 | 0x003fee50    |     -2.210938 |     0 |    0 |      1.010
   282 | 0x003fee4f    |     -2.211426 |     0 |    0 |      1.015
   283 | 0x003fedd3    |     -2.271973 |     0 |    0 |      1.015
   284 | 0x003fee1a    |     -2.237305 |     0 |    0 |      1.015
   285 | 0x003feee6    |     -2.137695 |     0 |    0 |      1.010
   286 | 0x003fedd4    |     -2.271484 |     0 |    0 |      1.015
   287 | 0x003fee11    |     -2.241699 |     0 |    0 |      1.015
   288 | 0x003fee36    |     -2.223633 |     0 |    0 |      1.015
   289 | 0x003fee28    |     -2.230469 |     0 |    0 |      1.010
   290 | 0x003fee77    |     -2.191895 |     0 |    0 |      1.015
   291 | 0x003feefd    |     -2.126465 |     0 |    0 |      1.015
   292 | 0x003fee2a    |     -2.229492 |     0 |    0 |      1.015
   293 | 0x003fee0a    |     -2.245117 |     0 |    0 |      1.010
   294 | 0x003fee45    |     -2.216309 |     0 |    0 |      1.015
   295 | 0x003fee39    |     -2.222168 |     0 |    0 |      1.015
   296 | 0x003fee34    |     -2.224609 |     0 |    0 |      1.015
   297 | 0x003fee94    |     -2.177734 |     0 |    0 |      1.010
   298 | 0x003feea3    |     -2.170410 |     0 |    0 |      1.015
   299 | 0x003fed8e    |     -2.305664 |     0 |    0 |      1.015
   300 | 0x003fedc9    |     -2.276855 |     0 |    0 |      1.015
   301 | 0x003fee7e    |     -2.188477 |     0 |    0 |      1.010
   302 | 0x003fee2f    |     -2.227051 |     0 |    0 |      1.015
   303 | 0x003fedaf    |     -2.289551 |     0 |    0 |      1.015
   304 | 0x003fee61    |     -2.202637 |     0 |    0 |      1.015
   305 | 0x003feda1    |     -2.296387 |     0 |    0 |      1.010
   306 | 0x003fed0f    |     -2.367676 |     0 |    0 |      1.015
   307 | 0x003fee30    |     -2.226562 |     0 |    0 |      1.015
   308 | 0x003fee3a    |     -2.221680 |     0 |    0 |      1.015
   309 | 0x003fedcb    |     -2.275879 |     0 |    0 |      1.010
   310 | 0x003feea8    |     -2.167969 |     0 |    0 |      1.015
   311 | 0x003fee66    |     -2.200195 |     0 |    0 |      1.015
   312 | 0x003fed74    |     -2.318359 |     0 |    0 |      1.015
   313 | 0x003fee93    |     -2.178223 |     0 |    0 |      1.010
   314 | 0x003fef09    |     -2.120605 |     0 |    0 |      1.015
   315 | 0x003fee12    |     -2.241211 |     0 |    0 |      1.015
   316 | 0x003fee84    |     -2.185547 |     0 |    0 |      1.015
   317 | 0x003feea5    |     -2.169434 |     0 |    0 |      1.010
   318 | 0x003fedc6    |     -2.278320 |     0 |    0 |      1.015
   319 | 0x003fee81    |     -2.187012 |     0 |    0 |      1.015
   320 | 0x003fef68    |     -2.074219 |     0 |    0 |      1.015
   321 | 0x003fee79    |     -2.190918 |     0 |    0 |      1.010
   322 | 0x003fee9a    |     -2.174805 |     0 |    0 |      1.015
   323 | 0x003feef9    |     -2.128418 |     0 |    0 |      1.015
   324 | 0x003fee17    |     -2.238770 |     0 |    0 |      1.015
   325 | 0x003fee8b    |     -2.182129 |     0 |    0 |      1.010
   326 | 0x003fef93    |     -2.053223 |     0 |    0 |      1.015
   327 | 0x003fee90    |     -2.179688 |     0 |    0 |      1.015
   328 | 0x003fee43    |     -2.217285 |     0 |    0 |      1.015
   329 | 0x003fef87    |     -2.059082 |     0 |    0 |      1.010
   330 | 0x003fee5e    |     -2.204102 |     0 |    0 |      1.015
   331 | 0x003fee08    |     -2.246094 |     0 |    0 |      1.015
   332 | 0x003fef16    |     -2.114258 |     0 |    0 |      1.015
   333 | 0x003fef1e    |     -2.110352 |     0 |    0 |      1.010
   334 | 0x003fee92    |     -2.178711 |     0 |    0 |      1.015
   335 | 0x003ff038    |     -1.972656 |     0 |    0 |      1.015
   336 | 0x003fef76    |     -2.067383 |     0 |    0 |      1.015
   337 | 0x003feeed    |     -2.134277 |     0 |    0 |      1.010
   338 | 0x003fef99    |     -2.050293 |     0 |    0 |      1.015
   339 | 0x003fefc1    |     -2.030762 |     0 |    0 |      1.015
   340 | 0x003feee8    |     -2.136719 |     0 |    0 |      1.015
   341 | 0x003ff049    |     -1.964355 |     0 |    0 |      1.010
   342 | 0x003feff0    |     -2.007812 |     0 |    0 |      1.015
   343 | 0x003feeeb    |     -2.135254 |     0 |    0 |      1.015
   344 | 0x003fef5b    |     -2.080566 |     0 |    0 |      1.015
   345 | 0x003ff085    |     -1.935059 |     0 |    0 |      1.010
   346 | 0x003fef41    |     -2.093262 |     0 |    0 |      1.015
   347 | 0x003ff04e    |     -1.961914 |     0 |    0 |      1.015
   348 | 0x003ff0c2    |     -1.905273 |     0 |    0 |      1.015
   349 | 0x003fefb8    |     -2.035156 |     0 |    0 |      1.010
   350 | 0x003fef15    |     -2.114746 |     0 |    0 |      1.015
   351 | 0x003feff2    |     -2.006836 |     0 |    0 |      1.015
   352 | 0x003fef8e    |     -2.055664 |     0 |    0 |      1.015
   353 | 0x003fef7d    |     -2.063965 |     0 |    0 |      1.010
   354 | 0x003ff005    |     -1.997559 |     0 |    0 |      1.015
   355 | 0x003fef6a    |     -2.073242 |     0 |    0 |      1.015
   356 | 0x003fee40    |     -2.218750 |     0 |    0 |      1.015
   357 | 0x003feed4    |     -2.146484 |     0 |    0 |      1.010
   358 | 0x003fef07    |     -2.121582 |     0 |    0 |      1.015
   359 | 0x003feed7    |     -2.145020 |     0 |    0 |      1.015
   360 | 0x003fefd1    |     -2.022949 |     0 |    0 |      1.015
   361 | 0x003fef22    |     -2.108398 |     0 |    0 |      1.010
   362 | 0x003fedcf    |     -2.273926 |     0 |    0 |      1.015
   363 | 0x003fee8b    |     -2.182129 |     0 |    0 |      1.015
   364 | 0x003fef84    |     -2.060547 |     0 |    0 |      1.015
   365 | 0x003fef04    |     -2.123047 |     0 |    0 |      1.010
   366 | 0x003fef13    |     -2.115723 |     0 |    0 |      1.015
   367 | 0x003fee7d    |     -2.188965 |     0 |    0 |      1.015
   368 | 0x003fedaf    |     -2.289551 |     0 |    0 |      1.015
   369 | 0x003fee44    |     -2.216797 |     0 |    0 |      1.010
   370 | 0x003fef67    |     -2.074707 |     0 |    0 |      1.015
   371 | 0x003fef58    |     -2.082031 |     0 |    0 |      1.015
   372 | 0x003fef60    |     -2.078125 |     0 |    0 |      1.015
   373 | 0x003feebc    |     -2.158203 |     0 |    0 |      1.010
   374 | 0x003fee62    |     -2.202148 |     0 |    0 |      1.015
   375 | 0x003fef06    |     -2.122070 |     0 |    0 |      1.015
   376 | 0x003ff046    |     -1.965820 |     0 |    0 |      1.015
   377 | 0x003ff018    |     -1.988281 |     0 |    0 |      1.010
   378 | 0x003fef50    |     -2.085938 |     0 |    0 |      1.015
   379 | 0x003fee8f    |     -2.180176 |     0 |    0 |      1.015
   380 | 0x003feebe    |     -2.157227 |     0 |    0 |      1.015
   381 | 0x003fefa8    |     -2.042969 |     0 |    0 |      1.010
   382 | 0x003ff052    |     -1.959961 |     0 |    0 |      1.015
   383 | 0x003ff04a    |     -1.963867 |     0 |    0 |      1.015
   384 | 0x003ff047    |     -1.965332 |     0 |    0 |      1.015
   385 | 0x003fef2a    |     -2.104492 |     0 |    0 |      1.010
   386 | 0x003fef33    |     -2.100098 |     0 |    0 |      1.015
   387 | 0x003ff093    |     -1.928223 |     0 |    0 |      1.015
   388 | 0x003ff127    |     -1.855957 |     0 |    0 |      1.015
   389 | 0x003ff0ed    |     -1.884277 |     0 |    0 |      1.010
   390 | 0x003fefe1    |     -2.015137 |     0 |    0 |      1.015
   391 | 0x003fef5d    |     -2.079590 |     0 |    0 |      1.015
   392 | 0x003fef67    |     -2.074707 |     0 |    0 |      1.015
   393 | 0x003ff0e6    |     -1.887695 |     0 |    0 |      1.010
   394 | 0x003ff0b3    |     -1.912598 |     0 |    0 |      1.015
   395 | 0x003ff037    |     -1.973145 |     0 |    0 |      1.015
   396 | 0x003fefc2    |     -2.030273 |     0 |    0 |      1.015
   397 | 0x003fefd3    |     -2.021973 |     0 |    0 |      1.010
   398 | 0x003fef1b    |     -2.111816 |     0 |    0 |      1.015
   399 | 0x003ff017    |     -1.988770 |     0 |    0 |      1.015
   400 | 0x003ff0a1    |     -1.921387 |     0 |    0 |      1.015
   401 | 0x003ff015    |     -1.989746 |     0 |    0 |      1.010
   402 | 0x003feefe    |     -2.125977 |     0 |    0 |      1.015
   403 | 0x003feffd    |     -2.001465 |     0 |    0 |      1.015
   404 | 0x003fef68    |     -2.074219 |     0 |    0 |      1.015
   405 | 0x003fef6f    |     -2.070801 |     0 |    0 |      1.010
   406 | 0x003ff0ac    |     -1.916016 |     0 |    0 |      1.015
   407 | 0x003fef9f    |     -2.047363 |     0 |    0 |      1.015
   408 | 0x003feea5    |     -2.169434 |     0 |    0 |      1.015
   409 | 0x003ff032    |     -1.975586 |     0 |    0 |      1.010
   410 | 0x003fef74    |     -2.068359 |     0 |    0 |      1.015
   411 | 0x003fee95    |     -2.177246 |     0 |    0 |      1.015
   412 | 0x003fefff    |     -2.000488 |     0 |    0 |      1.015
   413 | 0x003fef8b    |     -2.057129 |     0 |    0 |      1.010
   414 | 0x003fee91    |     -2.179199 |     0 |    0 |      1.015
   415 | 0x003ff024    |     -1.982422 |     0 |    0 |      1.015
   416 | 0x003fef9e    |     -2.047852 |     0 |    0 |      1.015
   417 | 0x003fee89    |     -2.183105 |     0 |    0 |      1.010
   418 | 0x003ff026    |     -1.981445 |     0 |    0 |      1.015
   419 | 0x003fef89    |     -2.058105 |     0 |    0 |      1.015
   420 | 0x003feeb4    |     -2.162109 |     0 |    0 |      1.015
   421 | 0x003ff05e    |     -1.954102 |     0 |    0 |      1.010
   422 | 0x003fefd3    |     -2.021973 |     0 |    0 |      1.015
   423 | 0x003fee79    |     -2.190918 |     0 |    0 |      1.015
   424 | 0x003feeff    |     -2.125488 |     0 |    0 |      1.015
   425 | 0x003fef2d    |     -2.103027 |     0 |    0 |      1.010
   426 | 0x003feed8    |     -2.144531 |     0 |    0 |      1.015
   427 | 0x003fefdc    |     -2.017578 |     0 |    0 |      1.015
   428 | 0x003fef12    |     -2.116211 |     0 |    0 |      1.015
   429 | 0x003fee39    |     -2.222168 |     0 |    0 |      1.010
   430 | 0x003fee05    |     -2.247559 |     0 |    0 |      1.015
   431 | 0x003fee99    |     -2.175293 |     0 |    0 |      1.015
   432 | 0x003fef21    |     -2.108887 |     0 |    0 |      1.015
   433 | 0x003fef11    |     -2.116699 |     0 |    0 |      1.010
   434 | 0x003fee70    |     -2.195312 |     0 |    0 |      1.015
   435 | 0x003fedf8    |     -2.253906 |     0 |    0 |      1.015
   436 | 0x003feda2    |     -2.295898 |     0 |    0 |      1.015
   437 | 0x003fee13    |     -2.240723 |     0 |    0 |      1.010
   438 | 0x003fef4d    |     -2.087402 |     0 |    0 |      1.015
   439 | 0x003fee91    |     -2.179199 |     0 |    0 |      1.015
   440 | 0x003fedad    |     -2.290527 |     0 |    0 |      1.015
   441 | 0x003feddb    |     -2.268066 |     0 |    0 |      1.010
   442 | 0x003fed6e    |     -2.321289 |     0 |    0 |      1.015
   443 | 0x003fed87    |     -2.309082 |     0 |    0 |      1.015
   444 | 0x003fef2d    |     -2.103027 |     0 |    0 |      1.015
   445 | 0x003fee94    |     -2.177734 |     0 |    0 |      1.010
   446 | 0x003fed90    |     -2.304688 |     0 |    0 |      1.015
   447 | 0x003fedb5    |     -2.286621 |     0 |    0 |      1.015
   448 | 0x003feda8    |     -2.292969 |     0 |    0 |      1.015
   449 | 0x003fede6    |     -2.262695 |     0 |    0 |      1.010
   450 | 0x003fef60    |     -2.078125 |     0 |    0 |      1.015
   451 | 0x003fee8f    |     -2.180176 |     0 |    0 |      1.015
   452 | 0x003fed53    |     -2.334473 |     0 |    0 |      1.015
   453 | 0x003fedfb    |     -2.252441 |     0 |    0 |      1.010
   454 | 0x003fee42    |     -2.217773 |     0 |    0 |      1.015
   455 | 0x003fedbd    |     -2.282715 |     0 |    0 |      1.015
   456 | 0x003feedf    |     -2.141113 |     0 |    0 |      1.015
   457 | 0x003feec5    |     -2.153809 |     0 |    0 |      1.010
   458 | 0x003fed63    |     -2.326660 |     0 |    0 |      1.015
   459 | 0x003fee2e    |     -2.227539 |     0 |    0 |      1.015
   460 | 0x003fef39    |     -2.097168 |     0 |    0 |      1.015
   461 | 0x003fee18    |     -2.238281 |     0 |    0 |      1.010
   462 | 0x003fef1f    |     -2.109863 |     0 |    0 |      1.015
   463 | 0x003fefea    |     -2.010742 |     0 |    0 |      1.015
   464 | 0x003fede2    |     -2.264648 |     0 |    0 |      1.015
   465 | 0x003fef30    |     -2.101562 |     0 |    0 |      1.010
   466 | 0x003ff006    |     -1.997070 |     0 |    0 |      1.015
   467 | 0x003fee46    |     -2.215820 |     0 |    0 |      1.015
   468 | 0x003fee8e    |     -2.180664 |     0 |    0 |      1.015
   469 | 0x003ff024    |     -1.982422 |     0 |    0 |      1.010
   470 | 0x003fee71    |     -2.194824 |     0 |    0 |      1.015
   471 | 0x003fefdd    |     -2.017090 |     0 |    0 |      1.015
   472 | 0x003ff101    |     -1.874512 |     0 |    0 |      1.015
   473 | 0x003fef23    |     -2.107910 |     0 |    0 |      1.010
   474 | 0x003fef53    |     -2.084473 |     0 |    0 |      1.015
   475 | 0x003ff0b9    |     -1.909668 |     0 |    0 |      1.015
   476 | 0x003feeed    |     -2.134277 |     0 |    0 |      1.015
   477 | 0x003fefb1    |     -2.038574 |     0 |    0 |      1.010
   478 | 0x003ff03c    |     -1.970703 |     0 |    0 |      1.015
   479 | 0x003fef23    |     -2.107910 |     0 |    0 |      1.015
   480 | 0x003feedb    |     -2.143066 |     0 |    0 |      1.015
   481 | 0x003ff054    |     -1.958984 |     0 |    0 |      1.010
   482 | 0x003fef8f    |     -2.055176 |     0 |    0 |      1.015
   483 | 0x003fef34    |     -2.099609 |     0 |    0 |      1.015
   484 | 0x003fefde    |     -2.016602 |     0 |    0 |      1.015
   485 | 0x003fef76    |     -2.067383 |     0 |    0 |      1.010
   486 | 0x003fef1d    |     -2.110840 |     0 |    0 |      1.015
   487 | 0x003fef6b    |     -2.072754 |     0 |    0 |      1.015
   488 | 0x003fef7f    |     -2.062988 |     0 |    0 |      1.015
   489 | 0x003fee1a    |     -2.237305 |     0 |    0 |      1.010
   490 | 0x003feee6    |     -2.137695 |     0 |    0 |      1.015
   491 | 0x003feec2    |     -2.155273 |     0 |    0 |      1.015
   492 | 0x003fee61    |     -2.202637 |     0 |    0 |      1.015
   493 | 0x003fee1d    |     -2.235840 |     0 |    0 |      1.010
   494 | 0x003fee58    |     -2.207031 |     0 |    0 |      1.015
   495 | 0x003feceb    |     -2.385254 |     0 |    0 |      1.015
   496 | 0x003fedd9    |     -2.269043 |     0 |    0 |      1.015
   497 | 0x003fee60    |     -2.203125 |     0 |    0 |      1.010
   498 | 0x003fedb9    |     -2.284668 |     0 |    0 |      1.015
   499 | 0x003fece2    |     -2.389648 |     0 |    0 |      1.015
   500 | 0x003fee16    |     -2.239258 |     0 |    0 |      1.015
   501 | 0x003fed56    |     -2.333008 |     0 |    0 |      1.010
   502 | 0x003fed0f    |     -2.367676 |     0 |    0 |      1.015
   503 | 0x003fedd4    |     -2.271484 |     0 |    0 |      1.015
   504 | 0x003fedaa    |     -2.291992 |     0 |    0 |      1.015
   505 | 0x003fecf2    |     -2.381836 |     0 |    0 |      1.010
   506 | 0x003fed73    |     -2.318848 |     0 |    0 |      1.015
   507 | 0x003fed18    |     -2.363281 |     0 |    0 |      1.015
   508 | 0x003fed2c    |     -2.353516 |     0 |    0 |      1.015
   509 | 0x003feda2    |     -2.295898 |     0 |    0 |      1.010
   510 | 0x003fed27    |     -2.355957 |     0 |    0 |      1.015
   511 | 0x003fecda    |     -2.393555 |     0 |    0 |      1.015
   512 | 0x003fedba    |     -2.284180 |     0 |    0 |      1.015
   513 | 0x003fed09    |     -2.370605 |     0 |    0 |      1.010
   514 | 0x003fed0e    |     -2.368164 |     0 |    0 |      1.015
   515 | 0x003fed70    |     -2.320312 |     0 |    0 |      1.015
   516 | 0x003fed61    |     -2.327637 |     0 |    0 |      1.015
   517 | 0x003fed24    |     -2.357422 |     0 |    0 |      1.010
   518 | 0x003fedf8    |     -2.253906 |     0 |    0 |      1.015
   519 | 0x003fed4b    |     -2.338379 |     0 |    0 |      1.015
   520 | 0x003fecc0    |     -2.406250 |     0 |    0 |      1.015
   521 | 0x003fed1e    |     -2.360352 |     0 |    0 |      1.010
   522 | 0x003fee14    |     -2.240234 |     0 |    0 |      1.015
   523 | 0x003fed96    |     -2.301758 |     0 |    0 |      1.015
   524 | 0x003fee4b    |     -2.213379 |     0 |    0 |      1.015
   525 | 0x003fedf8    |     -2.253906 |     0 |    0 |      1.010
   526 | 0x003fedf6    |     -2.254883 |     0 |    0 |      1.015
   527 | 0x003fee03    |     -2.248535 |     0 |    0 |      1.015
   528 | 0x003fee7c    |     -2.189453 |     0 |    0 |      1.015
   529 | 0x003fee7e    |     -2.188477 |     0 |    0 |      1.010
   530 | 0x003feead    |     -2.165527 |     0 |    0 |      1.015
   531 | 0x003fee4d    |     -2.212402 |     0 |    0 |      1.015
   532 | 0x003fed92    |     -2.303711 |     0 |    0 |      1.015
   533 | 0x003fee88    |     -2.183594 |     0 |    0 |      1.010
   534 | 0x003fef13    |     -2.115723 |     0 |    0 |      1.015
   535 | 0x003fef67    |     -2.074707 |     0 |    0 |      1.015
   536 | 0x003fefd4    |     -2.021484 |     0 |    0 |      1.015
   537 | 0x003fef25    |     -2.106934 |     0 |    0 |      1.010
   538 | 0x003fee39    |     -2.222168 |     0 |    0 |      1.015
   539 | 0x003ff00f    |     -1.992676 |     0 |    0 |      1.015
   540 | 0x003ff06f    |     -1.945801 |     0 |    0 |      1.015
   541 | 0x003fefa9    |     -2.042480 |     0 |    0 |      1.010
   542 | 0x003fefa2    |     -2.045898 |     0 |    0 |      1.015
   543 | 0x003fefbf    |     -2.031738 |     0 |    0 |      1.015
   544 | 0x003fee40    |     -2.218750 |     0 |    0 |      1.015
   545 | 0x003ff006    |     -1.997070 |     0 |    0 |      1.010
   546 | 0x003fefd5    |     -2.020996 |     0 |    0 |      1.015
   547 | 0x003fefab    |     -2.041504 |     0 |    0 |      1.015
   548 | 0x003fefd3    |     -2.021973 |     0 |    0 |      1.015
   549 | 0x003fef6c    |     -2.072266 |     0 |    0 |      1.010
   550 | 0x003fee37    |     -2.223145 |     0 |    0 |      1.015
   551 | 0x003ff029    |     -1.979980 |     0 |    0 |      1.015
   552 | 0x003ff098    |     -1.925781 |     0 |    0 |      1.015
   553 | 0x003fefb2    |     -2.038086 |     0 |    0 |      1.010
   554 | 0x003fef3e    |     -2.094727 |     0 |    0 |      1.015
   555 | 0x003fef70    |     -2.070312 |     0 |    0 |      1.015
   556 | 0x003feebd    |     -2.157715 |     0 |    0 |      1.015
   557 | 0x003feff4    |     -2.005859 |     0 |    0 |      1.010
   558 | 0x003ff00a    |     -1.995117 |     0 |    0 |      1.015
   559 | 0x003fefd2    |     -2.022461 |     0 |    0 |      1.015
   560 | 0x003feefd    |     -2.126465 |     0 |    0 |      1.015
   561 | 0x003fef5a    |     -2.081055 |     0 |    0 |      1.010
   562 | 0x003fefb9    |     -2.034668 |     0 |    0 |      1.015
   563 | 0x003ff007    |     -1.996582 |     0 |    0 |      1.015
   564 | 0x003fefba    |     -2.034180 |     0 |    0 |      1.015
   565 | 0x003fefb1    |     -2.038574 |     0 |    0 |      1.010
   566 | 0x003feefc    |     -2.126953 |     0 |    0 |      1.015
   567 | 0x003fef30    |     -2.101562 |     0 |    0 |      1.015
   568 | 0x003ff018    |     -1.988281 |     0 |    0 |      1.015
   569 | 0x003ff016    |     -1.989258 |     0 |    0 |      1.010
   570 | 0x003fef94    |     -2.052734 |     0 |    0 |      1.015
   571 | 0x003fefbc    |     -2.033203 |     0 |    0 |      1.015
   572 | 0x003fefac    |     -2.041016 |     0 |    0 |      1.015
   573 | 0x003ff018    |     -1.988281 |     0 |    0 |      1.010
   574 | 0x003ff1a1    |     -1.796387 |     0 |    0 |      1.015
   575 | 0x003ff057    |     -1.957520 |     0 |    0 |      1.015
   576 | 0x003fef17    |     -2.113770 |     0 |    0 |      1.015
   577 | 0x003fefa7    |     -2.043457 |     0 |    0 |      1.010
   578 | 0x003fefb8    |     -2.035156 |     0 |    0 |      1.015
   579 | 0x003fefae    |     -2.040039 |     0 |    0 |      1.015
   580 | 0x003ff174    |     -1.818359 |     0 |    0 |      1.015
   581 | 0x003ff0ed    |     -1.884277 |     0 |    0 |      1.010
   582 | 0x003fef79    |     -2.065918 |     0 |    0 |      1.015
   583 | 0x003fef7d    |     -2.063965 |     0 |    0 |      1.015
   584 | 0x003ff06d    |     -1.946777 |     0 |    0 |      1.015
   585 | 0x003ff00b    |     -1.994629 |     0 |    0 |      1.010
   586 | 0x003ff147    |     -1.840332 |     0 |    0 |      1.015
   587 | 0x003ff0b6    |     -1.911133 |     0 |    0 |      1.015
   588 | 0x003fef0c    |     -2.119141 |     0 |    0 |      1.015
   589 | 0x003feec9    |     -2.151855 |     0 |    0 |      1.010
   590 | 0x003feffb    |     -2.002441 |     0 |    0 |      1.015
   591 | 0x003fef33    |     -2.100098 |     0 |    0 |      1.015
   592 | 0x003ff06c    |     -1.947266 |     0 |    0 |      1.015
   593 | 0x003ff087    |     -1.934082 |     0 |    0 |      1.010
   594 | 0x003fef45    |     -2.091309 |     0 |    0 |      1.015
   595 | 0x003feecb    |     -2.150879 |     0 |    0 |      1.015
   596 | 0x003ff06b    |     -1.947754 |     0 |    0 |      1.015
   597 | 0x003fef21    |     -2.108887 |     0 |    0 |      1.010
   598 | 0x003fefc4    |     -2.029297 |     0 |    0 |      1.015
   599 | 0x003ff069    |     -1.948730 |     0 |    0 |      1.015
   600 | 0x003fef67    |     -2.074707 |     0 |    0 |      1.015
   601 | 0x003feec9    |     -2.151855 |     0 |    0 |      1.010
   602 | 0x003fefcd    |     -2.024902 |     0 |    0 |      1.015
   603 | 0x003feeef    |     -2.133301 |     0 |    0 |      1.015
   604 | 0x003fefab    |     -2.041504 |     0 |    0 |      1.015
   605 | 0x003ff015    |     -1.989746 |     0 |    0 |      1.010
   606 | 0x003fef5a    |     -2.081055 |     0 |    0 |      1.015
   607 | 0x003fef37    |     -2.098145 |     0 |    0 |      1.015
   608 | 0x003ff01f    |     -1.984863 |     0 |    0 |      1.015
   609 | 0x003fefb0    |     -2.039062 |     0 |    0 |      1.010
   610 | 0x003fefe8    |     -2.011719 |     0 |    0 |      1.015
   611 | 0x003ff082    |     -1.936523 |     0 |    0 |      1.015
   612 | 0x003fefde    |     -2.016602 |     0 |    0 |      1.015
   613 | 0x003fef74    |     -2.068359 |     0 |    0 |      1.010
   614 | 0x003ff079    |     -1.940918 |     0 |    0 |      1.015
   615 | 0x003fefef    |     -2.008301 |     0 |    0 |      1.015
   616 | 0x003ff00f    |     -1.992676 |     0 |    0 |      1.015
   617 | 0x003ff034    |     -1.974609 |     0 |    0 |      1.010
   618 | 0x003fef5a    |     -2.081055 |     0 |    0 |      1.015
   619 | 0x003fef1e    |     -2.110352 |     0 |    0 |      1.015
   620 | 0x003ff02f    |     -1.977051 |     0 |    0 |      1.015
   621 | 0x003fefea    |     -2.010742 |     0 |    0 |      1.010
   622 | 0x003fefd0    |     -2.023438 |     0 |    0 |      1.015
   623 | 0x003ff041    |     -1.968262 |     0 |    0 |      1.015
   624 | 0x003fef2d    |     -2.103027 |     0 |    0 |      1.015
   625 | 0x003feeaa    |     -2.166992 |     0 |    0 |      1.010
   626 | 0x003fefc3    |     -2.029785 |     0 |    0 |      1.015
   627 | 0x003fefc3    |     -2.029785 |     0 |    0 |      1.015
   628 | 0x003fefa9    |     -2.042480 |     0 |    0 |      1.015
   629 | 0x003fefa7    |     -2.043457 |     0 |    0 |      1.010
   630 | 0x003fee60    |     -2.203125 |     0 |    0 |      1.015
   631 | 0x003fee70    |     -2.195312 |     0 |    0 |      1.015
   632 | 0x003feec1    |     -2.155762 |     0 |    0 |      1.015
   633 | 0x003feeb6    |     -2.161133 |     0 |    0 |      1.010
   634 | 0x003fee9a    |     -2.174805 |     0 |    0 |      1.015
   635 | 0x003feeb4    |     -2.162109 |     0 |    0 |      1.015
   636 | 0x003fed8b    |     -2.307129 |     0 |    0 |      1.015
   637 | 0x003fedd6    |     -2.270508 |     0 |    0 |      1.010
   638 | 0x003fed92    |     -2.303711 |     0 |    0 |      1.015
   639 | 0x003fedbe    |     -2.282227 |     0 |    0 |      1.015
   640 | 0x003fede7    |     -2.262207 |     0 |    0 |      1.015
   641 | 0x003feddc    |     -2.267578 |     0 |    0 |      1.010
   642 | 0x003fecac    |     -2.416016 |     0 |    0 |      1.015
   643 | 0x003fedb8    |     -2.285156 |     0 |    0 |      1.015
   644 | 0x003fed6b    |     -2.322754 |     0 |    0 |      1.015
   645 | 0x003fed4b    |     -2.338379 |     0 |    0 |      1.010
   646 | 0x003fedb3    |     -2.287598 |     0 |    0 |      1.015
   647 | 0x003fed93    |     -2.303223 |     0 |    0 |      1.015
   648 | 0x003feca2    |     -2.420898 |     0 |    0 |      1.015
   649 | 0x003fed8a    |     -2.307617 |     0 |    0 |      1.010
   650 | 0x003fed69    |     -2.323730 |     0 |    0 |      1.015
   651 | 0x003fed71    |     -2.319824 |     0 |    0 |      1.015
   652 | 0x003fee08    |     -2.246094 |     0 |    0 |      1.015
   653 | 0x003fedb7    |     -2.285645 |     0 |    0 |      1.010
   654 | 0x003feccd    |     -2.399902 |     0 |    0 |      1.015
   655 | 0x003fee60    |     -2.203125 |     0 |    0 |      1.015
   656 | 0x003fee16    |     -2.239258 |     0 |    0 |      1.015
   657 | 0x003fee23    |     -2.232910 |     0 |    0 |      1.010
   658 | 0x003fef28    |     -2.105469 |     0 |    0 |      1.015
   659 | 0x003fee31    |     -2.226074 |     0 |    0 |      1.015
   660 | 0x003feda5    |     -2.294434 |     0 |    0 |      1.015
   661 | 0x003fef93    |     -2.053223 |     0 |    0 |      1.010
   662 | 0x003feefa    |     -2.127930 |     0 |    0 |      1.015
   663 | 0x003feec3    |     -2.154785 |     0 |    0 |      1.015
   664 | 0x003fefb4    |     -2.037109 |     0 |    0 |      1.015
   665 | 0x003fee86    |     -2.184570 |     0 |    0 |      1.010
   666 | 0x003fee06    |     -2.247070 |     0 |    0 |      1.015
   667 | 0x003ff018    |     -1.988281 |     0 |    0 |      1.015
   668 | 0x003fef79    |     -2.065918 |     0 |    0 |      1.015
   669 | 0x003fef51    |     -2.085449 |     0 |    0 |      1.010
   670 | 0x003ff090    |     -1.929688 |     0 |    0 |      1.015
   671 | 0x003feebe    |     -2.157227 |     0 |    0 |      1.015
   672 | 0x003feeba    |     -2.159180 |     0 |    0 |      1.015
   673 | 0x003ff0e3    |     -1.889160 |     0 |    0 |      1.010
   674 | 0x003ff007    |     -1.996582 |     0 |    0 |      1.015
   675 | 0x003fef44    |     -2.091797 |     0 |    0 |      1.015
   676 | 0x003ff06a    |     -1.948242 |     0 |    0 |      1.015
   677 | 0x003fef04    |     -2.123047 |     0 |    0 |      1.010
   678 | 0x003feefa    |     -2.127930 |     0 |    0 |      1.015
   679 | 0x003ff15e    |     -1.829102 |     0 |    0 |      1.015
   680 | 0x003ff0a1    |     -1.921387 |     0 |    0 |      1.015
   681 | 0x003fef40    |     -2.093750 |     0 |    0 |      1.010
   682 | 0x003ff0a9    |     -1.917480 |     0 |    0 |      1.015
   683 | 0x003fef9b    |     -2.049316 |     0 |    0 |      1.015
   684 | 0x003fef71    |     -2.069824 |     0 |    0 |      1.015
   685 | 0x003ff0df    |     -1.891113 |     0 |    0 |      1.010
   686 | 0x003ff031    |     -1.976074 |     0 |    0 |      1.015
   687 | 0x003feea4    |     -2.169922 |     0 |    0 |      1.015
   688 | 0x003fefd4    |     -2.021484 |     0 |    0 |      1.015
   689 | 0x003fefcf    |     -2.023926 |     0 |    0 |      1.010
   690 | 0x003fefa4    |     -2.044922 |     0 |    0 |      1.015
   691 | 0x003ff09e    |     -1.922852 |     0 |    0 |      1.015
   692 | 0x003ff027    |     -1.980957 |     0 |    0 |      1.015
   693 | 0x003fee80    |     -2.187500 |     0 |    0 |      1.010
   694 | 0x003fefa7    |     -2.043457 |     0 |    0 |      1.015
   695 | 0x003fefe8    |     -2.011719 |     0 |    0 |      1.015
   696 | 0x003fefee    |     -2.008789 |     0 |    0 |      1.015
   697 | 0x003ff05b    |     -1.955566 |     0 |    0 |      1.010
   698 | 0x003fef8f    |     -2.055176 |     0 |    0 |      1.015
   699 | 0x003fee74    |     -2.193359 |     0 |    0 |      1.015
   700 | 0x003fef72    |     -2.069336 |     0 |    0 |      1.015
   701 | 0x003fefd6    |     -2.020508 |     0 |    0 |      1.010
   702 | 0x003fefc5    |     -2.028809 |     0 |    0 |      1.015
   703 | 0x003fefb4    |     -2.037109 |     0 |    0 |      1.015
   704 | 0x003feeb0    |     -2.164062 |     0 |    0 |      1.015
   705 | 0x003fee29    |     -2.229980 |     0 |    0 |      1.010
   706 | 0x003feea7    |     -2.168457 |     0 |    0 |      1.015
   707 | 0x003fef14    |     -2.115234 |     0 |    0 |      1.015
   708 | 0x003fef2f    |     -2.102051 |     0 |    0 |      1.015
   709 | 0x003fef0d    |     -2.118652 |     0 |    0 |      1.010
   710 | 0x003fed6d    |     -2.321777 |     0 |    0 |      1.015
   711 | 0x003fedc8    |     -2.277344 |     0 |    0 |      1.015
   712 | 0x003fee72    |     -2.194336 |     0 |    0 |      1.015
   713 | 0x003fee1d    |     -2.235840 |     0 |    0 |      1.010
   714 | 0x003fee8a    |     -2.182617 |     0 |    0 |      1.015
   715 | 0x003fee2a    |     -2.229492 |     0 |    0 |      1.015
   716 | 0x003fecd5    |     -2.395996 |     0 |    0 |      1.015
   717 | 0x003fed23    |     -2.357910 |     0 |    0 |      1.010
   718 | 0x003fedf9    |     -2.253418 |     0 |    0 |      1.015
   719 | 0x003fee20    |     -2.234375 |     0 |    0 |      1.015
   720 | 0x003fee4d    |     -2.212402 |     0 |    0 |      1.015
   721 | 0x003fedfb    |     -2.252441 |     0 |    0 |      1.010
   722 | 0x003fed4b    |     -2.338379 |     0 |    0 |      1.015
   723 | 0x003fed93    |     -2.303223 |     0 |    0 |      1.015
   724 | 0x003fee5b    |     -2.205566 |     0 |    0 |      1.015
   725 | 0x003fee65    |     -2.200684 |     0 |    0 |      1.010
   726 | 0x003fee7b    |     -2.189941 |     0 |    0 |      1.015
   727 | 0x003fed9e    |     -2.297852 |     0 |    0 |      1.015
   728 | 0x003fed9c    |     -2.298828 |     0 |    0 |      1.015
   729 | 0x003fed26    |     -2.356445 |     0 |    0 |      1.010
   730 | 0x003fede6    |     -2.262695 |     0 |    0 |      1.015
   731 | 0x003fee96    |     -2.176758 |     0 |    0 |      1.015
   732 | 0x003fee0c    |     -2.244141 |     0 |    0 |      1.015
   733 | 0x003fed54    |     -2.333984 |     0 |    0 |      1.010
   734 | 0x003fee7d    |     -2.188965 |     0 |    0 |      1.015
   735 | 0x003fed55    |     -2.333496 |     0 |    0 |      1.015
   736 | 0x003fedb9    |     -2.284668 |     0 |    0 |      1.015
   737 | 0x003fef0d    |     -2.118652 |     0 |    0 |      1.010
   738 | 0x003fee4c    |     -2.212891 |     0 |    0 |      1.015
   739 | 0x003fed1f    |     -2.359863 |     0 |    0 |      1.015
   740 | 0x003fee8a    |     -2.182617 |     0 |    0 |      1.015
   741 | 0x003fedb9    |     -2.284668 |     0 |    0 |      1.010
   742 | 0x003fedf0    |     -2.257812 |     0 |    0 |      1.015
   743 | 0x003feefb    |     -2.127441 |     0 |    0 |      1.015
   744 | 0x003fef07    |     -2.121582 |     0 |    0 |      1.015

=============================================================
                    SIMULATION SUMMARY
=============================================================
Top module:       AI_TRIGGER_TOP
CNN cores:        5 (parallel, round-robin)
ADC_SRC_CLK:      250.0 MHz (4.000 ns period)
CLK_ADC:          250.0 MHz (4.000 ns period)
CLK_CNN:          200.0 MHz (5.000 ns period)
CNN_THRESH:       0 raw (0.0000 float)
Score threshold:  0.0000 float
-------------------------------------------------------------
Samples sent:     745
Results received: 745
Output drain:     8192 quiet CLK_CNN cycles
Chunk overflows:  0 (should be 0 in normal operation)
ADC input overflows: 0
Events saved:     0
Event batches:    0
Dropped triggers: 0
Ring misses:      0
Correct:          745 / 745 (100.00%)
-------------------------------------------------------------
Avg latency:      202.7 CLK_CNN cycles  (1.014 us)
Total sim time:   797.520 us
Throughput:       934145.85 samples/sec
=============================================================
Results saved to: /home/work1/Works/AI-Trigger-System/build/real_noise_scan/noise_4/scores.csv
Events saved to:  /home/work1/Works/AI-Trigger-System/build/real_noise_scan/noise_4/events.csv
Simulation complete.
$finish called at time : 797726 ns : File "/home/work1/Works/AI-Trigger-System/HDL/sim/tb_ai_trigger_top.sv" Line 284
INFO: xsimkernel Simulation Memory Usage: 166952 KB (Peak: 194152 KB), Simulation CPU Usage: 17840 ms
