event_index,event_chunk_id,event_timestamp,event_score_hex,event_batch_index,event_last,event_data_hex,event_output_time_ns,event_valid,event_ready,event_fire
0,51,51,0x00000050,0,0,0x00000000000000000000000000000000000000000000000000000000000000000000000000000000000001600300301b,53282,1,1,1
0,51,51,0x00000050,1,0,0x00000000000000000000000000000000000000000000000000000000000000000000000000000000000001601600600a,53286,1,1,1
0,51,51,0x00000050,2,0,0x00000000000000000000000000000000000000000000000000000000000000000000000000000000000001600b01201d,53290,1,1,1
0,51,51,0x00000050,3,0,0x00000000000000000000000000000000000000000000000000000000000000000000000000000000000001300b01a018,53294,1,1,1
0,51,51,0x00000050,4,0,0x00000000000000000000000000000000000000000000000000000000000000000000000000000000000001a013013016,53298,1,1,1
0,51,51,0x00000050,5,0,0x00000000000000000000000000000000000000000000000000000000000000000000000000000000000000800d02000a,53302,1,1,1
0,51,51,0x00000050,6,0,0x00000000000000000000000000000000000000000000000000000000000000000000000000000000000001802500e00d,53306,1,1,1
0,51,51,0x00000050,7,0,0x000000000000000000000000000000000000000000000000000000000000000000000000000000000000012003ffb015,53310,1,1,1
0,51,51,0x00000050,8,0,0x000000000000000000000000000000000000000000000000000000000000000000000000000000000000ffb00501a015,53314,1,1,1
0,51,51,0x00000050,9,0,0x00000000000000000000000000000000000000000000000000000000000000000000000000000000000001d02001b003,53318,1,1,1
0,51,51,0x00000050,10,0,0x00000000000000000000000000000000000000000000000000000000000000000000000000000000000002b01301001d,53322,1,1,1
0,51,51,0x00000050,11,0,0x00000000000000000000000000000000000000000000000000000000000000000000000000000000000000e00800601d,53326,1,1,1
0,51,51,0x00000050,12,0,0x00000000000000000000000000000000000000000000000000000000000000000000000000000000000000d015018010,53330,1,1,1
0,51,51,0x00000050,13,0,0x00000000000000000000000000000000000000000000000000000000000000000000000000000000000000e013016020,53334,1,1,1
0,51,51,0x00000050,14,0,0x00000000000000000000000000000000000000000000000000000000000000000000000000000000000001300e01bffd,53338,1,1,1
0,51,51,0x00000050,15,0,0x00000000000000000000000000000000000000000000000000000000000000000000000000000000000000d02001d01a,53342,1,1,1
0,51,51,0x00000050,16,0,0x000000000000000000000000000000000000000000000000000000000000000000000000000000000000022013006003,53346,1,1,1
0,51,51,0x00000050,17,0,0x000000000000000000000000000000000000000000000000000000000000000000000000000000000000ff600000201d,53350,1,1,1
0,51,51,0x00000050,18,0,0x00000000000000000000000000000000000000000000000000000000000000000000000000000000000001201e00800a,53354,1,1,1
0,51,51,0x00000050,19,0,0x00000000000000000000000000000000000000000000000000000000000000000000000000000000000004600d012026,53358,1,1,1
0,51,51,0x00000050,20,0,0x00000000000000000000000000000000000000000000000000000000000000000000000000000000000004a053fe8fe8,53362,1,1,1
0,51,51,0x00000050,21,0,0x000000000000000000000000000000000000000000000000000000000000000000000000000000000000058010fdafda,53366,1,1,1
0,51,51,0x00000050,22,0,0x000000000000000000000000000000000000000000000000000000000000000000000000000000000000fb3fbbfe6050,53370,1,1,1
0,51,51,0x00000050,23,0,0x00000000000000000000000000000000000000000000000000000000000000000000000000000000000007008604a00a,53374,1,1,1
0,51,51,0x00000050,24,0,0x000000000000000000000000000000000000000000000000000000000000000000000000000000000000fc6fc2fdb022,53378,1,1,1
0,51,51,0x00000050,25,0,0x00000000000000000000000000000000000000000000000000000000000000000000000000000000000004502a003fdd,53382,1,1,1
0,51,51,0x00000050,26,0,0x00000000000000000000000000000000000000000000000000000000000000000000000000000000000001001d05d060,53386,1,1,1
0,51,51,0x00000050,27,0,0x000000000000000000000000000000000000000000000000000000000000000000000000000000000000fdefe3fe6ff6,53390,1,1,1
0,51,51,0x00000050,28,0,0x00000000000000000000000000000000000000000000000000000000000000000000000000000000000004503001bff0,53394,1,1,1
0,51,51,0x00000050,29,0,0x00000000000000000000000000000000000000000000000000000000000000000000000000000000000001800e020025,53398,1,1,1
0,51,51,0x00000050,30,0,0x00000000000000000000000000000000000000000000000000000000000000000000000000000000000000dffa00e010,53402,1,1,1
0,51,51,0x00000050,31,0,0x00000000000000000000000000000000000000000000000000000000000000000000000000000000000000302001600e,53406,1,1,1
0,51,51,0x00000050,32,0,0x00000000000000000000000000000000000000000000000000000000000000000000000000000000000001a02a025008,53410,1,1,1
0,51,51,0x00000050,33,0,0x00000000000000000000000000000000000000000000000000000000000000000000000000000000000000a00effb000,53414,1,1,1
0,51,51,0x00000050,34,0,0x00000000000000000000000000000000000000000000000000000000000000000000000000000000000001b00e01801b,53418,1,1,1
0,51,51,0x00000050,35,0,0x00000000000000000000000000000000000000000000000000000000000000000000000000000000000001b00001200d,53422,1,1,1
0,51,51,0x00000050,36,0,0x00000000000000000000000000000000000000000000000000000000000000000000000000000000000000b01a01200e,53426,1,1,1
0,51,51,0x00000050,37,0,0x000000000000000000000000000000000000000000000000000000000000000000000000000000000000015013005010,53430,1,1,1
0,51,51,0x00000050,38,0,0x00000000000000000000000000000000000000000000000000000000000000000000000000000000000001e01001a025,53434,1,1,1
0,51,51,0x00000050,39,0,0x00000000000000000000000000000000000000000000000000000000000000000000000000000000000000d018015013,53438,1,1,1
0,51,51,0x00000050,40,0,0x00000000000000000000000000000000000000000000000000000000000000000000000000000000000001dffe010010,53442,1,1,1
0,51,51,0x00000050,41,0,0x00000000000000000000000000000000000000000000000000000000000000000000000000000000000001200a012018,53446,1,1,1
0,51,51,0x00000050,42,0,0x00000000000000000000000000000000000000000000000000000000000000000000000000000000000001e02301d01b,53450,1,1,1
0,51,51,0x00000050,43,0,0x00000000000000000000000000000000000000000000000000000000000000000000000000000000000000801500a013,53454,1,1,1
0,51,51,0x00000050,44,0,0x000000000000000000000000000000000000000000000000000000000000000000000000000000000000003002012012,53458,1,1,1
0,51,51,0x00000050,45,0,0x00000000000000000000000000000000000000000000000000000000000000000000000000000000000002002301200e,53462,1,1,1
0,51,51,0x00000050,46,0,0x00000000000000000000000000000000000000000000000000000000000000000000000000000000000001d01b013018,53466,1,1,1
0,51,51,0x00000050,47,0,0x00000000000000000000000000000000000000000000000000000000000000000000000000000000000001301000e00b,53470,1,1,1
0,51,51,0x00000050,48,0,0x00000000000000000000000000000000000000000000000000000000000000000000000000000000000002502600eff3,53474,1,1,1
0,51,51,0x00000050,49,0,0x000000000000000000000000000000000000000000000000000000000000000000000000000000000000ff600affe00e,53478,1,1,1
0,51,51,0x00000050,50,0,0x00000000000000000000000000000000000000000000000000000000000000000000000000000000000001a025003000,53482,1,1,1
0,51,51,0x00000050,51,0,0x00000000000000000000000000000000000000000000000000000000000000000000000000000000000002001800601b,53486,1,1,1
0,51,51,0x00000050,52,0,0x00000000000000000000000000000000000000000000000000000000000000000000000000000000000000301301a01a,53490,1,1,1
0,51,51,0x00000050,53,0,0x00000000000000000000000000000000000000000000000000000000000000000000000000000000000001a00a002006,53494,1,1,1
0,51,51,0x00000050,54,0,0x00000000000000000000000000000000000000000000000000000000000000000000000000000000000001b005003013,53498,1,1,1
0,51,51,0x00000050,55,0,0x00000000000000000000000000000000000000000000000000000000000000000000000000000000000000d01200a01a,53502,1,1,1
0,51,51,0x00000050,56,0,0x000000000000000000000000000000000000000000000000000000000000000000000000000000000000015013012018,53506,1,1,1
0,51,51,0x00000050,57,0,0x00000000000000000000000000000000000000000000000000000000000000000000000000000000000001801a016025,53510,1,1,1
0,51,51,0x00000050,58,0,0x000000000000000000000000000000000000000000000000000000000000000000000000000000000000015016ffa018,53514,1,1,1
0,51,51,0x00000050,59,0,0x000000000000000000000000000000000000000000000000000000000000000000000000000000000000010003012025,53518,1,1,1
0,51,51,0x00000050,60,0,0x00000000000000000000000000000000000000000000000000000000000000000000000000000000000001a00800200b,53522,1,1,1
0,51,51,0x00000050,61,0,0x00000000000000000000000000000000000000000000000000000000000000000000000000000000000001001801b025,53526,1,1,1
0,51,51,0x00000050,62,0,0x00000000000000000000000000000000000000000000000000000000000000000000000000000000000000d01500e018,53530,1,1,1
0,51,51,0x00000050,63,1,0x000000000000000000000000000000000000000000000000000000000000000000000000000000000000ff800301a015,53534,1,1,1
1,54,54,0x00000429,0,0,0x00000000000000000000000000000000000000000000000000000000000000000000000000000000000001600600a016,56878,1,1,1
1,54,54,0x00000429,1,0,0x00000000000000000000000000000000000000000000000000000000000000000000000000000000000000b01201d016,56882,1,1,1
1,54,54,0x00000429,2,0,0x00000000000000000000000000000000000000000000000000000000000000000000000000000000000000b01a018016,56886,1,1,1
1,54,54,0x00000429,3,0,0x000000000000000000000000000000000000000000000000000000000000000000000000000000000000013013016013,56890,1,1,1
1,54,54,0x00000429,4,0,0x00000000000000000000000000000000000000000000000000000000000000000000000000000000000000d02000a01a,56894,1,1,1
1,54,54,0x00000429,5,0,0x00000000000000000000000000000000000000000000000000000000000000000000000000000000000002500e00d008,56898,1,1,1
1,54,54,0x00000429,6,0,0x000000000000000000000000000000000000000000000000000000000000000000000000000000000000003ffb015018,56902,1,1,1
1,54,54,0x00000429,7,0,0x00000000000000000000000000000000000000000000000000000000000000000000000000000000000000501a015012,56906,1,1,1
1,54,54,0x00000429,8,0,0x00000000000000000000000000000000000000000000000000000000000000000000000000000000000002001b003ffb,56910,1,1,1
1,54,54,0x00000429,9,0,0x00000000000000000000000000000000000000000000000000000000000000000000000000000000000001301001d01d,56914,1,1,1
1,54,54,0x00000429,10,0,0x00000000000000000000000000000000000000000000000000000000000000000000000000000000000000800601d02b,56918,1,1,1
1,54,54,0x00000429,11,0,0x00000000000000000000000000000000000000000000000000000000000000000000000000000000000001501801000e,56922,1,1,1
1,54,54,0x00000429,12,0,0x00000000000000000000000000000000000000000000000000000000000000000000000000000000000001301602000d,56926,1,1,1
1,54,54,0x00000429,13,0,0x00000000000000000000000000000000000000000000000000000000000000000000000000000000000000e01bffd00e,56930,1,1,1
1,54,54,0x00000429,14,0,0x00000000000000000000000000000000000000000000000000000000000000000000000000000000000002001d01a013,56934,1,1,1
1,54,54,0x00000429,15,0,0x00000000000000000000000000000000000000000000000000000000000000000000000000000000000001300600300d,56938,1,1,1
1,54,54,0x00000429,16,0,0x00000000000000000000000000000000000000000000000000000000000000000000000000000000000000000201d022,56942,1,1,1
1,54,54,0x00000429,17,0,0x00000000000000000000000000000000000000000000000000000000000000000000000000000000000001e00800aff6,56946,1,1,1
1,54,54,0x00000429,18,0,0x00000000000000000000000000000000000000000000000000000000000000000000000000000000000000d012026012,56950,1,1,1
1,54,54,0x00000429,19,0,0x000000000000000000000000000000000000000000000000000000000000000000000000000000000000053fe8fe8046,56954,1,1,1
1,54,54,0x00000429,20,0,0x000000000000000000000000000000000000000000000000000000000000000000000000000000000000010fdafda04a,56958,1,1,1
1,54,54,0x00000429,21,0,0x000000000000000000000000000000000000000000000000000000000000000000000000000000000000fbbfe6050058,56962,1,1,1
1,54,54,0x00000429,22,0,0x00000000000000000000000000000000000000000000000000000000000000000000000000000000000008604a00afb3,56966,1,1,1
1,54,54,0x00000429,23,0,0x000000000000000000000000000000000000000000000000000000000000000000000000000000000000fc2fdb022070,56970,1,1,1
1,54,54,0x00000429,24,0,0x00000000000000000000000000000000000000000000000000000000000000000000000000000000000002a003fddfc6,56974,1,1,1
1,54,54,0x00000429,25,0,0x00000000000000000000000000000000000000000000000000000000000000000000000000000000000001d05d060045,56978,1,1,1
1,54,54,0x00000429,26,0,0x000000000000000000000000000000000000000000000000000000000000000000000000000000000000fe3fe6ff6010,56982,1,1,1
1,54,54,0x00000429,27,0,0x00000000000000000000000000000000000000000000000000000000000000000000000000000000000003001bff0fde,56986,1,1,1
1,54,54,0x00000429,28,0,0x00000000000000000000000000000000000000000000000000000000000000000000000000000000000000e020025045,56990,1,1,1
1,54,54,0x00000429,29,0,0x000000000000000000000000000000000000000000000000000000000000000000000000000000000000ffa00e010018,56994,1,1,1
1,54,54,0x00000429,30,0,0x00000000000000000000000000000000000000000000000000000000000000000000000000000000000002001600e00d,56998,1,1,1
1,54,54,0x00000429,31,0,0x00000000000000000000000000000000000000000000000000000000000000000000000000000000000002a025008003,57002,1,1,1
1,54,54,0x00000429,32,0,0x00000000000000000000000000000000000000000000000000000000000000000000000000000000000000effb00001a,57006,1,1,1
1,54,54,0x00000429,33,0,0x00000000000000000000000000000000000000000000000000000000000000000000000000000000000000e01801b00a,57010,1,1,1
1,54,54,0x00000429,34,0,0x00000000000000000000000000000000000000000000000000000000000000000000000000000000000000001200d01b,57014,1,1,1
1,54,54,0x00000429,35,0,0x00000000000000000000000000000000000000000000000000000000000000000000000000000000000001a01200e01b,57018,1,1,1
1,54,54,0x00000429,36,0,0x00000000000000000000000000000000000000000000000000000000000000000000000000000000000001300501000b,57022,1,1,1
1,54,54,0x00000429,37,0,0x00000000000000000000000000000000000000000000000000000000000000000000000000000000000001001a025015,57026,1,1,1
1,54,54,0x00000429,38,0,0x00000000000000000000000000000000000000000000000000000000000000000000000000000000000001801501301e,57030,1,1,1
1,54,54,0x00000429,39,0,0x000000000000000000000000000000000000000000000000000000000000000000000000000000000000ffe01001000d,57034,1,1,1
1,54,54,0x00000429,40,0,0x00000000000000000000000000000000000000000000000000000000000000000000000000000000000000a01201801d,57038,1,1,1
1,54,54,0x00000429,41,0,0x00000000000000000000000000000000000000000000000000000000000000000000000000000000000002301d01b012,57042,1,1,1
1,54,54,0x00000429,42,0,0x00000000000000000000000000000000000000000000000000000000000000000000000000000000000001500a01301e,57046,1,1,1
1,54,54,0x00000429,43,0,0x000000000000000000000000000000000000000000000000000000000000000000000000000000000000002012012008,57050,1,1,1
1,54,54,0x00000429,44,0,0x00000000000000000000000000000000000000000000000000000000000000000000000000000000000002301200e003,57054,1,1,1
1,54,54,0x00000429,45,0,0x00000000000000000000000000000000000000000000000000000000000000000000000000000000000001b013018020,57058,1,1,1
1,54,54,0x00000429,46,0,0x00000000000000000000000000000000000000000000000000000000000000000000000000000000000001000e00b01d,57062,1,1,1
1,54,54,0x00000429,47,0,0x00000000000000000000000000000000000000000000000000000000000000000000000000000000000002600eff3013,57066,1,1,1
1,54,54,0x00000429,48,0,0x00000000000000000000000000000000000000000000000000000000000000000000000000000000000000affe00e025,57070,1,1,1
1,54,54,0x00000429,49,0,0x000000000000000000000000000000000000000000000000000000000000000000000000000000000000025003000ff6,57074,1,1,1
1,54,54,0x00000429,50,0,0x00000000000000000000000000000000000000000000000000000000000000000000000000000000000001800601b01a,57078,1,1,1
1,54,54,0x00000429,51,0,0x00000000000000000000000000000000000000000000000000000000000000000000000000000000000001301a01a020,57082,1,1,1
1,54,54,0x00000429,52,0,0x00000000000000000000000000000000000000000000000000000000000000000000000000000000000000a002006003,57086,1,1,1
1,54,54,0x00000429,53,0,0x00000000000000000000000000000000000000000000000000000000000000000000000000000000000000500301301a,57090,1,1,1
1,54,54,0x00000429,54,0,0x00000000000000000000000000000000000000000000000000000000000000000000000000000000000001200a01a01b,57094,1,1,1
1,54,54,0x00000429,55,0,0x00000000000000000000000000000000000000000000000000000000000000000000000000000000000001301201800d,57098,1,1,1
1,54,54,0x00000429,56,0,0x00000000000000000000000000000000000000000000000000000000000000000000000000000000000001a016025015,57102,1,1,1
1,54,54,0x00000429,57,0,0x000000000000000000000000000000000000000000000000000000000000000000000000000000000000016ffa018018,57106,1,1,1
1,54,54,0x00000429,58,0,0x000000000000000000000000000000000000000000000000000000000000000000000000000000000000003012025015,57110,1,1,1
1,54,54,0x00000429,59,0,0x00000000000000000000000000000000000000000000000000000000000000000000000000000000000000800200b010,57114,1,1,1
1,54,54,0x00000429,60,0,0x00000000000000000000000000000000000000000000000000000000000000000000000000000000000001801b02501a,57118,1,1,1
1,54,54,0x00000429,61,0,0x00000000000000000000000000000000000000000000000000000000000000000000000000000000000001500e018010,57122,1,1,1
1,54,54,0x00000429,62,0,0x00000000000000000000000000000000000000000000000000000000000000000000000000000000000000301a01500d,57126,1,1,1
1,54,54,0x00000429,63,1,0x000000000000000000000000000000000000000000000000000000000000000000000000000000000000018020016ff8,57130,1,1,1
2,55,55,0x00000491,0,0,0x00000000000000000000000000000000000000000000000000000000000000000000000000000000000001601600600a,58442,1,1,1
2,55,55,0x00000491,1,0,0x00000000000000000000000000000000000000000000000000000000000000000000000000000000000001600b01201d,58446,1,1,1
2,55,55,0x00000491,2,0,0x00000000000000000000000000000000000000000000000000000000000000000000000000000000000001300b01a018,58450,1,1,1
2,55,55,0x00000491,3,0,0x00000000000000000000000000000000000000000000000000000000000000000000000000000000000001a013013016,58454,1,1,1
2,55,55,0x00000491,4,0,0x00000000000000000000000000000000000000000000000000000000000000000000000000000000000000800d02000a,58458,1,1,1
2,55,55,0x00000491,5,0,0x00000000000000000000000000000000000000000000000000000000000000000000000000000000000001802500e00d,58462,1,1,1
2,55,55,0x00000491,6,0,0x000000000000000000000000000000000000000000000000000000000000000000000000000000000000012003ffb015,58466,1,1,1
2,55,55,0x00000491,7,0,0x000000000000000000000000000000000000000000000000000000000000000000000000000000000000ffb00501a015,58470,1,1,1
2,55,55,0x00000491,8,0,0x00000000000000000000000000000000000000000000000000000000000000000000000000000000000001d02001b003,58474,1,1,1
2,55,55,0x00000491,9,0,0x00000000000000000000000000000000000000000000000000000000000000000000000000000000000002b01301001d,58478,1,1,1
2,55,55,0x00000491,10,0,0x00000000000000000000000000000000000000000000000000000000000000000000000000000000000000e00800601d,58482,1,1,1
2,55,55,0x00000491,11,0,0x00000000000000000000000000000000000000000000000000000000000000000000000000000000000000d015018010,58486,1,1,1
2,55,55,0x00000491,12,0,0x00000000000000000000000000000000000000000000000000000000000000000000000000000000000000e013016020,58490,1,1,1
2,55,55,0x00000491,13,0,0x00000000000000000000000000000000000000000000000000000000000000000000000000000000000001300e01bffd,58494,1,1,1
2,55,55,0x00000491,14,0,0x00000000000000000000000000000000000000000000000000000000000000000000000000000000000000d02001d01a,58498,1,1,1
2,55,55,0x00000491,15,0,0x000000000000000000000000000000000000000000000000000000000000000000000000000000000000022013006003,58502,1,1,1
2,55,55,0x00000491,16,0,0x000000000000000000000000000000000000000000000000000000000000000000000000000000000000ff600000201d,58506,1,1,1
2,55,55,0x00000491,17,0,0x00000000000000000000000000000000000000000000000000000000000000000000000000000000000001201e00800a,58510,1,1,1
2,55,55,0x00000491,18,0,0x00000000000000000000000000000000000000000000000000000000000000000000000000000000000004600d012026,58514,1,1,1
2,55,55,0x00000491,19,0,0x00000000000000000000000000000000000000000000000000000000000000000000000000000000000004a053fe8fe8,58518,1,1,1
2,55,55,0x00000491,20,0,0x000000000000000000000000000000000000000000000000000000000000000000000000000000000000058010fdafda,58522,1,1,1
2,55,55,0x00000491,21,0,0x000000000000000000000000000000000000000000000000000000000000000000000000000000000000fb3fbbfe6050,58526,1,1,1
2,55,55,0x00000491,22,0,0x00000000000000000000000000000000000000000000000000000000000000000000000000000000000007008604a00a,58530,1,1,1
2,55,55,0x00000491,23,0,0x000000000000000000000000000000000000000000000000000000000000000000000000000000000000fc6fc2fdb022,58534,1,1,1
2,55,55,0x00000491,24,0,0x00000000000000000000000000000000000000000000000000000000000000000000000000000000000004502a003fdd,58538,1,1,1
2,55,55,0x00000491,25,0,0x00000000000000000000000000000000000000000000000000000000000000000000000000000000000001001d05d060,58542,1,1,1
2,55,55,0x00000491,26,0,0x000000000000000000000000000000000000000000000000000000000000000000000000000000000000fdefe3fe6ff6,58546,1,1,1
2,55,55,0x00000491,27,0,0x00000000000000000000000000000000000000000000000000000000000000000000000000000000000004503001bff0,58550,1,1,1
2,55,55,0x00000491,28,0,0x00000000000000000000000000000000000000000000000000000000000000000000000000000000000001800e020025,58554,1,1,1
2,55,55,0x00000491,29,0,0x00000000000000000000000000000000000000000000000000000000000000000000000000000000000000dffa00e010,58558,1,1,1
2,55,55,0x00000491,30,0,0x00000000000000000000000000000000000000000000000000000000000000000000000000000000000000302001600e,58562,1,1,1
2,55,55,0x00000491,31,0,0x00000000000000000000000000000000000000000000000000000000000000000000000000000000000001a02a025008,58566,1,1,1
2,55,55,0x00000491,32,0,0x00000000000000000000000000000000000000000000000000000000000000000000000000000000000000a00effb000,58570,1,1,1
2,55,55,0x00000491,33,0,0x00000000000000000000000000000000000000000000000000000000000000000000000000000000000001b00e01801b,58574,1,1,1
2,55,55,0x00000491,34,0,0x00000000000000000000000000000000000000000000000000000000000000000000000000000000000001b00001200d,58578,1,1,1
2,55,55,0x00000491,35,0,0x00000000000000000000000000000000000000000000000000000000000000000000000000000000000000b01a01200e,58582,1,1,1
2,55,55,0x00000491,36,0,0x000000000000000000000000000000000000000000000000000000000000000000000000000000000000015013005010,58586,1,1,1
2,55,55,0x00000491,37,0,0x00000000000000000000000000000000000000000000000000000000000000000000000000000000000001e01001a025,58590,1,1,1
2,55,55,0x00000491,38,0,0x00000000000000000000000000000000000000000000000000000000000000000000000000000000000000d018015013,58594,1,1,1
2,55,55,0x00000491,39,0,0x00000000000000000000000000000000000000000000000000000000000000000000000000000000000001dffe010010,58598,1,1,1
2,55,55,0x00000491,40,0,0x00000000000000000000000000000000000000000000000000000000000000000000000000000000000001200a012018,58602,1,1,1
2,55,55,0x00000491,41,0,0x00000000000000000000000000000000000000000000000000000000000000000000000000000000000001e02301d01b,58606,1,1,1
2,55,55,0x00000491,42,0,0x00000000000000000000000000000000000000000000000000000000000000000000000000000000000000801500a013,58610,1,1,1
2,55,55,0x00000491,43,0,0x000000000000000000000000000000000000000000000000000000000000000000000000000000000000003002012012,58614,1,1,1
2,55,55,0x00000491,44,0,0x00000000000000000000000000000000000000000000000000000000000000000000000000000000000002002301200e,58618,1,1,1
2,55,55,0x00000491,45,0,0x00000000000000000000000000000000000000000000000000000000000000000000000000000000000001d01b013018,58622,1,1,1
2,55,55,0x00000491,46,0,0x00000000000000000000000000000000000000000000000000000000000000000000000000000000000001301000e00b,58626,1,1,1
2,55,55,0x00000491,47,0,0x00000000000000000000000000000000000000000000000000000000000000000000000000000000000002502600eff3,58630,1,1,1
2,55,55,0x00000491,48,0,0x000000000000000000000000000000000000000000000000000000000000000000000000000000000000ff600affe00e,58634,1,1,1
2,55,55,0x00000491,49,0,0x00000000000000000000000000000000000000000000000000000000000000000000000000000000000001a025003000,58638,1,1,1
2,55,55,0x00000491,50,0,0x00000000000000000000000000000000000000000000000000000000000000000000000000000000000002001800601b,58642,1,1,1
2,55,55,0x00000491,51,0,0x00000000000000000000000000000000000000000000000000000000000000000000000000000000000000301301a01a,58646,1,1,1
2,55,55,0x00000491,52,0,0x00000000000000000000000000000000000000000000000000000000000000000000000000000000000001a00a002006,58650,1,1,1
2,55,55,0x00000491,53,0,0x00000000000000000000000000000000000000000000000000000000000000000000000000000000000001b005003013,58654,1,1,1
2,55,55,0x00000491,54,0,0x00000000000000000000000000000000000000000000000000000000000000000000000000000000000000d01200a01a,58658,1,1,1
2,55,55,0x00000491,55,0,0x000000000000000000000000000000000000000000000000000000000000000000000000000000000000015013012018,58662,1,1,1
2,55,55,0x00000491,56,0,0x00000000000000000000000000000000000000000000000000000000000000000000000000000000000001801a016025,58666,1,1,1
2,55,55,0x00000491,57,0,0x000000000000000000000000000000000000000000000000000000000000000000000000000000000000015016ffa018,58670,1,1,1
2,55,55,0x00000491,58,0,0x000000000000000000000000000000000000000000000000000000000000000000000000000000000000010003012025,58674,1,1,1
2,55,55,0x00000491,59,0,0x00000000000000000000000000000000000000000000000000000000000000000000000000000000000001a00800200b,58678,1,1,1
2,55,55,0x00000491,60,0,0x00000000000000000000000000000000000000000000000000000000000000000000000000000000000001001801b025,58682,1,1,1
2,55,55,0x00000491,61,0,0x00000000000000000000000000000000000000000000000000000000000000000000000000000000000000d01500e018,58686,1,1,1
2,55,55,0x00000491,62,0,0x000000000000000000000000000000000000000000000000000000000000000000000000000000000000ff800301a015,58690,1,1,1
2,55,55,0x00000491,63,1,0x000000000000000000000000000000000000000000000000000000000000000000000000000000000000003018020016,58694,1,1,1
3,56,56,0x00000400,0,0,0x00000000000000000000000000000000000000000000000000000000000000000000000000000000000001d016016006,60010,1,1,1
3,56,56,0x00000400,1,0,0x00000000000000000000000000000000000000000000000000000000000000000000000000000000000001801600b012,60014,1,1,1
3,56,56,0x00000400,2,0,0x00000000000000000000000000000000000000000000000000000000000000000000000000000000000001601300b01a,60018,1,1,1
3,56,56,0x00000400,3,0,0x00000000000000000000000000000000000000000000000000000000000000000000000000000000000000a01a013013,60022,1,1,1
3,56,56,0x00000400,4,0,0x00000000000000000000000000000000000000000000000000000000000000000000000000000000000000d00800d020,60026,1,1,1
3,56,56,0x00000400,5,0,0x00000000000000000000000000000000000000000000000000000000000000000000000000000000000001501802500e,60030,1,1,1
3,56,56,0x00000400,6,0,0x000000000000000000000000000000000000000000000000000000000000000000000000000000000000015012003ffb,60034,1,1,1
3,56,56,0x00000400,7,0,0x000000000000000000000000000000000000000000000000000000000000000000000000000000000000003ffb00501a,60038,1,1,1
3,56,56,0x00000400,8,0,0x00000000000000000000000000000000000000000000000000000000000000000000000000000000000001d01d02001b,60042,1,1,1
3,56,56,0x00000400,9,0,0x00000000000000000000000000000000000000000000000000000000000000000000000000000000000001d02b013010,60046,1,1,1
3,56,56,0x00000400,10,0,0x00000000000000000000000000000000000000000000000000000000000000000000000000000000000001000e008006,60050,1,1,1
3,56,56,0x00000400,11,0,0x00000000000000000000000000000000000000000000000000000000000000000000000000000000000002000d015018,60054,1,1,1
3,56,56,0x00000400,12,0,0x000000000000000000000000000000000000000000000000000000000000000000000000000000000000ffd00e013016,60058,1,1,1
3,56,56,0x00000400,13,0,0x00000000000000000000000000000000000000000000000000000000000000000000000000000000000001a01300e01b,60062,1,1,1
3,56,56,0x00000400,14,0,0x00000000000000000000000000000000000000000000000000000000000000000000000000000000000000300d02001d,60066,1,1,1
3,56,56,0x00000400,15,0,0x00000000000000000000000000000000000000000000000000000000000000000000000000000000000001d022013006,60070,1,1,1
3,56,56,0x00000400,16,0,0x00000000000000000000000000000000000000000000000000000000000000000000000000000000000000aff6000002,60074,1,1,1
3,56,56,0x00000400,17,0,0x00000000000000000000000000000000000000000000000000000000000000000000000000000000000002601201e008,60078,1,1,1
3,56,56,0x00000400,18,0,0x000000000000000000000000000000000000000000000000000000000000000000000000000000000000fe804600d012,60082,1,1,1
3,56,56,0x00000400,19,0,0x000000000000000000000000000000000000000000000000000000000000000000000000000000000000fda04a053fe8,60086,1,1,1
3,56,56,0x00000400,20,0,0x000000000000000000000000000000000000000000000000000000000000000000000000000000000000050058010fda,60090,1,1,1
3,56,56,0x00000400,21,0,0x00000000000000000000000000000000000000000000000000000000000000000000000000000000000000afb3fbbfe6,60094,1,1,1
3,56,56,0x00000400,22,0,0x00000000000000000000000000000000000000000000000000000000000000000000000000000000000002207008604a,60098,1,1,1
3,56,56,0x00000400,23,0,0x000000000000000000000000000000000000000000000000000000000000000000000000000000000000fddfc6fc2fdb,60102,1,1,1
3,56,56,0x00000400,24,0,0x00000000000000000000000000000000000000000000000000000000000000000000000000000000000006004502a003,60106,1,1,1
3,56,56,0x00000400,25,0,0x000000000000000000000000000000000000000000000000000000000000000000000000000000000000ff601001d05d,60110,1,1,1
3,56,56,0x00000400,26,0,0x000000000000000000000000000000000000000000000000000000000000000000000000000000000000ff0fdefe3fe6,60114,1,1,1
3,56,56,0x00000400,27,0,0x00000000000000000000000000000000000000000000000000000000000000000000000000000000000002504503001b,60118,1,1,1
3,56,56,0x00000400,28,0,0x00000000000000000000000000000000000000000000000000000000000000000000000000000000000001001800e020,60122,1,1,1
3,56,56,0x00000400,29,0,0x00000000000000000000000000000000000000000000000000000000000000000000000000000000000000e00dffa00e,60126,1,1,1
3,56,56,0x00000400,30,0,0x000000000000000000000000000000000000000000000000000000000000000000000000000000000000008003020016,60130,1,1,1
3,56,56,0x00000400,31,0,0x00000000000000000000000000000000000000000000000000000000000000000000000000000000000000001a02a025,60134,1,1,1
3,56,56,0x00000400,32,0,0x00000000000000000000000000000000000000000000000000000000000000000000000000000000000001b00a00effb,60138,1,1,1
3,56,56,0x00000400,33,0,0x00000000000000000000000000000000000000000000000000000000000000000000000000000000000000d01b00e018,60142,1,1,1
3,56,56,0x00000400,34,0,0x00000000000000000000000000000000000000000000000000000000000000000000000000000000000000e01b000012,60146,1,1,1
3,56,56,0x00000400,35,0,0x00000000000000000000000000000000000000000000000000000000000000000000000000000000000001000b01a012,60150,1,1,1
3,56,56,0x00000400,36,0,0x000000000000000000000000000000000000000000000000000000000000000000000000000000000000025015013005,60154,1,1,1
3,56,56,0x00000400,37,0,0x00000000000000000000000000000000000000000000000000000000000000000000000000000000000001301e01001a,60158,1,1,1
3,56,56,0x00000400,38,0,0x00000000000000000000000000000000000000000000000000000000000000000000000000000000000001000d018015,60162,1,1,1
3,56,56,0x00000400,39,0,0x00000000000000000000000000000000000000000000000000000000000000000000000000000000000001801dffe010,60166,1,1,1
3,56,56,0x00000400,40,0,0x00000000000000000000000000000000000000000000000000000000000000000000000000000000000001b01200a012,60170,1,1,1
3,56,56,0x00000400,41,0,0x00000000000000000000000000000000000000000000000000000000000000000000000000000000000001301e02301d,60174,1,1,1
3,56,56,0x00000400,42,0,0x00000000000000000000000000000000000000000000000000000000000000000000000000000000000001200801500a,60178,1,1,1
3,56,56,0x00000400,43,0,0x00000000000000000000000000000000000000000000000000000000000000000000000000000000000000e003002012,60182,1,1,1
3,56,56,0x00000400,44,0,0x000000000000000000000000000000000000000000000000000000000000000000000000000000000000018020023012,60186,1,1,1
3,56,56,0x00000400,45,0,0x00000000000000000000000000000000000000000000000000000000000000000000000000000000000000b01d01b013,60190,1,1,1
3,56,56,0x00000400,46,0,0x000000000000000000000000000000000000000000000000000000000000000000000000000000000000ff301301000e,60194,1,1,1
3,56,56,0x00000400,47,0,0x00000000000000000000000000000000000000000000000000000000000000000000000000000000000000e02502600e,60198,1,1,1
3,56,56,0x00000400,48,0,0x000000000000000000000000000000000000000000000000000000000000000000000000000000000000000ff600affe,60202,1,1,1
3,56,56,0x00000400,49,0,0x00000000000000000000000000000000000000000000000000000000000000000000000000000000000001b01a025003,60206,1,1,1
3,56,56,0x00000400,50,0,0x00000000000000000000000000000000000000000000000000000000000000000000000000000000000001a020018006,60210,1,1,1
3,56,56,0x00000400,51,0,0x00000000000000000000000000000000000000000000000000000000000000000000000000000000000000600301301a,60214,1,1,1
3,56,56,0x00000400,52,0,0x00000000000000000000000000000000000000000000000000000000000000000000000000000000000001301a00a002,60218,1,1,1
3,56,56,0x00000400,53,0,0x00000000000000000000000000000000000000000000000000000000000000000000000000000000000001a01b005003,60222,1,1,1
3,56,56,0x00000400,54,0,0x00000000000000000000000000000000000000000000000000000000000000000000000000000000000001800d01200a,60226,1,1,1
3,56,56,0x00000400,55,0,0x000000000000000000000000000000000000000000000000000000000000000000000000000000000000025015013012,60230,1,1,1
3,56,56,0x00000400,56,0,0x00000000000000000000000000000000000000000000000000000000000000000000000000000000000001801801a016,60234,1,1,1
3,56,56,0x00000400,57,0,0x000000000000000000000000000000000000000000000000000000000000000000000000000000000000025015016ffa,60238,1,1,1
3,56,56,0x00000400,58,0,0x00000000000000000000000000000000000000000000000000000000000000000000000000000000000000b010003012,60242,1,1,1
3,56,56,0x00000400,59,0,0x00000000000000000000000000000000000000000000000000000000000000000000000000000000000002501a008002,60246,1,1,1
3,56,56,0x00000400,60,0,0x00000000000000000000000000000000000000000000000000000000000000000000000000000000000001801001801b,60250,1,1,1
3,56,56,0x00000400,61,0,0x00000000000000000000000000000000000000000000000000000000000000000000000000000000000001500d01500e,60254,1,1,1
3,56,56,0x00000400,62,0,0x000000000000000000000000000000000000000000000000000000000000000000000000000000000000016ff800301a,60258,1,1,1
3,56,56,0x00000400,63,1,0x000000000000000000000000000000000000000000000000000000000000000000000000000000000000010003018020,60262,1,1,1
4,57,57,0x00000adc,0,0,0x00000000000000000000000000000000000000000000000000000000000000000000000000000000000001201d016016,61574,1,1,1
4,57,57,0x00000adc,1,0,0x00000000000000000000000000000000000000000000000000000000000000000000000000000000000001a01801600b,61578,1,1,1
4,57,57,0x00000adc,2,0,0x00000000000000000000000000000000000000000000000000000000000000000000000000000000000001301601300b,61582,1,1,1
4,57,57,0x00000adc,3,0,0x00000000000000000000000000000000000000000000000000000000000000000000000000000000000002000a01a013,61586,1,1,1
4,57,57,0x00000adc,4,0,0x00000000000000000000000000000000000000000000000000000000000000000000000000000000000000e00d00800d,61590,1,1,1
4,57,57,0x00000adc,5,0,0x000000000000000000000000000000000000000000000000000000000000000000000000000000000000ffb015018025,61594,1,1,1
4,57,57,0x00000adc,6,0,0x00000000000000000000000000000000000000000000000000000000000000000000000000000000000001a015012003,61598,1,1,1
4,57,57,0x00000adc,7,0,0x00000000000000000000000000000000000000000000000000000000000000000000000000000000000001b003ffb005,61602,1,1,1
4,57,57,0x00000adc,8,0,0x00000000000000000000000000000000000000000000000000000000000000000000000000000000000001001d01d020,61606,1,1,1
4,57,57,0x00000adc,9,0,0x00000000000000000000000000000000000000000000000000000000000000000000000000000000000000601d02b013,61610,1,1,1
4,57,57,0x00000adc,10,0,0x00000000000000000000000000000000000000000000000000000000000000000000000000000000000001801000e008,61614,1,1,1
4,57,57,0x00000adc,11,0,0x00000000000000000000000000000000000000000000000000000000000000000000000000000000000001602000d015,61618,1,1,1
4,57,57,0x00000adc,12,0,0x00000000000000000000000000000000000000000000000000000000000000000000000000000000000001bffd00e013,61622,1,1,1
4,57,57,0x00000adc,13,0,0x00000000000000000000000000000000000000000000000000000000000000000000000000000000000001d01a01300e,61626,1,1,1
4,57,57,0x00000adc,14,0,0x00000000000000000000000000000000000000000000000000000000000000000000000000000000000000600300d020,61630,1,1,1
4,57,57,0x00000adc,15,0,0x00000000000000000000000000000000000000000000000000000000000000000000000000000000000000201d022013,61634,1,1,1
4,57,57,0x00000adc,16,0,0x00000000000000000000000000000000000000000000000000000000000000000000000000000000000000800aff6000,61638,1,1,1
4,57,57,0x00000adc,17,0,0x00000000000000000000000000000000000000000000000000000000000000000000000000000000000001202601201e,61642,1,1,1
4,57,57,0x00000adc,18,0,0x000000000000000000000000000000000000000000000000000000000000000000000000000000000000fe8fe804600d,61646,1,1,1
4,57,57,0x00000adc,19,0,0x000000000000000000000000000000000000000000000000000000000000000000000000000000000000fdafda04a053,61650,1,1,1
4,57,57,0x00000adc,20,0,0x000000000000000000000000000000000000000000000000000000000000000000000000000000000000fe6050058010,61654,1,1,1
4,57,57,0x00000adc,21,0,0x00000000000000000000000000000000000000000000000000000000000000000000000000000000000004a00afb3fbb,61658,1,1,1
4,57,57,0x00000adc,22,0,0x000000000000000000000000000000000000000000000000000000000000000000000000000000000000fdb022070086,61662,1,1,1
4,57,57,0x00000adc,23,0,0x000000000000000000000000000000000000000000000000000000000000000000000000000000000000003fddfc6fc2,61666,1,1,1
4,57,57,0x00000adc,24,0,0x00000000000000000000000000000000000000000000000000000000000000000000000000000000000005d06004502a,61670,1,1,1
4,57,57,0x00000adc,25,0,0x000000000000000000000000000000000000000000000000000000000000000000000000000000000000fe6ff601001d,61674,1,1,1
4,57,57,0x00000adc,26,0,0x00000000000000000000000000000000000000000000000000000000000000000000000000000000000001bff0fdefe3,61678,1,1,1
4,57,57,0x00000adc,27,0,0x000000000000000000000000000000000000000000000000000000000000000000000000000000000000020025045030,61682,1,1,1
4,57,57,0x00000adc,28,0,0x00000000000000000000000000000000000000000000000000000000000000000000000000000000000000e01001800e,61686,1,1,1
4,57,57,0x00000adc,29,0,0x00000000000000000000000000000000000000000000000000000000000000000000000000000000000001600e00dffa,61690,1,1,1
4,57,57,0x00000adc,30,0,0x000000000000000000000000000000000000000000000000000000000000000000000000000000000000025008003020,61694,1,1,1
4,57,57,0x00000adc,31,0,0x000000000000000000000000000000000000000000000000000000000000000000000000000000000000ffb00001a02a,61698,1,1,1
4,57,57,0x00000adc,32,0,0x00000000000000000000000000000000000000000000000000000000000000000000000000000000000001801b00a00e,61702,1,1,1
4,57,57,0x00000adc,33,0,0x00000000000000000000000000000000000000000000000000000000000000000000000000000000000001200d01b00e,61706,1,1,1
4,57,57,0x00000adc,34,0,0x00000000000000000000000000000000000000000000000000000000000000000000000000000000000001200e01b000,61710,1,1,1
4,57,57,0x00000adc,35,0,0x00000000000000000000000000000000000000000000000000000000000000000000000000000000000000501000b01a,61714,1,1,1
4,57,57,0x00000adc,36,0,0x00000000000000000000000000000000000000000000000000000000000000000000000000000000000001a025015013,61718,1,1,1
4,57,57,0x00000adc,37,0,0x00000000000000000000000000000000000000000000000000000000000000000000000000000000000001501301e010,61722,1,1,1
4,57,57,0x00000adc,38,0,0x00000000000000000000000000000000000000000000000000000000000000000000000000000000000001001000d018,61726,1,1,1
4,57,57,0x00000adc,39,0,0x00000000000000000000000000000000000000000000000000000000000000000000000000000000000001201801dffe,61730,1,1,1
4,57,57,0x00000adc,40,0,0x00000000000000000000000000000000000000000000000000000000000000000000000000000000000001d01b01200a,61734,1,1,1
4,57,57,0x00000adc,41,0,0x00000000000000000000000000000000000000000000000000000000000000000000000000000000000000a01301e023,61738,1,1,1
4,57,57,0x00000adc,42,0,0x000000000000000000000000000000000000000000000000000000000000000000000000000000000000012012008015,61742,1,1,1
4,57,57,0x00000adc,43,0,0x00000000000000000000000000000000000000000000000000000000000000000000000000000000000001200e003002,61746,1,1,1
4,57,57,0x00000adc,44,0,0x000000000000000000000000000000000000000000000000000000000000000000000000000000000000013018020023,61750,1,1,1
4,57,57,0x00000adc,45,0,0x00000000000000000000000000000000000000000000000000000000000000000000000000000000000000e00b01d01b,61754,1,1,1
4,57,57,0x00000adc,46,0,0x00000000000000000000000000000000000000000000000000000000000000000000000000000000000000eff3013010,61758,1,1,1
4,57,57,0x00000adc,47,0,0x000000000000000000000000000000000000000000000000000000000000000000000000000000000000ffe00e025026,61762,1,1,1
4,57,57,0x00000adc,48,0,0x000000000000000000000000000000000000000000000000000000000000000000000000000000000000003000ff600a,61766,1,1,1
4,57,57,0x00000adc,49,0,0x00000000000000000000000000000000000000000000000000000000000000000000000000000000000000601b01a025,61770,1,1,1
4,57,57,0x00000adc,50,0,0x00000000000000000000000000000000000000000000000000000000000000000000000000000000000001a01a020018,61774,1,1,1
4,57,57,0x00000adc,51,0,0x000000000000000000000000000000000000000000000000000000000000000000000000000000000000002006003013,61778,1,1,1
4,57,57,0x00000adc,52,0,0x00000000000000000000000000000000000000000000000000000000000000000000000000000000000000301301a00a,61782,1,1,1
4,57,57,0x00000adc,53,0,0x00000000000000000000000000000000000000000000000000000000000000000000000000000000000000a01a01b005,61786,1,1,1
4,57,57,0x00000adc,54,0,0x00000000000000000000000000000000000000000000000000000000000000000000000000000000000001201800d012,61790,1,1,1
4,57,57,0x00000adc,55,0,0x000000000000000000000000000000000000000000000000000000000000000000000000000000000000016025015013,61794,1,1,1
4,57,57,0x00000adc,56,0,0x000000000000000000000000000000000000000000000000000000000000000000000000000000000000ffa01801801a,61798,1,1,1
4,57,57,0x00000adc,57,0,0x000000000000000000000000000000000000000000000000000000000000000000000000000000000000012025015016,61802,1,1,1
4,57,57,0x00000adc,58,0,0x00000000000000000000000000000000000000000000000000000000000000000000000000000000000000200b010003,61806,1,1,1
4,57,57,0x00000adc,59,0,0x00000000000000000000000000000000000000000000000000000000000000000000000000000000000001b02501a008,61810,1,1,1
4,57,57,0x00000adc,60,0,0x00000000000000000000000000000000000000000000000000000000000000000000000000000000000000e018010018,61814,1,1,1
4,57,57,0x00000adc,61,0,0x00000000000000000000000000000000000000000000000000000000000000000000000000000000000001a01500d015,61818,1,1,1
4,57,57,0x00000adc,62,0,0x000000000000000000000000000000000000000000000000000000000000000000000000000000000000020016ff8003,61822,1,1,1
4,57,57,0x00000adc,63,1,0x000000000000000000000000000000000000000000000000000000000000000000000000000000000000015010003018,61826,1,1,1
5,58,58,0x00000605,0,0,0x00000000000000000000000000000000000000000000000000000000000000000000000000000000000000b01201d016,63138,1,1,1
5,58,58,0x00000605,1,0,0x00000000000000000000000000000000000000000000000000000000000000000000000000000000000000b01a018016,63142,1,1,1
5,58,58,0x00000605,2,0,0x000000000000000000000000000000000000000000000000000000000000000000000000000000000000013013016013,63146,1,1,1
5,58,58,0x00000605,3,0,0x00000000000000000000000000000000000000000000000000000000000000000000000000000000000000d02000a01a,63150,1,1,1
5,58,58,0x00000605,4,0,0x00000000000000000000000000000000000000000000000000000000000000000000000000000000000002500e00d008,63154,1,1,1
5,58,58,0x00000605,5,0,0x000000000000000000000000000000000000000000000000000000000000000000000000000000000000003ffb015018,63158,1,1,1
5,58,58,0x00000605,6,0,0x00000000000000000000000000000000000000000000000000000000000000000000000000000000000000501a015012,63162,1,1,1
5,58,58,0x00000605,7,0,0x00000000000000000000000000000000000000000000000000000000000000000000000000000000000002001b003ffb,63166,1,1,1
5,58,58,0x00000605,8,0,0x00000000000000000000000000000000000000000000000000000000000000000000000000000000000001301001d01d,63170,1,1,1
5,58,58,0x00000605,9,0,0x00000000000000000000000000000000000000000000000000000000000000000000000000000000000000800601d02b,63174,1,1,1
5,58,58,0x00000605,10,0,0x00000000000000000000000000000000000000000000000000000000000000000000000000000000000001501801000e,63178,1,1,1
5,58,58,0x00000605,11,0,0x00000000000000000000000000000000000000000000000000000000000000000000000000000000000001301602000d,63182,1,1,1
5,58,58,0x00000605,12,0,0x00000000000000000000000000000000000000000000000000000000000000000000000000000000000000e01bffd00e,63186,1,1,1
5,58,58,0x00000605,13,0,0x00000000000000000000000000000000000000000000000000000000000000000000000000000000000002001d01a013,63190,1,1,1
5,58,58,0x00000605,14,0,0x00000000000000000000000000000000000000000000000000000000000000000000000000000000000001300600300d,63194,1,1,1
5,58,58,0x00000605,15,0,0x00000000000000000000000000000000000000000000000000000000000000000000000000000000000000000201d022,63198,1,1,1
5,58,58,0x00000605,16,0,0x00000000000000000000000000000000000000000000000000000000000000000000000000000000000001e00800aff6,63202,1,1,1
5,58,58,0x00000605,17,0,0x00000000000000000000000000000000000000000000000000000000000000000000000000000000000000d012026012,63206,1,1,1
5,58,58,0x00000605,18,0,0x000000000000000000000000000000000000000000000000000000000000000000000000000000000000053fe8fe8046,63210,1,1,1
5,58,58,0x00000605,19,0,0x000000000000000000000000000000000000000000000000000000000000000000000000000000000000010fdafda04a,63214,1,1,1
5,58,58,0x00000605,20,0,0x000000000000000000000000000000000000000000000000000000000000000000000000000000000000fbbfe6050058,63218,1,1,1
5,58,58,0x00000605,21,0,0x00000000000000000000000000000000000000000000000000000000000000000000000000000000000008604a00afb3,63222,1,1,1
5,58,58,0x00000605,22,0,0x000000000000000000000000000000000000000000000000000000000000000000000000000000000000fc2fdb022070,63226,1,1,1
5,58,58,0x00000605,23,0,0x00000000000000000000000000000000000000000000000000000000000000000000000000000000000002a003fddfc6,63230,1,1,1
5,58,58,0x00000605,24,0,0x00000000000000000000000000000000000000000000000000000000000000000000000000000000000001d05d060045,63234,1,1,1
5,58,58,0x00000605,25,0,0x000000000000000000000000000000000000000000000000000000000000000000000000000000000000fe3fe6ff6010,63238,1,1,1
5,58,58,0x00000605,26,0,0x00000000000000000000000000000000000000000000000000000000000000000000000000000000000003001bff0fde,63242,1,1,1
5,58,58,0x00000605,27,0,0x00000000000000000000000000000000000000000000000000000000000000000000000000000000000000e020025045,63246,1,1,1
5,58,58,0x00000605,28,0,0x000000000000000000000000000000000000000000000000000000000000000000000000000000000000ffa00e010018,63250,1,1,1
5,58,58,0x00000605,29,0,0x00000000000000000000000000000000000000000000000000000000000000000000000000000000000002001600e00d,63254,1,1,1
5,58,58,0x00000605,30,0,0x00000000000000000000000000000000000000000000000000000000000000000000000000000000000002a025008003,63258,1,1,1
5,58,58,0x00000605,31,0,0x00000000000000000000000000000000000000000000000000000000000000000000000000000000000000effb00001a,63262,1,1,1
5,58,58,0x00000605,32,0,0x00000000000000000000000000000000000000000000000000000000000000000000000000000000000000e01801b00a,63266,1,1,1
5,58,58,0x00000605,33,0,0x00000000000000000000000000000000000000000000000000000000000000000000000000000000000000001200d01b,63270,1,1,1
5,58,58,0x00000605,34,0,0x00000000000000000000000000000000000000000000000000000000000000000000000000000000000001a01200e01b,63274,1,1,1
5,58,58,0x00000605,35,0,0x00000000000000000000000000000000000000000000000000000000000000000000000000000000000001300501000b,63278,1,1,1
5,58,58,0x00000605,36,0,0x00000000000000000000000000000000000000000000000000000000000000000000000000000000000001001a025015,63282,1,1,1
5,58,58,0x00000605,37,0,0x00000000000000000000000000000000000000000000000000000000000000000000000000000000000001801501301e,63286,1,1,1
5,58,58,0x00000605,38,0,0x000000000000000000000000000000000000000000000000000000000000000000000000000000000000ffe01001000d,63290,1,1,1
5,58,58,0x00000605,39,0,0x00000000000000000000000000000000000000000000000000000000000000000000000000000000000000a01201801d,63294,1,1,1
5,58,58,0x00000605,40,0,0x00000000000000000000000000000000000000000000000000000000000000000000000000000000000002301d01b012,63298,1,1,1
5,58,58,0x00000605,41,0,0x00000000000000000000000000000000000000000000000000000000000000000000000000000000000001500a01301e,63302,1,1,1
5,58,58,0x00000605,42,0,0x000000000000000000000000000000000000000000000000000000000000000000000000000000000000002012012008,63306,1,1,1
5,58,58,0x00000605,43,0,0x00000000000000000000000000000000000000000000000000000000000000000000000000000000000002301200e003,63310,1,1,1
5,58,58,0x00000605,44,0,0x00000000000000000000000000000000000000000000000000000000000000000000000000000000000001b013018020,63314,1,1,1
5,58,58,0x00000605,45,0,0x00000000000000000000000000000000000000000000000000000000000000000000000000000000000001000e00b01d,63318,1,1,1
5,58,58,0x00000605,46,0,0x00000000000000000000000000000000000000000000000000000000000000000000000000000000000002600eff3013,63322,1,1,1
5,58,58,0x00000605,47,0,0x00000000000000000000000000000000000000000000000000000000000000000000000000000000000000affe00e025,63326,1,1,1
5,58,58,0x00000605,48,0,0x000000000000000000000000000000000000000000000000000000000000000000000000000000000000025003000ff6,63330,1,1,1
5,58,58,0x00000605,49,0,0x00000000000000000000000000000000000000000000000000000000000000000000000000000000000001800601b01a,63334,1,1,1
5,58,58,0x00000605,50,0,0x00000000000000000000000000000000000000000000000000000000000000000000000000000000000001301a01a020,63338,1,1,1
5,58,58,0x00000605,51,0,0x00000000000000000000000000000000000000000000000000000000000000000000000000000000000000a002006003,63342,1,1,1
5,58,58,0x00000605,52,0,0x00000000000000000000000000000000000000000000000000000000000000000000000000000000000000500301301a,63346,1,1,1
5,58,58,0x00000605,53,0,0x00000000000000000000000000000000000000000000000000000000000000000000000000000000000001200a01a01b,63350,1,1,1
5,58,58,0x00000605,54,0,0x00000000000000000000000000000000000000000000000000000000000000000000000000000000000001301201800d,63354,1,1,1
5,58,58,0x00000605,55,0,0x00000000000000000000000000000000000000000000000000000000000000000000000000000000000001a016025015,63358,1,1,1
5,58,58,0x00000605,56,0,0x000000000000000000000000000000000000000000000000000000000000000000000000000000000000016ffa018018,63362,1,1,1
5,58,58,0x00000605,57,0,0x000000000000000000000000000000000000000000000000000000000000000000000000000000000000003012025015,63366,1,1,1
5,58,58,0x00000605,58,0,0x00000000000000000000000000000000000000000000000000000000000000000000000000000000000000800200b010,63370,1,1,1
5,58,58,0x00000605,59,0,0x00000000000000000000000000000000000000000000000000000000000000000000000000000000000001801b02501a,63374,1,1,1
5,58,58,0x00000605,60,0,0x00000000000000000000000000000000000000000000000000000000000000000000000000000000000001500e018010,63378,1,1,1
5,58,58,0x00000605,61,0,0x00000000000000000000000000000000000000000000000000000000000000000000000000000000000000301a01500d,63382,1,1,1
5,58,58,0x00000605,62,0,0x000000000000000000000000000000000000000000000000000000000000000000000000000000000000018020016ff8,63386,1,1,1
5,58,58,0x00000605,63,1,0x000000000000000000000000000000000000000000000000000000000000000000000000000000000000015015010003,63390,1,1,1
6,59,59,0x000007c4,0,0,0x00000000000000000000000000000000000000000000000000000000000000000000000000000000000001600b01201d,64702,1,1,1
6,59,59,0x000007c4,1,0,0x00000000000000000000000000000000000000000000000000000000000000000000000000000000000001300b01a018,64706,1,1,1
6,59,59,0x000007c4,2,0,0x00000000000000000000000000000000000000000000000000000000000000000000000000000000000001a013013016,64710,1,1,1
6,59,59,0x000007c4,3,0,0x00000000000000000000000000000000000000000000000000000000000000000000000000000000000000800d02000a,64714,1,1,1
6,59,59,0x000007c4,4,0,0x00000000000000000000000000000000000000000000000000000000000000000000000000000000000001802500e00d,64718,1,1,1
6,59,59,0x000007c4,5,0,0x000000000000000000000000000000000000000000000000000000000000000000000000000000000000012003ffb015,64722,1,1,1
6,59,59,0x000007c4,6,0,0x000000000000000000000000000000000000000000000000000000000000000000000000000000000000ffb00501a015,64726,1,1,1
6,59,59,0x000007c4,7,0,0x00000000000000000000000000000000000000000000000000000000000000000000000000000000000001d02001b003,64730,1,1,1
6,59,59,0x000007c4,8,0,0x00000000000000000000000000000000000000000000000000000000000000000000000000000000000002b01301001d,64734,1,1,1
6,59,59,0x000007c4,9,0,0x00000000000000000000000000000000000000000000000000000000000000000000000000000000000000e00800601d,64738,1,1,1
6,59,59,0x000007c4,10,0,0x00000000000000000000000000000000000000000000000000000000000000000000000000000000000000d015018010,64742,1,1,1
6,59,59,0x000007c4,11,0,0x00000000000000000000000000000000000000000000000000000000000000000000000000000000000000e013016020,64746,1,1,1
6,59,59,0x000007c4,12,0,0x00000000000000000000000000000000000000000000000000000000000000000000000000000000000001300e01bffd,64750,1,1,1
6,59,59,0x000007c4,13,0,0x00000000000000000000000000000000000000000000000000000000000000000000000000000000000000d02001d01a,64754,1,1,1
6,59,59,0x000007c4,14,0,0x000000000000000000000000000000000000000000000000000000000000000000000000000000000000022013006003,64758,1,1,1
6,59,59,0x000007c4,15,0,0x000000000000000000000000000000000000000000000000000000000000000000000000000000000000ff600000201d,64762,1,1,1
6,59,59,0x000007c4,16,0,0x00000000000000000000000000000000000000000000000000000000000000000000000000000000000001201e00800a,64766,1,1,1
6,59,59,0x000007c4,17,0,0x00000000000000000000000000000000000000000000000000000000000000000000000000000000000004600d012026,64770,1,1,1
6,59,59,0x000007c4,18,0,0x00000000000000000000000000000000000000000000000000000000000000000000000000000000000004a053fe8fe8,64774,1,1,1
6,59,59,0x000007c4,19,0,0x000000000000000000000000000000000000000000000000000000000000000000000000000000000000058010fdafda,64778,1,1,1
6,59,59,0x000007c4,20,0,0x000000000000000000000000000000000000000000000000000000000000000000000000000000000000fb3fbbfe6050,64782,1,1,1
6,59,59,0x000007c4,21,0,0x00000000000000000000000000000000000000000000000000000000000000000000000000000000000007008604a00a,64786,1,1,1
6,59,59,0x000007c4,22,0,0x000000000000000000000000000000000000000000000000000000000000000000000000000000000000fc6fc2fdb022,64790,1,1,1
6,59,59,0x000007c4,23,0,0x00000000000000000000000000000000000000000000000000000000000000000000000000000000000004502a003fdd,64794,1,1,1
6,59,59,0x000007c4,24,0,0x00000000000000000000000000000000000000000000000000000000000000000000000000000000000001001d05d060,64798,1,1,1
6,59,59,0x000007c4,25,0,0x000000000000000000000000000000000000000000000000000000000000000000000000000000000000fdefe3fe6ff6,64802,1,1,1
6,59,59,0x000007c4,26,0,0x00000000000000000000000000000000000000000000000000000000000000000000000000000000000004503001bff0,64806,1,1,1
6,59,59,0x000007c4,27,0,0x00000000000000000000000000000000000000000000000000000000000000000000000000000000000001800e020025,64810,1,1,1
6,59,59,0x000007c4,28,0,0x00000000000000000000000000000000000000000000000000000000000000000000000000000000000000dffa00e010,64814,1,1,1
6,59,59,0x000007c4,29,0,0x00000000000000000000000000000000000000000000000000000000000000000000000000000000000000302001600e,64818,1,1,1
6,59,59,0x000007c4,30,0,0x00000000000000000000000000000000000000000000000000000000000000000000000000000000000001a02a025008,64822,1,1,1
6,59,59,0x000007c4,31,0,0x00000000000000000000000000000000000000000000000000000000000000000000000000000000000000a00effb000,64826,1,1,1
6,59,59,0x000007c4,32,0,0x00000000000000000000000000000000000000000000000000000000000000000000000000000000000001b00e01801b,64830,1,1,1
6,59,59,0x000007c4,33,0,0x00000000000000000000000000000000000000000000000000000000000000000000000000000000000001b00001200d,64834,1,1,1
6,59,59,0x000007c4,34,0,0x00000000000000000000000000000000000000000000000000000000000000000000000000000000000000b01a01200e,64838,1,1,1
6,59,59,0x000007c4,35,0,0x000000000000000000000000000000000000000000000000000000000000000000000000000000000000015013005010,64842,1,1,1
6,59,59,0x000007c4,36,0,0x00000000000000000000000000000000000000000000000000000000000000000000000000000000000001e01001a025,64846,1,1,1
6,59,59,0x000007c4,37,0,0x00000000000000000000000000000000000000000000000000000000000000000000000000000000000000d018015013,64850,1,1,1
6,59,59,0x000007c4,38,0,0x00000000000000000000000000000000000000000000000000000000000000000000000000000000000001dffe010010,64854,1,1,1
6,59,59,0x000007c4,39,0,0x00000000000000000000000000000000000000000000000000000000000000000000000000000000000001200a012018,64858,1,1,1
6,59,59,0x000007c4,40,0,0x00000000000000000000000000000000000000000000000000000000000000000000000000000000000001e02301d01b,64862,1,1,1
6,59,59,0x000007c4,41,0,0x00000000000000000000000000000000000000000000000000000000000000000000000000000000000000801500a013,64866,1,1,1
6,59,59,0x000007c4,42,0,0x000000000000000000000000000000000000000000000000000000000000000000000000000000000000003002012012,64870,1,1,1
6,59,59,0x000007c4,43,0,0x00000000000000000000000000000000000000000000000000000000000000000000000000000000000002002301200e,64874,1,1,1
6,59,59,0x000007c4,44,0,0x00000000000000000000000000000000000000000000000000000000000000000000000000000000000001d01b013018,64878,1,1,1
6,59,59,0x000007c4,45,0,0x00000000000000000000000000000000000000000000000000000000000000000000000000000000000001301000e00b,64882,1,1,1
6,59,59,0x000007c4,46,0,0x00000000000000000000000000000000000000000000000000000000000000000000000000000000000002502600eff3,64886,1,1,1
6,59,59,0x000007c4,47,0,0x000000000000000000000000000000000000000000000000000000000000000000000000000000000000ff600affe00e,64890,1,1,1
6,59,59,0x000007c4,48,0,0x00000000000000000000000000000000000000000000000000000000000000000000000000000000000001a025003000,64894,1,1,1
6,59,59,0x000007c4,49,0,0x00000000000000000000000000000000000000000000000000000000000000000000000000000000000002001800601b,64898,1,1,1
6,59,59,0x000007c4,50,0,0x00000000000000000000000000000000000000000000000000000000000000000000000000000000000000301301a01a,64902,1,1,1
6,59,59,0x000007c4,51,0,0x00000000000000000000000000000000000000000000000000000000000000000000000000000000000001a00a002006,64906,1,1,1
6,59,59,0x000007c4,52,0,0x00000000000000000000000000000000000000000000000000000000000000000000000000000000000001b005003013,64910,1,1,1
6,59,59,0x000007c4,53,0,0x00000000000000000000000000000000000000000000000000000000000000000000000000000000000000d01200a01a,64914,1,1,1
6,59,59,0x000007c4,54,0,0x000000000000000000000000000000000000000000000000000000000000000000000000000000000000015013012018,64918,1,1,1
6,59,59,0x000007c4,55,0,0x00000000000000000000000000000000000000000000000000000000000000000000000000000000000001801a016025,64922,1,1,1
6,59,59,0x000007c4,56,0,0x000000000000000000000000000000000000000000000000000000000000000000000000000000000000015016ffa018,64926,1,1,1
6,59,59,0x000007c4,57,0,0x000000000000000000000000000000000000000000000000000000000000000000000000000000000000010003012025,64930,1,1,1
6,59,59,0x000007c4,58,0,0x00000000000000000000000000000000000000000000000000000000000000000000000000000000000001a00800200b,64934,1,1,1
6,59,59,0x000007c4,59,0,0x00000000000000000000000000000000000000000000000000000000000000000000000000000000000001001801b025,64938,1,1,1
6,59,59,0x000007c4,60,0,0x00000000000000000000000000000000000000000000000000000000000000000000000000000000000000d01500e018,64942,1,1,1
6,59,59,0x000007c4,61,0,0x000000000000000000000000000000000000000000000000000000000000000000000000000000000000ff800301a015,64946,1,1,1
6,59,59,0x000007c4,62,0,0x000000000000000000000000000000000000000000000000000000000000000000000000000000000000003018020016,64950,1,1,1
6,59,59,0x000007c4,63,1,0x00000000000000000000000000000000000000000000000000000000000000000000000000000000000000b015015010,64954,1,1,1
7,60,60,0x00000fdc,0,0,0x00000000000000000000000000000000000000000000000000000000000000000000000000000000000001801600b012,66270,1,1,1
7,60,60,0x00000fdc,1,0,0x00000000000000000000000000000000000000000000000000000000000000000000000000000000000001601300b01a,66274,1,1,1
7,60,60,0x00000fdc,2,0,0x00000000000000000000000000000000000000000000000000000000000000000000000000000000000000a01a013013,66278,1,1,1
7,60,60,0x00000fdc,3,0,0x00000000000000000000000000000000000000000000000000000000000000000000000000000000000000d00800d020,66282,1,1,1
7,60,60,0x00000fdc,4,0,0x00000000000000000000000000000000000000000000000000000000000000000000000000000000000001501802500e,66286,1,1,1
7,60,60,0x00000fdc,5,0,0x000000000000000000000000000000000000000000000000000000000000000000000000000000000000015012003ffb,66290,1,1,1
7,60,60,0x00000fdc,6,0,0x000000000000000000000000000000000000000000000000000000000000000000000000000000000000003ffb00501a,66294,1,1,1
7,60,60,0x00000fdc,7,0,0x00000000000000000000000000000000000000000000000000000000000000000000000000000000000001d01d02001b,66298,1,1,1
7,60,60,0x00000fdc,8,0,0x00000000000000000000000000000000000000000000000000000000000000000000000000000000000001d02b013010,66302,1,1,1
7,60,60,0x00000fdc,9,0,0x00000000000000000000000000000000000000000000000000000000000000000000000000000000000001000e008006,66306,1,1,1
7,60,60,0x00000fdc,10,0,0x00000000000000000000000000000000000000000000000000000000000000000000000000000000000002000d015018,66310,1,1,1
7,60,60,0x00000fdc,11,0,0x000000000000000000000000000000000000000000000000000000000000000000000000000000000000ffd00e013016,66314,1,1,1
7,60,60,0x00000fdc,12,0,0x00000000000000000000000000000000000000000000000000000000000000000000000000000000000001a01300e01b,66318,1,1,1
7,60,60,0x00000fdc,13,0,0x00000000000000000000000000000000000000000000000000000000000000000000000000000000000000300d02001d,66322,1,1,1
7,60,60,0x00000fdc,14,0,0x00000000000000000000000000000000000000000000000000000000000000000000000000000000000001d022013006,66326,1,1,1
7,60,60,0x00000fdc,15,0,0x00000000000000000000000000000000000000000000000000000000000000000000000000000000000000aff6000002,66330,1,1,1
7,60,60,0x00000fdc,16,0,0x00000000000000000000000000000000000000000000000000000000000000000000000000000000000002601201e008,66334,1,1,1
7,60,60,0x00000fdc,17,0,0x000000000000000000000000000000000000000000000000000000000000000000000000000000000000fe804600d012,66338,1,1,1
7,60,60,0x00000fdc,18,0,0x000000000000000000000000000000000000000000000000000000000000000000000000000000000000fda04a053fe8,66342,1,1,1
7,60,60,0x00000fdc,19,0,0x000000000000000000000000000000000000000000000000000000000000000000000000000000000000050058010fda,66346,1,1,1
7,60,60,0x00000fdc,20,0,0x00000000000000000000000000000000000000000000000000000000000000000000000000000000000000afb3fbbfe6,66350,1,1,1
7,60,60,0x00000fdc,21,0,0x00000000000000000000000000000000000000000000000000000000000000000000000000000000000002207008604a,66354,1,1,1
7,60,60,0x00000fdc,22,0,0x000000000000000000000000000000000000000000000000000000000000000000000000000000000000fddfc6fc2fdb,66358,1,1,1
7,60,60,0x00000fdc,23,0,0x00000000000000000000000000000000000000000000000000000000000000000000000000000000000006004502a003,66362,1,1,1
7,60,60,0x00000fdc,24,0,0x000000000000000000000000000000000000000000000000000000000000000000000000000000000000ff601001d05d,66366,1,1,1
7,60,60,0x00000fdc,25,0,0x000000000000000000000000000000000000000000000000000000000000000000000000000000000000ff0fdefe3fe6,66370,1,1,1
7,60,60,0x00000fdc,26,0,0x00000000000000000000000000000000000000000000000000000000000000000000000000000000000002504503001b,66374,1,1,1
7,60,60,0x00000fdc,27,0,0x00000000000000000000000000000000000000000000000000000000000000000000000000000000000001001800e020,66378,1,1,1
7,60,60,0x00000fdc,28,0,0x00000000000000000000000000000000000000000000000000000000000000000000000000000000000000e00dffa00e,66382,1,1,1
7,60,60,0x00000fdc,29,0,0x000000000000000000000000000000000000000000000000000000000000000000000000000000000000008003020016,66386,1,1,1
7,60,60,0x00000fdc,30,0,0x00000000000000000000000000000000000000000000000000000000000000000000000000000000000000001a02a025,66390,1,1,1
7,60,60,0x00000fdc,31,0,0x00000000000000000000000000000000000000000000000000000000000000000000000000000000000001b00a00effb,66394,1,1,1
7,60,60,0x00000fdc,32,0,0x00000000000000000000000000000000000000000000000000000000000000000000000000000000000000d01b00e018,66398,1,1,1
7,60,60,0x00000fdc,33,0,0x00000000000000000000000000000000000000000000000000000000000000000000000000000000000000e01b000012,66402,1,1,1
7,60,60,0x00000fdc,34,0,0x00000000000000000000000000000000000000000000000000000000000000000000000000000000000001000b01a012,66406,1,1,1
7,60,60,0x00000fdc,35,0,0x000000000000000000000000000000000000000000000000000000000000000000000000000000000000025015013005,66410,1,1,1
7,60,60,0x00000fdc,36,0,0x00000000000000000000000000000000000000000000000000000000000000000000000000000000000001301e01001a,66414,1,1,1
7,60,60,0x00000fdc,37,0,0x00000000000000000000000000000000000000000000000000000000000000000000000000000000000001000d018015,66418,1,1,1
7,60,60,0x00000fdc,38,0,0x00000000000000000000000000000000000000000000000000000000000000000000000000000000000001801dffe010,66422,1,1,1
7,60,60,0x00000fdc,39,0,0x00000000000000000000000000000000000000000000000000000000000000000000000000000000000001b01200a012,66426,1,1,1
7,60,60,0x00000fdc,40,0,0x00000000000000000000000000000000000000000000000000000000000000000000000000000000000001301e02301d,66430,1,1,1
7,60,60,0x00000fdc,41,0,0x00000000000000000000000000000000000000000000000000000000000000000000000000000000000001200801500a,66434,1,1,1
7,60,60,0x00000fdc,42,0,0x00000000000000000000000000000000000000000000000000000000000000000000000000000000000000e003002012,66438,1,1,1
7,60,60,0x00000fdc,43,0,0x000000000000000000000000000000000000000000000000000000000000000000000000000000000000018020023012,66442,1,1,1
7,60,60,0x00000fdc,44,0,0x00000000000000000000000000000000000000000000000000000000000000000000000000000000000000b01d01b013,66446,1,1,1
7,60,60,0x00000fdc,45,0,0x000000000000000000000000000000000000000000000000000000000000000000000000000000000000ff301301000e,66450,1,1,1
7,60,60,0x00000fdc,46,0,0x00000000000000000000000000000000000000000000000000000000000000000000000000000000000000e02502600e,66454,1,1,1
7,60,60,0x00000fdc,47,0,0x000000000000000000000000000000000000000000000000000000000000000000000000000000000000000ff600affe,66458,1,1,1
7,60,60,0x00000fdc,48,0,0x00000000000000000000000000000000000000000000000000000000000000000000000000000000000001b01a025003,66462,1,1,1
7,60,60,0x00000fdc,49,0,0x00000000000000000000000000000000000000000000000000000000000000000000000000000000000001a020018006,66466,1,1,1
7,60,60,0x00000fdc,50,0,0x00000000000000000000000000000000000000000000000000000000000000000000000000000000000000600301301a,66470,1,1,1
7,60,60,0x00000fdc,51,0,0x00000000000000000000000000000000000000000000000000000000000000000000000000000000000001301a00a002,66474,1,1,1
7,60,60,0x00000fdc,52,0,0x00000000000000000000000000000000000000000000000000000000000000000000000000000000000001a01b005003,66478,1,1,1
7,60,60,0x00000fdc,53,0,0x00000000000000000000000000000000000000000000000000000000000000000000000000000000000001800d01200a,66482,1,1,1
7,60,60,0x00000fdc,54,0,0x000000000000000000000000000000000000000000000000000000000000000000000000000000000000025015013012,66486,1,1,1
7,60,60,0x00000fdc,55,0,0x00000000000000000000000000000000000000000000000000000000000000000000000000000000000001801801a016,66490,1,1,1
7,60,60,0x00000fdc,56,0,0x000000000000000000000000000000000000000000000000000000000000000000000000000000000000025015016ffa,66494,1,1,1
7,60,60,0x00000fdc,57,0,0x00000000000000000000000000000000000000000000000000000000000000000000000000000000000000b010003012,66498,1,1,1
7,60,60,0x00000fdc,58,0,0x00000000000000000000000000000000000000000000000000000000000000000000000000000000000002501a008002,66502,1,1,1
7,60,60,0x00000fdc,59,0,0x00000000000000000000000000000000000000000000000000000000000000000000000000000000000001801001801b,66506,1,1,1
7,60,60,0x00000fdc,60,0,0x00000000000000000000000000000000000000000000000000000000000000000000000000000000000001500d01500e,66510,1,1,1
7,60,60,0x00000fdc,61,0,0x000000000000000000000000000000000000000000000000000000000000000000000000000000000000016ff800301a,66514,1,1,1
7,60,60,0x00000fdc,62,0,0x000000000000000000000000000000000000000000000000000000000000000000000000000000000000010003018020,66518,1,1,1
7,60,60,0x00000fdc,63,1,0x00000000000000000000000000000000000000000000000000000000000000000000000000000000000001200b015015,66522,1,1,1
8,61,61,0x000010c0,0,0,0x00000000000000000000000000000000000000000000000000000000000000000000000000000000000001a01801600b,67834,1,1,1
8,61,61,0x000010c0,1,0,0x00000000000000000000000000000000000000000000000000000000000000000000000000000000000001301601300b,67838,1,1,1
8,61,61,0x000010c0,2,0,0x00000000000000000000000000000000000000000000000000000000000000000000000000000000000002000a01a013,67842,1,1,1
8,61,61,0x000010c0,3,0,0x00000000000000000000000000000000000000000000000000000000000000000000000000000000000000e00d00800d,67846,1,1,1
8,61,61,0x000010c0,4,0,0x000000000000000000000000000000000000000000000000000000000000000000000000000000000000ffb015018025,67850,1,1,1
8,61,61,0x000010c0,5,0,0x00000000000000000000000000000000000000000000000000000000000000000000000000000000000001a015012003,67854,1,1,1
8,61,61,0x000010c0,6,0,0x00000000000000000000000000000000000000000000000000000000000000000000000000000000000001b003ffb005,67858,1,1,1
8,61,61,0x000010c0,7,0,0x00000000000000000000000000000000000000000000000000000000000000000000000000000000000001001d01d020,67862,1,1,1
8,61,61,0x000010c0,8,0,0x00000000000000000000000000000000000000000000000000000000000000000000000000000000000000601d02b013,67866,1,1,1
8,61,61,0x000010c0,9,0,0x00000000000000000000000000000000000000000000000000000000000000000000000000000000000001801000e008,67870,1,1,1
8,61,61,0x000010c0,10,0,0x00000000000000000000000000000000000000000000000000000000000000000000000000000000000001602000d015,67874,1,1,1
8,61,61,0x000010c0,11,0,0x00000000000000000000000000000000000000000000000000000000000000000000000000000000000001bffd00e013,67878,1,1,1
8,61,61,0x000010c0,12,0,0x00000000000000000000000000000000000000000000000000000000000000000000000000000000000001d01a01300e,67882,1,1,1
8,61,61,0x000010c0,13,0,0x00000000000000000000000000000000000000000000000000000000000000000000000000000000000000600300d020,67886,1,1,1
8,61,61,0x000010c0,14,0,0x00000000000000000000000000000000000000000000000000000000000000000000000000000000000000201d022013,67890,1,1,1
8,61,61,0x000010c0,15,0,0x00000000000000000000000000000000000000000000000000000000000000000000000000000000000000800aff6000,67894,1,1,1
8,61,61,0x000010c0,16,0,0x00000000000000000000000000000000000000000000000000000000000000000000000000000000000001202601201e,67898,1,1,1
8,61,61,0x000010c0,17,0,0x000000000000000000000000000000000000000000000000000000000000000000000000000000000000fe8fe804600d,67902,1,1,1
8,61,61,0x000010c0,18,0,0x000000000000000000000000000000000000000000000000000000000000000000000000000000000000fdafda04a053,67906,1,1,1
8,61,61,0x000010c0,19,0,0x000000000000000000000000000000000000000000000000000000000000000000000000000000000000fe6050058010,67910,1,1,1
8,61,61,0x000010c0,20,0,0x00000000000000000000000000000000000000000000000000000000000000000000000000000000000004a00afb3fbb,67914,1,1,1
8,61,61,0x000010c0,21,0,0x000000000000000000000000000000000000000000000000000000000000000000000000000000000000fdb022070086,67918,1,1,1
8,61,61,0x000010c0,22,0,0x000000000000000000000000000000000000000000000000000000000000000000000000000000000000003fddfc6fc2,67922,1,1,1
8,61,61,0x000010c0,23,0,0x00000000000000000000000000000000000000000000000000000000000000000000000000000000000005d06004502a,67926,1,1,1
8,61,61,0x000010c0,24,0,0x000000000000000000000000000000000000000000000000000000000000000000000000000000000000fe6ff601001d,67930,1,1,1
8,61,61,0x000010c0,25,0,0x00000000000000000000000000000000000000000000000000000000000000000000000000000000000001bff0fdefe3,67934,1,1,1
8,61,61,0x000010c0,26,0,0x000000000000000000000000000000000000000000000000000000000000000000000000000000000000020025045030,67938,1,1,1
8,61,61,0x000010c0,27,0,0x00000000000000000000000000000000000000000000000000000000000000000000000000000000000000e01001800e,67942,1,1,1
8,61,61,0x000010c0,28,0,0x00000000000000000000000000000000000000000000000000000000000000000000000000000000000001600e00dffa,67946,1,1,1
8,61,61,0x000010c0,29,0,0x000000000000000000000000000000000000000000000000000000000000000000000000000000000000025008003020,67950,1,1,1
8,61,61,0x000010c0,30,0,0x000000000000000000000000000000000000000000000000000000000000000000000000000000000000ffb00001a02a,67954,1,1,1
8,61,61,0x000010c0,31,0,0x00000000000000000000000000000000000000000000000000000000000000000000000000000000000001801b00a00e,67958,1,1,1
8,61,61,0x000010c0,32,0,0x00000000000000000000000000000000000000000000000000000000000000000000000000000000000001200d01b00e,67962,1,1,1
8,61,61,0x000010c0,33,0,0x00000000000000000000000000000000000000000000000000000000000000000000000000000000000001200e01b000,67966,1,1,1
8,61,61,0x000010c0,34,0,0x00000000000000000000000000000000000000000000000000000000000000000000000000000000000000501000b01a,67970,1,1,1
8,61,61,0x000010c0,35,0,0x00000000000000000000000000000000000000000000000000000000000000000000000000000000000001a025015013,67974,1,1,1
8,61,61,0x000010c0,36,0,0x00000000000000000000000000000000000000000000000000000000000000000000000000000000000001501301e010,67978,1,1,1
8,61,61,0x000010c0,37,0,0x00000000000000000000000000000000000000000000000000000000000000000000000000000000000001001000d018,67982,1,1,1
8,61,61,0x000010c0,38,0,0x00000000000000000000000000000000000000000000000000000000000000000000000000000000000001201801dffe,67986,1,1,1
8,61,61,0x000010c0,39,0,0x00000000000000000000000000000000000000000000000000000000000000000000000000000000000001d01b01200a,67990,1,1,1
8,61,61,0x000010c0,40,0,0x00000000000000000000000000000000000000000000000000000000000000000000000000000000000000a01301e023,67994,1,1,1
8,61,61,0x000010c0,41,0,0x000000000000000000000000000000000000000000000000000000000000000000000000000000000000012012008015,67998,1,1,1
8,61,61,0x000010c0,42,0,0x00000000000000000000000000000000000000000000000000000000000000000000000000000000000001200e003002,68002,1,1,1
8,61,61,0x000010c0,43,0,0x000000000000000000000000000000000000000000000000000000000000000000000000000000000000013018020023,68006,1,1,1
8,61,61,0x000010c0,44,0,0x00000000000000000000000000000000000000000000000000000000000000000000000000000000000000e00b01d01b,68010,1,1,1
8,61,61,0x000010c0,45,0,0x00000000000000000000000000000000000000000000000000000000000000000000000000000000000000eff3013010,68014,1,1,1
8,61,61,0x000010c0,46,0,0x000000000000000000000000000000000000000000000000000000000000000000000000000000000000ffe00e025026,68018,1,1,1
8,61,61,0x000010c0,47,0,0x000000000000000000000000000000000000000000000000000000000000000000000000000000000000003000ff600a,68022,1,1,1
8,61,61,0x000010c0,48,0,0x00000000000000000000000000000000000000000000000000000000000000000000000000000000000000601b01a025,68026,1,1,1
8,61,61,0x000010c0,49,0,0x00000000000000000000000000000000000000000000000000000000000000000000000000000000000001a01a020018,68030,1,1,1
8,61,61,0x000010c0,50,0,0x000000000000000000000000000000000000000000000000000000000000000000000000000000000000002006003013,68034,1,1,1
8,61,61,0x000010c0,51,0,0x00000000000000000000000000000000000000000000000000000000000000000000000000000000000000301301a00a,68038,1,1,1
8,61,61,0x000010c0,52,0,0x00000000000000000000000000000000000000000000000000000000000000000000000000000000000000a01a01b005,68042,1,1,1
8,61,61,0x000010c0,53,0,0x00000000000000000000000000000000000000000000000000000000000000000000000000000000000001201800d012,68046,1,1,1
8,61,61,0x000010c0,54,0,0x000000000000000000000000000000000000000000000000000000000000000000000000000000000000016025015013,68050,1,1,1
8,61,61,0x000010c0,55,0,0x000000000000000000000000000000000000000000000000000000000000000000000000000000000000ffa01801801a,68054,1,1,1
8,61,61,0x000010c0,56,0,0x000000000000000000000000000000000000000000000000000000000000000000000000000000000000012025015016,68058,1,1,1
8,61,61,0x000010c0,57,0,0x00000000000000000000000000000000000000000000000000000000000000000000000000000000000000200b010003,68062,1,1,1
8,61,61,0x000010c0,58,0,0x00000000000000000000000000000000000000000000000000000000000000000000000000000000000001b02501a008,68066,1,1,1
8,61,61,0x000010c0,59,0,0x00000000000000000000000000000000000000000000000000000000000000000000000000000000000000e018010018,68070,1,1,1
8,61,61,0x000010c0,60,0,0x00000000000000000000000000000000000000000000000000000000000000000000000000000000000001a01500d015,68074,1,1,1
8,61,61,0x000010c0,61,0,0x000000000000000000000000000000000000000000000000000000000000000000000000000000000000020016ff8003,68078,1,1,1
8,61,61,0x000010c0,62,0,0x000000000000000000000000000000000000000000000000000000000000000000000000000000000000015010003018,68082,1,1,1
8,61,61,0x000010c0,63,1,0x00000000000000000000000000000000000000000000000000000000000000000000000000000000000000601200b015,68086,1,1,1
9,62,62,0x00001068,0,0,0x00000000000000000000000000000000000000000000000000000000000000000000000000000000000000b01a018016,69398,1,1,1
9,62,62,0x00001068,1,0,0x000000000000000000000000000000000000000000000000000000000000000000000000000000000000013013016013,69402,1,1,1
9,62,62,0x00001068,2,0,0x00000000000000000000000000000000000000000000000000000000000000000000000000000000000000d02000a01a,69406,1,1,1
9,62,62,0x00001068,3,0,0x00000000000000000000000000000000000000000000000000000000000000000000000000000000000002500e00d008,69410,1,1,1
9,62,62,0x00001068,4,0,0x000000000000000000000000000000000000000000000000000000000000000000000000000000000000003ffb015018,69414,1,1,1
9,62,62,0x00001068,5,0,0x00000000000000000000000000000000000000000000000000000000000000000000000000000000000000501a015012,69418,1,1,1
9,62,62,0x00001068,6,0,0x00000000000000000000000000000000000000000000000000000000000000000000000000000000000002001b003ffb,69422,1,1,1
9,62,62,0x00001068,7,0,0x00000000000000000000000000000000000000000000000000000000000000000000000000000000000001301001d01d,69426,1,1,1
9,62,62,0x00001068,8,0,0x00000000000000000000000000000000000000000000000000000000000000000000000000000000000000800601d02b,69430,1,1,1
9,62,62,0x00001068,9,0,0x00000000000000000000000000000000000000000000000000000000000000000000000000000000000001501801000e,69434,1,1,1
9,62,62,0x00001068,10,0,0x00000000000000000000000000000000000000000000000000000000000000000000000000000000000001301602000d,69438,1,1,1
9,62,62,0x00001068,11,0,0x00000000000000000000000000000000000000000000000000000000000000000000000000000000000000e01bffd00e,69442,1,1,1
9,62,62,0x00001068,12,0,0x00000000000000000000000000000000000000000000000000000000000000000000000000000000000002001d01a013,69446,1,1,1
9,62,62,0x00001068,13,0,0x00000000000000000000000000000000000000000000000000000000000000000000000000000000000001300600300d,69450,1,1,1
9,62,62,0x00001068,14,0,0x00000000000000000000000000000000000000000000000000000000000000000000000000000000000000000201d022,69454,1,1,1
9,62,62,0x00001068,15,0,0x00000000000000000000000000000000000000000000000000000000000000000000000000000000000001e00800aff6,69458,1,1,1
9,62,62,0x00001068,16,0,0x00000000000000000000000000000000000000000000000000000000000000000000000000000000000000d012026012,69462,1,1,1
9,62,62,0x00001068,17,0,0x000000000000000000000000000000000000000000000000000000000000000000000000000000000000053fe8fe8046,69466,1,1,1
9,62,62,0x00001068,18,0,0x000000000000000000000000000000000000000000000000000000000000000000000000000000000000010fdafda04a,69470,1,1,1
9,62,62,0x00001068,19,0,0x000000000000000000000000000000000000000000000000000000000000000000000000000000000000fbbfe6050058,69474,1,1,1
9,62,62,0x00001068,20,0,0x00000000000000000000000000000000000000000000000000000000000000000000000000000000000008604a00afb3,69478,1,1,1
9,62,62,0x00001068,21,0,0x000000000000000000000000000000000000000000000000000000000000000000000000000000000000fc2fdb022070,69482,1,1,1
9,62,62,0x00001068,22,0,0x00000000000000000000000000000000000000000000000000000000000000000000000000000000000002a003fddfc6,69486,1,1,1
9,62,62,0x00001068,23,0,0x00000000000000000000000000000000000000000000000000000000000000000000000000000000000001d05d060045,69490,1,1,1
9,62,62,0x00001068,24,0,0x000000000000000000000000000000000000000000000000000000000000000000000000000000000000fe3fe6ff6010,69494,1,1,1
9,62,62,0x00001068,25,0,0x00000000000000000000000000000000000000000000000000000000000000000000000000000000000003001bff0fde,69498,1,1,1
9,62,62,0x00001068,26,0,0x00000000000000000000000000000000000000000000000000000000000000000000000000000000000000e020025045,69502,1,1,1
9,62,62,0x00001068,27,0,0x000000000000000000000000000000000000000000000000000000000000000000000000000000000000ffa00e010018,69506,1,1,1
9,62,62,0x00001068,28,0,0x00000000000000000000000000000000000000000000000000000000000000000000000000000000000002001600e00d,69510,1,1,1
9,62,62,0x00001068,29,0,0x00000000000000000000000000000000000000000000000000000000000000000000000000000000000002a025008003,69514,1,1,1
9,62,62,0x00001068,30,0,0x00000000000000000000000000000000000000000000000000000000000000000000000000000000000000effb00001a,69518,1,1,1
9,62,62,0x00001068,31,0,0x00000000000000000000000000000000000000000000000000000000000000000000000000000000000000e01801b00a,69522,1,1,1
9,62,62,0x00001068,32,0,0x00000000000000000000000000000000000000000000000000000000000000000000000000000000000000001200d01b,69526,1,1,1
9,62,62,0x00001068,33,0,0x00000000000000000000000000000000000000000000000000000000000000000000000000000000000001a01200e01b,69530,1,1,1
9,62,62,0x00001068,34,0,0x00000000000000000000000000000000000000000000000000000000000000000000000000000000000001300501000b,69534,1,1,1
9,62,62,0x00001068,35,0,0x00000000000000000000000000000000000000000000000000000000000000000000000000000000000001001a025015,69538,1,1,1
9,62,62,0x00001068,36,0,0x00000000000000000000000000000000000000000000000000000000000000000000000000000000000001801501301e,69542,1,1,1
9,62,62,0x00001068,37,0,0x000000000000000000000000000000000000000000000000000000000000000000000000000000000000ffe01001000d,69546,1,1,1
9,62,62,0x00001068,38,0,0x00000000000000000000000000000000000000000000000000000000000000000000000000000000000000a01201801d,69550,1,1,1
9,62,62,0x00001068,39,0,0x00000000000000000000000000000000000000000000000000000000000000000000000000000000000002301d01b012,69554,1,1,1
9,62,62,0x00001068,40,0,0x00000000000000000000000000000000000000000000000000000000000000000000000000000000000001500a01301e,69558,1,1,1
9,62,62,0x00001068,41,0,0x000000000000000000000000000000000000000000000000000000000000000000000000000000000000002012012008,69562,1,1,1
9,62,62,0x00001068,42,0,0x00000000000000000000000000000000000000000000000000000000000000000000000000000000000002301200e003,69566,1,1,1
9,62,62,0x00001068,43,0,0x00000000000000000000000000000000000000000000000000000000000000000000000000000000000001b013018020,69570,1,1,1
9,62,62,0x00001068,44,0,0x00000000000000000000000000000000000000000000000000000000000000000000000000000000000001000e00b01d,69574,1,1,1
9,62,62,0x00001068,45,0,0x00000000000000000000000000000000000000000000000000000000000000000000000000000000000002600eff3013,69578,1,1,1
9,62,62,0x00001068,46,0,0x00000000000000000000000000000000000000000000000000000000000000000000000000000000000000affe00e025,69582,1,1,1
9,62,62,0x00001068,47,0,0x000000000000000000000000000000000000000000000000000000000000000000000000000000000000025003000ff6,69586,1,1,1
9,62,62,0x00001068,48,0,0x00000000000000000000000000000000000000000000000000000000000000000000000000000000000001800601b01a,69590,1,1,1
9,62,62,0x00001068,49,0,0x00000000000000000000000000000000000000000000000000000000000000000000000000000000000001301a01a020,69594,1,1,1
9,62,62,0x00001068,50,0,0x00000000000000000000000000000000000000000000000000000000000000000000000000000000000000a002006003,69598,1,1,1
9,62,62,0x00001068,51,0,0x00000000000000000000000000000000000000000000000000000000000000000000000000000000000000500301301a,69602,1,1,1
9,62,62,0x00001068,52,0,0x00000000000000000000000000000000000000000000000000000000000000000000000000000000000001200a01a01b,69606,1,1,1
9,62,62,0x00001068,53,0,0x00000000000000000000000000000000000000000000000000000000000000000000000000000000000001301201800d,69610,1,1,1
9,62,62,0x00001068,54,0,0x00000000000000000000000000000000000000000000000000000000000000000000000000000000000001a016025015,69614,1,1,1
9,62,62,0x00001068,55,0,0x000000000000000000000000000000000000000000000000000000000000000000000000000000000000016ffa018018,69618,1,1,1
9,62,62,0x00001068,56,0,0x000000000000000000000000000000000000000000000000000000000000000000000000000000000000003012025015,69622,1,1,1
9,62,62,0x00001068,57,0,0x00000000000000000000000000000000000000000000000000000000000000000000000000000000000000800200b010,69626,1,1,1
9,62,62,0x00001068,58,0,0x00000000000000000000000000000000000000000000000000000000000000000000000000000000000001801b02501a,69630,1,1,1
9,62,62,0x00001068,59,0,0x00000000000000000000000000000000000000000000000000000000000000000000000000000000000001500e018010,69634,1,1,1
9,62,62,0x00001068,60,0,0x00000000000000000000000000000000000000000000000000000000000000000000000000000000000000301a01500d,69638,1,1,1
9,62,62,0x00001068,61,0,0x000000000000000000000000000000000000000000000000000000000000000000000000000000000000018020016ff8,69642,1,1,1
9,62,62,0x00001068,62,0,0x000000000000000000000000000000000000000000000000000000000000000000000000000000000000015015010003,69646,1,1,1
9,62,62,0x00001068,63,1,0x00000000000000000000000000000000000000000000000000000000000000000000000000000000000001500601200b,69650,1,1,1
10,63,63,0x0000174e,0,0,0x00000000000000000000000000000000000000000000000000000000000000000000000000000000000001300b01a018,70962,1,1,1
10,63,63,0x0000174e,1,0,0x00000000000000000000000000000000000000000000000000000000000000000000000000000000000001a013013016,70966,1,1,1
10,63,63,0x0000174e,2,0,0x00000000000000000000000000000000000000000000000000000000000000000000000000000000000000800d02000a,70970,1,1,1
10,63,63,0x0000174e,3,0,0x00000000000000000000000000000000000000000000000000000000000000000000000000000000000001802500e00d,70974,1,1,1
10,63,63,0x0000174e,4,0,0x000000000000000000000000000000000000000000000000000000000000000000000000000000000000012003ffb015,70978,1,1,1
10,63,63,0x0000174e,5,0,0x000000000000000000000000000000000000000000000000000000000000000000000000000000000000ffb00501a015,70982,1,1,1
10,63,63,0x0000174e,6,0,0x00000000000000000000000000000000000000000000000000000000000000000000000000000000000001d02001b003,70986,1,1,1
10,63,63,0x0000174e,7,0,0x00000000000000000000000000000000000000000000000000000000000000000000000000000000000002b01301001d,70990,1,1,1
10,63,63,0x0000174e,8,0,0x00000000000000000000000000000000000000000000000000000000000000000000000000000000000000e00800601d,70994,1,1,1
10,63,63,0x0000174e,9,0,0x00000000000000000000000000000000000000000000000000000000000000000000000000000000000000d015018010,70998,1,1,1
10,63,63,0x0000174e,10,0,0x00000000000000000000000000000000000000000000000000000000000000000000000000000000000000e013016020,71002,1,1,1
10,63,63,0x0000174e,11,0,0x00000000000000000000000000000000000000000000000000000000000000000000000000000000000001300e01bffd,71006,1,1,1
10,63,63,0x0000174e,12,0,0x00000000000000000000000000000000000000000000000000000000000000000000000000000000000000d02001d01a,71010,1,1,1
10,63,63,0x0000174e,13,0,0x000000000000000000000000000000000000000000000000000000000000000000000000000000000000022013006003,71014,1,1,1
10,63,63,0x0000174e,14,0,0x000000000000000000000000000000000000000000000000000000000000000000000000000000000000ff600000201d,71018,1,1,1
10,63,63,0x0000174e,15,0,0x00000000000000000000000000000000000000000000000000000000000000000000000000000000000001201e00800a,71022,1,1,1
10,63,63,0x0000174e,16,0,0x00000000000000000000000000000000000000000000000000000000000000000000000000000000000004600d012026,71026,1,1,1
10,63,63,0x0000174e,17,0,0x00000000000000000000000000000000000000000000000000000000000000000000000000000000000004a053fe8fe8,71030,1,1,1
10,63,63,0x0000174e,18,0,0x000000000000000000000000000000000000000000000000000000000000000000000000000000000000058010fdafda,71034,1,1,1
10,63,63,0x0000174e,19,0,0x000000000000000000000000000000000000000000000000000000000000000000000000000000000000fb3fbbfe6050,71038,1,1,1
10,63,63,0x0000174e,20,0,0x00000000000000000000000000000000000000000000000000000000000000000000000000000000000007008604a00a,71042,1,1,1
10,63,63,0x0000174e,21,0,0x000000000000000000000000000000000000000000000000000000000000000000000000000000000000fc6fc2fdb022,71046,1,1,1
10,63,63,0x0000174e,22,0,0x00000000000000000000000000000000000000000000000000000000000000000000000000000000000004502a003fdd,71050,1,1,1
10,63,63,0x0000174e,23,0,0x00000000000000000000000000000000000000000000000000000000000000000000000000000000000001001d05d060,71054,1,1,1
10,63,63,0x0000174e,24,0,0x000000000000000000000000000000000000000000000000000000000000000000000000000000000000fdefe3fe6ff6,71058,1,1,1
10,63,63,0x0000174e,25,0,0x00000000000000000000000000000000000000000000000000000000000000000000000000000000000004503001bff0,71062,1,1,1
10,63,63,0x0000174e,26,0,0x00000000000000000000000000000000000000000000000000000000000000000000000000000000000001800e020025,71066,1,1,1
10,63,63,0x0000174e,27,0,0x00000000000000000000000000000000000000000000000000000000000000000000000000000000000000dffa00e010,71070,1,1,1
10,63,63,0x0000174e,28,0,0x00000000000000000000000000000000000000000000000000000000000000000000000000000000000000302001600e,71074,1,1,1
10,63,63,0x0000174e,29,0,0x00000000000000000000000000000000000000000000000000000000000000000000000000000000000001a02a025008,71078,1,1,1
10,63,63,0x0000174e,30,0,0x00000000000000000000000000000000000000000000000000000000000000000000000000000000000000a00effb000,71082,1,1,1
10,63,63,0x0000174e,31,0,0x00000000000000000000000000000000000000000000000000000000000000000000000000000000000001b00e01801b,71086,1,1,1
10,63,63,0x0000174e,32,0,0x00000000000000000000000000000000000000000000000000000000000000000000000000000000000001b00001200d,71090,1,1,1
10,63,63,0x0000174e,33,0,0x00000000000000000000000000000000000000000000000000000000000000000000000000000000000000b01a01200e,71094,1,1,1
10,63,63,0x0000174e,34,0,0x000000000000000000000000000000000000000000000000000000000000000000000000000000000000015013005010,71098,1,1,1
10,63,63,0x0000174e,35,0,0x00000000000000000000000000000000000000000000000000000000000000000000000000000000000001e01001a025,71102,1,1,1
10,63,63,0x0000174e,36,0,0x00000000000000000000000000000000000000000000000000000000000000000000000000000000000000d018015013,71106,1,1,1
10,63,63,0x0000174e,37,0,0x00000000000000000000000000000000000000000000000000000000000000000000000000000000000001dffe010010,71110,1,1,1
10,63,63,0x0000174e,38,0,0x00000000000000000000000000000000000000000000000000000000000000000000000000000000000001200a012018,71114,1,1,1
10,63,63,0x0000174e,39,0,0x00000000000000000000000000000000000000000000000000000000000000000000000000000000000001e02301d01b,71118,1,1,1
10,63,63,0x0000174e,40,0,0x00000000000000000000000000000000000000000000000000000000000000000000000000000000000000801500a013,71122,1,1,1
10,63,63,0x0000174e,41,0,0x000000000000000000000000000000000000000000000000000000000000000000000000000000000000003002012012,71126,1,1,1
10,63,63,0x0000174e,42,0,0x00000000000000000000000000000000000000000000000000000000000000000000000000000000000002002301200e,71130,1,1,1
10,63,63,0x0000174e,43,0,0x00000000000000000000000000000000000000000000000000000000000000000000000000000000000001d01b013018,71134,1,1,1
10,63,63,0x0000174e,44,0,0x00000000000000000000000000000000000000000000000000000000000000000000000000000000000001301000e00b,71138,1,1,1
10,63,63,0x0000174e,45,0,0x00000000000000000000000000000000000000000000000000000000000000000000000000000000000002502600eff3,71142,1,1,1
10,63,63,0x0000174e,46,0,0x000000000000000000000000000000000000000000000000000000000000000000000000000000000000ff600affe00e,71146,1,1,1
10,63,63,0x0000174e,47,0,0x00000000000000000000000000000000000000000000000000000000000000000000000000000000000001a025003000,71150,1,1,1
10,63,63,0x0000174e,48,0,0x00000000000000000000000000000000000000000000000000000000000000000000000000000000000002001800601b,71154,1,1,1
10,63,63,0x0000174e,49,0,0x00000000000000000000000000000000000000000000000000000000000000000000000000000000000000301301a01a,71158,1,1,1
10,63,63,0x0000174e,50,0,0x00000000000000000000000000000000000000000000000000000000000000000000000000000000000001a00a002006,71162,1,1,1
10,63,63,0x0000174e,51,0,0x00000000000000000000000000000000000000000000000000000000000000000000000000000000000001b005003013,71166,1,1,1
10,63,63,0x0000174e,52,0,0x00000000000000000000000000000000000000000000000000000000000000000000000000000000000000d01200a01a,71170,1,1,1
10,63,63,0x0000174e,53,0,0x000000000000000000000000000000000000000000000000000000000000000000000000000000000000015013012018,71174,1,1,1
10,63,63,0x0000174e,54,0,0x00000000000000000000000000000000000000000000000000000000000000000000000000000000000001801a016025,71178,1,1,1
10,63,63,0x0000174e,55,0,0x000000000000000000000000000000000000000000000000000000000000000000000000000000000000015016ffa018,71182,1,1,1
10,63,63,0x0000174e,56,0,0x000000000000000000000000000000000000000000000000000000000000000000000000000000000000010003012025,71186,1,1,1
10,63,63,0x0000174e,57,0,0x00000000000000000000000000000000000000000000000000000000000000000000000000000000000001a00800200b,71190,1,1,1
10,63,63,0x0000174e,58,0,0x00000000000000000000000000000000000000000000000000000000000000000000000000000000000001001801b025,71194,1,1,1
10,63,63,0x0000174e,59,0,0x00000000000000000000000000000000000000000000000000000000000000000000000000000000000000d01500e018,71198,1,1,1
10,63,63,0x0000174e,60,0,0x000000000000000000000000000000000000000000000000000000000000000000000000000000000000ff800301a015,71202,1,1,1
10,63,63,0x0000174e,61,0,0x000000000000000000000000000000000000000000000000000000000000000000000000000000000000003018020016,71206,1,1,1
10,63,63,0x0000174e,62,0,0x00000000000000000000000000000000000000000000000000000000000000000000000000000000000000b015015010,71210,1,1,1
10,63,63,0x0000174e,63,1,0x000000000000000000000000000000000000000000000000000000000000000000000000000000000000016015006012,71214,1,1,1
11,64,64,0x00001815,0,0,0x00000000000000000000000000000000000000000000000000000000000000000000000000000000000001601300b01a,72530,1,1,1
11,64,64,0x00001815,1,0,0x00000000000000000000000000000000000000000000000000000000000000000000000000000000000000a01a013013,72534,1,1,1
11,64,64,0x00001815,2,0,0x00000000000000000000000000000000000000000000000000000000000000000000000000000000000000d00800d020,72538,1,1,1
11,64,64,0x00001815,3,0,0x00000000000000000000000000000000000000000000000000000000000000000000000000000000000001501802500e,72542,1,1,1
11,64,64,0x00001815,4,0,0x000000000000000000000000000000000000000000000000000000000000000000000000000000000000015012003ffb,72546,1,1,1
11,64,64,0x00001815,5,0,0x000000000000000000000000000000000000000000000000000000000000000000000000000000000000003ffb00501a,72550,1,1,1
11,64,64,0x00001815,6,0,0x00000000000000000000000000000000000000000000000000000000000000000000000000000000000001d01d02001b,72554,1,1,1
11,64,64,0x00001815,7,0,0x00000000000000000000000000000000000000000000000000000000000000000000000000000000000001d02b013010,72558,1,1,1
11,64,64,0x00001815,8,0,0x00000000000000000000000000000000000000000000000000000000000000000000000000000000000001000e008006,72562,1,1,1
11,64,64,0x00001815,9,0,0x00000000000000000000000000000000000000000000000000000000000000000000000000000000000002000d015018,72566,1,1,1
11,64,64,0x00001815,10,0,0x000000000000000000000000000000000000000000000000000000000000000000000000000000000000ffd00e013016,72570,1,1,1
11,64,64,0x00001815,11,0,0x00000000000000000000000000000000000000000000000000000000000000000000000000000000000001a01300e01b,72574,1,1,1
11,64,64,0x00001815,12,0,0x00000000000000000000000000000000000000000000000000000000000000000000000000000000000000300d02001d,72578,1,1,1
11,64,64,0x00001815,13,0,0x00000000000000000000000000000000000000000000000000000000000000000000000000000000000001d022013006,72582,1,1,1
11,64,64,0x00001815,14,0,0x00000000000000000000000000000000000000000000000000000000000000000000000000000000000000aff6000002,72586,1,1,1
11,64,64,0x00001815,15,0,0x00000000000000000000000000000000000000000000000000000000000000000000000000000000000002601201e008,72590,1,1,1
11,64,64,0x00001815,16,0,0x000000000000000000000000000000000000000000000000000000000000000000000000000000000000fe804600d012,72594,1,1,1
11,64,64,0x00001815,17,0,0x000000000000000000000000000000000000000000000000000000000000000000000000000000000000fda04a053fe8,72598,1,1,1
11,64,64,0x00001815,18,0,0x000000000000000000000000000000000000000000000000000000000000000000000000000000000000050058010fda,72602,1,1,1
11,64,64,0x00001815,19,0,0x00000000000000000000000000000000000000000000000000000000000000000000000000000000000000afb3fbbfe6,72606,1,1,1
11,64,64,0x00001815,20,0,0x00000000000000000000000000000000000000000000000000000000000000000000000000000000000002207008604a,72610,1,1,1
11,64,64,0x00001815,21,0,0x000000000000000000000000000000000000000000000000000000000000000000000000000000000000fddfc6fc2fdb,72614,1,1,1
11,64,64,0x00001815,22,0,0x00000000000000000000000000000000000000000000000000000000000000000000000000000000000006004502a003,72618,1,1,1
11,64,64,0x00001815,23,0,0x000000000000000000000000000000000000000000000000000000000000000000000000000000000000ff601001d05d,72622,1,1,1
11,64,64,0x00001815,24,0,0x000000000000000000000000000000000000000000000000000000000000000000000000000000000000ff0fdefe3fe6,72626,1,1,1
11,64,64,0x00001815,25,0,0x00000000000000000000000000000000000000000000000000000000000000000000000000000000000002504503001b,72630,1,1,1
11,64,64,0x00001815,26,0,0x00000000000000000000000000000000000000000000000000000000000000000000000000000000000001001800e020,72634,1,1,1
11,64,64,0x00001815,27,0,0x00000000000000000000000000000000000000000000000000000000000000000000000000000000000000e00dffa00e,72638,1,1,1
11,64,64,0x00001815,28,0,0x000000000000000000000000000000000000000000000000000000000000000000000000000000000000008003020016,72642,1,1,1
11,64,64,0x00001815,29,0,0x00000000000000000000000000000000000000000000000000000000000000000000000000000000000000001a02a025,72646,1,1,1
11,64,64,0x00001815,30,0,0x00000000000000000000000000000000000000000000000000000000000000000000000000000000000001b00a00effb,72650,1,1,1
11,64,64,0x00001815,31,0,0x00000000000000000000000000000000000000000000000000000000000000000000000000000000000000d01b00e018,72654,1,1,1
11,64,64,0x00001815,32,0,0x00000000000000000000000000000000000000000000000000000000000000000000000000000000000000e01b000012,72658,1,1,1
11,64,64,0x00001815,33,0,0x00000000000000000000000000000000000000000000000000000000000000000000000000000000000001000b01a012,72662,1,1,1
11,64,64,0x00001815,34,0,0x000000000000000000000000000000000000000000000000000000000000000000000000000000000000025015013005,72666,1,1,1
11,64,64,0x00001815,35,0,0x00000000000000000000000000000000000000000000000000000000000000000000000000000000000001301e01001a,72670,1,1,1
11,64,64,0x00001815,36,0,0x00000000000000000000000000000000000000000000000000000000000000000000000000000000000001000d018015,72674,1,1,1
11,64,64,0x00001815,37,0,0x00000000000000000000000000000000000000000000000000000000000000000000000000000000000001801dffe010,72678,1,1,1
11,64,64,0x00001815,38,0,0x00000000000000000000000000000000000000000000000000000000000000000000000000000000000001b01200a012,72682,1,1,1
11,64,64,0x00001815,39,0,0x00000000000000000000000000000000000000000000000000000000000000000000000000000000000001301e02301d,72686,1,1,1
11,64,64,0x00001815,40,0,0x00000000000000000000000000000000000000000000000000000000000000000000000000000000000001200801500a,72690,1,1,1
11,64,64,0x00001815,41,0,0x00000000000000000000000000000000000000000000000000000000000000000000000000000000000000e003002012,72694,1,1,1
11,64,64,0x00001815,42,0,0x000000000000000000000000000000000000000000000000000000000000000000000000000000000000018020023012,72698,1,1,1
11,64,64,0x00001815,43,0,0x00000000000000000000000000000000000000000000000000000000000000000000000000000000000000b01d01b013,72702,1,1,1
11,64,64,0x00001815,44,0,0x000000000000000000000000000000000000000000000000000000000000000000000000000000000000ff301301000e,72706,1,1,1
11,64,64,0x00001815,45,0,0x00000000000000000000000000000000000000000000000000000000000000000000000000000000000000e02502600e,72710,1,1,1
11,64,64,0x00001815,46,0,0x000000000000000000000000000000000000000000000000000000000000000000000000000000000000000ff600affe,72714,1,1,1
11,64,64,0x00001815,47,0,0x00000000000000000000000000000000000000000000000000000000000000000000000000000000000001b01a025003,72718,1,1,1
11,64,64,0x00001815,48,0,0x00000000000000000000000000000000000000000000000000000000000000000000000000000000000001a020018006,72722,1,1,1
11,64,64,0x00001815,49,0,0x00000000000000000000000000000000000000000000000000000000000000000000000000000000000000600301301a,72726,1,1,1
11,64,64,0x00001815,50,0,0x00000000000000000000000000000000000000000000000000000000000000000000000000000000000001301a00a002,72730,1,1,1
11,64,64,0x00001815,51,0,0x00000000000000000000000000000000000000000000000000000000000000000000000000000000000001a01b005003,72734,1,1,1
11,64,64,0x00001815,52,0,0x00000000000000000000000000000000000000000000000000000000000000000000000000000000000001800d01200a,72738,1,1,1
11,64,64,0x00001815,53,0,0x000000000000000000000000000000000000000000000000000000000000000000000000000000000000025015013012,72742,1,1,1
11,64,64,0x00001815,54,0,0x00000000000000000000000000000000000000000000000000000000000000000000000000000000000001801801a016,72746,1,1,1
11,64,64,0x00001815,55,0,0x000000000000000000000000000000000000000000000000000000000000000000000000000000000000025015016ffa,72750,1,1,1
11,64,64,0x00001815,56,0,0x00000000000000000000000000000000000000000000000000000000000000000000000000000000000000b010003012,72754,1,1,1
11,64,64,0x00001815,57,0,0x00000000000000000000000000000000000000000000000000000000000000000000000000000000000002501a008002,72758,1,1,1
11,64,64,0x00001815,58,0,0x00000000000000000000000000000000000000000000000000000000000000000000000000000000000001801001801b,72762,1,1,1
11,64,64,0x00001815,59,0,0x00000000000000000000000000000000000000000000000000000000000000000000000000000000000001500d01500e,72766,1,1,1
11,64,64,0x00001815,60,0,0x000000000000000000000000000000000000000000000000000000000000000000000000000000000000016ff800301a,72770,1,1,1
11,64,64,0x00001815,61,0,0x000000000000000000000000000000000000000000000000000000000000000000000000000000000000010003018020,72774,1,1,1
11,64,64,0x00001815,62,0,0x00000000000000000000000000000000000000000000000000000000000000000000000000000000000001200b015015,72778,1,1,1
11,64,64,0x00001815,63,1,0x00000000000000000000000000000000000000000000000000000000000000000000000000000000000002d016015006,72782,1,1,1
12,65,65,0x00001513,0,0,0x00000000000000000000000000000000000000000000000000000000000000000000000000000000000001301601300b,74094,1,1,1
12,65,65,0x00001513,1,0,0x00000000000000000000000000000000000000000000000000000000000000000000000000000000000002000a01a013,74098,1,1,1
12,65,65,0x00001513,2,0,0x00000000000000000000000000000000000000000000000000000000000000000000000000000000000000e00d00800d,74102,1,1,1
12,65,65,0x00001513,3,0,0x000000000000000000000000000000000000000000000000000000000000000000000000000000000000ffb015018025,74106,1,1,1
12,65,65,0x00001513,4,0,0x00000000000000000000000000000000000000000000000000000000000000000000000000000000000001a015012003,74110,1,1,1
12,65,65,0x00001513,5,0,0x00000000000000000000000000000000000000000000000000000000000000000000000000000000000001b003ffb005,74114,1,1,1
12,65,65,0x00001513,6,0,0x00000000000000000000000000000000000000000000000000000000000000000000000000000000000001001d01d020,74118,1,1,1
12,65,65,0x00001513,7,0,0x00000000000000000000000000000000000000000000000000000000000000000000000000000000000000601d02b013,74122,1,1,1
12,65,65,0x00001513,8,0,0x00000000000000000000000000000000000000000000000000000000000000000000000000000000000001801000e008,74126,1,1,1
12,65,65,0x00001513,9,0,0x00000000000000000000000000000000000000000000000000000000000000000000000000000000000001602000d015,74130,1,1,1
12,65,65,0x00001513,10,0,0x00000000000000000000000000000000000000000000000000000000000000000000000000000000000001bffd00e013,74134,1,1,1
12,65,65,0x00001513,11,0,0x00000000000000000000000000000000000000000000000000000000000000000000000000000000000001d01a01300e,74138,1,1,1
12,65,65,0x00001513,12,0,0x00000000000000000000000000000000000000000000000000000000000000000000000000000000000000600300d020,74142,1,1,1
12,65,65,0x00001513,13,0,0x00000000000000000000000000000000000000000000000000000000000000000000000000000000000000201d022013,74146,1,1,1
12,65,65,0x00001513,14,0,0x00000000000000000000000000000000000000000000000000000000000000000000000000000000000000800aff6000,74150,1,1,1
12,65,65,0x00001513,15,0,0x00000000000000000000000000000000000000000000000000000000000000000000000000000000000001202601201e,74154,1,1,1
12,65,65,0x00001513,16,0,0x000000000000000000000000000000000000000000000000000000000000000000000000000000000000fe8fe804600d,74158,1,1,1
12,65,65,0x00001513,17,0,0x000000000000000000000000000000000000000000000000000000000000000000000000000000000000fdafda04a053,74162,1,1,1
12,65,65,0x00001513,18,0,0x000000000000000000000000000000000000000000000000000000000000000000000000000000000000fe6050058010,74166,1,1,1
12,65,65,0x00001513,19,0,0x00000000000000000000000000000000000000000000000000000000000000000000000000000000000004a00afb3fbb,74170,1,1,1
12,65,65,0x00001513,20,0,0x000000000000000000000000000000000000000000000000000000000000000000000000000000000000fdb022070086,74174,1,1,1
12,65,65,0x00001513,21,0,0x000000000000000000000000000000000000000000000000000000000000000000000000000000000000003fddfc6fc2,74178,1,1,1
12,65,65,0x00001513,22,0,0x00000000000000000000000000000000000000000000000000000000000000000000000000000000000005d06004502a,74182,1,1,1
12,65,65,0x00001513,23,0,0x000000000000000000000000000000000000000000000000000000000000000000000000000000000000fe6ff601001d,74186,1,1,1
12,65,65,0x00001513,24,0,0x00000000000000000000000000000000000000000000000000000000000000000000000000000000000001bff0fdefe3,74190,1,1,1
12,65,65,0x00001513,25,0,0x000000000000000000000000000000000000000000000000000000000000000000000000000000000000020025045030,74194,1,1,1
12,65,65,0x00001513,26,0,0x00000000000000000000000000000000000000000000000000000000000000000000000000000000000000e01001800e,74198,1,1,1
12,65,65,0x00001513,27,0,0x00000000000000000000000000000000000000000000000000000000000000000000000000000000000001600e00dffa,74202,1,1,1
12,65,65,0x00001513,28,0,0x000000000000000000000000000000000000000000000000000000000000000000000000000000000000025008003020,74206,1,1,1
12,65,65,0x00001513,29,0,0x000000000000000000000000000000000000000000000000000000000000000000000000000000000000ffb00001a02a,74210,1,1,1
12,65,65,0x00001513,30,0,0x00000000000000000000000000000000000000000000000000000000000000000000000000000000000001801b00a00e,74214,1,1,1
12,65,65,0x00001513,31,0,0x00000000000000000000000000000000000000000000000000000000000000000000000000000000000001200d01b00e,74218,1,1,1
12,65,65,0x00001513,32,0,0x00000000000000000000000000000000000000000000000000000000000000000000000000000000000001200e01b000,74222,1,1,1
12,65,65,0x00001513,33,0,0x00000000000000000000000000000000000000000000000000000000000000000000000000000000000000501000b01a,74226,1,1,1
12,65,65,0x00001513,34,0,0x00000000000000000000000000000000000000000000000000000000000000000000000000000000000001a025015013,74230,1,1,1
12,65,65,0x00001513,35,0,0x00000000000000000000000000000000000000000000000000000000000000000000000000000000000001501301e010,74234,1,1,1
12,65,65,0x00001513,36,0,0x00000000000000000000000000000000000000000000000000000000000000000000000000000000000001001000d018,74238,1,1,1
12,65,65,0x00001513,37,0,0x00000000000000000000000000000000000000000000000000000000000000000000000000000000000001201801dffe,74242,1,1,1
12,65,65,0x00001513,38,0,0x00000000000000000000000000000000000000000000000000000000000000000000000000000000000001d01b01200a,74246,1,1,1
12,65,65,0x00001513,39,0,0x00000000000000000000000000000000000000000000000000000000000000000000000000000000000000a01301e023,74250,1,1,1
12,65,65,0x00001513,40,0,0x000000000000000000000000000000000000000000000000000000000000000000000000000000000000012012008015,74254,1,1,1
12,65,65,0x00001513,41,0,0x00000000000000000000000000000000000000000000000000000000000000000000000000000000000001200e003002,74258,1,1,1
12,65,65,0x00001513,42,0,0x000000000000000000000000000000000000000000000000000000000000000000000000000000000000013018020023,74262,1,1,1
12,65,65,0x00001513,43,0,0x00000000000000000000000000000000000000000000000000000000000000000000000000000000000000e00b01d01b,74266,1,1,1
12,65,65,0x00001513,44,0,0x00000000000000000000000000000000000000000000000000000000000000000000000000000000000000eff3013010,74270,1,1,1
12,65,65,0x00001513,45,0,0x000000000000000000000000000000000000000000000000000000000000000000000000000000000000ffe00e025026,74274,1,1,1
12,65,65,0x00001513,46,0,0x000000000000000000000000000000000000000000000000000000000000000000000000000000000000003000ff600a,74278,1,1,1
12,65,65,0x00001513,47,0,0x00000000000000000000000000000000000000000000000000000000000000000000000000000000000000601b01a025,74282,1,1,1
12,65,65,0x00001513,48,0,0x00000000000000000000000000000000000000000000000000000000000000000000000000000000000001a01a020018,74286,1,1,1
12,65,65,0x00001513,49,0,0x000000000000000000000000000000000000000000000000000000000000000000000000000000000000002006003013,74290,1,1,1
12,65,65,0x00001513,50,0,0x00000000000000000000000000000000000000000000000000000000000000000000000000000000000000301301a00a,74294,1,1,1
12,65,65,0x00001513,51,0,0x00000000000000000000000000000000000000000000000000000000000000000000000000000000000000a01a01b005,74298,1,1,1
12,65,65,0x00001513,52,0,0x00000000000000000000000000000000000000000000000000000000000000000000000000000000000001201800d012,74302,1,1,1
12,65,65,0x00001513,53,0,0x000000000000000000000000000000000000000000000000000000000000000000000000000000000000016025015013,74306,1,1,1
12,65,65,0x00001513,54,0,0x000000000000000000000000000000000000000000000000000000000000000000000000000000000000ffa01801801a,74310,1,1,1
12,65,65,0x00001513,55,0,0x000000000000000000000000000000000000000000000000000000000000000000000000000000000000012025015016,74314,1,1,1
12,65,65,0x00001513,56,0,0x00000000000000000000000000000000000000000000000000000000000000000000000000000000000000200b010003,74318,1,1,1
12,65,65,0x00001513,57,0,0x00000000000000000000000000000000000000000000000000000000000000000000000000000000000001b02501a008,74322,1,1,1
12,65,65,0x00001513,58,0,0x00000000000000000000000000000000000000000000000000000000000000000000000000000000000000e018010018,74326,1,1,1
12,65,65,0x00001513,59,0,0x00000000000000000000000000000000000000000000000000000000000000000000000000000000000001a01500d015,74330,1,1,1
12,65,65,0x00001513,60,0,0x000000000000000000000000000000000000000000000000000000000000000000000000000000000000020016ff8003,74334,1,1,1
12,65,65,0x00001513,61,0,0x000000000000000000000000000000000000000000000000000000000000000000000000000000000000015010003018,74338,1,1,1
12,65,65,0x00001513,62,0,0x00000000000000000000000000000000000000000000000000000000000000000000000000000000000000601200b015,74342,1,1,1
12,65,65,0x00001513,63,1,0x00000000000000000000000000000000000000000000000000000000000000000000000000000000000001602d016015,74346,1,1,1
13,66,66,0x00001cc9,0,0,0x000000000000000000000000000000000000000000000000000000000000000000000000000000000000013013016013,75658,1,1,1
13,66,66,0x00001cc9,1,0,0x00000000000000000000000000000000000000000000000000000000000000000000000000000000000000d02000a01a,75662,1,1,1
13,66,66,0x00001cc9,2,0,0x00000000000000000000000000000000000000000000000000000000000000000000000000000000000002500e00d008,75666,1,1,1
13,66,66,0x00001cc9,3,0,0x000000000000000000000000000000000000000000000000000000000000000000000000000000000000003ffb015018,75670,1,1,1
13,66,66,0x00001cc9,4,0,0x00000000000000000000000000000000000000000000000000000000000000000000000000000000000000501a015012,75674,1,1,1
13,66,66,0x00001cc9,5,0,0x00000000000000000000000000000000000000000000000000000000000000000000000000000000000002001b003ffb,75678,1,1,1
13,66,66,0x00001cc9,6,0,0x00000000000000000000000000000000000000000000000000000000000000000000000000000000000001301001d01d,75682,1,1,1
13,66,66,0x00001cc9,7,0,0x00000000000000000000000000000000000000000000000000000000000000000000000000000000000000800601d02b,75686,1,1,1
13,66,66,0x00001cc9,8,0,0x00000000000000000000000000000000000000000000000000000000000000000000000000000000000001501801000e,75690,1,1,1
13,66,66,0x00001cc9,9,0,0x00000000000000000000000000000000000000000000000000000000000000000000000000000000000001301602000d,75694,1,1,1
13,66,66,0x00001cc9,10,0,0x00000000000000000000000000000000000000000000000000000000000000000000000000000000000000e01bffd00e,75698,1,1,1
13,66,66,0x00001cc9,11,0,0x00000000000000000000000000000000000000000000000000000000000000000000000000000000000002001d01a013,75702,1,1,1
13,66,66,0x00001cc9,12,0,0x00000000000000000000000000000000000000000000000000000000000000000000000000000000000001300600300d,75706,1,1,1
13,66,66,0x00001cc9,13,0,0x00000000000000000000000000000000000000000000000000000000000000000000000000000000000000000201d022,75710,1,1,1
13,66,66,0x00001cc9,14,0,0x00000000000000000000000000000000000000000000000000000000000000000000000000000000000001e00800aff6,75714,1,1,1
13,66,66,0x00001cc9,15,0,0x00000000000000000000000000000000000000000000000000000000000000000000000000000000000000d012026012,75718,1,1,1
13,66,66,0x00001cc9,16,0,0x000000000000000000000000000000000000000000000000000000000000000000000000000000000000053fe8fe8046,75722,1,1,1
13,66,66,0x00001cc9,17,0,0x000000000000000000000000000000000000000000000000000000000000000000000000000000000000010fdafda04a,75726,1,1,1
13,66,66,0x00001cc9,18,0,0x000000000000000000000000000000000000000000000000000000000000000000000000000000000000fbbfe6050058,75730,1,1,1
13,66,66,0x00001cc9,19,0,0x00000000000000000000000000000000000000000000000000000000000000000000000000000000000008604a00afb3,75734,1,1,1
13,66,66,0x00001cc9,20,0,0x000000000000000000000000000000000000000000000000000000000000000000000000000000000000fc2fdb022070,75738,1,1,1
13,66,66,0x00001cc9,21,0,0x00000000000000000000000000000000000000000000000000000000000000000000000000000000000002a003fddfc6,75742,1,1,1
13,66,66,0x00001cc9,22,0,0x00000000000000000000000000000000000000000000000000000000000000000000000000000000000001d05d060045,75746,1,1,1
13,66,66,0x00001cc9,23,0,0x000000000000000000000000000000000000000000000000000000000000000000000000000000000000fe3fe6ff6010,75750,1,1,1
13,66,66,0x00001cc9,24,0,0x00000000000000000000000000000000000000000000000000000000000000000000000000000000000003001bff0fde,75754,1,1,1
13,66,66,0x00001cc9,25,0,0x00000000000000000000000000000000000000000000000000000000000000000000000000000000000000e020025045,75758,1,1,1
13,66,66,0x00001cc9,26,0,0x000000000000000000000000000000000000000000000000000000000000000000000000000000000000ffa00e010018,75762,1,1,1
13,66,66,0x00001cc9,27,0,0x00000000000000000000000000000000000000000000000000000000000000000000000000000000000002001600e00d,75766,1,1,1
13,66,66,0x00001cc9,28,0,0x00000000000000000000000000000000000000000000000000000000000000000000000000000000000002a025008003,75770,1,1,1
13,66,66,0x00001cc9,29,0,0x00000000000000000000000000000000000000000000000000000000000000000000000000000000000000effb00001a,75774,1,1,1
13,66,66,0x00001cc9,30,0,0x00000000000000000000000000000000000000000000000000000000000000000000000000000000000000e01801b00a,75778,1,1,1
13,66,66,0x00001cc9,31,0,0x00000000000000000000000000000000000000000000000000000000000000000000000000000000000000001200d01b,75782,1,1,1
13,66,66,0x00001cc9,32,0,0x00000000000000000000000000000000000000000000000000000000000000000000000000000000000001a01200e01b,75786,1,1,1
13,66,66,0x00001cc9,33,0,0x00000000000000000000000000000000000000000000000000000000000000000000000000000000000001300501000b,75790,1,1,1
13,66,66,0x00001cc9,34,0,0x00000000000000000000000000000000000000000000000000000000000000000000000000000000000001001a025015,75794,1,1,1
13,66,66,0x00001cc9,35,0,0x00000000000000000000000000000000000000000000000000000000000000000000000000000000000001801501301e,75798,1,1,1
13,66,66,0x00001cc9,36,0,0x000000000000000000000000000000000000000000000000000000000000000000000000000000000000ffe01001000d,75802,1,1,1
13,66,66,0x00001cc9,37,0,0x00000000000000000000000000000000000000000000000000000000000000000000000000000000000000a01201801d,75806,1,1,1
13,66,66,0x00001cc9,38,0,0x00000000000000000000000000000000000000000000000000000000000000000000000000000000000002301d01b012,75810,1,1,1
13,66,66,0x00001cc9,39,0,0x00000000000000000000000000000000000000000000000000000000000000000000000000000000000001500a01301e,75814,1,1,1
13,66,66,0x00001cc9,40,0,0x000000000000000000000000000000000000000000000000000000000000000000000000000000000000002012012008,75818,1,1,1
13,66,66,0x00001cc9,41,0,0x00000000000000000000000000000000000000000000000000000000000000000000000000000000000002301200e003,75822,1,1,1
13,66,66,0x00001cc9,42,0,0x00000000000000000000000000000000000000000000000000000000000000000000000000000000000001b013018020,75826,1,1,1
13,66,66,0x00001cc9,43,0,0x00000000000000000000000000000000000000000000000000000000000000000000000000000000000001000e00b01d,75830,1,1,1
13,66,66,0x00001cc9,44,0,0x00000000000000000000000000000000000000000000000000000000000000000000000000000000000002600eff3013,75834,1,1,1
13,66,66,0x00001cc9,45,0,0x00000000000000000000000000000000000000000000000000000000000000000000000000000000000000affe00e025,75838,1,1,1
13,66,66,0x00001cc9,46,0,0x000000000000000000000000000000000000000000000000000000000000000000000000000000000000025003000ff6,75842,1,1,1
13,66,66,0x00001cc9,47,0,0x00000000000000000000000000000000000000000000000000000000000000000000000000000000000001800601b01a,75846,1,1,1
13,66,66,0x00001cc9,48,0,0x00000000000000000000000000000000000000000000000000000000000000000000000000000000000001301a01a020,75850,1,1,1
13,66,66,0x00001cc9,49,0,0x00000000000000000000000000000000000000000000000000000000000000000000000000000000000000a002006003,75854,1,1,1
13,66,66,0x00001cc9,50,0,0x00000000000000000000000000000000000000000000000000000000000000000000000000000000000000500301301a,75858,1,1,1
13,66,66,0x00001cc9,51,0,0x00000000000000000000000000000000000000000000000000000000000000000000000000000000000001200a01a01b,75862,1,1,1
13,66,66,0x00001cc9,52,0,0x00000000000000000000000000000000000000000000000000000000000000000000000000000000000001301201800d,75866,1,1,1
13,66,66,0x00001cc9,53,0,0x00000000000000000000000000000000000000000000000000000000000000000000000000000000000001a016025015,75870,1,1,1
13,66,66,0x00001cc9,54,0,0x000000000000000000000000000000000000000000000000000000000000000000000000000000000000016ffa018018,75874,1,1,1
13,66,66,0x00001cc9,55,0,0x000000000000000000000000000000000000000000000000000000000000000000000000000000000000003012025015,75878,1,1,1
13,66,66,0x00001cc9,56,0,0x00000000000000000000000000000000000000000000000000000000000000000000000000000000000000800200b010,75882,1,1,1
13,66,66,0x00001cc9,57,0,0x00000000000000000000000000000000000000000000000000000000000000000000000000000000000001801b02501a,75886,1,1,1
13,66,66,0x00001cc9,58,0,0x00000000000000000000000000000000000000000000000000000000000000000000000000000000000001500e018010,75890,1,1,1
13,66,66,0x00001cc9,59,0,0x00000000000000000000000000000000000000000000000000000000000000000000000000000000000000301a01500d,75894,1,1,1
13,66,66,0x00001cc9,60,0,0x000000000000000000000000000000000000000000000000000000000000000000000000000000000000018020016ff8,75898,1,1,1
13,66,66,0x00001cc9,61,0,0x000000000000000000000000000000000000000000000000000000000000000000000000000000000000015015010003,75902,1,1,1
13,66,66,0x00001cc9,62,0,0x00000000000000000000000000000000000000000000000000000000000000000000000000000000000001500601200b,75906,1,1,1
13,66,66,0x00001cc9,63,1,0x00000000000000000000000000000000000000000000000000000000000000000000000000000000000000d01602d016,75910,1,1,1
14,67,67,0x00001aab,0,0,0x00000000000000000000000000000000000000000000000000000000000000000000000000000000000001a013013016,77222,1,1,1
14,67,67,0x00001aab,1,0,0x00000000000000000000000000000000000000000000000000000000000000000000000000000000000000800d02000a,77226,1,1,1
14,67,67,0x00001aab,2,0,0x00000000000000000000000000000000000000000000000000000000000000000000000000000000000001802500e00d,77230,1,1,1
14,67,67,0x00001aab,3,0,0x000000000000000000000000000000000000000000000000000000000000000000000000000000000000012003ffb015,77234,1,1,1
14,67,67,0x00001aab,4,0,0x000000000000000000000000000000000000000000000000000000000000000000000000000000000000ffb00501a015,77238,1,1,1
14,67,67,0x00001aab,5,0,0x00000000000000000000000000000000000000000000000000000000000000000000000000000000000001d02001b003,77242,1,1,1
14,67,67,0x00001aab,6,0,0x00000000000000000000000000000000000000000000000000000000000000000000000000000000000002b01301001d,77246,1,1,1
14,67,67,0x00001aab,7,0,0x00000000000000000000000000000000000000000000000000000000000000000000000000000000000000e00800601d,77250,1,1,1
14,67,67,0x00001aab,8,0,0x00000000000000000000000000000000000000000000000000000000000000000000000000000000000000d015018010,77254,1,1,1
14,67,67,0x00001aab,9,0,0x00000000000000000000000000000000000000000000000000000000000000000000000000000000000000e013016020,77258,1,1,1
14,67,67,0x00001aab,10,0,0x00000000000000000000000000000000000000000000000000000000000000000000000000000000000001300e01bffd,77262,1,1,1
14,67,67,0x00001aab,11,0,0x00000000000000000000000000000000000000000000000000000000000000000000000000000000000000d02001d01a,77266,1,1,1
14,67,67,0x00001aab,12,0,0x000000000000000000000000000000000000000000000000000000000000000000000000000000000000022013006003,77270,1,1,1
14,67,67,0x00001aab,13,0,0x000000000000000000000000000000000000000000000000000000000000000000000000000000000000ff600000201d,77274,1,1,1
14,67,67,0x00001aab,14,0,0x00000000000000000000000000000000000000000000000000000000000000000000000000000000000001201e00800a,77278,1,1,1
14,67,67,0x00001aab,15,0,0x00000000000000000000000000000000000000000000000000000000000000000000000000000000000004600d012026,77282,1,1,1
14,67,67,0x00001aab,16,0,0x00000000000000000000000000000000000000000000000000000000000000000000000000000000000004a053fe8fe8,77286,1,1,1
14,67,67,0x00001aab,17,0,0x000000000000000000000000000000000000000000000000000000000000000000000000000000000000058010fdafda,77290,1,1,1
14,67,67,0x00001aab,18,0,0x000000000000000000000000000000000000000000000000000000000000000000000000000000000000fb3fbbfe6050,77294,1,1,1
14,67,67,0x00001aab,19,0,0x00000000000000000000000000000000000000000000000000000000000000000000000000000000000007008604a00a,77298,1,1,1
14,67,67,0x00001aab,20,0,0x000000000000000000000000000000000000000000000000000000000000000000000000000000000000fc6fc2fdb022,77302,1,1,1
14,67,67,0x00001aab,21,0,0x00000000000000000000000000000000000000000000000000000000000000000000000000000000000004502a003fdd,77306,1,1,1
14,67,67,0x00001aab,22,0,0x00000000000000000000000000000000000000000000000000000000000000000000000000000000000001001d05d060,77310,1,1,1
14,67,67,0x00001aab,23,0,0x000000000000000000000000000000000000000000000000000000000000000000000000000000000000fdefe3fe6ff6,77314,1,1,1
14,67,67,0x00001aab,24,0,0x00000000000000000000000000000000000000000000000000000000000000000000000000000000000004503001bff0,77318,1,1,1
14,67,67,0x00001aab,25,0,0x00000000000000000000000000000000000000000000000000000000000000000000000000000000000001800e020025,77322,1,1,1
14,67,67,0x00001aab,26,0,0x00000000000000000000000000000000000000000000000000000000000000000000000000000000000000dffa00e010,77326,1,1,1
14,67,67,0x00001aab,27,0,0x00000000000000000000000000000000000000000000000000000000000000000000000000000000000000302001600e,77330,1,1,1
14,67,67,0x00001aab,28,0,0x00000000000000000000000000000000000000000000000000000000000000000000000000000000000001a02a025008,77334,1,1,1
14,67,67,0x00001aab,29,0,0x00000000000000000000000000000000000000000000000000000000000000000000000000000000000000a00effb000,77338,1,1,1
14,67,67,0x00001aab,30,0,0x00000000000000000000000000000000000000000000000000000000000000000000000000000000000001b00e01801b,77342,1,1,1
14,67,67,0x00001aab,31,0,0x00000000000000000000000000000000000000000000000000000000000000000000000000000000000001b00001200d,77346,1,1,1
14,67,67,0x00001aab,32,0,0x00000000000000000000000000000000000000000000000000000000000000000000000000000000000000b01a01200e,77350,1,1,1
14,67,67,0x00001aab,33,0,0x000000000000000000000000000000000000000000000000000000000000000000000000000000000000015013005010,77354,1,1,1
14,67,67,0x00001aab,34,0,0x00000000000000000000000000000000000000000000000000000000000000000000000000000000000001e01001a025,77358,1,1,1
14,67,67,0x00001aab,35,0,0x00000000000000000000000000000000000000000000000000000000000000000000000000000000000000d018015013,77362,1,1,1
14,67,67,0x00001aab,36,0,0x00000000000000000000000000000000000000000000000000000000000000000000000000000000000001dffe010010,77366,1,1,1
14,67,67,0x00001aab,37,0,0x00000000000000000000000000000000000000000000000000000000000000000000000000000000000001200a012018,77370,1,1,1
14,67,67,0x00001aab,38,0,0x00000000000000000000000000000000000000000000000000000000000000000000000000000000000001e02301d01b,77374,1,1,1
14,67,67,0x00001aab,39,0,0x00000000000000000000000000000000000000000000000000000000000000000000000000000000000000801500a013,77378,1,1,1
14,67,67,0x00001aab,40,0,0x000000000000000000000000000000000000000000000000000000000000000000000000000000000000003002012012,77382,1,1,1
14,67,67,0x00001aab,41,0,0x00000000000000000000000000000000000000000000000000000000000000000000000000000000000002002301200e,77386,1,1,1
14,67,67,0x00001aab,42,0,0x00000000000000000000000000000000000000000000000000000000000000000000000000000000000001d01b013018,77390,1,1,1
14,67,67,0x00001aab,43,0,0x00000000000000000000000000000000000000000000000000000000000000000000000000000000000001301000e00b,77394,1,1,1
14,67,67,0x00001aab,44,0,0x00000000000000000000000000000000000000000000000000000000000000000000000000000000000002502600eff3,77398,1,1,1
14,67,67,0x00001aab,45,0,0x000000000000000000000000000000000000000000000000000000000000000000000000000000000000ff600affe00e,77402,1,1,1
14,67,67,0x00001aab,46,0,0x00000000000000000000000000000000000000000000000000000000000000000000000000000000000001a025003000,77406,1,1,1
14,67,67,0x00001aab,47,0,0x00000000000000000000000000000000000000000000000000000000000000000000000000000000000002001800601b,77410,1,1,1
14,67,67,0x00001aab,48,0,0x00000000000000000000000000000000000000000000000000000000000000000000000000000000000000301301a01a,77414,1,1,1
14,67,67,0x00001aab,49,0,0x00000000000000000000000000000000000000000000000000000000000000000000000000000000000001a00a002006,77418,1,1,1
14,67,67,0x00001aab,50,0,0x00000000000000000000000000000000000000000000000000000000000000000000000000000000000001b005003013,77422,1,1,1
14,67,67,0x00001aab,51,0,0x00000000000000000000000000000000000000000000000000000000000000000000000000000000000000d01200a01a,77426,1,1,1
14,67,67,0x00001aab,52,0,0x000000000000000000000000000000000000000000000000000000000000000000000000000000000000015013012018,77430,1,1,1
14,67,67,0x00001aab,53,0,0x00000000000000000000000000000000000000000000000000000000000000000000000000000000000001801a016025,77434,1,1,1
14,67,67,0x00001aab,54,0,0x000000000000000000000000000000000000000000000000000000000000000000000000000000000000015016ffa018,77438,1,1,1
14,67,67,0x00001aab,55,0,0x000000000000000000000000000000000000000000000000000000000000000000000000000000000000010003012025,77442,1,1,1
14,67,67,0x00001aab,56,0,0x00000000000000000000000000000000000000000000000000000000000000000000000000000000000001a00800200b,77446,1,1,1
14,67,67,0x00001aab,57,0,0x00000000000000000000000000000000000000000000000000000000000000000000000000000000000001001801b025,77450,1,1,1
14,67,67,0x00001aab,58,0,0x00000000000000000000000000000000000000000000000000000000000000000000000000000000000000d01500e018,77454,1,1,1
14,67,67,0x00001aab,59,0,0x000000000000000000000000000000000000000000000000000000000000000000000000000000000000ff800301a015,77458,1,1,1
14,67,67,0x00001aab,60,0,0x000000000000000000000000000000000000000000000000000000000000000000000000000000000000003018020016,77462,1,1,1
14,67,67,0x00001aab,61,0,0x00000000000000000000000000000000000000000000000000000000000000000000000000000000000000b015015010,77466,1,1,1
14,67,67,0x00001aab,62,0,0x000000000000000000000000000000000000000000000000000000000000000000000000000000000000016015006012,77470,1,1,1
14,67,67,0x00001aab,63,1,0x00000000000000000000000000000000000000000000000000000000000000000000000000000000000000b00d01602d,77474,1,1,1
15,68,68,0x000012d0,0,0,0x00000000000000000000000000000000000000000000000000000000000000000000000000000000000000a01a013013,78790,1,1,1
15,68,68,0x000012d0,1,0,0x00000000000000000000000000000000000000000000000000000000000000000000000000000000000000d00800d020,78794,1,1,1
15,68,68,0x000012d0,2,0,0x00000000000000000000000000000000000000000000000000000000000000000000000000000000000001501802500e,78798,1,1,1
15,68,68,0x000012d0,3,0,0x000000000000000000000000000000000000000000000000000000000000000000000000000000000000015012003ffb,78802,1,1,1
15,68,68,0x000012d0,4,0,0x000000000000000000000000000000000000000000000000000000000000000000000000000000000000003ffb00501a,78806,1,1,1
15,68,68,0x000012d0,5,0,0x00000000000000000000000000000000000000000000000000000000000000000000000000000000000001d01d02001b,78810,1,1,1
15,68,68,0x000012d0,6,0,0x00000000000000000000000000000000000000000000000000000000000000000000000000000000000001d02b013010,78814,1,1,1
15,68,68,0x000012d0,7,0,0x00000000000000000000000000000000000000000000000000000000000000000000000000000000000001000e008006,78818,1,1,1
15,68,68,0x000012d0,8,0,0x00000000000000000000000000000000000000000000000000000000000000000000000000000000000002000d015018,78822,1,1,1
15,68,68,0x000012d0,9,0,0x000000000000000000000000000000000000000000000000000000000000000000000000000000000000ffd00e013016,78826,1,1,1
15,68,68,0x000012d0,10,0,0x00000000000000000000000000000000000000000000000000000000000000000000000000000000000001a01300e01b,78830,1,1,1
15,68,68,0x000012d0,11,0,0x00000000000000000000000000000000000000000000000000000000000000000000000000000000000000300d02001d,78834,1,1,1
15,68,68,0x000012d0,12,0,0x00000000000000000000000000000000000000000000000000000000000000000000000000000000000001d022013006,78838,1,1,1
15,68,68,0x000012d0,13,0,0x00000000000000000000000000000000000000000000000000000000000000000000000000000000000000aff6000002,78842,1,1,1
15,68,68,0x000012d0,14,0,0x00000000000000000000000000000000000000000000000000000000000000000000000000000000000002601201e008,78846,1,1,1
15,68,68,0x000012d0,15,0,0x000000000000000000000000000000000000000000000000000000000000000000000000000000000000fe804600d012,78850,1,1,1
15,68,68,0x000012d0,16,0,0x000000000000000000000000000000000000000000000000000000000000000000000000000000000000fda04a053fe8,78854,1,1,1
15,68,68,0x000012d0,17,0,0x000000000000000000000000000000000000000000000000000000000000000000000000000000000000050058010fda,78858,1,1,1
15,68,68,0x000012d0,18,0,0x00000000000000000000000000000000000000000000000000000000000000000000000000000000000000afb3fbbfe6,78862,1,1,1
15,68,68,0x000012d0,19,0,0x00000000000000000000000000000000000000000000000000000000000000000000000000000000000002207008604a,78866,1,1,1
15,68,68,0x000012d0,20,0,0x000000000000000000000000000000000000000000000000000000000000000000000000000000000000fddfc6fc2fdb,78870,1,1,1
15,68,68,0x000012d0,21,0,0x00000000000000000000000000000000000000000000000000000000000000000000000000000000000006004502a003,78874,1,1,1
15,68,68,0x000012d0,22,0,0x000000000000000000000000000000000000000000000000000000000000000000000000000000000000ff601001d05d,78878,1,1,1
15,68,68,0x000012d0,23,0,0x000000000000000000000000000000000000000000000000000000000000000000000000000000000000ff0fdefe3fe6,78882,1,1,1
15,68,68,0x000012d0,24,0,0x00000000000000000000000000000000000000000000000000000000000000000000000000000000000002504503001b,78886,1,1,1
15,68,68,0x000012d0,25,0,0x00000000000000000000000000000000000000000000000000000000000000000000000000000000000001001800e020,78890,1,1,1
15,68,68,0x000012d0,26,0,0x00000000000000000000000000000000000000000000000000000000000000000000000000000000000000e00dffa00e,78894,1,1,1
15,68,68,0x000012d0,27,0,0x000000000000000000000000000000000000000000000000000000000000000000000000000000000000008003020016,78898,1,1,1
15,68,68,0x000012d0,28,0,0x00000000000000000000000000000000000000000000000000000000000000000000000000000000000000001a02a025,78902,1,1,1
15,68,68,0x000012d0,29,0,0x00000000000000000000000000000000000000000000000000000000000000000000000000000000000001b00a00effb,78906,1,1,1
15,68,68,0x000012d0,30,0,0x00000000000000000000000000000000000000000000000000000000000000000000000000000000000000d01b00e018,78910,1,1,1
15,68,68,0x000012d0,31,0,0x00000000000000000000000000000000000000000000000000000000000000000000000000000000000000e01b000012,78914,1,1,1
15,68,68,0x000012d0,32,0,0x00000000000000000000000000000000000000000000000000000000000000000000000000000000000001000b01a012,78918,1,1,1
15,68,68,0x000012d0,33,0,0x000000000000000000000000000000000000000000000000000000000000000000000000000000000000025015013005,78922,1,1,1
15,68,68,0x000012d0,34,0,0x00000000000000000000000000000000000000000000000000000000000000000000000000000000000001301e01001a,78926,1,1,1
15,68,68,0x000012d0,35,0,0x00000000000000000000000000000000000000000000000000000000000000000000000000000000000001000d018015,78930,1,1,1
15,68,68,0x000012d0,36,0,0x00000000000000000000000000000000000000000000000000000000000000000000000000000000000001801dffe010,78934,1,1,1
15,68,68,0x000012d0,37,0,0x00000000000000000000000000000000000000000000000000000000000000000000000000000000000001b01200a012,78938,1,1,1
15,68,68,0x000012d0,38,0,0x00000000000000000000000000000000000000000000000000000000000000000000000000000000000001301e02301d,78942,1,1,1
15,68,68,0x000012d0,39,0,0x00000000000000000000000000000000000000000000000000000000000000000000000000000000000001200801500a,78946,1,1,1
15,68,68,0x000012d0,40,0,0x00000000000000000000000000000000000000000000000000000000000000000000000000000000000000e003002012,78950,1,1,1
15,68,68,0x000012d0,41,0,0x000000000000000000000000000000000000000000000000000000000000000000000000000000000000018020023012,78954,1,1,1
15,68,68,0x000012d0,42,0,0x00000000000000000000000000000000000000000000000000000000000000000000000000000000000000b01d01b013,78958,1,1,1
15,68,68,0x000012d0,43,0,0x000000000000000000000000000000000000000000000000000000000000000000000000000000000000ff301301000e,78962,1,1,1
15,68,68,0x000012d0,44,0,0x00000000000000000000000000000000000000000000000000000000000000000000000000000000000000e02502600e,78966,1,1,1
15,68,68,0x000012d0,45,0,0x000000000000000000000000000000000000000000000000000000000000000000000000000000000000000ff600affe,78970,1,1,1
15,68,68,0x000012d0,46,0,0x00000000000000000000000000000000000000000000000000000000000000000000000000000000000001b01a025003,78974,1,1,1
15,68,68,0x000012d0,47,0,0x00000000000000000000000000000000000000000000000000000000000000000000000000000000000001a020018006,78978,1,1,1
15,68,68,0x000012d0,48,0,0x00000000000000000000000000000000000000000000000000000000000000000000000000000000000000600301301a,78982,1,1,1
15,68,68,0x000012d0,49,0,0x00000000000000000000000000000000000000000000000000000000000000000000000000000000000001301a00a002,78986,1,1,1
15,68,68,0x000012d0,50,0,0x00000000000000000000000000000000000000000000000000000000000000000000000000000000000001a01b005003,78990,1,1,1
15,68,68,0x000012d0,51,0,0x00000000000000000000000000000000000000000000000000000000000000000000000000000000000001800d01200a,78994,1,1,1
15,68,68,0x000012d0,52,0,0x000000000000000000000000000000000000000000000000000000000000000000000000000000000000025015013012,78998,1,1,1
15,68,68,0x000012d0,53,0,0x00000000000000000000000000000000000000000000000000000000000000000000000000000000000001801801a016,79002,1,1,1
15,68,68,0x000012d0,54,0,0x000000000000000000000000000000000000000000000000000000000000000000000000000000000000025015016ffa,79006,1,1,1
15,68,68,0x000012d0,55,0,0x00000000000000000000000000000000000000000000000000000000000000000000000000000000000000b010003012,79010,1,1,1
15,68,68,0x000012d0,56,0,0x00000000000000000000000000000000000000000000000000000000000000000000000000000000000002501a008002,79014,1,1,1
15,68,68,0x000012d0,57,0,0x00000000000000000000000000000000000000000000000000000000000000000000000000000000000001801001801b,79018,1,1,1
15,68,68,0x000012d0,58,0,0x00000000000000000000000000000000000000000000000000000000000000000000000000000000000001500d01500e,79022,1,1,1
15,68,68,0x000012d0,59,0,0x000000000000000000000000000000000000000000000000000000000000000000000000000000000000016ff800301a,79026,1,1,1
15,68,68,0x000012d0,60,0,0x000000000000000000000000000000000000000000000000000000000000000000000000000000000000010003018020,79030,1,1,1
15,68,68,0x000012d0,61,0,0x00000000000000000000000000000000000000000000000000000000000000000000000000000000000001200b015015,79034,1,1,1
15,68,68,0x000012d0,62,0,0x00000000000000000000000000000000000000000000000000000000000000000000000000000000000002d016015006,79038,1,1,1
15,68,68,0x000012d0,63,1,0x00000000000000000000000000000000000000000000000000000000000000000000000000000000000001300b00d016,79042,1,1,1
16,69,69,0x00001960,0,0,0x00000000000000000000000000000000000000000000000000000000000000000000000000000000000002000a01a013,80354,1,1,1
16,69,69,0x00001960,1,0,0x00000000000000000000000000000000000000000000000000000000000000000000000000000000000000e00d00800d,80358,1,1,1
16,69,69,0x00001960,2,0,0x000000000000000000000000000000000000000000000000000000000000000000000000000000000000ffb015018025,80362,1,1,1
16,69,69,0x00001960,3,0,0x00000000000000000000000000000000000000000000000000000000000000000000000000000000000001a015012003,80366,1,1,1
16,69,69,0x00001960,4,0,0x00000000000000000000000000000000000000000000000000000000000000000000000000000000000001b003ffb005,80370,1,1,1
16,69,69,0x00001960,5,0,0x00000000000000000000000000000000000000000000000000000000000000000000000000000000000001001d01d020,80374,1,1,1
16,69,69,0x00001960,6,0,0x00000000000000000000000000000000000000000000000000000000000000000000000000000000000000601d02b013,80378,1,1,1
16,69,69,0x00001960,7,0,0x00000000000000000000000000000000000000000000000000000000000000000000000000000000000001801000e008,80382,1,1,1
16,69,69,0x00001960,8,0,0x00000000000000000000000000000000000000000000000000000000000000000000000000000000000001602000d015,80386,1,1,1
16,69,69,0x00001960,9,0,0x00000000000000000000000000000000000000000000000000000000000000000000000000000000000001bffd00e013,80390,1,1,1
16,69,69,0x00001960,10,0,0x00000000000000000000000000000000000000000000000000000000000000000000000000000000000001d01a01300e,80394,1,1,1
16,69,69,0x00001960,11,0,0x00000000000000000000000000000000000000000000000000000000000000000000000000000000000000600300d020,80398,1,1,1
16,69,69,0x00001960,12,0,0x00000000000000000000000000000000000000000000000000000000000000000000000000000000000000201d022013,80402,1,1,1
16,69,69,0x00001960,13,0,0x00000000000000000000000000000000000000000000000000000000000000000000000000000000000000800aff6000,80406,1,1,1
16,69,69,0x00001960,14,0,0x00000000000000000000000000000000000000000000000000000000000000000000000000000000000001202601201e,80410,1,1,1
16,69,69,0x00001960,15,0,0x000000000000000000000000000000000000000000000000000000000000000000000000000000000000fe8fe804600d,80414,1,1,1
16,69,69,0x00001960,16,0,0x000000000000000000000000000000000000000000000000000000000000000000000000000000000000fdafda04a053,80418,1,1,1
16,69,69,0x00001960,17,0,0x000000000000000000000000000000000000000000000000000000000000000000000000000000000000fe6050058010,80422,1,1,1
16,69,69,0x00001960,18,0,0x00000000000000000000000000000000000000000000000000000000000000000000000000000000000004a00afb3fbb,80426,1,1,1
16,69,69,0x00001960,19,0,0x000000000000000000000000000000000000000000000000000000000000000000000000000000000000fdb022070086,80430,1,1,1
16,69,69,0x00001960,20,0,0x000000000000000000000000000000000000000000000000000000000000000000000000000000000000003fddfc6fc2,80434,1,1,1
16,69,69,0x00001960,21,0,0x00000000000000000000000000000000000000000000000000000000000000000000000000000000000005d06004502a,80438,1,1,1
16,69,69,0x00001960,22,0,0x000000000000000000000000000000000000000000000000000000000000000000000000000000000000fe6ff601001d,80442,1,1,1
16,69,69,0x00001960,23,0,0x00000000000000000000000000000000000000000000000000000000000000000000000000000000000001bff0fdefe3,80446,1,1,1
16,69,69,0x00001960,24,0,0x000000000000000000000000000000000000000000000000000000000000000000000000000000000000020025045030,80450,1,1,1
16,69,69,0x00001960,25,0,0x00000000000000000000000000000000000000000000000000000000000000000000000000000000000000e01001800e,80454,1,1,1
16,69,69,0x00001960,26,0,0x00000000000000000000000000000000000000000000000000000000000000000000000000000000000001600e00dffa,80458,1,1,1
16,69,69,0x00001960,27,0,0x000000000000000000000000000000000000000000000000000000000000000000000000000000000000025008003020,80462,1,1,1
16,69,69,0x00001960,28,0,0x000000000000000000000000000000000000000000000000000000000000000000000000000000000000ffb00001a02a,80466,1,1,1
16,69,69,0x00001960,29,0,0x00000000000000000000000000000000000000000000000000000000000000000000000000000000000001801b00a00e,80470,1,1,1
16,69,69,0x00001960,30,0,0x00000000000000000000000000000000000000000000000000000000000000000000000000000000000001200d01b00e,80474,1,1,1
16,69,69,0x00001960,31,0,0x00000000000000000000000000000000000000000000000000000000000000000000000000000000000001200e01b000,80478,1,1,1
16,69,69,0x00001960,32,0,0x00000000000000000000000000000000000000000000000000000000000000000000000000000000000000501000b01a,80482,1,1,1
16,69,69,0x00001960,33,0,0x00000000000000000000000000000000000000000000000000000000000000000000000000000000000001a025015013,80486,1,1,1
16,69,69,0x00001960,34,0,0x00000000000000000000000000000000000000000000000000000000000000000000000000000000000001501301e010,80490,1,1,1
16,69,69,0x00001960,35,0,0x00000000000000000000000000000000000000000000000000000000000000000000000000000000000001001000d018,80494,1,1,1
16,69,69,0x00001960,36,0,0x00000000000000000000000000000000000000000000000000000000000000000000000000000000000001201801dffe,80498,1,1,1
16,69,69,0x00001960,37,0,0x00000000000000000000000000000000000000000000000000000000000000000000000000000000000001d01b01200a,80502,1,1,1
16,69,69,0x00001960,38,0,0x00000000000000000000000000000000000000000000000000000000000000000000000000000000000000a01301e023,80506,1,1,1
16,69,69,0x00001960,39,0,0x000000000000000000000000000000000000000000000000000000000000000000000000000000000000012012008015,80510,1,1,1
16,69,69,0x00001960,40,0,0x00000000000000000000000000000000000000000000000000000000000000000000000000000000000001200e003002,80514,1,1,1
16,69,69,0x00001960,41,0,0x000000000000000000000000000000000000000000000000000000000000000000000000000000000000013018020023,80518,1,1,1
16,69,69,0x00001960,42,0,0x00000000000000000000000000000000000000000000000000000000000000000000000000000000000000e00b01d01b,80522,1,1,1
16,69,69,0x00001960,43,0,0x00000000000000000000000000000000000000000000000000000000000000000000000000000000000000eff3013010,80526,1,1,1
16,69,69,0x00001960,44,0,0x000000000000000000000000000000000000000000000000000000000000000000000000000000000000ffe00e025026,80530,1,1,1
16,69,69,0x00001960,45,0,0x000000000000000000000000000000000000000000000000000000000000000000000000000000000000003000ff600a,80534,1,1,1
16,69,69,0x00001960,46,0,0x00000000000000000000000000000000000000000000000000000000000000000000000000000000000000601b01a025,80538,1,1,1
16,69,69,0x00001960,47,0,0x00000000000000000000000000000000000000000000000000000000000000000000000000000000000001a01a020018,80542,1,1,1
16,69,69,0x00001960,48,0,0x000000000000000000000000000000000000000000000000000000000000000000000000000000000000002006003013,80546,1,1,1
16,69,69,0x00001960,49,0,0x00000000000000000000000000000000000000000000000000000000000000000000000000000000000000301301a00a,80550,1,1,1
16,69,69,0x00001960,50,0,0x00000000000000000000000000000000000000000000000000000000000000000000000000000000000000a01a01b005,80554,1,1,1
16,69,69,0x00001960,51,0,0x00000000000000000000000000000000000000000000000000000000000000000000000000000000000001201800d012,80558,1,1,1
16,69,69,0x00001960,52,0,0x000000000000000000000000000000000000000000000000000000000000000000000000000000000000016025015013,80562,1,1,1
16,69,69,0x00001960,53,0,0x000000000000000000000000000000000000000000000000000000000000000000000000000000000000ffa01801801a,80566,1,1,1
16,69,69,0x00001960,54,0,0x000000000000000000000000000000000000000000000000000000000000000000000000000000000000012025015016,80570,1,1,1
16,69,69,0x00001960,55,0,0x00000000000000000000000000000000000000000000000000000000000000000000000000000000000000200b010003,80574,1,1,1
16,69,69,0x00001960,56,0,0x00000000000000000000000000000000000000000000000000000000000000000000000000000000000001b02501a008,80578,1,1,1
16,69,69,0x00001960,57,0,0x00000000000000000000000000000000000000000000000000000000000000000000000000000000000000e018010018,80582,1,1,1
16,69,69,0x00001960,58,0,0x00000000000000000000000000000000000000000000000000000000000000000000000000000000000001a01500d015,80586,1,1,1
16,69,69,0x00001960,59,0,0x000000000000000000000000000000000000000000000000000000000000000000000000000000000000020016ff8003,80590,1,1,1
16,69,69,0x00001960,60,0,0x000000000000000000000000000000000000000000000000000000000000000000000000000000000000015010003018,80594,1,1,1
16,69,69,0x00001960,61,0,0x00000000000000000000000000000000000000000000000000000000000000000000000000000000000000601200b015,80598,1,1,1
16,69,69,0x00001960,62,0,0x00000000000000000000000000000000000000000000000000000000000000000000000000000000000001602d016015,80602,1,1,1
16,69,69,0x00001960,63,1,0x00000000000000000000000000000000000000000000000000000000000000000000000000000000000000d01300b00d,80606,1,1,1
17,70,70,0x00001bff,0,0,0x00000000000000000000000000000000000000000000000000000000000000000000000000000000000000d02000a01a,81918,1,1,1
17,70,70,0x00001bff,1,0,0x00000000000000000000000000000000000000000000000000000000000000000000000000000000000002500e00d008,81922,1,1,1
17,70,70,0x00001bff,2,0,0x000000000000000000000000000000000000000000000000000000000000000000000000000000000000003ffb015018,81926,1,1,1
17,70,70,0x00001bff,3,0,0x00000000000000000000000000000000000000000000000000000000000000000000000000000000000000501a015012,81930,1,1,1
17,70,70,0x00001bff,4,0,0x00000000000000000000000000000000000000000000000000000000000000000000000000000000000002001b003ffb,81934,1,1,1
17,70,70,0x00001bff,5,0,0x00000000000000000000000000000000000000000000000000000000000000000000000000000000000001301001d01d,81938,1,1,1
17,70,70,0x00001bff,6,0,0x00000000000000000000000000000000000000000000000000000000000000000000000000000000000000800601d02b,81942,1,1,1
17,70,70,0x00001bff,7,0,0x00000000000000000000000000000000000000000000000000000000000000000000000000000000000001501801000e,81946,1,1,1
17,70,70,0x00001bff,8,0,0x00000000000000000000000000000000000000000000000000000000000000000000000000000000000001301602000d,81950,1,1,1
17,70,70,0x00001bff,9,0,0x00000000000000000000000000000000000000000000000000000000000000000000000000000000000000e01bffd00e,81954,1,1,1
17,70,70,0x00001bff,10,0,0x00000000000000000000000000000000000000000000000000000000000000000000000000000000000002001d01a013,81958,1,1,1
17,70,70,0x00001bff,11,0,0x00000000000000000000000000000000000000000000000000000000000000000000000000000000000001300600300d,81962,1,1,1
17,70,70,0x00001bff,12,0,0x00000000000000000000000000000000000000000000000000000000000000000000000000000000000000000201d022,81966,1,1,1
17,70,70,0x00001bff,13,0,0x00000000000000000000000000000000000000000000000000000000000000000000000000000000000001e00800aff6,81970,1,1,1
17,70,70,0x00001bff,14,0,0x00000000000000000000000000000000000000000000000000000000000000000000000000000000000000d012026012,81974,1,1,1
17,70,70,0x00001bff,15,0,0x000000000000000000000000000000000000000000000000000000000000000000000000000000000000053fe8fe8046,81978,1,1,1
17,70,70,0x00001bff,16,0,0x000000000000000000000000000000000000000000000000000000000000000000000000000000000000010fdafda04a,81982,1,1,1
17,70,70,0x00001bff,17,0,0x000000000000000000000000000000000000000000000000000000000000000000000000000000000000fbbfe6050058,81986,1,1,1
17,70,70,0x00001bff,18,0,0x00000000000000000000000000000000000000000000000000000000000000000000000000000000000008604a00afb3,81990,1,1,1
17,70,70,0x00001bff,19,0,0x000000000000000000000000000000000000000000000000000000000000000000000000000000000000fc2fdb022070,81994,1,1,1
17,70,70,0x00001bff,20,0,0x00000000000000000000000000000000000000000000000000000000000000000000000000000000000002a003fddfc6,81998,1,1,1
17,70,70,0x00001bff,21,0,0x00000000000000000000000000000000000000000000000000000000000000000000000000000000000001d05d060045,82002,1,1,1
17,70,70,0x00001bff,22,0,0x000000000000000000000000000000000000000000000000000000000000000000000000000000000000fe3fe6ff6010,82006,1,1,1
17,70,70,0x00001bff,23,0,0x00000000000000000000000000000000000000000000000000000000000000000000000000000000000003001bff0fde,82010,1,1,1
17,70,70,0x00001bff,24,0,0x00000000000000000000000000000000000000000000000000000000000000000000000000000000000000e020025045,82014,1,1,1
17,70,70,0x00001bff,25,0,0x000000000000000000000000000000000000000000000000000000000000000000000000000000000000ffa00e010018,82018,1,1,1
17,70,70,0x00001bff,26,0,0x00000000000000000000000000000000000000000000000000000000000000000000000000000000000002001600e00d,82022,1,1,1
17,70,70,0x00001bff,27,0,0x00000000000000000000000000000000000000000000000000000000000000000000000000000000000002a025008003,82026,1,1,1
17,70,70,0x00001bff,28,0,0x00000000000000000000000000000000000000000000000000000000000000000000000000000000000000effb00001a,82030,1,1,1
17,70,70,0x00001bff,29,0,0x00000000000000000000000000000000000000000000000000000000000000000000000000000000000000e01801b00a,82034,1,1,1
17,70,70,0x00001bff,30,0,0x00000000000000000000000000000000000000000000000000000000000000000000000000000000000000001200d01b,82038,1,1,1
17,70,70,0x00001bff,31,0,0x00000000000000000000000000000000000000000000000000000000000000000000000000000000000001a01200e01b,82042,1,1,1
17,70,70,0x00001bff,32,0,0x00000000000000000000000000000000000000000000000000000000000000000000000000000000000001300501000b,82046,1,1,1
17,70,70,0x00001bff,33,0,0x00000000000000000000000000000000000000000000000000000000000000000000000000000000000001001a025015,82050,1,1,1
17,70,70,0x00001bff,34,0,0x00000000000000000000000000000000000000000000000000000000000000000000000000000000000001801501301e,82054,1,1,1
17,70,70,0x00001bff,35,0,0x000000000000000000000000000000000000000000000000000000000000000000000000000000000000ffe01001000d,82058,1,1,1
17,70,70,0x00001bff,36,0,0x00000000000000000000000000000000000000000000000000000000000000000000000000000000000000a01201801d,82062,1,1,1
17,70,70,0x00001bff,37,0,0x00000000000000000000000000000000000000000000000000000000000000000000000000000000000002301d01b012,82066,1,1,1
17,70,70,0x00001bff,38,0,0x00000000000000000000000000000000000000000000000000000000000000000000000000000000000001500a01301e,82070,1,1,1
17,70,70,0x00001bff,39,0,0x000000000000000000000000000000000000000000000000000000000000000000000000000000000000002012012008,82074,1,1,1
17,70,70,0x00001bff,40,0,0x00000000000000000000000000000000000000000000000000000000000000000000000000000000000002301200e003,82078,1,1,1
17,70,70,0x00001bff,41,0,0x00000000000000000000000000000000000000000000000000000000000000000000000000000000000001b013018020,82082,1,1,1
17,70,70,0x00001bff,42,0,0x00000000000000000000000000000000000000000000000000000000000000000000000000000000000001000e00b01d,82086,1,1,1
17,70,70,0x00001bff,43,0,0x00000000000000000000000000000000000000000000000000000000000000000000000000000000000002600eff3013,82090,1,1,1
17,70,70,0x00001bff,44,0,0x00000000000000000000000000000000000000000000000000000000000000000000000000000000000000affe00e025,82094,1,1,1
17,70,70,0x00001bff,45,0,0x000000000000000000000000000000000000000000000000000000000000000000000000000000000000025003000ff6,82098,1,1,1
17,70,70,0x00001bff,46,0,0x00000000000000000000000000000000000000000000000000000000000000000000000000000000000001800601b01a,82102,1,1,1
17,70,70,0x00001bff,47,0,0x00000000000000000000000000000000000000000000000000000000000000000000000000000000000001301a01a020,82106,1,1,1
17,70,70,0x00001bff,48,0,0x00000000000000000000000000000000000000000000000000000000000000000000000000000000000000a002006003,82110,1,1,1
17,70,70,0x00001bff,49,0,0x00000000000000000000000000000000000000000000000000000000000000000000000000000000000000500301301a,82114,1,1,1
17,70,70,0x00001bff,50,0,0x00000000000000000000000000000000000000000000000000000000000000000000000000000000000001200a01a01b,82118,1,1,1
17,70,70,0x00001bff,51,0,0x00000000000000000000000000000000000000000000000000000000000000000000000000000000000001301201800d,82122,1,1,1
17,70,70,0x00001bff,52,0,0x00000000000000000000000000000000000000000000000000000000000000000000000000000000000001a016025015,82126,1,1,1
17,70,70,0x00001bff,53,0,0x000000000000000000000000000000000000000000000000000000000000000000000000000000000000016ffa018018,82130,1,1,1
17,70,70,0x00001bff,54,0,0x000000000000000000000000000000000000000000000000000000000000000000000000000000000000003012025015,82134,1,1,1
17,70,70,0x00001bff,55,0,0x00000000000000000000000000000000000000000000000000000000000000000000000000000000000000800200b010,82138,1,1,1
17,70,70,0x00001bff,56,0,0x00000000000000000000000000000000000000000000000000000000000000000000000000000000000001801b02501a,82142,1,1,1
17,70,70,0x00001bff,57,0,0x00000000000000000000000000000000000000000000000000000000000000000000000000000000000001500e018010,82146,1,1,1
17,70,70,0x00001bff,58,0,0x00000000000000000000000000000000000000000000000000000000000000000000000000000000000000301a01500d,82150,1,1,1
17,70,70,0x00001bff,59,0,0x000000000000000000000000000000000000000000000000000000000000000000000000000000000000018020016ff8,82154,1,1,1
17,70,70,0x00001bff,60,0,0x000000000000000000000000000000000000000000000000000000000000000000000000000000000000015015010003,82158,1,1,1
17,70,70,0x00001bff,61,0,0x00000000000000000000000000000000000000000000000000000000000000000000000000000000000001500601200b,82162,1,1,1
17,70,70,0x00001bff,62,0,0x00000000000000000000000000000000000000000000000000000000000000000000000000000000000000d01602d016,82166,1,1,1
17,70,70,0x00001bff,63,1,0x00000000000000000000000000000000000000000000000000000000000000000000000000000000000001500d01300b,82170,1,1,1
18,71,71,0x00001c99,0,0,0x00000000000000000000000000000000000000000000000000000000000000000000000000000000000000800d02000a,83482,1,1,1
18,71,71,0x00001c99,1,0,0x00000000000000000000000000000000000000000000000000000000000000000000000000000000000001802500e00d,83486,1,1,1
18,71,71,0x00001c99,2,0,0x000000000000000000000000000000000000000000000000000000000000000000000000000000000000012003ffb015,83490,1,1,1
18,71,71,0x00001c99,3,0,0x000000000000000000000000000000000000000000000000000000000000000000000000000000000000ffb00501a015,83494,1,1,1
18,71,71,0x00001c99,4,0,0x00000000000000000000000000000000000000000000000000000000000000000000000000000000000001d02001b003,83498,1,1,1
18,71,71,0x00001c99,5,0,0x00000000000000000000000000000000000000000000000000000000000000000000000000000000000002b01301001d,83502,1,1,1
18,71,71,0x00001c99,6,0,0x00000000000000000000000000000000000000000000000000000000000000000000000000000000000000e00800601d,83506,1,1,1
18,71,71,0x00001c99,7,0,0x00000000000000000000000000000000000000000000000000000000000000000000000000000000000000d015018010,83510,1,1,1
18,71,71,0x00001c99,8,0,0x00000000000000000000000000000000000000000000000000000000000000000000000000000000000000e013016020,83514,1,1,1
18,71,71,0x00001c99,9,0,0x00000000000000000000000000000000000000000000000000000000000000000000000000000000000001300e01bffd,83518,1,1,1
18,71,71,0x00001c99,10,0,0x00000000000000000000000000000000000000000000000000000000000000000000000000000000000000d02001d01a,83522,1,1,1
18,71,71,0x00001c99,11,0,0x000000000000000000000000000000000000000000000000000000000000000000000000000000000000022013006003,83526,1,1,1
18,71,71,0x00001c99,12,0,0x000000000000000000000000000000000000000000000000000000000000000000000000000000000000ff600000201d,83530,1,1,1
18,71,71,0x00001c99,13,0,0x00000000000000000000000000000000000000000000000000000000000000000000000000000000000001201e00800a,83534,1,1,1
18,71,71,0x00001c99,14,0,0x00000000000000000000000000000000000000000000000000000000000000000000000000000000000004600d012026,83538,1,1,1
18,71,71,0x00001c99,15,0,0x00000000000000000000000000000000000000000000000000000000000000000000000000000000000004a053fe8fe8,83542,1,1,1
18,71,71,0x00001c99,16,0,0x000000000000000000000000000000000000000000000000000000000000000000000000000000000000058010fdafda,83546,1,1,1
18,71,71,0x00001c99,17,0,0x000000000000000000000000000000000000000000000000000000000000000000000000000000000000fb3fbbfe6050,83550,1,1,1
18,71,71,0x00001c99,18,0,0x00000000000000000000000000000000000000000000000000000000000000000000000000000000000007008604a00a,83554,1,1,1
18,71,71,0x00001c99,19,0,0x000000000000000000000000000000000000000000000000000000000000000000000000000000000000fc6fc2fdb022,83558,1,1,1
18,71,71,0x00001c99,20,0,0x00000000000000000000000000000000000000000000000000000000000000000000000000000000000004502a003fdd,83562,1,1,1
18,71,71,0x00001c99,21,0,0x00000000000000000000000000000000000000000000000000000000000000000000000000000000000001001d05d060,83566,1,1,1
18,71,71,0x00001c99,22,0,0x000000000000000000000000000000000000000000000000000000000000000000000000000000000000fdefe3fe6ff6,83570,1,1,1
18,71,71,0x00001c99,23,0,0x00000000000000000000000000000000000000000000000000000000000000000000000000000000000004503001bff0,83574,1,1,1
18,71,71,0x00001c99,24,0,0x00000000000000000000000000000000000000000000000000000000000000000000000000000000000001800e020025,83578,1,1,1
18,71,71,0x00001c99,25,0,0x00000000000000000000000000000000000000000000000000000000000000000000000000000000000000dffa00e010,83582,1,1,1
18,71,71,0x00001c99,26,0,0x00000000000000000000000000000000000000000000000000000000000000000000000000000000000000302001600e,83586,1,1,1
18,71,71,0x00001c99,27,0,0x00000000000000000000000000000000000000000000000000000000000000000000000000000000000001a02a025008,83590,1,1,1
18,71,71,0x00001c99,28,0,0x00000000000000000000000000000000000000000000000000000000000000000000000000000000000000a00effb000,83594,1,1,1
18,71,71,0x00001c99,29,0,0x00000000000000000000000000000000000000000000000000000000000000000000000000000000000001b00e01801b,83598,1,1,1
18,71,71,0x00001c99,30,0,0x00000000000000000000000000000000000000000000000000000000000000000000000000000000000001b00001200d,83602,1,1,1
18,71,71,0x00001c99,31,0,0x00000000000000000000000000000000000000000000000000000000000000000000000000000000000000b01a01200e,83606,1,1,1
18,71,71,0x00001c99,32,0,0x000000000000000000000000000000000000000000000000000000000000000000000000000000000000015013005010,83610,1,1,1
18,71,71,0x00001c99,33,0,0x00000000000000000000000000000000000000000000000000000000000000000000000000000000000001e01001a025,83614,1,1,1
18,71,71,0x00001c99,34,0,0x00000000000000000000000000000000000000000000000000000000000000000000000000000000000000d018015013,83618,1,1,1
18,71,71,0x00001c99,35,0,0x00000000000000000000000000000000000000000000000000000000000000000000000000000000000001dffe010010,83622,1,1,1
18,71,71,0x00001c99,36,0,0x00000000000000000000000000000000000000000000000000000000000000000000000000000000000001200a012018,83626,1,1,1
18,71,71,0x00001c99,37,0,0x00000000000000000000000000000000000000000000000000000000000000000000000000000000000001e02301d01b,83630,1,1,1
18,71,71,0x00001c99,38,0,0x00000000000000000000000000000000000000000000000000000000000000000000000000000000000000801500a013,83634,1,1,1
18,71,71,0x00001c99,39,0,0x000000000000000000000000000000000000000000000000000000000000000000000000000000000000003002012012,83638,1,1,1
18,71,71,0x00001c99,40,0,0x00000000000000000000000000000000000000000000000000000000000000000000000000000000000002002301200e,83642,1,1,1
18,71,71,0x00001c99,41,0,0x00000000000000000000000000000000000000000000000000000000000000000000000000000000000001d01b013018,83646,1,1,1
18,71,71,0x00001c99,42,0,0x00000000000000000000000000000000000000000000000000000000000000000000000000000000000001301000e00b,83650,1,1,1
18,71,71,0x00001c99,43,0,0x00000000000000000000000000000000000000000000000000000000000000000000000000000000000002502600eff3,83654,1,1,1
18,71,71,0x00001c99,44,0,0x000000000000000000000000000000000000000000000000000000000000000000000000000000000000ff600affe00e,83658,1,1,1
18,71,71,0x00001c99,45,0,0x00000000000000000000000000000000000000000000000000000000000000000000000000000000000001a025003000,83662,1,1,1
18,71,71,0x00001c99,46,0,0x00000000000000000000000000000000000000000000000000000000000000000000000000000000000002001800601b,83666,1,1,1
18,71,71,0x00001c99,47,0,0x00000000000000000000000000000000000000000000000000000000000000000000000000000000000000301301a01a,83670,1,1,1
18,71,71,0x00001c99,48,0,0x00000000000000000000000000000000000000000000000000000000000000000000000000000000000001a00a002006,83674,1,1,1
18,71,71,0x00001c99,49,0,0x00000000000000000000000000000000000000000000000000000000000000000000000000000000000001b005003013,83678,1,1,1
18,71,71,0x00001c99,50,0,0x00000000000000000000000000000000000000000000000000000000000000000000000000000000000000d01200a01a,83682,1,1,1
18,71,71,0x00001c99,51,0,0x000000000000000000000000000000000000000000000000000000000000000000000000000000000000015013012018,83686,1,1,1
18,71,71,0x00001c99,52,0,0x00000000000000000000000000000000000000000000000000000000000000000000000000000000000001801a016025,83690,1,1,1
18,71,71,0x00001c99,53,0,0x000000000000000000000000000000000000000000000000000000000000000000000000000000000000015016ffa018,83694,1,1,1
18,71,71,0x00001c99,54,0,0x000000000000000000000000000000000000000000000000000000000000000000000000000000000000010003012025,83698,1,1,1
18,71,71,0x00001c99,55,0,0x00000000000000000000000000000000000000000000000000000000000000000000000000000000000001a00800200b,83702,1,1,1
18,71,71,0x00001c99,56,0,0x00000000000000000000000000000000000000000000000000000000000000000000000000000000000001001801b025,83706,1,1,1
18,71,71,0x00001c99,57,0,0x00000000000000000000000000000000000000000000000000000000000000000000000000000000000000d01500e018,83710,1,1,1
18,71,71,0x00001c99,58,0,0x000000000000000000000000000000000000000000000000000000000000000000000000000000000000ff800301a015,83714,1,1,1
18,71,71,0x00001c99,59,0,0x000000000000000000000000000000000000000000000000000000000000000000000000000000000000003018020016,83718,1,1,1
18,71,71,0x00001c99,60,0,0x00000000000000000000000000000000000000000000000000000000000000000000000000000000000000b015015010,83722,1,1,1
18,71,71,0x00001c99,61,0,0x000000000000000000000000000000000000000000000000000000000000000000000000000000000000016015006012,83726,1,1,1
18,71,71,0x00001c99,62,0,0x00000000000000000000000000000000000000000000000000000000000000000000000000000000000000b00d01602d,83730,1,1,1
18,71,71,0x00001c99,63,1,0x00000000000000000000000000000000000000000000000000000000000000000000000000000000000000501500d013,83734,1,1,1
19,72,72,0x00002219,0,0,0x00000000000000000000000000000000000000000000000000000000000000000000000000000000000000d00800d020,85050,1,1,1
19,72,72,0x00002219,1,0,0x00000000000000000000000000000000000000000000000000000000000000000000000000000000000001501802500e,85054,1,1,1
19,72,72,0x00002219,2,0,0x000000000000000000000000000000000000000000000000000000000000000000000000000000000000015012003ffb,85058,1,1,1
19,72,72,0x00002219,3,0,0x000000000000000000000000000000000000000000000000000000000000000000000000000000000000003ffb00501a,85062,1,1,1
19,72,72,0x00002219,4,0,0x00000000000000000000000000000000000000000000000000000000000000000000000000000000000001d01d02001b,85066,1,1,1
19,72,72,0x00002219,5,0,0x00000000000000000000000000000000000000000000000000000000000000000000000000000000000001d02b013010,85070,1,1,1
19,72,72,0x00002219,6,0,0x00000000000000000000000000000000000000000000000000000000000000000000000000000000000001000e008006,85074,1,1,1
19,72,72,0x00002219,7,0,0x00000000000000000000000000000000000000000000000000000000000000000000000000000000000002000d015018,85078,1,1,1
19,72,72,0x00002219,8,0,0x000000000000000000000000000000000000000000000000000000000000000000000000000000000000ffd00e013016,85082,1,1,1
19,72,72,0x00002219,9,0,0x00000000000000000000000000000000000000000000000000000000000000000000000000000000000001a01300e01b,85086,1,1,1
19,72,72,0x00002219,10,0,0x00000000000000000000000000000000000000000000000000000000000000000000000000000000000000300d02001d,85090,1,1,1
19,72,72,0x00002219,11,0,0x00000000000000000000000000000000000000000000000000000000000000000000000000000000000001d022013006,85094,1,1,1
19,72,72,0x00002219,12,0,0x00000000000000000000000000000000000000000000000000000000000000000000000000000000000000aff6000002,85098,1,1,1
19,72,72,0x00002219,13,0,0x00000000000000000000000000000000000000000000000000000000000000000000000000000000000002601201e008,85102,1,1,1
19,72,72,0x00002219,14,0,0x000000000000000000000000000000000000000000000000000000000000000000000000000000000000fe804600d012,85106,1,1,1
19,72,72,0x00002219,15,0,0x000000000000000000000000000000000000000000000000000000000000000000000000000000000000fda04a053fe8,85110,1,1,1
19,72,72,0x00002219,16,0,0x000000000000000000000000000000000000000000000000000000000000000000000000000000000000050058010fda,85114,1,1,1
19,72,72,0x00002219,17,0,0x00000000000000000000000000000000000000000000000000000000000000000000000000000000000000afb3fbbfe6,85118,1,1,1
19,72,72,0x00002219,18,0,0x00000000000000000000000000000000000000000000000000000000000000000000000000000000000002207008604a,85122,1,1,1
19,72,72,0x00002219,19,0,0x000000000000000000000000000000000000000000000000000000000000000000000000000000000000fddfc6fc2fdb,85126,1,1,1
19,72,72,0x00002219,20,0,0x00000000000000000000000000000000000000000000000000000000000000000000000000000000000006004502a003,85130,1,1,1
19,72,72,0x00002219,21,0,0x000000000000000000000000000000000000000000000000000000000000000000000000000000000000ff601001d05d,85134,1,1,1
19,72,72,0x00002219,22,0,0x000000000000000000000000000000000000000000000000000000000000000000000000000000000000ff0fdefe3fe6,85138,1,1,1
19,72,72,0x00002219,23,0,0x00000000000000000000000000000000000000000000000000000000000000000000000000000000000002504503001b,85142,1,1,1
19,72,72,0x00002219,24,0,0x00000000000000000000000000000000000000000000000000000000000000000000000000000000000001001800e020,85146,1,1,1
19,72,72,0x00002219,25,0,0x00000000000000000000000000000000000000000000000000000000000000000000000000000000000000e00dffa00e,85150,1,1,1
19,72,72,0x00002219,26,0,0x000000000000000000000000000000000000000000000000000000000000000000000000000000000000008003020016,85154,1,1,1
19,72,72,0x00002219,27,0,0x00000000000000000000000000000000000000000000000000000000000000000000000000000000000000001a02a025,85158,1,1,1
19,72,72,0x00002219,28,0,0x00000000000000000000000000000000000000000000000000000000000000000000000000000000000001b00a00effb,85162,1,1,1
19,72,72,0x00002219,29,0,0x00000000000000000000000000000000000000000000000000000000000000000000000000000000000000d01b00e018,85166,1,1,1
19,72,72,0x00002219,30,0,0x00000000000000000000000000000000000000000000000000000000000000000000000000000000000000e01b000012,85170,1,1,1
19,72,72,0x00002219,31,0,0x00000000000000000000000000000000000000000000000000000000000000000000000000000000000001000b01a012,85174,1,1,1
19,72,72,0x00002219,32,0,0x000000000000000000000000000000000000000000000000000000000000000000000000000000000000025015013005,85178,1,1,1
19,72,72,0x00002219,33,0,0x00000000000000000000000000000000000000000000000000000000000000000000000000000000000001301e01001a,85182,1,1,1
19,72,72,0x00002219,34,0,0x00000000000000000000000000000000000000000000000000000000000000000000000000000000000001000d018015,85186,1,1,1
19,72,72,0x00002219,35,0,0x00000000000000000000000000000000000000000000000000000000000000000000000000000000000001801dffe010,85190,1,1,1
19,72,72,0x00002219,36,0,0x00000000000000000000000000000000000000000000000000000000000000000000000000000000000001b01200a012,85194,1,1,1
19,72,72,0x00002219,37,0,0x00000000000000000000000000000000000000000000000000000000000000000000000000000000000001301e02301d,85198,1,1,1
19,72,72,0x00002219,38,0,0x00000000000000000000000000000000000000000000000000000000000000000000000000000000000001200801500a,85202,1,1,1
19,72,72,0x00002219,39,0,0x00000000000000000000000000000000000000000000000000000000000000000000000000000000000000e003002012,85206,1,1,1
19,72,72,0x00002219,40,0,0x000000000000000000000000000000000000000000000000000000000000000000000000000000000000018020023012,85210,1,1,1
19,72,72,0x00002219,41,0,0x00000000000000000000000000000000000000000000000000000000000000000000000000000000000000b01d01b013,85214,1,1,1
19,72,72,0x00002219,42,0,0x000000000000000000000000000000000000000000000000000000000000000000000000000000000000ff301301000e,85218,1,1,1
19,72,72,0x00002219,43,0,0x00000000000000000000000000000000000000000000000000000000000000000000000000000000000000e02502600e,85222,1,1,1
19,72,72,0x00002219,44,0,0x000000000000000000000000000000000000000000000000000000000000000000000000000000000000000ff600affe,85226,1,1,1
19,72,72,0x00002219,45,0,0x00000000000000000000000000000000000000000000000000000000000000000000000000000000000001b01a025003,85230,1,1,1
19,72,72,0x00002219,46,0,0x00000000000000000000000000000000000000000000000000000000000000000000000000000000000001a020018006,85234,1,1,1
19,72,72,0x00002219,47,0,0x00000000000000000000000000000000000000000000000000000000000000000000000000000000000000600301301a,85238,1,1,1
19,72,72,0x00002219,48,0,0x00000000000000000000000000000000000000000000000000000000000000000000000000000000000001301a00a002,85242,1,1,1
19,72,72,0x00002219,49,0,0x00000000000000000000000000000000000000000000000000000000000000000000000000000000000001a01b005003,85246,1,1,1
19,72,72,0x00002219,50,0,0x00000000000000000000000000000000000000000000000000000000000000000000000000000000000001800d01200a,85250,1,1,1
19,72,72,0x00002219,51,0,0x000000000000000000000000000000000000000000000000000000000000000000000000000000000000025015013012,85254,1,1,1
19,72,72,0x00002219,52,0,0x00000000000000000000000000000000000000000000000000000000000000000000000000000000000001801801a016,85258,1,1,1
19,72,72,0x00002219,53,0,0x000000000000000000000000000000000000000000000000000000000000000000000000000000000000025015016ffa,85262,1,1,1
19,72,72,0x00002219,54,0,0x00000000000000000000000000000000000000000000000000000000000000000000000000000000000000b010003012,85266,1,1,1
19,72,72,0x00002219,55,0,0x00000000000000000000000000000000000000000000000000000000000000000000000000000000000002501a008002,85270,1,1,1
19,72,72,0x00002219,56,0,0x00000000000000000000000000000000000000000000000000000000000000000000000000000000000001801001801b,85274,1,1,1
19,72,72,0x00002219,57,0,0x00000000000000000000000000000000000000000000000000000000000000000000000000000000000001500d01500e,85278,1,1,1
19,72,72,0x00002219,58,0,0x000000000000000000000000000000000000000000000000000000000000000000000000000000000000016ff800301a,85282,1,1,1
19,72,72,0x00002219,59,0,0x000000000000000000000000000000000000000000000000000000000000000000000000000000000000010003018020,85286,1,1,1
19,72,72,0x00002219,60,0,0x00000000000000000000000000000000000000000000000000000000000000000000000000000000000001200b015015,85290,1,1,1
19,72,72,0x00002219,61,0,0x00000000000000000000000000000000000000000000000000000000000000000000000000000000000002d016015006,85294,1,1,1
19,72,72,0x00002219,62,0,0x00000000000000000000000000000000000000000000000000000000000000000000000000000000000001300b00d016,85298,1,1,1
19,72,72,0x00002219,63,1,0x00000000000000000000000000000000000000000000000000000000000000000000000000000000000001200501500d,85302,1,1,1
20,73,73,0x000021fe,0,0,0x00000000000000000000000000000000000000000000000000000000000000000000000000000000000000e00d00800d,86614,1,1,1
20,73,73,0x000021fe,1,0,0x000000000000000000000000000000000000000000000000000000000000000000000000000000000000ffb015018025,86618,1,1,1
20,73,73,0x000021fe,2,0,0x00000000000000000000000000000000000000000000000000000000000000000000000000000000000001a015012003,86622,1,1,1
20,73,73,0x000021fe,3,0,0x00000000000000000000000000000000000000000000000000000000000000000000000000000000000001b003ffb005,86626,1,1,1
20,73,73,0x000021fe,4,0,0x00000000000000000000000000000000000000000000000000000000000000000000000000000000000001001d01d020,86630,1,1,1
20,73,73,0x000021fe,5,0,0x00000000000000000000000000000000000000000000000000000000000000000000000000000000000000601d02b013,86634,1,1,1
20,73,73,0x000021fe,6,0,0x00000000000000000000000000000000000000000000000000000000000000000000000000000000000001801000e008,86638,1,1,1
20,73,73,0x000021fe,7,0,0x00000000000000000000000000000000000000000000000000000000000000000000000000000000000001602000d015,86642,1,1,1
20,73,73,0x000021fe,8,0,0x00000000000000000000000000000000000000000000000000000000000000000000000000000000000001bffd00e013,86646,1,1,1
20,73,73,0x000021fe,9,0,0x00000000000000000000000000000000000000000000000000000000000000000000000000000000000001d01a01300e,86650,1,1,1
20,73,73,0x000021fe,10,0,0x00000000000000000000000000000000000000000000000000000000000000000000000000000000000000600300d020,86654,1,1,1
20,73,73,0x000021fe,11,0,0x00000000000000000000000000000000000000000000000000000000000000000000000000000000000000201d022013,86658,1,1,1
20,73,73,0x000021fe,12,0,0x00000000000000000000000000000000000000000000000000000000000000000000000000000000000000800aff6000,86662,1,1,1
20,73,73,0x000021fe,13,0,0x00000000000000000000000000000000000000000000000000000000000000000000000000000000000001202601201e,86666,1,1,1
20,73,73,0x000021fe,14,0,0x000000000000000000000000000000000000000000000000000000000000000000000000000000000000fe8fe804600d,86670,1,1,1
20,73,73,0x000021fe,15,0,0x000000000000000000000000000000000000000000000000000000000000000000000000000000000000fdafda04a053,86674,1,1,1
20,73,73,0x000021fe,16,0,0x000000000000000000000000000000000000000000000000000000000000000000000000000000000000fe6050058010,86678,1,1,1
20,73,73,0x000021fe,17,0,0x00000000000000000000000000000000000000000000000000000000000000000000000000000000000004a00afb3fbb,86682,1,1,1
20,73,73,0x000021fe,18,0,0x000000000000000000000000000000000000000000000000000000000000000000000000000000000000fdb022070086,86686,1,1,1
20,73,73,0x000021fe,19,0,0x000000000000000000000000000000000000000000000000000000000000000000000000000000000000003fddfc6fc2,86690,1,1,1
20,73,73,0x000021fe,20,0,0x00000000000000000000000000000000000000000000000000000000000000000000000000000000000005d06004502a,86694,1,1,1
20,73,73,0x000021fe,21,0,0x000000000000000000000000000000000000000000000000000000000000000000000000000000000000fe6ff601001d,86698,1,1,1
20,73,73,0x000021fe,22,0,0x00000000000000000000000000000000000000000000000000000000000000000000000000000000000001bff0fdefe3,86702,1,1,1
20,73,73,0x000021fe,23,0,0x000000000000000000000000000000000000000000000000000000000000000000000000000000000000020025045030,86706,1,1,1
20,73,73,0x000021fe,24,0,0x00000000000000000000000000000000000000000000000000000000000000000000000000000000000000e01001800e,86710,1,1,1
20,73,73,0x000021fe,25,0,0x00000000000000000000000000000000000000000000000000000000000000000000000000000000000001600e00dffa,86714,1,1,1
20,73,73,0x000021fe,26,0,0x000000000000000000000000000000000000000000000000000000000000000000000000000000000000025008003020,86718,1,1,1
20,73,73,0x000021fe,27,0,0x000000000000000000000000000000000000000000000000000000000000000000000000000000000000ffb00001a02a,86722,1,1,1
20,73,73,0x000021fe,28,0,0x00000000000000000000000000000000000000000000000000000000000000000000000000000000000001801b00a00e,86726,1,1,1
20,73,73,0x000021fe,29,0,0x00000000000000000000000000000000000000000000000000000000000000000000000000000000000001200d01b00e,86730,1,1,1
20,73,73,0x000021fe,30,0,0x00000000000000000000000000000000000000000000000000000000000000000000000000000000000001200e01b000,86734,1,1,1
20,73,73,0x000021fe,31,0,0x00000000000000000000000000000000000000000000000000000000000000000000000000000000000000501000b01a,86738,1,1,1
20,73,73,0x000021fe,32,0,0x00000000000000000000000000000000000000000000000000000000000000000000000000000000000001a025015013,86742,1,1,1
20,73,73,0x000021fe,33,0,0x00000000000000000000000000000000000000000000000000000000000000000000000000000000000001501301e010,86746,1,1,1
20,73,73,0x000021fe,34,0,0x00000000000000000000000000000000000000000000000000000000000000000000000000000000000001001000d018,86750,1,1,1
20,73,73,0x000021fe,35,0,0x00000000000000000000000000000000000000000000000000000000000000000000000000000000000001201801dffe,86754,1,1,1
20,73,73,0x000021fe,36,0,0x00000000000000000000000000000000000000000000000000000000000000000000000000000000000001d01b01200a,86758,1,1,1
20,73,73,0x000021fe,37,0,0x00000000000000000000000000000000000000000000000000000000000000000000000000000000000000a01301e023,86762,1,1,1
20,73,73,0x000021fe,38,0,0x000000000000000000000000000000000000000000000000000000000000000000000000000000000000012012008015,86766,1,1,1
20,73,73,0x000021fe,39,0,0x00000000000000000000000000000000000000000000000000000000000000000000000000000000000001200e003002,86770,1,1,1
20,73,73,0x000021fe,40,0,0x000000000000000000000000000000000000000000000000000000000000000000000000000000000000013018020023,86774,1,1,1
20,73,73,0x000021fe,41,0,0x00000000000000000000000000000000000000000000000000000000000000000000000000000000000000e00b01d01b,86778,1,1,1
20,73,73,0x000021fe,42,0,0x00000000000000000000000000000000000000000000000000000000000000000000000000000000000000eff3013010,86782,1,1,1
20,73,73,0x000021fe,43,0,0x000000000000000000000000000000000000000000000000000000000000000000000000000000000000ffe00e025026,86786,1,1,1
20,73,73,0x000021fe,44,0,0x000000000000000000000000000000000000000000000000000000000000000000000000000000000000003000ff600a,86790,1,1,1
20,73,73,0x000021fe,45,0,0x00000000000000000000000000000000000000000000000000000000000000000000000000000000000000601b01a025,86794,1,1,1
20,73,73,0x000021fe,46,0,0x00000000000000000000000000000000000000000000000000000000000000000000000000000000000001a01a020018,86798,1,1,1
20,73,73,0x000021fe,47,0,0x000000000000000000000000000000000000000000000000000000000000000000000000000000000000002006003013,86802,1,1,1
20,73,73,0x000021fe,48,0,0x00000000000000000000000000000000000000000000000000000000000000000000000000000000000000301301a00a,86806,1,1,1
20,73,73,0x000021fe,49,0,0x00000000000000000000000000000000000000000000000000000000000000000000000000000000000000a01a01b005,86810,1,1,1
20,73,73,0x000021fe,50,0,0x00000000000000000000000000000000000000000000000000000000000000000000000000000000000001201800d012,86814,1,1,1
20,73,73,0x000021fe,51,0,0x000000000000000000000000000000000000000000000000000000000000000000000000000000000000016025015013,86818,1,1,1
20,73,73,0x000021fe,52,0,0x000000000000000000000000000000000000000000000000000000000000000000000000000000000000ffa01801801a,86822,1,1,1
20,73,73,0x000021fe,53,0,0x000000000000000000000000000000000000000000000000000000000000000000000000000000000000012025015016,86826,1,1,1
20,73,73,0x000021fe,54,0,0x00000000000000000000000000000000000000000000000000000000000000000000000000000000000000200b010003,86830,1,1,1
20,73,73,0x000021fe,55,0,0x00000000000000000000000000000000000000000000000000000000000000000000000000000000000001b02501a008,86834,1,1,1
20,73,73,0x000021fe,56,0,0x00000000000000000000000000000000000000000000000000000000000000000000000000000000000000e018010018,86838,1,1,1
20,73,73,0x000021fe,57,0,0x00000000000000000000000000000000000000000000000000000000000000000000000000000000000001a01500d015,86842,1,1,1
20,73,73,0x000021fe,58,0,0x000000000000000000000000000000000000000000000000000000000000000000000000000000000000020016ff8003,86846,1,1,1
20,73,73,0x000021fe,59,0,0x000000000000000000000000000000000000000000000000000000000000000000000000000000000000015010003018,86850,1,1,1
20,73,73,0x000021fe,60,0,0x00000000000000000000000000000000000000000000000000000000000000000000000000000000000000601200b015,86854,1,1,1
20,73,73,0x000021fe,61,0,0x00000000000000000000000000000000000000000000000000000000000000000000000000000000000001602d016015,86858,1,1,1
20,73,73,0x000021fe,62,0,0x00000000000000000000000000000000000000000000000000000000000000000000000000000000000000d01300b00d,86862,1,1,1
20,73,73,0x000021fe,63,1,0x00000000000000000000000000000000000000000000000000000000000000000000000000000000000000e012005015,86866,1,1,1
21,74,74,0x0000191f,0,0,0x00000000000000000000000000000000000000000000000000000000000000000000000000000000000002500e00d008,88178,1,1,1
21,74,74,0x0000191f,1,0,0x000000000000000000000000000000000000000000000000000000000000000000000000000000000000003ffb015018,88182,1,1,1
21,74,74,0x0000191f,2,0,0x00000000000000000000000000000000000000000000000000000000000000000000000000000000000000501a015012,88186,1,1,1
21,74,74,0x0000191f,3,0,0x00000000000000000000000000000000000000000000000000000000000000000000000000000000000002001b003ffb,88190,1,1,1
21,74,74,0x0000191f,4,0,0x00000000000000000000000000000000000000000000000000000000000000000000000000000000000001301001d01d,88194,1,1,1
21,74,74,0x0000191f,5,0,0x00000000000000000000000000000000000000000000000000000000000000000000000000000000000000800601d02b,88198,1,1,1
21,74,74,0x0000191f,6,0,0x00000000000000000000000000000000000000000000000000000000000000000000000000000000000001501801000e,88202,1,1,1
21,74,74,0x0000191f,7,0,0x00000000000000000000000000000000000000000000000000000000000000000000000000000000000001301602000d,88206,1,1,1
21,74,74,0x0000191f,8,0,0x00000000000000000000000000000000000000000000000000000000000000000000000000000000000000e01bffd00e,88210,1,1,1
21,74,74,0x0000191f,9,0,0x00000000000000000000000000000000000000000000000000000000000000000000000000000000000002001d01a013,88214,1,1,1
21,74,74,0x0000191f,10,0,0x00000000000000000000000000000000000000000000000000000000000000000000000000000000000001300600300d,88218,1,1,1
21,74,74,0x0000191f,11,0,0x00000000000000000000000000000000000000000000000000000000000000000000000000000000000000000201d022,88222,1,1,1
21,74,74,0x0000191f,12,0,0x00000000000000000000000000000000000000000000000000000000000000000000000000000000000001e00800aff6,88226,1,1,1
21,74,74,0x0000191f,13,0,0x00000000000000000000000000000000000000000000000000000000000000000000000000000000000000d012026012,88230,1,1,1
21,74,74,0x0000191f,14,0,0x000000000000000000000000000000000000000000000000000000000000000000000000000000000000053fe8fe8046,88234,1,1,1
21,74,74,0x0000191f,15,0,0x000000000000000000000000000000000000000000000000000000000000000000000000000000000000010fdafda04a,88238,1,1,1
21,74,74,0x0000191f,16,0,0x000000000000000000000000000000000000000000000000000000000000000000000000000000000000fbbfe6050058,88242,1,1,1
21,74,74,0x0000191f,17,0,0x00000000000000000000000000000000000000000000000000000000000000000000000000000000000008604a00afb3,88246,1,1,1
21,74,74,0x0000191f,18,0,0x000000000000000000000000000000000000000000000000000000000000000000000000000000000000fc2fdb022070,88250,1,1,1
21,74,74,0x0000191f,19,0,0x00000000000000000000000000000000000000000000000000000000000000000000000000000000000002a003fddfc6,88254,1,1,1
21,74,74,0x0000191f,20,0,0x00000000000000000000000000000000000000000000000000000000000000000000000000000000000001d05d060045,88258,1,1,1
21,74,74,0x0000191f,21,0,0x000000000000000000000000000000000000000000000000000000000000000000000000000000000000fe3fe6ff6010,88262,1,1,1
21,74,74,0x0000191f,22,0,0x00000000000000000000000000000000000000000000000000000000000000000000000000000000000003001bff0fde,88266,1,1,1
21,74,74,0x0000191f,23,0,0x00000000000000000000000000000000000000000000000000000000000000000000000000000000000000e020025045,88270,1,1,1
21,74,74,0x0000191f,24,0,0x000000000000000000000000000000000000000000000000000000000000000000000000000000000000ffa00e010018,88274,1,1,1
21,74,74,0x0000191f,25,0,0x00000000000000000000000000000000000000000000000000000000000000000000000000000000000002001600e00d,88278,1,1,1
21,74,74,0x0000191f,26,0,0x00000000000000000000000000000000000000000000000000000000000000000000000000000000000002a025008003,88282,1,1,1
21,74,74,0x0000191f,27,0,0x00000000000000000000000000000000000000000000000000000000000000000000000000000000000000effb00001a,88286,1,1,1
21,74,74,0x0000191f,28,0,0x00000000000000000000000000000000000000000000000000000000000000000000000000000000000000e01801b00a,88290,1,1,1
21,74,74,0x0000191f,29,0,0x00000000000000000000000000000000000000000000000000000000000000000000000000000000000000001200d01b,88294,1,1,1
21,74,74,0x0000191f,30,0,0x00000000000000000000000000000000000000000000000000000000000000000000000000000000000001a01200e01b,88298,1,1,1
21,74,74,0x0000191f,31,0,0x00000000000000000000000000000000000000000000000000000000000000000000000000000000000001300501000b,88302,1,1,1
21,74,74,0x0000191f,32,0,0x00000000000000000000000000000000000000000000000000000000000000000000000000000000000001001a025015,88306,1,1,1
21,74,74,0x0000191f,33,0,0x00000000000000000000000000000000000000000000000000000000000000000000000000000000000001801501301e,88310,1,1,1
21,74,74,0x0000191f,34,0,0x000000000000000000000000000000000000000000000000000000000000000000000000000000000000ffe01001000d,88314,1,1,1
21,74,74,0x0000191f,35,0,0x00000000000000000000000000000000000000000000000000000000000000000000000000000000000000a01201801d,88318,1,1,1
21,74,74,0x0000191f,36,0,0x00000000000000000000000000000000000000000000000000000000000000000000000000000000000002301d01b012,88322,1,1,1
21,74,74,0x0000191f,37,0,0x00000000000000000000000000000000000000000000000000000000000000000000000000000000000001500a01301e,88326,1,1,1
21,74,74,0x0000191f,38,0,0x000000000000000000000000000000000000000000000000000000000000000000000000000000000000002012012008,88330,1,1,1
21,74,74,0x0000191f,39,0,0x00000000000000000000000000000000000000000000000000000000000000000000000000000000000002301200e003,88334,1,1,1
21,74,74,0x0000191f,40,0,0x00000000000000000000000000000000000000000000000000000000000000000000000000000000000001b013018020,88338,1,1,1
21,74,74,0x0000191f,41,0,0x00000000000000000000000000000000000000000000000000000000000000000000000000000000000001000e00b01d,88342,1,1,1
21,74,74,0x0000191f,42,0,0x00000000000000000000000000000000000000000000000000000000000000000000000000000000000002600eff3013,88346,1,1,1
21,74,74,0x0000191f,43,0,0x00000000000000000000000000000000000000000000000000000000000000000000000000000000000000affe00e025,88350,1,1,1
21,74,74,0x0000191f,44,0,0x000000000000000000000000000000000000000000000000000000000000000000000000000000000000025003000ff6,88354,1,1,1
21,74,74,0x0000191f,45,0,0x00000000000000000000000000000000000000000000000000000000000000000000000000000000000001800601b01a,88358,1,1,1
21,74,74,0x0000191f,46,0,0x00000000000000000000000000000000000000000000000000000000000000000000000000000000000001301a01a020,88362,1,1,1
21,74,74,0x0000191f,47,0,0x00000000000000000000000000000000000000000000000000000000000000000000000000000000000000a002006003,88366,1,1,1
21,74,74,0x0000191f,48,0,0x00000000000000000000000000000000000000000000000000000000000000000000000000000000000000500301301a,88370,1,1,1
21,74,74,0x0000191f,49,0,0x00000000000000000000000000000000000000000000000000000000000000000000000000000000000001200a01a01b,88374,1,1,1
21,74,74,0x0000191f,50,0,0x00000000000000000000000000000000000000000000000000000000000000000000000000000000000001301201800d,88378,1,1,1
21,74,74,0x0000191f,51,0,0x00000000000000000000000000000000000000000000000000000000000000000000000000000000000001a016025015,88382,1,1,1
21,74,74,0x0000191f,52,0,0x000000000000000000000000000000000000000000000000000000000000000000000000000000000000016ffa018018,88386,1,1,1
21,74,74,0x0000191f,53,0,0x000000000000000000000000000000000000000000000000000000000000000000000000000000000000003012025015,88390,1,1,1
21,74,74,0x0000191f,54,0,0x00000000000000000000000000000000000000000000000000000000000000000000000000000000000000800200b010,88394,1,1,1
21,74,74,0x0000191f,55,0,0x00000000000000000000000000000000000000000000000000000000000000000000000000000000000001801b02501a,88398,1,1,1
21,74,74,0x0000191f,56,0,0x00000000000000000000000000000000000000000000000000000000000000000000000000000000000001500e018010,88402,1,1,1
21,74,74,0x0000191f,57,0,0x00000000000000000000000000000000000000000000000000000000000000000000000000000000000000301a01500d,88406,1,1,1
21,74,74,0x0000191f,58,0,0x000000000000000000000000000000000000000000000000000000000000000000000000000000000000018020016ff8,88410,1,1,1
21,74,74,0x0000191f,59,0,0x000000000000000000000000000000000000000000000000000000000000000000000000000000000000015015010003,88414,1,1,1
21,74,74,0x0000191f,60,0,0x00000000000000000000000000000000000000000000000000000000000000000000000000000000000001500601200b,88418,1,1,1
21,74,74,0x0000191f,61,0,0x00000000000000000000000000000000000000000000000000000000000000000000000000000000000000d01602d016,88422,1,1,1
21,74,74,0x0000191f,62,0,0x00000000000000000000000000000000000000000000000000000000000000000000000000000000000001500d01300b,88426,1,1,1
21,74,74,0x0000191f,63,1,0x00000000000000000000000000000000000000000000000000000000000000000000000000000000000000600e012005,88430,1,1,1
22,75,75,0x00001b4b,0,0,0x00000000000000000000000000000000000000000000000000000000000000000000000000000000000001802500e00d,89742,1,1,1
22,75,75,0x00001b4b,1,0,0x000000000000000000000000000000000000000000000000000000000000000000000000000000000000012003ffb015,89746,1,1,1
22,75,75,0x00001b4b,2,0,0x000000000000000000000000000000000000000000000000000000000000000000000000000000000000ffb00501a015,89750,1,1,1
22,75,75,0x00001b4b,3,0,0x00000000000000000000000000000000000000000000000000000000000000000000000000000000000001d02001b003,89754,1,1,1
22,75,75,0x00001b4b,4,0,0x00000000000000000000000000000000000000000000000000000000000000000000000000000000000002b01301001d,89758,1,1,1
22,75,75,0x00001b4b,5,0,0x00000000000000000000000000000000000000000000000000000000000000000000000000000000000000e00800601d,89762,1,1,1
22,75,75,0x00001b4b,6,0,0x00000000000000000000000000000000000000000000000000000000000000000000000000000000000000d015018010,89766,1,1,1
22,75,75,0x00001b4b,7,0,0x00000000000000000000000000000000000000000000000000000000000000000000000000000000000000e013016020,89770,1,1,1
22,75,75,0x00001b4b,8,0,0x00000000000000000000000000000000000000000000000000000000000000000000000000000000000001300e01bffd,89774,1,1,1
22,75,75,0x00001b4b,9,0,0x00000000000000000000000000000000000000000000000000000000000000000000000000000000000000d02001d01a,89778,1,1,1
22,75,75,0x00001b4b,10,0,0x000000000000000000000000000000000000000000000000000000000000000000000000000000000000022013006003,89782,1,1,1
22,75,75,0x00001b4b,11,0,0x000000000000000000000000000000000000000000000000000000000000000000000000000000000000ff600000201d,89786,1,1,1
22,75,75,0x00001b4b,12,0,0x00000000000000000000000000000000000000000000000000000000000000000000000000000000000001201e00800a,89790,1,1,1
22,75,75,0x00001b4b,13,0,0x00000000000000000000000000000000000000000000000000000000000000000000000000000000000004600d012026,89794,1,1,1
22,75,75,0x00001b4b,14,0,0x00000000000000000000000000000000000000000000000000000000000000000000000000000000000004a053fe8fe8,89798,1,1,1
22,75,75,0x00001b4b,15,0,0x000000000000000000000000000000000000000000000000000000000000000000000000000000000000058010fdafda,89802,1,1,1
22,75,75,0x00001b4b,16,0,0x000000000000000000000000000000000000000000000000000000000000000000000000000000000000fb3fbbfe6050,89806,1,1,1
22,75,75,0x00001b4b,17,0,0x00000000000000000000000000000000000000000000000000000000000000000000000000000000000007008604a00a,89810,1,1,1
22,75,75,0x00001b4b,18,0,0x000000000000000000000000000000000000000000000000000000000000000000000000000000000000fc6fc2fdb022,89814,1,1,1
22,75,75,0x00001b4b,19,0,0x00000000000000000000000000000000000000000000000000000000000000000000000000000000000004502a003fdd,89818,1,1,1
22,75,75,0x00001b4b,20,0,0x00000000000000000000000000000000000000000000000000000000000000000000000000000000000001001d05d060,89822,1,1,1
22,75,75,0x00001b4b,21,0,0x000000000000000000000000000000000000000000000000000000000000000000000000000000000000fdefe3fe6ff6,89826,1,1,1
22,75,75,0x00001b4b,22,0,0x00000000000000000000000000000000000000000000000000000000000000000000000000000000000004503001bff0,89830,1,1,1
22,75,75,0x00001b4b,23,0,0x00000000000000000000000000000000000000000000000000000000000000000000000000000000000001800e020025,89834,1,1,1
22,75,75,0x00001b4b,24,0,0x00000000000000000000000000000000000000000000000000000000000000000000000000000000000000dffa00e010,89838,1,1,1
22,75,75,0x00001b4b,25,0,0x00000000000000000000000000000000000000000000000000000000000000000000000000000000000000302001600e,89842,1,1,1
22,75,75,0x00001b4b,26,0,0x00000000000000000000000000000000000000000000000000000000000000000000000000000000000001a02a025008,89846,1,1,1
22,75,75,0x00001b4b,27,0,0x00000000000000000000000000000000000000000000000000000000000000000000000000000000000000a00effb000,89850,1,1,1
22,75,75,0x00001b4b,28,0,0x00000000000000000000000000000000000000000000000000000000000000000000000000000000000001b00e01801b,89854,1,1,1
22,75,75,0x00001b4b,29,0,0x00000000000000000000000000000000000000000000000000000000000000000000000000000000000001b00001200d,89858,1,1,1
22,75,75,0x00001b4b,30,0,0x00000000000000000000000000000000000000000000000000000000000000000000000000000000000000b01a01200e,89862,1,1,1
22,75,75,0x00001b4b,31,0,0x000000000000000000000000000000000000000000000000000000000000000000000000000000000000015013005010,89866,1,1,1
22,75,75,0x00001b4b,32,0,0x00000000000000000000000000000000000000000000000000000000000000000000000000000000000001e01001a025,89870,1,1,1
22,75,75,0x00001b4b,33,0,0x00000000000000000000000000000000000000000000000000000000000000000000000000000000000000d018015013,89874,1,1,1
22,75,75,0x00001b4b,34,0,0x00000000000000000000000000000000000000000000000000000000000000000000000000000000000001dffe010010,89878,1,1,1
22,75,75,0x00001b4b,35,0,0x00000000000000000000000000000000000000000000000000000000000000000000000000000000000001200a012018,89882,1,1,1
22,75,75,0x00001b4b,36,0,0x00000000000000000000000000000000000000000000000000000000000000000000000000000000000001e02301d01b,89886,1,1,1
22,75,75,0x00001b4b,37,0,0x00000000000000000000000000000000000000000000000000000000000000000000000000000000000000801500a013,89890,1,1,1
22,75,75,0x00001b4b,38,0,0x000000000000000000000000000000000000000000000000000000000000000000000000000000000000003002012012,89894,1,1,1
22,75,75,0x00001b4b,39,0,0x00000000000000000000000000000000000000000000000000000000000000000000000000000000000002002301200e,89898,1,1,1
22,75,75,0x00001b4b,40,0,0x00000000000000000000000000000000000000000000000000000000000000000000000000000000000001d01b013018,89902,1,1,1
22,75,75,0x00001b4b,41,0,0x00000000000000000000000000000000000000000000000000000000000000000000000000000000000001301000e00b,89906,1,1,1
22,75,75,0x00001b4b,42,0,0x00000000000000000000000000000000000000000000000000000000000000000000000000000000000002502600eff3,89910,1,1,1
22,75,75,0x00001b4b,43,0,0x000000000000000000000000000000000000000000000000000000000000000000000000000000000000ff600affe00e,89914,1,1,1
22,75,75,0x00001b4b,44,0,0x00000000000000000000000000000000000000000000000000000000000000000000000000000000000001a025003000,89918,1,1,1
22,75,75,0x00001b4b,45,0,0x00000000000000000000000000000000000000000000000000000000000000000000000000000000000002001800601b,89922,1,1,1
22,75,75,0x00001b4b,46,0,0x00000000000000000000000000000000000000000000000000000000000000000000000000000000000000301301a01a,89926,1,1,1
22,75,75,0x00001b4b,47,0,0x00000000000000000000000000000000000000000000000000000000000000000000000000000000000001a00a002006,89930,1,1,1
22,75,75,0x00001b4b,48,0,0x00000000000000000000000000000000000000000000000000000000000000000000000000000000000001b005003013,89934,1,1,1
22,75,75,0x00001b4b,49,0,0x00000000000000000000000000000000000000000000000000000000000000000000000000000000000000d01200a01a,89938,1,1,1
22,75,75,0x00001b4b,50,0,0x000000000000000000000000000000000000000000000000000000000000000000000000000000000000015013012018,89942,1,1,1
22,75,75,0x00001b4b,51,0,0x00000000000000000000000000000000000000000000000000000000000000000000000000000000000001801a016025,89946,1,1,1
22,75,75,0x00001b4b,52,0,0x000000000000000000000000000000000000000000000000000000000000000000000000000000000000015016ffa018,89950,1,1,1
22,75,75,0x00001b4b,53,0,0x000000000000000000000000000000000000000000000000000000000000000000000000000000000000010003012025,89954,1,1,1
22,75,75,0x00001b4b,54,0,0x00000000000000000000000000000000000000000000000000000000000000000000000000000000000001a00800200b,89958,1,1,1
22,75,75,0x00001b4b,55,0,0x00000000000000000000000000000000000000000000000000000000000000000000000000000000000001001801b025,89962,1,1,1
22,75,75,0x00001b4b,56,0,0x00000000000000000000000000000000000000000000000000000000000000000000000000000000000000d01500e018,89966,1,1,1
22,75,75,0x00001b4b,57,0,0x000000000000000000000000000000000000000000000000000000000000000000000000000000000000ff800301a015,89970,1,1,1
22,75,75,0x00001b4b,58,0,0x000000000000000000000000000000000000000000000000000000000000000000000000000000000000003018020016,89974,1,1,1
22,75,75,0x00001b4b,59,0,0x00000000000000000000000000000000000000000000000000000000000000000000000000000000000000b015015010,89978,1,1,1
22,75,75,0x00001b4b,60,0,0x000000000000000000000000000000000000000000000000000000000000000000000000000000000000016015006012,89982,1,1,1
22,75,75,0x00001b4b,61,0,0x00000000000000000000000000000000000000000000000000000000000000000000000000000000000000b00d01602d,89986,1,1,1
22,75,75,0x00001b4b,62,0,0x00000000000000000000000000000000000000000000000000000000000000000000000000000000000000501500d013,89990,1,1,1
22,75,75,0x00001b4b,63,1,0x00000000000000000000000000000000000000000000000000000000000000000000000000000000000001200600e012,89994,1,1,1
23,76,76,0x000022b1,0,0,0x00000000000000000000000000000000000000000000000000000000000000000000000000000000000001501802500e,91310,1,1,1
23,76,76,0x000022b1,1,0,0x000000000000000000000000000000000000000000000000000000000000000000000000000000000000015012003ffb,91314,1,1,1
23,76,76,0x000022b1,2,0,0x000000000000000000000000000000000000000000000000000000000000000000000000000000000000003ffb00501a,91318,1,1,1
23,76,76,0x000022b1,3,0,0x00000000000000000000000000000000000000000000000000000000000000000000000000000000000001d01d02001b,91322,1,1,1
23,76,76,0x000022b1,4,0,0x00000000000000000000000000000000000000000000000000000000000000000000000000000000000001d02b013010,91326,1,1,1
23,76,76,0x000022b1,5,0,0x00000000000000000000000000000000000000000000000000000000000000000000000000000000000001000e008006,91330,1,1,1
23,76,76,0x000022b1,6,0,0x00000000000000000000000000000000000000000000000000000000000000000000000000000000000002000d015018,91334,1,1,1
23,76,76,0x000022b1,7,0,0x000000000000000000000000000000000000000000000000000000000000000000000000000000000000ffd00e013016,91338,1,1,1
23,76,76,0x000022b1,8,0,0x00000000000000000000000000000000000000000000000000000000000000000000000000000000000001a01300e01b,91342,1,1,1
23,76,76,0x000022b1,9,0,0x00000000000000000000000000000000000000000000000000000000000000000000000000000000000000300d02001d,91346,1,1,1
23,76,76,0x000022b1,10,0,0x00000000000000000000000000000000000000000000000000000000000000000000000000000000000001d022013006,91350,1,1,1
23,76,76,0x000022b1,11,0,0x00000000000000000000000000000000000000000000000000000000000000000000000000000000000000aff6000002,91354,1,1,1
23,76,76,0x000022b1,12,0,0x00000000000000000000000000000000000000000000000000000000000000000000000000000000000002601201e008,91358,1,1,1
23,76,76,0x000022b1,13,0,0x000000000000000000000000000000000000000000000000000000000000000000000000000000000000fe804600d012,91362,1,1,1
23,76,76,0x000022b1,14,0,0x000000000000000000000000000000000000000000000000000000000000000000000000000000000000fda04a053fe8,91366,1,1,1
23,76,76,0x000022b1,15,0,0x000000000000000000000000000000000000000000000000000000000000000000000000000000000000050058010fda,91370,1,1,1
23,76,76,0x000022b1,16,0,0x00000000000000000000000000000000000000000000000000000000000000000000000000000000000000afb3fbbfe6,91374,1,1,1
23,76,76,0x000022b1,17,0,0x00000000000000000000000000000000000000000000000000000000000000000000000000000000000002207008604a,91378,1,1,1
23,76,76,0x000022b1,18,0,0x000000000000000000000000000000000000000000000000000000000000000000000000000000000000fddfc6fc2fdb,91382,1,1,1
23,76,76,0x000022b1,19,0,0x00000000000000000000000000000000000000000000000000000000000000000000000000000000000006004502a003,91386,1,1,1
23,76,76,0x000022b1,20,0,0x000000000000000000000000000000000000000000000000000000000000000000000000000000000000ff601001d05d,91390,1,1,1
23,76,76,0x000022b1,21,0,0x000000000000000000000000000000000000000000000000000000000000000000000000000000000000ff0fdefe3fe6,91394,1,1,1
23,76,76,0x000022b1,22,0,0x00000000000000000000000000000000000000000000000000000000000000000000000000000000000002504503001b,91398,1,1,1
23,76,76,0x000022b1,23,0,0x00000000000000000000000000000000000000000000000000000000000000000000000000000000000001001800e020,91402,1,1,1
23,76,76,0x000022b1,24,0,0x00000000000000000000000000000000000000000000000000000000000000000000000000000000000000e00dffa00e,91406,1,1,1
23,76,76,0x000022b1,25,0,0x000000000000000000000000000000000000000000000000000000000000000000000000000000000000008003020016,91410,1,1,1
23,76,76,0x000022b1,26,0,0x00000000000000000000000000000000000000000000000000000000000000000000000000000000000000001a02a025,91414,1,1,1
23,76,76,0x000022b1,27,0,0x00000000000000000000000000000000000000000000000000000000000000000000000000000000000001b00a00effb,91418,1,1,1
23,76,76,0x000022b1,28,0,0x00000000000000000000000000000000000000000000000000000000000000000000000000000000000000d01b00e018,91422,1,1,1
23,76,76,0x000022b1,29,0,0x00000000000000000000000000000000000000000000000000000000000000000000000000000000000000e01b000012,91426,1,1,1
23,76,76,0x000022b1,30,0,0x00000000000000000000000000000000000000000000000000000000000000000000000000000000000001000b01a012,91430,1,1,1
23,76,76,0x000022b1,31,0,0x000000000000000000000000000000000000000000000000000000000000000000000000000000000000025015013005,91434,1,1,1
23,76,76,0x000022b1,32,0,0x00000000000000000000000000000000000000000000000000000000000000000000000000000000000001301e01001a,91438,1,1,1
23,76,76,0x000022b1,33,0,0x00000000000000000000000000000000000000000000000000000000000000000000000000000000000001000d018015,91442,1,1,1
23,76,76,0x000022b1,34,0,0x00000000000000000000000000000000000000000000000000000000000000000000000000000000000001801dffe010,91446,1,1,1
23,76,76,0x000022b1,35,0,0x00000000000000000000000000000000000000000000000000000000000000000000000000000000000001b01200a012,91450,1,1,1
23,76,76,0x000022b1,36,0,0x00000000000000000000000000000000000000000000000000000000000000000000000000000000000001301e02301d,91454,1,1,1
23,76,76,0x000022b1,37,0,0x00000000000000000000000000000000000000000000000000000000000000000000000000000000000001200801500a,91458,1,1,1
23,76,76,0x000022b1,38,0,0x00000000000000000000000000000000000000000000000000000000000000000000000000000000000000e003002012,91462,1,1,1
23,76,76,0x000022b1,39,0,0x000000000000000000000000000000000000000000000000000000000000000000000000000000000000018020023012,91466,1,1,1
23,76,76,0x000022b1,40,0,0x00000000000000000000000000000000000000000000000000000000000000000000000000000000000000b01d01b013,91470,1,1,1
23,76,76,0x000022b1,41,0,0x000000000000000000000000000000000000000000000000000000000000000000000000000000000000ff301301000e,91474,1,1,1
23,76,76,0x000022b1,42,0,0x00000000000000000000000000000000000000000000000000000000000000000000000000000000000000e02502600e,91478,1,1,1
23,76,76,0x000022b1,43,0,0x000000000000000000000000000000000000000000000000000000000000000000000000000000000000000ff600affe,91482,1,1,1
23,76,76,0x000022b1,44,0,0x00000000000000000000000000000000000000000000000000000000000000000000000000000000000001b01a025003,91486,1,1,1
23,76,76,0x000022b1,45,0,0x00000000000000000000000000000000000000000000000000000000000000000000000000000000000001a020018006,91490,1,1,1
23,76,76,0x000022b1,46,0,0x00000000000000000000000000000000000000000000000000000000000000000000000000000000000000600301301a,91494,1,1,1
23,76,76,0x000022b1,47,0,0x00000000000000000000000000000000000000000000000000000000000000000000000000000000000001301a00a002,91498,1,1,1
23,76,76,0x000022b1,48,0,0x00000000000000000000000000000000000000000000000000000000000000000000000000000000000001a01b005003,91502,1,1,1
23,76,76,0x000022b1,49,0,0x00000000000000000000000000000000000000000000000000000000000000000000000000000000000001800d01200a,91506,1,1,1
23,76,76,0x000022b1,50,0,0x000000000000000000000000000000000000000000000000000000000000000000000000000000000000025015013012,91510,1,1,1
23,76,76,0x000022b1,51,0,0x00000000000000000000000000000000000000000000000000000000000000000000000000000000000001801801a016,91514,1,1,1
23,76,76,0x000022b1,52,0,0x000000000000000000000000000000000000000000000000000000000000000000000000000000000000025015016ffa,91518,1,1,1
23,76,76,0x000022b1,53,0,0x00000000000000000000000000000000000000000000000000000000000000000000000000000000000000b010003012,91522,1,1,1
23,76,76,0x000022b1,54,0,0x00000000000000000000000000000000000000000000000000000000000000000000000000000000000002501a008002,91526,1,1,1
23,76,76,0x000022b1,55,0,0x00000000000000000000000000000000000000000000000000000000000000000000000000000000000001801001801b,91530,1,1,1
23,76,76,0x000022b1,56,0,0x00000000000000000000000000000000000000000000000000000000000000000000000000000000000001500d01500e,91534,1,1,1
23,76,76,0x000022b1,57,0,0x000000000000000000000000000000000000000000000000000000000000000000000000000000000000016ff800301a,91538,1,1,1
23,76,76,0x000022b1,58,0,0x000000000000000000000000000000000000000000000000000000000000000000000000000000000000010003018020,91542,1,1,1
23,76,76,0x000022b1,59,0,0x00000000000000000000000000000000000000000000000000000000000000000000000000000000000001200b015015,91546,1,1,1
23,76,76,0x000022b1,60,0,0x00000000000000000000000000000000000000000000000000000000000000000000000000000000000002d016015006,91550,1,1,1
23,76,76,0x000022b1,61,0,0x00000000000000000000000000000000000000000000000000000000000000000000000000000000000001300b00d016,91554,1,1,1
23,76,76,0x000022b1,62,0,0x00000000000000000000000000000000000000000000000000000000000000000000000000000000000001200501500d,91558,1,1,1
23,76,76,0x000022b1,63,1,0x00000000000000000000000000000000000000000000000000000000000000000000000000000000000001601200600e,91562,1,1,1
24,77,77,0x00002234,0,0,0x000000000000000000000000000000000000000000000000000000000000000000000000000000000000ffb015018025,92874,1,1,1
24,77,77,0x00002234,1,0,0x00000000000000000000000000000000000000000000000000000000000000000000000000000000000001a015012003,92878,1,1,1
24,77,77,0x00002234,2,0,0x00000000000000000000000000000000000000000000000000000000000000000000000000000000000001b003ffb005,92882,1,1,1
24,77,77,0x00002234,3,0,0x00000000000000000000000000000000000000000000000000000000000000000000000000000000000001001d01d020,92886,1,1,1
24,77,77,0x00002234,4,0,0x00000000000000000000000000000000000000000000000000000000000000000000000000000000000000601d02b013,92890,1,1,1
24,77,77,0x00002234,5,0,0x00000000000000000000000000000000000000000000000000000000000000000000000000000000000001801000e008,92894,1,1,1
24,77,77,0x00002234,6,0,0x00000000000000000000000000000000000000000000000000000000000000000000000000000000000001602000d015,92898,1,1,1
24,77,77,0x00002234,7,0,0x00000000000000000000000000000000000000000000000000000000000000000000000000000000000001bffd00e013,92902,1,1,1
24,77,77,0x00002234,8,0,0x00000000000000000000000000000000000000000000000000000000000000000000000000000000000001d01a01300e,92906,1,1,1
24,77,77,0x00002234,9,0,0x00000000000000000000000000000000000000000000000000000000000000000000000000000000000000600300d020,92910,1,1,1
24,77,77,0x00002234,10,0,0x00000000000000000000000000000000000000000000000000000000000000000000000000000000000000201d022013,92914,1,1,1
24,77,77,0x00002234,11,0,0x00000000000000000000000000000000000000000000000000000000000000000000000000000000000000800aff6000,92918,1,1,1
24,77,77,0x00002234,12,0,0x00000000000000000000000000000000000000000000000000000000000000000000000000000000000001202601201e,92922,1,1,1
24,77,77,0x00002234,13,0,0x000000000000000000000000000000000000000000000000000000000000000000000000000000000000fe8fe804600d,92926,1,1,1
24,77,77,0x00002234,14,0,0x000000000000000000000000000000000000000000000000000000000000000000000000000000000000fdafda04a053,92930,1,1,1
24,77,77,0x00002234,15,0,0x000000000000000000000000000000000000000000000000000000000000000000000000000000000000fe6050058010,92934,1,1,1
24,77,77,0x00002234,16,0,0x00000000000000000000000000000000000000000000000000000000000000000000000000000000000004a00afb3fbb,92938,1,1,1
24,77,77,0x00002234,17,0,0x000000000000000000000000000000000000000000000000000000000000000000000000000000000000fdb022070086,92942,1,1,1
24,77,77,0x00002234,18,0,0x000000000000000000000000000000000000000000000000000000000000000000000000000000000000003fddfc6fc2,92946,1,1,1
24,77,77,0x00002234,19,0,0x00000000000000000000000000000000000000000000000000000000000000000000000000000000000005d06004502a,92950,1,1,1
24,77,77,0x00002234,20,0,0x000000000000000000000000000000000000000000000000000000000000000000000000000000000000fe6ff601001d,92954,1,1,1
24,77,77,0x00002234,21,0,0x00000000000000000000000000000000000000000000000000000000000000000000000000000000000001bff0fdefe3,92958,1,1,1
24,77,77,0x00002234,22,0,0x000000000000000000000000000000000000000000000000000000000000000000000000000000000000020025045030,92962,1,1,1
24,77,77,0x00002234,23,0,0x00000000000000000000000000000000000000000000000000000000000000000000000000000000000000e01001800e,92966,1,1,1
24,77,77,0x00002234,24,0,0x00000000000000000000000000000000000000000000000000000000000000000000000000000000000001600e00dffa,92970,1,1,1
24,77,77,0x00002234,25,0,0x000000000000000000000000000000000000000000000000000000000000000000000000000000000000025008003020,92974,1,1,1
24,77,77,0x00002234,26,0,0x000000000000000000000000000000000000000000000000000000000000000000000000000000000000ffb00001a02a,92978,1,1,1
24,77,77,0x00002234,27,0,0x00000000000000000000000000000000000000000000000000000000000000000000000000000000000001801b00a00e,92982,1,1,1
24,77,77,0x00002234,28,0,0x00000000000000000000000000000000000000000000000000000000000000000000000000000000000001200d01b00e,92986,1,1,1
24,77,77,0x00002234,29,0,0x00000000000000000000000000000000000000000000000000000000000000000000000000000000000001200e01b000,92990,1,1,1
24,77,77,0x00002234,30,0,0x00000000000000000000000000000000000000000000000000000000000000000000000000000000000000501000b01a,92994,1,1,1
24,77,77,0x00002234,31,0,0x00000000000000000000000000000000000000000000000000000000000000000000000000000000000001a025015013,92998,1,1,1
24,77,77,0x00002234,32,0,0x00000000000000000000000000000000000000000000000000000000000000000000000000000000000001501301e010,93002,1,1,1
24,77,77,0x00002234,33,0,0x00000000000000000000000000000000000000000000000000000000000000000000000000000000000001001000d018,93006,1,1,1
24,77,77,0x00002234,34,0,0x00000000000000000000000000000000000000000000000000000000000000000000000000000000000001201801dffe,93010,1,1,1
24,77,77,0x00002234,35,0,0x00000000000000000000000000000000000000000000000000000000000000000000000000000000000001d01b01200a,93014,1,1,1
24,77,77,0x00002234,36,0,0x00000000000000000000000000000000000000000000000000000000000000000000000000000000000000a01301e023,93018,1,1,1
24,77,77,0x00002234,37,0,0x000000000000000000000000000000000000000000000000000000000000000000000000000000000000012012008015,93022,1,1,1
24,77,77,0x00002234,38,0,0x00000000000000000000000000000000000000000000000000000000000000000000000000000000000001200e003002,93026,1,1,1
24,77,77,0x00002234,39,0,0x000000000000000000000000000000000000000000000000000000000000000000000000000000000000013018020023,93030,1,1,1
24,77,77,0x00002234,40,0,0x00000000000000000000000000000000000000000000000000000000000000000000000000000000000000e00b01d01b,93034,1,1,1
24,77,77,0x00002234,41,0,0x00000000000000000000000000000000000000000000000000000000000000000000000000000000000000eff3013010,93038,1,1,1
24,77,77,0x00002234,42,0,0x000000000000000000000000000000000000000000000000000000000000000000000000000000000000ffe00e025026,93042,1,1,1
24,77,77,0x00002234,43,0,0x000000000000000000000000000000000000000000000000000000000000000000000000000000000000003000ff600a,93046,1,1,1
24,77,77,0x00002234,44,0,0x00000000000000000000000000000000000000000000000000000000000000000000000000000000000000601b01a025,93050,1,1,1
24,77,77,0x00002234,45,0,0x00000000000000000000000000000000000000000000000000000000000000000000000000000000000001a01a020018,93054,1,1,1
24,77,77,0x00002234,46,0,0x000000000000000000000000000000000000000000000000000000000000000000000000000000000000002006003013,93058,1,1,1
24,77,77,0x00002234,47,0,0x00000000000000000000000000000000000000000000000000000000000000000000000000000000000000301301a00a,93062,1,1,1
24,77,77,0x00002234,48,0,0x00000000000000000000000000000000000000000000000000000000000000000000000000000000000000a01a01b005,93066,1,1,1
24,77,77,0x00002234,49,0,0x00000000000000000000000000000000000000000000000000000000000000000000000000000000000001201800d012,93070,1,1,1
24,77,77,0x00002234,50,0,0x000000000000000000000000000000000000000000000000000000000000000000000000000000000000016025015013,93074,1,1,1
24,77,77,0x00002234,51,0,0x000000000000000000000000000000000000000000000000000000000000000000000000000000000000ffa01801801a,93078,1,1,1
24,77,77,0x00002234,52,0,0x000000000000000000000000000000000000000000000000000000000000000000000000000000000000012025015016,93082,1,1,1
24,77,77,0x00002234,53,0,0x00000000000000000000000000000000000000000000000000000000000000000000000000000000000000200b010003,93086,1,1,1
24,77,77,0x00002234,54,0,0x00000000000000000000000000000000000000000000000000000000000000000000000000000000000001b02501a008,93090,1,1,1
24,77,77,0x00002234,55,0,0x00000000000000000000000000000000000000000000000000000000000000000000000000000000000000e018010018,93094,1,1,1
24,77,77,0x00002234,56,0,0x00000000000000000000000000000000000000000000000000000000000000000000000000000000000001a01500d015,93098,1,1,1
24,77,77,0x00002234,57,0,0x000000000000000000000000000000000000000000000000000000000000000000000000000000000000020016ff8003,93102,1,1,1
24,77,77,0x00002234,58,0,0x000000000000000000000000000000000000000000000000000000000000000000000000000000000000015010003018,93106,1,1,1
24,77,77,0x00002234,59,0,0x00000000000000000000000000000000000000000000000000000000000000000000000000000000000000601200b015,93110,1,1,1
24,77,77,0x00002234,60,0,0x00000000000000000000000000000000000000000000000000000000000000000000000000000000000001602d016015,93114,1,1,1
24,77,77,0x00002234,61,0,0x00000000000000000000000000000000000000000000000000000000000000000000000000000000000000d01300b00d,93118,1,1,1
24,77,77,0x00002234,62,0,0x00000000000000000000000000000000000000000000000000000000000000000000000000000000000000e012005015,93122,1,1,1
24,77,77,0x00002234,63,1,0x000000000000000000000000000000000000000000000000000000000000000000000000000000000000020016012006,93126,1,1,1
25,78,78,0x00002003,0,0,0x000000000000000000000000000000000000000000000000000000000000000000000000000000000000003ffb015018,94438,1,1,1
25,78,78,0x00002003,1,0,0x00000000000000000000000000000000000000000000000000000000000000000000000000000000000000501a015012,94442,1,1,1
25,78,78,0x00002003,2,0,0x00000000000000000000000000000000000000000000000000000000000000000000000000000000000002001b003ffb,94446,1,1,1
25,78,78,0x00002003,3,0,0x00000000000000000000000000000000000000000000000000000000000000000000000000000000000001301001d01d,94450,1,1,1
25,78,78,0x00002003,4,0,0x00000000000000000000000000000000000000000000000000000000000000000000000000000000000000800601d02b,94454,1,1,1
25,78,78,0x00002003,5,0,0x00000000000000000000000000000000000000000000000000000000000000000000000000000000000001501801000e,94458,1,1,1
25,78,78,0x00002003,6,0,0x00000000000000000000000000000000000000000000000000000000000000000000000000000000000001301602000d,94462,1,1,1
25,78,78,0x00002003,7,0,0x00000000000000000000000000000000000000000000000000000000000000000000000000000000000000e01bffd00e,94466,1,1,1
25,78,78,0x00002003,8,0,0x00000000000000000000000000000000000000000000000000000000000000000000000000000000000002001d01a013,94470,1,1,1
25,78,78,0x00002003,9,0,0x00000000000000000000000000000000000000000000000000000000000000000000000000000000000001300600300d,94474,1,1,1
25,78,78,0x00002003,10,0,0x00000000000000000000000000000000000000000000000000000000000000000000000000000000000000000201d022,94478,1,1,1
25,78,78,0x00002003,11,0,0x00000000000000000000000000000000000000000000000000000000000000000000000000000000000001e00800aff6,94482,1,1,1
25,78,78,0x00002003,12,0,0x00000000000000000000000000000000000000000000000000000000000000000000000000000000000000d012026012,94486,1,1,1
25,78,78,0x00002003,13,0,0x000000000000000000000000000000000000000000000000000000000000000000000000000000000000053fe8fe8046,94490,1,1,1
25,78,78,0x00002003,14,0,0x000000000000000000000000000000000000000000000000000000000000000000000000000000000000010fdafda04a,94494,1,1,1
25,78,78,0x00002003,15,0,0x000000000000000000000000000000000000000000000000000000000000000000000000000000000000fbbfe6050058,94498,1,1,1
25,78,78,0x00002003,16,0,0x00000000000000000000000000000000000000000000000000000000000000000000000000000000000008604a00afb3,94502,1,1,1
25,78,78,0x00002003,17,0,0x000000000000000000000000000000000000000000000000000000000000000000000000000000000000fc2fdb022070,94506,1,1,1
25,78,78,0x00002003,18,0,0x00000000000000000000000000000000000000000000000000000000000000000000000000000000000002a003fddfc6,94510,1,1,1
25,78,78,0x00002003,19,0,0x00000000000000000000000000000000000000000000000000000000000000000000000000000000000001d05d060045,94514,1,1,1
25,78,78,0x00002003,20,0,0x000000000000000000000000000000000000000000000000000000000000000000000000000000000000fe3fe6ff6010,94518,1,1,1
25,78,78,0x00002003,21,0,0x00000000000000000000000000000000000000000000000000000000000000000000000000000000000003001bff0fde,94522,1,1,1
25,78,78,0x00002003,22,0,0x00000000000000000000000000000000000000000000000000000000000000000000000000000000000000e020025045,94526,1,1,1
25,78,78,0x00002003,23,0,0x000000000000000000000000000000000000000000000000000000000000000000000000000000000000ffa00e010018,94530,1,1,1
25,78,78,0x00002003,24,0,0x00000000000000000000000000000000000000000000000000000000000000000000000000000000000002001600e00d,94534,1,1,1
25,78,78,0x00002003,25,0,0x00000000000000000000000000000000000000000000000000000000000000000000000000000000000002a025008003,94538,1,1,1
25,78,78,0x00002003,26,0,0x00000000000000000000000000000000000000000000000000000000000000000000000000000000000000effb00001a,94542,1,1,1
25,78,78,0x00002003,27,0,0x00000000000000000000000000000000000000000000000000000000000000000000000000000000000000e01801b00a,94546,1,1,1
25,78,78,0x00002003,28,0,0x00000000000000000000000000000000000000000000000000000000000000000000000000000000000000001200d01b,94550,1,1,1
25,78,78,0x00002003,29,0,0x00000000000000000000000000000000000000000000000000000000000000000000000000000000000001a01200e01b,94554,1,1,1
25,78,78,0x00002003,30,0,0x00000000000000000000000000000000000000000000000000000000000000000000000000000000000001300501000b,94558,1,1,1
25,78,78,0x00002003,31,0,0x00000000000000000000000000000000000000000000000000000000000000000000000000000000000001001a025015,94562,1,1,1
25,78,78,0x00002003,32,0,0x00000000000000000000000000000000000000000000000000000000000000000000000000000000000001801501301e,94566,1,1,1
25,78,78,0x00002003,33,0,0x000000000000000000000000000000000000000000000000000000000000000000000000000000000000ffe01001000d,94570,1,1,1
25,78,78,0x00002003,34,0,0x00000000000000000000000000000000000000000000000000000000000000000000000000000000000000a01201801d,94574,1,1,1
25,78,78,0x00002003,35,0,0x00000000000000000000000000000000000000000000000000000000000000000000000000000000000002301d01b012,94578,1,1,1
25,78,78,0x00002003,36,0,0x00000000000000000000000000000000000000000000000000000000000000000000000000000000000001500a01301e,94582,1,1,1
25,78,78,0x00002003,37,0,0x000000000000000000000000000000000000000000000000000000000000000000000000000000000000002012012008,94586,1,1,1
25,78,78,0x00002003,38,0,0x00000000000000000000000000000000000000000000000000000000000000000000000000000000000002301200e003,94590,1,1,1
25,78,78,0x00002003,39,0,0x00000000000000000000000000000000000000000000000000000000000000000000000000000000000001b013018020,94594,1,1,1
25,78,78,0x00002003,40,0,0x00000000000000000000000000000000000000000000000000000000000000000000000000000000000001000e00b01d,94598,1,1,1
25,78,78,0x00002003,41,0,0x00000000000000000000000000000000000000000000000000000000000000000000000000000000000002600eff3013,94602,1,1,1
25,78,78,0x00002003,42,0,0x00000000000000000000000000000000000000000000000000000000000000000000000000000000000000affe00e025,94606,1,1,1
25,78,78,0x00002003,43,0,0x000000000000000000000000000000000000000000000000000000000000000000000000000000000000025003000ff6,94610,1,1,1
25,78,78,0x00002003,44,0,0x00000000000000000000000000000000000000000000000000000000000000000000000000000000000001800601b01a,94614,1,1,1
25,78,78,0x00002003,45,0,0x00000000000000000000000000000000000000000000000000000000000000000000000000000000000001301a01a020,94618,1,1,1
25,78,78,0x00002003,46,0,0x00000000000000000000000000000000000000000000000000000000000000000000000000000000000000a002006003,94622,1,1,1
25,78,78,0x00002003,47,0,0x00000000000000000000000000000000000000000000000000000000000000000000000000000000000000500301301a,94626,1,1,1
25,78,78,0x00002003,48,0,0x00000000000000000000000000000000000000000000000000000000000000000000000000000000000001200a01a01b,94630,1,1,1
25,78,78,0x00002003,49,0,0x00000000000000000000000000000000000000000000000000000000000000000000000000000000000001301201800d,94634,1,1,1
25,78,78,0x00002003,50,0,0x00000000000000000000000000000000000000000000000000000000000000000000000000000000000001a016025015,94638,1,1,1
25,78,78,0x00002003,51,0,0x000000000000000000000000000000000000000000000000000000000000000000000000000000000000016ffa018018,94642,1,1,1
25,78,78,0x00002003,52,0,0x000000000000000000000000000000000000000000000000000000000000000000000000000000000000003012025015,94646,1,1,1
25,78,78,0x00002003,53,0,0x00000000000000000000000000000000000000000000000000000000000000000000000000000000000000800200b010,94650,1,1,1
25,78,78,0x00002003,54,0,0x00000000000000000000000000000000000000000000000000000000000000000000000000000000000001801b02501a,94654,1,1,1
25,78,78,0x00002003,55,0,0x00000000000000000000000000000000000000000000000000000000000000000000000000000000000001500e018010,94658,1,1,1
25,78,78,0x00002003,56,0,0x00000000000000000000000000000000000000000000000000000000000000000000000000000000000000301a01500d,94662,1,1,1
25,78,78,0x00002003,57,0,0x000000000000000000000000000000000000000000000000000000000000000000000000000000000000018020016ff8,94666,1,1,1
25,78,78,0x00002003,58,0,0x000000000000000000000000000000000000000000000000000000000000000000000000000000000000015015010003,94670,1,1,1
25,78,78,0x00002003,59,0,0x00000000000000000000000000000000000000000000000000000000000000000000000000000000000001500601200b,94674,1,1,1
25,78,78,0x00002003,60,0,0x00000000000000000000000000000000000000000000000000000000000000000000000000000000000000d01602d016,94678,1,1,1
25,78,78,0x00002003,61,0,0x00000000000000000000000000000000000000000000000000000000000000000000000000000000000001500d01300b,94682,1,1,1
25,78,78,0x00002003,62,0,0x00000000000000000000000000000000000000000000000000000000000000000000000000000000000000600e012005,94686,1,1,1
25,78,78,0x00002003,63,1,0x000000000000000000000000000000000000000000000000000000000000000000000000000000000000012020016012,94690,1,1,1
26,79,79,0x00001cf2,0,0,0x000000000000000000000000000000000000000000000000000000000000000000000000000000000000012003ffb015,96002,1,1,1
26,79,79,0x00001cf2,1,0,0x000000000000000000000000000000000000000000000000000000000000000000000000000000000000ffb00501a015,96006,1,1,1
26,79,79,0x00001cf2,2,0,0x00000000000000000000000000000000000000000000000000000000000000000000000000000000000001d02001b003,96010,1,1,1
26,79,79,0x00001cf2,3,0,0x00000000000000000000000000000000000000000000000000000000000000000000000000000000000002b01301001d,96014,1,1,1
26,79,79,0x00001cf2,4,0,0x00000000000000000000000000000000000000000000000000000000000000000000000000000000000000e00800601d,96018,1,1,1
26,79,79,0x00001cf2,5,0,0x00000000000000000000000000000000000000000000000000000000000000000000000000000000000000d015018010,96022,1,1,1
26,79,79,0x00001cf2,6,0,0x00000000000000000000000000000000000000000000000000000000000000000000000000000000000000e013016020,96026,1,1,1
26,79,79,0x00001cf2,7,0,0x00000000000000000000000000000000000000000000000000000000000000000000000000000000000001300e01bffd,96030,1,1,1
26,79,79,0x00001cf2,8,0,0x00000000000000000000000000000000000000000000000000000000000000000000000000000000000000d02001d01a,96034,1,1,1
26,79,79,0x00001cf2,9,0,0x000000000000000000000000000000000000000000000000000000000000000000000000000000000000022013006003,96038,1,1,1
26,79,79,0x00001cf2,10,0,0x000000000000000000000000000000000000000000000000000000000000000000000000000000000000ff600000201d,96042,1,1,1
26,79,79,0x00001cf2,11,0,0x00000000000000000000000000000000000000000000000000000000000000000000000000000000000001201e00800a,96046,1,1,1
26,79,79,0x00001cf2,12,0,0x00000000000000000000000000000000000000000000000000000000000000000000000000000000000004600d012026,96050,1,1,1
26,79,79,0x00001cf2,13,0,0x00000000000000000000000000000000000000000000000000000000000000000000000000000000000004a053fe8fe8,96054,1,1,1
26,79,79,0x00001cf2,14,0,0x000000000000000000000000000000000000000000000000000000000000000000000000000000000000058010fdafda,96058,1,1,1
26,79,79,0x00001cf2,15,0,0x000000000000000000000000000000000000000000000000000000000000000000000000000000000000fb3fbbfe6050,96062,1,1,1
26,79,79,0x00001cf2,16,0,0x00000000000000000000000000000000000000000000000000000000000000000000000000000000000007008604a00a,96066,1,1,1
26,79,79,0x00001cf2,17,0,0x000000000000000000000000000000000000000000000000000000000000000000000000000000000000fc6fc2fdb022,96070,1,1,1
26,79,79,0x00001cf2,18,0,0x00000000000000000000000000000000000000000000000000000000000000000000000000000000000004502a003fdd,96074,1,1,1
26,79,79,0x00001cf2,19,0,0x00000000000000000000000000000000000000000000000000000000000000000000000000000000000001001d05d060,96078,1,1,1
26,79,79,0x00001cf2,20,0,0x000000000000000000000000000000000000000000000000000000000000000000000000000000000000fdefe3fe6ff6,96082,1,1,1
26,79,79,0x00001cf2,21,0,0x00000000000000000000000000000000000000000000000000000000000000000000000000000000000004503001bff0,96086,1,1,1
26,79,79,0x00001cf2,22,0,0x00000000000000000000000000000000000000000000000000000000000000000000000000000000000001800e020025,96090,1,1,1
26,79,79,0x00001cf2,23,0,0x00000000000000000000000000000000000000000000000000000000000000000000000000000000000000dffa00e010,96094,1,1,1
26,79,79,0x00001cf2,24,0,0x00000000000000000000000000000000000000000000000000000000000000000000000000000000000000302001600e,96098,1,1,1
26,79,79,0x00001cf2,25,0,0x00000000000000000000000000000000000000000000000000000000000000000000000000000000000001a02a025008,96102,1,1,1
26,79,79,0x00001cf2,26,0,0x00000000000000000000000000000000000000000000000000000000000000000000000000000000000000a00effb000,96106,1,1,1
26,79,79,0x00001cf2,27,0,0x00000000000000000000000000000000000000000000000000000000000000000000000000000000000001b00e01801b,96110,1,1,1
26,79,79,0x00001cf2,28,0,0x00000000000000000000000000000000000000000000000000000000000000000000000000000000000001b00001200d,96114,1,1,1
26,79,79,0x00001cf2,29,0,0x00000000000000000000000000000000000000000000000000000000000000000000000000000000000000b01a01200e,96118,1,1,1
26,79,79,0x00001cf2,30,0,0x000000000000000000000000000000000000000000000000000000000000000000000000000000000000015013005010,96122,1,1,1
26,79,79,0x00001cf2,31,0,0x00000000000000000000000000000000000000000000000000000000000000000000000000000000000001e01001a025,96126,1,1,1
26,79,79,0x00001cf2,32,0,0x00000000000000000000000000000000000000000000000000000000000000000000000000000000000000d018015013,96130,1,1,1
26,79,79,0x00001cf2,33,0,0x00000000000000000000000000000000000000000000000000000000000000000000000000000000000001dffe010010,96134,1,1,1
26,79,79,0x00001cf2,34,0,0x00000000000000000000000000000000000000000000000000000000000000000000000000000000000001200a012018,96138,1,1,1
26,79,79,0x00001cf2,35,0,0x00000000000000000000000000000000000000000000000000000000000000000000000000000000000001e02301d01b,96142,1,1,1
26,79,79,0x00001cf2,36,0,0x00000000000000000000000000000000000000000000000000000000000000000000000000000000000000801500a013,96146,1,1,1
26,79,79,0x00001cf2,37,0,0x000000000000000000000000000000000000000000000000000000000000000000000000000000000000003002012012,96150,1,1,1
26,79,79,0x00001cf2,38,0,0x00000000000000000000000000000000000000000000000000000000000000000000000000000000000002002301200e,96154,1,1,1
26,79,79,0x00001cf2,39,0,0x00000000000000000000000000000000000000000000000000000000000000000000000000000000000001d01b013018,96158,1,1,1
26,79,79,0x00001cf2,40,0,0x00000000000000000000000000000000000000000000000000000000000000000000000000000000000001301000e00b,96162,1,1,1
26,79,79,0x00001cf2,41,0,0x00000000000000000000000000000000000000000000000000000000000000000000000000000000000002502600eff3,96166,1,1,1
26,79,79,0x00001cf2,42,0,0x000000000000000000000000000000000000000000000000000000000000000000000000000000000000ff600affe00e,96170,1,1,1
26,79,79,0x00001cf2,43,0,0x00000000000000000000000000000000000000000000000000000000000000000000000000000000000001a025003000,96174,1,1,1
26,79,79,0x00001cf2,44,0,0x00000000000000000000000000000000000000000000000000000000000000000000000000000000000002001800601b,96178,1,1,1
26,79,79,0x00001cf2,45,0,0x00000000000000000000000000000000000000000000000000000000000000000000000000000000000000301301a01a,96182,1,1,1
26,79,79,0x00001cf2,46,0,0x00000000000000000000000000000000000000000000000000000000000000000000000000000000000001a00a002006,96186,1,1,1
26,79,79,0x00001cf2,47,0,0x00000000000000000000000000000000000000000000000000000000000000000000000000000000000001b005003013,96190,1,1,1
26,79,79,0x00001cf2,48,0,0x00000000000000000000000000000000000000000000000000000000000000000000000000000000000000d01200a01a,96194,1,1,1
26,79,79,0x00001cf2,49,0,0x000000000000000000000000000000000000000000000000000000000000000000000000000000000000015013012018,96198,1,1,1
26,79,79,0x00001cf2,50,0,0x00000000000000000000000000000000000000000000000000000000000000000000000000000000000001801a016025,96202,1,1,1
26,79,79,0x00001cf2,51,0,0x000000000000000000000000000000000000000000000000000000000000000000000000000000000000015016ffa018,96206,1,1,1
26,79,79,0x00001cf2,52,0,0x000000000000000000000000000000000000000000000000000000000000000000000000000000000000010003012025,96210,1,1,1
26,79,79,0x00001cf2,53,0,0x00000000000000000000000000000000000000000000000000000000000000000000000000000000000001a00800200b,96214,1,1,1
26,79,79,0x00001cf2,54,0,0x00000000000000000000000000000000000000000000000000000000000000000000000000000000000001001801b025,96218,1,1,1
26,79,79,0x00001cf2,55,0,0x00000000000000000000000000000000000000000000000000000000000000000000000000000000000000d01500e018,96222,1,1,1
26,79,79,0x00001cf2,56,0,0x000000000000000000000000000000000000000000000000000000000000000000000000000000000000ff800301a015,96226,1,1,1
26,79,79,0x00001cf2,57,0,0x000000000000000000000000000000000000000000000000000000000000000000000000000000000000003018020016,96230,1,1,1
26,79,79,0x00001cf2,58,0,0x00000000000000000000000000000000000000000000000000000000000000000000000000000000000000b015015010,96234,1,1,1
26,79,79,0x00001cf2,59,0,0x000000000000000000000000000000000000000000000000000000000000000000000000000000000000016015006012,96238,1,1,1
26,79,79,0x00001cf2,60,0,0x00000000000000000000000000000000000000000000000000000000000000000000000000000000000000b00d01602d,96242,1,1,1
26,79,79,0x00001cf2,61,0,0x00000000000000000000000000000000000000000000000000000000000000000000000000000000000000501500d013,96246,1,1,1
26,79,79,0x00001cf2,62,0,0x00000000000000000000000000000000000000000000000000000000000000000000000000000000000001200600e012,96250,1,1,1
26,79,79,0x00001cf2,63,1,0x000000000000000000000000000000000000000000000000000000000000000000000000000000000000010012020016,96254,1,1,1
27,80,80,0x00001453,0,0,0x000000000000000000000000000000000000000000000000000000000000000000000000000000000000015012003ffb,97570,1,1,1
27,80,80,0x00001453,1,0,0x000000000000000000000000000000000000000000000000000000000000000000000000000000000000003ffb00501a,97574,1,1,1
27,80,80,0x00001453,2,0,0x00000000000000000000000000000000000000000000000000000000000000000000000000000000000001d01d02001b,97578,1,1,1
27,80,80,0x00001453,3,0,0x00000000000000000000000000000000000000000000000000000000000000000000000000000000000001d02b013010,97582,1,1,1
27,80,80,0x00001453,4,0,0x00000000000000000000000000000000000000000000000000000000000000000000000000000000000001000e008006,97586,1,1,1
27,80,80,0x00001453,5,0,0x00000000000000000000000000000000000000000000000000000000000000000000000000000000000002000d015018,97590,1,1,1
27,80,80,0x00001453,6,0,0x000000000000000000000000000000000000000000000000000000000000000000000000000000000000ffd00e013016,97594,1,1,1
27,80,80,0x00001453,7,0,0x00000000000000000000000000000000000000000000000000000000000000000000000000000000000001a01300e01b,97598,1,1,1
27,80,80,0x00001453,8,0,0x00000000000000000000000000000000000000000000000000000000000000000000000000000000000000300d02001d,97602,1,1,1
27,80,80,0x00001453,9,0,0x00000000000000000000000000000000000000000000000000000000000000000000000000000000000001d022013006,97606,1,1,1
27,80,80,0x00001453,10,0,0x00000000000000000000000000000000000000000000000000000000000000000000000000000000000000aff6000002,97610,1,1,1
27,80,80,0x00001453,11,0,0x00000000000000000000000000000000000000000000000000000000000000000000000000000000000002601201e008,97614,1,1,1
27,80,80,0x00001453,12,0,0x000000000000000000000000000000000000000000000000000000000000000000000000000000000000fe804600d012,97618,1,1,1
27,80,80,0x00001453,13,0,0x000000000000000000000000000000000000000000000000000000000000000000000000000000000000fda04a053fe8,97622,1,1,1
27,80,80,0x00001453,14,0,0x000000000000000000000000000000000000000000000000000000000000000000000000000000000000050058010fda,97626,1,1,1
27,80,80,0x00001453,15,0,0x00000000000000000000000000000000000000000000000000000000000000000000000000000000000000afb3fbbfe6,97630,1,1,1
27,80,80,0x00001453,16,0,0x00000000000000000000000000000000000000000000000000000000000000000000000000000000000002207008604a,97634,1,1,1
27,80,80,0x00001453,17,0,0x000000000000000000000000000000000000000000000000000000000000000000000000000000000000fddfc6fc2fdb,97638,1,1,1
27,80,80,0x00001453,18,0,0x00000000000000000000000000000000000000000000000000000000000000000000000000000000000006004502a003,97642,1,1,1
27,80,80,0x00001453,19,0,0x000000000000000000000000000000000000000000000000000000000000000000000000000000000000ff601001d05d,97646,1,1,1
27,80,80,0x00001453,20,0,0x000000000000000000000000000000000000000000000000000000000000000000000000000000000000ff0fdefe3fe6,97650,1,1,1
27,80,80,0x00001453,21,0,0x00000000000000000000000000000000000000000000000000000000000000000000000000000000000002504503001b,97654,1,1,1
27,80,80,0x00001453,22,0,0x00000000000000000000000000000000000000000000000000000000000000000000000000000000000001001800e020,97658,1,1,1
27,80,80,0x00001453,23,0,0x00000000000000000000000000000000000000000000000000000000000000000000000000000000000000e00dffa00e,97662,1,1,1
27,80,80,0x00001453,24,0,0x000000000000000000000000000000000000000000000000000000000000000000000000000000000000008003020016,97666,1,1,1
27,80,80,0x00001453,25,0,0x00000000000000000000000000000000000000000000000000000000000000000000000000000000000000001a02a025,97670,1,1,1
27,80,80,0x00001453,26,0,0x00000000000000000000000000000000000000000000000000000000000000000000000000000000000001b00a00effb,97674,1,1,1
27,80,80,0x00001453,27,0,0x00000000000000000000000000000000000000000000000000000000000000000000000000000000000000d01b00e018,97678,1,1,1
27,80,80,0x00001453,28,0,0x00000000000000000000000000000000000000000000000000000000000000000000000000000000000000e01b000012,97682,1,1,1
27,80,80,0x00001453,29,0,0x00000000000000000000000000000000000000000000000000000000000000000000000000000000000001000b01a012,97686,1,1,1
27,80,80,0x00001453,30,0,0x000000000000000000000000000000000000000000000000000000000000000000000000000000000000025015013005,97690,1,1,1
27,80,80,0x00001453,31,0,0x00000000000000000000000000000000000000000000000000000000000000000000000000000000000001301e01001a,97694,1,1,1
27,80,80,0x00001453,32,0,0x00000000000000000000000000000000000000000000000000000000000000000000000000000000000001000d018015,97698,1,1,1
27,80,80,0x00001453,33,0,0x00000000000000000000000000000000000000000000000000000000000000000000000000000000000001801dffe010,97702,1,1,1
27,80,80,0x00001453,34,0,0x00000000000000000000000000000000000000000000000000000000000000000000000000000000000001b01200a012,97706,1,1,1
27,80,80,0x00001453,35,0,0x00000000000000000000000000000000000000000000000000000000000000000000000000000000000001301e02301d,97710,1,1,1
27,80,80,0x00001453,36,0,0x00000000000000000000000000000000000000000000000000000000000000000000000000000000000001200801500a,97714,1,1,1
27,80,80,0x00001453,37,0,0x00000000000000000000000000000000000000000000000000000000000000000000000000000000000000e003002012,97718,1,1,1
27,80,80,0x00001453,38,0,0x000000000000000000000000000000000000000000000000000000000000000000000000000000000000018020023012,97722,1,1,1
27,80,80,0x00001453,39,0,0x00000000000000000000000000000000000000000000000000000000000000000000000000000000000000b01d01b013,97726,1,1,1
27,80,80,0x00001453,40,0,0x000000000000000000000000000000000000000000000000000000000000000000000000000000000000ff301301000e,97730,1,1,1
27,80,80,0x00001453,41,0,0x00000000000000000000000000000000000000000000000000000000000000000000000000000000000000e02502600e,97734,1,1,1
27,80,80,0x00001453,42,0,0x000000000000000000000000000000000000000000000000000000000000000000000000000000000000000ff600affe,97738,1,1,1
27,80,80,0x00001453,43,0,0x00000000000000000000000000000000000000000000000000000000000000000000000000000000000001b01a025003,97742,1,1,1
27,80,80,0x00001453,44,0,0x00000000000000000000000000000000000000000000000000000000000000000000000000000000000001a020018006,97746,1,1,1
27,80,80,0x00001453,45,0,0x00000000000000000000000000000000000000000000000000000000000000000000000000000000000000600301301a,97750,1,1,1
27,80,80,0x00001453,46,0,0x00000000000000000000000000000000000000000000000000000000000000000000000000000000000001301a00a002,97754,1,1,1
27,80,80,0x00001453,47,0,0x00000000000000000000000000000000000000000000000000000000000000000000000000000000000001a01b005003,97758,1,1,1
27,80,80,0x00001453,48,0,0x00000000000000000000000000000000000000000000000000000000000000000000000000000000000001800d01200a,97762,1,1,1
27,80,80,0x00001453,49,0,0x000000000000000000000000000000000000000000000000000000000000000000000000000000000000025015013012,97766,1,1,1
27,80,80,0x00001453,50,0,0x00000000000000000000000000000000000000000000000000000000000000000000000000000000000001801801a016,97770,1,1,1
27,80,80,0x00001453,51,0,0x000000000000000000000000000000000000000000000000000000000000000000000000000000000000025015016ffa,97774,1,1,1
27,80,80,0x00001453,52,0,0x00000000000000000000000000000000000000000000000000000000000000000000000000000000000000b010003012,97778,1,1,1
27,80,80,0x00001453,53,0,0x00000000000000000000000000000000000000000000000000000000000000000000000000000000000002501a008002,97782,1,1,1
27,80,80,0x00001453,54,0,0x00000000000000000000000000000000000000000000000000000000000000000000000000000000000001801001801b,97786,1,1,1
27,80,80,0x00001453,55,0,0x00000000000000000000000000000000000000000000000000000000000000000000000000000000000001500d01500e,97790,1,1,1
27,80,80,0x00001453,56,0,0x000000000000000000000000000000000000000000000000000000000000000000000000000000000000016ff800301a,97794,1,1,1
27,80,80,0x00001453,57,0,0x000000000000000000000000000000000000000000000000000000000000000000000000000000000000010003018020,97798,1,1,1
27,80,80,0x00001453,58,0,0x00000000000000000000000000000000000000000000000000000000000000000000000000000000000001200b015015,97802,1,1,1
27,80,80,0x00001453,59,0,0x00000000000000000000000000000000000000000000000000000000000000000000000000000000000002d016015006,97806,1,1,1
27,80,80,0x00001453,60,0,0x00000000000000000000000000000000000000000000000000000000000000000000000000000000000001300b00d016,97810,1,1,1
27,80,80,0x00001453,61,0,0x00000000000000000000000000000000000000000000000000000000000000000000000000000000000001200501500d,97814,1,1,1
27,80,80,0x00001453,62,0,0x00000000000000000000000000000000000000000000000000000000000000000000000000000000000001601200600e,97818,1,1,1
27,80,80,0x00001453,63,1,0x000000000000000000000000000000000000000000000000000000000000000000000000000000000000018010012020,97822,1,1,1
28,81,81,0x000019b7,0,0,0x00000000000000000000000000000000000000000000000000000000000000000000000000000000000001a015012003,99134,1,1,1
28,81,81,0x000019b7,1,0,0x00000000000000000000000000000000000000000000000000000000000000000000000000000000000001b003ffb005,99138,1,1,1
28,81,81,0x000019b7,2,0,0x00000000000000000000000000000000000000000000000000000000000000000000000000000000000001001d01d020,99142,1,1,1
28,81,81,0x000019b7,3,0,0x00000000000000000000000000000000000000000000000000000000000000000000000000000000000000601d02b013,99146,1,1,1
28,81,81,0x000019b7,4,0,0x00000000000000000000000000000000000000000000000000000000000000000000000000000000000001801000e008,99150,1,1,1
28,81,81,0x000019b7,5,0,0x00000000000000000000000000000000000000000000000000000000000000000000000000000000000001602000d015,99154,1,1,1
28,81,81,0x000019b7,6,0,0x00000000000000000000000000000000000000000000000000000000000000000000000000000000000001bffd00e013,99158,1,1,1
28,81,81,0x000019b7,7,0,0x00000000000000000000000000000000000000000000000000000000000000000000000000000000000001d01a01300e,99162,1,1,1
28,81,81,0x000019b7,8,0,0x00000000000000000000000000000000000000000000000000000000000000000000000000000000000000600300d020,99166,1,1,1
28,81,81,0x000019b7,9,0,0x00000000000000000000000000000000000000000000000000000000000000000000000000000000000000201d022013,99170,1,1,1
28,81,81,0x000019b7,10,0,0x00000000000000000000000000000000000000000000000000000000000000000000000000000000000000800aff6000,99174,1,1,1
28,81,81,0x000019b7,11,0,0x00000000000000000000000000000000000000000000000000000000000000000000000000000000000001202601201e,99178,1,1,1
28,81,81,0x000019b7,12,0,0x000000000000000000000000000000000000000000000000000000000000000000000000000000000000fe8fe804600d,99182,1,1,1
28,81,81,0x000019b7,13,0,0x000000000000000000000000000000000000000000000000000000000000000000000000000000000000fdafda04a053,99186,1,1,1
28,81,81,0x000019b7,14,0,0x000000000000000000000000000000000000000000000000000000000000000000000000000000000000fe6050058010,99190,1,1,1
28,81,81,0x000019b7,15,0,0x00000000000000000000000000000000000000000000000000000000000000000000000000000000000004a00afb3fbb,99194,1,1,1
28,81,81,0x000019b7,16,0,0x000000000000000000000000000000000000000000000000000000000000000000000000000000000000fdb022070086,99198,1,1,1
28,81,81,0x000019b7,17,0,0x000000000000000000000000000000000000000000000000000000000000000000000000000000000000003fddfc6fc2,99202,1,1,1
28,81,81,0x000019b7,18,0,0x00000000000000000000000000000000000000000000000000000000000000000000000000000000000005d06004502a,99206,1,1,1
28,81,81,0x000019b7,19,0,0x000000000000000000000000000000000000000000000000000000000000000000000000000000000000fe6ff601001d,99210,1,1,1
28,81,81,0x000019b7,20,0,0x00000000000000000000000000000000000000000000000000000000000000000000000000000000000001bff0fdefe3,99214,1,1,1
28,81,81,0x000019b7,21,0,0x000000000000000000000000000000000000000000000000000000000000000000000000000000000000020025045030,99218,1,1,1
28,81,81,0x000019b7,22,0,0x00000000000000000000000000000000000000000000000000000000000000000000000000000000000000e01001800e,99222,1,1,1
28,81,81,0x000019b7,23,0,0x00000000000000000000000000000000000000000000000000000000000000000000000000000000000001600e00dffa,99226,1,1,1
28,81,81,0x000019b7,24,0,0x000000000000000000000000000000000000000000000000000000000000000000000000000000000000025008003020,99230,1,1,1
28,81,81,0x000019b7,25,0,0x000000000000000000000000000000000000000000000000000000000000000000000000000000000000ffb00001a02a,99234,1,1,1
28,81,81,0x000019b7,26,0,0x00000000000000000000000000000000000000000000000000000000000000000000000000000000000001801b00a00e,99238,1,1,1
28,81,81,0x000019b7,27,0,0x00000000000000000000000000000000000000000000000000000000000000000000000000000000000001200d01b00e,99242,1,1,1
28,81,81,0x000019b7,28,0,0x00000000000000000000000000000000000000000000000000000000000000000000000000000000000001200e01b000,99246,1,1,1
28,81,81,0x000019b7,29,0,0x00000000000000000000000000000000000000000000000000000000000000000000000000000000000000501000b01a,99250,1,1,1
28,81,81,0x000019b7,30,0,0x00000000000000000000000000000000000000000000000000000000000000000000000000000000000001a025015013,99254,1,1,1
28,81,81,0x000019b7,31,0,0x00000000000000000000000000000000000000000000000000000000000000000000000000000000000001501301e010,99258,1,1,1
28,81,81,0x000019b7,32,0,0x00000000000000000000000000000000000000000000000000000000000000000000000000000000000001001000d018,99262,1,1,1
28,81,81,0x000019b7,33,0,0x00000000000000000000000000000000000000000000000000000000000000000000000000000000000001201801dffe,99266,1,1,1
28,81,81,0x000019b7,34,0,0x00000000000000000000000000000000000000000000000000000000000000000000000000000000000001d01b01200a,99270,1,1,1
28,81,81,0x000019b7,35,0,0x00000000000000000000000000000000000000000000000000000000000000000000000000000000000000a01301e023,99274,1,1,1
28,81,81,0x000019b7,36,0,0x000000000000000000000000000000000000000000000000000000000000000000000000000000000000012012008015,99278,1,1,1
28,81,81,0x000019b7,37,0,0x00000000000000000000000000000000000000000000000000000000000000000000000000000000000001200e003002,99282,1,1,1
28,81,81,0x000019b7,38,0,0x000000000000000000000000000000000000000000000000000000000000000000000000000000000000013018020023,99286,1,1,1
28,81,81,0x000019b7,39,0,0x00000000000000000000000000000000000000000000000000000000000000000000000000000000000000e00b01d01b,99290,1,1,1
28,81,81,0x000019b7,40,0,0x00000000000000000000000000000000000000000000000000000000000000000000000000000000000000eff3013010,99294,1,1,1
28,81,81,0x000019b7,41,0,0x000000000000000000000000000000000000000000000000000000000000000000000000000000000000ffe00e025026,99298,1,1,1
28,81,81,0x000019b7,42,0,0x000000000000000000000000000000000000000000000000000000000000000000000000000000000000003000ff600a,99302,1,1,1
28,81,81,0x000019b7,43,0,0x00000000000000000000000000000000000000000000000000000000000000000000000000000000000000601b01a025,99306,1,1,1
28,81,81,0x000019b7,44,0,0x00000000000000000000000000000000000000000000000000000000000000000000000000000000000001a01a020018,99310,1,1,1
28,81,81,0x000019b7,45,0,0x000000000000000000000000000000000000000000000000000000000000000000000000000000000000002006003013,99314,1,1,1
28,81,81,0x000019b7,46,0,0x00000000000000000000000000000000000000000000000000000000000000000000000000000000000000301301a00a,99318,1,1,1
28,81,81,0x000019b7,47,0,0x00000000000000000000000000000000000000000000000000000000000000000000000000000000000000a01a01b005,99322,1,1,1
28,81,81,0x000019b7,48,0,0x00000000000000000000000000000000000000000000000000000000000000000000000000000000000001201800d012,99326,1,1,1
28,81,81,0x000019b7,49,0,0x000000000000000000000000000000000000000000000000000000000000000000000000000000000000016025015013,99330,1,1,1
28,81,81,0x000019b7,50,0,0x000000000000000000000000000000000000000000000000000000000000000000000000000000000000ffa01801801a,99334,1,1,1
28,81,81,0x000019b7,51,0,0x000000000000000000000000000000000000000000000000000000000000000000000000000000000000012025015016,99338,1,1,1
28,81,81,0x000019b7,52,0,0x00000000000000000000000000000000000000000000000000000000000000000000000000000000000000200b010003,99342,1,1,1
28,81,81,0x000019b7,53,0,0x00000000000000000000000000000000000000000000000000000000000000000000000000000000000001b02501a008,99346,1,1,1
28,81,81,0x000019b7,54,0,0x00000000000000000000000000000000000000000000000000000000000000000000000000000000000000e018010018,99350,1,1,1
28,81,81,0x000019b7,55,0,0x00000000000000000000000000000000000000000000000000000000000000000000000000000000000001a01500d015,99354,1,1,1
28,81,81,0x000019b7,56,0,0x000000000000000000000000000000000000000000000000000000000000000000000000000000000000020016ff8003,99358,1,1,1
28,81,81,0x000019b7,57,0,0x000000000000000000000000000000000000000000000000000000000000000000000000000000000000015010003018,99362,1,1,1
28,81,81,0x000019b7,58,0,0x00000000000000000000000000000000000000000000000000000000000000000000000000000000000000601200b015,99366,1,1,1
28,81,81,0x000019b7,59,0,0x00000000000000000000000000000000000000000000000000000000000000000000000000000000000001602d016015,99370,1,1,1
28,81,81,0x000019b7,60,0,0x00000000000000000000000000000000000000000000000000000000000000000000000000000000000000d01300b00d,99374,1,1,1
28,81,81,0x000019b7,61,0,0x00000000000000000000000000000000000000000000000000000000000000000000000000000000000000e012005015,99378,1,1,1
28,81,81,0x000019b7,62,0,0x000000000000000000000000000000000000000000000000000000000000000000000000000000000000020016012006,99382,1,1,1
28,81,81,0x000019b7,63,1,0x000000000000000000000000000000000000000000000000000000000000000000000000000000000000018018010012,99386,1,1,1
29,82,82,0x00002255,0,0,0x00000000000000000000000000000000000000000000000000000000000000000000000000000000000000501a015012,100698,1,1,1
29,82,82,0x00002255,1,0,0x00000000000000000000000000000000000000000000000000000000000000000000000000000000000002001b003ffb,100702,1,1,1
29,82,82,0x00002255,2,0,0x00000000000000000000000000000000000000000000000000000000000000000000000000000000000001301001d01d,100706,1,1,1
29,82,82,0x00002255,3,0,0x00000000000000000000000000000000000000000000000000000000000000000000000000000000000000800601d02b,100710,1,1,1
29,82,82,0x00002255,4,0,0x00000000000000000000000000000000000000000000000000000000000000000000000000000000000001501801000e,100714,1,1,1
29,82,82,0x00002255,5,0,0x00000000000000000000000000000000000000000000000000000000000000000000000000000000000001301602000d,100718,1,1,1
29,82,82,0x00002255,6,0,0x00000000000000000000000000000000000000000000000000000000000000000000000000000000000000e01bffd00e,100722,1,1,1
29,82,82,0x00002255,7,0,0x00000000000000000000000000000000000000000000000000000000000000000000000000000000000002001d01a013,100726,1,1,1
29,82,82,0x00002255,8,0,0x00000000000000000000000000000000000000000000000000000000000000000000000000000000000001300600300d,100730,1,1,1
29,82,82,0x00002255,9,0,0x00000000000000000000000000000000000000000000000000000000000000000000000000000000000000000201d022,100734,1,1,1
29,82,82,0x00002255,10,0,0x00000000000000000000000000000000000000000000000000000000000000000000000000000000000001e00800aff6,100738,1,1,1
29,82,82,0x00002255,11,0,0x00000000000000000000000000000000000000000000000000000000000000000000000000000000000000d012026012,100742,1,1,1
29,82,82,0x00002255,12,0,0x000000000000000000000000000000000000000000000000000000000000000000000000000000000000053fe8fe8046,100746,1,1,1
29,82,82,0x00002255,13,0,0x000000000000000000000000000000000000000000000000000000000000000000000000000000000000010fdafda04a,100750,1,1,1
29,82,82,0x00002255,14,0,0x000000000000000000000000000000000000000000000000000000000000000000000000000000000000fbbfe6050058,100754,1,1,1
29,82,82,0x00002255,15,0,0x00000000000000000000000000000000000000000000000000000000000000000000000000000000000008604a00afb3,100758,1,1,1
29,82,82,0x00002255,16,0,0x000000000000000000000000000000000000000000000000000000000000000000000000000000000000fc2fdb022070,100762,1,1,1
29,82,82,0x00002255,17,0,0x00000000000000000000000000000000000000000000000000000000000000000000000000000000000002a003fddfc6,100766,1,1,1
29,82,82,0x00002255,18,0,0x00000000000000000000000000000000000000000000000000000000000000000000000000000000000001d05d060045,100770,1,1,1
29,82,82,0x00002255,19,0,0x000000000000000000000000000000000000000000000000000000000000000000000000000000000000fe3fe6ff6010,100774,1,1,1
29,82,82,0x00002255,20,0,0x00000000000000000000000000000000000000000000000000000000000000000000000000000000000003001bff0fde,100778,1,1,1
29,82,82,0x00002255,21,0,0x00000000000000000000000000000000000000000000000000000000000000000000000000000000000000e020025045,100782,1,1,1
29,82,82,0x00002255,22,0,0x000000000000000000000000000000000000000000000000000000000000000000000000000000000000ffa00e010018,100786,1,1,1
29,82,82,0x00002255,23,0,0x00000000000000000000000000000000000000000000000000000000000000000000000000000000000002001600e00d,100790,1,1,1
29,82,82,0x00002255,24,0,0x00000000000000000000000000000000000000000000000000000000000000000000000000000000000002a025008003,100794,1,1,1
29,82,82,0x00002255,25,0,0x00000000000000000000000000000000000000000000000000000000000000000000000000000000000000effb00001a,100798,1,1,1
29,82,82,0x00002255,26,0,0x00000000000000000000000000000000000000000000000000000000000000000000000000000000000000e01801b00a,100802,1,1,1
29,82,82,0x00002255,27,0,0x00000000000000000000000000000000000000000000000000000000000000000000000000000000000000001200d01b,100806,1,1,1
29,82,82,0x00002255,28,0,0x00000000000000000000000000000000000000000000000000000000000000000000000000000000000001a01200e01b,100810,1,1,1
29,82,82,0x00002255,29,0,0x00000000000000000000000000000000000000000000000000000000000000000000000000000000000001300501000b,100814,1,1,1
29,82,82,0x00002255,30,0,0x00000000000000000000000000000000000000000000000000000000000000000000000000000000000001001a025015,100818,1,1,1
29,82,82,0x00002255,31,0,0x00000000000000000000000000000000000000000000000000000000000000000000000000000000000001801501301e,100822,1,1,1
29,82,82,0x00002255,32,0,0x000000000000000000000000000000000000000000000000000000000000000000000000000000000000ffe01001000d,100826,1,1,1
29,82,82,0x00002255,33,0,0x00000000000000000000000000000000000000000000000000000000000000000000000000000000000000a01201801d,100830,1,1,1
29,82,82,0x00002255,34,0,0x00000000000000000000000000000000000000000000000000000000000000000000000000000000000002301d01b012,100834,1,1,1
29,82,82,0x00002255,35,0,0x00000000000000000000000000000000000000000000000000000000000000000000000000000000000001500a01301e,100838,1,1,1
29,82,82,0x00002255,36,0,0x000000000000000000000000000000000000000000000000000000000000000000000000000000000000002012012008,100842,1,1,1
29,82,82,0x00002255,37,0,0x00000000000000000000000000000000000000000000000000000000000000000000000000000000000002301200e003,100846,1,1,1
29,82,82,0x00002255,38,0,0x00000000000000000000000000000000000000000000000000000000000000000000000000000000000001b013018020,100850,1,1,1
29,82,82,0x00002255,39,0,0x00000000000000000000000000000000000000000000000000000000000000000000000000000000000001000e00b01d,100854,1,1,1
29,82,82,0x00002255,40,0,0x00000000000000000000000000000000000000000000000000000000000000000000000000000000000002600eff3013,100858,1,1,1
29,82,82,0x00002255,41,0,0x00000000000000000000000000000000000000000000000000000000000000000000000000000000000000affe00e025,100862,1,1,1
29,82,82,0x00002255,42,0,0x000000000000000000000000000000000000000000000000000000000000000000000000000000000000025003000ff6,100866,1,1,1
29,82,82,0x00002255,43,0,0x00000000000000000000000000000000000000000000000000000000000000000000000000000000000001800601b01a,100870,1,1,1
29,82,82,0x00002255,44,0,0x00000000000000000000000000000000000000000000000000000000000000000000000000000000000001301a01a020,100874,1,1,1
29,82,82,0x00002255,45,0,0x00000000000000000000000000000000000000000000000000000000000000000000000000000000000000a002006003,100878,1,1,1
29,82,82,0x00002255,46,0,0x00000000000000000000000000000000000000000000000000000000000000000000000000000000000000500301301a,100882,1,1,1
29,82,82,0x00002255,47,0,0x00000000000000000000000000000000000000000000000000000000000000000000000000000000000001200a01a01b,100886,1,1,1
29,82,82,0x00002255,48,0,0x00000000000000000000000000000000000000000000000000000000000000000000000000000000000001301201800d,100890,1,1,1
29,82,82,0x00002255,49,0,0x00000000000000000000000000000000000000000000000000000000000000000000000000000000000001a016025015,100894,1,1,1
29,82,82,0x00002255,50,0,0x000000000000000000000000000000000000000000000000000000000000000000000000000000000000016ffa018018,100898,1,1,1
29,82,82,0x00002255,51,0,0x000000000000000000000000000000000000000000000000000000000000000000000000000000000000003012025015,100902,1,1,1
29,82,82,0x00002255,52,0,0x00000000000000000000000000000000000000000000000000000000000000000000000000000000000000800200b010,100906,1,1,1
29,82,82,0x00002255,53,0,0x00000000000000000000000000000000000000000000000000000000000000000000000000000000000001801b02501a,100910,1,1,1
29,82,82,0x00002255,54,0,0x00000000000000000000000000000000000000000000000000000000000000000000000000000000000001500e018010,100914,1,1,1
29,82,82,0x00002255,55,0,0x00000000000000000000000000000000000000000000000000000000000000000000000000000000000000301a01500d,100918,1,1,1
29,82,82,0x00002255,56,0,0x000000000000000000000000000000000000000000000000000000000000000000000000000000000000018020016ff8,100922,1,1,1
29,82,82,0x00002255,57,0,0x000000000000000000000000000000000000000000000000000000000000000000000000000000000000015015010003,100926,1,1,1
29,82,82,0x00002255,58,0,0x00000000000000000000000000000000000000000000000000000000000000000000000000000000000001500601200b,100930,1,1,1
29,82,82,0x00002255,59,0,0x00000000000000000000000000000000000000000000000000000000000000000000000000000000000000d01602d016,100934,1,1,1
29,82,82,0x00002255,60,0,0x00000000000000000000000000000000000000000000000000000000000000000000000000000000000001500d01300b,100938,1,1,1
29,82,82,0x00002255,61,0,0x00000000000000000000000000000000000000000000000000000000000000000000000000000000000000600e012005,100942,1,1,1
29,82,82,0x00002255,62,0,0x000000000000000000000000000000000000000000000000000000000000000000000000000000000000012020016012,100946,1,1,1
29,82,82,0x00002255,63,1,0x000000000000000000000000000000000000000000000000000000000000000000000000000000000000002018018010,100950,1,1,1
30,83,83,0x00001ed5,0,0,0x000000000000000000000000000000000000000000000000000000000000000000000000000000000000ffb00501a015,102262,1,1,1
30,83,83,0x00001ed5,1,0,0x00000000000000000000000000000000000000000000000000000000000000000000000000000000000001d02001b003,102266,1,1,1
30,83,83,0x00001ed5,2,0,0x00000000000000000000000000000000000000000000000000000000000000000000000000000000000002b01301001d,102270,1,1,1
30,83,83,0x00001ed5,3,0,0x00000000000000000000000000000000000000000000000000000000000000000000000000000000000000e00800601d,102274,1,1,1
30,83,83,0x00001ed5,4,0,0x00000000000000000000000000000000000000000000000000000000000000000000000000000000000000d015018010,102278,1,1,1
30,83,83,0x00001ed5,5,0,0x00000000000000000000000000000000000000000000000000000000000000000000000000000000000000e013016020,102282,1,1,1
30,83,83,0x00001ed5,6,0,0x00000000000000000000000000000000000000000000000000000000000000000000000000000000000001300e01bffd,102286,1,1,1
30,83,83,0x00001ed5,7,0,0x00000000000000000000000000000000000000000000000000000000000000000000000000000000000000d02001d01a,102290,1,1,1
30,83,83,0x00001ed5,8,0,0x000000000000000000000000000000000000000000000000000000000000000000000000000000000000022013006003,102294,1,1,1
30,83,83,0x00001ed5,9,0,0x000000000000000000000000000000000000000000000000000000000000000000000000000000000000ff600000201d,102298,1,1,1
30,83,83,0x00001ed5,10,0,0x00000000000000000000000000000000000000000000000000000000000000000000000000000000000001201e00800a,102302,1,1,1
30,83,83,0x00001ed5,11,0,0x00000000000000000000000000000000000000000000000000000000000000000000000000000000000004600d012026,102306,1,1,1
30,83,83,0x00001ed5,12,0,0x00000000000000000000000000000000000000000000000000000000000000000000000000000000000004a053fe8fe8,102310,1,1,1
30,83,83,0x00001ed5,13,0,0x000000000000000000000000000000000000000000000000000000000000000000000000000000000000058010fdafda,102314,1,1,1
30,83,83,0x00001ed5,14,0,0x000000000000000000000000000000000000000000000000000000000000000000000000000000000000fb3fbbfe6050,102318,1,1,1
30,83,83,0x00001ed5,15,0,0x00000000000000000000000000000000000000000000000000000000000000000000000000000000000007008604a00a,102322,1,1,1
30,83,83,0x00001ed5,16,0,0x000000000000000000000000000000000000000000000000000000000000000000000000000000000000fc6fc2fdb022,102326,1,1,1
30,83,83,0x00001ed5,17,0,0x00000000000000000000000000000000000000000000000000000000000000000000000000000000000004502a003fdd,102330,1,1,1
30,83,83,0x00001ed5,18,0,0x00000000000000000000000000000000000000000000000000000000000000000000000000000000000001001d05d060,102334,1,1,1
30,83,83,0x00001ed5,19,0,0x000000000000000000000000000000000000000000000000000000000000000000000000000000000000fdefe3fe6ff6,102338,1,1,1
30,83,83,0x00001ed5,20,0,0x00000000000000000000000000000000000000000000000000000000000000000000000000000000000004503001bff0,102342,1,1,1
30,83,83,0x00001ed5,21,0,0x00000000000000000000000000000000000000000000000000000000000000000000000000000000000001800e020025,102346,1,1,1
30,83,83,0x00001ed5,22,0,0x00000000000000000000000000000000000000000000000000000000000000000000000000000000000000dffa00e010,102350,1,1,1
30,83,83,0x00001ed5,23,0,0x00000000000000000000000000000000000000000000000000000000000000000000000000000000000000302001600e,102354,1,1,1
30,83,83,0x00001ed5,24,0,0x00000000000000000000000000000000000000000000000000000000000000000000000000000000000001a02a025008,102358,1,1,1
30,83,83,0x00001ed5,25,0,0x00000000000000000000000000000000000000000000000000000000000000000000000000000000000000a00effb000,102362,1,1,1
30,83,83,0x00001ed5,26,0,0x00000000000000000000000000000000000000000000000000000000000000000000000000000000000001b00e01801b,102366,1,1,1
30,83,83,0x00001ed5,27,0,0x00000000000000000000000000000000000000000000000000000000000000000000000000000000000001b00001200d,102370,1,1,1
30,83,83,0x00001ed5,28,0,0x00000000000000000000000000000000000000000000000000000000000000000000000000000000000000b01a01200e,102374,1,1,1
30,83,83,0x00001ed5,29,0,0x000000000000000000000000000000000000000000000000000000000000000000000000000000000000015013005010,102378,1,1,1
30,83,83,0x00001ed5,30,0,0x00000000000000000000000000000000000000000000000000000000000000000000000000000000000001e01001a025,102382,1,1,1
30,83,83,0x00001ed5,31,0,0x00000000000000000000000000000000000000000000000000000000000000000000000000000000000000d018015013,102386,1,1,1
30,83,83,0x00001ed5,32,0,0x00000000000000000000000000000000000000000000000000000000000000000000000000000000000001dffe010010,102390,1,1,1
30,83,83,0x00001ed5,33,0,0x00000000000000000000000000000000000000000000000000000000000000000000000000000000000001200a012018,102394,1,1,1
30,83,83,0x00001ed5,34,0,0x00000000000000000000000000000000000000000000000000000000000000000000000000000000000001e02301d01b,102398,1,1,1
30,83,83,0x00001ed5,35,0,0x00000000000000000000000000000000000000000000000000000000000000000000000000000000000000801500a013,102402,1,1,1
30,83,83,0x00001ed5,36,0,0x000000000000000000000000000000000000000000000000000000000000000000000000000000000000003002012012,102406,1,1,1
30,83,83,0x00001ed5,37,0,0x00000000000000000000000000000000000000000000000000000000000000000000000000000000000002002301200e,102410,1,1,1
30,83,83,0x00001ed5,38,0,0x00000000000000000000000000000000000000000000000000000000000000000000000000000000000001d01b013018,102414,1,1,1
30,83,83,0x00001ed5,39,0,0x00000000000000000000000000000000000000000000000000000000000000000000000000000000000001301000e00b,102418,1,1,1
30,83,83,0x00001ed5,40,0,0x00000000000000000000000000000000000000000000000000000000000000000000000000000000000002502600eff3,102422,1,1,1
30,83,83,0x00001ed5,41,0,0x000000000000000000000000000000000000000000000000000000000000000000000000000000000000ff600affe00e,102426,1,1,1
30,83,83,0x00001ed5,42,0,0x00000000000000000000000000000000000000000000000000000000000000000000000000000000000001a025003000,102430,1,1,1
30,83,83,0x00001ed5,43,0,0x00000000000000000000000000000000000000000000000000000000000000000000000000000000000002001800601b,102434,1,1,1
30,83,83,0x00001ed5,44,0,0x00000000000000000000000000000000000000000000000000000000000000000000000000000000000000301301a01a,102438,1,1,1
30,83,83,0x00001ed5,45,0,0x00000000000000000000000000000000000000000000000000000000000000000000000000000000000001a00a002006,102442,1,1,1
30,83,83,0x00001ed5,46,0,0x00000000000000000000000000000000000000000000000000000000000000000000000000000000000001b005003013,102446,1,1,1
30,83,83,0x00001ed5,47,0,0x00000000000000000000000000000000000000000000000000000000000000000000000000000000000000d01200a01a,102450,1,1,1
30,83,83,0x00001ed5,48,0,0x000000000000000000000000000000000000000000000000000000000000000000000000000000000000015013012018,102454,1,1,1
30,83,83,0x00001ed5,49,0,0x00000000000000000000000000000000000000000000000000000000000000000000000000000000000001801a016025,102458,1,1,1
30,83,83,0x00001ed5,50,0,0x000000000000000000000000000000000000000000000000000000000000000000000000000000000000015016ffa018,102462,1,1,1
30,83,83,0x00001ed5,51,0,0x000000000000000000000000000000000000000000000000000000000000000000000000000000000000010003012025,102466,1,1,1
30,83,83,0x00001ed5,52,0,0x00000000000000000000000000000000000000000000000000000000000000000000000000000000000001a00800200b,102470,1,1,1
30,83,83,0x00001ed5,53,0,0x00000000000000000000000000000000000000000000000000000000000000000000000000000000000001001801b025,102474,1,1,1
30,83,83,0x00001ed5,54,0,0x00000000000000000000000000000000000000000000000000000000000000000000000000000000000000d01500e018,102478,1,1,1
30,83,83,0x00001ed5,55,0,0x000000000000000000000000000000000000000000000000000000000000000000000000000000000000ff800301a015,102482,1,1,1
30,83,83,0x00001ed5,56,0,0x000000000000000000000000000000000000000000000000000000000000000000000000000000000000003018020016,102486,1,1,1
30,83,83,0x00001ed5,57,0,0x00000000000000000000000000000000000000000000000000000000000000000000000000000000000000b015015010,102490,1,1,1
30,83,83,0x00001ed5,58,0,0x000000000000000000000000000000000000000000000000000000000000000000000000000000000000016015006012,102494,1,1,1
30,83,83,0x00001ed5,59,0,0x00000000000000000000000000000000000000000000000000000000000000000000000000000000000000b00d01602d,102498,1,1,1
30,83,83,0x00001ed5,60,0,0x00000000000000000000000000000000000000000000000000000000000000000000000000000000000000501500d013,102502,1,1,1
30,83,83,0x00001ed5,61,0,0x00000000000000000000000000000000000000000000000000000000000000000000000000000000000001200600e012,102506,1,1,1
30,83,83,0x00001ed5,62,0,0x000000000000000000000000000000000000000000000000000000000000000000000000000000000000010012020016,102510,1,1,1
30,83,83,0x00001ed5,63,1,0x00000000000000000000000000000000000000000000000000000000000000000000000000000000000000b002018018,102514,1,1,1
31,84,84,0x0000189d,0,0,0x000000000000000000000000000000000000000000000000000000000000000000000000000000000000003ffb00501a,103830,1,1,1
31,84,84,0x0000189d,1,0,0x00000000000000000000000000000000000000000000000000000000000000000000000000000000000001d01d02001b,103834,1,1,1
31,84,84,0x0000189d,2,0,0x00000000000000000000000000000000000000000000000000000000000000000000000000000000000001d02b013010,103838,1,1,1
31,84,84,0x0000189d,3,0,0x00000000000000000000000000000000000000000000000000000000000000000000000000000000000001000e008006,103842,1,1,1
31,84,84,0x0000189d,4,0,0x00000000000000000000000000000000000000000000000000000000000000000000000000000000000002000d015018,103846,1,1,1
31,84,84,0x0000189d,5,0,0x000000000000000000000000000000000000000000000000000000000000000000000000000000000000ffd00e013016,103850,1,1,1
31,84,84,0x0000189d,6,0,0x00000000000000000000000000000000000000000000000000000000000000000000000000000000000001a01300e01b,103854,1,1,1
31,84,84,0x0000189d,7,0,0x00000000000000000000000000000000000000000000000000000000000000000000000000000000000000300d02001d,103858,1,1,1
31,84,84,0x0000189d,8,0,0x00000000000000000000000000000000000000000000000000000000000000000000000000000000000001d022013006,103862,1,1,1
31,84,84,0x0000189d,9,0,0x00000000000000000000000000000000000000000000000000000000000000000000000000000000000000aff6000002,103866,1,1,1
31,84,84,0x0000189d,10,0,0x00000000000000000000000000000000000000000000000000000000000000000000000000000000000002601201e008,103870,1,1,1
31,84,84,0x0000189d,11,0,0x000000000000000000000000000000000000000000000000000000000000000000000000000000000000fe804600d012,103874,1,1,1
31,84,84,0x0000189d,12,0,0x000000000000000000000000000000000000000000000000000000000000000000000000000000000000fda04a053fe8,103878,1,1,1
31,84,84,0x0000189d,13,0,0x000000000000000000000000000000000000000000000000000000000000000000000000000000000000050058010fda,103882,1,1,1
31,84,84,0x0000189d,14,0,0x00000000000000000000000000000000000000000000000000000000000000000000000000000000000000afb3fbbfe6,103886,1,1,1
31,84,84,0x0000189d,15,0,0x00000000000000000000000000000000000000000000000000000000000000000000000000000000000002207008604a,103890,1,1,1
31,84,84,0x0000189d,16,0,0x000000000000000000000000000000000000000000000000000000000000000000000000000000000000fddfc6fc2fdb,103894,1,1,1
31,84,84,0x0000189d,17,0,0x00000000000000000000000000000000000000000000000000000000000000000000000000000000000006004502a003,103898,1,1,1
31,84,84,0x0000189d,18,0,0x000000000000000000000000000000000000000000000000000000000000000000000000000000000000ff601001d05d,103902,1,1,1
31,84,84,0x0000189d,19,0,0x000000000000000000000000000000000000000000000000000000000000000000000000000000000000ff0fdefe3fe6,103906,1,1,1
31,84,84,0x0000189d,20,0,0x00000000000000000000000000000000000000000000000000000000000000000000000000000000000002504503001b,103910,1,1,1
31,84,84,0x0000189d,21,0,0x00000000000000000000000000000000000000000000000000000000000000000000000000000000000001001800e020,103914,1,1,1
31,84,84,0x0000189d,22,0,0x00000000000000000000000000000000000000000000000000000000000000000000000000000000000000e00dffa00e,103918,1,1,1
31,84,84,0x0000189d,23,0,0x000000000000000000000000000000000000000000000000000000000000000000000000000000000000008003020016,103922,1,1,1
31,84,84,0x0000189d,24,0,0x00000000000000000000000000000000000000000000000000000000000000000000000000000000000000001a02a025,103926,1,1,1
31,84,84,0x0000189d,25,0,0x00000000000000000000000000000000000000000000000000000000000000000000000000000000000001b00a00effb,103930,1,1,1
31,84,84,0x0000189d,26,0,0x00000000000000000000000000000000000000000000000000000000000000000000000000000000000000d01b00e018,103934,1,1,1
31,84,84,0x0000189d,27,0,0x00000000000000000000000000000000000000000000000000000000000000000000000000000000000000e01b000012,103938,1,1,1
31,84,84,0x0000189d,28,0,0x00000000000000000000000000000000000000000000000000000000000000000000000000000000000001000b01a012,103942,1,1,1
31,84,84,0x0000189d,29,0,0x000000000000000000000000000000000000000000000000000000000000000000000000000000000000025015013005,103946,1,1,1
31,84,84,0x0000189d,30,0,0x00000000000000000000000000000000000000000000000000000000000000000000000000000000000001301e01001a,103950,1,1,1
31,84,84,0x0000189d,31,0,0x00000000000000000000000000000000000000000000000000000000000000000000000000000000000001000d018015,103954,1,1,1
31,84,84,0x0000189d,32,0,0x00000000000000000000000000000000000000000000000000000000000000000000000000000000000001801dffe010,103958,1,1,1
31,84,84,0x0000189d,33,0,0x00000000000000000000000000000000000000000000000000000000000000000000000000000000000001b01200a012,103962,1,1,1
31,84,84,0x0000189d,34,0,0x00000000000000000000000000000000000000000000000000000000000000000000000000000000000001301e02301d,103966,1,1,1
31,84,84,0x0000189d,35,0,0x00000000000000000000000000000000000000000000000000000000000000000000000000000000000001200801500a,103970,1,1,1
31,84,84,0x0000189d,36,0,0x00000000000000000000000000000000000000000000000000000000000000000000000000000000000000e003002012,103974,1,1,1
31,84,84,0x0000189d,37,0,0x000000000000000000000000000000000000000000000000000000000000000000000000000000000000018020023012,103978,1,1,1
31,84,84,0x0000189d,38,0,0x00000000000000000000000000000000000000000000000000000000000000000000000000000000000000b01d01b013,103982,1,1,1
31,84,84,0x0000189d,39,0,0x000000000000000000000000000000000000000000000000000000000000000000000000000000000000ff301301000e,103986,1,1,1
31,84,84,0x0000189d,40,0,0x00000000000000000000000000000000000000000000000000000000000000000000000000000000000000e02502600e,103990,1,1,1
31,84,84,0x0000189d,41,0,0x000000000000000000000000000000000000000000000000000000000000000000000000000000000000000ff600affe,103994,1,1,1
31,84,84,0x0000189d,42,0,0x00000000000000000000000000000000000000000000000000000000000000000000000000000000000001b01a025003,103998,1,1,1
31,84,84,0x0000189d,43,0,0x00000000000000000000000000000000000000000000000000000000000000000000000000000000000001a020018006,104002,1,1,1
31,84,84,0x0000189d,44,0,0x00000000000000000000000000000000000000000000000000000000000000000000000000000000000000600301301a,104006,1,1,1
31,84,84,0x0000189d,45,0,0x00000000000000000000000000000000000000000000000000000000000000000000000000000000000001301a00a002,104010,1,1,1
31,84,84,0x0000189d,46,0,0x00000000000000000000000000000000000000000000000000000000000000000000000000000000000001a01b005003,104014,1,1,1
31,84,84,0x0000189d,47,0,0x00000000000000000000000000000000000000000000000000000000000000000000000000000000000001800d01200a,104018,1,1,1
31,84,84,0x0000189d,48,0,0x000000000000000000000000000000000000000000000000000000000000000000000000000000000000025015013012,104022,1,1,1
31,84,84,0x0000189d,49,0,0x00000000000000000000000000000000000000000000000000000000000000000000000000000000000001801801a016,104026,1,1,1
31,84,84,0x0000189d,50,0,0x000000000000000000000000000000000000000000000000000000000000000000000000000000000000025015016ffa,104030,1,1,1
31,84,84,0x0000189d,51,0,0x00000000000000000000000000000000000000000000000000000000000000000000000000000000000000b010003012,104034,1,1,1
31,84,84,0x0000189d,52,0,0x00000000000000000000000000000000000000000000000000000000000000000000000000000000000002501a008002,104038,1,1,1
31,84,84,0x0000189d,53,0,0x00000000000000000000000000000000000000000000000000000000000000000000000000000000000001801001801b,104042,1,1,1
31,84,84,0x0000189d,54,0,0x00000000000000000000000000000000000000000000000000000000000000000000000000000000000001500d01500e,104046,1,1,1
31,84,84,0x0000189d,55,0,0x000000000000000000000000000000000000000000000000000000000000000000000000000000000000016ff800301a,104050,1,1,1
31,84,84,0x0000189d,56,0,0x000000000000000000000000000000000000000000000000000000000000000000000000000000000000010003018020,104054,1,1,1
31,84,84,0x0000189d,57,0,0x00000000000000000000000000000000000000000000000000000000000000000000000000000000000001200b015015,104058,1,1,1
31,84,84,0x0000189d,58,0,0x00000000000000000000000000000000000000000000000000000000000000000000000000000000000002d016015006,104062,1,1,1
31,84,84,0x0000189d,59,0,0x00000000000000000000000000000000000000000000000000000000000000000000000000000000000001300b00d016,104066,1,1,1
31,84,84,0x0000189d,60,0,0x00000000000000000000000000000000000000000000000000000000000000000000000000000000000001200501500d,104070,1,1,1
31,84,84,0x0000189d,61,0,0x00000000000000000000000000000000000000000000000000000000000000000000000000000000000001601200600e,104074,1,1,1
31,84,84,0x0000189d,62,0,0x000000000000000000000000000000000000000000000000000000000000000000000000000000000000018010012020,104078,1,1,1
31,84,84,0x0000189d,63,1,0x00000000000000000000000000000000000000000000000000000000000000000000000000000000000001800b002018,104082,1,1,1
32,85,85,0x000012f2,0,0,0x00000000000000000000000000000000000000000000000000000000000000000000000000000000000001b003ffb005,105394,1,1,1
32,85,85,0x000012f2,1,0,0x00000000000000000000000000000000000000000000000000000000000000000000000000000000000001001d01d020,105398,1,1,1
32,85,85,0x000012f2,2,0,0x00000000000000000000000000000000000000000000000000000000000000000000000000000000000000601d02b013,105402,1,1,1
32,85,85,0x000012f2,3,0,0x00000000000000000000000000000000000000000000000000000000000000000000000000000000000001801000e008,105406,1,1,1
32,85,85,0x000012f2,4,0,0x00000000000000000000000000000000000000000000000000000000000000000000000000000000000001602000d015,105410,1,1,1
32,85,85,0x000012f2,5,0,0x00000000000000000000000000000000000000000000000000000000000000000000000000000000000001bffd00e013,105414,1,1,1
32,85,85,0x000012f2,6,0,0x00000000000000000000000000000000000000000000000000000000000000000000000000000000000001d01a01300e,105418,1,1,1
32,85,85,0x000012f2,7,0,0x00000000000000000000000000000000000000000000000000000000000000000000000000000000000000600300d020,105422,1,1,1
32,85,85,0x000012f2,8,0,0x00000000000000000000000000000000000000000000000000000000000000000000000000000000000000201d022013,105426,1,1,1
32,85,85,0x000012f2,9,0,0x00000000000000000000000000000000000000000000000000000000000000000000000000000000000000800aff6000,105430,1,1,1
32,85,85,0x000012f2,10,0,0x00000000000000000000000000000000000000000000000000000000000000000000000000000000000001202601201e,105434,1,1,1
32,85,85,0x000012f2,11,0,0x000000000000000000000000000000000000000000000000000000000000000000000000000000000000fe8fe804600d,105438,1,1,1
32,85,85,0x000012f2,12,0,0x000000000000000000000000000000000000000000000000000000000000000000000000000000000000fdafda04a053,105442,1,1,1
32,85,85,0x000012f2,13,0,0x000000000000000000000000000000000000000000000000000000000000000000000000000000000000fe6050058010,105446,1,1,1
32,85,85,0x000012f2,14,0,0x00000000000000000000000000000000000000000000000000000000000000000000000000000000000004a00afb3fbb,105450,1,1,1
32,85,85,0x000012f2,15,0,0x000000000000000000000000000000000000000000000000000000000000000000000000000000000000fdb022070086,105454,1,1,1
32,85,85,0x000012f2,16,0,0x000000000000000000000000000000000000000000000000000000000000000000000000000000000000003fddfc6fc2,105458,1,1,1
32,85,85,0x000012f2,17,0,0x00000000000000000000000000000000000000000000000000000000000000000000000000000000000005d06004502a,105462,1,1,1
32,85,85,0x000012f2,18,0,0x000000000000000000000000000000000000000000000000000000000000000000000000000000000000fe6ff601001d,105466,1,1,1
32,85,85,0x000012f2,19,0,0x00000000000000000000000000000000000000000000000000000000000000000000000000000000000001bff0fdefe3,105470,1,1,1
32,85,85,0x000012f2,20,0,0x000000000000000000000000000000000000000000000000000000000000000000000000000000000000020025045030,105474,1,1,1
32,85,85,0x000012f2,21,0,0x00000000000000000000000000000000000000000000000000000000000000000000000000000000000000e01001800e,105478,1,1,1
32,85,85,0x000012f2,22,0,0x00000000000000000000000000000000000000000000000000000000000000000000000000000000000001600e00dffa,105482,1,1,1
32,85,85,0x000012f2,23,0,0x000000000000000000000000000000000000000000000000000000000000000000000000000000000000025008003020,105486,1,1,1
32,85,85,0x000012f2,24,0,0x000000000000000000000000000000000000000000000000000000000000000000000000000000000000ffb00001a02a,105490,1,1,1
32,85,85,0x000012f2,25,0,0x00000000000000000000000000000000000000000000000000000000000000000000000000000000000001801b00a00e,105494,1,1,1
32,85,85,0x000012f2,26,0,0x00000000000000000000000000000000000000000000000000000000000000000000000000000000000001200d01b00e,105498,1,1,1
32,85,85,0x000012f2,27,0,0x00000000000000000000000000000000000000000000000000000000000000000000000000000000000001200e01b000,105502,1,1,1
32,85,85,0x000012f2,28,0,0x00000000000000000000000000000000000000000000000000000000000000000000000000000000000000501000b01a,105506,1,1,1
32,85,85,0x000012f2,29,0,0x00000000000000000000000000000000000000000000000000000000000000000000000000000000000001a025015013,105510,1,1,1
32,85,85,0x000012f2,30,0,0x00000000000000000000000000000000000000000000000000000000000000000000000000000000000001501301e010,105514,1,1,1
32,85,85,0x000012f2,31,0,0x00000000000000000000000000000000000000000000000000000000000000000000000000000000000001001000d018,105518,1,1,1
32,85,85,0x000012f2,32,0,0x00000000000000000000000000000000000000000000000000000000000000000000000000000000000001201801dffe,105522,1,1,1
32,85,85,0x000012f2,33,0,0x00000000000000000000000000000000000000000000000000000000000000000000000000000000000001d01b01200a,105526,1,1,1
32,85,85,0x000012f2,34,0,0x00000000000000000000000000000000000000000000000000000000000000000000000000000000000000a01301e023,105530,1,1,1
32,85,85,0x000012f2,35,0,0x000000000000000000000000000000000000000000000000000000000000000000000000000000000000012012008015,105534,1,1,1
32,85,85,0x000012f2,36,0,0x00000000000000000000000000000000000000000000000000000000000000000000000000000000000001200e003002,105538,1,1,1
32,85,85,0x000012f2,37,0,0x000000000000000000000000000000000000000000000000000000000000000000000000000000000000013018020023,105542,1,1,1
32,85,85,0x000012f2,38,0,0x00000000000000000000000000000000000000000000000000000000000000000000000000000000000000e00b01d01b,105546,1,1,1
32,85,85,0x000012f2,39,0,0x00000000000000000000000000000000000000000000000000000000000000000000000000000000000000eff3013010,105550,1,1,1
32,85,85,0x000012f2,40,0,0x000000000000000000000000000000000000000000000000000000000000000000000000000000000000ffe00e025026,105554,1,1,1
32,85,85,0x000012f2,41,0,0x000000000000000000000000000000000000000000000000000000000000000000000000000000000000003000ff600a,105558,1,1,1
32,85,85,0x000012f2,42,0,0x00000000000000000000000000000000000000000000000000000000000000000000000000000000000000601b01a025,105562,1,1,1
32,85,85,0x000012f2,43,0,0x00000000000000000000000000000000000000000000000000000000000000000000000000000000000001a01a020018,105566,1,1,1
32,85,85,0x000012f2,44,0,0x000000000000000000000000000000000000000000000000000000000000000000000000000000000000002006003013,105570,1,1,1
32,85,85,0x000012f2,45,0,0x00000000000000000000000000000000000000000000000000000000000000000000000000000000000000301301a00a,105574,1,1,1
32,85,85,0x000012f2,46,0,0x00000000000000000000000000000000000000000000000000000000000000000000000000000000000000a01a01b005,105578,1,1,1
32,85,85,0x000012f2,47,0,0x00000000000000000000000000000000000000000000000000000000000000000000000000000000000001201800d012,105582,1,1,1
32,85,85,0x000012f2,48,0,0x000000000000000000000000000000000000000000000000000000000000000000000000000000000000016025015013,105586,1,1,1
32,85,85,0x000012f2,49,0,0x000000000000000000000000000000000000000000000000000000000000000000000000000000000000ffa01801801a,105590,1,1,1
32,85,85,0x000012f2,50,0,0x000000000000000000000000000000000000000000000000000000000000000000000000000000000000012025015016,105594,1,1,1
32,85,85,0x000012f2,51,0,0x00000000000000000000000000000000000000000000000000000000000000000000000000000000000000200b010003,105598,1,1,1
32,85,85,0x000012f2,52,0,0x00000000000000000000000000000000000000000000000000000000000000000000000000000000000001b02501a008,105602,1,1,1
32,85,85,0x000012f2,53,0,0x00000000000000000000000000000000000000000000000000000000000000000000000000000000000000e018010018,105606,1,1,1
32,85,85,0x000012f2,54,0,0x00000000000000000000000000000000000000000000000000000000000000000000000000000000000001a01500d015,105610,1,1,1
32,85,85,0x000012f2,55,0,0x000000000000000000000000000000000000000000000000000000000000000000000000000000000000020016ff8003,105614,1,1,1
32,85,85,0x000012f2,56,0,0x000000000000000000000000000000000000000000000000000000000000000000000000000000000000015010003018,105618,1,1,1
32,85,85,0x000012f2,57,0,0x00000000000000000000000000000000000000000000000000000000000000000000000000000000000000601200b015,105622,1,1,1
32,85,85,0x000012f2,58,0,0x00000000000000000000000000000000000000000000000000000000000000000000000000000000000001602d016015,105626,1,1,1
32,85,85,0x000012f2,59,0,0x00000000000000000000000000000000000000000000000000000000000000000000000000000000000000d01300b00d,105630,1,1,1
32,85,85,0x000012f2,60,0,0x00000000000000000000000000000000000000000000000000000000000000000000000000000000000000e012005015,105634,1,1,1
32,85,85,0x000012f2,61,0,0x000000000000000000000000000000000000000000000000000000000000000000000000000000000000020016012006,105638,1,1,1
32,85,85,0x000012f2,62,0,0x000000000000000000000000000000000000000000000000000000000000000000000000000000000000018018010012,105642,1,1,1
32,85,85,0x000012f2,63,1,0x00000000000000000000000000000000000000000000000000000000000000000000000000000000000002301800b002,105646,1,1,1
33,86,86,0x00000d00,0,0,0x00000000000000000000000000000000000000000000000000000000000000000000000000000000000002001b003ffb,106958,1,1,1
33,86,86,0x00000d00,1,0,0x00000000000000000000000000000000000000000000000000000000000000000000000000000000000001301001d01d,106962,1,1,1
33,86,86,0x00000d00,2,0,0x00000000000000000000000000000000000000000000000000000000000000000000000000000000000000800601d02b,106966,1,1,1
33,86,86,0x00000d00,3,0,0x00000000000000000000000000000000000000000000000000000000000000000000000000000000000001501801000e,106970,1,1,1
33,86,86,0x00000d00,4,0,0x00000000000000000000000000000000000000000000000000000000000000000000000000000000000001301602000d,106974,1,1,1
33,86,86,0x00000d00,5,0,0x00000000000000000000000000000000000000000000000000000000000000000000000000000000000000e01bffd00e,106978,1,1,1
33,86,86,0x00000d00,6,0,0x00000000000000000000000000000000000000000000000000000000000000000000000000000000000002001d01a013,106982,1,1,1
33,86,86,0x00000d00,7,0,0x00000000000000000000000000000000000000000000000000000000000000000000000000000000000001300600300d,106986,1,1,1
33,86,86,0x00000d00,8,0,0x00000000000000000000000000000000000000000000000000000000000000000000000000000000000000000201d022,106990,1,1,1
33,86,86,0x00000d00,9,0,0x00000000000000000000000000000000000000000000000000000000000000000000000000000000000001e00800aff6,106994,1,1,1
33,86,86,0x00000d00,10,0,0x00000000000000000000000000000000000000000000000000000000000000000000000000000000000000d012026012,106998,1,1,1
33,86,86,0x00000d00,11,0,0x000000000000000000000000000000000000000000000000000000000000000000000000000000000000053fe8fe8046,107002,1,1,1
33,86,86,0x00000d00,12,0,0x000000000000000000000000000000000000000000000000000000000000000000000000000000000000010fdafda04a,107006,1,1,1
33,86,86,0x00000d00,13,0,0x000000000000000000000000000000000000000000000000000000000000000000000000000000000000fbbfe6050058,107010,1,1,1
33,86,86,0x00000d00,14,0,0x00000000000000000000000000000000000000000000000000000000000000000000000000000000000008604a00afb3,107014,1,1,1
33,86,86,0x00000d00,15,0,0x000000000000000000000000000000000000000000000000000000000000000000000000000000000000fc2fdb022070,107018,1,1,1
33,86,86,0x00000d00,16,0,0x00000000000000000000000000000000000000000000000000000000000000000000000000000000000002a003fddfc6,107022,1,1,1
33,86,86,0x00000d00,17,0,0x00000000000000000000000000000000000000000000000000000000000000000000000000000000000001d05d060045,107026,1,1,1
33,86,86,0x00000d00,18,0,0x000000000000000000000000000000000000000000000000000000000000000000000000000000000000fe3fe6ff6010,107030,1,1,1
33,86,86,0x00000d00,19,0,0x00000000000000000000000000000000000000000000000000000000000000000000000000000000000003001bff0fde,107034,1,1,1
33,86,86,0x00000d00,20,0,0x00000000000000000000000000000000000000000000000000000000000000000000000000000000000000e020025045,107038,1,1,1
33,86,86,0x00000d00,21,0,0x000000000000000000000000000000000000000000000000000000000000000000000000000000000000ffa00e010018,107042,1,1,1
33,86,86,0x00000d00,22,0,0x00000000000000000000000000000000000000000000000000000000000000000000000000000000000002001600e00d,107046,1,1,1
33,86,86,0x00000d00,23,0,0x00000000000000000000000000000000000000000000000000000000000000000000000000000000000002a025008003,107050,1,1,1
33,86,86,0x00000d00,24,0,0x00000000000000000000000000000000000000000000000000000000000000000000000000000000000000effb00001a,107054,1,1,1
33,86,86,0x00000d00,25,0,0x00000000000000000000000000000000000000000000000000000000000000000000000000000000000000e01801b00a,107058,1,1,1
33,86,86,0x00000d00,26,0,0x00000000000000000000000000000000000000000000000000000000000000000000000000000000000000001200d01b,107062,1,1,1
33,86,86,0x00000d00,27,0,0x00000000000000000000000000000000000000000000000000000000000000000000000000000000000001a01200e01b,107066,1,1,1
33,86,86,0x00000d00,28,0,0x00000000000000000000000000000000000000000000000000000000000000000000000000000000000001300501000b,107070,1,1,1
33,86,86,0x00000d00,29,0,0x00000000000000000000000000000000000000000000000000000000000000000000000000000000000001001a025015,107074,1,1,1
33,86,86,0x00000d00,30,0,0x00000000000000000000000000000000000000000000000000000000000000000000000000000000000001801501301e,107078,1,1,1
33,86,86,0x00000d00,31,0,0x000000000000000000000000000000000000000000000000000000000000000000000000000000000000ffe01001000d,107082,1,1,1
33,86,86,0x00000d00,32,0,0x00000000000000000000000000000000000000000000000000000000000000000000000000000000000000a01201801d,107086,1,1,1
33,86,86,0x00000d00,33,0,0x00000000000000000000000000000000000000000000000000000000000000000000000000000000000002301d01b012,107090,1,1,1
33,86,86,0x00000d00,34,0,0x00000000000000000000000000000000000000000000000000000000000000000000000000000000000001500a01301e,107094,1,1,1
33,86,86,0x00000d00,35,0,0x000000000000000000000000000000000000000000000000000000000000000000000000000000000000002012012008,107098,1,1,1
33,86,86,0x00000d00,36,0,0x00000000000000000000000000000000000000000000000000000000000000000000000000000000000002301200e003,107102,1,1,1
33,86,86,0x00000d00,37,0,0x00000000000000000000000000000000000000000000000000000000000000000000000000000000000001b013018020,107106,1,1,1
33,86,86,0x00000d00,38,0,0x00000000000000000000000000000000000000000000000000000000000000000000000000000000000001000e00b01d,107110,1,1,1
33,86,86,0x00000d00,39,0,0x00000000000000000000000000000000000000000000000000000000000000000000000000000000000002600eff3013,107114,1,1,1
33,86,86,0x00000d00,40,0,0x00000000000000000000000000000000000000000000000000000000000000000000000000000000000000affe00e025,107118,1,1,1
33,86,86,0x00000d00,41,0,0x000000000000000000000000000000000000000000000000000000000000000000000000000000000000025003000ff6,107122,1,1,1
33,86,86,0x00000d00,42,0,0x00000000000000000000000000000000000000000000000000000000000000000000000000000000000001800601b01a,107126,1,1,1
33,86,86,0x00000d00,43,0,0x00000000000000000000000000000000000000000000000000000000000000000000000000000000000001301a01a020,107130,1,1,1
33,86,86,0x00000d00,44,0,0x00000000000000000000000000000000000000000000000000000000000000000000000000000000000000a002006003,107134,1,1,1
33,86,86,0x00000d00,45,0,0x00000000000000000000000000000000000000000000000000000000000000000000000000000000000000500301301a,107138,1,1,1
33,86,86,0x00000d00,46,0,0x00000000000000000000000000000000000000000000000000000000000000000000000000000000000001200a01a01b,107142,1,1,1
33,86,86,0x00000d00,47,0,0x00000000000000000000000000000000000000000000000000000000000000000000000000000000000001301201800d,107146,1,1,1
33,86,86,0x00000d00,48,0,0x00000000000000000000000000000000000000000000000000000000000000000000000000000000000001a016025015,107150,1,1,1
33,86,86,0x00000d00,49,0,0x000000000000000000000000000000000000000000000000000000000000000000000000000000000000016ffa018018,107154,1,1,1
33,86,86,0x00000d00,50,0,0x000000000000000000000000000000000000000000000000000000000000000000000000000000000000003012025015,107158,1,1,1
33,86,86,0x00000d00,51,0,0x00000000000000000000000000000000000000000000000000000000000000000000000000000000000000800200b010,107162,1,1,1
33,86,86,0x00000d00,52,0,0x00000000000000000000000000000000000000000000000000000000000000000000000000000000000001801b02501a,107166,1,1,1
33,86,86,0x00000d00,53,0,0x00000000000000000000000000000000000000000000000000000000000000000000000000000000000001500e018010,107170,1,1,1
33,86,86,0x00000d00,54,0,0x00000000000000000000000000000000000000000000000000000000000000000000000000000000000000301a01500d,107174,1,1,1
33,86,86,0x00000d00,55,0,0x000000000000000000000000000000000000000000000000000000000000000000000000000000000000018020016ff8,107178,1,1,1
33,86,86,0x00000d00,56,0,0x000000000000000000000000000000000000000000000000000000000000000000000000000000000000015015010003,107182,1,1,1
33,86,86,0x00000d00,57,0,0x00000000000000000000000000000000000000000000000000000000000000000000000000000000000001500601200b,107186,1,1,1
33,86,86,0x00000d00,58,0,0x00000000000000000000000000000000000000000000000000000000000000000000000000000000000000d01602d016,107190,1,1,1
33,86,86,0x00000d00,59,0,0x00000000000000000000000000000000000000000000000000000000000000000000000000000000000001500d01300b,107194,1,1,1
33,86,86,0x00000d00,60,0,0x00000000000000000000000000000000000000000000000000000000000000000000000000000000000000600e012005,107198,1,1,1
33,86,86,0x00000d00,61,0,0x000000000000000000000000000000000000000000000000000000000000000000000000000000000000012020016012,107202,1,1,1
33,86,86,0x00000d00,62,0,0x000000000000000000000000000000000000000000000000000000000000000000000000000000000000002018018010,107206,1,1,1
33,86,86,0x00000d00,63,1,0x00000000000000000000000000000000000000000000000000000000000000000000000000000000000000302301800b,107210,1,1,1
34,87,87,0x00000deb,0,0,0x00000000000000000000000000000000000000000000000000000000000000000000000000000000000001d02001b003,108522,1,1,1
34,87,87,0x00000deb,1,0,0x00000000000000000000000000000000000000000000000000000000000000000000000000000000000002b01301001d,108526,1,1,1
34,87,87,0x00000deb,2,0,0x00000000000000000000000000000000000000000000000000000000000000000000000000000000000000e00800601d,108530,1,1,1
34,87,87,0x00000deb,3,0,0x00000000000000000000000000000000000000000000000000000000000000000000000000000000000000d015018010,108534,1,1,1
34,87,87,0x00000deb,4,0,0x00000000000000000000000000000000000000000000000000000000000000000000000000000000000000e013016020,108538,1,1,1
34,87,87,0x00000deb,5,0,0x00000000000000000000000000000000000000000000000000000000000000000000000000000000000001300e01bffd,108542,1,1,1
34,87,87,0x00000deb,6,0,0x00000000000000000000000000000000000000000000000000000000000000000000000000000000000000d02001d01a,108546,1,1,1
34,87,87,0x00000deb,7,0,0x000000000000000000000000000000000000000000000000000000000000000000000000000000000000022013006003,108550,1,1,1
34,87,87,0x00000deb,8,0,0x000000000000000000000000000000000000000000000000000000000000000000000000000000000000ff600000201d,108554,1,1,1
34,87,87,0x00000deb,9,0,0x00000000000000000000000000000000000000000000000000000000000000000000000000000000000001201e00800a,108558,1,1,1
34,87,87,0x00000deb,10,0,0x00000000000000000000000000000000000000000000000000000000000000000000000000000000000004600d012026,108562,1,1,1
34,87,87,0x00000deb,11,0,0x00000000000000000000000000000000000000000000000000000000000000000000000000000000000004a053fe8fe8,108566,1,1,1
34,87,87,0x00000deb,12,0,0x000000000000000000000000000000000000000000000000000000000000000000000000000000000000058010fdafda,108570,1,1,1
34,87,87,0x00000deb,13,0,0x000000000000000000000000000000000000000000000000000000000000000000000000000000000000fb3fbbfe6050,108574,1,1,1
34,87,87,0x00000deb,14,0,0x00000000000000000000000000000000000000000000000000000000000000000000000000000000000007008604a00a,108578,1,1,1
34,87,87,0x00000deb,15,0,0x000000000000000000000000000000000000000000000000000000000000000000000000000000000000fc6fc2fdb022,108582,1,1,1
34,87,87,0x00000deb,16,0,0x00000000000000000000000000000000000000000000000000000000000000000000000000000000000004502a003fdd,108586,1,1,1
34,87,87,0x00000deb,17,0,0x00000000000000000000000000000000000000000000000000000000000000000000000000000000000001001d05d060,108590,1,1,1
34,87,87,0x00000deb,18,0,0x000000000000000000000000000000000000000000000000000000000000000000000000000000000000fdefe3fe6ff6,108594,1,1,1
34,87,87,0x00000deb,19,0,0x00000000000000000000000000000000000000000000000000000000000000000000000000000000000004503001bff0,108598,1,1,1
34,87,87,0x00000deb,20,0,0x00000000000000000000000000000000000000000000000000000000000000000000000000000000000001800e020025,108602,1,1,1
34,87,87,0x00000deb,21,0,0x00000000000000000000000000000000000000000000000000000000000000000000000000000000000000dffa00e010,108606,1,1,1
34,87,87,0x00000deb,22,0,0x00000000000000000000000000000000000000000000000000000000000000000000000000000000000000302001600e,108610,1,1,1
34,87,87,0x00000deb,23,0,0x00000000000000000000000000000000000000000000000000000000000000000000000000000000000001a02a025008,108614,1,1,1
34,87,87,0x00000deb,24,0,0x00000000000000000000000000000000000000000000000000000000000000000000000000000000000000a00effb000,108618,1,1,1
34,87,87,0x00000deb,25,0,0x00000000000000000000000000000000000000000000000000000000000000000000000000000000000001b00e01801b,108622,1,1,1
34,87,87,0x00000deb,26,0,0x00000000000000000000000000000000000000000000000000000000000000000000000000000000000001b00001200d,108626,1,1,1
34,87,87,0x00000deb,27,0,0x00000000000000000000000000000000000000000000000000000000000000000000000000000000000000b01a01200e,108630,1,1,1
34,87,87,0x00000deb,28,0,0x000000000000000000000000000000000000000000000000000000000000000000000000000000000000015013005010,108634,1,1,1
34,87,87,0x00000deb,29,0,0x00000000000000000000000000000000000000000000000000000000000000000000000000000000000001e01001a025,108638,1,1,1
34,87,87,0x00000deb,30,0,0x00000000000000000000000000000000000000000000000000000000000000000000000000000000000000d018015013,108642,1,1,1
34,87,87,0x00000deb,31,0,0x00000000000000000000000000000000000000000000000000000000000000000000000000000000000001dffe010010,108646,1,1,1
34,87,87,0x00000deb,32,0,0x00000000000000000000000000000000000000000000000000000000000000000000000000000000000001200a012018,108650,1,1,1
34,87,87,0x00000deb,33,0,0x00000000000000000000000000000000000000000000000000000000000000000000000000000000000001e02301d01b,108654,1,1,1
34,87,87,0x00000deb,34,0,0x00000000000000000000000000000000000000000000000000000000000000000000000000000000000000801500a013,108658,1,1,1
34,87,87,0x00000deb,35,0,0x000000000000000000000000000000000000000000000000000000000000000000000000000000000000003002012012,108662,1,1,1
34,87,87,0x00000deb,36,0,0x00000000000000000000000000000000000000000000000000000000000000000000000000000000000002002301200e,108666,1,1,1
34,87,87,0x00000deb,37,0,0x00000000000000000000000000000000000000000000000000000000000000000000000000000000000001d01b013018,108670,1,1,1
34,87,87,0x00000deb,38,0,0x00000000000000000000000000000000000000000000000000000000000000000000000000000000000001301000e00b,108674,1,1,1
34,87,87,0x00000deb,39,0,0x00000000000000000000000000000000000000000000000000000000000000000000000000000000000002502600eff3,108678,1,1,1
34,87,87,0x00000deb,40,0,0x000000000000000000000000000000000000000000000000000000000000000000000000000000000000ff600affe00e,108682,1,1,1
34,87,87,0x00000deb,41,0,0x00000000000000000000000000000000000000000000000000000000000000000000000000000000000001a025003000,108686,1,1,1
34,87,87,0x00000deb,42,0,0x00000000000000000000000000000000000000000000000000000000000000000000000000000000000002001800601b,108690,1,1,1
34,87,87,0x00000deb,43,0,0x00000000000000000000000000000000000000000000000000000000000000000000000000000000000000301301a01a,108694,1,1,1
34,87,87,0x00000deb,44,0,0x00000000000000000000000000000000000000000000000000000000000000000000000000000000000001a00a002006,108698,1,1,1
34,87,87,0x00000deb,45,0,0x00000000000000000000000000000000000000000000000000000000000000000000000000000000000001b005003013,108702,1,1,1
34,87,87,0x00000deb,46,0,0x00000000000000000000000000000000000000000000000000000000000000000000000000000000000000d01200a01a,108706,1,1,1
34,87,87,0x00000deb,47,0,0x000000000000000000000000000000000000000000000000000000000000000000000000000000000000015013012018,108710,1,1,1
34,87,87,0x00000deb,48,0,0x00000000000000000000000000000000000000000000000000000000000000000000000000000000000001801a016025,108714,1,1,1
34,87,87,0x00000deb,49,0,0x000000000000000000000000000000000000000000000000000000000000000000000000000000000000015016ffa018,108718,1,1,1
34,87,87,0x00000deb,50,0,0x000000000000000000000000000000000000000000000000000000000000000000000000000000000000010003012025,108722,1,1,1
34,87,87,0x00000deb,51,0,0x00000000000000000000000000000000000000000000000000000000000000000000000000000000000001a00800200b,108726,1,1,1
34,87,87,0x00000deb,52,0,0x00000000000000000000000000000000000000000000000000000000000000000000000000000000000001001801b025,108730,1,1,1
34,87,87,0x00000deb,53,0,0x00000000000000000000000000000000000000000000000000000000000000000000000000000000000000d01500e018,108734,1,1,1
34,87,87,0x00000deb,54,0,0x000000000000000000000000000000000000000000000000000000000000000000000000000000000000ff800301a015,108738,1,1,1
34,87,87,0x00000deb,55,0,0x000000000000000000000000000000000000000000000000000000000000000000000000000000000000003018020016,108742,1,1,1
34,87,87,0x00000deb,56,0,0x00000000000000000000000000000000000000000000000000000000000000000000000000000000000000b015015010,108746,1,1,1
34,87,87,0x00000deb,57,0,0x000000000000000000000000000000000000000000000000000000000000000000000000000000000000016015006012,108750,1,1,1
34,87,87,0x00000deb,58,0,0x00000000000000000000000000000000000000000000000000000000000000000000000000000000000000b00d01602d,108754,1,1,1
34,87,87,0x00000deb,59,0,0x00000000000000000000000000000000000000000000000000000000000000000000000000000000000000501500d013,108758,1,1,1
34,87,87,0x00000deb,60,0,0x00000000000000000000000000000000000000000000000000000000000000000000000000000000000001200600e012,108762,1,1,1
34,87,87,0x00000deb,61,0,0x000000000000000000000000000000000000000000000000000000000000000000000000000000000000010012020016,108766,1,1,1
34,87,87,0x00000deb,62,0,0x00000000000000000000000000000000000000000000000000000000000000000000000000000000000000b002018018,108770,1,1,1
34,87,87,0x00000deb,63,1,0x00000000000000000000000000000000000000000000000000000000000000000000000000000000000000e003023018,108774,1,1,1
35,88,88,0x0000143b,0,0,0x00000000000000000000000000000000000000000000000000000000000000000000000000000000000001d01d02001b,110090,1,1,1
35,88,88,0x0000143b,1,0,0x00000000000000000000000000000000000000000000000000000000000000000000000000000000000001d02b013010,110094,1,1,1
35,88,88,0x0000143b,2,0,0x00000000000000000000000000000000000000000000000000000000000000000000000000000000000001000e008006,110098,1,1,1
35,88,88,0x0000143b,3,0,0x00000000000000000000000000000000000000000000000000000000000000000000000000000000000002000d015018,110102,1,1,1
35,88,88,0x0000143b,4,0,0x000000000000000000000000000000000000000000000000000000000000000000000000000000000000ffd00e013016,110106,1,1,1
35,88,88,0x0000143b,5,0,0x00000000000000000000000000000000000000000000000000000000000000000000000000000000000001a01300e01b,110110,1,1,1
35,88,88,0x0000143b,6,0,0x00000000000000000000000000000000000000000000000000000000000000000000000000000000000000300d02001d,110114,1,1,1
35,88,88,0x0000143b,7,0,0x00000000000000000000000000000000000000000000000000000000000000000000000000000000000001d022013006,110118,1,1,1
35,88,88,0x0000143b,8,0,0x00000000000000000000000000000000000000000000000000000000000000000000000000000000000000aff6000002,110122,1,1,1
35,88,88,0x0000143b,9,0,0x00000000000000000000000000000000000000000000000000000000000000000000000000000000000002601201e008,110126,1,1,1
35,88,88,0x0000143b,10,0,0x000000000000000000000000000000000000000000000000000000000000000000000000000000000000fe804600d012,110130,1,1,1
35,88,88,0x0000143b,11,0,0x000000000000000000000000000000000000000000000000000000000000000000000000000000000000fda04a053fe8,110134,1,1,1
35,88,88,0x0000143b,12,0,0x000000000000000000000000000000000000000000000000000000000000000000000000000000000000050058010fda,110138,1,1,1
35,88,88,0x0000143b,13,0,0x00000000000000000000000000000000000000000000000000000000000000000000000000000000000000afb3fbbfe6,110142,1,1,1
35,88,88,0x0000143b,14,0,0x00000000000000000000000000000000000000000000000000000000000000000000000000000000000002207008604a,110146,1,1,1
35,88,88,0x0000143b,15,0,0x000000000000000000000000000000000000000000000000000000000000000000000000000000000000fddfc6fc2fdb,110150,1,1,1
35,88,88,0x0000143b,16,0,0x00000000000000000000000000000000000000000000000000000000000000000000000000000000000006004502a003,110154,1,1,1
35,88,88,0x0000143b,17,0,0x000000000000000000000000000000000000000000000000000000000000000000000000000000000000ff601001d05d,110158,1,1,1
35,88,88,0x0000143b,18,0,0x000000000000000000000000000000000000000000000000000000000000000000000000000000000000ff0fdefe3fe6,110162,1,1,1
35,88,88,0x0000143b,19,0,0x00000000000000000000000000000000000000000000000000000000000000000000000000000000000002504503001b,110166,1,1,1
35,88,88,0x0000143b,20,0,0x00000000000000000000000000000000000000000000000000000000000000000000000000000000000001001800e020,110170,1,1,1
35,88,88,0x0000143b,21,0,0x00000000000000000000000000000000000000000000000000000000000000000000000000000000000000e00dffa00e,110174,1,1,1
35,88,88,0x0000143b,22,0,0x000000000000000000000000000000000000000000000000000000000000000000000000000000000000008003020016,110178,1,1,1
35,88,88,0x0000143b,23,0,0x00000000000000000000000000000000000000000000000000000000000000000000000000000000000000001a02a025,110182,1,1,1
35,88,88,0x0000143b,24,0,0x00000000000000000000000000000000000000000000000000000000000000000000000000000000000001b00a00effb,110186,1,1,1
35,88,88,0x0000143b,25,0,0x00000000000000000000000000000000000000000000000000000000000000000000000000000000000000d01b00e018,110190,1,1,1
35,88,88,0x0000143b,26,0,0x00000000000000000000000000000000000000000000000000000000000000000000000000000000000000e01b000012,110194,1,1,1
35,88,88,0x0000143b,27,0,0x00000000000000000000000000000000000000000000000000000000000000000000000000000000000001000b01a012,110198,1,1,1
35,88,88,0x0000143b,28,0,0x000000000000000000000000000000000000000000000000000000000000000000000000000000000000025015013005,110202,1,1,1
35,88,88,0x0000143b,29,0,0x00000000000000000000000000000000000000000000000000000000000000000000000000000000000001301e01001a,110206,1,1,1
35,88,88,0x0000143b,30,0,0x00000000000000000000000000000000000000000000000000000000000000000000000000000000000001000d018015,110210,1,1,1
35,88,88,0x0000143b,31,0,0x00000000000000000000000000000000000000000000000000000000000000000000000000000000000001801dffe010,110214,1,1,1
35,88,88,0x0000143b,32,0,0x00000000000000000000000000000000000000000000000000000000000000000000000000000000000001b01200a012,110218,1,1,1
35,88,88,0x0000143b,33,0,0x00000000000000000000000000000000000000000000000000000000000000000000000000000000000001301e02301d,110222,1,1,1
35,88,88,0x0000143b,34,0,0x00000000000000000000000000000000000000000000000000000000000000000000000000000000000001200801500a,110226,1,1,1
35,88,88,0x0000143b,35,0,0x00000000000000000000000000000000000000000000000000000000000000000000000000000000000000e003002012,110230,1,1,1
35,88,88,0x0000143b,36,0,0x000000000000000000000000000000000000000000000000000000000000000000000000000000000000018020023012,110234,1,1,1
35,88,88,0x0000143b,37,0,0x00000000000000000000000000000000000000000000000000000000000000000000000000000000000000b01d01b013,110238,1,1,1
35,88,88,0x0000143b,38,0,0x000000000000000000000000000000000000000000000000000000000000000000000000000000000000ff301301000e,110242,1,1,1
35,88,88,0x0000143b,39,0,0x00000000000000000000000000000000000000000000000000000000000000000000000000000000000000e02502600e,110246,1,1,1
35,88,88,0x0000143b,40,0,0x000000000000000000000000000000000000000000000000000000000000000000000000000000000000000ff600affe,110250,1,1,1
35,88,88,0x0000143b,41,0,0x00000000000000000000000000000000000000000000000000000000000000000000000000000000000001b01a025003,110254,1,1,1
35,88,88,0x0000143b,42,0,0x00000000000000000000000000000000000000000000000000000000000000000000000000000000000001a020018006,110258,1,1,1
35,88,88,0x0000143b,43,0,0x00000000000000000000000000000000000000000000000000000000000000000000000000000000000000600301301a,110262,1,1,1
35,88,88,0x0000143b,44,0,0x00000000000000000000000000000000000000000000000000000000000000000000000000000000000001301a00a002,110266,1,1,1
35,88,88,0x0000143b,45,0,0x00000000000000000000000000000000000000000000000000000000000000000000000000000000000001a01b005003,110270,1,1,1
35,88,88,0x0000143b,46,0,0x00000000000000000000000000000000000000000000000000000000000000000000000000000000000001800d01200a,110274,1,1,1
35,88,88,0x0000143b,47,0,0x000000000000000000000000000000000000000000000000000000000000000000000000000000000000025015013012,110278,1,1,1
35,88,88,0x0000143b,48,0,0x00000000000000000000000000000000000000000000000000000000000000000000000000000000000001801801a016,110282,1,1,1
35,88,88,0x0000143b,49,0,0x000000000000000000000000000000000000000000000000000000000000000000000000000000000000025015016ffa,110286,1,1,1
35,88,88,0x0000143b,50,0,0x00000000000000000000000000000000000000000000000000000000000000000000000000000000000000b010003012,110290,1,1,1
35,88,88,0x0000143b,51,0,0x00000000000000000000000000000000000000000000000000000000000000000000000000000000000002501a008002,110294,1,1,1
35,88,88,0x0000143b,52,0,0x00000000000000000000000000000000000000000000000000000000000000000000000000000000000001801001801b,110298,1,1,1
35,88,88,0x0000143b,53,0,0x00000000000000000000000000000000000000000000000000000000000000000000000000000000000001500d01500e,110302,1,1,1
35,88,88,0x0000143b,54,0,0x000000000000000000000000000000000000000000000000000000000000000000000000000000000000016ff800301a,110306,1,1,1
35,88,88,0x0000143b,55,0,0x000000000000000000000000000000000000000000000000000000000000000000000000000000000000010003018020,110310,1,1,1
35,88,88,0x0000143b,56,0,0x00000000000000000000000000000000000000000000000000000000000000000000000000000000000001200b015015,110314,1,1,1
35,88,88,0x0000143b,57,0,0x00000000000000000000000000000000000000000000000000000000000000000000000000000000000002d016015006,110318,1,1,1
35,88,88,0x0000143b,58,0,0x00000000000000000000000000000000000000000000000000000000000000000000000000000000000001300b00d016,110322,1,1,1
35,88,88,0x0000143b,59,0,0x00000000000000000000000000000000000000000000000000000000000000000000000000000000000001200501500d,110326,1,1,1
35,88,88,0x0000143b,60,0,0x00000000000000000000000000000000000000000000000000000000000000000000000000000000000001601200600e,110330,1,1,1
35,88,88,0x0000143b,61,0,0x000000000000000000000000000000000000000000000000000000000000000000000000000000000000018010012020,110334,1,1,1
35,88,88,0x0000143b,62,0,0x00000000000000000000000000000000000000000000000000000000000000000000000000000000000001800b002018,110338,1,1,1
35,88,88,0x0000143b,63,1,0x00000000000000000000000000000000000000000000000000000000000000000000000000000000000001800e003023,110342,1,1,1
36,89,89,0x0000144f,0,0,0x00000000000000000000000000000000000000000000000000000000000000000000000000000000000001001d01d020,111654,1,1,1
36,89,89,0x0000144f,1,0,0x00000000000000000000000000000000000000000000000000000000000000000000000000000000000000601d02b013,111658,1,1,1
36,89,89,0x0000144f,2,0,0x00000000000000000000000000000000000000000000000000000000000000000000000000000000000001801000e008,111662,1,1,1
36,89,89,0x0000144f,3,0,0x00000000000000000000000000000000000000000000000000000000000000000000000000000000000001602000d015,111666,1,1,1
36,89,89,0x0000144f,4,0,0x00000000000000000000000000000000000000000000000000000000000000000000000000000000000001bffd00e013,111670,1,1,1
36,89,89,0x0000144f,5,0,0x00000000000000000000000000000000000000000000000000000000000000000000000000000000000001d01a01300e,111674,1,1,1
36,89,89,0x0000144f,6,0,0x00000000000000000000000000000000000000000000000000000000000000000000000000000000000000600300d020,111678,1,1,1
36,89,89,0x0000144f,7,0,0x00000000000000000000000000000000000000000000000000000000000000000000000000000000000000201d022013,111682,1,1,1
36,89,89,0x0000144f,8,0,0x00000000000000000000000000000000000000000000000000000000000000000000000000000000000000800aff6000,111686,1,1,1
36,89,89,0x0000144f,9,0,0x00000000000000000000000000000000000000000000000000000000000000000000000000000000000001202601201e,111690,1,1,1
36,89,89,0x0000144f,10,0,0x000000000000000000000000000000000000000000000000000000000000000000000000000000000000fe8fe804600d,111694,1,1,1
36,89,89,0x0000144f,11,0,0x000000000000000000000000000000000000000000000000000000000000000000000000000000000000fdafda04a053,111698,1,1,1
36,89,89,0x0000144f,12,0,0x000000000000000000000000000000000000000000000000000000000000000000000000000000000000fe6050058010,111702,1,1,1
36,89,89,0x0000144f,13,0,0x00000000000000000000000000000000000000000000000000000000000000000000000000000000000004a00afb3fbb,111706,1,1,1
36,89,89,0x0000144f,14,0,0x000000000000000000000000000000000000000000000000000000000000000000000000000000000000fdb022070086,111710,1,1,1
36,89,89,0x0000144f,15,0,0x000000000000000000000000000000000000000000000000000000000000000000000000000000000000003fddfc6fc2,111714,1,1,1
36,89,89,0x0000144f,16,0,0x00000000000000000000000000000000000000000000000000000000000000000000000000000000000005d06004502a,111718,1,1,1
36,89,89,0x0000144f,17,0,0x000000000000000000000000000000000000000000000000000000000000000000000000000000000000fe6ff601001d,111722,1,1,1
36,89,89,0x0000144f,18,0,0x00000000000000000000000000000000000000000000000000000000000000000000000000000000000001bff0fdefe3,111726,1,1,1
36,89,89,0x0000144f,19,0,0x000000000000000000000000000000000000000000000000000000000000000000000000000000000000020025045030,111730,1,1,1
36,89,89,0x0000144f,20,0,0x00000000000000000000000000000000000000000000000000000000000000000000000000000000000000e01001800e,111734,1,1,1
36,89,89,0x0000144f,21,0,0x00000000000000000000000000000000000000000000000000000000000000000000000000000000000001600e00dffa,111738,1,1,1
36,89,89,0x0000144f,22,0,0x000000000000000000000000000000000000000000000000000000000000000000000000000000000000025008003020,111742,1,1,1
36,89,89,0x0000144f,23,0,0x000000000000000000000000000000000000000000000000000000000000000000000000000000000000ffb00001a02a,111746,1,1,1
36,89,89,0x0000144f,24,0,0x00000000000000000000000000000000000000000000000000000000000000000000000000000000000001801b00a00e,111750,1,1,1
36,89,89,0x0000144f,25,0,0x00000000000000000000000000000000000000000000000000000000000000000000000000000000000001200d01b00e,111754,1,1,1
36,89,89,0x0000144f,26,0,0x00000000000000000000000000000000000000000000000000000000000000000000000000000000000001200e01b000,111758,1,1,1
36,89,89,0x0000144f,27,0,0x00000000000000000000000000000000000000000000000000000000000000000000000000000000000000501000b01a,111762,1,1,1
36,89,89,0x0000144f,28,0,0x00000000000000000000000000000000000000000000000000000000000000000000000000000000000001a025015013,111766,1,1,1
36,89,89,0x0000144f,29,0,0x00000000000000000000000000000000000000000000000000000000000000000000000000000000000001501301e010,111770,1,1,1
36,89,89,0x0000144f,30,0,0x00000000000000000000000000000000000000000000000000000000000000000000000000000000000001001000d018,111774,1,1,1
36,89,89,0x0000144f,31,0,0x00000000000000000000000000000000000000000000000000000000000000000000000000000000000001201801dffe,111778,1,1,1
36,89,89,0x0000144f,32,0,0x00000000000000000000000000000000000000000000000000000000000000000000000000000000000001d01b01200a,111782,1,1,1
36,89,89,0x0000144f,33,0,0x00000000000000000000000000000000000000000000000000000000000000000000000000000000000000a01301e023,111786,1,1,1
36,89,89,0x0000144f,34,0,0x000000000000000000000000000000000000000000000000000000000000000000000000000000000000012012008015,111790,1,1,1
36,89,89,0x0000144f,35,0,0x00000000000000000000000000000000000000000000000000000000000000000000000000000000000001200e003002,111794,1,1,1
36,89,89,0x0000144f,36,0,0x000000000000000000000000000000000000000000000000000000000000000000000000000000000000013018020023,111798,1,1,1
36,89,89,0x0000144f,37,0,0x00000000000000000000000000000000000000000000000000000000000000000000000000000000000000e00b01d01b,111802,1,1,1
36,89,89,0x0000144f,38,0,0x00000000000000000000000000000000000000000000000000000000000000000000000000000000000000eff3013010,111806,1,1,1
36,89,89,0x0000144f,39,0,0x000000000000000000000000000000000000000000000000000000000000000000000000000000000000ffe00e025026,111810,1,1,1
36,89,89,0x0000144f,40,0,0x000000000000000000000000000000000000000000000000000000000000000000000000000000000000003000ff600a,111814,1,1,1
36,89,89,0x0000144f,41,0,0x00000000000000000000000000000000000000000000000000000000000000000000000000000000000000601b01a025,111818,1,1,1
36,89,89,0x0000144f,42,0,0x00000000000000000000000000000000000000000000000000000000000000000000000000000000000001a01a020018,111822,1,1,1
36,89,89,0x0000144f,43,0,0x000000000000000000000000000000000000000000000000000000000000000000000000000000000000002006003013,111826,1,1,1
36,89,89,0x0000144f,44,0,0x00000000000000000000000000000000000000000000000000000000000000000000000000000000000000301301a00a,111830,1,1,1
36,89,89,0x0000144f,45,0,0x00000000000000000000000000000000000000000000000000000000000000000000000000000000000000a01a01b005,111834,1,1,1
36,89,89,0x0000144f,46,0,0x00000000000000000000000000000000000000000000000000000000000000000000000000000000000001201800d012,111838,1,1,1
36,89,89,0x0000144f,47,0,0x000000000000000000000000000000000000000000000000000000000000000000000000000000000000016025015013,111842,1,1,1
36,89,89,0x0000144f,48,0,0x000000000000000000000000000000000000000000000000000000000000000000000000000000000000ffa01801801a,111846,1,1,1
36,89,89,0x0000144f,49,0,0x000000000000000000000000000000000000000000000000000000000000000000000000000000000000012025015016,111850,1,1,1
36,89,89,0x0000144f,50,0,0x00000000000000000000000000000000000000000000000000000000000000000000000000000000000000200b010003,111854,1,1,1
36,89,89,0x0000144f,51,0,0x00000000000000000000000000000000000000000000000000000000000000000000000000000000000001b02501a008,111858,1,1,1
36,89,89,0x0000144f,52,0,0x00000000000000000000000000000000000000000000000000000000000000000000000000000000000000e018010018,111862,1,1,1
36,89,89,0x0000144f,53,0,0x00000000000000000000000000000000000000000000000000000000000000000000000000000000000001a01500d015,111866,1,1,1
36,89,89,0x0000144f,54,0,0x000000000000000000000000000000000000000000000000000000000000000000000000000000000000020016ff8003,111870,1,1,1
36,89,89,0x0000144f,55,0,0x000000000000000000000000000000000000000000000000000000000000000000000000000000000000015010003018,111874,1,1,1
36,89,89,0x0000144f,56,0,0x00000000000000000000000000000000000000000000000000000000000000000000000000000000000000601200b015,111878,1,1,1
36,89,89,0x0000144f,57,0,0x00000000000000000000000000000000000000000000000000000000000000000000000000000000000001602d016015,111882,1,1,1
36,89,89,0x0000144f,58,0,0x00000000000000000000000000000000000000000000000000000000000000000000000000000000000000d01300b00d,111886,1,1,1
36,89,89,0x0000144f,59,0,0x00000000000000000000000000000000000000000000000000000000000000000000000000000000000000e012005015,111890,1,1,1
36,89,89,0x0000144f,60,0,0x000000000000000000000000000000000000000000000000000000000000000000000000000000000000020016012006,111894,1,1,1
36,89,89,0x0000144f,61,0,0x000000000000000000000000000000000000000000000000000000000000000000000000000000000000018018010012,111898,1,1,1
36,89,89,0x0000144f,62,0,0x00000000000000000000000000000000000000000000000000000000000000000000000000000000000002301800b002,111902,1,1,1
36,89,89,0x0000144f,63,1,0x00000000000000000000000000000000000000000000000000000000000000000000000000000000000001d01800e003,111906,1,1,1
37,90,90,0x00000c33,0,0,0x00000000000000000000000000000000000000000000000000000000000000000000000000000000000001301001d01d,113218,1,1,1
37,90,90,0x00000c33,1,0,0x00000000000000000000000000000000000000000000000000000000000000000000000000000000000000800601d02b,113222,1,1,1
37,90,90,0x00000c33,2,0,0x00000000000000000000000000000000000000000000000000000000000000000000000000000000000001501801000e,113226,1,1,1
37,90,90,0x00000c33,3,0,0x00000000000000000000000000000000000000000000000000000000000000000000000000000000000001301602000d,113230,1,1,1
37,90,90,0x00000c33,4,0,0x00000000000000000000000000000000000000000000000000000000000000000000000000000000000000e01bffd00e,113234,1,1,1
37,90,90,0x00000c33,5,0,0x00000000000000000000000000000000000000000000000000000000000000000000000000000000000002001d01a013,113238,1,1,1
37,90,90,0x00000c33,6,0,0x00000000000000000000000000000000000000000000000000000000000000000000000000000000000001300600300d,113242,1,1,1
37,90,90,0x00000c33,7,0,0x00000000000000000000000000000000000000000000000000000000000000000000000000000000000000000201d022,113246,1,1,1
37,90,90,0x00000c33,8,0,0x00000000000000000000000000000000000000000000000000000000000000000000000000000000000001e00800aff6,113250,1,1,1
37,90,90,0x00000c33,9,0,0x00000000000000000000000000000000000000000000000000000000000000000000000000000000000000d012026012,113254,1,1,1
37,90,90,0x00000c33,10,0,0x000000000000000000000000000000000000000000000000000000000000000000000000000000000000053fe8fe8046,113258,1,1,1
37,90,90,0x00000c33,11,0,0x000000000000000000000000000000000000000000000000000000000000000000000000000000000000010fdafda04a,113262,1,1,1
37,90,90,0x00000c33,12,0,0x000000000000000000000000000000000000000000000000000000000000000000000000000000000000fbbfe6050058,113266,1,1,1
37,90,90,0x00000c33,13,0,0x00000000000000000000000000000000000000000000000000000000000000000000000000000000000008604a00afb3,113270,1,1,1
37,90,90,0x00000c33,14,0,0x000000000000000000000000000000000000000000000000000000000000000000000000000000000000fc2fdb022070,113274,1,1,1
37,90,90,0x00000c33,15,0,0x00000000000000000000000000000000000000000000000000000000000000000000000000000000000002a003fddfc6,113278,1,1,1
37,90,90,0x00000c33,16,0,0x00000000000000000000000000000000000000000000000000000000000000000000000000000000000001d05d060045,113282,1,1,1
37,90,90,0x00000c33,17,0,0x000000000000000000000000000000000000000000000000000000000000000000000000000000000000fe3fe6ff6010,113286,1,1,1
37,90,90,0x00000c33,18,0,0x00000000000000000000000000000000000000000000000000000000000000000000000000000000000003001bff0fde,113290,1,1,1
37,90,90,0x00000c33,19,0,0x00000000000000000000000000000000000000000000000000000000000000000000000000000000000000e020025045,113294,1,1,1
37,90,90,0x00000c33,20,0,0x000000000000000000000000000000000000000000000000000000000000000000000000000000000000ffa00e010018,113298,1,1,1
37,90,90,0x00000c33,21,0,0x00000000000000000000000000000000000000000000000000000000000000000000000000000000000002001600e00d,113302,1,1,1
37,90,90,0x00000c33,22,0,0x00000000000000000000000000000000000000000000000000000000000000000000000000000000000002a025008003,113306,1,1,1
37,90,90,0x00000c33,23,0,0x00000000000000000000000000000000000000000000000000000000000000000000000000000000000000effb00001a,113310,1,1,1
37,90,90,0x00000c33,24,0,0x00000000000000000000000000000000000000000000000000000000000000000000000000000000000000e01801b00a,113314,1,1,1
37,90,90,0x00000c33,25,0,0x00000000000000000000000000000000000000000000000000000000000000000000000000000000000000001200d01b,113318,1,1,1
37,90,90,0x00000c33,26,0,0x00000000000000000000000000000000000000000000000000000000000000000000000000000000000001a01200e01b,113322,1,1,1
37,90,90,0x00000c33,27,0,0x00000000000000000000000000000000000000000000000000000000000000000000000000000000000001300501000b,113326,1,1,1
37,90,90,0x00000c33,28,0,0x00000000000000000000000000000000000000000000000000000000000000000000000000000000000001001a025015,113330,1,1,1
37,90,90,0x00000c33,29,0,0x00000000000000000000000000000000000000000000000000000000000000000000000000000000000001801501301e,113334,1,1,1
37,90,90,0x00000c33,30,0,0x000000000000000000000000000000000000000000000000000000000000000000000000000000000000ffe01001000d,113338,1,1,1
37,90,90,0x00000c33,31,0,0x00000000000000000000000000000000000000000000000000000000000000000000000000000000000000a01201801d,113342,1,1,1
37,90,90,0x00000c33,32,0,0x00000000000000000000000000000000000000000000000000000000000000000000000000000000000002301d01b012,113346,1,1,1
37,90,90,0x00000c33,33,0,0x00000000000000000000000000000000000000000000000000000000000000000000000000000000000001500a01301e,113350,1,1,1
37,90,90,0x00000c33,34,0,0x000000000000000000000000000000000000000000000000000000000000000000000000000000000000002012012008,113354,1,1,1
37,90,90,0x00000c33,35,0,0x00000000000000000000000000000000000000000000000000000000000000000000000000000000000002301200e003,113358,1,1,1
37,90,90,0x00000c33,36,0,0x00000000000000000000000000000000000000000000000000000000000000000000000000000000000001b013018020,113362,1,1,1
37,90,90,0x00000c33,37,0,0x00000000000000000000000000000000000000000000000000000000000000000000000000000000000001000e00b01d,113366,1,1,1
37,90,90,0x00000c33,38,0,0x00000000000000000000000000000000000000000000000000000000000000000000000000000000000002600eff3013,113370,1,1,1
37,90,90,0x00000c33,39,0,0x00000000000000000000000000000000000000000000000000000000000000000000000000000000000000affe00e025,113374,1,1,1
37,90,90,0x00000c33,40,0,0x000000000000000000000000000000000000000000000000000000000000000000000000000000000000025003000ff6,113378,1,1,1
37,90,90,0x00000c33,41,0,0x00000000000000000000000000000000000000000000000000000000000000000000000000000000000001800601b01a,113382,1,1,1
37,90,90,0x00000c33,42,0,0x00000000000000000000000000000000000000000000000000000000000000000000000000000000000001301a01a020,113386,1,1,1
37,90,90,0x00000c33,43,0,0x00000000000000000000000000000000000000000000000000000000000000000000000000000000000000a002006003,113390,1,1,1
37,90,90,0x00000c33,44,0,0x00000000000000000000000000000000000000000000000000000000000000000000000000000000000000500301301a,113394,1,1,1
37,90,90,0x00000c33,45,0,0x00000000000000000000000000000000000000000000000000000000000000000000000000000000000001200a01a01b,113398,1,1,1
37,90,90,0x00000c33,46,0,0x00000000000000000000000000000000000000000000000000000000000000000000000000000000000001301201800d,113402,1,1,1
37,90,90,0x00000c33,47,0,0x00000000000000000000000000000000000000000000000000000000000000000000000000000000000001a016025015,113406,1,1,1
37,90,90,0x00000c33,48,0,0x000000000000000000000000000000000000000000000000000000000000000000000000000000000000016ffa018018,113410,1,1,1
37,90,90,0x00000c33,49,0,0x000000000000000000000000000000000000000000000000000000000000000000000000000000000000003012025015,113414,1,1,1
37,90,90,0x00000c33,50,0,0x00000000000000000000000000000000000000000000000000000000000000000000000000000000000000800200b010,113418,1,1,1
37,90,90,0x00000c33,51,0,0x00000000000000000000000000000000000000000000000000000000000000000000000000000000000001801b02501a,113422,1,1,1
37,90,90,0x00000c33,52,0,0x00000000000000000000000000000000000000000000000000000000000000000000000000000000000001500e018010,113426,1,1,1
37,90,90,0x00000c33,53,0,0x00000000000000000000000000000000000000000000000000000000000000000000000000000000000000301a01500d,113430,1,1,1
37,90,90,0x00000c33,54,0,0x000000000000000000000000000000000000000000000000000000000000000000000000000000000000018020016ff8,113434,1,1,1
37,90,90,0x00000c33,55,0,0x000000000000000000000000000000000000000000000000000000000000000000000000000000000000015015010003,113438,1,1,1
37,90,90,0x00000c33,56,0,0x00000000000000000000000000000000000000000000000000000000000000000000000000000000000001500601200b,113442,1,1,1
37,90,90,0x00000c33,57,0,0x00000000000000000000000000000000000000000000000000000000000000000000000000000000000000d01602d016,113446,1,1,1
37,90,90,0x00000c33,58,0,0x00000000000000000000000000000000000000000000000000000000000000000000000000000000000001500d01300b,113450,1,1,1
37,90,90,0x00000c33,59,0,0x00000000000000000000000000000000000000000000000000000000000000000000000000000000000000600e012005,113454,1,1,1
37,90,90,0x00000c33,60,0,0x000000000000000000000000000000000000000000000000000000000000000000000000000000000000012020016012,113458,1,1,1
37,90,90,0x00000c33,61,0,0x000000000000000000000000000000000000000000000000000000000000000000000000000000000000002018018010,113462,1,1,1
37,90,90,0x00000c33,62,0,0x00000000000000000000000000000000000000000000000000000000000000000000000000000000000000302301800b,113466,1,1,1
37,90,90,0x00000c33,63,1,0x00000000000000000000000000000000000000000000000000000000000000000000000000000000000001801d01800e,113470,1,1,1
38,91,91,0x000006ea,0,0,0x00000000000000000000000000000000000000000000000000000000000000000000000000000000000002b01301001d,114782,1,1,1
38,91,91,0x000006ea,1,0,0x00000000000000000000000000000000000000000000000000000000000000000000000000000000000000e00800601d,114786,1,1,1
38,91,91,0x000006ea,2,0,0x00000000000000000000000000000000000000000000000000000000000000000000000000000000000000d015018010,114790,1,1,1
38,91,91,0x000006ea,3,0,0x00000000000000000000000000000000000000000000000000000000000000000000000000000000000000e013016020,114794,1,1,1
38,91,91,0x000006ea,4,0,0x00000000000000000000000000000000000000000000000000000000000000000000000000000000000001300e01bffd,114798,1,1,1
38,91,91,0x000006ea,5,0,0x00000000000000000000000000000000000000000000000000000000000000000000000000000000000000d02001d01a,114802,1,1,1
38,91,91,0x000006ea,6,0,0x000000000000000000000000000000000000000000000000000000000000000000000000000000000000022013006003,114806,1,1,1
38,91,91,0x000006ea,7,0,0x000000000000000000000000000000000000000000000000000000000000000000000000000000000000ff600000201d,114810,1,1,1
38,91,91,0x000006ea,8,0,0x00000000000000000000000000000000000000000000000000000000000000000000000000000000000001201e00800a,114814,1,1,1
38,91,91,0x000006ea,9,0,0x00000000000000000000000000000000000000000000000000000000000000000000000000000000000004600d012026,114818,1,1,1
38,91,91,0x000006ea,10,0,0x00000000000000000000000000000000000000000000000000000000000000000000000000000000000004a053fe8fe8,114822,1,1,1
38,91,91,0x000006ea,11,0,0x000000000000000000000000000000000000000000000000000000000000000000000000000000000000058010fdafda,114826,1,1,1
38,91,91,0x000006ea,12,0,0x000000000000000000000000000000000000000000000000000000000000000000000000000000000000fb3fbbfe6050,114830,1,1,1
38,91,91,0x000006ea,13,0,0x00000000000000000000000000000000000000000000000000000000000000000000000000000000000007008604a00a,114834,1,1,1
38,91,91,0x000006ea,14,0,0x000000000000000000000000000000000000000000000000000000000000000000000000000000000000fc6fc2fdb022,114838,1,1,1
38,91,91,0x000006ea,15,0,0x00000000000000000000000000000000000000000000000000000000000000000000000000000000000004502a003fdd,114842,1,1,1
38,91,91,0x000006ea,16,0,0x00000000000000000000000000000000000000000000000000000000000000000000000000000000000001001d05d060,114846,1,1,1
38,91,91,0x000006ea,17,0,0x000000000000000000000000000000000000000000000000000000000000000000000000000000000000fdefe3fe6ff6,114850,1,1,1
38,91,91,0x000006ea,18,0,0x00000000000000000000000000000000000000000000000000000000000000000000000000000000000004503001bff0,114854,1,1,1
38,91,91,0x000006ea,19,0,0x00000000000000000000000000000000000000000000000000000000000000000000000000000000000001800e020025,114858,1,1,1
38,91,91,0x000006ea,20,0,0x00000000000000000000000000000000000000000000000000000000000000000000000000000000000000dffa00e010,114862,1,1,1
38,91,91,0x000006ea,21,0,0x00000000000000000000000000000000000000000000000000000000000000000000000000000000000000302001600e,114866,1,1,1
38,91,91,0x000006ea,22,0,0x00000000000000000000000000000000000000000000000000000000000000000000000000000000000001a02a025008,114870,1,1,1
38,91,91,0x000006ea,23,0,0x00000000000000000000000000000000000000000000000000000000000000000000000000000000000000a00effb000,114874,1,1,1
38,91,91,0x000006ea,24,0,0x00000000000000000000000000000000000000000000000000000000000000000000000000000000000001b00e01801b,114878,1,1,1
38,91,91,0x000006ea,25,0,0x00000000000000000000000000000000000000000000000000000000000000000000000000000000000001b00001200d,114882,1,1,1
38,91,91,0x000006ea,26,0,0x00000000000000000000000000000000000000000000000000000000000000000000000000000000000000b01a01200e,114886,1,1,1
38,91,91,0x000006ea,27,0,0x000000000000000000000000000000000000000000000000000000000000000000000000000000000000015013005010,114890,1,1,1
38,91,91,0x000006ea,28,0,0x00000000000000000000000000000000000000000000000000000000000000000000000000000000000001e01001a025,114894,1,1,1
38,91,91,0x000006ea,29,0,0x00000000000000000000000000000000000000000000000000000000000000000000000000000000000000d018015013,114898,1,1,1
38,91,91,0x000006ea,30,0,0x00000000000000000000000000000000000000000000000000000000000000000000000000000000000001dffe010010,114902,1,1,1
38,91,91,0x000006ea,31,0,0x00000000000000000000000000000000000000000000000000000000000000000000000000000000000001200a012018,114906,1,1,1
38,91,91,0x000006ea,32,0,0x00000000000000000000000000000000000000000000000000000000000000000000000000000000000001e02301d01b,114910,1,1,1
38,91,91,0x000006ea,33,0,0x00000000000000000000000000000000000000000000000000000000000000000000000000000000000000801500a013,114914,1,1,1
38,91,91,0x000006ea,34,0,0x000000000000000000000000000000000000000000000000000000000000000000000000000000000000003002012012,114918,1,1,1
38,91,91,0x000006ea,35,0,0x00000000000000000000000000000000000000000000000000000000000000000000000000000000000002002301200e,114922,1,1,1
38,91,91,0x000006ea,36,0,0x00000000000000000000000000000000000000000000000000000000000000000000000000000000000001d01b013018,114926,1,1,1
38,91,91,0x000006ea,37,0,0x00000000000000000000000000000000000000000000000000000000000000000000000000000000000001301000e00b,114930,1,1,1
38,91,91,0x000006ea,38,0,0x00000000000000000000000000000000000000000000000000000000000000000000000000000000000002502600eff3,114934,1,1,1
38,91,91,0x000006ea,39,0,0x000000000000000000000000000000000000000000000000000000000000000000000000000000000000ff600affe00e,114938,1,1,1
38,91,91,0x000006ea,40,0,0x00000000000000000000000000000000000000000000000000000000000000000000000000000000000001a025003000,114942,1,1,1
38,91,91,0x000006ea,41,0,0x00000000000000000000000000000000000000000000000000000000000000000000000000000000000002001800601b,114946,1,1,1
38,91,91,0x000006ea,42,0,0x00000000000000000000000000000000000000000000000000000000000000000000000000000000000000301301a01a,114950,1,1,1
38,91,91,0x000006ea,43,0,0x00000000000000000000000000000000000000000000000000000000000000000000000000000000000001a00a002006,114954,1,1,1
38,91,91,0x000006ea,44,0,0x00000000000000000000000000000000000000000000000000000000000000000000000000000000000001b005003013,114958,1,1,1
38,91,91,0x000006ea,45,0,0x00000000000000000000000000000000000000000000000000000000000000000000000000000000000000d01200a01a,114962,1,1,1
38,91,91,0x000006ea,46,0,0x000000000000000000000000000000000000000000000000000000000000000000000000000000000000015013012018,114966,1,1,1
38,91,91,0x000006ea,47,0,0x00000000000000000000000000000000000000000000000000000000000000000000000000000000000001801a016025,114970,1,1,1
38,91,91,0x000006ea,48,0,0x000000000000000000000000000000000000000000000000000000000000000000000000000000000000015016ffa018,114974,1,1,1
38,91,91,0x000006ea,49,0,0x000000000000000000000000000000000000000000000000000000000000000000000000000000000000010003012025,114978,1,1,1
38,91,91,0x000006ea,50,0,0x00000000000000000000000000000000000000000000000000000000000000000000000000000000000001a00800200b,114982,1,1,1
38,91,91,0x000006ea,51,0,0x00000000000000000000000000000000000000000000000000000000000000000000000000000000000001001801b025,114986,1,1,1
38,91,91,0x000006ea,52,0,0x00000000000000000000000000000000000000000000000000000000000000000000000000000000000000d01500e018,114990,1,1,1
38,91,91,0x000006ea,53,0,0x000000000000000000000000000000000000000000000000000000000000000000000000000000000000ff800301a015,114994,1,1,1
38,91,91,0x000006ea,54,0,0x000000000000000000000000000000000000000000000000000000000000000000000000000000000000003018020016,114998,1,1,1
38,91,91,0x000006ea,55,0,0x00000000000000000000000000000000000000000000000000000000000000000000000000000000000000b015015010,115002,1,1,1
38,91,91,0x000006ea,56,0,0x000000000000000000000000000000000000000000000000000000000000000000000000000000000000016015006012,115006,1,1,1
38,91,91,0x000006ea,57,0,0x00000000000000000000000000000000000000000000000000000000000000000000000000000000000000b00d01602d,115010,1,1,1
38,91,91,0x000006ea,58,0,0x00000000000000000000000000000000000000000000000000000000000000000000000000000000000000501500d013,115014,1,1,1
38,91,91,0x000006ea,59,0,0x00000000000000000000000000000000000000000000000000000000000000000000000000000000000001200600e012,115018,1,1,1
38,91,91,0x000006ea,60,0,0x000000000000000000000000000000000000000000000000000000000000000000000000000000000000010012020016,115022,1,1,1
38,91,91,0x000006ea,61,0,0x00000000000000000000000000000000000000000000000000000000000000000000000000000000000000b002018018,115026,1,1,1
38,91,91,0x000006ea,62,0,0x00000000000000000000000000000000000000000000000000000000000000000000000000000000000000e003023018,115030,1,1,1
38,91,91,0x000006ea,63,1,0x00000000000000000000000000000000000000000000000000000000000000000000000000000000000000d01801d018,115034,1,1,1
39,92,92,0x000005e6,0,0,0x00000000000000000000000000000000000000000000000000000000000000000000000000000000000001d02b013010,116350,1,1,1
39,92,92,0x000005e6,1,0,0x00000000000000000000000000000000000000000000000000000000000000000000000000000000000001000e008006,116354,1,1,1
39,92,92,0x000005e6,2,0,0x00000000000000000000000000000000000000000000000000000000000000000000000000000000000002000d015018,116358,1,1,1
39,92,92,0x000005e6,3,0,0x000000000000000000000000000000000000000000000000000000000000000000000000000000000000ffd00e013016,116362,1,1,1
39,92,92,0x000005e6,4,0,0x00000000000000000000000000000000000000000000000000000000000000000000000000000000000001a01300e01b,116366,1,1,1
39,92,92,0x000005e6,5,0,0x00000000000000000000000000000000000000000000000000000000000000000000000000000000000000300d02001d,116370,1,1,1
39,92,92,0x000005e6,6,0,0x00000000000000000000000000000000000000000000000000000000000000000000000000000000000001d022013006,116374,1,1,1
39,92,92,0x000005e6,7,0,0x00000000000000000000000000000000000000000000000000000000000000000000000000000000000000aff6000002,116378,1,1,1
39,92,92,0x000005e6,8,0,0x00000000000000000000000000000000000000000000000000000000000000000000000000000000000002601201e008,116382,1,1,1
39,92,92,0x000005e6,9,0,0x000000000000000000000000000000000000000000000000000000000000000000000000000000000000fe804600d012,116386,1,1,1
39,92,92,0x000005e6,10,0,0x000000000000000000000000000000000000000000000000000000000000000000000000000000000000fda04a053fe8,116390,1,1,1
39,92,92,0x000005e6,11,0,0x000000000000000000000000000000000000000000000000000000000000000000000000000000000000050058010fda,116394,1,1,1
39,92,92,0x000005e6,12,0,0x00000000000000000000000000000000000000000000000000000000000000000000000000000000000000afb3fbbfe6,116398,1,1,1
39,92,92,0x000005e6,13,0,0x00000000000000000000000000000000000000000000000000000000000000000000000000000000000002207008604a,116402,1,1,1
39,92,92,0x000005e6,14,0,0x000000000000000000000000000000000000000000000000000000000000000000000000000000000000fddfc6fc2fdb,116406,1,1,1
39,92,92,0x000005e6,15,0,0x00000000000000000000000000000000000000000000000000000000000000000000000000000000000006004502a003,116410,1,1,1
39,92,92,0x000005e6,16,0,0x000000000000000000000000000000000000000000000000000000000000000000000000000000000000ff601001d05d,116414,1,1,1
39,92,92,0x000005e6,17,0,0x000000000000000000000000000000000000000000000000000000000000000000000000000000000000ff0fdefe3fe6,116418,1,1,1
39,92,92,0x000005e6,18,0,0x00000000000000000000000000000000000000000000000000000000000000000000000000000000000002504503001b,116422,1,1,1
39,92,92,0x000005e6,19,0,0x00000000000000000000000000000000000000000000000000000000000000000000000000000000000001001800e020,116426,1,1,1
39,92,92,0x000005e6,20,0,0x00000000000000000000000000000000000000000000000000000000000000000000000000000000000000e00dffa00e,116430,1,1,1
39,92,92,0x000005e6,21,0,0x000000000000000000000000000000000000000000000000000000000000000000000000000000000000008003020016,116434,1,1,1
39,92,92,0x000005e6,22,0,0x00000000000000000000000000000000000000000000000000000000000000000000000000000000000000001a02a025,116438,1,1,1
39,92,92,0x000005e6,23,0,0x00000000000000000000000000000000000000000000000000000000000000000000000000000000000001b00a00effb,116442,1,1,1
39,92,92,0x000005e6,24,0,0x00000000000000000000000000000000000000000000000000000000000000000000000000000000000000d01b00e018,116446,1,1,1
39,92,92,0x000005e6,25,0,0x00000000000000000000000000000000000000000000000000000000000000000000000000000000000000e01b000012,116450,1,1,1
39,92,92,0x000005e6,26,0,0x00000000000000000000000000000000000000000000000000000000000000000000000000000000000001000b01a012,116454,1,1,1
39,92,92,0x000005e6,27,0,0x000000000000000000000000000000000000000000000000000000000000000000000000000000000000025015013005,116458,1,1,1
39,92,92,0x000005e6,28,0,0x00000000000000000000000000000000000000000000000000000000000000000000000000000000000001301e01001a,116462,1,1,1
39,92,92,0x000005e6,29,0,0x00000000000000000000000000000000000000000000000000000000000000000000000000000000000001000d018015,116466,1,1,1
39,92,92,0x000005e6,30,0,0x00000000000000000000000000000000000000000000000000000000000000000000000000000000000001801dffe010,116470,1,1,1
39,92,92,0x000005e6,31,0,0x00000000000000000000000000000000000000000000000000000000000000000000000000000000000001b01200a012,116474,1,1,1
39,92,92,0x000005e6,32,0,0x00000000000000000000000000000000000000000000000000000000000000000000000000000000000001301e02301d,116478,1,1,1
39,92,92,0x000005e6,33,0,0x00000000000000000000000000000000000000000000000000000000000000000000000000000000000001200801500a,116482,1,1,1
39,92,92,0x000005e6,34,0,0x00000000000000000000000000000000000000000000000000000000000000000000000000000000000000e003002012,116486,1,1,1
39,92,92,0x000005e6,35,0,0x000000000000000000000000000000000000000000000000000000000000000000000000000000000000018020023012,116490,1,1,1
39,92,92,0x000005e6,36,0,0x00000000000000000000000000000000000000000000000000000000000000000000000000000000000000b01d01b013,116494,1,1,1
39,92,92,0x000005e6,37,0,0x000000000000000000000000000000000000000000000000000000000000000000000000000000000000ff301301000e,116498,1,1,1
39,92,92,0x000005e6,38,0,0x00000000000000000000000000000000000000000000000000000000000000000000000000000000000000e02502600e,116502,1,1,1
39,92,92,0x000005e6,39,0,0x000000000000000000000000000000000000000000000000000000000000000000000000000000000000000ff600affe,116506,1,1,1
39,92,92,0x000005e6,40,0,0x00000000000000000000000000000000000000000000000000000000000000000000000000000000000001b01a025003,116510,1,1,1
39,92,92,0x000005e6,41,0,0x00000000000000000000000000000000000000000000000000000000000000000000000000000000000001a020018006,116514,1,1,1
39,92,92,0x000005e6,42,0,0x00000000000000000000000000000000000000000000000000000000000000000000000000000000000000600301301a,116518,1,1,1
39,92,92,0x000005e6,43,0,0x00000000000000000000000000000000000000000000000000000000000000000000000000000000000001301a00a002,116522,1,1,1
39,92,92,0x000005e6,44,0,0x00000000000000000000000000000000000000000000000000000000000000000000000000000000000001a01b005003,116526,1,1,1
39,92,92,0x000005e6,45,0,0x00000000000000000000000000000000000000000000000000000000000000000000000000000000000001800d01200a,116530,1,1,1
39,92,92,0x000005e6,46,0,0x000000000000000000000000000000000000000000000000000000000000000000000000000000000000025015013012,116534,1,1,1
39,92,92,0x000005e6,47,0,0x00000000000000000000000000000000000000000000000000000000000000000000000000000000000001801801a016,116538,1,1,1
39,92,92,0x000005e6,48,0,0x000000000000000000000000000000000000000000000000000000000000000000000000000000000000025015016ffa,116542,1,1,1
39,92,92,0x000005e6,49,0,0x00000000000000000000000000000000000000000000000000000000000000000000000000000000000000b010003012,116546,1,1,1
39,92,92,0x000005e6,50,0,0x00000000000000000000000000000000000000000000000000000000000000000000000000000000000002501a008002,116550,1,1,1
39,92,92,0x000005e6,51,0,0x00000000000000000000000000000000000000000000000000000000000000000000000000000000000001801001801b,116554,1,1,1
39,92,92,0x000005e6,52,0,0x00000000000000000000000000000000000000000000000000000000000000000000000000000000000001500d01500e,116558,1,1,1
39,92,92,0x000005e6,53,0,0x000000000000000000000000000000000000000000000000000000000000000000000000000000000000016ff800301a,116562,1,1,1
39,92,92,0x000005e6,54,0,0x000000000000000000000000000000000000000000000000000000000000000000000000000000000000010003018020,116566,1,1,1
39,92,92,0x000005e6,55,0,0x00000000000000000000000000000000000000000000000000000000000000000000000000000000000001200b015015,116570,1,1,1
39,92,92,0x000005e6,56,0,0x00000000000000000000000000000000000000000000000000000000000000000000000000000000000002d016015006,116574,1,1,1
39,92,92,0x000005e6,57,0,0x00000000000000000000000000000000000000000000000000000000000000000000000000000000000001300b00d016,116578,1,1,1
39,92,92,0x000005e6,58,0,0x00000000000000000000000000000000000000000000000000000000000000000000000000000000000001200501500d,116582,1,1,1
39,92,92,0x000005e6,59,0,0x00000000000000000000000000000000000000000000000000000000000000000000000000000000000001601200600e,116586,1,1,1
39,92,92,0x000005e6,60,0,0x000000000000000000000000000000000000000000000000000000000000000000000000000000000000018010012020,116590,1,1,1
39,92,92,0x000005e6,61,0,0x00000000000000000000000000000000000000000000000000000000000000000000000000000000000001800b002018,116594,1,1,1
39,92,92,0x000005e6,62,0,0x00000000000000000000000000000000000000000000000000000000000000000000000000000000000001800e003023,116598,1,1,1
39,92,92,0x000005e6,63,1,0x00000000000000000000000000000000000000000000000000000000000000000000000000000000000001a00d01801d,116602,1,1,1
40,93,93,0x0000066a,0,0,0x00000000000000000000000000000000000000000000000000000000000000000000000000000000000000601d02b013,117914,1,1,1
40,93,93,0x0000066a,1,0,0x00000000000000000000000000000000000000000000000000000000000000000000000000000000000001801000e008,117918,1,1,1
40,93,93,0x0000066a,2,0,0x00000000000000000000000000000000000000000000000000000000000000000000000000000000000001602000d015,117922,1,1,1
40,93,93,0x0000066a,3,0,0x00000000000000000000000000000000000000000000000000000000000000000000000000000000000001bffd00e013,117926,1,1,1
40,93,93,0x0000066a,4,0,0x00000000000000000000000000000000000000000000000000000000000000000000000000000000000001d01a01300e,117930,1,1,1
40,93,93,0x0000066a,5,0,0x00000000000000000000000000000000000000000000000000000000000000000000000000000000000000600300d020,117934,1,1,1
40,93,93,0x0000066a,6,0,0x00000000000000000000000000000000000000000000000000000000000000000000000000000000000000201d022013,117938,1,1,1
40,93,93,0x0000066a,7,0,0x00000000000000000000000000000000000000000000000000000000000000000000000000000000000000800aff6000,117942,1,1,1
40,93,93,0x0000066a,8,0,0x00000000000000000000000000000000000000000000000000000000000000000000000000000000000001202601201e,117946,1,1,1
40,93,93,0x0000066a,9,0,0x000000000000000000000000000000000000000000000000000000000000000000000000000000000000fe8fe804600d,117950,1,1,1
40,93,93,0x0000066a,10,0,0x000000000000000000000000000000000000000000000000000000000000000000000000000000000000fdafda04a053,117954,1,1,1
40,93,93,0x0000066a,11,0,0x000000000000000000000000000000000000000000000000000000000000000000000000000000000000fe6050058010,117958,1,1,1
40,93,93,0x0000066a,12,0,0x00000000000000000000000000000000000000000000000000000000000000000000000000000000000004a00afb3fbb,117962,1,1,1
40,93,93,0x0000066a,13,0,0x000000000000000000000000000000000000000000000000000000000000000000000000000000000000fdb022070086,117966,1,1,1
40,93,93,0x0000066a,14,0,0x000000000000000000000000000000000000000000000000000000000000000000000000000000000000003fddfc6fc2,117970,1,1,1
40,93,93,0x0000066a,15,0,0x00000000000000000000000000000000000000000000000000000000000000000000000000000000000005d06004502a,117974,1,1,1
40,93,93,0x0000066a,16,0,0x000000000000000000000000000000000000000000000000000000000000000000000000000000000000fe6ff601001d,117978,1,1,1
40,93,93,0x0000066a,17,0,0x00000000000000000000000000000000000000000000000000000000000000000000000000000000000001bff0fdefe3,117982,1,1,1
40,93,93,0x0000066a,18,0,0x000000000000000000000000000000000000000000000000000000000000000000000000000000000000020025045030,117986,1,1,1
40,93,93,0x0000066a,19,0,0x00000000000000000000000000000000000000000000000000000000000000000000000000000000000000e01001800e,117990,1,1,1
40,93,93,0x0000066a,20,0,0x00000000000000000000000000000000000000000000000000000000000000000000000000000000000001600e00dffa,117994,1,1,1
40,93,93,0x0000066a,21,0,0x000000000000000000000000000000000000000000000000000000000000000000000000000000000000025008003020,117998,1,1,1
40,93,93,0x0000066a,22,0,0x000000000000000000000000000000000000000000000000000000000000000000000000000000000000ffb00001a02a,118002,1,1,1
40,93,93,0x0000066a,23,0,0x00000000000000000000000000000000000000000000000000000000000000000000000000000000000001801b00a00e,118006,1,1,1
40,93,93,0x0000066a,24,0,0x00000000000000000000000000000000000000000000000000000000000000000000000000000000000001200d01b00e,118010,1,1,1
40,93,93,0x0000066a,25,0,0x00000000000000000000000000000000000000000000000000000000000000000000000000000000000001200e01b000,118014,1,1,1
40,93,93,0x0000066a,26,0,0x00000000000000000000000000000000000000000000000000000000000000000000000000000000000000501000b01a,118018,1,1,1
40,93,93,0x0000066a,27,0,0x00000000000000000000000000000000000000000000000000000000000000000000000000000000000001a025015013,118022,1,1,1
40,93,93,0x0000066a,28,0,0x00000000000000000000000000000000000000000000000000000000000000000000000000000000000001501301e010,118026,1,1,1
40,93,93,0x0000066a,29,0,0x00000000000000000000000000000000000000000000000000000000000000000000000000000000000001001000d018,118030,1,1,1
40,93,93,0x0000066a,30,0,0x00000000000000000000000000000000000000000000000000000000000000000000000000000000000001201801dffe,118034,1,1,1
40,93,93,0x0000066a,31,0,0x00000000000000000000000000000000000000000000000000000000000000000000000000000000000001d01b01200a,118038,1,1,1
40,93,93,0x0000066a,32,0,0x00000000000000000000000000000000000000000000000000000000000000000000000000000000000000a01301e023,118042,1,1,1
40,93,93,0x0000066a,33,0,0x000000000000000000000000000000000000000000000000000000000000000000000000000000000000012012008015,118046,1,1,1
40,93,93,0x0000066a,34,0,0x00000000000000000000000000000000000000000000000000000000000000000000000000000000000001200e003002,118050,1,1,1
40,93,93,0x0000066a,35,0,0x000000000000000000000000000000000000000000000000000000000000000000000000000000000000013018020023,118054,1,1,1
40,93,93,0x0000066a,36,0,0x00000000000000000000000000000000000000000000000000000000000000000000000000000000000000e00b01d01b,118058,1,1,1
40,93,93,0x0000066a,37,0,0x00000000000000000000000000000000000000000000000000000000000000000000000000000000000000eff3013010,118062,1,1,1
40,93,93,0x0000066a,38,0,0x000000000000000000000000000000000000000000000000000000000000000000000000000000000000ffe00e025026,118066,1,1,1
40,93,93,0x0000066a,39,0,0x000000000000000000000000000000000000000000000000000000000000000000000000000000000000003000ff600a,118070,1,1,1
40,93,93,0x0000066a,40,0,0x00000000000000000000000000000000000000000000000000000000000000000000000000000000000000601b01a025,118074,1,1,1
40,93,93,0x0000066a,41,0,0x00000000000000000000000000000000000000000000000000000000000000000000000000000000000001a01a020018,118078,1,1,1
40,93,93,0x0000066a,42,0,0x000000000000000000000000000000000000000000000000000000000000000000000000000000000000002006003013,118082,1,1,1
40,93,93,0x0000066a,43,0,0x00000000000000000000000000000000000000000000000000000000000000000000000000000000000000301301a00a,118086,1,1,1
40,93,93,0x0000066a,44,0,0x00000000000000000000000000000000000000000000000000000000000000000000000000000000000000a01a01b005,118090,1,1,1
40,93,93,0x0000066a,45,0,0x00000000000000000000000000000000000000000000000000000000000000000000000000000000000001201800d012,118094,1,1,1
40,93,93,0x0000066a,46,0,0x000000000000000000000000000000000000000000000000000000000000000000000000000000000000016025015013,118098,1,1,1
40,93,93,0x0000066a,47,0,0x000000000000000000000000000000000000000000000000000000000000000000000000000000000000ffa01801801a,118102,1,1,1
40,93,93,0x0000066a,48,0,0x000000000000000000000000000000000000000000000000000000000000000000000000000000000000012025015016,118106,1,1,1
40,93,93,0x0000066a,49,0,0x00000000000000000000000000000000000000000000000000000000000000000000000000000000000000200b010003,118110,1,1,1
40,93,93,0x0000066a,50,0,0x00000000000000000000000000000000000000000000000000000000000000000000000000000000000001b02501a008,118114,1,1,1
40,93,93,0x0000066a,51,0,0x00000000000000000000000000000000000000000000000000000000000000000000000000000000000000e018010018,118118,1,1,1
40,93,93,0x0000066a,52,0,0x00000000000000000000000000000000000000000000000000000000000000000000000000000000000001a01500d015,118122,1,1,1
40,93,93,0x0000066a,53,0,0x000000000000000000000000000000000000000000000000000000000000000000000000000000000000020016ff8003,118126,1,1,1
40,93,93,0x0000066a,54,0,0x000000000000000000000000000000000000000000000000000000000000000000000000000000000000015010003018,118130,1,1,1
40,93,93,0x0000066a,55,0,0x00000000000000000000000000000000000000000000000000000000000000000000000000000000000000601200b015,118134,1,1,1
40,93,93,0x0000066a,56,0,0x00000000000000000000000000000000000000000000000000000000000000000000000000000000000001602d016015,118138,1,1,1
40,93,93,0x0000066a,57,0,0x00000000000000000000000000000000000000000000000000000000000000000000000000000000000000d01300b00d,118142,1,1,1
40,93,93,0x0000066a,58,0,0x00000000000000000000000000000000000000000000000000000000000000000000000000000000000000e012005015,118146,1,1,1
40,93,93,0x0000066a,59,0,0x000000000000000000000000000000000000000000000000000000000000000000000000000000000000020016012006,118150,1,1,1
40,93,93,0x0000066a,60,0,0x000000000000000000000000000000000000000000000000000000000000000000000000000000000000018018010012,118154,1,1,1
40,93,93,0x0000066a,61,0,0x00000000000000000000000000000000000000000000000000000000000000000000000000000000000002301800b002,118158,1,1,1
40,93,93,0x0000066a,62,0,0x00000000000000000000000000000000000000000000000000000000000000000000000000000000000001d01800e003,118162,1,1,1
40,93,93,0x0000066a,63,1,0x00000000000000000000000000000000000000000000000000000000000000000000000000000000000001801a00d018,118166,1,1,1
41,94,94,0x00000ad8,0,0,0x00000000000000000000000000000000000000000000000000000000000000000000000000000000000000800601d02b,119478,1,1,1
41,94,94,0x00000ad8,1,0,0x00000000000000000000000000000000000000000000000000000000000000000000000000000000000001501801000e,119482,1,1,1
41,94,94,0x00000ad8,2,0,0x00000000000000000000000000000000000000000000000000000000000000000000000000000000000001301602000d,119486,1,1,1
41,94,94,0x00000ad8,3,0,0x00000000000000000000000000000000000000000000000000000000000000000000000000000000000000e01bffd00e,119490,1,1,1
41,94,94,0x00000ad8,4,0,0x00000000000000000000000000000000000000000000000000000000000000000000000000000000000002001d01a013,119494,1,1,1
41,94,94,0x00000ad8,5,0,0x00000000000000000000000000000000000000000000000000000000000000000000000000000000000001300600300d,119498,1,1,1
41,94,94,0x00000ad8,6,0,0x00000000000000000000000000000000000000000000000000000000000000000000000000000000000000000201d022,119502,1,1,1
41,94,94,0x00000ad8,7,0,0x00000000000000000000000000000000000000000000000000000000000000000000000000000000000001e00800aff6,119506,1,1,1
41,94,94,0x00000ad8,8,0,0x00000000000000000000000000000000000000000000000000000000000000000000000000000000000000d012026012,119510,1,1,1
41,94,94,0x00000ad8,9,0,0x000000000000000000000000000000000000000000000000000000000000000000000000000000000000053fe8fe8046,119514,1,1,1
41,94,94,0x00000ad8,10,0,0x000000000000000000000000000000000000000000000000000000000000000000000000000000000000010fdafda04a,119518,1,1,1
41,94,94,0x00000ad8,11,0,0x000000000000000000000000000000000000000000000000000000000000000000000000000000000000fbbfe6050058,119522,1,1,1
41,94,94,0x00000ad8,12,0,0x00000000000000000000000000000000000000000000000000000000000000000000000000000000000008604a00afb3,119526,1,1,1
41,94,94,0x00000ad8,13,0,0x000000000000000000000000000000000000000000000000000000000000000000000000000000000000fc2fdb022070,119530,1,1,1
41,94,94,0x00000ad8,14,0,0x00000000000000000000000000000000000000000000000000000000000000000000000000000000000002a003fddfc6,119534,1,1,1
41,94,94,0x00000ad8,15,0,0x00000000000000000000000000000000000000000000000000000000000000000000000000000000000001d05d060045,119538,1,1,1
41,94,94,0x00000ad8,16,0,0x000000000000000000000000000000000000000000000000000000000000000000000000000000000000fe3fe6ff6010,119542,1,1,1
41,94,94,0x00000ad8,17,0,0x00000000000000000000000000000000000000000000000000000000000000000000000000000000000003001bff0fde,119546,1,1,1
41,94,94,0x00000ad8,18,0,0x00000000000000000000000000000000000000000000000000000000000000000000000000000000000000e020025045,119550,1,1,1
41,94,94,0x00000ad8,19,0,0x000000000000000000000000000000000000000000000000000000000000000000000000000000000000ffa00e010018,119554,1,1,1
41,94,94,0x00000ad8,20,0,0x00000000000000000000000000000000000000000000000000000000000000000000000000000000000002001600e00d,119558,1,1,1
41,94,94,0x00000ad8,21,0,0x00000000000000000000000000000000000000000000000000000000000000000000000000000000000002a025008003,119562,1,1,1
41,94,94,0x00000ad8,22,0,0x00000000000000000000000000000000000000000000000000000000000000000000000000000000000000effb00001a,119566,1,1,1
41,94,94,0x00000ad8,23,0,0x00000000000000000000000000000000000000000000000000000000000000000000000000000000000000e01801b00a,119570,1,1,1
41,94,94,0x00000ad8,24,0,0x00000000000000000000000000000000000000000000000000000000000000000000000000000000000000001200d01b,119574,1,1,1
41,94,94,0x00000ad8,25,0,0x00000000000000000000000000000000000000000000000000000000000000000000000000000000000001a01200e01b,119578,1,1,1
41,94,94,0x00000ad8,26,0,0x00000000000000000000000000000000000000000000000000000000000000000000000000000000000001300501000b,119582,1,1,1
41,94,94,0x00000ad8,27,0,0x00000000000000000000000000000000000000000000000000000000000000000000000000000000000001001a025015,119586,1,1,1
41,94,94,0x00000ad8,28,0,0x00000000000000000000000000000000000000000000000000000000000000000000000000000000000001801501301e,119590,1,1,1
41,94,94,0x00000ad8,29,0,0x000000000000000000000000000000000000000000000000000000000000000000000000000000000000ffe01001000d,119594,1,1,1
41,94,94,0x00000ad8,30,0,0x00000000000000000000000000000000000000000000000000000000000000000000000000000000000000a01201801d,119598,1,1,1
41,94,94,0x00000ad8,31,0,0x00000000000000000000000000000000000000000000000000000000000000000000000000000000000002301d01b012,119602,1,1,1
41,94,94,0x00000ad8,32,0,0x00000000000000000000000000000000000000000000000000000000000000000000000000000000000001500a01301e,119606,1,1,1
41,94,94,0x00000ad8,33,0,0x000000000000000000000000000000000000000000000000000000000000000000000000000000000000002012012008,119610,1,1,1
41,94,94,0x00000ad8,34,0,0x00000000000000000000000000000000000000000000000000000000000000000000000000000000000002301200e003,119614,1,1,1
41,94,94,0x00000ad8,35,0,0x00000000000000000000000000000000000000000000000000000000000000000000000000000000000001b013018020,119618,1,1,1
41,94,94,0x00000ad8,36,0,0x00000000000000000000000000000000000000000000000000000000000000000000000000000000000001000e00b01d,119622,1,1,1
41,94,94,0x00000ad8,37,0,0x00000000000000000000000000000000000000000000000000000000000000000000000000000000000002600eff3013,119626,1,1,1
41,94,94,0x00000ad8,38,0,0x00000000000000000000000000000000000000000000000000000000000000000000000000000000000000affe00e025,119630,1,1,1
41,94,94,0x00000ad8,39,0,0x000000000000000000000000000000000000000000000000000000000000000000000000000000000000025003000ff6,119634,1,1,1
41,94,94,0x00000ad8,40,0,0x00000000000000000000000000000000000000000000000000000000000000000000000000000000000001800601b01a,119638,1,1,1
41,94,94,0x00000ad8,41,0,0x00000000000000000000000000000000000000000000000000000000000000000000000000000000000001301a01a020,119642,1,1,1
41,94,94,0x00000ad8,42,0,0x00000000000000000000000000000000000000000000000000000000000000000000000000000000000000a002006003,119646,1,1,1
41,94,94,0x00000ad8,43,0,0x00000000000000000000000000000000000000000000000000000000000000000000000000000000000000500301301a,119650,1,1,1
41,94,94,0x00000ad8,44,0,0x00000000000000000000000000000000000000000000000000000000000000000000000000000000000001200a01a01b,119654,1,1,1
41,94,94,0x00000ad8,45,0,0x00000000000000000000000000000000000000000000000000000000000000000000000000000000000001301201800d,119658,1,1,1
41,94,94,0x00000ad8,46,0,0x00000000000000000000000000000000000000000000000000000000000000000000000000000000000001a016025015,119662,1,1,1
41,94,94,0x00000ad8,47,0,0x000000000000000000000000000000000000000000000000000000000000000000000000000000000000016ffa018018,119666,1,1,1
41,94,94,0x00000ad8,48,0,0x000000000000000000000000000000000000000000000000000000000000000000000000000000000000003012025015,119670,1,1,1
41,94,94,0x00000ad8,49,0,0x00000000000000000000000000000000000000000000000000000000000000000000000000000000000000800200b010,119674,1,1,1
41,94,94,0x00000ad8,50,0,0x00000000000000000000000000000000000000000000000000000000000000000000000000000000000001801b02501a,119678,1,1,1
41,94,94,0x00000ad8,51,0,0x00000000000000000000000000000000000000000000000000000000000000000000000000000000000001500e018010,119682,1,1,1
41,94,94,0x00000ad8,52,0,0x00000000000000000000000000000000000000000000000000000000000000000000000000000000000000301a01500d,119686,1,1,1
41,94,94,0x00000ad8,53,0,0x000000000000000000000000000000000000000000000000000000000000000000000000000000000000018020016ff8,119690,1,1,1
41,94,94,0x00000ad8,54,0,0x000000000000000000000000000000000000000000000000000000000000000000000000000000000000015015010003,119694,1,1,1
41,94,94,0x00000ad8,55,0,0x00000000000000000000000000000000000000000000000000000000000000000000000000000000000001500601200b,119698,1,1,1
41,94,94,0x00000ad8,56,0,0x00000000000000000000000000000000000000000000000000000000000000000000000000000000000000d01602d016,119702,1,1,1
41,94,94,0x00000ad8,57,0,0x00000000000000000000000000000000000000000000000000000000000000000000000000000000000001500d01300b,119706,1,1,1
41,94,94,0x00000ad8,58,0,0x00000000000000000000000000000000000000000000000000000000000000000000000000000000000000600e012005,119710,1,1,1
41,94,94,0x00000ad8,59,0,0x000000000000000000000000000000000000000000000000000000000000000000000000000000000000012020016012,119714,1,1,1
41,94,94,0x00000ad8,60,0,0x000000000000000000000000000000000000000000000000000000000000000000000000000000000000002018018010,119718,1,1,1
41,94,94,0x00000ad8,61,0,0x00000000000000000000000000000000000000000000000000000000000000000000000000000000000000302301800b,119722,1,1,1
41,94,94,0x00000ad8,62,0,0x00000000000000000000000000000000000000000000000000000000000000000000000000000000000001801d01800e,119726,1,1,1
41,94,94,0x00000ad8,63,1,0x00000000000000000000000000000000000000000000000000000000000000000000000000000000000000a01801a00d,119730,1,1,1
42,95,95,0x0000095b,0,0,0x00000000000000000000000000000000000000000000000000000000000000000000000000000000000000e00800601d,121042,1,1,1
42,95,95,0x0000095b,1,0,0x00000000000000000000000000000000000000000000000000000000000000000000000000000000000000d015018010,121046,1,1,1
42,95,95,0x0000095b,2,0,0x00000000000000000000000000000000000000000000000000000000000000000000000000000000000000e013016020,121050,1,1,1
42,95,95,0x0000095b,3,0,0x00000000000000000000000000000000000000000000000000000000000000000000000000000000000001300e01bffd,121054,1,1,1
42,95,95,0x0000095b,4,0,0x00000000000000000000000000000000000000000000000000000000000000000000000000000000000000d02001d01a,121058,1,1,1
42,95,95,0x0000095b,5,0,0x000000000000000000000000000000000000000000000000000000000000000000000000000000000000022013006003,121062,1,1,1
42,95,95,0x0000095b,6,0,0x000000000000000000000000000000000000000000000000000000000000000000000000000000000000ff600000201d,121066,1,1,1
42,95,95,0x0000095b,7,0,0x00000000000000000000000000000000000000000000000000000000000000000000000000000000000001201e00800a,121070,1,1,1
42,95,95,0x0000095b,8,0,0x00000000000000000000000000000000000000000000000000000000000000000000000000000000000004600d012026,121074,1,1,1
42,95,95,0x0000095b,9,0,0x00000000000000000000000000000000000000000000000000000000000000000000000000000000000004a053fe8fe8,121078,1,1,1
42,95,95,0x0000095b,10,0,0x000000000000000000000000000000000000000000000000000000000000000000000000000000000000058010fdafda,121082,1,1,1
42,95,95,0x0000095b,11,0,0x000000000000000000000000000000000000000000000000000000000000000000000000000000000000fb3fbbfe6050,121086,1,1,1
42,95,95,0x0000095b,12,0,0x00000000000000000000000000000000000000000000000000000000000000000000000000000000000007008604a00a,121090,1,1,1
42,95,95,0x0000095b,13,0,0x000000000000000000000000000000000000000000000000000000000000000000000000000000000000fc6fc2fdb022,121094,1,1,1
42,95,95,0x0000095b,14,0,0x00000000000000000000000000000000000000000000000000000000000000000000000000000000000004502a003fdd,121098,1,1,1
42,95,95,0x0000095b,15,0,0x00000000000000000000000000000000000000000000000000000000000000000000000000000000000001001d05d060,121102,1,1,1
42,95,95,0x0000095b,16,0,0x000000000000000000000000000000000000000000000000000000000000000000000000000000000000fdefe3fe6ff6,121106,1,1,1
42,95,95,0x0000095b,17,0,0x00000000000000000000000000000000000000000000000000000000000000000000000000000000000004503001bff0,121110,1,1,1
42,95,95,0x0000095b,18,0,0x00000000000000000000000000000000000000000000000000000000000000000000000000000000000001800e020025,121114,1,1,1
42,95,95,0x0000095b,19,0,0x00000000000000000000000000000000000000000000000000000000000000000000000000000000000000dffa00e010,121118,1,1,1
42,95,95,0x0000095b,20,0,0x00000000000000000000000000000000000000000000000000000000000000000000000000000000000000302001600e,121122,1,1,1
42,95,95,0x0000095b,21,0,0x00000000000000000000000000000000000000000000000000000000000000000000000000000000000001a02a025008,121126,1,1,1
42,95,95,0x0000095b,22,0,0x00000000000000000000000000000000000000000000000000000000000000000000000000000000000000a00effb000,121130,1,1,1
42,95,95,0x0000095b,23,0,0x00000000000000000000000000000000000000000000000000000000000000000000000000000000000001b00e01801b,121134,1,1,1
42,95,95,0x0000095b,24,0,0x00000000000000000000000000000000000000000000000000000000000000000000000000000000000001b00001200d,121138,1,1,1
42,95,95,0x0000095b,25,0,0x00000000000000000000000000000000000000000000000000000000000000000000000000000000000000b01a01200e,121142,1,1,1
42,95,95,0x0000095b,26,0,0x000000000000000000000000000000000000000000000000000000000000000000000000000000000000015013005010,121146,1,1,1
42,95,95,0x0000095b,27,0,0x00000000000000000000000000000000000000000000000000000000000000000000000000000000000001e01001a025,121150,1,1,1
42,95,95,0x0000095b,28,0,0x00000000000000000000000000000000000000000000000000000000000000000000000000000000000000d018015013,121154,1,1,1
42,95,95,0x0000095b,29,0,0x00000000000000000000000000000000000000000000000000000000000000000000000000000000000001dffe010010,121158,1,1,1
42,95,95,0x0000095b,30,0,0x00000000000000000000000000000000000000000000000000000000000000000000000000000000000001200a012018,121162,1,1,1
42,95,95,0x0000095b,31,0,0x00000000000000000000000000000000000000000000000000000000000000000000000000000000000001e02301d01b,121166,1,1,1
42,95,95,0x0000095b,32,0,0x00000000000000000000000000000000000000000000000000000000000000000000000000000000000000801500a013,121170,1,1,1
42,95,95,0x0000095b,33,0,0x000000000000000000000000000000000000000000000000000000000000000000000000000000000000003002012012,121174,1,1,1
42,95,95,0x0000095b,34,0,0x00000000000000000000000000000000000000000000000000000000000000000000000000000000000002002301200e,121178,1,1,1
42,95,95,0x0000095b,35,0,0x00000000000000000000000000000000000000000000000000000000000000000000000000000000000001d01b013018,121182,1,1,1
42,95,95,0x0000095b,36,0,0x00000000000000000000000000000000000000000000000000000000000000000000000000000000000001301000e00b,121186,1,1,1
42,95,95,0x0000095b,37,0,0x00000000000000000000000000000000000000000000000000000000000000000000000000000000000002502600eff3,121190,1,1,1
42,95,95,0x0000095b,38,0,0x000000000000000000000000000000000000000000000000000000000000000000000000000000000000ff600affe00e,121194,1,1,1
42,95,95,0x0000095b,39,0,0x00000000000000000000000000000000000000000000000000000000000000000000000000000000000001a025003000,121198,1,1,1
42,95,95,0x0000095b,40,0,0x00000000000000000000000000000000000000000000000000000000000000000000000000000000000002001800601b,121202,1,1,1
42,95,95,0x0000095b,41,0,0x00000000000000000000000000000000000000000000000000000000000000000000000000000000000000301301a01a,121206,1,1,1
42,95,95,0x0000095b,42,0,0x00000000000000000000000000000000000000000000000000000000000000000000000000000000000001a00a002006,121210,1,1,1
42,95,95,0x0000095b,43,0,0x00000000000000000000000000000000000000000000000000000000000000000000000000000000000001b005003013,121214,1,1,1
42,95,95,0x0000095b,44,0,0x00000000000000000000000000000000000000000000000000000000000000000000000000000000000000d01200a01a,121218,1,1,1
42,95,95,0x0000095b,45,0,0x000000000000000000000000000000000000000000000000000000000000000000000000000000000000015013012018,121222,1,1,1
42,95,95,0x0000095b,46,0,0x00000000000000000000000000000000000000000000000000000000000000000000000000000000000001801a016025,121226,1,1,1
42,95,95,0x0000095b,47,0,0x000000000000000000000000000000000000000000000000000000000000000000000000000000000000015016ffa018,121230,1,1,1
42,95,95,0x0000095b,48,0,0x000000000000000000000000000000000000000000000000000000000000000000000000000000000000010003012025,121234,1,1,1
42,95,95,0x0000095b,49,0,0x00000000000000000000000000000000000000000000000000000000000000000000000000000000000001a00800200b,121238,1,1,1
42,95,95,0x0000095b,50,0,0x00000000000000000000000000000000000000000000000000000000000000000000000000000000000001001801b025,121242,1,1,1
42,95,95,0x0000095b,51,0,0x00000000000000000000000000000000000000000000000000000000000000000000000000000000000000d01500e018,121246,1,1,1
42,95,95,0x0000095b,52,0,0x000000000000000000000000000000000000000000000000000000000000000000000000000000000000ff800301a015,121250,1,1,1
42,95,95,0x0000095b,53,0,0x000000000000000000000000000000000000000000000000000000000000000000000000000000000000003018020016,121254,1,1,1
42,95,95,0x0000095b,54,0,0x00000000000000000000000000000000000000000000000000000000000000000000000000000000000000b015015010,121258,1,1,1
42,95,95,0x0000095b,55,0,0x000000000000000000000000000000000000000000000000000000000000000000000000000000000000016015006012,121262,1,1,1
42,95,95,0x0000095b,56,0,0x00000000000000000000000000000000000000000000000000000000000000000000000000000000000000b00d01602d,121266,1,1,1
42,95,95,0x0000095b,57,0,0x00000000000000000000000000000000000000000000000000000000000000000000000000000000000000501500d013,121270,1,1,1
42,95,95,0x0000095b,58,0,0x00000000000000000000000000000000000000000000000000000000000000000000000000000000000001200600e012,121274,1,1,1
42,95,95,0x0000095b,59,0,0x000000000000000000000000000000000000000000000000000000000000000000000000000000000000010012020016,121278,1,1,1
42,95,95,0x0000095b,60,0,0x00000000000000000000000000000000000000000000000000000000000000000000000000000000000000b002018018,121282,1,1,1
42,95,95,0x0000095b,61,0,0x00000000000000000000000000000000000000000000000000000000000000000000000000000000000000e003023018,121286,1,1,1
42,95,95,0x0000095b,62,0,0x00000000000000000000000000000000000000000000000000000000000000000000000000000000000000d01801d018,121290,1,1,1
42,95,95,0x0000095b,63,1,0x00000000000000000000000000000000000000000000000000000000000000000000000000000000000000800a01801a,121294,1,1,1
43,96,96,0x0000003b,0,0,0x00000000000000000000000000000000000000000000000000000000000000000000000000000000000001000e008006,122610,1,1,1
43,96,96,0x0000003b,1,0,0x00000000000000000000000000000000000000000000000000000000000000000000000000000000000002000d015018,122614,1,1,1
43,96,96,0x0000003b,2,0,0x000000000000000000000000000000000000000000000000000000000000000000000000000000000000ffd00e013016,122618,1,1,1
43,96,96,0x0000003b,3,0,0x00000000000000000000000000000000000000000000000000000000000000000000000000000000000001a01300e01b,122622,1,1,1
43,96,96,0x0000003b,4,0,0x00000000000000000000000000000000000000000000000000000000000000000000000000000000000000300d02001d,122626,1,1,1
43,96,96,0x0000003b,5,0,0x00000000000000000000000000000000000000000000000000000000000000000000000000000000000001d022013006,122630,1,1,1
43,96,96,0x0000003b,6,0,0x00000000000000000000000000000000000000000000000000000000000000000000000000000000000000aff6000002,122634,1,1,1
43,96,96,0x0000003b,7,0,0x00000000000000000000000000000000000000000000000000000000000000000000000000000000000002601201e008,122638,1,1,1
43,96,96,0x0000003b,8,0,0x000000000000000000000000000000000000000000000000000000000000000000000000000000000000fe804600d012,122642,1,1,1
43,96,96,0x0000003b,9,0,0x000000000000000000000000000000000000000000000000000000000000000000000000000000000000fda04a053fe8,122646,1,1,1
43,96,96,0x0000003b,10,0,0x000000000000000000000000000000000000000000000000000000000000000000000000000000000000050058010fda,122650,1,1,1
43,96,96,0x0000003b,11,0,0x00000000000000000000000000000000000000000000000000000000000000000000000000000000000000afb3fbbfe6,122654,1,1,1
43,96,96,0x0000003b,12,0,0x00000000000000000000000000000000000000000000000000000000000000000000000000000000000002207008604a,122658,1,1,1
43,96,96,0x0000003b,13,0,0x000000000000000000000000000000000000000000000000000000000000000000000000000000000000fddfc6fc2fdb,122662,1,1,1
43,96,96,0x0000003b,14,0,0x00000000000000000000000000000000000000000000000000000000000000000000000000000000000006004502a003,122666,1,1,1
43,96,96,0x0000003b,15,0,0x000000000000000000000000000000000000000000000000000000000000000000000000000000000000ff601001d05d,122670,1,1,1
43,96,96,0x0000003b,16,0,0x000000000000000000000000000000000000000000000000000000000000000000000000000000000000ff0fdefe3fe6,122674,1,1,1
43,96,96,0x0000003b,17,0,0x00000000000000000000000000000000000000000000000000000000000000000000000000000000000002504503001b,122678,1,1,1
43,96,96,0x0000003b,18,0,0x00000000000000000000000000000000000000000000000000000000000000000000000000000000000001001800e020,122682,1,1,1
43,96,96,0x0000003b,19,0,0x00000000000000000000000000000000000000000000000000000000000000000000000000000000000000e00dffa00e,122686,1,1,1
43,96,96,0x0000003b,20,0,0x000000000000000000000000000000000000000000000000000000000000000000000000000000000000008003020016,122690,1,1,1
43,96,96,0x0000003b,21,0,0x00000000000000000000000000000000000000000000000000000000000000000000000000000000000000001a02a025,122694,1,1,1
43,96,96,0x0000003b,22,0,0x00000000000000000000000000000000000000000000000000000000000000000000000000000000000001b00a00effb,122698,1,1,1
43,96,96,0x0000003b,23,0,0x00000000000000000000000000000000000000000000000000000000000000000000000000000000000000d01b00e018,122702,1,1,1
43,96,96,0x0000003b,24,0,0x00000000000000000000000000000000000000000000000000000000000000000000000000000000000000e01b000012,122706,1,1,1
43,96,96,0x0000003b,25,0,0x00000000000000000000000000000000000000000000000000000000000000000000000000000000000001000b01a012,122710,1,1,1
43,96,96,0x0000003b,26,0,0x000000000000000000000000000000000000000000000000000000000000000000000000000000000000025015013005,122714,1,1,1
43,96,96,0x0000003b,27,0,0x00000000000000000000000000000000000000000000000000000000000000000000000000000000000001301e01001a,122718,1,1,1
43,96,96,0x0000003b,28,0,0x00000000000000000000000000000000000000000000000000000000000000000000000000000000000001000d018015,122722,1,1,1
43,96,96,0x0000003b,29,0,0x00000000000000000000000000000000000000000000000000000000000000000000000000000000000001801dffe010,122726,1,1,1
43,96,96,0x0000003b,30,0,0x00000000000000000000000000000000000000000000000000000000000000000000000000000000000001b01200a012,122730,1,1,1
43,96,96,0x0000003b,31,0,0x00000000000000000000000000000000000000000000000000000000000000000000000000000000000001301e02301d,122734,1,1,1
43,96,96,0x0000003b,32,0,0x00000000000000000000000000000000000000000000000000000000000000000000000000000000000001200801500a,122738,1,1,1
43,96,96,0x0000003b,33,0,0x00000000000000000000000000000000000000000000000000000000000000000000000000000000000000e003002012,122742,1,1,1
43,96,96,0x0000003b,34,0,0x000000000000000000000000000000000000000000000000000000000000000000000000000000000000018020023012,122746,1,1,1
43,96,96,0x0000003b,35,0,0x00000000000000000000000000000000000000000000000000000000000000000000000000000000000000b01d01b013,122750,1,1,1
43,96,96,0x0000003b,36,0,0x000000000000000000000000000000000000000000000000000000000000000000000000000000000000ff301301000e,122754,1,1,1
43,96,96,0x0000003b,37,0,0x00000000000000000000000000000000000000000000000000000000000000000000000000000000000000e02502600e,122758,1,1,1
43,96,96,0x0000003b,38,0,0x000000000000000000000000000000000000000000000000000000000000000000000000000000000000000ff600affe,122762,1,1,1
43,96,96,0x0000003b,39,0,0x00000000000000000000000000000000000000000000000000000000000000000000000000000000000001b01a025003,122766,1,1,1
43,96,96,0x0000003b,40,0,0x00000000000000000000000000000000000000000000000000000000000000000000000000000000000001a020018006,122770,1,1,1
43,96,96,0x0000003b,41,0,0x00000000000000000000000000000000000000000000000000000000000000000000000000000000000000600301301a,122774,1,1,1
43,96,96,0x0000003b,42,0,0x00000000000000000000000000000000000000000000000000000000000000000000000000000000000001301a00a002,122778,1,1,1
43,96,96,0x0000003b,43,0,0x00000000000000000000000000000000000000000000000000000000000000000000000000000000000001a01b005003,122782,1,1,1
43,96,96,0x0000003b,44,0,0x00000000000000000000000000000000000000000000000000000000000000000000000000000000000001800d01200a,122786,1,1,1
43,96,96,0x0000003b,45,0,0x000000000000000000000000000000000000000000000000000000000000000000000000000000000000025015013012,122790,1,1,1
43,96,96,0x0000003b,46,0,0x00000000000000000000000000000000000000000000000000000000000000000000000000000000000001801801a016,122794,1,1,1
43,96,96,0x0000003b,47,0,0x000000000000000000000000000000000000000000000000000000000000000000000000000000000000025015016ffa,122798,1,1,1
43,96,96,0x0000003b,48,0,0x00000000000000000000000000000000000000000000000000000000000000000000000000000000000000b010003012,122802,1,1,1
43,96,96,0x0000003b,49,0,0x00000000000000000000000000000000000000000000000000000000000000000000000000000000000002501a008002,122806,1,1,1
43,96,96,0x0000003b,50,0,0x00000000000000000000000000000000000000000000000000000000000000000000000000000000000001801001801b,122810,1,1,1
43,96,96,0x0000003b,51,0,0x00000000000000000000000000000000000000000000000000000000000000000000000000000000000001500d01500e,122814,1,1,1
43,96,96,0x0000003b,52,0,0x000000000000000000000000000000000000000000000000000000000000000000000000000000000000016ff800301a,122818,1,1,1
43,96,96,0x0000003b,53,0,0x000000000000000000000000000000000000000000000000000000000000000000000000000000000000010003018020,122822,1,1,1
43,96,96,0x0000003b,54,0,0x00000000000000000000000000000000000000000000000000000000000000000000000000000000000001200b015015,122826,1,1,1
43,96,96,0x0000003b,55,0,0x00000000000000000000000000000000000000000000000000000000000000000000000000000000000002d016015006,122830,1,1,1
43,96,96,0x0000003b,56,0,0x00000000000000000000000000000000000000000000000000000000000000000000000000000000000001300b00d016,122834,1,1,1
43,96,96,0x0000003b,57,0,0x00000000000000000000000000000000000000000000000000000000000000000000000000000000000001200501500d,122838,1,1,1
43,96,96,0x0000003b,58,0,0x00000000000000000000000000000000000000000000000000000000000000000000000000000000000001601200600e,122842,1,1,1
43,96,96,0x0000003b,59,0,0x000000000000000000000000000000000000000000000000000000000000000000000000000000000000018010012020,122846,1,1,1
43,96,96,0x0000003b,60,0,0x00000000000000000000000000000000000000000000000000000000000000000000000000000000000001800b002018,122850,1,1,1
43,96,96,0x0000003b,61,0,0x00000000000000000000000000000000000000000000000000000000000000000000000000000000000001800e003023,122854,1,1,1
43,96,96,0x0000003b,62,0,0x00000000000000000000000000000000000000000000000000000000000000000000000000000000000001a00d01801d,122858,1,1,1
43,96,96,0x0000003b,63,1,0x00000000000000000000000000000000000000000000000000000000000000000000000000000000000001500800a018,122862,1,1,1
44,99,99,0x00000059,0,0,0x00000000000000000000000000000000000000000000000000000000000000000000000000000000000000d015018010,126202,1,1,1
44,99,99,0x00000059,1,0,0x00000000000000000000000000000000000000000000000000000000000000000000000000000000000000e013016020,126206,1,1,1
44,99,99,0x00000059,2,0,0x00000000000000000000000000000000000000000000000000000000000000000000000000000000000001300e01bffd,126210,1,1,1
44,99,99,0x00000059,3,0,0x00000000000000000000000000000000000000000000000000000000000000000000000000000000000000d02001d01a,126214,1,1,1
44,99,99,0x00000059,4,0,0x000000000000000000000000000000000000000000000000000000000000000000000000000000000000022013006003,126218,1,1,1
44,99,99,0x00000059,5,0,0x000000000000000000000000000000000000000000000000000000000000000000000000000000000000ff600000201d,126222,1,1,1
44,99,99,0x00000059,6,0,0x00000000000000000000000000000000000000000000000000000000000000000000000000000000000001201e00800a,126226,1,1,1
44,99,99,0x00000059,7,0,0x00000000000000000000000000000000000000000000000000000000000000000000000000000000000004600d012026,126230,1,1,1
44,99,99,0x00000059,8,0,0x00000000000000000000000000000000000000000000000000000000000000000000000000000000000004a053fe8fe8,126234,1,1,1
44,99,99,0x00000059,9,0,0x000000000000000000000000000000000000000000000000000000000000000000000000000000000000058010fdafda,126238,1,1,1
44,99,99,0x00000059,10,0,0x000000000000000000000000000000000000000000000000000000000000000000000000000000000000fb3fbbfe6050,126242,1,1,1
44,99,99,0x00000059,11,0,0x00000000000000000000000000000000000000000000000000000000000000000000000000000000000007008604a00a,126246,1,1,1
44,99,99,0x00000059,12,0,0x000000000000000000000000000000000000000000000000000000000000000000000000000000000000fc6fc2fdb022,126250,1,1,1
44,99,99,0x00000059,13,0,0x00000000000000000000000000000000000000000000000000000000000000000000000000000000000004502a003fdd,126254,1,1,1
44,99,99,0x00000059,14,0,0x00000000000000000000000000000000000000000000000000000000000000000000000000000000000001001d05d060,126258,1,1,1
44,99,99,0x00000059,15,0,0x000000000000000000000000000000000000000000000000000000000000000000000000000000000000fdefe3fe6ff6,126262,1,1,1
44,99,99,0x00000059,16,0,0x00000000000000000000000000000000000000000000000000000000000000000000000000000000000004503001bff0,126266,1,1,1
44,99,99,0x00000059,17,0,0x00000000000000000000000000000000000000000000000000000000000000000000000000000000000001800e020025,126270,1,1,1
44,99,99,0x00000059,18,0,0x00000000000000000000000000000000000000000000000000000000000000000000000000000000000000dffa00e010,126274,1,1,1
44,99,99,0x00000059,19,0,0x00000000000000000000000000000000000000000000000000000000000000000000000000000000000000302001600e,126278,1,1,1
44,99,99,0x00000059,20,0,0x00000000000000000000000000000000000000000000000000000000000000000000000000000000000001a02a025008,126282,1,1,1
44,99,99,0x00000059,21,0,0x00000000000000000000000000000000000000000000000000000000000000000000000000000000000000a00effb000,126286,1,1,1
44,99,99,0x00000059,22,0,0x00000000000000000000000000000000000000000000000000000000000000000000000000000000000001b00e01801b,126290,1,1,1
44,99,99,0x00000059,23,0,0x00000000000000000000000000000000000000000000000000000000000000000000000000000000000001b00001200d,126294,1,1,1
44,99,99,0x00000059,24,0,0x00000000000000000000000000000000000000000000000000000000000000000000000000000000000000b01a01200e,126298,1,1,1
44,99,99,0x00000059,25,0,0x000000000000000000000000000000000000000000000000000000000000000000000000000000000000015013005010,126302,1,1,1
44,99,99,0x00000059,26,0,0x00000000000000000000000000000000000000000000000000000000000000000000000000000000000001e01001a025,126306,1,1,1
44,99,99,0x00000059,27,0,0x00000000000000000000000000000000000000000000000000000000000000000000000000000000000000d018015013,126310,1,1,1
44,99,99,0x00000059,28,0,0x00000000000000000000000000000000000000000000000000000000000000000000000000000000000001dffe010010,126314,1,1,1
44,99,99,0x00000059,29,0,0x00000000000000000000000000000000000000000000000000000000000000000000000000000000000001200a012018,126318,1,1,1
44,99,99,0x00000059,30,0,0x00000000000000000000000000000000000000000000000000000000000000000000000000000000000001e02301d01b,126322,1,1,1
44,99,99,0x00000059,31,0,0x00000000000000000000000000000000000000000000000000000000000000000000000000000000000000801500a013,126326,1,1,1
44,99,99,0x00000059,32,0,0x000000000000000000000000000000000000000000000000000000000000000000000000000000000000003002012012,126330,1,1,1
44,99,99,0x00000059,33,0,0x00000000000000000000000000000000000000000000000000000000000000000000000000000000000002002301200e,126334,1,1,1
44,99,99,0x00000059,34,0,0x00000000000000000000000000000000000000000000000000000000000000000000000000000000000001d01b013018,126338,1,1,1
44,99,99,0x00000059,35,0,0x00000000000000000000000000000000000000000000000000000000000000000000000000000000000001301000e00b,126342,1,1,1
44,99,99,0x00000059,36,0,0x00000000000000000000000000000000000000000000000000000000000000000000000000000000000002502600eff3,126346,1,1,1
44,99,99,0x00000059,37,0,0x000000000000000000000000000000000000000000000000000000000000000000000000000000000000ff600affe00e,126350,1,1,1
44,99,99,0x00000059,38,0,0x00000000000000000000000000000000000000000000000000000000000000000000000000000000000001a025003000,126354,1,1,1
44,99,99,0x00000059,39,0,0x00000000000000000000000000000000000000000000000000000000000000000000000000000000000002001800601b,126358,1,1,1
44,99,99,0x00000059,40,0,0x00000000000000000000000000000000000000000000000000000000000000000000000000000000000000301301a01a,126362,1,1,1
44,99,99,0x00000059,41,0,0x00000000000000000000000000000000000000000000000000000000000000000000000000000000000001a00a002006,126366,1,1,1
44,99,99,0x00000059,42,0,0x00000000000000000000000000000000000000000000000000000000000000000000000000000000000001b005003013,126370,1,1,1
44,99,99,0x00000059,43,0,0x00000000000000000000000000000000000000000000000000000000000000000000000000000000000000d01200a01a,126374,1,1,1
44,99,99,0x00000059,44,0,0x000000000000000000000000000000000000000000000000000000000000000000000000000000000000015013012018,126378,1,1,1
44,99,99,0x00000059,45,0,0x00000000000000000000000000000000000000000000000000000000000000000000000000000000000001801a016025,126382,1,1,1
44,99,99,0x00000059,46,0,0x000000000000000000000000000000000000000000000000000000000000000000000000000000000000015016ffa018,126386,1,1,1
44,99,99,0x00000059,47,0,0x000000000000000000000000000000000000000000000000000000000000000000000000000000000000010003012025,126390,1,1,1
44,99,99,0x00000059,48,0,0x00000000000000000000000000000000000000000000000000000000000000000000000000000000000001a00800200b,126394,1,1,1
44,99,99,0x00000059,49,0,0x00000000000000000000000000000000000000000000000000000000000000000000000000000000000001001801b025,126398,1,1,1
44,99,99,0x00000059,50,0,0x00000000000000000000000000000000000000000000000000000000000000000000000000000000000000d01500e018,126402,1,1,1
44,99,99,0x00000059,51,0,0x000000000000000000000000000000000000000000000000000000000000000000000000000000000000ff800301a015,126406,1,1,1
44,99,99,0x00000059,52,0,0x000000000000000000000000000000000000000000000000000000000000000000000000000000000000003018020016,126410,1,1,1
44,99,99,0x00000059,53,0,0x00000000000000000000000000000000000000000000000000000000000000000000000000000000000000b015015010,126414,1,1,1
44,99,99,0x00000059,54,0,0x000000000000000000000000000000000000000000000000000000000000000000000000000000000000016015006012,126418,1,1,1
44,99,99,0x00000059,55,0,0x00000000000000000000000000000000000000000000000000000000000000000000000000000000000000b00d01602d,126422,1,1,1
44,99,99,0x00000059,56,0,0x00000000000000000000000000000000000000000000000000000000000000000000000000000000000000501500d013,126426,1,1,1
44,99,99,0x00000059,57,0,0x00000000000000000000000000000000000000000000000000000000000000000000000000000000000001200600e012,126430,1,1,1
44,99,99,0x00000059,58,0,0x000000000000000000000000000000000000000000000000000000000000000000000000000000000000010012020016,126434,1,1,1
44,99,99,0x00000059,59,0,0x00000000000000000000000000000000000000000000000000000000000000000000000000000000000000b002018018,126438,1,1,1
44,99,99,0x00000059,60,0,0x00000000000000000000000000000000000000000000000000000000000000000000000000000000000000e003023018,126442,1,1,1
44,99,99,0x00000059,61,0,0x00000000000000000000000000000000000000000000000000000000000000000000000000000000000000d01801d018,126446,1,1,1
44,99,99,0x00000059,62,0,0x00000000000000000000000000000000000000000000000000000000000000000000000000000000000000800a01801a,126450,1,1,1
44,99,99,0x00000059,63,1,0x000000000000000000000000000000000000000000000000000000000000000000000000000000000000ffd010008015,126454,1,1,1
45,100,100,0x0000016c,0,0,0x00000000000000000000000000000000000000000000000000000000000000000000000000000000000002000d015018,127770,1,1,1
45,100,100,0x0000016c,1,0,0x000000000000000000000000000000000000000000000000000000000000000000000000000000000000ffd00e013016,127774,1,1,1
45,100,100,0x0000016c,2,0,0x00000000000000000000000000000000000000000000000000000000000000000000000000000000000001a01300e01b,127778,1,1,1
45,100,100,0x0000016c,3,0,0x00000000000000000000000000000000000000000000000000000000000000000000000000000000000000300d02001d,127782,1,1,1
45,100,100,0x0000016c,4,0,0x00000000000000000000000000000000000000000000000000000000000000000000000000000000000001d022013006,127786,1,1,1
45,100,100,0x0000016c,5,0,0x00000000000000000000000000000000000000000000000000000000000000000000000000000000000000aff6000002,127790,1,1,1
45,100,100,0x0000016c,6,0,0x00000000000000000000000000000000000000000000000000000000000000000000000000000000000002601201e008,127794,1,1,1
45,100,100,0x0000016c,7,0,0x000000000000000000000000000000000000000000000000000000000000000000000000000000000000fe804600d012,127798,1,1,1
45,100,100,0x0000016c,8,0,0x000000000000000000000000000000000000000000000000000000000000000000000000000000000000fda04a053fe8,127802,1,1,1
45,100,100,0x0000016c,9,0,0x000000000000000000000000000000000000000000000000000000000000000000000000000000000000050058010fda,127806,1,1,1
45,100,100,0x0000016c,10,0,0x00000000000000000000000000000000000000000000000000000000000000000000000000000000000000afb3fbbfe6,127810,1,1,1
45,100,100,0x0000016c,11,0,0x00000000000000000000000000000000000000000000000000000000000000000000000000000000000002207008604a,127814,1,1,1
45,100,100,0x0000016c,12,0,0x000000000000000000000000000000000000000000000000000000000000000000000000000000000000fddfc6fc2fdb,127818,1,1,1
45,100,100,0x0000016c,13,0,0x00000000000000000000000000000000000000000000000000000000000000000000000000000000000006004502a003,127822,1,1,1
45,100,100,0x0000016c,14,0,0x000000000000000000000000000000000000000000000000000000000000000000000000000000000000ff601001d05d,127826,1,1,1
45,100,100,0x0000016c,15,0,0x000000000000000000000000000000000000000000000000000000000000000000000000000000000000ff0fdefe3fe6,127830,1,1,1
45,100,100,0x0000016c,16,0,0x00000000000000000000000000000000000000000000000000000000000000000000000000000000000002504503001b,127834,1,1,1
45,100,100,0x0000016c,17,0,0x00000000000000000000000000000000000000000000000000000000000000000000000000000000000001001800e020,127838,1,1,1
45,100,100,0x0000016c,18,0,0x00000000000000000000000000000000000000000000000000000000000000000000000000000000000000e00dffa00e,127842,1,1,1
45,100,100,0x0000016c,19,0,0x000000000000000000000000000000000000000000000000000000000000000000000000000000000000008003020016,127846,1,1,1
45,100,100,0x0000016c,20,0,0x00000000000000000000000000000000000000000000000000000000000000000000000000000000000000001a02a025,127850,1,1,1
45,100,100,0x0000016c,21,0,0x00000000000000000000000000000000000000000000000000000000000000000000000000000000000001b00a00effb,127854,1,1,1
45,100,100,0x0000016c,22,0,0x00000000000000000000000000000000000000000000000000000000000000000000000000000000000000d01b00e018,127858,1,1,1
45,100,100,0x0000016c,23,0,0x00000000000000000000000000000000000000000000000000000000000000000000000000000000000000e01b000012,127862,1,1,1
45,100,100,0x0000016c,24,0,0x00000000000000000000000000000000000000000000000000000000000000000000000000000000000001000b01a012,127866,1,1,1
45,100,100,0x0000016c,25,0,0x000000000000000000000000000000000000000000000000000000000000000000000000000000000000025015013005,127870,1,1,1
45,100,100,0x0000016c,26,0,0x00000000000000000000000000000000000000000000000000000000000000000000000000000000000001301e01001a,127874,1,1,1
45,100,100,0x0000016c,27,0,0x00000000000000000000000000000000000000000000000000000000000000000000000000000000000001000d018015,127878,1,1,1
45,100,100,0x0000016c,28,0,0x00000000000000000000000000000000000000000000000000000000000000000000000000000000000001801dffe010,127882,1,1,1
45,100,100,0x0000016c,29,0,0x00000000000000000000000000000000000000000000000000000000000000000000000000000000000001b01200a012,127886,1,1,1
45,100,100,0x0000016c,30,0,0x00000000000000000000000000000000000000000000000000000000000000000000000000000000000001301e02301d,127890,1,1,1
45,100,100,0x0000016c,31,0,0x00000000000000000000000000000000000000000000000000000000000000000000000000000000000001200801500a,127894,1,1,1
45,100,100,0x0000016c,32,0,0x00000000000000000000000000000000000000000000000000000000000000000000000000000000000000e003002012,127898,1,1,1
45,100,100,0x0000016c,33,0,0x000000000000000000000000000000000000000000000000000000000000000000000000000000000000018020023012,127902,1,1,1
45,100,100,0x0000016c,34,0,0x00000000000000000000000000000000000000000000000000000000000000000000000000000000000000b01d01b013,127906,1,1,1
45,100,100,0x0000016c,35,0,0x000000000000000000000000000000000000000000000000000000000000000000000000000000000000ff301301000e,127910,1,1,1
45,100,100,0x0000016c,36,0,0x00000000000000000000000000000000000000000000000000000000000000000000000000000000000000e02502600e,127914,1,1,1
45,100,100,0x0000016c,37,0,0x000000000000000000000000000000000000000000000000000000000000000000000000000000000000000ff600affe,127918,1,1,1
45,100,100,0x0000016c,38,0,0x00000000000000000000000000000000000000000000000000000000000000000000000000000000000001b01a025003,127922,1,1,1
45,100,100,0x0000016c,39,0,0x00000000000000000000000000000000000000000000000000000000000000000000000000000000000001a020018006,127926,1,1,1
45,100,100,0x0000016c,40,0,0x00000000000000000000000000000000000000000000000000000000000000000000000000000000000000600301301a,127930,1,1,1
45,100,100,0x0000016c,41,0,0x00000000000000000000000000000000000000000000000000000000000000000000000000000000000001301a00a002,127934,1,1,1
45,100,100,0x0000016c,42,0,0x00000000000000000000000000000000000000000000000000000000000000000000000000000000000001a01b005003,127938,1,1,1
45,100,100,0x0000016c,43,0,0x00000000000000000000000000000000000000000000000000000000000000000000000000000000000001800d01200a,127942,1,1,1
45,100,100,0x0000016c,44,0,0x000000000000000000000000000000000000000000000000000000000000000000000000000000000000025015013012,127946,1,1,1
45,100,100,0x0000016c,45,0,0x00000000000000000000000000000000000000000000000000000000000000000000000000000000000001801801a016,127950,1,1,1
45,100,100,0x0000016c,46,0,0x000000000000000000000000000000000000000000000000000000000000000000000000000000000000025015016ffa,127954,1,1,1
45,100,100,0x0000016c,47,0,0x00000000000000000000000000000000000000000000000000000000000000000000000000000000000000b010003012,127958,1,1,1
45,100,100,0x0000016c,48,0,0x00000000000000000000000000000000000000000000000000000000000000000000000000000000000002501a008002,127962,1,1,1
45,100,100,0x0000016c,49,0,0x00000000000000000000000000000000000000000000000000000000000000000000000000000000000001801001801b,127966,1,1,1
45,100,100,0x0000016c,50,0,0x00000000000000000000000000000000000000000000000000000000000000000000000000000000000001500d01500e,127970,1,1,1
45,100,100,0x0000016c,51,0,0x000000000000000000000000000000000000000000000000000000000000000000000000000000000000016ff800301a,127974,1,1,1
45,100,100,0x0000016c,52,0,0x000000000000000000000000000000000000000000000000000000000000000000000000000000000000010003018020,127978,1,1,1
45,100,100,0x0000016c,53,0,0x00000000000000000000000000000000000000000000000000000000000000000000000000000000000001200b015015,127982,1,1,1
45,100,100,0x0000016c,54,0,0x00000000000000000000000000000000000000000000000000000000000000000000000000000000000002d016015006,127986,1,1,1
45,100,100,0x0000016c,55,0,0x00000000000000000000000000000000000000000000000000000000000000000000000000000000000001300b00d016,127990,1,1,1
45,100,100,0x0000016c,56,0,0x00000000000000000000000000000000000000000000000000000000000000000000000000000000000001200501500d,127994,1,1,1
45,100,100,0x0000016c,57,0,0x00000000000000000000000000000000000000000000000000000000000000000000000000000000000001601200600e,127998,1,1,1
45,100,100,0x0000016c,58,0,0x000000000000000000000000000000000000000000000000000000000000000000000000000000000000018010012020,128002,1,1,1
45,100,100,0x0000016c,59,0,0x00000000000000000000000000000000000000000000000000000000000000000000000000000000000001800b002018,128006,1,1,1
45,100,100,0x0000016c,60,0,0x00000000000000000000000000000000000000000000000000000000000000000000000000000000000001800e003023,128010,1,1,1
45,100,100,0x0000016c,61,0,0x00000000000000000000000000000000000000000000000000000000000000000000000000000000000001a00d01801d,128014,1,1,1
45,100,100,0x0000016c,62,0,0x00000000000000000000000000000000000000000000000000000000000000000000000000000000000001500800a018,128018,1,1,1
45,100,100,0x0000016c,63,1,0x000000000000000000000000000000000000000000000000000000000000000000000000000000000000012ffd010008,128022,1,1,1
46,101,101,0x00000054,0,0,0x00000000000000000000000000000000000000000000000000000000000000000000000000000000000001602000d015,129334,1,1,1
46,101,101,0x00000054,1,0,0x00000000000000000000000000000000000000000000000000000000000000000000000000000000000001bffd00e013,129338,1,1,1
46,101,101,0x00000054,2,0,0x00000000000000000000000000000000000000000000000000000000000000000000000000000000000001d01a01300e,129342,1,1,1
46,101,101,0x00000054,3,0,0x00000000000000000000000000000000000000000000000000000000000000000000000000000000000000600300d020,129346,1,1,1
46,101,101,0x00000054,4,0,0x00000000000000000000000000000000000000000000000000000000000000000000000000000000000000201d022013,129350,1,1,1
46,101,101,0x00000054,5,0,0x00000000000000000000000000000000000000000000000000000000000000000000000000000000000000800aff6000,129354,1,1,1
46,101,101,0x00000054,6,0,0x00000000000000000000000000000000000000000000000000000000000000000000000000000000000001202601201e,129358,1,1,1
46,101,101,0x00000054,7,0,0x000000000000000000000000000000000000000000000000000000000000000000000000000000000000fe8fe804600d,129362,1,1,1
46,101,101,0x00000054,8,0,0x000000000000000000000000000000000000000000000000000000000000000000000000000000000000fdafda04a053,129366,1,1,1
46,101,101,0x00000054,9,0,0x000000000000000000000000000000000000000000000000000000000000000000000000000000000000fe6050058010,129370,1,1,1
46,101,101,0x00000054,10,0,0x00000000000000000000000000000000000000000000000000000000000000000000000000000000000004a00afb3fbb,129374,1,1,1
46,101,101,0x00000054,11,0,0x000000000000000000000000000000000000000000000000000000000000000000000000000000000000fdb022070086,129378,1,1,1
46,101,101,0x00000054,12,0,0x000000000000000000000000000000000000000000000000000000000000000000000000000000000000003fddfc6fc2,129382,1,1,1
46,101,101,0x00000054,13,0,0x00000000000000000000000000000000000000000000000000000000000000000000000000000000000005d06004502a,129386,1,1,1
46,101,101,0x00000054,14,0,0x000000000000000000000000000000000000000000000000000000000000000000000000000000000000fe6ff601001d,129390,1,1,1
46,101,101,0x00000054,15,0,0x00000000000000000000000000000000000000000000000000000000000000000000000000000000000001bff0fdefe3,129394,1,1,1
46,101,101,0x00000054,16,0,0x000000000000000000000000000000000000000000000000000000000000000000000000000000000000020025045030,129398,1,1,1
46,101,101,0x00000054,17,0,0x00000000000000000000000000000000000000000000000000000000000000000000000000000000000000e01001800e,129402,1,1,1
46,101,101,0x00000054,18,0,0x00000000000000000000000000000000000000000000000000000000000000000000000000000000000001600e00dffa,129406,1,1,1
46,101,101,0x00000054,19,0,0x000000000000000000000000000000000000000000000000000000000000000000000000000000000000025008003020,129410,1,1,1
46,101,101,0x00000054,20,0,0x000000000000000000000000000000000000000000000000000000000000000000000000000000000000ffb00001a02a,129414,1,1,1
46,101,101,0x00000054,21,0,0x00000000000000000000000000000000000000000000000000000000000000000000000000000000000001801b00a00e,129418,1,1,1
46,101,101,0x00000054,22,0,0x00000000000000000000000000000000000000000000000000000000000000000000000000000000000001200d01b00e,129422,1,1,1
46,101,101,0x00000054,23,0,0x00000000000000000000000000000000000000000000000000000000000000000000000000000000000001200e01b000,129426,1,1,1
46,101,101,0x00000054,24,0,0x00000000000000000000000000000000000000000000000000000000000000000000000000000000000000501000b01a,129430,1,1,1
46,101,101,0x00000054,25,0,0x00000000000000000000000000000000000000000000000000000000000000000000000000000000000001a025015013,129434,1,1,1
46,101,101,0x00000054,26,0,0x00000000000000000000000000000000000000000000000000000000000000000000000000000000000001501301e010,129438,1,1,1
46,101,101,0x00000054,27,0,0x00000000000000000000000000000000000000000000000000000000000000000000000000000000000001001000d018,129442,1,1,1
46,101,101,0x00000054,28,0,0x00000000000000000000000000000000000000000000000000000000000000000000000000000000000001201801dffe,129446,1,1,1
46,101,101,0x00000054,29,0,0x00000000000000000000000000000000000000000000000000000000000000000000000000000000000001d01b01200a,129450,1,1,1
46,101,101,0x00000054,30,0,0x00000000000000000000000000000000000000000000000000000000000000000000000000000000000000a01301e023,129454,1,1,1
46,101,101,0x00000054,31,0,0x000000000000000000000000000000000000000000000000000000000000000000000000000000000000012012008015,129458,1,1,1
46,101,101,0x00000054,32,0,0x00000000000000000000000000000000000000000000000000000000000000000000000000000000000001200e003002,129462,1,1,1
46,101,101,0x00000054,33,0,0x000000000000000000000000000000000000000000000000000000000000000000000000000000000000013018020023,129466,1,1,1
46,101,101,0x00000054,34,0,0x00000000000000000000000000000000000000000000000000000000000000000000000000000000000000e00b01d01b,129470,1,1,1
46,101,101,0x00000054,35,0,0x00000000000000000000000000000000000000000000000000000000000000000000000000000000000000eff3013010,129474,1,1,1
46,101,101,0x00000054,36,0,0x000000000000000000000000000000000000000000000000000000000000000000000000000000000000ffe00e025026,129478,1,1,1
46,101,101,0x00000054,37,0,0x000000000000000000000000000000000000000000000000000000000000000000000000000000000000003000ff600a,129482,1,1,1
46,101,101,0x00000054,38,0,0x00000000000000000000000000000000000000000000000000000000000000000000000000000000000000601b01a025,129486,1,1,1
46,101,101,0x00000054,39,0,0x00000000000000000000000000000000000000000000000000000000000000000000000000000000000001a01a020018,129490,1,1,1
46,101,101,0x00000054,40,0,0x000000000000000000000000000000000000000000000000000000000000000000000000000000000000002006003013,129494,1,1,1
46,101,101,0x00000054,41,0,0x00000000000000000000000000000000000000000000000000000000000000000000000000000000000000301301a00a,129498,1,1,1
46,101,101,0x00000054,42,0,0x00000000000000000000000000000000000000000000000000000000000000000000000000000000000000a01a01b005,129502,1,1,1
46,101,101,0x00000054,43,0,0x00000000000000000000000000000000000000000000000000000000000000000000000000000000000001201800d012,129506,1,1,1
46,101,101,0x00000054,44,0,0x000000000000000000000000000000000000000000000000000000000000000000000000000000000000016025015013,129510,1,1,1
46,101,101,0x00000054,45,0,0x000000000000000000000000000000000000000000000000000000000000000000000000000000000000ffa01801801a,129514,1,1,1
46,101,101,0x00000054,46,0,0x000000000000000000000000000000000000000000000000000000000000000000000000000000000000012025015016,129518,1,1,1
46,101,101,0x00000054,47,0,0x00000000000000000000000000000000000000000000000000000000000000000000000000000000000000200b010003,129522,1,1,1
46,101,101,0x00000054,48,0,0x00000000000000000000000000000000000000000000000000000000000000000000000000000000000001b02501a008,129526,1,1,1
46,101,101,0x00000054,49,0,0x00000000000000000000000000000000000000000000000000000000000000000000000000000000000000e018010018,129530,1,1,1
46,101,101,0x00000054,50,0,0x00000000000000000000000000000000000000000000000000000000000000000000000000000000000001a01500d015,129534,1,1,1
46,101,101,0x00000054,51,0,0x000000000000000000000000000000000000000000000000000000000000000000000000000000000000020016ff8003,129538,1,1,1
46,101,101,0x00000054,52,0,0x000000000000000000000000000000000000000000000000000000000000000000000000000000000000015010003018,129542,1,1,1
46,101,101,0x00000054,53,0,0x00000000000000000000000000000000000000000000000000000000000000000000000000000000000000601200b015,129546,1,1,1
46,101,101,0x00000054,54,0,0x00000000000000000000000000000000000000000000000000000000000000000000000000000000000001602d016015,129550,1,1,1
46,101,101,0x00000054,55,0,0x00000000000000000000000000000000000000000000000000000000000000000000000000000000000000d01300b00d,129554,1,1,1
46,101,101,0x00000054,56,0,0x00000000000000000000000000000000000000000000000000000000000000000000000000000000000000e012005015,129558,1,1,1
46,101,101,0x00000054,57,0,0x000000000000000000000000000000000000000000000000000000000000000000000000000000000000020016012006,129562,1,1,1
46,101,101,0x00000054,58,0,0x000000000000000000000000000000000000000000000000000000000000000000000000000000000000018018010012,129566,1,1,1
46,101,101,0x00000054,59,0,0x00000000000000000000000000000000000000000000000000000000000000000000000000000000000002301800b002,129570,1,1,1
46,101,101,0x00000054,60,0,0x00000000000000000000000000000000000000000000000000000000000000000000000000000000000001d01800e003,129574,1,1,1
46,101,101,0x00000054,61,0,0x00000000000000000000000000000000000000000000000000000000000000000000000000000000000001801a00d018,129578,1,1,1
46,101,101,0x00000054,62,0,0x00000000000000000000000000000000000000000000000000000000000000000000000000000000000000801500800a,129582,1,1,1
46,101,101,0x00000054,63,1,0x00000000000000000000000000000000000000000000000000000000000000000000000000000000000001a012ffd010,129586,1,1,1
