Time resolution is 1 ps
[0] Asserting reset...
Info: [XPM_MEMORY 20-1] MEMORY_PRIMITIVE (0) instructs Vivado Synthesis to choose the memory primitive type. Depending on their values, other XPM_MEMORY parameters may preclude the choice of certain memory primitive types. Review XPM_MEMORY documentation and parameter values to understand any limitations, or set MEMORY_PRIMITIVE to a different value. tb_AI_TRIGGER_TOP.dut.u_ADC_INPUT.u_FIFO.\gnuram_async_fifo.xpm_fifo_base_inst .\gen_sdpram.xpm_memory_base_inst .config_drc
Time: 1 ps  Iteration: 0  Process: /tb_AI_TRIGGER_TOP/dut/u_ADC_INPUT/u_FIFO/gnuram_async_fifo.xpm_fifo_base_inst/gen_sdpram.xpm_memory_base_inst/Initial302_28  Scope: tb_AI_TRIGGER_TOP.dut.u_ADC_INPUT.u_FIFO.\gnuram_async_fifo.xpm_fifo_base_inst .\gen_sdpram.xpm_memory_base_inst .config_drc  File: /tools/Xilinx/Vivado/2023.2/data/ip/xpm/xpm_memory/hdl/xpm_memory.sv Line: 506
Info: [XPM_MEMORY 20-1] MEMORY_PRIMITIVE (0) instructs Vivado Synthesis to choose the memory primitive type. Depending on their values, other XPM_MEMORY parameters may preclude the choice of certain memory primitive types. Review XPM_MEMORY documentation and parameter values to understand any limitations, or set MEMORY_PRIMITIVE to a different value. tb_AI_TRIGGER_TOP.dut.u_DUT.u_EVENT_PATH.u_output_fifo.u_FIFO.xpm_fifo_base_inst.\gen_sdpram.xpm_memory_base_inst .config_drc
Time: 1 ps  Iteration: 0  Process: /tb_AI_TRIGGER_TOP/dut/u_DUT/u_EVENT_PATH/u_output_fifo/u_FIFO/xpm_fifo_base_inst/gen_sdpram.xpm_memory_base_inst/Initial302_1807  Scope: tb_AI_TRIGGER_TOP.dut.u_DUT.u_EVENT_PATH.u_output_fifo.u_FIFO.xpm_fifo_base_inst.\gen_sdpram.xpm_memory_base_inst .config_drc  File: /tools/Xilinx/Vivado/2023.2/data/ip/xpm/xpm_memory/hdl/xpm_memory.sv Line: 506
[206000] Starting AI_TRIGGER_TOP test
[206000] TESTHEX_DIR: /home/work1/Works/AI-Trigger-System/build/real_noise_scan/signal_10/testhex_stream
[206000] Samples: 745  Threshold raw: 0 (0.0000)
[206000] MIRROR_RAW_CHANNELS: 0
[206000] PACE_CHUNKS: 1
---------------------------------------------------------------------
Sample | Score (hex) | Score (float) | Label | Pred | Latency (us)
---------------------------------------------------------------------
Note: DIST chunk_start seq=0 lane=0 busy='0'
Time: 266 ns  Iteration: 0  Process: /tb_AI_TRIGGER_TOP/dut/u_DUT/u_DIST/line__134  File: /home/work1/Works/AI-Trigger-System/HDL/rtl/ADC_CHUNK_DISTRIBUTOR.vhd
Note: LANE0 ADC chunk_accept count=1 fifo_full='0'
Time: 266 ns  Iteration: 0  Process: /tb_AI_TRIGGER_TOP/dut/u_DUT/\gen_lanes(0)\/u_LANE/line__191  File: /home/work1/Works/AI-Trigger-System/HDL/rtl/CNN_CORE_LANE.vhd
Note: LANE0 started_next=1 fifo_empty='0' fifo_data_valid='1' ready='0' idle='1'
Time: 302500 ps  Iteration: 0  Process: /tb_AI_TRIGGER_TOP/dut/u_DUT/\gen_lanes(0)\/u_LANE/line__273  File: /home/work1/Works/AI-Trigger-System/HDL/rtl/CNN_CORE_LANE.vhd
Note: LANE0 started=1 fifo_empty='0' fifo_data_valid='1' ready='0'
Time: 1007500 ps  Iteration: 0  Process: /tb_AI_TRIGGER_TOP/dut/u_DUT/\gen_lanes(0)\/u_LANE/line__273  File: /home/work1/Works/AI-Trigger-System/HDL/rtl/CNN_CORE_LANE.vhd
Note: LANE0 ADC busy_clear stream_done_seen='1' wr_count=0
Time: 1018 ns  Iteration: 0  Process: /tb_AI_TRIGGER_TOP/dut/u_DUT/\gen_lanes(0)\/u_LANE/line__191  File: /home/work1/Works/AI-Trigger-System/HDL/rtl/CNN_CORE_LANE.vhd
Note: LANE0 CNN output_valid score_raw=-2535 started=1
Time: 1232500 ps  Iteration: 0  Process: /tb_AI_TRIGGER_TOP/dut/u_DUT/\gen_lanes(0)\/u_LANE/line__273  File: /home/work1/Works/AI-Trigger-System/HDL/rtl/CNN_CORE_LANE.vhd
     0 | 0x003ff619    |     -1.237793 |     0 |    0 |      1.010
Note: DIST chunk_start seq=1 lane=1 busy='0'
Time: 1278 ns  Iteration: 0  Process: /tb_AI_TRIGGER_TOP/dut/u_DUT/u_DIST/line__134  File: /home/work1/Works/AI-Trigger-System/HDL/rtl/ADC_CHUNK_DISTRIBUTOR.vhd
Note: LANE1 ADC chunk_accept count=1 fifo_full='0'
Time: 1278 ns  Iteration: 0  Process: /tb_AI_TRIGGER_TOP/dut/u_DUT/\gen_lanes(1)\/u_LANE/line__191  File: /home/work1/Works/AI-Trigger-System/HDL/rtl/CNN_CORE_LANE.vhd
Note: LANE1 started_next=1 fifo_empty='0' fifo_data_valid='1' ready='0' idle='1'
Time: 1312500 ps  Iteration: 0  Process: /tb_AI_TRIGGER_TOP/dut/u_DUT/\gen_lanes(1)\/u_LANE/line__273  File: /home/work1/Works/AI-Trigger-System/HDL/rtl/CNN_CORE_LANE.vhd
Note: LANE1 started=1 fifo_empty='0' fifo_data_valid='1' ready='0'
Time: 2017500 ps  Iteration: 0  Process: /tb_AI_TRIGGER_TOP/dut/u_DUT/\gen_lanes(1)\/u_LANE/line__273  File: /home/work1/Works/AI-Trigger-System/HDL/rtl/CNN_CORE_LANE.vhd
Note: LANE1 ADC busy_clear stream_done_seen='1' wr_count=0
Time: 2026 ns  Iteration: 0  Process: /tb_AI_TRIGGER_TOP/dut/u_DUT/\gen_lanes(1)\/u_LANE/line__191  File: /home/work1/Works/AI-Trigger-System/HDL/rtl/CNN_CORE_LANE.vhd
Note: LANE1 CNN output_valid score_raw=-2793 started=1
Time: 2242500 ps  Iteration: 0  Process: /tb_AI_TRIGGER_TOP/dut/u_DUT/\gen_lanes(1)\/u_LANE/line__273  File: /home/work1/Works/AI-Trigger-System/HDL/rtl/CNN_CORE_LANE.vhd
     1 | 0x003ff517    |     -1.363770 |     0 |    0 |      1.005
Note: DIST chunk_start seq=2 lane=2 busy='0'
Time: 2286 ns  Iteration: 0  Process: /tb_AI_TRIGGER_TOP/dut/u_DUT/u_DIST/line__134  File: /home/work1/Works/AI-Trigger-System/HDL/rtl/ADC_CHUNK_DISTRIBUTOR.vhd
Note: LANE2 ADC chunk_accept count=1 fifo_full='0'
Time: 2286 ns  Iteration: 0  Process: /tb_AI_TRIGGER_TOP/dut/u_DUT/\gen_lanes(2)\/u_LANE/line__191  File: /home/work1/Works/AI-Trigger-System/HDL/rtl/CNN_CORE_LANE.vhd
Note: LANE2 started_next=1 fifo_empty='0' fifo_data_valid='1' ready='0' idle='1'
Time: 2322500 ps  Iteration: 0  Process: /tb_AI_TRIGGER_TOP/dut/u_DUT/\gen_lanes(2)\/u_LANE/line__273  File: /home/work1/Works/AI-Trigger-System/HDL/rtl/CNN_CORE_LANE.vhd
Note: LANE2 started=1 fifo_empty='0' fifo_data_valid='1' ready='0'
Time: 3027500 ps  Iteration: 0  Process: /tb_AI_TRIGGER_TOP/dut/u_DUT/\gen_lanes(2)\/u_LANE/line__273  File: /home/work1/Works/AI-Trigger-System/HDL/rtl/CNN_CORE_LANE.vhd
Note: LANE2 ADC busy_clear stream_done_seen='1' wr_count=0
Time: 3038 ns  Iteration: 0  Process: /tb_AI_TRIGGER_TOP/dut/u_DUT/\gen_lanes(2)\/u_LANE/line__191  File: /home/work1/Works/AI-Trigger-System/HDL/rtl/CNN_CORE_LANE.vhd
Note: LANE2 CNN output_valid score_raw=-2475 started=1
Time: 3252500 ps  Iteration: 0  Process: /tb_AI_TRIGGER_TOP/dut/u_DUT/\gen_lanes(2)\/u_LANE/line__273  File: /home/work1/Works/AI-Trigger-System/HDL/rtl/CNN_CORE_LANE.vhd
     2 | 0x003ff655    |     -1.208496 |     0 |    0 |      1.010
Note: DIST chunk_start seq=3 lane=3 busy='0'
Time: 3298 ns  Iteration: 0  Process: /tb_AI_TRIGGER_TOP/dut/u_DUT/u_DIST/line__134  File: /home/work1/Works/AI-Trigger-System/HDL/rtl/ADC_CHUNK_DISTRIBUTOR.vhd
Note: LANE3 ADC chunk_accept count=1 fifo_full='0'
Time: 3298 ns  Iteration: 0  Process: /tb_AI_TRIGGER_TOP/dut/u_DUT/\gen_lanes(3)\/u_LANE/line__191  File: /home/work1/Works/AI-Trigger-System/HDL/rtl/CNN_CORE_LANE.vhd
Note: LANE3 started_next=1 fifo_empty='0' fifo_data_valid='1' ready='0' idle='1'
Time: 3332500 ps  Iteration: 0  Process: /tb_AI_TRIGGER_TOP/dut/u_DUT/\gen_lanes(3)\/u_LANE/line__273  File: /home/work1/Works/AI-Trigger-System/HDL/rtl/CNN_CORE_LANE.vhd
Note: LANE3 started=1 fifo_empty='0' fifo_data_valid='1' ready='0'
Time: 4037500 ps  Iteration: 0  Process: /tb_AI_TRIGGER_TOP/dut/u_DUT/\gen_lanes(3)\/u_LANE/line__273  File: /home/work1/Works/AI-Trigger-System/HDL/rtl/CNN_CORE_LANE.vhd
Note: LANE3 ADC busy_clear stream_done_seen='1' wr_count=0
Time: 4046 ns  Iteration: 0  Process: /tb_AI_TRIGGER_TOP/dut/u_DUT/\gen_lanes(3)\/u_LANE/line__191  File: /home/work1/Works/AI-Trigger-System/HDL/rtl/CNN_CORE_LANE.vhd
Note: LANE3 CNN output_valid score_raw=-2589 started=1
Time: 4262500 ps  Iteration: 0  Process: /tb_AI_TRIGGER_TOP/dut/u_DUT/\gen_lanes(3)\/u_LANE/line__273  File: /home/work1/Works/AI-Trigger-System/HDL/rtl/CNN_CORE_LANE.vhd
     3 | 0x003ff5e3    |     -1.264160 |     0 |    0 |      1.005
Note: DIST chunk_start seq=4 lane=4 busy='0'
Time: 4306 ns  Iteration: 0  Process: /tb_AI_TRIGGER_TOP/dut/u_DUT/u_DIST/line__134  File: /home/work1/Works/AI-Trigger-System/HDL/rtl/ADC_CHUNK_DISTRIBUTOR.vhd
Note: LANE4 ADC chunk_accept count=1 fifo_full='0'
Time: 4306 ns  Iteration: 0  Process: /tb_AI_TRIGGER_TOP/dut/u_DUT/\gen_lanes(4)\/u_LANE/line__191  File: /home/work1/Works/AI-Trigger-System/HDL/rtl/CNN_CORE_LANE.vhd
Note: LANE4 started_next=1 fifo_empty='0' fifo_data_valid='1' ready='0' idle='1'
Time: 4342500 ps  Iteration: 0  Process: /tb_AI_TRIGGER_TOP/dut/u_DUT/\gen_lanes(4)\/u_LANE/line__273  File: /home/work1/Works/AI-Trigger-System/HDL/rtl/CNN_CORE_LANE.vhd
Note: LANE4 started=1 fifo_empty='0' fifo_data_valid='1' ready='0'
Time: 5047500 ps  Iteration: 0  Process: /tb_AI_TRIGGER_TOP/dut/u_DUT/\gen_lanes(4)\/u_LANE/line__273  File: /home/work1/Works/AI-Trigger-System/HDL/rtl/CNN_CORE_LANE.vhd
Note: LANE4 ADC busy_clear stream_done_seen='1' wr_count=0
Time: 5058 ns  Iteration: 0  Process: /tb_AI_TRIGGER_TOP/dut/u_DUT/\gen_lanes(4)\/u_LANE/line__191  File: /home/work1/Works/AI-Trigger-System/HDL/rtl/CNN_CORE_LANE.vhd
Note: LANE4 CNN output_valid score_raw=-3019 started=1
Time: 5272500 ps  Iteration: 0  Process: /tb_AI_TRIGGER_TOP/dut/u_DUT/\gen_lanes(4)\/u_LANE/line__273  File: /home/work1/Works/AI-Trigger-System/HDL/rtl/CNN_CORE_LANE.vhd
     4 | 0x003ff435    |     -1.474121 |     0 |    0 |      1.010
Note: DIST chunk_start seq=5 lane=0 busy='0'
Time: 5318 ns  Iteration: 0  Process: /tb_AI_TRIGGER_TOP/dut/u_DUT/u_DIST/line__134  File: /home/work1/Works/AI-Trigger-System/HDL/rtl/ADC_CHUNK_DISTRIBUTOR.vhd
Note: LANE0 ADC chunk_accept count=2 fifo_full='0'
Time: 5318 ns  Iteration: 0  Process: /tb_AI_TRIGGER_TOP/dut/u_DUT/\gen_lanes(0)\/u_LANE/line__191  File: /home/work1/Works/AI-Trigger-System/HDL/rtl/CNN_CORE_LANE.vhd
Note: LANE0 started_next=2 fifo_empty='0' fifo_data_valid='1' ready='0' idle='1'
Time: 5352500 ps  Iteration: 0  Process: /tb_AI_TRIGGER_TOP/dut/u_DUT/\gen_lanes(0)\/u_LANE/line__273  File: /home/work1/Works/AI-Trigger-System/HDL/rtl/CNN_CORE_LANE.vhd
Note: LANE0 started=2 fifo_empty='0' fifo_data_valid='1' ready='0'
Time: 6062500 ps  Iteration: 0  Process: /tb_AI_TRIGGER_TOP/dut/u_DUT/\gen_lanes(0)\/u_LANE/line__273  File: /home/work1/Works/AI-Trigger-System/HDL/rtl/CNN_CORE_LANE.vhd
Note: LANE0 ADC busy_clear stream_done_seen='0' wr_count=0
Time: 6074 ns  Iteration: 0  Process: /tb_AI_TRIGGER_TOP/dut/u_DUT/\gen_lanes(0)\/u_LANE/line__191  File: /home/work1/Works/AI-Trigger-System/HDL/rtl/CNN_CORE_LANE.vhd
Note: LANE0 CNN output_valid score_raw=-2687 started=2
Time: 6287500 ps  Iteration: 0  Process: /tb_AI_TRIGGER_TOP/dut/u_DUT/\gen_lanes(0)\/u_LANE/line__273  File: /home/work1/Works/AI-Trigger-System/HDL/rtl/CNN_CORE_LANE.vhd
     5 | 0x003ff581    |     -1.312012 |     0 |    0 |      1.010
Note: DIST chunk_start seq=6 lane=1 busy='0'
Time: 6330 ns  Iteration: 0  Process: /tb_AI_TRIGGER_TOP/dut/u_DUT/u_DIST/line__134  File: /home/work1/Works/AI-Trigger-System/HDL/rtl/ADC_CHUNK_DISTRIBUTOR.vhd
Note: LANE1 ADC chunk_accept count=2 fifo_full='0'
Time: 6330 ns  Iteration: 0  Process: /tb_AI_TRIGGER_TOP/dut/u_DUT/\gen_lanes(1)\/u_LANE/line__191  File: /home/work1/Works/AI-Trigger-System/HDL/rtl/CNN_CORE_LANE.vhd
Note: LANE1 started_next=2 fifo_empty='0' fifo_data_valid='1' ready='0' idle='1'
Time: 6367500 ps  Iteration: 0  Process: /tb_AI_TRIGGER_TOP/dut/u_DUT/\gen_lanes(1)\/u_LANE/line__273  File: /home/work1/Works/AI-Trigger-System/HDL/rtl/CNN_CORE_LANE.vhd
Note: LANE1 started=2 fifo_empty='0' fifo_data_valid='1' ready='0'
Time: 7077500 ps  Iteration: 0  Process: /tb_AI_TRIGGER_TOP/dut/u_DUT/\gen_lanes(1)\/u_LANE/line__273  File: /home/work1/Works/AI-Trigger-System/HDL/rtl/CNN_CORE_LANE.vhd
Note: LANE1 ADC busy_clear stream_done_seen='0' wr_count=0
Time: 7086 ns  Iteration: 0  Process: /tb_AI_TRIGGER_TOP/dut/u_DUT/\gen_lanes(1)\/u_LANE/line__191  File: /home/work1/Works/AI-Trigger-System/HDL/rtl/CNN_CORE_LANE.vhd
Note: LANE1 CNN output_valid score_raw=-2159 started=2
Time: 7302500 ps  Iteration: 0  Process: /tb_AI_TRIGGER_TOP/dut/u_DUT/\gen_lanes(1)\/u_LANE/line__273  File: /home/work1/Works/AI-Trigger-System/HDL/rtl/CNN_CORE_LANE.vhd
     6 | 0x003ff791    |     -1.054199 |     0 |    0 |      1.015
Note: DIST chunk_start seq=7 lane=2 busy='0'
Time: 7346 ns  Iteration: 0  Process: /tb_AI_TRIGGER_TOP/dut/u_DUT/u_DIST/line__134  File: /home/work1/Works/AI-Trigger-System/HDL/rtl/ADC_CHUNK_DISTRIBUTOR.vhd
Note: LANE2 ADC chunk_accept count=2 fifo_full='0'
Time: 7346 ns  Iteration: 0  Process: /tb_AI_TRIGGER_TOP/dut/u_DUT/\gen_lanes(2)\/u_LANE/line__191  File: /home/work1/Works/AI-Trigger-System/HDL/rtl/CNN_CORE_LANE.vhd
Note: LANE2 started_next=2 fifo_empty='0' fifo_data_valid='1' ready='0' idle='1'
Time: 7382500 ps  Iteration: 0  Process: /tb_AI_TRIGGER_TOP/dut/u_DUT/\gen_lanes(2)\/u_LANE/line__273  File: /home/work1/Works/AI-Trigger-System/HDL/rtl/CNN_CORE_LANE.vhd
Note: LANE2 started=2 fifo_empty='0' fifo_data_valid='1' ready='0'
Time: 8092500 ps  Iteration: 0  Process: /tb_AI_TRIGGER_TOP/dut/u_DUT/\gen_lanes(2)\/u_LANE/line__273  File: /home/work1/Works/AI-Trigger-System/HDL/rtl/CNN_CORE_LANE.vhd
Note: LANE2 ADC busy_clear stream_done_seen='0' wr_count=0
Time: 8102 ns  Iteration: 0  Process: /tb_AI_TRIGGER_TOP/dut/u_DUT/\gen_lanes(2)\/u_LANE/line__191  File: /home/work1/Works/AI-Trigger-System/HDL/rtl/CNN_CORE_LANE.vhd
Note: LANE2 CNN output_valid score_raw=-2591 started=2
Time: 8317500 ps  Iteration: 0  Process: /tb_AI_TRIGGER_TOP/dut/u_DUT/\gen_lanes(2)\/u_LANE/line__273  File: /home/work1/Works/AI-Trigger-System/HDL/rtl/CNN_CORE_LANE.vhd
     7 | 0x003ff5e1    |     -1.265137 |     0 |    0 |      1.015
Note: DIST chunk_start seq=8 lane=3 busy='0'
Time: 8362 ns  Iteration: 0  Process: /tb_AI_TRIGGER_TOP/dut/u_DUT/u_DIST/line__134  File: /home/work1/Works/AI-Trigger-System/HDL/rtl/ADC_CHUNK_DISTRIBUTOR.vhd
Note: LANE3 ADC chunk_accept count=2 fifo_full='0'
Time: 8362 ns  Iteration: 0  Process: /tb_AI_TRIGGER_TOP/dut/u_DUT/\gen_lanes(3)\/u_LANE/line__191  File: /home/work1/Works/AI-Trigger-System/HDL/rtl/CNN_CORE_LANE.vhd
Note: LANE3 started_next=2 fifo_empty='0' fifo_data_valid='1' ready='0' idle='1'
Time: 8397500 ps  Iteration: 0  Process: /tb_AI_TRIGGER_TOP/dut/u_DUT/\gen_lanes(3)\/u_LANE/line__273  File: /home/work1/Works/AI-Trigger-System/HDL/rtl/CNN_CORE_LANE.vhd
Note: LANE3 started=2 fifo_empty='0' fifo_data_valid='1' ready='0'
Time: 9107500 ps  Iteration: 0  Process: /tb_AI_TRIGGER_TOP/dut/u_DUT/\gen_lanes(3)\/u_LANE/line__273  File: /home/work1/Works/AI-Trigger-System/HDL/rtl/CNN_CORE_LANE.vhd
Note: LANE3 ADC busy_clear stream_done_seen='0' wr_count=0
Time: 9118 ns  Iteration: 0  Process: /tb_AI_TRIGGER_TOP/dut/u_DUT/\gen_lanes(3)\/u_LANE/line__191  File: /home/work1/Works/AI-Trigger-System/HDL/rtl/CNN_CORE_LANE.vhd
Note: LANE3 CNN output_valid score_raw=-2488 started=2
Time: 9332500 ps  Iteration: 0  Process: /tb_AI_TRIGGER_TOP/dut/u_DUT/\gen_lanes(3)\/u_LANE/line__273  File: /home/work1/Works/AI-Trigger-System/HDL/rtl/CNN_CORE_LANE.vhd
     8 | 0x003ff648    |     -1.214844 |     0 |    0 |      1.015
Note: DIST chunk_start seq=9 lane=4 busy='0'
Time: 9378 ns  Iteration: 0  Process: /tb_AI_TRIGGER_TOP/dut/u_DUT/u_DIST/line__134  File: /home/work1/Works/AI-Trigger-System/HDL/rtl/ADC_CHUNK_DISTRIBUTOR.vhd
Note: LANE4 ADC chunk_accept count=2 fifo_full='0'
Time: 9378 ns  Iteration: 0  Process: /tb_AI_TRIGGER_TOP/dut/u_DUT/\gen_lanes(4)\/u_LANE/line__191  File: /home/work1/Works/AI-Trigger-System/HDL/rtl/CNN_CORE_LANE.vhd
Note: LANE4 started_next=2 fifo_empty='0' fifo_data_valid='1' ready='0' idle='1'
Time: 9412500 ps  Iteration: 0  Process: /tb_AI_TRIGGER_TOP/dut/u_DUT/\gen_lanes(4)\/u_LANE/line__273  File: /home/work1/Works/AI-Trigger-System/HDL/rtl/CNN_CORE_LANE.vhd
Note: LANE4 started=2 fifo_empty='0' fifo_data_valid='1' ready='0'
Time: 10122500 ps  Iteration: 0  Process: /tb_AI_TRIGGER_TOP/dut/u_DUT/\gen_lanes(4)\/u_LANE/line__273  File: /home/work1/Works/AI-Trigger-System/HDL/rtl/CNN_CORE_LANE.vhd
Note: LANE4 ADC busy_clear stream_done_seen='0' wr_count=0
Time: 10134 ns  Iteration: 0  Process: /tb_AI_TRIGGER_TOP/dut/u_DUT/\gen_lanes(4)\/u_LANE/line__191  File: /home/work1/Works/AI-Trigger-System/HDL/rtl/CNN_CORE_LANE.vhd
Note: LANE4 CNN output_valid score_raw=-2322 started=2
Time: 10347500 ps  Iteration: 0  Process: /tb_AI_TRIGGER_TOP/dut/u_DUT/\gen_lanes(4)\/u_LANE/line__273  File: /home/work1/Works/AI-Trigger-System/HDL/rtl/CNN_CORE_LANE.vhd
     9 | 0x003ff6ee    |     -1.133789 |     0 |    0 |      1.010
Note: DIST chunk_start seq=10 lane=0 busy='0'
Time: 10390 ns  Iteration: 0  Process: /tb_AI_TRIGGER_TOP/dut/u_DUT/u_DIST/line__134  File: /home/work1/Works/AI-Trigger-System/HDL/rtl/ADC_CHUNK_DISTRIBUTOR.vhd
Note: LANE0 ADC chunk_accept count=3 fifo_full='0'
Time: 10390 ns  Iteration: 0  Process: /tb_AI_TRIGGER_TOP/dut/u_DUT/\gen_lanes(0)\/u_LANE/line__191  File: /home/work1/Works/AI-Trigger-System/HDL/rtl/CNN_CORE_LANE.vhd
Note: LANE0 started_next=3 fifo_empty='0' fifo_data_valid='1' ready='0' idle='1'
Time: 10427500 ps  Iteration: 0  Process: /tb_AI_TRIGGER_TOP/dut/u_DUT/\gen_lanes(0)\/u_LANE/line__273  File: /home/work1/Works/AI-Trigger-System/HDL/rtl/CNN_CORE_LANE.vhd
Note: LANE0 started=3 fifo_empty='0' fifo_data_valid='1' ready='0'
Time: 11137500 ps  Iteration: 0  Process: /tb_AI_TRIGGER_TOP/dut/u_DUT/\gen_lanes(0)\/u_LANE/line__273  File: /home/work1/Works/AI-Trigger-System/HDL/rtl/CNN_CORE_LANE.vhd
Note: LANE0 ADC busy_clear stream_done_seen='1' wr_count=0
Time: 11146 ns  Iteration: 0  Process: /tb_AI_TRIGGER_TOP/dut/u_DUT/\gen_lanes(0)\/u_LANE/line__191  File: /home/work1/Works/AI-Trigger-System/HDL/rtl/CNN_CORE_LANE.vhd
Note: LANE0 CNN output_valid score_raw=-2689 started=3
Time: 11362500 ps  Iteration: 0  Process: /tb_AI_TRIGGER_TOP/dut/u_DUT/\gen_lanes(0)\/u_LANE/line__273  File: /home/work1/Works/AI-Trigger-System/HDL/rtl/CNN_CORE_LANE.vhd
    10 | 0x003ff57f    |     -1.312988 |     0 |    0 |      1.015
Note: DIST chunk_start seq=11 lane=1 busy='0'
Time: 11406 ns  Iteration: 0  Process: /tb_AI_TRIGGER_TOP/dut/u_DUT/u_DIST/line__134  File: /home/work1/Works/AI-Trigger-System/HDL/rtl/ADC_CHUNK_DISTRIBUTOR.vhd
Note: LANE1 ADC chunk_accept count=3 fifo_full='0'
Time: 11406 ns  Iteration: 0  Process: /tb_AI_TRIGGER_TOP/dut/u_DUT/\gen_lanes(1)\/u_LANE/line__191  File: /home/work1/Works/AI-Trigger-System/HDL/rtl/CNN_CORE_LANE.vhd
Note: LANE1 started_next=3 fifo_empty='0' fifo_data_valid='1' ready='0' idle='1'
Time: 11442500 ps  Iteration: 0  Process: /tb_AI_TRIGGER_TOP/dut/u_DUT/\gen_lanes(1)\/u_LANE/line__273  File: /home/work1/Works/AI-Trigger-System/HDL/rtl/CNN_CORE_LANE.vhd
Note: LANE1 started=3 fifo_empty='0' fifo_data_valid='1' ready='0'
Time: 12152500 ps  Iteration: 0  Process: /tb_AI_TRIGGER_TOP/dut/u_DUT/\gen_lanes(1)\/u_LANE/line__273  File: /home/work1/Works/AI-Trigger-System/HDL/rtl/CNN_CORE_LANE.vhd
Note: LANE1 ADC busy_clear stream_done_seen='1' wr_count=0
Time: 12162 ns  Iteration: 0  Process: /tb_AI_TRIGGER_TOP/dut/u_DUT/\gen_lanes(1)\/u_LANE/line__191  File: /home/work1/Works/AI-Trigger-System/HDL/rtl/CNN_CORE_LANE.vhd
Note: LANE1 CNN output_valid score_raw=-2686 started=3
Time: 12377500 ps  Iteration: 0  Process: /tb_AI_TRIGGER_TOP/dut/u_DUT/\gen_lanes(1)\/u_LANE/line__273  File: /home/work1/Works/AI-Trigger-System/HDL/rtl/CNN_CORE_LANE.vhd
    11 | 0x003ff582    |     -1.311523 |     0 |    0 |      1.015
Note: DIST chunk_start seq=12 lane=2 busy='0'
Time: 12422 ns  Iteration: 0  Process: /tb_AI_TRIGGER_TOP/dut/u_DUT/u_DIST/line__134  File: /home/work1/Works/AI-Trigger-System/HDL/rtl/ADC_CHUNK_DISTRIBUTOR.vhd
Note: LANE2 ADC chunk_accept count=3 fifo_full='0'
Time: 12422 ns  Iteration: 0  Process: /tb_AI_TRIGGER_TOP/dut/u_DUT/\gen_lanes(2)\/u_LANE/line__191  File: /home/work1/Works/AI-Trigger-System/HDL/rtl/CNN_CORE_LANE.vhd
Note: LANE2 started_next=3 fifo_empty='0' fifo_data_valid='1' ready='0' idle='1'
Time: 12457500 ps  Iteration: 0  Process: /tb_AI_TRIGGER_TOP/dut/u_DUT/\gen_lanes(2)\/u_LANE/line__273  File: /home/work1/Works/AI-Trigger-System/HDL/rtl/CNN_CORE_LANE.vhd
Note: LANE2 started=3 fifo_empty='0' fifo_data_valid='1' ready='0'
Time: 13167500 ps  Iteration: 0  Process: /tb_AI_TRIGGER_TOP/dut/u_DUT/\gen_lanes(2)\/u_LANE/line__273  File: /home/work1/Works/AI-Trigger-System/HDL/rtl/CNN_CORE_LANE.vhd
Note: LANE2 ADC busy_clear stream_done_seen='1' wr_count=0
Time: 13178 ns  Iteration: 0  Process: /tb_AI_TRIGGER_TOP/dut/u_DUT/\gen_lanes(2)\/u_LANE/line__191  File: /home/work1/Works/AI-Trigger-System/HDL/rtl/CNN_CORE_LANE.vhd
Note: LANE2 CNN output_valid score_raw=-1930 started=3
Time: 13392500 ps  Iteration: 0  Process: /tb_AI_TRIGGER_TOP/dut/u_DUT/\gen_lanes(2)\/u_LANE/line__273  File: /home/work1/Works/AI-Trigger-System/HDL/rtl/CNN_CORE_LANE.vhd
    12 | 0x003ff876    |     -0.942383 |     0 |    0 |      1.015
Note: DIST chunk_start seq=13 lane=3 busy='0'
Time: 13438 ns  Iteration: 0  Process: /tb_AI_TRIGGER_TOP/dut/u_DUT/u_DIST/line__134  File: /home/work1/Works/AI-Trigger-System/HDL/rtl/ADC_CHUNK_DISTRIBUTOR.vhd
Note: LANE3 ADC chunk_accept count=3 fifo_full='0'
Time: 13438 ns  Iteration: 0  Process: /tb_AI_TRIGGER_TOP/dut/u_DUT/\gen_lanes(3)\/u_LANE/line__191  File: /home/work1/Works/AI-Trigger-System/HDL/rtl/CNN_CORE_LANE.vhd
Note: LANE3 started_next=3 fifo_empty='0' fifo_data_valid='1' ready='0' idle='1'
Time: 13472500 ps  Iteration: 0  Process: /tb_AI_TRIGGER_TOP/dut/u_DUT/\gen_lanes(3)\/u_LANE/line__273  File: /home/work1/Works/AI-Trigger-System/HDL/rtl/CNN_CORE_LANE.vhd
Note: LANE3 started=3 fifo_empty='0' fifo_data_valid='1' ready='0'
Time: 14182500 ps  Iteration: 0  Process: /tb_AI_TRIGGER_TOP/dut/u_DUT/\gen_lanes(3)\/u_LANE/line__273  File: /home/work1/Works/AI-Trigger-System/HDL/rtl/CNN_CORE_LANE.vhd
Note: LANE3 ADC busy_clear stream_done_seen='1' wr_count=0
Time: 14194 ns  Iteration: 0  Process: /tb_AI_TRIGGER_TOP/dut/u_DUT/\gen_lanes(3)\/u_LANE/line__191  File: /home/work1/Works/AI-Trigger-System/HDL/rtl/CNN_CORE_LANE.vhd
Note: LANE3 CNN output_valid score_raw=-2380 started=3
Time: 14407500 ps  Iteration: 0  Process: /tb_AI_TRIGGER_TOP/dut/u_DUT/\gen_lanes(3)\/u_LANE/line__273  File: /home/work1/Works/AI-Trigger-System/HDL/rtl/CNN_CORE_LANE.vhd
    13 | 0x003ff6b4    |     -1.162109 |     0 |    0 |      1.010
Note: DIST chunk_start seq=14 lane=4 busy='0'
Time: 14450 ns  Iteration: 0  Process: /tb_AI_TRIGGER_TOP/dut/u_DUT/u_DIST/line__134  File: /home/work1/Works/AI-Trigger-System/HDL/rtl/ADC_CHUNK_DISTRIBUTOR.vhd
Note: LANE4 ADC chunk_accept count=3 fifo_full='0'
Time: 14450 ns  Iteration: 0  Process: /tb_AI_TRIGGER_TOP/dut/u_DUT/\gen_lanes(4)\/u_LANE/line__191  File: /home/work1/Works/AI-Trigger-System/HDL/rtl/CNN_CORE_LANE.vhd
Note: LANE4 started_next=3 fifo_empty='0' fifo_data_valid='1' ready='0' idle='1'
Time: 14487500 ps  Iteration: 0  Process: /tb_AI_TRIGGER_TOP/dut/u_DUT/\gen_lanes(4)\/u_LANE/line__273  File: /home/work1/Works/AI-Trigger-System/HDL/rtl/CNN_CORE_LANE.vhd
Note: LANE4 started=3 fifo_empty='0' fifo_data_valid='1' ready='0'
Time: 15197500 ps  Iteration: 0  Process: /tb_AI_TRIGGER_TOP/dut/u_DUT/\gen_lanes(4)\/u_LANE/line__273  File: /home/work1/Works/AI-Trigger-System/HDL/rtl/CNN_CORE_LANE.vhd
Note: LANE4 ADC busy_clear stream_done_seen='1' wr_count=0
Time: 15206 ns  Iteration: 0  Process: /tb_AI_TRIGGER_TOP/dut/u_DUT/\gen_lanes(4)\/u_LANE/line__191  File: /home/work1/Works/AI-Trigger-System/HDL/rtl/CNN_CORE_LANE.vhd
Note: LANE4 CNN output_valid score_raw=-2595 started=3
Time: 15422500 ps  Iteration: 0  Process: /tb_AI_TRIGGER_TOP/dut/u_DUT/\gen_lanes(4)\/u_LANE/line__273  File: /home/work1/Works/AI-Trigger-System/HDL/rtl/CNN_CORE_LANE.vhd
    14 | 0x003ff5dd    |     -1.267090 |     0 |    0 |      1.015
Note: DIST chunk_start seq=15 lane=0 busy='0'
Time: 15466 ns  Iteration: 0  Process: /tb_AI_TRIGGER_TOP/dut/u_DUT/u_DIST/line__134  File: /home/work1/Works/AI-Trigger-System/HDL/rtl/ADC_CHUNK_DISTRIBUTOR.vhd
Note: LANE0 ADC chunk_accept count=4 fifo_full='0'
Time: 15466 ns  Iteration: 0  Process: /tb_AI_TRIGGER_TOP/dut/u_DUT/\gen_lanes(0)\/u_LANE/line__191  File: /home/work1/Works/AI-Trigger-System/HDL/rtl/CNN_CORE_LANE.vhd
Note: LANE0 started_next=4 fifo_empty='0' fifo_data_valid='1' ready='0' idle='1'
Time: 15502500 ps  Iteration: 0  Process: /tb_AI_TRIGGER_TOP/dut/u_DUT/\gen_lanes(0)\/u_LANE/line__273  File: /home/work1/Works/AI-Trigger-System/HDL/rtl/CNN_CORE_LANE.vhd
Note: LANE0 started=4 fifo_empty='0' fifo_data_valid='1' ready='0'
Time: 16212500 ps  Iteration: 0  Process: /tb_AI_TRIGGER_TOP/dut/u_DUT/\gen_lanes(0)\/u_LANE/line__273  File: /home/work1/Works/AI-Trigger-System/HDL/rtl/CNN_CORE_LANE.vhd
Note: LANE0 ADC busy_clear stream_done_seen='0' wr_count=0
Time: 16222 ns  Iteration: 0  Process: /tb_AI_TRIGGER_TOP/dut/u_DUT/\gen_lanes(0)\/u_LANE/line__191  File: /home/work1/Works/AI-Trigger-System/HDL/rtl/CNN_CORE_LANE.vhd
Note: LANE0 CNN output_valid score_raw=-2418 started=4
Time: 16437500 ps  Iteration: 0  Process: /tb_AI_TRIGGER_TOP/dut/u_DUT/\gen_lanes(0)\/u_LANE/line__273  File: /home/work1/Works/AI-Trigger-System/HDL/rtl/CNN_CORE_LANE.vhd
    15 | 0x003ff68e    |     -1.180664 |     0 |    0 |      1.015
Note: DIST chunk_start seq=16 lane=1 busy='0'
Time: 16482 ns  Iteration: 0  Process: /tb_AI_TRIGGER_TOP/dut/u_DUT/u_DIST/line__134  File: /home/work1/Works/AI-Trigger-System/HDL/rtl/ADC_CHUNK_DISTRIBUTOR.vhd
Note: LANE1 ADC chunk_accept count=4 fifo_full='0'
Time: 16482 ns  Iteration: 0  Process: /tb_AI_TRIGGER_TOP/dut/u_DUT/\gen_lanes(1)\/u_LANE/line__191  File: /home/work1/Works/AI-Trigger-System/HDL/rtl/CNN_CORE_LANE.vhd
Note: LANE1 started_next=4 fifo_empty='0' fifo_data_valid='1' ready='0' idle='1'
Time: 16517500 ps  Iteration: 0  Process: /tb_AI_TRIGGER_TOP/dut/u_DUT/\gen_lanes(1)\/u_LANE/line__273  File: /home/work1/Works/AI-Trigger-System/HDL/rtl/CNN_CORE_LANE.vhd
Note: LANE1 started=4 fifo_empty='0' fifo_data_valid='1' ready='0'
Time: 17227500 ps  Iteration: 0  Process: /tb_AI_TRIGGER_TOP/dut/u_DUT/\gen_lanes(1)\/u_LANE/line__273  File: /home/work1/Works/AI-Trigger-System/HDL/rtl/CNN_CORE_LANE.vhd
Note: LANE1 ADC busy_clear stream_done_seen='0' wr_count=0
Time: 17238 ns  Iteration: 0  Process: /tb_AI_TRIGGER_TOP/dut/u_DUT/\gen_lanes(1)\/u_LANE/line__191  File: /home/work1/Works/AI-Trigger-System/HDL/rtl/CNN_CORE_LANE.vhd
Note: LANE1 CNN output_valid score_raw=-2820 started=4
Time: 17452500 ps  Iteration: 0  Process: /tb_AI_TRIGGER_TOP/dut/u_DUT/\gen_lanes(1)\/u_LANE/line__273  File: /home/work1/Works/AI-Trigger-System/HDL/rtl/CNN_CORE_LANE.vhd
    16 | 0x003ff4fc    |     -1.376953 |     0 |    0 |      1.015
Note: DIST chunk_start seq=17 lane=2 busy='0'
Time: 17498 ns  Iteration: 0  Process: /tb_AI_TRIGGER_TOP/dut/u_DUT/u_DIST/line__134  File: /home/work1/Works/AI-Trigger-System/HDL/rtl/ADC_CHUNK_DISTRIBUTOR.vhd
Note: LANE2 ADC chunk_accept count=4 fifo_full='0'
Time: 17498 ns  Iteration: 0  Process: /tb_AI_TRIGGER_TOP/dut/u_DUT/\gen_lanes(2)\/u_LANE/line__191  File: /home/work1/Works/AI-Trigger-System/HDL/rtl/CNN_CORE_LANE.vhd
Note: LANE2 started_next=4 fifo_empty='0' fifo_data_valid='1' ready='0' idle='1'
Time: 17532500 ps  Iteration: 0  Process: /tb_AI_TRIGGER_TOP/dut/u_DUT/\gen_lanes(2)\/u_LANE/line__273  File: /home/work1/Works/AI-Trigger-System/HDL/rtl/CNN_CORE_LANE.vhd
Note: LANE2 started=4 fifo_empty='0' fifo_data_valid='1' ready='0'
Time: 18242500 ps  Iteration: 0  Process: /tb_AI_TRIGGER_TOP/dut/u_DUT/\gen_lanes(2)\/u_LANE/line__273  File: /home/work1/Works/AI-Trigger-System/HDL/rtl/CNN_CORE_LANE.vhd
Note: LANE2 ADC busy_clear stream_done_seen='0' wr_count=0
Time: 18254 ns  Iteration: 0  Process: /tb_AI_TRIGGER_TOP/dut/u_DUT/\gen_lanes(2)\/u_LANE/line__191  File: /home/work1/Works/AI-Trigger-System/HDL/rtl/CNN_CORE_LANE.vhd
Note: LANE2 CNN output_valid score_raw=-2816 started=4
Time: 18467500 ps  Iteration: 0  Process: /tb_AI_TRIGGER_TOP/dut/u_DUT/\gen_lanes(2)\/u_LANE/line__273  File: /home/work1/Works/AI-Trigger-System/HDL/rtl/CNN_CORE_LANE.vhd
    17 | 0x003ff500    |     -1.375000 |     0 |    0 |      1.010
Note: DIST chunk_start seq=18 lane=3 busy='0'
Time: 18510 ns  Iteration: 0  Process: /tb_AI_TRIGGER_TOP/dut/u_DUT/u_DIST/line__134  File: /home/work1/Works/AI-Trigger-System/HDL/rtl/ADC_CHUNK_DISTRIBUTOR.vhd
Note: LANE3 ADC chunk_accept count=4 fifo_full='0'
Time: 18510 ns  Iteration: 0  Process: /tb_AI_TRIGGER_TOP/dut/u_DUT/\gen_lanes(3)\/u_LANE/line__191  File: /home/work1/Works/AI-Trigger-System/HDL/rtl/CNN_CORE_LANE.vhd
Note: LANE3 started_next=4 fifo_empty='0' fifo_data_valid='1' ready='0' idle='1'
Time: 18547500 ps  Iteration: 0  Process: /tb_AI_TRIGGER_TOP/dut/u_DUT/\gen_lanes(3)\/u_LANE/line__273  File: /home/work1/Works/AI-Trigger-System/HDL/rtl/CNN_CORE_LANE.vhd
Note: LANE3 started=4 fifo_empty='0' fifo_data_valid='1' ready='0'
Time: 19257500 ps  Iteration: 0  Process: /tb_AI_TRIGGER_TOP/dut/u_DUT/\gen_lanes(3)\/u_LANE/line__273  File: /home/work1/Works/AI-Trigger-System/HDL/rtl/CNN_CORE_LANE.vhd
Note: LANE3 ADC busy_clear stream_done_seen='0' wr_count=0
Time: 19266 ns  Iteration: 0  Process: /tb_AI_TRIGGER_TOP/dut/u_DUT/\gen_lanes(3)\/u_LANE/line__191  File: /home/work1/Works/AI-Trigger-System/HDL/rtl/CNN_CORE_LANE.vhd
Note: LANE3 CNN output_valid score_raw=-1954 started=4
Time: 19482500 ps  Iteration: 0  Process: /tb_AI_TRIGGER_TOP/dut/u_DUT/\gen_lanes(3)\/u_LANE/line__273  File: /home/work1/Works/AI-Trigger-System/HDL/rtl/CNN_CORE_LANE.vhd
    18 | 0x003ff85e    |     -0.954102 |     0 |    0 |      1.015
Note: DIST chunk_start seq=19 lane=4 busy='0'
Time: 19526 ns  Iteration: 0  Process: /tb_AI_TRIGGER_TOP/dut/u_DUT/u_DIST/line__134  File: /home/work1/Works/AI-Trigger-System/HDL/rtl/ADC_CHUNK_DISTRIBUTOR.vhd
Note: LANE4 ADC chunk_accept count=4 fifo_full='0'
Time: 19526 ns  Iteration: 0  Process: /tb_AI_TRIGGER_TOP/dut/u_DUT/\gen_lanes(4)\/u_LANE/line__191  File: /home/work1/Works/AI-Trigger-System/HDL/rtl/CNN_CORE_LANE.vhd
Note: LANE4 started_next=4 fifo_empty='0' fifo_data_valid='1' ready='0' idle='1'
Time: 19562500 ps  Iteration: 0  Process: /tb_AI_TRIGGER_TOP/dut/u_DUT/\gen_lanes(4)\/u_LANE/line__273  File: /home/work1/Works/AI-Trigger-System/HDL/rtl/CNN_CORE_LANE.vhd
Note: LANE4 started=4 fifo_empty='0' fifo_data_valid='1' ready='0'
Time: 20272500 ps  Iteration: 0  Process: /tb_AI_TRIGGER_TOP/dut/u_DUT/\gen_lanes(4)\/u_LANE/line__273  File: /home/work1/Works/AI-Trigger-System/HDL/rtl/CNN_CORE_LANE.vhd
Note: LANE4 ADC busy_clear stream_done_seen='0' wr_count=0
Time: 20282 ns  Iteration: 0  Process: /tb_AI_TRIGGER_TOP/dut/u_DUT/\gen_lanes(4)\/u_LANE/line__191  File: /home/work1/Works/AI-Trigger-System/HDL/rtl/CNN_CORE_LANE.vhd
Note: LANE4 CNN output_valid score_raw=-2293 started=4
Time: 20497500 ps  Iteration: 0  Process: /tb_AI_TRIGGER_TOP/dut/u_DUT/\gen_lanes(4)\/u_LANE/line__273  File: /home/work1/Works/AI-Trigger-System/HDL/rtl/CNN_CORE_LANE.vhd
    19 | 0x003ff70b    |     -1.119629 |     0 |    0 |      1.015
Note: DIST chunk_start seq=20 lane=0 busy='0'
Time: 20542 ns  Iteration: 0  Process: /tb_AI_TRIGGER_TOP/dut/u_DUT/u_DIST/line__134  File: /home/work1/Works/AI-Trigger-System/HDL/rtl/ADC_CHUNK_DISTRIBUTOR.vhd
Note: LANE0 ADC chunk_accept count=5 fifo_full='0'
Time: 20542 ns  Iteration: 0  Process: /tb_AI_TRIGGER_TOP/dut/u_DUT/\gen_lanes(0)\/u_LANE/line__191  File: /home/work1/Works/AI-Trigger-System/HDL/rtl/CNN_CORE_LANE.vhd
Note: LANE0 started_next=5 fifo_empty='0' fifo_data_valid='1' ready='0' idle='1'
Time: 20577500 ps  Iteration: 0  Process: /tb_AI_TRIGGER_TOP/dut/u_DUT/\gen_lanes(0)\/u_LANE/line__273  File: /home/work1/Works/AI-Trigger-System/HDL/rtl/CNN_CORE_LANE.vhd
Note: LANE0 started=5 fifo_empty='0' fifo_data_valid='1' ready='0'
Time: 21287500 ps  Iteration: 0  Process: /tb_AI_TRIGGER_TOP/dut/u_DUT/\gen_lanes(0)\/u_LANE/line__273  File: /home/work1/Works/AI-Trigger-System/HDL/rtl/CNN_CORE_LANE.vhd
Note: LANE0 ADC busy_clear stream_done_seen='1' wr_count=0
Time: 21298 ns  Iteration: 0  Process: /tb_AI_TRIGGER_TOP/dut/u_DUT/\gen_lanes(0)\/u_LANE/line__191  File: /home/work1/Works/AI-Trigger-System/HDL/rtl/CNN_CORE_LANE.vhd
Note: LANE0 CNN output_valid score_raw=-2488 started=5
Time: 21512500 ps  Iteration: 0  Process: /tb_AI_TRIGGER_TOP/dut/u_DUT/\gen_lanes(0)\/u_LANE/line__273  File: /home/work1/Works/AI-Trigger-System/HDL/rtl/CNN_CORE_LANE.vhd
    20 | 0x003ff648    |     -1.214844 |     0 |    0 |      1.015
Note: DIST chunk_start seq=21 lane=1 busy='0'
Time: 21558 ns  Iteration: 0  Process: /tb_AI_TRIGGER_TOP/dut/u_DUT/u_DIST/line__134  File: /home/work1/Works/AI-Trigger-System/HDL/rtl/ADC_CHUNK_DISTRIBUTOR.vhd
Note: LANE1 ADC chunk_accept count=5 fifo_full='0'
Time: 21558 ns  Iteration: 0  Process: /tb_AI_TRIGGER_TOP/dut/u_DUT/\gen_lanes(1)\/u_LANE/line__191  File: /home/work1/Works/AI-Trigger-System/HDL/rtl/CNN_CORE_LANE.vhd
Note: LANE1 started_next=5 fifo_empty='0' fifo_data_valid='1' ready='0' idle='1'
Time: 21592500 ps  Iteration: 0  Process: /tb_AI_TRIGGER_TOP/dut/u_DUT/\gen_lanes(1)\/u_LANE/line__273  File: /home/work1/Works/AI-Trigger-System/HDL/rtl/CNN_CORE_LANE.vhd
Note: LANE1 started=5 fifo_empty='0' fifo_data_valid='1' ready='0'
Time: 22302500 ps  Iteration: 0  Process: /tb_AI_TRIGGER_TOP/dut/u_DUT/\gen_lanes(1)\/u_LANE/line__273  File: /home/work1/Works/AI-Trigger-System/HDL/rtl/CNN_CORE_LANE.vhd
Note: LANE1 ADC busy_clear stream_done_seen='1' wr_count=0
Time: 22314 ns  Iteration: 0  Process: /tb_AI_TRIGGER_TOP/dut/u_DUT/\gen_lanes(1)\/u_LANE/line__191  File: /home/work1/Works/AI-Trigger-System/HDL/rtl/CNN_CORE_LANE.vhd
Note: LANE1 CNN output_valid score_raw=-2276 started=5
Time: 22527500 ps  Iteration: 0  Process: /tb_AI_TRIGGER_TOP/dut/u_DUT/\gen_lanes(1)\/u_LANE/line__273  File: /home/work1/Works/AI-Trigger-System/HDL/rtl/CNN_CORE_LANE.vhd
    21 | 0x003ff71c    |     -1.111328 |     0 |    0 |      1.010
Note: DIST chunk_start seq=22 lane=2 busy='0'
Time: 22570 ns  Iteration: 0  Process: /tb_AI_TRIGGER_TOP/dut/u_DUT/u_DIST/line__134  File: /home/work1/Works/AI-Trigger-System/HDL/rtl/ADC_CHUNK_DISTRIBUTOR.vhd
Note: LANE2 ADC chunk_accept count=5 fifo_full='0'
Time: 22570 ns  Iteration: 0  Process: /tb_AI_TRIGGER_TOP/dut/u_DUT/\gen_lanes(2)\/u_LANE/line__191  File: /home/work1/Works/AI-Trigger-System/HDL/rtl/CNN_CORE_LANE.vhd
Note: LANE2 started_next=5 fifo_empty='0' fifo_data_valid='1' ready='0' idle='1'
Time: 22607500 ps  Iteration: 0  Process: /tb_AI_TRIGGER_TOP/dut/u_DUT/\gen_lanes(2)\/u_LANE/line__273  File: /home/work1/Works/AI-Trigger-System/HDL/rtl/CNN_CORE_LANE.vhd
Note: LANE2 started=5 fifo_empty='0' fifo_data_valid='1' ready='0'
Time: 23317500 ps  Iteration: 0  Process: /tb_AI_TRIGGER_TOP/dut/u_DUT/\gen_lanes(2)\/u_LANE/line__273  File: /home/work1/Works/AI-Trigger-System/HDL/rtl/CNN_CORE_LANE.vhd
Note: LANE2 ADC busy_clear stream_done_seen='1' wr_count=0
Time: 23326 ns  Iteration: 0  Process: /tb_AI_TRIGGER_TOP/dut/u_DUT/\gen_lanes(2)\/u_LANE/line__191  File: /home/work1/Works/AI-Trigger-System/HDL/rtl/CNN_CORE_LANE.vhd
Note: LANE2 CNN output_valid score_raw=-2674 started=5
Time: 23542500 ps  Iteration: 0  Process: /tb_AI_TRIGGER_TOP/dut/u_DUT/\gen_lanes(2)\/u_LANE/line__273  File: /home/work1/Works/AI-Trigger-System/HDL/rtl/CNN_CORE_LANE.vhd
    22 | 0x003ff58e    |     -1.305664 |     0 |    0 |      1.015
Note: DIST chunk_start seq=23 lane=3 busy='0'
Time: 23586 ns  Iteration: 0  Process: /tb_AI_TRIGGER_TOP/dut/u_DUT/u_DIST/line__134  File: /home/work1/Works/AI-Trigger-System/HDL/rtl/ADC_CHUNK_DISTRIBUTOR.vhd
Note: LANE3 ADC chunk_accept count=5 fifo_full='0'
Time: 23586 ns  Iteration: 0  Process: /tb_AI_TRIGGER_TOP/dut/u_DUT/\gen_lanes(3)\/u_LANE/line__191  File: /home/work1/Works/AI-Trigger-System/HDL/rtl/CNN_CORE_LANE.vhd
Note: LANE3 started_next=5 fifo_empty='0' fifo_data_valid='1' ready='0' idle='1'
Time: 23622500 ps  Iteration: 0  Process: /tb_AI_TRIGGER_TOP/dut/u_DUT/\gen_lanes(3)\/u_LANE/line__273  File: /home/work1/Works/AI-Trigger-System/HDL/rtl/CNN_CORE_LANE.vhd
Note: LANE3 started=5 fifo_empty='0' fifo_data_valid='1' ready='0'
Time: 24332500 ps  Iteration: 0  Process: /tb_AI_TRIGGER_TOP/dut/u_DUT/\gen_lanes(3)\/u_LANE/line__273  File: /home/work1/Works/AI-Trigger-System/HDL/rtl/CNN_CORE_LANE.vhd
Note: LANE3 ADC busy_clear stream_done_seen='1' wr_count=0
Time: 24342 ns  Iteration: 0  Process: /tb_AI_TRIGGER_TOP/dut/u_DUT/\gen_lanes(3)\/u_LANE/line__191  File: /home/work1/Works/AI-Trigger-System/HDL/rtl/CNN_CORE_LANE.vhd
Note: LANE3 CNN output_valid score_raw=-2658 started=5
Time: 24557500 ps  Iteration: 0  Process: /tb_AI_TRIGGER_TOP/dut/u_DUT/\gen_lanes(3)\/u_LANE/line__273  File: /home/work1/Works/AI-Trigger-System/HDL/rtl/CNN_CORE_LANE.vhd
    23 | 0x003ff59e    |     -1.297852 |     0 |    0 |      1.015
Note: DIST chunk_start seq=24 lane=4 busy='0'
Time: 24602 ns  Iteration: 0  Process: /tb_AI_TRIGGER_TOP/dut/u_DUT/u_DIST/line__134  File: /home/work1/Works/AI-Trigger-System/HDL/rtl/ADC_CHUNK_DISTRIBUTOR.vhd
Note: LANE4 ADC chunk_accept count=5 fifo_full='0'
Time: 24602 ns  Iteration: 0  Process: /tb_AI_TRIGGER_TOP/dut/u_DUT/\gen_lanes(4)\/u_LANE/line__191  File: /home/work1/Works/AI-Trigger-System/HDL/rtl/CNN_CORE_LANE.vhd
Note: LANE4 started_next=5 fifo_empty='0' fifo_data_valid='1' ready='0' idle='1'
Time: 24637500 ps  Iteration: 0  Process: /tb_AI_TRIGGER_TOP/dut/u_DUT/\gen_lanes(4)\/u_LANE/line__273  File: /home/work1/Works/AI-Trigger-System/HDL/rtl/CNN_CORE_LANE.vhd
Note: LANE4 started=5 fifo_empty='0' fifo_data_valid='1' ready='0'
Time: 25347500 ps  Iteration: 0  Process: /tb_AI_TRIGGER_TOP/dut/u_DUT/\gen_lanes(4)\/u_LANE/line__273  File: /home/work1/Works/AI-Trigger-System/HDL/rtl/CNN_CORE_LANE.vhd
Note: LANE4 ADC busy_clear stream_done_seen='1' wr_count=0
Time: 25358 ns  Iteration: 0  Process: /tb_AI_TRIGGER_TOP/dut/u_DUT/\gen_lanes(4)\/u_LANE/line__191  File: /home/work1/Works/AI-Trigger-System/HDL/rtl/CNN_CORE_LANE.vhd
Note: LANE4 CNN output_valid score_raw=-1918 started=5
Time: 25572500 ps  Iteration: 0  Process: /tb_AI_TRIGGER_TOP/dut/u_DUT/\gen_lanes(4)\/u_LANE/line__273  File: /home/work1/Works/AI-Trigger-System/HDL/rtl/CNN_CORE_LANE.vhd
    24 | 0x003ff882    |     -0.936523 |     0 |    0 |      1.015
Note: DIST chunk_start seq=25 lane=0 busy='0'
Time: 25618 ns  Iteration: 0  Process: /tb_AI_TRIGGER_TOP/dut/u_DUT/u_DIST/line__134  File: /home/work1/Works/AI-Trigger-System/HDL/rtl/ADC_CHUNK_DISTRIBUTOR.vhd
Note: LANE0 ADC chunk_accept count=6 fifo_full='0'
Time: 25618 ns  Iteration: 0  Process: /tb_AI_TRIGGER_TOP/dut/u_DUT/\gen_lanes(0)\/u_LANE/line__191  File: /home/work1/Works/AI-Trigger-System/HDL/rtl/CNN_CORE_LANE.vhd
Note: LANE0 started_next=6 fifo_empty='0' fifo_data_valid='1' ready='0' idle='1'
Time: 25652500 ps  Iteration: 0  Process: /tb_AI_TRIGGER_TOP/dut/u_DUT/\gen_lanes(0)\/u_LANE/line__273  File: /home/work1/Works/AI-Trigger-System/HDL/rtl/CNN_CORE_LANE.vhd
Note: LANE0 started=6 fifo_empty='0' fifo_data_valid='1' ready='0'
Time: 26362500 ps  Iteration: 0  Process: /tb_AI_TRIGGER_TOP/dut/u_DUT/\gen_lanes(0)\/u_LANE/line__273  File: /home/work1/Works/AI-Trigger-System/HDL/rtl/CNN_CORE_LANE.vhd
Note: LANE0 ADC busy_clear stream_done_seen='0' wr_count=0
Time: 26374 ns  Iteration: 0  Process: /tb_AI_TRIGGER_TOP/dut/u_DUT/\gen_lanes(0)\/u_LANE/line__191  File: /home/work1/Works/AI-Trigger-System/HDL/rtl/CNN_CORE_LANE.vhd
Note: LANE0 CNN output_valid score_raw=-2369 started=6
Time: 26587500 ps  Iteration: 0  Process: /tb_AI_TRIGGER_TOP/dut/u_DUT/\gen_lanes(0)\/u_LANE/line__273  File: /home/work1/Works/AI-Trigger-System/HDL/rtl/CNN_CORE_LANE.vhd
    25 | 0x003ff6bf    |     -1.156738 |     0 |    0 |      1.010
Note: DIST chunk_start seq=26 lane=1 busy='0'
Time: 26630 ns  Iteration: 0  Process: /tb_AI_TRIGGER_TOP/dut/u_DUT/u_DIST/line__134  File: /home/work1/Works/AI-Trigger-System/HDL/rtl/ADC_CHUNK_DISTRIBUTOR.vhd
Note: LANE1 ADC chunk_accept count=6 fifo_full='0'
Time: 26630 ns  Iteration: 0  Process: /tb_AI_TRIGGER_TOP/dut/u_DUT/\gen_lanes(1)\/u_LANE/line__191  File: /home/work1/Works/AI-Trigger-System/HDL/rtl/CNN_CORE_LANE.vhd
Note: LANE1 started_next=6 fifo_empty='0' fifo_data_valid='1' ready='0' idle='1'
Time: 26667500 ps  Iteration: 0  Process: /tb_AI_TRIGGER_TOP/dut/u_DUT/\gen_lanes(1)\/u_LANE/line__273  File: /home/work1/Works/AI-Trigger-System/HDL/rtl/CNN_CORE_LANE.vhd
Note: LANE1 started=6 fifo_empty='0' fifo_data_valid='1' ready='0'
Time: 27377500 ps  Iteration: 0  Process: /tb_AI_TRIGGER_TOP/dut/u_DUT/\gen_lanes(1)\/u_LANE/line__273  File: /home/work1/Works/AI-Trigger-System/HDL/rtl/CNN_CORE_LANE.vhd
Note: LANE1 ADC busy_clear stream_done_seen='0' wr_count=0
Time: 27386 ns  Iteration: 0  Process: /tb_AI_TRIGGER_TOP/dut/u_DUT/\gen_lanes(1)\/u_LANE/line__191  File: /home/work1/Works/AI-Trigger-System/HDL/rtl/CNN_CORE_LANE.vhd
Note: LANE1 CNN output_valid score_raw=-2453 started=6
Time: 27602500 ps  Iteration: 0  Process: /tb_AI_TRIGGER_TOP/dut/u_DUT/\gen_lanes(1)\/u_LANE/line__273  File: /home/work1/Works/AI-Trigger-System/HDL/rtl/CNN_CORE_LANE.vhd
    26 | 0x003ff66b    |     -1.197754 |     0 |    0 |      1.015
Note: DIST chunk_start seq=27 lane=2 busy='0'
Time: 27646 ns  Iteration: 0  Process: /tb_AI_TRIGGER_TOP/dut/u_DUT/u_DIST/line__134  File: /home/work1/Works/AI-Trigger-System/HDL/rtl/ADC_CHUNK_DISTRIBUTOR.vhd
Note: LANE2 ADC chunk_accept count=6 fifo_full='0'
Time: 27646 ns  Iteration: 0  Process: /tb_AI_TRIGGER_TOP/dut/u_DUT/\gen_lanes(2)\/u_LANE/line__191  File: /home/work1/Works/AI-Trigger-System/HDL/rtl/CNN_CORE_LANE.vhd
Note: LANE2 started_next=6 fifo_empty='0' fifo_data_valid='1' ready='0' idle='1'
Time: 27682500 ps  Iteration: 0  Process: /tb_AI_TRIGGER_TOP/dut/u_DUT/\gen_lanes(2)\/u_LANE/line__273  File: /home/work1/Works/AI-Trigger-System/HDL/rtl/CNN_CORE_LANE.vhd
Note: LANE2 started=6 fifo_empty='0' fifo_data_valid='1' ready='0'
Time: 28392500 ps  Iteration: 0  Process: /tb_AI_TRIGGER_TOP/dut/u_DUT/\gen_lanes(2)\/u_LANE/line__273  File: /home/work1/Works/AI-Trigger-System/HDL/rtl/CNN_CORE_LANE.vhd
Note: LANE2 ADC busy_clear stream_done_seen='0' wr_count=0
Time: 28402 ns  Iteration: 0  Process: /tb_AI_TRIGGER_TOP/dut/u_DUT/\gen_lanes(2)\/u_LANE/line__191  File: /home/work1/Works/AI-Trigger-System/HDL/rtl/CNN_CORE_LANE.vhd
Note: LANE2 CNN output_valid score_raw=-2136 started=6
Time: 28617500 ps  Iteration: 0  Process: /tb_AI_TRIGGER_TOP/dut/u_DUT/\gen_lanes(2)\/u_LANE/line__273  File: /home/work1/Works/AI-Trigger-System/HDL/rtl/CNN_CORE_LANE.vhd
    27 | 0x003ff7a8    |     -1.042969 |     0 |    0 |      1.015
Note: DIST chunk_start seq=28 lane=3 busy='0'
Time: 28662 ns  Iteration: 0  Process: /tb_AI_TRIGGER_TOP/dut/u_DUT/u_DIST/line__134  File: /home/work1/Works/AI-Trigger-System/HDL/rtl/ADC_CHUNK_DISTRIBUTOR.vhd
Note: LANE3 ADC chunk_accept count=6 fifo_full='0'
Time: 28662 ns  Iteration: 0  Process: /tb_AI_TRIGGER_TOP/dut/u_DUT/\gen_lanes(3)\/u_LANE/line__191  File: /home/work1/Works/AI-Trigger-System/HDL/rtl/CNN_CORE_LANE.vhd
Note: LANE3 started_next=6 fifo_empty='0' fifo_data_valid='1' ready='0' idle='1'
Time: 28697500 ps  Iteration: 0  Process: /tb_AI_TRIGGER_TOP/dut/u_DUT/\gen_lanes(3)\/u_LANE/line__273  File: /home/work1/Works/AI-Trigger-System/HDL/rtl/CNN_CORE_LANE.vhd
Note: LANE3 started=6 fifo_empty='0' fifo_data_valid='1' ready='0'
Time: 29407500 ps  Iteration: 0  Process: /tb_AI_TRIGGER_TOP/dut/u_DUT/\gen_lanes(3)\/u_LANE/line__273  File: /home/work1/Works/AI-Trigger-System/HDL/rtl/CNN_CORE_LANE.vhd
Note: LANE3 ADC busy_clear stream_done_seen='0' wr_count=0
Time: 29418 ns  Iteration: 0  Process: /tb_AI_TRIGGER_TOP/dut/u_DUT/\gen_lanes(3)\/u_LANE/line__191  File: /home/work1/Works/AI-Trigger-System/HDL/rtl/CNN_CORE_LANE.vhd
Note: LANE3 CNN output_valid score_raw=-2637 started=6
Time: 29632500 ps  Iteration: 0  Process: /tb_AI_TRIGGER_TOP/dut/u_DUT/\gen_lanes(3)\/u_LANE/line__273  File: /home/work1/Works/AI-Trigger-System/HDL/rtl/CNN_CORE_LANE.vhd
    28 | 0x003ff5b3    |     -1.287598 |     0 |    0 |      1.015
Note: DIST chunk_start seq=29 lane=4 busy='0'
Time: 29678 ns  Iteration: 0  Process: /tb_AI_TRIGGER_TOP/dut/u_DUT/u_DIST/line__134  File: /home/work1/Works/AI-Trigger-System/HDL/rtl/ADC_CHUNK_DISTRIBUTOR.vhd
Note: LANE4 ADC chunk_accept count=6 fifo_full='0'
Time: 29678 ns  Iteration: 0  Process: /tb_AI_TRIGGER_TOP/dut/u_DUT/\gen_lanes(4)\/u_LANE/line__191  File: /home/work1/Works/AI-Trigger-System/HDL/rtl/CNN_CORE_LANE.vhd
Note: LANE4 started_next=6 fifo_empty='0' fifo_data_valid='1' ready='0' idle='1'
Time: 29712500 ps  Iteration: 0  Process: /tb_AI_TRIGGER_TOP/dut/u_DUT/\gen_lanes(4)\/u_LANE/line__273  File: /home/work1/Works/AI-Trigger-System/HDL/rtl/CNN_CORE_LANE.vhd
Note: LANE4 started=6 fifo_empty='0' fifo_data_valid='1' ready='0'
Time: 30422500 ps  Iteration: 0  Process: /tb_AI_TRIGGER_TOP/dut/u_DUT/\gen_lanes(4)\/u_LANE/line__273  File: /home/work1/Works/AI-Trigger-System/HDL/rtl/CNN_CORE_LANE.vhd
Note: LANE4 ADC busy_clear stream_done_seen='0' wr_count=0
Time: 30434 ns  Iteration: 0  Process: /tb_AI_TRIGGER_TOP/dut/u_DUT/\gen_lanes(4)\/u_LANE/line__191  File: /home/work1/Works/AI-Trigger-System/HDL/rtl/CNN_CORE_LANE.vhd
Note: LANE4 CNN output_valid score_raw=-2561 started=6
Time: 30647500 ps  Iteration: 0  Process: /tb_AI_TRIGGER_TOP/dut/u_DUT/\gen_lanes(4)\/u_LANE/line__273  File: /home/work1/Works/AI-Trigger-System/HDL/rtl/CNN_CORE_LANE.vhd
    29 | 0x003ff5ff    |     -1.250488 |     0 |    0 |      1.010
Note: DIST chunk_start seq=30 lane=0 busy='0'
Time: 30690 ns  Iteration: 0  Process: /tb_AI_TRIGGER_TOP/dut/u_DUT/u_DIST/line__134  File: /home/work1/Works/AI-Trigger-System/HDL/rtl/ADC_CHUNK_DISTRIBUTOR.vhd
Note: LANE0 ADC chunk_accept count=7 fifo_full='0'
Time: 30690 ns  Iteration: 0  Process: /tb_AI_TRIGGER_TOP/dut/u_DUT/\gen_lanes(0)\/u_LANE/line__191  File: /home/work1/Works/AI-Trigger-System/HDL/rtl/CNN_CORE_LANE.vhd
Note: LANE0 started_next=7 fifo_empty='0' fifo_data_valid='1' ready='0' idle='1'
Time: 30727500 ps  Iteration: 0  Process: /tb_AI_TRIGGER_TOP/dut/u_DUT/\gen_lanes(0)\/u_LANE/line__273  File: /home/work1/Works/AI-Trigger-System/HDL/rtl/CNN_CORE_LANE.vhd
Note: LANE0 started=7 fifo_empty='0' fifo_data_valid='1' ready='0'
Time: 31437500 ps  Iteration: 0  Process: /tb_AI_TRIGGER_TOP/dut/u_DUT/\gen_lanes(0)\/u_LANE/line__273  File: /home/work1/Works/AI-Trigger-System/HDL/rtl/CNN_CORE_LANE.vhd
Note: LANE0 ADC busy_clear stream_done_seen='1' wr_count=0
Time: 31446 ns  Iteration: 0  Process: /tb_AI_TRIGGER_TOP/dut/u_DUT/\gen_lanes(0)\/u_LANE/line__191  File: /home/work1/Works/AI-Trigger-System/HDL/rtl/CNN_CORE_LANE.vhd
Note: LANE0 CNN output_valid score_raw=-1945 started=7
Time: 31662500 ps  Iteration: 0  Process: /tb_AI_TRIGGER_TOP/dut/u_DUT/\gen_lanes(0)\/u_LANE/line__273  File: /home/work1/Works/AI-Trigger-System/HDL/rtl/CNN_CORE_LANE.vhd
    30 | 0x003ff867    |     -0.949707 |     0 |    0 |      1.015
Note: DIST chunk_start seq=31 lane=1 busy='0'
Time: 31706 ns  Iteration: 0  Process: /tb_AI_TRIGGER_TOP/dut/u_DUT/u_DIST/line__134  File: /home/work1/Works/AI-Trigger-System/HDL/rtl/ADC_CHUNK_DISTRIBUTOR.vhd
Note: LANE1 ADC chunk_accept count=7 fifo_full='0'
Time: 31706 ns  Iteration: 0  Process: /tb_AI_TRIGGER_TOP/dut/u_DUT/\gen_lanes(1)\/u_LANE/line__191  File: /home/work1/Works/AI-Trigger-System/HDL/rtl/CNN_CORE_LANE.vhd
Note: LANE1 started_next=7 fifo_empty='0' fifo_data_valid='1' ready='0' idle='1'
Time: 31742500 ps  Iteration: 0  Process: /tb_AI_TRIGGER_TOP/dut/u_DUT/\gen_lanes(1)\/u_LANE/line__273  File: /home/work1/Works/AI-Trigger-System/HDL/rtl/CNN_CORE_LANE.vhd
Note: LANE1 started=7 fifo_empty='0' fifo_data_valid='1' ready='0'
Time: 32452500 ps  Iteration: 0  Process: /tb_AI_TRIGGER_TOP/dut/u_DUT/\gen_lanes(1)\/u_LANE/line__273  File: /home/work1/Works/AI-Trigger-System/HDL/rtl/CNN_CORE_LANE.vhd
Note: LANE1 ADC busy_clear stream_done_seen='1' wr_count=0
Time: 32462 ns  Iteration: 0  Process: /tb_AI_TRIGGER_TOP/dut/u_DUT/\gen_lanes(1)\/u_LANE/line__191  File: /home/work1/Works/AI-Trigger-System/HDL/rtl/CNN_CORE_LANE.vhd
Note: LANE1 CNN output_valid score_raw=-2322 started=7
Time: 32677500 ps  Iteration: 0  Process: /tb_AI_TRIGGER_TOP/dut/u_DUT/\gen_lanes(1)\/u_LANE/line__273  File: /home/work1/Works/AI-Trigger-System/HDL/rtl/CNN_CORE_LANE.vhd
    31 | 0x003ff6ee    |     -1.133789 |     0 |    0 |      1.015
Note: DIST chunk_start seq=32 lane=2 busy='0'
Time: 32722 ns  Iteration: 0  Process: /tb_AI_TRIGGER_TOP/dut/u_DUT/u_DIST/line__134  File: /home/work1/Works/AI-Trigger-System/HDL/rtl/ADC_CHUNK_DISTRIBUTOR.vhd
Note: LANE2 ADC chunk_accept count=7 fifo_full='0'
Time: 32722 ns  Iteration: 0  Process: /tb_AI_TRIGGER_TOP/dut/u_DUT/\gen_lanes(2)\/u_LANE/line__191  File: /home/work1/Works/AI-Trigger-System/HDL/rtl/CNN_CORE_LANE.vhd
Note: LANE2 started_next=7 fifo_empty='0' fifo_data_valid='1' ready='0' idle='1'
Time: 32757500 ps  Iteration: 0  Process: /tb_AI_TRIGGER_TOP/dut/u_DUT/\gen_lanes(2)\/u_LANE/line__273  File: /home/work1/Works/AI-Trigger-System/HDL/rtl/CNN_CORE_LANE.vhd
Note: LANE2 started=7 fifo_empty='0' fifo_data_valid='1' ready='0'
Time: 33467500 ps  Iteration: 0  Process: /tb_AI_TRIGGER_TOP/dut/u_DUT/\gen_lanes(2)\/u_LANE/line__273  File: /home/work1/Works/AI-Trigger-System/HDL/rtl/CNN_CORE_LANE.vhd
Note: LANE2 ADC busy_clear stream_done_seen='1' wr_count=0
Time: 33478 ns  Iteration: 0  Process: /tb_AI_TRIGGER_TOP/dut/u_DUT/\gen_lanes(2)\/u_LANE/line__191  File: /home/work1/Works/AI-Trigger-System/HDL/rtl/CNN_CORE_LANE.vhd
Note: LANE2 CNN output_valid score_raw=-2225 started=7
Time: 33692500 ps  Iteration: 0  Process: /tb_AI_TRIGGER_TOP/dut/u_DUT/\gen_lanes(2)\/u_LANE/line__273  File: /home/work1/Works/AI-Trigger-System/HDL/rtl/CNN_CORE_LANE.vhd
    32 | 0x003ff74f    |     -1.086426 |     0 |    0 |      1.015
Note: DIST chunk_start seq=33 lane=3 busy='0'
Time: 33738 ns  Iteration: 0  Process: /tb_AI_TRIGGER_TOP/dut/u_DUT/u_DIST/line__134  File: /home/work1/Works/AI-Trigger-System/HDL/rtl/ADC_CHUNK_DISTRIBUTOR.vhd
Note: LANE3 ADC chunk_accept count=7 fifo_full='0'
Time: 33738 ns  Iteration: 0  Process: /tb_AI_TRIGGER_TOP/dut/u_DUT/\gen_lanes(3)\/u_LANE/line__191  File: /home/work1/Works/AI-Trigger-System/HDL/rtl/CNN_CORE_LANE.vhd
Note: LANE3 started_next=7 fifo_empty='0' fifo_data_valid='1' ready='0' idle='1'
Time: 33772500 ps  Iteration: 0  Process: /tb_AI_TRIGGER_TOP/dut/u_DUT/\gen_lanes(3)\/u_LANE/line__273  File: /home/work1/Works/AI-Trigger-System/HDL/rtl/CNN_CORE_LANE.vhd
Note: LANE3 started=7 fifo_empty='0' fifo_data_valid='1' ready='0'
Time: 34482500 ps  Iteration: 0  Process: /tb_AI_TRIGGER_TOP/dut/u_DUT/\gen_lanes(3)\/u_LANE/line__273  File: /home/work1/Works/AI-Trigger-System/HDL/rtl/CNN_CORE_LANE.vhd
Note: LANE3 ADC busy_clear stream_done_seen='1' wr_count=0
Time: 34494 ns  Iteration: 0  Process: /tb_AI_TRIGGER_TOP/dut/u_DUT/\gen_lanes(3)\/u_LANE/line__191  File: /home/work1/Works/AI-Trigger-System/HDL/rtl/CNN_CORE_LANE.vhd
Note: LANE3 CNN output_valid score_raw=-2047 started=7
Time: 34707500 ps  Iteration: 0  Process: /tb_AI_TRIGGER_TOP/dut/u_DUT/\gen_lanes(3)\/u_LANE/line__273  File: /home/work1/Works/AI-Trigger-System/HDL/rtl/CNN_CORE_LANE.vhd
    33 | 0x003ff801    |     -0.999512 |     0 |    0 |      1.010
Note: DIST chunk_start seq=34 lane=4 busy='0'
Time: 34750 ns  Iteration: 0  Process: /tb_AI_TRIGGER_TOP/dut/u_DUT/u_DIST/line__134  File: /home/work1/Works/AI-Trigger-System/HDL/rtl/ADC_CHUNK_DISTRIBUTOR.vhd
Note: LANE4 ADC chunk_accept count=7 fifo_full='0'
Time: 34750 ns  Iteration: 0  Process: /tb_AI_TRIGGER_TOP/dut/u_DUT/\gen_lanes(4)\/u_LANE/line__191  File: /home/work1/Works/AI-Trigger-System/HDL/rtl/CNN_CORE_LANE.vhd
Note: LANE4 started_next=7 fifo_empty='0' fifo_data_valid='1' ready='0' idle='1'
Time: 34787500 ps  Iteration: 0  Process: /tb_AI_TRIGGER_TOP/dut/u_DUT/\gen_lanes(4)\/u_LANE/line__273  File: /home/work1/Works/AI-Trigger-System/HDL/rtl/CNN_CORE_LANE.vhd
Note: LANE4 started=7 fifo_empty='0' fifo_data_valid='1' ready='0'
Time: 35497500 ps  Iteration: 0  Process: /tb_AI_TRIGGER_TOP/dut/u_DUT/\gen_lanes(4)\/u_LANE/line__273  File: /home/work1/Works/AI-Trigger-System/HDL/rtl/CNN_CORE_LANE.vhd
Note: LANE4 ADC busy_clear stream_done_seen='1' wr_count=0
Time: 35506 ns  Iteration: 0  Process: /tb_AI_TRIGGER_TOP/dut/u_DUT/\gen_lanes(4)\/u_LANE/line__191  File: /home/work1/Works/AI-Trigger-System/HDL/rtl/CNN_CORE_LANE.vhd
Note: LANE4 CNN output_valid score_raw=-2716 started=7
Time: 35722500 ps  Iteration: 0  Process: /tb_AI_TRIGGER_TOP/dut/u_DUT/\gen_lanes(4)\/u_LANE/line__273  File: /home/work1/Works/AI-Trigger-System/HDL/rtl/CNN_CORE_LANE.vhd
    34 | 0x003ff564    |     -1.326172 |     0 |    0 |      1.015
Note: DIST chunk_start seq=35 lane=0 busy='0'
Time: 35766 ns  Iteration: 0  Process: /tb_AI_TRIGGER_TOP/dut/u_DUT/u_DIST/line__134  File: /home/work1/Works/AI-Trigger-System/HDL/rtl/ADC_CHUNK_DISTRIBUTOR.vhd
Note: LANE0 ADC chunk_accept count=8 fifo_full='0'
Time: 35766 ns  Iteration: 0  Process: /tb_AI_TRIGGER_TOP/dut/u_DUT/\gen_lanes(0)\/u_LANE/line__191  File: /home/work1/Works/AI-Trigger-System/HDL/rtl/CNN_CORE_LANE.vhd
Note: LANE0 started_next=8 fifo_empty='0' fifo_data_valid='1' ready='0' idle='1'
Time: 35802500 ps  Iteration: 0  Process: /tb_AI_TRIGGER_TOP/dut/u_DUT/\gen_lanes(0)\/u_LANE/line__273  File: /home/work1/Works/AI-Trigger-System/HDL/rtl/CNN_CORE_LANE.vhd
Note: LANE0 started=8 fifo_empty='0' fifo_data_valid='1' ready='0'
Time: 36512500 ps  Iteration: 0  Process: /tb_AI_TRIGGER_TOP/dut/u_DUT/\gen_lanes(0)\/u_LANE/line__273  File: /home/work1/Works/AI-Trigger-System/HDL/rtl/CNN_CORE_LANE.vhd
Note: LANE0 ADC busy_clear stream_done_seen='0' wr_count=0
Time: 36522 ns  Iteration: 0  Process: /tb_AI_TRIGGER_TOP/dut/u_DUT/\gen_lanes(0)\/u_LANE/line__191  File: /home/work1/Works/AI-Trigger-System/HDL/rtl/CNN_CORE_LANE.vhd
Note: LANE0 CNN output_valid score_raw=-2649 started=8
Time: 36737500 ps  Iteration: 0  Process: /tb_AI_TRIGGER_TOP/dut/u_DUT/\gen_lanes(0)\/u_LANE/line__273  File: /home/work1/Works/AI-Trigger-System/HDL/rtl/CNN_CORE_LANE.vhd
    35 | 0x003ff5a7    |     -1.293457 |     0 |    0 |      1.015
Note: DIST chunk_start seq=36 lane=1 busy='0'
Time: 36782 ns  Iteration: 0  Process: /tb_AI_TRIGGER_TOP/dut/u_DUT/u_DIST/line__134  File: /home/work1/Works/AI-Trigger-System/HDL/rtl/ADC_CHUNK_DISTRIBUTOR.vhd
Note: LANE1 ADC chunk_accept count=8 fifo_full='0'
Time: 36782 ns  Iteration: 0  Process: /tb_AI_TRIGGER_TOP/dut/u_DUT/\gen_lanes(1)\/u_LANE/line__191  File: /home/work1/Works/AI-Trigger-System/HDL/rtl/CNN_CORE_LANE.vhd
Note: LANE1 started_next=8 fifo_empty='0' fifo_data_valid='1' ready='0' idle='1'
Time: 36817500 ps  Iteration: 0  Process: /tb_AI_TRIGGER_TOP/dut/u_DUT/\gen_lanes(1)\/u_LANE/line__273  File: /home/work1/Works/AI-Trigger-System/HDL/rtl/CNN_CORE_LANE.vhd
Note: LANE1 started=8 fifo_empty='0' fifo_data_valid='1' ready='0'
Time: 37527500 ps  Iteration: 0  Process: /tb_AI_TRIGGER_TOP/dut/u_DUT/\gen_lanes(1)\/u_LANE/line__273  File: /home/work1/Works/AI-Trigger-System/HDL/rtl/CNN_CORE_LANE.vhd
Note: LANE1 ADC busy_clear stream_done_seen='0' wr_count=0
Time: 37538 ns  Iteration: 0  Process: /tb_AI_TRIGGER_TOP/dut/u_DUT/\gen_lanes(1)\/u_LANE/line__191  File: /home/work1/Works/AI-Trigger-System/HDL/rtl/CNN_CORE_LANE.vhd
Note: LANE1 CNN output_valid score_raw=-2025 started=8
Time: 37752500 ps  Iteration: 0  Process: /tb_AI_TRIGGER_TOP/dut/u_DUT/\gen_lanes(1)\/u_LANE/line__273  File: /home/work1/Works/AI-Trigger-System/HDL/rtl/CNN_CORE_LANE.vhd
    36 | 0x003ff817    |     -0.988770 |     0 |    0 |      1.015
Note: DIST chunk_start seq=37 lane=2 busy='0'
Time: 37798 ns  Iteration: 0  Process: /tb_AI_TRIGGER_TOP/dut/u_DUT/u_DIST/line__134  File: /home/work1/Works/AI-Trigger-System/HDL/rtl/ADC_CHUNK_DISTRIBUTOR.vhd
Note: LANE2 ADC chunk_accept count=8 fifo_full='0'
Time: 37798 ns  Iteration: 0  Process: /tb_AI_TRIGGER_TOP/dut/u_DUT/\gen_lanes(2)\/u_LANE/line__191  File: /home/work1/Works/AI-Trigger-System/HDL/rtl/CNN_CORE_LANE.vhd
Note: LANE2 started_next=8 fifo_empty='0' fifo_data_valid='1' ready='0' idle='1'
Time: 37832500 ps  Iteration: 0  Process: /tb_AI_TRIGGER_TOP/dut/u_DUT/\gen_lanes(2)\/u_LANE/line__273  File: /home/work1/Works/AI-Trigger-System/HDL/rtl/CNN_CORE_LANE.vhd
Note: LANE2 started=8 fifo_empty='0' fifo_data_valid='1' ready='0'
Time: 38542500 ps  Iteration: 0  Process: /tb_AI_TRIGGER_TOP/dut/u_DUT/\gen_lanes(2)\/u_LANE/line__273  File: /home/work1/Works/AI-Trigger-System/HDL/rtl/CNN_CORE_LANE.vhd
Note: LANE2 ADC busy_clear stream_done_seen='0' wr_count=0
Time: 38554 ns  Iteration: 0  Process: /tb_AI_TRIGGER_TOP/dut/u_DUT/\gen_lanes(2)\/u_LANE/line__191  File: /home/work1/Works/AI-Trigger-System/HDL/rtl/CNN_CORE_LANE.vhd
Note: LANE2 CNN output_valid score_raw=-2371 started=8
Time: 38767500 ps  Iteration: 0  Process: /tb_AI_TRIGGER_TOP/dut/u_DUT/\gen_lanes(2)\/u_LANE/line__273  File: /home/work1/Works/AI-Trigger-System/HDL/rtl/CNN_CORE_LANE.vhd
    37 | 0x003ff6bd    |     -1.157715 |     0 |    0 |      1.010
Note: DIST chunk_start seq=38 lane=3 busy='0'
Time: 38810 ns  Iteration: 0  Process: /tb_AI_TRIGGER_TOP/dut/u_DUT/u_DIST/line__134  File: /home/work1/Works/AI-Trigger-System/HDL/rtl/ADC_CHUNK_DISTRIBUTOR.vhd
Note: LANE3 ADC chunk_accept count=8 fifo_full='0'
Time: 38810 ns  Iteration: 0  Process: /tb_AI_TRIGGER_TOP/dut/u_DUT/\gen_lanes(3)\/u_LANE/line__191  File: /home/work1/Works/AI-Trigger-System/HDL/rtl/CNN_CORE_LANE.vhd
Note: LANE3 started_next=8 fifo_empty='0' fifo_data_valid='1' ready='0' idle='1'
Time: 38847500 ps  Iteration: 0  Process: /tb_AI_TRIGGER_TOP/dut/u_DUT/\gen_lanes(3)\/u_LANE/line__273  File: /home/work1/Works/AI-Trigger-System/HDL/rtl/CNN_CORE_LANE.vhd
Note: LANE3 started=8 fifo_empty='0' fifo_data_valid='1' ready='0'
Time: 39557500 ps  Iteration: 0  Process: /tb_AI_TRIGGER_TOP/dut/u_DUT/\gen_lanes(3)\/u_LANE/line__273  File: /home/work1/Works/AI-Trigger-System/HDL/rtl/CNN_CORE_LANE.vhd
Note: LANE3 ADC busy_clear stream_done_seen='0' wr_count=0
Time: 39566 ns  Iteration: 0  Process: /tb_AI_TRIGGER_TOP/dut/u_DUT/\gen_lanes(3)\/u_LANE/line__191  File: /home/work1/Works/AI-Trigger-System/HDL/rtl/CNN_CORE_LANE.vhd
Note: LANE3 CNN output_valid score_raw=-2393 started=8
Time: 39782500 ps  Iteration: 0  Process: /tb_AI_TRIGGER_TOP/dut/u_DUT/\gen_lanes(3)\/u_LANE/line__273  File: /home/work1/Works/AI-Trigger-System/HDL/rtl/CNN_CORE_LANE.vhd
    38 | 0x003ff6a7    |     -1.168457 |     0 |    0 |      1.015
Note: DIST chunk_start seq=39 lane=4 busy='0'
Time: 39826 ns  Iteration: 0  Process: /tb_AI_TRIGGER_TOP/dut/u_DUT/u_DIST/line__134  File: /home/work1/Works/AI-Trigger-System/HDL/rtl/ADC_CHUNK_DISTRIBUTOR.vhd
Note: LANE4 ADC chunk_accept count=8 fifo_full='0'
Time: 39826 ns  Iteration: 0  Process: /tb_AI_TRIGGER_TOP/dut/u_DUT/\gen_lanes(4)\/u_LANE/line__191  File: /home/work1/Works/AI-Trigger-System/HDL/rtl/CNN_CORE_LANE.vhd
Note: LANE4 started_next=8 fifo_empty='0' fifo_data_valid='1' ready='0' idle='1'
Time: 39862500 ps  Iteration: 0  Process: /tb_AI_TRIGGER_TOP/dut/u_DUT/\gen_lanes(4)\/u_LANE/line__273  File: /home/work1/Works/AI-Trigger-System/HDL/rtl/CNN_CORE_LANE.vhd
Note: LANE4 started=8 fifo_empty='0' fifo_data_valid='1' ready='0'
Time: 40572500 ps  Iteration: 0  Process: /tb_AI_TRIGGER_TOP/dut/u_DUT/\gen_lanes(4)\/u_LANE/line__273  File: /home/work1/Works/AI-Trigger-System/HDL/rtl/CNN_CORE_LANE.vhd
Note: LANE4 ADC busy_clear stream_done_seen='0' wr_count=0
Time: 40582 ns  Iteration: 0  Process: /tb_AI_TRIGGER_TOP/dut/u_DUT/\gen_lanes(4)\/u_LANE/line__191  File: /home/work1/Works/AI-Trigger-System/HDL/rtl/CNN_CORE_LANE.vhd
Note: LANE4 CNN output_valid score_raw=-2135 started=8
Time: 40797500 ps  Iteration: 0  Process: /tb_AI_TRIGGER_TOP/dut/u_DUT/\gen_lanes(4)\/u_LANE/line__273  File: /home/work1/Works/AI-Trigger-System/HDL/rtl/CNN_CORE_LANE.vhd
    39 | 0x003ff7a9    |     -1.042480 |     0 |    0 |      1.015
Note: DIST chunk_start seq=40 lane=0 busy='0'
Time: 40842 ns  Iteration: 0  Process: /tb_AI_TRIGGER_TOP/dut/u_DUT/u_DIST/line__134  File: /home/work1/Works/AI-Trigger-System/HDL/rtl/ADC_CHUNK_DISTRIBUTOR.vhd
Note: LANE0 ADC chunk_accept count=9 fifo_full='0'
Time: 40842 ns  Iteration: 0  Process: /tb_AI_TRIGGER_TOP/dut/u_DUT/\gen_lanes(0)\/u_LANE/line__191  File: /home/work1/Works/AI-Trigger-System/HDL/rtl/CNN_CORE_LANE.vhd
Note: LANE0 started_next=9 fifo_empty='0' fifo_data_valid='1' ready='0' idle='1'
Time: 40877500 ps  Iteration: 0  Process: /tb_AI_TRIGGER_TOP/dut/u_DUT/\gen_lanes(0)\/u_LANE/line__273  File: /home/work1/Works/AI-Trigger-System/HDL/rtl/CNN_CORE_LANE.vhd
Note: LANE0 started=9 fifo_empty='0' fifo_data_valid='1' ready='0'
Time: 41587500 ps  Iteration: 0  Process: /tb_AI_TRIGGER_TOP/dut/u_DUT/\gen_lanes(0)\/u_LANE/line__273  File: /home/work1/Works/AI-Trigger-System/HDL/rtl/CNN_CORE_LANE.vhd
Note: LANE0 ADC busy_clear stream_done_seen='1' wr_count=0
Time: 41598 ns  Iteration: 0  Process: /tb_AI_TRIGGER_TOP/dut/u_DUT/\gen_lanes(0)\/u_LANE/line__191  File: /home/work1/Works/AI-Trigger-System/HDL/rtl/CNN_CORE_LANE.vhd
Note: LANE0 CNN output_valid score_raw=-2739 started=9
Time: 41812500 ps  Iteration: 0  Process: /tb_AI_TRIGGER_TOP/dut/u_DUT/\gen_lanes(0)\/u_LANE/line__273  File: /home/work1/Works/AI-Trigger-System/HDL/rtl/CNN_CORE_LANE.vhd
    40 | 0x003ff54d    |     -1.337402 |     0 |    0 |      1.015
Note: DIST chunk_start seq=41 lane=1 busy='0'
Time: 41858 ns  Iteration: 0  Process: /tb_AI_TRIGGER_TOP/dut/u_DUT/u_DIST/line__134  File: /home/work1/Works/AI-Trigger-System/HDL/rtl/ADC_CHUNK_DISTRIBUTOR.vhd
Note: LANE1 ADC chunk_accept count=9 fifo_full='0'
Time: 41858 ns  Iteration: 0  Process: /tb_AI_TRIGGER_TOP/dut/u_DUT/\gen_lanes(1)\/u_LANE/line__191  File: /home/work1/Works/AI-Trigger-System/HDL/rtl/CNN_CORE_LANE.vhd
Note: LANE1 started_next=9 fifo_empty='0' fifo_data_valid='1' ready='0' idle='1'
Time: 41892500 ps  Iteration: 0  Process: /tb_AI_TRIGGER_TOP/dut/u_DUT/\gen_lanes(1)\/u_LANE/line__273  File: /home/work1/Works/AI-Trigger-System/HDL/rtl/CNN_CORE_LANE.vhd
Note: LANE1 started=9 fifo_empty='0' fifo_data_valid='1' ready='0'
Time: 42602500 ps  Iteration: 0  Process: /tb_AI_TRIGGER_TOP/dut/u_DUT/\gen_lanes(1)\/u_LANE/line__273  File: /home/work1/Works/AI-Trigger-System/HDL/rtl/CNN_CORE_LANE.vhd
Note: LANE1 ADC busy_clear stream_done_seen='1' wr_count=0
Time: 42614 ns  Iteration: 0  Process: /tb_AI_TRIGGER_TOP/dut/u_DUT/\gen_lanes(1)\/u_LANE/line__191  File: /home/work1/Works/AI-Trigger-System/HDL/rtl/CNN_CORE_LANE.vhd
Note: LANE1 CNN output_valid score_raw=-2655 started=9
Time: 42827500 ps  Iteration: 0  Process: /tb_AI_TRIGGER_TOP/dut/u_DUT/\gen_lanes(1)\/u_LANE/line__273  File: /home/work1/Works/AI-Trigger-System/HDL/rtl/CNN_CORE_LANE.vhd
    41 | 0x003ff5a1    |     -1.296387 |     0 |    0 |      1.010
Note: DIST chunk_start seq=42 lane=2 busy='0'
Time: 42870 ns  Iteration: 0  Process: /tb_AI_TRIGGER_TOP/dut/u_DUT/u_DIST/line__134  File: /home/work1/Works/AI-Trigger-System/HDL/rtl/ADC_CHUNK_DISTRIBUTOR.vhd
Note: LANE2 ADC chunk_accept count=9 fifo_full='0'
Time: 42870 ns  Iteration: 0  Process: /tb_AI_TRIGGER_TOP/dut/u_DUT/\gen_lanes(2)\/u_LANE/line__191  File: /home/work1/Works/AI-Trigger-System/HDL/rtl/CNN_CORE_LANE.vhd
Note: LANE2 started_next=9 fifo_empty='0' fifo_data_valid='1' ready='0' idle='1'
Time: 42907500 ps  Iteration: 0  Process: /tb_AI_TRIGGER_TOP/dut/u_DUT/\gen_lanes(2)\/u_LANE/line__273  File: /home/work1/Works/AI-Trigger-System/HDL/rtl/CNN_CORE_LANE.vhd
Note: LANE2 started=9 fifo_empty='0' fifo_data_valid='1' ready='0'
Time: 43617500 ps  Iteration: 0  Process: /tb_AI_TRIGGER_TOP/dut/u_DUT/\gen_lanes(2)\/u_LANE/line__273  File: /home/work1/Works/AI-Trigger-System/HDL/rtl/CNN_CORE_LANE.vhd
Note: LANE2 ADC busy_clear stream_done_seen='1' wr_count=0
Time: 43626 ns  Iteration: 0  Process: /tb_AI_TRIGGER_TOP/dut/u_DUT/\gen_lanes(2)\/u_LANE/line__191  File: /home/work1/Works/AI-Trigger-System/HDL/rtl/CNN_CORE_LANE.vhd
Note: LANE2 CNN output_valid score_raw=-1881 started=9
Time: 43842500 ps  Iteration: 0  Process: /tb_AI_TRIGGER_TOP/dut/u_DUT/\gen_lanes(2)\/u_LANE/line__273  File: /home/work1/Works/AI-Trigger-System/HDL/rtl/CNN_CORE_LANE.vhd
    42 | 0x003ff8a7    |     -0.918457 |     0 |    0 |      1.015
Note: DIST chunk_start seq=43 lane=3 busy='0'
Time: 43886 ns  Iteration: 0  Process: /tb_AI_TRIGGER_TOP/dut/u_DUT/u_DIST/line__134  File: /home/work1/Works/AI-Trigger-System/HDL/rtl/ADC_CHUNK_DISTRIBUTOR.vhd
Note: LANE3 ADC chunk_accept count=9 fifo_full='0'
Time: 43886 ns  Iteration: 0  Process: /tb_AI_TRIGGER_TOP/dut/u_DUT/\gen_lanes(3)\/u_LANE/line__191  File: /home/work1/Works/AI-Trigger-System/HDL/rtl/CNN_CORE_LANE.vhd
Note: LANE3 started_next=9 fifo_empty='0' fifo_data_valid='1' ready='0' idle='1'
Time: 43922500 ps  Iteration: 0  Process: /tb_AI_TRIGGER_TOP/dut/u_DUT/\gen_lanes(3)\/u_LANE/line__273  File: /home/work1/Works/AI-Trigger-System/HDL/rtl/CNN_CORE_LANE.vhd
Note: LANE3 started=9 fifo_empty='0' fifo_data_valid='1' ready='0'
Time: 44632500 ps  Iteration: 0  Process: /tb_AI_TRIGGER_TOP/dut/u_DUT/\gen_lanes(3)\/u_LANE/line__273  File: /home/work1/Works/AI-Trigger-System/HDL/rtl/CNN_CORE_LANE.vhd
Note: LANE3 ADC busy_clear stream_done_seen='1' wr_count=0
Time: 44642 ns  Iteration: 0  Process: /tb_AI_TRIGGER_TOP/dut/u_DUT/\gen_lanes(3)\/u_LANE/line__191  File: /home/work1/Works/AI-Trigger-System/HDL/rtl/CNN_CORE_LANE.vhd
Note: LANE3 CNN output_valid score_raw=-2040 started=9
Time: 44857500 ps  Iteration: 0  Process: /tb_AI_TRIGGER_TOP/dut/u_DUT/\gen_lanes(3)\/u_LANE/line__273  File: /home/work1/Works/AI-Trigger-System/HDL/rtl/CNN_CORE_LANE.vhd
    43 | 0x003ff808    |     -0.996094 |     0 |    0 |      1.015
Note: DIST chunk_start seq=44 lane=4 busy='0'
Time: 44902 ns  Iteration: 0  Process: /tb_AI_TRIGGER_TOP/dut/u_DUT/u_DIST/line__134  File: /home/work1/Works/AI-Trigger-System/HDL/rtl/ADC_CHUNK_DISTRIBUTOR.vhd
Note: LANE4 ADC chunk_accept count=9 fifo_full='0'
Time: 44902 ns  Iteration: 0  Process: /tb_AI_TRIGGER_TOP/dut/u_DUT/\gen_lanes(4)\/u_LANE/line__191  File: /home/work1/Works/AI-Trigger-System/HDL/rtl/CNN_CORE_LANE.vhd
Note: LANE4 started_next=9 fifo_empty='0' fifo_data_valid='1' ready='0' idle='1'
Time: 44937500 ps  Iteration: 0  Process: /tb_AI_TRIGGER_TOP/dut/u_DUT/\gen_lanes(4)\/u_LANE/line__273  File: /home/work1/Works/AI-Trigger-System/HDL/rtl/CNN_CORE_LANE.vhd
Note: LANE4 started=9 fifo_empty='0' fifo_data_valid='1' ready='0'
Time: 45647500 ps  Iteration: 0  Process: /tb_AI_TRIGGER_TOP/dut/u_DUT/\gen_lanes(4)\/u_LANE/line__273  File: /home/work1/Works/AI-Trigger-System/HDL/rtl/CNN_CORE_LANE.vhd
Note: LANE4 ADC busy_clear stream_done_seen='1' wr_count=0
Time: 45658 ns  Iteration: 0  Process: /tb_AI_TRIGGER_TOP/dut/u_DUT/\gen_lanes(4)\/u_LANE/line__191  File: /home/work1/Works/AI-Trigger-System/HDL/rtl/CNN_CORE_LANE.vhd
Note: LANE4 CNN output_valid score_raw=-1928 started=9
Time: 45872500 ps  Iteration: 0  Process: /tb_AI_TRIGGER_TOP/dut/u_DUT/\gen_lanes(4)\/u_LANE/line__273  File: /home/work1/Works/AI-Trigger-System/HDL/rtl/CNN_CORE_LANE.vhd
    44 | 0x003ff878    |     -0.941406 |     0 |    0 |      1.015
Note: DIST chunk_start seq=45 lane=0 busy='0'
Time: 45918 ns  Iteration: 0  Process: /tb_AI_TRIGGER_TOP/dut/u_DUT/u_DIST/line__134  File: /home/work1/Works/AI-Trigger-System/HDL/rtl/ADC_CHUNK_DISTRIBUTOR.vhd
Note: LANE0 ADC chunk_accept count=10 fifo_full='0'
Time: 45918 ns  Iteration: 0  Process: /tb_AI_TRIGGER_TOP/dut/u_DUT/\gen_lanes(0)\/u_LANE/line__191  File: /home/work1/Works/AI-Trigger-System/HDL/rtl/CNN_CORE_LANE.vhd
Note: LANE0 started_next=10 fifo_empty='0' fifo_data_valid='1' ready='0' idle='1'
Time: 45952500 ps  Iteration: 0  Process: /tb_AI_TRIGGER_TOP/dut/u_DUT/\gen_lanes(0)\/u_LANE/line__273  File: /home/work1/Works/AI-Trigger-System/HDL/rtl/CNN_CORE_LANE.vhd
Note: LANE0 started=10 fifo_empty='0' fifo_data_valid='1' ready='0'
Time: 46662500 ps  Iteration: 0  Process: /tb_AI_TRIGGER_TOP/dut/u_DUT/\gen_lanes(0)\/u_LANE/line__273  File: /home/work1/Works/AI-Trigger-System/HDL/rtl/CNN_CORE_LANE.vhd
Note: LANE0 ADC busy_clear stream_done_seen='0' wr_count=0
Time: 46674 ns  Iteration: 0  Process: /tb_AI_TRIGGER_TOP/dut/u_DUT/\gen_lanes(0)\/u_LANE/line__191  File: /home/work1/Works/AI-Trigger-System/HDL/rtl/CNN_CORE_LANE.vhd
Note: LANE0 CNN output_valid score_raw=-1545 started=10
Time: 46887500 ps  Iteration: 0  Process: /tb_AI_TRIGGER_TOP/dut/u_DUT/\gen_lanes(0)\/u_LANE/line__273  File: /home/work1/Works/AI-Trigger-System/HDL/rtl/CNN_CORE_LANE.vhd
    45 | 0x003ff9f7    |     -0.754395 |     0 |    0 |      1.010
Note: DIST chunk_start seq=46 lane=1 busy='0'
Time: 46930 ns  Iteration: 0  Process: /tb_AI_TRIGGER_TOP/dut/u_DUT/u_DIST/line__134  File: /home/work1/Works/AI-Trigger-System/HDL/rtl/ADC_CHUNK_DISTRIBUTOR.vhd
Note: LANE1 ADC chunk_accept count=10 fifo_full='0'
Time: 46930 ns  Iteration: 0  Process: /tb_AI_TRIGGER_TOP/dut/u_DUT/\gen_lanes(1)\/u_LANE/line__191  File: /home/work1/Works/AI-Trigger-System/HDL/rtl/CNN_CORE_LANE.vhd
Note: LANE1 started_next=10 fifo_empty='0' fifo_data_valid='1' ready='0' idle='1'
Time: 46967500 ps  Iteration: 0  Process: /tb_AI_TRIGGER_TOP/dut/u_DUT/\gen_lanes(1)\/u_LANE/line__273  File: /home/work1/Works/AI-Trigger-System/HDL/rtl/CNN_CORE_LANE.vhd
Note: LANE1 started=10 fifo_empty='0' fifo_data_valid='1' ready='0'
Time: 47677500 ps  Iteration: 0  Process: /tb_AI_TRIGGER_TOP/dut/u_DUT/\gen_lanes(1)\/u_LANE/line__273  File: /home/work1/Works/AI-Trigger-System/HDL/rtl/CNN_CORE_LANE.vhd
Note: LANE1 ADC busy_clear stream_done_seen='0' wr_count=0
Time: 47686 ns  Iteration: 0  Process: /tb_AI_TRIGGER_TOP/dut/u_DUT/\gen_lanes(1)\/u_LANE/line__191  File: /home/work1/Works/AI-Trigger-System/HDL/rtl/CNN_CORE_LANE.vhd
Note: LANE1 CNN output_valid score_raw=-2283 started=10
Time: 47902500 ps  Iteration: 0  Process: /tb_AI_TRIGGER_TOP/dut/u_DUT/\gen_lanes(1)\/u_LANE/line__273  File: /home/work1/Works/AI-Trigger-System/HDL/rtl/CNN_CORE_LANE.vhd
    46 | 0x003ff715    |     -1.114746 |     0 |    0 |      1.015
Note: DIST chunk_start seq=47 lane=2 busy='0'
Time: 47946 ns  Iteration: 0  Process: /tb_AI_TRIGGER_TOP/dut/u_DUT/u_DIST/line__134  File: /home/work1/Works/AI-Trigger-System/HDL/rtl/ADC_CHUNK_DISTRIBUTOR.vhd
Note: LANE2 ADC chunk_accept count=10 fifo_full='0'
Time: 47946 ns  Iteration: 0  Process: /tb_AI_TRIGGER_TOP/dut/u_DUT/\gen_lanes(2)\/u_LANE/line__191  File: /home/work1/Works/AI-Trigger-System/HDL/rtl/CNN_CORE_LANE.vhd
Note: LANE2 started_next=10 fifo_empty='0' fifo_data_valid='1' ready='0' idle='1'
Time: 47982500 ps  Iteration: 0  Process: /tb_AI_TRIGGER_TOP/dut/u_DUT/\gen_lanes(2)\/u_LANE/line__273  File: /home/work1/Works/AI-Trigger-System/HDL/rtl/CNN_CORE_LANE.vhd
Note: LANE2 started=10 fifo_empty='0' fifo_data_valid='1' ready='0'
Time: 48692500 ps  Iteration: 0  Process: /tb_AI_TRIGGER_TOP/dut/u_DUT/\gen_lanes(2)\/u_LANE/line__273  File: /home/work1/Works/AI-Trigger-System/HDL/rtl/CNN_CORE_LANE.vhd
Note: LANE2 ADC busy_clear stream_done_seen='0' wr_count=0
Time: 48702 ns  Iteration: 0  Process: /tb_AI_TRIGGER_TOP/dut/u_DUT/\gen_lanes(2)\/u_LANE/line__191  File: /home/work1/Works/AI-Trigger-System/HDL/rtl/CNN_CORE_LANE.vhd
Note: LANE2 CNN output_valid score_raw=-2331 started=10
Time: 48917500 ps  Iteration: 0  Process: /tb_AI_TRIGGER_TOP/dut/u_DUT/\gen_lanes(2)\/u_LANE/line__273  File: /home/work1/Works/AI-Trigger-System/HDL/rtl/CNN_CORE_LANE.vhd
    47 | 0x003ff6e5    |     -1.138184 |     0 |    0 |      1.015
Note: DIST chunk_start seq=48 lane=3 busy='0'
Time: 48962 ns  Iteration: 0  Process: /tb_AI_TRIGGER_TOP/dut/u_DUT/u_DIST/line__134  File: /home/work1/Works/AI-Trigger-System/HDL/rtl/ADC_CHUNK_DISTRIBUTOR.vhd
Note: LANE3 ADC chunk_accept count=10 fifo_full='0'
Time: 48962 ns  Iteration: 0  Process: /tb_AI_TRIGGER_TOP/dut/u_DUT/\gen_lanes(3)\/u_LANE/line__191  File: /home/work1/Works/AI-Trigger-System/HDL/rtl/CNN_CORE_LANE.vhd
Note: LANE3 started_next=10 fifo_empty='0' fifo_data_valid='1' ready='0' idle='1'
Time: 48997500 ps  Iteration: 0  Process: /tb_AI_TRIGGER_TOP/dut/u_DUT/\gen_lanes(3)\/u_LANE/line__273  File: /home/work1/Works/AI-Trigger-System/HDL/rtl/CNN_CORE_LANE.vhd
Note: LANE3 started=10 fifo_empty='0' fifo_data_valid='1' ready='0'
Time: 49707500 ps  Iteration: 0  Process: /tb_AI_TRIGGER_TOP/dut/u_DUT/\gen_lanes(3)\/u_LANE/line__273  File: /home/work1/Works/AI-Trigger-System/HDL/rtl/CNN_CORE_LANE.vhd
Note: LANE3 ADC busy_clear stream_done_seen='0' wr_count=0
Time: 49718 ns  Iteration: 0  Process: /tb_AI_TRIGGER_TOP/dut/u_DUT/\gen_lanes(3)\/u_LANE/line__191  File: /home/work1/Works/AI-Trigger-System/HDL/rtl/CNN_CORE_LANE.vhd
Note: LANE3 CNN output_valid score_raw=-1073 started=10
Time: 49932500 ps  Iteration: 0  Process: /tb_AI_TRIGGER_TOP/dut/u_DUT/\gen_lanes(3)\/u_LANE/line__273  File: /home/work1/Works/AI-Trigger-System/HDL/rtl/CNN_CORE_LANE.vhd
    48 | 0x003ffbcf    |     -0.523926 |     0 |    0 |      1.015
Note: DIST chunk_start seq=49 lane=4 busy='0'
Time: 49978 ns  Iteration: 0  Process: /tb_AI_TRIGGER_TOP/dut/u_DUT/u_DIST/line__134  File: /home/work1/Works/AI-Trigger-System/HDL/rtl/ADC_CHUNK_DISTRIBUTOR.vhd
Note: LANE4 ADC chunk_accept count=10 fifo_full='0'
Time: 49978 ns  Iteration: 0  Process: /tb_AI_TRIGGER_TOP/dut/u_DUT/\gen_lanes(4)\/u_LANE/line__191  File: /home/work1/Works/AI-Trigger-System/HDL/rtl/CNN_CORE_LANE.vhd
Note: LANE4 started_next=10 fifo_empty='0' fifo_data_valid='1' ready='0' idle='1'
Time: 50012500 ps  Iteration: 0  Process: /tb_AI_TRIGGER_TOP/dut/u_DUT/\gen_lanes(4)\/u_LANE/line__273  File: /home/work1/Works/AI-Trigger-System/HDL/rtl/CNN_CORE_LANE.vhd
Note: LANE4 started=10 fifo_empty='0' fifo_data_valid='1' ready='0'
Time: 50722500 ps  Iteration: 0  Process: /tb_AI_TRIGGER_TOP/dut/u_DUT/\gen_lanes(4)\/u_LANE/line__273  File: /home/work1/Works/AI-Trigger-System/HDL/rtl/CNN_CORE_LANE.vhd
Note: LANE4 ADC busy_clear stream_done_seen='0' wr_count=0
Time: 50734 ns  Iteration: 0  Process: /tb_AI_TRIGGER_TOP/dut/u_DUT/\gen_lanes(4)\/u_LANE/line__191  File: /home/work1/Works/AI-Trigger-System/HDL/rtl/CNN_CORE_LANE.vhd
Note: LANE4 CNN output_valid score_raw=-1002 started=10
Time: 50947500 ps  Iteration: 0  Process: /tb_AI_TRIGGER_TOP/dut/u_DUT/\gen_lanes(4)\/u_LANE/line__273  File: /home/work1/Works/AI-Trigger-System/HDL/rtl/CNN_CORE_LANE.vhd
    49 | 0x003ffc16    |     -0.489258 |     0 |    0 |      1.010
Note: DIST chunk_start seq=50 lane=0 busy='0'
Time: 50990 ns  Iteration: 0  Process: /tb_AI_TRIGGER_TOP/dut/u_DUT/u_DIST/line__134  File: /home/work1/Works/AI-Trigger-System/HDL/rtl/ADC_CHUNK_DISTRIBUTOR.vhd
Note: LANE0 ADC chunk_accept count=11 fifo_full='0'
Time: 50990 ns  Iteration: 0  Process: /tb_AI_TRIGGER_TOP/dut/u_DUT/\gen_lanes(0)\/u_LANE/line__191  File: /home/work1/Works/AI-Trigger-System/HDL/rtl/CNN_CORE_LANE.vhd
Note: LANE0 started_next=11 fifo_empty='0' fifo_data_valid='1' ready='0' idle='1'
Time: 51027500 ps  Iteration: 0  Process: /tb_AI_TRIGGER_TOP/dut/u_DUT/\gen_lanes(0)\/u_LANE/line__273  File: /home/work1/Works/AI-Trigger-System/HDL/rtl/CNN_CORE_LANE.vhd
Note: LANE0 started=11 fifo_empty='0' fifo_data_valid='1' ready='0'
Time: 51737500 ps  Iteration: 0  Process: /tb_AI_TRIGGER_TOP/dut/u_DUT/\gen_lanes(0)\/u_LANE/line__273  File: /home/work1/Works/AI-Trigger-System/HDL/rtl/CNN_CORE_LANE.vhd
Note: LANE0 ADC busy_clear stream_done_seen='1' wr_count=0
Time: 51746 ns  Iteration: 0  Process: /tb_AI_TRIGGER_TOP/dut/u_DUT/\gen_lanes(0)\/u_LANE/line__191  File: /home/work1/Works/AI-Trigger-System/HDL/rtl/CNN_CORE_LANE.vhd
Note: LANE0 CNN output_valid score_raw=-968 started=11
Time: 51962500 ps  Iteration: 0  Process: /tb_AI_TRIGGER_TOP/dut/u_DUT/\gen_lanes(0)\/u_LANE/line__273  File: /home/work1/Works/AI-Trigger-System/HDL/rtl/CNN_CORE_LANE.vhd
    50 | 0x003ffc38    |     -0.472656 |     0 |    0 |      1.015
Note: DIST chunk_start seq=51 lane=1 busy='0'
Time: 52006 ns  Iteration: 0  Process: /tb_AI_TRIGGER_TOP/dut/u_DUT/u_DIST/line__134  File: /home/work1/Works/AI-Trigger-System/HDL/rtl/ADC_CHUNK_DISTRIBUTOR.vhd
Note: LANE1 ADC chunk_accept count=11 fifo_full='0'
Time: 52006 ns  Iteration: 0  Process: /tb_AI_TRIGGER_TOP/dut/u_DUT/\gen_lanes(1)\/u_LANE/line__191  File: /home/work1/Works/AI-Trigger-System/HDL/rtl/CNN_CORE_LANE.vhd
Note: LANE1 started_next=11 fifo_empty='0' fifo_data_valid='1' ready='0' idle='1'
Time: 52042500 ps  Iteration: 0  Process: /tb_AI_TRIGGER_TOP/dut/u_DUT/\gen_lanes(1)\/u_LANE/line__273  File: /home/work1/Works/AI-Trigger-System/HDL/rtl/CNN_CORE_LANE.vhd
Note: LANE1 started=11 fifo_empty='0' fifo_data_valid='1' ready='0'
Time: 52752500 ps  Iteration: 0  Process: /tb_AI_TRIGGER_TOP/dut/u_DUT/\gen_lanes(1)\/u_LANE/line__273  File: /home/work1/Works/AI-Trigger-System/HDL/rtl/CNN_CORE_LANE.vhd
Note: LANE1 ADC busy_clear stream_done_seen='1' wr_count=0
Time: 52762 ns  Iteration: 0  Process: /tb_AI_TRIGGER_TOP/dut/u_DUT/\gen_lanes(1)\/u_LANE/line__191  File: /home/work1/Works/AI-Trigger-System/HDL/rtl/CNN_CORE_LANE.vhd
Note: LANE1 CNN output_valid score_raw=80 started=11
Time: 52977500 ps  Iteration: 0  Process: /tb_AI_TRIGGER_TOP/dut/u_DUT/\gen_lanes(1)\/u_LANE/line__273  File: /home/work1/Works/AI-Trigger-System/HDL/rtl/CNN_CORE_LANE.vhd
    51 | 0x00000050    |      0.039062 |     0 |    1 |      1.015
Note: DIST chunk_start seq=52 lane=2 busy='0'
Time: 53570 ns  Iteration: 0  Process: /tb_AI_TRIGGER_TOP/dut/u_DUT/u_DIST/line__134  File: /home/work1/Works/AI-Trigger-System/HDL/rtl/ADC_CHUNK_DISTRIBUTOR.vhd
Note: LANE2 ADC chunk_accept count=11 fifo_full='0'
Time: 53570 ns  Iteration: 0  Process: /tb_AI_TRIGGER_TOP/dut/u_DUT/\gen_lanes(2)\/u_LANE/line__191  File: /home/work1/Works/AI-Trigger-System/HDL/rtl/CNN_CORE_LANE.vhd
Note: LANE2 started_next=11 fifo_empty='0' fifo_data_valid='1' ready='0' idle='1'
Time: 53607500 ps  Iteration: 0  Process: /tb_AI_TRIGGER_TOP/dut/u_DUT/\gen_lanes(2)\/u_LANE/line__273  File: /home/work1/Works/AI-Trigger-System/HDL/rtl/CNN_CORE_LANE.vhd
Note: LANE2 started=11 fifo_empty='0' fifo_data_valid='1' ready='0'
Time: 54317500 ps  Iteration: 0  Process: /tb_AI_TRIGGER_TOP/dut/u_DUT/\gen_lanes(2)\/u_LANE/line__273  File: /home/work1/Works/AI-Trigger-System/HDL/rtl/CNN_CORE_LANE.vhd
Note: LANE2 ADC busy_clear stream_done_seen='1' wr_count=0
Time: 54326 ns  Iteration: 0  Process: /tb_AI_TRIGGER_TOP/dut/u_DUT/\gen_lanes(2)\/u_LANE/line__191  File: /home/work1/Works/AI-Trigger-System/HDL/rtl/CNN_CORE_LANE.vhd
Note: LANE2 CNN output_valid score_raw=-1011 started=11
Time: 54542500 ps  Iteration: 0  Process: /tb_AI_TRIGGER_TOP/dut/u_DUT/\gen_lanes(2)\/u_LANE/line__273  File: /home/work1/Works/AI-Trigger-System/HDL/rtl/CNN_CORE_LANE.vhd
    52 | 0x003ffc0d    |     -0.493652 |     0 |    0 |      1.015
Note: DIST chunk_start seq=53 lane=3 busy='0'
Time: 54586 ns  Iteration: 0  Process: /tb_AI_TRIGGER_TOP/dut/u_DUT/u_DIST/line__134  File: /home/work1/Works/AI-Trigger-System/HDL/rtl/ADC_CHUNK_DISTRIBUTOR.vhd
Note: LANE3 ADC chunk_accept count=11 fifo_full='0'
Time: 54586 ns  Iteration: 0  Process: /tb_AI_TRIGGER_TOP/dut/u_DUT/\gen_lanes(3)\/u_LANE/line__191  File: /home/work1/Works/AI-Trigger-System/HDL/rtl/CNN_CORE_LANE.vhd
Note: LANE3 started_next=11 fifo_empty='0' fifo_data_valid='1' ready='0' idle='1'
Time: 54622500 ps  Iteration: 0  Process: /tb_AI_TRIGGER_TOP/dut/u_DUT/\gen_lanes(3)\/u_LANE/line__273  File: /home/work1/Works/AI-Trigger-System/HDL/rtl/CNN_CORE_LANE.vhd
Note: LANE3 started=11 fifo_empty='0' fifo_data_valid='1' ready='0'
Time: 55332500 ps  Iteration: 0  Process: /tb_AI_TRIGGER_TOP/dut/u_DUT/\gen_lanes(3)\/u_LANE/line__273  File: /home/work1/Works/AI-Trigger-System/HDL/rtl/CNN_CORE_LANE.vhd
Note: LANE3 ADC busy_clear stream_done_seen='1' wr_count=0
Time: 55342 ns  Iteration: 0  Process: /tb_AI_TRIGGER_TOP/dut/u_DUT/\gen_lanes(3)\/u_LANE/line__191  File: /home/work1/Works/AI-Trigger-System/HDL/rtl/CNN_CORE_LANE.vhd
Note: LANE3 CNN output_valid score_raw=-1099 started=11
Time: 55557500 ps  Iteration: 0  Process: /tb_AI_TRIGGER_TOP/dut/u_DUT/\gen_lanes(3)\/u_LANE/line__273  File: /home/work1/Works/AI-Trigger-System/HDL/rtl/CNN_CORE_LANE.vhd
    53 | 0x003ffbb5    |     -0.536621 |     0 |    0 |      1.015
Note: DIST chunk_start seq=54 lane=4 busy='0'
Time: 55602 ns  Iteration: 0  Process: /tb_AI_TRIGGER_TOP/dut/u_DUT/u_DIST/line__134  File: /home/work1/Works/AI-Trigger-System/HDL/rtl/ADC_CHUNK_DISTRIBUTOR.vhd
Note: LANE4 ADC chunk_accept count=11 fifo_full='0'
Time: 55602 ns  Iteration: 0  Process: /tb_AI_TRIGGER_TOP/dut/u_DUT/\gen_lanes(4)\/u_LANE/line__191  File: /home/work1/Works/AI-Trigger-System/HDL/rtl/CNN_CORE_LANE.vhd
Note: LANE4 started_next=11 fifo_empty='0' fifo_data_valid='1' ready='0' idle='1'
Time: 55637500 ps  Iteration: 0  Process: /tb_AI_TRIGGER_TOP/dut/u_DUT/\gen_lanes(4)\/u_LANE/line__273  File: /home/work1/Works/AI-Trigger-System/HDL/rtl/CNN_CORE_LANE.vhd
Note: LANE4 started=11 fifo_empty='0' fifo_data_valid='1' ready='0'
Time: 56347500 ps  Iteration: 0  Process: /tb_AI_TRIGGER_TOP/dut/u_DUT/\gen_lanes(4)\/u_LANE/line__273  File: /home/work1/Works/AI-Trigger-System/HDL/rtl/CNN_CORE_LANE.vhd
Note: LANE4 ADC busy_clear stream_done_seen='1' wr_count=0
Time: 56358 ns  Iteration: 0  Process: /tb_AI_TRIGGER_TOP/dut/u_DUT/\gen_lanes(4)\/u_LANE/line__191  File: /home/work1/Works/AI-Trigger-System/HDL/rtl/CNN_CORE_LANE.vhd
Note: LANE4 CNN output_valid score_raw=1065 started=11
Time: 56572500 ps  Iteration: 0  Process: /tb_AI_TRIGGER_TOP/dut/u_DUT/\gen_lanes(4)\/u_LANE/line__273  File: /home/work1/Works/AI-Trigger-System/HDL/rtl/CNN_CORE_LANE.vhd
    54 | 0x00000429    |      0.520020 |     0 |    1 |      1.015
Note: DIST chunk_start seq=55 lane=0 busy='0'
Time: 57166 ns  Iteration: 0  Process: /tb_AI_TRIGGER_TOP/dut/u_DUT/u_DIST/line__134  File: /home/work1/Works/AI-Trigger-System/HDL/rtl/ADC_CHUNK_DISTRIBUTOR.vhd
Note: LANE0 ADC chunk_accept count=12 fifo_full='0'
Time: 57166 ns  Iteration: 0  Process: /tb_AI_TRIGGER_TOP/dut/u_DUT/\gen_lanes(0)\/u_LANE/line__191  File: /home/work1/Works/AI-Trigger-System/HDL/rtl/CNN_CORE_LANE.vhd
Note: LANE0 started_next=12 fifo_empty='0' fifo_data_valid='1' ready='0' idle='1'
Time: 57202500 ps  Iteration: 0  Process: /tb_AI_TRIGGER_TOP/dut/u_DUT/\gen_lanes(0)\/u_LANE/line__273  File: /home/work1/Works/AI-Trigger-System/HDL/rtl/CNN_CORE_LANE.vhd
Note: LANE0 started=12 fifo_empty='0' fifo_data_valid='1' ready='0'
Time: 57912500 ps  Iteration: 0  Process: /tb_AI_TRIGGER_TOP/dut/u_DUT/\gen_lanes(0)\/u_LANE/line__273  File: /home/work1/Works/AI-Trigger-System/HDL/rtl/CNN_CORE_LANE.vhd
Note: LANE0 ADC busy_clear stream_done_seen='0' wr_count=0
Time: 57922 ns  Iteration: 0  Process: /tb_AI_TRIGGER_TOP/dut/u_DUT/\gen_lanes(0)\/u_LANE/line__191  File: /home/work1/Works/AI-Trigger-System/HDL/rtl/CNN_CORE_LANE.vhd
Note: LANE0 CNN output_valid score_raw=1169 started=12
Time: 58137500 ps  Iteration: 0  Process: /tb_AI_TRIGGER_TOP/dut/u_DUT/\gen_lanes(0)\/u_LANE/line__273  File: /home/work1/Works/AI-Trigger-System/HDL/rtl/CNN_CORE_LANE.vhd
    55 | 0x00000491    |      0.570801 |     0 |    1 |      1.015
Note: DIST chunk_start seq=56 lane=1 busy='0'
Time: 58730 ns  Iteration: 0  Process: /tb_AI_TRIGGER_TOP/dut/u_DUT/u_DIST/line__134  File: /home/work1/Works/AI-Trigger-System/HDL/rtl/ADC_CHUNK_DISTRIBUTOR.vhd
Note: LANE1 ADC chunk_accept count=12 fifo_full='0'
Time: 58730 ns  Iteration: 0  Process: /tb_AI_TRIGGER_TOP/dut/u_DUT/\gen_lanes(1)\/u_LANE/line__191  File: /home/work1/Works/AI-Trigger-System/HDL/rtl/CNN_CORE_LANE.vhd
Note: LANE1 started_next=12 fifo_empty='0' fifo_data_valid='1' ready='0' idle='1'
Time: 58767500 ps  Iteration: 0  Process: /tb_AI_TRIGGER_TOP/dut/u_DUT/\gen_lanes(1)\/u_LANE/line__273  File: /home/work1/Works/AI-Trigger-System/HDL/rtl/CNN_CORE_LANE.vhd
Note: LANE1 started=12 fifo_empty='0' fifo_data_valid='1' ready='0'
Time: 59477500 ps  Iteration: 0  Process: /tb_AI_TRIGGER_TOP/dut/u_DUT/\gen_lanes(1)\/u_LANE/line__273  File: /home/work1/Works/AI-Trigger-System/HDL/rtl/CNN_CORE_LANE.vhd
Note: LANE1 ADC busy_clear stream_done_seen='0' wr_count=0
Time: 59486 ns  Iteration: 0  Process: /tb_AI_TRIGGER_TOP/dut/u_DUT/\gen_lanes(1)\/u_LANE/line__191  File: /home/work1/Works/AI-Trigger-System/HDL/rtl/CNN_CORE_LANE.vhd
Note: LANE1 CNN output_valid score_raw=1024 started=12
Time: 59702500 ps  Iteration: 0  Process: /tb_AI_TRIGGER_TOP/dut/u_DUT/\gen_lanes(1)\/u_LANE/line__273  File: /home/work1/Works/AI-Trigger-System/HDL/rtl/CNN_CORE_LANE.vhd
    56 | 0x00000400    |      0.500000 |     0 |    1 |      1.015
Note: DIST chunk_start seq=57 lane=2 busy='0'
Time: 60298 ns  Iteration: 0  Process: /tb_AI_TRIGGER_TOP/dut/u_DUT/u_DIST/line__134  File: /home/work1/Works/AI-Trigger-System/HDL/rtl/ADC_CHUNK_DISTRIBUTOR.vhd
Note: LANE2 ADC chunk_accept count=12 fifo_full='0'
Time: 60298 ns  Iteration: 0  Process: /tb_AI_TRIGGER_TOP/dut/u_DUT/\gen_lanes(2)\/u_LANE/line__191  File: /home/work1/Works/AI-Trigger-System/HDL/rtl/CNN_CORE_LANE.vhd
Note: LANE2 started_next=12 fifo_empty='0' fifo_data_valid='1' ready='0' idle='1'
Time: 60332500 ps  Iteration: 0  Process: /tb_AI_TRIGGER_TOP/dut/u_DUT/\gen_lanes(2)\/u_LANE/line__273  File: /home/work1/Works/AI-Trigger-System/HDL/rtl/CNN_CORE_LANE.vhd
Note: LANE2 started=12 fifo_empty='0' fifo_data_valid='1' ready='0'
Time: 61042500 ps  Iteration: 0  Process: /tb_AI_TRIGGER_TOP/dut/u_DUT/\gen_lanes(2)\/u_LANE/line__273  File: /home/work1/Works/AI-Trigger-System/HDL/rtl/CNN_CORE_LANE.vhd
Note: LANE2 ADC busy_clear stream_done_seen='0' wr_count=0
Time: 61054 ns  Iteration: 0  Process: /tb_AI_TRIGGER_TOP/dut/u_DUT/\gen_lanes(2)\/u_LANE/line__191  File: /home/work1/Works/AI-Trigger-System/HDL/rtl/CNN_CORE_LANE.vhd
Note: LANE2 CNN output_valid score_raw=2780 started=12
Time: 61267500 ps  Iteration: 0  Process: /tb_AI_TRIGGER_TOP/dut/u_DUT/\gen_lanes(2)\/u_LANE/line__273  File: /home/work1/Works/AI-Trigger-System/HDL/rtl/CNN_CORE_LANE.vhd
    57 | 0x00000adc    |      1.357422 |     0 |    1 |      1.010
Note: DIST chunk_start seq=58 lane=3 busy='0'
Time: 61862 ns  Iteration: 0  Process: /tb_AI_TRIGGER_TOP/dut/u_DUT/u_DIST/line__134  File: /home/work1/Works/AI-Trigger-System/HDL/rtl/ADC_CHUNK_DISTRIBUTOR.vhd
Note: LANE3 ADC chunk_accept count=12 fifo_full='0'
Time: 61862 ns  Iteration: 0  Process: /tb_AI_TRIGGER_TOP/dut/u_DUT/\gen_lanes(3)\/u_LANE/line__191  File: /home/work1/Works/AI-Trigger-System/HDL/rtl/CNN_CORE_LANE.vhd
Note: LANE3 started_next=12 fifo_empty='0' fifo_data_valid='1' ready='0' idle='1'
Time: 61897500 ps  Iteration: 0  Process: /tb_AI_TRIGGER_TOP/dut/u_DUT/\gen_lanes(3)\/u_LANE/line__273  File: /home/work1/Works/AI-Trigger-System/HDL/rtl/CNN_CORE_LANE.vhd
Note: LANE3 started=12 fifo_empty='0' fifo_data_valid='1' ready='0'
Time: 62607500 ps  Iteration: 0  Process: /tb_AI_TRIGGER_TOP/dut/u_DUT/\gen_lanes(3)\/u_LANE/line__273  File: /home/work1/Works/AI-Trigger-System/HDL/rtl/CNN_CORE_LANE.vhd
Note: LANE3 ADC busy_clear stream_done_seen='0' wr_count=0
Time: 62618 ns  Iteration: 0  Process: /tb_AI_TRIGGER_TOP/dut/u_DUT/\gen_lanes(3)\/u_LANE/line__191  File: /home/work1/Works/AI-Trigger-System/HDL/rtl/CNN_CORE_LANE.vhd
Note: LANE3 CNN output_valid score_raw=1541 started=12
Time: 62832500 ps  Iteration: 0  Process: /tb_AI_TRIGGER_TOP/dut/u_DUT/\gen_lanes(3)\/u_LANE/line__273  File: /home/work1/Works/AI-Trigger-System/HDL/rtl/CNN_CORE_LANE.vhd
    58 | 0x00000605    |      0.752441 |     0 |    1 |      1.015
Note: DIST chunk_start seq=59 lane=4 busy='0'
Time: 63426 ns  Iteration: 0  Process: /tb_AI_TRIGGER_TOP/dut/u_DUT/u_DIST/line__134  File: /home/work1/Works/AI-Trigger-System/HDL/rtl/ADC_CHUNK_DISTRIBUTOR.vhd
Note: LANE4 ADC chunk_accept count=12 fifo_full='0'
Time: 63426 ns  Iteration: 0  Process: /tb_AI_TRIGGER_TOP/dut/u_DUT/\gen_lanes(4)\/u_LANE/line__191  File: /home/work1/Works/AI-Trigger-System/HDL/rtl/CNN_CORE_LANE.vhd
Note: LANE4 started_next=12 fifo_empty='0' fifo_data_valid='1' ready='0' idle='1'
Time: 63462500 ps  Iteration: 0  Process: /tb_AI_TRIGGER_TOP/dut/u_DUT/\gen_lanes(4)\/u_LANE/line__273  File: /home/work1/Works/AI-Trigger-System/HDL/rtl/CNN_CORE_LANE.vhd
Note: LANE4 started=12 fifo_empty='0' fifo_data_valid='1' ready='0'
Time: 64172500 ps  Iteration: 0  Process: /tb_AI_TRIGGER_TOP/dut/u_DUT/\gen_lanes(4)\/u_LANE/line__273  File: /home/work1/Works/AI-Trigger-System/HDL/rtl/CNN_CORE_LANE.vhd
Note: LANE4 ADC busy_clear stream_done_seen='0' wr_count=0
Time: 64182 ns  Iteration: 0  Process: /tb_AI_TRIGGER_TOP/dut/u_DUT/\gen_lanes(4)\/u_LANE/line__191  File: /home/work1/Works/AI-Trigger-System/HDL/rtl/CNN_CORE_LANE.vhd
Note: LANE4 CNN output_valid score_raw=1988 started=12
Time: 64397500 ps  Iteration: 0  Process: /tb_AI_TRIGGER_TOP/dut/u_DUT/\gen_lanes(4)\/u_LANE/line__273  File: /home/work1/Works/AI-Trigger-System/HDL/rtl/CNN_CORE_LANE.vhd
    59 | 0x000007c4    |      0.970703 |     0 |    1 |      1.015
Note: DIST chunk_start seq=60 lane=0 busy='0'
Time: 64990 ns  Iteration: 0  Process: /tb_AI_TRIGGER_TOP/dut/u_DUT/u_DIST/line__134  File: /home/work1/Works/AI-Trigger-System/HDL/rtl/ADC_CHUNK_DISTRIBUTOR.vhd
Note: LANE0 ADC chunk_accept count=13 fifo_full='0'
Time: 64990 ns  Iteration: 0  Process: /tb_AI_TRIGGER_TOP/dut/u_DUT/\gen_lanes(0)\/u_LANE/line__191  File: /home/work1/Works/AI-Trigger-System/HDL/rtl/CNN_CORE_LANE.vhd
Note: LANE0 started_next=13 fifo_empty='0' fifo_data_valid='1' ready='0' idle='1'
Time: 65027500 ps  Iteration: 0  Process: /tb_AI_TRIGGER_TOP/dut/u_DUT/\gen_lanes(0)\/u_LANE/line__273  File: /home/work1/Works/AI-Trigger-System/HDL/rtl/CNN_CORE_LANE.vhd
Note: LANE0 started=13 fifo_empty='0' fifo_data_valid='1' ready='0'
Time: 65737500 ps  Iteration: 0  Process: /tb_AI_TRIGGER_TOP/dut/u_DUT/\gen_lanes(0)\/u_LANE/line__273  File: /home/work1/Works/AI-Trigger-System/HDL/rtl/CNN_CORE_LANE.vhd
Note: LANE0 ADC busy_clear stream_done_seen='1' wr_count=0
Time: 65746 ns  Iteration: 0  Process: /tb_AI_TRIGGER_TOP/dut/u_DUT/\gen_lanes(0)\/u_LANE/line__191  File: /home/work1/Works/AI-Trigger-System/HDL/rtl/CNN_CORE_LANE.vhd
Note: LANE0 CNN output_valid score_raw=4060 started=13
Time: 65962500 ps  Iteration: 0  Process: /tb_AI_TRIGGER_TOP/dut/u_DUT/\gen_lanes(0)\/u_LANE/line__273  File: /home/work1/Works/AI-Trigger-System/HDL/rtl/CNN_CORE_LANE.vhd
    60 | 0x00000fdc    |      1.982422 |     0 |    1 |      1.015
Note: DIST chunk_start seq=61 lane=1 busy='0'
Time: 66558 ns  Iteration: 0  Process: /tb_AI_TRIGGER_TOP/dut/u_DUT/u_DIST/line__134  File: /home/work1/Works/AI-Trigger-System/HDL/rtl/ADC_CHUNK_DISTRIBUTOR.vhd
Note: LANE1 ADC chunk_accept count=13 fifo_full='0'
Time: 66558 ns  Iteration: 0  Process: /tb_AI_TRIGGER_TOP/dut/u_DUT/\gen_lanes(1)\/u_LANE/line__191  File: /home/work1/Works/AI-Trigger-System/HDL/rtl/CNN_CORE_LANE.vhd
Note: LANE1 started_next=13 fifo_empty='0' fifo_data_valid='1' ready='0' idle='1'
Time: 66592500 ps  Iteration: 0  Process: /tb_AI_TRIGGER_TOP/dut/u_DUT/\gen_lanes(1)\/u_LANE/line__273  File: /home/work1/Works/AI-Trigger-System/HDL/rtl/CNN_CORE_LANE.vhd
Note: LANE1 started=13 fifo_empty='0' fifo_data_valid='1' ready='0'
Time: 67302500 ps  Iteration: 0  Process: /tb_AI_TRIGGER_TOP/dut/u_DUT/\gen_lanes(1)\/u_LANE/line__273  File: /home/work1/Works/AI-Trigger-System/HDL/rtl/CNN_CORE_LANE.vhd
Note: LANE1 ADC busy_clear stream_done_seen='1' wr_count=0
Time: 67314 ns  Iteration: 0  Process: /tb_AI_TRIGGER_TOP/dut/u_DUT/\gen_lanes(1)\/u_LANE/line__191  File: /home/work1/Works/AI-Trigger-System/HDL/rtl/CNN_CORE_LANE.vhd
Note: LANE1 CNN output_valid score_raw=4288 started=13
Time: 67527500 ps  Iteration: 0  Process: /tb_AI_TRIGGER_TOP/dut/u_DUT/\gen_lanes(1)\/u_LANE/line__273  File: /home/work1/Works/AI-Trigger-System/HDL/rtl/CNN_CORE_LANE.vhd
    61 | 0x000010c0    |      2.093750 |     0 |    1 |      1.010
Note: DIST chunk_start seq=62 lane=2 busy='0'
Time: 68122 ns  Iteration: 0  Process: /tb_AI_TRIGGER_TOP/dut/u_DUT/u_DIST/line__134  File: /home/work1/Works/AI-Trigger-System/HDL/rtl/ADC_CHUNK_DISTRIBUTOR.vhd
Note: LANE2 ADC chunk_accept count=13 fifo_full='0'
Time: 68122 ns  Iteration: 0  Process: /tb_AI_TRIGGER_TOP/dut/u_DUT/\gen_lanes(2)\/u_LANE/line__191  File: /home/work1/Works/AI-Trigger-System/HDL/rtl/CNN_CORE_LANE.vhd
Note: LANE2 started_next=13 fifo_empty='0' fifo_data_valid='1' ready='0' idle='1'
Time: 68157500 ps  Iteration: 0  Process: /tb_AI_TRIGGER_TOP/dut/u_DUT/\gen_lanes(2)\/u_LANE/line__273  File: /home/work1/Works/AI-Trigger-System/HDL/rtl/CNN_CORE_LANE.vhd
Note: LANE2 started=13 fifo_empty='0' fifo_data_valid='1' ready='0'
Time: 68867500 ps  Iteration: 0  Process: /tb_AI_TRIGGER_TOP/dut/u_DUT/\gen_lanes(2)\/u_LANE/line__273  File: /home/work1/Works/AI-Trigger-System/HDL/rtl/CNN_CORE_LANE.vhd
Note: LANE2 ADC busy_clear stream_done_seen='1' wr_count=0
Time: 68878 ns  Iteration: 0  Process: /tb_AI_TRIGGER_TOP/dut/u_DUT/\gen_lanes(2)\/u_LANE/line__191  File: /home/work1/Works/AI-Trigger-System/HDL/rtl/CNN_CORE_LANE.vhd
Note: LANE2 CNN output_valid score_raw=4200 started=13
Time: 69092500 ps  Iteration: 0  Process: /tb_AI_TRIGGER_TOP/dut/u_DUT/\gen_lanes(2)\/u_LANE/line__273  File: /home/work1/Works/AI-Trigger-System/HDL/rtl/CNN_CORE_LANE.vhd
    62 | 0x00001068    |      2.050781 |     0 |    1 |      1.015
Note: DIST chunk_start seq=63 lane=3 busy='0'
Time: 69686 ns  Iteration: 0  Process: /tb_AI_TRIGGER_TOP/dut/u_DUT/u_DIST/line__134  File: /home/work1/Works/AI-Trigger-System/HDL/rtl/ADC_CHUNK_DISTRIBUTOR.vhd
Note: LANE3 ADC chunk_accept count=13 fifo_full='0'
Time: 69686 ns  Iteration: 0  Process: /tb_AI_TRIGGER_TOP/dut/u_DUT/\gen_lanes(3)\/u_LANE/line__191  File: /home/work1/Works/AI-Trigger-System/HDL/rtl/CNN_CORE_LANE.vhd
Note: LANE3 started_next=13 fifo_empty='0' fifo_data_valid='1' ready='0' idle='1'
Time: 69722500 ps  Iteration: 0  Process: /tb_AI_TRIGGER_TOP/dut/u_DUT/\gen_lanes(3)\/u_LANE/line__273  File: /home/work1/Works/AI-Trigger-System/HDL/rtl/CNN_CORE_LANE.vhd
Note: LANE3 started=13 fifo_empty='0' fifo_data_valid='1' ready='0'
Time: 70432500 ps  Iteration: 0  Process: /tb_AI_TRIGGER_TOP/dut/u_DUT/\gen_lanes(3)\/u_LANE/line__273  File: /home/work1/Works/AI-Trigger-System/HDL/rtl/CNN_CORE_LANE.vhd
Note: LANE3 ADC busy_clear stream_done_seen='1' wr_count=0
Time: 70442 ns  Iteration: 0  Process: /tb_AI_TRIGGER_TOP/dut/u_DUT/\gen_lanes(3)\/u_LANE/line__191  File: /home/work1/Works/AI-Trigger-System/HDL/rtl/CNN_CORE_LANE.vhd
Note: LANE3 CNN output_valid score_raw=5966 started=13
Time: 70657500 ps  Iteration: 0  Process: /tb_AI_TRIGGER_TOP/dut/u_DUT/\gen_lanes(3)\/u_LANE/line__273  File: /home/work1/Works/AI-Trigger-System/HDL/rtl/CNN_CORE_LANE.vhd
    63 | 0x0000174e    |      2.913086 |     0 |    1 |      1.015
Note: DIST chunk_start seq=64 lane=4 busy='0'
Time: 71250 ns  Iteration: 0  Process: /tb_AI_TRIGGER_TOP/dut/u_DUT/u_DIST/line__134  File: /home/work1/Works/AI-Trigger-System/HDL/rtl/ADC_CHUNK_DISTRIBUTOR.vhd
Note: LANE4 ADC chunk_accept count=13 fifo_full='0'
Time: 71250 ns  Iteration: 0  Process: /tb_AI_TRIGGER_TOP/dut/u_DUT/\gen_lanes(4)\/u_LANE/line__191  File: /home/work1/Works/AI-Trigger-System/HDL/rtl/CNN_CORE_LANE.vhd
Note: LANE4 started_next=13 fifo_empty='0' fifo_data_valid='1' ready='0' idle='1'
Time: 71287500 ps  Iteration: 0  Process: /tb_AI_TRIGGER_TOP/dut/u_DUT/\gen_lanes(4)\/u_LANE/line__273  File: /home/work1/Works/AI-Trigger-System/HDL/rtl/CNN_CORE_LANE.vhd
Note: LANE4 started=13 fifo_empty='0' fifo_data_valid='1' ready='0'
Time: 71997500 ps  Iteration: 0  Process: /tb_AI_TRIGGER_TOP/dut/u_DUT/\gen_lanes(4)\/u_LANE/line__273  File: /home/work1/Works/AI-Trigger-System/HDL/rtl/CNN_CORE_LANE.vhd
Note: LANE4 ADC busy_clear stream_done_seen='1' wr_count=0
Time: 72006 ns  Iteration: 0  Process: /tb_AI_TRIGGER_TOP/dut/u_DUT/\gen_lanes(4)\/u_LANE/line__191  File: /home/work1/Works/AI-Trigger-System/HDL/rtl/CNN_CORE_LANE.vhd
Note: LANE4 CNN output_valid score_raw=6165 started=13
Time: 72222500 ps  Iteration: 0  Process: /tb_AI_TRIGGER_TOP/dut/u_DUT/\gen_lanes(4)\/u_LANE/line__273  File: /home/work1/Works/AI-Trigger-System/HDL/rtl/CNN_CORE_LANE.vhd
    64 | 0x00001815    |      3.010254 |     0 |    1 |      1.015
Note: DIST chunk_start seq=65 lane=0 busy='0'
Time: 72818 ns  Iteration: 0  Process: /tb_AI_TRIGGER_TOP/dut/u_DUT/u_DIST/line__134  File: /home/work1/Works/AI-Trigger-System/HDL/rtl/ADC_CHUNK_DISTRIBUTOR.vhd
Note: LANE0 ADC chunk_accept count=14 fifo_full='0'
Time: 72818 ns  Iteration: 0  Process: /tb_AI_TRIGGER_TOP/dut/u_DUT/\gen_lanes(0)\/u_LANE/line__191  File: /home/work1/Works/AI-Trigger-System/HDL/rtl/CNN_CORE_LANE.vhd
Note: LANE0 started_next=14 fifo_empty='0' fifo_data_valid='1' ready='0' idle='1'
Time: 72852500 ps  Iteration: 0  Process: /tb_AI_TRIGGER_TOP/dut/u_DUT/\gen_lanes(0)\/u_LANE/line__273  File: /home/work1/Works/AI-Trigger-System/HDL/rtl/CNN_CORE_LANE.vhd
Note: LANE0 started=14 fifo_empty='0' fifo_data_valid='1' ready='0'
Time: 73562500 ps  Iteration: 0  Process: /tb_AI_TRIGGER_TOP/dut/u_DUT/\gen_lanes(0)\/u_LANE/line__273  File: /home/work1/Works/AI-Trigger-System/HDL/rtl/CNN_CORE_LANE.vhd
Note: LANE0 ADC busy_clear stream_done_seen='0' wr_count=0
Time: 73574 ns  Iteration: 0  Process: /tb_AI_TRIGGER_TOP/dut/u_DUT/\gen_lanes(0)\/u_LANE/line__191  File: /home/work1/Works/AI-Trigger-System/HDL/rtl/CNN_CORE_LANE.vhd
Note: LANE0 CNN output_valid score_raw=5395 started=14
Time: 73787500 ps  Iteration: 0  Process: /tb_AI_TRIGGER_TOP/dut/u_DUT/\gen_lanes(0)\/u_LANE/line__273  File: /home/work1/Works/AI-Trigger-System/HDL/rtl/CNN_CORE_LANE.vhd
    65 | 0x00001513    |      2.634277 |     0 |    1 |      1.010
Note: DIST chunk_start seq=66 lane=1 busy='0'
Time: 74382 ns  Iteration: 0  Process: /tb_AI_TRIGGER_TOP/dut/u_DUT/u_DIST/line__134  File: /home/work1/Works/AI-Trigger-System/HDL/rtl/ADC_CHUNK_DISTRIBUTOR.vhd
Note: LANE1 ADC chunk_accept count=14 fifo_full='0'
Time: 74382 ns  Iteration: 0  Process: /tb_AI_TRIGGER_TOP/dut/u_DUT/\gen_lanes(1)\/u_LANE/line__191  File: /home/work1/Works/AI-Trigger-System/HDL/rtl/CNN_CORE_LANE.vhd
Note: LANE1 started_next=14 fifo_empty='0' fifo_data_valid='1' ready='0' idle='1'
Time: 74417500 ps  Iteration: 0  Process: /tb_AI_TRIGGER_TOP/dut/u_DUT/\gen_lanes(1)\/u_LANE/line__273  File: /home/work1/Works/AI-Trigger-System/HDL/rtl/CNN_CORE_LANE.vhd
Note: LANE1 started=14 fifo_empty='0' fifo_data_valid='1' ready='0'
Time: 75127500 ps  Iteration: 0  Process: /tb_AI_TRIGGER_TOP/dut/u_DUT/\gen_lanes(1)\/u_LANE/line__273  File: /home/work1/Works/AI-Trigger-System/HDL/rtl/CNN_CORE_LANE.vhd
Note: LANE1 ADC busy_clear stream_done_seen='0' wr_count=0
Time: 75138 ns  Iteration: 0  Process: /tb_AI_TRIGGER_TOP/dut/u_DUT/\gen_lanes(1)\/u_LANE/line__191  File: /home/work1/Works/AI-Trigger-System/HDL/rtl/CNN_CORE_LANE.vhd
Note: LANE1 CNN output_valid score_raw=7369 started=14
Time: 75352500 ps  Iteration: 0  Process: /tb_AI_TRIGGER_TOP/dut/u_DUT/\gen_lanes(1)\/u_LANE/line__273  File: /home/work1/Works/AI-Trigger-System/HDL/rtl/CNN_CORE_LANE.vhd
    66 | 0x00001cc9    |      3.598145 |     0 |    1 |      1.015
Note: DIST chunk_start seq=67 lane=2 busy='0'
Time: 75946 ns  Iteration: 0  Process: /tb_AI_TRIGGER_TOP/dut/u_DUT/u_DIST/line__134  File: /home/work1/Works/AI-Trigger-System/HDL/rtl/ADC_CHUNK_DISTRIBUTOR.vhd
Note: LANE2 ADC chunk_accept count=14 fifo_full='0'
Time: 75946 ns  Iteration: 0  Process: /tb_AI_TRIGGER_TOP/dut/u_DUT/\gen_lanes(2)\/u_LANE/line__191  File: /home/work1/Works/AI-Trigger-System/HDL/rtl/CNN_CORE_LANE.vhd
Note: LANE2 started_next=14 fifo_empty='0' fifo_data_valid='1' ready='0' idle='1'
Time: 75982500 ps  Iteration: 0  Process: /tb_AI_TRIGGER_TOP/dut/u_DUT/\gen_lanes(2)\/u_LANE/line__273  File: /home/work1/Works/AI-Trigger-System/HDL/rtl/CNN_CORE_LANE.vhd
Note: LANE2 started=14 fifo_empty='0' fifo_data_valid='1' ready='0'
Time: 76692500 ps  Iteration: 0  Process: /tb_AI_TRIGGER_TOP/dut/u_DUT/\gen_lanes(2)\/u_LANE/line__273  File: /home/work1/Works/AI-Trigger-System/HDL/rtl/CNN_CORE_LANE.vhd
Note: LANE2 ADC busy_clear stream_done_seen='0' wr_count=0
Time: 76702 ns  Iteration: 0  Process: /tb_AI_TRIGGER_TOP/dut/u_DUT/\gen_lanes(2)\/u_LANE/line__191  File: /home/work1/Works/AI-Trigger-System/HDL/rtl/CNN_CORE_LANE.vhd
Note: LANE2 CNN output_valid score_raw=6827 started=14
Time: 76917500 ps  Iteration: 0  Process: /tb_AI_TRIGGER_TOP/dut/u_DUT/\gen_lanes(2)\/u_LANE/line__273  File: /home/work1/Works/AI-Trigger-System/HDL/rtl/CNN_CORE_LANE.vhd
    67 | 0x00001aab    |      3.333496 |     0 |    1 |      1.015
Note: DIST chunk_start seq=68 lane=3 busy='0'
Time: 77510 ns  Iteration: 0  Process: /tb_AI_TRIGGER_TOP/dut/u_DUT/u_DIST/line__134  File: /home/work1/Works/AI-Trigger-System/HDL/rtl/ADC_CHUNK_DISTRIBUTOR.vhd
Note: LANE3 ADC chunk_accept count=14 fifo_full='0'
Time: 77510 ns  Iteration: 0  Process: /tb_AI_TRIGGER_TOP/dut/u_DUT/\gen_lanes(3)\/u_LANE/line__191  File: /home/work1/Works/AI-Trigger-System/HDL/rtl/CNN_CORE_LANE.vhd
Note: LANE3 started_next=14 fifo_empty='0' fifo_data_valid='1' ready='0' idle='1'
Time: 77547500 ps  Iteration: 0  Process: /tb_AI_TRIGGER_TOP/dut/u_DUT/\gen_lanes(3)\/u_LANE/line__273  File: /home/work1/Works/AI-Trigger-System/HDL/rtl/CNN_CORE_LANE.vhd
Note: LANE3 started=14 fifo_empty='0' fifo_data_valid='1' ready='0'
Time: 78257500 ps  Iteration: 0  Process: /tb_AI_TRIGGER_TOP/dut/u_DUT/\gen_lanes(3)\/u_LANE/line__273  File: /home/work1/Works/AI-Trigger-System/HDL/rtl/CNN_CORE_LANE.vhd
Note: LANE3 ADC busy_clear stream_done_seen='0' wr_count=0
Time: 78266 ns  Iteration: 0  Process: /tb_AI_TRIGGER_TOP/dut/u_DUT/\gen_lanes(3)\/u_LANE/line__191  File: /home/work1/Works/AI-Trigger-System/HDL/rtl/CNN_CORE_LANE.vhd
Note: LANE3 CNN output_valid score_raw=4816 started=14
Time: 78482500 ps  Iteration: 0  Process: /tb_AI_TRIGGER_TOP/dut/u_DUT/\gen_lanes(3)\/u_LANE/line__273  File: /home/work1/Works/AI-Trigger-System/HDL/rtl/CNN_CORE_LANE.vhd
    68 | 0x000012d0    |      2.351562 |     0 |    1 |      1.015
Note: DIST chunk_start seq=69 lane=4 busy='0'
Time: 79078 ns  Iteration: 0  Process: /tb_AI_TRIGGER_TOP/dut/u_DUT/u_DIST/line__134  File: /home/work1/Works/AI-Trigger-System/HDL/rtl/ADC_CHUNK_DISTRIBUTOR.vhd
Note: LANE4 ADC chunk_accept count=14 fifo_full='0'
Time: 79078 ns  Iteration: 0  Process: /tb_AI_TRIGGER_TOP/dut/u_DUT/\gen_lanes(4)\/u_LANE/line__191  File: /home/work1/Works/AI-Trigger-System/HDL/rtl/CNN_CORE_LANE.vhd
Note: LANE4 started_next=14 fifo_empty='0' fifo_data_valid='1' ready='0' idle='1'
Time: 79112500 ps  Iteration: 0  Process: /tb_AI_TRIGGER_TOP/dut/u_DUT/\gen_lanes(4)\/u_LANE/line__273  File: /home/work1/Works/AI-Trigger-System/HDL/rtl/CNN_CORE_LANE.vhd
Note: LANE4 started=14 fifo_empty='0' fifo_data_valid='1' ready='0'
Time: 79822500 ps  Iteration: 0  Process: /tb_AI_TRIGGER_TOP/dut/u_DUT/\gen_lanes(4)\/u_LANE/line__273  File: /home/work1/Works/AI-Trigger-System/HDL/rtl/CNN_CORE_LANE.vhd
Note: LANE4 ADC busy_clear stream_done_seen='0' wr_count=0
Time: 79834 ns  Iteration: 0  Process: /tb_AI_TRIGGER_TOP/dut/u_DUT/\gen_lanes(4)\/u_LANE/line__191  File: /home/work1/Works/AI-Trigger-System/HDL/rtl/CNN_CORE_LANE.vhd
Note: LANE4 CNN output_valid score_raw=6496 started=14
Time: 80047500 ps  Iteration: 0  Process: /tb_AI_TRIGGER_TOP/dut/u_DUT/\gen_lanes(4)\/u_LANE/line__273  File: /home/work1/Works/AI-Trigger-System/HDL/rtl/CNN_CORE_LANE.vhd
    69 | 0x00001960    |      3.171875 |     0 |    1 |      1.010
Note: DIST chunk_start seq=70 lane=0 busy='0'
Time: 80642 ns  Iteration: 0  Process: /tb_AI_TRIGGER_TOP/dut/u_DUT/u_DIST/line__134  File: /home/work1/Works/AI-Trigger-System/HDL/rtl/ADC_CHUNK_DISTRIBUTOR.vhd
Note: LANE0 ADC chunk_accept count=15 fifo_full='0'
Time: 80642 ns  Iteration: 0  Process: /tb_AI_TRIGGER_TOP/dut/u_DUT/\gen_lanes(0)\/u_LANE/line__191  File: /home/work1/Works/AI-Trigger-System/HDL/rtl/CNN_CORE_LANE.vhd
Note: LANE0 started_next=15 fifo_empty='0' fifo_data_valid='1' ready='0' idle='1'
Time: 80677500 ps  Iteration: 0  Process: /tb_AI_TRIGGER_TOP/dut/u_DUT/\gen_lanes(0)\/u_LANE/line__273  File: /home/work1/Works/AI-Trigger-System/HDL/rtl/CNN_CORE_LANE.vhd
Note: LANE0 started=15 fifo_empty='0' fifo_data_valid='1' ready='0'
Time: 81387500 ps  Iteration: 0  Process: /tb_AI_TRIGGER_TOP/dut/u_DUT/\gen_lanes(0)\/u_LANE/line__273  File: /home/work1/Works/AI-Trigger-System/HDL/rtl/CNN_CORE_LANE.vhd
Note: LANE0 ADC busy_clear stream_done_seen='1' wr_count=0
Time: 81398 ns  Iteration: 0  Process: /tb_AI_TRIGGER_TOP/dut/u_DUT/\gen_lanes(0)\/u_LANE/line__191  File: /home/work1/Works/AI-Trigger-System/HDL/rtl/CNN_CORE_LANE.vhd
Note: LANE0 CNN output_valid score_raw=7167 started=15
Time: 81612500 ps  Iteration: 0  Process: /tb_AI_TRIGGER_TOP/dut/u_DUT/\gen_lanes(0)\/u_LANE/line__273  File: /home/work1/Works/AI-Trigger-System/HDL/rtl/CNN_CORE_LANE.vhd
    70 | 0x00001bff    |      3.499512 |     0 |    1 |      1.015
Note: DIST chunk_start seq=71 lane=1 busy='0'
Time: 82206 ns  Iteration: 0  Process: /tb_AI_TRIGGER_TOP/dut/u_DUT/u_DIST/line__134  File: /home/work1/Works/AI-Trigger-System/HDL/rtl/ADC_CHUNK_DISTRIBUTOR.vhd
Note: LANE1 ADC chunk_accept count=15 fifo_full='0'
Time: 82206 ns  Iteration: 0  Process: /tb_AI_TRIGGER_TOP/dut/u_DUT/\gen_lanes(1)\/u_LANE/line__191  File: /home/work1/Works/AI-Trigger-System/HDL/rtl/CNN_CORE_LANE.vhd
Note: LANE1 started_next=15 fifo_empty='0' fifo_data_valid='1' ready='0' idle='1'
Time: 82242500 ps  Iteration: 0  Process: /tb_AI_TRIGGER_TOP/dut/u_DUT/\gen_lanes(1)\/u_LANE/line__273  File: /home/work1/Works/AI-Trigger-System/HDL/rtl/CNN_CORE_LANE.vhd
Note: LANE1 started=15 fifo_empty='0' fifo_data_valid='1' ready='0'
Time: 82952500 ps  Iteration: 0  Process: /tb_AI_TRIGGER_TOP/dut/u_DUT/\gen_lanes(1)\/u_LANE/line__273  File: /home/work1/Works/AI-Trigger-System/HDL/rtl/CNN_CORE_LANE.vhd
Note: LANE1 ADC busy_clear stream_done_seen='1' wr_count=0
Time: 82962 ns  Iteration: 0  Process: /tb_AI_TRIGGER_TOP/dut/u_DUT/\gen_lanes(1)\/u_LANE/line__191  File: /home/work1/Works/AI-Trigger-System/HDL/rtl/CNN_CORE_LANE.vhd
Note: LANE1 CNN output_valid score_raw=7321 started=15
Time: 83177500 ps  Iteration: 0  Process: /tb_AI_TRIGGER_TOP/dut/u_DUT/\gen_lanes(1)\/u_LANE/line__273  File: /home/work1/Works/AI-Trigger-System/HDL/rtl/CNN_CORE_LANE.vhd
    71 | 0x00001c99    |      3.574707 |     0 |    1 |      1.015
Note: DIST chunk_start seq=72 lane=2 busy='0'
Time: 83770 ns  Iteration: 0  Process: /tb_AI_TRIGGER_TOP/dut/u_DUT/u_DIST/line__134  File: /home/work1/Works/AI-Trigger-System/HDL/rtl/ADC_CHUNK_DISTRIBUTOR.vhd
Note: LANE2 ADC chunk_accept count=15 fifo_full='0'
Time: 83770 ns  Iteration: 0  Process: /tb_AI_TRIGGER_TOP/dut/u_DUT/\gen_lanes(2)\/u_LANE/line__191  File: /home/work1/Works/AI-Trigger-System/HDL/rtl/CNN_CORE_LANE.vhd
Note: LANE2 started_next=15 fifo_empty='0' fifo_data_valid='1' ready='0' idle='1'
Time: 83807500 ps  Iteration: 0  Process: /tb_AI_TRIGGER_TOP/dut/u_DUT/\gen_lanes(2)\/u_LANE/line__273  File: /home/work1/Works/AI-Trigger-System/HDL/rtl/CNN_CORE_LANE.vhd
Note: LANE2 started=15 fifo_empty='0' fifo_data_valid='1' ready='0'
Time: 84517500 ps  Iteration: 0  Process: /tb_AI_TRIGGER_TOP/dut/u_DUT/\gen_lanes(2)\/u_LANE/line__273  File: /home/work1/Works/AI-Trigger-System/HDL/rtl/CNN_CORE_LANE.vhd
Note: LANE2 ADC busy_clear stream_done_seen='1' wr_count=0
Time: 84526 ns  Iteration: 0  Process: /tb_AI_TRIGGER_TOP/dut/u_DUT/\gen_lanes(2)\/u_LANE/line__191  File: /home/work1/Works/AI-Trigger-System/HDL/rtl/CNN_CORE_LANE.vhd
Note: LANE2 CNN output_valid score_raw=8729 started=15
Time: 84742500 ps  Iteration: 0  Process: /tb_AI_TRIGGER_TOP/dut/u_DUT/\gen_lanes(2)\/u_LANE/line__273  File: /home/work1/Works/AI-Trigger-System/HDL/rtl/CNN_CORE_LANE.vhd
    72 | 0x00002219    |      4.262207 |     0 |    1 |      1.015
Note: DIST chunk_start seq=73 lane=3 busy='0'
Time: 85338 ns  Iteration: 0  Process: /tb_AI_TRIGGER_TOP/dut/u_DUT/u_DIST/line__134  File: /home/work1/Works/AI-Trigger-System/HDL/rtl/ADC_CHUNK_DISTRIBUTOR.vhd
Note: LANE3 ADC chunk_accept count=15 fifo_full='0'
Time: 85338 ns  Iteration: 0  Process: /tb_AI_TRIGGER_TOP/dut/u_DUT/\gen_lanes(3)\/u_LANE/line__191  File: /home/work1/Works/AI-Trigger-System/HDL/rtl/CNN_CORE_LANE.vhd
Note: LANE3 started_next=15 fifo_empty='0' fifo_data_valid='1' ready='0' idle='1'
Time: 85372500 ps  Iteration: 0  Process: /tb_AI_TRIGGER_TOP/dut/u_DUT/\gen_lanes(3)\/u_LANE/line__273  File: /home/work1/Works/AI-Trigger-System/HDL/rtl/CNN_CORE_LANE.vhd
Note: LANE3 started=15 fifo_empty='0' fifo_data_valid='1' ready='0'
Time: 86082500 ps  Iteration: 0  Process: /tb_AI_TRIGGER_TOP/dut/u_DUT/\gen_lanes(3)\/u_LANE/line__273  File: /home/work1/Works/AI-Trigger-System/HDL/rtl/CNN_CORE_LANE.vhd
Note: LANE3 ADC busy_clear stream_done_seen='1' wr_count=0
Time: 86094 ns  Iteration: 0  Process: /tb_AI_TRIGGER_TOP/dut/u_DUT/\gen_lanes(3)\/u_LANE/line__191  File: /home/work1/Works/AI-Trigger-System/HDL/rtl/CNN_CORE_LANE.vhd
Note: LANE3 CNN output_valid score_raw=8702 started=15
Time: 86307500 ps  Iteration: 0  Process: /tb_AI_TRIGGER_TOP/dut/u_DUT/\gen_lanes(3)\/u_LANE/line__273  File: /home/work1/Works/AI-Trigger-System/HDL/rtl/CNN_CORE_LANE.vhd
    73 | 0x000021fe    |      4.249023 |     0 |    1 |      1.010
Note: DIST chunk_start seq=74 lane=4 busy='0'
Time: 86902 ns  Iteration: 0  Process: /tb_AI_TRIGGER_TOP/dut/u_DUT/u_DIST/line__134  File: /home/work1/Works/AI-Trigger-System/HDL/rtl/ADC_CHUNK_DISTRIBUTOR.vhd
Note: LANE4 ADC chunk_accept count=15 fifo_full='0'
Time: 86902 ns  Iteration: 0  Process: /tb_AI_TRIGGER_TOP/dut/u_DUT/\gen_lanes(4)\/u_LANE/line__191  File: /home/work1/Works/AI-Trigger-System/HDL/rtl/CNN_CORE_LANE.vhd
Note: LANE4 started_next=15 fifo_empty='0' fifo_data_valid='1' ready='0' idle='1'
Time: 86937500 ps  Iteration: 0  Process: /tb_AI_TRIGGER_TOP/dut/u_DUT/\gen_lanes(4)\/u_LANE/line__273  File: /home/work1/Works/AI-Trigger-System/HDL/rtl/CNN_CORE_LANE.vhd
Note: LANE4 started=15 fifo_empty='0' fifo_data_valid='1' ready='0'
Time: 87647500 ps  Iteration: 0  Process: /tb_AI_TRIGGER_TOP/dut/u_DUT/\gen_lanes(4)\/u_LANE/line__273  File: /home/work1/Works/AI-Trigger-System/HDL/rtl/CNN_CORE_LANE.vhd
Note: LANE4 ADC busy_clear stream_done_seen='1' wr_count=0
Time: 87658 ns  Iteration: 0  Process: /tb_AI_TRIGGER_TOP/dut/u_DUT/\gen_lanes(4)\/u_LANE/line__191  File: /home/work1/Works/AI-Trigger-System/HDL/rtl/CNN_CORE_LANE.vhd
Note: LANE4 CNN output_valid score_raw=6431 started=15
Time: 87872500 ps  Iteration: 0  Process: /tb_AI_TRIGGER_TOP/dut/u_DUT/\gen_lanes(4)\/u_LANE/line__273  File: /home/work1/Works/AI-Trigger-System/HDL/rtl/CNN_CORE_LANE.vhd
    74 | 0x0000191f    |      3.140137 |     0 |    1 |      1.015
Note: DIST chunk_start seq=75 lane=0 busy='0'
Time: 88466 ns  Iteration: 0  Process: /tb_AI_TRIGGER_TOP/dut/u_DUT/u_DIST/line__134  File: /home/work1/Works/AI-Trigger-System/HDL/rtl/ADC_CHUNK_DISTRIBUTOR.vhd
Note: LANE0 ADC chunk_accept count=0 fifo_full='0'
Time: 88466 ns  Iteration: 0  Process: /tb_AI_TRIGGER_TOP/dut/u_DUT/\gen_lanes(0)\/u_LANE/line__191  File: /home/work1/Works/AI-Trigger-System/HDL/rtl/CNN_CORE_LANE.vhd
Note: LANE0 started_next=0 fifo_empty='0' fifo_data_valid='1' ready='0' idle='1'
Time: 88502500 ps  Iteration: 0  Process: /tb_AI_TRIGGER_TOP/dut/u_DUT/\gen_lanes(0)\/u_LANE/line__273  File: /home/work1/Works/AI-Trigger-System/HDL/rtl/CNN_CORE_LANE.vhd
Note: LANE0 started=0 fifo_empty='0' fifo_data_valid='1' ready='0'
Time: 89212500 ps  Iteration: 0  Process: /tb_AI_TRIGGER_TOP/dut/u_DUT/\gen_lanes(0)\/u_LANE/line__273  File: /home/work1/Works/AI-Trigger-System/HDL/rtl/CNN_CORE_LANE.vhd
Note: LANE0 ADC busy_clear stream_done_seen='0' wr_count=0
Time: 89222 ns  Iteration: 0  Process: /tb_AI_TRIGGER_TOP/dut/u_DUT/\gen_lanes(0)\/u_LANE/line__191  File: /home/work1/Works/AI-Trigger-System/HDL/rtl/CNN_CORE_LANE.vhd
Note: LANE0 CNN output_valid score_raw=6987 started=0
Time: 89437500 ps  Iteration: 0  Process: /tb_AI_TRIGGER_TOP/dut/u_DUT/\gen_lanes(0)\/u_LANE/line__273  File: /home/work1/Works/AI-Trigger-System/HDL/rtl/CNN_CORE_LANE.vhd
    75 | 0x00001b4b    |      3.411621 |     0 |    1 |      1.015
Note: DIST chunk_start seq=76 lane=1 busy='0'
Time: 90030 ns  Iteration: 0  Process: /tb_AI_TRIGGER_TOP/dut/u_DUT/u_DIST/line__134  File: /home/work1/Works/AI-Trigger-System/HDL/rtl/ADC_CHUNK_DISTRIBUTOR.vhd
Note: LANE1 ADC chunk_accept count=0 fifo_full='0'
Time: 90030 ns  Iteration: 0  Process: /tb_AI_TRIGGER_TOP/dut/u_DUT/\gen_lanes(1)\/u_LANE/line__191  File: /home/work1/Works/AI-Trigger-System/HDL/rtl/CNN_CORE_LANE.vhd
Note: LANE1 started_next=0 fifo_empty='0' fifo_data_valid='1' ready='0' idle='1'
Time: 90067500 ps  Iteration: 0  Process: /tb_AI_TRIGGER_TOP/dut/u_DUT/\gen_lanes(1)\/u_LANE/line__273  File: /home/work1/Works/AI-Trigger-System/HDL/rtl/CNN_CORE_LANE.vhd
Note: LANE1 started=0 fifo_empty='0' fifo_data_valid='1' ready='0'
Time: 90777500 ps  Iteration: 0  Process: /tb_AI_TRIGGER_TOP/dut/u_DUT/\gen_lanes(1)\/u_LANE/line__273  File: /home/work1/Works/AI-Trigger-System/HDL/rtl/CNN_CORE_LANE.vhd
Note: LANE1 ADC busy_clear stream_done_seen='0' wr_count=0
Time: 90786 ns  Iteration: 0  Process: /tb_AI_TRIGGER_TOP/dut/u_DUT/\gen_lanes(1)\/u_LANE/line__191  File: /home/work1/Works/AI-Trigger-System/HDL/rtl/CNN_CORE_LANE.vhd
Note: LANE1 CNN output_valid score_raw=8881 started=0
Time: 91002500 ps  Iteration: 0  Process: /tb_AI_TRIGGER_TOP/dut/u_DUT/\gen_lanes(1)\/u_LANE/line__273  File: /home/work1/Works/AI-Trigger-System/HDL/rtl/CNN_CORE_LANE.vhd
    76 | 0x000022b1    |      4.336426 |     0 |    1 |      1.015
Note: DIST chunk_start seq=77 lane=2 busy='0'
Time: 91598 ns  Iteration: 0  Process: /tb_AI_TRIGGER_TOP/dut/u_DUT/u_DIST/line__134  File: /home/work1/Works/AI-Trigger-System/HDL/rtl/ADC_CHUNK_DISTRIBUTOR.vhd
Note: LANE2 ADC chunk_accept count=0 fifo_full='0'
Time: 91598 ns  Iteration: 0  Process: /tb_AI_TRIGGER_TOP/dut/u_DUT/\gen_lanes(2)\/u_LANE/line__191  File: /home/work1/Works/AI-Trigger-System/HDL/rtl/CNN_CORE_LANE.vhd
Note: LANE2 started_next=0 fifo_empty='0' fifo_data_valid='1' ready='0' idle='1'
Time: 91632500 ps  Iteration: 0  Process: /tb_AI_TRIGGER_TOP/dut/u_DUT/\gen_lanes(2)\/u_LANE/line__273  File: /home/work1/Works/AI-Trigger-System/HDL/rtl/CNN_CORE_LANE.vhd
Note: LANE2 started=0 fifo_empty='0' fifo_data_valid='1' ready='0'
Time: 92342500 ps  Iteration: 0  Process: /tb_AI_TRIGGER_TOP/dut/u_DUT/\gen_lanes(2)\/u_LANE/line__273  File: /home/work1/Works/AI-Trigger-System/HDL/rtl/CNN_CORE_LANE.vhd
Note: LANE2 ADC busy_clear stream_done_seen='0' wr_count=0
Time: 92354 ns  Iteration: 0  Process: /tb_AI_TRIGGER_TOP/dut/u_DUT/\gen_lanes(2)\/u_LANE/line__191  File: /home/work1/Works/AI-Trigger-System/HDL/rtl/CNN_CORE_LANE.vhd
Note: LANE2 CNN output_valid score_raw=8756 started=0
Time: 92567500 ps  Iteration: 0  Process: /tb_AI_TRIGGER_TOP/dut/u_DUT/\gen_lanes(2)\/u_LANE/line__273  File: /home/work1/Works/AI-Trigger-System/HDL/rtl/CNN_CORE_LANE.vhd
    77 | 0x00002234    |      4.275391 |     0 |    1 |      1.010
Note: DIST chunk_start seq=78 lane=3 busy='0'
Time: 93162 ns  Iteration: 0  Process: /tb_AI_TRIGGER_TOP/dut/u_DUT/u_DIST/line__134  File: /home/work1/Works/AI-Trigger-System/HDL/rtl/ADC_CHUNK_DISTRIBUTOR.vhd
Note: LANE3 ADC chunk_accept count=0 fifo_full='0'
Time: 93162 ns  Iteration: 0  Process: /tb_AI_TRIGGER_TOP/dut/u_DUT/\gen_lanes(3)\/u_LANE/line__191  File: /home/work1/Works/AI-Trigger-System/HDL/rtl/CNN_CORE_LANE.vhd
Note: LANE3 started_next=0 fifo_empty='0' fifo_data_valid='1' ready='0' idle='1'
Time: 93197500 ps  Iteration: 0  Process: /tb_AI_TRIGGER_TOP/dut/u_DUT/\gen_lanes(3)\/u_LANE/line__273  File: /home/work1/Works/AI-Trigger-System/HDL/rtl/CNN_CORE_LANE.vhd
Note: LANE3 started=0 fifo_empty='0' fifo_data_valid='1' ready='0'
Time: 93907500 ps  Iteration: 0  Process: /tb_AI_TRIGGER_TOP/dut/u_DUT/\gen_lanes(3)\/u_LANE/line__273  File: /home/work1/Works/AI-Trigger-System/HDL/rtl/CNN_CORE_LANE.vhd
Note: LANE3 ADC busy_clear stream_done_seen='0' wr_count=0
Time: 93918 ns  Iteration: 0  Process: /tb_AI_TRIGGER_TOP/dut/u_DUT/\gen_lanes(3)\/u_LANE/line__191  File: /home/work1/Works/AI-Trigger-System/HDL/rtl/CNN_CORE_LANE.vhd
Note: LANE3 CNN output_valid score_raw=8195 started=0
Time: 94132500 ps  Iteration: 0  Process: /tb_AI_TRIGGER_TOP/dut/u_DUT/\gen_lanes(3)\/u_LANE/line__273  File: /home/work1/Works/AI-Trigger-System/HDL/rtl/CNN_CORE_LANE.vhd
    78 | 0x00002003    |      4.001465 |     0 |    1 |      1.015
Note: DIST chunk_start seq=79 lane=4 busy='0'
Time: 94726 ns  Iteration: 0  Process: /tb_AI_TRIGGER_TOP/dut/u_DUT/u_DIST/line__134  File: /home/work1/Works/AI-Trigger-System/HDL/rtl/ADC_CHUNK_DISTRIBUTOR.vhd
Note: LANE4 ADC chunk_accept count=0 fifo_full='0'
Time: 94726 ns  Iteration: 0  Process: /tb_AI_TRIGGER_TOP/dut/u_DUT/\gen_lanes(4)\/u_LANE/line__191  File: /home/work1/Works/AI-Trigger-System/HDL/rtl/CNN_CORE_LANE.vhd
Note: LANE4 started_next=0 fifo_empty='0' fifo_data_valid='1' ready='0' idle='1'
Time: 94762500 ps  Iteration: 0  Process: /tb_AI_TRIGGER_TOP/dut/u_DUT/\gen_lanes(4)\/u_LANE/line__273  File: /home/work1/Works/AI-Trigger-System/HDL/rtl/CNN_CORE_LANE.vhd
Note: LANE4 started=0 fifo_empty='0' fifo_data_valid='1' ready='0'
Time: 95472500 ps  Iteration: 0  Process: /tb_AI_TRIGGER_TOP/dut/u_DUT/\gen_lanes(4)\/u_LANE/line__273  File: /home/work1/Works/AI-Trigger-System/HDL/rtl/CNN_CORE_LANE.vhd
Note: LANE4 ADC busy_clear stream_done_seen='0' wr_count=0
Time: 95482 ns  Iteration: 0  Process: /tb_AI_TRIGGER_TOP/dut/u_DUT/\gen_lanes(4)\/u_LANE/line__191  File: /home/work1/Works/AI-Trigger-System/HDL/rtl/CNN_CORE_LANE.vhd
Note: LANE4 CNN output_valid score_raw=7410 started=0
Time: 95697500 ps  Iteration: 0  Process: /tb_AI_TRIGGER_TOP/dut/u_DUT/\gen_lanes(4)\/u_LANE/line__273  File: /home/work1/Works/AI-Trigger-System/HDL/rtl/CNN_CORE_LANE.vhd
    79 | 0x00001cf2    |      3.618164 |     0 |    1 |      1.015
Note: DIST chunk_start seq=80 lane=0 busy='0'
Time: 96290 ns  Iteration: 0  Process: /tb_AI_TRIGGER_TOP/dut/u_DUT/u_DIST/line__134  File: /home/work1/Works/AI-Trigger-System/HDL/rtl/ADC_CHUNK_DISTRIBUTOR.vhd
Note: LANE0 ADC chunk_accept count=1 fifo_full='0'
Time: 96290 ns  Iteration: 0  Process: /tb_AI_TRIGGER_TOP/dut/u_DUT/\gen_lanes(0)\/u_LANE/line__191  File: /home/work1/Works/AI-Trigger-System/HDL/rtl/CNN_CORE_LANE.vhd
Note: LANE0 started_next=1 fifo_empty='0' fifo_data_valid='1' ready='0' idle='1'
Time: 96327500 ps  Iteration: 0  Process: /tb_AI_TRIGGER_TOP/dut/u_DUT/\gen_lanes(0)\/u_LANE/line__273  File: /home/work1/Works/AI-Trigger-System/HDL/rtl/CNN_CORE_LANE.vhd
Note: LANE0 started=1 fifo_empty='0' fifo_data_valid='1' ready='0'
Time: 97037500 ps  Iteration: 0  Process: /tb_AI_TRIGGER_TOP/dut/u_DUT/\gen_lanes(0)\/u_LANE/line__273  File: /home/work1/Works/AI-Trigger-System/HDL/rtl/CNN_CORE_LANE.vhd
Note: LANE0 ADC busy_clear stream_done_seen='1' wr_count=0
Time: 97046 ns  Iteration: 0  Process: /tb_AI_TRIGGER_TOP/dut/u_DUT/\gen_lanes(0)\/u_LANE/line__191  File: /home/work1/Works/AI-Trigger-System/HDL/rtl/CNN_CORE_LANE.vhd
Note: LANE0 CNN output_valid score_raw=5203 started=1
Time: 97262500 ps  Iteration: 0  Process: /tb_AI_TRIGGER_TOP/dut/u_DUT/\gen_lanes(0)\/u_LANE/line__273  File: /home/work1/Works/AI-Trigger-System/HDL/rtl/CNN_CORE_LANE.vhd
    80 | 0x00001453    |      2.540527 |     0 |    1 |      1.015
Note: DIST chunk_start seq=81 lane=1 busy='0'
Time: 97858 ns  Iteration: 0  Process: /tb_AI_TRIGGER_TOP/dut/u_DUT/u_DIST/line__134  File: /home/work1/Works/AI-Trigger-System/HDL/rtl/ADC_CHUNK_DISTRIBUTOR.vhd
Note: LANE1 ADC chunk_accept count=1 fifo_full='0'
Time: 97858 ns  Iteration: 0  Process: /tb_AI_TRIGGER_TOP/dut/u_DUT/\gen_lanes(1)\/u_LANE/line__191  File: /home/work1/Works/AI-Trigger-System/HDL/rtl/CNN_CORE_LANE.vhd
Note: LANE1 started_next=1 fifo_empty='0' fifo_data_valid='1' ready='0' idle='1'
Time: 97892500 ps  Iteration: 0  Process: /tb_AI_TRIGGER_TOP/dut/u_DUT/\gen_lanes(1)\/u_LANE/line__273  File: /home/work1/Works/AI-Trigger-System/HDL/rtl/CNN_CORE_LANE.vhd
Note: LANE1 started=1 fifo_empty='0' fifo_data_valid='1' ready='0'
Time: 98602500 ps  Iteration: 0  Process: /tb_AI_TRIGGER_TOP/dut/u_DUT/\gen_lanes(1)\/u_LANE/line__273  File: /home/work1/Works/AI-Trigger-System/HDL/rtl/CNN_CORE_LANE.vhd
Note: LANE1 ADC busy_clear stream_done_seen='1' wr_count=0
Time: 98614 ns  Iteration: 0  Process: /tb_AI_TRIGGER_TOP/dut/u_DUT/\gen_lanes(1)\/u_LANE/line__191  File: /home/work1/Works/AI-Trigger-System/HDL/rtl/CNN_CORE_LANE.vhd
Note: LANE1 CNN output_valid score_raw=6583 started=1
Time: 98827500 ps  Iteration: 0  Process: /tb_AI_TRIGGER_TOP/dut/u_DUT/\gen_lanes(1)\/u_LANE/line__273  File: /home/work1/Works/AI-Trigger-System/HDL/rtl/CNN_CORE_LANE.vhd
    81 | 0x000019b7    |      3.214355 |     0 |    1 |      1.010
Note: DIST chunk_start seq=82 lane=2 busy='0'
Time: 99422 ns  Iteration: 0  Process: /tb_AI_TRIGGER_TOP/dut/u_DUT/u_DIST/line__134  File: /home/work1/Works/AI-Trigger-System/HDL/rtl/ADC_CHUNK_DISTRIBUTOR.vhd
Note: LANE2 ADC chunk_accept count=1 fifo_full='0'
Time: 99422 ns  Iteration: 0  Process: /tb_AI_TRIGGER_TOP/dut/u_DUT/\gen_lanes(2)\/u_LANE/line__191  File: /home/work1/Works/AI-Trigger-System/HDL/rtl/CNN_CORE_LANE.vhd
Note: LANE2 started_next=1 fifo_empty='0' fifo_data_valid='1' ready='0' idle='1'
Time: 99457500 ps  Iteration: 0  Process: /tb_AI_TRIGGER_TOP/dut/u_DUT/\gen_lanes(2)\/u_LANE/line__273  File: /home/work1/Works/AI-Trigger-System/HDL/rtl/CNN_CORE_LANE.vhd
Note: LANE2 started=1 fifo_empty='0' fifo_data_valid='1' ready='0'
Time: 100167500 ps  Iteration: 0  Process: /tb_AI_TRIGGER_TOP/dut/u_DUT/\gen_lanes(2)\/u_LANE/line__273  File: /home/work1/Works/AI-Trigger-System/HDL/rtl/CNN_CORE_LANE.vhd
Note: LANE2 ADC busy_clear stream_done_seen='1' wr_count=0
Time: 100178 ns  Iteration: 0  Process: /tb_AI_TRIGGER_TOP/dut/u_DUT/\gen_lanes(2)\/u_LANE/line__191  File: /home/work1/Works/AI-Trigger-System/HDL/rtl/CNN_CORE_LANE.vhd
Note: LANE2 CNN output_valid score_raw=8789 started=1
Time: 100392500 ps  Iteration: 0  Process: /tb_AI_TRIGGER_TOP/dut/u_DUT/\gen_lanes(2)\/u_LANE/line__273  File: /home/work1/Works/AI-Trigger-System/HDL/rtl/CNN_CORE_LANE.vhd
    82 | 0x00002255    |      4.291504 |     0 |    1 |      1.015
Note: DIST chunk_start seq=83 lane=3 busy='0'
Time: 100986 ns  Iteration: 0  Process: /tb_AI_TRIGGER_TOP/dut/u_DUT/u_DIST/line__134  File: /home/work1/Works/AI-Trigger-System/HDL/rtl/ADC_CHUNK_DISTRIBUTOR.vhd
Note: LANE3 ADC chunk_accept count=1 fifo_full='0'
Time: 100986 ns  Iteration: 0  Process: /tb_AI_TRIGGER_TOP/dut/u_DUT/\gen_lanes(3)\/u_LANE/line__191  File: /home/work1/Works/AI-Trigger-System/HDL/rtl/CNN_CORE_LANE.vhd
Note: LANE3 started_next=1 fifo_empty='0' fifo_data_valid='1' ready='0' idle='1'
Time: 101022500 ps  Iteration: 0  Process: /tb_AI_TRIGGER_TOP/dut/u_DUT/\gen_lanes(3)\/u_LANE/line__273  File: /home/work1/Works/AI-Trigger-System/HDL/rtl/CNN_CORE_LANE.vhd
Note: LANE3 started=1 fifo_empty='0' fifo_data_valid='1' ready='0'
Time: 101732500 ps  Iteration: 0  Process: /tb_AI_TRIGGER_TOP/dut/u_DUT/\gen_lanes(3)\/u_LANE/line__273  File: /home/work1/Works/AI-Trigger-System/HDL/rtl/CNN_CORE_LANE.vhd
Note: LANE3 ADC busy_clear stream_done_seen='1' wr_count=0
Time: 101742 ns  Iteration: 0  Process: /tb_AI_TRIGGER_TOP/dut/u_DUT/\gen_lanes(3)\/u_LANE/line__191  File: /home/work1/Works/AI-Trigger-System/HDL/rtl/CNN_CORE_LANE.vhd
Note: LANE3 CNN output_valid score_raw=7893 started=1
Time: 101957500 ps  Iteration: 0  Process: /tb_AI_TRIGGER_TOP/dut/u_DUT/\gen_lanes(3)\/u_LANE/line__273  File: /home/work1/Works/AI-Trigger-System/HDL/rtl/CNN_CORE_LANE.vhd
    83 | 0x00001ed5    |      3.854004 |     0 |    1 |      1.015
Note: DIST chunk_start seq=84 lane=4 busy='0'
Time: 102550 ns  Iteration: 0  Process: /tb_AI_TRIGGER_TOP/dut/u_DUT/u_DIST/line__134  File: /home/work1/Works/AI-Trigger-System/HDL/rtl/ADC_CHUNK_DISTRIBUTOR.vhd
Note: LANE4 ADC chunk_accept count=1 fifo_full='0'
Time: 102550 ns  Iteration: 0  Process: /tb_AI_TRIGGER_TOP/dut/u_DUT/\gen_lanes(4)\/u_LANE/line__191  File: /home/work1/Works/AI-Trigger-System/HDL/rtl/CNN_CORE_LANE.vhd
Note: LANE4 started_next=1 fifo_empty='0' fifo_data_valid='1' ready='0' idle='1'
Time: 102587500 ps  Iteration: 0  Process: /tb_AI_TRIGGER_TOP/dut/u_DUT/\gen_lanes(4)\/u_LANE/line__273  File: /home/work1/Works/AI-Trigger-System/HDL/rtl/CNN_CORE_LANE.vhd
Note: LANE4 started=1 fifo_empty='0' fifo_data_valid='1' ready='0'
Time: 103297500 ps  Iteration: 0  Process: /tb_AI_TRIGGER_TOP/dut/u_DUT/\gen_lanes(4)\/u_LANE/line__273  File: /home/work1/Works/AI-Trigger-System/HDL/rtl/CNN_CORE_LANE.vhd
Note: LANE4 ADC busy_clear stream_done_seen='1' wr_count=0
Time: 103306 ns  Iteration: 0  Process: /tb_AI_TRIGGER_TOP/dut/u_DUT/\gen_lanes(4)\/u_LANE/line__191  File: /home/work1/Works/AI-Trigger-System/HDL/rtl/CNN_CORE_LANE.vhd
Note: LANE4 CNN output_valid score_raw=6301 started=1
Time: 103522500 ps  Iteration: 0  Process: /tb_AI_TRIGGER_TOP/dut/u_DUT/\gen_lanes(4)\/u_LANE/line__273  File: /home/work1/Works/AI-Trigger-System/HDL/rtl/CNN_CORE_LANE.vhd
    84 | 0x0000189d    |      3.076660 |     0 |    1 |      1.015
Note: DIST chunk_start seq=85 lane=0 busy='0'
Time: 104118 ns  Iteration: 0  Process: /tb_AI_TRIGGER_TOP/dut/u_DUT/u_DIST/line__134  File: /home/work1/Works/AI-Trigger-System/HDL/rtl/ADC_CHUNK_DISTRIBUTOR.vhd
Note: LANE0 ADC chunk_accept count=2 fifo_full='0'
Time: 104118 ns  Iteration: 0  Process: /tb_AI_TRIGGER_TOP/dut/u_DUT/\gen_lanes(0)\/u_LANE/line__191  File: /home/work1/Works/AI-Trigger-System/HDL/rtl/CNN_CORE_LANE.vhd
Note: LANE0 started_next=2 fifo_empty='0' fifo_data_valid='1' ready='0' idle='1'
Time: 104152500 ps  Iteration: 0  Process: /tb_AI_TRIGGER_TOP/dut/u_DUT/\gen_lanes(0)\/u_LANE/line__273  File: /home/work1/Works/AI-Trigger-System/HDL/rtl/CNN_CORE_LANE.vhd
Note: LANE0 started=2 fifo_empty='0' fifo_data_valid='1' ready='0'
Time: 104862500 ps  Iteration: 0  Process: /tb_AI_TRIGGER_TOP/dut/u_DUT/\gen_lanes(0)\/u_LANE/line__273  File: /home/work1/Works/AI-Trigger-System/HDL/rtl/CNN_CORE_LANE.vhd
Note: LANE0 ADC busy_clear stream_done_seen='0' wr_count=0
Time: 104874 ns  Iteration: 0  Process: /tb_AI_TRIGGER_TOP/dut/u_DUT/\gen_lanes(0)\/u_LANE/line__191  File: /home/work1/Works/AI-Trigger-System/HDL/rtl/CNN_CORE_LANE.vhd
Note: LANE0 CNN output_valid score_raw=4850 started=2
Time: 105087500 ps  Iteration: 0  Process: /tb_AI_TRIGGER_TOP/dut/u_DUT/\gen_lanes(0)\/u_LANE/line__273  File: /home/work1/Works/AI-Trigger-System/HDL/rtl/CNN_CORE_LANE.vhd
    85 | 0x000012f2    |      2.368164 |     0 |    1 |      1.010
Note: DIST chunk_start seq=86 lane=1 busy='0'
Time: 105682 ns  Iteration: 0  Process: /tb_AI_TRIGGER_TOP/dut/u_DUT/u_DIST/line__134  File: /home/work1/Works/AI-Trigger-System/HDL/rtl/ADC_CHUNK_DISTRIBUTOR.vhd
Note: LANE1 ADC chunk_accept count=2 fifo_full='0'
Time: 105682 ns  Iteration: 0  Process: /tb_AI_TRIGGER_TOP/dut/u_DUT/\gen_lanes(1)\/u_LANE/line__191  File: /home/work1/Works/AI-Trigger-System/HDL/rtl/CNN_CORE_LANE.vhd
Note: LANE1 started_next=2 fifo_empty='0' fifo_data_valid='1' ready='0' idle='1'
Time: 105717500 ps  Iteration: 0  Process: /tb_AI_TRIGGER_TOP/dut/u_DUT/\gen_lanes(1)\/u_LANE/line__273  File: /home/work1/Works/AI-Trigger-System/HDL/rtl/CNN_CORE_LANE.vhd
Note: LANE1 started=2 fifo_empty='0' fifo_data_valid='1' ready='0'
Time: 106427500 ps  Iteration: 0  Process: /tb_AI_TRIGGER_TOP/dut/u_DUT/\gen_lanes(1)\/u_LANE/line__273  File: /home/work1/Works/AI-Trigger-System/HDL/rtl/CNN_CORE_LANE.vhd
Note: LANE1 ADC busy_clear stream_done_seen='0' wr_count=0
Time: 106438 ns  Iteration: 0  Process: /tb_AI_TRIGGER_TOP/dut/u_DUT/\gen_lanes(1)\/u_LANE/line__191  File: /home/work1/Works/AI-Trigger-System/HDL/rtl/CNN_CORE_LANE.vhd
Note: LANE1 CNN output_valid score_raw=3328 started=2
Time: 106652500 ps  Iteration: 0  Process: /tb_AI_TRIGGER_TOP/dut/u_DUT/\gen_lanes(1)\/u_LANE/line__273  File: /home/work1/Works/AI-Trigger-System/HDL/rtl/CNN_CORE_LANE.vhd
    86 | 0x00000d00    |      1.625000 |     0 |    1 |      1.015
Note: DIST chunk_start seq=87 lane=2 busy='0'
Time: 107246 ns  Iteration: 0  Process: /tb_AI_TRIGGER_TOP/dut/u_DUT/u_DIST/line__134  File: /home/work1/Works/AI-Trigger-System/HDL/rtl/ADC_CHUNK_DISTRIBUTOR.vhd
Note: LANE2 ADC chunk_accept count=2 fifo_full='0'
Time: 107246 ns  Iteration: 0  Process: /tb_AI_TRIGGER_TOP/dut/u_DUT/\gen_lanes(2)\/u_LANE/line__191  File: /home/work1/Works/AI-Trigger-System/HDL/rtl/CNN_CORE_LANE.vhd
Note: LANE2 started_next=2 fifo_empty='0' fifo_data_valid='1' ready='0' idle='1'
Time: 107282500 ps  Iteration: 0  Process: /tb_AI_TRIGGER_TOP/dut/u_DUT/\gen_lanes(2)\/u_LANE/line__273  File: /home/work1/Works/AI-Trigger-System/HDL/rtl/CNN_CORE_LANE.vhd
Note: LANE2 started=2 fifo_empty='0' fifo_data_valid='1' ready='0'
Time: 107992500 ps  Iteration: 0  Process: /tb_AI_TRIGGER_TOP/dut/u_DUT/\gen_lanes(2)\/u_LANE/line__273  File: /home/work1/Works/AI-Trigger-System/HDL/rtl/CNN_CORE_LANE.vhd
Note: LANE2 ADC busy_clear stream_done_seen='0' wr_count=0
Time: 108002 ns  Iteration: 0  Process: /tb_AI_TRIGGER_TOP/dut/u_DUT/\gen_lanes(2)\/u_LANE/line__191  File: /home/work1/Works/AI-Trigger-System/HDL/rtl/CNN_CORE_LANE.vhd
Note: LANE2 CNN output_valid score_raw=3563 started=2
Time: 108217500 ps  Iteration: 0  Process: /tb_AI_TRIGGER_TOP/dut/u_DUT/\gen_lanes(2)\/u_LANE/line__273  File: /home/work1/Works/AI-Trigger-System/HDL/rtl/CNN_CORE_LANE.vhd
    87 | 0x00000deb    |      1.739746 |     0 |    1 |      1.015
Note: DIST chunk_start seq=88 lane=3 busy='0'
Time: 108810 ns  Iteration: 0  Process: /tb_AI_TRIGGER_TOP/dut/u_DUT/u_DIST/line__134  File: /home/work1/Works/AI-Trigger-System/HDL/rtl/ADC_CHUNK_DISTRIBUTOR.vhd
Note: LANE3 ADC chunk_accept count=2 fifo_full='0'
Time: 108810 ns  Iteration: 0  Process: /tb_AI_TRIGGER_TOP/dut/u_DUT/\gen_lanes(3)\/u_LANE/line__191  File: /home/work1/Works/AI-Trigger-System/HDL/rtl/CNN_CORE_LANE.vhd
Note: LANE3 started_next=2 fifo_empty='0' fifo_data_valid='1' ready='0' idle='1'
Time: 108847500 ps  Iteration: 0  Process: /tb_AI_TRIGGER_TOP/dut/u_DUT/\gen_lanes(3)\/u_LANE/line__273  File: /home/work1/Works/AI-Trigger-System/HDL/rtl/CNN_CORE_LANE.vhd
Note: LANE3 started=2 fifo_empty='0' fifo_data_valid='1' ready='0'
Time: 109557500 ps  Iteration: 0  Process: /tb_AI_TRIGGER_TOP/dut/u_DUT/\gen_lanes(3)\/u_LANE/line__273  File: /home/work1/Works/AI-Trigger-System/HDL/rtl/CNN_CORE_LANE.vhd
Note: LANE3 ADC busy_clear stream_done_seen='0' wr_count=0
Time: 109566 ns  Iteration: 0  Process: /tb_AI_TRIGGER_TOP/dut/u_DUT/\gen_lanes(3)\/u_LANE/line__191  File: /home/work1/Works/AI-Trigger-System/HDL/rtl/CNN_CORE_LANE.vhd
Note: LANE3 CNN output_valid score_raw=5179 started=2
Time: 109782500 ps  Iteration: 0  Process: /tb_AI_TRIGGER_TOP/dut/u_DUT/\gen_lanes(3)\/u_LANE/line__273  File: /home/work1/Works/AI-Trigger-System/HDL/rtl/CNN_CORE_LANE.vhd
    88 | 0x0000143b    |      2.528809 |     0 |    1 |      1.015
Note: DIST chunk_start seq=89 lane=4 busy='0'
Time: 110378 ns  Iteration: 0  Process: /tb_AI_TRIGGER_TOP/dut/u_DUT/u_DIST/line__134  File: /home/work1/Works/AI-Trigger-System/HDL/rtl/ADC_CHUNK_DISTRIBUTOR.vhd
Note: LANE4 ADC chunk_accept count=2 fifo_full='0'
Time: 110378 ns  Iteration: 0  Process: /tb_AI_TRIGGER_TOP/dut/u_DUT/\gen_lanes(4)\/u_LANE/line__191  File: /home/work1/Works/AI-Trigger-System/HDL/rtl/CNN_CORE_LANE.vhd
Note: LANE4 started_next=2 fifo_empty='0' fifo_data_valid='1' ready='0' idle='1'
Time: 110412500 ps  Iteration: 0  Process: /tb_AI_TRIGGER_TOP/dut/u_DUT/\gen_lanes(4)\/u_LANE/line__273  File: /home/work1/Works/AI-Trigger-System/HDL/rtl/CNN_CORE_LANE.vhd
Note: LANE4 started=2 fifo_empty='0' fifo_data_valid='1' ready='0'
Time: 111122500 ps  Iteration: 0  Process: /tb_AI_TRIGGER_TOP/dut/u_DUT/\gen_lanes(4)\/u_LANE/line__273  File: /home/work1/Works/AI-Trigger-System/HDL/rtl/CNN_CORE_LANE.vhd
Note: LANE4 ADC busy_clear stream_done_seen='0' wr_count=0
Time: 111134 ns  Iteration: 0  Process: /tb_AI_TRIGGER_TOP/dut/u_DUT/\gen_lanes(4)\/u_LANE/line__191  File: /home/work1/Works/AI-Trigger-System/HDL/rtl/CNN_CORE_LANE.vhd
Note: LANE4 CNN output_valid score_raw=5199 started=2
Time: 111347500 ps  Iteration: 0  Process: /tb_AI_TRIGGER_TOP/dut/u_DUT/\gen_lanes(4)\/u_LANE/line__273  File: /home/work1/Works/AI-Trigger-System/HDL/rtl/CNN_CORE_LANE.vhd
    89 | 0x0000144f    |      2.538574 |     0 |    1 |      1.010
Note: DIST chunk_start seq=90 lane=0 busy='0'
Time: 111942 ns  Iteration: 0  Process: /tb_AI_TRIGGER_TOP/dut/u_DUT/u_DIST/line__134  File: /home/work1/Works/AI-Trigger-System/HDL/rtl/ADC_CHUNK_DISTRIBUTOR.vhd
Note: LANE0 ADC chunk_accept count=3 fifo_full='0'
Time: 111942 ns  Iteration: 0  Process: /tb_AI_TRIGGER_TOP/dut/u_DUT/\gen_lanes(0)\/u_LANE/line__191  File: /home/work1/Works/AI-Trigger-System/HDL/rtl/CNN_CORE_LANE.vhd
Note: LANE0 started_next=3 fifo_empty='0' fifo_data_valid='1' ready='0' idle='1'
Time: 111977500 ps  Iteration: 0  Process: /tb_AI_TRIGGER_TOP/dut/u_DUT/\gen_lanes(0)\/u_LANE/line__273  File: /home/work1/Works/AI-Trigger-System/HDL/rtl/CNN_CORE_LANE.vhd
Note: LANE0 started=3 fifo_empty='0' fifo_data_valid='1' ready='0'
Time: 112687500 ps  Iteration: 0  Process: /tb_AI_TRIGGER_TOP/dut/u_DUT/\gen_lanes(0)\/u_LANE/line__273  File: /home/work1/Works/AI-Trigger-System/HDL/rtl/CNN_CORE_LANE.vhd
Note: LANE0 ADC busy_clear stream_done_seen='1' wr_count=0
Time: 112698 ns  Iteration: 0  Process: /tb_AI_TRIGGER_TOP/dut/u_DUT/\gen_lanes(0)\/u_LANE/line__191  File: /home/work1/Works/AI-Trigger-System/HDL/rtl/CNN_CORE_LANE.vhd
Note: LANE0 CNN output_valid score_raw=3123 started=3
Time: 112912500 ps  Iteration: 0  Process: /tb_AI_TRIGGER_TOP/dut/u_DUT/\gen_lanes(0)\/u_LANE/line__273  File: /home/work1/Works/AI-Trigger-System/HDL/rtl/CNN_CORE_LANE.vhd
    90 | 0x00000c33    |      1.524902 |     0 |    1 |      1.015
Note: DIST chunk_start seq=91 lane=1 busy='0'
Time: 113506 ns  Iteration: 0  Process: /tb_AI_TRIGGER_TOP/dut/u_DUT/u_DIST/line__134  File: /home/work1/Works/AI-Trigger-System/HDL/rtl/ADC_CHUNK_DISTRIBUTOR.vhd
Note: LANE1 ADC chunk_accept count=3 fifo_full='0'
Time: 113506 ns  Iteration: 0  Process: /tb_AI_TRIGGER_TOP/dut/u_DUT/\gen_lanes(1)\/u_LANE/line__191  File: /home/work1/Works/AI-Trigger-System/HDL/rtl/CNN_CORE_LANE.vhd
Note: LANE1 started_next=3 fifo_empty='0' fifo_data_valid='1' ready='0' idle='1'
Time: 113542500 ps  Iteration: 0  Process: /tb_AI_TRIGGER_TOP/dut/u_DUT/\gen_lanes(1)\/u_LANE/line__273  File: /home/work1/Works/AI-Trigger-System/HDL/rtl/CNN_CORE_LANE.vhd
Note: LANE1 started=3 fifo_empty='0' fifo_data_valid='1' ready='0'
Time: 114252500 ps  Iteration: 0  Process: /tb_AI_TRIGGER_TOP/dut/u_DUT/\gen_lanes(1)\/u_LANE/line__273  File: /home/work1/Works/AI-Trigger-System/HDL/rtl/CNN_CORE_LANE.vhd
Note: LANE1 ADC busy_clear stream_done_seen='1' wr_count=0
Time: 114262 ns  Iteration: 0  Process: /tb_AI_TRIGGER_TOP/dut/u_DUT/\gen_lanes(1)\/u_LANE/line__191  File: /home/work1/Works/AI-Trigger-System/HDL/rtl/CNN_CORE_LANE.vhd
Note: LANE1 CNN output_valid score_raw=1770 started=3
Time: 114477500 ps  Iteration: 0  Process: /tb_AI_TRIGGER_TOP/dut/u_DUT/\gen_lanes(1)\/u_LANE/line__273  File: /home/work1/Works/AI-Trigger-System/HDL/rtl/CNN_CORE_LANE.vhd
    91 | 0x000006ea    |      0.864258 |     0 |    1 |      1.015
Note: DIST chunk_start seq=92 lane=2 busy='0'
Time: 115070 ns  Iteration: 0  Process: /tb_AI_TRIGGER_TOP/dut/u_DUT/u_DIST/line__134  File: /home/work1/Works/AI-Trigger-System/HDL/rtl/ADC_CHUNK_DISTRIBUTOR.vhd
Note: LANE2 ADC chunk_accept count=3 fifo_full='0'
Time: 115070 ns  Iteration: 0  Process: /tb_AI_TRIGGER_TOP/dut/u_DUT/\gen_lanes(2)\/u_LANE/line__191  File: /home/work1/Works/AI-Trigger-System/HDL/rtl/CNN_CORE_LANE.vhd
Note: LANE2 started_next=3 fifo_empty='0' fifo_data_valid='1' ready='0' idle='1'
Time: 115107500 ps  Iteration: 0  Process: /tb_AI_TRIGGER_TOP/dut/u_DUT/\gen_lanes(2)\/u_LANE/line__273  File: /home/work1/Works/AI-Trigger-System/HDL/rtl/CNN_CORE_LANE.vhd
Note: LANE2 started=3 fifo_empty='0' fifo_data_valid='1' ready='0'
Time: 115817500 ps  Iteration: 0  Process: /tb_AI_TRIGGER_TOP/dut/u_DUT/\gen_lanes(2)\/u_LANE/line__273  File: /home/work1/Works/AI-Trigger-System/HDL/rtl/CNN_CORE_LANE.vhd
Note: LANE2 ADC busy_clear stream_done_seen='1' wr_count=0
Time: 115826 ns  Iteration: 0  Process: /tb_AI_TRIGGER_TOP/dut/u_DUT/\gen_lanes(2)\/u_LANE/line__191  File: /home/work1/Works/AI-Trigger-System/HDL/rtl/CNN_CORE_LANE.vhd
Note: LANE2 CNN output_valid score_raw=1510 started=3
Time: 116042500 ps  Iteration: 0  Process: /tb_AI_TRIGGER_TOP/dut/u_DUT/\gen_lanes(2)\/u_LANE/line__273  File: /home/work1/Works/AI-Trigger-System/HDL/rtl/CNN_CORE_LANE.vhd
    92 | 0x000005e6    |      0.737305 |     0 |    1 |      1.015
Note: DIST chunk_start seq=93 lane=3 busy='0'
Time: 116638 ns  Iteration: 0  Process: /tb_AI_TRIGGER_TOP/dut/u_DUT/u_DIST/line__134  File: /home/work1/Works/AI-Trigger-System/HDL/rtl/ADC_CHUNK_DISTRIBUTOR.vhd
Note: LANE3 ADC chunk_accept count=3 fifo_full='0'
Time: 116638 ns  Iteration: 0  Process: /tb_AI_TRIGGER_TOP/dut/u_DUT/\gen_lanes(3)\/u_LANE/line__191  File: /home/work1/Works/AI-Trigger-System/HDL/rtl/CNN_CORE_LANE.vhd
Note: LANE3 started_next=3 fifo_empty='0' fifo_data_valid='1' ready='0' idle='1'
Time: 116672500 ps  Iteration: 0  Process: /tb_AI_TRIGGER_TOP/dut/u_DUT/\gen_lanes(3)\/u_LANE/line__273  File: /home/work1/Works/AI-Trigger-System/HDL/rtl/CNN_CORE_LANE.vhd
Note: LANE3 started=3 fifo_empty='0' fifo_data_valid='1' ready='0'
Time: 117382500 ps  Iteration: 0  Process: /tb_AI_TRIGGER_TOP/dut/u_DUT/\gen_lanes(3)\/u_LANE/line__273  File: /home/work1/Works/AI-Trigger-System/HDL/rtl/CNN_CORE_LANE.vhd
Note: LANE3 ADC busy_clear stream_done_seen='1' wr_count=0
Time: 117394 ns  Iteration: 0  Process: /tb_AI_TRIGGER_TOP/dut/u_DUT/\gen_lanes(3)\/u_LANE/line__191  File: /home/work1/Works/AI-Trigger-System/HDL/rtl/CNN_CORE_LANE.vhd
Note: LANE3 CNN output_valid score_raw=1642 started=3
Time: 117607500 ps  Iteration: 0  Process: /tb_AI_TRIGGER_TOP/dut/u_DUT/\gen_lanes(3)\/u_LANE/line__273  File: /home/work1/Works/AI-Trigger-System/HDL/rtl/CNN_CORE_LANE.vhd
    93 | 0x0000066a    |      0.801758 |     0 |    1 |      1.010
Note: DIST chunk_start seq=94 lane=4 busy='0'
Time: 118202 ns  Iteration: 0  Process: /tb_AI_TRIGGER_TOP/dut/u_DUT/u_DIST/line__134  File: /home/work1/Works/AI-Trigger-System/HDL/rtl/ADC_CHUNK_DISTRIBUTOR.vhd
Note: LANE4 ADC chunk_accept count=3 fifo_full='0'
Time: 118202 ns  Iteration: 0  Process: /tb_AI_TRIGGER_TOP/dut/u_DUT/\gen_lanes(4)\/u_LANE/line__191  File: /home/work1/Works/AI-Trigger-System/HDL/rtl/CNN_CORE_LANE.vhd
Note: LANE4 started_next=3 fifo_empty='0' fifo_data_valid='1' ready='0' idle='1'
Time: 118237500 ps  Iteration: 0  Process: /tb_AI_TRIGGER_TOP/dut/u_DUT/\gen_lanes(4)\/u_LANE/line__273  File: /home/work1/Works/AI-Trigger-System/HDL/rtl/CNN_CORE_LANE.vhd
Note: LANE4 started=3 fifo_empty='0' fifo_data_valid='1' ready='0'
Time: 118947500 ps  Iteration: 0  Process: /tb_AI_TRIGGER_TOP/dut/u_DUT/\gen_lanes(4)\/u_LANE/line__273  File: /home/work1/Works/AI-Trigger-System/HDL/rtl/CNN_CORE_LANE.vhd
Note: LANE4 ADC busy_clear stream_done_seen='1' wr_count=0
Time: 118958 ns  Iteration: 0  Process: /tb_AI_TRIGGER_TOP/dut/u_DUT/\gen_lanes(4)\/u_LANE/line__191  File: /home/work1/Works/AI-Trigger-System/HDL/rtl/CNN_CORE_LANE.vhd
Note: LANE4 CNN output_valid score_raw=2776 started=3
Time: 119172500 ps  Iteration: 0  Process: /tb_AI_TRIGGER_TOP/dut/u_DUT/\gen_lanes(4)\/u_LANE/line__273  File: /home/work1/Works/AI-Trigger-System/HDL/rtl/CNN_CORE_LANE.vhd
    94 | 0x00000ad8    |      1.355469 |     0 |    1 |      1.015
Note: DIST chunk_start seq=95 lane=0 busy='0'
Time: 119766 ns  Iteration: 0  Process: /tb_AI_TRIGGER_TOP/dut/u_DUT/u_DIST/line__134  File: /home/work1/Works/AI-Trigger-System/HDL/rtl/ADC_CHUNK_DISTRIBUTOR.vhd
Note: LANE0 ADC chunk_accept count=4 fifo_full='0'
Time: 119766 ns  Iteration: 0  Process: /tb_AI_TRIGGER_TOP/dut/u_DUT/\gen_lanes(0)\/u_LANE/line__191  File: /home/work1/Works/AI-Trigger-System/HDL/rtl/CNN_CORE_LANE.vhd
Note: LANE0 started_next=4 fifo_empty='0' fifo_data_valid='1' ready='0' idle='1'
Time: 119802500 ps  Iteration: 0  Process: /tb_AI_TRIGGER_TOP/dut/u_DUT/\gen_lanes(0)\/u_LANE/line__273  File: /home/work1/Works/AI-Trigger-System/HDL/rtl/CNN_CORE_LANE.vhd
Note: LANE0 started=4 fifo_empty='0' fifo_data_valid='1' ready='0'
Time: 120512500 ps  Iteration: 0  Process: /tb_AI_TRIGGER_TOP/dut/u_DUT/\gen_lanes(0)\/u_LANE/line__273  File: /home/work1/Works/AI-Trigger-System/HDL/rtl/CNN_CORE_LANE.vhd
Note: LANE0 ADC busy_clear stream_done_seen='0' wr_count=0
Time: 120522 ns  Iteration: 0  Process: /tb_AI_TRIGGER_TOP/dut/u_DUT/\gen_lanes(0)\/u_LANE/line__191  File: /home/work1/Works/AI-Trigger-System/HDL/rtl/CNN_CORE_LANE.vhd
Note: LANE0 CNN output_valid score_raw=2395 started=4
Time: 120737500 ps  Iteration: 0  Process: /tb_AI_TRIGGER_TOP/dut/u_DUT/\gen_lanes(0)\/u_LANE/line__273  File: /home/work1/Works/AI-Trigger-System/HDL/rtl/CNN_CORE_LANE.vhd
    95 | 0x0000095b    |      1.169434 |     0 |    1 |      1.015
Note: DIST chunk_start seq=96 lane=1 busy='0'
Time: 121330 ns  Iteration: 0  Process: /tb_AI_TRIGGER_TOP/dut/u_DUT/u_DIST/line__134  File: /home/work1/Works/AI-Trigger-System/HDL/rtl/ADC_CHUNK_DISTRIBUTOR.vhd
Note: LANE1 ADC chunk_accept count=4 fifo_full='0'
Time: 121330 ns  Iteration: 0  Process: /tb_AI_TRIGGER_TOP/dut/u_DUT/\gen_lanes(1)\/u_LANE/line__191  File: /home/work1/Works/AI-Trigger-System/HDL/rtl/CNN_CORE_LANE.vhd
Note: LANE1 started_next=4 fifo_empty='0' fifo_data_valid='1' ready='0' idle='1'
Time: 121367500 ps  Iteration: 0  Process: /tb_AI_TRIGGER_TOP/dut/u_DUT/\gen_lanes(1)\/u_LANE/line__273  File: /home/work1/Works/AI-Trigger-System/HDL/rtl/CNN_CORE_LANE.vhd
Note: LANE1 started=4 fifo_empty='0' fifo_data_valid='1' ready='0'
Time: 122077500 ps  Iteration: 0  Process: /tb_AI_TRIGGER_TOP/dut/u_DUT/\gen_lanes(1)\/u_LANE/line__273  File: /home/work1/Works/AI-Trigger-System/HDL/rtl/CNN_CORE_LANE.vhd
Note: LANE1 ADC busy_clear stream_done_seen='0' wr_count=0
Time: 122086 ns  Iteration: 0  Process: /tb_AI_TRIGGER_TOP/dut/u_DUT/\gen_lanes(1)\/u_LANE/line__191  File: /home/work1/Works/AI-Trigger-System/HDL/rtl/CNN_CORE_LANE.vhd
Note: LANE1 CNN output_valid score_raw=59 started=4
Time: 122302500 ps  Iteration: 0  Process: /tb_AI_TRIGGER_TOP/dut/u_DUT/\gen_lanes(1)\/u_LANE/line__273  File: /home/work1/Works/AI-Trigger-System/HDL/rtl/CNN_CORE_LANE.vhd
    96 | 0x0000003b    |      0.028809 |     0 |    1 |      1.015
Note: DIST chunk_start seq=97 lane=2 busy='0'
Time: 122898 ns  Iteration: 0  Process: /tb_AI_TRIGGER_TOP/dut/u_DUT/u_DIST/line__134  File: /home/work1/Works/AI-Trigger-System/HDL/rtl/ADC_CHUNK_DISTRIBUTOR.vhd
Note: LANE2 ADC chunk_accept count=4 fifo_full='0'
Time: 122898 ns  Iteration: 0  Process: /tb_AI_TRIGGER_TOP/dut/u_DUT/\gen_lanes(2)\/u_LANE/line__191  File: /home/work1/Works/AI-Trigger-System/HDL/rtl/CNN_CORE_LANE.vhd
Note: LANE2 started_next=4 fifo_empty='0' fifo_data_valid='1' ready='0' idle='1'
Time: 122932500 ps  Iteration: 0  Process: /tb_AI_TRIGGER_TOP/dut/u_DUT/\gen_lanes(2)\/u_LANE/line__273  File: /home/work1/Works/AI-Trigger-System/HDL/rtl/CNN_CORE_LANE.vhd
Note: LANE2 started=4 fifo_empty='0' fifo_data_valid='1' ready='0'
Time: 123642500 ps  Iteration: 0  Process: /tb_AI_TRIGGER_TOP/dut/u_DUT/\gen_lanes(2)\/u_LANE/line__273  File: /home/work1/Works/AI-Trigger-System/HDL/rtl/CNN_CORE_LANE.vhd
Note: LANE2 ADC busy_clear stream_done_seen='0' wr_count=0
Time: 123654 ns  Iteration: 0  Process: /tb_AI_TRIGGER_TOP/dut/u_DUT/\gen_lanes(2)\/u_LANE/line__191  File: /home/work1/Works/AI-Trigger-System/HDL/rtl/CNN_CORE_LANE.vhd
Note: LANE2 CNN output_valid score_raw=-1170 started=4
Time: 123867500 ps  Iteration: 0  Process: /tb_AI_TRIGGER_TOP/dut/u_DUT/\gen_lanes(2)\/u_LANE/line__273  File: /home/work1/Works/AI-Trigger-System/HDL/rtl/CNN_CORE_LANE.vhd
    97 | 0x003ffb6e    |     -0.571289 |     0 |    0 |      1.010
Note: DIST chunk_start seq=98 lane=3 busy='0'
Time: 123910 ns  Iteration: 0  Process: /tb_AI_TRIGGER_TOP/dut/u_DUT/u_DIST/line__134  File: /home/work1/Works/AI-Trigger-System/HDL/rtl/ADC_CHUNK_DISTRIBUTOR.vhd
Note: LANE3 ADC chunk_accept count=4 fifo_full='0'
Time: 123910 ns  Iteration: 0  Process: /tb_AI_TRIGGER_TOP/dut/u_DUT/\gen_lanes(3)\/u_LANE/line__191  File: /home/work1/Works/AI-Trigger-System/HDL/rtl/CNN_CORE_LANE.vhd
Note: LANE3 started_next=4 fifo_empty='0' fifo_data_valid='1' ready='0' idle='1'
Time: 123947500 ps  Iteration: 0  Process: /tb_AI_TRIGGER_TOP/dut/u_DUT/\gen_lanes(3)\/u_LANE/line__273  File: /home/work1/Works/AI-Trigger-System/HDL/rtl/CNN_CORE_LANE.vhd
Note: LANE3 started=4 fifo_empty='0' fifo_data_valid='1' ready='0'
Time: 124657500 ps  Iteration: 0  Process: /tb_AI_TRIGGER_TOP/dut/u_DUT/\gen_lanes(3)\/u_LANE/line__273  File: /home/work1/Works/AI-Trigger-System/HDL/rtl/CNN_CORE_LANE.vhd
Note: LANE3 ADC busy_clear stream_done_seen='0' wr_count=0
Time: 124666 ns  Iteration: 0  Process: /tb_AI_TRIGGER_TOP/dut/u_DUT/\gen_lanes(3)\/u_LANE/line__191  File: /home/work1/Works/AI-Trigger-System/HDL/rtl/CNN_CORE_LANE.vhd
Note: LANE3 CNN output_valid score_raw=-318 started=4
Time: 124882500 ps  Iteration: 0  Process: /tb_AI_TRIGGER_TOP/dut/u_DUT/\gen_lanes(3)\/u_LANE/line__273  File: /home/work1/Works/AI-Trigger-System/HDL/rtl/CNN_CORE_LANE.vhd
    98 | 0x003ffec2    |     -0.155273 |     0 |    0 |      1.015
Note: DIST chunk_start seq=99 lane=4 busy='0'
Time: 124926 ns  Iteration: 0  Process: /tb_AI_TRIGGER_TOP/dut/u_DUT/u_DIST/line__134  File: /home/work1/Works/AI-Trigger-System/HDL/rtl/ADC_CHUNK_DISTRIBUTOR.vhd
Note: LANE4 ADC chunk_accept count=4 fifo_full='0'
Time: 124926 ns  Iteration: 0  Process: /tb_AI_TRIGGER_TOP/dut/u_DUT/\gen_lanes(4)\/u_LANE/line__191  File: /home/work1/Works/AI-Trigger-System/HDL/rtl/CNN_CORE_LANE.vhd
Note: LANE4 started_next=4 fifo_empty='0' fifo_data_valid='1' ready='0' idle='1'
Time: 124962500 ps  Iteration: 0  Process: /tb_AI_TRIGGER_TOP/dut/u_DUT/\gen_lanes(4)\/u_LANE/line__273  File: /home/work1/Works/AI-Trigger-System/HDL/rtl/CNN_CORE_LANE.vhd
Note: LANE4 started=4 fifo_empty='0' fifo_data_valid='1' ready='0'
Time: 125672500 ps  Iteration: 0  Process: /tb_AI_TRIGGER_TOP/dut/u_DUT/\gen_lanes(4)\/u_LANE/line__273  File: /home/work1/Works/AI-Trigger-System/HDL/rtl/CNN_CORE_LANE.vhd
Note: LANE4 ADC busy_clear stream_done_seen='0' wr_count=0
Time: 125682 ns  Iteration: 0  Process: /tb_AI_TRIGGER_TOP/dut/u_DUT/\gen_lanes(4)\/u_LANE/line__191  File: /home/work1/Works/AI-Trigger-System/HDL/rtl/CNN_CORE_LANE.vhd
Note: LANE4 CNN output_valid score_raw=89 started=4
Time: 125897500 ps  Iteration: 0  Process: /tb_AI_TRIGGER_TOP/dut/u_DUT/\gen_lanes(4)\/u_LANE/line__273  File: /home/work1/Works/AI-Trigger-System/HDL/rtl/CNN_CORE_LANE.vhd
    99 | 0x00000059    |      0.043457 |     0 |    1 |      1.015
Note: DIST chunk_start seq=100 lane=0 busy='0'
Time: 126490 ns  Iteration: 0  Process: /tb_AI_TRIGGER_TOP/dut/u_DUT/u_DIST/line__134  File: /home/work1/Works/AI-Trigger-System/HDL/rtl/ADC_CHUNK_DISTRIBUTOR.vhd
Note: LANE0 ADC chunk_accept count=5 fifo_full='0'
Time: 126490 ns  Iteration: 0  Process: /tb_AI_TRIGGER_TOP/dut/u_DUT/\gen_lanes(0)\/u_LANE/line__191  File: /home/work1/Works/AI-Trigger-System/HDL/rtl/CNN_CORE_LANE.vhd
Note: LANE0 started_next=5 fifo_empty='0' fifo_data_valid='1' ready='0' idle='1'
Time: 126527500 ps  Iteration: 0  Process: /tb_AI_TRIGGER_TOP/dut/u_DUT/\gen_lanes(0)\/u_LANE/line__273  File: /home/work1/Works/AI-Trigger-System/HDL/rtl/CNN_CORE_LANE.vhd
Note: LANE0 started=5 fifo_empty='0' fifo_data_valid='1' ready='0'
Time: 127237500 ps  Iteration: 0  Process: /tb_AI_TRIGGER_TOP/dut/u_DUT/\gen_lanes(0)\/u_LANE/line__273  File: /home/work1/Works/AI-Trigger-System/HDL/rtl/CNN_CORE_LANE.vhd
Note: LANE0 ADC busy_clear stream_done_seen='1' wr_count=0
Time: 127246 ns  Iteration: 0  Process: /tb_AI_TRIGGER_TOP/dut/u_DUT/\gen_lanes(0)\/u_LANE/line__191  File: /home/work1/Works/AI-Trigger-System/HDL/rtl/CNN_CORE_LANE.vhd
Note: LANE0 CNN output_valid score_raw=364 started=5
Time: 127462500 ps  Iteration: 0  Process: /tb_AI_TRIGGER_TOP/dut/u_DUT/\gen_lanes(0)\/u_LANE/line__273  File: /home/work1/Works/AI-Trigger-System/HDL/rtl/CNN_CORE_LANE.vhd
   100 | 0x0000016c    |      0.177734 |     0 |    1 |      1.015
Note: DIST chunk_start seq=101 lane=1 busy='0'
Time: 128058 ns  Iteration: 0  Process: /tb_AI_TRIGGER_TOP/dut/u_DUT/u_DIST/line__134  File: /home/work1/Works/AI-Trigger-System/HDL/rtl/ADC_CHUNK_DISTRIBUTOR.vhd
Note: LANE1 ADC chunk_accept count=5 fifo_full='0'
Time: 128058 ns  Iteration: 0  Process: /tb_AI_TRIGGER_TOP/dut/u_DUT/\gen_lanes(1)\/u_LANE/line__191  File: /home/work1/Works/AI-Trigger-System/HDL/rtl/CNN_CORE_LANE.vhd
Note: LANE1 started_next=5 fifo_empty='0' fifo_data_valid='1' ready='0' idle='1'
Time: 128092500 ps  Iteration: 0  Process: /tb_AI_TRIGGER_TOP/dut/u_DUT/\gen_lanes(1)\/u_LANE/line__273  File: /home/work1/Works/AI-Trigger-System/HDL/rtl/CNN_CORE_LANE.vhd
Note: LANE1 started=5 fifo_empty='0' fifo_data_valid='1' ready='0'
Time: 128802500 ps  Iteration: 0  Process: /tb_AI_TRIGGER_TOP/dut/u_DUT/\gen_lanes(1)\/u_LANE/line__273  File: /home/work1/Works/AI-Trigger-System/HDL/rtl/CNN_CORE_LANE.vhd
Note: LANE1 ADC busy_clear stream_done_seen='1' wr_count=0
Time: 128814 ns  Iteration: 0  Process: /tb_AI_TRIGGER_TOP/dut/u_DUT/\gen_lanes(1)\/u_LANE/line__191  File: /home/work1/Works/AI-Trigger-System/HDL/rtl/CNN_CORE_LANE.vhd
Note: LANE1 CNN output_valid score_raw=84 started=5
Time: 129027500 ps  Iteration: 0  Process: /tb_AI_TRIGGER_TOP/dut/u_DUT/\gen_lanes(1)\/u_LANE/line__273  File: /home/work1/Works/AI-Trigger-System/HDL/rtl/CNN_CORE_LANE.vhd
   101 | 0x00000054    |      0.041016 |     0 |    1 |      1.010
Note: DIST chunk_start seq=102 lane=2 busy='0'
Time: 129622 ns  Iteration: 0  Process: /tb_AI_TRIGGER_TOP/dut/u_DUT/u_DIST/line__134  File: /home/work1/Works/AI-Trigger-System/HDL/rtl/ADC_CHUNK_DISTRIBUTOR.vhd
Note: LANE2 ADC chunk_accept count=5 fifo_full='0'
Time: 129622 ns  Iteration: 0  Process: /tb_AI_TRIGGER_TOP/dut/u_DUT/\gen_lanes(2)\/u_LANE/line__191  File: /home/work1/Works/AI-Trigger-System/HDL/rtl/CNN_CORE_LANE.vhd
Note: LANE2 started_next=5 fifo_empty='0' fifo_data_valid='1' ready='0' idle='1'
Time: 129657500 ps  Iteration: 0  Process: /tb_AI_TRIGGER_TOP/dut/u_DUT/\gen_lanes(2)\/u_LANE/line__273  File: /home/work1/Works/AI-Trigger-System/HDL/rtl/CNN_CORE_LANE.vhd
Note: LANE2 started=5 fifo_empty='0' fifo_data_valid='1' ready='0'
Time: 130367500 ps  Iteration: 0  Process: /tb_AI_TRIGGER_TOP/dut/u_DUT/\gen_lanes(2)\/u_LANE/line__273  File: /home/work1/Works/AI-Trigger-System/HDL/rtl/CNN_CORE_LANE.vhd
Note: LANE2 ADC busy_clear stream_done_seen='1' wr_count=0
Time: 130378 ns  Iteration: 0  Process: /tb_AI_TRIGGER_TOP/dut/u_DUT/\gen_lanes(2)\/u_LANE/line__191  File: /home/work1/Works/AI-Trigger-System/HDL/rtl/CNN_CORE_LANE.vhd
Note: LANE2 CNN output_valid score_raw=-1131 started=5
Time: 130592500 ps  Iteration: 0  Process: /tb_AI_TRIGGER_TOP/dut/u_DUT/\gen_lanes(2)\/u_LANE/line__273  File: /home/work1/Works/AI-Trigger-System/HDL/rtl/CNN_CORE_LANE.vhd
   102 | 0x003ffb95    |     -0.552246 |     0 |    0 |      1.015
Note: DIST chunk_start seq=103 lane=3 busy='0'
Time: 130638 ns  Iteration: 0  Process: /tb_AI_TRIGGER_TOP/dut/u_DUT/u_DIST/line__134  File: /home/work1/Works/AI-Trigger-System/HDL/rtl/ADC_CHUNK_DISTRIBUTOR.vhd
Note: LANE3 ADC chunk_accept count=5 fifo_full='0'
Time: 130638 ns  Iteration: 0  Process: /tb_AI_TRIGGER_TOP/dut/u_DUT/\gen_lanes(3)\/u_LANE/line__191  File: /home/work1/Works/AI-Trigger-System/HDL/rtl/CNN_CORE_LANE.vhd
Note: LANE3 started_next=5 fifo_empty='0' fifo_data_valid='1' ready='0' idle='1'
Time: 130672500 ps  Iteration: 0  Process: /tb_AI_TRIGGER_TOP/dut/u_DUT/\gen_lanes(3)\/u_LANE/line__273  File: /home/work1/Works/AI-Trigger-System/HDL/rtl/CNN_CORE_LANE.vhd
Note: LANE3 started=5 fifo_empty='0' fifo_data_valid='1' ready='0'
Time: 131382500 ps  Iteration: 0  Process: /tb_AI_TRIGGER_TOP/dut/u_DUT/\gen_lanes(3)\/u_LANE/line__273  File: /home/work1/Works/AI-Trigger-System/HDL/rtl/CNN_CORE_LANE.vhd
Note: LANE3 ADC busy_clear stream_done_seen='1' wr_count=0
Time: 131394 ns  Iteration: 0  Process: /tb_AI_TRIGGER_TOP/dut/u_DUT/\gen_lanes(3)\/u_LANE/line__191  File: /home/work1/Works/AI-Trigger-System/HDL/rtl/CNN_CORE_LANE.vhd
Note: LANE3 CNN output_valid score_raw=-2398 started=5
Time: 131607500 ps  Iteration: 0  Process: /tb_AI_TRIGGER_TOP/dut/u_DUT/\gen_lanes(3)\/u_LANE/line__273  File: /home/work1/Works/AI-Trigger-System/HDL/rtl/CNN_CORE_LANE.vhd
   103 | 0x003ff6a2    |     -1.170898 |     0 |    0 |      1.010
Note: DIST chunk_start seq=104 lane=4 busy='0'
Time: 131650 ns  Iteration: 0  Process: /tb_AI_TRIGGER_TOP/dut/u_DUT/u_DIST/line__134  File: /home/work1/Works/AI-Trigger-System/HDL/rtl/ADC_CHUNK_DISTRIBUTOR.vhd
Note: LANE4 ADC chunk_accept count=5 fifo_full='0'
Time: 131650 ns  Iteration: 0  Process: /tb_AI_TRIGGER_TOP/dut/u_DUT/\gen_lanes(4)\/u_LANE/line__191  File: /home/work1/Works/AI-Trigger-System/HDL/rtl/CNN_CORE_LANE.vhd
Note: LANE4 started_next=5 fifo_empty='0' fifo_data_valid='1' ready='0' idle='1'
Time: 131687500 ps  Iteration: 0  Process: /tb_AI_TRIGGER_TOP/dut/u_DUT/\gen_lanes(4)\/u_LANE/line__273  File: /home/work1/Works/AI-Trigger-System/HDL/rtl/CNN_CORE_LANE.vhd
Note: LANE4 started=5 fifo_empty='0' fifo_data_valid='1' ready='0'
Time: 132397500 ps  Iteration: 0  Process: /tb_AI_TRIGGER_TOP/dut/u_DUT/\gen_lanes(4)\/u_LANE/line__273  File: /home/work1/Works/AI-Trigger-System/HDL/rtl/CNN_CORE_LANE.vhd
Note: LANE4 ADC busy_clear stream_done_seen='1' wr_count=0
Time: 132406 ns  Iteration: 0  Process: /tb_AI_TRIGGER_TOP/dut/u_DUT/\gen_lanes(4)\/u_LANE/line__191  File: /home/work1/Works/AI-Trigger-System/HDL/rtl/CNN_CORE_LANE.vhd
Note: LANE4 CNN output_valid score_raw=-1515 started=5
Time: 132622500 ps  Iteration: 0  Process: /tb_AI_TRIGGER_TOP/dut/u_DUT/\gen_lanes(4)\/u_LANE/line__273  File: /home/work1/Works/AI-Trigger-System/HDL/rtl/CNN_CORE_LANE.vhd
   104 | 0x003ffa15    |     -0.739746 |     0 |    0 |      1.015
Note: DIST chunk_start seq=105 lane=0 busy='0'
Time: 132666 ns  Iteration: 0  Process: /tb_AI_TRIGGER_TOP/dut/u_DUT/u_DIST/line__134  File: /home/work1/Works/AI-Trigger-System/HDL/rtl/ADC_CHUNK_DISTRIBUTOR.vhd
Note: LANE0 ADC chunk_accept count=6 fifo_full='0'
Time: 132666 ns  Iteration: 0  Process: /tb_AI_TRIGGER_TOP/dut/u_DUT/\gen_lanes(0)\/u_LANE/line__191  File: /home/work1/Works/AI-Trigger-System/HDL/rtl/CNN_CORE_LANE.vhd
Note: LANE0 started_next=6 fifo_empty='0' fifo_data_valid='1' ready='0' idle='1'
Time: 132702500 ps  Iteration: 0  Process: /tb_AI_TRIGGER_TOP/dut/u_DUT/\gen_lanes(0)\/u_LANE/line__273  File: /home/work1/Works/AI-Trigger-System/HDL/rtl/CNN_CORE_LANE.vhd
Note: LANE0 started=6 fifo_empty='0' fifo_data_valid='1' ready='0'
Time: 133412500 ps  Iteration: 0  Process: /tb_AI_TRIGGER_TOP/dut/u_DUT/\gen_lanes(0)\/u_LANE/line__273  File: /home/work1/Works/AI-Trigger-System/HDL/rtl/CNN_CORE_LANE.vhd
Note: LANE0 ADC busy_clear stream_done_seen='0' wr_count=0
Time: 133422 ns  Iteration: 0  Process: /tb_AI_TRIGGER_TOP/dut/u_DUT/\gen_lanes(0)\/u_LANE/line__191  File: /home/work1/Works/AI-Trigger-System/HDL/rtl/CNN_CORE_LANE.vhd
Note: LANE0 CNN output_valid score_raw=-1350 started=6
Time: 133637500 ps  Iteration: 0  Process: /tb_AI_TRIGGER_TOP/dut/u_DUT/\gen_lanes(0)\/u_LANE/line__273  File: /home/work1/Works/AI-Trigger-System/HDL/rtl/CNN_CORE_LANE.vhd
   105 | 0x003ffaba    |     -0.659180 |     0 |    0 |      1.015
Note: DIST chunk_start seq=106 lane=1 busy='0'
Time: 133682 ns  Iteration: 0  Process: /tb_AI_TRIGGER_TOP/dut/u_DUT/u_DIST/line__134  File: /home/work1/Works/AI-Trigger-System/HDL/rtl/ADC_CHUNK_DISTRIBUTOR.vhd
Note: LANE1 ADC chunk_accept count=6 fifo_full='0'
Time: 133682 ns  Iteration: 0  Process: /tb_AI_TRIGGER_TOP/dut/u_DUT/\gen_lanes(1)\/u_LANE/line__191  File: /home/work1/Works/AI-Trigger-System/HDL/rtl/CNN_CORE_LANE.vhd
Note: LANE1 started_next=6 fifo_empty='0' fifo_data_valid='1' ready='0' idle='1'
Time: 133717500 ps  Iteration: 0  Process: /tb_AI_TRIGGER_TOP/dut/u_DUT/\gen_lanes(1)\/u_LANE/line__273  File: /home/work1/Works/AI-Trigger-System/HDL/rtl/CNN_CORE_LANE.vhd
Note: LANE1 started=6 fifo_empty='0' fifo_data_valid='1' ready='0'
Time: 134427500 ps  Iteration: 0  Process: /tb_AI_TRIGGER_TOP/dut/u_DUT/\gen_lanes(1)\/u_LANE/line__273  File: /home/work1/Works/AI-Trigger-System/HDL/rtl/CNN_CORE_LANE.vhd
Note: LANE1 ADC busy_clear stream_done_seen='0' wr_count=0
Time: 134438 ns  Iteration: 0  Process: /tb_AI_TRIGGER_TOP/dut/u_DUT/\gen_lanes(1)\/u_LANE/line__191  File: /home/work1/Works/AI-Trigger-System/HDL/rtl/CNN_CORE_LANE.vhd
Note: LANE1 CNN output_valid score_raw=-1381 started=6
Time: 134652500 ps  Iteration: 0  Process: /tb_AI_TRIGGER_TOP/dut/u_DUT/\gen_lanes(1)\/u_LANE/line__273  File: /home/work1/Works/AI-Trigger-System/HDL/rtl/CNN_CORE_LANE.vhd
   106 | 0x003ffa9b    |     -0.674316 |     0 |    0 |      1.015
Note: DIST chunk_start seq=107 lane=2 busy='0'
Time: 134698 ns  Iteration: 0  Process: /tb_AI_TRIGGER_TOP/dut/u_DUT/u_DIST/line__134  File: /home/work1/Works/AI-Trigger-System/HDL/rtl/ADC_CHUNK_DISTRIBUTOR.vhd
Note: LANE2 ADC chunk_accept count=6 fifo_full='0'
Time: 134698 ns  Iteration: 0  Process: /tb_AI_TRIGGER_TOP/dut/u_DUT/\gen_lanes(2)\/u_LANE/line__191  File: /home/work1/Works/AI-Trigger-System/HDL/rtl/CNN_CORE_LANE.vhd
Note: LANE2 started_next=6 fifo_empty='0' fifo_data_valid='1' ready='0' idle='1'
Time: 134732500 ps  Iteration: 0  Process: /tb_AI_TRIGGER_TOP/dut/u_DUT/\gen_lanes(2)\/u_LANE/line__273  File: /home/work1/Works/AI-Trigger-System/HDL/rtl/CNN_CORE_LANE.vhd
Note: LANE2 started=6 fifo_empty='0' fifo_data_valid='1' ready='0'
Time: 135442500 ps  Iteration: 0  Process: /tb_AI_TRIGGER_TOP/dut/u_DUT/\gen_lanes(2)\/u_LANE/line__273  File: /home/work1/Works/AI-Trigger-System/HDL/rtl/CNN_CORE_LANE.vhd
Note: LANE2 ADC busy_clear stream_done_seen='0' wr_count=0
Time: 135454 ns  Iteration: 0  Process: /tb_AI_TRIGGER_TOP/dut/u_DUT/\gen_lanes(2)\/u_LANE/line__191  File: /home/work1/Works/AI-Trigger-System/HDL/rtl/CNN_CORE_LANE.vhd
Note: LANE2 CNN output_valid score_raw=-1693 started=6
Time: 135667500 ps  Iteration: 0  Process: /tb_AI_TRIGGER_TOP/dut/u_DUT/\gen_lanes(2)\/u_LANE/line__273  File: /home/work1/Works/AI-Trigger-System/HDL/rtl/CNN_CORE_LANE.vhd
   107 | 0x003ff963    |     -0.826660 |     0 |    0 |      1.010
Note: DIST chunk_start seq=108 lane=3 busy='0'
Time: 135710 ns  Iteration: 0  Process: /tb_AI_TRIGGER_TOP/dut/u_DUT/u_DIST/line__134  File: /home/work1/Works/AI-Trigger-System/HDL/rtl/ADC_CHUNK_DISTRIBUTOR.vhd
Note: LANE3 ADC chunk_accept count=6 fifo_full='0'
Time: 135710 ns  Iteration: 0  Process: /tb_AI_TRIGGER_TOP/dut/u_DUT/\gen_lanes(3)\/u_LANE/line__191  File: /home/work1/Works/AI-Trigger-System/HDL/rtl/CNN_CORE_LANE.vhd
Note: LANE3 started_next=6 fifo_empty='0' fifo_data_valid='1' ready='0' idle='1'
Time: 135747500 ps  Iteration: 0  Process: /tb_AI_TRIGGER_TOP/dut/u_DUT/\gen_lanes(3)\/u_LANE/line__273  File: /home/work1/Works/AI-Trigger-System/HDL/rtl/CNN_CORE_LANE.vhd
Note: LANE3 started=6 fifo_empty='0' fifo_data_valid='1' ready='0'
Time: 136457500 ps  Iteration: 0  Process: /tb_AI_TRIGGER_TOP/dut/u_DUT/\gen_lanes(3)\/u_LANE/line__273  File: /home/work1/Works/AI-Trigger-System/HDL/rtl/CNN_CORE_LANE.vhd
Note: LANE3 ADC busy_clear stream_done_seen='0' wr_count=0
Time: 136466 ns  Iteration: 0  Process: /tb_AI_TRIGGER_TOP/dut/u_DUT/\gen_lanes(3)\/u_LANE/line__191  File: /home/work1/Works/AI-Trigger-System/HDL/rtl/CNN_CORE_LANE.vhd
Note: LANE3 CNN output_valid score_raw=-2025 started=6
Time: 136682500 ps  Iteration: 0  Process: /tb_AI_TRIGGER_TOP/dut/u_DUT/\gen_lanes(3)\/u_LANE/line__273  File: /home/work1/Works/AI-Trigger-System/HDL/rtl/CNN_CORE_LANE.vhd
   108 | 0x003ff817    |     -0.988770 |     0 |    0 |      1.015
Note: DIST chunk_start seq=109 lane=4 busy='0'
Time: 136726 ns  Iteration: 0  Process: /tb_AI_TRIGGER_TOP/dut/u_DUT/u_DIST/line__134  File: /home/work1/Works/AI-Trigger-System/HDL/rtl/ADC_CHUNK_DISTRIBUTOR.vhd
Note: LANE4 ADC chunk_accept count=6 fifo_full='0'
Time: 136726 ns  Iteration: 0  Process: /tb_AI_TRIGGER_TOP/dut/u_DUT/\gen_lanes(4)\/u_LANE/line__191  File: /home/work1/Works/AI-Trigger-System/HDL/rtl/CNN_CORE_LANE.vhd
Note: LANE4 started_next=6 fifo_empty='0' fifo_data_valid='1' ready='0' idle='1'
Time: 136762500 ps  Iteration: 0  Process: /tb_AI_TRIGGER_TOP/dut/u_DUT/\gen_lanes(4)\/u_LANE/line__273  File: /home/work1/Works/AI-Trigger-System/HDL/rtl/CNN_CORE_LANE.vhd
Note: LANE4 started=6 fifo_empty='0' fifo_data_valid='1' ready='0'
Time: 137472500 ps  Iteration: 0  Process: /tb_AI_TRIGGER_TOP/dut/u_DUT/\gen_lanes(4)\/u_LANE/line__273  File: /home/work1/Works/AI-Trigger-System/HDL/rtl/CNN_CORE_LANE.vhd
Note: LANE4 ADC busy_clear stream_done_seen='0' wr_count=0
Time: 137482 ns  Iteration: 0  Process: /tb_AI_TRIGGER_TOP/dut/u_DUT/\gen_lanes(4)\/u_LANE/line__191  File: /home/work1/Works/AI-Trigger-System/HDL/rtl/CNN_CORE_LANE.vhd
Note: LANE4 CNN output_valid score_raw=-2440 started=6
Time: 137697500 ps  Iteration: 0  Process: /tb_AI_TRIGGER_TOP/dut/u_DUT/\gen_lanes(4)\/u_LANE/line__273  File: /home/work1/Works/AI-Trigger-System/HDL/rtl/CNN_CORE_LANE.vhd
   109 | 0x003ff678    |     -1.191406 |     0 |    0 |      1.015
Note: DIST chunk_start seq=110 lane=0 busy='0'
Time: 137742 ns  Iteration: 0  Process: /tb_AI_TRIGGER_TOP/dut/u_DUT/u_DIST/line__134  File: /home/work1/Works/AI-Trigger-System/HDL/rtl/ADC_CHUNK_DISTRIBUTOR.vhd
Note: LANE0 ADC chunk_accept count=7 fifo_full='0'
Time: 137742 ns  Iteration: 0  Process: /tb_AI_TRIGGER_TOP/dut/u_DUT/\gen_lanes(0)\/u_LANE/line__191  File: /home/work1/Works/AI-Trigger-System/HDL/rtl/CNN_CORE_LANE.vhd
Note: LANE0 started_next=7 fifo_empty='0' fifo_data_valid='1' ready='0' idle='1'
Time: 137777500 ps  Iteration: 0  Process: /tb_AI_TRIGGER_TOP/dut/u_DUT/\gen_lanes(0)\/u_LANE/line__273  File: /home/work1/Works/AI-Trigger-System/HDL/rtl/CNN_CORE_LANE.vhd
Note: LANE0 started=7 fifo_empty='0' fifo_data_valid='1' ready='0'
Time: 138487500 ps  Iteration: 0  Process: /tb_AI_TRIGGER_TOP/dut/u_DUT/\gen_lanes(0)\/u_LANE/line__273  File: /home/work1/Works/AI-Trigger-System/HDL/rtl/CNN_CORE_LANE.vhd
Note: LANE0 ADC busy_clear stream_done_seen='1' wr_count=0
Time: 138498 ns  Iteration: 0  Process: /tb_AI_TRIGGER_TOP/dut/u_DUT/\gen_lanes(0)\/u_LANE/line__191  File: /home/work1/Works/AI-Trigger-System/HDL/rtl/CNN_CORE_LANE.vhd
Note: LANE0 CNN output_valid score_raw=-2058 started=7
Time: 138712500 ps  Iteration: 0  Process: /tb_AI_TRIGGER_TOP/dut/u_DUT/\gen_lanes(0)\/u_LANE/line__273  File: /home/work1/Works/AI-Trigger-System/HDL/rtl/CNN_CORE_LANE.vhd
   110 | 0x003ff7f6    |     -1.004883 |     0 |    0 |      1.015
Note: DIST chunk_start seq=111 lane=1 busy='0'
Time: 138758 ns  Iteration: 0  Process: /tb_AI_TRIGGER_TOP/dut/u_DUT/u_DIST/line__134  File: /home/work1/Works/AI-Trigger-System/HDL/rtl/ADC_CHUNK_DISTRIBUTOR.vhd
Note: LANE1 ADC chunk_accept count=7 fifo_full='0'
Time: 138758 ns  Iteration: 0  Process: /tb_AI_TRIGGER_TOP/dut/u_DUT/\gen_lanes(1)\/u_LANE/line__191  File: /home/work1/Works/AI-Trigger-System/HDL/rtl/CNN_CORE_LANE.vhd
Note: LANE1 started_next=7 fifo_empty='0' fifo_data_valid='1' ready='0' idle='1'
Time: 138792500 ps  Iteration: 0  Process: /tb_AI_TRIGGER_TOP/dut/u_DUT/\gen_lanes(1)\/u_LANE/line__273  File: /home/work1/Works/AI-Trigger-System/HDL/rtl/CNN_CORE_LANE.vhd
Note: LANE1 started=7 fifo_empty='0' fifo_data_valid='1' ready='0'
Time: 139502500 ps  Iteration: 0  Process: /tb_AI_TRIGGER_TOP/dut/u_DUT/\gen_lanes(1)\/u_LANE/line__273  File: /home/work1/Works/AI-Trigger-System/HDL/rtl/CNN_CORE_LANE.vhd
Note: LANE1 ADC busy_clear stream_done_seen='1' wr_count=0
Time: 139514 ns  Iteration: 0  Process: /tb_AI_TRIGGER_TOP/dut/u_DUT/\gen_lanes(1)\/u_LANE/line__191  File: /home/work1/Works/AI-Trigger-System/HDL/rtl/CNN_CORE_LANE.vhd
Note: LANE1 CNN output_valid score_raw=-2201 started=7
Time: 139727500 ps  Iteration: 0  Process: /tb_AI_TRIGGER_TOP/dut/u_DUT/\gen_lanes(1)\/u_LANE/line__273  File: /home/work1/Works/AI-Trigger-System/HDL/rtl/CNN_CORE_LANE.vhd
   111 | 0x003ff767    |     -1.074707 |     0 |    0 |      1.010
Note: DIST chunk_start seq=112 lane=2 busy='0'
Time: 139770 ns  Iteration: 0  Process: /tb_AI_TRIGGER_TOP/dut/u_DUT/u_DIST/line__134  File: /home/work1/Works/AI-Trigger-System/HDL/rtl/ADC_CHUNK_DISTRIBUTOR.vhd
Note: LANE2 ADC chunk_accept count=7 fifo_full='0'
Time: 139770 ns  Iteration: 0  Process: /tb_AI_TRIGGER_TOP/dut/u_DUT/\gen_lanes(2)\/u_LANE/line__191  File: /home/work1/Works/AI-Trigger-System/HDL/rtl/CNN_CORE_LANE.vhd
Note: LANE2 started_next=7 fifo_empty='0' fifo_data_valid='1' ready='0' idle='1'
Time: 139807500 ps  Iteration: 0  Process: /tb_AI_TRIGGER_TOP/dut/u_DUT/\gen_lanes(2)\/u_LANE/line__273  File: /home/work1/Works/AI-Trigger-System/HDL/rtl/CNN_CORE_LANE.vhd
Note: LANE2 started=7 fifo_empty='0' fifo_data_valid='1' ready='0'
Time: 140517500 ps  Iteration: 0  Process: /tb_AI_TRIGGER_TOP/dut/u_DUT/\gen_lanes(2)\/u_LANE/line__273  File: /home/work1/Works/AI-Trigger-System/HDL/rtl/CNN_CORE_LANE.vhd
Note: LANE2 ADC busy_clear stream_done_seen='1' wr_count=0
Time: 140526 ns  Iteration: 0  Process: /tb_AI_TRIGGER_TOP/dut/u_DUT/\gen_lanes(2)\/u_LANE/line__191  File: /home/work1/Works/AI-Trigger-System/HDL/rtl/CNN_CORE_LANE.vhd
Note: LANE2 CNN output_valid score_raw=-2203 started=7
Time: 140742500 ps  Iteration: 0  Process: /tb_AI_TRIGGER_TOP/dut/u_DUT/\gen_lanes(2)\/u_LANE/line__273  File: /home/work1/Works/AI-Trigger-System/HDL/rtl/CNN_CORE_LANE.vhd
   112 | 0x003ff765    |     -1.075684 |     0 |    0 |      1.015
Note: DIST chunk_start seq=113 lane=3 busy='0'
Time: 140786 ns  Iteration: 0  Process: /tb_AI_TRIGGER_TOP/dut/u_DUT/u_DIST/line__134  File: /home/work1/Works/AI-Trigger-System/HDL/rtl/ADC_CHUNK_DISTRIBUTOR.vhd
Note: LANE3 ADC chunk_accept count=7 fifo_full='0'
Time: 140786 ns  Iteration: 0  Process: /tb_AI_TRIGGER_TOP/dut/u_DUT/\gen_lanes(3)\/u_LANE/line__191  File: /home/work1/Works/AI-Trigger-System/HDL/rtl/CNN_CORE_LANE.vhd
Note: LANE3 started_next=7 fifo_empty='0' fifo_data_valid='1' ready='0' idle='1'
Time: 140822500 ps  Iteration: 0  Process: /tb_AI_TRIGGER_TOP/dut/u_DUT/\gen_lanes(3)\/u_LANE/line__273  File: /home/work1/Works/AI-Trigger-System/HDL/rtl/CNN_CORE_LANE.vhd
Note: LANE3 started=7 fifo_empty='0' fifo_data_valid='1' ready='0'
Time: 141532500 ps  Iteration: 0  Process: /tb_AI_TRIGGER_TOP/dut/u_DUT/\gen_lanes(3)\/u_LANE/line__273  File: /home/work1/Works/AI-Trigger-System/HDL/rtl/CNN_CORE_LANE.vhd
Note: LANE3 ADC busy_clear stream_done_seen='1' wr_count=0
Time: 141542 ns  Iteration: 0  Process: /tb_AI_TRIGGER_TOP/dut/u_DUT/\gen_lanes(3)\/u_LANE/line__191  File: /home/work1/Works/AI-Trigger-System/HDL/rtl/CNN_CORE_LANE.vhd
Note: LANE3 CNN output_valid score_raw=-2366 started=7
Time: 141757500 ps  Iteration: 0  Process: /tb_AI_TRIGGER_TOP/dut/u_DUT/\gen_lanes(3)\/u_LANE/line__273  File: /home/work1/Works/AI-Trigger-System/HDL/rtl/CNN_CORE_LANE.vhd
   113 | 0x003ff6c2    |     -1.155273 |     0 |    0 |      1.015
Note: DIST chunk_start seq=114 lane=4 busy='0'
Time: 141802 ns  Iteration: 0  Process: /tb_AI_TRIGGER_TOP/dut/u_DUT/u_DIST/line__134  File: /home/work1/Works/AI-Trigger-System/HDL/rtl/ADC_CHUNK_DISTRIBUTOR.vhd
Note: LANE4 ADC chunk_accept count=7 fifo_full='0'
Time: 141802 ns  Iteration: 0  Process: /tb_AI_TRIGGER_TOP/dut/u_DUT/\gen_lanes(4)\/u_LANE/line__191  File: /home/work1/Works/AI-Trigger-System/HDL/rtl/CNN_CORE_LANE.vhd
Note: LANE4 started_next=7 fifo_empty='0' fifo_data_valid='1' ready='0' idle='1'
Time: 141837500 ps  Iteration: 0  Process: /tb_AI_TRIGGER_TOP/dut/u_DUT/\gen_lanes(4)\/u_LANE/line__273  File: /home/work1/Works/AI-Trigger-System/HDL/rtl/CNN_CORE_LANE.vhd
Note: LANE4 started=7 fifo_empty='0' fifo_data_valid='1' ready='0'
Time: 142547500 ps  Iteration: 0  Process: /tb_AI_TRIGGER_TOP/dut/u_DUT/\gen_lanes(4)\/u_LANE/line__273  File: /home/work1/Works/AI-Trigger-System/HDL/rtl/CNN_CORE_LANE.vhd
Note: LANE4 ADC busy_clear stream_done_seen='1' wr_count=0
Time: 142558 ns  Iteration: 0  Process: /tb_AI_TRIGGER_TOP/dut/u_DUT/\gen_lanes(4)\/u_LANE/line__191  File: /home/work1/Works/AI-Trigger-System/HDL/rtl/CNN_CORE_LANE.vhd
Note: LANE4 CNN output_valid score_raw=-2526 started=7
Time: 142772500 ps  Iteration: 0  Process: /tb_AI_TRIGGER_TOP/dut/u_DUT/\gen_lanes(4)\/u_LANE/line__273  File: /home/work1/Works/AI-Trigger-System/HDL/rtl/CNN_CORE_LANE.vhd
   114 | 0x003ff622    |     -1.233398 |     0 |    0 |      1.015
Note: DIST chunk_start seq=115 lane=0 busy='0'
Time: 142818 ns  Iteration: 0  Process: /tb_AI_TRIGGER_TOP/dut/u_DUT/u_DIST/line__134  File: /home/work1/Works/AI-Trigger-System/HDL/rtl/ADC_CHUNK_DISTRIBUTOR.vhd
Note: LANE0 ADC chunk_accept count=8 fifo_full='0'
Time: 142818 ns  Iteration: 0  Process: /tb_AI_TRIGGER_TOP/dut/u_DUT/\gen_lanes(0)\/u_LANE/line__191  File: /home/work1/Works/AI-Trigger-System/HDL/rtl/CNN_CORE_LANE.vhd
Note: LANE0 started_next=8 fifo_empty='0' fifo_data_valid='1' ready='0' idle='1'
Time: 142852500 ps  Iteration: 0  Process: /tb_AI_TRIGGER_TOP/dut/u_DUT/\gen_lanes(0)\/u_LANE/line__273  File: /home/work1/Works/AI-Trigger-System/HDL/rtl/CNN_CORE_LANE.vhd
Note: LANE0 started=8 fifo_empty='0' fifo_data_valid='1' ready='0'
Time: 143562500 ps  Iteration: 0  Process: /tb_AI_TRIGGER_TOP/dut/u_DUT/\gen_lanes(0)\/u_LANE/line__273  File: /home/work1/Works/AI-Trigger-System/HDL/rtl/CNN_CORE_LANE.vhd
Note: LANE0 ADC busy_clear stream_done_seen='0' wr_count=0
Time: 143574 ns  Iteration: 0  Process: /tb_AI_TRIGGER_TOP/dut/u_DUT/\gen_lanes(0)\/u_LANE/line__191  File: /home/work1/Works/AI-Trigger-System/HDL/rtl/CNN_CORE_LANE.vhd
Note: LANE0 CNN output_valid score_raw=-2900 started=8
Time: 143787500 ps  Iteration: 0  Process: /tb_AI_TRIGGER_TOP/dut/u_DUT/\gen_lanes(0)\/u_LANE/line__273  File: /home/work1/Works/AI-Trigger-System/HDL/rtl/CNN_CORE_LANE.vhd
   115 | 0x003ff4ac    |     -1.416016 |     0 |    0 |      1.010
Note: DIST chunk_start seq=116 lane=1 busy='0'
Time: 143830 ns  Iteration: 0  Process: /tb_AI_TRIGGER_TOP/dut/u_DUT/u_DIST/line__134  File: /home/work1/Works/AI-Trigger-System/HDL/rtl/ADC_CHUNK_DISTRIBUTOR.vhd
Note: LANE1 ADC chunk_accept count=8 fifo_full='0'
Time: 143830 ns  Iteration: 0  Process: /tb_AI_TRIGGER_TOP/dut/u_DUT/\gen_lanes(1)\/u_LANE/line__191  File: /home/work1/Works/AI-Trigger-System/HDL/rtl/CNN_CORE_LANE.vhd
Note: LANE1 started_next=8 fifo_empty='0' fifo_data_valid='1' ready='0' idle='1'
Time: 143867500 ps  Iteration: 0  Process: /tb_AI_TRIGGER_TOP/dut/u_DUT/\gen_lanes(1)\/u_LANE/line__273  File: /home/work1/Works/AI-Trigger-System/HDL/rtl/CNN_CORE_LANE.vhd
Note: LANE1 started=8 fifo_empty='0' fifo_data_valid='1' ready='0'
Time: 144577500 ps  Iteration: 0  Process: /tb_AI_TRIGGER_TOP/dut/u_DUT/\gen_lanes(1)\/u_LANE/line__273  File: /home/work1/Works/AI-Trigger-System/HDL/rtl/CNN_CORE_LANE.vhd
Note: LANE1 ADC busy_clear stream_done_seen='0' wr_count=0
Time: 144586 ns  Iteration: 0  Process: /tb_AI_TRIGGER_TOP/dut/u_DUT/\gen_lanes(1)\/u_LANE/line__191  File: /home/work1/Works/AI-Trigger-System/HDL/rtl/CNN_CORE_LANE.vhd
Note: LANE1 CNN output_valid score_raw=-2444 started=8
Time: 144802500 ps  Iteration: 0  Process: /tb_AI_TRIGGER_TOP/dut/u_DUT/\gen_lanes(1)\/u_LANE/line__273  File: /home/work1/Works/AI-Trigger-System/HDL/rtl/CNN_CORE_LANE.vhd
   116 | 0x003ff674    |     -1.193359 |     0 |    0 |      1.015
Note: DIST chunk_start seq=117 lane=2 busy='0'
Time: 144846 ns  Iteration: 0  Process: /tb_AI_TRIGGER_TOP/dut/u_DUT/u_DIST/line__134  File: /home/work1/Works/AI-Trigger-System/HDL/rtl/ADC_CHUNK_DISTRIBUTOR.vhd
Note: LANE2 ADC chunk_accept count=8 fifo_full='0'
Time: 144846 ns  Iteration: 0  Process: /tb_AI_TRIGGER_TOP/dut/u_DUT/\gen_lanes(2)\/u_LANE/line__191  File: /home/work1/Works/AI-Trigger-System/HDL/rtl/CNN_CORE_LANE.vhd
Note: LANE2 started_next=8 fifo_empty='0' fifo_data_valid='1' ready='0' idle='1'
Time: 144882500 ps  Iteration: 0  Process: /tb_AI_TRIGGER_TOP/dut/u_DUT/\gen_lanes(2)\/u_LANE/line__273  File: /home/work1/Works/AI-Trigger-System/HDL/rtl/CNN_CORE_LANE.vhd
Note: LANE2 started=8 fifo_empty='0' fifo_data_valid='1' ready='0'
Time: 145592500 ps  Iteration: 0  Process: /tb_AI_TRIGGER_TOP/dut/u_DUT/\gen_lanes(2)\/u_LANE/line__273  File: /home/work1/Works/AI-Trigger-System/HDL/rtl/CNN_CORE_LANE.vhd
Note: LANE2 ADC busy_clear stream_done_seen='0' wr_count=0
Time: 145602 ns  Iteration: 0  Process: /tb_AI_TRIGGER_TOP/dut/u_DUT/\gen_lanes(2)\/u_LANE/line__191  File: /home/work1/Works/AI-Trigger-System/HDL/rtl/CNN_CORE_LANE.vhd
Note: LANE2 CNN output_valid score_raw=-2675 started=8
Time: 145817500 ps  Iteration: 0  Process: /tb_AI_TRIGGER_TOP/dut/u_DUT/\gen_lanes(2)\/u_LANE/line__273  File: /home/work1/Works/AI-Trigger-System/HDL/rtl/CNN_CORE_LANE.vhd
   117 | 0x003ff58d    |     -1.306152 |     0 |    0 |      1.015
Note: DIST chunk_start seq=118 lane=3 busy='0'
Time: 145862 ns  Iteration: 0  Process: /tb_AI_TRIGGER_TOP/dut/u_DUT/u_DIST/line__134  File: /home/work1/Works/AI-Trigger-System/HDL/rtl/ADC_CHUNK_DISTRIBUTOR.vhd
Note: LANE3 ADC chunk_accept count=8 fifo_full='0'
Time: 145862 ns  Iteration: 0  Process: /tb_AI_TRIGGER_TOP/dut/u_DUT/\gen_lanes(3)\/u_LANE/line__191  File: /home/work1/Works/AI-Trigger-System/HDL/rtl/CNN_CORE_LANE.vhd
Note: LANE3 started_next=8 fifo_empty='0' fifo_data_valid='1' ready='0' idle='1'
Time: 145897500 ps  Iteration: 0  Process: /tb_AI_TRIGGER_TOP/dut/u_DUT/\gen_lanes(3)\/u_LANE/line__273  File: /home/work1/Works/AI-Trigger-System/HDL/rtl/CNN_CORE_LANE.vhd
Note: LANE3 started=8 fifo_empty='0' fifo_data_valid='1' ready='0'
Time: 146607500 ps  Iteration: 0  Process: /tb_AI_TRIGGER_TOP/dut/u_DUT/\gen_lanes(3)\/u_LANE/line__273  File: /home/work1/Works/AI-Trigger-System/HDL/rtl/CNN_CORE_LANE.vhd
Note: LANE3 ADC busy_clear stream_done_seen='0' wr_count=0
Time: 146618 ns  Iteration: 0  Process: /tb_AI_TRIGGER_TOP/dut/u_DUT/\gen_lanes(3)\/u_LANE/line__191  File: /home/work1/Works/AI-Trigger-System/HDL/rtl/CNN_CORE_LANE.vhd
Note: LANE3 CNN output_valid score_raw=-2583 started=8
Time: 146832500 ps  Iteration: 0  Process: /tb_AI_TRIGGER_TOP/dut/u_DUT/\gen_lanes(3)\/u_LANE/line__273  File: /home/work1/Works/AI-Trigger-System/HDL/rtl/CNN_CORE_LANE.vhd
   118 | 0x003ff5e9    |     -1.261230 |     0 |    0 |      1.015
Note: DIST chunk_start seq=119 lane=4 busy='0'
Time: 146878 ns  Iteration: 0  Process: /tb_AI_TRIGGER_TOP/dut/u_DUT/u_DIST/line__134  File: /home/work1/Works/AI-Trigger-System/HDL/rtl/ADC_CHUNK_DISTRIBUTOR.vhd
Note: LANE4 ADC chunk_accept count=8 fifo_full='0'
Time: 146878 ns  Iteration: 0  Process: /tb_AI_TRIGGER_TOP/dut/u_DUT/\gen_lanes(4)\/u_LANE/line__191  File: /home/work1/Works/AI-Trigger-System/HDL/rtl/CNN_CORE_LANE.vhd
Note: LANE4 started_next=8 fifo_empty='0' fifo_data_valid='1' ready='0' idle='1'
Time: 146912500 ps  Iteration: 0  Process: /tb_AI_TRIGGER_TOP/dut/u_DUT/\gen_lanes(4)\/u_LANE/line__273  File: /home/work1/Works/AI-Trigger-System/HDL/rtl/CNN_CORE_LANE.vhd
Note: LANE4 started=8 fifo_empty='0' fifo_data_valid='1' ready='0'
Time: 147622500 ps  Iteration: 0  Process: /tb_AI_TRIGGER_TOP/dut/u_DUT/\gen_lanes(4)\/u_LANE/line__273  File: /home/work1/Works/AI-Trigger-System/HDL/rtl/CNN_CORE_LANE.vhd
Note: LANE4 ADC busy_clear stream_done_seen='0' wr_count=0
Time: 147634 ns  Iteration: 0  Process: /tb_AI_TRIGGER_TOP/dut/u_DUT/\gen_lanes(4)\/u_LANE/line__191  File: /home/work1/Works/AI-Trigger-System/HDL/rtl/CNN_CORE_LANE.vhd
Note: LANE4 CNN output_valid score_raw=-2494 started=8
Time: 147847500 ps  Iteration: 0  Process: /tb_AI_TRIGGER_TOP/dut/u_DUT/\gen_lanes(4)\/u_LANE/line__273  File: /home/work1/Works/AI-Trigger-System/HDL/rtl/CNN_CORE_LANE.vhd
   119 | 0x003ff642    |     -1.217773 |     0 |    0 |      1.010
Note: DIST chunk_start seq=120 lane=0 busy='0'
Time: 147890 ns  Iteration: 0  Process: /tb_AI_TRIGGER_TOP/dut/u_DUT/u_DIST/line__134  File: /home/work1/Works/AI-Trigger-System/HDL/rtl/ADC_CHUNK_DISTRIBUTOR.vhd
Note: LANE0 ADC chunk_accept count=9 fifo_full='0'
Time: 147890 ns  Iteration: 0  Process: /tb_AI_TRIGGER_TOP/dut/u_DUT/\gen_lanes(0)\/u_LANE/line__191  File: /home/work1/Works/AI-Trigger-System/HDL/rtl/CNN_CORE_LANE.vhd
Note: LANE0 started_next=9 fifo_empty='0' fifo_data_valid='1' ready='0' idle='1'
Time: 147927500 ps  Iteration: 0  Process: /tb_AI_TRIGGER_TOP/dut/u_DUT/\gen_lanes(0)\/u_LANE/line__273  File: /home/work1/Works/AI-Trigger-System/HDL/rtl/CNN_CORE_LANE.vhd
Note: LANE0 started=9 fifo_empty='0' fifo_data_valid='1' ready='0'
Time: 148637500 ps  Iteration: 0  Process: /tb_AI_TRIGGER_TOP/dut/u_DUT/\gen_lanes(0)\/u_LANE/line__273  File: /home/work1/Works/AI-Trigger-System/HDL/rtl/CNN_CORE_LANE.vhd
Note: LANE0 ADC busy_clear stream_done_seen='1' wr_count=0
Time: 148646 ns  Iteration: 0  Process: /tb_AI_TRIGGER_TOP/dut/u_DUT/\gen_lanes(0)\/u_LANE/line__191  File: /home/work1/Works/AI-Trigger-System/HDL/rtl/CNN_CORE_LANE.vhd
Note: LANE0 CNN output_valid score_raw=-2444 started=9
Time: 148862500 ps  Iteration: 0  Process: /tb_AI_TRIGGER_TOP/dut/u_DUT/\gen_lanes(0)\/u_LANE/line__273  File: /home/work1/Works/AI-Trigger-System/HDL/rtl/CNN_CORE_LANE.vhd
   120 | 0x003ff674    |     -1.193359 |     0 |    0 |      1.015
Note: DIST chunk_start seq=121 lane=1 busy='0'
Time: 148906 ns  Iteration: 0  Process: /tb_AI_TRIGGER_TOP/dut/u_DUT/u_DIST/line__134  File: /home/work1/Works/AI-Trigger-System/HDL/rtl/ADC_CHUNK_DISTRIBUTOR.vhd
Note: LANE1 ADC chunk_accept count=9 fifo_full='0'
Time: 148906 ns  Iteration: 0  Process: /tb_AI_TRIGGER_TOP/dut/u_DUT/\gen_lanes(1)\/u_LANE/line__191  File: /home/work1/Works/AI-Trigger-System/HDL/rtl/CNN_CORE_LANE.vhd
Note: LANE1 started_next=9 fifo_empty='0' fifo_data_valid='1' ready='0' idle='1'
Time: 148942500 ps  Iteration: 0  Process: /tb_AI_TRIGGER_TOP/dut/u_DUT/\gen_lanes(1)\/u_LANE/line__273  File: /home/work1/Works/AI-Trigger-System/HDL/rtl/CNN_CORE_LANE.vhd
Note: LANE1 started=9 fifo_empty='0' fifo_data_valid='1' ready='0'
Time: 149652500 ps  Iteration: 0  Process: /tb_AI_TRIGGER_TOP/dut/u_DUT/\gen_lanes(1)\/u_LANE/line__273  File: /home/work1/Works/AI-Trigger-System/HDL/rtl/CNN_CORE_LANE.vhd
Note: LANE1 ADC busy_clear stream_done_seen='1' wr_count=0
Time: 149662 ns  Iteration: 0  Process: /tb_AI_TRIGGER_TOP/dut/u_DUT/\gen_lanes(1)\/u_LANE/line__191  File: /home/work1/Works/AI-Trigger-System/HDL/rtl/CNN_CORE_LANE.vhd
Note: LANE1 CNN output_valid score_raw=-2755 started=9
Time: 149877500 ps  Iteration: 0  Process: /tb_AI_TRIGGER_TOP/dut/u_DUT/\gen_lanes(1)\/u_LANE/line__273  File: /home/work1/Works/AI-Trigger-System/HDL/rtl/CNN_CORE_LANE.vhd
   121 | 0x003ff53d    |     -1.345215 |     0 |    0 |      1.015
Note: DIST chunk_start seq=122 lane=2 busy='0'
Time: 149922 ns  Iteration: 0  Process: /tb_AI_TRIGGER_TOP/dut/u_DUT/u_DIST/line__134  File: /home/work1/Works/AI-Trigger-System/HDL/rtl/ADC_CHUNK_DISTRIBUTOR.vhd
Note: LANE2 ADC chunk_accept count=9 fifo_full='0'
Time: 149922 ns  Iteration: 0  Process: /tb_AI_TRIGGER_TOP/dut/u_DUT/\gen_lanes(2)\/u_LANE/line__191  File: /home/work1/Works/AI-Trigger-System/HDL/rtl/CNN_CORE_LANE.vhd
Note: LANE2 started_next=9 fifo_empty='0' fifo_data_valid='1' ready='0' idle='1'
Time: 149957500 ps  Iteration: 0  Process: /tb_AI_TRIGGER_TOP/dut/u_DUT/\gen_lanes(2)\/u_LANE/line__273  File: /home/work1/Works/AI-Trigger-System/HDL/rtl/CNN_CORE_LANE.vhd
Note: LANE2 started=9 fifo_empty='0' fifo_data_valid='1' ready='0'
Time: 150667500 ps  Iteration: 0  Process: /tb_AI_TRIGGER_TOP/dut/u_DUT/\gen_lanes(2)\/u_LANE/line__273  File: /home/work1/Works/AI-Trigger-System/HDL/rtl/CNN_CORE_LANE.vhd
Note: LANE2 ADC busy_clear stream_done_seen='1' wr_count=0
Time: 150678 ns  Iteration: 0  Process: /tb_AI_TRIGGER_TOP/dut/u_DUT/\gen_lanes(2)\/u_LANE/line__191  File: /home/work1/Works/AI-Trigger-System/HDL/rtl/CNN_CORE_LANE.vhd
Note: LANE2 CNN output_valid score_raw=-2641 started=9
Time: 150892500 ps  Iteration: 0  Process: /tb_AI_TRIGGER_TOP/dut/u_DUT/\gen_lanes(2)\/u_LANE/line__273  File: /home/work1/Works/AI-Trigger-System/HDL/rtl/CNN_CORE_LANE.vhd
   122 | 0x003ff5af    |     -1.289551 |     0 |    0 |      1.015
Note: DIST chunk_start seq=123 lane=3 busy='0'
Time: 150938 ns  Iteration: 0  Process: /tb_AI_TRIGGER_TOP/dut/u_DUT/u_DIST/line__134  File: /home/work1/Works/AI-Trigger-System/HDL/rtl/ADC_CHUNK_DISTRIBUTOR.vhd
Note: LANE3 ADC chunk_accept count=9 fifo_full='0'
Time: 150938 ns  Iteration: 0  Process: /tb_AI_TRIGGER_TOP/dut/u_DUT/\gen_lanes(3)\/u_LANE/line__191  File: /home/work1/Works/AI-Trigger-System/HDL/rtl/CNN_CORE_LANE.vhd
Note: LANE3 started_next=9 fifo_empty='0' fifo_data_valid='1' ready='0' idle='1'
Time: 150972500 ps  Iteration: 0  Process: /tb_AI_TRIGGER_TOP/dut/u_DUT/\gen_lanes(3)\/u_LANE/line__273  File: /home/work1/Works/AI-Trigger-System/HDL/rtl/CNN_CORE_LANE.vhd
Note: LANE3 started=9 fifo_empty='0' fifo_data_valid='1' ready='0'
Time: 151682500 ps  Iteration: 0  Process: /tb_AI_TRIGGER_TOP/dut/u_DUT/\gen_lanes(3)\/u_LANE/line__273  File: /home/work1/Works/AI-Trigger-System/HDL/rtl/CNN_CORE_LANE.vhd
Note: LANE3 ADC busy_clear stream_done_seen='1' wr_count=0
Time: 151694 ns  Iteration: 0  Process: /tb_AI_TRIGGER_TOP/dut/u_DUT/\gen_lanes(3)\/u_LANE/line__191  File: /home/work1/Works/AI-Trigger-System/HDL/rtl/CNN_CORE_LANE.vhd
Note: LANE3 CNN output_valid score_raw=-2719 started=9
Time: 151907500 ps  Iteration: 0  Process: /tb_AI_TRIGGER_TOP/dut/u_DUT/\gen_lanes(3)\/u_LANE/line__273  File: /home/work1/Works/AI-Trigger-System/HDL/rtl/CNN_CORE_LANE.vhd
   123 | 0x003ff561    |     -1.327637 |     0 |    0 |      1.010
Note: DIST chunk_start seq=124 lane=4 busy='0'
Time: 151950 ns  Iteration: 0  Process: /tb_AI_TRIGGER_TOP/dut/u_DUT/u_DIST/line__134  File: /home/work1/Works/AI-Trigger-System/HDL/rtl/ADC_CHUNK_DISTRIBUTOR.vhd
Note: LANE4 ADC chunk_accept count=9 fifo_full='0'
Time: 151950 ns  Iteration: 0  Process: /tb_AI_TRIGGER_TOP/dut/u_DUT/\gen_lanes(4)\/u_LANE/line__191  File: /home/work1/Works/AI-Trigger-System/HDL/rtl/CNN_CORE_LANE.vhd
Note: LANE4 started_next=9 fifo_empty='0' fifo_data_valid='1' ready='0' idle='1'
Time: 151987500 ps  Iteration: 0  Process: /tb_AI_TRIGGER_TOP/dut/u_DUT/\gen_lanes(4)\/u_LANE/line__273  File: /home/work1/Works/AI-Trigger-System/HDL/rtl/CNN_CORE_LANE.vhd
Note: LANE4 started=9 fifo_empty='0' fifo_data_valid='1' ready='0'
Time: 152697500 ps  Iteration: 0  Process: /tb_AI_TRIGGER_TOP/dut/u_DUT/\gen_lanes(4)\/u_LANE/line__273  File: /home/work1/Works/AI-Trigger-System/HDL/rtl/CNN_CORE_LANE.vhd
Note: LANE4 ADC busy_clear stream_done_seen='1' wr_count=0
Time: 152706 ns  Iteration: 0  Process: /tb_AI_TRIGGER_TOP/dut/u_DUT/\gen_lanes(4)\/u_LANE/line__191  File: /home/work1/Works/AI-Trigger-System/HDL/rtl/CNN_CORE_LANE.vhd
Note: LANE4 CNN output_valid score_raw=-2745 started=9
Time: 152922500 ps  Iteration: 0  Process: /tb_AI_TRIGGER_TOP/dut/u_DUT/\gen_lanes(4)\/u_LANE/line__273  File: /home/work1/Works/AI-Trigger-System/HDL/rtl/CNN_CORE_LANE.vhd
   124 | 0x003ff547    |     -1.340332 |     0 |    0 |      1.015
Note: DIST chunk_start seq=125 lane=0 busy='0'
Time: 152966 ns  Iteration: 0  Process: /tb_AI_TRIGGER_TOP/dut/u_DUT/u_DIST/line__134  File: /home/work1/Works/AI-Trigger-System/HDL/rtl/ADC_CHUNK_DISTRIBUTOR.vhd
Note: LANE0 ADC chunk_accept count=10 fifo_full='0'
Time: 152966 ns  Iteration: 0  Process: /tb_AI_TRIGGER_TOP/dut/u_DUT/\gen_lanes(0)\/u_LANE/line__191  File: /home/work1/Works/AI-Trigger-System/HDL/rtl/CNN_CORE_LANE.vhd
Note: LANE0 started_next=10 fifo_empty='0' fifo_data_valid='1' ready='0' idle='1'
Time: 153002500 ps  Iteration: 0  Process: /tb_AI_TRIGGER_TOP/dut/u_DUT/\gen_lanes(0)\/u_LANE/line__273  File: /home/work1/Works/AI-Trigger-System/HDL/rtl/CNN_CORE_LANE.vhd
Note: LANE0 started=10 fifo_empty='0' fifo_data_valid='1' ready='0'
Time: 153712500 ps  Iteration: 0  Process: /tb_AI_TRIGGER_TOP/dut/u_DUT/\gen_lanes(0)\/u_LANE/line__273  File: /home/work1/Works/AI-Trigger-System/HDL/rtl/CNN_CORE_LANE.vhd
Note: LANE0 ADC busy_clear stream_done_seen='0' wr_count=0
Time: 153722 ns  Iteration: 0  Process: /tb_AI_TRIGGER_TOP/dut/u_DUT/\gen_lanes(0)\/u_LANE/line__191  File: /home/work1/Works/AI-Trigger-System/HDL/rtl/CNN_CORE_LANE.vhd
Note: LANE0 CNN output_valid score_raw=-2778 started=10
Time: 153937500 ps  Iteration: 0  Process: /tb_AI_TRIGGER_TOP/dut/u_DUT/\gen_lanes(0)\/u_LANE/line__273  File: /home/work1/Works/AI-Trigger-System/HDL/rtl/CNN_CORE_LANE.vhd
   125 | 0x003ff526    |     -1.356445 |     0 |    0 |      1.015
Note: DIST chunk_start seq=126 lane=1 busy='0'
Time: 153982 ns  Iteration: 0  Process: /tb_AI_TRIGGER_TOP/dut/u_DUT/u_DIST/line__134  File: /home/work1/Works/AI-Trigger-System/HDL/rtl/ADC_CHUNK_DISTRIBUTOR.vhd
Note: LANE1 ADC chunk_accept count=10 fifo_full='0'
Time: 153982 ns  Iteration: 0  Process: /tb_AI_TRIGGER_TOP/dut/u_DUT/\gen_lanes(1)\/u_LANE/line__191  File: /home/work1/Works/AI-Trigger-System/HDL/rtl/CNN_CORE_LANE.vhd
Note: LANE1 started_next=10 fifo_empty='0' fifo_data_valid='1' ready='0' idle='1'
Time: 154017500 ps  Iteration: 0  Process: /tb_AI_TRIGGER_TOP/dut/u_DUT/\gen_lanes(1)\/u_LANE/line__273  File: /home/work1/Works/AI-Trigger-System/HDL/rtl/CNN_CORE_LANE.vhd
Note: LANE1 started=10 fifo_empty='0' fifo_data_valid='1' ready='0'
Time: 154727500 ps  Iteration: 0  Process: /tb_AI_TRIGGER_TOP/dut/u_DUT/\gen_lanes(1)\/u_LANE/line__273  File: /home/work1/Works/AI-Trigger-System/HDL/rtl/CNN_CORE_LANE.vhd
Note: LANE1 ADC busy_clear stream_done_seen='0' wr_count=0
Time: 154738 ns  Iteration: 0  Process: /tb_AI_TRIGGER_TOP/dut/u_DUT/\gen_lanes(1)\/u_LANE/line__191  File: /home/work1/Works/AI-Trigger-System/HDL/rtl/CNN_CORE_LANE.vhd
Note: LANE1 CNN output_valid score_raw=-2407 started=10
Time: 154952500 ps  Iteration: 0  Process: /tb_AI_TRIGGER_TOP/dut/u_DUT/\gen_lanes(1)\/u_LANE/line__273  File: /home/work1/Works/AI-Trigger-System/HDL/rtl/CNN_CORE_LANE.vhd
   126 | 0x003ff699    |     -1.175293 |     0 |    0 |      1.015
Note: DIST chunk_start seq=127 lane=2 busy='0'
Time: 154998 ns  Iteration: 0  Process: /tb_AI_TRIGGER_TOP/dut/u_DUT/u_DIST/line__134  File: /home/work1/Works/AI-Trigger-System/HDL/rtl/ADC_CHUNK_DISTRIBUTOR.vhd
Note: LANE2 ADC chunk_accept count=10 fifo_full='0'
Time: 154998 ns  Iteration: 0  Process: /tb_AI_TRIGGER_TOP/dut/u_DUT/\gen_lanes(2)\/u_LANE/line__191  File: /home/work1/Works/AI-Trigger-System/HDL/rtl/CNN_CORE_LANE.vhd
Note: LANE2 started_next=10 fifo_empty='0' fifo_data_valid='1' ready='0' idle='1'
Time: 155032500 ps  Iteration: 0  Process: /tb_AI_TRIGGER_TOP/dut/u_DUT/\gen_lanes(2)\/u_LANE/line__273  File: /home/work1/Works/AI-Trigger-System/HDL/rtl/CNN_CORE_LANE.vhd
Note: LANE2 started=10 fifo_empty='0' fifo_data_valid='1' ready='0'
Time: 155742500 ps  Iteration: 0  Process: /tb_AI_TRIGGER_TOP/dut/u_DUT/\gen_lanes(2)\/u_LANE/line__273  File: /home/work1/Works/AI-Trigger-System/HDL/rtl/CNN_CORE_LANE.vhd
Note: LANE2 ADC busy_clear stream_done_seen='0' wr_count=0
Time: 155754 ns  Iteration: 0  Process: /tb_AI_TRIGGER_TOP/dut/u_DUT/\gen_lanes(2)\/u_LANE/line__191  File: /home/work1/Works/AI-Trigger-System/HDL/rtl/CNN_CORE_LANE.vhd
Note: LANE2 CNN output_valid score_raw=-2618 started=10
Time: 155967500 ps  Iteration: 0  Process: /tb_AI_TRIGGER_TOP/dut/u_DUT/\gen_lanes(2)\/u_LANE/line__273  File: /home/work1/Works/AI-Trigger-System/HDL/rtl/CNN_CORE_LANE.vhd
   127 | 0x003ff5c6    |     -1.278320 |     0 |    0 |      1.010
Note: DIST chunk_start seq=128 lane=3 busy='0'
Time: 156010 ns  Iteration: 0  Process: /tb_AI_TRIGGER_TOP/dut/u_DUT/u_DIST/line__134  File: /home/work1/Works/AI-Trigger-System/HDL/rtl/ADC_CHUNK_DISTRIBUTOR.vhd
Note: LANE3 ADC chunk_accept count=10 fifo_full='0'
Time: 156010 ns  Iteration: 0  Process: /tb_AI_TRIGGER_TOP/dut/u_DUT/\gen_lanes(3)\/u_LANE/line__191  File: /home/work1/Works/AI-Trigger-System/HDL/rtl/CNN_CORE_LANE.vhd
Note: LANE3 started_next=10 fifo_empty='0' fifo_data_valid='1' ready='0' idle='1'
Time: 156047500 ps  Iteration: 0  Process: /tb_AI_TRIGGER_TOP/dut/u_DUT/\gen_lanes(3)\/u_LANE/line__273  File: /home/work1/Works/AI-Trigger-System/HDL/rtl/CNN_CORE_LANE.vhd
Note: LANE3 started=10 fifo_empty='0' fifo_data_valid='1' ready='0'
Time: 156757500 ps  Iteration: 0  Process: /tb_AI_TRIGGER_TOP/dut/u_DUT/\gen_lanes(3)\/u_LANE/line__273  File: /home/work1/Works/AI-Trigger-System/HDL/rtl/CNN_CORE_LANE.vhd
Note: LANE3 ADC busy_clear stream_done_seen='0' wr_count=0
Time: 156766 ns  Iteration: 0  Process: /tb_AI_TRIGGER_TOP/dut/u_DUT/\gen_lanes(3)\/u_LANE/line__191  File: /home/work1/Works/AI-Trigger-System/HDL/rtl/CNN_CORE_LANE.vhd
Note: LANE3 CNN output_valid score_raw=-2738 started=10
Time: 156982500 ps  Iteration: 0  Process: /tb_AI_TRIGGER_TOP/dut/u_DUT/\gen_lanes(3)\/u_LANE/line__273  File: /home/work1/Works/AI-Trigger-System/HDL/rtl/CNN_CORE_LANE.vhd
   128 | 0x003ff54e    |     -1.336914 |     0 |    0 |      1.015
Note: DIST chunk_start seq=129 lane=4 busy='0'
Time: 157026 ns  Iteration: 0  Process: /tb_AI_TRIGGER_TOP/dut/u_DUT/u_DIST/line__134  File: /home/work1/Works/AI-Trigger-System/HDL/rtl/ADC_CHUNK_DISTRIBUTOR.vhd
Note: LANE4 ADC chunk_accept count=10 fifo_full='0'
Time: 157026 ns  Iteration: 0  Process: /tb_AI_TRIGGER_TOP/dut/u_DUT/\gen_lanes(4)\/u_LANE/line__191  File: /home/work1/Works/AI-Trigger-System/HDL/rtl/CNN_CORE_LANE.vhd
Note: LANE4 started_next=10 fifo_empty='0' fifo_data_valid='1' ready='0' idle='1'
Time: 157062500 ps  Iteration: 0  Process: /tb_AI_TRIGGER_TOP/dut/u_DUT/\gen_lanes(4)\/u_LANE/line__273  File: /home/work1/Works/AI-Trigger-System/HDL/rtl/CNN_CORE_LANE.vhd
Note: LANE4 started=10 fifo_empty='0' fifo_data_valid='1' ready='0'
Time: 157772500 ps  Iteration: 0  Process: /tb_AI_TRIGGER_TOP/dut/u_DUT/\gen_lanes(4)\/u_LANE/line__273  File: /home/work1/Works/AI-Trigger-System/HDL/rtl/CNN_CORE_LANE.vhd
Note: LANE4 ADC busy_clear stream_done_seen='0' wr_count=0
Time: 157782 ns  Iteration: 0  Process: /tb_AI_TRIGGER_TOP/dut/u_DUT/\gen_lanes(4)\/u_LANE/line__191  File: /home/work1/Works/AI-Trigger-System/HDL/rtl/CNN_CORE_LANE.vhd
Note: LANE4 CNN output_valid score_raw=-2828 started=10
Time: 157997500 ps  Iteration: 0  Process: /tb_AI_TRIGGER_TOP/dut/u_DUT/\gen_lanes(4)\/u_LANE/line__273  File: /home/work1/Works/AI-Trigger-System/HDL/rtl/CNN_CORE_LANE.vhd
   129 | 0x003ff4f4    |     -1.380859 |     0 |    0 |      1.015
Note: DIST chunk_start seq=130 lane=0 busy='0'
Time: 158042 ns  Iteration: 0  Process: /tb_AI_TRIGGER_TOP/dut/u_DUT/u_DIST/line__134  File: /home/work1/Works/AI-Trigger-System/HDL/rtl/ADC_CHUNK_DISTRIBUTOR.vhd
Note: LANE0 ADC chunk_accept count=11 fifo_full='0'
Time: 158042 ns  Iteration: 0  Process: /tb_AI_TRIGGER_TOP/dut/u_DUT/\gen_lanes(0)\/u_LANE/line__191  File: /home/work1/Works/AI-Trigger-System/HDL/rtl/CNN_CORE_LANE.vhd
Note: LANE0 started_next=11 fifo_empty='0' fifo_data_valid='1' ready='0' idle='1'
Time: 158077500 ps  Iteration: 0  Process: /tb_AI_TRIGGER_TOP/dut/u_DUT/\gen_lanes(0)\/u_LANE/line__273  File: /home/work1/Works/AI-Trigger-System/HDL/rtl/CNN_CORE_LANE.vhd
Note: LANE0 started=11 fifo_empty='0' fifo_data_valid='1' ready='0'
Time: 158787500 ps  Iteration: 0  Process: /tb_AI_TRIGGER_TOP/dut/u_DUT/\gen_lanes(0)\/u_LANE/line__273  File: /home/work1/Works/AI-Trigger-System/HDL/rtl/CNN_CORE_LANE.vhd
Note: LANE0 ADC busy_clear stream_done_seen='1' wr_count=0
Time: 158798 ns  Iteration: 0  Process: /tb_AI_TRIGGER_TOP/dut/u_DUT/\gen_lanes(0)\/u_LANE/line__191  File: /home/work1/Works/AI-Trigger-System/HDL/rtl/CNN_CORE_LANE.vhd
   130 | 0x003ff512    |     -1.366211 |     0 |    0 |      1.015
Note: DIST chunk_start seq=131 lane=1 busy='0'
Time: 159058 ns  Iteration: 0  Process: /tb_AI_TRIGGER_TOP/dut/u_DUT/u_DIST/line__134  File: /home/work1/Works/AI-Trigger-System/HDL/rtl/ADC_CHUNK_DISTRIBUTOR.vhd
Note: LANE1 ADC chunk_accept count=11 fifo_full='0'
Time: 159058 ns  Iteration: 0  Process: /tb_AI_TRIGGER_TOP/dut/u_DUT/\gen_lanes(1)\/u_LANE/line__191  File: /home/work1/Works/AI-Trigger-System/HDL/rtl/CNN_CORE_LANE.vhd
Note: LANE1 started_next=11 fifo_empty='0' fifo_data_valid='1' ready='0' idle='1'
Time: 159092500 ps  Iteration: 0  Process: /tb_AI_TRIGGER_TOP/dut/u_DUT/\gen_lanes(1)\/u_LANE/line__273  File: /home/work1/Works/AI-Trigger-System/HDL/rtl/CNN_CORE_LANE.vhd
Note: LANE1 started=11 fifo_empty='0' fifo_data_valid='1' ready='0'
Time: 159802500 ps  Iteration: 0  Process: /tb_AI_TRIGGER_TOP/dut/u_DUT/\gen_lanes(1)\/u_LANE/line__273  File: /home/work1/Works/AI-Trigger-System/HDL/rtl/CNN_CORE_LANE.vhd
Note: LANE1 ADC busy_clear stream_done_seen='1' wr_count=0
Time: 159814 ns  Iteration: 0  Process: /tb_AI_TRIGGER_TOP/dut/u_DUT/\gen_lanes(1)\/u_LANE/line__191  File: /home/work1/Works/AI-Trigger-System/HDL/rtl/CNN_CORE_LANE.vhd
   131 | 0x003ff57d    |     -1.313965 |     0 |    0 |      1.010
Note: DIST chunk_start seq=132 lane=2 busy='0'
Time: 160070 ns  Iteration: 0  Process: /tb_AI_TRIGGER_TOP/dut/u_DUT/u_DIST/line__134  File: /home/work1/Works/AI-Trigger-System/HDL/rtl/ADC_CHUNK_DISTRIBUTOR.vhd
Note: LANE2 ADC chunk_accept count=11 fifo_full='0'
Time: 160070 ns  Iteration: 0  Process: /tb_AI_TRIGGER_TOP/dut/u_DUT/\gen_lanes(2)\/u_LANE/line__191  File: /home/work1/Works/AI-Trigger-System/HDL/rtl/CNN_CORE_LANE.vhd
Note: LANE2 started_next=11 fifo_empty='0' fifo_data_valid='1' ready='0' idle='1'
Time: 160107500 ps  Iteration: 0  Process: /tb_AI_TRIGGER_TOP/dut/u_DUT/\gen_lanes(2)\/u_LANE/line__273  File: /home/work1/Works/AI-Trigger-System/HDL/rtl/CNN_CORE_LANE.vhd
Note: LANE2 started=11 fifo_empty='0' fifo_data_valid='1' ready='0'
Time: 160817500 ps  Iteration: 0  Process: /tb_AI_TRIGGER_TOP/dut/u_DUT/\gen_lanes(2)\/u_LANE/line__273  File: /home/work1/Works/AI-Trigger-System/HDL/rtl/CNN_CORE_LANE.vhd
Note: LANE2 ADC busy_clear stream_done_seen='1' wr_count=0
Time: 160826 ns  Iteration: 0  Process: /tb_AI_TRIGGER_TOP/dut/u_DUT/\gen_lanes(2)\/u_LANE/line__191  File: /home/work1/Works/AI-Trigger-System/HDL/rtl/CNN_CORE_LANE.vhd
   132 | 0x003ff6c4    |     -1.154297 |     0 |    0 |      1.015
Note: DIST chunk_start seq=133 lane=3 busy='0'
Time: 161086 ns  Iteration: 0  Process: /tb_AI_TRIGGER_TOP/dut/u_DUT/u_DIST/line__134  File: /home/work1/Works/AI-Trigger-System/HDL/rtl/ADC_CHUNK_DISTRIBUTOR.vhd
Note: LANE3 ADC chunk_accept count=11 fifo_full='0'
Time: 161086 ns  Iteration: 0  Process: /tb_AI_TRIGGER_TOP/dut/u_DUT/\gen_lanes(3)\/u_LANE/line__191  File: /home/work1/Works/AI-Trigger-System/HDL/rtl/CNN_CORE_LANE.vhd
Note: LANE3 started_next=11 fifo_empty='0' fifo_data_valid='1' ready='0' idle='1'
Time: 161122500 ps  Iteration: 0  Process: /tb_AI_TRIGGER_TOP/dut/u_DUT/\gen_lanes(3)\/u_LANE/line__273  File: /home/work1/Works/AI-Trigger-System/HDL/rtl/CNN_CORE_LANE.vhd
Note: LANE3 started=11 fifo_empty='0' fifo_data_valid='1' ready='0'
Time: 161832500 ps  Iteration: 0  Process: /tb_AI_TRIGGER_TOP/dut/u_DUT/\gen_lanes(3)\/u_LANE/line__273  File: /home/work1/Works/AI-Trigger-System/HDL/rtl/CNN_CORE_LANE.vhd
Note: LANE3 ADC busy_clear stream_done_seen='1' wr_count=0
Time: 161842 ns  Iteration: 0  Process: /tb_AI_TRIGGER_TOP/dut/u_DUT/\gen_lanes(3)\/u_LANE/line__191  File: /home/work1/Works/AI-Trigger-System/HDL/rtl/CNN_CORE_LANE.vhd
   133 | 0x003ff605    |     -1.247559 |     0 |    0 |      1.015
Note: DIST chunk_start seq=134 lane=4 busy='0'
Time: 162102 ns  Iteration: 0  Process: /tb_AI_TRIGGER_TOP/dut/u_DUT/u_DIST/line__134  File: /home/work1/Works/AI-Trigger-System/HDL/rtl/ADC_CHUNK_DISTRIBUTOR.vhd
Note: LANE4 ADC chunk_accept count=11 fifo_full='0'
Time: 162102 ns  Iteration: 0  Process: /tb_AI_TRIGGER_TOP/dut/u_DUT/\gen_lanes(4)\/u_LANE/line__191  File: /home/work1/Works/AI-Trigger-System/HDL/rtl/CNN_CORE_LANE.vhd
Note: LANE4 started_next=11 fifo_empty='0' fifo_data_valid='1' ready='0' idle='1'
Time: 162137500 ps  Iteration: 0  Process: /tb_AI_TRIGGER_TOP/dut/u_DUT/\gen_lanes(4)\/u_LANE/line__273  File: /home/work1/Works/AI-Trigger-System/HDL/rtl/CNN_CORE_LANE.vhd
Note: LANE4 started=11 fifo_empty='0' fifo_data_valid='1' ready='0'
Time: 162847500 ps  Iteration: 0  Process: /tb_AI_TRIGGER_TOP/dut/u_DUT/\gen_lanes(4)\/u_LANE/line__273  File: /home/work1/Works/AI-Trigger-System/HDL/rtl/CNN_CORE_LANE.vhd
Note: LANE4 ADC busy_clear stream_done_seen='1' wr_count=0
Time: 162858 ns  Iteration: 0  Process: /tb_AI_TRIGGER_TOP/dut/u_DUT/\gen_lanes(4)\/u_LANE/line__191  File: /home/work1/Works/AI-Trigger-System/HDL/rtl/CNN_CORE_LANE.vhd
   134 | 0x003ff4e0    |     -1.390625 |     0 |    0 |      1.015
Note: DIST chunk_start seq=135 lane=0 busy='0'
Time: 163118 ns  Iteration: 0  Process: /tb_AI_TRIGGER_TOP/dut/u_DUT/u_DIST/line__134  File: /home/work1/Works/AI-Trigger-System/HDL/rtl/ADC_CHUNK_DISTRIBUTOR.vhd
Note: LANE0 ADC chunk_accept count=12 fifo_full='0'
Time: 163118 ns  Iteration: 0  Process: /tb_AI_TRIGGER_TOP/dut/u_DUT/\gen_lanes(0)\/u_LANE/line__191  File: /home/work1/Works/AI-Trigger-System/HDL/rtl/CNN_CORE_LANE.vhd
Note: LANE0 ADC busy_clear stream_done_seen='0' wr_count=0
Time: 163874 ns  Iteration: 0  Process: /tb_AI_TRIGGER_TOP/dut/u_DUT/\gen_lanes(0)\/u_LANE/line__191  File: /home/work1/Works/AI-Trigger-System/HDL/rtl/CNN_CORE_LANE.vhd
   135 | 0x003ff615    |     -1.239746 |     0 |    0 |      1.010
Note: DIST chunk_start seq=136 lane=1 busy='0'
Time: 164130 ns  Iteration: 0  Process: /tb_AI_TRIGGER_TOP/dut/u_DUT/u_DIST/line__134  File: /home/work1/Works/AI-Trigger-System/HDL/rtl/ADC_CHUNK_DISTRIBUTOR.vhd
Note: LANE1 ADC chunk_accept count=12 fifo_full='0'
Time: 164130 ns  Iteration: 0  Process: /tb_AI_TRIGGER_TOP/dut/u_DUT/\gen_lanes(1)\/u_LANE/line__191  File: /home/work1/Works/AI-Trigger-System/HDL/rtl/CNN_CORE_LANE.vhd
Note: LANE1 ADC busy_clear stream_done_seen='0' wr_count=0
Time: 164886 ns  Iteration: 0  Process: /tb_AI_TRIGGER_TOP/dut/u_DUT/\gen_lanes(1)\/u_LANE/line__191  File: /home/work1/Works/AI-Trigger-System/HDL/rtl/CNN_CORE_LANE.vhd
   136 | 0x003ff682    |     -1.186523 |     0 |    0 |      1.015
Note: DIST chunk_start seq=137 lane=2 busy='0'
Time: 165146 ns  Iteration: 0  Process: /tb_AI_TRIGGER_TOP/dut/u_DUT/u_DIST/line__134  File: /home/work1/Works/AI-Trigger-System/HDL/rtl/ADC_CHUNK_DISTRIBUTOR.vhd
Note: LANE2 ADC chunk_accept count=12 fifo_full='0'
Time: 165146 ns  Iteration: 0  Process: /tb_AI_TRIGGER_TOP/dut/u_DUT/\gen_lanes(2)\/u_LANE/line__191  File: /home/work1/Works/AI-Trigger-System/HDL/rtl/CNN_CORE_LANE.vhd
Note: LANE2 ADC busy_clear stream_done_seen='0' wr_count=0
Time: 165902 ns  Iteration: 0  Process: /tb_AI_TRIGGER_TOP/dut/u_DUT/\gen_lanes(2)\/u_LANE/line__191  File: /home/work1/Works/AI-Trigger-System/HDL/rtl/CNN_CORE_LANE.vhd
   137 | 0x003ff62f    |     -1.227051 |     0 |    0 |      1.015
Note: DIST chunk_start seq=138 lane=3 busy='0'
Time: 166162 ns  Iteration: 0  Process: /tb_AI_TRIGGER_TOP/dut/u_DUT/u_DIST/line__134  File: /home/work1/Works/AI-Trigger-System/HDL/rtl/ADC_CHUNK_DISTRIBUTOR.vhd
Note: LANE3 ADC chunk_accept count=12 fifo_full='0'
Time: 166162 ns  Iteration: 0  Process: /tb_AI_TRIGGER_TOP/dut/u_DUT/\gen_lanes(3)\/u_LANE/line__191  File: /home/work1/Works/AI-Trigger-System/HDL/rtl/CNN_CORE_LANE.vhd
Note: LANE3 ADC busy_clear stream_done_seen='0' wr_count=0
Time: 166918 ns  Iteration: 0  Process: /tb_AI_TRIGGER_TOP/dut/u_DUT/\gen_lanes(3)\/u_LANE/line__191  File: /home/work1/Works/AI-Trigger-System/HDL/rtl/CNN_CORE_LANE.vhd
   138 | 0x003ff82d    |     -0.978027 |     0 |    0 |      1.015
Note: DIST chunk_start seq=139 lane=4 busy='0'
Time: 167178 ns  Iteration: 0  Process: /tb_AI_TRIGGER_TOP/dut/u_DUT/u_DIST/line__134  File: /home/work1/Works/AI-Trigger-System/HDL/rtl/ADC_CHUNK_DISTRIBUTOR.vhd
Note: LANE4 ADC chunk_accept count=12 fifo_full='0'
Time: 167178 ns  Iteration: 0  Process: /tb_AI_TRIGGER_TOP/dut/u_DUT/\gen_lanes(4)\/u_LANE/line__191  File: /home/work1/Works/AI-Trigger-System/HDL/rtl/CNN_CORE_LANE.vhd
Note: LANE4 ADC busy_clear stream_done_seen='0' wr_count=0
Time: 167934 ns  Iteration: 0  Process: /tb_AI_TRIGGER_TOP/dut/u_DUT/\gen_lanes(4)\/u_LANE/line__191  File: /home/work1/Works/AI-Trigger-System/HDL/rtl/CNN_CORE_LANE.vhd
   139 | 0x003ff71f    |     -1.109863 |     0 |    0 |      1.010
Note: DIST chunk_start seq=140 lane=0 busy='0'
Time: 168190 ns  Iteration: 0  Process: /tb_AI_TRIGGER_TOP/dut/u_DUT/u_DIST/line__134  File: /home/work1/Works/AI-Trigger-System/HDL/rtl/ADC_CHUNK_DISTRIBUTOR.vhd
Note: LANE0 ADC chunk_accept count=13 fifo_full='0'
Time: 168190 ns  Iteration: 0  Process: /tb_AI_TRIGGER_TOP/dut/u_DUT/\gen_lanes(0)\/u_LANE/line__191  File: /home/work1/Works/AI-Trigger-System/HDL/rtl/CNN_CORE_LANE.vhd
Note: LANE0 ADC busy_clear stream_done_seen='1' wr_count=0
Time: 168946 ns  Iteration: 0  Process: /tb_AI_TRIGGER_TOP/dut/u_DUT/\gen_lanes(0)\/u_LANE/line__191  File: /home/work1/Works/AI-Trigger-System/HDL/rtl/CNN_CORE_LANE.vhd
   140 | 0x003ff5f1    |     -1.257324 |     0 |    0 |      1.015
Note: DIST chunk_start seq=141 lane=1 busy='0'
Time: 169206 ns  Iteration: 0  Process: /tb_AI_TRIGGER_TOP/dut/u_DUT/u_DIST/line__134  File: /home/work1/Works/AI-Trigger-System/HDL/rtl/ADC_CHUNK_DISTRIBUTOR.vhd
Note: LANE1 ADC chunk_accept count=13 fifo_full='0'
Time: 169206 ns  Iteration: 0  Process: /tb_AI_TRIGGER_TOP/dut/u_DUT/\gen_lanes(1)\/u_LANE/line__191  File: /home/work1/Works/AI-Trigger-System/HDL/rtl/CNN_CORE_LANE.vhd
Note: LANE1 ADC busy_clear stream_done_seen='1' wr_count=0
Time: 169962 ns  Iteration: 0  Process: /tb_AI_TRIGGER_TOP/dut/u_DUT/\gen_lanes(1)\/u_LANE/line__191  File: /home/work1/Works/AI-Trigger-System/HDL/rtl/CNN_CORE_LANE.vhd
   141 | 0x003ff638    |     -1.222656 |     0 |    0 |      1.015
Note: DIST chunk_start seq=142 lane=2 busy='0'
Time: 170222 ns  Iteration: 0  Process: /tb_AI_TRIGGER_TOP/dut/u_DUT/u_DIST/line__134  File: /home/work1/Works/AI-Trigger-System/HDL/rtl/ADC_CHUNK_DISTRIBUTOR.vhd
Note: LANE2 ADC chunk_accept count=13 fifo_full='0'
Time: 170222 ns  Iteration: 0  Process: /tb_AI_TRIGGER_TOP/dut/u_DUT/\gen_lanes(2)\/u_LANE/line__191  File: /home/work1/Works/AI-Trigger-System/HDL/rtl/CNN_CORE_LANE.vhd
Note: LANE2 ADC busy_clear stream_done_seen='1' wr_count=0
Time: 170978 ns  Iteration: 0  Process: /tb_AI_TRIGGER_TOP/dut/u_DUT/\gen_lanes(2)\/u_LANE/line__191  File: /home/work1/Works/AI-Trigger-System/HDL/rtl/CNN_CORE_LANE.vhd
   142 | 0x003ff658    |     -1.207031 |     0 |    0 |      1.015
Note: DIST chunk_start seq=143 lane=3 busy='0'
Time: 171238 ns  Iteration: 0  Process: /tb_AI_TRIGGER_TOP/dut/u_DUT/u_DIST/line__134  File: /home/work1/Works/AI-Trigger-System/HDL/rtl/ADC_CHUNK_DISTRIBUTOR.vhd
Note: LANE3 ADC chunk_accept count=13 fifo_full='0'
Time: 171238 ns  Iteration: 0  Process: /tb_AI_TRIGGER_TOP/dut/u_DUT/\gen_lanes(3)\/u_LANE/line__191  File: /home/work1/Works/AI-Trigger-System/HDL/rtl/CNN_CORE_LANE.vhd
Note: LANE3 ADC busy_clear stream_done_seen='1' wr_count=0
Time: 171994 ns  Iteration: 0  Process: /tb_AI_TRIGGER_TOP/dut/u_DUT/\gen_lanes(3)\/u_LANE/line__191  File: /home/work1/Works/AI-Trigger-System/HDL/rtl/CNN_CORE_LANE.vhd
   143 | 0x003ff656    |     -1.208008 |     0 |    0 |      1.010
Note: DIST chunk_start seq=144 lane=4 busy='0'
Time: 172250 ns  Iteration: 0  Process: /tb_AI_TRIGGER_TOP/dut/u_DUT/u_DIST/line__134  File: /home/work1/Works/AI-Trigger-System/HDL/rtl/ADC_CHUNK_DISTRIBUTOR.vhd
Note: LANE4 ADC chunk_accept count=13 fifo_full='0'
Time: 172250 ns  Iteration: 0  Process: /tb_AI_TRIGGER_TOP/dut/u_DUT/\gen_lanes(4)\/u_LANE/line__191  File: /home/work1/Works/AI-Trigger-System/HDL/rtl/CNN_CORE_LANE.vhd
Note: LANE4 ADC busy_clear stream_done_seen='1' wr_count=0
Time: 173006 ns  Iteration: 0  Process: /tb_AI_TRIGGER_TOP/dut/u_DUT/\gen_lanes(4)\/u_LANE/line__191  File: /home/work1/Works/AI-Trigger-System/HDL/rtl/CNN_CORE_LANE.vhd
   144 | 0x003ff748    |     -1.089844 |     0 |    0 |      1.015
Note: DIST chunk_start seq=145 lane=0 busy='0'
Time: 173266 ns  Iteration: 0  Process: /tb_AI_TRIGGER_TOP/dut/u_DUT/u_DIST/line__134  File: /home/work1/Works/AI-Trigger-System/HDL/rtl/ADC_CHUNK_DISTRIBUTOR.vhd
Note: LANE0 ADC chunk_accept count=14 fifo_full='0'
Time: 173266 ns  Iteration: 0  Process: /tb_AI_TRIGGER_TOP/dut/u_DUT/\gen_lanes(0)\/u_LANE/line__191  File: /home/work1/Works/AI-Trigger-System/HDL/rtl/CNN_CORE_LANE.vhd
Note: LANE0 ADC busy_clear stream_done_seen='0' wr_count=0
Time: 174022 ns  Iteration: 0  Process: /tb_AI_TRIGGER_TOP/dut/u_DUT/\gen_lanes(0)\/u_LANE/line__191  File: /home/work1/Works/AI-Trigger-System/HDL/rtl/CNN_CORE_LANE.vhd
   145 | 0x003ff6a3    |     -1.170410 |     0 |    0 |      1.015
Note: DIST chunk_start seq=146 lane=1 busy='0'
Time: 174282 ns  Iteration: 0  Process: /tb_AI_TRIGGER_TOP/dut/u_DUT/u_DIST/line__134  File: /home/work1/Works/AI-Trigger-System/HDL/rtl/ADC_CHUNK_DISTRIBUTOR.vhd
Note: LANE1 ADC chunk_accept count=14 fifo_full='0'
Time: 174282 ns  Iteration: 0  Process: /tb_AI_TRIGGER_TOP/dut/u_DUT/\gen_lanes(1)\/u_LANE/line__191  File: /home/work1/Works/AI-Trigger-System/HDL/rtl/CNN_CORE_LANE.vhd
Note: LANE1 ADC busy_clear stream_done_seen='0' wr_count=0
Time: 175038 ns  Iteration: 0  Process: /tb_AI_TRIGGER_TOP/dut/u_DUT/\gen_lanes(1)\/u_LANE/line__191  File: /home/work1/Works/AI-Trigger-System/HDL/rtl/CNN_CORE_LANE.vhd
   146 | 0x003ff615    |     -1.239746 |     0 |    0 |      1.015
Note: DIST chunk_start seq=147 lane=2 busy='0'
Time: 175298 ns  Iteration: 0  Process: /tb_AI_TRIGGER_TOP/dut/u_DUT/u_DIST/line__134  File: /home/work1/Works/AI-Trigger-System/HDL/rtl/ADC_CHUNK_DISTRIBUTOR.vhd
Note: LANE2 ADC chunk_accept count=14 fifo_full='0'
Time: 175298 ns  Iteration: 0  Process: /tb_AI_TRIGGER_TOP/dut/u_DUT/\gen_lanes(2)\/u_LANE/line__191  File: /home/work1/Works/AI-Trigger-System/HDL/rtl/CNN_CORE_LANE.vhd
Note: LANE2 ADC busy_clear stream_done_seen='0' wr_count=0
Time: 176054 ns  Iteration: 0  Process: /tb_AI_TRIGGER_TOP/dut/u_DUT/\gen_lanes(2)\/u_LANE/line__191  File: /home/work1/Works/AI-Trigger-System/HDL/rtl/CNN_CORE_LANE.vhd
   147 | 0x003ff60f    |     -1.242676 |     0 |    0 |      1.010
Note: DIST chunk_start seq=148 lane=3 busy='0'
Time: 176310 ns  Iteration: 0  Process: /tb_AI_TRIGGER_TOP/dut/u_DUT/u_DIST/line__134  File: /home/work1/Works/AI-Trigger-System/HDL/rtl/ADC_CHUNK_DISTRIBUTOR.vhd
Note: LANE3 ADC chunk_accept count=14 fifo_full='0'
Time: 176310 ns  Iteration: 0  Process: /tb_AI_TRIGGER_TOP/dut/u_DUT/\gen_lanes(3)\/u_LANE/line__191  File: /home/work1/Works/AI-Trigger-System/HDL/rtl/CNN_CORE_LANE.vhd
Note: LANE3 ADC busy_clear stream_done_seen='0' wr_count=0
Time: 177066 ns  Iteration: 0  Process: /tb_AI_TRIGGER_TOP/dut/u_DUT/\gen_lanes(3)\/u_LANE/line__191  File: /home/work1/Works/AI-Trigger-System/HDL/rtl/CNN_CORE_LANE.vhd
   148 | 0x003ff602    |     -1.249023 |     0 |    0 |      1.015
Note: DIST chunk_start seq=149 lane=4 busy='0'
Time: 177326 ns  Iteration: 0  Process: /tb_AI_TRIGGER_TOP/dut/u_DUT/u_DIST/line__134  File: /home/work1/Works/AI-Trigger-System/HDL/rtl/ADC_CHUNK_DISTRIBUTOR.vhd
Note: LANE4 ADC chunk_accept count=14 fifo_full='0'
Time: 177326 ns  Iteration: 0  Process: /tb_AI_TRIGGER_TOP/dut/u_DUT/\gen_lanes(4)\/u_LANE/line__191  File: /home/work1/Works/AI-Trigger-System/HDL/rtl/CNN_CORE_LANE.vhd
Note: LANE4 ADC busy_clear stream_done_seen='0' wr_count=0
Time: 178082 ns  Iteration: 0  Process: /tb_AI_TRIGGER_TOP/dut/u_DUT/\gen_lanes(4)\/u_LANE/line__191  File: /home/work1/Works/AI-Trigger-System/HDL/rtl/CNN_CORE_LANE.vhd
   149 | 0x003ff6c7    |     -1.152832 |     0 |    0 |      1.015
Note: DIST chunk_start seq=150 lane=0 busy='0'
Time: 178342 ns  Iteration: 0  Process: /tb_AI_TRIGGER_TOP/dut/u_DUT/u_DIST/line__134  File: /home/work1/Works/AI-Trigger-System/HDL/rtl/ADC_CHUNK_DISTRIBUTOR.vhd
Note: LANE0 ADC chunk_accept count=15 fifo_full='0'
Time: 178342 ns  Iteration: 0  Process: /tb_AI_TRIGGER_TOP/dut/u_DUT/\gen_lanes(0)\/u_LANE/line__191  File: /home/work1/Works/AI-Trigger-System/HDL/rtl/CNN_CORE_LANE.vhd
Note: LANE0 ADC busy_clear stream_done_seen='1' wr_count=0
Time: 179098 ns  Iteration: 0  Process: /tb_AI_TRIGGER_TOP/dut/u_DUT/\gen_lanes(0)\/u_LANE/line__191  File: /home/work1/Works/AI-Trigger-System/HDL/rtl/CNN_CORE_LANE.vhd
   150 | 0x003ff777    |     -1.066895 |     0 |    0 |      1.015
Note: DIST chunk_start seq=151 lane=1 busy='0'
Time: 179358 ns  Iteration: 0  Process: /tb_AI_TRIGGER_TOP/dut/u_DUT/u_DIST/line__134  File: /home/work1/Works/AI-Trigger-System/HDL/rtl/ADC_CHUNK_DISTRIBUTOR.vhd
Note: LANE1 ADC chunk_accept count=15 fifo_full='0'
Time: 179358 ns  Iteration: 0  Process: /tb_AI_TRIGGER_TOP/dut/u_DUT/\gen_lanes(1)\/u_LANE/line__191  File: /home/work1/Works/AI-Trigger-System/HDL/rtl/CNN_CORE_LANE.vhd
Note: LANE1 ADC busy_clear stream_done_seen='1' wr_count=0
Time: 180114 ns  Iteration: 0  Process: /tb_AI_TRIGGER_TOP/dut/u_DUT/\gen_lanes(1)\/u_LANE/line__191  File: /home/work1/Works/AI-Trigger-System/HDL/rtl/CNN_CORE_LANE.vhd
   151 | 0x003ff654    |     -1.208984 |     0 |    0 |      1.010
Note: DIST chunk_start seq=152 lane=2 busy='0'
Time: 180370 ns  Iteration: 0  Process: /tb_AI_TRIGGER_TOP/dut/u_DUT/u_DIST/line__134  File: /home/work1/Works/AI-Trigger-System/HDL/rtl/ADC_CHUNK_DISTRIBUTOR.vhd
Note: LANE2 ADC chunk_accept count=15 fifo_full='0'
Time: 180370 ns  Iteration: 0  Process: /tb_AI_TRIGGER_TOP/dut/u_DUT/\gen_lanes(2)\/u_LANE/line__191  File: /home/work1/Works/AI-Trigger-System/HDL/rtl/CNN_CORE_LANE.vhd
Note: LANE2 ADC busy_clear stream_done_seen='1' wr_count=0
Time: 181126 ns  Iteration: 0  Process: /tb_AI_TRIGGER_TOP/dut/u_DUT/\gen_lanes(2)\/u_LANE/line__191  File: /home/work1/Works/AI-Trigger-System/HDL/rtl/CNN_CORE_LANE.vhd
   152 | 0x003ff679    |     -1.190918 |     0 |    0 |      1.015
Note: DIST chunk_start seq=153 lane=3 busy='0'
Time: 181386 ns  Iteration: 0  Process: /tb_AI_TRIGGER_TOP/dut/u_DUT/u_DIST/line__134  File: /home/work1/Works/AI-Trigger-System/HDL/rtl/ADC_CHUNK_DISTRIBUTOR.vhd
Note: LANE3 ADC chunk_accept count=15 fifo_full='0'
Time: 181386 ns  Iteration: 0  Process: /tb_AI_TRIGGER_TOP/dut/u_DUT/\gen_lanes(3)\/u_LANE/line__191  File: /home/work1/Works/AI-Trigger-System/HDL/rtl/CNN_CORE_LANE.vhd
Note: LANE3 ADC busy_clear stream_done_seen='1' wr_count=0
Time: 182142 ns  Iteration: 0  Process: /tb_AI_TRIGGER_TOP/dut/u_DUT/\gen_lanes(3)\/u_LANE/line__191  File: /home/work1/Works/AI-Trigger-System/HDL/rtl/CNN_CORE_LANE.vhd
   153 | 0x003ff65b    |     -1.205566 |     0 |    0 |      1.015
Note: DIST chunk_start seq=154 lane=4 busy='0'
Time: 182402 ns  Iteration: 0  Process: /tb_AI_TRIGGER_TOP/dut/u_DUT/u_DIST/line__134  File: /home/work1/Works/AI-Trigger-System/HDL/rtl/ADC_CHUNK_DISTRIBUTOR.vhd
Note: LANE4 ADC chunk_accept count=15 fifo_full='0'
Time: 182402 ns  Iteration: 0  Process: /tb_AI_TRIGGER_TOP/dut/u_DUT/\gen_lanes(4)\/u_LANE/line__191  File: /home/work1/Works/AI-Trigger-System/HDL/rtl/CNN_CORE_LANE.vhd
Note: LANE4 ADC busy_clear stream_done_seen='1' wr_count=0
Time: 183158 ns  Iteration: 0  Process: /tb_AI_TRIGGER_TOP/dut/u_DUT/\gen_lanes(4)\/u_LANE/line__191  File: /home/work1/Works/AI-Trigger-System/HDL/rtl/CNN_CORE_LANE.vhd
   154 | 0x003ff614    |     -1.240234 |     0 |    0 |      1.015
Note: DIST chunk_start seq=155 lane=0 busy='0'
Time: 183418 ns  Iteration: 0  Process: /tb_AI_TRIGGER_TOP/dut/u_DUT/u_DIST/line__134  File: /home/work1/Works/AI-Trigger-System/HDL/rtl/ADC_CHUNK_DISTRIBUTOR.vhd
Note: LANE0 ADC chunk_accept count=0 fifo_full='0'
Time: 183418 ns  Iteration: 0  Process: /tb_AI_TRIGGER_TOP/dut/u_DUT/\gen_lanes(0)\/u_LANE/line__191  File: /home/work1/Works/AI-Trigger-System/HDL/rtl/CNN_CORE_LANE.vhd
Note: LANE0 ADC busy_clear stream_done_seen='0' wr_count=0
Time: 184174 ns  Iteration: 0  Process: /tb_AI_TRIGGER_TOP/dut/u_DUT/\gen_lanes(0)\/u_LANE/line__191  File: /home/work1/Works/AI-Trigger-System/HDL/rtl/CNN_CORE_LANE.vhd
   155 | 0x003ff71d    |     -1.110840 |     0 |    0 |      1.010
Note: DIST chunk_start seq=156 lane=1 busy='0'
Time: 184430 ns  Iteration: 0  Process: /tb_AI_TRIGGER_TOP/dut/u_DUT/u_DIST/line__134  File: /home/work1/Works/AI-Trigger-System/HDL/rtl/ADC_CHUNK_DISTRIBUTOR.vhd
Note: LANE1 ADC chunk_accept count=0 fifo_full='0'
Time: 184430 ns  Iteration: 0  Process: /tb_AI_TRIGGER_TOP/dut/u_DUT/\gen_lanes(1)\/u_LANE/line__191  File: /home/work1/Works/AI-Trigger-System/HDL/rtl/CNN_CORE_LANE.vhd
Note: LANE1 ADC busy_clear stream_done_seen='0' wr_count=0
Time: 185186 ns  Iteration: 0  Process: /tb_AI_TRIGGER_TOP/dut/u_DUT/\gen_lanes(1)\/u_LANE/line__191  File: /home/work1/Works/AI-Trigger-System/HDL/rtl/CNN_CORE_LANE.vhd
   156 | 0x003ff735    |     -1.099121 |     0 |    0 |      1.015
Note: DIST chunk_start seq=157 lane=2 busy='0'
Time: 185446 ns  Iteration: 0  Process: /tb_AI_TRIGGER_TOP/dut/u_DUT/u_DIST/line__134  File: /home/work1/Works/AI-Trigger-System/HDL/rtl/ADC_CHUNK_DISTRIBUTOR.vhd
Note: LANE2 ADC chunk_accept count=0 fifo_full='0'
Time: 185446 ns  Iteration: 0  Process: /tb_AI_TRIGGER_TOP/dut/u_DUT/\gen_lanes(2)\/u_LANE/line__191  File: /home/work1/Works/AI-Trigger-System/HDL/rtl/CNN_CORE_LANE.vhd
Note: LANE2 ADC busy_clear stream_done_seen='0' wr_count=0
Time: 186202 ns  Iteration: 0  Process: /tb_AI_TRIGGER_TOP/dut/u_DUT/\gen_lanes(2)\/u_LANE/line__191  File: /home/work1/Works/AI-Trigger-System/HDL/rtl/CNN_CORE_LANE.vhd
   157 | 0x003ff5ef    |     -1.258301 |     0 |    0 |      1.015
Note: DIST chunk_start seq=158 lane=3 busy='0'
Time: 186462 ns  Iteration: 0  Process: /tb_AI_TRIGGER_TOP/dut/u_DUT/u_DIST/line__134  File: /home/work1/Works/AI-Trigger-System/HDL/rtl/ADC_CHUNK_DISTRIBUTOR.vhd
Note: LANE3 ADC chunk_accept count=0 fifo_full='0'
Time: 186462 ns  Iteration: 0  Process: /tb_AI_TRIGGER_TOP/dut/u_DUT/\gen_lanes(3)\/u_LANE/line__191  File: /home/work1/Works/AI-Trigger-System/HDL/rtl/CNN_CORE_LANE.vhd
Note: LANE3 ADC busy_clear stream_done_seen='0' wr_count=0
Time: 187218 ns  Iteration: 0  Process: /tb_AI_TRIGGER_TOP/dut/u_DUT/\gen_lanes(3)\/u_LANE/line__191  File: /home/work1/Works/AI-Trigger-System/HDL/rtl/CNN_CORE_LANE.vhd
   158 | 0x003ff666    |     -1.200195 |     0 |    0 |      1.015
Note: DIST chunk_start seq=159 lane=4 busy='0'
Time: 187478 ns  Iteration: 0  Process: /tb_AI_TRIGGER_TOP/dut/u_DUT/u_DIST/line__134  File: /home/work1/Works/AI-Trigger-System/HDL/rtl/ADC_CHUNK_DISTRIBUTOR.vhd
Note: LANE4 ADC chunk_accept count=0 fifo_full='0'
Time: 187478 ns  Iteration: 0  Process: /tb_AI_TRIGGER_TOP/dut/u_DUT/\gen_lanes(4)\/u_LANE/line__191  File: /home/work1/Works/AI-Trigger-System/HDL/rtl/CNN_CORE_LANE.vhd
Note: LANE4 ADC busy_clear stream_done_seen='0' wr_count=0
Time: 188234 ns  Iteration: 0  Process: /tb_AI_TRIGGER_TOP/dut/u_DUT/\gen_lanes(4)\/u_LANE/line__191  File: /home/work1/Works/AI-Trigger-System/HDL/rtl/CNN_CORE_LANE.vhd
   159 | 0x003ff5e4    |     -1.263672 |     0 |    0 |      1.010
Note: LANE0 ADC chunk_accept count=1 fifo_full='0'
Time: 188490 ns  Iteration: 0  Process: /tb_AI_TRIGGER_TOP/dut/u_DUT/\gen_lanes(0)\/u_LANE/line__191  File: /home/work1/Works/AI-Trigger-System/HDL/rtl/CNN_CORE_LANE.vhd
Note: LANE0 ADC busy_clear stream_done_seen='1' wr_count=0
Time: 189246 ns  Iteration: 0  Process: /tb_AI_TRIGGER_TOP/dut/u_DUT/\gen_lanes(0)\/u_LANE/line__191  File: /home/work1/Works/AI-Trigger-System/HDL/rtl/CNN_CORE_LANE.vhd
   160 | 0x003ff566    |     -1.325195 |     0 |    0 |      1.015
Note: LANE1 ADC chunk_accept count=1 fifo_full='0'
Time: 189506 ns  Iteration: 0  Process: /tb_AI_TRIGGER_TOP/dut/u_DUT/\gen_lanes(1)\/u_LANE/line__191  File: /home/work1/Works/AI-Trigger-System/HDL/rtl/CNN_CORE_LANE.vhd
Note: LANE1 ADC busy_clear stream_done_seen='1' wr_count=0
Time: 190262 ns  Iteration: 0  Process: /tb_AI_TRIGGER_TOP/dut/u_DUT/\gen_lanes(1)\/u_LANE/line__191  File: /home/work1/Works/AI-Trigger-System/HDL/rtl/CNN_CORE_LANE.vhd
   161 | 0x003ff6c4    |     -1.154297 |     0 |    0 |      1.015
Note: LANE2 ADC chunk_accept count=1 fifo_full='0'
Time: 190522 ns  Iteration: 0  Process: /tb_AI_TRIGGER_TOP/dut/u_DUT/\gen_lanes(2)\/u_LANE/line__191  File: /home/work1/Works/AI-Trigger-System/HDL/rtl/CNN_CORE_LANE.vhd
Note: LANE2 ADC busy_clear stream_done_seen='1' wr_count=0
Time: 191278 ns  Iteration: 0  Process: /tb_AI_TRIGGER_TOP/dut/u_DUT/\gen_lanes(2)\/u_LANE/line__191  File: /home/work1/Works/AI-Trigger-System/HDL/rtl/CNN_CORE_LANE.vhd
   162 | 0x003ff6d6    |     -1.145508 |     0 |    0 |      1.015
Note: LANE3 ADC chunk_accept count=1 fifo_full='0'
Time: 191538 ns  Iteration: 0  Process: /tb_AI_TRIGGER_TOP/dut/u_DUT/\gen_lanes(3)\/u_LANE/line__191  File: /home/work1/Works/AI-Trigger-System/HDL/rtl/CNN_CORE_LANE.vhd
Note: LANE3 ADC busy_clear stream_done_seen='1' wr_count=0
Time: 192294 ns  Iteration: 0  Process: /tb_AI_TRIGGER_TOP/dut/u_DUT/\gen_lanes(3)\/u_LANE/line__191  File: /home/work1/Works/AI-Trigger-System/HDL/rtl/CNN_CORE_LANE.vhd
   163 | 0x003ff5e0    |     -1.265625 |     0 |    0 |      1.010
Note: LANE4 ADC chunk_accept count=1 fifo_full='0'
Time: 192550 ns  Iteration: 0  Process: /tb_AI_TRIGGER_TOP/dut/u_DUT/\gen_lanes(4)\/u_LANE/line__191  File: /home/work1/Works/AI-Trigger-System/HDL/rtl/CNN_CORE_LANE.vhd
Note: LANE4 ADC busy_clear stream_done_seen='1' wr_count=0
Time: 193306 ns  Iteration: 0  Process: /tb_AI_TRIGGER_TOP/dut/u_DUT/\gen_lanes(4)\/u_LANE/line__191  File: /home/work1/Works/AI-Trigger-System/HDL/rtl/CNN_CORE_LANE.vhd
   164 | 0x003ff62e    |     -1.227539 |     0 |    0 |      1.015
Note: LANE0 ADC chunk_accept count=2 fifo_full='0'
Time: 193566 ns  Iteration: 0  Process: /tb_AI_TRIGGER_TOP/dut/u_DUT/\gen_lanes(0)\/u_LANE/line__191  File: /home/work1/Works/AI-Trigger-System/HDL/rtl/CNN_CORE_LANE.vhd
Note: LANE0 ADC busy_clear stream_done_seen='0' wr_count=0
Time: 194322 ns  Iteration: 0  Process: /tb_AI_TRIGGER_TOP/dut/u_DUT/\gen_lanes(0)\/u_LANE/line__191  File: /home/work1/Works/AI-Trigger-System/HDL/rtl/CNN_CORE_LANE.vhd
   165 | 0x003ff645    |     -1.216309 |     0 |    0 |      1.015
Note: LANE1 ADC chunk_accept count=2 fifo_full='0'
Time: 194582 ns  Iteration: 0  Process: /tb_AI_TRIGGER_TOP/dut/u_DUT/\gen_lanes(1)\/u_LANE/line__191  File: /home/work1/Works/AI-Trigger-System/HDL/rtl/CNN_CORE_LANE.vhd
Note: LANE1 ADC busy_clear stream_done_seen='0' wr_count=0
Time: 195338 ns  Iteration: 0  Process: /tb_AI_TRIGGER_TOP/dut/u_DUT/\gen_lanes(1)\/u_LANE/line__191  File: /home/work1/Works/AI-Trigger-System/HDL/rtl/CNN_CORE_LANE.vhd
   166 | 0x003ff6b0    |     -1.164062 |     0 |    0 |      1.015
Note: LANE2 ADC chunk_accept count=2 fifo_full='0'
Time: 195598 ns  Iteration: 0  Process: /tb_AI_TRIGGER_TOP/dut/u_DUT/\gen_lanes(2)\/u_LANE/line__191  File: /home/work1/Works/AI-Trigger-System/HDL/rtl/CNN_CORE_LANE.vhd
Note: LANE2 ADC busy_clear stream_done_seen='0' wr_count=0
Time: 196354 ns  Iteration: 0  Process: /tb_AI_TRIGGER_TOP/dut/u_DUT/\gen_lanes(2)\/u_LANE/line__191  File: /home/work1/Works/AI-Trigger-System/HDL/rtl/CNN_CORE_LANE.vhd
   167 | 0x003ff6e0    |     -1.140625 |     0 |    0 |      1.010
Note: LANE3 ADC chunk_accept count=2 fifo_full='0'
Time: 196610 ns  Iteration: 0  Process: /tb_AI_TRIGGER_TOP/dut/u_DUT/\gen_lanes(3)\/u_LANE/line__191  File: /home/work1/Works/AI-Trigger-System/HDL/rtl/CNN_CORE_LANE.vhd
Note: LANE3 ADC busy_clear stream_done_seen='0' wr_count=0
Time: 197366 ns  Iteration: 0  Process: /tb_AI_TRIGGER_TOP/dut/u_DUT/\gen_lanes(3)\/u_LANE/line__191  File: /home/work1/Works/AI-Trigger-System/HDL/rtl/CNN_CORE_LANE.vhd
   168 | 0x003ff5b2    |     -1.288086 |     0 |    0 |      1.015
Note: LANE4 ADC chunk_accept count=2 fifo_full='0'
Time: 197626 ns  Iteration: 0  Process: /tb_AI_TRIGGER_TOP/dut/u_DUT/\gen_lanes(4)\/u_LANE/line__191  File: /home/work1/Works/AI-Trigger-System/HDL/rtl/CNN_CORE_LANE.vhd
Note: LANE4 ADC busy_clear stream_done_seen='0' wr_count=0
Time: 198382 ns  Iteration: 0  Process: /tb_AI_TRIGGER_TOP/dut/u_DUT/\gen_lanes(4)\/u_LANE/line__191  File: /home/work1/Works/AI-Trigger-System/HDL/rtl/CNN_CORE_LANE.vhd
   169 | 0x003ff5d8    |     -1.269531 |     0 |    0 |      1.015
Note: LANE0 ADC chunk_accept count=3 fifo_full='0'
Time: 198642 ns  Iteration: 0  Process: /tb_AI_TRIGGER_TOP/dut/u_DUT/\gen_lanes(0)\/u_LANE/line__191  File: /home/work1/Works/AI-Trigger-System/HDL/rtl/CNN_CORE_LANE.vhd
Note: LANE0 ADC busy_clear stream_done_seen='1' wr_count=0
Time: 199398 ns  Iteration: 0  Process: /tb_AI_TRIGGER_TOP/dut/u_DUT/\gen_lanes(0)\/u_LANE/line__191  File: /home/work1/Works/AI-Trigger-System/HDL/rtl/CNN_CORE_LANE.vhd
   170 | 0x003ff652    |     -1.209961 |     0 |    0 |      1.015
Note: LANE1 ADC chunk_accept count=3 fifo_full='0'
Time: 199658 ns  Iteration: 0  Process: /tb_AI_TRIGGER_TOP/dut/u_DUT/\gen_lanes(1)\/u_LANE/line__191  File: /home/work1/Works/AI-Trigger-System/HDL/rtl/CNN_CORE_LANE.vhd
Note: LANE1 ADC busy_clear stream_done_seen='1' wr_count=0
Time: 200414 ns  Iteration: 0  Process: /tb_AI_TRIGGER_TOP/dut/u_DUT/\gen_lanes(1)\/u_LANE/line__191  File: /home/work1/Works/AI-Trigger-System/HDL/rtl/CNN_CORE_LANE.vhd
   171 | 0x003ff606    |     -1.247070 |     0 |    0 |      1.010
Note: LANE2 ADC chunk_accept count=3 fifo_full='0'
Time: 200670 ns  Iteration: 0  Process: /tb_AI_TRIGGER_TOP/dut/u_DUT/\gen_lanes(2)\/u_LANE/line__191  File: /home/work1/Works/AI-Trigger-System/HDL/rtl/CNN_CORE_LANE.vhd
Note: LANE2 ADC busy_clear stream_done_seen='1' wr_count=0
Time: 201426 ns  Iteration: 0  Process: /tb_AI_TRIGGER_TOP/dut/u_DUT/\gen_lanes(2)\/u_LANE/line__191  File: /home/work1/Works/AI-Trigger-System/HDL/rtl/CNN_CORE_LANE.vhd
   172 | 0x003ff5dc    |     -1.267578 |     0 |    0 |      1.015
Note: LANE3 ADC chunk_accept count=3 fifo_full='0'
Time: 201686 ns  Iteration: 0  Process: /tb_AI_TRIGGER_TOP/dut/u_DUT/\gen_lanes(3)\/u_LANE/line__191  File: /home/work1/Works/AI-Trigger-System/HDL/rtl/CNN_CORE_LANE.vhd
Note: LANE3 ADC busy_clear stream_done_seen='1' wr_count=0
Time: 202442 ns  Iteration: 0  Process: /tb_AI_TRIGGER_TOP/dut/u_DUT/\gen_lanes(3)\/u_LANE/line__191  File: /home/work1/Works/AI-Trigger-System/HDL/rtl/CNN_CORE_LANE.vhd
   173 | 0x003ff63a    |     -1.221680 |     0 |    0 |      1.015
Note: LANE4 ADC chunk_accept count=3 fifo_full='0'
Time: 202702 ns  Iteration: 0  Process: /tb_AI_TRIGGER_TOP/dut/u_DUT/\gen_lanes(4)\/u_LANE/line__191  File: /home/work1/Works/AI-Trigger-System/HDL/rtl/CNN_CORE_LANE.vhd
Note: LANE4 ADC busy_clear stream_done_seen='1' wr_count=0
Time: 203458 ns  Iteration: 0  Process: /tb_AI_TRIGGER_TOP/dut/u_DUT/\gen_lanes(4)\/u_LANE/line__191  File: /home/work1/Works/AI-Trigger-System/HDL/rtl/CNN_CORE_LANE.vhd
   174 | 0x003ff5f2    |     -1.256836 |     0 |    0 |      1.015
Note: LANE0 ADC chunk_accept count=4 fifo_full='0'
Time: 203718 ns  Iteration: 0  Process: /tb_AI_TRIGGER_TOP/dut/u_DUT/\gen_lanes(0)\/u_LANE/line__191  File: /home/work1/Works/AI-Trigger-System/HDL/rtl/CNN_CORE_LANE.vhd
Note: LANE0 ADC busy_clear stream_done_seen='0' wr_count=0
Time: 204474 ns  Iteration: 0  Process: /tb_AI_TRIGGER_TOP/dut/u_DUT/\gen_lanes(0)\/u_LANE/line__191  File: /home/work1/Works/AI-Trigger-System/HDL/rtl/CNN_CORE_LANE.vhd
   175 | 0x003ff574    |     -1.318359 |     0 |    0 |      1.010
Note: LANE1 ADC chunk_accept count=4 fifo_full='0'
Time: 204730 ns  Iteration: 0  Process: /tb_AI_TRIGGER_TOP/dut/u_DUT/\gen_lanes(1)\/u_LANE/line__191  File: /home/work1/Works/AI-Trigger-System/HDL/rtl/CNN_CORE_LANE.vhd
Note: LANE1 ADC busy_clear stream_done_seen='0' wr_count=0
Time: 205486 ns  Iteration: 0  Process: /tb_AI_TRIGGER_TOP/dut/u_DUT/\gen_lanes(1)\/u_LANE/line__191  File: /home/work1/Works/AI-Trigger-System/HDL/rtl/CNN_CORE_LANE.vhd
   176 | 0x003ff5c1    |     -1.280762 |     0 |    0 |      1.015
Note: LANE2 ADC chunk_accept count=4 fifo_full='0'
Time: 205746 ns  Iteration: 0  Process: /tb_AI_TRIGGER_TOP/dut/u_DUT/\gen_lanes(2)\/u_LANE/line__191  File: /home/work1/Works/AI-Trigger-System/HDL/rtl/CNN_CORE_LANE.vhd
Note: LANE2 ADC busy_clear stream_done_seen='0' wr_count=0
Time: 206502 ns  Iteration: 0  Process: /tb_AI_TRIGGER_TOP/dut/u_DUT/\gen_lanes(2)\/u_LANE/line__191  File: /home/work1/Works/AI-Trigger-System/HDL/rtl/CNN_CORE_LANE.vhd
   177 | 0x003ff678    |     -1.191406 |     0 |    0 |      1.015
Note: LANE3 ADC chunk_accept count=4 fifo_full='0'
Time: 206762 ns  Iteration: 0  Process: /tb_AI_TRIGGER_TOP/dut/u_DUT/\gen_lanes(3)\/u_LANE/line__191  File: /home/work1/Works/AI-Trigger-System/HDL/rtl/CNN_CORE_LANE.vhd
Note: LANE3 ADC busy_clear stream_done_seen='0' wr_count=0
Time: 207518 ns  Iteration: 0  Process: /tb_AI_TRIGGER_TOP/dut/u_DUT/\gen_lanes(3)\/u_LANE/line__191  File: /home/work1/Works/AI-Trigger-System/HDL/rtl/CNN_CORE_LANE.vhd
   178 | 0x003ff6f9    |     -1.128418 |     0 |    0 |      1.015
Note: LANE4 ADC chunk_accept count=4 fifo_full='0'
Time: 207778 ns  Iteration: 0  Process: /tb_AI_TRIGGER_TOP/dut/u_DUT/\gen_lanes(4)\/u_LANE/line__191  File: /home/work1/Works/AI-Trigger-System/HDL/rtl/CNN_CORE_LANE.vhd
Note: LANE4 ADC busy_clear stream_done_seen='0' wr_count=0
Time: 208534 ns  Iteration: 0  Process: /tb_AI_TRIGGER_TOP/dut/u_DUT/\gen_lanes(4)\/u_LANE/line__191  File: /home/work1/Works/AI-Trigger-System/HDL/rtl/CNN_CORE_LANE.vhd
   179 | 0x003ff636    |     -1.223633 |     0 |    0 |      1.010
Note: LANE0 ADC chunk_accept count=5 fifo_full='0'
Time: 208790 ns  Iteration: 0  Process: /tb_AI_TRIGGER_TOP/dut/u_DUT/\gen_lanes(0)\/u_LANE/line__191  File: /home/work1/Works/AI-Trigger-System/HDL/rtl/CNN_CORE_LANE.vhd
Note: LANE0 ADC busy_clear stream_done_seen='1' wr_count=0
Time: 209546 ns  Iteration: 0  Process: /tb_AI_TRIGGER_TOP/dut/u_DUT/\gen_lanes(0)\/u_LANE/line__191  File: /home/work1/Works/AI-Trigger-System/HDL/rtl/CNN_CORE_LANE.vhd
   180 | 0x003ff43e    |     -1.469727 |     0 |    0 |      1.015
Note: LANE1 ADC chunk_accept count=5 fifo_full='0'
Time: 209806 ns  Iteration: 0  Process: /tb_AI_TRIGGER_TOP/dut/u_DUT/\gen_lanes(1)\/u_LANE/line__191  File: /home/work1/Works/AI-Trigger-System/HDL/rtl/CNN_CORE_LANE.vhd
Note: LANE1 ADC busy_clear stream_done_seen='1' wr_count=0
Time: 210562 ns  Iteration: 0  Process: /tb_AI_TRIGGER_TOP/dut/u_DUT/\gen_lanes(1)\/u_LANE/line__191  File: /home/work1/Works/AI-Trigger-System/HDL/rtl/CNN_CORE_LANE.vhd
   181 | 0x003ff4eb    |     -1.385254 |     0 |    0 |      1.015
Note: LANE2 ADC chunk_accept count=5 fifo_full='0'
Time: 210822 ns  Iteration: 0  Process: /tb_AI_TRIGGER_TOP/dut/u_DUT/\gen_lanes(2)\/u_LANE/line__191  File: /home/work1/Works/AI-Trigger-System/HDL/rtl/CNN_CORE_LANE.vhd
Note: LANE2 ADC busy_clear stream_done_seen='1' wr_count=0
Time: 211578 ns  Iteration: 0  Process: /tb_AI_TRIGGER_TOP/dut/u_DUT/\gen_lanes(2)\/u_LANE/line__191  File: /home/work1/Works/AI-Trigger-System/HDL/rtl/CNN_CORE_LANE.vhd
   182 | 0x003ff5b3    |     -1.287598 |     0 |    0 |      1.015
Note: LANE3 ADC chunk_accept count=5 fifo_full='0'
Time: 211838 ns  Iteration: 0  Process: /tb_AI_TRIGGER_TOP/dut/u_DUT/\gen_lanes(3)\/u_LANE/line__191  File: /home/work1/Works/AI-Trigger-System/HDL/rtl/CNN_CORE_LANE.vhd
Note: LANE3 ADC busy_clear stream_done_seen='1' wr_count=0
Time: 212594 ns  Iteration: 0  Process: /tb_AI_TRIGGER_TOP/dut/u_DUT/\gen_lanes(3)\/u_LANE/line__191  File: /home/work1/Works/AI-Trigger-System/HDL/rtl/CNN_CORE_LANE.vhd
   183 | 0x003ff5ac    |     -1.291016 |     0 |    0 |      1.010
Note: LANE4 ADC chunk_accept count=5 fifo_full='0'
Time: 212850 ns  Iteration: 0  Process: /tb_AI_TRIGGER_TOP/dut/u_DUT/\gen_lanes(4)\/u_LANE/line__191  File: /home/work1/Works/AI-Trigger-System/HDL/rtl/CNN_CORE_LANE.vhd
Note: LANE4 ADC busy_clear stream_done_seen='1' wr_count=0
Time: 213606 ns  Iteration: 0  Process: /tb_AI_TRIGGER_TOP/dut/u_DUT/\gen_lanes(4)\/u_LANE/line__191  File: /home/work1/Works/AI-Trigger-System/HDL/rtl/CNN_CORE_LANE.vhd
   184 | 0x003ff5f5    |     -1.255371 |     0 |    0 |      1.015
Note: LANE0 ADC chunk_accept count=6 fifo_full='0'
Time: 213866 ns  Iteration: 0  Process: /tb_AI_TRIGGER_TOP/dut/u_DUT/\gen_lanes(0)\/u_LANE/line__191  File: /home/work1/Works/AI-Trigger-System/HDL/rtl/CNN_CORE_LANE.vhd
Note: LANE0 ADC busy_clear stream_done_seen='0' wr_count=0
Time: 214622 ns  Iteration: 0  Process: /tb_AI_TRIGGER_TOP/dut/u_DUT/\gen_lanes(0)\/u_LANE/line__191  File: /home/work1/Works/AI-Trigger-System/HDL/rtl/CNN_CORE_LANE.vhd
   185 | 0x003ff590    |     -1.304688 |     0 |    0 |      1.015
Note: LANE1 ADC chunk_accept count=6 fifo_full='0'
Time: 214882 ns  Iteration: 0  Process: /tb_AI_TRIGGER_TOP/dut/u_DUT/\gen_lanes(1)\/u_LANE/line__191  File: /home/work1/Works/AI-Trigger-System/HDL/rtl/CNN_CORE_LANE.vhd
Note: LANE1 ADC busy_clear stream_done_seen='0' wr_count=0
Time: 215638 ns  Iteration: 0  Process: /tb_AI_TRIGGER_TOP/dut/u_DUT/\gen_lanes(1)\/u_LANE/line__191  File: /home/work1/Works/AI-Trigger-System/HDL/rtl/CNN_CORE_LANE.vhd
   186 | 0x003ff456    |     -1.458008 |     0 |    0 |      1.015
Note: LANE2 ADC chunk_accept count=6 fifo_full='0'
Time: 215898 ns  Iteration: 0  Process: /tb_AI_TRIGGER_TOP/dut/u_DUT/\gen_lanes(2)\/u_LANE/line__191  File: /home/work1/Works/AI-Trigger-System/HDL/rtl/CNN_CORE_LANE.vhd
Note: LANE2 ADC busy_clear stream_done_seen='0' wr_count=0
Time: 216654 ns  Iteration: 0  Process: /tb_AI_TRIGGER_TOP/dut/u_DUT/\gen_lanes(2)\/u_LANE/line__191  File: /home/work1/Works/AI-Trigger-System/HDL/rtl/CNN_CORE_LANE.vhd
   187 | 0x003ff44f    |     -1.461426 |     0 |    0 |      1.010
Note: LANE3 ADC chunk_accept count=6 fifo_full='0'
Time: 216910 ns  Iteration: 0  Process: /tb_AI_TRIGGER_TOP/dut/u_DUT/\gen_lanes(3)\/u_LANE/line__191  File: /home/work1/Works/AI-Trigger-System/HDL/rtl/CNN_CORE_LANE.vhd
Note: LANE3 ADC busy_clear stream_done_seen='0' wr_count=0
Time: 217666 ns  Iteration: 0  Process: /tb_AI_TRIGGER_TOP/dut/u_DUT/\gen_lanes(3)\/u_LANE/line__191  File: /home/work1/Works/AI-Trigger-System/HDL/rtl/CNN_CORE_LANE.vhd
   188 | 0x003ff500    |     -1.375000 |     0 |    0 |      1.015
Note: LANE4 ADC chunk_accept count=6 fifo_full='0'
Time: 217926 ns  Iteration: 0  Process: /tb_AI_TRIGGER_TOP/dut/u_DUT/\gen_lanes(4)\/u_LANE/line__191  File: /home/work1/Works/AI-Trigger-System/HDL/rtl/CNN_CORE_LANE.vhd
Note: LANE4 ADC busy_clear stream_done_seen='0' wr_count=0
Time: 218682 ns  Iteration: 0  Process: /tb_AI_TRIGGER_TOP/dut/u_DUT/\gen_lanes(4)\/u_LANE/line__191  File: /home/work1/Works/AI-Trigger-System/HDL/rtl/CNN_CORE_LANE.vhd
   189 | 0x003ff586    |     -1.309570 |     0 |    0 |      1.015
Note: LANE0 ADC chunk_accept count=7 fifo_full='0'
Time: 218942 ns  Iteration: 0  Process: /tb_AI_TRIGGER_TOP/dut/u_DUT/\gen_lanes(0)\/u_LANE/line__191  File: /home/work1/Works/AI-Trigger-System/HDL/rtl/CNN_CORE_LANE.vhd
Note: LANE0 ADC busy_clear stream_done_seen='1' wr_count=0
Time: 219698 ns  Iteration: 0  Process: /tb_AI_TRIGGER_TOP/dut/u_DUT/\gen_lanes(0)\/u_LANE/line__191  File: /home/work1/Works/AI-Trigger-System/HDL/rtl/CNN_CORE_LANE.vhd
   190 | 0x003ff611    |     -1.241699 |     0 |    0 |      1.015
Note: LANE1 ADC chunk_accept count=7 fifo_full='0'
Time: 219958 ns  Iteration: 0  Process: /tb_AI_TRIGGER_TOP/dut/u_DUT/\gen_lanes(1)\/u_LANE/line__191  File: /home/work1/Works/AI-Trigger-System/HDL/rtl/CNN_CORE_LANE.vhd
Note: LANE1 ADC busy_clear stream_done_seen='1' wr_count=0
Time: 220714 ns  Iteration: 0  Process: /tb_AI_TRIGGER_TOP/dut/u_DUT/\gen_lanes(1)\/u_LANE/line__191  File: /home/work1/Works/AI-Trigger-System/HDL/rtl/CNN_CORE_LANE.vhd
   191 | 0x003ff5eb    |     -1.260254 |     0 |    0 |      1.010
Note: LANE2 ADC chunk_accept count=7 fifo_full='0'
Time: 220970 ns  Iteration: 0  Process: /tb_AI_TRIGGER_TOP/dut/u_DUT/\gen_lanes(2)\/u_LANE/line__191  File: /home/work1/Works/AI-Trigger-System/HDL/rtl/CNN_CORE_LANE.vhd
Note: LANE2 ADC busy_clear stream_done_seen='1' wr_count=0
Time: 221726 ns  Iteration: 0  Process: /tb_AI_TRIGGER_TOP/dut/u_DUT/\gen_lanes(2)\/u_LANE/line__191  File: /home/work1/Works/AI-Trigger-System/HDL/rtl/CNN_CORE_LANE.vhd
   192 | 0x003ff4bd    |     -1.407715 |     0 |    0 |      1.015
Note: LANE3 ADC chunk_accept count=7 fifo_full='0'
Time: 221986 ns  Iteration: 0  Process: /tb_AI_TRIGGER_TOP/dut/u_DUT/\gen_lanes(3)\/u_LANE/line__191  File: /home/work1/Works/AI-Trigger-System/HDL/rtl/CNN_CORE_LANE.vhd
Note: LANE3 ADC busy_clear stream_done_seen='1' wr_count=0
Time: 222742 ns  Iteration: 0  Process: /tb_AI_TRIGGER_TOP/dut/u_DUT/\gen_lanes(3)\/u_LANE/line__191  File: /home/work1/Works/AI-Trigger-System/HDL/rtl/CNN_CORE_LANE.vhd
   193 | 0x003ff3f7    |     -1.504395 |     0 |    0 |      1.015
Note: LANE4 ADC chunk_accept count=7 fifo_full='0'
Time: 223002 ns  Iteration: 0  Process: /tb_AI_TRIGGER_TOP/dut/u_DUT/\gen_lanes(4)\/u_LANE/line__191  File: /home/work1/Works/AI-Trigger-System/HDL/rtl/CNN_CORE_LANE.vhd
Note: LANE4 ADC busy_clear stream_done_seen='1' wr_count=0
Time: 223758 ns  Iteration: 0  Process: /tb_AI_TRIGGER_TOP/dut/u_DUT/\gen_lanes(4)\/u_LANE/line__191  File: /home/work1/Works/AI-Trigger-System/HDL/rtl/CNN_CORE_LANE.vhd
   194 | 0x003ff56e    |     -1.321289 |     0 |    0 |      1.015
Note: LANE0 ADC chunk_accept count=8 fifo_full='0'
Time: 224018 ns  Iteration: 0  Process: /tb_AI_TRIGGER_TOP/dut/u_DUT/\gen_lanes(0)\/u_LANE/line__191  File: /home/work1/Works/AI-Trigger-System/HDL/rtl/CNN_CORE_LANE.vhd
Note: LANE0 ADC busy_clear stream_done_seen='0' wr_count=0
Time: 224774 ns  Iteration: 0  Process: /tb_AI_TRIGGER_TOP/dut/u_DUT/\gen_lanes(0)\/u_LANE/line__191  File: /home/work1/Works/AI-Trigger-System/HDL/rtl/CNN_CORE_LANE.vhd
   195 | 0x003ff55f    |     -1.328613 |     0 |    0 |      1.010
Note: LANE1 ADC chunk_accept count=8 fifo_full='0'
Time: 225030 ns  Iteration: 0  Process: /tb_AI_TRIGGER_TOP/dut/u_DUT/\gen_lanes(1)\/u_LANE/line__191  File: /home/work1/Works/AI-Trigger-System/HDL/rtl/CNN_CORE_LANE.vhd
Note: LANE1 ADC busy_clear stream_done_seen='0' wr_count=0
Time: 225786 ns  Iteration: 0  Process: /tb_AI_TRIGGER_TOP/dut/u_DUT/\gen_lanes(1)\/u_LANE/line__191  File: /home/work1/Works/AI-Trigger-System/HDL/rtl/CNN_CORE_LANE.vhd
   196 | 0x003ff54b    |     -1.338379 |     0 |    0 |      1.015
Note: LANE2 ADC chunk_accept count=8 fifo_full='0'
Time: 226046 ns  Iteration: 0  Process: /tb_AI_TRIGGER_TOP/dut/u_DUT/\gen_lanes(2)\/u_LANE/line__191  File: /home/work1/Works/AI-Trigger-System/HDL/rtl/CNN_CORE_LANE.vhd
Note: LANE2 ADC busy_clear stream_done_seen='0' wr_count=0
Time: 226802 ns  Iteration: 0  Process: /tb_AI_TRIGGER_TOP/dut/u_DUT/\gen_lanes(2)\/u_LANE/line__191  File: /home/work1/Works/AI-Trigger-System/HDL/rtl/CNN_CORE_LANE.vhd
   197 | 0x003ff52a    |     -1.354492 |     0 |    0 |      1.015
Note: LANE3 ADC chunk_accept count=8 fifo_full='0'
Time: 227062 ns  Iteration: 0  Process: /tb_AI_TRIGGER_TOP/dut/u_DUT/\gen_lanes(3)\/u_LANE/line__191  File: /home/work1/Works/AI-Trigger-System/HDL/rtl/CNN_CORE_LANE.vhd
Note: LANE3 ADC busy_clear stream_done_seen='0' wr_count=0
Time: 227818 ns  Iteration: 0  Process: /tb_AI_TRIGGER_TOP/dut/u_DUT/\gen_lanes(3)\/u_LANE/line__191  File: /home/work1/Works/AI-Trigger-System/HDL/rtl/CNN_CORE_LANE.vhd
   198 | 0x003ff4f9    |     -1.378418 |     0 |    0 |      1.015
Note: LANE4 ADC chunk_accept count=8 fifo_full='0'
Time: 228078 ns  Iteration: 0  Process: /tb_AI_TRIGGER_TOP/dut/u_DUT/\gen_lanes(4)\/u_LANE/line__191  File: /home/work1/Works/AI-Trigger-System/HDL/rtl/CNN_CORE_LANE.vhd
Note: LANE4 ADC busy_clear stream_done_seen='0' wr_count=0
Time: 228834 ns  Iteration: 0  Process: /tb_AI_TRIGGER_TOP/dut/u_DUT/\gen_lanes(4)\/u_LANE/line__191  File: /home/work1/Works/AI-Trigger-System/HDL/rtl/CNN_CORE_LANE.vhd
   199 | 0x003ff471    |     -1.444824 |     0 |    0 |      1.010
   200 | 0x003ff5d6    |     -1.270508 |     0 |    0 |      1.015
   201 | 0x003ff598    |     -1.300781 |     0 |    0 |      1.015
   202 | 0x003ff508    |     -1.371094 |     0 |    0 |      1.015
   203 | 0x003ff5b0    |     -1.289062 |     0 |    0 |      1.010
   204 | 0x003ff5ab    |     -1.291504 |     0 |    0 |      1.015
   205 | 0x003ff4d1    |     -1.397949 |     0 |    0 |      1.015
   206 | 0x003ff6d1    |     -1.147949 |     0 |    0 |      1.015
   207 | 0x003ff692    |     -1.178711 |     0 |    0 |      1.010
   208 | 0x003ff5af    |     -1.289551 |     0 |    0 |      1.015
   209 | 0x003ff5ac    |     -1.291016 |     0 |    0 |      1.015
   210 | 0x003ff63a    |     -1.221680 |     0 |    0 |      1.015
   211 | 0x003ff5e5    |     -1.263184 |     0 |    0 |      1.010
   212 | 0x003ff7d4    |     -1.021484 |     0 |    0 |      1.015
   213 | 0x003ff700    |     -1.125000 |     0 |    0 |      1.015
   214 | 0x003ff574    |     -1.318359 |     0 |    0 |      1.015
   215 | 0x003ff604    |     -1.248047 |     0 |    0 |      1.010
   216 | 0x003ff6ae    |     -1.165039 |     0 |    0 |      1.015
   217 | 0x003ff5fe    |     -1.250977 |     0 |    0 |      1.015
   218 | 0x003ff76c    |     -1.072266 |     0 |    0 |      1.015
   219 | 0x003ff77e    |     -1.063477 |     0 |    0 |      1.010
   220 | 0x003ff5a0    |     -1.296875 |     0 |    0 |      1.015
   221 | 0x003ff568    |     -1.324219 |     0 |    0 |      1.015
   222 | 0x003ff68b    |     -1.182129 |     0 |    0 |      1.015
   223 | 0x003ff647    |     -1.215332 |     0 |    0 |      1.010
   224 | 0x003ff717    |     -1.113770 |     0 |    0 |      1.015
   225 | 0x003ff6ad    |     -1.165527 |     0 |    0 |      1.015
   226 | 0x003ff553    |     -1.334473 |     0 |    0 |      1.015
   227 | 0x003ff568    |     -1.324219 |     0 |    0 |      1.010
   228 | 0x003ff657    |     -1.207520 |     0 |    0 |      1.015
   229 | 0x003ff60a    |     -1.245117 |     0 |    0 |      1.015
   230 | 0x003ff5e2    |     -1.264648 |     0 |    0 |      1.015
   231 | 0x003ff567    |     -1.324707 |     0 |    0 |      1.010
   232 | 0x003ff4c4    |     -1.404297 |     0 |    0 |      1.015
   233 | 0x003ff4cf    |     -1.398926 |     0 |    0 |      1.015
   234 | 0x003ff5dd    |     -1.267090 |     0 |    0 |      1.015
   235 | 0x003ff552    |     -1.334961 |     0 |    0 |      1.010
   236 | 0x003ff5c4    |     -1.279297 |     0 |    0 |      1.015
   237 | 0x003ff4f5    |     -1.380371 |     0 |    0 |      1.015
   238 | 0x003ff47b    |     -1.439941 |     0 |    0 |      1.015
   239 | 0x003ff4dc    |     -1.392578 |     0 |    0 |      1.010
   240 | 0x003ff61a    |     -1.237305 |     0 |    0 |      1.015
   241 | 0x003ff59c    |     -1.298828 |     0 |    0 |      1.015
   242 | 0x003ff4f5    |     -1.380371 |     0 |    0 |      1.015
   243 | 0x003ff463    |     -1.451660 |     0 |    0 |      1.010
   244 | 0x003ff424    |     -1.482422 |     0 |    0 |      1.015
   245 | 0x003ff48b    |     -1.432129 |     0 |    0 |      1.015
   246 | 0x003ff59b    |     -1.299316 |     0 |    0 |      1.015
   247 | 0x003ff5ac    |     -1.291016 |     0 |    0 |      1.010
   248 | 0x003ff577    |     -1.316895 |     0 |    0 |      1.015
   249 | 0x003ff484    |     -1.435547 |     0 |    0 |      1.015
   250 | 0x003ff42f    |     -1.477051 |     0 |    0 |      1.015
   251 | 0x003ff4e7    |     -1.387207 |     0 |    0 |      1.010
   252 | 0x003ff5c1    |     -1.280762 |     0 |    0 |      1.015
   253 | 0x003ff5b9    |     -1.284668 |     0 |    0 |      1.015
   254 | 0x003ff560    |     -1.328125 |     0 |    0 |      1.015
   255 | 0x003ff4d4    |     -1.396484 |     0 |    0 |      1.010
   256 | 0x003ff416    |     -1.489258 |     0 |    0 |      1.015
   257 | 0x003ff507    |     -1.371582 |     0 |    0 |      1.015
   258 | 0x003ff4fd    |     -1.376465 |     0 |    0 |      1.015
   259 | 0x003ff5c3    |     -1.279785 |     0 |    0 |      1.010
   260 | 0x003ff5b3    |     -1.287598 |     0 |    0 |      1.015
   261 | 0x003ff572    |     -1.319336 |     0 |    0 |      1.015
   262 | 0x003ff464    |     -1.451172 |     0 |    0 |      1.015
   263 | 0x003ff57a    |     -1.315430 |     0 |    0 |      1.010
   264 | 0x003ff4e0    |     -1.390625 |     0 |    0 |      1.015
   265 | 0x003ff5a3    |     -1.295410 |     0 |    0 |      1.015
   266 | 0x003ff591    |     -1.304199 |     0 |    0 |      1.015
   267 | 0x003ff554    |     -1.333984 |     0 |    0 |      1.010
   268 | 0x003ff4b3    |     -1.412598 |     0 |    0 |      1.015
   269 | 0x003ff566    |     -1.325195 |     0 |    0 |      1.015
   270 | 0x003ff3e1    |     -1.515137 |     0 |    0 |      1.015
   271 | 0x003ff4da    |     -1.393555 |     0 |    0 |      1.010
   272 | 0x003ff5d2    |     -1.272461 |     0 |    0 |      1.015
   273 | 0x003ff55d    |     -1.329590 |     0 |    0 |      1.015
   274 | 0x003ff515    |     -1.364746 |     0 |    0 |      1.015
   275 | 0x003ff5f5    |     -1.255371 |     0 |    0 |      1.010
   276 | 0x003ff4a2    |     -1.420898 |     0 |    0 |      1.015
   277 | 0x003ff59f    |     -1.297363 |     0 |    0 |      1.015
   278 | 0x003ff5fd    |     -1.251465 |     0 |    0 |      1.015
   279 | 0x003ff603    |     -1.248535 |     0 |    0 |      1.010
   280 | 0x003ff658    |     -1.207031 |     0 |    0 |      1.015
   281 | 0x003ff69e    |     -1.172852 |     0 |    0 |      1.015
   282 | 0x003ff4d5    |     -1.395996 |     0 |    0 |      1.015
   283 | 0x003ff5a8    |     -1.292969 |     0 |    0 |      1.010
   284 | 0x003ff5fd    |     -1.251465 |     0 |    0 |      1.015
   285 | 0x003ff5f5    |     -1.255371 |     0 |    0 |      1.015
   286 | 0x003ff6d0    |     -1.148438 |     0 |    0 |      1.015
   287 | 0x003ff715    |     -1.114746 |     0 |    0 |      1.010
   288 | 0x003ff542    |     -1.342773 |     0 |    0 |      1.015
   289 | 0x003ff62d    |     -1.228027 |     0 |    0 |      1.015
   290 | 0x003ff581    |     -1.312012 |     0 |    0 |      1.015
   291 | 0x003ff60d    |     -1.243652 |     0 |    0 |      1.010
   292 | 0x003ff65e    |     -1.204102 |     0 |    0 |      1.015
   293 | 0x003ff660    |     -1.203125 |     0 |    0 |      1.015
   294 | 0x003ff547    |     -1.340332 |     0 |    0 |      1.015
   295 | 0x003ff5d4    |     -1.271484 |     0 |    0 |      1.010
   296 | 0x003ff527    |     -1.355957 |     0 |    0 |      1.015
   297 | 0x003ff581    |     -1.312012 |     0 |    0 |      1.015
   298 | 0x003ff6a3    |     -1.170410 |     0 |    0 |      1.015
   299 | 0x003ff676    |     -1.192383 |     0 |    0 |      1.010
   300 | 0x003ff5c8    |     -1.277344 |     0 |    0 |      1.015
   301 | 0x003ff625    |     -1.231934 |     0 |    0 |      1.015
   302 | 0x003ff4cd    |     -1.399902 |     0 |    0 |      1.015
   303 | 0x003ff5b8    |     -1.285156 |     0 |    0 |      1.010
   304 | 0x003ff5b6    |     -1.286133 |     0 |    0 |      1.015
   305 | 0x003ff568    |     -1.324219 |     0 |    0 |      1.015
   306 | 0x003ff551    |     -1.335449 |     0 |    0 |      1.015
   307 | 0x003ff573    |     -1.318848 |     0 |    0 |      1.010
   308 | 0x003ff493    |     -1.428223 |     0 |    0 |      1.015
   309 | 0x003ff583    |     -1.311035 |     0 |    0 |      1.015
   310 | 0x003ff567    |     -1.324707 |     0 |    0 |      1.015
   311 | 0x003ff4f0    |     -1.382812 |     0 |    0 |      1.010
   312 | 0x003ff50c    |     -1.369141 |     0 |    0 |      1.015
   313 | 0x003ff60f    |     -1.242676 |     0 |    0 |      1.015
   314 | 0x003ff4c5    |     -1.403809 |     0 |    0 |      1.015
   315 | 0x003ff5f1    |     -1.257324 |     0 |    0 |      1.010
   316 | 0x003ff5ae    |     -1.290039 |     0 |    0 |      1.015
   317 | 0x003ff5c3    |     -1.279785 |     0 |    0 |      1.015
   318 | 0x003ff665    |     -1.200684 |     0 |    0 |      1.015
   319 | 0x003ff737    |     -1.098145 |     0 |    0 |      1.010
   320 | 0x003ff615    |     -1.239746 |     0 |    0 |      1.015
   321 | 0x003ff6e6    |     -1.137695 |     0 |    0 |      1.015
   322 | 0x003ff681    |     -1.187012 |     0 |    0 |      1.015
   323 | 0x003ff65a    |     -1.206055 |     0 |    0 |      1.010
   324 | 0x003ff696    |     -1.176758 |     0 |    0 |      1.015
   325 | 0x003ff72b    |     -1.104004 |     0 |    0 |      1.015
   326 | 0x003ff630    |     -1.226562 |     0 |    0 |      1.015
   327 | 0x003ff6fb    |     -1.127441 |     0 |    0 |      1.010
   328 | 0x003ff682    |     -1.186523 |     0 |    0 |      1.015
   329 | 0x003ff69e    |     -1.172852 |     0 |    0 |      1.015
   330 | 0x003ff68f    |     -1.180176 |     0 |    0 |      1.015
   331 | 0x003ff72d    |     -1.103027 |     0 |    0 |      1.010
   332 | 0x003ff697    |     -1.176270 |     0 |    0 |      1.015
   333 | 0x003ff63d    |     -1.220215 |     0 |    0 |      1.015
   334 | 0x003ff606    |     -1.247070 |     0 |    0 |      1.015
   335 | 0x003ff64b    |     -1.213379 |     0 |    0 |      1.010
   336 | 0x003ff5e3    |     -1.264160 |     0 |    0 |      1.015
   337 | 0x003ff621    |     -1.233887 |     0 |    0 |      1.015
   338 | 0x003ff578    |     -1.316406 |     0 |    0 |      1.015
   339 | 0x003ff4ed    |     -1.384277 |     0 |    0 |      1.010
   340 | 0x003ff4d1    |     -1.397949 |     0 |    0 |      1.015
   341 | 0x003ff52d    |     -1.353027 |     0 |    0 |      1.015
   342 | 0x003ff45e    |     -1.454102 |     0 |    0 |      1.015
   343 | 0x003ff4b4    |     -1.412109 |     0 |    0 |      1.010
   344 | 0x003ff505    |     -1.372559 |     0 |    0 |      1.015
   345 | 0x003ff375    |     -1.567871 |     0 |    0 |      1.015
   346 | 0x003ff37d    |     -1.563965 |     0 |    0 |      1.015
   347 | 0x003ff4c2    |     -1.405273 |     0 |    0 |      1.010
   348 | 0x003ff3e6    |     -1.512695 |     0 |    0 |      1.015
   349 | 0x003ff427    |     -1.480957 |     0 |    0 |      1.015
   350 | 0x003ff441    |     -1.468262 |     0 |    0 |      1.015
   351 | 0x003ff2f9    |     -1.628418 |     0 |    0 |      1.010
   352 | 0x003ff325    |     -1.606934 |     0 |    0 |      1.015
   353 | 0x003ff4c6    |     -1.403320 |     0 |    0 |      1.015
   354 | 0x003ff453    |     -1.459473 |     0 |    0 |      1.015
   355 | 0x003ff45e    |     -1.454102 |     0 |    0 |      1.010
   356 | 0x003ff406    |     -1.497070 |     0 |    0 |      1.015
   357 | 0x003ff385    |     -1.560059 |     0 |    0 |      1.015
   358 | 0x003ff37f    |     -1.562988 |     0 |    0 |      1.015
   359 | 0x003ff4b2    |     -1.413086 |     0 |    0 |      1.010
   360 | 0x003ff4c4    |     -1.404297 |     0 |    0 |      1.015
   361 | 0x003ff4cb    |     -1.400879 |     0 |    0 |      1.015
   362 | 0x003ff50e    |     -1.368164 |     0 |    0 |      1.015
   363 | 0x003ff42a    |     -1.479492 |     0 |    0 |      1.010
   364 | 0x003ff489    |     -1.433105 |     0 |    0 |      1.015
   365 | 0x003ff620    |     -1.234375 |     0 |    0 |      1.015
   366 | 0x003ff5ae    |     -1.290039 |     0 |    0 |      1.015
   367 | 0x003ff53c    |     -1.345703 |     0 |    0 |      1.010
   368 | 0x003ff56d    |     -1.321777 |     0 |    0 |      1.015
   369 | 0x003ff51a    |     -1.362305 |     0 |    0 |      1.015
   370 | 0x003ff522    |     -1.358398 |     0 |    0 |      1.015
   371 | 0x003ff643    |     -1.217285 |     0 |    0 |      1.010
   372 | 0x003ff617    |     -1.238770 |     0 |    0 |      1.015
   373 | 0x003ff50c    |     -1.369141 |     0 |    0 |      1.015
   374 | 0x003ff60f    |     -1.242676 |     0 |    0 |      1.015
   375 | 0x003ff53d    |     -1.345215 |     0 |    0 |      1.010
   376 | 0x003ff54a    |     -1.338867 |     0 |    0 |      1.015
   377 | 0x003ff636    |     -1.223633 |     0 |    0 |      1.015
   378 | 0x003ff602    |     -1.249023 |     0 |    0 |      1.015
   379 | 0x003ff513    |     -1.365723 |     0 |    0 |      1.010
   380 | 0x003ff5d7    |     -1.270020 |     0 |    0 |      1.015
   381 | 0x003ff511    |     -1.366699 |     0 |    0 |      1.015
   382 | 0x003ff595    |     -1.302246 |     0 |    0 |      1.015
   383 | 0x003ff630    |     -1.226562 |     0 |    0 |      1.010
   384 | 0x003ff66c    |     -1.197266 |     0 |    0 |      1.015
   385 | 0x003ff605    |     -1.247559 |     0 |    0 |      1.015
   386 | 0x003ff6e7    |     -1.137207 |     0 |    0 |      1.015
   387 | 0x003ff5c4    |     -1.279297 |     0 |    0 |      1.010
   388 | 0x003ff601    |     -1.249512 |     0 |    0 |      1.015
   389 | 0x003ff6e8    |     -1.136719 |     0 |    0 |      1.015
   390 | 0x003ff82c    |     -0.978516 |     0 |    0 |      1.015
   391 | 0x003ff83f    |     -0.969238 |     0 |    0 |      1.010
   392 | 0x003ff7eb    |     -1.010254 |     0 |    0 |      1.015
   393 | 0x003ff5e2    |     -1.264648 |     0 |    0 |      1.015
   394 | 0x003ff6ce    |     -1.149414 |     0 |    0 |      1.015
   395 | 0x003ff7c4    |     -1.029297 |     0 |    0 |      1.010
   396 | 0x003ff89c    |     -0.923828 |     0 |    0 |      1.015
   397 | 0x003ff83d    |     -0.970215 |     0 |    0 |      1.015
   398 | 0x003ff7c1    |     -1.030762 |     0 |    0 |      1.015
   399 | 0x003ff5c9    |     -1.276855 |     0 |    0 |      1.010
   400 | 0x003ff5e9    |     -1.261230 |     0 |    0 |      1.015
   401 | 0x003ff7e1    |     -1.015137 |     0 |    0 |      1.015
   402 | 0x003ff8fe    |     -0.875977 |     0 |    0 |      1.015
   403 | 0x003ff888    |     -0.933594 |     0 |    0 |      1.010
   404 | 0x003ff7d3    |     -1.021973 |     0 |    0 |      1.015
   405 | 0x003ff5df    |     -1.266113 |     0 |    0 |      1.015
   406 | 0x003ff646    |     -1.215820 |     0 |    0 |      1.015
   407 | 0x003ff7a5    |     -1.044434 |     0 |    0 |      1.010
   408 | 0x003ff7f8    |     -1.003906 |     0 |    0 |      1.015
   409 | 0x003ff824    |     -0.982422 |     0 |    0 |      1.015
   410 | 0x003ff6cb    |     -1.150879 |     0 |    0 |      1.015
   411 | 0x003ff50c    |     -1.369141 |     0 |    0 |      1.010
   412 | 0x003ff542    |     -1.342773 |     0 |    0 |      1.015
   413 | 0x003ff674    |     -1.193359 |     0 |    0 |      1.015
   414 | 0x003ff6ab    |     -1.166504 |     0 |    0 |      1.015
   415 | 0x003ff6d9    |     -1.144043 |     0 |    0 |      1.010
   416 | 0x003ff5c5    |     -1.278809 |     0 |    0 |      1.015
   417 | 0x003ff4f3    |     -1.381348 |     0 |    0 |      1.015
   418 | 0x003ff4e2    |     -1.389648 |     0 |    0 |      1.015
   419 | 0x003ff52d    |     -1.353027 |     0 |    0 |      1.010
   420 | 0x003ff50f    |     -1.367676 |     0 |    0 |      1.015
   421 | 0x003ff582    |     -1.311523 |     0 |    0 |      1.015
   422 | 0x003ff528    |     -1.355469 |     0 |    0 |      1.015
   423 | 0x003ff4e5    |     -1.388184 |     0 |    0 |      1.010
   424 | 0x003ff46f    |     -1.445801 |     0 |    0 |      1.015
   425 | 0x003ff50d    |     -1.368652 |     0 |    0 |      1.015
   426 | 0x003ff468    |     -1.449219 |     0 |    0 |      1.015
   427 | 0x003ff59f    |     -1.297363 |     0 |    0 |      1.010
   428 | 0x003ff618    |     -1.238281 |     0 |    0 |      1.015
   429 | 0x003ff663    |     -1.201660 |     0 |    0 |      1.015
   430 | 0x003ff5ff    |     -1.250488 |     0 |    0 |      1.015
   431 | 0x003ff528    |     -1.355469 |     0 |    0 |      1.010
   432 | 0x003ff498    |     -1.425781 |     0 |    0 |      1.015
   433 | 0x003ff5f7    |     -1.254395 |     0 |    0 |      1.015
   434 | 0x003ff62a    |     -1.229492 |     0 |    0 |      1.015
   435 | 0x003ff6f9    |     -1.128418 |     0 |    0 |      1.010
   436 | 0x003ff69c    |     -1.173828 |     0 |    0 |      1.015
   437 | 0x003ff5ab    |     -1.291504 |     0 |    0 |      1.015
   438 | 0x003ff493    |     -1.428223 |     0 |    0 |      1.015
   439 | 0x003ff5dd    |     -1.267090 |     0 |    0 |      1.010
   440 | 0x003ff6d6    |     -1.145508 |     0 |    0 |      1.015
   441 | 0x003ff7c7    |     -1.027832 |     0 |    0 |      1.015
   442 | 0x003ff7a6    |     -1.043945 |     0 |    0 |      1.015
   443 | 0x003ff66e    |     -1.196289 |     0 |    0 |      1.010
   444 | 0x003ff592    |     -1.303711 |     0 |    0 |      1.015
   445 | 0x003ff618    |     -1.238281 |     0 |    0 |      1.015
   446 | 0x003ff7bd    |     -1.032715 |     0 |    0 |      1.015
   447 | 0x003ff89f    |     -0.922363 |     0 |    0 |      1.010
   448 | 0x003ff7e9    |     -1.011230 |     0 |    0 |      1.015
   449 | 0x003ff611    |     -1.241699 |     0 |    0 |      1.015
   450 | 0x003ff536    |     -1.348633 |     0 |    0 |      1.015
   451 | 0x003ff5b3    |     -1.287598 |     0 |    0 |      1.010
   452 | 0x003ff6db    |     -1.143066 |     0 |    0 |      1.015
   453 | 0x003ff7a4    |     -1.044922 |     0 |    0 |      1.015
   454 | 0x003ff75f    |     -1.078613 |     0 |    0 |      1.015
   455 | 0x003ff6af    |     -1.164551 |     0 |    0 |      1.010
   456 | 0x003ff564    |     -1.326172 |     0 |    0 |      1.015
   457 | 0x003ff59d    |     -1.298340 |     0 |    0 |      1.015
   458 | 0x003ff73c    |     -1.095703 |     0 |    0 |      1.015
   459 | 0x003ff7f3    |     -1.006348 |     0 |    0 |      1.010
   460 | 0x003ff779    |     -1.065918 |     0 |    0 |      1.015
   461 | 0x003ff6ce    |     -1.149414 |     0 |    0 |      1.015
   462 | 0x003ff5c3    |     -1.279785 |     0 |    0 |      1.015
   463 | 0x003ff558    |     -1.332031 |     0 |    0 |      1.010
   464 | 0x003ff6e1    |     -1.140137 |     0 |    0 |      1.015
   465 | 0x003ff7d8    |     -1.019531 |     0 |    0 |      1.015
   466 | 0x003ff6a5    |     -1.169434 |     0 |    0 |      1.015
   467 | 0x003ff6bc    |     -1.158203 |     0 |    0 |      1.010
   468 | 0x003ff5b7    |     -1.285645 |     0 |    0 |      1.015
   469 | 0x003ff582    |     -1.311523 |     0 |    0 |      1.015
   470 | 0x003ff6a8    |     -1.167969 |     0 |    0 |      1.015
   471 | 0x003ff78e    |     -1.055664 |     0 |    0 |      1.010
   472 | 0x003ff6ca    |     -1.151367 |     0 |    0 |      1.015
   473 | 0x003ff6fb    |     -1.127441 |     0 |    0 |      1.015
   474 | 0x003ff620    |     -1.234375 |     0 |    0 |      1.015
   475 | 0x003ff54e    |     -1.336914 |     0 |    0 |      1.010
   476 | 0x003ff63e    |     -1.219727 |     0 |    0 |      1.015
   477 | 0x003ff798    |     -1.050781 |     0 |    0 |      1.015
   478 | 0x003ff66d    |     -1.196777 |     0 |    0 |      1.015
   479 | 0x003ff67d    |     -1.188965 |     0 |    0 |      1.010
   480 | 0x003ff635    |     -1.224121 |     0 |    0 |      1.015
   481 | 0x003ff555    |     -1.333496 |     0 |    0 |      1.015
   482 | 0x003ff64a    |     -1.213867 |     0 |    0 |      1.015
   483 | 0x003ff7b8    |     -1.035156 |     0 |    0 |      1.010
   484 | 0x003ff6f0    |     -1.132812 |     0 |    0 |      1.015
   485 | 0x003ff6a3    |     -1.170410 |     0 |    0 |      1.015
   486 | 0x003ff623    |     -1.232910 |     0 |    0 |      1.015
   487 | 0x003ff545    |     -1.341309 |     0 |    0 |      1.010
   488 | 0x003ff5e6    |     -1.262695 |     0 |    0 |      1.015
   489 | 0x003ff6e4    |     -1.138672 |     0 |    0 |      1.015
   490 | 0x003ff657    |     -1.207520 |     0 |    0 |      1.015
   491 | 0x003ff55c    |     -1.330078 |     0 |    0 |      1.010
   492 | 0x003ff4cf    |     -1.398926 |     0 |    0 |      1.015
   493 | 0x003ff4ad    |     -1.415527 |     0 |    0 |      1.015
   494 | 0x003ff565    |     -1.325684 |     0 |    0 |      1.015
   495 | 0x003ff5e8    |     -1.261719 |     0 |    0 |      1.010
   496 | 0x003ff579    |     -1.315918 |     0 |    0 |      1.015
   497 | 0x003ff56c    |     -1.322266 |     0 |    0 |      1.015
   498 | 0x003ff47c    |     -1.439453 |     0 |    0 |      1.015
   499 | 0x003ff50c    |     -1.369141 |     0 |    0 |      1.010
   500 | 0x003ff582    |     -1.311523 |     0 |    0 |      1.015
   501 | 0x003ff594    |     -1.302734 |     0 |    0 |      1.015
   502 | 0x003ff564    |     -1.326172 |     0 |    0 |      1.015
   503 | 0x003ff57a    |     -1.315430 |     0 |    0 |      1.010
   504 | 0x003ff422    |     -1.483398 |     0 |    0 |      1.015
   505 | 0x003ff520    |     -1.359375 |     0 |    0 |      1.015
   506 | 0x003ff4b6    |     -1.411133 |     0 |    0 |      1.015
   507 | 0x003ff4d8    |     -1.394531 |     0 |    0 |      1.010
   508 | 0x003ff543    |     -1.342285 |     0 |    0 |      1.015
   509 | 0x003ff5cc    |     -1.275391 |     0 |    0 |      1.015
   510 | 0x003ff454    |     -1.458984 |     0 |    0 |      1.015
   511 | 0x003ff59a    |     -1.299805 |     0 |    0 |      1.010
   512 | 0x003ff4ee    |     -1.383789 |     0 |    0 |      1.015
   513 | 0x003ff49e    |     -1.422852 |     0 |    0 |      1.015
   514 | 0x003ff529    |     -1.354980 |     0 |    0 |      1.015
   515 | 0x003ff5b9    |     -1.284668 |     0 |    0 |      1.010
   516 | 0x003ff49e    |     -1.422852 |     0 |    0 |      1.015
   517 | 0x003ff5fd    |     -1.251465 |     0 |    0 |      1.015
   518 | 0x003ff4b6    |     -1.411133 |     0 |    0 |      1.015
   519 | 0x003ff440    |     -1.468750 |     0 |    0 |      1.010
   520 | 0x003ff4fb    |     -1.377441 |     0 |    0 |      1.015
   521 | 0x003ff5a1    |     -1.296387 |     0 |    0 |      1.015
   522 | 0x003ff55e    |     -1.329102 |     0 |    0 |      1.015
   523 | 0x003ff676    |     -1.192383 |     0 |    0 |      1.010
   524 | 0x003ff57a    |     -1.315430 |     0 |    0 |      1.015
   525 | 0x003ff4c7    |     -1.402832 |     0 |    0 |      1.015
   526 | 0x003ff5fa    |     -1.252930 |     0 |    0 |      1.015
   527 | 0x003ff610    |     -1.242188 |     0 |    0 |      1.010
   528 | 0x003ff5de    |     -1.266602 |     0 |    0 |      1.015
   529 | 0x003ff62f    |     -1.227051 |     0 |    0 |      1.015
   530 | 0x003ff4f2    |     -1.381836 |     0 |    0 |      1.015
   531 | 0x003ff43c    |     -1.470703 |     0 |    0 |      1.010
   532 | 0x003ff524    |     -1.357422 |     0 |    0 |      1.015
   533 | 0x003ff550    |     -1.335938 |     0 |    0 |      1.015
   534 | 0x003ff63e    |     -1.219727 |     0 |    0 |      1.015
   535 | 0x003ff6a4    |     -1.169922 |     0 |    0 |      1.010
   536 | 0x003ff5d3    |     -1.271973 |     0 |    0 |      1.015
   537 | 0x003ff510    |     -1.367188 |     0 |    0 |      1.015
   538 | 0x003ff5d1    |     -1.272949 |     0 |    0 |      1.015
   539 | 0x003ff655    |     -1.208496 |     0 |    0 |      1.010
   540 | 0x003ff6cb    |     -1.150879 |     0 |    0 |      1.015
   541 | 0x003ff628    |     -1.230469 |     0 |    0 |      1.015
   542 | 0x003ff5b8    |     -1.285156 |     0 |    0 |      1.015
   543 | 0x003ff4ec    |     -1.384766 |     0 |    0 |      1.010
   544 | 0x003ff52b    |     -1.354004 |     0 |    0 |      1.015
   545 | 0x003ff596    |     -1.301758 |     0 |    0 |      1.015
   546 | 0x003ff6cc    |     -1.150391 |     0 |    0 |      1.015
   547 | 0x003ff6e9    |     -1.136230 |     0 |    0 |      1.010
   548 | 0x003ff63d    |     -1.220215 |     0 |    0 |      1.015
   549 | 0x003ff609    |     -1.245605 |     0 |    0 |      1.015
   550 | 0x003ff586    |     -1.309570 |     0 |    0 |      1.015
   551 | 0x003ff645    |     -1.216309 |     0 |    0 |      1.010
   552 | 0x003ff7a6    |     -1.043945 |     0 |    0 |      1.015
   553 | 0x003ff77e    |     -1.063477 |     0 |    0 |      1.015
   554 | 0x003ff6ed    |     -1.134277 |     0 |    0 |      1.015
   555 | 0x003ff658    |     -1.207031 |     0 |    0 |      1.010
   556 | 0x003ff631    |     -1.226074 |     0 |    0 |      1.015
   557 | 0x003ff6cd    |     -1.149902 |     0 |    0 |      1.015
   558 | 0x003ff7f3    |     -1.006348 |     0 |    0 |      1.015
   559 | 0x003ff79c    |     -1.048828 |     0 |    0 |      1.010
   560 | 0x003ff68a    |     -1.182617 |     0 |    0 |      1.015
   561 | 0x003ff66a    |     -1.198242 |     0 |    0 |      1.015
   562 | 0x003ff5fb    |     -1.252441 |     0 |    0 |      1.015
   563 | 0x003ff654    |     -1.208984 |     0 |    0 |      1.010
   564 | 0x003ff744    |     -1.091797 |     0 |    0 |      1.015
   565 | 0x003ff6f5    |     -1.130371 |     0 |    0 |      1.015
   566 | 0x003ff66a    |     -1.198242 |     0 |    0 |      1.015
   567 | 0x003ff6e7    |     -1.137207 |     0 |    0 |      1.010
   568 | 0x003ff6e2    |     -1.139648 |     0 |    0 |      1.015
   569 | 0x003ff75b    |     -1.080566 |     0 |    0 |      1.015
   570 | 0x003ff7a4    |     -1.044922 |     0 |    0 |      1.015
   571 | 0x003ff714    |     -1.115234 |     0 |    0 |      1.010
   572 | 0x003ff69d    |     -1.173340 |     0 |    0 |      1.015
   573 | 0x003ff7d0    |     -1.023438 |     0 |    0 |      1.015
   574 | 0x003ff707    |     -1.121582 |     0 |    0 |      1.015
   575 | 0x003ff75c    |     -1.080078 |     0 |    0 |      1.010
   576 | 0x003ff6fa    |     -1.127930 |     0 |    0 |      1.015
   577 | 0x003ff63b    |     -1.221191 |     0 |    0 |      1.015
   578 | 0x003ff6a6    |     -1.168945 |     0 |    0 |      1.015
   579 | 0x003ff7f9    |     -1.003418 |     0 |    0 |      1.010
   580 | 0x003ff7df    |     -1.016113 |     0 |    0 |      1.015
   581 | 0x003ff808    |     -0.996094 |     0 |    0 |      1.015
   582 | 0x003ff696    |     -1.176758 |     0 |    0 |      1.015
   583 | 0x003ff696    |     -1.176758 |     0 |    0 |      1.010
   584 | 0x003ff761    |     -1.077637 |     0 |    0 |      1.015
   585 | 0x003ff891    |     -0.929199 |     0 |    0 |      1.015
   586 | 0x003ff74a    |     -1.088867 |     0 |    0 |      1.015
   587 | 0x003ff703    |     -1.123535 |     0 |    0 |      1.010
   588 | 0x003ff61d    |     -1.235840 |     0 |    0 |      1.015
   589 | 0x003ff5b3    |     -1.287598 |     0 |    0 |      1.015
   590 | 0x003ff776    |     -1.067383 |     0 |    0 |      1.015
   591 | 0x003ff847    |     -0.965332 |     0 |    0 |      1.010
   592 | 0x003ff6cd    |     -1.149902 |     0 |    0 |      1.015
   593 | 0x003ff692    |     -1.178711 |     0 |    0 |      1.015
   594 | 0x003ff603    |     -1.248535 |     0 |    0 |      1.015
   595 | 0x003ff61f    |     -1.234863 |     0 |    0 |      1.010
   596 | 0x003ff769    |     -1.073730 |     0 |    0 |      1.015
   597 | 0x003ff75b    |     -1.080566 |     0 |    0 |      1.015
   598 | 0x003ff5cc    |     -1.275391 |     0 |    0 |      1.015
   599 | 0x003ff4ee    |     -1.383789 |     0 |    0 |      1.010
   600 | 0x003ff55a    |     -1.331055 |     0 |    0 |      1.015
   601 | 0x003ff4c7    |     -1.402832 |     0 |    0 |      1.015
   602 | 0x003ff63d    |     -1.220215 |     0 |    0 |      1.015
   603 | 0x003ff5c5    |     -1.278809 |     0 |    0 |      1.010
   604 | 0x003ff487    |     -1.434082 |     0 |    0 |      1.015
   605 | 0x003ff3f8    |     -1.503906 |     0 |    0 |      1.015
   606 | 0x003ff50e    |     -1.368164 |     0 |    0 |      1.015
   607 | 0x003ff4b5    |     -1.411621 |     0 |    0 |      1.010
   608 | 0x003ff5e0    |     -1.265625 |     0 |    0 |      1.015
   609 | 0x003ff5d0    |     -1.273438 |     0 |    0 |      1.015
   610 | 0x003ff4ef    |     -1.383301 |     0 |    0 |      1.015
   611 | 0x003ff4aa    |     -1.416992 |     0 |    0 |      1.010
   612 | 0x003ff569    |     -1.323730 |     0 |    0 |      1.015
   613 | 0x003ff478    |     -1.441406 |     0 |    0 |      1.015
   614 | 0x003ff579    |     -1.315918 |     0 |    0 |      1.015
   615 | 0x003ff55b    |     -1.330566 |     0 |    0 |      1.010
   616 | 0x003ff59b    |     -1.299316 |     0 |    0 |      1.015
   617 | 0x003ff540    |     -1.343750 |     0 |    0 |      1.015
   618 | 0x003ff4ff    |     -1.375488 |     0 |    0 |      1.015
   619 | 0x003ff505    |     -1.372559 |     0 |    0 |      1.010
   620 | 0x003ff5b5    |     -1.286621 |     0 |    0 |      1.015
   621 | 0x003ff5c3    |     -1.279785 |     0 |    0 |      1.015
   622 | 0x003ff6cb    |     -1.150879 |     0 |    0 |      1.015
   623 | 0x003ff640    |     -1.218750 |     0 |    0 |      1.010
   624 | 0x003ff5a1    |     -1.296387 |     0 |    0 |      1.015
   625 | 0x003ff5de    |     -1.266602 |     0 |    0 |      1.015
   626 | 0x003ff69a    |     -1.174805 |     0 |    0 |      1.015
   627 | 0x003ff624    |     -1.232422 |     0 |    0 |      1.010
   628 | 0x003ff786    |     -1.059570 |     0 |    0 |      1.015
   629 | 0x003ff6bf    |     -1.156738 |     0 |    0 |      1.015
   630 | 0x003ff52f    |     -1.352051 |     0 |    0 |      1.015
   631 | 0x003ff57e    |     -1.313477 |     0 |    0 |      1.010
   632 | 0x003ff730    |     -1.101562 |     0 |    0 |      1.015
   633 | 0x003ff6a6    |     -1.168945 |     0 |    0 |      1.015
   634 | 0x003ff850    |     -0.960938 |     0 |    0 |      1.015
   635 | 0x003ff768    |     -1.074219 |     0 |    0 |      1.010
   636 | 0x003ff606    |     -1.247070 |     0 |    0 |      1.015
   637 | 0x003ff609    |     -1.245605 |     0 |    0 |      1.015
   638 | 0x003ff768    |     -1.074219 |     0 |    0 |      1.015
   639 | 0x003ff6dd    |     -1.142090 |     0 |    0 |      1.010
   640 | 0x003ff784    |     -1.060547 |     0 |    0 |      1.015
   641 | 0x003ff732    |     -1.100586 |     0 |    0 |      1.015
   642 | 0x003ff617    |     -1.238770 |     0 |    0 |      1.015
   643 | 0x003ff560    |     -1.328125 |     0 |    0 |      1.010
   644 | 0x003ff6d3    |     -1.146973 |     0 |    0 |      1.015
   645 | 0x003ff6a8    |     -1.167969 |     0 |    0 |      1.015
   646 | 0x003ff743    |     -1.092285 |     0 |    0 |      1.015
   647 | 0x003ff708    |     -1.121094 |     0 |    0 |      1.010
   648 | 0x003ff5a5    |     -1.294434 |     0 |    0 |      1.015
   649 | 0x003ff524    |     -1.357422 |     0 |    0 |      1.015
   650 | 0x003ff5e5    |     -1.263184 |     0 |    0 |      1.015
   651 | 0x003ff67e    |     -1.188477 |     0 |    0 |      1.010
   652 | 0x003ff5e4    |     -1.263672 |     0 |    0 |      1.015
   653 | 0x003ff643    |     -1.217285 |     0 |    0 |      1.015
   654 | 0x003ff536    |     -1.348633 |     0 |    0 |      1.015
   655 | 0x003ff45f    |     -1.453613 |     0 |    0 |      1.010
   656 | 0x003ff4bf    |     -1.406738 |     0 |    0 |      1.015
   657 | 0x003ff5ee    |     -1.258789 |     0 |    0 |      1.015
   658 | 0x003ff59c    |     -1.298828 |     0 |    0 |      1.015
   659 | 0x003ff5ab    |     -1.291504 |     0 |    0 |      1.010
   660 | 0x003ff429    |     -1.479980 |     0 |    0 |      1.015
   661 | 0x003ff4a1    |     -1.421387 |     0 |    0 |      1.015
   662 | 0x003ff518    |     -1.363281 |     0 |    0 |      1.015
   663 | 0x003ff528    |     -1.355469 |     0 |    0 |      1.010
   664 | 0x003ff50a    |     -1.370117 |     0 |    0 |      1.015
   665 | 0x003ff58f    |     -1.305176 |     0 |    0 |      1.015
   666 | 0x003ff458    |     -1.457031 |     0 |    0 |      1.015
   667 | 0x003ff4dd    |     -1.392090 |     0 |    0 |      1.010
   668 | 0x003ff537    |     -1.348145 |     0 |    0 |      1.015
   669 | 0x003ff5aa    |     -1.291992 |     0 |    0 |      1.015
   670 | 0x003ff5ce    |     -1.274414 |     0 |    0 |      1.015
   671 | 0x003ff5e6    |     -1.262695 |     0 |    0 |      1.010
   672 | 0x003ff4de    |     -1.391602 |     0 |    0 |      1.015
   673 | 0x003ff5ce    |     -1.274414 |     0 |    0 |      1.015
   674 | 0x003ff636    |     -1.223633 |     0 |    0 |      1.015
   675 | 0x003ff5d4    |     -1.271484 |     0 |    0 |      1.010
   676 | 0x003ff5f5    |     -1.255371 |     0 |    0 |      1.015
   677 | 0x003ff60e    |     -1.243164 |     0 |    0 |      1.015
   678 | 0x003ff465    |     -1.450684 |     0 |    0 |      1.015
   679 | 0x003ff633    |     -1.225098 |     0 |    0 |      1.010
   680 | 0x003ff713    |     -1.115723 |     0 |    0 |      1.015
   681 | 0x003ff601    |     -1.249512 |     0 |    0 |      1.015
   682 | 0x003ff628    |     -1.230469 |     0 |    0 |      1.015
   683 | 0x003ff638    |     -1.222656 |     0 |    0 |      1.010
   684 | 0x003ff5bb    |     -1.283691 |     0 |    0 |      1.015
   685 | 0x003ff6d0    |     -1.148438 |     0 |    0 |      1.015
   686 | 0x003ff6f2    |     -1.131836 |     0 |    0 |      1.015
   687 | 0x003ff5ee    |     -1.258789 |     0 |    0 |      1.010
   688 | 0x003ff684    |     -1.185547 |     0 |    0 |      1.015
   689 | 0x003ff6c0    |     -1.156250 |     0 |    0 |      1.015
   690 | 0x003ff638    |     -1.222656 |     0 |    0 |      1.015
   691 | 0x003ff76b    |     -1.072754 |     0 |    0 |      1.010
   692 | 0x003ff777    |     -1.066895 |     0 |    0 |      1.015
   693 | 0x003ff65e    |     -1.204102 |     0 |    0 |      1.015
   694 | 0x003ff647    |     -1.215332 |     0 |    0 |      1.015
   695 | 0x003ff6a7    |     -1.168457 |     0 |    0 |      1.010
   696 | 0x003ff6c6    |     -1.153320 |     0 |    0 |      1.015
   697 | 0x003ff712    |     -1.116211 |     0 |    0 |      1.015
   698 | 0x003ff602    |     -1.249023 |     0 |    0 |      1.015
   699 | 0x003ff595    |     -1.302246 |     0 |    0 |      1.010
   700 | 0x003ff5a0    |     -1.296875 |     0 |    0 |      1.015
   701 | 0x003ff5ff    |     -1.250488 |     0 |    0 |      1.015
   702 | 0x003ff680    |     -1.187500 |     0 |    0 |      1.015
   703 | 0x003ff6eb    |     -1.135254 |     0 |    0 |      1.010
   704 | 0x003ff61c    |     -1.236328 |     0 |    0 |      1.015
   705 | 0x003ff5d2    |     -1.272461 |     0 |    0 |      1.015
   706 | 0x003ff5fd    |     -1.251465 |     0 |    0 |      1.015
   707 | 0x003ff5f6    |     -1.254883 |     0 |    0 |      1.010
   708 | 0x003ff691    |     -1.179199 |     0 |    0 |      1.015
   709 | 0x003ff697    |     -1.176270 |     0 |    0 |      1.015
   710 | 0x003ff605    |     -1.247559 |     0 |    0 |      1.015
   711 | 0x003ff5c6    |     -1.278320 |     0 |    0 |      1.010
   712 | 0x003ff614    |     -1.240234 |     0 |    0 |      1.015
   713 | 0x003ff572    |     -1.319336 |     0 |    0 |      1.015
   714 | 0x003ff668    |     -1.199219 |     0 |    0 |      1.015
   715 | 0x003ff619    |     -1.237793 |     0 |    0 |      1.010
   716 | 0x003ff682    |     -1.186523 |     0 |    0 |      1.015
   717 | 0x003ff5df    |     -1.266113 |     0 |    0 |      1.015
   718 | 0x003ff681    |     -1.187012 |     0 |    0 |      1.015
   719 | 0x003ff654    |     -1.208984 |     0 |    0 |      1.010
   720 | 0x003ff724    |     -1.107422 |     0 |    0 |      1.015
   721 | 0x003ff697    |     -1.176270 |     0 |    0 |      1.015
   722 | 0x003ff7fa    |     -1.002930 |     0 |    0 |      1.015
   723 | 0x003ff73a    |     -1.096680 |     0 |    0 |      1.010
   724 | 0x003ff79d    |     -1.048340 |     0 |    0 |      1.015
   725 | 0x003ff73e    |     -1.094727 |     0 |    0 |      1.015
   726 | 0x003ff78c    |     -1.056641 |     0 |    0 |      1.015
   727 | 0x003ff699    |     -1.175293 |     0 |    0 |      1.010
   728 | 0x003ff876    |     -0.942383 |     0 |    0 |      1.015
   729 | 0x003ff7e8    |     -1.011719 |     0 |    0 |      1.015
   730 | 0x003ff879    |     -0.940918 |     0 |    0 |      1.015
   731 | 0x003ff8d3    |     -0.896973 |     0 |    0 |      1.010
   732 | 0x003ff901    |     -0.874512 |     0 |    0 |      1.015
   733 | 0x003ff784    |     -1.060547 |     0 |    0 |      1.015
   734 | 0x003ff92b    |     -0.854004 |     0 |    0 |      1.015
   735 | 0x003ff90b    |     -0.869629 |     0 |    0 |      1.010
   736 | 0x003ff9f1    |     -0.757324 |     0 |    0 |      1.015
   737 | 0x003ff8e2    |     -0.889648 |     0 |    0 |      1.015
   738 | 0x003ff974    |     -0.818359 |     0 |    0 |      1.015
   739 | 0x003ff78a    |     -1.057617 |     0 |    0 |      1.010
   740 | 0x003ff907    |     -0.871582 |     0 |    0 |      1.015
   741 | 0x003ff8b6    |     -0.911133 |     0 |    0 |      1.015
   742 | 0x003ffa1b    |     -0.736816 |     0 |    0 |      1.015
   743 | 0x003ff981    |     -0.812012 |     0 |    0 |      1.010
   744 | 0x003ff8f5    |     -0.880371 |     0 |    0 |      1.015

=============================================================
                    SIMULATION SUMMARY
=============================================================
Top module:       AI_TRIGGER_TOP
CNN cores:        5 (parallel, round-robin)
ADC_SRC_CLK:      250.0 MHz (4.000 ns period)
CLK_ADC:          250.0 MHz (4.000 ns period)
CLK_CNN:          200.0 MHz (5.000 ns period)
CNN_THRESH:       0 raw (0.0000 float)
Score threshold:  0.0000 float
-------------------------------------------------------------
Samples sent:     745
Results received: 745
Output drain:     8192 quiet CLK_CNN cycles
Chunk overflows:  0 (should be 0 in normal operation)
ADC input overflows: 0
Events saved:     47
Event batches:    3008
Dropped triggers: 0
Ring misses:      0
Correct:          698 / 745 (93.69%)
-------------------------------------------------------------
Avg latency:      202.7 CLK_CNN cycles  (1.014 us)
Total sim time:   823.368 us
Throughput:       904820.20 samples/sec
=============================================================
Results saved to: /home/work1/Works/AI-Trigger-System/build/real_noise_scan/signal_10/scores.csv
Events saved to:  /home/work1/Works/AI-Trigger-System/build/real_noise_scan/signal_10/events.csv
Simulation complete.
$finish called at time : 823574 ns : File "/home/work1/Works/AI-Trigger-System/HDL/sim/tb_ai_trigger_top.sv" Line 284
INFO: xsimkernel Simulation Memory Usage: 166952 KB (Peak: 194156 KB), Simulation CPU Usage: 18190 ms
