event_index,event_chunk_id,event_timestamp,event_score_hex,event_batch_index,event_last,event_data_hex,event_output_time_ns,event_valid,event_ready,event_fire
0,62,62,0x00000239,0,0,0x000000000000000000000000000000000000000000000000000000000000000000000000000000000000ff7005ff4ffc,64450,1,1,1
0,62,62,0x00000239,1,0,0x000000000000000000000000000000000000000000000000000000000000000000000000000000000000004fffffc004,64454,1,1,1
0,62,62,0x00000239,2,0,0x000000000000000000000000000000000000000000000000000000000000000000000000000000000000007ff401a009,64458,1,1,1
0,62,62,0x00000239,3,0,0x000000000000000000000000000000000000000000000000000000000000000000000000000000000000fff009ff1ff2,64462,1,1,1
0,62,62,0x00000239,4,0,0x000000000000000000000000000000000000000000000000000000000000000000000000000000000000001ff7ff4ff9,64466,1,1,1
0,62,62,0x00000239,5,0,0x000000000000000000000000000000000000000000000000000000000000000000000000000000000000005ff1009ffc,64470,1,1,1
0,62,62,0x00000239,6,0,0x00000000000000000000000000000000000000000000000000000000000000000000000000000000000000a01100a005,64474,1,1,1
0,62,62,0x00000239,7,0,0x000000000000000000000000000000000000000000000000000000000000000000000000000000000000fff001ffaff9,64478,1,1,1
0,62,62,0x00000239,8,0,0x00000000000000000000000000000000000000000000000000000000000000000000000000000000000000500c015012,64482,1,1,1
0,62,62,0x00000239,9,0,0x00000000000000000000000000000000000000000000000000000000000000000000000000000000000000cfecfecfff,64486,1,1,1
0,62,62,0x00000239,10,0,0x000000000000000000000000000000000000000000000000000000000000000000000000000000000000ff7002fff004,64490,1,1,1
0,62,62,0x00000239,11,0,0x000000000000000000000000000000000000000000000000000000000000000000000000000000000000ff200affc007,64494,1,1,1
0,62,62,0x00000239,12,0,0x000000000000000000000000000000000000000000000000000000000000000000000000000000000000017009004ff7,64498,1,1,1
0,62,62,0x00000239,13,0,0x000000000000000000000000000000000000000000000000000000000000000000000000000000000000fecfe7ff9001,64502,1,1,1
0,62,62,0x00000239,14,0,0x000000000000000000000000000000000000000000000000000000000000000000000000000000000000014ffdffdfea,64506,1,1,1
0,62,62,0x00000239,15,0,0x00000000000000000000000000000000000000000000000000000000000000000000000000000000000000d001012004,64510,1,1,1
0,62,62,0x00000239,16,0,0x000000000000000000000000000000000000000000000000000000000000000000000000000000000000ff7ff100affc,64514,1,1,1
0,62,62,0x00000239,17,0,0x000000000000000000000000000000000000000000000000000000000000000000000000000000000000035fddfe1015,64518,1,1,1
0,62,62,0x00000239,18,0,0x000000000000000000000000000000000000000000000000000000000000000000000000000000000000ff5fadfe404a,64522,1,1,1
0,62,62,0x00000239,19,0,0x000000000000000000000000000000000000000000000000000000000000000000000000000000000000f8afec047057,64526,1,1,1
0,62,62,0x00000239,20,0,0x00000000000000000000000000000000000000000000000000000000000000000000000000000000000007103afdffa1,64530,1,1,1
0,62,62,0x00000239,21,0,0x000000000000000000000000000000000000000000000000000000000000000000000000000000000000f9ffc9017052,64534,1,1,1
0,62,62,0x00000239,22,0,0x00000000000000000000000000000000000000000000000000000000000000000000000000000000000002afecfd5fac,64538,1,1,1
0,62,62,0x00000239,23,0,0x00000000000000000000000000000000000000000000000000000000000000000000000000000000000002404f05103f,64542,1,1,1
0,62,62,0x00000239,24,0,0x000000000000000000000000000000000000000000000000000000000000000000000000000000000000fc7fc5fd5ffc,64546,1,1,1
0,62,62,0x00000239,25,0,0x00000000000000000000000000000000000000000000000000000000000000000000000000000000000002200affafe2,64550,1,1,1
0,62,62,0x00000239,26,0,0x00000000000000000000000000000000000000000000000000000000000000000000000000000000000000f01f025022,64554,1,1,1
0,62,62,0x00000239,27,0,0x000000000000000000000000000000000000000000000000000000000000000000000000000000000000feafecfe2002,64558,1,1,1
0,62,62,0x00000239,28,0,0x000000000000000000000000000000000000000000000000000000000000000000000000000000000000fffffdfec004,64562,1,1,1
0,62,62,0x00000239,29,0,0x00000000000000000000000000000000000000000000000000000000000000000000000000000000000000400cfefff5,64566,1,1,1
0,62,62,0x00000239,30,0,0x000000000000000000000000000000000000000000000000000000000000000000000000000000000000009fffff700a,64570,1,1,1
0,62,62,0x00000239,31,0,0x00000000000000000000000000000000000000000000000000000000000000000000000000000000000000400dffa004,64574,1,1,1
0,62,62,0x00000239,32,0,0x000000000000000000000000000000000000000000000000000000000000000000000000000000000000ffaff900200d,64578,1,1,1
0,62,62,0x00000239,33,0,0x000000000000000000000000000000000000000000000000000000000000000000000000000000000000ffdff9005004,64582,1,1,1
0,62,62,0x00000239,34,0,0x00000000000000000000000000000000000000000000000000000000000000000000000000000000000000c001004ffd,64586,1,1,1
0,62,62,0x00000239,35,0,0x000000000000000000000000000000000000000000000000000000000000000000000000000000000000001fffff400d,64590,1,1,1
0,62,62,0x00000239,36,0,0x00000000000000000000000000000000000000000000000000000000000000000000000000000000000000fff7fef004,64594,1,1,1
0,62,62,0x00000239,37,0,0x000000000000000000000000000000000000000000000000000000000000000000000000000000000000ffdfffffd005,64598,1,1,1
0,62,62,0x00000239,38,0,0x000000000000000000000000000000000000000000000000000000000000000000000000000000000000ffd007ff5012,64602,1,1,1
0,62,62,0x00000239,39,0,0x000000000000000000000000000000000000000000000000000000000000000000000000000000000000ff4ffaff5ff1,64606,1,1,1
0,62,62,0x00000239,40,0,0x00000000000000000000000000000000000000000000000000000000000000000000000000000000000000cffa007009,64610,1,1,1
0,62,62,0x00000239,41,0,0x000000000000000000000000000000000000000000000000000000000000000000000000000000000000004009001017,64614,1,1,1
0,62,62,0x00000239,42,0,0x000000000000000000000000000000000000000000000000000000000000000000000000000000000000fe7ff2ff9fff,64618,1,1,1
0,62,62,0x00000239,43,0,0x000000000000000000000000000000000000000000000000000000000000000000000000000000000000ffd00900fffa,64622,1,1,1
0,62,62,0x00000239,44,0,0x000000000000000000000000000000000000000000000000000000000000000000000000000000000000017ffcff5ffd,64626,1,1,1
0,62,62,0x00000239,45,0,0x000000000000000000000000000000000000000000000000000000000000000000000000000000000000ffafedffaffc,64630,1,1,1
0,62,62,0x00000239,46,0,0x000000000000000000000000000000000000000000000000000000000000000000000000000000000000007ff5ff1ff2,64634,1,1,1
0,62,62,0x00000239,47,0,0x00000000000000000000000000000000000000000000000000000000000000000000000000000000000000a00500f007,64638,1,1,1
0,62,62,0x00000239,48,0,0x000000000000000000000000000000000000000000000000000000000000000000000000000000000000014ffa00400c,64642,1,1,1
0,62,62,0x00000239,49,0,0x000000000000000000000000000000000000000000000000000000000000000000000000000000000000ffffecffa00a,64646,1,1,1
0,62,62,0x00000239,50,0,0x000000000000000000000000000000000000000000000000000000000000000000000000000000000000ff200cff4014,64650,1,1,1
0,62,62,0x00000239,51,0,0x000000000000000000000000000000000000000000000000000000000000000000000000000000000000ff2007009fff,64654,1,1,1
0,62,62,0x00000239,52,0,0x000000000000000000000000000000000000000000000000000000000000000000000000000000000000015012007ff4,64658,1,1,1
0,62,62,0x00000239,53,0,0x00000000000000000000000000000000000000000000000000000000000000000000000000000000000000fff5002004,64662,1,1,1
0,62,62,0x00000239,54,0,0x000000000000000000000000000000000000000000000000000000000000000000000000000000000000ff1fddfe2fed,64666,1,1,1
0,62,62,0x00000239,55,0,0x000000000000000000000000000000000000000000000000000000000000000000000000000000000000011009002007,64670,1,1,1
0,62,62,0x00000239,56,0,0x000000000000000000000000000000000000000000000000000000000000000000000000000000000000004ff900f00c,64674,1,1,1
0,62,62,0x00000239,57,0,0x000000000000000000000000000000000000000000000000000000000000000000000000000000000000fecfec001fff,64678,1,1,1
0,62,62,0x00000239,58,0,0x00000000000000000000000000000000000000000000000000000000000000000000000000000000000000fff7ffdfff,64682,1,1,1
0,62,62,0x00000239,59,0,0x00000000000000000000000000000000000000000000000000000000000000000000000000000000000000a00ffff005,64686,1,1,1
0,62,62,0x00000239,60,0,0x000000000000000000000000000000000000000000000000000000000000000000000000000000000000ff4ffa004ffd,64690,1,1,1
0,62,62,0x00000239,61,0,0x000000000000000000000000000000000000000000000000000000000000000000000000000000000000005004005ffd,64694,1,1,1
0,62,62,0x00000239,62,0,0x00000000000000000000000000000000000000000000000000000000000000000000000000000000000000a009ff7004,64698,1,1,1
0,62,62,0x00000239,63,1,0x000000000000000000000000000000000000000000000000000000000000000000000000000000000000004ff7005001,64702,1,1,1
1,63,63,0x0000057c,0,0,0x000000000000000000000000000000000000000000000000000000000000000000000000000000000000004ff7005ff4,66014,1,1,1
1,63,63,0x0000057c,1,0,0x000000000000000000000000000000000000000000000000000000000000000000000000000000000000009004fffffc,66018,1,1,1
1,63,63,0x0000057c,2,0,0x000000000000000000000000000000000000000000000000000000000000000000000000000000000000ff2007ff401a,66022,1,1,1
1,63,63,0x0000057c,3,0,0x000000000000000000000000000000000000000000000000000000000000000000000000000000000000ff9fff009ff1,66026,1,1,1
1,63,63,0x0000057c,4,0,0x000000000000000000000000000000000000000000000000000000000000000000000000000000000000ffc001ff7ff4,66030,1,1,1
1,63,63,0x0000057c,5,0,0x000000000000000000000000000000000000000000000000000000000000000000000000000000000000005005ff1009,66034,1,1,1
1,63,63,0x0000057c,6,0,0x000000000000000000000000000000000000000000000000000000000000000000000000000000000000ff900a01100a,66038,1,1,1
1,63,63,0x0000057c,7,0,0x000000000000000000000000000000000000000000000000000000000000000000000000000000000000012fff001ffa,66042,1,1,1
1,63,63,0x0000057c,8,0,0x000000000000000000000000000000000000000000000000000000000000000000000000000000000000fff00500c015,66046,1,1,1
1,63,63,0x0000057c,9,0,0x00000000000000000000000000000000000000000000000000000000000000000000000000000000000000400cfecfec,66050,1,1,1
1,63,63,0x0000057c,10,0,0x000000000000000000000000000000000000000000000000000000000000000000000000000000000000007ff7002fff,66054,1,1,1
1,63,63,0x0000057c,11,0,0x000000000000000000000000000000000000000000000000000000000000000000000000000000000000ff7ff200affc,66058,1,1,1
1,63,63,0x0000057c,12,0,0x000000000000000000000000000000000000000000000000000000000000000000000000000000000000001017009004,66062,1,1,1
1,63,63,0x0000057c,13,0,0x000000000000000000000000000000000000000000000000000000000000000000000000000000000000feafecfe7ff9,66066,1,1,1
1,63,63,0x0000057c,14,0,0x000000000000000000000000000000000000000000000000000000000000000000000000000000000000004014ffdffd,66070,1,1,1
1,63,63,0x0000057c,15,0,0x000000000000000000000000000000000000000000000000000000000000000000000000000000000000ffc00d001012,66074,1,1,1
1,63,63,0x0000057c,16,0,0x000000000000000000000000000000000000000000000000000000000000000000000000000000000000015ff7ff100a,66078,1,1,1
1,63,63,0x0000057c,17,0,0x00000000000000000000000000000000000000000000000000000000000000000000000000000000000004a035fddfe1,66082,1,1,1
1,63,63,0x0000057c,18,0,0x000000000000000000000000000000000000000000000000000000000000000000000000000000000000057ff5fadfe4,66086,1,1,1
1,63,63,0x0000057c,19,0,0x000000000000000000000000000000000000000000000000000000000000000000000000000000000000fa1f8afec047,66090,1,1,1
1,63,63,0x0000057c,20,0,0x00000000000000000000000000000000000000000000000000000000000000000000000000000000000005207103afdf,66094,1,1,1
1,63,63,0x0000057c,21,0,0x000000000000000000000000000000000000000000000000000000000000000000000000000000000000facf9ffc9017,66098,1,1,1
1,63,63,0x0000057c,22,0,0x00000000000000000000000000000000000000000000000000000000000000000000000000000000000003f02afecfd5,66102,1,1,1
1,63,63,0x0000057c,23,0,0x000000000000000000000000000000000000000000000000000000000000000000000000000000000000ffc02404f051,66106,1,1,1
1,63,63,0x0000057c,24,0,0x000000000000000000000000000000000000000000000000000000000000000000000000000000000000fe2fc7fc5fd5,66110,1,1,1
1,63,63,0x0000057c,25,0,0x00000000000000000000000000000000000000000000000000000000000000000000000000000000000002202200affa,66114,1,1,1
1,63,63,0x0000057c,26,0,0x00000000000000000000000000000000000000000000000000000000000000000000000000000000000000200f01f025,66118,1,1,1
1,63,63,0x0000057c,27,0,0x000000000000000000000000000000000000000000000000000000000000000000000000000000000000004feafecfe2,66122,1,1,1
1,63,63,0x0000057c,28,0,0x000000000000000000000000000000000000000000000000000000000000000000000000000000000000ff5fffffdfec,66126,1,1,1
1,63,63,0x0000057c,29,0,0x00000000000000000000000000000000000000000000000000000000000000000000000000000000000000a00400cfef,66130,1,1,1
1,63,63,0x0000057c,30,0,0x000000000000000000000000000000000000000000000000000000000000000000000000000000000000004009fffff7,66134,1,1,1
1,63,63,0x0000057c,31,0,0x00000000000000000000000000000000000000000000000000000000000000000000000000000000000000d00400dffa,66138,1,1,1
1,63,63,0x0000057c,32,0,0x000000000000000000000000000000000000000000000000000000000000000000000000000000000000004ffaff9002,66142,1,1,1
1,63,63,0x0000057c,33,0,0x000000000000000000000000000000000000000000000000000000000000000000000000000000000000ffdffdff9005,66146,1,1,1
1,63,63,0x0000057c,34,0,0x00000000000000000000000000000000000000000000000000000000000000000000000000000000000000d00c001004,66150,1,1,1
1,63,63,0x0000057c,35,0,0x000000000000000000000000000000000000000000000000000000000000000000000000000000000000004001fffff4,66154,1,1,1
1,63,63,0x0000057c,36,0,0x00000000000000000000000000000000000000000000000000000000000000000000000000000000000000500fff7fef,66158,1,1,1
1,63,63,0x0000057c,37,0,0x000000000000000000000000000000000000000000000000000000000000000000000000000000000000012ffdfffffd,66162,1,1,1
1,63,63,0x0000057c,38,0,0x000000000000000000000000000000000000000000000000000000000000000000000000000000000000ff1ffd007ff5,66166,1,1,1
1,63,63,0x0000057c,39,0,0x000000000000000000000000000000000000000000000000000000000000000000000000000000000000009ff4ffaff5,66170,1,1,1
1,63,63,0x0000057c,40,0,0x00000000000000000000000000000000000000000000000000000000000000000000000000000000000001700cffa007,66174,1,1,1
1,63,63,0x0000057c,41,0,0x000000000000000000000000000000000000000000000000000000000000000000000000000000000000fff004009001,66178,1,1,1
1,63,63,0x0000057c,42,0,0x000000000000000000000000000000000000000000000000000000000000000000000000000000000000ffafe7ff2ff9,66182,1,1,1
1,63,63,0x0000057c,43,0,0x000000000000000000000000000000000000000000000000000000000000000000000000000000000000ffdffd00900f,66186,1,1,1
1,63,63,0x0000057c,44,0,0x000000000000000000000000000000000000000000000000000000000000000000000000000000000000ffc017ffcff5,66190,1,1,1
1,63,63,0x0000057c,45,0,0x000000000000000000000000000000000000000000000000000000000000000000000000000000000000ff2ffafedffa,66194,1,1,1
1,63,63,0x0000057c,46,0,0x000000000000000000000000000000000000000000000000000000000000000000000000000000000000007007ff5ff1,66198,1,1,1
1,63,63,0x0000057c,47,0,0x00000000000000000000000000000000000000000000000000000000000000000000000000000000000000c00a00500f,66202,1,1,1
1,63,63,0x0000057c,48,0,0x00000000000000000000000000000000000000000000000000000000000000000000000000000000000000a014ffa004,66206,1,1,1
1,63,63,0x0000057c,49,0,0x000000000000000000000000000000000000000000000000000000000000000000000000000000000000014ffffecffa,66210,1,1,1
1,63,63,0x0000057c,50,0,0x000000000000000000000000000000000000000000000000000000000000000000000000000000000000fffff200cff4,66214,1,1,1
1,63,63,0x0000057c,51,0,0x000000000000000000000000000000000000000000000000000000000000000000000000000000000000ff4ff2007009,66218,1,1,1
1,63,63,0x0000057c,52,0,0x000000000000000000000000000000000000000000000000000000000000000000000000000000000000004015012007,66222,1,1,1
1,63,63,0x0000057c,53,0,0x000000000000000000000000000000000000000000000000000000000000000000000000000000000000fed00fff5002,66226,1,1,1
1,63,63,0x0000057c,54,0,0x000000000000000000000000000000000000000000000000000000000000000000000000000000000000007ff1fddfe2,66230,1,1,1
1,63,63,0x0000057c,55,0,0x00000000000000000000000000000000000000000000000000000000000000000000000000000000000000c011009002,66234,1,1,1
1,63,63,0x0000057c,56,0,0x000000000000000000000000000000000000000000000000000000000000000000000000000000000000fff004ff900f,66238,1,1,1
1,63,63,0x0000057c,57,0,0x000000000000000000000000000000000000000000000000000000000000000000000000000000000000ffffecfec001,66242,1,1,1
1,63,63,0x0000057c,58,0,0x00000000000000000000000000000000000000000000000000000000000000000000000000000000000000500fff7ffd,66246,1,1,1
1,63,63,0x0000057c,59,0,0x000000000000000000000000000000000000000000000000000000000000000000000000000000000000ffd00a00ffff,66250,1,1,1
1,63,63,0x0000057c,60,0,0x000000000000000000000000000000000000000000000000000000000000000000000000000000000000ffdff4ffa004,66254,1,1,1
1,63,63,0x0000057c,61,0,0x000000000000000000000000000000000000000000000000000000000000000000000000000000000000004005004005,66258,1,1,1
1,63,63,0x0000057c,62,0,0x00000000000000000000000000000000000000000000000000000000000000000000000000000000000000100a009ff7,66262,1,1,1
1,63,63,0x0000057c,63,1,0x000000000000000000000000000000000000000000000000000000000000000000000000000000000000ff9004ff7005,66266,1,1,1
2,64,64,0x0000071d,0,0,0x000000000000000000000000000000000000000000000000000000000000000000000000000000000000ffc004ff7005,67578,1,1,1
2,64,64,0x0000071d,1,0,0x00000000000000000000000000000000000000000000000000000000000000000000000000000000000001a009004fff,67582,1,1,1
2,64,64,0x0000071d,2,0,0x000000000000000000000000000000000000000000000000000000000000000000000000000000000000ff1ff2007ff4,67586,1,1,1
2,64,64,0x0000071d,3,0,0x000000000000000000000000000000000000000000000000000000000000000000000000000000000000ff4ff9fff009,67590,1,1,1
2,64,64,0x0000071d,4,0,0x000000000000000000000000000000000000000000000000000000000000000000000000000000000000009ffc001ff7,67594,1,1,1
2,64,64,0x0000071d,5,0,0x00000000000000000000000000000000000000000000000000000000000000000000000000000000000000a005005ff1,67598,1,1,1
2,64,64,0x0000071d,6,0,0x000000000000000000000000000000000000000000000000000000000000000000000000000000000000ffaff900a011,67602,1,1,1
2,64,64,0x0000071d,7,0,0x000000000000000000000000000000000000000000000000000000000000000000000000000000000000015012fff001,67606,1,1,1
2,64,64,0x0000071d,8,0,0x000000000000000000000000000000000000000000000000000000000000000000000000000000000000fecfff00500c,67610,1,1,1
2,64,64,0x0000071d,9,0,0x000000000000000000000000000000000000000000000000000000000000000000000000000000000000fff00400cfec,67614,1,1,1
2,64,64,0x0000071d,10,0,0x000000000000000000000000000000000000000000000000000000000000000000000000000000000000ffc007ff7002,67618,1,1,1
2,64,64,0x0000071d,11,0,0x000000000000000000000000000000000000000000000000000000000000000000000000000000000000004ff7ff200a,67622,1,1,1
2,64,64,0x0000071d,12,0,0x000000000000000000000000000000000000000000000000000000000000000000000000000000000000ff9001017009,67626,1,1,1
2,64,64,0x0000071d,13,0,0x000000000000000000000000000000000000000000000000000000000000000000000000000000000000ffdfeafecfe7,67630,1,1,1
2,64,64,0x0000071d,14,0,0x000000000000000000000000000000000000000000000000000000000000000000000000000000000000012004014ffd,67634,1,1,1
2,64,64,0x0000071d,15,0,0x00000000000000000000000000000000000000000000000000000000000000000000000000000000000000affc00d001,67638,1,1,1
2,64,64,0x0000071d,16,0,0x000000000000000000000000000000000000000000000000000000000000000000000000000000000000fe1015ff7ff1,67642,1,1,1
2,64,64,0x0000071d,17,0,0x000000000000000000000000000000000000000000000000000000000000000000000000000000000000fe404a035fdd,67646,1,1,1
2,64,64,0x0000071d,18,0,0x000000000000000000000000000000000000000000000000000000000000000000000000000000000000047057ff5fad,67650,1,1,1
2,64,64,0x0000071d,19,0,0x000000000000000000000000000000000000000000000000000000000000000000000000000000000000fdffa1f8afec,67654,1,1,1
2,64,64,0x0000071d,20,0,0x00000000000000000000000000000000000000000000000000000000000000000000000000000000000001705207103a,67658,1,1,1
2,64,64,0x0000071d,21,0,0x000000000000000000000000000000000000000000000000000000000000000000000000000000000000fd5facf9ffc9,67662,1,1,1
2,64,64,0x0000071d,22,0,0x00000000000000000000000000000000000000000000000000000000000000000000000000000000000005103f02afec,67666,1,1,1
2,64,64,0x0000071d,23,0,0x000000000000000000000000000000000000000000000000000000000000000000000000000000000000fd5ffc02404f,67670,1,1,1
2,64,64,0x0000071d,24,0,0x000000000000000000000000000000000000000000000000000000000000000000000000000000000000ffafe2fc7fc5,67674,1,1,1
2,64,64,0x0000071d,25,0,0x00000000000000000000000000000000000000000000000000000000000000000000000000000000000002502202200a,67678,1,1,1
2,64,64,0x0000071d,26,0,0x000000000000000000000000000000000000000000000000000000000000000000000000000000000000fe200200f01f,67682,1,1,1
2,64,64,0x0000071d,27,0,0x000000000000000000000000000000000000000000000000000000000000000000000000000000000000fec004feafec,67686,1,1,1
2,64,64,0x0000071d,28,0,0x000000000000000000000000000000000000000000000000000000000000000000000000000000000000fefff5fffffd,67690,1,1,1
2,64,64,0x0000071d,29,0,0x000000000000000000000000000000000000000000000000000000000000000000000000000000000000ff700a00400c,67694,1,1,1
2,64,64,0x0000071d,30,0,0x000000000000000000000000000000000000000000000000000000000000000000000000000000000000ffa004009fff,67698,1,1,1
2,64,64,0x0000071d,31,0,0x00000000000000000000000000000000000000000000000000000000000000000000000000000000000000200d00400d,67702,1,1,1
2,64,64,0x0000071d,32,0,0x000000000000000000000000000000000000000000000000000000000000000000000000000000000000005004ffaff9,67706,1,1,1
2,64,64,0x0000071d,33,0,0x000000000000000000000000000000000000000000000000000000000000000000000000000000000000004ffdffdff9,67710,1,1,1
2,64,64,0x0000071d,34,0,0x000000000000000000000000000000000000000000000000000000000000000000000000000000000000ff400d00c001,67714,1,1,1
2,64,64,0x0000071d,35,0,0x000000000000000000000000000000000000000000000000000000000000000000000000000000000000fef004001fff,67718,1,1,1
2,64,64,0x0000071d,36,0,0x000000000000000000000000000000000000000000000000000000000000000000000000000000000000ffd00500fff7,67722,1,1,1
2,64,64,0x0000071d,37,0,0x000000000000000000000000000000000000000000000000000000000000000000000000000000000000ff5012ffdfff,67726,1,1,1
2,64,64,0x0000071d,38,0,0x000000000000000000000000000000000000000000000000000000000000000000000000000000000000ff5ff1ffd007,67730,1,1,1
2,64,64,0x0000071d,39,0,0x000000000000000000000000000000000000000000000000000000000000000000000000000000000000007009ff4ffa,67734,1,1,1
2,64,64,0x0000071d,40,0,0x00000000000000000000000000000000000000000000000000000000000000000000000000000000000000101700cffa,67738,1,1,1
2,64,64,0x0000071d,41,0,0x000000000000000000000000000000000000000000000000000000000000000000000000000000000000ff9fff004009,67742,1,1,1
2,64,64,0x0000071d,42,0,0x00000000000000000000000000000000000000000000000000000000000000000000000000000000000000fffafe7ff2,67746,1,1,1
2,64,64,0x0000071d,43,0,0x000000000000000000000000000000000000000000000000000000000000000000000000000000000000ff5ffdffd009,67750,1,1,1
2,64,64,0x0000071d,44,0,0x000000000000000000000000000000000000000000000000000000000000000000000000000000000000ffaffc017ffc,67754,1,1,1
2,64,64,0x0000071d,45,0,0x000000000000000000000000000000000000000000000000000000000000000000000000000000000000ff1ff2ffafed,67758,1,1,1
2,64,64,0x0000071d,46,0,0x00000000000000000000000000000000000000000000000000000000000000000000000000000000000000f007007ff5,67762,1,1,1
2,64,64,0x0000071d,47,0,0x00000000000000000000000000000000000000000000000000000000000000000000000000000000000000400c00a005,67766,1,1,1
2,64,64,0x0000071d,48,0,0x000000000000000000000000000000000000000000000000000000000000000000000000000000000000ffa00a014ffa,67770,1,1,1
2,64,64,0x0000071d,49,0,0x000000000000000000000000000000000000000000000000000000000000000000000000000000000000ff4014ffffec,67774,1,1,1
2,64,64,0x0000071d,50,0,0x000000000000000000000000000000000000000000000000000000000000000000000000000000000000009fffff200c,67778,1,1,1
2,64,64,0x0000071d,51,0,0x000000000000000000000000000000000000000000000000000000000000000000000000000000000000007ff4ff2007,67782,1,1,1
2,64,64,0x0000071d,52,0,0x000000000000000000000000000000000000000000000000000000000000000000000000000000000000002004015012,67786,1,1,1
2,64,64,0x0000071d,53,0,0x000000000000000000000000000000000000000000000000000000000000000000000000000000000000fe2fed00fff5,67790,1,1,1
2,64,64,0x0000071d,54,0,0x000000000000000000000000000000000000000000000000000000000000000000000000000000000000002007ff1fdd,67794,1,1,1
2,64,64,0x0000071d,55,0,0x00000000000000000000000000000000000000000000000000000000000000000000000000000000000000f00c011009,67798,1,1,1
2,64,64,0x0000071d,56,0,0x000000000000000000000000000000000000000000000000000000000000000000000000000000000000001fff004ff9,67802,1,1,1
2,64,64,0x0000071d,57,0,0x000000000000000000000000000000000000000000000000000000000000000000000000000000000000ffdffffecfec,67806,1,1,1
2,64,64,0x0000071d,58,0,0x000000000000000000000000000000000000000000000000000000000000000000000000000000000000fff00500fff7,67810,1,1,1
2,64,64,0x0000071d,59,0,0x000000000000000000000000000000000000000000000000000000000000000000000000000000000000004ffd00a00f,67814,1,1,1
2,64,64,0x0000071d,60,0,0x000000000000000000000000000000000000000000000000000000000000000000000000000000000000005ffdff4ffa,67818,1,1,1
2,64,64,0x0000071d,61,0,0x000000000000000000000000000000000000000000000000000000000000000000000000000000000000ff7004005004,67822,1,1,1
2,64,64,0x0000071d,62,0,0x00000000000000000000000000000000000000000000000000000000000000000000000000000000000000500100a009,67826,1,1,1
2,64,64,0x0000071d,63,1,0x000000000000000000000000000000000000000000000000000000000000000000000000000000000000005ff9004ff7,67830,1,1,1
3,65,65,0x00000644,0,0,0x000000000000000000000000000000000000000000000000000000000000000000000000000000000000fffffc004ff7,69142,1,1,1
3,65,65,0x00000644,1,0,0x000000000000000000000000000000000000000000000000000000000000000000000000000000000000ff401a009004,69146,1,1,1
3,65,65,0x00000644,2,0,0x000000000000000000000000000000000000000000000000000000000000000000000000000000000000009ff1ff2007,69150,1,1,1
3,65,65,0x00000644,3,0,0x000000000000000000000000000000000000000000000000000000000000000000000000000000000000ff7ff4ff9fff,69154,1,1,1
3,65,65,0x00000644,4,0,0x000000000000000000000000000000000000000000000000000000000000000000000000000000000000ff1009ffc001,69158,1,1,1
3,65,65,0x00000644,5,0,0x00000000000000000000000000000000000000000000000000000000000000000000000000000000000001100a005005,69162,1,1,1
3,65,65,0x00000644,6,0,0x000000000000000000000000000000000000000000000000000000000000000000000000000000000000001ffaff900a,69166,1,1,1
3,65,65,0x00000644,7,0,0x00000000000000000000000000000000000000000000000000000000000000000000000000000000000000c015012fff,69170,1,1,1
3,65,65,0x00000644,8,0,0x000000000000000000000000000000000000000000000000000000000000000000000000000000000000fecfecfff005,69174,1,1,1
3,65,65,0x00000644,9,0,0x000000000000000000000000000000000000000000000000000000000000000000000000000000000000002fff00400c,69178,1,1,1
3,65,65,0x00000644,10,0,0x00000000000000000000000000000000000000000000000000000000000000000000000000000000000000affc007ff7,69182,1,1,1
3,65,65,0x00000644,11,0,0x000000000000000000000000000000000000000000000000000000000000000000000000000000000000009004ff7ff2,69186,1,1,1
3,65,65,0x00000644,12,0,0x000000000000000000000000000000000000000000000000000000000000000000000000000000000000fe7ff9001017,69190,1,1,1
3,65,65,0x00000644,13,0,0x000000000000000000000000000000000000000000000000000000000000000000000000000000000000ffdffdfeafec,69194,1,1,1
3,65,65,0x00000644,14,0,0x000000000000000000000000000000000000000000000000000000000000000000000000000000000000001012004014,69198,1,1,1
3,65,65,0x00000644,15,0,0x000000000000000000000000000000000000000000000000000000000000000000000000000000000000ff100affc00d,69202,1,1,1
3,65,65,0x00000644,16,0,0x000000000000000000000000000000000000000000000000000000000000000000000000000000000000fddfe1015ff7,69206,1,1,1
3,65,65,0x00000644,17,0,0x000000000000000000000000000000000000000000000000000000000000000000000000000000000000fadfe404a035,69210,1,1,1
3,65,65,0x00000644,18,0,0x000000000000000000000000000000000000000000000000000000000000000000000000000000000000fec047057ff5,69214,1,1,1
3,65,65,0x00000644,19,0,0x00000000000000000000000000000000000000000000000000000000000000000000000000000000000003afdffa1f8a,69218,1,1,1
3,65,65,0x00000644,20,0,0x000000000000000000000000000000000000000000000000000000000000000000000000000000000000fc9017052071,69222,1,1,1
3,65,65,0x00000644,21,0,0x000000000000000000000000000000000000000000000000000000000000000000000000000000000000fecfd5facf9f,69226,1,1,1
3,65,65,0x00000644,22,0,0x00000000000000000000000000000000000000000000000000000000000000000000000000000000000004f05103f02a,69230,1,1,1
3,65,65,0x00000644,23,0,0x000000000000000000000000000000000000000000000000000000000000000000000000000000000000fc5fd5ffc024,69234,1,1,1
3,65,65,0x00000644,24,0,0x00000000000000000000000000000000000000000000000000000000000000000000000000000000000000affafe2fc7,69238,1,1,1
3,65,65,0x00000644,25,0,0x00000000000000000000000000000000000000000000000000000000000000000000000000000000000001f025022022,69242,1,1,1
3,65,65,0x00000644,26,0,0x000000000000000000000000000000000000000000000000000000000000000000000000000000000000fecfe200200f,69246,1,1,1
3,65,65,0x00000644,27,0,0x000000000000000000000000000000000000000000000000000000000000000000000000000000000000ffdfec004fea,69250,1,1,1
3,65,65,0x00000644,28,0,0x00000000000000000000000000000000000000000000000000000000000000000000000000000000000000cfefff5fff,69254,1,1,1
3,65,65,0x00000644,29,0,0x000000000000000000000000000000000000000000000000000000000000000000000000000000000000fffff700a004,69258,1,1,1
3,65,65,0x00000644,30,0,0x00000000000000000000000000000000000000000000000000000000000000000000000000000000000000dffa004009,69262,1,1,1
3,65,65,0x00000644,31,0,0x000000000000000000000000000000000000000000000000000000000000000000000000000000000000ff900200d004,69266,1,1,1
3,65,65,0x00000644,32,0,0x000000000000000000000000000000000000000000000000000000000000000000000000000000000000ff9005004ffa,69270,1,1,1
3,65,65,0x00000644,33,0,0x000000000000000000000000000000000000000000000000000000000000000000000000000000000000001004ffdffd,69274,1,1,1
3,65,65,0x00000644,34,0,0x000000000000000000000000000000000000000000000000000000000000000000000000000000000000fffff400d00c,69278,1,1,1
3,65,65,0x00000644,35,0,0x000000000000000000000000000000000000000000000000000000000000000000000000000000000000ff7fef004001,69282,1,1,1
3,65,65,0x00000644,36,0,0x000000000000000000000000000000000000000000000000000000000000000000000000000000000000fffffd00500f,69286,1,1,1
3,65,65,0x00000644,37,0,0x000000000000000000000000000000000000000000000000000000000000000000000000000000000000007ff5012ffd,69290,1,1,1
3,65,65,0x00000644,38,0,0x000000000000000000000000000000000000000000000000000000000000000000000000000000000000ffaff5ff1ffd,69294,1,1,1
3,65,65,0x00000644,39,0,0x000000000000000000000000000000000000000000000000000000000000000000000000000000000000ffa007009ff4,69298,1,1,1
3,65,65,0x00000644,40,0,0x00000000000000000000000000000000000000000000000000000000000000000000000000000000000000900101700c,69302,1,1,1
3,65,65,0x00000644,41,0,0x000000000000000000000000000000000000000000000000000000000000000000000000000000000000ff2ff9fff004,69306,1,1,1
3,65,65,0x00000644,42,0,0x00000000000000000000000000000000000000000000000000000000000000000000000000000000000000900fffafe7,69310,1,1,1
3,65,65,0x00000644,43,0,0x000000000000000000000000000000000000000000000000000000000000000000000000000000000000ffcff5ffdffd,69314,1,1,1
3,65,65,0x00000644,44,0,0x000000000000000000000000000000000000000000000000000000000000000000000000000000000000fedffaffc017,69318,1,1,1
3,65,65,0x00000644,45,0,0x000000000000000000000000000000000000000000000000000000000000000000000000000000000000ff5ff1ff2ffa,69322,1,1,1
3,65,65,0x00000644,46,0,0x00000000000000000000000000000000000000000000000000000000000000000000000000000000000000500f007007,69326,1,1,1
3,65,65,0x00000644,47,0,0x000000000000000000000000000000000000000000000000000000000000000000000000000000000000ffa00400c00a,69330,1,1,1
3,65,65,0x00000644,48,0,0x000000000000000000000000000000000000000000000000000000000000000000000000000000000000fecffa00a014,69334,1,1,1
3,65,65,0x00000644,49,0,0x00000000000000000000000000000000000000000000000000000000000000000000000000000000000000cff4014fff,69338,1,1,1
3,65,65,0x00000644,50,0,0x000000000000000000000000000000000000000000000000000000000000000000000000000000000000007009fffff2,69342,1,1,1
3,65,65,0x00000644,51,0,0x000000000000000000000000000000000000000000000000000000000000000000000000000000000000012007ff4ff2,69346,1,1,1
3,65,65,0x00000644,52,0,0x000000000000000000000000000000000000000000000000000000000000000000000000000000000000ff5002004015,69350,1,1,1
3,65,65,0x00000644,53,0,0x000000000000000000000000000000000000000000000000000000000000000000000000000000000000fddfe2fed00f,69354,1,1,1
3,65,65,0x00000644,54,0,0x000000000000000000000000000000000000000000000000000000000000000000000000000000000000009002007ff1,69358,1,1,1
3,65,65,0x00000644,55,0,0x000000000000000000000000000000000000000000000000000000000000000000000000000000000000ff900f00c011,69362,1,1,1
3,65,65,0x00000644,56,0,0x000000000000000000000000000000000000000000000000000000000000000000000000000000000000fec001fff004,69366,1,1,1
3,65,65,0x00000644,57,0,0x000000000000000000000000000000000000000000000000000000000000000000000000000000000000ff7ffdffffec,69370,1,1,1
3,65,65,0x00000644,58,0,0x00000000000000000000000000000000000000000000000000000000000000000000000000000000000000ffff00500f,69374,1,1,1
3,65,65,0x00000644,59,0,0x000000000000000000000000000000000000000000000000000000000000000000000000000000000000ffa004ffd00a,69378,1,1,1
3,65,65,0x00000644,60,0,0x000000000000000000000000000000000000000000000000000000000000000000000000000000000000004005ffdff4,69382,1,1,1
3,65,65,0x00000644,61,0,0x000000000000000000000000000000000000000000000000000000000000000000000000000000000000009ff7004005,69386,1,1,1
3,65,65,0x00000644,62,0,0x000000000000000000000000000000000000000000000000000000000000000000000000000000000000ff700500100a,69390,1,1,1
3,65,65,0x00000644,63,1,0x000000000000000000000000000000000000000000000000000000000000000000000000000000000000fff005ff9004,69394,1,1,1
4,66,66,0x00000ac0,0,0,0x000000000000000000000000000000000000000000000000000000000000000000000000000000000000004fffffc004,70710,1,1,1
4,66,66,0x00000ac0,1,0,0x000000000000000000000000000000000000000000000000000000000000000000000000000000000000007ff401a009,70714,1,1,1
4,66,66,0x00000ac0,2,0,0x000000000000000000000000000000000000000000000000000000000000000000000000000000000000fff009ff1ff2,70718,1,1,1
4,66,66,0x00000ac0,3,0,0x000000000000000000000000000000000000000000000000000000000000000000000000000000000000001ff7ff4ff9,70722,1,1,1
4,66,66,0x00000ac0,4,0,0x000000000000000000000000000000000000000000000000000000000000000000000000000000000000005ff1009ffc,70726,1,1,1
4,66,66,0x00000ac0,5,0,0x00000000000000000000000000000000000000000000000000000000000000000000000000000000000000a01100a005,70730,1,1,1
4,66,66,0x00000ac0,6,0,0x000000000000000000000000000000000000000000000000000000000000000000000000000000000000fff001ffaff9,70734,1,1,1
4,66,66,0x00000ac0,7,0,0x00000000000000000000000000000000000000000000000000000000000000000000000000000000000000500c015012,70738,1,1,1
4,66,66,0x00000ac0,8,0,0x00000000000000000000000000000000000000000000000000000000000000000000000000000000000000cfecfecfff,70742,1,1,1
4,66,66,0x00000ac0,9,0,0x000000000000000000000000000000000000000000000000000000000000000000000000000000000000ff7002fff004,70746,1,1,1
4,66,66,0x00000ac0,10,0,0x000000000000000000000000000000000000000000000000000000000000000000000000000000000000ff200affc007,70750,1,1,1
4,66,66,0x00000ac0,11,0,0x000000000000000000000000000000000000000000000000000000000000000000000000000000000000017009004ff7,70754,1,1,1
4,66,66,0x00000ac0,12,0,0x000000000000000000000000000000000000000000000000000000000000000000000000000000000000fecfe7ff9001,70758,1,1,1
4,66,66,0x00000ac0,13,0,0x000000000000000000000000000000000000000000000000000000000000000000000000000000000000014ffdffdfea,70762,1,1,1
4,66,66,0x00000ac0,14,0,0x00000000000000000000000000000000000000000000000000000000000000000000000000000000000000d001012004,70766,1,1,1
4,66,66,0x00000ac0,15,0,0x000000000000000000000000000000000000000000000000000000000000000000000000000000000000ff7ff100affc,70770,1,1,1
4,66,66,0x00000ac0,16,0,0x000000000000000000000000000000000000000000000000000000000000000000000000000000000000035fddfe1015,70774,1,1,1
4,66,66,0x00000ac0,17,0,0x000000000000000000000000000000000000000000000000000000000000000000000000000000000000ff5fadfe404a,70778,1,1,1
4,66,66,0x00000ac0,18,0,0x000000000000000000000000000000000000000000000000000000000000000000000000000000000000f8afec047057,70782,1,1,1
4,66,66,0x00000ac0,19,0,0x00000000000000000000000000000000000000000000000000000000000000000000000000000000000007103afdffa1,70786,1,1,1
4,66,66,0x00000ac0,20,0,0x000000000000000000000000000000000000000000000000000000000000000000000000000000000000f9ffc9017052,70790,1,1,1
4,66,66,0x00000ac0,21,0,0x00000000000000000000000000000000000000000000000000000000000000000000000000000000000002afecfd5fac,70794,1,1,1
4,66,66,0x00000ac0,22,0,0x00000000000000000000000000000000000000000000000000000000000000000000000000000000000002404f05103f,70798,1,1,1
4,66,66,0x00000ac0,23,0,0x000000000000000000000000000000000000000000000000000000000000000000000000000000000000fc7fc5fd5ffc,70802,1,1,1
4,66,66,0x00000ac0,24,0,0x00000000000000000000000000000000000000000000000000000000000000000000000000000000000002200affafe2,70806,1,1,1
4,66,66,0x00000ac0,25,0,0x00000000000000000000000000000000000000000000000000000000000000000000000000000000000000f01f025022,70810,1,1,1
4,66,66,0x00000ac0,26,0,0x000000000000000000000000000000000000000000000000000000000000000000000000000000000000feafecfe2002,70814,1,1,1
4,66,66,0x00000ac0,27,0,0x000000000000000000000000000000000000000000000000000000000000000000000000000000000000fffffdfec004,70818,1,1,1
4,66,66,0x00000ac0,28,0,0x00000000000000000000000000000000000000000000000000000000000000000000000000000000000000400cfefff5,70822,1,1,1
4,66,66,0x00000ac0,29,0,0x000000000000000000000000000000000000000000000000000000000000000000000000000000000000009fffff700a,70826,1,1,1
4,66,66,0x00000ac0,30,0,0x00000000000000000000000000000000000000000000000000000000000000000000000000000000000000400dffa004,70830,1,1,1
4,66,66,0x00000ac0,31,0,0x000000000000000000000000000000000000000000000000000000000000000000000000000000000000ffaff900200d,70834,1,1,1
4,66,66,0x00000ac0,32,0,0x000000000000000000000000000000000000000000000000000000000000000000000000000000000000ffdff9005004,70838,1,1,1
4,66,66,0x00000ac0,33,0,0x00000000000000000000000000000000000000000000000000000000000000000000000000000000000000c001004ffd,70842,1,1,1
4,66,66,0x00000ac0,34,0,0x000000000000000000000000000000000000000000000000000000000000000000000000000000000000001fffff400d,70846,1,1,1
4,66,66,0x00000ac0,35,0,0x00000000000000000000000000000000000000000000000000000000000000000000000000000000000000fff7fef004,70850,1,1,1
4,66,66,0x00000ac0,36,0,0x000000000000000000000000000000000000000000000000000000000000000000000000000000000000ffdfffffd005,70854,1,1,1
4,66,66,0x00000ac0,37,0,0x000000000000000000000000000000000000000000000000000000000000000000000000000000000000ffd007ff5012,70858,1,1,1
4,66,66,0x00000ac0,38,0,0x000000000000000000000000000000000000000000000000000000000000000000000000000000000000ff4ffaff5ff1,70862,1,1,1
4,66,66,0x00000ac0,39,0,0x00000000000000000000000000000000000000000000000000000000000000000000000000000000000000cffa007009,70866,1,1,1
4,66,66,0x00000ac0,40,0,0x000000000000000000000000000000000000000000000000000000000000000000000000000000000000004009001017,70870,1,1,1
4,66,66,0x00000ac0,41,0,0x000000000000000000000000000000000000000000000000000000000000000000000000000000000000fe7ff2ff9fff,70874,1,1,1
4,66,66,0x00000ac0,42,0,0x000000000000000000000000000000000000000000000000000000000000000000000000000000000000ffd00900fffa,70878,1,1,1
4,66,66,0x00000ac0,43,0,0x000000000000000000000000000000000000000000000000000000000000000000000000000000000000017ffcff5ffd,70882,1,1,1
4,66,66,0x00000ac0,44,0,0x000000000000000000000000000000000000000000000000000000000000000000000000000000000000ffafedffaffc,70886,1,1,1
4,66,66,0x00000ac0,45,0,0x000000000000000000000000000000000000000000000000000000000000000000000000000000000000007ff5ff1ff2,70890,1,1,1
4,66,66,0x00000ac0,46,0,0x00000000000000000000000000000000000000000000000000000000000000000000000000000000000000a00500f007,70894,1,1,1
4,66,66,0x00000ac0,47,0,0x000000000000000000000000000000000000000000000000000000000000000000000000000000000000014ffa00400c,70898,1,1,1
4,66,66,0x00000ac0,48,0,0x000000000000000000000000000000000000000000000000000000000000000000000000000000000000ffffecffa00a,70902,1,1,1
4,66,66,0x00000ac0,49,0,0x000000000000000000000000000000000000000000000000000000000000000000000000000000000000ff200cff4014,70906,1,1,1
4,66,66,0x00000ac0,50,0,0x000000000000000000000000000000000000000000000000000000000000000000000000000000000000ff2007009fff,70910,1,1,1
4,66,66,0x00000ac0,51,0,0x000000000000000000000000000000000000000000000000000000000000000000000000000000000000015012007ff4,70914,1,1,1
4,66,66,0x00000ac0,52,0,0x00000000000000000000000000000000000000000000000000000000000000000000000000000000000000fff5002004,70918,1,1,1
4,66,66,0x00000ac0,53,0,0x000000000000000000000000000000000000000000000000000000000000000000000000000000000000ff1fddfe2fed,70922,1,1,1
4,66,66,0x00000ac0,54,0,0x000000000000000000000000000000000000000000000000000000000000000000000000000000000000011009002007,70926,1,1,1
4,66,66,0x00000ac0,55,0,0x000000000000000000000000000000000000000000000000000000000000000000000000000000000000004ff900f00c,70930,1,1,1
4,66,66,0x00000ac0,56,0,0x000000000000000000000000000000000000000000000000000000000000000000000000000000000000fecfec001fff,70934,1,1,1
4,66,66,0x00000ac0,57,0,0x00000000000000000000000000000000000000000000000000000000000000000000000000000000000000fff7ffdfff,70938,1,1,1
4,66,66,0x00000ac0,58,0,0x00000000000000000000000000000000000000000000000000000000000000000000000000000000000000a00ffff005,70942,1,1,1
4,66,66,0x00000ac0,59,0,0x000000000000000000000000000000000000000000000000000000000000000000000000000000000000ff4ffa004ffd,70946,1,1,1
4,66,66,0x00000ac0,60,0,0x000000000000000000000000000000000000000000000000000000000000000000000000000000000000005004005ffd,70950,1,1,1
4,66,66,0x00000ac0,61,0,0x00000000000000000000000000000000000000000000000000000000000000000000000000000000000000a009ff7004,70954,1,1,1
4,66,66,0x00000ac0,62,0,0x000000000000000000000000000000000000000000000000000000000000000000000000000000000000004ff7005001,70958,1,1,1
4,66,66,0x00000ac0,63,1,0x000000000000000000000000000000000000000000000000000000000000000000000000000000000000ff7fff005ff9,70962,1,1,1
5,67,67,0x000008a3,0,0,0x000000000000000000000000000000000000000000000000000000000000000000000000000000000000009004fffffc,72274,1,1,1
5,67,67,0x000008a3,1,0,0x000000000000000000000000000000000000000000000000000000000000000000000000000000000000ff2007ff401a,72278,1,1,1
5,67,67,0x000008a3,2,0,0x000000000000000000000000000000000000000000000000000000000000000000000000000000000000ff9fff009ff1,72282,1,1,1
5,67,67,0x000008a3,3,0,0x000000000000000000000000000000000000000000000000000000000000000000000000000000000000ffc001ff7ff4,72286,1,1,1
5,67,67,0x000008a3,4,0,0x000000000000000000000000000000000000000000000000000000000000000000000000000000000000005005ff1009,72290,1,1,1
5,67,67,0x000008a3,5,0,0x000000000000000000000000000000000000000000000000000000000000000000000000000000000000ff900a01100a,72294,1,1,1
5,67,67,0x000008a3,6,0,0x000000000000000000000000000000000000000000000000000000000000000000000000000000000000012fff001ffa,72298,1,1,1
5,67,67,0x000008a3,7,0,0x000000000000000000000000000000000000000000000000000000000000000000000000000000000000fff00500c015,72302,1,1,1
5,67,67,0x000008a3,8,0,0x00000000000000000000000000000000000000000000000000000000000000000000000000000000000000400cfecfec,72306,1,1,1
5,67,67,0x000008a3,9,0,0x000000000000000000000000000000000000000000000000000000000000000000000000000000000000007ff7002fff,72310,1,1,1
5,67,67,0x000008a3,10,0,0x000000000000000000000000000000000000000000000000000000000000000000000000000000000000ff7ff200affc,72314,1,1,1
5,67,67,0x000008a3,11,0,0x000000000000000000000000000000000000000000000000000000000000000000000000000000000000001017009004,72318,1,1,1
5,67,67,0x000008a3,12,0,0x000000000000000000000000000000000000000000000000000000000000000000000000000000000000feafecfe7ff9,72322,1,1,1
5,67,67,0x000008a3,13,0,0x000000000000000000000000000000000000000000000000000000000000000000000000000000000000004014ffdffd,72326,1,1,1
5,67,67,0x000008a3,14,0,0x000000000000000000000000000000000000000000000000000000000000000000000000000000000000ffc00d001012,72330,1,1,1
5,67,67,0x000008a3,15,0,0x000000000000000000000000000000000000000000000000000000000000000000000000000000000000015ff7ff100a,72334,1,1,1
5,67,67,0x000008a3,16,0,0x00000000000000000000000000000000000000000000000000000000000000000000000000000000000004a035fddfe1,72338,1,1,1
5,67,67,0x000008a3,17,0,0x000000000000000000000000000000000000000000000000000000000000000000000000000000000000057ff5fadfe4,72342,1,1,1
5,67,67,0x000008a3,18,0,0x000000000000000000000000000000000000000000000000000000000000000000000000000000000000fa1f8afec047,72346,1,1,1
5,67,67,0x000008a3,19,0,0x00000000000000000000000000000000000000000000000000000000000000000000000000000000000005207103afdf,72350,1,1,1
5,67,67,0x000008a3,20,0,0x000000000000000000000000000000000000000000000000000000000000000000000000000000000000facf9ffc9017,72354,1,1,1
5,67,67,0x000008a3,21,0,0x00000000000000000000000000000000000000000000000000000000000000000000000000000000000003f02afecfd5,72358,1,1,1
5,67,67,0x000008a3,22,0,0x000000000000000000000000000000000000000000000000000000000000000000000000000000000000ffc02404f051,72362,1,1,1
5,67,67,0x000008a3,23,0,0x000000000000000000000000000000000000000000000000000000000000000000000000000000000000fe2fc7fc5fd5,72366,1,1,1
5,67,67,0x000008a3,24,0,0x00000000000000000000000000000000000000000000000000000000000000000000000000000000000002202200affa,72370,1,1,1
5,67,67,0x000008a3,25,0,0x00000000000000000000000000000000000000000000000000000000000000000000000000000000000000200f01f025,72374,1,1,1
5,67,67,0x000008a3,26,0,0x000000000000000000000000000000000000000000000000000000000000000000000000000000000000004feafecfe2,72378,1,1,1
5,67,67,0x000008a3,27,0,0x000000000000000000000000000000000000000000000000000000000000000000000000000000000000ff5fffffdfec,72382,1,1,1
5,67,67,0x000008a3,28,0,0x00000000000000000000000000000000000000000000000000000000000000000000000000000000000000a00400cfef,72386,1,1,1
5,67,67,0x000008a3,29,0,0x000000000000000000000000000000000000000000000000000000000000000000000000000000000000004009fffff7,72390,1,1,1
5,67,67,0x000008a3,30,0,0x00000000000000000000000000000000000000000000000000000000000000000000000000000000000000d00400dffa,72394,1,1,1
5,67,67,0x000008a3,31,0,0x000000000000000000000000000000000000000000000000000000000000000000000000000000000000004ffaff9002,72398,1,1,1
5,67,67,0x000008a3,32,0,0x000000000000000000000000000000000000000000000000000000000000000000000000000000000000ffdffdff9005,72402,1,1,1
5,67,67,0x000008a3,33,0,0x00000000000000000000000000000000000000000000000000000000000000000000000000000000000000d00c001004,72406,1,1,1
5,67,67,0x000008a3,34,0,0x000000000000000000000000000000000000000000000000000000000000000000000000000000000000004001fffff4,72410,1,1,1
5,67,67,0x000008a3,35,0,0x00000000000000000000000000000000000000000000000000000000000000000000000000000000000000500fff7fef,72414,1,1,1
5,67,67,0x000008a3,36,0,0x000000000000000000000000000000000000000000000000000000000000000000000000000000000000012ffdfffffd,72418,1,1,1
5,67,67,0x000008a3,37,0,0x000000000000000000000000000000000000000000000000000000000000000000000000000000000000ff1ffd007ff5,72422,1,1,1
5,67,67,0x000008a3,38,0,0x000000000000000000000000000000000000000000000000000000000000000000000000000000000000009ff4ffaff5,72426,1,1,1
5,67,67,0x000008a3,39,0,0x00000000000000000000000000000000000000000000000000000000000000000000000000000000000001700cffa007,72430,1,1,1
5,67,67,0x000008a3,40,0,0x000000000000000000000000000000000000000000000000000000000000000000000000000000000000fff004009001,72434,1,1,1
5,67,67,0x000008a3,41,0,0x000000000000000000000000000000000000000000000000000000000000000000000000000000000000ffafe7ff2ff9,72438,1,1,1
5,67,67,0x000008a3,42,0,0x000000000000000000000000000000000000000000000000000000000000000000000000000000000000ffdffd00900f,72442,1,1,1
5,67,67,0x000008a3,43,0,0x000000000000000000000000000000000000000000000000000000000000000000000000000000000000ffc017ffcff5,72446,1,1,1
5,67,67,0x000008a3,44,0,0x000000000000000000000000000000000000000000000000000000000000000000000000000000000000ff2ffafedffa,72450,1,1,1
5,67,67,0x000008a3,45,0,0x000000000000000000000000000000000000000000000000000000000000000000000000000000000000007007ff5ff1,72454,1,1,1
5,67,67,0x000008a3,46,0,0x00000000000000000000000000000000000000000000000000000000000000000000000000000000000000c00a00500f,72458,1,1,1
5,67,67,0x000008a3,47,0,0x00000000000000000000000000000000000000000000000000000000000000000000000000000000000000a014ffa004,72462,1,1,1
5,67,67,0x000008a3,48,0,0x000000000000000000000000000000000000000000000000000000000000000000000000000000000000014ffffecffa,72466,1,1,1
5,67,67,0x000008a3,49,0,0x000000000000000000000000000000000000000000000000000000000000000000000000000000000000fffff200cff4,72470,1,1,1
5,67,67,0x000008a3,50,0,0x000000000000000000000000000000000000000000000000000000000000000000000000000000000000ff4ff2007009,72474,1,1,1
5,67,67,0x000008a3,51,0,0x000000000000000000000000000000000000000000000000000000000000000000000000000000000000004015012007,72478,1,1,1
5,67,67,0x000008a3,52,0,0x000000000000000000000000000000000000000000000000000000000000000000000000000000000000fed00fff5002,72482,1,1,1
5,67,67,0x000008a3,53,0,0x000000000000000000000000000000000000000000000000000000000000000000000000000000000000007ff1fddfe2,72486,1,1,1
5,67,67,0x000008a3,54,0,0x00000000000000000000000000000000000000000000000000000000000000000000000000000000000000c011009002,72490,1,1,1
5,67,67,0x000008a3,55,0,0x000000000000000000000000000000000000000000000000000000000000000000000000000000000000fff004ff900f,72494,1,1,1
5,67,67,0x000008a3,56,0,0x000000000000000000000000000000000000000000000000000000000000000000000000000000000000ffffecfec001,72498,1,1,1
5,67,67,0x000008a3,57,0,0x00000000000000000000000000000000000000000000000000000000000000000000000000000000000000500fff7ffd,72502,1,1,1
5,67,67,0x000008a3,58,0,0x000000000000000000000000000000000000000000000000000000000000000000000000000000000000ffd00a00ffff,72506,1,1,1
5,67,67,0x000008a3,59,0,0x000000000000000000000000000000000000000000000000000000000000000000000000000000000000ffdff4ffa004,72510,1,1,1
5,67,67,0x000008a3,60,0,0x000000000000000000000000000000000000000000000000000000000000000000000000000000000000004005004005,72514,1,1,1
5,67,67,0x000008a3,61,0,0x00000000000000000000000000000000000000000000000000000000000000000000000000000000000000100a009ff7,72518,1,1,1
5,67,67,0x000008a3,62,0,0x000000000000000000000000000000000000000000000000000000000000000000000000000000000000ff9004ff7005,72522,1,1,1
5,67,67,0x000008a3,63,1,0x000000000000000000000000000000000000000000000000000000000000000000000000000000000000ffaff7fff005,72526,1,1,1
6,68,68,0x000004d8,0,0,0x00000000000000000000000000000000000000000000000000000000000000000000000000000000000001a009004fff,73838,1,1,1
6,68,68,0x000004d8,1,0,0x000000000000000000000000000000000000000000000000000000000000000000000000000000000000ff1ff2007ff4,73842,1,1,1
6,68,68,0x000004d8,2,0,0x000000000000000000000000000000000000000000000000000000000000000000000000000000000000ff4ff9fff009,73846,1,1,1
6,68,68,0x000004d8,3,0,0x000000000000000000000000000000000000000000000000000000000000000000000000000000000000009ffc001ff7,73850,1,1,1
6,68,68,0x000004d8,4,0,0x00000000000000000000000000000000000000000000000000000000000000000000000000000000000000a005005ff1,73854,1,1,1
6,68,68,0x000004d8,5,0,0x000000000000000000000000000000000000000000000000000000000000000000000000000000000000ffaff900a011,73858,1,1,1
6,68,68,0x000004d8,6,0,0x000000000000000000000000000000000000000000000000000000000000000000000000000000000000015012fff001,73862,1,1,1
6,68,68,0x000004d8,7,0,0x000000000000000000000000000000000000000000000000000000000000000000000000000000000000fecfff00500c,73866,1,1,1
6,68,68,0x000004d8,8,0,0x000000000000000000000000000000000000000000000000000000000000000000000000000000000000fff00400cfec,73870,1,1,1
6,68,68,0x000004d8,9,0,0x000000000000000000000000000000000000000000000000000000000000000000000000000000000000ffc007ff7002,73874,1,1,1
6,68,68,0x000004d8,10,0,0x000000000000000000000000000000000000000000000000000000000000000000000000000000000000004ff7ff200a,73878,1,1,1
6,68,68,0x000004d8,11,0,0x000000000000000000000000000000000000000000000000000000000000000000000000000000000000ff9001017009,73882,1,1,1
6,68,68,0x000004d8,12,0,0x000000000000000000000000000000000000000000000000000000000000000000000000000000000000ffdfeafecfe7,73886,1,1,1
6,68,68,0x000004d8,13,0,0x000000000000000000000000000000000000000000000000000000000000000000000000000000000000012004014ffd,73890,1,1,1
6,68,68,0x000004d8,14,0,0x00000000000000000000000000000000000000000000000000000000000000000000000000000000000000affc00d001,73894,1,1,1
6,68,68,0x000004d8,15,0,0x000000000000000000000000000000000000000000000000000000000000000000000000000000000000fe1015ff7ff1,73898,1,1,1
6,68,68,0x000004d8,16,0,0x000000000000000000000000000000000000000000000000000000000000000000000000000000000000fe404a035fdd,73902,1,1,1
6,68,68,0x000004d8,17,0,0x000000000000000000000000000000000000000000000000000000000000000000000000000000000000047057ff5fad,73906,1,1,1
6,68,68,0x000004d8,18,0,0x000000000000000000000000000000000000000000000000000000000000000000000000000000000000fdffa1f8afec,73910,1,1,1
6,68,68,0x000004d8,19,0,0x00000000000000000000000000000000000000000000000000000000000000000000000000000000000001705207103a,73914,1,1,1
6,68,68,0x000004d8,20,0,0x000000000000000000000000000000000000000000000000000000000000000000000000000000000000fd5facf9ffc9,73918,1,1,1
6,68,68,0x000004d8,21,0,0x00000000000000000000000000000000000000000000000000000000000000000000000000000000000005103f02afec,73922,1,1,1
6,68,68,0x000004d8,22,0,0x000000000000000000000000000000000000000000000000000000000000000000000000000000000000fd5ffc02404f,73926,1,1,1
6,68,68,0x000004d8,23,0,0x000000000000000000000000000000000000000000000000000000000000000000000000000000000000ffafe2fc7fc5,73930,1,1,1
6,68,68,0x000004d8,24,0,0x00000000000000000000000000000000000000000000000000000000000000000000000000000000000002502202200a,73934,1,1,1
6,68,68,0x000004d8,25,0,0x000000000000000000000000000000000000000000000000000000000000000000000000000000000000fe200200f01f,73938,1,1,1
6,68,68,0x000004d8,26,0,0x000000000000000000000000000000000000000000000000000000000000000000000000000000000000fec004feafec,73942,1,1,1
6,68,68,0x000004d8,27,0,0x000000000000000000000000000000000000000000000000000000000000000000000000000000000000fefff5fffffd,73946,1,1,1
6,68,68,0x000004d8,28,0,0x000000000000000000000000000000000000000000000000000000000000000000000000000000000000ff700a00400c,73950,1,1,1
6,68,68,0x000004d8,29,0,0x000000000000000000000000000000000000000000000000000000000000000000000000000000000000ffa004009fff,73954,1,1,1
6,68,68,0x000004d8,30,0,0x00000000000000000000000000000000000000000000000000000000000000000000000000000000000000200d00400d,73958,1,1,1
6,68,68,0x000004d8,31,0,0x000000000000000000000000000000000000000000000000000000000000000000000000000000000000005004ffaff9,73962,1,1,1
6,68,68,0x000004d8,32,0,0x000000000000000000000000000000000000000000000000000000000000000000000000000000000000004ffdffdff9,73966,1,1,1
6,68,68,0x000004d8,33,0,0x000000000000000000000000000000000000000000000000000000000000000000000000000000000000ff400d00c001,73970,1,1,1
6,68,68,0x000004d8,34,0,0x000000000000000000000000000000000000000000000000000000000000000000000000000000000000fef004001fff,73974,1,1,1
6,68,68,0x000004d8,35,0,0x000000000000000000000000000000000000000000000000000000000000000000000000000000000000ffd00500fff7,73978,1,1,1
6,68,68,0x000004d8,36,0,0x000000000000000000000000000000000000000000000000000000000000000000000000000000000000ff5012ffdfff,73982,1,1,1
6,68,68,0x000004d8,37,0,0x000000000000000000000000000000000000000000000000000000000000000000000000000000000000ff5ff1ffd007,73986,1,1,1
6,68,68,0x000004d8,38,0,0x000000000000000000000000000000000000000000000000000000000000000000000000000000000000007009ff4ffa,73990,1,1,1
6,68,68,0x000004d8,39,0,0x00000000000000000000000000000000000000000000000000000000000000000000000000000000000000101700cffa,73994,1,1,1
6,68,68,0x000004d8,40,0,0x000000000000000000000000000000000000000000000000000000000000000000000000000000000000ff9fff004009,73998,1,1,1
6,68,68,0x000004d8,41,0,0x00000000000000000000000000000000000000000000000000000000000000000000000000000000000000fffafe7ff2,74002,1,1,1
6,68,68,0x000004d8,42,0,0x000000000000000000000000000000000000000000000000000000000000000000000000000000000000ff5ffdffd009,74006,1,1,1
6,68,68,0x000004d8,43,0,0x000000000000000000000000000000000000000000000000000000000000000000000000000000000000ffaffc017ffc,74010,1,1,1
6,68,68,0x000004d8,44,0,0x000000000000000000000000000000000000000000000000000000000000000000000000000000000000ff1ff2ffafed,74014,1,1,1
6,68,68,0x000004d8,45,0,0x00000000000000000000000000000000000000000000000000000000000000000000000000000000000000f007007ff5,74018,1,1,1
6,68,68,0x000004d8,46,0,0x00000000000000000000000000000000000000000000000000000000000000000000000000000000000000400c00a005,74022,1,1,1
6,68,68,0x000004d8,47,0,0x000000000000000000000000000000000000000000000000000000000000000000000000000000000000ffa00a014ffa,74026,1,1,1
6,68,68,0x000004d8,48,0,0x000000000000000000000000000000000000000000000000000000000000000000000000000000000000ff4014ffffec,74030,1,1,1
6,68,68,0x000004d8,49,0,0x000000000000000000000000000000000000000000000000000000000000000000000000000000000000009fffff200c,74034,1,1,1
6,68,68,0x000004d8,50,0,0x000000000000000000000000000000000000000000000000000000000000000000000000000000000000007ff4ff2007,74038,1,1,1
6,68,68,0x000004d8,51,0,0x000000000000000000000000000000000000000000000000000000000000000000000000000000000000002004015012,74042,1,1,1
6,68,68,0x000004d8,52,0,0x000000000000000000000000000000000000000000000000000000000000000000000000000000000000fe2fed00fff5,74046,1,1,1
6,68,68,0x000004d8,53,0,0x000000000000000000000000000000000000000000000000000000000000000000000000000000000000002007ff1fdd,74050,1,1,1
6,68,68,0x000004d8,54,0,0x00000000000000000000000000000000000000000000000000000000000000000000000000000000000000f00c011009,74054,1,1,1
6,68,68,0x000004d8,55,0,0x000000000000000000000000000000000000000000000000000000000000000000000000000000000000001fff004ff9,74058,1,1,1
6,68,68,0x000004d8,56,0,0x000000000000000000000000000000000000000000000000000000000000000000000000000000000000ffdffffecfec,74062,1,1,1
6,68,68,0x000004d8,57,0,0x000000000000000000000000000000000000000000000000000000000000000000000000000000000000fff00500fff7,74066,1,1,1
6,68,68,0x000004d8,58,0,0x000000000000000000000000000000000000000000000000000000000000000000000000000000000000004ffd00a00f,74070,1,1,1
6,68,68,0x000004d8,59,0,0x000000000000000000000000000000000000000000000000000000000000000000000000000000000000005ffdff4ffa,74074,1,1,1
6,68,68,0x000004d8,60,0,0x000000000000000000000000000000000000000000000000000000000000000000000000000000000000ff7004005004,74078,1,1,1
6,68,68,0x000004d8,61,0,0x00000000000000000000000000000000000000000000000000000000000000000000000000000000000000500100a009,74082,1,1,1
6,68,68,0x000004d8,62,0,0x000000000000000000000000000000000000000000000000000000000000000000000000000000000000005ff9004ff7,74086,1,1,1
6,68,68,0x000004d8,63,1,0x000000000000000000000000000000000000000000000000000000000000000000000000000000000000ffcffaff7fff,74090,1,1,1
7,69,69,0x0000097d,0,0,0x000000000000000000000000000000000000000000000000000000000000000000000000000000000000ff401a009004,75402,1,1,1
7,69,69,0x0000097d,1,0,0x000000000000000000000000000000000000000000000000000000000000000000000000000000000000009ff1ff2007,75406,1,1,1
7,69,69,0x0000097d,2,0,0x000000000000000000000000000000000000000000000000000000000000000000000000000000000000ff7ff4ff9fff,75410,1,1,1
7,69,69,0x0000097d,3,0,0x000000000000000000000000000000000000000000000000000000000000000000000000000000000000ff1009ffc001,75414,1,1,1
7,69,69,0x0000097d,4,0,0x00000000000000000000000000000000000000000000000000000000000000000000000000000000000001100a005005,75418,1,1,1
7,69,69,0x0000097d,5,0,0x000000000000000000000000000000000000000000000000000000000000000000000000000000000000001ffaff900a,75422,1,1,1
7,69,69,0x0000097d,6,0,0x00000000000000000000000000000000000000000000000000000000000000000000000000000000000000c015012fff,75426,1,1,1
7,69,69,0x0000097d,7,0,0x000000000000000000000000000000000000000000000000000000000000000000000000000000000000fecfecfff005,75430,1,1,1
7,69,69,0x0000097d,8,0,0x000000000000000000000000000000000000000000000000000000000000000000000000000000000000002fff00400c,75434,1,1,1
7,69,69,0x0000097d,9,0,0x00000000000000000000000000000000000000000000000000000000000000000000000000000000000000affc007ff7,75438,1,1,1
7,69,69,0x0000097d,10,0,0x000000000000000000000000000000000000000000000000000000000000000000000000000000000000009004ff7ff2,75442,1,1,1
7,69,69,0x0000097d,11,0,0x000000000000000000000000000000000000000000000000000000000000000000000000000000000000fe7ff9001017,75446,1,1,1
7,69,69,0x0000097d,12,0,0x000000000000000000000000000000000000000000000000000000000000000000000000000000000000ffdffdfeafec,75450,1,1,1
7,69,69,0x0000097d,13,0,0x000000000000000000000000000000000000000000000000000000000000000000000000000000000000001012004014,75454,1,1,1
7,69,69,0x0000097d,14,0,0x000000000000000000000000000000000000000000000000000000000000000000000000000000000000ff100affc00d,75458,1,1,1
7,69,69,0x0000097d,15,0,0x000000000000000000000000000000000000000000000000000000000000000000000000000000000000fddfe1015ff7,75462,1,1,1
7,69,69,0x0000097d,16,0,0x000000000000000000000000000000000000000000000000000000000000000000000000000000000000fadfe404a035,75466,1,1,1
7,69,69,0x0000097d,17,0,0x000000000000000000000000000000000000000000000000000000000000000000000000000000000000fec047057ff5,75470,1,1,1
7,69,69,0x0000097d,18,0,0x00000000000000000000000000000000000000000000000000000000000000000000000000000000000003afdffa1f8a,75474,1,1,1
7,69,69,0x0000097d,19,0,0x000000000000000000000000000000000000000000000000000000000000000000000000000000000000fc9017052071,75478,1,1,1
7,69,69,0x0000097d,20,0,0x000000000000000000000000000000000000000000000000000000000000000000000000000000000000fecfd5facf9f,75482,1,1,1
7,69,69,0x0000097d,21,0,0x00000000000000000000000000000000000000000000000000000000000000000000000000000000000004f05103f02a,75486,1,1,1
7,69,69,0x0000097d,22,0,0x000000000000000000000000000000000000000000000000000000000000000000000000000000000000fc5fd5ffc024,75490,1,1,1
7,69,69,0x0000097d,23,0,0x00000000000000000000000000000000000000000000000000000000000000000000000000000000000000affafe2fc7,75494,1,1,1
7,69,69,0x0000097d,24,0,0x00000000000000000000000000000000000000000000000000000000000000000000000000000000000001f025022022,75498,1,1,1
7,69,69,0x0000097d,25,0,0x000000000000000000000000000000000000000000000000000000000000000000000000000000000000fecfe200200f,75502,1,1,1
7,69,69,0x0000097d,26,0,0x000000000000000000000000000000000000000000000000000000000000000000000000000000000000ffdfec004fea,75506,1,1,1
7,69,69,0x0000097d,27,0,0x00000000000000000000000000000000000000000000000000000000000000000000000000000000000000cfefff5fff,75510,1,1,1
7,69,69,0x0000097d,28,0,0x000000000000000000000000000000000000000000000000000000000000000000000000000000000000fffff700a004,75514,1,1,1
7,69,69,0x0000097d,29,0,0x00000000000000000000000000000000000000000000000000000000000000000000000000000000000000dffa004009,75518,1,1,1
7,69,69,0x0000097d,30,0,0x000000000000000000000000000000000000000000000000000000000000000000000000000000000000ff900200d004,75522,1,1,1
7,69,69,0x0000097d,31,0,0x000000000000000000000000000000000000000000000000000000000000000000000000000000000000ff9005004ffa,75526,1,1,1
7,69,69,0x0000097d,32,0,0x000000000000000000000000000000000000000000000000000000000000000000000000000000000000001004ffdffd,75530,1,1,1
7,69,69,0x0000097d,33,0,0x000000000000000000000000000000000000000000000000000000000000000000000000000000000000fffff400d00c,75534,1,1,1
7,69,69,0x0000097d,34,0,0x000000000000000000000000000000000000000000000000000000000000000000000000000000000000ff7fef004001,75538,1,1,1
7,69,69,0x0000097d,35,0,0x000000000000000000000000000000000000000000000000000000000000000000000000000000000000fffffd00500f,75542,1,1,1
7,69,69,0x0000097d,36,0,0x000000000000000000000000000000000000000000000000000000000000000000000000000000000000007ff5012ffd,75546,1,1,1
7,69,69,0x0000097d,37,0,0x000000000000000000000000000000000000000000000000000000000000000000000000000000000000ffaff5ff1ffd,75550,1,1,1
7,69,69,0x0000097d,38,0,0x000000000000000000000000000000000000000000000000000000000000000000000000000000000000ffa007009ff4,75554,1,1,1
7,69,69,0x0000097d,39,0,0x00000000000000000000000000000000000000000000000000000000000000000000000000000000000000900101700c,75558,1,1,1
7,69,69,0x0000097d,40,0,0x000000000000000000000000000000000000000000000000000000000000000000000000000000000000ff2ff9fff004,75562,1,1,1
7,69,69,0x0000097d,41,0,0x00000000000000000000000000000000000000000000000000000000000000000000000000000000000000900fffafe7,75566,1,1,1
7,69,69,0x0000097d,42,0,0x000000000000000000000000000000000000000000000000000000000000000000000000000000000000ffcff5ffdffd,75570,1,1,1
7,69,69,0x0000097d,43,0,0x000000000000000000000000000000000000000000000000000000000000000000000000000000000000fedffaffc017,75574,1,1,1
7,69,69,0x0000097d,44,0,0x000000000000000000000000000000000000000000000000000000000000000000000000000000000000ff5ff1ff2ffa,75578,1,1,1
7,69,69,0x0000097d,45,0,0x00000000000000000000000000000000000000000000000000000000000000000000000000000000000000500f007007,75582,1,1,1
7,69,69,0x0000097d,46,0,0x000000000000000000000000000000000000000000000000000000000000000000000000000000000000ffa00400c00a,75586,1,1,1
7,69,69,0x0000097d,47,0,0x000000000000000000000000000000000000000000000000000000000000000000000000000000000000fecffa00a014,75590,1,1,1
7,69,69,0x0000097d,48,0,0x00000000000000000000000000000000000000000000000000000000000000000000000000000000000000cff4014fff,75594,1,1,1
7,69,69,0x0000097d,49,0,0x000000000000000000000000000000000000000000000000000000000000000000000000000000000000007009fffff2,75598,1,1,1
7,69,69,0x0000097d,50,0,0x000000000000000000000000000000000000000000000000000000000000000000000000000000000000012007ff4ff2,75602,1,1,1
7,69,69,0x0000097d,51,0,0x000000000000000000000000000000000000000000000000000000000000000000000000000000000000ff5002004015,75606,1,1,1
7,69,69,0x0000097d,52,0,0x000000000000000000000000000000000000000000000000000000000000000000000000000000000000fddfe2fed00f,75610,1,1,1
7,69,69,0x0000097d,53,0,0x000000000000000000000000000000000000000000000000000000000000000000000000000000000000009002007ff1,75614,1,1,1
7,69,69,0x0000097d,54,0,0x000000000000000000000000000000000000000000000000000000000000000000000000000000000000ff900f00c011,75618,1,1,1
7,69,69,0x0000097d,55,0,0x000000000000000000000000000000000000000000000000000000000000000000000000000000000000fec001fff004,75622,1,1,1
7,69,69,0x0000097d,56,0,0x000000000000000000000000000000000000000000000000000000000000000000000000000000000000ff7ffdffffec,75626,1,1,1
7,69,69,0x0000097d,57,0,0x00000000000000000000000000000000000000000000000000000000000000000000000000000000000000ffff00500f,75630,1,1,1
7,69,69,0x0000097d,58,0,0x000000000000000000000000000000000000000000000000000000000000000000000000000000000000ffa004ffd00a,75634,1,1,1
7,69,69,0x0000097d,59,0,0x000000000000000000000000000000000000000000000000000000000000000000000000000000000000004005ffdff4,75638,1,1,1
7,69,69,0x0000097d,60,0,0x000000000000000000000000000000000000000000000000000000000000000000000000000000000000009ff7004005,75642,1,1,1
7,69,69,0x0000097d,61,0,0x000000000000000000000000000000000000000000000000000000000000000000000000000000000000ff700500100a,75646,1,1,1
7,69,69,0x0000097d,62,0,0x000000000000000000000000000000000000000000000000000000000000000000000000000000000000fff005ff9004,75650,1,1,1
7,69,69,0x0000097d,63,1,0x000000000000000000000000000000000000000000000000000000000000000000000000000000000000fedffcffaff7,75654,1,1,1
8,70,70,0x00000cc6,0,0,0x000000000000000000000000000000000000000000000000000000000000000000000000000000000000007ff401a009,76970,1,1,1
8,70,70,0x00000cc6,1,0,0x000000000000000000000000000000000000000000000000000000000000000000000000000000000000fff009ff1ff2,76974,1,1,1
8,70,70,0x00000cc6,2,0,0x000000000000000000000000000000000000000000000000000000000000000000000000000000000000001ff7ff4ff9,76978,1,1,1
8,70,70,0x00000cc6,3,0,0x000000000000000000000000000000000000000000000000000000000000000000000000000000000000005ff1009ffc,76982,1,1,1
8,70,70,0x00000cc6,4,0,0x00000000000000000000000000000000000000000000000000000000000000000000000000000000000000a01100a005,76986,1,1,1
8,70,70,0x00000cc6,5,0,0x000000000000000000000000000000000000000000000000000000000000000000000000000000000000fff001ffaff9,76990,1,1,1
8,70,70,0x00000cc6,6,0,0x00000000000000000000000000000000000000000000000000000000000000000000000000000000000000500c015012,76994,1,1,1
8,70,70,0x00000cc6,7,0,0x00000000000000000000000000000000000000000000000000000000000000000000000000000000000000cfecfecfff,76998,1,1,1
8,70,70,0x00000cc6,8,0,0x000000000000000000000000000000000000000000000000000000000000000000000000000000000000ff7002fff004,77002,1,1,1
8,70,70,0x00000cc6,9,0,0x000000000000000000000000000000000000000000000000000000000000000000000000000000000000ff200affc007,77006,1,1,1
8,70,70,0x00000cc6,10,0,0x000000000000000000000000000000000000000000000000000000000000000000000000000000000000017009004ff7,77010,1,1,1
8,70,70,0x00000cc6,11,0,0x000000000000000000000000000000000000000000000000000000000000000000000000000000000000fecfe7ff9001,77014,1,1,1
8,70,70,0x00000cc6,12,0,0x000000000000000000000000000000000000000000000000000000000000000000000000000000000000014ffdffdfea,77018,1,1,1
8,70,70,0x00000cc6,13,0,0x00000000000000000000000000000000000000000000000000000000000000000000000000000000000000d001012004,77022,1,1,1
8,70,70,0x00000cc6,14,0,0x000000000000000000000000000000000000000000000000000000000000000000000000000000000000ff7ff100affc,77026,1,1,1
8,70,70,0x00000cc6,15,0,0x000000000000000000000000000000000000000000000000000000000000000000000000000000000000035fddfe1015,77030,1,1,1
8,70,70,0x00000cc6,16,0,0x000000000000000000000000000000000000000000000000000000000000000000000000000000000000ff5fadfe404a,77034,1,1,1
8,70,70,0x00000cc6,17,0,0x000000000000000000000000000000000000000000000000000000000000000000000000000000000000f8afec047057,77038,1,1,1
8,70,70,0x00000cc6,18,0,0x00000000000000000000000000000000000000000000000000000000000000000000000000000000000007103afdffa1,77042,1,1,1
8,70,70,0x00000cc6,19,0,0x000000000000000000000000000000000000000000000000000000000000000000000000000000000000f9ffc9017052,77046,1,1,1
8,70,70,0x00000cc6,20,0,0x00000000000000000000000000000000000000000000000000000000000000000000000000000000000002afecfd5fac,77050,1,1,1
8,70,70,0x00000cc6,21,0,0x00000000000000000000000000000000000000000000000000000000000000000000000000000000000002404f05103f,77054,1,1,1
8,70,70,0x00000cc6,22,0,0x000000000000000000000000000000000000000000000000000000000000000000000000000000000000fc7fc5fd5ffc,77058,1,1,1
8,70,70,0x00000cc6,23,0,0x00000000000000000000000000000000000000000000000000000000000000000000000000000000000002200affafe2,77062,1,1,1
8,70,70,0x00000cc6,24,0,0x00000000000000000000000000000000000000000000000000000000000000000000000000000000000000f01f025022,77066,1,1,1
8,70,70,0x00000cc6,25,0,0x000000000000000000000000000000000000000000000000000000000000000000000000000000000000feafecfe2002,77070,1,1,1
8,70,70,0x00000cc6,26,0,0x000000000000000000000000000000000000000000000000000000000000000000000000000000000000fffffdfec004,77074,1,1,1
8,70,70,0x00000cc6,27,0,0x00000000000000000000000000000000000000000000000000000000000000000000000000000000000000400cfefff5,77078,1,1,1
8,70,70,0x00000cc6,28,0,0x000000000000000000000000000000000000000000000000000000000000000000000000000000000000009fffff700a,77082,1,1,1
8,70,70,0x00000cc6,29,0,0x00000000000000000000000000000000000000000000000000000000000000000000000000000000000000400dffa004,77086,1,1,1
8,70,70,0x00000cc6,30,0,0x000000000000000000000000000000000000000000000000000000000000000000000000000000000000ffaff900200d,77090,1,1,1
8,70,70,0x00000cc6,31,0,0x000000000000000000000000000000000000000000000000000000000000000000000000000000000000ffdff9005004,77094,1,1,1
8,70,70,0x00000cc6,32,0,0x00000000000000000000000000000000000000000000000000000000000000000000000000000000000000c001004ffd,77098,1,1,1
8,70,70,0x00000cc6,33,0,0x000000000000000000000000000000000000000000000000000000000000000000000000000000000000001fffff400d,77102,1,1,1
8,70,70,0x00000cc6,34,0,0x00000000000000000000000000000000000000000000000000000000000000000000000000000000000000fff7fef004,77106,1,1,1
8,70,70,0x00000cc6,35,0,0x000000000000000000000000000000000000000000000000000000000000000000000000000000000000ffdfffffd005,77110,1,1,1
8,70,70,0x00000cc6,36,0,0x000000000000000000000000000000000000000000000000000000000000000000000000000000000000ffd007ff5012,77114,1,1,1
8,70,70,0x00000cc6,37,0,0x000000000000000000000000000000000000000000000000000000000000000000000000000000000000ff4ffaff5ff1,77118,1,1,1
8,70,70,0x00000cc6,38,0,0x00000000000000000000000000000000000000000000000000000000000000000000000000000000000000cffa007009,77122,1,1,1
8,70,70,0x00000cc6,39,0,0x000000000000000000000000000000000000000000000000000000000000000000000000000000000000004009001017,77126,1,1,1
8,70,70,0x00000cc6,40,0,0x000000000000000000000000000000000000000000000000000000000000000000000000000000000000fe7ff2ff9fff,77130,1,1,1
8,70,70,0x00000cc6,41,0,0x000000000000000000000000000000000000000000000000000000000000000000000000000000000000ffd00900fffa,77134,1,1,1
8,70,70,0x00000cc6,42,0,0x000000000000000000000000000000000000000000000000000000000000000000000000000000000000017ffcff5ffd,77138,1,1,1
8,70,70,0x00000cc6,43,0,0x000000000000000000000000000000000000000000000000000000000000000000000000000000000000ffafedffaffc,77142,1,1,1
8,70,70,0x00000cc6,44,0,0x000000000000000000000000000000000000000000000000000000000000000000000000000000000000007ff5ff1ff2,77146,1,1,1
8,70,70,0x00000cc6,45,0,0x00000000000000000000000000000000000000000000000000000000000000000000000000000000000000a00500f007,77150,1,1,1
8,70,70,0x00000cc6,46,0,0x000000000000000000000000000000000000000000000000000000000000000000000000000000000000014ffa00400c,77154,1,1,1
8,70,70,0x00000cc6,47,0,0x000000000000000000000000000000000000000000000000000000000000000000000000000000000000ffffecffa00a,77158,1,1,1
8,70,70,0x00000cc6,48,0,0x000000000000000000000000000000000000000000000000000000000000000000000000000000000000ff200cff4014,77162,1,1,1
8,70,70,0x00000cc6,49,0,0x000000000000000000000000000000000000000000000000000000000000000000000000000000000000ff2007009fff,77166,1,1,1
8,70,70,0x00000cc6,50,0,0x000000000000000000000000000000000000000000000000000000000000000000000000000000000000015012007ff4,77170,1,1,1
8,70,70,0x00000cc6,51,0,0x00000000000000000000000000000000000000000000000000000000000000000000000000000000000000fff5002004,77174,1,1,1
8,70,70,0x00000cc6,52,0,0x000000000000000000000000000000000000000000000000000000000000000000000000000000000000ff1fddfe2fed,77178,1,1,1
8,70,70,0x00000cc6,53,0,0x000000000000000000000000000000000000000000000000000000000000000000000000000000000000011009002007,77182,1,1,1
8,70,70,0x00000cc6,54,0,0x000000000000000000000000000000000000000000000000000000000000000000000000000000000000004ff900f00c,77186,1,1,1
8,70,70,0x00000cc6,55,0,0x000000000000000000000000000000000000000000000000000000000000000000000000000000000000fecfec001fff,77190,1,1,1
8,70,70,0x00000cc6,56,0,0x00000000000000000000000000000000000000000000000000000000000000000000000000000000000000fff7ffdfff,77194,1,1,1
8,70,70,0x00000cc6,57,0,0x00000000000000000000000000000000000000000000000000000000000000000000000000000000000000a00ffff005,77198,1,1,1
8,70,70,0x00000cc6,58,0,0x000000000000000000000000000000000000000000000000000000000000000000000000000000000000ff4ffa004ffd,77202,1,1,1
8,70,70,0x00000cc6,59,0,0x000000000000000000000000000000000000000000000000000000000000000000000000000000000000005004005ffd,77206,1,1,1
8,70,70,0x00000cc6,60,0,0x00000000000000000000000000000000000000000000000000000000000000000000000000000000000000a009ff7004,77210,1,1,1
8,70,70,0x00000cc6,61,0,0x000000000000000000000000000000000000000000000000000000000000000000000000000000000000004ff7005001,77214,1,1,1
8,70,70,0x00000cc6,62,0,0x000000000000000000000000000000000000000000000000000000000000000000000000000000000000ff7fff005ff9,77218,1,1,1
8,70,70,0x00000cc6,63,1,0x000000000000000000000000000000000000000000000000000000000000000000000000000000000000007fedffcffa,77222,1,1,1
9,71,71,0x00000dd8,0,0,0x000000000000000000000000000000000000000000000000000000000000000000000000000000000000ff2007ff401a,78534,1,1,1
9,71,71,0x00000dd8,1,0,0x000000000000000000000000000000000000000000000000000000000000000000000000000000000000ff9fff009ff1,78538,1,1,1
9,71,71,0x00000dd8,2,0,0x000000000000000000000000000000000000000000000000000000000000000000000000000000000000ffc001ff7ff4,78542,1,1,1
9,71,71,0x00000dd8,3,0,0x000000000000000000000000000000000000000000000000000000000000000000000000000000000000005005ff1009,78546,1,1,1
9,71,71,0x00000dd8,4,0,0x000000000000000000000000000000000000000000000000000000000000000000000000000000000000ff900a01100a,78550,1,1,1
9,71,71,0x00000dd8,5,0,0x000000000000000000000000000000000000000000000000000000000000000000000000000000000000012fff001ffa,78554,1,1,1
9,71,71,0x00000dd8,6,0,0x000000000000000000000000000000000000000000000000000000000000000000000000000000000000fff00500c015,78558,1,1,1
9,71,71,0x00000dd8,7,0,0x00000000000000000000000000000000000000000000000000000000000000000000000000000000000000400cfecfec,78562,1,1,1
9,71,71,0x00000dd8,8,0,0x000000000000000000000000000000000000000000000000000000000000000000000000000000000000007ff7002fff,78566,1,1,1
9,71,71,0x00000dd8,9,0,0x000000000000000000000000000000000000000000000000000000000000000000000000000000000000ff7ff200affc,78570,1,1,1
9,71,71,0x00000dd8,10,0,0x000000000000000000000000000000000000000000000000000000000000000000000000000000000000001017009004,78574,1,1,1
9,71,71,0x00000dd8,11,0,0x000000000000000000000000000000000000000000000000000000000000000000000000000000000000feafecfe7ff9,78578,1,1,1
9,71,71,0x00000dd8,12,0,0x000000000000000000000000000000000000000000000000000000000000000000000000000000000000004014ffdffd,78582,1,1,1
9,71,71,0x00000dd8,13,0,0x000000000000000000000000000000000000000000000000000000000000000000000000000000000000ffc00d001012,78586,1,1,1
9,71,71,0x00000dd8,14,0,0x000000000000000000000000000000000000000000000000000000000000000000000000000000000000015ff7ff100a,78590,1,1,1
9,71,71,0x00000dd8,15,0,0x00000000000000000000000000000000000000000000000000000000000000000000000000000000000004a035fddfe1,78594,1,1,1
9,71,71,0x00000dd8,16,0,0x000000000000000000000000000000000000000000000000000000000000000000000000000000000000057ff5fadfe4,78598,1,1,1
9,71,71,0x00000dd8,17,0,0x000000000000000000000000000000000000000000000000000000000000000000000000000000000000fa1f8afec047,78602,1,1,1
9,71,71,0x00000dd8,18,0,0x00000000000000000000000000000000000000000000000000000000000000000000000000000000000005207103afdf,78606,1,1,1
9,71,71,0x00000dd8,19,0,0x000000000000000000000000000000000000000000000000000000000000000000000000000000000000facf9ffc9017,78610,1,1,1
9,71,71,0x00000dd8,20,0,0x00000000000000000000000000000000000000000000000000000000000000000000000000000000000003f02afecfd5,78614,1,1,1
9,71,71,0x00000dd8,21,0,0x000000000000000000000000000000000000000000000000000000000000000000000000000000000000ffc02404f051,78618,1,1,1
9,71,71,0x00000dd8,22,0,0x000000000000000000000000000000000000000000000000000000000000000000000000000000000000fe2fc7fc5fd5,78622,1,1,1
9,71,71,0x00000dd8,23,0,0x00000000000000000000000000000000000000000000000000000000000000000000000000000000000002202200affa,78626,1,1,1
9,71,71,0x00000dd8,24,0,0x00000000000000000000000000000000000000000000000000000000000000000000000000000000000000200f01f025,78630,1,1,1
9,71,71,0x00000dd8,25,0,0x000000000000000000000000000000000000000000000000000000000000000000000000000000000000004feafecfe2,78634,1,1,1
9,71,71,0x00000dd8,26,0,0x000000000000000000000000000000000000000000000000000000000000000000000000000000000000ff5fffffdfec,78638,1,1,1
9,71,71,0x00000dd8,27,0,0x00000000000000000000000000000000000000000000000000000000000000000000000000000000000000a00400cfef,78642,1,1,1
9,71,71,0x00000dd8,28,0,0x000000000000000000000000000000000000000000000000000000000000000000000000000000000000004009fffff7,78646,1,1,1
9,71,71,0x00000dd8,29,0,0x00000000000000000000000000000000000000000000000000000000000000000000000000000000000000d00400dffa,78650,1,1,1
9,71,71,0x00000dd8,30,0,0x000000000000000000000000000000000000000000000000000000000000000000000000000000000000004ffaff9002,78654,1,1,1
9,71,71,0x00000dd8,31,0,0x000000000000000000000000000000000000000000000000000000000000000000000000000000000000ffdffdff9005,78658,1,1,1
9,71,71,0x00000dd8,32,0,0x00000000000000000000000000000000000000000000000000000000000000000000000000000000000000d00c001004,78662,1,1,1
9,71,71,0x00000dd8,33,0,0x000000000000000000000000000000000000000000000000000000000000000000000000000000000000004001fffff4,78666,1,1,1
9,71,71,0x00000dd8,34,0,0x00000000000000000000000000000000000000000000000000000000000000000000000000000000000000500fff7fef,78670,1,1,1
9,71,71,0x00000dd8,35,0,0x000000000000000000000000000000000000000000000000000000000000000000000000000000000000012ffdfffffd,78674,1,1,1
9,71,71,0x00000dd8,36,0,0x000000000000000000000000000000000000000000000000000000000000000000000000000000000000ff1ffd007ff5,78678,1,1,1
9,71,71,0x00000dd8,37,0,0x000000000000000000000000000000000000000000000000000000000000000000000000000000000000009ff4ffaff5,78682,1,1,1
9,71,71,0x00000dd8,38,0,0x00000000000000000000000000000000000000000000000000000000000000000000000000000000000001700cffa007,78686,1,1,1
9,71,71,0x00000dd8,39,0,0x000000000000000000000000000000000000000000000000000000000000000000000000000000000000fff004009001,78690,1,1,1
9,71,71,0x00000dd8,40,0,0x000000000000000000000000000000000000000000000000000000000000000000000000000000000000ffafe7ff2ff9,78694,1,1,1
9,71,71,0x00000dd8,41,0,0x000000000000000000000000000000000000000000000000000000000000000000000000000000000000ffdffd00900f,78698,1,1,1
9,71,71,0x00000dd8,42,0,0x000000000000000000000000000000000000000000000000000000000000000000000000000000000000ffc017ffcff5,78702,1,1,1
9,71,71,0x00000dd8,43,0,0x000000000000000000000000000000000000000000000000000000000000000000000000000000000000ff2ffafedffa,78706,1,1,1
9,71,71,0x00000dd8,44,0,0x000000000000000000000000000000000000000000000000000000000000000000000000000000000000007007ff5ff1,78710,1,1,1
9,71,71,0x00000dd8,45,0,0x00000000000000000000000000000000000000000000000000000000000000000000000000000000000000c00a00500f,78714,1,1,1
9,71,71,0x00000dd8,46,0,0x00000000000000000000000000000000000000000000000000000000000000000000000000000000000000a014ffa004,78718,1,1,1
9,71,71,0x00000dd8,47,0,0x000000000000000000000000000000000000000000000000000000000000000000000000000000000000014ffffecffa,78722,1,1,1
9,71,71,0x00000dd8,48,0,0x000000000000000000000000000000000000000000000000000000000000000000000000000000000000fffff200cff4,78726,1,1,1
9,71,71,0x00000dd8,49,0,0x000000000000000000000000000000000000000000000000000000000000000000000000000000000000ff4ff2007009,78730,1,1,1
9,71,71,0x00000dd8,50,0,0x000000000000000000000000000000000000000000000000000000000000000000000000000000000000004015012007,78734,1,1,1
9,71,71,0x00000dd8,51,0,0x000000000000000000000000000000000000000000000000000000000000000000000000000000000000fed00fff5002,78738,1,1,1
9,71,71,0x00000dd8,52,0,0x000000000000000000000000000000000000000000000000000000000000000000000000000000000000007ff1fddfe2,78742,1,1,1
9,71,71,0x00000dd8,53,0,0x00000000000000000000000000000000000000000000000000000000000000000000000000000000000000c011009002,78746,1,1,1
9,71,71,0x00000dd8,54,0,0x000000000000000000000000000000000000000000000000000000000000000000000000000000000000fff004ff900f,78750,1,1,1
9,71,71,0x00000dd8,55,0,0x000000000000000000000000000000000000000000000000000000000000000000000000000000000000ffffecfec001,78754,1,1,1
9,71,71,0x00000dd8,56,0,0x00000000000000000000000000000000000000000000000000000000000000000000000000000000000000500fff7ffd,78758,1,1,1
9,71,71,0x00000dd8,57,0,0x000000000000000000000000000000000000000000000000000000000000000000000000000000000000ffd00a00ffff,78762,1,1,1
9,71,71,0x00000dd8,58,0,0x000000000000000000000000000000000000000000000000000000000000000000000000000000000000ffdff4ffa004,78766,1,1,1
9,71,71,0x00000dd8,59,0,0x000000000000000000000000000000000000000000000000000000000000000000000000000000000000004005004005,78770,1,1,1
9,71,71,0x00000dd8,60,0,0x00000000000000000000000000000000000000000000000000000000000000000000000000000000000000100a009ff7,78774,1,1,1
9,71,71,0x00000dd8,61,0,0x000000000000000000000000000000000000000000000000000000000000000000000000000000000000ff9004ff7005,78778,1,1,1
9,71,71,0x00000dd8,62,0,0x000000000000000000000000000000000000000000000000000000000000000000000000000000000000ffaff7fff005,78782,1,1,1
9,71,71,0x00000dd8,63,1,0x000000000000000000000000000000000000000000000000000000000000000000000000000000000000ffa007fedffc,78786,1,1,1
10,72,72,0x00001279,0,0,0x000000000000000000000000000000000000000000000000000000000000000000000000000000000000ff1ff2007ff4,80098,1,1,1
10,72,72,0x00001279,1,0,0x000000000000000000000000000000000000000000000000000000000000000000000000000000000000ff4ff9fff009,80102,1,1,1
10,72,72,0x00001279,2,0,0x000000000000000000000000000000000000000000000000000000000000000000000000000000000000009ffc001ff7,80106,1,1,1
10,72,72,0x00001279,3,0,0x00000000000000000000000000000000000000000000000000000000000000000000000000000000000000a005005ff1,80110,1,1,1
10,72,72,0x00001279,4,0,0x000000000000000000000000000000000000000000000000000000000000000000000000000000000000ffaff900a011,80114,1,1,1
10,72,72,0x00001279,5,0,0x000000000000000000000000000000000000000000000000000000000000000000000000000000000000015012fff001,80118,1,1,1
10,72,72,0x00001279,6,0,0x000000000000000000000000000000000000000000000000000000000000000000000000000000000000fecfff00500c,80122,1,1,1
10,72,72,0x00001279,7,0,0x000000000000000000000000000000000000000000000000000000000000000000000000000000000000fff00400cfec,80126,1,1,1
10,72,72,0x00001279,8,0,0x000000000000000000000000000000000000000000000000000000000000000000000000000000000000ffc007ff7002,80130,1,1,1
10,72,72,0x00001279,9,0,0x000000000000000000000000000000000000000000000000000000000000000000000000000000000000004ff7ff200a,80134,1,1,1
10,72,72,0x00001279,10,0,0x000000000000000000000000000000000000000000000000000000000000000000000000000000000000ff9001017009,80138,1,1,1
10,72,72,0x00001279,11,0,0x000000000000000000000000000000000000000000000000000000000000000000000000000000000000ffdfeafecfe7,80142,1,1,1
10,72,72,0x00001279,12,0,0x000000000000000000000000000000000000000000000000000000000000000000000000000000000000012004014ffd,80146,1,1,1
10,72,72,0x00001279,13,0,0x00000000000000000000000000000000000000000000000000000000000000000000000000000000000000affc00d001,80150,1,1,1
10,72,72,0x00001279,14,0,0x000000000000000000000000000000000000000000000000000000000000000000000000000000000000fe1015ff7ff1,80154,1,1,1
10,72,72,0x00001279,15,0,0x000000000000000000000000000000000000000000000000000000000000000000000000000000000000fe404a035fdd,80158,1,1,1
10,72,72,0x00001279,16,0,0x000000000000000000000000000000000000000000000000000000000000000000000000000000000000047057ff5fad,80162,1,1,1
10,72,72,0x00001279,17,0,0x000000000000000000000000000000000000000000000000000000000000000000000000000000000000fdffa1f8afec,80166,1,1,1
10,72,72,0x00001279,18,0,0x00000000000000000000000000000000000000000000000000000000000000000000000000000000000001705207103a,80170,1,1,1
10,72,72,0x00001279,19,0,0x000000000000000000000000000000000000000000000000000000000000000000000000000000000000fd5facf9ffc9,80174,1,1,1
10,72,72,0x00001279,20,0,0x00000000000000000000000000000000000000000000000000000000000000000000000000000000000005103f02afec,80178,1,1,1
10,72,72,0x00001279,21,0,0x000000000000000000000000000000000000000000000000000000000000000000000000000000000000fd5ffc02404f,80182,1,1,1
10,72,72,0x00001279,22,0,0x000000000000000000000000000000000000000000000000000000000000000000000000000000000000ffafe2fc7fc5,80186,1,1,1
10,72,72,0x00001279,23,0,0x00000000000000000000000000000000000000000000000000000000000000000000000000000000000002502202200a,80190,1,1,1
10,72,72,0x00001279,24,0,0x000000000000000000000000000000000000000000000000000000000000000000000000000000000000fe200200f01f,80194,1,1,1
10,72,72,0x00001279,25,0,0x000000000000000000000000000000000000000000000000000000000000000000000000000000000000fec004feafec,80198,1,1,1
10,72,72,0x00001279,26,0,0x000000000000000000000000000000000000000000000000000000000000000000000000000000000000fefff5fffffd,80202,1,1,1
10,72,72,0x00001279,27,0,0x000000000000000000000000000000000000000000000000000000000000000000000000000000000000ff700a00400c,80206,1,1,1
10,72,72,0x00001279,28,0,0x000000000000000000000000000000000000000000000000000000000000000000000000000000000000ffa004009fff,80210,1,1,1
10,72,72,0x00001279,29,0,0x00000000000000000000000000000000000000000000000000000000000000000000000000000000000000200d00400d,80214,1,1,1
10,72,72,0x00001279,30,0,0x000000000000000000000000000000000000000000000000000000000000000000000000000000000000005004ffaff9,80218,1,1,1
10,72,72,0x00001279,31,0,0x000000000000000000000000000000000000000000000000000000000000000000000000000000000000004ffdffdff9,80222,1,1,1
10,72,72,0x00001279,32,0,0x000000000000000000000000000000000000000000000000000000000000000000000000000000000000ff400d00c001,80226,1,1,1
10,72,72,0x00001279,33,0,0x000000000000000000000000000000000000000000000000000000000000000000000000000000000000fef004001fff,80230,1,1,1
10,72,72,0x00001279,34,0,0x000000000000000000000000000000000000000000000000000000000000000000000000000000000000ffd00500fff7,80234,1,1,1
10,72,72,0x00001279,35,0,0x000000000000000000000000000000000000000000000000000000000000000000000000000000000000ff5012ffdfff,80238,1,1,1
10,72,72,0x00001279,36,0,0x000000000000000000000000000000000000000000000000000000000000000000000000000000000000ff5ff1ffd007,80242,1,1,1
10,72,72,0x00001279,37,0,0x000000000000000000000000000000000000000000000000000000000000000000000000000000000000007009ff4ffa,80246,1,1,1
10,72,72,0x00001279,38,0,0x00000000000000000000000000000000000000000000000000000000000000000000000000000000000000101700cffa,80250,1,1,1
10,72,72,0x00001279,39,0,0x000000000000000000000000000000000000000000000000000000000000000000000000000000000000ff9fff004009,80254,1,1,1
10,72,72,0x00001279,40,0,0x00000000000000000000000000000000000000000000000000000000000000000000000000000000000000fffafe7ff2,80258,1,1,1
10,72,72,0x00001279,41,0,0x000000000000000000000000000000000000000000000000000000000000000000000000000000000000ff5ffdffd009,80262,1,1,1
10,72,72,0x00001279,42,0,0x000000000000000000000000000000000000000000000000000000000000000000000000000000000000ffaffc017ffc,80266,1,1,1
10,72,72,0x00001279,43,0,0x000000000000000000000000000000000000000000000000000000000000000000000000000000000000ff1ff2ffafed,80270,1,1,1
10,72,72,0x00001279,44,0,0x00000000000000000000000000000000000000000000000000000000000000000000000000000000000000f007007ff5,80274,1,1,1
10,72,72,0x00001279,45,0,0x00000000000000000000000000000000000000000000000000000000000000000000000000000000000000400c00a005,80278,1,1,1
10,72,72,0x00001279,46,0,0x000000000000000000000000000000000000000000000000000000000000000000000000000000000000ffa00a014ffa,80282,1,1,1
10,72,72,0x00001279,47,0,0x000000000000000000000000000000000000000000000000000000000000000000000000000000000000ff4014ffffec,80286,1,1,1
10,72,72,0x00001279,48,0,0x000000000000000000000000000000000000000000000000000000000000000000000000000000000000009fffff200c,80290,1,1,1
10,72,72,0x00001279,49,0,0x000000000000000000000000000000000000000000000000000000000000000000000000000000000000007ff4ff2007,80294,1,1,1
10,72,72,0x00001279,50,0,0x000000000000000000000000000000000000000000000000000000000000000000000000000000000000002004015012,80298,1,1,1
10,72,72,0x00001279,51,0,0x000000000000000000000000000000000000000000000000000000000000000000000000000000000000fe2fed00fff5,80302,1,1,1
10,72,72,0x00001279,52,0,0x000000000000000000000000000000000000000000000000000000000000000000000000000000000000002007ff1fdd,80306,1,1,1
10,72,72,0x00001279,53,0,0x00000000000000000000000000000000000000000000000000000000000000000000000000000000000000f00c011009,80310,1,1,1
10,72,72,0x00001279,54,0,0x000000000000000000000000000000000000000000000000000000000000000000000000000000000000001fff004ff9,80314,1,1,1
10,72,72,0x00001279,55,0,0x000000000000000000000000000000000000000000000000000000000000000000000000000000000000ffdffffecfec,80318,1,1,1
10,72,72,0x00001279,56,0,0x000000000000000000000000000000000000000000000000000000000000000000000000000000000000fff00500fff7,80322,1,1,1
10,72,72,0x00001279,57,0,0x000000000000000000000000000000000000000000000000000000000000000000000000000000000000004ffd00a00f,80326,1,1,1
10,72,72,0x00001279,58,0,0x000000000000000000000000000000000000000000000000000000000000000000000000000000000000005ffdff4ffa,80330,1,1,1
10,72,72,0x00001279,59,0,0x000000000000000000000000000000000000000000000000000000000000000000000000000000000000ff7004005004,80334,1,1,1
10,72,72,0x00001279,60,0,0x00000000000000000000000000000000000000000000000000000000000000000000000000000000000000500100a009,80338,1,1,1
10,72,72,0x00001279,61,0,0x000000000000000000000000000000000000000000000000000000000000000000000000000000000000005ff9004ff7,80342,1,1,1
10,72,72,0x00001279,62,0,0x000000000000000000000000000000000000000000000000000000000000000000000000000000000000ffcffaff7fff,80346,1,1,1
10,72,72,0x00001279,63,1,0x000000000000000000000000000000000000000000000000000000000000000000000000000000000000ffcffa007fed,80350,1,1,1
11,73,73,0x0000108e,0,0,0x000000000000000000000000000000000000000000000000000000000000000000000000000000000000009ff1ff2007,81662,1,1,1
11,73,73,0x0000108e,1,0,0x000000000000000000000000000000000000000000000000000000000000000000000000000000000000ff7ff4ff9fff,81666,1,1,1
11,73,73,0x0000108e,2,0,0x000000000000000000000000000000000000000000000000000000000000000000000000000000000000ff1009ffc001,81670,1,1,1
11,73,73,0x0000108e,3,0,0x00000000000000000000000000000000000000000000000000000000000000000000000000000000000001100a005005,81674,1,1,1
11,73,73,0x0000108e,4,0,0x000000000000000000000000000000000000000000000000000000000000000000000000000000000000001ffaff900a,81678,1,1,1
11,73,73,0x0000108e,5,0,0x00000000000000000000000000000000000000000000000000000000000000000000000000000000000000c015012fff,81682,1,1,1
11,73,73,0x0000108e,6,0,0x000000000000000000000000000000000000000000000000000000000000000000000000000000000000fecfecfff005,81686,1,1,1
11,73,73,0x0000108e,7,0,0x000000000000000000000000000000000000000000000000000000000000000000000000000000000000002fff00400c,81690,1,1,1
11,73,73,0x0000108e,8,0,0x00000000000000000000000000000000000000000000000000000000000000000000000000000000000000affc007ff7,81694,1,1,1
11,73,73,0x0000108e,9,0,0x000000000000000000000000000000000000000000000000000000000000000000000000000000000000009004ff7ff2,81698,1,1,1
11,73,73,0x0000108e,10,0,0x000000000000000000000000000000000000000000000000000000000000000000000000000000000000fe7ff9001017,81702,1,1,1
11,73,73,0x0000108e,11,0,0x000000000000000000000000000000000000000000000000000000000000000000000000000000000000ffdffdfeafec,81706,1,1,1
11,73,73,0x0000108e,12,0,0x000000000000000000000000000000000000000000000000000000000000000000000000000000000000001012004014,81710,1,1,1
11,73,73,0x0000108e,13,0,0x000000000000000000000000000000000000000000000000000000000000000000000000000000000000ff100affc00d,81714,1,1,1
11,73,73,0x0000108e,14,0,0x000000000000000000000000000000000000000000000000000000000000000000000000000000000000fddfe1015ff7,81718,1,1,1
11,73,73,0x0000108e,15,0,0x000000000000000000000000000000000000000000000000000000000000000000000000000000000000fadfe404a035,81722,1,1,1
11,73,73,0x0000108e,16,0,0x000000000000000000000000000000000000000000000000000000000000000000000000000000000000fec047057ff5,81726,1,1,1
11,73,73,0x0000108e,17,0,0x00000000000000000000000000000000000000000000000000000000000000000000000000000000000003afdffa1f8a,81730,1,1,1
11,73,73,0x0000108e,18,0,0x000000000000000000000000000000000000000000000000000000000000000000000000000000000000fc9017052071,81734,1,1,1
11,73,73,0x0000108e,19,0,0x000000000000000000000000000000000000000000000000000000000000000000000000000000000000fecfd5facf9f,81738,1,1,1
11,73,73,0x0000108e,20,0,0x00000000000000000000000000000000000000000000000000000000000000000000000000000000000004f05103f02a,81742,1,1,1
11,73,73,0x0000108e,21,0,0x000000000000000000000000000000000000000000000000000000000000000000000000000000000000fc5fd5ffc024,81746,1,1,1
11,73,73,0x0000108e,22,0,0x00000000000000000000000000000000000000000000000000000000000000000000000000000000000000affafe2fc7,81750,1,1,1
11,73,73,0x0000108e,23,0,0x00000000000000000000000000000000000000000000000000000000000000000000000000000000000001f025022022,81754,1,1,1
11,73,73,0x0000108e,24,0,0x000000000000000000000000000000000000000000000000000000000000000000000000000000000000fecfe200200f,81758,1,1,1
11,73,73,0x0000108e,25,0,0x000000000000000000000000000000000000000000000000000000000000000000000000000000000000ffdfec004fea,81762,1,1,1
11,73,73,0x0000108e,26,0,0x00000000000000000000000000000000000000000000000000000000000000000000000000000000000000cfefff5fff,81766,1,1,1
11,73,73,0x0000108e,27,0,0x000000000000000000000000000000000000000000000000000000000000000000000000000000000000fffff700a004,81770,1,1,1
11,73,73,0x0000108e,28,0,0x00000000000000000000000000000000000000000000000000000000000000000000000000000000000000dffa004009,81774,1,1,1
11,73,73,0x0000108e,29,0,0x000000000000000000000000000000000000000000000000000000000000000000000000000000000000ff900200d004,81778,1,1,1
11,73,73,0x0000108e,30,0,0x000000000000000000000000000000000000000000000000000000000000000000000000000000000000ff9005004ffa,81782,1,1,1
11,73,73,0x0000108e,31,0,0x000000000000000000000000000000000000000000000000000000000000000000000000000000000000001004ffdffd,81786,1,1,1
11,73,73,0x0000108e,32,0,0x000000000000000000000000000000000000000000000000000000000000000000000000000000000000fffff400d00c,81790,1,1,1
11,73,73,0x0000108e,33,0,0x000000000000000000000000000000000000000000000000000000000000000000000000000000000000ff7fef004001,81794,1,1,1
11,73,73,0x0000108e,34,0,0x000000000000000000000000000000000000000000000000000000000000000000000000000000000000fffffd00500f,81798,1,1,1
11,73,73,0x0000108e,35,0,0x000000000000000000000000000000000000000000000000000000000000000000000000000000000000007ff5012ffd,81802,1,1,1
11,73,73,0x0000108e,36,0,0x000000000000000000000000000000000000000000000000000000000000000000000000000000000000ffaff5ff1ffd,81806,1,1,1
11,73,73,0x0000108e,37,0,0x000000000000000000000000000000000000000000000000000000000000000000000000000000000000ffa007009ff4,81810,1,1,1
11,73,73,0x0000108e,38,0,0x00000000000000000000000000000000000000000000000000000000000000000000000000000000000000900101700c,81814,1,1,1
11,73,73,0x0000108e,39,0,0x000000000000000000000000000000000000000000000000000000000000000000000000000000000000ff2ff9fff004,81818,1,1,1
11,73,73,0x0000108e,40,0,0x00000000000000000000000000000000000000000000000000000000000000000000000000000000000000900fffafe7,81822,1,1,1
11,73,73,0x0000108e,41,0,0x000000000000000000000000000000000000000000000000000000000000000000000000000000000000ffcff5ffdffd,81826,1,1,1
11,73,73,0x0000108e,42,0,0x000000000000000000000000000000000000000000000000000000000000000000000000000000000000fedffaffc017,81830,1,1,1
11,73,73,0x0000108e,43,0,0x000000000000000000000000000000000000000000000000000000000000000000000000000000000000ff5ff1ff2ffa,81834,1,1,1
11,73,73,0x0000108e,44,0,0x00000000000000000000000000000000000000000000000000000000000000000000000000000000000000500f007007,81838,1,1,1
11,73,73,0x0000108e,45,0,0x000000000000000000000000000000000000000000000000000000000000000000000000000000000000ffa00400c00a,81842,1,1,1
11,73,73,0x0000108e,46,0,0x000000000000000000000000000000000000000000000000000000000000000000000000000000000000fecffa00a014,81846,1,1,1
11,73,73,0x0000108e,47,0,0x00000000000000000000000000000000000000000000000000000000000000000000000000000000000000cff4014fff,81850,1,1,1
11,73,73,0x0000108e,48,0,0x000000000000000000000000000000000000000000000000000000000000000000000000000000000000007009fffff2,81854,1,1,1
11,73,73,0x0000108e,49,0,0x000000000000000000000000000000000000000000000000000000000000000000000000000000000000012007ff4ff2,81858,1,1,1
11,73,73,0x0000108e,50,0,0x000000000000000000000000000000000000000000000000000000000000000000000000000000000000ff5002004015,81862,1,1,1
11,73,73,0x0000108e,51,0,0x000000000000000000000000000000000000000000000000000000000000000000000000000000000000fddfe2fed00f,81866,1,1,1
11,73,73,0x0000108e,52,0,0x000000000000000000000000000000000000000000000000000000000000000000000000000000000000009002007ff1,81870,1,1,1
11,73,73,0x0000108e,53,0,0x000000000000000000000000000000000000000000000000000000000000000000000000000000000000ff900f00c011,81874,1,1,1
11,73,73,0x0000108e,54,0,0x000000000000000000000000000000000000000000000000000000000000000000000000000000000000fec001fff004,81878,1,1,1
11,73,73,0x0000108e,55,0,0x000000000000000000000000000000000000000000000000000000000000000000000000000000000000ff7ffdffffec,81882,1,1,1
11,73,73,0x0000108e,56,0,0x00000000000000000000000000000000000000000000000000000000000000000000000000000000000000ffff00500f,81886,1,1,1
11,73,73,0x0000108e,57,0,0x000000000000000000000000000000000000000000000000000000000000000000000000000000000000ffa004ffd00a,81890,1,1,1
11,73,73,0x0000108e,58,0,0x000000000000000000000000000000000000000000000000000000000000000000000000000000000000004005ffdff4,81894,1,1,1
11,73,73,0x0000108e,59,0,0x000000000000000000000000000000000000000000000000000000000000000000000000000000000000009ff7004005,81898,1,1,1
11,73,73,0x0000108e,60,0,0x000000000000000000000000000000000000000000000000000000000000000000000000000000000000ff700500100a,81902,1,1,1
11,73,73,0x0000108e,61,0,0x000000000000000000000000000000000000000000000000000000000000000000000000000000000000fff005ff9004,81906,1,1,1
11,73,73,0x0000108e,62,0,0x000000000000000000000000000000000000000000000000000000000000000000000000000000000000fedffcffaff7,81910,1,1,1
11,73,73,0x0000108e,63,1,0x00000000000000000000000000000000000000000000000000000000000000000000000000000000000000cffcffa007,81914,1,1,1
12,74,74,0x00000e18,0,0,0x000000000000000000000000000000000000000000000000000000000000000000000000000000000000fff009ff1ff2,83230,1,1,1
12,74,74,0x00000e18,1,0,0x000000000000000000000000000000000000000000000000000000000000000000000000000000000000001ff7ff4ff9,83234,1,1,1
12,74,74,0x00000e18,2,0,0x000000000000000000000000000000000000000000000000000000000000000000000000000000000000005ff1009ffc,83238,1,1,1
12,74,74,0x00000e18,3,0,0x00000000000000000000000000000000000000000000000000000000000000000000000000000000000000a01100a005,83242,1,1,1
12,74,74,0x00000e18,4,0,0x000000000000000000000000000000000000000000000000000000000000000000000000000000000000fff001ffaff9,83246,1,1,1
12,74,74,0x00000e18,5,0,0x00000000000000000000000000000000000000000000000000000000000000000000000000000000000000500c015012,83250,1,1,1
12,74,74,0x00000e18,6,0,0x00000000000000000000000000000000000000000000000000000000000000000000000000000000000000cfecfecfff,83254,1,1,1
12,74,74,0x00000e18,7,0,0x000000000000000000000000000000000000000000000000000000000000000000000000000000000000ff7002fff004,83258,1,1,1
12,74,74,0x00000e18,8,0,0x000000000000000000000000000000000000000000000000000000000000000000000000000000000000ff200affc007,83262,1,1,1
12,74,74,0x00000e18,9,0,0x000000000000000000000000000000000000000000000000000000000000000000000000000000000000017009004ff7,83266,1,1,1
12,74,74,0x00000e18,10,0,0x000000000000000000000000000000000000000000000000000000000000000000000000000000000000fecfe7ff9001,83270,1,1,1
12,74,74,0x00000e18,11,0,0x000000000000000000000000000000000000000000000000000000000000000000000000000000000000014ffdffdfea,83274,1,1,1
12,74,74,0x00000e18,12,0,0x00000000000000000000000000000000000000000000000000000000000000000000000000000000000000d001012004,83278,1,1,1
12,74,74,0x00000e18,13,0,0x000000000000000000000000000000000000000000000000000000000000000000000000000000000000ff7ff100affc,83282,1,1,1
12,74,74,0x00000e18,14,0,0x000000000000000000000000000000000000000000000000000000000000000000000000000000000000035fddfe1015,83286,1,1,1
12,74,74,0x00000e18,15,0,0x000000000000000000000000000000000000000000000000000000000000000000000000000000000000ff5fadfe404a,83290,1,1,1
12,74,74,0x00000e18,16,0,0x000000000000000000000000000000000000000000000000000000000000000000000000000000000000f8afec047057,83294,1,1,1
12,74,74,0x00000e18,17,0,0x00000000000000000000000000000000000000000000000000000000000000000000000000000000000007103afdffa1,83298,1,1,1
12,74,74,0x00000e18,18,0,0x000000000000000000000000000000000000000000000000000000000000000000000000000000000000f9ffc9017052,83302,1,1,1
12,74,74,0x00000e18,19,0,0x00000000000000000000000000000000000000000000000000000000000000000000000000000000000002afecfd5fac,83306,1,1,1
12,74,74,0x00000e18,20,0,0x00000000000000000000000000000000000000000000000000000000000000000000000000000000000002404f05103f,83310,1,1,1
12,74,74,0x00000e18,21,0,0x000000000000000000000000000000000000000000000000000000000000000000000000000000000000fc7fc5fd5ffc,83314,1,1,1
12,74,74,0x00000e18,22,0,0x00000000000000000000000000000000000000000000000000000000000000000000000000000000000002200affafe2,83318,1,1,1
12,74,74,0x00000e18,23,0,0x00000000000000000000000000000000000000000000000000000000000000000000000000000000000000f01f025022,83322,1,1,1
12,74,74,0x00000e18,24,0,0x000000000000000000000000000000000000000000000000000000000000000000000000000000000000feafecfe2002,83326,1,1,1
12,74,74,0x00000e18,25,0,0x000000000000000000000000000000000000000000000000000000000000000000000000000000000000fffffdfec004,83330,1,1,1
12,74,74,0x00000e18,26,0,0x00000000000000000000000000000000000000000000000000000000000000000000000000000000000000400cfefff5,83334,1,1,1
12,74,74,0x00000e18,27,0,0x000000000000000000000000000000000000000000000000000000000000000000000000000000000000009fffff700a,83338,1,1,1
12,74,74,0x00000e18,28,0,0x00000000000000000000000000000000000000000000000000000000000000000000000000000000000000400dffa004,83342,1,1,1
12,74,74,0x00000e18,29,0,0x000000000000000000000000000000000000000000000000000000000000000000000000000000000000ffaff900200d,83346,1,1,1
12,74,74,0x00000e18,30,0,0x000000000000000000000000000000000000000000000000000000000000000000000000000000000000ffdff9005004,83350,1,1,1
12,74,74,0x00000e18,31,0,0x00000000000000000000000000000000000000000000000000000000000000000000000000000000000000c001004ffd,83354,1,1,1
12,74,74,0x00000e18,32,0,0x000000000000000000000000000000000000000000000000000000000000000000000000000000000000001fffff400d,83358,1,1,1
12,74,74,0x00000e18,33,0,0x00000000000000000000000000000000000000000000000000000000000000000000000000000000000000fff7fef004,83362,1,1,1
12,74,74,0x00000e18,34,0,0x000000000000000000000000000000000000000000000000000000000000000000000000000000000000ffdfffffd005,83366,1,1,1
12,74,74,0x00000e18,35,0,0x000000000000000000000000000000000000000000000000000000000000000000000000000000000000ffd007ff5012,83370,1,1,1
12,74,74,0x00000e18,36,0,0x000000000000000000000000000000000000000000000000000000000000000000000000000000000000ff4ffaff5ff1,83374,1,1,1
12,74,74,0x00000e18,37,0,0x00000000000000000000000000000000000000000000000000000000000000000000000000000000000000cffa007009,83378,1,1,1
12,74,74,0x00000e18,38,0,0x000000000000000000000000000000000000000000000000000000000000000000000000000000000000004009001017,83382,1,1,1
12,74,74,0x00000e18,39,0,0x000000000000000000000000000000000000000000000000000000000000000000000000000000000000fe7ff2ff9fff,83386,1,1,1
12,74,74,0x00000e18,40,0,0x000000000000000000000000000000000000000000000000000000000000000000000000000000000000ffd00900fffa,83390,1,1,1
12,74,74,0x00000e18,41,0,0x000000000000000000000000000000000000000000000000000000000000000000000000000000000000017ffcff5ffd,83394,1,1,1
12,74,74,0x00000e18,42,0,0x000000000000000000000000000000000000000000000000000000000000000000000000000000000000ffafedffaffc,83398,1,1,1
12,74,74,0x00000e18,43,0,0x000000000000000000000000000000000000000000000000000000000000000000000000000000000000007ff5ff1ff2,83402,1,1,1
12,74,74,0x00000e18,44,0,0x00000000000000000000000000000000000000000000000000000000000000000000000000000000000000a00500f007,83406,1,1,1
12,74,74,0x00000e18,45,0,0x000000000000000000000000000000000000000000000000000000000000000000000000000000000000014ffa00400c,83410,1,1,1
12,74,74,0x00000e18,46,0,0x000000000000000000000000000000000000000000000000000000000000000000000000000000000000ffffecffa00a,83414,1,1,1
12,74,74,0x00000e18,47,0,0x000000000000000000000000000000000000000000000000000000000000000000000000000000000000ff200cff4014,83418,1,1,1
12,74,74,0x00000e18,48,0,0x000000000000000000000000000000000000000000000000000000000000000000000000000000000000ff2007009fff,83422,1,1,1
12,74,74,0x00000e18,49,0,0x000000000000000000000000000000000000000000000000000000000000000000000000000000000000015012007ff4,83426,1,1,1
12,74,74,0x00000e18,50,0,0x00000000000000000000000000000000000000000000000000000000000000000000000000000000000000fff5002004,83430,1,1,1
12,74,74,0x00000e18,51,0,0x000000000000000000000000000000000000000000000000000000000000000000000000000000000000ff1fddfe2fed,83434,1,1,1
12,74,74,0x00000e18,52,0,0x000000000000000000000000000000000000000000000000000000000000000000000000000000000000011009002007,83438,1,1,1
12,74,74,0x00000e18,53,0,0x000000000000000000000000000000000000000000000000000000000000000000000000000000000000004ff900f00c,83442,1,1,1
12,74,74,0x00000e18,54,0,0x000000000000000000000000000000000000000000000000000000000000000000000000000000000000fecfec001fff,83446,1,1,1
12,74,74,0x00000e18,55,0,0x00000000000000000000000000000000000000000000000000000000000000000000000000000000000000fff7ffdfff,83450,1,1,1
12,74,74,0x00000e18,56,0,0x00000000000000000000000000000000000000000000000000000000000000000000000000000000000000a00ffff005,83454,1,1,1
12,74,74,0x00000e18,57,0,0x000000000000000000000000000000000000000000000000000000000000000000000000000000000000ff4ffa004ffd,83458,1,1,1
12,74,74,0x00000e18,58,0,0x000000000000000000000000000000000000000000000000000000000000000000000000000000000000005004005ffd,83462,1,1,1
12,74,74,0x00000e18,59,0,0x00000000000000000000000000000000000000000000000000000000000000000000000000000000000000a009ff7004,83466,1,1,1
12,74,74,0x00000e18,60,0,0x000000000000000000000000000000000000000000000000000000000000000000000000000000000000004ff7005001,83470,1,1,1
12,74,74,0x00000e18,61,0,0x000000000000000000000000000000000000000000000000000000000000000000000000000000000000ff7fff005ff9,83474,1,1,1
12,74,74,0x00000e18,62,0,0x000000000000000000000000000000000000000000000000000000000000000000000000000000000000007fedffcffa,83478,1,1,1
12,74,74,0x00000e18,63,1,0x00000000000000000000000000000000000000000000000000000000000000000000000000000000000000900cffcffa,83482,1,1,1
13,75,75,0x00000df7,0,0,0x000000000000000000000000000000000000000000000000000000000000000000000000000000000000ff9fff009ff1,84794,1,1,1
13,75,75,0x00000df7,1,0,0x000000000000000000000000000000000000000000000000000000000000000000000000000000000000ffc001ff7ff4,84798,1,1,1
13,75,75,0x00000df7,2,0,0x000000000000000000000000000000000000000000000000000000000000000000000000000000000000005005ff1009,84802,1,1,1
13,75,75,0x00000df7,3,0,0x000000000000000000000000000000000000000000000000000000000000000000000000000000000000ff900a01100a,84806,1,1,1
13,75,75,0x00000df7,4,0,0x000000000000000000000000000000000000000000000000000000000000000000000000000000000000012fff001ffa,84810,1,1,1
13,75,75,0x00000df7,5,0,0x000000000000000000000000000000000000000000000000000000000000000000000000000000000000fff00500c015,84814,1,1,1
13,75,75,0x00000df7,6,0,0x00000000000000000000000000000000000000000000000000000000000000000000000000000000000000400cfecfec,84818,1,1,1
13,75,75,0x00000df7,7,0,0x000000000000000000000000000000000000000000000000000000000000000000000000000000000000007ff7002fff,84822,1,1,1
13,75,75,0x00000df7,8,0,0x000000000000000000000000000000000000000000000000000000000000000000000000000000000000ff7ff200affc,84826,1,1,1
13,75,75,0x00000df7,9,0,0x000000000000000000000000000000000000000000000000000000000000000000000000000000000000001017009004,84830,1,1,1
13,75,75,0x00000df7,10,0,0x000000000000000000000000000000000000000000000000000000000000000000000000000000000000feafecfe7ff9,84834,1,1,1
13,75,75,0x00000df7,11,0,0x000000000000000000000000000000000000000000000000000000000000000000000000000000000000004014ffdffd,84838,1,1,1
13,75,75,0x00000df7,12,0,0x000000000000000000000000000000000000000000000000000000000000000000000000000000000000ffc00d001012,84842,1,1,1
13,75,75,0x00000df7,13,0,0x000000000000000000000000000000000000000000000000000000000000000000000000000000000000015ff7ff100a,84846,1,1,1
13,75,75,0x00000df7,14,0,0x00000000000000000000000000000000000000000000000000000000000000000000000000000000000004a035fddfe1,84850,1,1,1
13,75,75,0x00000df7,15,0,0x000000000000000000000000000000000000000000000000000000000000000000000000000000000000057ff5fadfe4,84854,1,1,1
13,75,75,0x00000df7,16,0,0x000000000000000000000000000000000000000000000000000000000000000000000000000000000000fa1f8afec047,84858,1,1,1
13,75,75,0x00000df7,17,0,0x00000000000000000000000000000000000000000000000000000000000000000000000000000000000005207103afdf,84862,1,1,1
13,75,75,0x00000df7,18,0,0x000000000000000000000000000000000000000000000000000000000000000000000000000000000000facf9ffc9017,84866,1,1,1
13,75,75,0x00000df7,19,0,0x00000000000000000000000000000000000000000000000000000000000000000000000000000000000003f02afecfd5,84870,1,1,1
13,75,75,0x00000df7,20,0,0x000000000000000000000000000000000000000000000000000000000000000000000000000000000000ffc02404f051,84874,1,1,1
13,75,75,0x00000df7,21,0,0x000000000000000000000000000000000000000000000000000000000000000000000000000000000000fe2fc7fc5fd5,84878,1,1,1
13,75,75,0x00000df7,22,0,0x00000000000000000000000000000000000000000000000000000000000000000000000000000000000002202200affa,84882,1,1,1
13,75,75,0x00000df7,23,0,0x00000000000000000000000000000000000000000000000000000000000000000000000000000000000000200f01f025,84886,1,1,1
13,75,75,0x00000df7,24,0,0x000000000000000000000000000000000000000000000000000000000000000000000000000000000000004feafecfe2,84890,1,1,1
13,75,75,0x00000df7,25,0,0x000000000000000000000000000000000000000000000000000000000000000000000000000000000000ff5fffffdfec,84894,1,1,1
13,75,75,0x00000df7,26,0,0x00000000000000000000000000000000000000000000000000000000000000000000000000000000000000a00400cfef,84898,1,1,1
13,75,75,0x00000df7,27,0,0x000000000000000000000000000000000000000000000000000000000000000000000000000000000000004009fffff7,84902,1,1,1
13,75,75,0x00000df7,28,0,0x00000000000000000000000000000000000000000000000000000000000000000000000000000000000000d00400dffa,84906,1,1,1
13,75,75,0x00000df7,29,0,0x000000000000000000000000000000000000000000000000000000000000000000000000000000000000004ffaff9002,84910,1,1,1
13,75,75,0x00000df7,30,0,0x000000000000000000000000000000000000000000000000000000000000000000000000000000000000ffdffdff9005,84914,1,1,1
13,75,75,0x00000df7,31,0,0x00000000000000000000000000000000000000000000000000000000000000000000000000000000000000d00c001004,84918,1,1,1
13,75,75,0x00000df7,32,0,0x000000000000000000000000000000000000000000000000000000000000000000000000000000000000004001fffff4,84922,1,1,1
13,75,75,0x00000df7,33,0,0x00000000000000000000000000000000000000000000000000000000000000000000000000000000000000500fff7fef,84926,1,1,1
13,75,75,0x00000df7,34,0,0x000000000000000000000000000000000000000000000000000000000000000000000000000000000000012ffdfffffd,84930,1,1,1
13,75,75,0x00000df7,35,0,0x000000000000000000000000000000000000000000000000000000000000000000000000000000000000ff1ffd007ff5,84934,1,1,1
13,75,75,0x00000df7,36,0,0x000000000000000000000000000000000000000000000000000000000000000000000000000000000000009ff4ffaff5,84938,1,1,1
13,75,75,0x00000df7,37,0,0x00000000000000000000000000000000000000000000000000000000000000000000000000000000000001700cffa007,84942,1,1,1
13,75,75,0x00000df7,38,0,0x000000000000000000000000000000000000000000000000000000000000000000000000000000000000fff004009001,84946,1,1,1
13,75,75,0x00000df7,39,0,0x000000000000000000000000000000000000000000000000000000000000000000000000000000000000ffafe7ff2ff9,84950,1,1,1
13,75,75,0x00000df7,40,0,0x000000000000000000000000000000000000000000000000000000000000000000000000000000000000ffdffd00900f,84954,1,1,1
13,75,75,0x00000df7,41,0,0x000000000000000000000000000000000000000000000000000000000000000000000000000000000000ffc017ffcff5,84958,1,1,1
13,75,75,0x00000df7,42,0,0x000000000000000000000000000000000000000000000000000000000000000000000000000000000000ff2ffafedffa,84962,1,1,1
13,75,75,0x00000df7,43,0,0x000000000000000000000000000000000000000000000000000000000000000000000000000000000000007007ff5ff1,84966,1,1,1
13,75,75,0x00000df7,44,0,0x00000000000000000000000000000000000000000000000000000000000000000000000000000000000000c00a00500f,84970,1,1,1
13,75,75,0x00000df7,45,0,0x00000000000000000000000000000000000000000000000000000000000000000000000000000000000000a014ffa004,84974,1,1,1
13,75,75,0x00000df7,46,0,0x000000000000000000000000000000000000000000000000000000000000000000000000000000000000014ffffecffa,84978,1,1,1
13,75,75,0x00000df7,47,0,0x000000000000000000000000000000000000000000000000000000000000000000000000000000000000fffff200cff4,84982,1,1,1
13,75,75,0x00000df7,48,0,0x000000000000000000000000000000000000000000000000000000000000000000000000000000000000ff4ff2007009,84986,1,1,1
13,75,75,0x00000df7,49,0,0x000000000000000000000000000000000000000000000000000000000000000000000000000000000000004015012007,84990,1,1,1
13,75,75,0x00000df7,50,0,0x000000000000000000000000000000000000000000000000000000000000000000000000000000000000fed00fff5002,84994,1,1,1
13,75,75,0x00000df7,51,0,0x000000000000000000000000000000000000000000000000000000000000000000000000000000000000007ff1fddfe2,84998,1,1,1
13,75,75,0x00000df7,52,0,0x00000000000000000000000000000000000000000000000000000000000000000000000000000000000000c011009002,85002,1,1,1
13,75,75,0x00000df7,53,0,0x000000000000000000000000000000000000000000000000000000000000000000000000000000000000fff004ff900f,85006,1,1,1
13,75,75,0x00000df7,54,0,0x000000000000000000000000000000000000000000000000000000000000000000000000000000000000ffffecfec001,85010,1,1,1
13,75,75,0x00000df7,55,0,0x00000000000000000000000000000000000000000000000000000000000000000000000000000000000000500fff7ffd,85014,1,1,1
13,75,75,0x00000df7,56,0,0x000000000000000000000000000000000000000000000000000000000000000000000000000000000000ffd00a00ffff,85018,1,1,1
13,75,75,0x00000df7,57,0,0x000000000000000000000000000000000000000000000000000000000000000000000000000000000000ffdff4ffa004,85022,1,1,1
13,75,75,0x00000df7,58,0,0x000000000000000000000000000000000000000000000000000000000000000000000000000000000000004005004005,85026,1,1,1
13,75,75,0x00000df7,59,0,0x00000000000000000000000000000000000000000000000000000000000000000000000000000000000000100a009ff7,85030,1,1,1
13,75,75,0x00000df7,60,0,0x000000000000000000000000000000000000000000000000000000000000000000000000000000000000ff9004ff7005,85034,1,1,1
13,75,75,0x00000df7,61,0,0x000000000000000000000000000000000000000000000000000000000000000000000000000000000000ffaff7fff005,85038,1,1,1
13,75,75,0x00000df7,62,0,0x000000000000000000000000000000000000000000000000000000000000000000000000000000000000ffa007fedffc,85042,1,1,1
13,75,75,0x00000df7,63,1,0x00000000000000000000000000000000000000000000000000000000000000000000000000000000000000200900cffc,85046,1,1,1
14,76,76,0x00001490,0,0,0x000000000000000000000000000000000000000000000000000000000000000000000000000000000000ff4ff9fff009,86358,1,1,1
14,76,76,0x00001490,1,0,0x000000000000000000000000000000000000000000000000000000000000000000000000000000000000009ffc001ff7,86362,1,1,1
14,76,76,0x00001490,2,0,0x00000000000000000000000000000000000000000000000000000000000000000000000000000000000000a005005ff1,86366,1,1,1
14,76,76,0x00001490,3,0,0x000000000000000000000000000000000000000000000000000000000000000000000000000000000000ffaff900a011,86370,1,1,1
14,76,76,0x00001490,4,0,0x000000000000000000000000000000000000000000000000000000000000000000000000000000000000015012fff001,86374,1,1,1
14,76,76,0x00001490,5,0,0x000000000000000000000000000000000000000000000000000000000000000000000000000000000000fecfff00500c,86378,1,1,1
14,76,76,0x00001490,6,0,0x000000000000000000000000000000000000000000000000000000000000000000000000000000000000fff00400cfec,86382,1,1,1
14,76,76,0x00001490,7,0,0x000000000000000000000000000000000000000000000000000000000000000000000000000000000000ffc007ff7002,86386,1,1,1
14,76,76,0x00001490,8,0,0x000000000000000000000000000000000000000000000000000000000000000000000000000000000000004ff7ff200a,86390,1,1,1
14,76,76,0x00001490,9,0,0x000000000000000000000000000000000000000000000000000000000000000000000000000000000000ff9001017009,86394,1,1,1
14,76,76,0x00001490,10,0,0x000000000000000000000000000000000000000000000000000000000000000000000000000000000000ffdfeafecfe7,86398,1,1,1
14,76,76,0x00001490,11,0,0x000000000000000000000000000000000000000000000000000000000000000000000000000000000000012004014ffd,86402,1,1,1
14,76,76,0x00001490,12,0,0x00000000000000000000000000000000000000000000000000000000000000000000000000000000000000affc00d001,86406,1,1,1
14,76,76,0x00001490,13,0,0x000000000000000000000000000000000000000000000000000000000000000000000000000000000000fe1015ff7ff1,86410,1,1,1
14,76,76,0x00001490,14,0,0x000000000000000000000000000000000000000000000000000000000000000000000000000000000000fe404a035fdd,86414,1,1,1
14,76,76,0x00001490,15,0,0x000000000000000000000000000000000000000000000000000000000000000000000000000000000000047057ff5fad,86418,1,1,1
14,76,76,0x00001490,16,0,0x000000000000000000000000000000000000000000000000000000000000000000000000000000000000fdffa1f8afec,86422,1,1,1
14,76,76,0x00001490,17,0,0x00000000000000000000000000000000000000000000000000000000000000000000000000000000000001705207103a,86426,1,1,1
14,76,76,0x00001490,18,0,0x000000000000000000000000000000000000000000000000000000000000000000000000000000000000fd5facf9ffc9,86430,1,1,1
14,76,76,0x00001490,19,0,0x00000000000000000000000000000000000000000000000000000000000000000000000000000000000005103f02afec,86434,1,1,1
14,76,76,0x00001490,20,0,0x000000000000000000000000000000000000000000000000000000000000000000000000000000000000fd5ffc02404f,86438,1,1,1
14,76,76,0x00001490,21,0,0x000000000000000000000000000000000000000000000000000000000000000000000000000000000000ffafe2fc7fc5,86442,1,1,1
14,76,76,0x00001490,22,0,0x00000000000000000000000000000000000000000000000000000000000000000000000000000000000002502202200a,86446,1,1,1
14,76,76,0x00001490,23,0,0x000000000000000000000000000000000000000000000000000000000000000000000000000000000000fe200200f01f,86450,1,1,1
14,76,76,0x00001490,24,0,0x000000000000000000000000000000000000000000000000000000000000000000000000000000000000fec004feafec,86454,1,1,1
14,76,76,0x00001490,25,0,0x000000000000000000000000000000000000000000000000000000000000000000000000000000000000fefff5fffffd,86458,1,1,1
14,76,76,0x00001490,26,0,0x000000000000000000000000000000000000000000000000000000000000000000000000000000000000ff700a00400c,86462,1,1,1
14,76,76,0x00001490,27,0,0x000000000000000000000000000000000000000000000000000000000000000000000000000000000000ffa004009fff,86466,1,1,1
14,76,76,0x00001490,28,0,0x00000000000000000000000000000000000000000000000000000000000000000000000000000000000000200d00400d,86470,1,1,1
14,76,76,0x00001490,29,0,0x000000000000000000000000000000000000000000000000000000000000000000000000000000000000005004ffaff9,86474,1,1,1
14,76,76,0x00001490,30,0,0x000000000000000000000000000000000000000000000000000000000000000000000000000000000000004ffdffdff9,86478,1,1,1
14,76,76,0x00001490,31,0,0x000000000000000000000000000000000000000000000000000000000000000000000000000000000000ff400d00c001,86482,1,1,1
14,76,76,0x00001490,32,0,0x000000000000000000000000000000000000000000000000000000000000000000000000000000000000fef004001fff,86486,1,1,1
14,76,76,0x00001490,33,0,0x000000000000000000000000000000000000000000000000000000000000000000000000000000000000ffd00500fff7,86490,1,1,1
14,76,76,0x00001490,34,0,0x000000000000000000000000000000000000000000000000000000000000000000000000000000000000ff5012ffdfff,86494,1,1,1
14,76,76,0x00001490,35,0,0x000000000000000000000000000000000000000000000000000000000000000000000000000000000000ff5ff1ffd007,86498,1,1,1
14,76,76,0x00001490,36,0,0x000000000000000000000000000000000000000000000000000000000000000000000000000000000000007009ff4ffa,86502,1,1,1
14,76,76,0x00001490,37,0,0x00000000000000000000000000000000000000000000000000000000000000000000000000000000000000101700cffa,86506,1,1,1
14,76,76,0x00001490,38,0,0x000000000000000000000000000000000000000000000000000000000000000000000000000000000000ff9fff004009,86510,1,1,1
14,76,76,0x00001490,39,0,0x00000000000000000000000000000000000000000000000000000000000000000000000000000000000000fffafe7ff2,86514,1,1,1
14,76,76,0x00001490,40,0,0x000000000000000000000000000000000000000000000000000000000000000000000000000000000000ff5ffdffd009,86518,1,1,1
14,76,76,0x00001490,41,0,0x000000000000000000000000000000000000000000000000000000000000000000000000000000000000ffaffc017ffc,86522,1,1,1
14,76,76,0x00001490,42,0,0x000000000000000000000000000000000000000000000000000000000000000000000000000000000000ff1ff2ffafed,86526,1,1,1
14,76,76,0x00001490,43,0,0x00000000000000000000000000000000000000000000000000000000000000000000000000000000000000f007007ff5,86530,1,1,1
14,76,76,0x00001490,44,0,0x00000000000000000000000000000000000000000000000000000000000000000000000000000000000000400c00a005,86534,1,1,1
14,76,76,0x00001490,45,0,0x000000000000000000000000000000000000000000000000000000000000000000000000000000000000ffa00a014ffa,86538,1,1,1
14,76,76,0x00001490,46,0,0x000000000000000000000000000000000000000000000000000000000000000000000000000000000000ff4014ffffec,86542,1,1,1
14,76,76,0x00001490,47,0,0x000000000000000000000000000000000000000000000000000000000000000000000000000000000000009fffff200c,86546,1,1,1
14,76,76,0x00001490,48,0,0x000000000000000000000000000000000000000000000000000000000000000000000000000000000000007ff4ff2007,86550,1,1,1
14,76,76,0x00001490,49,0,0x000000000000000000000000000000000000000000000000000000000000000000000000000000000000002004015012,86554,1,1,1
14,76,76,0x00001490,50,0,0x000000000000000000000000000000000000000000000000000000000000000000000000000000000000fe2fed00fff5,86558,1,1,1
14,76,76,0x00001490,51,0,0x000000000000000000000000000000000000000000000000000000000000000000000000000000000000002007ff1fdd,86562,1,1,1
14,76,76,0x00001490,52,0,0x00000000000000000000000000000000000000000000000000000000000000000000000000000000000000f00c011009,86566,1,1,1
14,76,76,0x00001490,53,0,0x000000000000000000000000000000000000000000000000000000000000000000000000000000000000001fff004ff9,86570,1,1,1
14,76,76,0x00001490,54,0,0x000000000000000000000000000000000000000000000000000000000000000000000000000000000000ffdffffecfec,86574,1,1,1
14,76,76,0x00001490,55,0,0x000000000000000000000000000000000000000000000000000000000000000000000000000000000000fff00500fff7,86578,1,1,1
14,76,76,0x00001490,56,0,0x000000000000000000000000000000000000000000000000000000000000000000000000000000000000004ffd00a00f,86582,1,1,1
14,76,76,0x00001490,57,0,0x000000000000000000000000000000000000000000000000000000000000000000000000000000000000005ffdff4ffa,86586,1,1,1
14,76,76,0x00001490,58,0,0x000000000000000000000000000000000000000000000000000000000000000000000000000000000000ff7004005004,86590,1,1,1
14,76,76,0x00001490,59,0,0x00000000000000000000000000000000000000000000000000000000000000000000000000000000000000500100a009,86594,1,1,1
14,76,76,0x00001490,60,0,0x000000000000000000000000000000000000000000000000000000000000000000000000000000000000005ff9004ff7,86598,1,1,1
14,76,76,0x00001490,61,0,0x000000000000000000000000000000000000000000000000000000000000000000000000000000000000ffcffaff7fff,86602,1,1,1
14,76,76,0x00001490,62,0,0x000000000000000000000000000000000000000000000000000000000000000000000000000000000000ffcffa007fed,86606,1,1,1
14,76,76,0x00001490,63,1,0x000000000000000000000000000000000000000000000000000000000000000000000000000000000000ff900200900c,86610,1,1,1
15,77,77,0x000013f3,0,0,0x000000000000000000000000000000000000000000000000000000000000000000000000000000000000ff7ff4ff9fff,87922,1,1,1
15,77,77,0x000013f3,1,0,0x000000000000000000000000000000000000000000000000000000000000000000000000000000000000ff1009ffc001,87926,1,1,1
15,77,77,0x000013f3,2,0,0x00000000000000000000000000000000000000000000000000000000000000000000000000000000000001100a005005,87930,1,1,1
15,77,77,0x000013f3,3,0,0x000000000000000000000000000000000000000000000000000000000000000000000000000000000000001ffaff900a,87934,1,1,1
15,77,77,0x000013f3,4,0,0x00000000000000000000000000000000000000000000000000000000000000000000000000000000000000c015012fff,87938,1,1,1
15,77,77,0x000013f3,5,0,0x000000000000000000000000000000000000000000000000000000000000000000000000000000000000fecfecfff005,87942,1,1,1
15,77,77,0x000013f3,6,0,0x000000000000000000000000000000000000000000000000000000000000000000000000000000000000002fff00400c,87946,1,1,1
15,77,77,0x000013f3,7,0,0x00000000000000000000000000000000000000000000000000000000000000000000000000000000000000affc007ff7,87950,1,1,1
15,77,77,0x000013f3,8,0,0x000000000000000000000000000000000000000000000000000000000000000000000000000000000000009004ff7ff2,87954,1,1,1
15,77,77,0x000013f3,9,0,0x000000000000000000000000000000000000000000000000000000000000000000000000000000000000fe7ff9001017,87958,1,1,1
15,77,77,0x000013f3,10,0,0x000000000000000000000000000000000000000000000000000000000000000000000000000000000000ffdffdfeafec,87962,1,1,1
15,77,77,0x000013f3,11,0,0x000000000000000000000000000000000000000000000000000000000000000000000000000000000000001012004014,87966,1,1,1
15,77,77,0x000013f3,12,0,0x000000000000000000000000000000000000000000000000000000000000000000000000000000000000ff100affc00d,87970,1,1,1
15,77,77,0x000013f3,13,0,0x000000000000000000000000000000000000000000000000000000000000000000000000000000000000fddfe1015ff7,87974,1,1,1
15,77,77,0x000013f3,14,0,0x000000000000000000000000000000000000000000000000000000000000000000000000000000000000fadfe404a035,87978,1,1,1
15,77,77,0x000013f3,15,0,0x000000000000000000000000000000000000000000000000000000000000000000000000000000000000fec047057ff5,87982,1,1,1
15,77,77,0x000013f3,16,0,0x00000000000000000000000000000000000000000000000000000000000000000000000000000000000003afdffa1f8a,87986,1,1,1
15,77,77,0x000013f3,17,0,0x000000000000000000000000000000000000000000000000000000000000000000000000000000000000fc9017052071,87990,1,1,1
15,77,77,0x000013f3,18,0,0x000000000000000000000000000000000000000000000000000000000000000000000000000000000000fecfd5facf9f,87994,1,1,1
15,77,77,0x000013f3,19,0,0x00000000000000000000000000000000000000000000000000000000000000000000000000000000000004f05103f02a,87998,1,1,1
15,77,77,0x000013f3,20,0,0x000000000000000000000000000000000000000000000000000000000000000000000000000000000000fc5fd5ffc024,88002,1,1,1
15,77,77,0x000013f3,21,0,0x00000000000000000000000000000000000000000000000000000000000000000000000000000000000000affafe2fc7,88006,1,1,1
15,77,77,0x000013f3,22,0,0x00000000000000000000000000000000000000000000000000000000000000000000000000000000000001f025022022,88010,1,1,1
15,77,77,0x000013f3,23,0,0x000000000000000000000000000000000000000000000000000000000000000000000000000000000000fecfe200200f,88014,1,1,1
15,77,77,0x000013f3,24,0,0x000000000000000000000000000000000000000000000000000000000000000000000000000000000000ffdfec004fea,88018,1,1,1
15,77,77,0x000013f3,25,0,0x00000000000000000000000000000000000000000000000000000000000000000000000000000000000000cfefff5fff,88022,1,1,1
15,77,77,0x000013f3,26,0,0x000000000000000000000000000000000000000000000000000000000000000000000000000000000000fffff700a004,88026,1,1,1
15,77,77,0x000013f3,27,0,0x00000000000000000000000000000000000000000000000000000000000000000000000000000000000000dffa004009,88030,1,1,1
15,77,77,0x000013f3,28,0,0x000000000000000000000000000000000000000000000000000000000000000000000000000000000000ff900200d004,88034,1,1,1
15,77,77,0x000013f3,29,0,0x000000000000000000000000000000000000000000000000000000000000000000000000000000000000ff9005004ffa,88038,1,1,1
15,77,77,0x000013f3,30,0,0x000000000000000000000000000000000000000000000000000000000000000000000000000000000000001004ffdffd,88042,1,1,1
15,77,77,0x000013f3,31,0,0x000000000000000000000000000000000000000000000000000000000000000000000000000000000000fffff400d00c,88046,1,1,1
15,77,77,0x000013f3,32,0,0x000000000000000000000000000000000000000000000000000000000000000000000000000000000000ff7fef004001,88050,1,1,1
15,77,77,0x000013f3,33,0,0x000000000000000000000000000000000000000000000000000000000000000000000000000000000000fffffd00500f,88054,1,1,1
15,77,77,0x000013f3,34,0,0x000000000000000000000000000000000000000000000000000000000000000000000000000000000000007ff5012ffd,88058,1,1,1
15,77,77,0x000013f3,35,0,0x000000000000000000000000000000000000000000000000000000000000000000000000000000000000ffaff5ff1ffd,88062,1,1,1
15,77,77,0x000013f3,36,0,0x000000000000000000000000000000000000000000000000000000000000000000000000000000000000ffa007009ff4,88066,1,1,1
15,77,77,0x000013f3,37,0,0x00000000000000000000000000000000000000000000000000000000000000000000000000000000000000900101700c,88070,1,1,1
15,77,77,0x000013f3,38,0,0x000000000000000000000000000000000000000000000000000000000000000000000000000000000000ff2ff9fff004,88074,1,1,1
15,77,77,0x000013f3,39,0,0x00000000000000000000000000000000000000000000000000000000000000000000000000000000000000900fffafe7,88078,1,1,1
15,77,77,0x000013f3,40,0,0x000000000000000000000000000000000000000000000000000000000000000000000000000000000000ffcff5ffdffd,88082,1,1,1
15,77,77,0x000013f3,41,0,0x000000000000000000000000000000000000000000000000000000000000000000000000000000000000fedffaffc017,88086,1,1,1
15,77,77,0x000013f3,42,0,0x000000000000000000000000000000000000000000000000000000000000000000000000000000000000ff5ff1ff2ffa,88090,1,1,1
15,77,77,0x000013f3,43,0,0x00000000000000000000000000000000000000000000000000000000000000000000000000000000000000500f007007,88094,1,1,1
15,77,77,0x000013f3,44,0,0x000000000000000000000000000000000000000000000000000000000000000000000000000000000000ffa00400c00a,88098,1,1,1
15,77,77,0x000013f3,45,0,0x000000000000000000000000000000000000000000000000000000000000000000000000000000000000fecffa00a014,88102,1,1,1
15,77,77,0x000013f3,46,0,0x00000000000000000000000000000000000000000000000000000000000000000000000000000000000000cff4014fff,88106,1,1,1
15,77,77,0x000013f3,47,0,0x000000000000000000000000000000000000000000000000000000000000000000000000000000000000007009fffff2,88110,1,1,1
15,77,77,0x000013f3,48,0,0x000000000000000000000000000000000000000000000000000000000000000000000000000000000000012007ff4ff2,88114,1,1,1
15,77,77,0x000013f3,49,0,0x000000000000000000000000000000000000000000000000000000000000000000000000000000000000ff5002004015,88118,1,1,1
15,77,77,0x000013f3,50,0,0x000000000000000000000000000000000000000000000000000000000000000000000000000000000000fddfe2fed00f,88122,1,1,1
15,77,77,0x000013f3,51,0,0x000000000000000000000000000000000000000000000000000000000000000000000000000000000000009002007ff1,88126,1,1,1
15,77,77,0x000013f3,52,0,0x000000000000000000000000000000000000000000000000000000000000000000000000000000000000ff900f00c011,88130,1,1,1
15,77,77,0x000013f3,53,0,0x000000000000000000000000000000000000000000000000000000000000000000000000000000000000fec001fff004,88134,1,1,1
15,77,77,0x000013f3,54,0,0x000000000000000000000000000000000000000000000000000000000000000000000000000000000000ff7ffdffffec,88138,1,1,1
15,77,77,0x000013f3,55,0,0x00000000000000000000000000000000000000000000000000000000000000000000000000000000000000ffff00500f,88142,1,1,1
15,77,77,0x000013f3,56,0,0x000000000000000000000000000000000000000000000000000000000000000000000000000000000000ffa004ffd00a,88146,1,1,1
15,77,77,0x000013f3,57,0,0x000000000000000000000000000000000000000000000000000000000000000000000000000000000000004005ffdff4,88150,1,1,1
15,77,77,0x000013f3,58,0,0x000000000000000000000000000000000000000000000000000000000000000000000000000000000000009ff7004005,88154,1,1,1
15,77,77,0x000013f3,59,0,0x000000000000000000000000000000000000000000000000000000000000000000000000000000000000ff700500100a,88158,1,1,1
15,77,77,0x000013f3,60,0,0x000000000000000000000000000000000000000000000000000000000000000000000000000000000000fff005ff9004,88162,1,1,1
15,77,77,0x000013f3,61,0,0x000000000000000000000000000000000000000000000000000000000000000000000000000000000000fedffcffaff7,88166,1,1,1
15,77,77,0x000013f3,62,0,0x00000000000000000000000000000000000000000000000000000000000000000000000000000000000000cffcffa007,88170,1,1,1
15,77,77,0x000013f3,63,1,0x000000000000000000000000000000000000000000000000000000000000000000000000000000000000ff7ff9002009,88174,1,1,1
16,78,78,0x000012ca,0,0,0x000000000000000000000000000000000000000000000000000000000000000000000000000000000000001ff7ff4ff9,89490,1,1,1
16,78,78,0x000012ca,1,0,0x000000000000000000000000000000000000000000000000000000000000000000000000000000000000005ff1009ffc,89494,1,1,1
16,78,78,0x000012ca,2,0,0x00000000000000000000000000000000000000000000000000000000000000000000000000000000000000a01100a005,89498,1,1,1
16,78,78,0x000012ca,3,0,0x000000000000000000000000000000000000000000000000000000000000000000000000000000000000fff001ffaff9,89502,1,1,1
16,78,78,0x000012ca,4,0,0x00000000000000000000000000000000000000000000000000000000000000000000000000000000000000500c015012,89506,1,1,1
16,78,78,0x000012ca,5,0,0x00000000000000000000000000000000000000000000000000000000000000000000000000000000000000cfecfecfff,89510,1,1,1
16,78,78,0x000012ca,6,0,0x000000000000000000000000000000000000000000000000000000000000000000000000000000000000ff7002fff004,89514,1,1,1
16,78,78,0x000012ca,7,0,0x000000000000000000000000000000000000000000000000000000000000000000000000000000000000ff200affc007,89518,1,1,1
16,78,78,0x000012ca,8,0,0x000000000000000000000000000000000000000000000000000000000000000000000000000000000000017009004ff7,89522,1,1,1
16,78,78,0x000012ca,9,0,0x000000000000000000000000000000000000000000000000000000000000000000000000000000000000fecfe7ff9001,89526,1,1,1
16,78,78,0x000012ca,10,0,0x000000000000000000000000000000000000000000000000000000000000000000000000000000000000014ffdffdfea,89530,1,1,1
16,78,78,0x000012ca,11,0,0x00000000000000000000000000000000000000000000000000000000000000000000000000000000000000d001012004,89534,1,1,1
16,78,78,0x000012ca,12,0,0x000000000000000000000000000000000000000000000000000000000000000000000000000000000000ff7ff100affc,89538,1,1,1
16,78,78,0x000012ca,13,0,0x000000000000000000000000000000000000000000000000000000000000000000000000000000000000035fddfe1015,89542,1,1,1
16,78,78,0x000012ca,14,0,0x000000000000000000000000000000000000000000000000000000000000000000000000000000000000ff5fadfe404a,89546,1,1,1
16,78,78,0x000012ca,15,0,0x000000000000000000000000000000000000000000000000000000000000000000000000000000000000f8afec047057,89550,1,1,1
16,78,78,0x000012ca,16,0,0x00000000000000000000000000000000000000000000000000000000000000000000000000000000000007103afdffa1,89554,1,1,1
16,78,78,0x000012ca,17,0,0x000000000000000000000000000000000000000000000000000000000000000000000000000000000000f9ffc9017052,89558,1,1,1
16,78,78,0x000012ca,18,0,0x00000000000000000000000000000000000000000000000000000000000000000000000000000000000002afecfd5fac,89562,1,1,1
16,78,78,0x000012ca,19,0,0x00000000000000000000000000000000000000000000000000000000000000000000000000000000000002404f05103f,89566,1,1,1
16,78,78,0x000012ca,20,0,0x000000000000000000000000000000000000000000000000000000000000000000000000000000000000fc7fc5fd5ffc,89570,1,1,1
16,78,78,0x000012ca,21,0,0x00000000000000000000000000000000000000000000000000000000000000000000000000000000000002200affafe2,89574,1,1,1
16,78,78,0x000012ca,22,0,0x00000000000000000000000000000000000000000000000000000000000000000000000000000000000000f01f025022,89578,1,1,1
16,78,78,0x000012ca,23,0,0x000000000000000000000000000000000000000000000000000000000000000000000000000000000000feafecfe2002,89582,1,1,1
16,78,78,0x000012ca,24,0,0x000000000000000000000000000000000000000000000000000000000000000000000000000000000000fffffdfec004,89586,1,1,1
16,78,78,0x000012ca,25,0,0x00000000000000000000000000000000000000000000000000000000000000000000000000000000000000400cfefff5,89590,1,1,1
16,78,78,0x000012ca,26,0,0x000000000000000000000000000000000000000000000000000000000000000000000000000000000000009fffff700a,89594,1,1,1
16,78,78,0x000012ca,27,0,0x00000000000000000000000000000000000000000000000000000000000000000000000000000000000000400dffa004,89598,1,1,1
16,78,78,0x000012ca,28,0,0x000000000000000000000000000000000000000000000000000000000000000000000000000000000000ffaff900200d,89602,1,1,1
16,78,78,0x000012ca,29,0,0x000000000000000000000000000000000000000000000000000000000000000000000000000000000000ffdff9005004,89606,1,1,1
16,78,78,0x000012ca,30,0,0x00000000000000000000000000000000000000000000000000000000000000000000000000000000000000c001004ffd,89610,1,1,1
16,78,78,0x000012ca,31,0,0x000000000000000000000000000000000000000000000000000000000000000000000000000000000000001fffff400d,89614,1,1,1
16,78,78,0x000012ca,32,0,0x00000000000000000000000000000000000000000000000000000000000000000000000000000000000000fff7fef004,89618,1,1,1
16,78,78,0x000012ca,33,0,0x000000000000000000000000000000000000000000000000000000000000000000000000000000000000ffdfffffd005,89622,1,1,1
16,78,78,0x000012ca,34,0,0x000000000000000000000000000000000000000000000000000000000000000000000000000000000000ffd007ff5012,89626,1,1,1
16,78,78,0x000012ca,35,0,0x000000000000000000000000000000000000000000000000000000000000000000000000000000000000ff4ffaff5ff1,89630,1,1,1
16,78,78,0x000012ca,36,0,0x00000000000000000000000000000000000000000000000000000000000000000000000000000000000000cffa007009,89634,1,1,1
16,78,78,0x000012ca,37,0,0x000000000000000000000000000000000000000000000000000000000000000000000000000000000000004009001017,89638,1,1,1
16,78,78,0x000012ca,38,0,0x000000000000000000000000000000000000000000000000000000000000000000000000000000000000fe7ff2ff9fff,89642,1,1,1
16,78,78,0x000012ca,39,0,0x000000000000000000000000000000000000000000000000000000000000000000000000000000000000ffd00900fffa,89646,1,1,1
16,78,78,0x000012ca,40,0,0x000000000000000000000000000000000000000000000000000000000000000000000000000000000000017ffcff5ffd,89650,1,1,1
16,78,78,0x000012ca,41,0,0x000000000000000000000000000000000000000000000000000000000000000000000000000000000000ffafedffaffc,89654,1,1,1
16,78,78,0x000012ca,42,0,0x000000000000000000000000000000000000000000000000000000000000000000000000000000000000007ff5ff1ff2,89658,1,1,1
16,78,78,0x000012ca,43,0,0x00000000000000000000000000000000000000000000000000000000000000000000000000000000000000a00500f007,89662,1,1,1
16,78,78,0x000012ca,44,0,0x000000000000000000000000000000000000000000000000000000000000000000000000000000000000014ffa00400c,89666,1,1,1
16,78,78,0x000012ca,45,0,0x000000000000000000000000000000000000000000000000000000000000000000000000000000000000ffffecffa00a,89670,1,1,1
16,78,78,0x000012ca,46,0,0x000000000000000000000000000000000000000000000000000000000000000000000000000000000000ff200cff4014,89674,1,1,1
16,78,78,0x000012ca,47,0,0x000000000000000000000000000000000000000000000000000000000000000000000000000000000000ff2007009fff,89678,1,1,1
16,78,78,0x000012ca,48,0,0x000000000000000000000000000000000000000000000000000000000000000000000000000000000000015012007ff4,89682,1,1,1
16,78,78,0x000012ca,49,0,0x00000000000000000000000000000000000000000000000000000000000000000000000000000000000000fff5002004,89686,1,1,1
16,78,78,0x000012ca,50,0,0x000000000000000000000000000000000000000000000000000000000000000000000000000000000000ff1fddfe2fed,89690,1,1,1
16,78,78,0x000012ca,51,0,0x000000000000000000000000000000000000000000000000000000000000000000000000000000000000011009002007,89694,1,1,1
16,78,78,0x000012ca,52,0,0x000000000000000000000000000000000000000000000000000000000000000000000000000000000000004ff900f00c,89698,1,1,1
16,78,78,0x000012ca,53,0,0x000000000000000000000000000000000000000000000000000000000000000000000000000000000000fecfec001fff,89702,1,1,1
16,78,78,0x000012ca,54,0,0x00000000000000000000000000000000000000000000000000000000000000000000000000000000000000fff7ffdfff,89706,1,1,1
16,78,78,0x000012ca,55,0,0x00000000000000000000000000000000000000000000000000000000000000000000000000000000000000a00ffff005,89710,1,1,1
16,78,78,0x000012ca,56,0,0x000000000000000000000000000000000000000000000000000000000000000000000000000000000000ff4ffa004ffd,89714,1,1,1
16,78,78,0x000012ca,57,0,0x000000000000000000000000000000000000000000000000000000000000000000000000000000000000005004005ffd,89718,1,1,1
16,78,78,0x000012ca,58,0,0x00000000000000000000000000000000000000000000000000000000000000000000000000000000000000a009ff7004,89722,1,1,1
16,78,78,0x000012ca,59,0,0x000000000000000000000000000000000000000000000000000000000000000000000000000000000000004ff7005001,89726,1,1,1
16,78,78,0x000012ca,60,0,0x000000000000000000000000000000000000000000000000000000000000000000000000000000000000ff7fff005ff9,89730,1,1,1
16,78,78,0x000012ca,61,0,0x000000000000000000000000000000000000000000000000000000000000000000000000000000000000007fedffcffa,89734,1,1,1
16,78,78,0x000012ca,62,0,0x00000000000000000000000000000000000000000000000000000000000000000000000000000000000000900cffcffa,89738,1,1,1
16,78,78,0x000012ca,63,1,0x000000000000000000000000000000000000000000000000000000000000000000000000000000000000004ff7ff9002,89742,1,1,1
17,79,79,0x00000ecc,0,0,0x000000000000000000000000000000000000000000000000000000000000000000000000000000000000ffc001ff7ff4,91054,1,1,1
17,79,79,0x00000ecc,1,0,0x000000000000000000000000000000000000000000000000000000000000000000000000000000000000005005ff1009,91058,1,1,1
17,79,79,0x00000ecc,2,0,0x000000000000000000000000000000000000000000000000000000000000000000000000000000000000ff900a01100a,91062,1,1,1
17,79,79,0x00000ecc,3,0,0x000000000000000000000000000000000000000000000000000000000000000000000000000000000000012fff001ffa,91066,1,1,1
17,79,79,0x00000ecc,4,0,0x000000000000000000000000000000000000000000000000000000000000000000000000000000000000fff00500c015,91070,1,1,1
17,79,79,0x00000ecc,5,0,0x00000000000000000000000000000000000000000000000000000000000000000000000000000000000000400cfecfec,91074,1,1,1
17,79,79,0x00000ecc,6,0,0x000000000000000000000000000000000000000000000000000000000000000000000000000000000000007ff7002fff,91078,1,1,1
17,79,79,0x00000ecc,7,0,0x000000000000000000000000000000000000000000000000000000000000000000000000000000000000ff7ff200affc,91082,1,1,1
17,79,79,0x00000ecc,8,0,0x000000000000000000000000000000000000000000000000000000000000000000000000000000000000001017009004,91086,1,1,1
17,79,79,0x00000ecc,9,0,0x000000000000000000000000000000000000000000000000000000000000000000000000000000000000feafecfe7ff9,91090,1,1,1
17,79,79,0x00000ecc,10,0,0x000000000000000000000000000000000000000000000000000000000000000000000000000000000000004014ffdffd,91094,1,1,1
17,79,79,0x00000ecc,11,0,0x000000000000000000000000000000000000000000000000000000000000000000000000000000000000ffc00d001012,91098,1,1,1
17,79,79,0x00000ecc,12,0,0x000000000000000000000000000000000000000000000000000000000000000000000000000000000000015ff7ff100a,91102,1,1,1
17,79,79,0x00000ecc,13,0,0x00000000000000000000000000000000000000000000000000000000000000000000000000000000000004a035fddfe1,91106,1,1,1
17,79,79,0x00000ecc,14,0,0x000000000000000000000000000000000000000000000000000000000000000000000000000000000000057ff5fadfe4,91110,1,1,1
17,79,79,0x00000ecc,15,0,0x000000000000000000000000000000000000000000000000000000000000000000000000000000000000fa1f8afec047,91114,1,1,1
17,79,79,0x00000ecc,16,0,0x00000000000000000000000000000000000000000000000000000000000000000000000000000000000005207103afdf,91118,1,1,1
17,79,79,0x00000ecc,17,0,0x000000000000000000000000000000000000000000000000000000000000000000000000000000000000facf9ffc9017,91122,1,1,1
17,79,79,0x00000ecc,18,0,0x00000000000000000000000000000000000000000000000000000000000000000000000000000000000003f02afecfd5,91126,1,1,1
17,79,79,0x00000ecc,19,0,0x000000000000000000000000000000000000000000000000000000000000000000000000000000000000ffc02404f051,91130,1,1,1
17,79,79,0x00000ecc,20,0,0x000000000000000000000000000000000000000000000000000000000000000000000000000000000000fe2fc7fc5fd5,91134,1,1,1
17,79,79,0x00000ecc,21,0,0x00000000000000000000000000000000000000000000000000000000000000000000000000000000000002202200affa,91138,1,1,1
17,79,79,0x00000ecc,22,0,0x00000000000000000000000000000000000000000000000000000000000000000000000000000000000000200f01f025,91142,1,1,1
17,79,79,0x00000ecc,23,0,0x000000000000000000000000000000000000000000000000000000000000000000000000000000000000004feafecfe2,91146,1,1,1
17,79,79,0x00000ecc,24,0,0x000000000000000000000000000000000000000000000000000000000000000000000000000000000000ff5fffffdfec,91150,1,1,1
17,79,79,0x00000ecc,25,0,0x00000000000000000000000000000000000000000000000000000000000000000000000000000000000000a00400cfef,91154,1,1,1
17,79,79,0x00000ecc,26,0,0x000000000000000000000000000000000000000000000000000000000000000000000000000000000000004009fffff7,91158,1,1,1
17,79,79,0x00000ecc,27,0,0x00000000000000000000000000000000000000000000000000000000000000000000000000000000000000d00400dffa,91162,1,1,1
17,79,79,0x00000ecc,28,0,0x000000000000000000000000000000000000000000000000000000000000000000000000000000000000004ffaff9002,91166,1,1,1
17,79,79,0x00000ecc,29,0,0x000000000000000000000000000000000000000000000000000000000000000000000000000000000000ffdffdff9005,91170,1,1,1
17,79,79,0x00000ecc,30,0,0x00000000000000000000000000000000000000000000000000000000000000000000000000000000000000d00c001004,91174,1,1,1
17,79,79,0x00000ecc,31,0,0x000000000000000000000000000000000000000000000000000000000000000000000000000000000000004001fffff4,91178,1,1,1
17,79,79,0x00000ecc,32,0,0x00000000000000000000000000000000000000000000000000000000000000000000000000000000000000500fff7fef,91182,1,1,1
17,79,79,0x00000ecc,33,0,0x000000000000000000000000000000000000000000000000000000000000000000000000000000000000012ffdfffffd,91186,1,1,1
17,79,79,0x00000ecc,34,0,0x000000000000000000000000000000000000000000000000000000000000000000000000000000000000ff1ffd007ff5,91190,1,1,1
17,79,79,0x00000ecc,35,0,0x000000000000000000000000000000000000000000000000000000000000000000000000000000000000009ff4ffaff5,91194,1,1,1
17,79,79,0x00000ecc,36,0,0x00000000000000000000000000000000000000000000000000000000000000000000000000000000000001700cffa007,91198,1,1,1
17,79,79,0x00000ecc,37,0,0x000000000000000000000000000000000000000000000000000000000000000000000000000000000000fff004009001,91202,1,1,1
17,79,79,0x00000ecc,38,0,0x000000000000000000000000000000000000000000000000000000000000000000000000000000000000ffafe7ff2ff9,91206,1,1,1
17,79,79,0x00000ecc,39,0,0x000000000000000000000000000000000000000000000000000000000000000000000000000000000000ffdffd00900f,91210,1,1,1
17,79,79,0x00000ecc,40,0,0x000000000000000000000000000000000000000000000000000000000000000000000000000000000000ffc017ffcff5,91214,1,1,1
17,79,79,0x00000ecc,41,0,0x000000000000000000000000000000000000000000000000000000000000000000000000000000000000ff2ffafedffa,91218,1,1,1
17,79,79,0x00000ecc,42,0,0x000000000000000000000000000000000000000000000000000000000000000000000000000000000000007007ff5ff1,91222,1,1,1
17,79,79,0x00000ecc,43,0,0x00000000000000000000000000000000000000000000000000000000000000000000000000000000000000c00a00500f,91226,1,1,1
17,79,79,0x00000ecc,44,0,0x00000000000000000000000000000000000000000000000000000000000000000000000000000000000000a014ffa004,91230,1,1,1
17,79,79,0x00000ecc,45,0,0x000000000000000000000000000000000000000000000000000000000000000000000000000000000000014ffffecffa,91234,1,1,1
17,79,79,0x00000ecc,46,0,0x000000000000000000000000000000000000000000000000000000000000000000000000000000000000fffff200cff4,91238,1,1,1
17,79,79,0x00000ecc,47,0,0x000000000000000000000000000000000000000000000000000000000000000000000000000000000000ff4ff2007009,91242,1,1,1
17,79,79,0x00000ecc,48,0,0x000000000000000000000000000000000000000000000000000000000000000000000000000000000000004015012007,91246,1,1,1
17,79,79,0x00000ecc,49,0,0x000000000000000000000000000000000000000000000000000000000000000000000000000000000000fed00fff5002,91250,1,1,1
17,79,79,0x00000ecc,50,0,0x000000000000000000000000000000000000000000000000000000000000000000000000000000000000007ff1fddfe2,91254,1,1,1
17,79,79,0x00000ecc,51,0,0x00000000000000000000000000000000000000000000000000000000000000000000000000000000000000c011009002,91258,1,1,1
17,79,79,0x00000ecc,52,0,0x000000000000000000000000000000000000000000000000000000000000000000000000000000000000fff004ff900f,91262,1,1,1
17,79,79,0x00000ecc,53,0,0x000000000000000000000000000000000000000000000000000000000000000000000000000000000000ffffecfec001,91266,1,1,1
17,79,79,0x00000ecc,54,0,0x00000000000000000000000000000000000000000000000000000000000000000000000000000000000000500fff7ffd,91270,1,1,1
17,79,79,0x00000ecc,55,0,0x000000000000000000000000000000000000000000000000000000000000000000000000000000000000ffd00a00ffff,91274,1,1,1
17,79,79,0x00000ecc,56,0,0x000000000000000000000000000000000000000000000000000000000000000000000000000000000000ffdff4ffa004,91278,1,1,1
17,79,79,0x00000ecc,57,0,0x000000000000000000000000000000000000000000000000000000000000000000000000000000000000004005004005,91282,1,1,1
17,79,79,0x00000ecc,58,0,0x00000000000000000000000000000000000000000000000000000000000000000000000000000000000000100a009ff7,91286,1,1,1
17,79,79,0x00000ecc,59,0,0x000000000000000000000000000000000000000000000000000000000000000000000000000000000000ff9004ff7005,91290,1,1,1
17,79,79,0x00000ecc,60,0,0x000000000000000000000000000000000000000000000000000000000000000000000000000000000000ffaff7fff005,91294,1,1,1
17,79,79,0x00000ecc,61,0,0x000000000000000000000000000000000000000000000000000000000000000000000000000000000000ffa007fedffc,91298,1,1,1
17,79,79,0x00000ecc,62,0,0x00000000000000000000000000000000000000000000000000000000000000000000000000000000000000200900cffc,91302,1,1,1
17,79,79,0x00000ecc,63,1,0x000000000000000000000000000000000000000000000000000000000000000000000000000000000000012004ff7ff9,91306,1,1,1
18,80,80,0x00000ab8,0,0,0x000000000000000000000000000000000000000000000000000000000000000000000000000000000000009ffc001ff7,92618,1,1,1
18,80,80,0x00000ab8,1,0,0x00000000000000000000000000000000000000000000000000000000000000000000000000000000000000a005005ff1,92622,1,1,1
18,80,80,0x00000ab8,2,0,0x000000000000000000000000000000000000000000000000000000000000000000000000000000000000ffaff900a011,92626,1,1,1
18,80,80,0x00000ab8,3,0,0x000000000000000000000000000000000000000000000000000000000000000000000000000000000000015012fff001,92630,1,1,1
18,80,80,0x00000ab8,4,0,0x000000000000000000000000000000000000000000000000000000000000000000000000000000000000fecfff00500c,92634,1,1,1
18,80,80,0x00000ab8,5,0,0x000000000000000000000000000000000000000000000000000000000000000000000000000000000000fff00400cfec,92638,1,1,1
18,80,80,0x00000ab8,6,0,0x000000000000000000000000000000000000000000000000000000000000000000000000000000000000ffc007ff7002,92642,1,1,1
18,80,80,0x00000ab8,7,0,0x000000000000000000000000000000000000000000000000000000000000000000000000000000000000004ff7ff200a,92646,1,1,1
18,80,80,0x00000ab8,8,0,0x000000000000000000000000000000000000000000000000000000000000000000000000000000000000ff9001017009,92650,1,1,1
18,80,80,0x00000ab8,9,0,0x000000000000000000000000000000000000000000000000000000000000000000000000000000000000ffdfeafecfe7,92654,1,1,1
18,80,80,0x00000ab8,10,0,0x000000000000000000000000000000000000000000000000000000000000000000000000000000000000012004014ffd,92658,1,1,1
18,80,80,0x00000ab8,11,0,0x00000000000000000000000000000000000000000000000000000000000000000000000000000000000000affc00d001,92662,1,1,1
18,80,80,0x00000ab8,12,0,0x000000000000000000000000000000000000000000000000000000000000000000000000000000000000fe1015ff7ff1,92666,1,1,1
18,80,80,0x00000ab8,13,0,0x000000000000000000000000000000000000000000000000000000000000000000000000000000000000fe404a035fdd,92670,1,1,1
18,80,80,0x00000ab8,14,0,0x000000000000000000000000000000000000000000000000000000000000000000000000000000000000047057ff5fad,92674,1,1,1
18,80,80,0x00000ab8,15,0,0x000000000000000000000000000000000000000000000000000000000000000000000000000000000000fdffa1f8afec,92678,1,1,1
18,80,80,0x00000ab8,16,0,0x00000000000000000000000000000000000000000000000000000000000000000000000000000000000001705207103a,92682,1,1,1
18,80,80,0x00000ab8,17,0,0x000000000000000000000000000000000000000000000000000000000000000000000000000000000000fd5facf9ffc9,92686,1,1,1
18,80,80,0x00000ab8,18,0,0x00000000000000000000000000000000000000000000000000000000000000000000000000000000000005103f02afec,92690,1,1,1
18,80,80,0x00000ab8,19,0,0x000000000000000000000000000000000000000000000000000000000000000000000000000000000000fd5ffc02404f,92694,1,1,1
18,80,80,0x00000ab8,20,0,0x000000000000000000000000000000000000000000000000000000000000000000000000000000000000ffafe2fc7fc5,92698,1,1,1
18,80,80,0x00000ab8,21,0,0x00000000000000000000000000000000000000000000000000000000000000000000000000000000000002502202200a,92702,1,1,1
18,80,80,0x00000ab8,22,0,0x000000000000000000000000000000000000000000000000000000000000000000000000000000000000fe200200f01f,92706,1,1,1
18,80,80,0x00000ab8,23,0,0x000000000000000000000000000000000000000000000000000000000000000000000000000000000000fec004feafec,92710,1,1,1
18,80,80,0x00000ab8,24,0,0x000000000000000000000000000000000000000000000000000000000000000000000000000000000000fefff5fffffd,92714,1,1,1
18,80,80,0x00000ab8,25,0,0x000000000000000000000000000000000000000000000000000000000000000000000000000000000000ff700a00400c,92718,1,1,1
18,80,80,0x00000ab8,26,0,0x000000000000000000000000000000000000000000000000000000000000000000000000000000000000ffa004009fff,92722,1,1,1
18,80,80,0x00000ab8,27,0,0x00000000000000000000000000000000000000000000000000000000000000000000000000000000000000200d00400d,92726,1,1,1
18,80,80,0x00000ab8,28,0,0x000000000000000000000000000000000000000000000000000000000000000000000000000000000000005004ffaff9,92730,1,1,1
18,80,80,0x00000ab8,29,0,0x000000000000000000000000000000000000000000000000000000000000000000000000000000000000004ffdffdff9,92734,1,1,1
18,80,80,0x00000ab8,30,0,0x000000000000000000000000000000000000000000000000000000000000000000000000000000000000ff400d00c001,92738,1,1,1
18,80,80,0x00000ab8,31,0,0x000000000000000000000000000000000000000000000000000000000000000000000000000000000000fef004001fff,92742,1,1,1
18,80,80,0x00000ab8,32,0,0x000000000000000000000000000000000000000000000000000000000000000000000000000000000000ffd00500fff7,92746,1,1,1
18,80,80,0x00000ab8,33,0,0x000000000000000000000000000000000000000000000000000000000000000000000000000000000000ff5012ffdfff,92750,1,1,1
18,80,80,0x00000ab8,34,0,0x000000000000000000000000000000000000000000000000000000000000000000000000000000000000ff5ff1ffd007,92754,1,1,1
18,80,80,0x00000ab8,35,0,0x000000000000000000000000000000000000000000000000000000000000000000000000000000000000007009ff4ffa,92758,1,1,1
18,80,80,0x00000ab8,36,0,0x00000000000000000000000000000000000000000000000000000000000000000000000000000000000000101700cffa,92762,1,1,1
18,80,80,0x00000ab8,37,0,0x000000000000000000000000000000000000000000000000000000000000000000000000000000000000ff9fff004009,92766,1,1,1
18,80,80,0x00000ab8,38,0,0x00000000000000000000000000000000000000000000000000000000000000000000000000000000000000fffafe7ff2,92770,1,1,1
18,80,80,0x00000ab8,39,0,0x000000000000000000000000000000000000000000000000000000000000000000000000000000000000ff5ffdffd009,92774,1,1,1
18,80,80,0x00000ab8,40,0,0x000000000000000000000000000000000000000000000000000000000000000000000000000000000000ffaffc017ffc,92778,1,1,1
18,80,80,0x00000ab8,41,0,0x000000000000000000000000000000000000000000000000000000000000000000000000000000000000ff1ff2ffafed,92782,1,1,1
18,80,80,0x00000ab8,42,0,0x00000000000000000000000000000000000000000000000000000000000000000000000000000000000000f007007ff5,92786,1,1,1
18,80,80,0x00000ab8,43,0,0x00000000000000000000000000000000000000000000000000000000000000000000000000000000000000400c00a005,92790,1,1,1
18,80,80,0x00000ab8,44,0,0x000000000000000000000000000000000000000000000000000000000000000000000000000000000000ffa00a014ffa,92794,1,1,1
18,80,80,0x00000ab8,45,0,0x000000000000000000000000000000000000000000000000000000000000000000000000000000000000ff4014ffffec,92798,1,1,1
18,80,80,0x00000ab8,46,0,0x000000000000000000000000000000000000000000000000000000000000000000000000000000000000009fffff200c,92802,1,1,1
18,80,80,0x00000ab8,47,0,0x000000000000000000000000000000000000000000000000000000000000000000000000000000000000007ff4ff2007,92806,1,1,1
18,80,80,0x00000ab8,48,0,0x000000000000000000000000000000000000000000000000000000000000000000000000000000000000002004015012,92810,1,1,1
18,80,80,0x00000ab8,49,0,0x000000000000000000000000000000000000000000000000000000000000000000000000000000000000fe2fed00fff5,92814,1,1,1
18,80,80,0x00000ab8,50,0,0x000000000000000000000000000000000000000000000000000000000000000000000000000000000000002007ff1fdd,92818,1,1,1
18,80,80,0x00000ab8,51,0,0x00000000000000000000000000000000000000000000000000000000000000000000000000000000000000f00c011009,92822,1,1,1
18,80,80,0x00000ab8,52,0,0x000000000000000000000000000000000000000000000000000000000000000000000000000000000000001fff004ff9,92826,1,1,1
18,80,80,0x00000ab8,53,0,0x000000000000000000000000000000000000000000000000000000000000000000000000000000000000ffdffffecfec,92830,1,1,1
18,80,80,0x00000ab8,54,0,0x000000000000000000000000000000000000000000000000000000000000000000000000000000000000fff00500fff7,92834,1,1,1
18,80,80,0x00000ab8,55,0,0x000000000000000000000000000000000000000000000000000000000000000000000000000000000000004ffd00a00f,92838,1,1,1
18,80,80,0x00000ab8,56,0,0x000000000000000000000000000000000000000000000000000000000000000000000000000000000000005ffdff4ffa,92842,1,1,1
18,80,80,0x00000ab8,57,0,0x000000000000000000000000000000000000000000000000000000000000000000000000000000000000ff7004005004,92846,1,1,1
18,80,80,0x00000ab8,58,0,0x00000000000000000000000000000000000000000000000000000000000000000000000000000000000000500100a009,92850,1,1,1
18,80,80,0x00000ab8,59,0,0x000000000000000000000000000000000000000000000000000000000000000000000000000000000000005ff9004ff7,92854,1,1,1
18,80,80,0x00000ab8,60,0,0x000000000000000000000000000000000000000000000000000000000000000000000000000000000000ffcffaff7fff,92858,1,1,1
18,80,80,0x00000ab8,61,0,0x000000000000000000000000000000000000000000000000000000000000000000000000000000000000ffcffa007fed,92862,1,1,1
18,80,80,0x00000ab8,62,0,0x000000000000000000000000000000000000000000000000000000000000000000000000000000000000ff900200900c,92866,1,1,1
18,80,80,0x00000ab8,63,1,0x000000000000000000000000000000000000000000000000000000000000000000000000000000000000001012004ff7,92870,1,1,1
19,81,81,0x00000e77,0,0,0x000000000000000000000000000000000000000000000000000000000000000000000000000000000000ff1009ffc001,94182,1,1,1
19,81,81,0x00000e77,1,0,0x00000000000000000000000000000000000000000000000000000000000000000000000000000000000001100a005005,94186,1,1,1
19,81,81,0x00000e77,2,0,0x000000000000000000000000000000000000000000000000000000000000000000000000000000000000001ffaff900a,94190,1,1,1
19,81,81,0x00000e77,3,0,0x00000000000000000000000000000000000000000000000000000000000000000000000000000000000000c015012fff,94194,1,1,1
19,81,81,0x00000e77,4,0,0x000000000000000000000000000000000000000000000000000000000000000000000000000000000000fecfecfff005,94198,1,1,1
19,81,81,0x00000e77,5,0,0x000000000000000000000000000000000000000000000000000000000000000000000000000000000000002fff00400c,94202,1,1,1
19,81,81,0x00000e77,6,0,0x00000000000000000000000000000000000000000000000000000000000000000000000000000000000000affc007ff7,94206,1,1,1
19,81,81,0x00000e77,7,0,0x000000000000000000000000000000000000000000000000000000000000000000000000000000000000009004ff7ff2,94210,1,1,1
19,81,81,0x00000e77,8,0,0x000000000000000000000000000000000000000000000000000000000000000000000000000000000000fe7ff9001017,94214,1,1,1
19,81,81,0x00000e77,9,0,0x000000000000000000000000000000000000000000000000000000000000000000000000000000000000ffdffdfeafec,94218,1,1,1
19,81,81,0x00000e77,10,0,0x000000000000000000000000000000000000000000000000000000000000000000000000000000000000001012004014,94222,1,1,1
19,81,81,0x00000e77,11,0,0x000000000000000000000000000000000000000000000000000000000000000000000000000000000000ff100affc00d,94226,1,1,1
19,81,81,0x00000e77,12,0,0x000000000000000000000000000000000000000000000000000000000000000000000000000000000000fddfe1015ff7,94230,1,1,1
19,81,81,0x00000e77,13,0,0x000000000000000000000000000000000000000000000000000000000000000000000000000000000000fadfe404a035,94234,1,1,1
19,81,81,0x00000e77,14,0,0x000000000000000000000000000000000000000000000000000000000000000000000000000000000000fec047057ff5,94238,1,1,1
19,81,81,0x00000e77,15,0,0x00000000000000000000000000000000000000000000000000000000000000000000000000000000000003afdffa1f8a,94242,1,1,1
19,81,81,0x00000e77,16,0,0x000000000000000000000000000000000000000000000000000000000000000000000000000000000000fc9017052071,94246,1,1,1
19,81,81,0x00000e77,17,0,0x000000000000000000000000000000000000000000000000000000000000000000000000000000000000fecfd5facf9f,94250,1,1,1
19,81,81,0x00000e77,18,0,0x00000000000000000000000000000000000000000000000000000000000000000000000000000000000004f05103f02a,94254,1,1,1
19,81,81,0x00000e77,19,0,0x000000000000000000000000000000000000000000000000000000000000000000000000000000000000fc5fd5ffc024,94258,1,1,1
19,81,81,0x00000e77,20,0,0x00000000000000000000000000000000000000000000000000000000000000000000000000000000000000affafe2fc7,94262,1,1,1
19,81,81,0x00000e77,21,0,0x00000000000000000000000000000000000000000000000000000000000000000000000000000000000001f025022022,94266,1,1,1
19,81,81,0x00000e77,22,0,0x000000000000000000000000000000000000000000000000000000000000000000000000000000000000fecfe200200f,94270,1,1,1
19,81,81,0x00000e77,23,0,0x000000000000000000000000000000000000000000000000000000000000000000000000000000000000ffdfec004fea,94274,1,1,1
19,81,81,0x00000e77,24,0,0x00000000000000000000000000000000000000000000000000000000000000000000000000000000000000cfefff5fff,94278,1,1,1
19,81,81,0x00000e77,25,0,0x000000000000000000000000000000000000000000000000000000000000000000000000000000000000fffff700a004,94282,1,1,1
19,81,81,0x00000e77,26,0,0x00000000000000000000000000000000000000000000000000000000000000000000000000000000000000dffa004009,94286,1,1,1
19,81,81,0x00000e77,27,0,0x000000000000000000000000000000000000000000000000000000000000000000000000000000000000ff900200d004,94290,1,1,1
19,81,81,0x00000e77,28,0,0x000000000000000000000000000000000000000000000000000000000000000000000000000000000000ff9005004ffa,94294,1,1,1
19,81,81,0x00000e77,29,0,0x000000000000000000000000000000000000000000000000000000000000000000000000000000000000001004ffdffd,94298,1,1,1
19,81,81,0x00000e77,30,0,0x000000000000000000000000000000000000000000000000000000000000000000000000000000000000fffff400d00c,94302,1,1,1
19,81,81,0x00000e77,31,0,0x000000000000000000000000000000000000000000000000000000000000000000000000000000000000ff7fef004001,94306,1,1,1
19,81,81,0x00000e77,32,0,0x000000000000000000000000000000000000000000000000000000000000000000000000000000000000fffffd00500f,94310,1,1,1
19,81,81,0x00000e77,33,0,0x000000000000000000000000000000000000000000000000000000000000000000000000000000000000007ff5012ffd,94314,1,1,1
19,81,81,0x00000e77,34,0,0x000000000000000000000000000000000000000000000000000000000000000000000000000000000000ffaff5ff1ffd,94318,1,1,1
19,81,81,0x00000e77,35,0,0x000000000000000000000000000000000000000000000000000000000000000000000000000000000000ffa007009ff4,94322,1,1,1
19,81,81,0x00000e77,36,0,0x00000000000000000000000000000000000000000000000000000000000000000000000000000000000000900101700c,94326,1,1,1
19,81,81,0x00000e77,37,0,0x000000000000000000000000000000000000000000000000000000000000000000000000000000000000ff2ff9fff004,94330,1,1,1
19,81,81,0x00000e77,38,0,0x00000000000000000000000000000000000000000000000000000000000000000000000000000000000000900fffafe7,94334,1,1,1
19,81,81,0x00000e77,39,0,0x000000000000000000000000000000000000000000000000000000000000000000000000000000000000ffcff5ffdffd,94338,1,1,1
19,81,81,0x00000e77,40,0,0x000000000000000000000000000000000000000000000000000000000000000000000000000000000000fedffaffc017,94342,1,1,1
19,81,81,0x00000e77,41,0,0x000000000000000000000000000000000000000000000000000000000000000000000000000000000000ff5ff1ff2ffa,94346,1,1,1
19,81,81,0x00000e77,42,0,0x00000000000000000000000000000000000000000000000000000000000000000000000000000000000000500f007007,94350,1,1,1
19,81,81,0x00000e77,43,0,0x000000000000000000000000000000000000000000000000000000000000000000000000000000000000ffa00400c00a,94354,1,1,1
19,81,81,0x00000e77,44,0,0x000000000000000000000000000000000000000000000000000000000000000000000000000000000000fecffa00a014,94358,1,1,1
19,81,81,0x00000e77,45,0,0x00000000000000000000000000000000000000000000000000000000000000000000000000000000000000cff4014fff,94362,1,1,1
19,81,81,0x00000e77,46,0,0x000000000000000000000000000000000000000000000000000000000000000000000000000000000000007009fffff2,94366,1,1,1
19,81,81,0x00000e77,47,0,0x000000000000000000000000000000000000000000000000000000000000000000000000000000000000012007ff4ff2,94370,1,1,1
19,81,81,0x00000e77,48,0,0x000000000000000000000000000000000000000000000000000000000000000000000000000000000000ff5002004015,94374,1,1,1
19,81,81,0x00000e77,49,0,0x000000000000000000000000000000000000000000000000000000000000000000000000000000000000fddfe2fed00f,94378,1,1,1
19,81,81,0x00000e77,50,0,0x000000000000000000000000000000000000000000000000000000000000000000000000000000000000009002007ff1,94382,1,1,1
19,81,81,0x00000e77,51,0,0x000000000000000000000000000000000000000000000000000000000000000000000000000000000000ff900f00c011,94386,1,1,1
19,81,81,0x00000e77,52,0,0x000000000000000000000000000000000000000000000000000000000000000000000000000000000000fec001fff004,94390,1,1,1
19,81,81,0x00000e77,53,0,0x000000000000000000000000000000000000000000000000000000000000000000000000000000000000ff7ffdffffec,94394,1,1,1
19,81,81,0x00000e77,54,0,0x00000000000000000000000000000000000000000000000000000000000000000000000000000000000000ffff00500f,94398,1,1,1
19,81,81,0x00000e77,55,0,0x000000000000000000000000000000000000000000000000000000000000000000000000000000000000ffa004ffd00a,94402,1,1,1
19,81,81,0x00000e77,56,0,0x000000000000000000000000000000000000000000000000000000000000000000000000000000000000004005ffdff4,94406,1,1,1
19,81,81,0x00000e77,57,0,0x000000000000000000000000000000000000000000000000000000000000000000000000000000000000009ff7004005,94410,1,1,1
19,81,81,0x00000e77,58,0,0x000000000000000000000000000000000000000000000000000000000000000000000000000000000000ff700500100a,94414,1,1,1
19,81,81,0x00000e77,59,0,0x000000000000000000000000000000000000000000000000000000000000000000000000000000000000fff005ff9004,94418,1,1,1
19,81,81,0x00000e77,60,0,0x000000000000000000000000000000000000000000000000000000000000000000000000000000000000fedffcffaff7,94422,1,1,1
19,81,81,0x00000e77,61,0,0x00000000000000000000000000000000000000000000000000000000000000000000000000000000000000cffcffa007,94426,1,1,1
19,81,81,0x00000e77,62,0,0x000000000000000000000000000000000000000000000000000000000000000000000000000000000000ff7ff9002009,94430,1,1,1
19,81,81,0x00000e77,63,1,0x000000000000000000000000000000000000000000000000000000000000000000000000000000000000fff001012004,94434,1,1,1
20,82,82,0x00001537,0,0,0x000000000000000000000000000000000000000000000000000000000000000000000000000000000000005ff1009ffc,95750,1,1,1
20,82,82,0x00001537,1,0,0x00000000000000000000000000000000000000000000000000000000000000000000000000000000000000a01100a005,95754,1,1,1
20,82,82,0x00001537,2,0,0x000000000000000000000000000000000000000000000000000000000000000000000000000000000000fff001ffaff9,95758,1,1,1
20,82,82,0x00001537,3,0,0x00000000000000000000000000000000000000000000000000000000000000000000000000000000000000500c015012,95762,1,1,1
20,82,82,0x00001537,4,0,0x00000000000000000000000000000000000000000000000000000000000000000000000000000000000000cfecfecfff,95766,1,1,1
20,82,82,0x00001537,5,0,0x000000000000000000000000000000000000000000000000000000000000000000000000000000000000ff7002fff004,95770,1,1,1
20,82,82,0x00001537,6,0,0x000000000000000000000000000000000000000000000000000000000000000000000000000000000000ff200affc007,95774,1,1,1
20,82,82,0x00001537,7,0,0x000000000000000000000000000000000000000000000000000000000000000000000000000000000000017009004ff7,95778,1,1,1
20,82,82,0x00001537,8,0,0x000000000000000000000000000000000000000000000000000000000000000000000000000000000000fecfe7ff9001,95782,1,1,1
20,82,82,0x00001537,9,0,0x000000000000000000000000000000000000000000000000000000000000000000000000000000000000014ffdffdfea,95786,1,1,1
20,82,82,0x00001537,10,0,0x00000000000000000000000000000000000000000000000000000000000000000000000000000000000000d001012004,95790,1,1,1
20,82,82,0x00001537,11,0,0x000000000000000000000000000000000000000000000000000000000000000000000000000000000000ff7ff100affc,95794,1,1,1
20,82,82,0x00001537,12,0,0x000000000000000000000000000000000000000000000000000000000000000000000000000000000000035fddfe1015,95798,1,1,1
20,82,82,0x00001537,13,0,0x000000000000000000000000000000000000000000000000000000000000000000000000000000000000ff5fadfe404a,95802,1,1,1
20,82,82,0x00001537,14,0,0x000000000000000000000000000000000000000000000000000000000000000000000000000000000000f8afec047057,95806,1,1,1
20,82,82,0x00001537,15,0,0x00000000000000000000000000000000000000000000000000000000000000000000000000000000000007103afdffa1,95810,1,1,1
20,82,82,0x00001537,16,0,0x000000000000000000000000000000000000000000000000000000000000000000000000000000000000f9ffc9017052,95814,1,1,1
20,82,82,0x00001537,17,0,0x00000000000000000000000000000000000000000000000000000000000000000000000000000000000002afecfd5fac,95818,1,1,1
20,82,82,0x00001537,18,0,0x00000000000000000000000000000000000000000000000000000000000000000000000000000000000002404f05103f,95822,1,1,1
20,82,82,0x00001537,19,0,0x000000000000000000000000000000000000000000000000000000000000000000000000000000000000fc7fc5fd5ffc,95826,1,1,1
20,82,82,0x00001537,20,0,0x00000000000000000000000000000000000000000000000000000000000000000000000000000000000002200affafe2,95830,1,1,1
20,82,82,0x00001537,21,0,0x00000000000000000000000000000000000000000000000000000000000000000000000000000000000000f01f025022,95834,1,1,1
20,82,82,0x00001537,22,0,0x000000000000000000000000000000000000000000000000000000000000000000000000000000000000feafecfe2002,95838,1,1,1
20,82,82,0x00001537,23,0,0x000000000000000000000000000000000000000000000000000000000000000000000000000000000000fffffdfec004,95842,1,1,1
20,82,82,0x00001537,24,0,0x00000000000000000000000000000000000000000000000000000000000000000000000000000000000000400cfefff5,95846,1,1,1
20,82,82,0x00001537,25,0,0x000000000000000000000000000000000000000000000000000000000000000000000000000000000000009fffff700a,95850,1,1,1
20,82,82,0x00001537,26,0,0x00000000000000000000000000000000000000000000000000000000000000000000000000000000000000400dffa004,95854,1,1,1
20,82,82,0x00001537,27,0,0x000000000000000000000000000000000000000000000000000000000000000000000000000000000000ffaff900200d,95858,1,1,1
20,82,82,0x00001537,28,0,0x000000000000000000000000000000000000000000000000000000000000000000000000000000000000ffdff9005004,95862,1,1,1
20,82,82,0x00001537,29,0,0x00000000000000000000000000000000000000000000000000000000000000000000000000000000000000c001004ffd,95866,1,1,1
20,82,82,0x00001537,30,0,0x000000000000000000000000000000000000000000000000000000000000000000000000000000000000001fffff400d,95870,1,1,1
20,82,82,0x00001537,31,0,0x00000000000000000000000000000000000000000000000000000000000000000000000000000000000000fff7fef004,95874,1,1,1
20,82,82,0x00001537,32,0,0x000000000000000000000000000000000000000000000000000000000000000000000000000000000000ffdfffffd005,95878,1,1,1
20,82,82,0x00001537,33,0,0x000000000000000000000000000000000000000000000000000000000000000000000000000000000000ffd007ff5012,95882,1,1,1
20,82,82,0x00001537,34,0,0x000000000000000000000000000000000000000000000000000000000000000000000000000000000000ff4ffaff5ff1,95886,1,1,1
20,82,82,0x00001537,35,0,0x00000000000000000000000000000000000000000000000000000000000000000000000000000000000000cffa007009,95890,1,1,1
20,82,82,0x00001537,36,0,0x000000000000000000000000000000000000000000000000000000000000000000000000000000000000004009001017,95894,1,1,1
20,82,82,0x00001537,37,0,0x000000000000000000000000000000000000000000000000000000000000000000000000000000000000fe7ff2ff9fff,95898,1,1,1
20,82,82,0x00001537,38,0,0x000000000000000000000000000000000000000000000000000000000000000000000000000000000000ffd00900fffa,95902,1,1,1
20,82,82,0x00001537,39,0,0x000000000000000000000000000000000000000000000000000000000000000000000000000000000000017ffcff5ffd,95906,1,1,1
20,82,82,0x00001537,40,0,0x000000000000000000000000000000000000000000000000000000000000000000000000000000000000ffafedffaffc,95910,1,1,1
20,82,82,0x00001537,41,0,0x000000000000000000000000000000000000000000000000000000000000000000000000000000000000007ff5ff1ff2,95914,1,1,1
20,82,82,0x00001537,42,0,0x00000000000000000000000000000000000000000000000000000000000000000000000000000000000000a00500f007,95918,1,1,1
20,82,82,0x00001537,43,0,0x000000000000000000000000000000000000000000000000000000000000000000000000000000000000014ffa00400c,95922,1,1,1
20,82,82,0x00001537,44,0,0x000000000000000000000000000000000000000000000000000000000000000000000000000000000000ffffecffa00a,95926,1,1,1
20,82,82,0x00001537,45,0,0x000000000000000000000000000000000000000000000000000000000000000000000000000000000000ff200cff4014,95930,1,1,1
20,82,82,0x00001537,46,0,0x000000000000000000000000000000000000000000000000000000000000000000000000000000000000ff2007009fff,95934,1,1,1
20,82,82,0x00001537,47,0,0x000000000000000000000000000000000000000000000000000000000000000000000000000000000000015012007ff4,95938,1,1,1
20,82,82,0x00001537,48,0,0x00000000000000000000000000000000000000000000000000000000000000000000000000000000000000fff5002004,95942,1,1,1
20,82,82,0x00001537,49,0,0x000000000000000000000000000000000000000000000000000000000000000000000000000000000000ff1fddfe2fed,95946,1,1,1
20,82,82,0x00001537,50,0,0x000000000000000000000000000000000000000000000000000000000000000000000000000000000000011009002007,95950,1,1,1
20,82,82,0x00001537,51,0,0x000000000000000000000000000000000000000000000000000000000000000000000000000000000000004ff900f00c,95954,1,1,1
20,82,82,0x00001537,52,0,0x000000000000000000000000000000000000000000000000000000000000000000000000000000000000fecfec001fff,95958,1,1,1
20,82,82,0x00001537,53,0,0x00000000000000000000000000000000000000000000000000000000000000000000000000000000000000fff7ffdfff,95962,1,1,1
20,82,82,0x00001537,54,0,0x00000000000000000000000000000000000000000000000000000000000000000000000000000000000000a00ffff005,95966,1,1,1
20,82,82,0x00001537,55,0,0x000000000000000000000000000000000000000000000000000000000000000000000000000000000000ff4ffa004ffd,95970,1,1,1
20,82,82,0x00001537,56,0,0x000000000000000000000000000000000000000000000000000000000000000000000000000000000000005004005ffd,95974,1,1,1
20,82,82,0x00001537,57,0,0x00000000000000000000000000000000000000000000000000000000000000000000000000000000000000a009ff7004,95978,1,1,1
20,82,82,0x00001537,58,0,0x000000000000000000000000000000000000000000000000000000000000000000000000000000000000004ff7005001,95982,1,1,1
20,82,82,0x00001537,59,0,0x000000000000000000000000000000000000000000000000000000000000000000000000000000000000ff7fff005ff9,95986,1,1,1
20,82,82,0x00001537,60,0,0x000000000000000000000000000000000000000000000000000000000000000000000000000000000000007fedffcffa,95990,1,1,1
20,82,82,0x00001537,61,0,0x00000000000000000000000000000000000000000000000000000000000000000000000000000000000000900cffcffa,95994,1,1,1
20,82,82,0x00001537,62,0,0x000000000000000000000000000000000000000000000000000000000000000000000000000000000000004ff7ff9002,95998,1,1,1
20,82,82,0x00001537,63,1,0x00000000000000000000000000000000000000000000000000000000000000000000000000000000000000afff001012,96002,1,1,1
21,83,83,0x00001007,0,0,0x000000000000000000000000000000000000000000000000000000000000000000000000000000000000005005ff1009,97314,1,1,1
21,83,83,0x00001007,1,0,0x000000000000000000000000000000000000000000000000000000000000000000000000000000000000ff900a01100a,97318,1,1,1
21,83,83,0x00001007,2,0,0x000000000000000000000000000000000000000000000000000000000000000000000000000000000000012fff001ffa,97322,1,1,1
21,83,83,0x00001007,3,0,0x000000000000000000000000000000000000000000000000000000000000000000000000000000000000fff00500c015,97326,1,1,1
21,83,83,0x00001007,4,0,0x00000000000000000000000000000000000000000000000000000000000000000000000000000000000000400cfecfec,97330,1,1,1
21,83,83,0x00001007,5,0,0x000000000000000000000000000000000000000000000000000000000000000000000000000000000000007ff7002fff,97334,1,1,1
21,83,83,0x00001007,6,0,0x000000000000000000000000000000000000000000000000000000000000000000000000000000000000ff7ff200affc,97338,1,1,1
21,83,83,0x00001007,7,0,0x000000000000000000000000000000000000000000000000000000000000000000000000000000000000001017009004,97342,1,1,1
21,83,83,0x00001007,8,0,0x000000000000000000000000000000000000000000000000000000000000000000000000000000000000feafecfe7ff9,97346,1,1,1
21,83,83,0x00001007,9,0,0x000000000000000000000000000000000000000000000000000000000000000000000000000000000000004014ffdffd,97350,1,1,1
21,83,83,0x00001007,10,0,0x000000000000000000000000000000000000000000000000000000000000000000000000000000000000ffc00d001012,97354,1,1,1
21,83,83,0x00001007,11,0,0x000000000000000000000000000000000000000000000000000000000000000000000000000000000000015ff7ff100a,97358,1,1,1
21,83,83,0x00001007,12,0,0x00000000000000000000000000000000000000000000000000000000000000000000000000000000000004a035fddfe1,97362,1,1,1
21,83,83,0x00001007,13,0,0x000000000000000000000000000000000000000000000000000000000000000000000000000000000000057ff5fadfe4,97366,1,1,1
21,83,83,0x00001007,14,0,0x000000000000000000000000000000000000000000000000000000000000000000000000000000000000fa1f8afec047,97370,1,1,1
21,83,83,0x00001007,15,0,0x00000000000000000000000000000000000000000000000000000000000000000000000000000000000005207103afdf,97374,1,1,1
21,83,83,0x00001007,16,0,0x000000000000000000000000000000000000000000000000000000000000000000000000000000000000facf9ffc9017,97378,1,1,1
21,83,83,0x00001007,17,0,0x00000000000000000000000000000000000000000000000000000000000000000000000000000000000003f02afecfd5,97382,1,1,1
21,83,83,0x00001007,18,0,0x000000000000000000000000000000000000000000000000000000000000000000000000000000000000ffc02404f051,97386,1,1,1
21,83,83,0x00001007,19,0,0x000000000000000000000000000000000000000000000000000000000000000000000000000000000000fe2fc7fc5fd5,97390,1,1,1
21,83,83,0x00001007,20,0,0x00000000000000000000000000000000000000000000000000000000000000000000000000000000000002202200affa,97394,1,1,1
21,83,83,0x00001007,21,0,0x00000000000000000000000000000000000000000000000000000000000000000000000000000000000000200f01f025,97398,1,1,1
21,83,83,0x00001007,22,0,0x000000000000000000000000000000000000000000000000000000000000000000000000000000000000004feafecfe2,97402,1,1,1
21,83,83,0x00001007,23,0,0x000000000000000000000000000000000000000000000000000000000000000000000000000000000000ff5fffffdfec,97406,1,1,1
21,83,83,0x00001007,24,0,0x00000000000000000000000000000000000000000000000000000000000000000000000000000000000000a00400cfef,97410,1,1,1
21,83,83,0x00001007,25,0,0x000000000000000000000000000000000000000000000000000000000000000000000000000000000000004009fffff7,97414,1,1,1
21,83,83,0x00001007,26,0,0x00000000000000000000000000000000000000000000000000000000000000000000000000000000000000d00400dffa,97418,1,1,1
21,83,83,0x00001007,27,0,0x000000000000000000000000000000000000000000000000000000000000000000000000000000000000004ffaff9002,97422,1,1,1
21,83,83,0x00001007,28,0,0x000000000000000000000000000000000000000000000000000000000000000000000000000000000000ffdffdff9005,97426,1,1,1
21,83,83,0x00001007,29,0,0x00000000000000000000000000000000000000000000000000000000000000000000000000000000000000d00c001004,97430,1,1,1
21,83,83,0x00001007,30,0,0x000000000000000000000000000000000000000000000000000000000000000000000000000000000000004001fffff4,97434,1,1,1
21,83,83,0x00001007,31,0,0x00000000000000000000000000000000000000000000000000000000000000000000000000000000000000500fff7fef,97438,1,1,1
21,83,83,0x00001007,32,0,0x000000000000000000000000000000000000000000000000000000000000000000000000000000000000012ffdfffffd,97442,1,1,1
21,83,83,0x00001007,33,0,0x000000000000000000000000000000000000000000000000000000000000000000000000000000000000ff1ffd007ff5,97446,1,1,1
21,83,83,0x00001007,34,0,0x000000000000000000000000000000000000000000000000000000000000000000000000000000000000009ff4ffaff5,97450,1,1,1
21,83,83,0x00001007,35,0,0x00000000000000000000000000000000000000000000000000000000000000000000000000000000000001700cffa007,97454,1,1,1
21,83,83,0x00001007,36,0,0x000000000000000000000000000000000000000000000000000000000000000000000000000000000000fff004009001,97458,1,1,1
21,83,83,0x00001007,37,0,0x000000000000000000000000000000000000000000000000000000000000000000000000000000000000ffafe7ff2ff9,97462,1,1,1
21,83,83,0x00001007,38,0,0x000000000000000000000000000000000000000000000000000000000000000000000000000000000000ffdffd00900f,97466,1,1,1
21,83,83,0x00001007,39,0,0x000000000000000000000000000000000000000000000000000000000000000000000000000000000000ffc017ffcff5,97470,1,1,1
21,83,83,0x00001007,40,0,0x000000000000000000000000000000000000000000000000000000000000000000000000000000000000ff2ffafedffa,97474,1,1,1
21,83,83,0x00001007,41,0,0x000000000000000000000000000000000000000000000000000000000000000000000000000000000000007007ff5ff1,97478,1,1,1
21,83,83,0x00001007,42,0,0x00000000000000000000000000000000000000000000000000000000000000000000000000000000000000c00a00500f,97482,1,1,1
21,83,83,0x00001007,43,0,0x00000000000000000000000000000000000000000000000000000000000000000000000000000000000000a014ffa004,97486,1,1,1
21,83,83,0x00001007,44,0,0x000000000000000000000000000000000000000000000000000000000000000000000000000000000000014ffffecffa,97490,1,1,1
21,83,83,0x00001007,45,0,0x000000000000000000000000000000000000000000000000000000000000000000000000000000000000fffff200cff4,97494,1,1,1
21,83,83,0x00001007,46,0,0x000000000000000000000000000000000000000000000000000000000000000000000000000000000000ff4ff2007009,97498,1,1,1
21,83,83,0x00001007,47,0,0x000000000000000000000000000000000000000000000000000000000000000000000000000000000000004015012007,97502,1,1,1
21,83,83,0x00001007,48,0,0x000000000000000000000000000000000000000000000000000000000000000000000000000000000000fed00fff5002,97506,1,1,1
21,83,83,0x00001007,49,0,0x000000000000000000000000000000000000000000000000000000000000000000000000000000000000007ff1fddfe2,97510,1,1,1
21,83,83,0x00001007,50,0,0x00000000000000000000000000000000000000000000000000000000000000000000000000000000000000c011009002,97514,1,1,1
21,83,83,0x00001007,51,0,0x000000000000000000000000000000000000000000000000000000000000000000000000000000000000fff004ff900f,97518,1,1,1
21,83,83,0x00001007,52,0,0x000000000000000000000000000000000000000000000000000000000000000000000000000000000000ffffecfec001,97522,1,1,1
21,83,83,0x00001007,53,0,0x00000000000000000000000000000000000000000000000000000000000000000000000000000000000000500fff7ffd,97526,1,1,1
21,83,83,0x00001007,54,0,0x000000000000000000000000000000000000000000000000000000000000000000000000000000000000ffd00a00ffff,97530,1,1,1
21,83,83,0x00001007,55,0,0x000000000000000000000000000000000000000000000000000000000000000000000000000000000000ffdff4ffa004,97534,1,1,1
21,83,83,0x00001007,56,0,0x000000000000000000000000000000000000000000000000000000000000000000000000000000000000004005004005,97538,1,1,1
21,83,83,0x00001007,57,0,0x00000000000000000000000000000000000000000000000000000000000000000000000000000000000000100a009ff7,97542,1,1,1
21,83,83,0x00001007,58,0,0x000000000000000000000000000000000000000000000000000000000000000000000000000000000000ff9004ff7005,97546,1,1,1
21,83,83,0x00001007,59,0,0x000000000000000000000000000000000000000000000000000000000000000000000000000000000000ffaff7fff005,97550,1,1,1
21,83,83,0x00001007,60,0,0x000000000000000000000000000000000000000000000000000000000000000000000000000000000000ffa007fedffc,97554,1,1,1
21,83,83,0x00001007,61,0,0x00000000000000000000000000000000000000000000000000000000000000000000000000000000000000200900cffc,97558,1,1,1
21,83,83,0x00001007,62,0,0x000000000000000000000000000000000000000000000000000000000000000000000000000000000000012004ff7ff9,97562,1,1,1
21,83,83,0x00001007,63,1,0x00000000000000000000000000000000000000000000000000000000000000000000000000000000000000100afff001,97566,1,1,1
22,84,84,0x00000cbc,0,0,0x00000000000000000000000000000000000000000000000000000000000000000000000000000000000000a005005ff1,98878,1,1,1
22,84,84,0x00000cbc,1,0,0x000000000000000000000000000000000000000000000000000000000000000000000000000000000000ffaff900a011,98882,1,1,1
22,84,84,0x00000cbc,2,0,0x000000000000000000000000000000000000000000000000000000000000000000000000000000000000015012fff001,98886,1,1,1
22,84,84,0x00000cbc,3,0,0x000000000000000000000000000000000000000000000000000000000000000000000000000000000000fecfff00500c,98890,1,1,1
22,84,84,0x00000cbc,4,0,0x000000000000000000000000000000000000000000000000000000000000000000000000000000000000fff00400cfec,98894,1,1,1
22,84,84,0x00000cbc,5,0,0x000000000000000000000000000000000000000000000000000000000000000000000000000000000000ffc007ff7002,98898,1,1,1
22,84,84,0x00000cbc,6,0,0x000000000000000000000000000000000000000000000000000000000000000000000000000000000000004ff7ff200a,98902,1,1,1
22,84,84,0x00000cbc,7,0,0x000000000000000000000000000000000000000000000000000000000000000000000000000000000000ff9001017009,98906,1,1,1
22,84,84,0x00000cbc,8,0,0x000000000000000000000000000000000000000000000000000000000000000000000000000000000000ffdfeafecfe7,98910,1,1,1
22,84,84,0x00000cbc,9,0,0x000000000000000000000000000000000000000000000000000000000000000000000000000000000000012004014ffd,98914,1,1,1
22,84,84,0x00000cbc,10,0,0x00000000000000000000000000000000000000000000000000000000000000000000000000000000000000affc00d001,98918,1,1,1
22,84,84,0x00000cbc,11,0,0x000000000000000000000000000000000000000000000000000000000000000000000000000000000000fe1015ff7ff1,98922,1,1,1
22,84,84,0x00000cbc,12,0,0x000000000000000000000000000000000000000000000000000000000000000000000000000000000000fe404a035fdd,98926,1,1,1
22,84,84,0x00000cbc,13,0,0x000000000000000000000000000000000000000000000000000000000000000000000000000000000000047057ff5fad,98930,1,1,1
22,84,84,0x00000cbc,14,0,0x000000000000000000000000000000000000000000000000000000000000000000000000000000000000fdffa1f8afec,98934,1,1,1
22,84,84,0x00000cbc,15,0,0x00000000000000000000000000000000000000000000000000000000000000000000000000000000000001705207103a,98938,1,1,1
22,84,84,0x00000cbc,16,0,0x000000000000000000000000000000000000000000000000000000000000000000000000000000000000fd5facf9ffc9,98942,1,1,1
22,84,84,0x00000cbc,17,0,0x00000000000000000000000000000000000000000000000000000000000000000000000000000000000005103f02afec,98946,1,1,1
22,84,84,0x00000cbc,18,0,0x000000000000000000000000000000000000000000000000000000000000000000000000000000000000fd5ffc02404f,98950,1,1,1
22,84,84,0x00000cbc,19,0,0x000000000000000000000000000000000000000000000000000000000000000000000000000000000000ffafe2fc7fc5,98954,1,1,1
22,84,84,0x00000cbc,20,0,0x00000000000000000000000000000000000000000000000000000000000000000000000000000000000002502202200a,98958,1,1,1
22,84,84,0x00000cbc,21,0,0x000000000000000000000000000000000000000000000000000000000000000000000000000000000000fe200200f01f,98962,1,1,1
22,84,84,0x00000cbc,22,0,0x000000000000000000000000000000000000000000000000000000000000000000000000000000000000fec004feafec,98966,1,1,1
22,84,84,0x00000cbc,23,0,0x000000000000000000000000000000000000000000000000000000000000000000000000000000000000fefff5fffffd,98970,1,1,1
22,84,84,0x00000cbc,24,0,0x000000000000000000000000000000000000000000000000000000000000000000000000000000000000ff700a00400c,98974,1,1,1
22,84,84,0x00000cbc,25,0,0x000000000000000000000000000000000000000000000000000000000000000000000000000000000000ffa004009fff,98978,1,1,1
22,84,84,0x00000cbc,26,0,0x00000000000000000000000000000000000000000000000000000000000000000000000000000000000000200d00400d,98982,1,1,1
22,84,84,0x00000cbc,27,0,0x000000000000000000000000000000000000000000000000000000000000000000000000000000000000005004ffaff9,98986,1,1,1
22,84,84,0x00000cbc,28,0,0x000000000000000000000000000000000000000000000000000000000000000000000000000000000000004ffdffdff9,98990,1,1,1
22,84,84,0x00000cbc,29,0,0x000000000000000000000000000000000000000000000000000000000000000000000000000000000000ff400d00c001,98994,1,1,1
22,84,84,0x00000cbc,30,0,0x000000000000000000000000000000000000000000000000000000000000000000000000000000000000fef004001fff,98998,1,1,1
22,84,84,0x00000cbc,31,0,0x000000000000000000000000000000000000000000000000000000000000000000000000000000000000ffd00500fff7,99002,1,1,1
22,84,84,0x00000cbc,32,0,0x000000000000000000000000000000000000000000000000000000000000000000000000000000000000ff5012ffdfff,99006,1,1,1
22,84,84,0x00000cbc,33,0,0x000000000000000000000000000000000000000000000000000000000000000000000000000000000000ff5ff1ffd007,99010,1,1,1
22,84,84,0x00000cbc,34,0,0x000000000000000000000000000000000000000000000000000000000000000000000000000000000000007009ff4ffa,99014,1,1,1
22,84,84,0x00000cbc,35,0,0x00000000000000000000000000000000000000000000000000000000000000000000000000000000000000101700cffa,99018,1,1,1
22,84,84,0x00000cbc,36,0,0x000000000000000000000000000000000000000000000000000000000000000000000000000000000000ff9fff004009,99022,1,1,1
22,84,84,0x00000cbc,37,0,0x00000000000000000000000000000000000000000000000000000000000000000000000000000000000000fffafe7ff2,99026,1,1,1
22,84,84,0x00000cbc,38,0,0x000000000000000000000000000000000000000000000000000000000000000000000000000000000000ff5ffdffd009,99030,1,1,1
22,84,84,0x00000cbc,39,0,0x000000000000000000000000000000000000000000000000000000000000000000000000000000000000ffaffc017ffc,99034,1,1,1
22,84,84,0x00000cbc,40,0,0x000000000000000000000000000000000000000000000000000000000000000000000000000000000000ff1ff2ffafed,99038,1,1,1
22,84,84,0x00000cbc,41,0,0x00000000000000000000000000000000000000000000000000000000000000000000000000000000000000f007007ff5,99042,1,1,1
22,84,84,0x00000cbc,42,0,0x00000000000000000000000000000000000000000000000000000000000000000000000000000000000000400c00a005,99046,1,1,1
22,84,84,0x00000cbc,43,0,0x000000000000000000000000000000000000000000000000000000000000000000000000000000000000ffa00a014ffa,99050,1,1,1
22,84,84,0x00000cbc,44,0,0x000000000000000000000000000000000000000000000000000000000000000000000000000000000000ff4014ffffec,99054,1,1,1
22,84,84,0x00000cbc,45,0,0x000000000000000000000000000000000000000000000000000000000000000000000000000000000000009fffff200c,99058,1,1,1
22,84,84,0x00000cbc,46,0,0x000000000000000000000000000000000000000000000000000000000000000000000000000000000000007ff4ff2007,99062,1,1,1
22,84,84,0x00000cbc,47,0,0x000000000000000000000000000000000000000000000000000000000000000000000000000000000000002004015012,99066,1,1,1
22,84,84,0x00000cbc,48,0,0x000000000000000000000000000000000000000000000000000000000000000000000000000000000000fe2fed00fff5,99070,1,1,1
22,84,84,0x00000cbc,49,0,0x000000000000000000000000000000000000000000000000000000000000000000000000000000000000002007ff1fdd,99074,1,1,1
22,84,84,0x00000cbc,50,0,0x00000000000000000000000000000000000000000000000000000000000000000000000000000000000000f00c011009,99078,1,1,1
22,84,84,0x00000cbc,51,0,0x000000000000000000000000000000000000000000000000000000000000000000000000000000000000001fff004ff9,99082,1,1,1
22,84,84,0x00000cbc,52,0,0x000000000000000000000000000000000000000000000000000000000000000000000000000000000000ffdffffecfec,99086,1,1,1
22,84,84,0x00000cbc,53,0,0x000000000000000000000000000000000000000000000000000000000000000000000000000000000000fff00500fff7,99090,1,1,1
22,84,84,0x00000cbc,54,0,0x000000000000000000000000000000000000000000000000000000000000000000000000000000000000004ffd00a00f,99094,1,1,1
22,84,84,0x00000cbc,55,0,0x000000000000000000000000000000000000000000000000000000000000000000000000000000000000005ffdff4ffa,99098,1,1,1
22,84,84,0x00000cbc,56,0,0x000000000000000000000000000000000000000000000000000000000000000000000000000000000000ff7004005004,99102,1,1,1
22,84,84,0x00000cbc,57,0,0x00000000000000000000000000000000000000000000000000000000000000000000000000000000000000500100a009,99106,1,1,1
22,84,84,0x00000cbc,58,0,0x000000000000000000000000000000000000000000000000000000000000000000000000000000000000005ff9004ff7,99110,1,1,1
22,84,84,0x00000cbc,59,0,0x000000000000000000000000000000000000000000000000000000000000000000000000000000000000ffcffaff7fff,99114,1,1,1
22,84,84,0x00000cbc,60,0,0x000000000000000000000000000000000000000000000000000000000000000000000000000000000000ffcffa007fed,99118,1,1,1
22,84,84,0x00000cbc,61,0,0x000000000000000000000000000000000000000000000000000000000000000000000000000000000000ff900200900c,99122,1,1,1
22,84,84,0x00000cbc,62,0,0x000000000000000000000000000000000000000000000000000000000000000000000000000000000000001012004ff7,99126,1,1,1
22,84,84,0x00000cbc,63,1,0x00000000000000000000000000000000000000000000000000000000000000000000000000000000000001400100afff,99130,1,1,1
23,85,85,0x00000718,0,0,0x00000000000000000000000000000000000000000000000000000000000000000000000000000000000001100a005005,100442,1,1,1
23,85,85,0x00000718,1,0,0x000000000000000000000000000000000000000000000000000000000000000000000000000000000000001ffaff900a,100446,1,1,1
23,85,85,0x00000718,2,0,0x00000000000000000000000000000000000000000000000000000000000000000000000000000000000000c015012fff,100450,1,1,1
23,85,85,0x00000718,3,0,0x000000000000000000000000000000000000000000000000000000000000000000000000000000000000fecfecfff005,100454,1,1,1
23,85,85,0x00000718,4,0,0x000000000000000000000000000000000000000000000000000000000000000000000000000000000000002fff00400c,100458,1,1,1
23,85,85,0x00000718,5,0,0x00000000000000000000000000000000000000000000000000000000000000000000000000000000000000affc007ff7,100462,1,1,1
23,85,85,0x00000718,6,0,0x000000000000000000000000000000000000000000000000000000000000000000000000000000000000009004ff7ff2,100466,1,1,1
23,85,85,0x00000718,7,0,0x000000000000000000000000000000000000000000000000000000000000000000000000000000000000fe7ff9001017,100470,1,1,1
23,85,85,0x00000718,8,0,0x000000000000000000000000000000000000000000000000000000000000000000000000000000000000ffdffdfeafec,100474,1,1,1
23,85,85,0x00000718,9,0,0x000000000000000000000000000000000000000000000000000000000000000000000000000000000000001012004014,100478,1,1,1
23,85,85,0x00000718,10,0,0x000000000000000000000000000000000000000000000000000000000000000000000000000000000000ff100affc00d,100482,1,1,1
23,85,85,0x00000718,11,0,0x000000000000000000000000000000000000000000000000000000000000000000000000000000000000fddfe1015ff7,100486,1,1,1
23,85,85,0x00000718,12,0,0x000000000000000000000000000000000000000000000000000000000000000000000000000000000000fadfe404a035,100490,1,1,1
23,85,85,0x00000718,13,0,0x000000000000000000000000000000000000000000000000000000000000000000000000000000000000fec047057ff5,100494,1,1,1
23,85,85,0x00000718,14,0,0x00000000000000000000000000000000000000000000000000000000000000000000000000000000000003afdffa1f8a,100498,1,1,1
23,85,85,0x00000718,15,0,0x000000000000000000000000000000000000000000000000000000000000000000000000000000000000fc9017052071,100502,1,1,1
23,85,85,0x00000718,16,0,0x000000000000000000000000000000000000000000000000000000000000000000000000000000000000fecfd5facf9f,100506,1,1,1
23,85,85,0x00000718,17,0,0x00000000000000000000000000000000000000000000000000000000000000000000000000000000000004f05103f02a,100510,1,1,1
23,85,85,0x00000718,18,0,0x000000000000000000000000000000000000000000000000000000000000000000000000000000000000fc5fd5ffc024,100514,1,1,1
23,85,85,0x00000718,19,0,0x00000000000000000000000000000000000000000000000000000000000000000000000000000000000000affafe2fc7,100518,1,1,1
23,85,85,0x00000718,20,0,0x00000000000000000000000000000000000000000000000000000000000000000000000000000000000001f025022022,100522,1,1,1
23,85,85,0x00000718,21,0,0x000000000000000000000000000000000000000000000000000000000000000000000000000000000000fecfe200200f,100526,1,1,1
23,85,85,0x00000718,22,0,0x000000000000000000000000000000000000000000000000000000000000000000000000000000000000ffdfec004fea,100530,1,1,1
23,85,85,0x00000718,23,0,0x00000000000000000000000000000000000000000000000000000000000000000000000000000000000000cfefff5fff,100534,1,1,1
23,85,85,0x00000718,24,0,0x000000000000000000000000000000000000000000000000000000000000000000000000000000000000fffff700a004,100538,1,1,1
23,85,85,0x00000718,25,0,0x00000000000000000000000000000000000000000000000000000000000000000000000000000000000000dffa004009,100542,1,1,1
23,85,85,0x00000718,26,0,0x000000000000000000000000000000000000000000000000000000000000000000000000000000000000ff900200d004,100546,1,1,1
23,85,85,0x00000718,27,0,0x000000000000000000000000000000000000000000000000000000000000000000000000000000000000ff9005004ffa,100550,1,1,1
23,85,85,0x00000718,28,0,0x000000000000000000000000000000000000000000000000000000000000000000000000000000000000001004ffdffd,100554,1,1,1
23,85,85,0x00000718,29,0,0x000000000000000000000000000000000000000000000000000000000000000000000000000000000000fffff400d00c,100558,1,1,1
23,85,85,0x00000718,30,0,0x000000000000000000000000000000000000000000000000000000000000000000000000000000000000ff7fef004001,100562,1,1,1
23,85,85,0x00000718,31,0,0x000000000000000000000000000000000000000000000000000000000000000000000000000000000000fffffd00500f,100566,1,1,1
23,85,85,0x00000718,32,0,0x000000000000000000000000000000000000000000000000000000000000000000000000000000000000007ff5012ffd,100570,1,1,1
23,85,85,0x00000718,33,0,0x000000000000000000000000000000000000000000000000000000000000000000000000000000000000ffaff5ff1ffd,100574,1,1,1
23,85,85,0x00000718,34,0,0x000000000000000000000000000000000000000000000000000000000000000000000000000000000000ffa007009ff4,100578,1,1,1
23,85,85,0x00000718,35,0,0x00000000000000000000000000000000000000000000000000000000000000000000000000000000000000900101700c,100582,1,1,1
23,85,85,0x00000718,36,0,0x000000000000000000000000000000000000000000000000000000000000000000000000000000000000ff2ff9fff004,100586,1,1,1
23,85,85,0x00000718,37,0,0x00000000000000000000000000000000000000000000000000000000000000000000000000000000000000900fffafe7,100590,1,1,1
23,85,85,0x00000718,38,0,0x000000000000000000000000000000000000000000000000000000000000000000000000000000000000ffcff5ffdffd,100594,1,1,1
23,85,85,0x00000718,39,0,0x000000000000000000000000000000000000000000000000000000000000000000000000000000000000fedffaffc017,100598,1,1,1
23,85,85,0x00000718,40,0,0x000000000000000000000000000000000000000000000000000000000000000000000000000000000000ff5ff1ff2ffa,100602,1,1,1
23,85,85,0x00000718,41,0,0x00000000000000000000000000000000000000000000000000000000000000000000000000000000000000500f007007,100606,1,1,1
23,85,85,0x00000718,42,0,0x000000000000000000000000000000000000000000000000000000000000000000000000000000000000ffa00400c00a,100610,1,1,1
23,85,85,0x00000718,43,0,0x000000000000000000000000000000000000000000000000000000000000000000000000000000000000fecffa00a014,100614,1,1,1
23,85,85,0x00000718,44,0,0x00000000000000000000000000000000000000000000000000000000000000000000000000000000000000cff4014fff,100618,1,1,1
23,85,85,0x00000718,45,0,0x000000000000000000000000000000000000000000000000000000000000000000000000000000000000007009fffff2,100622,1,1,1
23,85,85,0x00000718,46,0,0x000000000000000000000000000000000000000000000000000000000000000000000000000000000000012007ff4ff2,100626,1,1,1
23,85,85,0x00000718,47,0,0x000000000000000000000000000000000000000000000000000000000000000000000000000000000000ff5002004015,100630,1,1,1
23,85,85,0x00000718,48,0,0x000000000000000000000000000000000000000000000000000000000000000000000000000000000000fddfe2fed00f,100634,1,1,1
23,85,85,0x00000718,49,0,0x000000000000000000000000000000000000000000000000000000000000000000000000000000000000009002007ff1,100638,1,1,1
23,85,85,0x00000718,50,0,0x000000000000000000000000000000000000000000000000000000000000000000000000000000000000ff900f00c011,100642,1,1,1
23,85,85,0x00000718,51,0,0x000000000000000000000000000000000000000000000000000000000000000000000000000000000000fec001fff004,100646,1,1,1
23,85,85,0x00000718,52,0,0x000000000000000000000000000000000000000000000000000000000000000000000000000000000000ff7ffdffffec,100650,1,1,1
23,85,85,0x00000718,53,0,0x00000000000000000000000000000000000000000000000000000000000000000000000000000000000000ffff00500f,100654,1,1,1
23,85,85,0x00000718,54,0,0x000000000000000000000000000000000000000000000000000000000000000000000000000000000000ffa004ffd00a,100658,1,1,1
23,85,85,0x00000718,55,0,0x000000000000000000000000000000000000000000000000000000000000000000000000000000000000004005ffdff4,100662,1,1,1
23,85,85,0x00000718,56,0,0x000000000000000000000000000000000000000000000000000000000000000000000000000000000000009ff7004005,100666,1,1,1
23,85,85,0x00000718,57,0,0x000000000000000000000000000000000000000000000000000000000000000000000000000000000000ff700500100a,100670,1,1,1
23,85,85,0x00000718,58,0,0x000000000000000000000000000000000000000000000000000000000000000000000000000000000000fff005ff9004,100674,1,1,1
23,85,85,0x00000718,59,0,0x000000000000000000000000000000000000000000000000000000000000000000000000000000000000fedffcffaff7,100678,1,1,1
23,85,85,0x00000718,60,0,0x00000000000000000000000000000000000000000000000000000000000000000000000000000000000000cffcffa007,100682,1,1,1
23,85,85,0x00000718,61,0,0x000000000000000000000000000000000000000000000000000000000000000000000000000000000000ff7ff9002009,100686,1,1,1
23,85,85,0x00000718,62,0,0x000000000000000000000000000000000000000000000000000000000000000000000000000000000000fff001012004,100690,1,1,1
23,85,85,0x00000718,63,1,0x000000000000000000000000000000000000000000000000000000000000000000000000000000000000ff701400100a,100694,1,1,1
24,86,86,0x00000412,0,0,0x00000000000000000000000000000000000000000000000000000000000000000000000000000000000000a01100a005,102010,1,1,1
24,86,86,0x00000412,1,0,0x000000000000000000000000000000000000000000000000000000000000000000000000000000000000fff001ffaff9,102014,1,1,1
24,86,86,0x00000412,2,0,0x00000000000000000000000000000000000000000000000000000000000000000000000000000000000000500c015012,102018,1,1,1
24,86,86,0x00000412,3,0,0x00000000000000000000000000000000000000000000000000000000000000000000000000000000000000cfecfecfff,102022,1,1,1
24,86,86,0x00000412,4,0,0x000000000000000000000000000000000000000000000000000000000000000000000000000000000000ff7002fff004,102026,1,1,1
24,86,86,0x00000412,5,0,0x000000000000000000000000000000000000000000000000000000000000000000000000000000000000ff200affc007,102030,1,1,1
24,86,86,0x00000412,6,0,0x000000000000000000000000000000000000000000000000000000000000000000000000000000000000017009004ff7,102034,1,1,1
24,86,86,0x00000412,7,0,0x000000000000000000000000000000000000000000000000000000000000000000000000000000000000fecfe7ff9001,102038,1,1,1
24,86,86,0x00000412,8,0,0x000000000000000000000000000000000000000000000000000000000000000000000000000000000000014ffdffdfea,102042,1,1,1
24,86,86,0x00000412,9,0,0x00000000000000000000000000000000000000000000000000000000000000000000000000000000000000d001012004,102046,1,1,1
24,86,86,0x00000412,10,0,0x000000000000000000000000000000000000000000000000000000000000000000000000000000000000ff7ff100affc,102050,1,1,1
24,86,86,0x00000412,11,0,0x000000000000000000000000000000000000000000000000000000000000000000000000000000000000035fddfe1015,102054,1,1,1
24,86,86,0x00000412,12,0,0x000000000000000000000000000000000000000000000000000000000000000000000000000000000000ff5fadfe404a,102058,1,1,1
24,86,86,0x00000412,13,0,0x000000000000000000000000000000000000000000000000000000000000000000000000000000000000f8afec047057,102062,1,1,1
24,86,86,0x00000412,14,0,0x00000000000000000000000000000000000000000000000000000000000000000000000000000000000007103afdffa1,102066,1,1,1
24,86,86,0x00000412,15,0,0x000000000000000000000000000000000000000000000000000000000000000000000000000000000000f9ffc9017052,102070,1,1,1
24,86,86,0x00000412,16,0,0x00000000000000000000000000000000000000000000000000000000000000000000000000000000000002afecfd5fac,102074,1,1,1
24,86,86,0x00000412,17,0,0x00000000000000000000000000000000000000000000000000000000000000000000000000000000000002404f05103f,102078,1,1,1
24,86,86,0x00000412,18,0,0x000000000000000000000000000000000000000000000000000000000000000000000000000000000000fc7fc5fd5ffc,102082,1,1,1
24,86,86,0x00000412,19,0,0x00000000000000000000000000000000000000000000000000000000000000000000000000000000000002200affafe2,102086,1,1,1
24,86,86,0x00000412,20,0,0x00000000000000000000000000000000000000000000000000000000000000000000000000000000000000f01f025022,102090,1,1,1
24,86,86,0x00000412,21,0,0x000000000000000000000000000000000000000000000000000000000000000000000000000000000000feafecfe2002,102094,1,1,1
24,86,86,0x00000412,22,0,0x000000000000000000000000000000000000000000000000000000000000000000000000000000000000fffffdfec004,102098,1,1,1
24,86,86,0x00000412,23,0,0x00000000000000000000000000000000000000000000000000000000000000000000000000000000000000400cfefff5,102102,1,1,1
24,86,86,0x00000412,24,0,0x000000000000000000000000000000000000000000000000000000000000000000000000000000000000009fffff700a,102106,1,1,1
24,86,86,0x00000412,25,0,0x00000000000000000000000000000000000000000000000000000000000000000000000000000000000000400dffa004,102110,1,1,1
24,86,86,0x00000412,26,0,0x000000000000000000000000000000000000000000000000000000000000000000000000000000000000ffaff900200d,102114,1,1,1
24,86,86,0x00000412,27,0,0x000000000000000000000000000000000000000000000000000000000000000000000000000000000000ffdff9005004,102118,1,1,1
24,86,86,0x00000412,28,0,0x00000000000000000000000000000000000000000000000000000000000000000000000000000000000000c001004ffd,102122,1,1,1
24,86,86,0x00000412,29,0,0x000000000000000000000000000000000000000000000000000000000000000000000000000000000000001fffff400d,102126,1,1,1
24,86,86,0x00000412,30,0,0x00000000000000000000000000000000000000000000000000000000000000000000000000000000000000fff7fef004,102130,1,1,1
24,86,86,0x00000412,31,0,0x000000000000000000000000000000000000000000000000000000000000000000000000000000000000ffdfffffd005,102134,1,1,1
24,86,86,0x00000412,32,0,0x000000000000000000000000000000000000000000000000000000000000000000000000000000000000ffd007ff5012,102138,1,1,1
24,86,86,0x00000412,33,0,0x000000000000000000000000000000000000000000000000000000000000000000000000000000000000ff4ffaff5ff1,102142,1,1,1
24,86,86,0x00000412,34,0,0x00000000000000000000000000000000000000000000000000000000000000000000000000000000000000cffa007009,102146,1,1,1
24,86,86,0x00000412,35,0,0x000000000000000000000000000000000000000000000000000000000000000000000000000000000000004009001017,102150,1,1,1
24,86,86,0x00000412,36,0,0x000000000000000000000000000000000000000000000000000000000000000000000000000000000000fe7ff2ff9fff,102154,1,1,1
24,86,86,0x00000412,37,0,0x000000000000000000000000000000000000000000000000000000000000000000000000000000000000ffd00900fffa,102158,1,1,1
24,86,86,0x00000412,38,0,0x000000000000000000000000000000000000000000000000000000000000000000000000000000000000017ffcff5ffd,102162,1,1,1
24,86,86,0x00000412,39,0,0x000000000000000000000000000000000000000000000000000000000000000000000000000000000000ffafedffaffc,102166,1,1,1
24,86,86,0x00000412,40,0,0x000000000000000000000000000000000000000000000000000000000000000000000000000000000000007ff5ff1ff2,102170,1,1,1
24,86,86,0x00000412,41,0,0x00000000000000000000000000000000000000000000000000000000000000000000000000000000000000a00500f007,102174,1,1,1
24,86,86,0x00000412,42,0,0x000000000000000000000000000000000000000000000000000000000000000000000000000000000000014ffa00400c,102178,1,1,1
24,86,86,0x00000412,43,0,0x000000000000000000000000000000000000000000000000000000000000000000000000000000000000ffffecffa00a,102182,1,1,1
24,86,86,0x00000412,44,0,0x000000000000000000000000000000000000000000000000000000000000000000000000000000000000ff200cff4014,102186,1,1,1
24,86,86,0x00000412,45,0,0x000000000000000000000000000000000000000000000000000000000000000000000000000000000000ff2007009fff,102190,1,1,1
24,86,86,0x00000412,46,0,0x000000000000000000000000000000000000000000000000000000000000000000000000000000000000015012007ff4,102194,1,1,1
24,86,86,0x00000412,47,0,0x00000000000000000000000000000000000000000000000000000000000000000000000000000000000000fff5002004,102198,1,1,1
24,86,86,0x00000412,48,0,0x000000000000000000000000000000000000000000000000000000000000000000000000000000000000ff1fddfe2fed,102202,1,1,1
24,86,86,0x00000412,49,0,0x000000000000000000000000000000000000000000000000000000000000000000000000000000000000011009002007,102206,1,1,1
24,86,86,0x00000412,50,0,0x000000000000000000000000000000000000000000000000000000000000000000000000000000000000004ff900f00c,102210,1,1,1
24,86,86,0x00000412,51,0,0x000000000000000000000000000000000000000000000000000000000000000000000000000000000000fecfec001fff,102214,1,1,1
24,86,86,0x00000412,52,0,0x00000000000000000000000000000000000000000000000000000000000000000000000000000000000000fff7ffdfff,102218,1,1,1
24,86,86,0x00000412,53,0,0x00000000000000000000000000000000000000000000000000000000000000000000000000000000000000a00ffff005,102222,1,1,1
24,86,86,0x00000412,54,0,0x000000000000000000000000000000000000000000000000000000000000000000000000000000000000ff4ffa004ffd,102226,1,1,1
24,86,86,0x00000412,55,0,0x000000000000000000000000000000000000000000000000000000000000000000000000000000000000005004005ffd,102230,1,1,1
24,86,86,0x00000412,56,0,0x00000000000000000000000000000000000000000000000000000000000000000000000000000000000000a009ff7004,102234,1,1,1
24,86,86,0x00000412,57,0,0x000000000000000000000000000000000000000000000000000000000000000000000000000000000000004ff7005001,102238,1,1,1
24,86,86,0x00000412,58,0,0x000000000000000000000000000000000000000000000000000000000000000000000000000000000000ff7fff005ff9,102242,1,1,1
24,86,86,0x00000412,59,0,0x000000000000000000000000000000000000000000000000000000000000000000000000000000000000007fedffcffa,102246,1,1,1
24,86,86,0x00000412,60,0,0x00000000000000000000000000000000000000000000000000000000000000000000000000000000000000900cffcffa,102250,1,1,1
24,86,86,0x00000412,61,0,0x000000000000000000000000000000000000000000000000000000000000000000000000000000000000004ff7ff9002,102254,1,1,1
24,86,86,0x00000412,62,0,0x00000000000000000000000000000000000000000000000000000000000000000000000000000000000000afff001012,102258,1,1,1
24,86,86,0x00000412,63,1,0x000000000000000000000000000000000000000000000000000000000000000000000000000000000000fffff7014001,102262,1,1,1
25,87,87,0x0000058f,0,0,0x000000000000000000000000000000000000000000000000000000000000000000000000000000000000ff900a01100a,103574,1,1,1
25,87,87,0x0000058f,1,0,0x000000000000000000000000000000000000000000000000000000000000000000000000000000000000012fff001ffa,103578,1,1,1
25,87,87,0x0000058f,2,0,0x000000000000000000000000000000000000000000000000000000000000000000000000000000000000fff00500c015,103582,1,1,1
25,87,87,0x0000058f,3,0,0x00000000000000000000000000000000000000000000000000000000000000000000000000000000000000400cfecfec,103586,1,1,1
25,87,87,0x0000058f,4,0,0x000000000000000000000000000000000000000000000000000000000000000000000000000000000000007ff7002fff,103590,1,1,1
25,87,87,0x0000058f,5,0,0x000000000000000000000000000000000000000000000000000000000000000000000000000000000000ff7ff200affc,103594,1,1,1
25,87,87,0x0000058f,6,0,0x000000000000000000000000000000000000000000000000000000000000000000000000000000000000001017009004,103598,1,1,1
25,87,87,0x0000058f,7,0,0x000000000000000000000000000000000000000000000000000000000000000000000000000000000000feafecfe7ff9,103602,1,1,1
25,87,87,0x0000058f,8,0,0x000000000000000000000000000000000000000000000000000000000000000000000000000000000000004014ffdffd,103606,1,1,1
25,87,87,0x0000058f,9,0,0x000000000000000000000000000000000000000000000000000000000000000000000000000000000000ffc00d001012,103610,1,1,1
25,87,87,0x0000058f,10,0,0x000000000000000000000000000000000000000000000000000000000000000000000000000000000000015ff7ff100a,103614,1,1,1
25,87,87,0x0000058f,11,0,0x00000000000000000000000000000000000000000000000000000000000000000000000000000000000004a035fddfe1,103618,1,1,1
25,87,87,0x0000058f,12,0,0x000000000000000000000000000000000000000000000000000000000000000000000000000000000000057ff5fadfe4,103622,1,1,1
25,87,87,0x0000058f,13,0,0x000000000000000000000000000000000000000000000000000000000000000000000000000000000000fa1f8afec047,103626,1,1,1
25,87,87,0x0000058f,14,0,0x00000000000000000000000000000000000000000000000000000000000000000000000000000000000005207103afdf,103630,1,1,1
25,87,87,0x0000058f,15,0,0x000000000000000000000000000000000000000000000000000000000000000000000000000000000000facf9ffc9017,103634,1,1,1
25,87,87,0x0000058f,16,0,0x00000000000000000000000000000000000000000000000000000000000000000000000000000000000003f02afecfd5,103638,1,1,1
25,87,87,0x0000058f,17,0,0x000000000000000000000000000000000000000000000000000000000000000000000000000000000000ffc02404f051,103642,1,1,1
25,87,87,0x0000058f,18,0,0x000000000000000000000000000000000000000000000000000000000000000000000000000000000000fe2fc7fc5fd5,103646,1,1,1
25,87,87,0x0000058f,19,0,0x00000000000000000000000000000000000000000000000000000000000000000000000000000000000002202200affa,103650,1,1,1
25,87,87,0x0000058f,20,0,0x00000000000000000000000000000000000000000000000000000000000000000000000000000000000000200f01f025,103654,1,1,1
25,87,87,0x0000058f,21,0,0x000000000000000000000000000000000000000000000000000000000000000000000000000000000000004feafecfe2,103658,1,1,1
25,87,87,0x0000058f,22,0,0x000000000000000000000000000000000000000000000000000000000000000000000000000000000000ff5fffffdfec,103662,1,1,1
25,87,87,0x0000058f,23,0,0x00000000000000000000000000000000000000000000000000000000000000000000000000000000000000a00400cfef,103666,1,1,1
25,87,87,0x0000058f,24,0,0x000000000000000000000000000000000000000000000000000000000000000000000000000000000000004009fffff7,103670,1,1,1
25,87,87,0x0000058f,25,0,0x00000000000000000000000000000000000000000000000000000000000000000000000000000000000000d00400dffa,103674,1,1,1
25,87,87,0x0000058f,26,0,0x000000000000000000000000000000000000000000000000000000000000000000000000000000000000004ffaff9002,103678,1,1,1
25,87,87,0x0000058f,27,0,0x000000000000000000000000000000000000000000000000000000000000000000000000000000000000ffdffdff9005,103682,1,1,1
25,87,87,0x0000058f,28,0,0x00000000000000000000000000000000000000000000000000000000000000000000000000000000000000d00c001004,103686,1,1,1
25,87,87,0x0000058f,29,0,0x000000000000000000000000000000000000000000000000000000000000000000000000000000000000004001fffff4,103690,1,1,1
25,87,87,0x0000058f,30,0,0x00000000000000000000000000000000000000000000000000000000000000000000000000000000000000500fff7fef,103694,1,1,1
25,87,87,0x0000058f,31,0,0x000000000000000000000000000000000000000000000000000000000000000000000000000000000000012ffdfffffd,103698,1,1,1
25,87,87,0x0000058f,32,0,0x000000000000000000000000000000000000000000000000000000000000000000000000000000000000ff1ffd007ff5,103702,1,1,1
25,87,87,0x0000058f,33,0,0x000000000000000000000000000000000000000000000000000000000000000000000000000000000000009ff4ffaff5,103706,1,1,1
25,87,87,0x0000058f,34,0,0x00000000000000000000000000000000000000000000000000000000000000000000000000000000000001700cffa007,103710,1,1,1
25,87,87,0x0000058f,35,0,0x000000000000000000000000000000000000000000000000000000000000000000000000000000000000fff004009001,103714,1,1,1
25,87,87,0x0000058f,36,0,0x000000000000000000000000000000000000000000000000000000000000000000000000000000000000ffafe7ff2ff9,103718,1,1,1
25,87,87,0x0000058f,37,0,0x000000000000000000000000000000000000000000000000000000000000000000000000000000000000ffdffd00900f,103722,1,1,1
25,87,87,0x0000058f,38,0,0x000000000000000000000000000000000000000000000000000000000000000000000000000000000000ffc017ffcff5,103726,1,1,1
25,87,87,0x0000058f,39,0,0x000000000000000000000000000000000000000000000000000000000000000000000000000000000000ff2ffafedffa,103730,1,1,1
25,87,87,0x0000058f,40,0,0x000000000000000000000000000000000000000000000000000000000000000000000000000000000000007007ff5ff1,103734,1,1,1
25,87,87,0x0000058f,41,0,0x00000000000000000000000000000000000000000000000000000000000000000000000000000000000000c00a00500f,103738,1,1,1
25,87,87,0x0000058f,42,0,0x00000000000000000000000000000000000000000000000000000000000000000000000000000000000000a014ffa004,103742,1,1,1
25,87,87,0x0000058f,43,0,0x000000000000000000000000000000000000000000000000000000000000000000000000000000000000014ffffecffa,103746,1,1,1
25,87,87,0x0000058f,44,0,0x000000000000000000000000000000000000000000000000000000000000000000000000000000000000fffff200cff4,103750,1,1,1
25,87,87,0x0000058f,45,0,0x000000000000000000000000000000000000000000000000000000000000000000000000000000000000ff4ff2007009,103754,1,1,1
25,87,87,0x0000058f,46,0,0x000000000000000000000000000000000000000000000000000000000000000000000000000000000000004015012007,103758,1,1,1
25,87,87,0x0000058f,47,0,0x000000000000000000000000000000000000000000000000000000000000000000000000000000000000fed00fff5002,103762,1,1,1
25,87,87,0x0000058f,48,0,0x000000000000000000000000000000000000000000000000000000000000000000000000000000000000007ff1fddfe2,103766,1,1,1
25,87,87,0x0000058f,49,0,0x00000000000000000000000000000000000000000000000000000000000000000000000000000000000000c011009002,103770,1,1,1
25,87,87,0x0000058f,50,0,0x000000000000000000000000000000000000000000000000000000000000000000000000000000000000fff004ff900f,103774,1,1,1
25,87,87,0x0000058f,51,0,0x000000000000000000000000000000000000000000000000000000000000000000000000000000000000ffffecfec001,103778,1,1,1
25,87,87,0x0000058f,52,0,0x00000000000000000000000000000000000000000000000000000000000000000000000000000000000000500fff7ffd,103782,1,1,1
25,87,87,0x0000058f,53,0,0x000000000000000000000000000000000000000000000000000000000000000000000000000000000000ffd00a00ffff,103786,1,1,1
25,87,87,0x0000058f,54,0,0x000000000000000000000000000000000000000000000000000000000000000000000000000000000000ffdff4ffa004,103790,1,1,1
25,87,87,0x0000058f,55,0,0x000000000000000000000000000000000000000000000000000000000000000000000000000000000000004005004005,103794,1,1,1
25,87,87,0x0000058f,56,0,0x00000000000000000000000000000000000000000000000000000000000000000000000000000000000000100a009ff7,103798,1,1,1
25,87,87,0x0000058f,57,0,0x000000000000000000000000000000000000000000000000000000000000000000000000000000000000ff9004ff7005,103802,1,1,1
25,87,87,0x0000058f,58,0,0x000000000000000000000000000000000000000000000000000000000000000000000000000000000000ffaff7fff005,103806,1,1,1
25,87,87,0x0000058f,59,0,0x000000000000000000000000000000000000000000000000000000000000000000000000000000000000ffa007fedffc,103810,1,1,1
25,87,87,0x0000058f,60,0,0x00000000000000000000000000000000000000000000000000000000000000000000000000000000000000200900cffc,103814,1,1,1
25,87,87,0x0000058f,61,0,0x000000000000000000000000000000000000000000000000000000000000000000000000000000000000012004ff7ff9,103818,1,1,1
25,87,87,0x0000058f,62,0,0x00000000000000000000000000000000000000000000000000000000000000000000000000000000000000100afff001,103822,1,1,1
25,87,87,0x0000058f,63,1,0x000000000000000000000000000000000000000000000000000000000000000000000000000000000000feffffff7014,103826,1,1,1
26,88,88,0x00000ad8,0,0,0x000000000000000000000000000000000000000000000000000000000000000000000000000000000000ffaff900a011,105138,1,1,1
26,88,88,0x00000ad8,1,0,0x000000000000000000000000000000000000000000000000000000000000000000000000000000000000015012fff001,105142,1,1,1
26,88,88,0x00000ad8,2,0,0x000000000000000000000000000000000000000000000000000000000000000000000000000000000000fecfff00500c,105146,1,1,1
26,88,88,0x00000ad8,3,0,0x000000000000000000000000000000000000000000000000000000000000000000000000000000000000fff00400cfec,105150,1,1,1
26,88,88,0x00000ad8,4,0,0x000000000000000000000000000000000000000000000000000000000000000000000000000000000000ffc007ff7002,105154,1,1,1
26,88,88,0x00000ad8,5,0,0x000000000000000000000000000000000000000000000000000000000000000000000000000000000000004ff7ff200a,105158,1,1,1
26,88,88,0x00000ad8,6,0,0x000000000000000000000000000000000000000000000000000000000000000000000000000000000000ff9001017009,105162,1,1,1
26,88,88,0x00000ad8,7,0,0x000000000000000000000000000000000000000000000000000000000000000000000000000000000000ffdfeafecfe7,105166,1,1,1
26,88,88,0x00000ad8,8,0,0x000000000000000000000000000000000000000000000000000000000000000000000000000000000000012004014ffd,105170,1,1,1
26,88,88,0x00000ad8,9,0,0x00000000000000000000000000000000000000000000000000000000000000000000000000000000000000affc00d001,105174,1,1,1
26,88,88,0x00000ad8,10,0,0x000000000000000000000000000000000000000000000000000000000000000000000000000000000000fe1015ff7ff1,105178,1,1,1
26,88,88,0x00000ad8,11,0,0x000000000000000000000000000000000000000000000000000000000000000000000000000000000000fe404a035fdd,105182,1,1,1
26,88,88,0x00000ad8,12,0,0x000000000000000000000000000000000000000000000000000000000000000000000000000000000000047057ff5fad,105186,1,1,1
26,88,88,0x00000ad8,13,0,0x000000000000000000000000000000000000000000000000000000000000000000000000000000000000fdffa1f8afec,105190,1,1,1
26,88,88,0x00000ad8,14,0,0x00000000000000000000000000000000000000000000000000000000000000000000000000000000000001705207103a,105194,1,1,1
26,88,88,0x00000ad8,15,0,0x000000000000000000000000000000000000000000000000000000000000000000000000000000000000fd5facf9ffc9,105198,1,1,1
26,88,88,0x00000ad8,16,0,0x00000000000000000000000000000000000000000000000000000000000000000000000000000000000005103f02afec,105202,1,1,1
26,88,88,0x00000ad8,17,0,0x000000000000000000000000000000000000000000000000000000000000000000000000000000000000fd5ffc02404f,105206,1,1,1
26,88,88,0x00000ad8,18,0,0x000000000000000000000000000000000000000000000000000000000000000000000000000000000000ffafe2fc7fc5,105210,1,1,1
26,88,88,0x00000ad8,19,0,0x00000000000000000000000000000000000000000000000000000000000000000000000000000000000002502202200a,105214,1,1,1
26,88,88,0x00000ad8,20,0,0x000000000000000000000000000000000000000000000000000000000000000000000000000000000000fe200200f01f,105218,1,1,1
26,88,88,0x00000ad8,21,0,0x000000000000000000000000000000000000000000000000000000000000000000000000000000000000fec004feafec,105222,1,1,1
26,88,88,0x00000ad8,22,0,0x000000000000000000000000000000000000000000000000000000000000000000000000000000000000fefff5fffffd,105226,1,1,1
26,88,88,0x00000ad8,23,0,0x000000000000000000000000000000000000000000000000000000000000000000000000000000000000ff700a00400c,105230,1,1,1
26,88,88,0x00000ad8,24,0,0x000000000000000000000000000000000000000000000000000000000000000000000000000000000000ffa004009fff,105234,1,1,1
26,88,88,0x00000ad8,25,0,0x00000000000000000000000000000000000000000000000000000000000000000000000000000000000000200d00400d,105238,1,1,1
26,88,88,0x00000ad8,26,0,0x000000000000000000000000000000000000000000000000000000000000000000000000000000000000005004ffaff9,105242,1,1,1
26,88,88,0x00000ad8,27,0,0x000000000000000000000000000000000000000000000000000000000000000000000000000000000000004ffdffdff9,105246,1,1,1
26,88,88,0x00000ad8,28,0,0x000000000000000000000000000000000000000000000000000000000000000000000000000000000000ff400d00c001,105250,1,1,1
26,88,88,0x00000ad8,29,0,0x000000000000000000000000000000000000000000000000000000000000000000000000000000000000fef004001fff,105254,1,1,1
26,88,88,0x00000ad8,30,0,0x000000000000000000000000000000000000000000000000000000000000000000000000000000000000ffd00500fff7,105258,1,1,1
26,88,88,0x00000ad8,31,0,0x000000000000000000000000000000000000000000000000000000000000000000000000000000000000ff5012ffdfff,105262,1,1,1
26,88,88,0x00000ad8,32,0,0x000000000000000000000000000000000000000000000000000000000000000000000000000000000000ff5ff1ffd007,105266,1,1,1
26,88,88,0x00000ad8,33,0,0x000000000000000000000000000000000000000000000000000000000000000000000000000000000000007009ff4ffa,105270,1,1,1
26,88,88,0x00000ad8,34,0,0x00000000000000000000000000000000000000000000000000000000000000000000000000000000000000101700cffa,105274,1,1,1
26,88,88,0x00000ad8,35,0,0x000000000000000000000000000000000000000000000000000000000000000000000000000000000000ff9fff004009,105278,1,1,1
26,88,88,0x00000ad8,36,0,0x00000000000000000000000000000000000000000000000000000000000000000000000000000000000000fffafe7ff2,105282,1,1,1
26,88,88,0x00000ad8,37,0,0x000000000000000000000000000000000000000000000000000000000000000000000000000000000000ff5ffdffd009,105286,1,1,1
26,88,88,0x00000ad8,38,0,0x000000000000000000000000000000000000000000000000000000000000000000000000000000000000ffaffc017ffc,105290,1,1,1
26,88,88,0x00000ad8,39,0,0x000000000000000000000000000000000000000000000000000000000000000000000000000000000000ff1ff2ffafed,105294,1,1,1
26,88,88,0x00000ad8,40,0,0x00000000000000000000000000000000000000000000000000000000000000000000000000000000000000f007007ff5,105298,1,1,1
26,88,88,0x00000ad8,41,0,0x00000000000000000000000000000000000000000000000000000000000000000000000000000000000000400c00a005,105302,1,1,1
26,88,88,0x00000ad8,42,0,0x000000000000000000000000000000000000000000000000000000000000000000000000000000000000ffa00a014ffa,105306,1,1,1
26,88,88,0x00000ad8,43,0,0x000000000000000000000000000000000000000000000000000000000000000000000000000000000000ff4014ffffec,105310,1,1,1
26,88,88,0x00000ad8,44,0,0x000000000000000000000000000000000000000000000000000000000000000000000000000000000000009fffff200c,105314,1,1,1
26,88,88,0x00000ad8,45,0,0x000000000000000000000000000000000000000000000000000000000000000000000000000000000000007ff4ff2007,105318,1,1,1
26,88,88,0x00000ad8,46,0,0x000000000000000000000000000000000000000000000000000000000000000000000000000000000000002004015012,105322,1,1,1
26,88,88,0x00000ad8,47,0,0x000000000000000000000000000000000000000000000000000000000000000000000000000000000000fe2fed00fff5,105326,1,1,1
26,88,88,0x00000ad8,48,0,0x000000000000000000000000000000000000000000000000000000000000000000000000000000000000002007ff1fdd,105330,1,1,1
26,88,88,0x00000ad8,49,0,0x00000000000000000000000000000000000000000000000000000000000000000000000000000000000000f00c011009,105334,1,1,1
26,88,88,0x00000ad8,50,0,0x000000000000000000000000000000000000000000000000000000000000000000000000000000000000001fff004ff9,105338,1,1,1
26,88,88,0x00000ad8,51,0,0x000000000000000000000000000000000000000000000000000000000000000000000000000000000000ffdffffecfec,105342,1,1,1
26,88,88,0x00000ad8,52,0,0x000000000000000000000000000000000000000000000000000000000000000000000000000000000000fff00500fff7,105346,1,1,1
26,88,88,0x00000ad8,53,0,0x000000000000000000000000000000000000000000000000000000000000000000000000000000000000004ffd00a00f,105350,1,1,1
26,88,88,0x00000ad8,54,0,0x000000000000000000000000000000000000000000000000000000000000000000000000000000000000005ffdff4ffa,105354,1,1,1
26,88,88,0x00000ad8,55,0,0x000000000000000000000000000000000000000000000000000000000000000000000000000000000000ff7004005004,105358,1,1,1
26,88,88,0x00000ad8,56,0,0x00000000000000000000000000000000000000000000000000000000000000000000000000000000000000500100a009,105362,1,1,1
26,88,88,0x00000ad8,57,0,0x000000000000000000000000000000000000000000000000000000000000000000000000000000000000005ff9004ff7,105366,1,1,1
26,88,88,0x00000ad8,58,0,0x000000000000000000000000000000000000000000000000000000000000000000000000000000000000ffcffaff7fff,105370,1,1,1
26,88,88,0x00000ad8,59,0,0x000000000000000000000000000000000000000000000000000000000000000000000000000000000000ffcffa007fed,105374,1,1,1
26,88,88,0x00000ad8,60,0,0x000000000000000000000000000000000000000000000000000000000000000000000000000000000000ff900200900c,105378,1,1,1
26,88,88,0x00000ad8,61,0,0x000000000000000000000000000000000000000000000000000000000000000000000000000000000000001012004ff7,105382,1,1,1
26,88,88,0x00000ad8,62,0,0x00000000000000000000000000000000000000000000000000000000000000000000000000000000000001400100afff,105386,1,1,1
26,88,88,0x00000ad8,63,1,0x000000000000000000000000000000000000000000000000000000000000000000000000000000000000001feffffff7,105390,1,1,1
27,89,89,0x000007cb,0,0,0x000000000000000000000000000000000000000000000000000000000000000000000000000000000000001ffaff900a,106702,1,1,1
27,89,89,0x000007cb,1,0,0x00000000000000000000000000000000000000000000000000000000000000000000000000000000000000c015012fff,106706,1,1,1
27,89,89,0x000007cb,2,0,0x000000000000000000000000000000000000000000000000000000000000000000000000000000000000fecfecfff005,106710,1,1,1
27,89,89,0x000007cb,3,0,0x000000000000000000000000000000000000000000000000000000000000000000000000000000000000002fff00400c,106714,1,1,1
27,89,89,0x000007cb,4,0,0x00000000000000000000000000000000000000000000000000000000000000000000000000000000000000affc007ff7,106718,1,1,1
27,89,89,0x000007cb,5,0,0x000000000000000000000000000000000000000000000000000000000000000000000000000000000000009004ff7ff2,106722,1,1,1
27,89,89,0x000007cb,6,0,0x000000000000000000000000000000000000000000000000000000000000000000000000000000000000fe7ff9001017,106726,1,1,1
27,89,89,0x000007cb,7,0,0x000000000000000000000000000000000000000000000000000000000000000000000000000000000000ffdffdfeafec,106730,1,1,1
27,89,89,0x000007cb,8,0,0x000000000000000000000000000000000000000000000000000000000000000000000000000000000000001012004014,106734,1,1,1
27,89,89,0x000007cb,9,0,0x000000000000000000000000000000000000000000000000000000000000000000000000000000000000ff100affc00d,106738,1,1,1
27,89,89,0x000007cb,10,0,0x000000000000000000000000000000000000000000000000000000000000000000000000000000000000fddfe1015ff7,106742,1,1,1
27,89,89,0x000007cb,11,0,0x000000000000000000000000000000000000000000000000000000000000000000000000000000000000fadfe404a035,106746,1,1,1
27,89,89,0x000007cb,12,0,0x000000000000000000000000000000000000000000000000000000000000000000000000000000000000fec047057ff5,106750,1,1,1
27,89,89,0x000007cb,13,0,0x00000000000000000000000000000000000000000000000000000000000000000000000000000000000003afdffa1f8a,106754,1,1,1
27,89,89,0x000007cb,14,0,0x000000000000000000000000000000000000000000000000000000000000000000000000000000000000fc9017052071,106758,1,1,1
27,89,89,0x000007cb,15,0,0x000000000000000000000000000000000000000000000000000000000000000000000000000000000000fecfd5facf9f,106762,1,1,1
27,89,89,0x000007cb,16,0,0x00000000000000000000000000000000000000000000000000000000000000000000000000000000000004f05103f02a,106766,1,1,1
27,89,89,0x000007cb,17,0,0x000000000000000000000000000000000000000000000000000000000000000000000000000000000000fc5fd5ffc024,106770,1,1,1
27,89,89,0x000007cb,18,0,0x00000000000000000000000000000000000000000000000000000000000000000000000000000000000000affafe2fc7,106774,1,1,1
27,89,89,0x000007cb,19,0,0x00000000000000000000000000000000000000000000000000000000000000000000000000000000000001f025022022,106778,1,1,1
27,89,89,0x000007cb,20,0,0x000000000000000000000000000000000000000000000000000000000000000000000000000000000000fecfe200200f,106782,1,1,1
27,89,89,0x000007cb,21,0,0x000000000000000000000000000000000000000000000000000000000000000000000000000000000000ffdfec004fea,106786,1,1,1
27,89,89,0x000007cb,22,0,0x00000000000000000000000000000000000000000000000000000000000000000000000000000000000000cfefff5fff,106790,1,1,1
27,89,89,0x000007cb,23,0,0x000000000000000000000000000000000000000000000000000000000000000000000000000000000000fffff700a004,106794,1,1,1
27,89,89,0x000007cb,24,0,0x00000000000000000000000000000000000000000000000000000000000000000000000000000000000000dffa004009,106798,1,1,1
27,89,89,0x000007cb,25,0,0x000000000000000000000000000000000000000000000000000000000000000000000000000000000000ff900200d004,106802,1,1,1
27,89,89,0x000007cb,26,0,0x000000000000000000000000000000000000000000000000000000000000000000000000000000000000ff9005004ffa,106806,1,1,1
27,89,89,0x000007cb,27,0,0x000000000000000000000000000000000000000000000000000000000000000000000000000000000000001004ffdffd,106810,1,1,1
27,89,89,0x000007cb,28,0,0x000000000000000000000000000000000000000000000000000000000000000000000000000000000000fffff400d00c,106814,1,1,1
27,89,89,0x000007cb,29,0,0x000000000000000000000000000000000000000000000000000000000000000000000000000000000000ff7fef004001,106818,1,1,1
27,89,89,0x000007cb,30,0,0x000000000000000000000000000000000000000000000000000000000000000000000000000000000000fffffd00500f,106822,1,1,1
27,89,89,0x000007cb,31,0,0x000000000000000000000000000000000000000000000000000000000000000000000000000000000000007ff5012ffd,106826,1,1,1
27,89,89,0x000007cb,32,0,0x000000000000000000000000000000000000000000000000000000000000000000000000000000000000ffaff5ff1ffd,106830,1,1,1
27,89,89,0x000007cb,33,0,0x000000000000000000000000000000000000000000000000000000000000000000000000000000000000ffa007009ff4,106834,1,1,1
27,89,89,0x000007cb,34,0,0x00000000000000000000000000000000000000000000000000000000000000000000000000000000000000900101700c,106838,1,1,1
27,89,89,0x000007cb,35,0,0x000000000000000000000000000000000000000000000000000000000000000000000000000000000000ff2ff9fff004,106842,1,1,1
27,89,89,0x000007cb,36,0,0x00000000000000000000000000000000000000000000000000000000000000000000000000000000000000900fffafe7,106846,1,1,1
27,89,89,0x000007cb,37,0,0x000000000000000000000000000000000000000000000000000000000000000000000000000000000000ffcff5ffdffd,106850,1,1,1
27,89,89,0x000007cb,38,0,0x000000000000000000000000000000000000000000000000000000000000000000000000000000000000fedffaffc017,106854,1,1,1
27,89,89,0x000007cb,39,0,0x000000000000000000000000000000000000000000000000000000000000000000000000000000000000ff5ff1ff2ffa,106858,1,1,1
27,89,89,0x000007cb,40,0,0x00000000000000000000000000000000000000000000000000000000000000000000000000000000000000500f007007,106862,1,1,1
27,89,89,0x000007cb,41,0,0x000000000000000000000000000000000000000000000000000000000000000000000000000000000000ffa00400c00a,106866,1,1,1
27,89,89,0x000007cb,42,0,0x000000000000000000000000000000000000000000000000000000000000000000000000000000000000fecffa00a014,106870,1,1,1
27,89,89,0x000007cb,43,0,0x00000000000000000000000000000000000000000000000000000000000000000000000000000000000000cff4014fff,106874,1,1,1
27,89,89,0x000007cb,44,0,0x000000000000000000000000000000000000000000000000000000000000000000000000000000000000007009fffff2,106878,1,1,1
27,89,89,0x000007cb,45,0,0x000000000000000000000000000000000000000000000000000000000000000000000000000000000000012007ff4ff2,106882,1,1,1
27,89,89,0x000007cb,46,0,0x000000000000000000000000000000000000000000000000000000000000000000000000000000000000ff5002004015,106886,1,1,1
27,89,89,0x000007cb,47,0,0x000000000000000000000000000000000000000000000000000000000000000000000000000000000000fddfe2fed00f,106890,1,1,1
27,89,89,0x000007cb,48,0,0x000000000000000000000000000000000000000000000000000000000000000000000000000000000000009002007ff1,106894,1,1,1
27,89,89,0x000007cb,49,0,0x000000000000000000000000000000000000000000000000000000000000000000000000000000000000ff900f00c011,106898,1,1,1
27,89,89,0x000007cb,50,0,0x000000000000000000000000000000000000000000000000000000000000000000000000000000000000fec001fff004,106902,1,1,1
27,89,89,0x000007cb,51,0,0x000000000000000000000000000000000000000000000000000000000000000000000000000000000000ff7ffdffffec,106906,1,1,1
27,89,89,0x000007cb,52,0,0x00000000000000000000000000000000000000000000000000000000000000000000000000000000000000ffff00500f,106910,1,1,1
27,89,89,0x000007cb,53,0,0x000000000000000000000000000000000000000000000000000000000000000000000000000000000000ffa004ffd00a,106914,1,1,1
27,89,89,0x000007cb,54,0,0x000000000000000000000000000000000000000000000000000000000000000000000000000000000000004005ffdff4,106918,1,1,1
27,89,89,0x000007cb,55,0,0x000000000000000000000000000000000000000000000000000000000000000000000000000000000000009ff7004005,106922,1,1,1
27,89,89,0x000007cb,56,0,0x000000000000000000000000000000000000000000000000000000000000000000000000000000000000ff700500100a,106926,1,1,1
27,89,89,0x000007cb,57,0,0x000000000000000000000000000000000000000000000000000000000000000000000000000000000000fff005ff9004,106930,1,1,1
27,89,89,0x000007cb,58,0,0x000000000000000000000000000000000000000000000000000000000000000000000000000000000000fedffcffaff7,106934,1,1,1
27,89,89,0x000007cb,59,0,0x00000000000000000000000000000000000000000000000000000000000000000000000000000000000000cffcffa007,106938,1,1,1
27,89,89,0x000007cb,60,0,0x000000000000000000000000000000000000000000000000000000000000000000000000000000000000ff7ff9002009,106942,1,1,1
27,89,89,0x000007cb,61,0,0x000000000000000000000000000000000000000000000000000000000000000000000000000000000000fff001012004,106946,1,1,1
27,89,89,0x000007cb,62,0,0x000000000000000000000000000000000000000000000000000000000000000000000000000000000000ff701400100a,106950,1,1,1
27,89,89,0x000007cb,63,1,0x000000000000000000000000000000000000000000000000000000000000000000000000000000000000ff2001feffff,106954,1,1,1
28,90,90,0x0000023c,0,0,0x000000000000000000000000000000000000000000000000000000000000000000000000000000000000fff001ffaff9,108270,1,1,1
28,90,90,0x0000023c,1,0,0x00000000000000000000000000000000000000000000000000000000000000000000000000000000000000500c015012,108274,1,1,1
28,90,90,0x0000023c,2,0,0x00000000000000000000000000000000000000000000000000000000000000000000000000000000000000cfecfecfff,108278,1,1,1
28,90,90,0x0000023c,3,0,0x000000000000000000000000000000000000000000000000000000000000000000000000000000000000ff7002fff004,108282,1,1,1
28,90,90,0x0000023c,4,0,0x000000000000000000000000000000000000000000000000000000000000000000000000000000000000ff200affc007,108286,1,1,1
28,90,90,0x0000023c,5,0,0x000000000000000000000000000000000000000000000000000000000000000000000000000000000000017009004ff7,108290,1,1,1
28,90,90,0x0000023c,6,0,0x000000000000000000000000000000000000000000000000000000000000000000000000000000000000fecfe7ff9001,108294,1,1,1
28,90,90,0x0000023c,7,0,0x000000000000000000000000000000000000000000000000000000000000000000000000000000000000014ffdffdfea,108298,1,1,1
28,90,90,0x0000023c,8,0,0x00000000000000000000000000000000000000000000000000000000000000000000000000000000000000d001012004,108302,1,1,1
28,90,90,0x0000023c,9,0,0x000000000000000000000000000000000000000000000000000000000000000000000000000000000000ff7ff100affc,108306,1,1,1
28,90,90,0x0000023c,10,0,0x000000000000000000000000000000000000000000000000000000000000000000000000000000000000035fddfe1015,108310,1,1,1
28,90,90,0x0000023c,11,0,0x000000000000000000000000000000000000000000000000000000000000000000000000000000000000ff5fadfe404a,108314,1,1,1
28,90,90,0x0000023c,12,0,0x000000000000000000000000000000000000000000000000000000000000000000000000000000000000f8afec047057,108318,1,1,1
28,90,90,0x0000023c,13,0,0x00000000000000000000000000000000000000000000000000000000000000000000000000000000000007103afdffa1,108322,1,1,1
28,90,90,0x0000023c,14,0,0x000000000000000000000000000000000000000000000000000000000000000000000000000000000000f9ffc9017052,108326,1,1,1
28,90,90,0x0000023c,15,0,0x00000000000000000000000000000000000000000000000000000000000000000000000000000000000002afecfd5fac,108330,1,1,1
28,90,90,0x0000023c,16,0,0x00000000000000000000000000000000000000000000000000000000000000000000000000000000000002404f05103f,108334,1,1,1
28,90,90,0x0000023c,17,0,0x000000000000000000000000000000000000000000000000000000000000000000000000000000000000fc7fc5fd5ffc,108338,1,1,1
28,90,90,0x0000023c,18,0,0x00000000000000000000000000000000000000000000000000000000000000000000000000000000000002200affafe2,108342,1,1,1
28,90,90,0x0000023c,19,0,0x00000000000000000000000000000000000000000000000000000000000000000000000000000000000000f01f025022,108346,1,1,1
28,90,90,0x0000023c,20,0,0x000000000000000000000000000000000000000000000000000000000000000000000000000000000000feafecfe2002,108350,1,1,1
28,90,90,0x0000023c,21,0,0x000000000000000000000000000000000000000000000000000000000000000000000000000000000000fffffdfec004,108354,1,1,1
28,90,90,0x0000023c,22,0,0x00000000000000000000000000000000000000000000000000000000000000000000000000000000000000400cfefff5,108358,1,1,1
28,90,90,0x0000023c,23,0,0x000000000000000000000000000000000000000000000000000000000000000000000000000000000000009fffff700a,108362,1,1,1
28,90,90,0x0000023c,24,0,0x00000000000000000000000000000000000000000000000000000000000000000000000000000000000000400dffa004,108366,1,1,1
28,90,90,0x0000023c,25,0,0x000000000000000000000000000000000000000000000000000000000000000000000000000000000000ffaff900200d,108370,1,1,1
28,90,90,0x0000023c,26,0,0x000000000000000000000000000000000000000000000000000000000000000000000000000000000000ffdff9005004,108374,1,1,1
28,90,90,0x0000023c,27,0,0x00000000000000000000000000000000000000000000000000000000000000000000000000000000000000c001004ffd,108378,1,1,1
28,90,90,0x0000023c,28,0,0x000000000000000000000000000000000000000000000000000000000000000000000000000000000000001fffff400d,108382,1,1,1
28,90,90,0x0000023c,29,0,0x00000000000000000000000000000000000000000000000000000000000000000000000000000000000000fff7fef004,108386,1,1,1
28,90,90,0x0000023c,30,0,0x000000000000000000000000000000000000000000000000000000000000000000000000000000000000ffdfffffd005,108390,1,1,1
28,90,90,0x0000023c,31,0,0x000000000000000000000000000000000000000000000000000000000000000000000000000000000000ffd007ff5012,108394,1,1,1
28,90,90,0x0000023c,32,0,0x000000000000000000000000000000000000000000000000000000000000000000000000000000000000ff4ffaff5ff1,108398,1,1,1
28,90,90,0x0000023c,33,0,0x00000000000000000000000000000000000000000000000000000000000000000000000000000000000000cffa007009,108402,1,1,1
28,90,90,0x0000023c,34,0,0x000000000000000000000000000000000000000000000000000000000000000000000000000000000000004009001017,108406,1,1,1
28,90,90,0x0000023c,35,0,0x000000000000000000000000000000000000000000000000000000000000000000000000000000000000fe7ff2ff9fff,108410,1,1,1
28,90,90,0x0000023c,36,0,0x000000000000000000000000000000000000000000000000000000000000000000000000000000000000ffd00900fffa,108414,1,1,1
28,90,90,0x0000023c,37,0,0x000000000000000000000000000000000000000000000000000000000000000000000000000000000000017ffcff5ffd,108418,1,1,1
28,90,90,0x0000023c,38,0,0x000000000000000000000000000000000000000000000000000000000000000000000000000000000000ffafedffaffc,108422,1,1,1
28,90,90,0x0000023c,39,0,0x000000000000000000000000000000000000000000000000000000000000000000000000000000000000007ff5ff1ff2,108426,1,1,1
28,90,90,0x0000023c,40,0,0x00000000000000000000000000000000000000000000000000000000000000000000000000000000000000a00500f007,108430,1,1,1
28,90,90,0x0000023c,41,0,0x000000000000000000000000000000000000000000000000000000000000000000000000000000000000014ffa00400c,108434,1,1,1
28,90,90,0x0000023c,42,0,0x000000000000000000000000000000000000000000000000000000000000000000000000000000000000ffffecffa00a,108438,1,1,1
28,90,90,0x0000023c,43,0,0x000000000000000000000000000000000000000000000000000000000000000000000000000000000000ff200cff4014,108442,1,1,1
28,90,90,0x0000023c,44,0,0x000000000000000000000000000000000000000000000000000000000000000000000000000000000000ff2007009fff,108446,1,1,1
28,90,90,0x0000023c,45,0,0x000000000000000000000000000000000000000000000000000000000000000000000000000000000000015012007ff4,108450,1,1,1
28,90,90,0x0000023c,46,0,0x00000000000000000000000000000000000000000000000000000000000000000000000000000000000000fff5002004,108454,1,1,1
28,90,90,0x0000023c,47,0,0x000000000000000000000000000000000000000000000000000000000000000000000000000000000000ff1fddfe2fed,108458,1,1,1
28,90,90,0x0000023c,48,0,0x000000000000000000000000000000000000000000000000000000000000000000000000000000000000011009002007,108462,1,1,1
28,90,90,0x0000023c,49,0,0x000000000000000000000000000000000000000000000000000000000000000000000000000000000000004ff900f00c,108466,1,1,1
28,90,90,0x0000023c,50,0,0x000000000000000000000000000000000000000000000000000000000000000000000000000000000000fecfec001fff,108470,1,1,1
28,90,90,0x0000023c,51,0,0x00000000000000000000000000000000000000000000000000000000000000000000000000000000000000fff7ffdfff,108474,1,1,1
28,90,90,0x0000023c,52,0,0x00000000000000000000000000000000000000000000000000000000000000000000000000000000000000a00ffff005,108478,1,1,1
28,90,90,0x0000023c,53,0,0x000000000000000000000000000000000000000000000000000000000000000000000000000000000000ff4ffa004ffd,108482,1,1,1
28,90,90,0x0000023c,54,0,0x000000000000000000000000000000000000000000000000000000000000000000000000000000000000005004005ffd,108486,1,1,1
28,90,90,0x0000023c,55,0,0x00000000000000000000000000000000000000000000000000000000000000000000000000000000000000a009ff7004,108490,1,1,1
28,90,90,0x0000023c,56,0,0x000000000000000000000000000000000000000000000000000000000000000000000000000000000000004ff7005001,108494,1,1,1
28,90,90,0x0000023c,57,0,0x000000000000000000000000000000000000000000000000000000000000000000000000000000000000ff7fff005ff9,108498,1,1,1
28,90,90,0x0000023c,58,0,0x000000000000000000000000000000000000000000000000000000000000000000000000000000000000007fedffcffa,108502,1,1,1
28,90,90,0x0000023c,59,0,0x00000000000000000000000000000000000000000000000000000000000000000000000000000000000000900cffcffa,108506,1,1,1
28,90,90,0x0000023c,60,0,0x000000000000000000000000000000000000000000000000000000000000000000000000000000000000004ff7ff9002,108510,1,1,1
28,90,90,0x0000023c,61,0,0x00000000000000000000000000000000000000000000000000000000000000000000000000000000000000afff001012,108514,1,1,1
28,90,90,0x0000023c,62,0,0x000000000000000000000000000000000000000000000000000000000000000000000000000000000000fffff7014001,108518,1,1,1
28,90,90,0x0000023c,63,1,0x000000000000000000000000000000000000000000000000000000000000000000000000000000000000005ff2001fef,108522,1,1,1
29,94,94,0x0000027b,0,0,0x00000000000000000000000000000000000000000000000000000000000000000000000000000000000000500c015012,112878,1,1,1
29,94,94,0x0000027b,1,0,0x00000000000000000000000000000000000000000000000000000000000000000000000000000000000000cfecfecfff,112882,1,1,1
29,94,94,0x0000027b,2,0,0x000000000000000000000000000000000000000000000000000000000000000000000000000000000000ff7002fff004,112886,1,1,1
29,94,94,0x0000027b,3,0,0x000000000000000000000000000000000000000000000000000000000000000000000000000000000000ff200affc007,112890,1,1,1
29,94,94,0x0000027b,4,0,0x000000000000000000000000000000000000000000000000000000000000000000000000000000000000017009004ff7,112894,1,1,1
29,94,94,0x0000027b,5,0,0x000000000000000000000000000000000000000000000000000000000000000000000000000000000000fecfe7ff9001,112898,1,1,1
29,94,94,0x0000027b,6,0,0x000000000000000000000000000000000000000000000000000000000000000000000000000000000000014ffdffdfea,112902,1,1,1
29,94,94,0x0000027b,7,0,0x00000000000000000000000000000000000000000000000000000000000000000000000000000000000000d001012004,112906,1,1,1
29,94,94,0x0000027b,8,0,0x000000000000000000000000000000000000000000000000000000000000000000000000000000000000ff7ff100affc,112910,1,1,1
29,94,94,0x0000027b,9,0,0x000000000000000000000000000000000000000000000000000000000000000000000000000000000000035fddfe1015,112914,1,1,1
29,94,94,0x0000027b,10,0,0x000000000000000000000000000000000000000000000000000000000000000000000000000000000000ff5fadfe404a,112918,1,1,1
29,94,94,0x0000027b,11,0,0x000000000000000000000000000000000000000000000000000000000000000000000000000000000000f8afec047057,112922,1,1,1
29,94,94,0x0000027b,12,0,0x00000000000000000000000000000000000000000000000000000000000000000000000000000000000007103afdffa1,112926,1,1,1
29,94,94,0x0000027b,13,0,0x000000000000000000000000000000000000000000000000000000000000000000000000000000000000f9ffc9017052,112930,1,1,1
29,94,94,0x0000027b,14,0,0x00000000000000000000000000000000000000000000000000000000000000000000000000000000000002afecfd5fac,112934,1,1,1
29,94,94,0x0000027b,15,0,0x00000000000000000000000000000000000000000000000000000000000000000000000000000000000002404f05103f,112938,1,1,1
29,94,94,0x0000027b,16,0,0x000000000000000000000000000000000000000000000000000000000000000000000000000000000000fc7fc5fd5ffc,112942,1,1,1
29,94,94,0x0000027b,17,0,0x00000000000000000000000000000000000000000000000000000000000000000000000000000000000002200affafe2,112946,1,1,1
29,94,94,0x0000027b,18,0,0x00000000000000000000000000000000000000000000000000000000000000000000000000000000000000f01f025022,112950,1,1,1
29,94,94,0x0000027b,19,0,0x000000000000000000000000000000000000000000000000000000000000000000000000000000000000feafecfe2002,112954,1,1,1
29,94,94,0x0000027b,20,0,0x000000000000000000000000000000000000000000000000000000000000000000000000000000000000fffffdfec004,112958,1,1,1
29,94,94,0x0000027b,21,0,0x00000000000000000000000000000000000000000000000000000000000000000000000000000000000000400cfefff5,112962,1,1,1
29,94,94,0x0000027b,22,0,0x000000000000000000000000000000000000000000000000000000000000000000000000000000000000009fffff700a,112966,1,1,1
29,94,94,0x0000027b,23,0,0x00000000000000000000000000000000000000000000000000000000000000000000000000000000000000400dffa004,112970,1,1,1
29,94,94,0x0000027b,24,0,0x000000000000000000000000000000000000000000000000000000000000000000000000000000000000ffaff900200d,112974,1,1,1
29,94,94,0x0000027b,25,0,0x000000000000000000000000000000000000000000000000000000000000000000000000000000000000ffdff9005004,112978,1,1,1
29,94,94,0x0000027b,26,0,0x00000000000000000000000000000000000000000000000000000000000000000000000000000000000000c001004ffd,112982,1,1,1
29,94,94,0x0000027b,27,0,0x000000000000000000000000000000000000000000000000000000000000000000000000000000000000001fffff400d,112986,1,1,1
29,94,94,0x0000027b,28,0,0x00000000000000000000000000000000000000000000000000000000000000000000000000000000000000fff7fef004,112990,1,1,1
29,94,94,0x0000027b,29,0,0x000000000000000000000000000000000000000000000000000000000000000000000000000000000000ffdfffffd005,112994,1,1,1
29,94,94,0x0000027b,30,0,0x000000000000000000000000000000000000000000000000000000000000000000000000000000000000ffd007ff5012,112998,1,1,1
29,94,94,0x0000027b,31,0,0x000000000000000000000000000000000000000000000000000000000000000000000000000000000000ff4ffaff5ff1,113002,1,1,1
29,94,94,0x0000027b,32,0,0x00000000000000000000000000000000000000000000000000000000000000000000000000000000000000cffa007009,113006,1,1,1
29,94,94,0x0000027b,33,0,0x000000000000000000000000000000000000000000000000000000000000000000000000000000000000004009001017,113010,1,1,1
29,94,94,0x0000027b,34,0,0x000000000000000000000000000000000000000000000000000000000000000000000000000000000000fe7ff2ff9fff,113014,1,1,1
29,94,94,0x0000027b,35,0,0x000000000000000000000000000000000000000000000000000000000000000000000000000000000000ffd00900fffa,113018,1,1,1
29,94,94,0x0000027b,36,0,0x000000000000000000000000000000000000000000000000000000000000000000000000000000000000017ffcff5ffd,113022,1,1,1
29,94,94,0x0000027b,37,0,0x000000000000000000000000000000000000000000000000000000000000000000000000000000000000ffafedffaffc,113026,1,1,1
29,94,94,0x0000027b,38,0,0x000000000000000000000000000000000000000000000000000000000000000000000000000000000000007ff5ff1ff2,113030,1,1,1
29,94,94,0x0000027b,39,0,0x00000000000000000000000000000000000000000000000000000000000000000000000000000000000000a00500f007,113034,1,1,1
29,94,94,0x0000027b,40,0,0x000000000000000000000000000000000000000000000000000000000000000000000000000000000000014ffa00400c,113038,1,1,1
29,94,94,0x0000027b,41,0,0x000000000000000000000000000000000000000000000000000000000000000000000000000000000000ffffecffa00a,113042,1,1,1
29,94,94,0x0000027b,42,0,0x000000000000000000000000000000000000000000000000000000000000000000000000000000000000ff200cff4014,113046,1,1,1
29,94,94,0x0000027b,43,0,0x000000000000000000000000000000000000000000000000000000000000000000000000000000000000ff2007009fff,113050,1,1,1
29,94,94,0x0000027b,44,0,0x000000000000000000000000000000000000000000000000000000000000000000000000000000000000015012007ff4,113054,1,1,1
29,94,94,0x0000027b,45,0,0x00000000000000000000000000000000000000000000000000000000000000000000000000000000000000fff5002004,113058,1,1,1
29,94,94,0x0000027b,46,0,0x000000000000000000000000000000000000000000000000000000000000000000000000000000000000ff1fddfe2fed,113062,1,1,1
29,94,94,0x0000027b,47,0,0x000000000000000000000000000000000000000000000000000000000000000000000000000000000000011009002007,113066,1,1,1
29,94,94,0x0000027b,48,0,0x000000000000000000000000000000000000000000000000000000000000000000000000000000000000004ff900f00c,113070,1,1,1
29,94,94,0x0000027b,49,0,0x000000000000000000000000000000000000000000000000000000000000000000000000000000000000fecfec001fff,113074,1,1,1
29,94,94,0x0000027b,50,0,0x00000000000000000000000000000000000000000000000000000000000000000000000000000000000000fff7ffdfff,113078,1,1,1
29,94,94,0x0000027b,51,0,0x00000000000000000000000000000000000000000000000000000000000000000000000000000000000000a00ffff005,113082,1,1,1
29,94,94,0x0000027b,52,0,0x000000000000000000000000000000000000000000000000000000000000000000000000000000000000ff4ffa004ffd,113086,1,1,1
29,94,94,0x0000027b,53,0,0x000000000000000000000000000000000000000000000000000000000000000000000000000000000000005004005ffd,113090,1,1,1
29,94,94,0x0000027b,54,0,0x00000000000000000000000000000000000000000000000000000000000000000000000000000000000000a009ff7004,113094,1,1,1
29,94,94,0x0000027b,55,0,0x000000000000000000000000000000000000000000000000000000000000000000000000000000000000004ff7005001,113098,1,1,1
29,94,94,0x0000027b,56,0,0x000000000000000000000000000000000000000000000000000000000000000000000000000000000000ff7fff005ff9,113102,1,1,1
29,94,94,0x0000027b,57,0,0x000000000000000000000000000000000000000000000000000000000000000000000000000000000000007fedffcffa,113106,1,1,1
29,94,94,0x0000027b,58,0,0x00000000000000000000000000000000000000000000000000000000000000000000000000000000000000900cffcffa,113110,1,1,1
29,94,94,0x0000027b,59,0,0x000000000000000000000000000000000000000000000000000000000000000000000000000000000000004ff7ff9002,113114,1,1,1
29,94,94,0x0000027b,60,0,0x00000000000000000000000000000000000000000000000000000000000000000000000000000000000000afff001012,113118,1,1,1
29,94,94,0x0000027b,61,0,0x000000000000000000000000000000000000000000000000000000000000000000000000000000000000fffff7014001,113122,1,1,1
29,94,94,0x0000027b,62,0,0x000000000000000000000000000000000000000000000000000000000000000000000000000000000000005ff2001fef,113126,1,1,1
29,94,94,0x0000027b,63,1,0x000000000000000000000000000000000000000000000000000000000000000000000000000000000000ffd001fedfed,113130,1,1,1
