Time resolution is 1 ps
[0] Asserting reset...
Info: [XPM_MEMORY 20-1] MEMORY_PRIMITIVE (0) instructs Vivado Synthesis to choose the memory primitive type. Depending on their values, other XPM_MEMORY parameters may preclude the choice of certain memory primitive types. Review XPM_MEMORY documentation and parameter values to understand any limitations, or set MEMORY_PRIMITIVE to a different value. tb_AI_TRIGGER_TOP.dut.u_ADC_INPUT.u_FIFO.\gnuram_async_fifo.xpm_fifo_base_inst .\gen_sdpram.xpm_memory_base_inst .config_drc
Time: 1 ps  Iteration: 0  Process: /tb_AI_TRIGGER_TOP/dut/u_ADC_INPUT/u_FIFO/gnuram_async_fifo.xpm_fifo_base_inst/gen_sdpram.xpm_memory_base_inst/Initial302_28  Scope: tb_AI_TRIGGER_TOP.dut.u_ADC_INPUT.u_FIFO.\gnuram_async_fifo.xpm_fifo_base_inst .\gen_sdpram.xpm_memory_base_inst .config_drc  File: /tools/Xilinx/Vivado/2023.2/data/ip/xpm/xpm_memory/hdl/xpm_memory.sv Line: 506
Info: [XPM_MEMORY 20-1] MEMORY_PRIMITIVE (0) instructs Vivado Synthesis to choose the memory primitive type. Depending on their values, other XPM_MEMORY parameters may preclude the choice of certain memory primitive types. Review XPM_MEMORY documentation and parameter values to understand any limitations, or set MEMORY_PRIMITIVE to a different value. tb_AI_TRIGGER_TOP.dut.u_DUT.u_EVENT_PATH.u_output_fifo.u_FIFO.xpm_fifo_base_inst.\gen_sdpram.xpm_memory_base_inst .config_drc
Time: 1 ps  Iteration: 0  Process: /tb_AI_TRIGGER_TOP/dut/u_DUT/u_EVENT_PATH/u_output_fifo/u_FIFO/xpm_fifo_base_inst/gen_sdpram.xpm_memory_base_inst/Initial302_1807  Scope: tb_AI_TRIGGER_TOP.dut.u_DUT.u_EVENT_PATH.u_output_fifo.u_FIFO.xpm_fifo_base_inst.\gen_sdpram.xpm_memory_base_inst .config_drc  File: /tools/Xilinx/Vivado/2023.2/data/ip/xpm/xpm_memory/hdl/xpm_memory.sv Line: 506
[206000] Starting AI_TRIGGER_TOP test
[206000] TESTHEX_DIR: /home/work1/Works/AI-Trigger-System/build/real_noise_scan/signal_10rms_offset/testhex_stream
[206000] Samples: 745  Threshold raw: 0 (0.0000)
[206000] MIRROR_RAW_CHANNELS: 0
[206000] PACE_CHUNKS: 1
---------------------------------------------------------------------
Sample | Score (hex) | Score (float) | Label | Pred | Latency (us)
---------------------------------------------------------------------
Note: DIST chunk_start seq=0 lane=0 busy='0'
Time: 266 ns  Iteration: 0  Process: /tb_AI_TRIGGER_TOP/dut/u_DUT/u_DIST/line__134  File: /home/work1/Works/AI-Trigger-System/HDL/rtl/ADC_CHUNK_DISTRIBUTOR.vhd
Note: LANE0 ADC chunk_accept count=1 fifo_full='0'
Time: 266 ns  Iteration: 0  Process: /tb_AI_TRIGGER_TOP/dut/u_DUT/\gen_lanes(0)\/u_LANE/line__191  File: /home/work1/Works/AI-Trigger-System/HDL/rtl/CNN_CORE_LANE.vhd
Note: LANE0 started_next=1 fifo_empty='0' fifo_data_valid='1' ready='0' idle='1'
Time: 302500 ps  Iteration: 0  Process: /tb_AI_TRIGGER_TOP/dut/u_DUT/\gen_lanes(0)\/u_LANE/line__273  File: /home/work1/Works/AI-Trigger-System/HDL/rtl/CNN_CORE_LANE.vhd
Note: LANE0 started=1 fifo_empty='0' fifo_data_valid='1' ready='0'
Time: 1007500 ps  Iteration: 0  Process: /tb_AI_TRIGGER_TOP/dut/u_DUT/\gen_lanes(0)\/u_LANE/line__273  File: /home/work1/Works/AI-Trigger-System/HDL/rtl/CNN_CORE_LANE.vhd
Note: LANE0 ADC busy_clear stream_done_seen='1' wr_count=0
Time: 1018 ns  Iteration: 0  Process: /tb_AI_TRIGGER_TOP/dut/u_DUT/\gen_lanes(0)\/u_LANE/line__191  File: /home/work1/Works/AI-Trigger-System/HDL/rtl/CNN_CORE_LANE.vhd
Note: LANE0 CNN output_valid score_raw=-4886 started=1
Time: 1232500 ps  Iteration: 0  Process: /tb_AI_TRIGGER_TOP/dut/u_DUT/\gen_lanes(0)\/u_LANE/line__273  File: /home/work1/Works/AI-Trigger-System/HDL/rtl/CNN_CORE_LANE.vhd
     0 | 0x003fecea    |     -2.385742 |     0 |    0 |      1.010
Note: DIST chunk_start seq=1 lane=1 busy='0'
Time: 1278 ns  Iteration: 0  Process: /tb_AI_TRIGGER_TOP/dut/u_DUT/u_DIST/line__134  File: /home/work1/Works/AI-Trigger-System/HDL/rtl/ADC_CHUNK_DISTRIBUTOR.vhd
Note: LANE1 ADC chunk_accept count=1 fifo_full='0'
Time: 1278 ns  Iteration: 0  Process: /tb_AI_TRIGGER_TOP/dut/u_DUT/\gen_lanes(1)\/u_LANE/line__191  File: /home/work1/Works/AI-Trigger-System/HDL/rtl/CNN_CORE_LANE.vhd
Note: LANE1 started_next=1 fifo_empty='0' fifo_data_valid='1' ready='0' idle='1'
Time: 1312500 ps  Iteration: 0  Process: /tb_AI_TRIGGER_TOP/dut/u_DUT/\gen_lanes(1)\/u_LANE/line__273  File: /home/work1/Works/AI-Trigger-System/HDL/rtl/CNN_CORE_LANE.vhd
Note: LANE1 started=1 fifo_empty='0' fifo_data_valid='1' ready='0'
Time: 2017500 ps  Iteration: 0  Process: /tb_AI_TRIGGER_TOP/dut/u_DUT/\gen_lanes(1)\/u_LANE/line__273  File: /home/work1/Works/AI-Trigger-System/HDL/rtl/CNN_CORE_LANE.vhd
Note: LANE1 ADC busy_clear stream_done_seen='1' wr_count=0
Time: 2026 ns  Iteration: 0  Process: /tb_AI_TRIGGER_TOP/dut/u_DUT/\gen_lanes(1)\/u_LANE/line__191  File: /home/work1/Works/AI-Trigger-System/HDL/rtl/CNN_CORE_LANE.vhd
Note: LANE1 CNN output_valid score_raw=-4929 started=1
Time: 2242500 ps  Iteration: 0  Process: /tb_AI_TRIGGER_TOP/dut/u_DUT/\gen_lanes(1)\/u_LANE/line__273  File: /home/work1/Works/AI-Trigger-System/HDL/rtl/CNN_CORE_LANE.vhd
     1 | 0x003fecbf    |     -2.406738 |     0 |    0 |      1.005
Note: DIST chunk_start seq=2 lane=2 busy='0'
Time: 2286 ns  Iteration: 0  Process: /tb_AI_TRIGGER_TOP/dut/u_DUT/u_DIST/line__134  File: /home/work1/Works/AI-Trigger-System/HDL/rtl/ADC_CHUNK_DISTRIBUTOR.vhd
Note: LANE2 ADC chunk_accept count=1 fifo_full='0'
Time: 2286 ns  Iteration: 0  Process: /tb_AI_TRIGGER_TOP/dut/u_DUT/\gen_lanes(2)\/u_LANE/line__191  File: /home/work1/Works/AI-Trigger-System/HDL/rtl/CNN_CORE_LANE.vhd
Note: LANE2 started_next=1 fifo_empty='0' fifo_data_valid='1' ready='0' idle='1'
Time: 2322500 ps  Iteration: 0  Process: /tb_AI_TRIGGER_TOP/dut/u_DUT/\gen_lanes(2)\/u_LANE/line__273  File: /home/work1/Works/AI-Trigger-System/HDL/rtl/CNN_CORE_LANE.vhd
Note: LANE2 started=1 fifo_empty='0' fifo_data_valid='1' ready='0'
Time: 3027500 ps  Iteration: 0  Process: /tb_AI_TRIGGER_TOP/dut/u_DUT/\gen_lanes(2)\/u_LANE/line__273  File: /home/work1/Works/AI-Trigger-System/HDL/rtl/CNN_CORE_LANE.vhd
Note: LANE2 ADC busy_clear stream_done_seen='1' wr_count=0
Time: 3038 ns  Iteration: 0  Process: /tb_AI_TRIGGER_TOP/dut/u_DUT/\gen_lanes(2)\/u_LANE/line__191  File: /home/work1/Works/AI-Trigger-System/HDL/rtl/CNN_CORE_LANE.vhd
Note: LANE2 CNN output_valid score_raw=-4804 started=1
Time: 3252500 ps  Iteration: 0  Process: /tb_AI_TRIGGER_TOP/dut/u_DUT/\gen_lanes(2)\/u_LANE/line__273  File: /home/work1/Works/AI-Trigger-System/HDL/rtl/CNN_CORE_LANE.vhd
     2 | 0x003fed3c    |     -2.345703 |     0 |    0 |      1.010
Note: DIST chunk_start seq=3 lane=3 busy='0'
Time: 3298 ns  Iteration: 0  Process: /tb_AI_TRIGGER_TOP/dut/u_DUT/u_DIST/line__134  File: /home/work1/Works/AI-Trigger-System/HDL/rtl/ADC_CHUNK_DISTRIBUTOR.vhd
Note: LANE3 ADC chunk_accept count=1 fifo_full='0'
Time: 3298 ns  Iteration: 0  Process: /tb_AI_TRIGGER_TOP/dut/u_DUT/\gen_lanes(3)\/u_LANE/line__191  File: /home/work1/Works/AI-Trigger-System/HDL/rtl/CNN_CORE_LANE.vhd
Note: LANE3 started_next=1 fifo_empty='0' fifo_data_valid='1' ready='0' idle='1'
Time: 3332500 ps  Iteration: 0  Process: /tb_AI_TRIGGER_TOP/dut/u_DUT/\gen_lanes(3)\/u_LANE/line__273  File: /home/work1/Works/AI-Trigger-System/HDL/rtl/CNN_CORE_LANE.vhd
Note: LANE3 started=1 fifo_empty='0' fifo_data_valid='1' ready='0'
Time: 4037500 ps  Iteration: 0  Process: /tb_AI_TRIGGER_TOP/dut/u_DUT/\gen_lanes(3)\/u_LANE/line__273  File: /home/work1/Works/AI-Trigger-System/HDL/rtl/CNN_CORE_LANE.vhd
Note: LANE3 ADC busy_clear stream_done_seen='1' wr_count=0
Time: 4046 ns  Iteration: 0  Process: /tb_AI_TRIGGER_TOP/dut/u_DUT/\gen_lanes(3)\/u_LANE/line__191  File: /home/work1/Works/AI-Trigger-System/HDL/rtl/CNN_CORE_LANE.vhd
Note: LANE3 CNN output_valid score_raw=-4920 started=1
Time: 4262500 ps  Iteration: 0  Process: /tb_AI_TRIGGER_TOP/dut/u_DUT/\gen_lanes(3)\/u_LANE/line__273  File: /home/work1/Works/AI-Trigger-System/HDL/rtl/CNN_CORE_LANE.vhd
     3 | 0x003fecc8    |     -2.402344 |     0 |    0 |      1.005
Note: DIST chunk_start seq=4 lane=4 busy='0'
Time: 4306 ns  Iteration: 0  Process: /tb_AI_TRIGGER_TOP/dut/u_DUT/u_DIST/line__134  File: /home/work1/Works/AI-Trigger-System/HDL/rtl/ADC_CHUNK_DISTRIBUTOR.vhd
Note: LANE4 ADC chunk_accept count=1 fifo_full='0'
Time: 4306 ns  Iteration: 0  Process: /tb_AI_TRIGGER_TOP/dut/u_DUT/\gen_lanes(4)\/u_LANE/line__191  File: /home/work1/Works/AI-Trigger-System/HDL/rtl/CNN_CORE_LANE.vhd
Note: LANE4 started_next=1 fifo_empty='0' fifo_data_valid='1' ready='0' idle='1'
Time: 4342500 ps  Iteration: 0  Process: /tb_AI_TRIGGER_TOP/dut/u_DUT/\gen_lanes(4)\/u_LANE/line__273  File: /home/work1/Works/AI-Trigger-System/HDL/rtl/CNN_CORE_LANE.vhd
Note: LANE4 started=1 fifo_empty='0' fifo_data_valid='1' ready='0'
Time: 5047500 ps  Iteration: 0  Process: /tb_AI_TRIGGER_TOP/dut/u_DUT/\gen_lanes(4)\/u_LANE/line__273  File: /home/work1/Works/AI-Trigger-System/HDL/rtl/CNN_CORE_LANE.vhd
Note: LANE4 ADC busy_clear stream_done_seen='1' wr_count=0
Time: 5058 ns  Iteration: 0  Process: /tb_AI_TRIGGER_TOP/dut/u_DUT/\gen_lanes(4)\/u_LANE/line__191  File: /home/work1/Works/AI-Trigger-System/HDL/rtl/CNN_CORE_LANE.vhd
Note: LANE4 CNN output_valid score_raw=-5021 started=1
Time: 5272500 ps  Iteration: 0  Process: /tb_AI_TRIGGER_TOP/dut/u_DUT/\gen_lanes(4)\/u_LANE/line__273  File: /home/work1/Works/AI-Trigger-System/HDL/rtl/CNN_CORE_LANE.vhd
     4 | 0x003fec63    |     -2.451660 |     0 |    0 |      1.010
Note: DIST chunk_start seq=5 lane=0 busy='0'
Time: 5318 ns  Iteration: 0  Process: /tb_AI_TRIGGER_TOP/dut/u_DUT/u_DIST/line__134  File: /home/work1/Works/AI-Trigger-System/HDL/rtl/ADC_CHUNK_DISTRIBUTOR.vhd
Note: LANE0 ADC chunk_accept count=2 fifo_full='0'
Time: 5318 ns  Iteration: 0  Process: /tb_AI_TRIGGER_TOP/dut/u_DUT/\gen_lanes(0)\/u_LANE/line__191  File: /home/work1/Works/AI-Trigger-System/HDL/rtl/CNN_CORE_LANE.vhd
Note: LANE0 started_next=2 fifo_empty='0' fifo_data_valid='1' ready='0' idle='1'
Time: 5352500 ps  Iteration: 0  Process: /tb_AI_TRIGGER_TOP/dut/u_DUT/\gen_lanes(0)\/u_LANE/line__273  File: /home/work1/Works/AI-Trigger-System/HDL/rtl/CNN_CORE_LANE.vhd
Note: LANE0 started=2 fifo_empty='0' fifo_data_valid='1' ready='0'
Time: 6062500 ps  Iteration: 0  Process: /tb_AI_TRIGGER_TOP/dut/u_DUT/\gen_lanes(0)\/u_LANE/line__273  File: /home/work1/Works/AI-Trigger-System/HDL/rtl/CNN_CORE_LANE.vhd
Note: LANE0 ADC busy_clear stream_done_seen='0' wr_count=0
Time: 6074 ns  Iteration: 0  Process: /tb_AI_TRIGGER_TOP/dut/u_DUT/\gen_lanes(0)\/u_LANE/line__191  File: /home/work1/Works/AI-Trigger-System/HDL/rtl/CNN_CORE_LANE.vhd
Note: LANE0 CNN output_valid score_raw=-4903 started=2
Time: 6287500 ps  Iteration: 0  Process: /tb_AI_TRIGGER_TOP/dut/u_DUT/\gen_lanes(0)\/u_LANE/line__273  File: /home/work1/Works/AI-Trigger-System/HDL/rtl/CNN_CORE_LANE.vhd
     5 | 0x003fecd9    |     -2.394043 |     0 |    0 |      1.010
Note: DIST chunk_start seq=6 lane=1 busy='0'
Time: 6330 ns  Iteration: 0  Process: /tb_AI_TRIGGER_TOP/dut/u_DUT/u_DIST/line__134  File: /home/work1/Works/AI-Trigger-System/HDL/rtl/ADC_CHUNK_DISTRIBUTOR.vhd
Note: LANE1 ADC chunk_accept count=2 fifo_full='0'
Time: 6330 ns  Iteration: 0  Process: /tb_AI_TRIGGER_TOP/dut/u_DUT/\gen_lanes(1)\/u_LANE/line__191  File: /home/work1/Works/AI-Trigger-System/HDL/rtl/CNN_CORE_LANE.vhd
Note: LANE1 started_next=2 fifo_empty='0' fifo_data_valid='1' ready='0' idle='1'
Time: 6367500 ps  Iteration: 0  Process: /tb_AI_TRIGGER_TOP/dut/u_DUT/\gen_lanes(1)\/u_LANE/line__273  File: /home/work1/Works/AI-Trigger-System/HDL/rtl/CNN_CORE_LANE.vhd
Note: LANE1 started=2 fifo_empty='0' fifo_data_valid='1' ready='0'
Time: 7077500 ps  Iteration: 0  Process: /tb_AI_TRIGGER_TOP/dut/u_DUT/\gen_lanes(1)\/u_LANE/line__273  File: /home/work1/Works/AI-Trigger-System/HDL/rtl/CNN_CORE_LANE.vhd
Note: LANE1 ADC busy_clear stream_done_seen='0' wr_count=0
Time: 7086 ns  Iteration: 0  Process: /tb_AI_TRIGGER_TOP/dut/u_DUT/\gen_lanes(1)\/u_LANE/line__191  File: /home/work1/Works/AI-Trigger-System/HDL/rtl/CNN_CORE_LANE.vhd
Note: LANE1 CNN output_valid score_raw=-4852 started=2
Time: 7302500 ps  Iteration: 0  Process: /tb_AI_TRIGGER_TOP/dut/u_DUT/\gen_lanes(1)\/u_LANE/line__273  File: /home/work1/Works/AI-Trigger-System/HDL/rtl/CNN_CORE_LANE.vhd
     6 | 0x003fed0c    |     -2.369141 |     0 |    0 |      1.015
Note: DIST chunk_start seq=7 lane=2 busy='0'
Time: 7346 ns  Iteration: 0  Process: /tb_AI_TRIGGER_TOP/dut/u_DUT/u_DIST/line__134  File: /home/work1/Works/AI-Trigger-System/HDL/rtl/ADC_CHUNK_DISTRIBUTOR.vhd
Note: LANE2 ADC chunk_accept count=2 fifo_full='0'
Time: 7346 ns  Iteration: 0  Process: /tb_AI_TRIGGER_TOP/dut/u_DUT/\gen_lanes(2)\/u_LANE/line__191  File: /home/work1/Works/AI-Trigger-System/HDL/rtl/CNN_CORE_LANE.vhd
Note: LANE2 started_next=2 fifo_empty='0' fifo_data_valid='1' ready='0' idle='1'
Time: 7382500 ps  Iteration: 0  Process: /tb_AI_TRIGGER_TOP/dut/u_DUT/\gen_lanes(2)\/u_LANE/line__273  File: /home/work1/Works/AI-Trigger-System/HDL/rtl/CNN_CORE_LANE.vhd
Note: LANE2 started=2 fifo_empty='0' fifo_data_valid='1' ready='0'
Time: 8092500 ps  Iteration: 0  Process: /tb_AI_TRIGGER_TOP/dut/u_DUT/\gen_lanes(2)\/u_LANE/line__273  File: /home/work1/Works/AI-Trigger-System/HDL/rtl/CNN_CORE_LANE.vhd
Note: LANE2 ADC busy_clear stream_done_seen='0' wr_count=0
Time: 8102 ns  Iteration: 0  Process: /tb_AI_TRIGGER_TOP/dut/u_DUT/\gen_lanes(2)\/u_LANE/line__191  File: /home/work1/Works/AI-Trigger-System/HDL/rtl/CNN_CORE_LANE.vhd
Note: LANE2 CNN output_valid score_raw=-4820 started=2
Time: 8317500 ps  Iteration: 0  Process: /tb_AI_TRIGGER_TOP/dut/u_DUT/\gen_lanes(2)\/u_LANE/line__273  File: /home/work1/Works/AI-Trigger-System/HDL/rtl/CNN_CORE_LANE.vhd
     7 | 0x003fed2c    |     -2.353516 |     0 |    0 |      1.015
Note: DIST chunk_start seq=8 lane=3 busy='0'
Time: 8362 ns  Iteration: 0  Process: /tb_AI_TRIGGER_TOP/dut/u_DUT/u_DIST/line__134  File: /home/work1/Works/AI-Trigger-System/HDL/rtl/ADC_CHUNK_DISTRIBUTOR.vhd
Note: LANE3 ADC chunk_accept count=2 fifo_full='0'
Time: 8362 ns  Iteration: 0  Process: /tb_AI_TRIGGER_TOP/dut/u_DUT/\gen_lanes(3)\/u_LANE/line__191  File: /home/work1/Works/AI-Trigger-System/HDL/rtl/CNN_CORE_LANE.vhd
Note: LANE3 started_next=2 fifo_empty='0' fifo_data_valid='1' ready='0' idle='1'
Time: 8397500 ps  Iteration: 0  Process: /tb_AI_TRIGGER_TOP/dut/u_DUT/\gen_lanes(3)\/u_LANE/line__273  File: /home/work1/Works/AI-Trigger-System/HDL/rtl/CNN_CORE_LANE.vhd
Note: LANE3 started=2 fifo_empty='0' fifo_data_valid='1' ready='0'
Time: 9107500 ps  Iteration: 0  Process: /tb_AI_TRIGGER_TOP/dut/u_DUT/\gen_lanes(3)\/u_LANE/line__273  File: /home/work1/Works/AI-Trigger-System/HDL/rtl/CNN_CORE_LANE.vhd
Note: LANE3 ADC busy_clear stream_done_seen='0' wr_count=0
Time: 9118 ns  Iteration: 0  Process: /tb_AI_TRIGGER_TOP/dut/u_DUT/\gen_lanes(3)\/u_LANE/line__191  File: /home/work1/Works/AI-Trigger-System/HDL/rtl/CNN_CORE_LANE.vhd
Note: LANE3 CNN output_valid score_raw=-4858 started=2
Time: 9332500 ps  Iteration: 0  Process: /tb_AI_TRIGGER_TOP/dut/u_DUT/\gen_lanes(3)\/u_LANE/line__273  File: /home/work1/Works/AI-Trigger-System/HDL/rtl/CNN_CORE_LANE.vhd
     8 | 0x003fed06    |     -2.372070 |     0 |    0 |      1.015
Note: DIST chunk_start seq=9 lane=4 busy='0'
Time: 9378 ns  Iteration: 0  Process: /tb_AI_TRIGGER_TOP/dut/u_DUT/u_DIST/line__134  File: /home/work1/Works/AI-Trigger-System/HDL/rtl/ADC_CHUNK_DISTRIBUTOR.vhd
Note: LANE4 ADC chunk_accept count=2 fifo_full='0'
Time: 9378 ns  Iteration: 0  Process: /tb_AI_TRIGGER_TOP/dut/u_DUT/\gen_lanes(4)\/u_LANE/line__191  File: /home/work1/Works/AI-Trigger-System/HDL/rtl/CNN_CORE_LANE.vhd
Note: LANE4 started_next=2 fifo_empty='0' fifo_data_valid='1' ready='0' idle='1'
Time: 9412500 ps  Iteration: 0  Process: /tb_AI_TRIGGER_TOP/dut/u_DUT/\gen_lanes(4)\/u_LANE/line__273  File: /home/work1/Works/AI-Trigger-System/HDL/rtl/CNN_CORE_LANE.vhd
Note: LANE4 started=2 fifo_empty='0' fifo_data_valid='1' ready='0'
Time: 10122500 ps  Iteration: 0  Process: /tb_AI_TRIGGER_TOP/dut/u_DUT/\gen_lanes(4)\/u_LANE/line__273  File: /home/work1/Works/AI-Trigger-System/HDL/rtl/CNN_CORE_LANE.vhd
Note: LANE4 ADC busy_clear stream_done_seen='0' wr_count=0
Time: 10134 ns  Iteration: 0  Process: /tb_AI_TRIGGER_TOP/dut/u_DUT/\gen_lanes(4)\/u_LANE/line__191  File: /home/work1/Works/AI-Trigger-System/HDL/rtl/CNN_CORE_LANE.vhd
Note: LANE4 CNN output_valid score_raw=-4825 started=2
Time: 10347500 ps  Iteration: 0  Process: /tb_AI_TRIGGER_TOP/dut/u_DUT/\gen_lanes(4)\/u_LANE/line__273  File: /home/work1/Works/AI-Trigger-System/HDL/rtl/CNN_CORE_LANE.vhd
     9 | 0x003fed27    |     -2.355957 |     0 |    0 |      1.010
Note: DIST chunk_start seq=10 lane=0 busy='0'
Time: 10390 ns  Iteration: 0  Process: /tb_AI_TRIGGER_TOP/dut/u_DUT/u_DIST/line__134  File: /home/work1/Works/AI-Trigger-System/HDL/rtl/ADC_CHUNK_DISTRIBUTOR.vhd
Note: LANE0 ADC chunk_accept count=3 fifo_full='0'
Time: 10390 ns  Iteration: 0  Process: /tb_AI_TRIGGER_TOP/dut/u_DUT/\gen_lanes(0)\/u_LANE/line__191  File: /home/work1/Works/AI-Trigger-System/HDL/rtl/CNN_CORE_LANE.vhd
Note: LANE0 started_next=3 fifo_empty='0' fifo_data_valid='1' ready='0' idle='1'
Time: 10427500 ps  Iteration: 0  Process: /tb_AI_TRIGGER_TOP/dut/u_DUT/\gen_lanes(0)\/u_LANE/line__273  File: /home/work1/Works/AI-Trigger-System/HDL/rtl/CNN_CORE_LANE.vhd
Note: LANE0 started=3 fifo_empty='0' fifo_data_valid='1' ready='0'
Time: 11137500 ps  Iteration: 0  Process: /tb_AI_TRIGGER_TOP/dut/u_DUT/\gen_lanes(0)\/u_LANE/line__273  File: /home/work1/Works/AI-Trigger-System/HDL/rtl/CNN_CORE_LANE.vhd
Note: LANE0 ADC busy_clear stream_done_seen='1' wr_count=0
Time: 11146 ns  Iteration: 0  Process: /tb_AI_TRIGGER_TOP/dut/u_DUT/\gen_lanes(0)\/u_LANE/line__191  File: /home/work1/Works/AI-Trigger-System/HDL/rtl/CNN_CORE_LANE.vhd
Note: LANE0 CNN output_valid score_raw=-5009 started=3
Time: 11362500 ps  Iteration: 0  Process: /tb_AI_TRIGGER_TOP/dut/u_DUT/\gen_lanes(0)\/u_LANE/line__273  File: /home/work1/Works/AI-Trigger-System/HDL/rtl/CNN_CORE_LANE.vhd
    10 | 0x003fec6f    |     -2.445801 |     0 |    0 |      1.015
Note: DIST chunk_start seq=11 lane=1 busy='0'
Time: 11406 ns  Iteration: 0  Process: /tb_AI_TRIGGER_TOP/dut/u_DUT/u_DIST/line__134  File: /home/work1/Works/AI-Trigger-System/HDL/rtl/ADC_CHUNK_DISTRIBUTOR.vhd
Note: LANE1 ADC chunk_accept count=3 fifo_full='0'
Time: 11406 ns  Iteration: 0  Process: /tb_AI_TRIGGER_TOP/dut/u_DUT/\gen_lanes(1)\/u_LANE/line__191  File: /home/work1/Works/AI-Trigger-System/HDL/rtl/CNN_CORE_LANE.vhd
Note: LANE1 started_next=3 fifo_empty='0' fifo_data_valid='1' ready='0' idle='1'
Time: 11442500 ps  Iteration: 0  Process: /tb_AI_TRIGGER_TOP/dut/u_DUT/\gen_lanes(1)\/u_LANE/line__273  File: /home/work1/Works/AI-Trigger-System/HDL/rtl/CNN_CORE_LANE.vhd
Note: LANE1 started=3 fifo_empty='0' fifo_data_valid='1' ready='0'
Time: 12152500 ps  Iteration: 0  Process: /tb_AI_TRIGGER_TOP/dut/u_DUT/\gen_lanes(1)\/u_LANE/line__273  File: /home/work1/Works/AI-Trigger-System/HDL/rtl/CNN_CORE_LANE.vhd
Note: LANE1 ADC busy_clear stream_done_seen='1' wr_count=0
Time: 12162 ns  Iteration: 0  Process: /tb_AI_TRIGGER_TOP/dut/u_DUT/\gen_lanes(1)\/u_LANE/line__191  File: /home/work1/Works/AI-Trigger-System/HDL/rtl/CNN_CORE_LANE.vhd
Note: LANE1 CNN output_valid score_raw=-4781 started=3
Time: 12377500 ps  Iteration: 0  Process: /tb_AI_TRIGGER_TOP/dut/u_DUT/\gen_lanes(1)\/u_LANE/line__273  File: /home/work1/Works/AI-Trigger-System/HDL/rtl/CNN_CORE_LANE.vhd
    11 | 0x003fed53    |     -2.334473 |     0 |    0 |      1.015
Note: DIST chunk_start seq=12 lane=2 busy='0'
Time: 12422 ns  Iteration: 0  Process: /tb_AI_TRIGGER_TOP/dut/u_DUT/u_DIST/line__134  File: /home/work1/Works/AI-Trigger-System/HDL/rtl/ADC_CHUNK_DISTRIBUTOR.vhd
Note: LANE2 ADC chunk_accept count=3 fifo_full='0'
Time: 12422 ns  Iteration: 0  Process: /tb_AI_TRIGGER_TOP/dut/u_DUT/\gen_lanes(2)\/u_LANE/line__191  File: /home/work1/Works/AI-Trigger-System/HDL/rtl/CNN_CORE_LANE.vhd
Note: LANE2 started_next=3 fifo_empty='0' fifo_data_valid='1' ready='0' idle='1'
Time: 12457500 ps  Iteration: 0  Process: /tb_AI_TRIGGER_TOP/dut/u_DUT/\gen_lanes(2)\/u_LANE/line__273  File: /home/work1/Works/AI-Trigger-System/HDL/rtl/CNN_CORE_LANE.vhd
Note: LANE2 started=3 fifo_empty='0' fifo_data_valid='1' ready='0'
Time: 13167500 ps  Iteration: 0  Process: /tb_AI_TRIGGER_TOP/dut/u_DUT/\gen_lanes(2)\/u_LANE/line__273  File: /home/work1/Works/AI-Trigger-System/HDL/rtl/CNN_CORE_LANE.vhd
Note: LANE2 ADC busy_clear stream_done_seen='1' wr_count=0
Time: 13178 ns  Iteration: 0  Process: /tb_AI_TRIGGER_TOP/dut/u_DUT/\gen_lanes(2)\/u_LANE/line__191  File: /home/work1/Works/AI-Trigger-System/HDL/rtl/CNN_CORE_LANE.vhd
Note: LANE2 CNN output_valid score_raw=-4601 started=3
Time: 13392500 ps  Iteration: 0  Process: /tb_AI_TRIGGER_TOP/dut/u_DUT/\gen_lanes(2)\/u_LANE/line__273  File: /home/work1/Works/AI-Trigger-System/HDL/rtl/CNN_CORE_LANE.vhd
    12 | 0x003fee07    |     -2.246582 |     0 |    0 |      1.015
Note: DIST chunk_start seq=13 lane=3 busy='0'
Time: 13438 ns  Iteration: 0  Process: /tb_AI_TRIGGER_TOP/dut/u_DUT/u_DIST/line__134  File: /home/work1/Works/AI-Trigger-System/HDL/rtl/ADC_CHUNK_DISTRIBUTOR.vhd
Note: LANE3 ADC chunk_accept count=3 fifo_full='0'
Time: 13438 ns  Iteration: 0  Process: /tb_AI_TRIGGER_TOP/dut/u_DUT/\gen_lanes(3)\/u_LANE/line__191  File: /home/work1/Works/AI-Trigger-System/HDL/rtl/CNN_CORE_LANE.vhd
Note: LANE3 started_next=3 fifo_empty='0' fifo_data_valid='1' ready='0' idle='1'
Time: 13472500 ps  Iteration: 0  Process: /tb_AI_TRIGGER_TOP/dut/u_DUT/\gen_lanes(3)\/u_LANE/line__273  File: /home/work1/Works/AI-Trigger-System/HDL/rtl/CNN_CORE_LANE.vhd
Note: LANE3 started=3 fifo_empty='0' fifo_data_valid='1' ready='0'
Time: 14182500 ps  Iteration: 0  Process: /tb_AI_TRIGGER_TOP/dut/u_DUT/\gen_lanes(3)\/u_LANE/line__273  File: /home/work1/Works/AI-Trigger-System/HDL/rtl/CNN_CORE_LANE.vhd
Note: LANE3 ADC busy_clear stream_done_seen='1' wr_count=0
Time: 14194 ns  Iteration: 0  Process: /tb_AI_TRIGGER_TOP/dut/u_DUT/\gen_lanes(3)\/u_LANE/line__191  File: /home/work1/Works/AI-Trigger-System/HDL/rtl/CNN_CORE_LANE.vhd
Note: LANE3 CNN output_valid score_raw=-4794 started=3
Time: 14407500 ps  Iteration: 0  Process: /tb_AI_TRIGGER_TOP/dut/u_DUT/\gen_lanes(3)\/u_LANE/line__273  File: /home/work1/Works/AI-Trigger-System/HDL/rtl/CNN_CORE_LANE.vhd
    13 | 0x003fed46    |     -2.340820 |     0 |    0 |      1.010
Note: DIST chunk_start seq=14 lane=4 busy='0'
Time: 14450 ns  Iteration: 0  Process: /tb_AI_TRIGGER_TOP/dut/u_DUT/u_DIST/line__134  File: /home/work1/Works/AI-Trigger-System/HDL/rtl/ADC_CHUNK_DISTRIBUTOR.vhd
Note: LANE4 ADC chunk_accept count=3 fifo_full='0'
Time: 14450 ns  Iteration: 0  Process: /tb_AI_TRIGGER_TOP/dut/u_DUT/\gen_lanes(4)\/u_LANE/line__191  File: /home/work1/Works/AI-Trigger-System/HDL/rtl/CNN_CORE_LANE.vhd
Note: LANE4 started_next=3 fifo_empty='0' fifo_data_valid='1' ready='0' idle='1'
Time: 14487500 ps  Iteration: 0  Process: /tb_AI_TRIGGER_TOP/dut/u_DUT/\gen_lanes(4)\/u_LANE/line__273  File: /home/work1/Works/AI-Trigger-System/HDL/rtl/CNN_CORE_LANE.vhd
Note: LANE4 started=3 fifo_empty='0' fifo_data_valid='1' ready='0'
Time: 15197500 ps  Iteration: 0  Process: /tb_AI_TRIGGER_TOP/dut/u_DUT/\gen_lanes(4)\/u_LANE/line__273  File: /home/work1/Works/AI-Trigger-System/HDL/rtl/CNN_CORE_LANE.vhd
Note: LANE4 ADC busy_clear stream_done_seen='1' wr_count=0
Time: 15206 ns  Iteration: 0  Process: /tb_AI_TRIGGER_TOP/dut/u_DUT/\gen_lanes(4)\/u_LANE/line__191  File: /home/work1/Works/AI-Trigger-System/HDL/rtl/CNN_CORE_LANE.vhd
Note: LANE4 CNN output_valid score_raw=-4919 started=3
Time: 15422500 ps  Iteration: 0  Process: /tb_AI_TRIGGER_TOP/dut/u_DUT/\gen_lanes(4)\/u_LANE/line__273  File: /home/work1/Works/AI-Trigger-System/HDL/rtl/CNN_CORE_LANE.vhd
    14 | 0x003fecc9    |     -2.401855 |     0 |    0 |      1.015
Note: DIST chunk_start seq=15 lane=0 busy='0'
Time: 15466 ns  Iteration: 0  Process: /tb_AI_TRIGGER_TOP/dut/u_DUT/u_DIST/line__134  File: /home/work1/Works/AI-Trigger-System/HDL/rtl/ADC_CHUNK_DISTRIBUTOR.vhd
Note: LANE0 ADC chunk_accept count=4 fifo_full='0'
Time: 15466 ns  Iteration: 0  Process: /tb_AI_TRIGGER_TOP/dut/u_DUT/\gen_lanes(0)\/u_LANE/line__191  File: /home/work1/Works/AI-Trigger-System/HDL/rtl/CNN_CORE_LANE.vhd
Note: LANE0 started_next=4 fifo_empty='0' fifo_data_valid='1' ready='0' idle='1'
Time: 15502500 ps  Iteration: 0  Process: /tb_AI_TRIGGER_TOP/dut/u_DUT/\gen_lanes(0)\/u_LANE/line__273  File: /home/work1/Works/AI-Trigger-System/HDL/rtl/CNN_CORE_LANE.vhd
Note: LANE0 started=4 fifo_empty='0' fifo_data_valid='1' ready='0'
Time: 16212500 ps  Iteration: 0  Process: /tb_AI_TRIGGER_TOP/dut/u_DUT/\gen_lanes(0)\/u_LANE/line__273  File: /home/work1/Works/AI-Trigger-System/HDL/rtl/CNN_CORE_LANE.vhd
Note: LANE0 ADC busy_clear stream_done_seen='0' wr_count=0
Time: 16222 ns  Iteration: 0  Process: /tb_AI_TRIGGER_TOP/dut/u_DUT/\gen_lanes(0)\/u_LANE/line__191  File: /home/work1/Works/AI-Trigger-System/HDL/rtl/CNN_CORE_LANE.vhd
Note: LANE0 CNN output_valid score_raw=-4771 started=4
Time: 16437500 ps  Iteration: 0  Process: /tb_AI_TRIGGER_TOP/dut/u_DUT/\gen_lanes(0)\/u_LANE/line__273  File: /home/work1/Works/AI-Trigger-System/HDL/rtl/CNN_CORE_LANE.vhd
    15 | 0x003fed5d    |     -2.329590 |     0 |    0 |      1.015
Note: DIST chunk_start seq=16 lane=1 busy='0'
Time: 16482 ns  Iteration: 0  Process: /tb_AI_TRIGGER_TOP/dut/u_DUT/u_DIST/line__134  File: /home/work1/Works/AI-Trigger-System/HDL/rtl/ADC_CHUNK_DISTRIBUTOR.vhd
Note: LANE1 ADC chunk_accept count=4 fifo_full='0'
Time: 16482 ns  Iteration: 0  Process: /tb_AI_TRIGGER_TOP/dut/u_DUT/\gen_lanes(1)\/u_LANE/line__191  File: /home/work1/Works/AI-Trigger-System/HDL/rtl/CNN_CORE_LANE.vhd
Note: LANE1 started_next=4 fifo_empty='0' fifo_data_valid='1' ready='0' idle='1'
Time: 16517500 ps  Iteration: 0  Process: /tb_AI_TRIGGER_TOP/dut/u_DUT/\gen_lanes(1)\/u_LANE/line__273  File: /home/work1/Works/AI-Trigger-System/HDL/rtl/CNN_CORE_LANE.vhd
Note: LANE1 started=4 fifo_empty='0' fifo_data_valid='1' ready='0'
Time: 17227500 ps  Iteration: 0  Process: /tb_AI_TRIGGER_TOP/dut/u_DUT/\gen_lanes(1)\/u_LANE/line__273  File: /home/work1/Works/AI-Trigger-System/HDL/rtl/CNN_CORE_LANE.vhd
Note: LANE1 ADC busy_clear stream_done_seen='0' wr_count=0
Time: 17238 ns  Iteration: 0  Process: /tb_AI_TRIGGER_TOP/dut/u_DUT/\gen_lanes(1)\/u_LANE/line__191  File: /home/work1/Works/AI-Trigger-System/HDL/rtl/CNN_CORE_LANE.vhd
Note: LANE1 CNN output_valid score_raw=-5082 started=4
Time: 17452500 ps  Iteration: 0  Process: /tb_AI_TRIGGER_TOP/dut/u_DUT/\gen_lanes(1)\/u_LANE/line__273  File: /home/work1/Works/AI-Trigger-System/HDL/rtl/CNN_CORE_LANE.vhd
    16 | 0x003fec26    |     -2.481445 |     0 |    0 |      1.015
Note: DIST chunk_start seq=17 lane=2 busy='0'
Time: 17498 ns  Iteration: 0  Process: /tb_AI_TRIGGER_TOP/dut/u_DUT/u_DIST/line__134  File: /home/work1/Works/AI-Trigger-System/HDL/rtl/ADC_CHUNK_DISTRIBUTOR.vhd
Note: LANE2 ADC chunk_accept count=4 fifo_full='0'
Time: 17498 ns  Iteration: 0  Process: /tb_AI_TRIGGER_TOP/dut/u_DUT/\gen_lanes(2)\/u_LANE/line__191  File: /home/work1/Works/AI-Trigger-System/HDL/rtl/CNN_CORE_LANE.vhd
Note: LANE2 started_next=4 fifo_empty='0' fifo_data_valid='1' ready='0' idle='1'
Time: 17532500 ps  Iteration: 0  Process: /tb_AI_TRIGGER_TOP/dut/u_DUT/\gen_lanes(2)\/u_LANE/line__273  File: /home/work1/Works/AI-Trigger-System/HDL/rtl/CNN_CORE_LANE.vhd
Note: LANE2 started=4 fifo_empty='0' fifo_data_valid='1' ready='0'
Time: 18242500 ps  Iteration: 0  Process: /tb_AI_TRIGGER_TOP/dut/u_DUT/\gen_lanes(2)\/u_LANE/line__273  File: /home/work1/Works/AI-Trigger-System/HDL/rtl/CNN_CORE_LANE.vhd
Note: LANE2 ADC busy_clear stream_done_seen='0' wr_count=0
Time: 18254 ns  Iteration: 0  Process: /tb_AI_TRIGGER_TOP/dut/u_DUT/\gen_lanes(2)\/u_LANE/line__191  File: /home/work1/Works/AI-Trigger-System/HDL/rtl/CNN_CORE_LANE.vhd
Note: LANE2 CNN output_valid score_raw=-4828 started=4
Time: 18467500 ps  Iteration: 0  Process: /tb_AI_TRIGGER_TOP/dut/u_DUT/\gen_lanes(2)\/u_LANE/line__273  File: /home/work1/Works/AI-Trigger-System/HDL/rtl/CNN_CORE_LANE.vhd
    17 | 0x003fed24    |     -2.357422 |     0 |    0 |      1.010
Note: DIST chunk_start seq=18 lane=3 busy='0'
Time: 18510 ns  Iteration: 0  Process: /tb_AI_TRIGGER_TOP/dut/u_DUT/u_DIST/line__134  File: /home/work1/Works/AI-Trigger-System/HDL/rtl/ADC_CHUNK_DISTRIBUTOR.vhd
Note: LANE3 ADC chunk_accept count=4 fifo_full='0'
Time: 18510 ns  Iteration: 0  Process: /tb_AI_TRIGGER_TOP/dut/u_DUT/\gen_lanes(3)\/u_LANE/line__191  File: /home/work1/Works/AI-Trigger-System/HDL/rtl/CNN_CORE_LANE.vhd
Note: LANE3 started_next=4 fifo_empty='0' fifo_data_valid='1' ready='0' idle='1'
Time: 18547500 ps  Iteration: 0  Process: /tb_AI_TRIGGER_TOP/dut/u_DUT/\gen_lanes(3)\/u_LANE/line__273  File: /home/work1/Works/AI-Trigger-System/HDL/rtl/CNN_CORE_LANE.vhd
Note: LANE3 started=4 fifo_empty='0' fifo_data_valid='1' ready='0'
Time: 19257500 ps  Iteration: 0  Process: /tb_AI_TRIGGER_TOP/dut/u_DUT/\gen_lanes(3)\/u_LANE/line__273  File: /home/work1/Works/AI-Trigger-System/HDL/rtl/CNN_CORE_LANE.vhd
Note: LANE3 ADC busy_clear stream_done_seen='0' wr_count=0
Time: 19266 ns  Iteration: 0  Process: /tb_AI_TRIGGER_TOP/dut/u_DUT/\gen_lanes(3)\/u_LANE/line__191  File: /home/work1/Works/AI-Trigger-System/HDL/rtl/CNN_CORE_LANE.vhd
Note: LANE3 CNN output_valid score_raw=-4813 started=4
Time: 19482500 ps  Iteration: 0  Process: /tb_AI_TRIGGER_TOP/dut/u_DUT/\gen_lanes(3)\/u_LANE/line__273  File: /home/work1/Works/AI-Trigger-System/HDL/rtl/CNN_CORE_LANE.vhd
    18 | 0x003fed33    |     -2.350098 |     0 |    0 |      1.015
Note: DIST chunk_start seq=19 lane=4 busy='0'
Time: 19526 ns  Iteration: 0  Process: /tb_AI_TRIGGER_TOP/dut/u_DUT/u_DIST/line__134  File: /home/work1/Works/AI-Trigger-System/HDL/rtl/ADC_CHUNK_DISTRIBUTOR.vhd
Note: LANE4 ADC chunk_accept count=4 fifo_full='0'
Time: 19526 ns  Iteration: 0  Process: /tb_AI_TRIGGER_TOP/dut/u_DUT/\gen_lanes(4)\/u_LANE/line__191  File: /home/work1/Works/AI-Trigger-System/HDL/rtl/CNN_CORE_LANE.vhd
Note: LANE4 started_next=4 fifo_empty='0' fifo_data_valid='1' ready='0' idle='1'
Time: 19562500 ps  Iteration: 0  Process: /tb_AI_TRIGGER_TOP/dut/u_DUT/\gen_lanes(4)\/u_LANE/line__273  File: /home/work1/Works/AI-Trigger-System/HDL/rtl/CNN_CORE_LANE.vhd
Note: LANE4 started=4 fifo_empty='0' fifo_data_valid='1' ready='0'
Time: 20272500 ps  Iteration: 0  Process: /tb_AI_TRIGGER_TOP/dut/u_DUT/\gen_lanes(4)\/u_LANE/line__273  File: /home/work1/Works/AI-Trigger-System/HDL/rtl/CNN_CORE_LANE.vhd
Note: LANE4 ADC busy_clear stream_done_seen='0' wr_count=0
Time: 20282 ns  Iteration: 0  Process: /tb_AI_TRIGGER_TOP/dut/u_DUT/\gen_lanes(4)\/u_LANE/line__191  File: /home/work1/Works/AI-Trigger-System/HDL/rtl/CNN_CORE_LANE.vhd
Note: LANE4 CNN output_valid score_raw=-4784 started=4
Time: 20497500 ps  Iteration: 0  Process: /tb_AI_TRIGGER_TOP/dut/u_DUT/\gen_lanes(4)\/u_LANE/line__273  File: /home/work1/Works/AI-Trigger-System/HDL/rtl/CNN_CORE_LANE.vhd
    19 | 0x003fed50    |     -2.335938 |     0 |    0 |      1.015
Note: DIST chunk_start seq=20 lane=0 busy='0'
Time: 20542 ns  Iteration: 0  Process: /tb_AI_TRIGGER_TOP/dut/u_DUT/u_DIST/line__134  File: /home/work1/Works/AI-Trigger-System/HDL/rtl/ADC_CHUNK_DISTRIBUTOR.vhd
Note: LANE0 ADC chunk_accept count=5 fifo_full='0'
Time: 20542 ns  Iteration: 0  Process: /tb_AI_TRIGGER_TOP/dut/u_DUT/\gen_lanes(0)\/u_LANE/line__191  File: /home/work1/Works/AI-Trigger-System/HDL/rtl/CNN_CORE_LANE.vhd
Note: LANE0 started_next=5 fifo_empty='0' fifo_data_valid='1' ready='0' idle='1'
Time: 20577500 ps  Iteration: 0  Process: /tb_AI_TRIGGER_TOP/dut/u_DUT/\gen_lanes(0)\/u_LANE/line__273  File: /home/work1/Works/AI-Trigger-System/HDL/rtl/CNN_CORE_LANE.vhd
Note: LANE0 started=5 fifo_empty='0' fifo_data_valid='1' ready='0'
Time: 21287500 ps  Iteration: 0  Process: /tb_AI_TRIGGER_TOP/dut/u_DUT/\gen_lanes(0)\/u_LANE/line__273  File: /home/work1/Works/AI-Trigger-System/HDL/rtl/CNN_CORE_LANE.vhd
Note: LANE0 ADC busy_clear stream_done_seen='1' wr_count=0
Time: 21298 ns  Iteration: 0  Process: /tb_AI_TRIGGER_TOP/dut/u_DUT/\gen_lanes(0)\/u_LANE/line__191  File: /home/work1/Works/AI-Trigger-System/HDL/rtl/CNN_CORE_LANE.vhd
Note: LANE0 CNN output_valid score_raw=-4911 started=5
Time: 21512500 ps  Iteration: 0  Process: /tb_AI_TRIGGER_TOP/dut/u_DUT/\gen_lanes(0)\/u_LANE/line__273  File: /home/work1/Works/AI-Trigger-System/HDL/rtl/CNN_CORE_LANE.vhd
    20 | 0x003fecd1    |     -2.397949 |     0 |    0 |      1.015
Note: DIST chunk_start seq=21 lane=1 busy='0'
Time: 21558 ns  Iteration: 0  Process: /tb_AI_TRIGGER_TOP/dut/u_DUT/u_DIST/line__134  File: /home/work1/Works/AI-Trigger-System/HDL/rtl/ADC_CHUNK_DISTRIBUTOR.vhd
Note: LANE1 ADC chunk_accept count=5 fifo_full='0'
Time: 21558 ns  Iteration: 0  Process: /tb_AI_TRIGGER_TOP/dut/u_DUT/\gen_lanes(1)\/u_LANE/line__191  File: /home/work1/Works/AI-Trigger-System/HDL/rtl/CNN_CORE_LANE.vhd
Note: LANE1 started_next=5 fifo_empty='0' fifo_data_valid='1' ready='0' idle='1'
Time: 21592500 ps  Iteration: 0  Process: /tb_AI_TRIGGER_TOP/dut/u_DUT/\gen_lanes(1)\/u_LANE/line__273  File: /home/work1/Works/AI-Trigger-System/HDL/rtl/CNN_CORE_LANE.vhd
Note: LANE1 started=5 fifo_empty='0' fifo_data_valid='1' ready='0'
Time: 22302500 ps  Iteration: 0  Process: /tb_AI_TRIGGER_TOP/dut/u_DUT/\gen_lanes(1)\/u_LANE/line__273  File: /home/work1/Works/AI-Trigger-System/HDL/rtl/CNN_CORE_LANE.vhd
Note: LANE1 ADC busy_clear stream_done_seen='1' wr_count=0
Time: 22314 ns  Iteration: 0  Process: /tb_AI_TRIGGER_TOP/dut/u_DUT/\gen_lanes(1)\/u_LANE/line__191  File: /home/work1/Works/AI-Trigger-System/HDL/rtl/CNN_CORE_LANE.vhd
Note: LANE1 CNN output_valid score_raw=-4815 started=5
Time: 22527500 ps  Iteration: 0  Process: /tb_AI_TRIGGER_TOP/dut/u_DUT/\gen_lanes(1)\/u_LANE/line__273  File: /home/work1/Works/AI-Trigger-System/HDL/rtl/CNN_CORE_LANE.vhd
    21 | 0x003fed31    |     -2.351074 |     0 |    0 |      1.010
Note: DIST chunk_start seq=22 lane=2 busy='0'
Time: 22570 ns  Iteration: 0  Process: /tb_AI_TRIGGER_TOP/dut/u_DUT/u_DIST/line__134  File: /home/work1/Works/AI-Trigger-System/HDL/rtl/ADC_CHUNK_DISTRIBUTOR.vhd
Note: LANE2 ADC chunk_accept count=5 fifo_full='0'
Time: 22570 ns  Iteration: 0  Process: /tb_AI_TRIGGER_TOP/dut/u_DUT/\gen_lanes(2)\/u_LANE/line__191  File: /home/work1/Works/AI-Trigger-System/HDL/rtl/CNN_CORE_LANE.vhd
Note: LANE2 started_next=5 fifo_empty='0' fifo_data_valid='1' ready='0' idle='1'
Time: 22607500 ps  Iteration: 0  Process: /tb_AI_TRIGGER_TOP/dut/u_DUT/\gen_lanes(2)\/u_LANE/line__273  File: /home/work1/Works/AI-Trigger-System/HDL/rtl/CNN_CORE_LANE.vhd
Note: LANE2 started=5 fifo_empty='0' fifo_data_valid='1' ready='0'
Time: 23317500 ps  Iteration: 0  Process: /tb_AI_TRIGGER_TOP/dut/u_DUT/\gen_lanes(2)\/u_LANE/line__273  File: /home/work1/Works/AI-Trigger-System/HDL/rtl/CNN_CORE_LANE.vhd
Note: LANE2 ADC busy_clear stream_done_seen='1' wr_count=0
Time: 23326 ns  Iteration: 0  Process: /tb_AI_TRIGGER_TOP/dut/u_DUT/\gen_lanes(2)\/u_LANE/line__191  File: /home/work1/Works/AI-Trigger-System/HDL/rtl/CNN_CORE_LANE.vhd
Note: LANE2 CNN output_valid score_raw=-5107 started=5
Time: 23542500 ps  Iteration: 0  Process: /tb_AI_TRIGGER_TOP/dut/u_DUT/\gen_lanes(2)\/u_LANE/line__273  File: /home/work1/Works/AI-Trigger-System/HDL/rtl/CNN_CORE_LANE.vhd
    22 | 0x003fec0d    |     -2.493652 |     0 |    0 |      1.015
Note: DIST chunk_start seq=23 lane=3 busy='0'
Time: 23586 ns  Iteration: 0  Process: /tb_AI_TRIGGER_TOP/dut/u_DUT/u_DIST/line__134  File: /home/work1/Works/AI-Trigger-System/HDL/rtl/ADC_CHUNK_DISTRIBUTOR.vhd
Note: LANE3 ADC chunk_accept count=5 fifo_full='0'
Time: 23586 ns  Iteration: 0  Process: /tb_AI_TRIGGER_TOP/dut/u_DUT/\gen_lanes(3)\/u_LANE/line__191  File: /home/work1/Works/AI-Trigger-System/HDL/rtl/CNN_CORE_LANE.vhd
Note: LANE3 started_next=5 fifo_empty='0' fifo_data_valid='1' ready='0' idle='1'
Time: 23622500 ps  Iteration: 0  Process: /tb_AI_TRIGGER_TOP/dut/u_DUT/\gen_lanes(3)\/u_LANE/line__273  File: /home/work1/Works/AI-Trigger-System/HDL/rtl/CNN_CORE_LANE.vhd
Note: LANE3 started=5 fifo_empty='0' fifo_data_valid='1' ready='0'
Time: 24332500 ps  Iteration: 0  Process: /tb_AI_TRIGGER_TOP/dut/u_DUT/\gen_lanes(3)\/u_LANE/line__273  File: /home/work1/Works/AI-Trigger-System/HDL/rtl/CNN_CORE_LANE.vhd
Note: LANE3 ADC busy_clear stream_done_seen='1' wr_count=0
Time: 24342 ns  Iteration: 0  Process: /tb_AI_TRIGGER_TOP/dut/u_DUT/\gen_lanes(3)\/u_LANE/line__191  File: /home/work1/Works/AI-Trigger-System/HDL/rtl/CNN_CORE_LANE.vhd
Note: LANE3 CNN output_valid score_raw=-4846 started=5
Time: 24557500 ps  Iteration: 0  Process: /tb_AI_TRIGGER_TOP/dut/u_DUT/\gen_lanes(3)\/u_LANE/line__273  File: /home/work1/Works/AI-Trigger-System/HDL/rtl/CNN_CORE_LANE.vhd
    23 | 0x003fed12    |     -2.366211 |     0 |    0 |      1.015
Note: DIST chunk_start seq=24 lane=4 busy='0'
Time: 24602 ns  Iteration: 0  Process: /tb_AI_TRIGGER_TOP/dut/u_DUT/u_DIST/line__134  File: /home/work1/Works/AI-Trigger-System/HDL/rtl/ADC_CHUNK_DISTRIBUTOR.vhd
Note: LANE4 ADC chunk_accept count=5 fifo_full='0'
Time: 24602 ns  Iteration: 0  Process: /tb_AI_TRIGGER_TOP/dut/u_DUT/\gen_lanes(4)\/u_LANE/line__191  File: /home/work1/Works/AI-Trigger-System/HDL/rtl/CNN_CORE_LANE.vhd
Note: LANE4 started_next=5 fifo_empty='0' fifo_data_valid='1' ready='0' idle='1'
Time: 24637500 ps  Iteration: 0  Process: /tb_AI_TRIGGER_TOP/dut/u_DUT/\gen_lanes(4)\/u_LANE/line__273  File: /home/work1/Works/AI-Trigger-System/HDL/rtl/CNN_CORE_LANE.vhd
Note: LANE4 started=5 fifo_empty='0' fifo_data_valid='1' ready='0'
Time: 25347500 ps  Iteration: 0  Process: /tb_AI_TRIGGER_TOP/dut/u_DUT/\gen_lanes(4)\/u_LANE/line__273  File: /home/work1/Works/AI-Trigger-System/HDL/rtl/CNN_CORE_LANE.vhd
Note: LANE4 ADC busy_clear stream_done_seen='1' wr_count=0
Time: 25358 ns  Iteration: 0  Process: /tb_AI_TRIGGER_TOP/dut/u_DUT/\gen_lanes(4)\/u_LANE/line__191  File: /home/work1/Works/AI-Trigger-System/HDL/rtl/CNN_CORE_LANE.vhd
Note: LANE4 CNN output_valid score_raw=-4851 started=5
Time: 25572500 ps  Iteration: 0  Process: /tb_AI_TRIGGER_TOP/dut/u_DUT/\gen_lanes(4)\/u_LANE/line__273  File: /home/work1/Works/AI-Trigger-System/HDL/rtl/CNN_CORE_LANE.vhd
    24 | 0x003fed0d    |     -2.368652 |     0 |    0 |      1.015
Note: DIST chunk_start seq=25 lane=0 busy='0'
Time: 25618 ns  Iteration: 0  Process: /tb_AI_TRIGGER_TOP/dut/u_DUT/u_DIST/line__134  File: /home/work1/Works/AI-Trigger-System/HDL/rtl/ADC_CHUNK_DISTRIBUTOR.vhd
Note: LANE0 ADC chunk_accept count=6 fifo_full='0'
Time: 25618 ns  Iteration: 0  Process: /tb_AI_TRIGGER_TOP/dut/u_DUT/\gen_lanes(0)\/u_LANE/line__191  File: /home/work1/Works/AI-Trigger-System/HDL/rtl/CNN_CORE_LANE.vhd
Note: LANE0 started_next=6 fifo_empty='0' fifo_data_valid='1' ready='0' idle='1'
Time: 25652500 ps  Iteration: 0  Process: /tb_AI_TRIGGER_TOP/dut/u_DUT/\gen_lanes(0)\/u_LANE/line__273  File: /home/work1/Works/AI-Trigger-System/HDL/rtl/CNN_CORE_LANE.vhd
Note: LANE0 started=6 fifo_empty='0' fifo_data_valid='1' ready='0'
Time: 26362500 ps  Iteration: 0  Process: /tb_AI_TRIGGER_TOP/dut/u_DUT/\gen_lanes(0)\/u_LANE/line__273  File: /home/work1/Works/AI-Trigger-System/HDL/rtl/CNN_CORE_LANE.vhd
Note: LANE0 ADC busy_clear stream_done_seen='0' wr_count=0
Time: 26374 ns  Iteration: 0  Process: /tb_AI_TRIGGER_TOP/dut/u_DUT/\gen_lanes(0)\/u_LANE/line__191  File: /home/work1/Works/AI-Trigger-System/HDL/rtl/CNN_CORE_LANE.vhd
Note: LANE0 CNN output_valid score_raw=-4800 started=6
Time: 26587500 ps  Iteration: 0  Process: /tb_AI_TRIGGER_TOP/dut/u_DUT/\gen_lanes(0)\/u_LANE/line__273  File: /home/work1/Works/AI-Trigger-System/HDL/rtl/CNN_CORE_LANE.vhd
    25 | 0x003fed40    |     -2.343750 |     0 |    0 |      1.010
Note: DIST chunk_start seq=26 lane=1 busy='0'
Time: 26630 ns  Iteration: 0  Process: /tb_AI_TRIGGER_TOP/dut/u_DUT/u_DIST/line__134  File: /home/work1/Works/AI-Trigger-System/HDL/rtl/ADC_CHUNK_DISTRIBUTOR.vhd
Note: LANE1 ADC chunk_accept count=6 fifo_full='0'
Time: 26630 ns  Iteration: 0  Process: /tb_AI_TRIGGER_TOP/dut/u_DUT/\gen_lanes(1)\/u_LANE/line__191  File: /home/work1/Works/AI-Trigger-System/HDL/rtl/CNN_CORE_LANE.vhd
Note: LANE1 started_next=6 fifo_empty='0' fifo_data_valid='1' ready='0' idle='1'
Time: 26667500 ps  Iteration: 0  Process: /tb_AI_TRIGGER_TOP/dut/u_DUT/\gen_lanes(1)\/u_LANE/line__273  File: /home/work1/Works/AI-Trigger-System/HDL/rtl/CNN_CORE_LANE.vhd
Note: LANE1 started=6 fifo_empty='0' fifo_data_valid='1' ready='0'
Time: 27377500 ps  Iteration: 0  Process: /tb_AI_TRIGGER_TOP/dut/u_DUT/\gen_lanes(1)\/u_LANE/line__273  File: /home/work1/Works/AI-Trigger-System/HDL/rtl/CNN_CORE_LANE.vhd
Note: LANE1 ADC busy_clear stream_done_seen='0' wr_count=0
Time: 27386 ns  Iteration: 0  Process: /tb_AI_TRIGGER_TOP/dut/u_DUT/\gen_lanes(1)\/u_LANE/line__191  File: /home/work1/Works/AI-Trigger-System/HDL/rtl/CNN_CORE_LANE.vhd
Note: LANE1 CNN output_valid score_raw=-4992 started=6
Time: 27602500 ps  Iteration: 0  Process: /tb_AI_TRIGGER_TOP/dut/u_DUT/\gen_lanes(1)\/u_LANE/line__273  File: /home/work1/Works/AI-Trigger-System/HDL/rtl/CNN_CORE_LANE.vhd
    26 | 0x003fec80    |     -2.437500 |     0 |    0 |      1.015
Note: DIST chunk_start seq=27 lane=2 busy='0'
Time: 27646 ns  Iteration: 0  Process: /tb_AI_TRIGGER_TOP/dut/u_DUT/u_DIST/line__134  File: /home/work1/Works/AI-Trigger-System/HDL/rtl/ADC_CHUNK_DISTRIBUTOR.vhd
Note: LANE2 ADC chunk_accept count=6 fifo_full='0'
Time: 27646 ns  Iteration: 0  Process: /tb_AI_TRIGGER_TOP/dut/u_DUT/\gen_lanes(2)\/u_LANE/line__191  File: /home/work1/Works/AI-Trigger-System/HDL/rtl/CNN_CORE_LANE.vhd
Note: LANE2 started_next=6 fifo_empty='0' fifo_data_valid='1' ready='0' idle='1'
Time: 27682500 ps  Iteration: 0  Process: /tb_AI_TRIGGER_TOP/dut/u_DUT/\gen_lanes(2)\/u_LANE/line__273  File: /home/work1/Works/AI-Trigger-System/HDL/rtl/CNN_CORE_LANE.vhd
Note: LANE2 started=6 fifo_empty='0' fifo_data_valid='1' ready='0'
Time: 28392500 ps  Iteration: 0  Process: /tb_AI_TRIGGER_TOP/dut/u_DUT/\gen_lanes(2)\/u_LANE/line__273  File: /home/work1/Works/AI-Trigger-System/HDL/rtl/CNN_CORE_LANE.vhd
Note: LANE2 ADC busy_clear stream_done_seen='0' wr_count=0
Time: 28402 ns  Iteration: 0  Process: /tb_AI_TRIGGER_TOP/dut/u_DUT/\gen_lanes(2)\/u_LANE/line__191  File: /home/work1/Works/AI-Trigger-System/HDL/rtl/CNN_CORE_LANE.vhd
Note: LANE2 CNN output_valid score_raw=-4693 started=6
Time: 28617500 ps  Iteration: 0  Process: /tb_AI_TRIGGER_TOP/dut/u_DUT/\gen_lanes(2)\/u_LANE/line__273  File: /home/work1/Works/AI-Trigger-System/HDL/rtl/CNN_CORE_LANE.vhd
    27 | 0x003fedab    |     -2.291504 |     0 |    0 |      1.015
Note: DIST chunk_start seq=28 lane=3 busy='0'
Time: 28662 ns  Iteration: 0  Process: /tb_AI_TRIGGER_TOP/dut/u_DUT/u_DIST/line__134  File: /home/work1/Works/AI-Trigger-System/HDL/rtl/ADC_CHUNK_DISTRIBUTOR.vhd
Note: LANE3 ADC chunk_accept count=6 fifo_full='0'
Time: 28662 ns  Iteration: 0  Process: /tb_AI_TRIGGER_TOP/dut/u_DUT/\gen_lanes(3)\/u_LANE/line__191  File: /home/work1/Works/AI-Trigger-System/HDL/rtl/CNN_CORE_LANE.vhd
Note: LANE3 started_next=6 fifo_empty='0' fifo_data_valid='1' ready='0' idle='1'
Time: 28697500 ps  Iteration: 0  Process: /tb_AI_TRIGGER_TOP/dut/u_DUT/\gen_lanes(3)\/u_LANE/line__273  File: /home/work1/Works/AI-Trigger-System/HDL/rtl/CNN_CORE_LANE.vhd
Note: LANE3 started=6 fifo_empty='0' fifo_data_valid='1' ready='0'
Time: 29407500 ps  Iteration: 0  Process: /tb_AI_TRIGGER_TOP/dut/u_DUT/\gen_lanes(3)\/u_LANE/line__273  File: /home/work1/Works/AI-Trigger-System/HDL/rtl/CNN_CORE_LANE.vhd
Note: LANE3 ADC busy_clear stream_done_seen='0' wr_count=0
Time: 29418 ns  Iteration: 0  Process: /tb_AI_TRIGGER_TOP/dut/u_DUT/\gen_lanes(3)\/u_LANE/line__191  File: /home/work1/Works/AI-Trigger-System/HDL/rtl/CNN_CORE_LANE.vhd
Note: LANE3 CNN output_valid score_raw=-5097 started=6
Time: 29632500 ps  Iteration: 0  Process: /tb_AI_TRIGGER_TOP/dut/u_DUT/\gen_lanes(3)\/u_LANE/line__273  File: /home/work1/Works/AI-Trigger-System/HDL/rtl/CNN_CORE_LANE.vhd
    28 | 0x003fec17    |     -2.488770 |     0 |    0 |      1.015
Note: DIST chunk_start seq=29 lane=4 busy='0'
Time: 29678 ns  Iteration: 0  Process: /tb_AI_TRIGGER_TOP/dut/u_DUT/u_DIST/line__134  File: /home/work1/Works/AI-Trigger-System/HDL/rtl/ADC_CHUNK_DISTRIBUTOR.vhd
Note: LANE4 ADC chunk_accept count=6 fifo_full='0'
Time: 29678 ns  Iteration: 0  Process: /tb_AI_TRIGGER_TOP/dut/u_DUT/\gen_lanes(4)\/u_LANE/line__191  File: /home/work1/Works/AI-Trigger-System/HDL/rtl/CNN_CORE_LANE.vhd
Note: LANE4 started_next=6 fifo_empty='0' fifo_data_valid='1' ready='0' idle='1'
Time: 29712500 ps  Iteration: 0  Process: /tb_AI_TRIGGER_TOP/dut/u_DUT/\gen_lanes(4)\/u_LANE/line__273  File: /home/work1/Works/AI-Trigger-System/HDL/rtl/CNN_CORE_LANE.vhd
Note: LANE4 started=6 fifo_empty='0' fifo_data_valid='1' ready='0'
Time: 30422500 ps  Iteration: 0  Process: /tb_AI_TRIGGER_TOP/dut/u_DUT/\gen_lanes(4)\/u_LANE/line__273  File: /home/work1/Works/AI-Trigger-System/HDL/rtl/CNN_CORE_LANE.vhd
Note: LANE4 ADC busy_clear stream_done_seen='0' wr_count=0
Time: 30434 ns  Iteration: 0  Process: /tb_AI_TRIGGER_TOP/dut/u_DUT/\gen_lanes(4)\/u_LANE/line__191  File: /home/work1/Works/AI-Trigger-System/HDL/rtl/CNN_CORE_LANE.vhd
Note: LANE4 CNN output_valid score_raw=-5027 started=6
Time: 30647500 ps  Iteration: 0  Process: /tb_AI_TRIGGER_TOP/dut/u_DUT/\gen_lanes(4)\/u_LANE/line__273  File: /home/work1/Works/AI-Trigger-System/HDL/rtl/CNN_CORE_LANE.vhd
    29 | 0x003fec5d    |     -2.454590 |     0 |    0 |      1.010
Note: DIST chunk_start seq=30 lane=0 busy='0'
Time: 30690 ns  Iteration: 0  Process: /tb_AI_TRIGGER_TOP/dut/u_DUT/u_DIST/line__134  File: /home/work1/Works/AI-Trigger-System/HDL/rtl/ADC_CHUNK_DISTRIBUTOR.vhd
Note: LANE0 ADC chunk_accept count=7 fifo_full='0'
Time: 30690 ns  Iteration: 0  Process: /tb_AI_TRIGGER_TOP/dut/u_DUT/\gen_lanes(0)\/u_LANE/line__191  File: /home/work1/Works/AI-Trigger-System/HDL/rtl/CNN_CORE_LANE.vhd
Note: LANE0 started_next=7 fifo_empty='0' fifo_data_valid='1' ready='0' idle='1'
Time: 30727500 ps  Iteration: 0  Process: /tb_AI_TRIGGER_TOP/dut/u_DUT/\gen_lanes(0)\/u_LANE/line__273  File: /home/work1/Works/AI-Trigger-System/HDL/rtl/CNN_CORE_LANE.vhd
Note: LANE0 started=7 fifo_empty='0' fifo_data_valid='1' ready='0'
Time: 31437500 ps  Iteration: 0  Process: /tb_AI_TRIGGER_TOP/dut/u_DUT/\gen_lanes(0)\/u_LANE/line__273  File: /home/work1/Works/AI-Trigger-System/HDL/rtl/CNN_CORE_LANE.vhd
Note: LANE0 ADC busy_clear stream_done_seen='1' wr_count=0
Time: 31446 ns  Iteration: 0  Process: /tb_AI_TRIGGER_TOP/dut/u_DUT/\gen_lanes(0)\/u_LANE/line__191  File: /home/work1/Works/AI-Trigger-System/HDL/rtl/CNN_CORE_LANE.vhd
Note: LANE0 CNN output_valid score_raw=-4860 started=7
Time: 31662500 ps  Iteration: 0  Process: /tb_AI_TRIGGER_TOP/dut/u_DUT/\gen_lanes(0)\/u_LANE/line__273  File: /home/work1/Works/AI-Trigger-System/HDL/rtl/CNN_CORE_LANE.vhd
    30 | 0x003fed04    |     -2.373047 |     0 |    0 |      1.015
Note: DIST chunk_start seq=31 lane=1 busy='0'
Time: 31706 ns  Iteration: 0  Process: /tb_AI_TRIGGER_TOP/dut/u_DUT/u_DIST/line__134  File: /home/work1/Works/AI-Trigger-System/HDL/rtl/ADC_CHUNK_DISTRIBUTOR.vhd
Note: LANE1 ADC chunk_accept count=7 fifo_full='0'
Time: 31706 ns  Iteration: 0  Process: /tb_AI_TRIGGER_TOP/dut/u_DUT/\gen_lanes(1)\/u_LANE/line__191  File: /home/work1/Works/AI-Trigger-System/HDL/rtl/CNN_CORE_LANE.vhd
Note: LANE1 started_next=7 fifo_empty='0' fifo_data_valid='1' ready='0' idle='1'
Time: 31742500 ps  Iteration: 0  Process: /tb_AI_TRIGGER_TOP/dut/u_DUT/\gen_lanes(1)\/u_LANE/line__273  File: /home/work1/Works/AI-Trigger-System/HDL/rtl/CNN_CORE_LANE.vhd
Note: LANE1 started=7 fifo_empty='0' fifo_data_valid='1' ready='0'
Time: 32452500 ps  Iteration: 0  Process: /tb_AI_TRIGGER_TOP/dut/u_DUT/\gen_lanes(1)\/u_LANE/line__273  File: /home/work1/Works/AI-Trigger-System/HDL/rtl/CNN_CORE_LANE.vhd
Note: LANE1 ADC busy_clear stream_done_seen='1' wr_count=0
Time: 32462 ns  Iteration: 0  Process: /tb_AI_TRIGGER_TOP/dut/u_DUT/\gen_lanes(1)\/u_LANE/line__191  File: /home/work1/Works/AI-Trigger-System/HDL/rtl/CNN_CORE_LANE.vhd
Note: LANE1 CNN output_valid score_raw=-4874 started=7
Time: 32677500 ps  Iteration: 0  Process: /tb_AI_TRIGGER_TOP/dut/u_DUT/\gen_lanes(1)\/u_LANE/line__273  File: /home/work1/Works/AI-Trigger-System/HDL/rtl/CNN_CORE_LANE.vhd
    31 | 0x003fecf6    |     -2.379883 |     0 |    0 |      1.015
Note: DIST chunk_start seq=32 lane=2 busy='0'
Time: 32722 ns  Iteration: 0  Process: /tb_AI_TRIGGER_TOP/dut/u_DUT/u_DIST/line__134  File: /home/work1/Works/AI-Trigger-System/HDL/rtl/ADC_CHUNK_DISTRIBUTOR.vhd
Note: LANE2 ADC chunk_accept count=7 fifo_full='0'
Time: 32722 ns  Iteration: 0  Process: /tb_AI_TRIGGER_TOP/dut/u_DUT/\gen_lanes(2)\/u_LANE/line__191  File: /home/work1/Works/AI-Trigger-System/HDL/rtl/CNN_CORE_LANE.vhd
Note: LANE2 started_next=7 fifo_empty='0' fifo_data_valid='1' ready='0' idle='1'
Time: 32757500 ps  Iteration: 0  Process: /tb_AI_TRIGGER_TOP/dut/u_DUT/\gen_lanes(2)\/u_LANE/line__273  File: /home/work1/Works/AI-Trigger-System/HDL/rtl/CNN_CORE_LANE.vhd
Note: LANE2 started=7 fifo_empty='0' fifo_data_valid='1' ready='0'
Time: 33467500 ps  Iteration: 0  Process: /tb_AI_TRIGGER_TOP/dut/u_DUT/\gen_lanes(2)\/u_LANE/line__273  File: /home/work1/Works/AI-Trigger-System/HDL/rtl/CNN_CORE_LANE.vhd
Note: LANE2 ADC busy_clear stream_done_seen='1' wr_count=0
Time: 33478 ns  Iteration: 0  Process: /tb_AI_TRIGGER_TOP/dut/u_DUT/\gen_lanes(2)\/u_LANE/line__191  File: /home/work1/Works/AI-Trigger-System/HDL/rtl/CNN_CORE_LANE.vhd
Note: LANE2 CNN output_valid score_raw=-5029 started=7
Time: 33692500 ps  Iteration: 0  Process: /tb_AI_TRIGGER_TOP/dut/u_DUT/\gen_lanes(2)\/u_LANE/line__273  File: /home/work1/Works/AI-Trigger-System/HDL/rtl/CNN_CORE_LANE.vhd
    32 | 0x003fec5b    |     -2.455566 |     0 |    0 |      1.015
Note: DIST chunk_start seq=33 lane=3 busy='0'
Time: 33738 ns  Iteration: 0  Process: /tb_AI_TRIGGER_TOP/dut/u_DUT/u_DIST/line__134  File: /home/work1/Works/AI-Trigger-System/HDL/rtl/ADC_CHUNK_DISTRIBUTOR.vhd
Note: LANE3 ADC chunk_accept count=7 fifo_full='0'
Time: 33738 ns  Iteration: 0  Process: /tb_AI_TRIGGER_TOP/dut/u_DUT/\gen_lanes(3)\/u_LANE/line__191  File: /home/work1/Works/AI-Trigger-System/HDL/rtl/CNN_CORE_LANE.vhd
Note: LANE3 started_next=7 fifo_empty='0' fifo_data_valid='1' ready='0' idle='1'
Time: 33772500 ps  Iteration: 0  Process: /tb_AI_TRIGGER_TOP/dut/u_DUT/\gen_lanes(3)\/u_LANE/line__273  File: /home/work1/Works/AI-Trigger-System/HDL/rtl/CNN_CORE_LANE.vhd
Note: LANE3 started=7 fifo_empty='0' fifo_data_valid='1' ready='0'
Time: 34482500 ps  Iteration: 0  Process: /tb_AI_TRIGGER_TOP/dut/u_DUT/\gen_lanes(3)\/u_LANE/line__273  File: /home/work1/Works/AI-Trigger-System/HDL/rtl/CNN_CORE_LANE.vhd
Note: LANE3 ADC busy_clear stream_done_seen='1' wr_count=0
Time: 34494 ns  Iteration: 0  Process: /tb_AI_TRIGGER_TOP/dut/u_DUT/\gen_lanes(3)\/u_LANE/line__191  File: /home/work1/Works/AI-Trigger-System/HDL/rtl/CNN_CORE_LANE.vhd
Note: LANE3 CNN output_valid score_raw=-4673 started=7
Time: 34707500 ps  Iteration: 0  Process: /tb_AI_TRIGGER_TOP/dut/u_DUT/\gen_lanes(3)\/u_LANE/line__273  File: /home/work1/Works/AI-Trigger-System/HDL/rtl/CNN_CORE_LANE.vhd
    33 | 0x003fedbf    |     -2.281738 |     0 |    0 |      1.010
Note: DIST chunk_start seq=34 lane=4 busy='0'
Time: 34750 ns  Iteration: 0  Process: /tb_AI_TRIGGER_TOP/dut/u_DUT/u_DIST/line__134  File: /home/work1/Works/AI-Trigger-System/HDL/rtl/ADC_CHUNK_DISTRIBUTOR.vhd
Note: LANE4 ADC chunk_accept count=7 fifo_full='0'
Time: 34750 ns  Iteration: 0  Process: /tb_AI_TRIGGER_TOP/dut/u_DUT/\gen_lanes(4)\/u_LANE/line__191  File: /home/work1/Works/AI-Trigger-System/HDL/rtl/CNN_CORE_LANE.vhd
Note: LANE4 started_next=7 fifo_empty='0' fifo_data_valid='1' ready='0' idle='1'
Time: 34787500 ps  Iteration: 0  Process: /tb_AI_TRIGGER_TOP/dut/u_DUT/\gen_lanes(4)\/u_LANE/line__273  File: /home/work1/Works/AI-Trigger-System/HDL/rtl/CNN_CORE_LANE.vhd
Note: LANE4 started=7 fifo_empty='0' fifo_data_valid='1' ready='0'
Time: 35497500 ps  Iteration: 0  Process: /tb_AI_TRIGGER_TOP/dut/u_DUT/\gen_lanes(4)\/u_LANE/line__273  File: /home/work1/Works/AI-Trigger-System/HDL/rtl/CNN_CORE_LANE.vhd
Note: LANE4 ADC busy_clear stream_done_seen='1' wr_count=0
Time: 35506 ns  Iteration: 0  Process: /tb_AI_TRIGGER_TOP/dut/u_DUT/\gen_lanes(4)\/u_LANE/line__191  File: /home/work1/Works/AI-Trigger-System/HDL/rtl/CNN_CORE_LANE.vhd
Note: LANE4 CNN output_valid score_raw=-4924 started=7
Time: 35722500 ps  Iteration: 0  Process: /tb_AI_TRIGGER_TOP/dut/u_DUT/\gen_lanes(4)\/u_LANE/line__273  File: /home/work1/Works/AI-Trigger-System/HDL/rtl/CNN_CORE_LANE.vhd
    34 | 0x003fecc4    |     -2.404297 |     0 |    0 |      1.015
Note: DIST chunk_start seq=35 lane=0 busy='0'
Time: 35766 ns  Iteration: 0  Process: /tb_AI_TRIGGER_TOP/dut/u_DUT/u_DIST/line__134  File: /home/work1/Works/AI-Trigger-System/HDL/rtl/ADC_CHUNK_DISTRIBUTOR.vhd
Note: LANE0 ADC chunk_accept count=8 fifo_full='0'
Time: 35766 ns  Iteration: 0  Process: /tb_AI_TRIGGER_TOP/dut/u_DUT/\gen_lanes(0)\/u_LANE/line__191  File: /home/work1/Works/AI-Trigger-System/HDL/rtl/CNN_CORE_LANE.vhd
Note: LANE0 started_next=8 fifo_empty='0' fifo_data_valid='1' ready='0' idle='1'
Time: 35802500 ps  Iteration: 0  Process: /tb_AI_TRIGGER_TOP/dut/u_DUT/\gen_lanes(0)\/u_LANE/line__273  File: /home/work1/Works/AI-Trigger-System/HDL/rtl/CNN_CORE_LANE.vhd
Note: LANE0 started=8 fifo_empty='0' fifo_data_valid='1' ready='0'
Time: 36512500 ps  Iteration: 0  Process: /tb_AI_TRIGGER_TOP/dut/u_DUT/\gen_lanes(0)\/u_LANE/line__273  File: /home/work1/Works/AI-Trigger-System/HDL/rtl/CNN_CORE_LANE.vhd
Note: LANE0 ADC busy_clear stream_done_seen='0' wr_count=0
Time: 36522 ns  Iteration: 0  Process: /tb_AI_TRIGGER_TOP/dut/u_DUT/\gen_lanes(0)\/u_LANE/line__191  File: /home/work1/Works/AI-Trigger-System/HDL/rtl/CNN_CORE_LANE.vhd
Note: LANE0 CNN output_valid score_raw=-5094 started=8
Time: 36737500 ps  Iteration: 0  Process: /tb_AI_TRIGGER_TOP/dut/u_DUT/\gen_lanes(0)\/u_LANE/line__273  File: /home/work1/Works/AI-Trigger-System/HDL/rtl/CNN_CORE_LANE.vhd
    35 | 0x003fec1a    |     -2.487305 |     0 |    0 |      1.015
Note: DIST chunk_start seq=36 lane=1 busy='0'
Time: 36782 ns  Iteration: 0  Process: /tb_AI_TRIGGER_TOP/dut/u_DUT/u_DIST/line__134  File: /home/work1/Works/AI-Trigger-System/HDL/rtl/ADC_CHUNK_DISTRIBUTOR.vhd
Note: LANE1 ADC chunk_accept count=8 fifo_full='0'
Time: 36782 ns  Iteration: 0  Process: /tb_AI_TRIGGER_TOP/dut/u_DUT/\gen_lanes(1)\/u_LANE/line__191  File: /home/work1/Works/AI-Trigger-System/HDL/rtl/CNN_CORE_LANE.vhd
Note: LANE1 started_next=8 fifo_empty='0' fifo_data_valid='1' ready='0' idle='1'
Time: 36817500 ps  Iteration: 0  Process: /tb_AI_TRIGGER_TOP/dut/u_DUT/\gen_lanes(1)\/u_LANE/line__273  File: /home/work1/Works/AI-Trigger-System/HDL/rtl/CNN_CORE_LANE.vhd
Note: LANE1 started=8 fifo_empty='0' fifo_data_valid='1' ready='0'
Time: 37527500 ps  Iteration: 0  Process: /tb_AI_TRIGGER_TOP/dut/u_DUT/\gen_lanes(1)\/u_LANE/line__273  File: /home/work1/Works/AI-Trigger-System/HDL/rtl/CNN_CORE_LANE.vhd
Note: LANE1 ADC busy_clear stream_done_seen='0' wr_count=0
Time: 37538 ns  Iteration: 0  Process: /tb_AI_TRIGGER_TOP/dut/u_DUT/\gen_lanes(1)\/u_LANE/line__191  File: /home/work1/Works/AI-Trigger-System/HDL/rtl/CNN_CORE_LANE.vhd
Note: LANE1 CNN output_valid score_raw=-4751 started=8
Time: 37752500 ps  Iteration: 0  Process: /tb_AI_TRIGGER_TOP/dut/u_DUT/\gen_lanes(1)\/u_LANE/line__273  File: /home/work1/Works/AI-Trigger-System/HDL/rtl/CNN_CORE_LANE.vhd
    36 | 0x003fed71    |     -2.319824 |     0 |    0 |      1.015
Note: DIST chunk_start seq=37 lane=2 busy='0'
Time: 37798 ns  Iteration: 0  Process: /tb_AI_TRIGGER_TOP/dut/u_DUT/u_DIST/line__134  File: /home/work1/Works/AI-Trigger-System/HDL/rtl/ADC_CHUNK_DISTRIBUTOR.vhd
Note: LANE2 ADC chunk_accept count=8 fifo_full='0'
Time: 37798 ns  Iteration: 0  Process: /tb_AI_TRIGGER_TOP/dut/u_DUT/\gen_lanes(2)\/u_LANE/line__191  File: /home/work1/Works/AI-Trigger-System/HDL/rtl/CNN_CORE_LANE.vhd
Note: LANE2 started_next=8 fifo_empty='0' fifo_data_valid='1' ready='0' idle='1'
Time: 37832500 ps  Iteration: 0  Process: /tb_AI_TRIGGER_TOP/dut/u_DUT/\gen_lanes(2)\/u_LANE/line__273  File: /home/work1/Works/AI-Trigger-System/HDL/rtl/CNN_CORE_LANE.vhd
Note: LANE2 started=8 fifo_empty='0' fifo_data_valid='1' ready='0'
Time: 38542500 ps  Iteration: 0  Process: /tb_AI_TRIGGER_TOP/dut/u_DUT/\gen_lanes(2)\/u_LANE/line__273  File: /home/work1/Works/AI-Trigger-System/HDL/rtl/CNN_CORE_LANE.vhd
Note: LANE2 ADC busy_clear stream_done_seen='0' wr_count=0
Time: 38554 ns  Iteration: 0  Process: /tb_AI_TRIGGER_TOP/dut/u_DUT/\gen_lanes(2)\/u_LANE/line__191  File: /home/work1/Works/AI-Trigger-System/HDL/rtl/CNN_CORE_LANE.vhd
Note: LANE2 CNN output_valid score_raw=-4701 started=8
Time: 38767500 ps  Iteration: 0  Process: /tb_AI_TRIGGER_TOP/dut/u_DUT/\gen_lanes(2)\/u_LANE/line__273  File: /home/work1/Works/AI-Trigger-System/HDL/rtl/CNN_CORE_LANE.vhd
    37 | 0x003feda3    |     -2.295410 |     0 |    0 |      1.010
Note: DIST chunk_start seq=38 lane=3 busy='0'
Time: 38810 ns  Iteration: 0  Process: /tb_AI_TRIGGER_TOP/dut/u_DUT/u_DIST/line__134  File: /home/work1/Works/AI-Trigger-System/HDL/rtl/ADC_CHUNK_DISTRIBUTOR.vhd
Note: LANE3 ADC chunk_accept count=8 fifo_full='0'
Time: 38810 ns  Iteration: 0  Process: /tb_AI_TRIGGER_TOP/dut/u_DUT/\gen_lanes(3)\/u_LANE/line__191  File: /home/work1/Works/AI-Trigger-System/HDL/rtl/CNN_CORE_LANE.vhd
Note: LANE3 started_next=8 fifo_empty='0' fifo_data_valid='1' ready='0' idle='1'
Time: 38847500 ps  Iteration: 0  Process: /tb_AI_TRIGGER_TOP/dut/u_DUT/\gen_lanes(3)\/u_LANE/line__273  File: /home/work1/Works/AI-Trigger-System/HDL/rtl/CNN_CORE_LANE.vhd
Note: LANE3 started=8 fifo_empty='0' fifo_data_valid='1' ready='0'
Time: 39557500 ps  Iteration: 0  Process: /tb_AI_TRIGGER_TOP/dut/u_DUT/\gen_lanes(3)\/u_LANE/line__273  File: /home/work1/Works/AI-Trigger-System/HDL/rtl/CNN_CORE_LANE.vhd
Note: LANE3 ADC busy_clear stream_done_seen='0' wr_count=0
Time: 39566 ns  Iteration: 0  Process: /tb_AI_TRIGGER_TOP/dut/u_DUT/\gen_lanes(3)\/u_LANE/line__191  File: /home/work1/Works/AI-Trigger-System/HDL/rtl/CNN_CORE_LANE.vhd
Note: LANE3 CNN output_valid score_raw=-5041 started=8
Time: 39782500 ps  Iteration: 0  Process: /tb_AI_TRIGGER_TOP/dut/u_DUT/\gen_lanes(3)\/u_LANE/line__273  File: /home/work1/Works/AI-Trigger-System/HDL/rtl/CNN_CORE_LANE.vhd
    38 | 0x003fec4f    |     -2.461426 |     0 |    0 |      1.015
Note: DIST chunk_start seq=39 lane=4 busy='0'
Time: 39826 ns  Iteration: 0  Process: /tb_AI_TRIGGER_TOP/dut/u_DUT/u_DIST/line__134  File: /home/work1/Works/AI-Trigger-System/HDL/rtl/ADC_CHUNK_DISTRIBUTOR.vhd
Note: LANE4 ADC chunk_accept count=8 fifo_full='0'
Time: 39826 ns  Iteration: 0  Process: /tb_AI_TRIGGER_TOP/dut/u_DUT/\gen_lanes(4)\/u_LANE/line__191  File: /home/work1/Works/AI-Trigger-System/HDL/rtl/CNN_CORE_LANE.vhd
Note: LANE4 started_next=8 fifo_empty='0' fifo_data_valid='1' ready='0' idle='1'
Time: 39862500 ps  Iteration: 0  Process: /tb_AI_TRIGGER_TOP/dut/u_DUT/\gen_lanes(4)\/u_LANE/line__273  File: /home/work1/Works/AI-Trigger-System/HDL/rtl/CNN_CORE_LANE.vhd
Note: LANE4 started=8 fifo_empty='0' fifo_data_valid='1' ready='0'
Time: 40572500 ps  Iteration: 0  Process: /tb_AI_TRIGGER_TOP/dut/u_DUT/\gen_lanes(4)\/u_LANE/line__273  File: /home/work1/Works/AI-Trigger-System/HDL/rtl/CNN_CORE_LANE.vhd
Note: LANE4 ADC busy_clear stream_done_seen='0' wr_count=0
Time: 40582 ns  Iteration: 0  Process: /tb_AI_TRIGGER_TOP/dut/u_DUT/\gen_lanes(4)\/u_LANE/line__191  File: /home/work1/Works/AI-Trigger-System/HDL/rtl/CNN_CORE_LANE.vhd
Note: LANE4 CNN output_valid score_raw=-4758 started=8
Time: 40797500 ps  Iteration: 0  Process: /tb_AI_TRIGGER_TOP/dut/u_DUT/\gen_lanes(4)\/u_LANE/line__273  File: /home/work1/Works/AI-Trigger-System/HDL/rtl/CNN_CORE_LANE.vhd
    39 | 0x003fed6a    |     -2.323242 |     0 |    0 |      1.015
Note: DIST chunk_start seq=40 lane=0 busy='0'
Time: 40842 ns  Iteration: 0  Process: /tb_AI_TRIGGER_TOP/dut/u_DUT/u_DIST/line__134  File: /home/work1/Works/AI-Trigger-System/HDL/rtl/ADC_CHUNK_DISTRIBUTOR.vhd
Note: LANE0 ADC chunk_accept count=9 fifo_full='0'
Time: 40842 ns  Iteration: 0  Process: /tb_AI_TRIGGER_TOP/dut/u_DUT/\gen_lanes(0)\/u_LANE/line__191  File: /home/work1/Works/AI-Trigger-System/HDL/rtl/CNN_CORE_LANE.vhd
Note: LANE0 started_next=9 fifo_empty='0' fifo_data_valid='1' ready='0' idle='1'
Time: 40877500 ps  Iteration: 0  Process: /tb_AI_TRIGGER_TOP/dut/u_DUT/\gen_lanes(0)\/u_LANE/line__273  File: /home/work1/Works/AI-Trigger-System/HDL/rtl/CNN_CORE_LANE.vhd
Note: LANE0 started=9 fifo_empty='0' fifo_data_valid='1' ready='0'
Time: 41587500 ps  Iteration: 0  Process: /tb_AI_TRIGGER_TOP/dut/u_DUT/\gen_lanes(0)\/u_LANE/line__273  File: /home/work1/Works/AI-Trigger-System/HDL/rtl/CNN_CORE_LANE.vhd
Note: LANE0 ADC busy_clear stream_done_seen='1' wr_count=0
Time: 41598 ns  Iteration: 0  Process: /tb_AI_TRIGGER_TOP/dut/u_DUT/\gen_lanes(0)\/u_LANE/line__191  File: /home/work1/Works/AI-Trigger-System/HDL/rtl/CNN_CORE_LANE.vhd
Note: LANE0 CNN output_valid score_raw=-4827 started=9
Time: 41812500 ps  Iteration: 0  Process: /tb_AI_TRIGGER_TOP/dut/u_DUT/\gen_lanes(0)\/u_LANE/line__273  File: /home/work1/Works/AI-Trigger-System/HDL/rtl/CNN_CORE_LANE.vhd
    40 | 0x003fed25    |     -2.356934 |     0 |    0 |      1.015
Note: DIST chunk_start seq=41 lane=1 busy='0'
Time: 41858 ns  Iteration: 0  Process: /tb_AI_TRIGGER_TOP/dut/u_DUT/u_DIST/line__134  File: /home/work1/Works/AI-Trigger-System/HDL/rtl/ADC_CHUNK_DISTRIBUTOR.vhd
Note: LANE1 ADC chunk_accept count=9 fifo_full='0'
Time: 41858 ns  Iteration: 0  Process: /tb_AI_TRIGGER_TOP/dut/u_DUT/\gen_lanes(1)\/u_LANE/line__191  File: /home/work1/Works/AI-Trigger-System/HDL/rtl/CNN_CORE_LANE.vhd
Note: LANE1 started_next=9 fifo_empty='0' fifo_data_valid='1' ready='0' idle='1'
Time: 41892500 ps  Iteration: 0  Process: /tb_AI_TRIGGER_TOP/dut/u_DUT/\gen_lanes(1)\/u_LANE/line__273  File: /home/work1/Works/AI-Trigger-System/HDL/rtl/CNN_CORE_LANE.vhd
Note: LANE1 started=9 fifo_empty='0' fifo_data_valid='1' ready='0'
Time: 42602500 ps  Iteration: 0  Process: /tb_AI_TRIGGER_TOP/dut/u_DUT/\gen_lanes(1)\/u_LANE/line__273  File: /home/work1/Works/AI-Trigger-System/HDL/rtl/CNN_CORE_LANE.vhd
Note: LANE1 ADC busy_clear stream_done_seen='1' wr_count=0
Time: 42614 ns  Iteration: 0  Process: /tb_AI_TRIGGER_TOP/dut/u_DUT/\gen_lanes(1)\/u_LANE/line__191  File: /home/work1/Works/AI-Trigger-System/HDL/rtl/CNN_CORE_LANE.vhd
Note: LANE1 CNN output_valid score_raw=-5284 started=9
Time: 42827500 ps  Iteration: 0  Process: /tb_AI_TRIGGER_TOP/dut/u_DUT/\gen_lanes(1)\/u_LANE/line__273  File: /home/work1/Works/AI-Trigger-System/HDL/rtl/CNN_CORE_LANE.vhd
    41 | 0x003feb5c    |     -2.580078 |     0 |    0 |      1.010
Note: DIST chunk_start seq=42 lane=2 busy='0'
Time: 42870 ns  Iteration: 0  Process: /tb_AI_TRIGGER_TOP/dut/u_DUT/u_DIST/line__134  File: /home/work1/Works/AI-Trigger-System/HDL/rtl/ADC_CHUNK_DISTRIBUTOR.vhd
Note: LANE2 ADC chunk_accept count=9 fifo_full='0'
Time: 42870 ns  Iteration: 0  Process: /tb_AI_TRIGGER_TOP/dut/u_DUT/\gen_lanes(2)\/u_LANE/line__191  File: /home/work1/Works/AI-Trigger-System/HDL/rtl/CNN_CORE_LANE.vhd
Note: LANE2 started_next=9 fifo_empty='0' fifo_data_valid='1' ready='0' idle='1'
Time: 42907500 ps  Iteration: 0  Process: /tb_AI_TRIGGER_TOP/dut/u_DUT/\gen_lanes(2)\/u_LANE/line__273  File: /home/work1/Works/AI-Trigger-System/HDL/rtl/CNN_CORE_LANE.vhd
Note: LANE2 started=9 fifo_empty='0' fifo_data_valid='1' ready='0'
Time: 43617500 ps  Iteration: 0  Process: /tb_AI_TRIGGER_TOP/dut/u_DUT/\gen_lanes(2)\/u_LANE/line__273  File: /home/work1/Works/AI-Trigger-System/HDL/rtl/CNN_CORE_LANE.vhd
Note: LANE2 ADC busy_clear stream_done_seen='1' wr_count=0
Time: 43626 ns  Iteration: 0  Process: /tb_AI_TRIGGER_TOP/dut/u_DUT/\gen_lanes(2)\/u_LANE/line__191  File: /home/work1/Works/AI-Trigger-System/HDL/rtl/CNN_CORE_LANE.vhd
Note: LANE2 CNN output_valid score_raw=-4685 started=9
Time: 43842500 ps  Iteration: 0  Process: /tb_AI_TRIGGER_TOP/dut/u_DUT/\gen_lanes(2)\/u_LANE/line__273  File: /home/work1/Works/AI-Trigger-System/HDL/rtl/CNN_CORE_LANE.vhd
    42 | 0x003fedb3    |     -2.287598 |     0 |    0 |      1.015
Note: DIST chunk_start seq=43 lane=3 busy='0'
Time: 43886 ns  Iteration: 0  Process: /tb_AI_TRIGGER_TOP/dut/u_DUT/u_DIST/line__134  File: /home/work1/Works/AI-Trigger-System/HDL/rtl/ADC_CHUNK_DISTRIBUTOR.vhd
Note: LANE3 ADC chunk_accept count=9 fifo_full='0'
Time: 43886 ns  Iteration: 0  Process: /tb_AI_TRIGGER_TOP/dut/u_DUT/\gen_lanes(3)\/u_LANE/line__191  File: /home/work1/Works/AI-Trigger-System/HDL/rtl/CNN_CORE_LANE.vhd
Note: LANE3 started_next=9 fifo_empty='0' fifo_data_valid='1' ready='0' idle='1'
Time: 43922500 ps  Iteration: 0  Process: /tb_AI_TRIGGER_TOP/dut/u_DUT/\gen_lanes(3)\/u_LANE/line__273  File: /home/work1/Works/AI-Trigger-System/HDL/rtl/CNN_CORE_LANE.vhd
Note: LANE3 started=9 fifo_empty='0' fifo_data_valid='1' ready='0'
Time: 44632500 ps  Iteration: 0  Process: /tb_AI_TRIGGER_TOP/dut/u_DUT/\gen_lanes(3)\/u_LANE/line__273  File: /home/work1/Works/AI-Trigger-System/HDL/rtl/CNN_CORE_LANE.vhd
Note: LANE3 ADC busy_clear stream_done_seen='1' wr_count=0
Time: 44642 ns  Iteration: 0  Process: /tb_AI_TRIGGER_TOP/dut/u_DUT/\gen_lanes(3)\/u_LANE/line__191  File: /home/work1/Works/AI-Trigger-System/HDL/rtl/CNN_CORE_LANE.vhd
Note: LANE3 CNN output_valid score_raw=-4627 started=9
Time: 44857500 ps  Iteration: 0  Process: /tb_AI_TRIGGER_TOP/dut/u_DUT/\gen_lanes(3)\/u_LANE/line__273  File: /home/work1/Works/AI-Trigger-System/HDL/rtl/CNN_CORE_LANE.vhd
    43 | 0x003feded    |     -2.259277 |     0 |    0 |      1.015
Note: DIST chunk_start seq=44 lane=4 busy='0'
Time: 44902 ns  Iteration: 0  Process: /tb_AI_TRIGGER_TOP/dut/u_DUT/u_DIST/line__134  File: /home/work1/Works/AI-Trigger-System/HDL/rtl/ADC_CHUNK_DISTRIBUTOR.vhd
Note: LANE4 ADC chunk_accept count=9 fifo_full='0'
Time: 44902 ns  Iteration: 0  Process: /tb_AI_TRIGGER_TOP/dut/u_DUT/\gen_lanes(4)\/u_LANE/line__191  File: /home/work1/Works/AI-Trigger-System/HDL/rtl/CNN_CORE_LANE.vhd
Note: LANE4 started_next=9 fifo_empty='0' fifo_data_valid='1' ready='0' idle='1'
Time: 44937500 ps  Iteration: 0  Process: /tb_AI_TRIGGER_TOP/dut/u_DUT/\gen_lanes(4)\/u_LANE/line__273  File: /home/work1/Works/AI-Trigger-System/HDL/rtl/CNN_CORE_LANE.vhd
Note: LANE4 started=9 fifo_empty='0' fifo_data_valid='1' ready='0'
Time: 45647500 ps  Iteration: 0  Process: /tb_AI_TRIGGER_TOP/dut/u_DUT/\gen_lanes(4)\/u_LANE/line__273  File: /home/work1/Works/AI-Trigger-System/HDL/rtl/CNN_CORE_LANE.vhd
Note: LANE4 ADC busy_clear stream_done_seen='1' wr_count=0
Time: 45658 ns  Iteration: 0  Process: /tb_AI_TRIGGER_TOP/dut/u_DUT/\gen_lanes(4)\/u_LANE/line__191  File: /home/work1/Works/AI-Trigger-System/HDL/rtl/CNN_CORE_LANE.vhd
Note: LANE4 CNN output_valid score_raw=-4745 started=9
Time: 45872500 ps  Iteration: 0  Process: /tb_AI_TRIGGER_TOP/dut/u_DUT/\gen_lanes(4)\/u_LANE/line__273  File: /home/work1/Works/AI-Trigger-System/HDL/rtl/CNN_CORE_LANE.vhd
    44 | 0x003fed77    |     -2.316895 |     0 |    0 |      1.015
Note: DIST chunk_start seq=45 lane=0 busy='0'
Time: 45918 ns  Iteration: 0  Process: /tb_AI_TRIGGER_TOP/dut/u_DUT/u_DIST/line__134  File: /home/work1/Works/AI-Trigger-System/HDL/rtl/ADC_CHUNK_DISTRIBUTOR.vhd
Note: LANE0 ADC chunk_accept count=10 fifo_full='0'
Time: 45918 ns  Iteration: 0  Process: /tb_AI_TRIGGER_TOP/dut/u_DUT/\gen_lanes(0)\/u_LANE/line__191  File: /home/work1/Works/AI-Trigger-System/HDL/rtl/CNN_CORE_LANE.vhd
Note: LANE0 started_next=10 fifo_empty='0' fifo_data_valid='1' ready='0' idle='1'
Time: 45952500 ps  Iteration: 0  Process: /tb_AI_TRIGGER_TOP/dut/u_DUT/\gen_lanes(0)\/u_LANE/line__273  File: /home/work1/Works/AI-Trigger-System/HDL/rtl/CNN_CORE_LANE.vhd
Note: LANE0 started=10 fifo_empty='0' fifo_data_valid='1' ready='0'
Time: 46662500 ps  Iteration: 0  Process: /tb_AI_TRIGGER_TOP/dut/u_DUT/\gen_lanes(0)\/u_LANE/line__273  File: /home/work1/Works/AI-Trigger-System/HDL/rtl/CNN_CORE_LANE.vhd
Note: LANE0 ADC busy_clear stream_done_seen='0' wr_count=0
Time: 46674 ns  Iteration: 0  Process: /tb_AI_TRIGGER_TOP/dut/u_DUT/\gen_lanes(0)\/u_LANE/line__191  File: /home/work1/Works/AI-Trigger-System/HDL/rtl/CNN_CORE_LANE.vhd
Note: LANE0 CNN output_valid score_raw=-4480 started=10
Time: 46887500 ps  Iteration: 0  Process: /tb_AI_TRIGGER_TOP/dut/u_DUT/\gen_lanes(0)\/u_LANE/line__273  File: /home/work1/Works/AI-Trigger-System/HDL/rtl/CNN_CORE_LANE.vhd
    45 | 0x003fee80    |     -2.187500 |     0 |    0 |      1.010
Note: DIST chunk_start seq=46 lane=1 busy='0'
Time: 46930 ns  Iteration: 0  Process: /tb_AI_TRIGGER_TOP/dut/u_DUT/u_DIST/line__134  File: /home/work1/Works/AI-Trigger-System/HDL/rtl/ADC_CHUNK_DISTRIBUTOR.vhd
Note: LANE1 ADC chunk_accept count=10 fifo_full='0'
Time: 46930 ns  Iteration: 0  Process: /tb_AI_TRIGGER_TOP/dut/u_DUT/\gen_lanes(1)\/u_LANE/line__191  File: /home/work1/Works/AI-Trigger-System/HDL/rtl/CNN_CORE_LANE.vhd
Note: LANE1 started_next=10 fifo_empty='0' fifo_data_valid='1' ready='0' idle='1'
Time: 46967500 ps  Iteration: 0  Process: /tb_AI_TRIGGER_TOP/dut/u_DUT/\gen_lanes(1)\/u_LANE/line__273  File: /home/work1/Works/AI-Trigger-System/HDL/rtl/CNN_CORE_LANE.vhd
Note: LANE1 started=10 fifo_empty='0' fifo_data_valid='1' ready='0'
Time: 47677500 ps  Iteration: 0  Process: /tb_AI_TRIGGER_TOP/dut/u_DUT/\gen_lanes(1)\/u_LANE/line__273  File: /home/work1/Works/AI-Trigger-System/HDL/rtl/CNN_CORE_LANE.vhd
Note: LANE1 ADC busy_clear stream_done_seen='0' wr_count=0
Time: 47686 ns  Iteration: 0  Process: /tb_AI_TRIGGER_TOP/dut/u_DUT/\gen_lanes(1)\/u_LANE/line__191  File: /home/work1/Works/AI-Trigger-System/HDL/rtl/CNN_CORE_LANE.vhd
Note: LANE1 CNN output_valid score_raw=-4519 started=10
Time: 47902500 ps  Iteration: 0  Process: /tb_AI_TRIGGER_TOP/dut/u_DUT/\gen_lanes(1)\/u_LANE/line__273  File: /home/work1/Works/AI-Trigger-System/HDL/rtl/CNN_CORE_LANE.vhd
    46 | 0x003fee59    |     -2.206543 |     0 |    0 |      1.015
Note: DIST chunk_start seq=47 lane=2 busy='0'
Time: 47946 ns  Iteration: 0  Process: /tb_AI_TRIGGER_TOP/dut/u_DUT/u_DIST/line__134  File: /home/work1/Works/AI-Trigger-System/HDL/rtl/ADC_CHUNK_DISTRIBUTOR.vhd
Note: LANE2 ADC chunk_accept count=10 fifo_full='0'
Time: 47946 ns  Iteration: 0  Process: /tb_AI_TRIGGER_TOP/dut/u_DUT/\gen_lanes(2)\/u_LANE/line__191  File: /home/work1/Works/AI-Trigger-System/HDL/rtl/CNN_CORE_LANE.vhd
Note: LANE2 started_next=10 fifo_empty='0' fifo_data_valid='1' ready='0' idle='1'
Time: 47982500 ps  Iteration: 0  Process: /tb_AI_TRIGGER_TOP/dut/u_DUT/\gen_lanes(2)\/u_LANE/line__273  File: /home/work1/Works/AI-Trigger-System/HDL/rtl/CNN_CORE_LANE.vhd
Note: LANE2 started=10 fifo_empty='0' fifo_data_valid='1' ready='0'
Time: 48692500 ps  Iteration: 0  Process: /tb_AI_TRIGGER_TOP/dut/u_DUT/\gen_lanes(2)\/u_LANE/line__273  File: /home/work1/Works/AI-Trigger-System/HDL/rtl/CNN_CORE_LANE.vhd
Note: LANE2 ADC busy_clear stream_done_seen='0' wr_count=0
Time: 48702 ns  Iteration: 0  Process: /tb_AI_TRIGGER_TOP/dut/u_DUT/\gen_lanes(2)\/u_LANE/line__191  File: /home/work1/Works/AI-Trigger-System/HDL/rtl/CNN_CORE_LANE.vhd
Note: LANE2 CNN output_valid score_raw=-4966 started=10
Time: 48917500 ps  Iteration: 0  Process: /tb_AI_TRIGGER_TOP/dut/u_DUT/\gen_lanes(2)\/u_LANE/line__273  File: /home/work1/Works/AI-Trigger-System/HDL/rtl/CNN_CORE_LANE.vhd
    47 | 0x003fec9a    |     -2.424805 |     0 |    0 |      1.015
Note: DIST chunk_start seq=48 lane=3 busy='0'
Time: 48962 ns  Iteration: 0  Process: /tb_AI_TRIGGER_TOP/dut/u_DUT/u_DIST/line__134  File: /home/work1/Works/AI-Trigger-System/HDL/rtl/ADC_CHUNK_DISTRIBUTOR.vhd
Note: LANE3 ADC chunk_accept count=10 fifo_full='0'
Time: 48962 ns  Iteration: 0  Process: /tb_AI_TRIGGER_TOP/dut/u_DUT/\gen_lanes(3)\/u_LANE/line__191  File: /home/work1/Works/AI-Trigger-System/HDL/rtl/CNN_CORE_LANE.vhd
Note: LANE3 started_next=10 fifo_empty='0' fifo_data_valid='1' ready='0' idle='1'
Time: 48997500 ps  Iteration: 0  Process: /tb_AI_TRIGGER_TOP/dut/u_DUT/\gen_lanes(3)\/u_LANE/line__273  File: /home/work1/Works/AI-Trigger-System/HDL/rtl/CNN_CORE_LANE.vhd
Note: LANE3 started=10 fifo_empty='0' fifo_data_valid='1' ready='0'
Time: 49707500 ps  Iteration: 0  Process: /tb_AI_TRIGGER_TOP/dut/u_DUT/\gen_lanes(3)\/u_LANE/line__273  File: /home/work1/Works/AI-Trigger-System/HDL/rtl/CNN_CORE_LANE.vhd
Note: LANE3 ADC busy_clear stream_done_seen='0' wr_count=0
Time: 49718 ns  Iteration: 0  Process: /tb_AI_TRIGGER_TOP/dut/u_DUT/\gen_lanes(3)\/u_LANE/line__191  File: /home/work1/Works/AI-Trigger-System/HDL/rtl/CNN_CORE_LANE.vhd
Note: LANE3 CNN output_valid score_raw=-4188 started=10
Time: 49932500 ps  Iteration: 0  Process: /tb_AI_TRIGGER_TOP/dut/u_DUT/\gen_lanes(3)\/u_LANE/line__273  File: /home/work1/Works/AI-Trigger-System/HDL/rtl/CNN_CORE_LANE.vhd
    48 | 0x003fefa4    |     -2.044922 |     0 |    0 |      1.015
Note: DIST chunk_start seq=49 lane=4 busy='0'
Time: 49978 ns  Iteration: 0  Process: /tb_AI_TRIGGER_TOP/dut/u_DUT/u_DIST/line__134  File: /home/work1/Works/AI-Trigger-System/HDL/rtl/ADC_CHUNK_DISTRIBUTOR.vhd
Note: LANE4 ADC chunk_accept count=10 fifo_full='0'
Time: 49978 ns  Iteration: 0  Process: /tb_AI_TRIGGER_TOP/dut/u_DUT/\gen_lanes(4)\/u_LANE/line__191  File: /home/work1/Works/AI-Trigger-System/HDL/rtl/CNN_CORE_LANE.vhd
Note: LANE4 started_next=10 fifo_empty='0' fifo_data_valid='1' ready='0' idle='1'
Time: 50012500 ps  Iteration: 0  Process: /tb_AI_TRIGGER_TOP/dut/u_DUT/\gen_lanes(4)\/u_LANE/line__273  File: /home/work1/Works/AI-Trigger-System/HDL/rtl/CNN_CORE_LANE.vhd
Note: LANE4 started=10 fifo_empty='0' fifo_data_valid='1' ready='0'
Time: 50722500 ps  Iteration: 0  Process: /tb_AI_TRIGGER_TOP/dut/u_DUT/\gen_lanes(4)\/u_LANE/line__273  File: /home/work1/Works/AI-Trigger-System/HDL/rtl/CNN_CORE_LANE.vhd
Note: LANE4 ADC busy_clear stream_done_seen='0' wr_count=0
Time: 50734 ns  Iteration: 0  Process: /tb_AI_TRIGGER_TOP/dut/u_DUT/\gen_lanes(4)\/u_LANE/line__191  File: /home/work1/Works/AI-Trigger-System/HDL/rtl/CNN_CORE_LANE.vhd
Note: LANE4 CNN output_valid score_raw=-3835 started=10
Time: 50947500 ps  Iteration: 0  Process: /tb_AI_TRIGGER_TOP/dut/u_DUT/\gen_lanes(4)\/u_LANE/line__273  File: /home/work1/Works/AI-Trigger-System/HDL/rtl/CNN_CORE_LANE.vhd
    49 | 0x003ff105    |     -1.872559 |     0 |    0 |      1.010
Note: DIST chunk_start seq=50 lane=0 busy='0'
Time: 50990 ns  Iteration: 0  Process: /tb_AI_TRIGGER_TOP/dut/u_DUT/u_DIST/line__134  File: /home/work1/Works/AI-Trigger-System/HDL/rtl/ADC_CHUNK_DISTRIBUTOR.vhd
Note: LANE0 ADC chunk_accept count=11 fifo_full='0'
Time: 50990 ns  Iteration: 0  Process: /tb_AI_TRIGGER_TOP/dut/u_DUT/\gen_lanes(0)\/u_LANE/line__191  File: /home/work1/Works/AI-Trigger-System/HDL/rtl/CNN_CORE_LANE.vhd
Note: LANE0 started_next=11 fifo_empty='0' fifo_data_valid='1' ready='0' idle='1'
Time: 51027500 ps  Iteration: 0  Process: /tb_AI_TRIGGER_TOP/dut/u_DUT/\gen_lanes(0)\/u_LANE/line__273  File: /home/work1/Works/AI-Trigger-System/HDL/rtl/CNN_CORE_LANE.vhd
Note: LANE0 started=11 fifo_empty='0' fifo_data_valid='1' ready='0'
Time: 51737500 ps  Iteration: 0  Process: /tb_AI_TRIGGER_TOP/dut/u_DUT/\gen_lanes(0)\/u_LANE/line__273  File: /home/work1/Works/AI-Trigger-System/HDL/rtl/CNN_CORE_LANE.vhd
Note: LANE0 ADC busy_clear stream_done_seen='1' wr_count=0
Time: 51746 ns  Iteration: 0  Process: /tb_AI_TRIGGER_TOP/dut/u_DUT/\gen_lanes(0)\/u_LANE/line__191  File: /home/work1/Works/AI-Trigger-System/HDL/rtl/CNN_CORE_LANE.vhd
Note: LANE0 CNN output_valid score_raw=-3984 started=11
Time: 51962500 ps  Iteration: 0  Process: /tb_AI_TRIGGER_TOP/dut/u_DUT/\gen_lanes(0)\/u_LANE/line__273  File: /home/work1/Works/AI-Trigger-System/HDL/rtl/CNN_CORE_LANE.vhd
    50 | 0x003ff070    |     -1.945312 |     0 |    0 |      1.015
Note: DIST chunk_start seq=51 lane=1 busy='0'
Time: 52006 ns  Iteration: 0  Process: /tb_AI_TRIGGER_TOP/dut/u_DUT/u_DIST/line__134  File: /home/work1/Works/AI-Trigger-System/HDL/rtl/ADC_CHUNK_DISTRIBUTOR.vhd
Note: LANE1 ADC chunk_accept count=11 fifo_full='0'
Time: 52006 ns  Iteration: 0  Process: /tb_AI_TRIGGER_TOP/dut/u_DUT/\gen_lanes(1)\/u_LANE/line__191  File: /home/work1/Works/AI-Trigger-System/HDL/rtl/CNN_CORE_LANE.vhd
Note: LANE1 started_next=11 fifo_empty='0' fifo_data_valid='1' ready='0' idle='1'
Time: 52042500 ps  Iteration: 0  Process: /tb_AI_TRIGGER_TOP/dut/u_DUT/\gen_lanes(1)\/u_LANE/line__273  File: /home/work1/Works/AI-Trigger-System/HDL/rtl/CNN_CORE_LANE.vhd
Note: LANE1 started=11 fifo_empty='0' fifo_data_valid='1' ready='0'
Time: 52752500 ps  Iteration: 0  Process: /tb_AI_TRIGGER_TOP/dut/u_DUT/\gen_lanes(1)\/u_LANE/line__273  File: /home/work1/Works/AI-Trigger-System/HDL/rtl/CNN_CORE_LANE.vhd
Note: LANE1 ADC busy_clear stream_done_seen='1' wr_count=0
Time: 52762 ns  Iteration: 0  Process: /tb_AI_TRIGGER_TOP/dut/u_DUT/\gen_lanes(1)\/u_LANE/line__191  File: /home/work1/Works/AI-Trigger-System/HDL/rtl/CNN_CORE_LANE.vhd
Note: LANE1 CNN output_valid score_raw=-3463 started=11
Time: 52977500 ps  Iteration: 0  Process: /tb_AI_TRIGGER_TOP/dut/u_DUT/\gen_lanes(1)\/u_LANE/line__273  File: /home/work1/Works/AI-Trigger-System/HDL/rtl/CNN_CORE_LANE.vhd
    51 | 0x003ff279    |     -1.690918 |     0 |    0 |      1.015
Note: DIST chunk_start seq=52 lane=2 busy='0'
Time: 53022 ns  Iteration: 0  Process: /tb_AI_TRIGGER_TOP/dut/u_DUT/u_DIST/line__134  File: /home/work1/Works/AI-Trigger-System/HDL/rtl/ADC_CHUNK_DISTRIBUTOR.vhd
Note: LANE2 ADC chunk_accept count=11 fifo_full='0'
Time: 53022 ns  Iteration: 0  Process: /tb_AI_TRIGGER_TOP/dut/u_DUT/\gen_lanes(2)\/u_LANE/line__191  File: /home/work1/Works/AI-Trigger-System/HDL/rtl/CNN_CORE_LANE.vhd
Note: LANE2 started_next=11 fifo_empty='0' fifo_data_valid='1' ready='0' idle='1'
Time: 53057500 ps  Iteration: 0  Process: /tb_AI_TRIGGER_TOP/dut/u_DUT/\gen_lanes(2)\/u_LANE/line__273  File: /home/work1/Works/AI-Trigger-System/HDL/rtl/CNN_CORE_LANE.vhd
Note: LANE2 started=11 fifo_empty='0' fifo_data_valid='1' ready='0'
Time: 53767500 ps  Iteration: 0  Process: /tb_AI_TRIGGER_TOP/dut/u_DUT/\gen_lanes(2)\/u_LANE/line__273  File: /home/work1/Works/AI-Trigger-System/HDL/rtl/CNN_CORE_LANE.vhd
Note: LANE2 ADC busy_clear stream_done_seen='1' wr_count=0
Time: 53778 ns  Iteration: 0  Process: /tb_AI_TRIGGER_TOP/dut/u_DUT/\gen_lanes(2)\/u_LANE/line__191  File: /home/work1/Works/AI-Trigger-System/HDL/rtl/CNN_CORE_LANE.vhd
Note: LANE2 CNN output_valid score_raw=-3669 started=11
Time: 53992500 ps  Iteration: 0  Process: /tb_AI_TRIGGER_TOP/dut/u_DUT/\gen_lanes(2)\/u_LANE/line__273  File: /home/work1/Works/AI-Trigger-System/HDL/rtl/CNN_CORE_LANE.vhd
    52 | 0x003ff1ab    |     -1.791504 |     0 |    0 |      1.015
Note: DIST chunk_start seq=53 lane=3 busy='0'
Time: 54038 ns  Iteration: 0  Process: /tb_AI_TRIGGER_TOP/dut/u_DUT/u_DIST/line__134  File: /home/work1/Works/AI-Trigger-System/HDL/rtl/ADC_CHUNK_DISTRIBUTOR.vhd
Note: LANE3 ADC chunk_accept count=11 fifo_full='0'
Time: 54038 ns  Iteration: 0  Process: /tb_AI_TRIGGER_TOP/dut/u_DUT/\gen_lanes(3)\/u_LANE/line__191  File: /home/work1/Works/AI-Trigger-System/HDL/rtl/CNN_CORE_LANE.vhd
Note: LANE3 started_next=11 fifo_empty='0' fifo_data_valid='1' ready='0' idle='1'
Time: 54072500 ps  Iteration: 0  Process: /tb_AI_TRIGGER_TOP/dut/u_DUT/\gen_lanes(3)\/u_LANE/line__273  File: /home/work1/Works/AI-Trigger-System/HDL/rtl/CNN_CORE_LANE.vhd
Note: LANE3 started=11 fifo_empty='0' fifo_data_valid='1' ready='0'
Time: 54782500 ps  Iteration: 0  Process: /tb_AI_TRIGGER_TOP/dut/u_DUT/\gen_lanes(3)\/u_LANE/line__273  File: /home/work1/Works/AI-Trigger-System/HDL/rtl/CNN_CORE_LANE.vhd
Note: LANE3 ADC busy_clear stream_done_seen='1' wr_count=0
Time: 54794 ns  Iteration: 0  Process: /tb_AI_TRIGGER_TOP/dut/u_DUT/\gen_lanes(3)\/u_LANE/line__191  File: /home/work1/Works/AI-Trigger-System/HDL/rtl/CNN_CORE_LANE.vhd
Note: LANE3 CNN output_valid score_raw=-3984 started=11
Time: 55007500 ps  Iteration: 0  Process: /tb_AI_TRIGGER_TOP/dut/u_DUT/\gen_lanes(3)\/u_LANE/line__273  File: /home/work1/Works/AI-Trigger-System/HDL/rtl/CNN_CORE_LANE.vhd
    53 | 0x003ff070    |     -1.945312 |     0 |    0 |      1.010
Note: DIST chunk_start seq=54 lane=4 busy='0'
Time: 55050 ns  Iteration: 0  Process: /tb_AI_TRIGGER_TOP/dut/u_DUT/u_DIST/line__134  File: /home/work1/Works/AI-Trigger-System/HDL/rtl/ADC_CHUNK_DISTRIBUTOR.vhd
Note: LANE4 ADC chunk_accept count=11 fifo_full='0'
Time: 55050 ns  Iteration: 0  Process: /tb_AI_TRIGGER_TOP/dut/u_DUT/\gen_lanes(4)\/u_LANE/line__191  File: /home/work1/Works/AI-Trigger-System/HDL/rtl/CNN_CORE_LANE.vhd
Note: LANE4 started_next=11 fifo_empty='0' fifo_data_valid='1' ready='0' idle='1'
Time: 55087500 ps  Iteration: 0  Process: /tb_AI_TRIGGER_TOP/dut/u_DUT/\gen_lanes(4)\/u_LANE/line__273  File: /home/work1/Works/AI-Trigger-System/HDL/rtl/CNN_CORE_LANE.vhd
Note: LANE4 started=11 fifo_empty='0' fifo_data_valid='1' ready='0'
Time: 55797500 ps  Iteration: 0  Process: /tb_AI_TRIGGER_TOP/dut/u_DUT/\gen_lanes(4)\/u_LANE/line__273  File: /home/work1/Works/AI-Trigger-System/HDL/rtl/CNN_CORE_LANE.vhd
Note: LANE4 ADC busy_clear stream_done_seen='1' wr_count=0
Time: 55806 ns  Iteration: 0  Process: /tb_AI_TRIGGER_TOP/dut/u_DUT/\gen_lanes(4)\/u_LANE/line__191  File: /home/work1/Works/AI-Trigger-System/HDL/rtl/CNN_CORE_LANE.vhd
Note: LANE4 CNN output_valid score_raw=-2715 started=11
Time: 56022500 ps  Iteration: 0  Process: /tb_AI_TRIGGER_TOP/dut/u_DUT/\gen_lanes(4)\/u_LANE/line__273  File: /home/work1/Works/AI-Trigger-System/HDL/rtl/CNN_CORE_LANE.vhd
    54 | 0x003ff565    |     -1.325684 |     0 |    0 |      1.015
Note: DIST chunk_start seq=55 lane=0 busy='0'
Time: 56066 ns  Iteration: 0  Process: /tb_AI_TRIGGER_TOP/dut/u_DUT/u_DIST/line__134  File: /home/work1/Works/AI-Trigger-System/HDL/rtl/ADC_CHUNK_DISTRIBUTOR.vhd
Note: LANE0 ADC chunk_accept count=12 fifo_full='0'
Time: 56066 ns  Iteration: 0  Process: /tb_AI_TRIGGER_TOP/dut/u_DUT/\gen_lanes(0)\/u_LANE/line__191  File: /home/work1/Works/AI-Trigger-System/HDL/rtl/CNN_CORE_LANE.vhd
Note: LANE0 started_next=12 fifo_empty='0' fifo_data_valid='1' ready='0' idle='1'
Time: 56102500 ps  Iteration: 0  Process: /tb_AI_TRIGGER_TOP/dut/u_DUT/\gen_lanes(0)\/u_LANE/line__273  File: /home/work1/Works/AI-Trigger-System/HDL/rtl/CNN_CORE_LANE.vhd
Note: LANE0 started=12 fifo_empty='0' fifo_data_valid='1' ready='0'
Time: 56812500 ps  Iteration: 0  Process: /tb_AI_TRIGGER_TOP/dut/u_DUT/\gen_lanes(0)\/u_LANE/line__273  File: /home/work1/Works/AI-Trigger-System/HDL/rtl/CNN_CORE_LANE.vhd
Note: LANE0 ADC busy_clear stream_done_seen='0' wr_count=0
Time: 56822 ns  Iteration: 0  Process: /tb_AI_TRIGGER_TOP/dut/u_DUT/\gen_lanes(0)\/u_LANE/line__191  File: /home/work1/Works/AI-Trigger-System/HDL/rtl/CNN_CORE_LANE.vhd
Note: LANE0 CNN output_valid score_raw=-2392 started=12
Time: 57037500 ps  Iteration: 0  Process: /tb_AI_TRIGGER_TOP/dut/u_DUT/\gen_lanes(0)\/u_LANE/line__273  File: /home/work1/Works/AI-Trigger-System/HDL/rtl/CNN_CORE_LANE.vhd
    55 | 0x003ff6a8    |     -1.167969 |     0 |    0 |      1.015
Note: DIST chunk_start seq=56 lane=1 busy='0'
Time: 57082 ns  Iteration: 0  Process: /tb_AI_TRIGGER_TOP/dut/u_DUT/u_DIST/line__134  File: /home/work1/Works/AI-Trigger-System/HDL/rtl/ADC_CHUNK_DISTRIBUTOR.vhd
Note: LANE1 ADC chunk_accept count=12 fifo_full='0'
Time: 57082 ns  Iteration: 0  Process: /tb_AI_TRIGGER_TOP/dut/u_DUT/\gen_lanes(1)\/u_LANE/line__191  File: /home/work1/Works/AI-Trigger-System/HDL/rtl/CNN_CORE_LANE.vhd
Note: LANE1 started_next=12 fifo_empty='0' fifo_data_valid='1' ready='0' idle='1'
Time: 57117500 ps  Iteration: 0  Process: /tb_AI_TRIGGER_TOP/dut/u_DUT/\gen_lanes(1)\/u_LANE/line__273  File: /home/work1/Works/AI-Trigger-System/HDL/rtl/CNN_CORE_LANE.vhd
Note: LANE1 started=12 fifo_empty='0' fifo_data_valid='1' ready='0'
Time: 57827500 ps  Iteration: 0  Process: /tb_AI_TRIGGER_TOP/dut/u_DUT/\gen_lanes(1)\/u_LANE/line__273  File: /home/work1/Works/AI-Trigger-System/HDL/rtl/CNN_CORE_LANE.vhd
Note: LANE1 ADC busy_clear stream_done_seen='0' wr_count=0
Time: 57838 ns  Iteration: 0  Process: /tb_AI_TRIGGER_TOP/dut/u_DUT/\gen_lanes(1)\/u_LANE/line__191  File: /home/work1/Works/AI-Trigger-System/HDL/rtl/CNN_CORE_LANE.vhd
Note: LANE1 CNN output_valid score_raw=-2439 started=12
Time: 58052500 ps  Iteration: 0  Process: /tb_AI_TRIGGER_TOP/dut/u_DUT/\gen_lanes(1)\/u_LANE/line__273  File: /home/work1/Works/AI-Trigger-System/HDL/rtl/CNN_CORE_LANE.vhd
    56 | 0x003ff679    |     -1.190918 |     0 |    0 |      1.015
Note: DIST chunk_start seq=57 lane=2 busy='0'
Time: 58098 ns  Iteration: 0  Process: /tb_AI_TRIGGER_TOP/dut/u_DUT/u_DIST/line__134  File: /home/work1/Works/AI-Trigger-System/HDL/rtl/ADC_CHUNK_DISTRIBUTOR.vhd
Note: LANE2 ADC chunk_accept count=12 fifo_full='0'
Time: 58098 ns  Iteration: 0  Process: /tb_AI_TRIGGER_TOP/dut/u_DUT/\gen_lanes(2)\/u_LANE/line__191  File: /home/work1/Works/AI-Trigger-System/HDL/rtl/CNN_CORE_LANE.vhd
Note: LANE2 started_next=12 fifo_empty='0' fifo_data_valid='1' ready='0' idle='1'
Time: 58132500 ps  Iteration: 0  Process: /tb_AI_TRIGGER_TOP/dut/u_DUT/\gen_lanes(2)\/u_LANE/line__273  File: /home/work1/Works/AI-Trigger-System/HDL/rtl/CNN_CORE_LANE.vhd
Note: LANE2 started=12 fifo_empty='0' fifo_data_valid='1' ready='0'
Time: 58842500 ps  Iteration: 0  Process: /tb_AI_TRIGGER_TOP/dut/u_DUT/\gen_lanes(2)\/u_LANE/line__273  File: /home/work1/Works/AI-Trigger-System/HDL/rtl/CNN_CORE_LANE.vhd
Note: LANE2 ADC busy_clear stream_done_seen='0' wr_count=0
Time: 58854 ns  Iteration: 0  Process: /tb_AI_TRIGGER_TOP/dut/u_DUT/\gen_lanes(2)\/u_LANE/line__191  File: /home/work1/Works/AI-Trigger-System/HDL/rtl/CNN_CORE_LANE.vhd
Note: LANE2 CNN output_valid score_raw=-1427 started=12
Time: 59067500 ps  Iteration: 0  Process: /tb_AI_TRIGGER_TOP/dut/u_DUT/\gen_lanes(2)\/u_LANE/line__273  File: /home/work1/Works/AI-Trigger-System/HDL/rtl/CNN_CORE_LANE.vhd
    57 | 0x003ffa6d    |     -0.696777 |     0 |    0 |      1.010
Note: DIST chunk_start seq=58 lane=3 busy='0'
Time: 59110 ns  Iteration: 0  Process: /tb_AI_TRIGGER_TOP/dut/u_DUT/u_DIST/line__134  File: /home/work1/Works/AI-Trigger-System/HDL/rtl/ADC_CHUNK_DISTRIBUTOR.vhd
Note: LANE3 ADC chunk_accept count=12 fifo_full='0'
Time: 59110 ns  Iteration: 0  Process: /tb_AI_TRIGGER_TOP/dut/u_DUT/\gen_lanes(3)\/u_LANE/line__191  File: /home/work1/Works/AI-Trigger-System/HDL/rtl/CNN_CORE_LANE.vhd
Note: LANE3 started_next=12 fifo_empty='0' fifo_data_valid='1' ready='0' idle='1'
Time: 59147500 ps  Iteration: 0  Process: /tb_AI_TRIGGER_TOP/dut/u_DUT/\gen_lanes(3)\/u_LANE/line__273  File: /home/work1/Works/AI-Trigger-System/HDL/rtl/CNN_CORE_LANE.vhd
Note: LANE3 started=12 fifo_empty='0' fifo_data_valid='1' ready='0'
Time: 59857500 ps  Iteration: 0  Process: /tb_AI_TRIGGER_TOP/dut/u_DUT/\gen_lanes(3)\/u_LANE/line__273  File: /home/work1/Works/AI-Trigger-System/HDL/rtl/CNN_CORE_LANE.vhd
Note: LANE3 ADC busy_clear stream_done_seen='0' wr_count=0
Time: 59866 ns  Iteration: 0  Process: /tb_AI_TRIGGER_TOP/dut/u_DUT/\gen_lanes(3)\/u_LANE/line__191  File: /home/work1/Works/AI-Trigger-System/HDL/rtl/CNN_CORE_LANE.vhd
Note: LANE3 CNN output_valid score_raw=-1522 started=12
Time: 60082500 ps  Iteration: 0  Process: /tb_AI_TRIGGER_TOP/dut/u_DUT/\gen_lanes(3)\/u_LANE/line__273  File: /home/work1/Works/AI-Trigger-System/HDL/rtl/CNN_CORE_LANE.vhd
    58 | 0x003ffa0e    |     -0.743164 |     0 |    0 |      1.015
Note: DIST chunk_start seq=59 lane=4 busy='0'
Time: 60126 ns  Iteration: 0  Process: /tb_AI_TRIGGER_TOP/dut/u_DUT/u_DIST/line__134  File: /home/work1/Works/AI-Trigger-System/HDL/rtl/ADC_CHUNK_DISTRIBUTOR.vhd
Note: LANE4 ADC chunk_accept count=12 fifo_full='0'
Time: 60126 ns  Iteration: 0  Process: /tb_AI_TRIGGER_TOP/dut/u_DUT/\gen_lanes(4)\/u_LANE/line__191  File: /home/work1/Works/AI-Trigger-System/HDL/rtl/CNN_CORE_LANE.vhd
Note: LANE4 started_next=12 fifo_empty='0' fifo_data_valid='1' ready='0' idle='1'
Time: 60162500 ps  Iteration: 0  Process: /tb_AI_TRIGGER_TOP/dut/u_DUT/\gen_lanes(4)\/u_LANE/line__273  File: /home/work1/Works/AI-Trigger-System/HDL/rtl/CNN_CORE_LANE.vhd
Note: LANE4 started=12 fifo_empty='0' fifo_data_valid='1' ready='0'
Time: 60872500 ps  Iteration: 0  Process: /tb_AI_TRIGGER_TOP/dut/u_DUT/\gen_lanes(4)\/u_LANE/line__273  File: /home/work1/Works/AI-Trigger-System/HDL/rtl/CNN_CORE_LANE.vhd
Note: LANE4 ADC busy_clear stream_done_seen='0' wr_count=0
Time: 60882 ns  Iteration: 0  Process: /tb_AI_TRIGGER_TOP/dut/u_DUT/\gen_lanes(4)\/u_LANE/line__191  File: /home/work1/Works/AI-Trigger-System/HDL/rtl/CNN_CORE_LANE.vhd
Note: LANE4 CNN output_valid score_raw=-1219 started=12
Time: 61097500 ps  Iteration: 0  Process: /tb_AI_TRIGGER_TOP/dut/u_DUT/\gen_lanes(4)\/u_LANE/line__273  File: /home/work1/Works/AI-Trigger-System/HDL/rtl/CNN_CORE_LANE.vhd
    59 | 0x003ffb3d    |     -0.595215 |     0 |    0 |      1.015
Note: DIST chunk_start seq=60 lane=0 busy='0'
Time: 61142 ns  Iteration: 0  Process: /tb_AI_TRIGGER_TOP/dut/u_DUT/u_DIST/line__134  File: /home/work1/Works/AI-Trigger-System/HDL/rtl/ADC_CHUNK_DISTRIBUTOR.vhd
Note: LANE0 ADC chunk_accept count=13 fifo_full='0'
Time: 61142 ns  Iteration: 0  Process: /tb_AI_TRIGGER_TOP/dut/u_DUT/\gen_lanes(0)\/u_LANE/line__191  File: /home/work1/Works/AI-Trigger-System/HDL/rtl/CNN_CORE_LANE.vhd
Note: LANE0 started_next=13 fifo_empty='0' fifo_data_valid='1' ready='0' idle='1'
Time: 61177500 ps  Iteration: 0  Process: /tb_AI_TRIGGER_TOP/dut/u_DUT/\gen_lanes(0)\/u_LANE/line__273  File: /home/work1/Works/AI-Trigger-System/HDL/rtl/CNN_CORE_LANE.vhd
Note: LANE0 started=13 fifo_empty='0' fifo_data_valid='1' ready='0'
Time: 61887500 ps  Iteration: 0  Process: /tb_AI_TRIGGER_TOP/dut/u_DUT/\gen_lanes(0)\/u_LANE/line__273  File: /home/work1/Works/AI-Trigger-System/HDL/rtl/CNN_CORE_LANE.vhd
Note: LANE0 ADC busy_clear stream_done_seen='1' wr_count=0
Time: 61898 ns  Iteration: 0  Process: /tb_AI_TRIGGER_TOP/dut/u_DUT/\gen_lanes(0)\/u_LANE/line__191  File: /home/work1/Works/AI-Trigger-System/HDL/rtl/CNN_CORE_LANE.vhd
Note: LANE0 CNN output_valid score_raw=-70 started=13
Time: 62112500 ps  Iteration: 0  Process: /tb_AI_TRIGGER_TOP/dut/u_DUT/\gen_lanes(0)\/u_LANE/line__273  File: /home/work1/Works/AI-Trigger-System/HDL/rtl/CNN_CORE_LANE.vhd
    60 | 0x003fffba    |     -0.034180 |     0 |    0 |      1.015
Note: DIST chunk_start seq=61 lane=1 busy='0'
Time: 62158 ns  Iteration: 0  Process: /tb_AI_TRIGGER_TOP/dut/u_DUT/u_DIST/line__134  File: /home/work1/Works/AI-Trigger-System/HDL/rtl/ADC_CHUNK_DISTRIBUTOR.vhd
Note: LANE1 ADC chunk_accept count=13 fifo_full='0'
Time: 62158 ns  Iteration: 0  Process: /tb_AI_TRIGGER_TOP/dut/u_DUT/\gen_lanes(1)\/u_LANE/line__191  File: /home/work1/Works/AI-Trigger-System/HDL/rtl/CNN_CORE_LANE.vhd
Note: LANE1 started_next=13 fifo_empty='0' fifo_data_valid='1' ready='0' idle='1'
Time: 62192500 ps  Iteration: 0  Process: /tb_AI_TRIGGER_TOP/dut/u_DUT/\gen_lanes(1)\/u_LANE/line__273  File: /home/work1/Works/AI-Trigger-System/HDL/rtl/CNN_CORE_LANE.vhd
Note: LANE1 started=13 fifo_empty='0' fifo_data_valid='1' ready='0'
Time: 62902500 ps  Iteration: 0  Process: /tb_AI_TRIGGER_TOP/dut/u_DUT/\gen_lanes(1)\/u_LANE/line__273  File: /home/work1/Works/AI-Trigger-System/HDL/rtl/CNN_CORE_LANE.vhd
Note: LANE1 ADC busy_clear stream_done_seen='1' wr_count=0
Time: 62914 ns  Iteration: 0  Process: /tb_AI_TRIGGER_TOP/dut/u_DUT/\gen_lanes(1)\/u_LANE/line__191  File: /home/work1/Works/AI-Trigger-System/HDL/rtl/CNN_CORE_LANE.vhd
Note: LANE1 CNN output_valid score_raw=-21 started=13
Time: 63127500 ps  Iteration: 0  Process: /tb_AI_TRIGGER_TOP/dut/u_DUT/\gen_lanes(1)\/u_LANE/line__273  File: /home/work1/Works/AI-Trigger-System/HDL/rtl/CNN_CORE_LANE.vhd
    61 | 0x003fffeb    |     -0.010254 |     0 |    0 |      1.010
Note: DIST chunk_start seq=62 lane=2 busy='0'
Time: 63170 ns  Iteration: 0  Process: /tb_AI_TRIGGER_TOP/dut/u_DUT/u_DIST/line__134  File: /home/work1/Works/AI-Trigger-System/HDL/rtl/ADC_CHUNK_DISTRIBUTOR.vhd
Note: LANE2 ADC chunk_accept count=13 fifo_full='0'
Time: 63170 ns  Iteration: 0  Process: /tb_AI_TRIGGER_TOP/dut/u_DUT/\gen_lanes(2)\/u_LANE/line__191  File: /home/work1/Works/AI-Trigger-System/HDL/rtl/CNN_CORE_LANE.vhd
Note: LANE2 started_next=13 fifo_empty='0' fifo_data_valid='1' ready='0' idle='1'
Time: 63207500 ps  Iteration: 0  Process: /tb_AI_TRIGGER_TOP/dut/u_DUT/\gen_lanes(2)\/u_LANE/line__273  File: /home/work1/Works/AI-Trigger-System/HDL/rtl/CNN_CORE_LANE.vhd
Note: LANE2 started=13 fifo_empty='0' fifo_data_valid='1' ready='0'
Time: 63917500 ps  Iteration: 0  Process: /tb_AI_TRIGGER_TOP/dut/u_DUT/\gen_lanes(2)\/u_LANE/line__273  File: /home/work1/Works/AI-Trigger-System/HDL/rtl/CNN_CORE_LANE.vhd
Note: LANE2 ADC busy_clear stream_done_seen='1' wr_count=0
Time: 63926 ns  Iteration: 0  Process: /tb_AI_TRIGGER_TOP/dut/u_DUT/\gen_lanes(2)\/u_LANE/line__191  File: /home/work1/Works/AI-Trigger-System/HDL/rtl/CNN_CORE_LANE.vhd
Note: LANE2 CNN output_valid score_raw=569 started=13
Time: 64142500 ps  Iteration: 0  Process: /tb_AI_TRIGGER_TOP/dut/u_DUT/\gen_lanes(2)\/u_LANE/line__273  File: /home/work1/Works/AI-Trigger-System/HDL/rtl/CNN_CORE_LANE.vhd
    62 | 0x00000239    |      0.277832 |     0 |    1 |      1.015
Note: DIST chunk_start seq=63 lane=3 busy='0'
Time: 64738 ns  Iteration: 0  Process: /tb_AI_TRIGGER_TOP/dut/u_DUT/u_DIST/line__134  File: /home/work1/Works/AI-Trigger-System/HDL/rtl/ADC_CHUNK_DISTRIBUTOR.vhd
Note: LANE3 ADC chunk_accept count=13 fifo_full='0'
Time: 64738 ns  Iteration: 0  Process: /tb_AI_TRIGGER_TOP/dut/u_DUT/\gen_lanes(3)\/u_LANE/line__191  File: /home/work1/Works/AI-Trigger-System/HDL/rtl/CNN_CORE_LANE.vhd
Note: LANE3 started_next=13 fifo_empty='0' fifo_data_valid='1' ready='0' idle='1'
Time: 64772500 ps  Iteration: 0  Process: /tb_AI_TRIGGER_TOP/dut/u_DUT/\gen_lanes(3)\/u_LANE/line__273  File: /home/work1/Works/AI-Trigger-System/HDL/rtl/CNN_CORE_LANE.vhd
Note: LANE3 started=13 fifo_empty='0' fifo_data_valid='1' ready='0'
Time: 65482500 ps  Iteration: 0  Process: /tb_AI_TRIGGER_TOP/dut/u_DUT/\gen_lanes(3)\/u_LANE/line__273  File: /home/work1/Works/AI-Trigger-System/HDL/rtl/CNN_CORE_LANE.vhd
Note: LANE3 ADC busy_clear stream_done_seen='1' wr_count=0
Time: 65494 ns  Iteration: 0  Process: /tb_AI_TRIGGER_TOP/dut/u_DUT/\gen_lanes(3)\/u_LANE/line__191  File: /home/work1/Works/AI-Trigger-System/HDL/rtl/CNN_CORE_LANE.vhd
Note: LANE3 CNN output_valid score_raw=1404 started=13
Time: 65707500 ps  Iteration: 0  Process: /tb_AI_TRIGGER_TOP/dut/u_DUT/\gen_lanes(3)\/u_LANE/line__273  File: /home/work1/Works/AI-Trigger-System/HDL/rtl/CNN_CORE_LANE.vhd
    63 | 0x0000057c    |      0.685547 |     0 |    1 |      1.010
Note: DIST chunk_start seq=64 lane=4 busy='0'
Time: 66302 ns  Iteration: 0  Process: /tb_AI_TRIGGER_TOP/dut/u_DUT/u_DIST/line__134  File: /home/work1/Works/AI-Trigger-System/HDL/rtl/ADC_CHUNK_DISTRIBUTOR.vhd
Note: LANE4 ADC chunk_accept count=13 fifo_full='0'
Time: 66302 ns  Iteration: 0  Process: /tb_AI_TRIGGER_TOP/dut/u_DUT/\gen_lanes(4)\/u_LANE/line__191  File: /home/work1/Works/AI-Trigger-System/HDL/rtl/CNN_CORE_LANE.vhd
Note: LANE4 started_next=13 fifo_empty='0' fifo_data_valid='1' ready='0' idle='1'
Time: 66337500 ps  Iteration: 0  Process: /tb_AI_TRIGGER_TOP/dut/u_DUT/\gen_lanes(4)\/u_LANE/line__273  File: /home/work1/Works/AI-Trigger-System/HDL/rtl/CNN_CORE_LANE.vhd
Note: LANE4 started=13 fifo_empty='0' fifo_data_valid='1' ready='0'
Time: 67047500 ps  Iteration: 0  Process: /tb_AI_TRIGGER_TOP/dut/u_DUT/\gen_lanes(4)\/u_LANE/line__273  File: /home/work1/Works/AI-Trigger-System/HDL/rtl/CNN_CORE_LANE.vhd
Note: LANE4 ADC busy_clear stream_done_seen='1' wr_count=0
Time: 67058 ns  Iteration: 0  Process: /tb_AI_TRIGGER_TOP/dut/u_DUT/\gen_lanes(4)\/u_LANE/line__191  File: /home/work1/Works/AI-Trigger-System/HDL/rtl/CNN_CORE_LANE.vhd
Note: LANE4 CNN output_valid score_raw=1821 started=13
Time: 67272500 ps  Iteration: 0  Process: /tb_AI_TRIGGER_TOP/dut/u_DUT/\gen_lanes(4)\/u_LANE/line__273  File: /home/work1/Works/AI-Trigger-System/HDL/rtl/CNN_CORE_LANE.vhd
    64 | 0x0000071d    |      0.889160 |     0 |    1 |      1.015
Note: DIST chunk_start seq=65 lane=0 busy='0'
Time: 67866 ns  Iteration: 0  Process: /tb_AI_TRIGGER_TOP/dut/u_DUT/u_DIST/line__134  File: /home/work1/Works/AI-Trigger-System/HDL/rtl/ADC_CHUNK_DISTRIBUTOR.vhd
Note: LANE0 ADC chunk_accept count=14 fifo_full='0'
Time: 67866 ns  Iteration: 0  Process: /tb_AI_TRIGGER_TOP/dut/u_DUT/\gen_lanes(0)\/u_LANE/line__191  File: /home/work1/Works/AI-Trigger-System/HDL/rtl/CNN_CORE_LANE.vhd
Note: LANE0 started_next=14 fifo_empty='0' fifo_data_valid='1' ready='0' idle='1'
Time: 67902500 ps  Iteration: 0  Process: /tb_AI_TRIGGER_TOP/dut/u_DUT/\gen_lanes(0)\/u_LANE/line__273  File: /home/work1/Works/AI-Trigger-System/HDL/rtl/CNN_CORE_LANE.vhd
Note: LANE0 started=14 fifo_empty='0' fifo_data_valid='1' ready='0'
Time: 68612500 ps  Iteration: 0  Process: /tb_AI_TRIGGER_TOP/dut/u_DUT/\gen_lanes(0)\/u_LANE/line__273  File: /home/work1/Works/AI-Trigger-System/HDL/rtl/CNN_CORE_LANE.vhd
Note: LANE0 ADC busy_clear stream_done_seen='0' wr_count=0
Time: 68622 ns  Iteration: 0  Process: /tb_AI_TRIGGER_TOP/dut/u_DUT/\gen_lanes(0)\/u_LANE/line__191  File: /home/work1/Works/AI-Trigger-System/HDL/rtl/CNN_CORE_LANE.vhd
Note: LANE0 CNN output_valid score_raw=1604 started=14
Time: 68837500 ps  Iteration: 0  Process: /tb_AI_TRIGGER_TOP/dut/u_DUT/\gen_lanes(0)\/u_LANE/line__273  File: /home/work1/Works/AI-Trigger-System/HDL/rtl/CNN_CORE_LANE.vhd
    65 | 0x00000644    |      0.783203 |     0 |    1 |      1.015
Note: DIST chunk_start seq=66 lane=1 busy='0'
Time: 69430 ns  Iteration: 0  Process: /tb_AI_TRIGGER_TOP/dut/u_DUT/u_DIST/line__134  File: /home/work1/Works/AI-Trigger-System/HDL/rtl/ADC_CHUNK_DISTRIBUTOR.vhd
Note: LANE1 ADC chunk_accept count=14 fifo_full='0'
Time: 69430 ns  Iteration: 0  Process: /tb_AI_TRIGGER_TOP/dut/u_DUT/\gen_lanes(1)\/u_LANE/line__191  File: /home/work1/Works/AI-Trigger-System/HDL/rtl/CNN_CORE_LANE.vhd
Note: LANE1 started_next=14 fifo_empty='0' fifo_data_valid='1' ready='0' idle='1'
Time: 69467500 ps  Iteration: 0  Process: /tb_AI_TRIGGER_TOP/dut/u_DUT/\gen_lanes(1)\/u_LANE/line__273  File: /home/work1/Works/AI-Trigger-System/HDL/rtl/CNN_CORE_LANE.vhd
Note: LANE1 started=14 fifo_empty='0' fifo_data_valid='1' ready='0'
Time: 70177500 ps  Iteration: 0  Process: /tb_AI_TRIGGER_TOP/dut/u_DUT/\gen_lanes(1)\/u_LANE/line__273  File: /home/work1/Works/AI-Trigger-System/HDL/rtl/CNN_CORE_LANE.vhd
Note: LANE1 ADC busy_clear stream_done_seen='0' wr_count=0
Time: 70186 ns  Iteration: 0  Process: /tb_AI_TRIGGER_TOP/dut/u_DUT/\gen_lanes(1)\/u_LANE/line__191  File: /home/work1/Works/AI-Trigger-System/HDL/rtl/CNN_CORE_LANE.vhd
Note: LANE1 CNN output_valid score_raw=2752 started=14
Time: 70402500 ps  Iteration: 0  Process: /tb_AI_TRIGGER_TOP/dut/u_DUT/\gen_lanes(1)\/u_LANE/line__273  File: /home/work1/Works/AI-Trigger-System/HDL/rtl/CNN_CORE_LANE.vhd
    66 | 0x00000ac0    |      1.343750 |     0 |    1 |      1.015
Note: DIST chunk_start seq=67 lane=2 busy='0'
Time: 70998 ns  Iteration: 0  Process: /tb_AI_TRIGGER_TOP/dut/u_DUT/u_DIST/line__134  File: /home/work1/Works/AI-Trigger-System/HDL/rtl/ADC_CHUNK_DISTRIBUTOR.vhd
Note: LANE2 ADC chunk_accept count=14 fifo_full='0'
Time: 70998 ns  Iteration: 0  Process: /tb_AI_TRIGGER_TOP/dut/u_DUT/\gen_lanes(2)\/u_LANE/line__191  File: /home/work1/Works/AI-Trigger-System/HDL/rtl/CNN_CORE_LANE.vhd
Note: LANE2 started_next=14 fifo_empty='0' fifo_data_valid='1' ready='0' idle='1'
Time: 71032500 ps  Iteration: 0  Process: /tb_AI_TRIGGER_TOP/dut/u_DUT/\gen_lanes(2)\/u_LANE/line__273  File: /home/work1/Works/AI-Trigger-System/HDL/rtl/CNN_CORE_LANE.vhd
Note: LANE2 started=14 fifo_empty='0' fifo_data_valid='1' ready='0'
Time: 71742500 ps  Iteration: 0  Process: /tb_AI_TRIGGER_TOP/dut/u_DUT/\gen_lanes(2)\/u_LANE/line__273  File: /home/work1/Works/AI-Trigger-System/HDL/rtl/CNN_CORE_LANE.vhd
Note: LANE2 ADC busy_clear stream_done_seen='0' wr_count=0
Time: 71754 ns  Iteration: 0  Process: /tb_AI_TRIGGER_TOP/dut/u_DUT/\gen_lanes(2)\/u_LANE/line__191  File: /home/work1/Works/AI-Trigger-System/HDL/rtl/CNN_CORE_LANE.vhd
Note: LANE2 CNN output_valid score_raw=2211 started=14
Time: 71967500 ps  Iteration: 0  Process: /tb_AI_TRIGGER_TOP/dut/u_DUT/\gen_lanes(2)\/u_LANE/line__273  File: /home/work1/Works/AI-Trigger-System/HDL/rtl/CNN_CORE_LANE.vhd
    67 | 0x000008a3    |      1.079590 |     0 |    1 |      1.010
Note: DIST chunk_start seq=68 lane=3 busy='0'
Time: 72562 ns  Iteration: 0  Process: /tb_AI_TRIGGER_TOP/dut/u_DUT/u_DIST/line__134  File: /home/work1/Works/AI-Trigger-System/HDL/rtl/ADC_CHUNK_DISTRIBUTOR.vhd
Note: LANE3 ADC chunk_accept count=14 fifo_full='0'
Time: 72562 ns  Iteration: 0  Process: /tb_AI_TRIGGER_TOP/dut/u_DUT/\gen_lanes(3)\/u_LANE/line__191  File: /home/work1/Works/AI-Trigger-System/HDL/rtl/CNN_CORE_LANE.vhd
Note: LANE3 started_next=14 fifo_empty='0' fifo_data_valid='1' ready='0' idle='1'
Time: 72597500 ps  Iteration: 0  Process: /tb_AI_TRIGGER_TOP/dut/u_DUT/\gen_lanes(3)\/u_LANE/line__273  File: /home/work1/Works/AI-Trigger-System/HDL/rtl/CNN_CORE_LANE.vhd
Note: LANE3 started=14 fifo_empty='0' fifo_data_valid='1' ready='0'
Time: 73307500 ps  Iteration: 0  Process: /tb_AI_TRIGGER_TOP/dut/u_DUT/\gen_lanes(3)\/u_LANE/line__273  File: /home/work1/Works/AI-Trigger-System/HDL/rtl/CNN_CORE_LANE.vhd
Note: LANE3 ADC busy_clear stream_done_seen='0' wr_count=0
Time: 73318 ns  Iteration: 0  Process: /tb_AI_TRIGGER_TOP/dut/u_DUT/\gen_lanes(3)\/u_LANE/line__191  File: /home/work1/Works/AI-Trigger-System/HDL/rtl/CNN_CORE_LANE.vhd
Note: LANE3 CNN output_valid score_raw=1240 started=14
Time: 73532500 ps  Iteration: 0  Process: /tb_AI_TRIGGER_TOP/dut/u_DUT/\gen_lanes(3)\/u_LANE/line__273  File: /home/work1/Works/AI-Trigger-System/HDL/rtl/CNN_CORE_LANE.vhd
    68 | 0x000004d8    |      0.605469 |     0 |    1 |      1.015
Note: DIST chunk_start seq=69 lane=4 busy='0'
Time: 74126 ns  Iteration: 0  Process: /tb_AI_TRIGGER_TOP/dut/u_DUT/u_DIST/line__134  File: /home/work1/Works/AI-Trigger-System/HDL/rtl/ADC_CHUNK_DISTRIBUTOR.vhd
Note: LANE4 ADC chunk_accept count=14 fifo_full='0'
Time: 74126 ns  Iteration: 0  Process: /tb_AI_TRIGGER_TOP/dut/u_DUT/\gen_lanes(4)\/u_LANE/line__191  File: /home/work1/Works/AI-Trigger-System/HDL/rtl/CNN_CORE_LANE.vhd
Note: LANE4 started_next=14 fifo_empty='0' fifo_data_valid='1' ready='0' idle='1'
Time: 74162500 ps  Iteration: 0  Process: /tb_AI_TRIGGER_TOP/dut/u_DUT/\gen_lanes(4)\/u_LANE/line__273  File: /home/work1/Works/AI-Trigger-System/HDL/rtl/CNN_CORE_LANE.vhd
Note: LANE4 started=14 fifo_empty='0' fifo_data_valid='1' ready='0'
Time: 74872500 ps  Iteration: 0  Process: /tb_AI_TRIGGER_TOP/dut/u_DUT/\gen_lanes(4)\/u_LANE/line__273  File: /home/work1/Works/AI-Trigger-System/HDL/rtl/CNN_CORE_LANE.vhd
Note: LANE4 ADC busy_clear stream_done_seen='0' wr_count=0
Time: 74882 ns  Iteration: 0  Process: /tb_AI_TRIGGER_TOP/dut/u_DUT/\gen_lanes(4)\/u_LANE/line__191  File: /home/work1/Works/AI-Trigger-System/HDL/rtl/CNN_CORE_LANE.vhd
Note: LANE4 CNN output_valid score_raw=2429 started=14
Time: 75097500 ps  Iteration: 0  Process: /tb_AI_TRIGGER_TOP/dut/u_DUT/\gen_lanes(4)\/u_LANE/line__273  File: /home/work1/Works/AI-Trigger-System/HDL/rtl/CNN_CORE_LANE.vhd
    69 | 0x0000097d    |      1.186035 |     0 |    1 |      1.015
Note: DIST chunk_start seq=70 lane=0 busy='0'
Time: 75690 ns  Iteration: 0  Process: /tb_AI_TRIGGER_TOP/dut/u_DUT/u_DIST/line__134  File: /home/work1/Works/AI-Trigger-System/HDL/rtl/ADC_CHUNK_DISTRIBUTOR.vhd
Note: LANE0 ADC chunk_accept count=15 fifo_full='0'
Time: 75690 ns  Iteration: 0  Process: /tb_AI_TRIGGER_TOP/dut/u_DUT/\gen_lanes(0)\/u_LANE/line__191  File: /home/work1/Works/AI-Trigger-System/HDL/rtl/CNN_CORE_LANE.vhd
Note: LANE0 started_next=15 fifo_empty='0' fifo_data_valid='1' ready='0' idle='1'
Time: 75727500 ps  Iteration: 0  Process: /tb_AI_TRIGGER_TOP/dut/u_DUT/\gen_lanes(0)\/u_LANE/line__273  File: /home/work1/Works/AI-Trigger-System/HDL/rtl/CNN_CORE_LANE.vhd
Note: LANE0 started=15 fifo_empty='0' fifo_data_valid='1' ready='0'
Time: 76437500 ps  Iteration: 0  Process: /tb_AI_TRIGGER_TOP/dut/u_DUT/\gen_lanes(0)\/u_LANE/line__273  File: /home/work1/Works/AI-Trigger-System/HDL/rtl/CNN_CORE_LANE.vhd
Note: LANE0 ADC busy_clear stream_done_seen='1' wr_count=0
Time: 76446 ns  Iteration: 0  Process: /tb_AI_TRIGGER_TOP/dut/u_DUT/\gen_lanes(0)\/u_LANE/line__191  File: /home/work1/Works/AI-Trigger-System/HDL/rtl/CNN_CORE_LANE.vhd
Note: LANE0 CNN output_valid score_raw=3270 started=15
Time: 76662500 ps  Iteration: 0  Process: /tb_AI_TRIGGER_TOP/dut/u_DUT/\gen_lanes(0)\/u_LANE/line__273  File: /home/work1/Works/AI-Trigger-System/HDL/rtl/CNN_CORE_LANE.vhd
    70 | 0x00000cc6    |      1.596680 |     0 |    1 |      1.015
Note: DIST chunk_start seq=71 lane=1 busy='0'
Time: 77258 ns  Iteration: 0  Process: /tb_AI_TRIGGER_TOP/dut/u_DUT/u_DIST/line__134  File: /home/work1/Works/AI-Trigger-System/HDL/rtl/ADC_CHUNK_DISTRIBUTOR.vhd
Note: LANE1 ADC chunk_accept count=15 fifo_full='0'
Time: 77258 ns  Iteration: 0  Process: /tb_AI_TRIGGER_TOP/dut/u_DUT/\gen_lanes(1)\/u_LANE/line__191  File: /home/work1/Works/AI-Trigger-System/HDL/rtl/CNN_CORE_LANE.vhd
Note: LANE1 started_next=15 fifo_empty='0' fifo_data_valid='1' ready='0' idle='1'
Time: 77292500 ps  Iteration: 0  Process: /tb_AI_TRIGGER_TOP/dut/u_DUT/\gen_lanes(1)\/u_LANE/line__273  File: /home/work1/Works/AI-Trigger-System/HDL/rtl/CNN_CORE_LANE.vhd
Note: LANE1 started=15 fifo_empty='0' fifo_data_valid='1' ready='0'
Time: 78002500 ps  Iteration: 0  Process: /tb_AI_TRIGGER_TOP/dut/u_DUT/\gen_lanes(1)\/u_LANE/line__273  File: /home/work1/Works/AI-Trigger-System/HDL/rtl/CNN_CORE_LANE.vhd
Note: LANE1 ADC busy_clear stream_done_seen='1' wr_count=0
Time: 78014 ns  Iteration: 0  Process: /tb_AI_TRIGGER_TOP/dut/u_DUT/\gen_lanes(1)\/u_LANE/line__191  File: /home/work1/Works/AI-Trigger-System/HDL/rtl/CNN_CORE_LANE.vhd
Note: LANE1 CNN output_valid score_raw=3544 started=15
Time: 78227500 ps  Iteration: 0  Process: /tb_AI_TRIGGER_TOP/dut/u_DUT/\gen_lanes(1)\/u_LANE/line__273  File: /home/work1/Works/AI-Trigger-System/HDL/rtl/CNN_CORE_LANE.vhd
    71 | 0x00000dd8    |      1.730469 |     0 |    1 |      1.010
Note: DIST chunk_start seq=72 lane=2 busy='0'
Time: 78822 ns  Iteration: 0  Process: /tb_AI_TRIGGER_TOP/dut/u_DUT/u_DIST/line__134  File: /home/work1/Works/AI-Trigger-System/HDL/rtl/ADC_CHUNK_DISTRIBUTOR.vhd
Note: LANE2 ADC chunk_accept count=15 fifo_full='0'
Time: 78822 ns  Iteration: 0  Process: /tb_AI_TRIGGER_TOP/dut/u_DUT/\gen_lanes(2)\/u_LANE/line__191  File: /home/work1/Works/AI-Trigger-System/HDL/rtl/CNN_CORE_LANE.vhd
Note: LANE2 started_next=15 fifo_empty='0' fifo_data_valid='1' ready='0' idle='1'
Time: 78857500 ps  Iteration: 0  Process: /tb_AI_TRIGGER_TOP/dut/u_DUT/\gen_lanes(2)\/u_LANE/line__273  File: /home/work1/Works/AI-Trigger-System/HDL/rtl/CNN_CORE_LANE.vhd
Note: LANE2 started=15 fifo_empty='0' fifo_data_valid='1' ready='0'
Time: 79567500 ps  Iteration: 0  Process: /tb_AI_TRIGGER_TOP/dut/u_DUT/\gen_lanes(2)\/u_LANE/line__273  File: /home/work1/Works/AI-Trigger-System/HDL/rtl/CNN_CORE_LANE.vhd
Note: LANE2 ADC busy_clear stream_done_seen='1' wr_count=0
Time: 79578 ns  Iteration: 0  Process: /tb_AI_TRIGGER_TOP/dut/u_DUT/\gen_lanes(2)\/u_LANE/line__191  File: /home/work1/Works/AI-Trigger-System/HDL/rtl/CNN_CORE_LANE.vhd
Note: LANE2 CNN output_valid score_raw=4729 started=15
Time: 79792500 ps  Iteration: 0  Process: /tb_AI_TRIGGER_TOP/dut/u_DUT/\gen_lanes(2)\/u_LANE/line__273  File: /home/work1/Works/AI-Trigger-System/HDL/rtl/CNN_CORE_LANE.vhd
    72 | 0x00001279    |      2.309082 |     0 |    1 |      1.015
Note: DIST chunk_start seq=73 lane=3 busy='0'
Time: 80386 ns  Iteration: 0  Process: /tb_AI_TRIGGER_TOP/dut/u_DUT/u_DIST/line__134  File: /home/work1/Works/AI-Trigger-System/HDL/rtl/ADC_CHUNK_DISTRIBUTOR.vhd
Note: LANE3 ADC chunk_accept count=15 fifo_full='0'
Time: 80386 ns  Iteration: 0  Process: /tb_AI_TRIGGER_TOP/dut/u_DUT/\gen_lanes(3)\/u_LANE/line__191  File: /home/work1/Works/AI-Trigger-System/HDL/rtl/CNN_CORE_LANE.vhd
Note: LANE3 started_next=15 fifo_empty='0' fifo_data_valid='1' ready='0' idle='1'
Time: 80422500 ps  Iteration: 0  Process: /tb_AI_TRIGGER_TOP/dut/u_DUT/\gen_lanes(3)\/u_LANE/line__273  File: /home/work1/Works/AI-Trigger-System/HDL/rtl/CNN_CORE_LANE.vhd
Note: LANE3 started=15 fifo_empty='0' fifo_data_valid='1' ready='0'
Time: 81132500 ps  Iteration: 0  Process: /tb_AI_TRIGGER_TOP/dut/u_DUT/\gen_lanes(3)\/u_LANE/line__273  File: /home/work1/Works/AI-Trigger-System/HDL/rtl/CNN_CORE_LANE.vhd
Note: LANE3 ADC busy_clear stream_done_seen='1' wr_count=0
Time: 81142 ns  Iteration: 0  Process: /tb_AI_TRIGGER_TOP/dut/u_DUT/\gen_lanes(3)\/u_LANE/line__191  File: /home/work1/Works/AI-Trigger-System/HDL/rtl/CNN_CORE_LANE.vhd
Note: LANE3 CNN output_valid score_raw=4238 started=15
Time: 81357500 ps  Iteration: 0  Process: /tb_AI_TRIGGER_TOP/dut/u_DUT/\gen_lanes(3)\/u_LANE/line__273  File: /home/work1/Works/AI-Trigger-System/HDL/rtl/CNN_CORE_LANE.vhd
    73 | 0x0000108e    |      2.069336 |     0 |    1 |      1.015
Note: DIST chunk_start seq=74 lane=4 busy='0'
Time: 81950 ns  Iteration: 0  Process: /tb_AI_TRIGGER_TOP/dut/u_DUT/u_DIST/line__134  File: /home/work1/Works/AI-Trigger-System/HDL/rtl/ADC_CHUNK_DISTRIBUTOR.vhd
Note: LANE4 ADC chunk_accept count=15 fifo_full='0'
Time: 81950 ns  Iteration: 0  Process: /tb_AI_TRIGGER_TOP/dut/u_DUT/\gen_lanes(4)\/u_LANE/line__191  File: /home/work1/Works/AI-Trigger-System/HDL/rtl/CNN_CORE_LANE.vhd
Note: LANE4 started_next=15 fifo_empty='0' fifo_data_valid='1' ready='0' idle='1'
Time: 81987500 ps  Iteration: 0  Process: /tb_AI_TRIGGER_TOP/dut/u_DUT/\gen_lanes(4)\/u_LANE/line__273  File: /home/work1/Works/AI-Trigger-System/HDL/rtl/CNN_CORE_LANE.vhd
Note: LANE4 started=15 fifo_empty='0' fifo_data_valid='1' ready='0'
Time: 82697500 ps  Iteration: 0  Process: /tb_AI_TRIGGER_TOP/dut/u_DUT/\gen_lanes(4)\/u_LANE/line__273  File: /home/work1/Works/AI-Trigger-System/HDL/rtl/CNN_CORE_LANE.vhd
Note: LANE4 ADC busy_clear stream_done_seen='1' wr_count=0
Time: 82706 ns  Iteration: 0  Process: /tb_AI_TRIGGER_TOP/dut/u_DUT/\gen_lanes(4)\/u_LANE/line__191  File: /home/work1/Works/AI-Trigger-System/HDL/rtl/CNN_CORE_LANE.vhd
Note: LANE4 CNN output_valid score_raw=3608 started=15
Time: 82922500 ps  Iteration: 0  Process: /tb_AI_TRIGGER_TOP/dut/u_DUT/\gen_lanes(4)\/u_LANE/line__273  File: /home/work1/Works/AI-Trigger-System/HDL/rtl/CNN_CORE_LANE.vhd
    74 | 0x00000e18    |      1.761719 |     0 |    1 |      1.015
Note: DIST chunk_start seq=75 lane=0 busy='0'
Time: 83518 ns  Iteration: 0  Process: /tb_AI_TRIGGER_TOP/dut/u_DUT/u_DIST/line__134  File: /home/work1/Works/AI-Trigger-System/HDL/rtl/ADC_CHUNK_DISTRIBUTOR.vhd
Note: LANE0 ADC chunk_accept count=0 fifo_full='0'
Time: 83518 ns  Iteration: 0  Process: /tb_AI_TRIGGER_TOP/dut/u_DUT/\gen_lanes(0)\/u_LANE/line__191  File: /home/work1/Works/AI-Trigger-System/HDL/rtl/CNN_CORE_LANE.vhd
Note: LANE0 started_next=0 fifo_empty='0' fifo_data_valid='1' ready='0' idle='1'
Time: 83552500 ps  Iteration: 0  Process: /tb_AI_TRIGGER_TOP/dut/u_DUT/\gen_lanes(0)\/u_LANE/line__273  File: /home/work1/Works/AI-Trigger-System/HDL/rtl/CNN_CORE_LANE.vhd
Note: LANE0 started=0 fifo_empty='0' fifo_data_valid='1' ready='0'
Time: 84262500 ps  Iteration: 0  Process: /tb_AI_TRIGGER_TOP/dut/u_DUT/\gen_lanes(0)\/u_LANE/line__273  File: /home/work1/Works/AI-Trigger-System/HDL/rtl/CNN_CORE_LANE.vhd
Note: LANE0 ADC busy_clear stream_done_seen='0' wr_count=0
Time: 84274 ns  Iteration: 0  Process: /tb_AI_TRIGGER_TOP/dut/u_DUT/\gen_lanes(0)\/u_LANE/line__191  File: /home/work1/Works/AI-Trigger-System/HDL/rtl/CNN_CORE_LANE.vhd
Note: LANE0 CNN output_valid score_raw=3575 started=0
Time: 84487500 ps  Iteration: 0  Process: /tb_AI_TRIGGER_TOP/dut/u_DUT/\gen_lanes(0)\/u_LANE/line__273  File: /home/work1/Works/AI-Trigger-System/HDL/rtl/CNN_CORE_LANE.vhd
    75 | 0x00000df7    |      1.745605 |     0 |    1 |      1.010
Note: DIST chunk_start seq=76 lane=1 busy='0'
Time: 85082 ns  Iteration: 0  Process: /tb_AI_TRIGGER_TOP/dut/u_DUT/u_DIST/line__134  File: /home/work1/Works/AI-Trigger-System/HDL/rtl/ADC_CHUNK_DISTRIBUTOR.vhd
Note: LANE1 ADC chunk_accept count=0 fifo_full='0'
Time: 85082 ns  Iteration: 0  Process: /tb_AI_TRIGGER_TOP/dut/u_DUT/\gen_lanes(1)\/u_LANE/line__191  File: /home/work1/Works/AI-Trigger-System/HDL/rtl/CNN_CORE_LANE.vhd
Note: LANE1 started_next=0 fifo_empty='0' fifo_data_valid='1' ready='0' idle='1'
Time: 85117500 ps  Iteration: 0  Process: /tb_AI_TRIGGER_TOP/dut/u_DUT/\gen_lanes(1)\/u_LANE/line__273  File: /home/work1/Works/AI-Trigger-System/HDL/rtl/CNN_CORE_LANE.vhd
Note: LANE1 started=0 fifo_empty='0' fifo_data_valid='1' ready='0'
Time: 85827500 ps  Iteration: 0  Process: /tb_AI_TRIGGER_TOP/dut/u_DUT/\gen_lanes(1)\/u_LANE/line__273  File: /home/work1/Works/AI-Trigger-System/HDL/rtl/CNN_CORE_LANE.vhd
Note: LANE1 ADC busy_clear stream_done_seen='0' wr_count=0
Time: 85838 ns  Iteration: 0  Process: /tb_AI_TRIGGER_TOP/dut/u_DUT/\gen_lanes(1)\/u_LANE/line__191  File: /home/work1/Works/AI-Trigger-System/HDL/rtl/CNN_CORE_LANE.vhd
Note: LANE1 CNN output_valid score_raw=5264 started=0
Time: 86052500 ps  Iteration: 0  Process: /tb_AI_TRIGGER_TOP/dut/u_DUT/\gen_lanes(1)\/u_LANE/line__273  File: /home/work1/Works/AI-Trigger-System/HDL/rtl/CNN_CORE_LANE.vhd
    76 | 0x00001490    |      2.570312 |     0 |    1 |      1.015
Note: DIST chunk_start seq=77 lane=2 busy='0'
Time: 86646 ns  Iteration: 0  Process: /tb_AI_TRIGGER_TOP/dut/u_DUT/u_DIST/line__134  File: /home/work1/Works/AI-Trigger-System/HDL/rtl/ADC_CHUNK_DISTRIBUTOR.vhd
Note: LANE2 ADC chunk_accept count=0 fifo_full='0'
Time: 86646 ns  Iteration: 0  Process: /tb_AI_TRIGGER_TOP/dut/u_DUT/\gen_lanes(2)\/u_LANE/line__191  File: /home/work1/Works/AI-Trigger-System/HDL/rtl/CNN_CORE_LANE.vhd
Note: LANE2 started_next=0 fifo_empty='0' fifo_data_valid='1' ready='0' idle='1'
Time: 86682500 ps  Iteration: 0  Process: /tb_AI_TRIGGER_TOP/dut/u_DUT/\gen_lanes(2)\/u_LANE/line__273  File: /home/work1/Works/AI-Trigger-System/HDL/rtl/CNN_CORE_LANE.vhd
Note: LANE2 started=0 fifo_empty='0' fifo_data_valid='1' ready='0'
Time: 87392500 ps  Iteration: 0  Process: /tb_AI_TRIGGER_TOP/dut/u_DUT/\gen_lanes(2)\/u_LANE/line__273  File: /home/work1/Works/AI-Trigger-System/HDL/rtl/CNN_CORE_LANE.vhd
Note: LANE2 ADC busy_clear stream_done_seen='0' wr_count=0
Time: 87402 ns  Iteration: 0  Process: /tb_AI_TRIGGER_TOP/dut/u_DUT/\gen_lanes(2)\/u_LANE/line__191  File: /home/work1/Works/AI-Trigger-System/HDL/rtl/CNN_CORE_LANE.vhd
Note: LANE2 CNN output_valid score_raw=5107 started=0
Time: 87617500 ps  Iteration: 0  Process: /tb_AI_TRIGGER_TOP/dut/u_DUT/\gen_lanes(2)\/u_LANE/line__273  File: /home/work1/Works/AI-Trigger-System/HDL/rtl/CNN_CORE_LANE.vhd
    77 | 0x000013f3    |      2.493652 |     0 |    1 |      1.015
Note: DIST chunk_start seq=78 lane=3 busy='0'
Time: 88210 ns  Iteration: 0  Process: /tb_AI_TRIGGER_TOP/dut/u_DUT/u_DIST/line__134  File: /home/work1/Works/AI-Trigger-System/HDL/rtl/ADC_CHUNK_DISTRIBUTOR.vhd
Note: LANE3 ADC chunk_accept count=0 fifo_full='0'
Time: 88210 ns  Iteration: 0  Process: /tb_AI_TRIGGER_TOP/dut/u_DUT/\gen_lanes(3)\/u_LANE/line__191  File: /home/work1/Works/AI-Trigger-System/HDL/rtl/CNN_CORE_LANE.vhd
Note: LANE3 started_next=0 fifo_empty='0' fifo_data_valid='1' ready='0' idle='1'
Time: 88247500 ps  Iteration: 0  Process: /tb_AI_TRIGGER_TOP/dut/u_DUT/\gen_lanes(3)\/u_LANE/line__273  File: /home/work1/Works/AI-Trigger-System/HDL/rtl/CNN_CORE_LANE.vhd
Note: LANE3 started=0 fifo_empty='0' fifo_data_valid='1' ready='0'
Time: 88957500 ps  Iteration: 0  Process: /tb_AI_TRIGGER_TOP/dut/u_DUT/\gen_lanes(3)\/u_LANE/line__273  File: /home/work1/Works/AI-Trigger-System/HDL/rtl/CNN_CORE_LANE.vhd
Note: LANE3 ADC busy_clear stream_done_seen='0' wr_count=0
Time: 88966 ns  Iteration: 0  Process: /tb_AI_TRIGGER_TOP/dut/u_DUT/\gen_lanes(3)\/u_LANE/line__191  File: /home/work1/Works/AI-Trigger-System/HDL/rtl/CNN_CORE_LANE.vhd
Note: LANE3 CNN output_valid score_raw=4810 started=0
Time: 89182500 ps  Iteration: 0  Process: /tb_AI_TRIGGER_TOP/dut/u_DUT/\gen_lanes(3)\/u_LANE/line__273  File: /home/work1/Works/AI-Trigger-System/HDL/rtl/CNN_CORE_LANE.vhd
    78 | 0x000012ca    |      2.348633 |     0 |    1 |      1.015
Note: DIST chunk_start seq=79 lane=4 busy='0'
Time: 89778 ns  Iteration: 0  Process: /tb_AI_TRIGGER_TOP/dut/u_DUT/u_DIST/line__134  File: /home/work1/Works/AI-Trigger-System/HDL/rtl/ADC_CHUNK_DISTRIBUTOR.vhd
Note: LANE4 ADC chunk_accept count=0 fifo_full='0'
Time: 89778 ns  Iteration: 0  Process: /tb_AI_TRIGGER_TOP/dut/u_DUT/\gen_lanes(4)\/u_LANE/line__191  File: /home/work1/Works/AI-Trigger-System/HDL/rtl/CNN_CORE_LANE.vhd
Note: LANE4 started_next=0 fifo_empty='0' fifo_data_valid='1' ready='0' idle='1'
Time: 89812500 ps  Iteration: 0  Process: /tb_AI_TRIGGER_TOP/dut/u_DUT/\gen_lanes(4)\/u_LANE/line__273  File: /home/work1/Works/AI-Trigger-System/HDL/rtl/CNN_CORE_LANE.vhd
Note: LANE4 started=0 fifo_empty='0' fifo_data_valid='1' ready='0'
Time: 90522500 ps  Iteration: 0  Process: /tb_AI_TRIGGER_TOP/dut/u_DUT/\gen_lanes(4)\/u_LANE/line__273  File: /home/work1/Works/AI-Trigger-System/HDL/rtl/CNN_CORE_LANE.vhd
Note: LANE4 ADC busy_clear stream_done_seen='0' wr_count=0
Time: 90534 ns  Iteration: 0  Process: /tb_AI_TRIGGER_TOP/dut/u_DUT/\gen_lanes(4)\/u_LANE/line__191  File: /home/work1/Works/AI-Trigger-System/HDL/rtl/CNN_CORE_LANE.vhd
Note: LANE4 CNN output_valid score_raw=3788 started=0
Time: 90747500 ps  Iteration: 0  Process: /tb_AI_TRIGGER_TOP/dut/u_DUT/\gen_lanes(4)\/u_LANE/line__273  File: /home/work1/Works/AI-Trigger-System/HDL/rtl/CNN_CORE_LANE.vhd
    79 | 0x00000ecc    |      1.849609 |     0 |    1 |      1.010
Note: DIST chunk_start seq=80 lane=0 busy='0'
Time: 91342 ns  Iteration: 0  Process: /tb_AI_TRIGGER_TOP/dut/u_DUT/u_DIST/line__134  File: /home/work1/Works/AI-Trigger-System/HDL/rtl/ADC_CHUNK_DISTRIBUTOR.vhd
Note: LANE0 ADC chunk_accept count=1 fifo_full='0'
Time: 91342 ns  Iteration: 0  Process: /tb_AI_TRIGGER_TOP/dut/u_DUT/\gen_lanes(0)\/u_LANE/line__191  File: /home/work1/Works/AI-Trigger-System/HDL/rtl/CNN_CORE_LANE.vhd
Note: LANE0 started_next=1 fifo_empty='0' fifo_data_valid='1' ready='0' idle='1'
Time: 91377500 ps  Iteration: 0  Process: /tb_AI_TRIGGER_TOP/dut/u_DUT/\gen_lanes(0)\/u_LANE/line__273  File: /home/work1/Works/AI-Trigger-System/HDL/rtl/CNN_CORE_LANE.vhd
Note: LANE0 started=1 fifo_empty='0' fifo_data_valid='1' ready='0'
Time: 92087500 ps  Iteration: 0  Process: /tb_AI_TRIGGER_TOP/dut/u_DUT/\gen_lanes(0)\/u_LANE/line__273  File: /home/work1/Works/AI-Trigger-System/HDL/rtl/CNN_CORE_LANE.vhd
Note: LANE0 ADC busy_clear stream_done_seen='1' wr_count=0
Time: 92098 ns  Iteration: 0  Process: /tb_AI_TRIGGER_TOP/dut/u_DUT/\gen_lanes(0)\/u_LANE/line__191  File: /home/work1/Works/AI-Trigger-System/HDL/rtl/CNN_CORE_LANE.vhd
Note: LANE0 CNN output_valid score_raw=2744 started=1
Time: 92312500 ps  Iteration: 0  Process: /tb_AI_TRIGGER_TOP/dut/u_DUT/\gen_lanes(0)\/u_LANE/line__273  File: /home/work1/Works/AI-Trigger-System/HDL/rtl/CNN_CORE_LANE.vhd
    80 | 0x00000ab8    |      1.339844 |     0 |    1 |      1.015
Note: DIST chunk_start seq=81 lane=1 busy='0'
Time: 92906 ns  Iteration: 0  Process: /tb_AI_TRIGGER_TOP/dut/u_DUT/u_DIST/line__134  File: /home/work1/Works/AI-Trigger-System/HDL/rtl/ADC_CHUNK_DISTRIBUTOR.vhd
Note: LANE1 ADC chunk_accept count=1 fifo_full='0'
Time: 92906 ns  Iteration: 0  Process: /tb_AI_TRIGGER_TOP/dut/u_DUT/\gen_lanes(1)\/u_LANE/line__191  File: /home/work1/Works/AI-Trigger-System/HDL/rtl/CNN_CORE_LANE.vhd
Note: LANE1 started_next=1 fifo_empty='0' fifo_data_valid='1' ready='0' idle='1'
Time: 92942500 ps  Iteration: 0  Process: /tb_AI_TRIGGER_TOP/dut/u_DUT/\gen_lanes(1)\/u_LANE/line__273  File: /home/work1/Works/AI-Trigger-System/HDL/rtl/CNN_CORE_LANE.vhd
Note: LANE1 started=1 fifo_empty='0' fifo_data_valid='1' ready='0'
Time: 93652500 ps  Iteration: 0  Process: /tb_AI_TRIGGER_TOP/dut/u_DUT/\gen_lanes(1)\/u_LANE/line__273  File: /home/work1/Works/AI-Trigger-System/HDL/rtl/CNN_CORE_LANE.vhd
Note: LANE1 ADC busy_clear stream_done_seen='1' wr_count=0
Time: 93662 ns  Iteration: 0  Process: /tb_AI_TRIGGER_TOP/dut/u_DUT/\gen_lanes(1)\/u_LANE/line__191  File: /home/work1/Works/AI-Trigger-System/HDL/rtl/CNN_CORE_LANE.vhd
Note: LANE1 CNN output_valid score_raw=3703 started=1
Time: 93877500 ps  Iteration: 0  Process: /tb_AI_TRIGGER_TOP/dut/u_DUT/\gen_lanes(1)\/u_LANE/line__273  File: /home/work1/Works/AI-Trigger-System/HDL/rtl/CNN_CORE_LANE.vhd
    81 | 0x00000e77    |      1.808105 |     0 |    1 |      1.015
Note: DIST chunk_start seq=82 lane=2 busy='0'
Time: 94470 ns  Iteration: 0  Process: /tb_AI_TRIGGER_TOP/dut/u_DUT/u_DIST/line__134  File: /home/work1/Works/AI-Trigger-System/HDL/rtl/ADC_CHUNK_DISTRIBUTOR.vhd
Note: LANE2 ADC chunk_accept count=1 fifo_full='0'
Time: 94470 ns  Iteration: 0  Process: /tb_AI_TRIGGER_TOP/dut/u_DUT/\gen_lanes(2)\/u_LANE/line__191  File: /home/work1/Works/AI-Trigger-System/HDL/rtl/CNN_CORE_LANE.vhd
Note: LANE2 started_next=1 fifo_empty='0' fifo_data_valid='1' ready='0' idle='1'
Time: 94507500 ps  Iteration: 0  Process: /tb_AI_TRIGGER_TOP/dut/u_DUT/\gen_lanes(2)\/u_LANE/line__273  File: /home/work1/Works/AI-Trigger-System/HDL/rtl/CNN_CORE_LANE.vhd
Note: LANE2 started=1 fifo_empty='0' fifo_data_valid='1' ready='0'
Time: 95217500 ps  Iteration: 0  Process: /tb_AI_TRIGGER_TOP/dut/u_DUT/\gen_lanes(2)\/u_LANE/line__273  File: /home/work1/Works/AI-Trigger-System/HDL/rtl/CNN_CORE_LANE.vhd
Note: LANE2 ADC busy_clear stream_done_seen='1' wr_count=0
Time: 95226 ns  Iteration: 0  Process: /tb_AI_TRIGGER_TOP/dut/u_DUT/\gen_lanes(2)\/u_LANE/line__191  File: /home/work1/Works/AI-Trigger-System/HDL/rtl/CNN_CORE_LANE.vhd
Note: LANE2 CNN output_valid score_raw=5431 started=1
Time: 95442500 ps  Iteration: 0  Process: /tb_AI_TRIGGER_TOP/dut/u_DUT/\gen_lanes(2)\/u_LANE/line__273  File: /home/work1/Works/AI-Trigger-System/HDL/rtl/CNN_CORE_LANE.vhd
    82 | 0x00001537    |      2.651855 |     0 |    1 |      1.015
Note: DIST chunk_start seq=83 lane=3 busy='0'
Time: 96038 ns  Iteration: 0  Process: /tb_AI_TRIGGER_TOP/dut/u_DUT/u_DIST/line__134  File: /home/work1/Works/AI-Trigger-System/HDL/rtl/ADC_CHUNK_DISTRIBUTOR.vhd
Note: LANE3 ADC chunk_accept count=1 fifo_full='0'
Time: 96038 ns  Iteration: 0  Process: /tb_AI_TRIGGER_TOP/dut/u_DUT/\gen_lanes(3)\/u_LANE/line__191  File: /home/work1/Works/AI-Trigger-System/HDL/rtl/CNN_CORE_LANE.vhd
Note: LANE3 started_next=1 fifo_empty='0' fifo_data_valid='1' ready='0' idle='1'
Time: 96072500 ps  Iteration: 0  Process: /tb_AI_TRIGGER_TOP/dut/u_DUT/\gen_lanes(3)\/u_LANE/line__273  File: /home/work1/Works/AI-Trigger-System/HDL/rtl/CNN_CORE_LANE.vhd
Note: LANE3 started=1 fifo_empty='0' fifo_data_valid='1' ready='0'
Time: 96782500 ps  Iteration: 0  Process: /tb_AI_TRIGGER_TOP/dut/u_DUT/\gen_lanes(3)\/u_LANE/line__273  File: /home/work1/Works/AI-Trigger-System/HDL/rtl/CNN_CORE_LANE.vhd
Note: LANE3 ADC busy_clear stream_done_seen='1' wr_count=0
Time: 96794 ns  Iteration: 0  Process: /tb_AI_TRIGGER_TOP/dut/u_DUT/\gen_lanes(3)\/u_LANE/line__191  File: /home/work1/Works/AI-Trigger-System/HDL/rtl/CNN_CORE_LANE.vhd
Note: LANE3 CNN output_valid score_raw=4103 started=1
Time: 97007500 ps  Iteration: 0  Process: /tb_AI_TRIGGER_TOP/dut/u_DUT/\gen_lanes(3)\/u_LANE/line__273  File: /home/work1/Works/AI-Trigger-System/HDL/rtl/CNN_CORE_LANE.vhd
    83 | 0x00001007    |      2.003418 |     0 |    1 |      1.010
Note: DIST chunk_start seq=84 lane=4 busy='0'
Time: 97602 ns  Iteration: 0  Process: /tb_AI_TRIGGER_TOP/dut/u_DUT/u_DIST/line__134  File: /home/work1/Works/AI-Trigger-System/HDL/rtl/ADC_CHUNK_DISTRIBUTOR.vhd
Note: LANE4 ADC chunk_accept count=1 fifo_full='0'
Time: 97602 ns  Iteration: 0  Process: /tb_AI_TRIGGER_TOP/dut/u_DUT/\gen_lanes(4)\/u_LANE/line__191  File: /home/work1/Works/AI-Trigger-System/HDL/rtl/CNN_CORE_LANE.vhd
Note: LANE4 started_next=1 fifo_empty='0' fifo_data_valid='1' ready='0' idle='1'
Time: 97637500 ps  Iteration: 0  Process: /tb_AI_TRIGGER_TOP/dut/u_DUT/\gen_lanes(4)\/u_LANE/line__273  File: /home/work1/Works/AI-Trigger-System/HDL/rtl/CNN_CORE_LANE.vhd
Note: LANE4 started=1 fifo_empty='0' fifo_data_valid='1' ready='0'
Time: 98347500 ps  Iteration: 0  Process: /tb_AI_TRIGGER_TOP/dut/u_DUT/\gen_lanes(4)\/u_LANE/line__273  File: /home/work1/Works/AI-Trigger-System/HDL/rtl/CNN_CORE_LANE.vhd
Note: LANE4 ADC busy_clear stream_done_seen='1' wr_count=0
Time: 98358 ns  Iteration: 0  Process: /tb_AI_TRIGGER_TOP/dut/u_DUT/\gen_lanes(4)\/u_LANE/line__191  File: /home/work1/Works/AI-Trigger-System/HDL/rtl/CNN_CORE_LANE.vhd
Note: LANE4 CNN output_valid score_raw=3260 started=1
Time: 98572500 ps  Iteration: 0  Process: /tb_AI_TRIGGER_TOP/dut/u_DUT/\gen_lanes(4)\/u_LANE/line__273  File: /home/work1/Works/AI-Trigger-System/HDL/rtl/CNN_CORE_LANE.vhd
    84 | 0x00000cbc    |      1.591797 |     0 |    1 |      1.015
Note: DIST chunk_start seq=85 lane=0 busy='0'
Time: 99166 ns  Iteration: 0  Process: /tb_AI_TRIGGER_TOP/dut/u_DUT/u_DIST/line__134  File: /home/work1/Works/AI-Trigger-System/HDL/rtl/ADC_CHUNK_DISTRIBUTOR.vhd
Note: LANE0 ADC chunk_accept count=2 fifo_full='0'
Time: 99166 ns  Iteration: 0  Process: /tb_AI_TRIGGER_TOP/dut/u_DUT/\gen_lanes(0)\/u_LANE/line__191  File: /home/work1/Works/AI-Trigger-System/HDL/rtl/CNN_CORE_LANE.vhd
Note: LANE0 started_next=2 fifo_empty='0' fifo_data_valid='1' ready='0' idle='1'
Time: 99202500 ps  Iteration: 0  Process: /tb_AI_TRIGGER_TOP/dut/u_DUT/\gen_lanes(0)\/u_LANE/line__273  File: /home/work1/Works/AI-Trigger-System/HDL/rtl/CNN_CORE_LANE.vhd
Note: LANE0 started=2 fifo_empty='0' fifo_data_valid='1' ready='0'
Time: 99912500 ps  Iteration: 0  Process: /tb_AI_TRIGGER_TOP/dut/u_DUT/\gen_lanes(0)\/u_LANE/line__273  File: /home/work1/Works/AI-Trigger-System/HDL/rtl/CNN_CORE_LANE.vhd
Note: LANE0 ADC busy_clear stream_done_seen='0' wr_count=0
Time: 99922 ns  Iteration: 0  Process: /tb_AI_TRIGGER_TOP/dut/u_DUT/\gen_lanes(0)\/u_LANE/line__191  File: /home/work1/Works/AI-Trigger-System/HDL/rtl/CNN_CORE_LANE.vhd
Note: LANE0 CNN output_valid score_raw=1816 started=2
Time: 100137500 ps  Iteration: 0  Process: /tb_AI_TRIGGER_TOP/dut/u_DUT/\gen_lanes(0)\/u_LANE/line__273  File: /home/work1/Works/AI-Trigger-System/HDL/rtl/CNN_CORE_LANE.vhd
    85 | 0x00000718    |      0.886719 |     0 |    1 |      1.015
Note: DIST chunk_start seq=86 lane=1 busy='0'
Time: 100730 ns  Iteration: 0  Process: /tb_AI_TRIGGER_TOP/dut/u_DUT/u_DIST/line__134  File: /home/work1/Works/AI-Trigger-System/HDL/rtl/ADC_CHUNK_DISTRIBUTOR.vhd
Note: LANE1 ADC chunk_accept count=2 fifo_full='0'
Time: 100730 ns  Iteration: 0  Process: /tb_AI_TRIGGER_TOP/dut/u_DUT/\gen_lanes(1)\/u_LANE/line__191  File: /home/work1/Works/AI-Trigger-System/HDL/rtl/CNN_CORE_LANE.vhd
Note: LANE1 started_next=2 fifo_empty='0' fifo_data_valid='1' ready='0' idle='1'
Time: 100767500 ps  Iteration: 0  Process: /tb_AI_TRIGGER_TOP/dut/u_DUT/\gen_lanes(1)\/u_LANE/line__273  File: /home/work1/Works/AI-Trigger-System/HDL/rtl/CNN_CORE_LANE.vhd
Note: LANE1 started=2 fifo_empty='0' fifo_data_valid='1' ready='0'
Time: 101477500 ps  Iteration: 0  Process: /tb_AI_TRIGGER_TOP/dut/u_DUT/\gen_lanes(1)\/u_LANE/line__273  File: /home/work1/Works/AI-Trigger-System/HDL/rtl/CNN_CORE_LANE.vhd
Note: LANE1 ADC busy_clear stream_done_seen='0' wr_count=0
Time: 101486 ns  Iteration: 0  Process: /tb_AI_TRIGGER_TOP/dut/u_DUT/\gen_lanes(1)\/u_LANE/line__191  File: /home/work1/Works/AI-Trigger-System/HDL/rtl/CNN_CORE_LANE.vhd
Note: LANE1 CNN output_valid score_raw=1042 started=2
Time: 101702500 ps  Iteration: 0  Process: /tb_AI_TRIGGER_TOP/dut/u_DUT/\gen_lanes(1)\/u_LANE/line__273  File: /home/work1/Works/AI-Trigger-System/HDL/rtl/CNN_CORE_LANE.vhd
    86 | 0x00000412    |      0.508789 |     0 |    1 |      1.015
Note: DIST chunk_start seq=87 lane=2 busy='0'
Time: 102298 ns  Iteration: 0  Process: /tb_AI_TRIGGER_TOP/dut/u_DUT/u_DIST/line__134  File: /home/work1/Works/AI-Trigger-System/HDL/rtl/ADC_CHUNK_DISTRIBUTOR.vhd
Note: LANE2 ADC chunk_accept count=2 fifo_full='0'
Time: 102298 ns  Iteration: 0  Process: /tb_AI_TRIGGER_TOP/dut/u_DUT/\gen_lanes(2)\/u_LANE/line__191  File: /home/work1/Works/AI-Trigger-System/HDL/rtl/CNN_CORE_LANE.vhd
Note: LANE2 started_next=2 fifo_empty='0' fifo_data_valid='1' ready='0' idle='1'
Time: 102332500 ps  Iteration: 0  Process: /tb_AI_TRIGGER_TOP/dut/u_DUT/\gen_lanes(2)\/u_LANE/line__273  File: /home/work1/Works/AI-Trigger-System/HDL/rtl/CNN_CORE_LANE.vhd
Note: LANE2 started=2 fifo_empty='0' fifo_data_valid='1' ready='0'
Time: 103042500 ps  Iteration: 0  Process: /tb_AI_TRIGGER_TOP/dut/u_DUT/\gen_lanes(2)\/u_LANE/line__273  File: /home/work1/Works/AI-Trigger-System/HDL/rtl/CNN_CORE_LANE.vhd
Note: LANE2 ADC busy_clear stream_done_seen='0' wr_count=0
Time: 103054 ns  Iteration: 0  Process: /tb_AI_TRIGGER_TOP/dut/u_DUT/\gen_lanes(2)\/u_LANE/line__191  File: /home/work1/Works/AI-Trigger-System/HDL/rtl/CNN_CORE_LANE.vhd
Note: LANE2 CNN output_valid score_raw=1423 started=2
Time: 103267500 ps  Iteration: 0  Process: /tb_AI_TRIGGER_TOP/dut/u_DUT/\gen_lanes(2)\/u_LANE/line__273  File: /home/work1/Works/AI-Trigger-System/HDL/rtl/CNN_CORE_LANE.vhd
    87 | 0x0000058f    |      0.694824 |     0 |    1 |      1.010
Note: DIST chunk_start seq=88 lane=3 busy='0'
Time: 103862 ns  Iteration: 0  Process: /tb_AI_TRIGGER_TOP/dut/u_DUT/u_DIST/line__134  File: /home/work1/Works/AI-Trigger-System/HDL/rtl/ADC_CHUNK_DISTRIBUTOR.vhd
Note: LANE3 ADC chunk_accept count=2 fifo_full='0'
Time: 103862 ns  Iteration: 0  Process: /tb_AI_TRIGGER_TOP/dut/u_DUT/\gen_lanes(3)\/u_LANE/line__191  File: /home/work1/Works/AI-Trigger-System/HDL/rtl/CNN_CORE_LANE.vhd
Note: LANE3 started_next=2 fifo_empty='0' fifo_data_valid='1' ready='0' idle='1'
Time: 103897500 ps  Iteration: 0  Process: /tb_AI_TRIGGER_TOP/dut/u_DUT/\gen_lanes(3)\/u_LANE/line__273  File: /home/work1/Works/AI-Trigger-System/HDL/rtl/CNN_CORE_LANE.vhd
Note: LANE3 started=2 fifo_empty='0' fifo_data_valid='1' ready='0'
Time: 104607500 ps  Iteration: 0  Process: /tb_AI_TRIGGER_TOP/dut/u_DUT/\gen_lanes(3)\/u_LANE/line__273  File: /home/work1/Works/AI-Trigger-System/HDL/rtl/CNN_CORE_LANE.vhd
Note: LANE3 ADC busy_clear stream_done_seen='0' wr_count=0
Time: 104618 ns  Iteration: 0  Process: /tb_AI_TRIGGER_TOP/dut/u_DUT/\gen_lanes(3)\/u_LANE/line__191  File: /home/work1/Works/AI-Trigger-System/HDL/rtl/CNN_CORE_LANE.vhd
Note: LANE3 CNN output_valid score_raw=2776 started=2
Time: 104832500 ps  Iteration: 0  Process: /tb_AI_TRIGGER_TOP/dut/u_DUT/\gen_lanes(3)\/u_LANE/line__273  File: /home/work1/Works/AI-Trigger-System/HDL/rtl/CNN_CORE_LANE.vhd
    88 | 0x00000ad8    |      1.355469 |     0 |    1 |      1.015
Note: DIST chunk_start seq=89 lane=4 busy='0'
Time: 105426 ns  Iteration: 0  Process: /tb_AI_TRIGGER_TOP/dut/u_DUT/u_DIST/line__134  File: /home/work1/Works/AI-Trigger-System/HDL/rtl/ADC_CHUNK_DISTRIBUTOR.vhd
Note: LANE4 ADC chunk_accept count=2 fifo_full='0'
Time: 105426 ns  Iteration: 0  Process: /tb_AI_TRIGGER_TOP/dut/u_DUT/\gen_lanes(4)\/u_LANE/line__191  File: /home/work1/Works/AI-Trigger-System/HDL/rtl/CNN_CORE_LANE.vhd
Note: LANE4 started_next=2 fifo_empty='0' fifo_data_valid='1' ready='0' idle='1'
Time: 105462500 ps  Iteration: 0  Process: /tb_AI_TRIGGER_TOP/dut/u_DUT/\gen_lanes(4)\/u_LANE/line__273  File: /home/work1/Works/AI-Trigger-System/HDL/rtl/CNN_CORE_LANE.vhd
Note: LANE4 started=2 fifo_empty='0' fifo_data_valid='1' ready='0'
Time: 106172500 ps  Iteration: 0  Process: /tb_AI_TRIGGER_TOP/dut/u_DUT/\gen_lanes(4)\/u_LANE/line__273  File: /home/work1/Works/AI-Trigger-System/HDL/rtl/CNN_CORE_LANE.vhd
Note: LANE4 ADC busy_clear stream_done_seen='0' wr_count=0
Time: 106182 ns  Iteration: 0  Process: /tb_AI_TRIGGER_TOP/dut/u_DUT/\gen_lanes(4)\/u_LANE/line__191  File: /home/work1/Works/AI-Trigger-System/HDL/rtl/CNN_CORE_LANE.vhd
Note: LANE4 CNN output_valid score_raw=1995 started=2
Time: 106397500 ps  Iteration: 0  Process: /tb_AI_TRIGGER_TOP/dut/u_DUT/\gen_lanes(4)\/u_LANE/line__273  File: /home/work1/Works/AI-Trigger-System/HDL/rtl/CNN_CORE_LANE.vhd
    89 | 0x000007cb    |      0.974121 |     0 |    1 |      1.015
Note: DIST chunk_start seq=90 lane=0 busy='0'
Time: 106990 ns  Iteration: 0  Process: /tb_AI_TRIGGER_TOP/dut/u_DUT/u_DIST/line__134  File: /home/work1/Works/AI-Trigger-System/HDL/rtl/ADC_CHUNK_DISTRIBUTOR.vhd
Note: LANE0 ADC chunk_accept count=3 fifo_full='0'
Time: 106990 ns  Iteration: 0  Process: /tb_AI_TRIGGER_TOP/dut/u_DUT/\gen_lanes(0)\/u_LANE/line__191  File: /home/work1/Works/AI-Trigger-System/HDL/rtl/CNN_CORE_LANE.vhd
Note: LANE0 started_next=3 fifo_empty='0' fifo_data_valid='1' ready='0' idle='1'
Time: 107027500 ps  Iteration: 0  Process: /tb_AI_TRIGGER_TOP/dut/u_DUT/\gen_lanes(0)\/u_LANE/line__273  File: /home/work1/Works/AI-Trigger-System/HDL/rtl/CNN_CORE_LANE.vhd
Note: LANE0 started=3 fifo_empty='0' fifo_data_valid='1' ready='0'
Time: 107737500 ps  Iteration: 0  Process: /tb_AI_TRIGGER_TOP/dut/u_DUT/\gen_lanes(0)\/u_LANE/line__273  File: /home/work1/Works/AI-Trigger-System/HDL/rtl/CNN_CORE_LANE.vhd
Note: LANE0 ADC busy_clear stream_done_seen='1' wr_count=0
Time: 107746 ns  Iteration: 0  Process: /tb_AI_TRIGGER_TOP/dut/u_DUT/\gen_lanes(0)\/u_LANE/line__191  File: /home/work1/Works/AI-Trigger-System/HDL/rtl/CNN_CORE_LANE.vhd
Note: LANE0 CNN output_valid score_raw=572 started=3
Time: 107962500 ps  Iteration: 0  Process: /tb_AI_TRIGGER_TOP/dut/u_DUT/\gen_lanes(0)\/u_LANE/line__273  File: /home/work1/Works/AI-Trigger-System/HDL/rtl/CNN_CORE_LANE.vhd
    90 | 0x0000023c    |      0.279297 |     0 |    1 |      1.015
Note: DIST chunk_start seq=91 lane=1 busy='0'
Time: 108558 ns  Iteration: 0  Process: /tb_AI_TRIGGER_TOP/dut/u_DUT/u_DIST/line__134  File: /home/work1/Works/AI-Trigger-System/HDL/rtl/ADC_CHUNK_DISTRIBUTOR.vhd
Note: LANE1 ADC chunk_accept count=3 fifo_full='0'
Time: 108558 ns  Iteration: 0  Process: /tb_AI_TRIGGER_TOP/dut/u_DUT/\gen_lanes(1)\/u_LANE/line__191  File: /home/work1/Works/AI-Trigger-System/HDL/rtl/CNN_CORE_LANE.vhd
Note: LANE1 started_next=3 fifo_empty='0' fifo_data_valid='1' ready='0' idle='1'
Time: 108592500 ps  Iteration: 0  Process: /tb_AI_TRIGGER_TOP/dut/u_DUT/\gen_lanes(1)\/u_LANE/line__273  File: /home/work1/Works/AI-Trigger-System/HDL/rtl/CNN_CORE_LANE.vhd
Note: LANE1 started=3 fifo_empty='0' fifo_data_valid='1' ready='0'
Time: 109302500 ps  Iteration: 0  Process: /tb_AI_TRIGGER_TOP/dut/u_DUT/\gen_lanes(1)\/u_LANE/line__273  File: /home/work1/Works/AI-Trigger-System/HDL/rtl/CNN_CORE_LANE.vhd
Note: LANE1 ADC busy_clear stream_done_seen='1' wr_count=0
Time: 109314 ns  Iteration: 0  Process: /tb_AI_TRIGGER_TOP/dut/u_DUT/\gen_lanes(1)\/u_LANE/line__191  File: /home/work1/Works/AI-Trigger-System/HDL/rtl/CNN_CORE_LANE.vhd
Note: LANE1 CNN output_valid score_raw=-284 started=3
Time: 109527500 ps  Iteration: 0  Process: /tb_AI_TRIGGER_TOP/dut/u_DUT/\gen_lanes(1)\/u_LANE/line__273  File: /home/work1/Works/AI-Trigger-System/HDL/rtl/CNN_CORE_LANE.vhd
    91 | 0x003ffee4    |     -0.138672 |     0 |    0 |      1.010
Note: DIST chunk_start seq=92 lane=2 busy='0'
Time: 109570 ns  Iteration: 0  Process: /tb_AI_TRIGGER_TOP/dut/u_DUT/u_DIST/line__134  File: /home/work1/Works/AI-Trigger-System/HDL/rtl/ADC_CHUNK_DISTRIBUTOR.vhd
Note: LANE2 ADC chunk_accept count=3 fifo_full='0'
Time: 109570 ns  Iteration: 0  Process: /tb_AI_TRIGGER_TOP/dut/u_DUT/\gen_lanes(2)\/u_LANE/line__191  File: /home/work1/Works/AI-Trigger-System/HDL/rtl/CNN_CORE_LANE.vhd
Note: LANE2 started_next=3 fifo_empty='0' fifo_data_valid='1' ready='0' idle='1'
Time: 109607500 ps  Iteration: 0  Process: /tb_AI_TRIGGER_TOP/dut/u_DUT/\gen_lanes(2)\/u_LANE/line__273  File: /home/work1/Works/AI-Trigger-System/HDL/rtl/CNN_CORE_LANE.vhd
Note: LANE2 started=3 fifo_empty='0' fifo_data_valid='1' ready='0'
Time: 110317500 ps  Iteration: 0  Process: /tb_AI_TRIGGER_TOP/dut/u_DUT/\gen_lanes(2)\/u_LANE/line__273  File: /home/work1/Works/AI-Trigger-System/HDL/rtl/CNN_CORE_LANE.vhd
Note: LANE2 ADC busy_clear stream_done_seen='1' wr_count=0
Time: 110326 ns  Iteration: 0  Process: /tb_AI_TRIGGER_TOP/dut/u_DUT/\gen_lanes(2)\/u_LANE/line__191  File: /home/work1/Works/AI-Trigger-System/HDL/rtl/CNN_CORE_LANE.vhd
Note: LANE2 CNN output_valid score_raw=-395 started=3
Time: 110542500 ps  Iteration: 0  Process: /tb_AI_TRIGGER_TOP/dut/u_DUT/\gen_lanes(2)\/u_LANE/line__273  File: /home/work1/Works/AI-Trigger-System/HDL/rtl/CNN_CORE_LANE.vhd
    92 | 0x003ffe75    |     -0.192871 |     0 |    0 |      1.015
Note: DIST chunk_start seq=93 lane=3 busy='0'
Time: 110586 ns  Iteration: 0  Process: /tb_AI_TRIGGER_TOP/dut/u_DUT/u_DIST/line__134  File: /home/work1/Works/AI-Trigger-System/HDL/rtl/ADC_CHUNK_DISTRIBUTOR.vhd
Note: LANE3 ADC chunk_accept count=3 fifo_full='0'
Time: 110586 ns  Iteration: 0  Process: /tb_AI_TRIGGER_TOP/dut/u_DUT/\gen_lanes(3)\/u_LANE/line__191  File: /home/work1/Works/AI-Trigger-System/HDL/rtl/CNN_CORE_LANE.vhd
Note: LANE3 started_next=3 fifo_empty='0' fifo_data_valid='1' ready='0' idle='1'
Time: 110622500 ps  Iteration: 0  Process: /tb_AI_TRIGGER_TOP/dut/u_DUT/\gen_lanes(3)\/u_LANE/line__273  File: /home/work1/Works/AI-Trigger-System/HDL/rtl/CNN_CORE_LANE.vhd
Note: LANE3 started=3 fifo_empty='0' fifo_data_valid='1' ready='0'
Time: 111332500 ps  Iteration: 0  Process: /tb_AI_TRIGGER_TOP/dut/u_DUT/\gen_lanes(3)\/u_LANE/line__273  File: /home/work1/Works/AI-Trigger-System/HDL/rtl/CNN_CORE_LANE.vhd
Note: LANE3 ADC busy_clear stream_done_seen='1' wr_count=0
Time: 111342 ns  Iteration: 0  Process: /tb_AI_TRIGGER_TOP/dut/u_DUT/\gen_lanes(3)\/u_LANE/line__191  File: /home/work1/Works/AI-Trigger-System/HDL/rtl/CNN_CORE_LANE.vhd
Note: LANE3 CNN output_valid score_raw=-276 started=3
Time: 111557500 ps  Iteration: 0  Process: /tb_AI_TRIGGER_TOP/dut/u_DUT/\gen_lanes(3)\/u_LANE/line__273  File: /home/work1/Works/AI-Trigger-System/HDL/rtl/CNN_CORE_LANE.vhd
    93 | 0x003ffeec    |     -0.134766 |     0 |    0 |      1.015
Note: DIST chunk_start seq=94 lane=4 busy='0'
Time: 111602 ns  Iteration: 0  Process: /tb_AI_TRIGGER_TOP/dut/u_DUT/u_DIST/line__134  File: /home/work1/Works/AI-Trigger-System/HDL/rtl/ADC_CHUNK_DISTRIBUTOR.vhd
Note: LANE4 ADC chunk_accept count=3 fifo_full='0'
Time: 111602 ns  Iteration: 0  Process: /tb_AI_TRIGGER_TOP/dut/u_DUT/\gen_lanes(4)\/u_LANE/line__191  File: /home/work1/Works/AI-Trigger-System/HDL/rtl/CNN_CORE_LANE.vhd
Note: LANE4 started_next=3 fifo_empty='0' fifo_data_valid='1' ready='0' idle='1'
Time: 111637500 ps  Iteration: 0  Process: /tb_AI_TRIGGER_TOP/dut/u_DUT/\gen_lanes(4)\/u_LANE/line__273  File: /home/work1/Works/AI-Trigger-System/HDL/rtl/CNN_CORE_LANE.vhd
Note: LANE4 started=3 fifo_empty='0' fifo_data_valid='1' ready='0'
Time: 112347500 ps  Iteration: 0  Process: /tb_AI_TRIGGER_TOP/dut/u_DUT/\gen_lanes(4)\/u_LANE/line__273  File: /home/work1/Works/AI-Trigger-System/HDL/rtl/CNN_CORE_LANE.vhd
Note: LANE4 ADC busy_clear stream_done_seen='1' wr_count=0
Time: 112358 ns  Iteration: 0  Process: /tb_AI_TRIGGER_TOP/dut/u_DUT/\gen_lanes(4)\/u_LANE/line__191  File: /home/work1/Works/AI-Trigger-System/HDL/rtl/CNN_CORE_LANE.vhd
Note: LANE4 CNN output_valid score_raw=635 started=3
Time: 112572500 ps  Iteration: 0  Process: /tb_AI_TRIGGER_TOP/dut/u_DUT/\gen_lanes(4)\/u_LANE/line__273  File: /home/work1/Works/AI-Trigger-System/HDL/rtl/CNN_CORE_LANE.vhd
    94 | 0x0000027b    |      0.310059 |     0 |    1 |      1.015
Note: DIST chunk_start seq=95 lane=0 busy='0'
Time: 113166 ns  Iteration: 0  Process: /tb_AI_TRIGGER_TOP/dut/u_DUT/u_DIST/line__134  File: /home/work1/Works/AI-Trigger-System/HDL/rtl/ADC_CHUNK_DISTRIBUTOR.vhd
Note: LANE0 ADC chunk_accept count=4 fifo_full='0'
Time: 113166 ns  Iteration: 0  Process: /tb_AI_TRIGGER_TOP/dut/u_DUT/\gen_lanes(0)\/u_LANE/line__191  File: /home/work1/Works/AI-Trigger-System/HDL/rtl/CNN_CORE_LANE.vhd
Note: LANE0 started_next=4 fifo_empty='0' fifo_data_valid='1' ready='0' idle='1'
Time: 113202500 ps  Iteration: 0  Process: /tb_AI_TRIGGER_TOP/dut/u_DUT/\gen_lanes(0)\/u_LANE/line__273  File: /home/work1/Works/AI-Trigger-System/HDL/rtl/CNN_CORE_LANE.vhd
Note: LANE0 started=4 fifo_empty='0' fifo_data_valid='1' ready='0'
Time: 113912500 ps  Iteration: 0  Process: /tb_AI_TRIGGER_TOP/dut/u_DUT/\gen_lanes(0)\/u_LANE/line__273  File: /home/work1/Works/AI-Trigger-System/HDL/rtl/CNN_CORE_LANE.vhd
Note: LANE0 ADC busy_clear stream_done_seen='0' wr_count=0
Time: 113922 ns  Iteration: 0  Process: /tb_AI_TRIGGER_TOP/dut/u_DUT/\gen_lanes(0)\/u_LANE/line__191  File: /home/work1/Works/AI-Trigger-System/HDL/rtl/CNN_CORE_LANE.vhd
Note: LANE0 CNN output_valid score_raw=-397 started=4
Time: 114137500 ps  Iteration: 0  Process: /tb_AI_TRIGGER_TOP/dut/u_DUT/\gen_lanes(0)\/u_LANE/line__273  File: /home/work1/Works/AI-Trigger-System/HDL/rtl/CNN_CORE_LANE.vhd
    95 | 0x003ffe73    |     -0.193848 |     0 |    0 |      1.015
Note: DIST chunk_start seq=96 lane=1 busy='0'
Time: 114182 ns  Iteration: 0  Process: /tb_AI_TRIGGER_TOP/dut/u_DUT/u_DIST/line__134  File: /home/work1/Works/AI-Trigger-System/HDL/rtl/ADC_CHUNK_DISTRIBUTOR.vhd
Note: LANE1 ADC chunk_accept count=4 fifo_full='0'
Time: 114182 ns  Iteration: 0  Process: /tb_AI_TRIGGER_TOP/dut/u_DUT/\gen_lanes(1)\/u_LANE/line__191  File: /home/work1/Works/AI-Trigger-System/HDL/rtl/CNN_CORE_LANE.vhd
Note: LANE1 started_next=4 fifo_empty='0' fifo_data_valid='1' ready='0' idle='1'
Time: 114217500 ps  Iteration: 0  Process: /tb_AI_TRIGGER_TOP/dut/u_DUT/\gen_lanes(1)\/u_LANE/line__273  File: /home/work1/Works/AI-Trigger-System/HDL/rtl/CNN_CORE_LANE.vhd
Note: LANE1 started=4 fifo_empty='0' fifo_data_valid='1' ready='0'
Time: 114927500 ps  Iteration: 0  Process: /tb_AI_TRIGGER_TOP/dut/u_DUT/\gen_lanes(1)\/u_LANE/line__273  File: /home/work1/Works/AI-Trigger-System/HDL/rtl/CNN_CORE_LANE.vhd
Note: LANE1 ADC busy_clear stream_done_seen='0' wr_count=0
Time: 114938 ns  Iteration: 0  Process: /tb_AI_TRIGGER_TOP/dut/u_DUT/\gen_lanes(1)\/u_LANE/line__191  File: /home/work1/Works/AI-Trigger-System/HDL/rtl/CNN_CORE_LANE.vhd
Note: LANE1 CNN output_valid score_raw=-2063 started=4
Time: 115152500 ps  Iteration: 0  Process: /tb_AI_TRIGGER_TOP/dut/u_DUT/\gen_lanes(1)\/u_LANE/line__273  File: /home/work1/Works/AI-Trigger-System/HDL/rtl/CNN_CORE_LANE.vhd
    96 | 0x003ff7f1    |     -1.007324 |     0 |    0 |      1.015
Note: DIST chunk_start seq=97 lane=2 busy='0'
Time: 115198 ns  Iteration: 0  Process: /tb_AI_TRIGGER_TOP/dut/u_DUT/u_DIST/line__134  File: /home/work1/Works/AI-Trigger-System/HDL/rtl/ADC_CHUNK_DISTRIBUTOR.vhd
Note: LANE2 ADC chunk_accept count=4 fifo_full='0'
Time: 115198 ns  Iteration: 0  Process: /tb_AI_TRIGGER_TOP/dut/u_DUT/\gen_lanes(2)\/u_LANE/line__191  File: /home/work1/Works/AI-Trigger-System/HDL/rtl/CNN_CORE_LANE.vhd
Note: LANE2 started_next=4 fifo_empty='0' fifo_data_valid='1' ready='0' idle='1'
Time: 115232500 ps  Iteration: 0  Process: /tb_AI_TRIGGER_TOP/dut/u_DUT/\gen_lanes(2)\/u_LANE/line__273  File: /home/work1/Works/AI-Trigger-System/HDL/rtl/CNN_CORE_LANE.vhd
Note: LANE2 started=4 fifo_empty='0' fifo_data_valid='1' ready='0'
Time: 115942500 ps  Iteration: 0  Process: /tb_AI_TRIGGER_TOP/dut/u_DUT/\gen_lanes(2)\/u_LANE/line__273  File: /home/work1/Works/AI-Trigger-System/HDL/rtl/CNN_CORE_LANE.vhd
Note: LANE2 ADC busy_clear stream_done_seen='0' wr_count=0
Time: 115954 ns  Iteration: 0  Process: /tb_AI_TRIGGER_TOP/dut/u_DUT/\gen_lanes(2)\/u_LANE/line__191  File: /home/work1/Works/AI-Trigger-System/HDL/rtl/CNN_CORE_LANE.vhd
Note: LANE2 CNN output_valid score_raw=-2834 started=4
Time: 116167500 ps  Iteration: 0  Process: /tb_AI_TRIGGER_TOP/dut/u_DUT/\gen_lanes(2)\/u_LANE/line__273  File: /home/work1/Works/AI-Trigger-System/HDL/rtl/CNN_CORE_LANE.vhd
    97 | 0x003ff4ee    |     -1.383789 |     0 |    0 |      1.010
Note: DIST chunk_start seq=98 lane=3 busy='0'
Time: 116210 ns  Iteration: 0  Process: /tb_AI_TRIGGER_TOP/dut/u_DUT/u_DIST/line__134  File: /home/work1/Works/AI-Trigger-System/HDL/rtl/ADC_CHUNK_DISTRIBUTOR.vhd
Note: LANE3 ADC chunk_accept count=4 fifo_full='0'
Time: 116210 ns  Iteration: 0  Process: /tb_AI_TRIGGER_TOP/dut/u_DUT/\gen_lanes(3)\/u_LANE/line__191  File: /home/work1/Works/AI-Trigger-System/HDL/rtl/CNN_CORE_LANE.vhd
Note: LANE3 started_next=4 fifo_empty='0' fifo_data_valid='1' ready='0' idle='1'
Time: 116247500 ps  Iteration: 0  Process: /tb_AI_TRIGGER_TOP/dut/u_DUT/\gen_lanes(3)\/u_LANE/line__273  File: /home/work1/Works/AI-Trigger-System/HDL/rtl/CNN_CORE_LANE.vhd
Note: LANE3 started=4 fifo_empty='0' fifo_data_valid='1' ready='0'
Time: 116957500 ps  Iteration: 0  Process: /tb_AI_TRIGGER_TOP/dut/u_DUT/\gen_lanes(3)\/u_LANE/line__273  File: /home/work1/Works/AI-Trigger-System/HDL/rtl/CNN_CORE_LANE.vhd
Note: LANE3 ADC busy_clear stream_done_seen='0' wr_count=0
Time: 116966 ns  Iteration: 0  Process: /tb_AI_TRIGGER_TOP/dut/u_DUT/\gen_lanes(3)\/u_LANE/line__191  File: /home/work1/Works/AI-Trigger-System/HDL/rtl/CNN_CORE_LANE.vhd
Note: LANE3 CNN output_valid score_raw=-2337 started=4
Time: 117182500 ps  Iteration: 0  Process: /tb_AI_TRIGGER_TOP/dut/u_DUT/\gen_lanes(3)\/u_LANE/line__273  File: /home/work1/Works/AI-Trigger-System/HDL/rtl/CNN_CORE_LANE.vhd
    98 | 0x003ff6df    |     -1.141113 |     0 |    0 |      1.015
Note: DIST chunk_start seq=99 lane=4 busy='0'
Time: 117226 ns  Iteration: 0  Process: /tb_AI_TRIGGER_TOP/dut/u_DUT/u_DIST/line__134  File: /home/work1/Works/AI-Trigger-System/HDL/rtl/ADC_CHUNK_DISTRIBUTOR.vhd
Note: LANE4 ADC chunk_accept count=4 fifo_full='0'
Time: 117226 ns  Iteration: 0  Process: /tb_AI_TRIGGER_TOP/dut/u_DUT/\gen_lanes(4)\/u_LANE/line__191  File: /home/work1/Works/AI-Trigger-System/HDL/rtl/CNN_CORE_LANE.vhd
Note: LANE4 started_next=4 fifo_empty='0' fifo_data_valid='1' ready='0' idle='1'
Time: 117262500 ps  Iteration: 0  Process: /tb_AI_TRIGGER_TOP/dut/u_DUT/\gen_lanes(4)\/u_LANE/line__273  File: /home/work1/Works/AI-Trigger-System/HDL/rtl/CNN_CORE_LANE.vhd
Note: LANE4 started=4 fifo_empty='0' fifo_data_valid='1' ready='0'
Time: 117972500 ps  Iteration: 0  Process: /tb_AI_TRIGGER_TOP/dut/u_DUT/\gen_lanes(4)\/u_LANE/line__273  File: /home/work1/Works/AI-Trigger-System/HDL/rtl/CNN_CORE_LANE.vhd
Note: LANE4 ADC busy_clear stream_done_seen='0' wr_count=0
Time: 117982 ns  Iteration: 0  Process: /tb_AI_TRIGGER_TOP/dut/u_DUT/\gen_lanes(4)\/u_LANE/line__191  File: /home/work1/Works/AI-Trigger-System/HDL/rtl/CNN_CORE_LANE.vhd
Note: LANE4 CNN output_valid score_raw=-1890 started=4
Time: 118197500 ps  Iteration: 0  Process: /tb_AI_TRIGGER_TOP/dut/u_DUT/\gen_lanes(4)\/u_LANE/line__273  File: /home/work1/Works/AI-Trigger-System/HDL/rtl/CNN_CORE_LANE.vhd
    99 | 0x003ff89e    |     -0.922852 |     0 |    0 |      1.015
Note: DIST chunk_start seq=100 lane=0 busy='0'
Time: 118242 ns  Iteration: 0  Process: /tb_AI_TRIGGER_TOP/dut/u_DUT/u_DIST/line__134  File: /home/work1/Works/AI-Trigger-System/HDL/rtl/ADC_CHUNK_DISTRIBUTOR.vhd
Note: LANE0 ADC chunk_accept count=5 fifo_full='0'
Time: 118242 ns  Iteration: 0  Process: /tb_AI_TRIGGER_TOP/dut/u_DUT/\gen_lanes(0)\/u_LANE/line__191  File: /home/work1/Works/AI-Trigger-System/HDL/rtl/CNN_CORE_LANE.vhd
Note: LANE0 started_next=5 fifo_empty='0' fifo_data_valid='1' ready='0' idle='1'
Time: 118277500 ps  Iteration: 0  Process: /tb_AI_TRIGGER_TOP/dut/u_DUT/\gen_lanes(0)\/u_LANE/line__273  File: /home/work1/Works/AI-Trigger-System/HDL/rtl/CNN_CORE_LANE.vhd
Note: LANE0 started=5 fifo_empty='0' fifo_data_valid='1' ready='0'
Time: 118987500 ps  Iteration: 0  Process: /tb_AI_TRIGGER_TOP/dut/u_DUT/\gen_lanes(0)\/u_LANE/line__273  File: /home/work1/Works/AI-Trigger-System/HDL/rtl/CNN_CORE_LANE.vhd
Note: LANE0 ADC busy_clear stream_done_seen='1' wr_count=0
Time: 118998 ns  Iteration: 0  Process: /tb_AI_TRIGGER_TOP/dut/u_DUT/\gen_lanes(0)\/u_LANE/line__191  File: /home/work1/Works/AI-Trigger-System/HDL/rtl/CNN_CORE_LANE.vhd
Note: LANE0 CNN output_valid score_raw=-1779 started=5
Time: 119212500 ps  Iteration: 0  Process: /tb_AI_TRIGGER_TOP/dut/u_DUT/\gen_lanes(0)\/u_LANE/line__273  File: /home/work1/Works/AI-Trigger-System/HDL/rtl/CNN_CORE_LANE.vhd
   100 | 0x003ff90d    |     -0.868652 |     0 |    0 |      1.015
Note: DIST chunk_start seq=101 lane=1 busy='0'
Time: 119258 ns  Iteration: 0  Process: /tb_AI_TRIGGER_TOP/dut/u_DUT/u_DIST/line__134  File: /home/work1/Works/AI-Trigger-System/HDL/rtl/ADC_CHUNK_DISTRIBUTOR.vhd
Note: LANE1 ADC chunk_accept count=5 fifo_full='0'
Time: 119258 ns  Iteration: 0  Process: /tb_AI_TRIGGER_TOP/dut/u_DUT/\gen_lanes(1)\/u_LANE/line__191  File: /home/work1/Works/AI-Trigger-System/HDL/rtl/CNN_CORE_LANE.vhd
Note: LANE1 started_next=5 fifo_empty='0' fifo_data_valid='1' ready='0' idle='1'
Time: 119292500 ps  Iteration: 0  Process: /tb_AI_TRIGGER_TOP/dut/u_DUT/\gen_lanes(1)\/u_LANE/line__273  File: /home/work1/Works/AI-Trigger-System/HDL/rtl/CNN_CORE_LANE.vhd
Note: LANE1 started=5 fifo_empty='0' fifo_data_valid='1' ready='0'
Time: 120002500 ps  Iteration: 0  Process: /tb_AI_TRIGGER_TOP/dut/u_DUT/\gen_lanes(1)\/u_LANE/line__273  File: /home/work1/Works/AI-Trigger-System/HDL/rtl/CNN_CORE_LANE.vhd
Note: LANE1 ADC busy_clear stream_done_seen='1' wr_count=0
Time: 120014 ns  Iteration: 0  Process: /tb_AI_TRIGGER_TOP/dut/u_DUT/\gen_lanes(1)\/u_LANE/line__191  File: /home/work1/Works/AI-Trigger-System/HDL/rtl/CNN_CORE_LANE.vhd
Note: LANE1 CNN output_valid score_raw=-2811 started=5
Time: 120227500 ps  Iteration: 0  Process: /tb_AI_TRIGGER_TOP/dut/u_DUT/\gen_lanes(1)\/u_LANE/line__273  File: /home/work1/Works/AI-Trigger-System/HDL/rtl/CNN_CORE_LANE.vhd
   101 | 0x003ff505    |     -1.372559 |     0 |    0 |      1.010
Note: DIST chunk_start seq=102 lane=2 busy='0'
Time: 120270 ns  Iteration: 0  Process: /tb_AI_TRIGGER_TOP/dut/u_DUT/u_DIST/line__134  File: /home/work1/Works/AI-Trigger-System/HDL/rtl/ADC_CHUNK_DISTRIBUTOR.vhd
Note: LANE2 ADC chunk_accept count=5 fifo_full='0'
Time: 120270 ns  Iteration: 0  Process: /tb_AI_TRIGGER_TOP/dut/u_DUT/\gen_lanes(2)\/u_LANE/line__191  File: /home/work1/Works/AI-Trigger-System/HDL/rtl/CNN_CORE_LANE.vhd
Note: LANE2 started_next=5 fifo_empty='0' fifo_data_valid='1' ready='0' idle='1'
Time: 120307500 ps  Iteration: 0  Process: /tb_AI_TRIGGER_TOP/dut/u_DUT/\gen_lanes(2)\/u_LANE/line__273  File: /home/work1/Works/AI-Trigger-System/HDL/rtl/CNN_CORE_LANE.vhd
Note: LANE2 started=5 fifo_empty='0' fifo_data_valid='1' ready='0'
Time: 121017500 ps  Iteration: 0  Process: /tb_AI_TRIGGER_TOP/dut/u_DUT/\gen_lanes(2)\/u_LANE/line__273  File: /home/work1/Works/AI-Trigger-System/HDL/rtl/CNN_CORE_LANE.vhd
Note: LANE2 ADC busy_clear stream_done_seen='1' wr_count=0
Time: 121026 ns  Iteration: 0  Process: /tb_AI_TRIGGER_TOP/dut/u_DUT/\gen_lanes(2)\/u_LANE/line__191  File: /home/work1/Works/AI-Trigger-System/HDL/rtl/CNN_CORE_LANE.vhd
Note: LANE2 CNN output_valid score_raw=-3453 started=5
Time: 121242500 ps  Iteration: 0  Process: /tb_AI_TRIGGER_TOP/dut/u_DUT/\gen_lanes(2)\/u_LANE/line__273  File: /home/work1/Works/AI-Trigger-System/HDL/rtl/CNN_CORE_LANE.vhd
   102 | 0x003ff283    |     -1.686035 |     0 |    0 |      1.015
Note: DIST chunk_start seq=103 lane=3 busy='0'
Time: 121286 ns  Iteration: 0  Process: /tb_AI_TRIGGER_TOP/dut/u_DUT/u_DIST/line__134  File: /home/work1/Works/AI-Trigger-System/HDL/rtl/ADC_CHUNK_DISTRIBUTOR.vhd
Note: LANE3 ADC chunk_accept count=5 fifo_full='0'
Time: 121286 ns  Iteration: 0  Process: /tb_AI_TRIGGER_TOP/dut/u_DUT/\gen_lanes(3)\/u_LANE/line__191  File: /home/work1/Works/AI-Trigger-System/HDL/rtl/CNN_CORE_LANE.vhd
Note: LANE3 started_next=5 fifo_empty='0' fifo_data_valid='1' ready='0' idle='1'
Time: 121322500 ps  Iteration: 0  Process: /tb_AI_TRIGGER_TOP/dut/u_DUT/\gen_lanes(3)\/u_LANE/line__273  File: /home/work1/Works/AI-Trigger-System/HDL/rtl/CNN_CORE_LANE.vhd
Note: LANE3 started=5 fifo_empty='0' fifo_data_valid='1' ready='0'
Time: 122032500 ps  Iteration: 0  Process: /tb_AI_TRIGGER_TOP/dut/u_DUT/\gen_lanes(3)\/u_LANE/line__273  File: /home/work1/Works/AI-Trigger-System/HDL/rtl/CNN_CORE_LANE.vhd
Note: LANE3 ADC busy_clear stream_done_seen='1' wr_count=0
Time: 122042 ns  Iteration: 0  Process: /tb_AI_TRIGGER_TOP/dut/u_DUT/\gen_lanes(3)\/u_LANE/line__191  File: /home/work1/Works/AI-Trigger-System/HDL/rtl/CNN_CORE_LANE.vhd
Note: LANE3 CNN output_valid score_raw=-3971 started=5
Time: 122257500 ps  Iteration: 0  Process: /tb_AI_TRIGGER_TOP/dut/u_DUT/\gen_lanes(3)\/u_LANE/line__273  File: /home/work1/Works/AI-Trigger-System/HDL/rtl/CNN_CORE_LANE.vhd
   103 | 0x003ff07d    |     -1.938965 |     0 |    0 |      1.015
Note: DIST chunk_start seq=104 lane=4 busy='0'
Time: 122302 ns  Iteration: 0  Process: /tb_AI_TRIGGER_TOP/dut/u_DUT/u_DIST/line__134  File: /home/work1/Works/AI-Trigger-System/HDL/rtl/ADC_CHUNK_DISTRIBUTOR.vhd
Note: LANE4 ADC chunk_accept count=5 fifo_full='0'
Time: 122302 ns  Iteration: 0  Process: /tb_AI_TRIGGER_TOP/dut/u_DUT/\gen_lanes(4)\/u_LANE/line__191  File: /home/work1/Works/AI-Trigger-System/HDL/rtl/CNN_CORE_LANE.vhd
Note: LANE4 started_next=5 fifo_empty='0' fifo_data_valid='1' ready='0' idle='1'
Time: 122337500 ps  Iteration: 0  Process: /tb_AI_TRIGGER_TOP/dut/u_DUT/\gen_lanes(4)\/u_LANE/line__273  File: /home/work1/Works/AI-Trigger-System/HDL/rtl/CNN_CORE_LANE.vhd
Note: LANE4 started=5 fifo_empty='0' fifo_data_valid='1' ready='0'
Time: 123047500 ps  Iteration: 0  Process: /tb_AI_TRIGGER_TOP/dut/u_DUT/\gen_lanes(4)\/u_LANE/line__273  File: /home/work1/Works/AI-Trigger-System/HDL/rtl/CNN_CORE_LANE.vhd
Note: LANE4 ADC busy_clear stream_done_seen='1' wr_count=0
Time: 123058 ns  Iteration: 0  Process: /tb_AI_TRIGGER_TOP/dut/u_DUT/\gen_lanes(4)\/u_LANE/line__191  File: /home/work1/Works/AI-Trigger-System/HDL/rtl/CNN_CORE_LANE.vhd
Note: LANE4 CNN output_valid score_raw=-3821 started=5
Time: 123272500 ps  Iteration: 0  Process: /tb_AI_TRIGGER_TOP/dut/u_DUT/\gen_lanes(4)\/u_LANE/line__273  File: /home/work1/Works/AI-Trigger-System/HDL/rtl/CNN_CORE_LANE.vhd
   104 | 0x003ff113    |     -1.865723 |     0 |    0 |      1.015
Note: DIST chunk_start seq=105 lane=0 busy='0'
Time: 123318 ns  Iteration: 0  Process: /tb_AI_TRIGGER_TOP/dut/u_DUT/u_DIST/line__134  File: /home/work1/Works/AI-Trigger-System/HDL/rtl/ADC_CHUNK_DISTRIBUTOR.vhd
Note: LANE0 ADC chunk_accept count=6 fifo_full='0'
Time: 123318 ns  Iteration: 0  Process: /tb_AI_TRIGGER_TOP/dut/u_DUT/\gen_lanes(0)\/u_LANE/line__191  File: /home/work1/Works/AI-Trigger-System/HDL/rtl/CNN_CORE_LANE.vhd
Note: LANE0 started_next=6 fifo_empty='0' fifo_data_valid='1' ready='0' idle='1'
Time: 123352500 ps  Iteration: 0  Process: /tb_AI_TRIGGER_TOP/dut/u_DUT/\gen_lanes(0)\/u_LANE/line__273  File: /home/work1/Works/AI-Trigger-System/HDL/rtl/CNN_CORE_LANE.vhd
Note: LANE0 started=6 fifo_empty='0' fifo_data_valid='1' ready='0'
Time: 124062500 ps  Iteration: 0  Process: /tb_AI_TRIGGER_TOP/dut/u_DUT/\gen_lanes(0)\/u_LANE/line__273  File: /home/work1/Works/AI-Trigger-System/HDL/rtl/CNN_CORE_LANE.vhd
Note: LANE0 ADC busy_clear stream_done_seen='0' wr_count=0
Time: 124074 ns  Iteration: 0  Process: /tb_AI_TRIGGER_TOP/dut/u_DUT/\gen_lanes(0)\/u_LANE/line__191  File: /home/work1/Works/AI-Trigger-System/HDL/rtl/CNN_CORE_LANE.vhd
Note: LANE0 CNN output_valid score_raw=-3551 started=6
Time: 124287500 ps  Iteration: 0  Process: /tb_AI_TRIGGER_TOP/dut/u_DUT/\gen_lanes(0)\/u_LANE/line__273  File: /home/work1/Works/AI-Trigger-System/HDL/rtl/CNN_CORE_LANE.vhd
   105 | 0x003ff221    |     -1.733887 |     0 |    0 |      1.010
Note: DIST chunk_start seq=106 lane=1 busy='0'
Time: 124330 ns  Iteration: 0  Process: /tb_AI_TRIGGER_TOP/dut/u_DUT/u_DIST/line__134  File: /home/work1/Works/AI-Trigger-System/HDL/rtl/ADC_CHUNK_DISTRIBUTOR.vhd
Note: LANE1 ADC chunk_accept count=6 fifo_full='0'
Time: 124330 ns  Iteration: 0  Process: /tb_AI_TRIGGER_TOP/dut/u_DUT/\gen_lanes(1)\/u_LANE/line__191  File: /home/work1/Works/AI-Trigger-System/HDL/rtl/CNN_CORE_LANE.vhd
Note: LANE1 started_next=6 fifo_empty='0' fifo_data_valid='1' ready='0' idle='1'
Time: 124367500 ps  Iteration: 0  Process: /tb_AI_TRIGGER_TOP/dut/u_DUT/\gen_lanes(1)\/u_LANE/line__273  File: /home/work1/Works/AI-Trigger-System/HDL/rtl/CNN_CORE_LANE.vhd
Note: LANE1 started=6 fifo_empty='0' fifo_data_valid='1' ready='0'
Time: 125077500 ps  Iteration: 0  Process: /tb_AI_TRIGGER_TOP/dut/u_DUT/\gen_lanes(1)\/u_LANE/line__273  File: /home/work1/Works/AI-Trigger-System/HDL/rtl/CNN_CORE_LANE.vhd
Note: LANE1 ADC busy_clear stream_done_seen='0' wr_count=0
Time: 125086 ns  Iteration: 0  Process: /tb_AI_TRIGGER_TOP/dut/u_DUT/\gen_lanes(1)\/u_LANE/line__191  File: /home/work1/Works/AI-Trigger-System/HDL/rtl/CNN_CORE_LANE.vhd
Note: LANE1 CNN output_valid score_raw=-3595 started=6
Time: 125302500 ps  Iteration: 0  Process: /tb_AI_TRIGGER_TOP/dut/u_DUT/\gen_lanes(1)\/u_LANE/line__273  File: /home/work1/Works/AI-Trigger-System/HDL/rtl/CNN_CORE_LANE.vhd
   106 | 0x003ff1f5    |     -1.755371 |     0 |    0 |      1.015
Note: DIST chunk_start seq=107 lane=2 busy='0'
Time: 125346 ns  Iteration: 0  Process: /tb_AI_TRIGGER_TOP/dut/u_DUT/u_DIST/line__134  File: /home/work1/Works/AI-Trigger-System/HDL/rtl/ADC_CHUNK_DISTRIBUTOR.vhd
Note: LANE2 ADC chunk_accept count=6 fifo_full='0'
Time: 125346 ns  Iteration: 0  Process: /tb_AI_TRIGGER_TOP/dut/u_DUT/\gen_lanes(2)\/u_LANE/line__191  File: /home/work1/Works/AI-Trigger-System/HDL/rtl/CNN_CORE_LANE.vhd
Note: LANE2 started_next=6 fifo_empty='0' fifo_data_valid='1' ready='0' idle='1'
Time: 125382500 ps  Iteration: 0  Process: /tb_AI_TRIGGER_TOP/dut/u_DUT/\gen_lanes(2)\/u_LANE/line__273  File: /home/work1/Works/AI-Trigger-System/HDL/rtl/CNN_CORE_LANE.vhd
Note: LANE2 started=6 fifo_empty='0' fifo_data_valid='1' ready='0'
Time: 126092500 ps  Iteration: 0  Process: /tb_AI_TRIGGER_TOP/dut/u_DUT/\gen_lanes(2)\/u_LANE/line__273  File: /home/work1/Works/AI-Trigger-System/HDL/rtl/CNN_CORE_LANE.vhd
Note: LANE2 ADC busy_clear stream_done_seen='0' wr_count=0
Time: 126102 ns  Iteration: 0  Process: /tb_AI_TRIGGER_TOP/dut/u_DUT/\gen_lanes(2)\/u_LANE/line__191  File: /home/work1/Works/AI-Trigger-System/HDL/rtl/CNN_CORE_LANE.vhd
Note: LANE2 CNN output_valid score_raw=-4444 started=6
Time: 126317500 ps  Iteration: 0  Process: /tb_AI_TRIGGER_TOP/dut/u_DUT/\gen_lanes(2)\/u_LANE/line__273  File: /home/work1/Works/AI-Trigger-System/HDL/rtl/CNN_CORE_LANE.vhd
   107 | 0x003feea4    |     -2.169922 |     0 |    0 |      1.015
Note: DIST chunk_start seq=108 lane=3 busy='0'
Time: 126362 ns  Iteration: 0  Process: /tb_AI_TRIGGER_TOP/dut/u_DUT/u_DIST/line__134  File: /home/work1/Works/AI-Trigger-System/HDL/rtl/ADC_CHUNK_DISTRIBUTOR.vhd
Note: LANE3 ADC chunk_accept count=6 fifo_full='0'
Time: 126362 ns  Iteration: 0  Process: /tb_AI_TRIGGER_TOP/dut/u_DUT/\gen_lanes(3)\/u_LANE/line__191  File: /home/work1/Works/AI-Trigger-System/HDL/rtl/CNN_CORE_LANE.vhd
Note: LANE3 started_next=6 fifo_empty='0' fifo_data_valid='1' ready='0' idle='1'
Time: 126397500 ps  Iteration: 0  Process: /tb_AI_TRIGGER_TOP/dut/u_DUT/\gen_lanes(3)\/u_LANE/line__273  File: /home/work1/Works/AI-Trigger-System/HDL/rtl/CNN_CORE_LANE.vhd
Note: LANE3 started=6 fifo_empty='0' fifo_data_valid='1' ready='0'
Time: 127107500 ps  Iteration: 0  Process: /tb_AI_TRIGGER_TOP/dut/u_DUT/\gen_lanes(3)\/u_LANE/line__273  File: /home/work1/Works/AI-Trigger-System/HDL/rtl/CNN_CORE_LANE.vhd
Note: LANE3 ADC busy_clear stream_done_seen='0' wr_count=0
Time: 127118 ns  Iteration: 0  Process: /tb_AI_TRIGGER_TOP/dut/u_DUT/\gen_lanes(3)\/u_LANE/line__191  File: /home/work1/Works/AI-Trigger-System/HDL/rtl/CNN_CORE_LANE.vhd
Note: LANE3 CNN output_valid score_raw=-4329 started=6
Time: 127332500 ps  Iteration: 0  Process: /tb_AI_TRIGGER_TOP/dut/u_DUT/\gen_lanes(3)\/u_LANE/line__273  File: /home/work1/Works/AI-Trigger-System/HDL/rtl/CNN_CORE_LANE.vhd
   108 | 0x003fef17    |     -2.113770 |     0 |    0 |      1.015
Note: DIST chunk_start seq=109 lane=4 busy='0'
Time: 127378 ns  Iteration: 0  Process: /tb_AI_TRIGGER_TOP/dut/u_DUT/u_DIST/line__134  File: /home/work1/Works/AI-Trigger-System/HDL/rtl/ADC_CHUNK_DISTRIBUTOR.vhd
Note: LANE4 ADC chunk_accept count=6 fifo_full='0'
Time: 127378 ns  Iteration: 0  Process: /tb_AI_TRIGGER_TOP/dut/u_DUT/\gen_lanes(4)\/u_LANE/line__191  File: /home/work1/Works/AI-Trigger-System/HDL/rtl/CNN_CORE_LANE.vhd
Note: LANE4 started_next=6 fifo_empty='0' fifo_data_valid='1' ready='0' idle='1'
Time: 127412500 ps  Iteration: 0  Process: /tb_AI_TRIGGER_TOP/dut/u_DUT/\gen_lanes(4)\/u_LANE/line__273  File: /home/work1/Works/AI-Trigger-System/HDL/rtl/CNN_CORE_LANE.vhd
Note: LANE4 started=6 fifo_empty='0' fifo_data_valid='1' ready='0'
Time: 128122500 ps  Iteration: 0  Process: /tb_AI_TRIGGER_TOP/dut/u_DUT/\gen_lanes(4)\/u_LANE/line__273  File: /home/work1/Works/AI-Trigger-System/HDL/rtl/CNN_CORE_LANE.vhd
Note: LANE4 ADC busy_clear stream_done_seen='0' wr_count=0
Time: 128134 ns  Iteration: 0  Process: /tb_AI_TRIGGER_TOP/dut/u_DUT/\gen_lanes(4)\/u_LANE/line__191  File: /home/work1/Works/AI-Trigger-System/HDL/rtl/CNN_CORE_LANE.vhd
Note: LANE4 CNN output_valid score_raw=-4398 started=6
Time: 128347500 ps  Iteration: 0  Process: /tb_AI_TRIGGER_TOP/dut/u_DUT/\gen_lanes(4)\/u_LANE/line__273  File: /home/work1/Works/AI-Trigger-System/HDL/rtl/CNN_CORE_LANE.vhd
   109 | 0x003feed2    |     -2.147461 |     0 |    0 |      1.010
Note: DIST chunk_start seq=110 lane=0 busy='0'
Time: 128390 ns  Iteration: 0  Process: /tb_AI_TRIGGER_TOP/dut/u_DUT/u_DIST/line__134  File: /home/work1/Works/AI-Trigger-System/HDL/rtl/ADC_CHUNK_DISTRIBUTOR.vhd
Note: LANE0 ADC chunk_accept count=7 fifo_full='0'
Time: 128390 ns  Iteration: 0  Process: /tb_AI_TRIGGER_TOP/dut/u_DUT/\gen_lanes(0)\/u_LANE/line__191  File: /home/work1/Works/AI-Trigger-System/HDL/rtl/CNN_CORE_LANE.vhd
Note: LANE0 started_next=7 fifo_empty='0' fifo_data_valid='1' ready='0' idle='1'
Time: 128427500 ps  Iteration: 0  Process: /tb_AI_TRIGGER_TOP/dut/u_DUT/\gen_lanes(0)\/u_LANE/line__273  File: /home/work1/Works/AI-Trigger-System/HDL/rtl/CNN_CORE_LANE.vhd
Note: LANE0 started=7 fifo_empty='0' fifo_data_valid='1' ready='0'
Time: 129137500 ps  Iteration: 0  Process: /tb_AI_TRIGGER_TOP/dut/u_DUT/\gen_lanes(0)\/u_LANE/line__273  File: /home/work1/Works/AI-Trigger-System/HDL/rtl/CNN_CORE_LANE.vhd
Note: LANE0 ADC busy_clear stream_done_seen='1' wr_count=0
Time: 129146 ns  Iteration: 0  Process: /tb_AI_TRIGGER_TOP/dut/u_DUT/\gen_lanes(0)\/u_LANE/line__191  File: /home/work1/Works/AI-Trigger-System/HDL/rtl/CNN_CORE_LANE.vhd
Note: LANE0 CNN output_valid score_raw=-4570 started=7
Time: 129362500 ps  Iteration: 0  Process: /tb_AI_TRIGGER_TOP/dut/u_DUT/\gen_lanes(0)\/u_LANE/line__273  File: /home/work1/Works/AI-Trigger-System/HDL/rtl/CNN_CORE_LANE.vhd
   110 | 0x003fee26    |     -2.231445 |     0 |    0 |      1.015
Note: DIST chunk_start seq=111 lane=1 busy='0'
Time: 129406 ns  Iteration: 0  Process: /tb_AI_TRIGGER_TOP/dut/u_DUT/u_DIST/line__134  File: /home/work1/Works/AI-Trigger-System/HDL/rtl/ADC_CHUNK_DISTRIBUTOR.vhd
Note: LANE1 ADC chunk_accept count=7 fifo_full='0'
Time: 129406 ns  Iteration: 0  Process: /tb_AI_TRIGGER_TOP/dut/u_DUT/\gen_lanes(1)\/u_LANE/line__191  File: /home/work1/Works/AI-Trigger-System/HDL/rtl/CNN_CORE_LANE.vhd
Note: LANE1 started_next=7 fifo_empty='0' fifo_data_valid='1' ready='0' idle='1'
Time: 129442500 ps  Iteration: 0  Process: /tb_AI_TRIGGER_TOP/dut/u_DUT/\gen_lanes(1)\/u_LANE/line__273  File: /home/work1/Works/AI-Trigger-System/HDL/rtl/CNN_CORE_LANE.vhd
Note: LANE1 started=7 fifo_empty='0' fifo_data_valid='1' ready='0'
Time: 130152500 ps  Iteration: 0  Process: /tb_AI_TRIGGER_TOP/dut/u_DUT/\gen_lanes(1)\/u_LANE/line__273  File: /home/work1/Works/AI-Trigger-System/HDL/rtl/CNN_CORE_LANE.vhd
Note: LANE1 ADC busy_clear stream_done_seen='1' wr_count=0
Time: 130162 ns  Iteration: 0  Process: /tb_AI_TRIGGER_TOP/dut/u_DUT/\gen_lanes(1)\/u_LANE/line__191  File: /home/work1/Works/AI-Trigger-System/HDL/rtl/CNN_CORE_LANE.vhd
Note: LANE1 CNN output_valid score_raw=-4469 started=7
Time: 130377500 ps  Iteration: 0  Process: /tb_AI_TRIGGER_TOP/dut/u_DUT/\gen_lanes(1)\/u_LANE/line__273  File: /home/work1/Works/AI-Trigger-System/HDL/rtl/CNN_CORE_LANE.vhd
   111 | 0x003fee8b    |     -2.182129 |     0 |    0 |      1.015
Note: DIST chunk_start seq=112 lane=2 busy='0'
Time: 130422 ns  Iteration: 0  Process: /tb_AI_TRIGGER_TOP/dut/u_DUT/u_DIST/line__134  File: /home/work1/Works/AI-Trigger-System/HDL/rtl/ADC_CHUNK_DISTRIBUTOR.vhd
Note: LANE2 ADC chunk_accept count=7 fifo_full='0'
Time: 130422 ns  Iteration: 0  Process: /tb_AI_TRIGGER_TOP/dut/u_DUT/\gen_lanes(2)\/u_LANE/line__191  File: /home/work1/Works/AI-Trigger-System/HDL/rtl/CNN_CORE_LANE.vhd
Note: LANE2 started_next=7 fifo_empty='0' fifo_data_valid='1' ready='0' idle='1'
Time: 130457500 ps  Iteration: 0  Process: /tb_AI_TRIGGER_TOP/dut/u_DUT/\gen_lanes(2)\/u_LANE/line__273  File: /home/work1/Works/AI-Trigger-System/HDL/rtl/CNN_CORE_LANE.vhd
Note: LANE2 started=7 fifo_empty='0' fifo_data_valid='1' ready='0'
Time: 131167500 ps  Iteration: 0  Process: /tb_AI_TRIGGER_TOP/dut/u_DUT/\gen_lanes(2)\/u_LANE/line__273  File: /home/work1/Works/AI-Trigger-System/HDL/rtl/CNN_CORE_LANE.vhd
Note: LANE2 ADC busy_clear stream_done_seen='1' wr_count=0
Time: 131178 ns  Iteration: 0  Process: /tb_AI_TRIGGER_TOP/dut/u_DUT/\gen_lanes(2)\/u_LANE/line__191  File: /home/work1/Works/AI-Trigger-System/HDL/rtl/CNN_CORE_LANE.vhd
Note: LANE2 CNN output_valid score_raw=-4640 started=7
Time: 131392500 ps  Iteration: 0  Process: /tb_AI_TRIGGER_TOP/dut/u_DUT/\gen_lanes(2)\/u_LANE/line__273  File: /home/work1/Works/AI-Trigger-System/HDL/rtl/CNN_CORE_LANE.vhd
   112 | 0x003fede0    |     -2.265625 |     0 |    0 |      1.015
Note: DIST chunk_start seq=113 lane=3 busy='0'
Time: 131438 ns  Iteration: 0  Process: /tb_AI_TRIGGER_TOP/dut/u_DUT/u_DIST/line__134  File: /home/work1/Works/AI-Trigger-System/HDL/rtl/ADC_CHUNK_DISTRIBUTOR.vhd
Note: LANE3 ADC chunk_accept count=7 fifo_full='0'
Time: 131438 ns  Iteration: 0  Process: /tb_AI_TRIGGER_TOP/dut/u_DUT/\gen_lanes(3)\/u_LANE/line__191  File: /home/work1/Works/AI-Trigger-System/HDL/rtl/CNN_CORE_LANE.vhd
Note: LANE3 started_next=7 fifo_empty='0' fifo_data_valid='1' ready='0' idle='1'
Time: 131472500 ps  Iteration: 0  Process: /tb_AI_TRIGGER_TOP/dut/u_DUT/\gen_lanes(3)\/u_LANE/line__273  File: /home/work1/Works/AI-Trigger-System/HDL/rtl/CNN_CORE_LANE.vhd
Note: LANE3 started=7 fifo_empty='0' fifo_data_valid='1' ready='0'
Time: 132182500 ps  Iteration: 0  Process: /tb_AI_TRIGGER_TOP/dut/u_DUT/\gen_lanes(3)\/u_LANE/line__273  File: /home/work1/Works/AI-Trigger-System/HDL/rtl/CNN_CORE_LANE.vhd
Note: LANE3 ADC busy_clear stream_done_seen='1' wr_count=0
Time: 132194 ns  Iteration: 0  Process: /tb_AI_TRIGGER_TOP/dut/u_DUT/\gen_lanes(3)\/u_LANE/line__191  File: /home/work1/Works/AI-Trigger-System/HDL/rtl/CNN_CORE_LANE.vhd
Note: LANE3 CNN output_valid score_raw=-5124 started=7
Time: 132407500 ps  Iteration: 0  Process: /tb_AI_TRIGGER_TOP/dut/u_DUT/\gen_lanes(3)\/u_LANE/line__273  File: /home/work1/Works/AI-Trigger-System/HDL/rtl/CNN_CORE_LANE.vhd
   113 | 0x003febfc    |     -2.501953 |     0 |    0 |      1.010
Note: DIST chunk_start seq=114 lane=4 busy='0'
Time: 132450 ns  Iteration: 0  Process: /tb_AI_TRIGGER_TOP/dut/u_DUT/u_DIST/line__134  File: /home/work1/Works/AI-Trigger-System/HDL/rtl/ADC_CHUNK_DISTRIBUTOR.vhd
Note: LANE4 ADC chunk_accept count=7 fifo_full='0'
Time: 132450 ns  Iteration: 0  Process: /tb_AI_TRIGGER_TOP/dut/u_DUT/\gen_lanes(4)\/u_LANE/line__191  File: /home/work1/Works/AI-Trigger-System/HDL/rtl/CNN_CORE_LANE.vhd
Note: LANE4 started_next=7 fifo_empty='0' fifo_data_valid='1' ready='0' idle='1'
Time: 132487500 ps  Iteration: 0  Process: /tb_AI_TRIGGER_TOP/dut/u_DUT/\gen_lanes(4)\/u_LANE/line__273  File: /home/work1/Works/AI-Trigger-System/HDL/rtl/CNN_CORE_LANE.vhd
Note: LANE4 started=7 fifo_empty='0' fifo_data_valid='1' ready='0'
Time: 133197500 ps  Iteration: 0  Process: /tb_AI_TRIGGER_TOP/dut/u_DUT/\gen_lanes(4)\/u_LANE/line__273  File: /home/work1/Works/AI-Trigger-System/HDL/rtl/CNN_CORE_LANE.vhd
Note: LANE4 ADC busy_clear stream_done_seen='1' wr_count=0
Time: 133206 ns  Iteration: 0  Process: /tb_AI_TRIGGER_TOP/dut/u_DUT/\gen_lanes(4)\/u_LANE/line__191  File: /home/work1/Works/AI-Trigger-System/HDL/rtl/CNN_CORE_LANE.vhd
Note: LANE4 CNN output_valid score_raw=-4932 started=7
Time: 133422500 ps  Iteration: 0  Process: /tb_AI_TRIGGER_TOP/dut/u_DUT/\gen_lanes(4)\/u_LANE/line__273  File: /home/work1/Works/AI-Trigger-System/HDL/rtl/CNN_CORE_LANE.vhd
   114 | 0x003fecbc    |     -2.408203 |     0 |    0 |      1.015
Note: DIST chunk_start seq=115 lane=0 busy='0'
Time: 133466 ns  Iteration: 0  Process: /tb_AI_TRIGGER_TOP/dut/u_DUT/u_DIST/line__134  File: /home/work1/Works/AI-Trigger-System/HDL/rtl/ADC_CHUNK_DISTRIBUTOR.vhd
Note: LANE0 ADC chunk_accept count=8 fifo_full='0'
Time: 133466 ns  Iteration: 0  Process: /tb_AI_TRIGGER_TOP/dut/u_DUT/\gen_lanes(0)\/u_LANE/line__191  File: /home/work1/Works/AI-Trigger-System/HDL/rtl/CNN_CORE_LANE.vhd
Note: LANE0 started_next=8 fifo_empty='0' fifo_data_valid='1' ready='0' idle='1'
Time: 133502500 ps  Iteration: 0  Process: /tb_AI_TRIGGER_TOP/dut/u_DUT/\gen_lanes(0)\/u_LANE/line__273  File: /home/work1/Works/AI-Trigger-System/HDL/rtl/CNN_CORE_LANE.vhd
Note: LANE0 started=8 fifo_empty='0' fifo_data_valid='1' ready='0'
Time: 134212500 ps  Iteration: 0  Process: /tb_AI_TRIGGER_TOP/dut/u_DUT/\gen_lanes(0)\/u_LANE/line__273  File: /home/work1/Works/AI-Trigger-System/HDL/rtl/CNN_CORE_LANE.vhd
Note: LANE0 ADC busy_clear stream_done_seen='0' wr_count=0
Time: 134222 ns  Iteration: 0  Process: /tb_AI_TRIGGER_TOP/dut/u_DUT/\gen_lanes(0)\/u_LANE/line__191  File: /home/work1/Works/AI-Trigger-System/HDL/rtl/CNN_CORE_LANE.vhd
Note: LANE0 CNN output_valid score_raw=-4970 started=8
Time: 134437500 ps  Iteration: 0  Process: /tb_AI_TRIGGER_TOP/dut/u_DUT/\gen_lanes(0)\/u_LANE/line__273  File: /home/work1/Works/AI-Trigger-System/HDL/rtl/CNN_CORE_LANE.vhd
   115 | 0x003fec96    |     -2.426758 |     0 |    0 |      1.015
Note: DIST chunk_start seq=116 lane=1 busy='0'
Time: 134482 ns  Iteration: 0  Process: /tb_AI_TRIGGER_TOP/dut/u_DUT/u_DIST/line__134  File: /home/work1/Works/AI-Trigger-System/HDL/rtl/ADC_CHUNK_DISTRIBUTOR.vhd
Note: LANE1 ADC chunk_accept count=8 fifo_full='0'
Time: 134482 ns  Iteration: 0  Process: /tb_AI_TRIGGER_TOP/dut/u_DUT/\gen_lanes(1)\/u_LANE/line__191  File: /home/work1/Works/AI-Trigger-System/HDL/rtl/CNN_CORE_LANE.vhd
Note: LANE1 started_next=8 fifo_empty='0' fifo_data_valid='1' ready='0' idle='1'
Time: 134517500 ps  Iteration: 0  Process: /tb_AI_TRIGGER_TOP/dut/u_DUT/\gen_lanes(1)\/u_LANE/line__273  File: /home/work1/Works/AI-Trigger-System/HDL/rtl/CNN_CORE_LANE.vhd
Note: LANE1 started=8 fifo_empty='0' fifo_data_valid='1' ready='0'
Time: 135227500 ps  Iteration: 0  Process: /tb_AI_TRIGGER_TOP/dut/u_DUT/\gen_lanes(1)\/u_LANE/line__273  File: /home/work1/Works/AI-Trigger-System/HDL/rtl/CNN_CORE_LANE.vhd
Note: LANE1 ADC busy_clear stream_done_seen='0' wr_count=0
Time: 135238 ns  Iteration: 0  Process: /tb_AI_TRIGGER_TOP/dut/u_DUT/\gen_lanes(1)\/u_LANE/line__191  File: /home/work1/Works/AI-Trigger-System/HDL/rtl/CNN_CORE_LANE.vhd
Note: LANE1 CNN output_valid score_raw=-5095 started=8
Time: 135452500 ps  Iteration: 0  Process: /tb_AI_TRIGGER_TOP/dut/u_DUT/\gen_lanes(1)\/u_LANE/line__273  File: /home/work1/Works/AI-Trigger-System/HDL/rtl/CNN_CORE_LANE.vhd
   116 | 0x003fec19    |     -2.487793 |     0 |    0 |      1.015
Note: DIST chunk_start seq=117 lane=2 busy='0'
Time: 135498 ns  Iteration: 0  Process: /tb_AI_TRIGGER_TOP/dut/u_DUT/u_DIST/line__134  File: /home/work1/Works/AI-Trigger-System/HDL/rtl/ADC_CHUNK_DISTRIBUTOR.vhd
Note: LANE2 ADC chunk_accept count=8 fifo_full='0'
Time: 135498 ns  Iteration: 0  Process: /tb_AI_TRIGGER_TOP/dut/u_DUT/\gen_lanes(2)\/u_LANE/line__191  File: /home/work1/Works/AI-Trigger-System/HDL/rtl/CNN_CORE_LANE.vhd
Note: LANE2 started_next=8 fifo_empty='0' fifo_data_valid='1' ready='0' idle='1'
Time: 135532500 ps  Iteration: 0  Process: /tb_AI_TRIGGER_TOP/dut/u_DUT/\gen_lanes(2)\/u_LANE/line__273  File: /home/work1/Works/AI-Trigger-System/HDL/rtl/CNN_CORE_LANE.vhd
Note: LANE2 started=8 fifo_empty='0' fifo_data_valid='1' ready='0'
Time: 136242500 ps  Iteration: 0  Process: /tb_AI_TRIGGER_TOP/dut/u_DUT/\gen_lanes(2)\/u_LANE/line__273  File: /home/work1/Works/AI-Trigger-System/HDL/rtl/CNN_CORE_LANE.vhd
Note: LANE2 ADC busy_clear stream_done_seen='0' wr_count=0
Time: 136254 ns  Iteration: 0  Process: /tb_AI_TRIGGER_TOP/dut/u_DUT/\gen_lanes(2)\/u_LANE/line__191  File: /home/work1/Works/AI-Trigger-System/HDL/rtl/CNN_CORE_LANE.vhd
Note: LANE2 CNN output_valid score_raw=-5142 started=8
Time: 136467500 ps  Iteration: 0  Process: /tb_AI_TRIGGER_TOP/dut/u_DUT/\gen_lanes(2)\/u_LANE/line__273  File: /home/work1/Works/AI-Trigger-System/HDL/rtl/CNN_CORE_LANE.vhd
   117 | 0x003febea    |     -2.510742 |     0 |    0 |      1.010
Note: DIST chunk_start seq=118 lane=3 busy='0'
Time: 136510 ns  Iteration: 0  Process: /tb_AI_TRIGGER_TOP/dut/u_DUT/u_DIST/line__134  File: /home/work1/Works/AI-Trigger-System/HDL/rtl/ADC_CHUNK_DISTRIBUTOR.vhd
Note: LANE3 ADC chunk_accept count=8 fifo_full='0'
Time: 136510 ns  Iteration: 0  Process: /tb_AI_TRIGGER_TOP/dut/u_DUT/\gen_lanes(3)\/u_LANE/line__191  File: /home/work1/Works/AI-Trigger-System/HDL/rtl/CNN_CORE_LANE.vhd
Note: LANE3 started_next=8 fifo_empty='0' fifo_data_valid='1' ready='0' idle='1'
Time: 136547500 ps  Iteration: 0  Process: /tb_AI_TRIGGER_TOP/dut/u_DUT/\gen_lanes(3)\/u_LANE/line__273  File: /home/work1/Works/AI-Trigger-System/HDL/rtl/CNN_CORE_LANE.vhd
Note: LANE3 started=8 fifo_empty='0' fifo_data_valid='1' ready='0'
Time: 137257500 ps  Iteration: 0  Process: /tb_AI_TRIGGER_TOP/dut/u_DUT/\gen_lanes(3)\/u_LANE/line__273  File: /home/work1/Works/AI-Trigger-System/HDL/rtl/CNN_CORE_LANE.vhd
Note: LANE3 ADC busy_clear stream_done_seen='0' wr_count=0
Time: 137266 ns  Iteration: 0  Process: /tb_AI_TRIGGER_TOP/dut/u_DUT/\gen_lanes(3)\/u_LANE/line__191  File: /home/work1/Works/AI-Trigger-System/HDL/rtl/CNN_CORE_LANE.vhd
Note: LANE3 CNN output_valid score_raw=-5167 started=8
Time: 137482500 ps  Iteration: 0  Process: /tb_AI_TRIGGER_TOP/dut/u_DUT/\gen_lanes(3)\/u_LANE/line__273  File: /home/work1/Works/AI-Trigger-System/HDL/rtl/CNN_CORE_LANE.vhd
   118 | 0x003febd1    |     -2.522949 |     0 |    0 |      1.015
Note: DIST chunk_start seq=119 lane=4 busy='0'
Time: 137526 ns  Iteration: 0  Process: /tb_AI_TRIGGER_TOP/dut/u_DUT/u_DIST/line__134  File: /home/work1/Works/AI-Trigger-System/HDL/rtl/ADC_CHUNK_DISTRIBUTOR.vhd
Note: LANE4 ADC chunk_accept count=8 fifo_full='0'
Time: 137526 ns  Iteration: 0  Process: /tb_AI_TRIGGER_TOP/dut/u_DUT/\gen_lanes(4)\/u_LANE/line__191  File: /home/work1/Works/AI-Trigger-System/HDL/rtl/CNN_CORE_LANE.vhd
Note: LANE4 started_next=8 fifo_empty='0' fifo_data_valid='1' ready='0' idle='1'
Time: 137562500 ps  Iteration: 0  Process: /tb_AI_TRIGGER_TOP/dut/u_DUT/\gen_lanes(4)\/u_LANE/line__273  File: /home/work1/Works/AI-Trigger-System/HDL/rtl/CNN_CORE_LANE.vhd
Note: LANE4 started=8 fifo_empty='0' fifo_data_valid='1' ready='0'
Time: 138272500 ps  Iteration: 0  Process: /tb_AI_TRIGGER_TOP/dut/u_DUT/\gen_lanes(4)\/u_LANE/line__273  File: /home/work1/Works/AI-Trigger-System/HDL/rtl/CNN_CORE_LANE.vhd
Note: LANE4 ADC busy_clear stream_done_seen='0' wr_count=0
Time: 138282 ns  Iteration: 0  Process: /tb_AI_TRIGGER_TOP/dut/u_DUT/\gen_lanes(4)\/u_LANE/line__191  File: /home/work1/Works/AI-Trigger-System/HDL/rtl/CNN_CORE_LANE.vhd
Note: LANE4 CNN output_valid score_raw=-5349 started=8
Time: 138497500 ps  Iteration: 0  Process: /tb_AI_TRIGGER_TOP/dut/u_DUT/\gen_lanes(4)\/u_LANE/line__273  File: /home/work1/Works/AI-Trigger-System/HDL/rtl/CNN_CORE_LANE.vhd
   119 | 0x003feb1b    |     -2.611816 |     0 |    0 |      1.015
Note: DIST chunk_start seq=120 lane=0 busy='0'
Time: 138542 ns  Iteration: 0  Process: /tb_AI_TRIGGER_TOP/dut/u_DUT/u_DIST/line__134  File: /home/work1/Works/AI-Trigger-System/HDL/rtl/ADC_CHUNK_DISTRIBUTOR.vhd
Note: LANE0 ADC chunk_accept count=9 fifo_full='0'
Time: 138542 ns  Iteration: 0  Process: /tb_AI_TRIGGER_TOP/dut/u_DUT/\gen_lanes(0)\/u_LANE/line__191  File: /home/work1/Works/AI-Trigger-System/HDL/rtl/CNN_CORE_LANE.vhd
Note: LANE0 started_next=9 fifo_empty='0' fifo_data_valid='1' ready='0' idle='1'
Time: 138577500 ps  Iteration: 0  Process: /tb_AI_TRIGGER_TOP/dut/u_DUT/\gen_lanes(0)\/u_LANE/line__273  File: /home/work1/Works/AI-Trigger-System/HDL/rtl/CNN_CORE_LANE.vhd
Note: LANE0 started=9 fifo_empty='0' fifo_data_valid='1' ready='0'
Time: 139287500 ps  Iteration: 0  Process: /tb_AI_TRIGGER_TOP/dut/u_DUT/\gen_lanes(0)\/u_LANE/line__273  File: /home/work1/Works/AI-Trigger-System/HDL/rtl/CNN_CORE_LANE.vhd
Note: LANE0 ADC busy_clear stream_done_seen='1' wr_count=0
Time: 139298 ns  Iteration: 0  Process: /tb_AI_TRIGGER_TOP/dut/u_DUT/\gen_lanes(0)\/u_LANE/line__191  File: /home/work1/Works/AI-Trigger-System/HDL/rtl/CNN_CORE_LANE.vhd
Note: LANE0 CNN output_valid score_raw=-5082 started=9
Time: 139512500 ps  Iteration: 0  Process: /tb_AI_TRIGGER_TOP/dut/u_DUT/\gen_lanes(0)\/u_LANE/line__273  File: /home/work1/Works/AI-Trigger-System/HDL/rtl/CNN_CORE_LANE.vhd
   120 | 0x003fec26    |     -2.481445 |     0 |    0 |      1.015
Note: DIST chunk_start seq=121 lane=1 busy='0'
Time: 139558 ns  Iteration: 0  Process: /tb_AI_TRIGGER_TOP/dut/u_DUT/u_DIST/line__134  File: /home/work1/Works/AI-Trigger-System/HDL/rtl/ADC_CHUNK_DISTRIBUTOR.vhd
Note: LANE1 ADC chunk_accept count=9 fifo_full='0'
Time: 139558 ns  Iteration: 0  Process: /tb_AI_TRIGGER_TOP/dut/u_DUT/\gen_lanes(1)\/u_LANE/line__191  File: /home/work1/Works/AI-Trigger-System/HDL/rtl/CNN_CORE_LANE.vhd
Note: LANE1 started_next=9 fifo_empty='0' fifo_data_valid='1' ready='0' idle='1'
Time: 139592500 ps  Iteration: 0  Process: /tb_AI_TRIGGER_TOP/dut/u_DUT/\gen_lanes(1)\/u_LANE/line__273  File: /home/work1/Works/AI-Trigger-System/HDL/rtl/CNN_CORE_LANE.vhd
Note: LANE1 started=9 fifo_empty='0' fifo_data_valid='1' ready='0'
Time: 140302500 ps  Iteration: 0  Process: /tb_AI_TRIGGER_TOP/dut/u_DUT/\gen_lanes(1)\/u_LANE/line__273  File: /home/work1/Works/AI-Trigger-System/HDL/rtl/CNN_CORE_LANE.vhd
Note: LANE1 ADC busy_clear stream_done_seen='1' wr_count=0
Time: 140314 ns  Iteration: 0  Process: /tb_AI_TRIGGER_TOP/dut/u_DUT/\gen_lanes(1)\/u_LANE/line__191  File: /home/work1/Works/AI-Trigger-System/HDL/rtl/CNN_CORE_LANE.vhd
Note: LANE1 CNN output_valid score_raw=-5166 started=9
Time: 140527500 ps  Iteration: 0  Process: /tb_AI_TRIGGER_TOP/dut/u_DUT/\gen_lanes(1)\/u_LANE/line__273  File: /home/work1/Works/AI-Trigger-System/HDL/rtl/CNN_CORE_LANE.vhd
   121 | 0x003febd2    |     -2.522461 |     0 |    0 |      1.010
Note: DIST chunk_start seq=122 lane=2 busy='0'
Time: 140570 ns  Iteration: 0  Process: /tb_AI_TRIGGER_TOP/dut/u_DUT/u_DIST/line__134  File: /home/work1/Works/AI-Trigger-System/HDL/rtl/ADC_CHUNK_DISTRIBUTOR.vhd
Note: LANE2 ADC chunk_accept count=9 fifo_full='0'
Time: 140570 ns  Iteration: 0  Process: /tb_AI_TRIGGER_TOP/dut/u_DUT/\gen_lanes(2)\/u_LANE/line__191  File: /home/work1/Works/AI-Trigger-System/HDL/rtl/CNN_CORE_LANE.vhd
Note: LANE2 started_next=9 fifo_empty='0' fifo_data_valid='1' ready='0' idle='1'
Time: 140607500 ps  Iteration: 0  Process: /tb_AI_TRIGGER_TOP/dut/u_DUT/\gen_lanes(2)\/u_LANE/line__273  File: /home/work1/Works/AI-Trigger-System/HDL/rtl/CNN_CORE_LANE.vhd
Note: LANE2 started=9 fifo_empty='0' fifo_data_valid='1' ready='0'
Time: 141317500 ps  Iteration: 0  Process: /tb_AI_TRIGGER_TOP/dut/u_DUT/\gen_lanes(2)\/u_LANE/line__273  File: /home/work1/Works/AI-Trigger-System/HDL/rtl/CNN_CORE_LANE.vhd
Note: LANE2 ADC busy_clear stream_done_seen='1' wr_count=0
Time: 141326 ns  Iteration: 0  Process: /tb_AI_TRIGGER_TOP/dut/u_DUT/\gen_lanes(2)\/u_LANE/line__191  File: /home/work1/Works/AI-Trigger-System/HDL/rtl/CNN_CORE_LANE.vhd
Note: LANE2 CNN output_valid score_raw=-5335 started=9
Time: 141542500 ps  Iteration: 0  Process: /tb_AI_TRIGGER_TOP/dut/u_DUT/\gen_lanes(2)\/u_LANE/line__273  File: /home/work1/Works/AI-Trigger-System/HDL/rtl/CNN_CORE_LANE.vhd
   122 | 0x003feb29    |     -2.604980 |     0 |    0 |      1.015
Note: DIST chunk_start seq=123 lane=3 busy='0'
Time: 141586 ns  Iteration: 0  Process: /tb_AI_TRIGGER_TOP/dut/u_DUT/u_DIST/line__134  File: /home/work1/Works/AI-Trigger-System/HDL/rtl/ADC_CHUNK_DISTRIBUTOR.vhd
Note: LANE3 ADC chunk_accept count=9 fifo_full='0'
Time: 141586 ns  Iteration: 0  Process: /tb_AI_TRIGGER_TOP/dut/u_DUT/\gen_lanes(3)\/u_LANE/line__191  File: /home/work1/Works/AI-Trigger-System/HDL/rtl/CNN_CORE_LANE.vhd
Note: LANE3 started_next=9 fifo_empty='0' fifo_data_valid='1' ready='0' idle='1'
Time: 141622500 ps  Iteration: 0  Process: /tb_AI_TRIGGER_TOP/dut/u_DUT/\gen_lanes(3)\/u_LANE/line__273  File: /home/work1/Works/AI-Trigger-System/HDL/rtl/CNN_CORE_LANE.vhd
Note: LANE3 started=9 fifo_empty='0' fifo_data_valid='1' ready='0'
Time: 142332500 ps  Iteration: 0  Process: /tb_AI_TRIGGER_TOP/dut/u_DUT/\gen_lanes(3)\/u_LANE/line__273  File: /home/work1/Works/AI-Trigger-System/HDL/rtl/CNN_CORE_LANE.vhd
Note: LANE3 ADC busy_clear stream_done_seen='1' wr_count=0
Time: 142342 ns  Iteration: 0  Process: /tb_AI_TRIGGER_TOP/dut/u_DUT/\gen_lanes(3)\/u_LANE/line__191  File: /home/work1/Works/AI-Trigger-System/HDL/rtl/CNN_CORE_LANE.vhd
Note: LANE3 CNN output_valid score_raw=-5209 started=9
Time: 142557500 ps  Iteration: 0  Process: /tb_AI_TRIGGER_TOP/dut/u_DUT/\gen_lanes(3)\/u_LANE/line__273  File: /home/work1/Works/AI-Trigger-System/HDL/rtl/CNN_CORE_LANE.vhd
   123 | 0x003feba7    |     -2.543457 |     0 |    0 |      1.015
Note: DIST chunk_start seq=124 lane=4 busy='0'
Time: 142602 ns  Iteration: 0  Process: /tb_AI_TRIGGER_TOP/dut/u_DUT/u_DIST/line__134  File: /home/work1/Works/AI-Trigger-System/HDL/rtl/ADC_CHUNK_DISTRIBUTOR.vhd
Note: LANE4 ADC chunk_accept count=9 fifo_full='0'
Time: 142602 ns  Iteration: 0  Process: /tb_AI_TRIGGER_TOP/dut/u_DUT/\gen_lanes(4)\/u_LANE/line__191  File: /home/work1/Works/AI-Trigger-System/HDL/rtl/CNN_CORE_LANE.vhd
Note: LANE4 started_next=9 fifo_empty='0' fifo_data_valid='1' ready='0' idle='1'
Time: 142637500 ps  Iteration: 0  Process: /tb_AI_TRIGGER_TOP/dut/u_DUT/\gen_lanes(4)\/u_LANE/line__273  File: /home/work1/Works/AI-Trigger-System/HDL/rtl/CNN_CORE_LANE.vhd
Note: LANE4 started=9 fifo_empty='0' fifo_data_valid='1' ready='0'
Time: 143347500 ps  Iteration: 0  Process: /tb_AI_TRIGGER_TOP/dut/u_DUT/\gen_lanes(4)\/u_LANE/line__273  File: /home/work1/Works/AI-Trigger-System/HDL/rtl/CNN_CORE_LANE.vhd
Note: LANE4 ADC busy_clear stream_done_seen='1' wr_count=0
Time: 143358 ns  Iteration: 0  Process: /tb_AI_TRIGGER_TOP/dut/u_DUT/\gen_lanes(4)\/u_LANE/line__191  File: /home/work1/Works/AI-Trigger-System/HDL/rtl/CNN_CORE_LANE.vhd
Note: LANE4 CNN output_valid score_raw=-5390 started=9
Time: 143572500 ps  Iteration: 0  Process: /tb_AI_TRIGGER_TOP/dut/u_DUT/\gen_lanes(4)\/u_LANE/line__273  File: /home/work1/Works/AI-Trigger-System/HDL/rtl/CNN_CORE_LANE.vhd
   124 | 0x003feaf2    |     -2.631836 |     0 |    0 |      1.015
Note: DIST chunk_start seq=125 lane=0 busy='0'
Time: 143618 ns  Iteration: 0  Process: /tb_AI_TRIGGER_TOP/dut/u_DUT/u_DIST/line__134  File: /home/work1/Works/AI-Trigger-System/HDL/rtl/ADC_CHUNK_DISTRIBUTOR.vhd
Note: LANE0 ADC chunk_accept count=10 fifo_full='0'
Time: 143618 ns  Iteration: 0  Process: /tb_AI_TRIGGER_TOP/dut/u_DUT/\gen_lanes(0)\/u_LANE/line__191  File: /home/work1/Works/AI-Trigger-System/HDL/rtl/CNN_CORE_LANE.vhd
Note: LANE0 started_next=10 fifo_empty='0' fifo_data_valid='1' ready='0' idle='1'
Time: 143652500 ps  Iteration: 0  Process: /tb_AI_TRIGGER_TOP/dut/u_DUT/\gen_lanes(0)\/u_LANE/line__273  File: /home/work1/Works/AI-Trigger-System/HDL/rtl/CNN_CORE_LANE.vhd
Note: LANE0 started=10 fifo_empty='0' fifo_data_valid='1' ready='0'
Time: 144362500 ps  Iteration: 0  Process: /tb_AI_TRIGGER_TOP/dut/u_DUT/\gen_lanes(0)\/u_LANE/line__273  File: /home/work1/Works/AI-Trigger-System/HDL/rtl/CNN_CORE_LANE.vhd
Note: LANE0 ADC busy_clear stream_done_seen='0' wr_count=0
Time: 144374 ns  Iteration: 0  Process: /tb_AI_TRIGGER_TOP/dut/u_DUT/\gen_lanes(0)\/u_LANE/line__191  File: /home/work1/Works/AI-Trigger-System/HDL/rtl/CNN_CORE_LANE.vhd
Note: LANE0 CNN output_valid score_raw=-5490 started=10
Time: 144587500 ps  Iteration: 0  Process: /tb_AI_TRIGGER_TOP/dut/u_DUT/\gen_lanes(0)\/u_LANE/line__273  File: /home/work1/Works/AI-Trigger-System/HDL/rtl/CNN_CORE_LANE.vhd
   125 | 0x003fea8e    |     -2.680664 |     0 |    0 |      1.010
Note: DIST chunk_start seq=126 lane=1 busy='0'
Time: 144630 ns  Iteration: 0  Process: /tb_AI_TRIGGER_TOP/dut/u_DUT/u_DIST/line__134  File: /home/work1/Works/AI-Trigger-System/HDL/rtl/ADC_CHUNK_DISTRIBUTOR.vhd
Note: LANE1 ADC chunk_accept count=10 fifo_full='0'
Time: 144630 ns  Iteration: 0  Process: /tb_AI_TRIGGER_TOP/dut/u_DUT/\gen_lanes(1)\/u_LANE/line__191  File: /home/work1/Works/AI-Trigger-System/HDL/rtl/CNN_CORE_LANE.vhd
Note: LANE1 started_next=10 fifo_empty='0' fifo_data_valid='1' ready='0' idle='1'
Time: 144667500 ps  Iteration: 0  Process: /tb_AI_TRIGGER_TOP/dut/u_DUT/\gen_lanes(1)\/u_LANE/line__273  File: /home/work1/Works/AI-Trigger-System/HDL/rtl/CNN_CORE_LANE.vhd
Note: LANE1 started=10 fifo_empty='0' fifo_data_valid='1' ready='0'
Time: 145377500 ps  Iteration: 0  Process: /tb_AI_TRIGGER_TOP/dut/u_DUT/\gen_lanes(1)\/u_LANE/line__273  File: /home/work1/Works/AI-Trigger-System/HDL/rtl/CNN_CORE_LANE.vhd
Note: LANE1 ADC busy_clear stream_done_seen='0' wr_count=0
Time: 145386 ns  Iteration: 0  Process: /tb_AI_TRIGGER_TOP/dut/u_DUT/\gen_lanes(1)\/u_LANE/line__191  File: /home/work1/Works/AI-Trigger-System/HDL/rtl/CNN_CORE_LANE.vhd
Note: LANE1 CNN output_valid score_raw=-5233 started=10
Time: 145602500 ps  Iteration: 0  Process: /tb_AI_TRIGGER_TOP/dut/u_DUT/\gen_lanes(1)\/u_LANE/line__273  File: /home/work1/Works/AI-Trigger-System/HDL/rtl/CNN_CORE_LANE.vhd
   126 | 0x003feb8f    |     -2.555176 |     0 |    0 |      1.015
Note: DIST chunk_start seq=127 lane=2 busy='0'
Time: 145646 ns  Iteration: 0  Process: /tb_AI_TRIGGER_TOP/dut/u_DUT/u_DIST/line__134  File: /home/work1/Works/AI-Trigger-System/HDL/rtl/ADC_CHUNK_DISTRIBUTOR.vhd
Note: LANE2 ADC chunk_accept count=10 fifo_full='0'
Time: 145646 ns  Iteration: 0  Process: /tb_AI_TRIGGER_TOP/dut/u_DUT/\gen_lanes(2)\/u_LANE/line__191  File: /home/work1/Works/AI-Trigger-System/HDL/rtl/CNN_CORE_LANE.vhd
Note: LANE2 started_next=10 fifo_empty='0' fifo_data_valid='1' ready='0' idle='1'
Time: 145682500 ps  Iteration: 0  Process: /tb_AI_TRIGGER_TOP/dut/u_DUT/\gen_lanes(2)\/u_LANE/line__273  File: /home/work1/Works/AI-Trigger-System/HDL/rtl/CNN_CORE_LANE.vhd
Note: LANE2 started=10 fifo_empty='0' fifo_data_valid='1' ready='0'
Time: 146392500 ps  Iteration: 0  Process: /tb_AI_TRIGGER_TOP/dut/u_DUT/\gen_lanes(2)\/u_LANE/line__273  File: /home/work1/Works/AI-Trigger-System/HDL/rtl/CNN_CORE_LANE.vhd
Note: LANE2 ADC busy_clear stream_done_seen='0' wr_count=0
Time: 146402 ns  Iteration: 0  Process: /tb_AI_TRIGGER_TOP/dut/u_DUT/\gen_lanes(2)\/u_LANE/line__191  File: /home/work1/Works/AI-Trigger-System/HDL/rtl/CNN_CORE_LANE.vhd
Note: LANE2 CNN output_valid score_raw=-5093 started=10
Time: 146617500 ps  Iteration: 0  Process: /tb_AI_TRIGGER_TOP/dut/u_DUT/\gen_lanes(2)\/u_LANE/line__273  File: /home/work1/Works/AI-Trigger-System/HDL/rtl/CNN_CORE_LANE.vhd
   127 | 0x003fec1b    |     -2.486816 |     0 |    0 |      1.015
Note: DIST chunk_start seq=128 lane=3 busy='0'
Time: 146662 ns  Iteration: 0  Process: /tb_AI_TRIGGER_TOP/dut/u_DUT/u_DIST/line__134  File: /home/work1/Works/AI-Trigger-System/HDL/rtl/ADC_CHUNK_DISTRIBUTOR.vhd
Note: LANE3 ADC chunk_accept count=10 fifo_full='0'
Time: 146662 ns  Iteration: 0  Process: /tb_AI_TRIGGER_TOP/dut/u_DUT/\gen_lanes(3)\/u_LANE/line__191  File: /home/work1/Works/AI-Trigger-System/HDL/rtl/CNN_CORE_LANE.vhd
Note: LANE3 started_next=10 fifo_empty='0' fifo_data_valid='1' ready='0' idle='1'
Time: 146697500 ps  Iteration: 0  Process: /tb_AI_TRIGGER_TOP/dut/u_DUT/\gen_lanes(3)\/u_LANE/line__273  File: /home/work1/Works/AI-Trigger-System/HDL/rtl/CNN_CORE_LANE.vhd
Note: LANE3 started=10 fifo_empty='0' fifo_data_valid='1' ready='0'
Time: 147407500 ps  Iteration: 0  Process: /tb_AI_TRIGGER_TOP/dut/u_DUT/\gen_lanes(3)\/u_LANE/line__273  File: /home/work1/Works/AI-Trigger-System/HDL/rtl/CNN_CORE_LANE.vhd
Note: LANE3 ADC busy_clear stream_done_seen='0' wr_count=0
Time: 147418 ns  Iteration: 0  Process: /tb_AI_TRIGGER_TOP/dut/u_DUT/\gen_lanes(3)\/u_LANE/line__191  File: /home/work1/Works/AI-Trigger-System/HDL/rtl/CNN_CORE_LANE.vhd
Note: LANE3 CNN output_valid score_raw=-5338 started=10
Time: 147632500 ps  Iteration: 0  Process: /tb_AI_TRIGGER_TOP/dut/u_DUT/\gen_lanes(3)\/u_LANE/line__273  File: /home/work1/Works/AI-Trigger-System/HDL/rtl/CNN_CORE_LANE.vhd
   128 | 0x003feb26    |     -2.606445 |     0 |    0 |      1.015
Note: DIST chunk_start seq=129 lane=4 busy='0'
Time: 147678 ns  Iteration: 0  Process: /tb_AI_TRIGGER_TOP/dut/u_DUT/u_DIST/line__134  File: /home/work1/Works/AI-Trigger-System/HDL/rtl/ADC_CHUNK_DISTRIBUTOR.vhd
Note: LANE4 ADC chunk_accept count=10 fifo_full='0'
Time: 147678 ns  Iteration: 0  Process: /tb_AI_TRIGGER_TOP/dut/u_DUT/\gen_lanes(4)\/u_LANE/line__191  File: /home/work1/Works/AI-Trigger-System/HDL/rtl/CNN_CORE_LANE.vhd
Note: LANE4 started_next=10 fifo_empty='0' fifo_data_valid='1' ready='0' idle='1'
Time: 147712500 ps  Iteration: 0  Process: /tb_AI_TRIGGER_TOP/dut/u_DUT/\gen_lanes(4)\/u_LANE/line__273  File: /home/work1/Works/AI-Trigger-System/HDL/rtl/CNN_CORE_LANE.vhd
Note: LANE4 started=10 fifo_empty='0' fifo_data_valid='1' ready='0'
Time: 148422500 ps  Iteration: 0  Process: /tb_AI_TRIGGER_TOP/dut/u_DUT/\gen_lanes(4)\/u_LANE/line__273  File: /home/work1/Works/AI-Trigger-System/HDL/rtl/CNN_CORE_LANE.vhd
Note: LANE4 ADC busy_clear stream_done_seen='0' wr_count=0
Time: 148434 ns  Iteration: 0  Process: /tb_AI_TRIGGER_TOP/dut/u_DUT/\gen_lanes(4)\/u_LANE/line__191  File: /home/work1/Works/AI-Trigger-System/HDL/rtl/CNN_CORE_LANE.vhd
Note: LANE4 CNN output_valid score_raw=-5373 started=10
Time: 148647500 ps  Iteration: 0  Process: /tb_AI_TRIGGER_TOP/dut/u_DUT/\gen_lanes(4)\/u_LANE/line__273  File: /home/work1/Works/AI-Trigger-System/HDL/rtl/CNN_CORE_LANE.vhd
   129 | 0x003feb03    |     -2.623535 |     0 |    0 |      1.010
Note: DIST chunk_start seq=130 lane=0 busy='0'
Time: 148690 ns  Iteration: 0  Process: /tb_AI_TRIGGER_TOP/dut/u_DUT/u_DIST/line__134  File: /home/work1/Works/AI-Trigger-System/HDL/rtl/ADC_CHUNK_DISTRIBUTOR.vhd
Note: LANE0 ADC chunk_accept count=11 fifo_full='0'
Time: 148690 ns  Iteration: 0  Process: /tb_AI_TRIGGER_TOP/dut/u_DUT/\gen_lanes(0)\/u_LANE/line__191  File: /home/work1/Works/AI-Trigger-System/HDL/rtl/CNN_CORE_LANE.vhd
Note: LANE0 started_next=11 fifo_empty='0' fifo_data_valid='1' ready='0' idle='1'
Time: 148727500 ps  Iteration: 0  Process: /tb_AI_TRIGGER_TOP/dut/u_DUT/\gen_lanes(0)\/u_LANE/line__273  File: /home/work1/Works/AI-Trigger-System/HDL/rtl/CNN_CORE_LANE.vhd
Note: LANE0 started=11 fifo_empty='0' fifo_data_valid='1' ready='0'
Time: 149437500 ps  Iteration: 0  Process: /tb_AI_TRIGGER_TOP/dut/u_DUT/\gen_lanes(0)\/u_LANE/line__273  File: /home/work1/Works/AI-Trigger-System/HDL/rtl/CNN_CORE_LANE.vhd
Note: LANE0 ADC busy_clear stream_done_seen='1' wr_count=0
Time: 149446 ns  Iteration: 0  Process: /tb_AI_TRIGGER_TOP/dut/u_DUT/\gen_lanes(0)\/u_LANE/line__191  File: /home/work1/Works/AI-Trigger-System/HDL/rtl/CNN_CORE_LANE.vhd
   130 | 0x003feacf    |     -2.648926 |     0 |    0 |      1.015
Note: DIST chunk_start seq=131 lane=1 busy='0'
Time: 149706 ns  Iteration: 0  Process: /tb_AI_TRIGGER_TOP/dut/u_DUT/u_DIST/line__134  File: /home/work1/Works/AI-Trigger-System/HDL/rtl/ADC_CHUNK_DISTRIBUTOR.vhd
Note: LANE1 ADC chunk_accept count=11 fifo_full='0'
Time: 149706 ns  Iteration: 0  Process: /tb_AI_TRIGGER_TOP/dut/u_DUT/\gen_lanes(1)\/u_LANE/line__191  File: /home/work1/Works/AI-Trigger-System/HDL/rtl/CNN_CORE_LANE.vhd
Note: LANE1 started_next=11 fifo_empty='0' fifo_data_valid='1' ready='0' idle='1'
Time: 149742500 ps  Iteration: 0  Process: /tb_AI_TRIGGER_TOP/dut/u_DUT/\gen_lanes(1)\/u_LANE/line__273  File: /home/work1/Works/AI-Trigger-System/HDL/rtl/CNN_CORE_LANE.vhd
Note: LANE1 started=11 fifo_empty='0' fifo_data_valid='1' ready='0'
Time: 150452500 ps  Iteration: 0  Process: /tb_AI_TRIGGER_TOP/dut/u_DUT/\gen_lanes(1)\/u_LANE/line__273  File: /home/work1/Works/AI-Trigger-System/HDL/rtl/CNN_CORE_LANE.vhd
Note: LANE1 ADC busy_clear stream_done_seen='1' wr_count=0
Time: 150462 ns  Iteration: 0  Process: /tb_AI_TRIGGER_TOP/dut/u_DUT/\gen_lanes(1)\/u_LANE/line__191  File: /home/work1/Works/AI-Trigger-System/HDL/rtl/CNN_CORE_LANE.vhd
   131 | 0x003feb28    |     -2.605469 |     0 |    0 |      1.015
Note: DIST chunk_start seq=132 lane=2 busy='0'
Time: 150722 ns  Iteration: 0  Process: /tb_AI_TRIGGER_TOP/dut/u_DUT/u_DIST/line__134  File: /home/work1/Works/AI-Trigger-System/HDL/rtl/ADC_CHUNK_DISTRIBUTOR.vhd
Note: LANE2 ADC chunk_accept count=11 fifo_full='0'
Time: 150722 ns  Iteration: 0  Process: /tb_AI_TRIGGER_TOP/dut/u_DUT/\gen_lanes(2)\/u_LANE/line__191  File: /home/work1/Works/AI-Trigger-System/HDL/rtl/CNN_CORE_LANE.vhd
Note: LANE2 started_next=11 fifo_empty='0' fifo_data_valid='1' ready='0' idle='1'
Time: 150757500 ps  Iteration: 0  Process: /tb_AI_TRIGGER_TOP/dut/u_DUT/\gen_lanes(2)\/u_LANE/line__273  File: /home/work1/Works/AI-Trigger-System/HDL/rtl/CNN_CORE_LANE.vhd
Note: LANE2 started=11 fifo_empty='0' fifo_data_valid='1' ready='0'
Time: 151467500 ps  Iteration: 0  Process: /tb_AI_TRIGGER_TOP/dut/u_DUT/\gen_lanes(2)\/u_LANE/line__273  File: /home/work1/Works/AI-Trigger-System/HDL/rtl/CNN_CORE_LANE.vhd
Note: LANE2 ADC busy_clear stream_done_seen='1' wr_count=0
Time: 151478 ns  Iteration: 0  Process: /tb_AI_TRIGGER_TOP/dut/u_DUT/\gen_lanes(2)\/u_LANE/line__191  File: /home/work1/Works/AI-Trigger-System/HDL/rtl/CNN_CORE_LANE.vhd
   132 | 0x003feb2a    |     -2.604492 |     0 |    0 |      1.015
Note: DIST chunk_start seq=133 lane=3 busy='0'
Time: 151738 ns  Iteration: 0  Process: /tb_AI_TRIGGER_TOP/dut/u_DUT/u_DIST/line__134  File: /home/work1/Works/AI-Trigger-System/HDL/rtl/ADC_CHUNK_DISTRIBUTOR.vhd
Note: LANE3 ADC chunk_accept count=11 fifo_full='0'
Time: 151738 ns  Iteration: 0  Process: /tb_AI_TRIGGER_TOP/dut/u_DUT/\gen_lanes(3)\/u_LANE/line__191  File: /home/work1/Works/AI-Trigger-System/HDL/rtl/CNN_CORE_LANE.vhd
Note: LANE3 started_next=11 fifo_empty='0' fifo_data_valid='1' ready='0' idle='1'
Time: 151772500 ps  Iteration: 0  Process: /tb_AI_TRIGGER_TOP/dut/u_DUT/\gen_lanes(3)\/u_LANE/line__273  File: /home/work1/Works/AI-Trigger-System/HDL/rtl/CNN_CORE_LANE.vhd
Note: LANE3 started=11 fifo_empty='0' fifo_data_valid='1' ready='0'
Time: 152482500 ps  Iteration: 0  Process: /tb_AI_TRIGGER_TOP/dut/u_DUT/\gen_lanes(3)\/u_LANE/line__273  File: /home/work1/Works/AI-Trigger-System/HDL/rtl/CNN_CORE_LANE.vhd
Note: LANE3 ADC busy_clear stream_done_seen='1' wr_count=0
Time: 152494 ns  Iteration: 0  Process: /tb_AI_TRIGGER_TOP/dut/u_DUT/\gen_lanes(3)\/u_LANE/line__191  File: /home/work1/Works/AI-Trigger-System/HDL/rtl/CNN_CORE_LANE.vhd
   133 | 0x003fec4b    |     -2.463379 |     0 |    0 |      1.010
Note: DIST chunk_start seq=134 lane=4 busy='0'
Time: 152750 ns  Iteration: 0  Process: /tb_AI_TRIGGER_TOP/dut/u_DUT/u_DIST/line__134  File: /home/work1/Works/AI-Trigger-System/HDL/rtl/ADC_CHUNK_DISTRIBUTOR.vhd
Note: LANE4 ADC chunk_accept count=11 fifo_full='0'
Time: 152750 ns  Iteration: 0  Process: /tb_AI_TRIGGER_TOP/dut/u_DUT/\gen_lanes(4)\/u_LANE/line__191  File: /home/work1/Works/AI-Trigger-System/HDL/rtl/CNN_CORE_LANE.vhd
Note: LANE4 started_next=11 fifo_empty='0' fifo_data_valid='1' ready='0' idle='1'
Time: 152787500 ps  Iteration: 0  Process: /tb_AI_TRIGGER_TOP/dut/u_DUT/\gen_lanes(4)\/u_LANE/line__273  File: /home/work1/Works/AI-Trigger-System/HDL/rtl/CNN_CORE_LANE.vhd
Note: LANE4 started=11 fifo_empty='0' fifo_data_valid='1' ready='0'
Time: 153497500 ps  Iteration: 0  Process: /tb_AI_TRIGGER_TOP/dut/u_DUT/\gen_lanes(4)\/u_LANE/line__273  File: /home/work1/Works/AI-Trigger-System/HDL/rtl/CNN_CORE_LANE.vhd
Note: LANE4 ADC busy_clear stream_done_seen='1' wr_count=0
Time: 153506 ns  Iteration: 0  Process: /tb_AI_TRIGGER_TOP/dut/u_DUT/\gen_lanes(4)\/u_LANE/line__191  File: /home/work1/Works/AI-Trigger-System/HDL/rtl/CNN_CORE_LANE.vhd
   134 | 0x003feb2e    |     -2.602539 |     0 |    0 |      1.015
Note: DIST chunk_start seq=135 lane=0 busy='0'
Time: 153766 ns  Iteration: 0  Process: /tb_AI_TRIGGER_TOP/dut/u_DUT/u_DIST/line__134  File: /home/work1/Works/AI-Trigger-System/HDL/rtl/ADC_CHUNK_DISTRIBUTOR.vhd
Note: LANE0 ADC chunk_accept count=12 fifo_full='0'
Time: 153766 ns  Iteration: 0  Process: /tb_AI_TRIGGER_TOP/dut/u_DUT/\gen_lanes(0)\/u_LANE/line__191  File: /home/work1/Works/AI-Trigger-System/HDL/rtl/CNN_CORE_LANE.vhd
Note: LANE0 ADC busy_clear stream_done_seen='0' wr_count=0
Time: 154522 ns  Iteration: 0  Process: /tb_AI_TRIGGER_TOP/dut/u_DUT/\gen_lanes(0)\/u_LANE/line__191  File: /home/work1/Works/AI-Trigger-System/HDL/rtl/CNN_CORE_LANE.vhd
   135 | 0x003febb5    |     -2.536621 |     0 |    0 |      1.015
Note: DIST chunk_start seq=136 lane=1 busy='0'
Time: 154782 ns  Iteration: 0  Process: /tb_AI_TRIGGER_TOP/dut/u_DUT/u_DIST/line__134  File: /home/work1/Works/AI-Trigger-System/HDL/rtl/ADC_CHUNK_DISTRIBUTOR.vhd
Note: LANE1 ADC chunk_accept count=12 fifo_full='0'
Time: 154782 ns  Iteration: 0  Process: /tb_AI_TRIGGER_TOP/dut/u_DUT/\gen_lanes(1)\/u_LANE/line__191  File: /home/work1/Works/AI-Trigger-System/HDL/rtl/CNN_CORE_LANE.vhd
Note: LANE1 ADC busy_clear stream_done_seen='0' wr_count=0
Time: 155538 ns  Iteration: 0  Process: /tb_AI_TRIGGER_TOP/dut/u_DUT/\gen_lanes(1)\/u_LANE/line__191  File: /home/work1/Works/AI-Trigger-System/HDL/rtl/CNN_CORE_LANE.vhd
   136 | 0x003feb62    |     -2.577148 |     0 |    0 |      1.015
Note: DIST chunk_start seq=137 lane=2 busy='0'
Time: 155798 ns  Iteration: 0  Process: /tb_AI_TRIGGER_TOP/dut/u_DUT/u_DIST/line__134  File: /home/work1/Works/AI-Trigger-System/HDL/rtl/ADC_CHUNK_DISTRIBUTOR.vhd
Note: LANE2 ADC chunk_accept count=12 fifo_full='0'
Time: 155798 ns  Iteration: 0  Process: /tb_AI_TRIGGER_TOP/dut/u_DUT/\gen_lanes(2)\/u_LANE/line__191  File: /home/work1/Works/AI-Trigger-System/HDL/rtl/CNN_CORE_LANE.vhd
Note: LANE2 ADC busy_clear stream_done_seen='0' wr_count=0
Time: 156554 ns  Iteration: 0  Process: /tb_AI_TRIGGER_TOP/dut/u_DUT/\gen_lanes(2)\/u_LANE/line__191  File: /home/work1/Works/AI-Trigger-System/HDL/rtl/CNN_CORE_LANE.vhd
   137 | 0x003febe5    |     -2.513184 |     0 |    0 |      1.010
Note: DIST chunk_start seq=138 lane=3 busy='0'
Time: 156810 ns  Iteration: 0  Process: /tb_AI_TRIGGER_TOP/dut/u_DUT/u_DIST/line__134  File: /home/work1/Works/AI-Trigger-System/HDL/rtl/ADC_CHUNK_DISTRIBUTOR.vhd
Note: LANE3 ADC chunk_accept count=12 fifo_full='0'
Time: 156810 ns  Iteration: 0  Process: /tb_AI_TRIGGER_TOP/dut/u_DUT/\gen_lanes(3)\/u_LANE/line__191  File: /home/work1/Works/AI-Trigger-System/HDL/rtl/CNN_CORE_LANE.vhd
Note: LANE3 ADC busy_clear stream_done_seen='0' wr_count=0
Time: 157566 ns  Iteration: 0  Process: /tb_AI_TRIGGER_TOP/dut/u_DUT/\gen_lanes(3)\/u_LANE/line__191  File: /home/work1/Works/AI-Trigger-System/HDL/rtl/CNN_CORE_LANE.vhd
   138 | 0x003fec7e    |     -2.438477 |     0 |    0 |      1.015
Note: DIST chunk_start seq=139 lane=4 busy='0'
Time: 157826 ns  Iteration: 0  Process: /tb_AI_TRIGGER_TOP/dut/u_DUT/u_DIST/line__134  File: /home/work1/Works/AI-Trigger-System/HDL/rtl/ADC_CHUNK_DISTRIBUTOR.vhd
Note: LANE4 ADC chunk_accept count=12 fifo_full='0'
Time: 157826 ns  Iteration: 0  Process: /tb_AI_TRIGGER_TOP/dut/u_DUT/\gen_lanes(4)\/u_LANE/line__191  File: /home/work1/Works/AI-Trigger-System/HDL/rtl/CNN_CORE_LANE.vhd
Note: LANE4 ADC busy_clear stream_done_seen='0' wr_count=0
Time: 158582 ns  Iteration: 0  Process: /tb_AI_TRIGGER_TOP/dut/u_DUT/\gen_lanes(4)\/u_LANE/line__191  File: /home/work1/Works/AI-Trigger-System/HDL/rtl/CNN_CORE_LANE.vhd
   139 | 0x003fecc4    |     -2.404297 |     0 |    0 |      1.015
Note: DIST chunk_start seq=140 lane=0 busy='0'
Time: 158842 ns  Iteration: 0  Process: /tb_AI_TRIGGER_TOP/dut/u_DUT/u_DIST/line__134  File: /home/work1/Works/AI-Trigger-System/HDL/rtl/ADC_CHUNK_DISTRIBUTOR.vhd
Note: LANE0 ADC chunk_accept count=13 fifo_full='0'
Time: 158842 ns  Iteration: 0  Process: /tb_AI_TRIGGER_TOP/dut/u_DUT/\gen_lanes(0)\/u_LANE/line__191  File: /home/work1/Works/AI-Trigger-System/HDL/rtl/CNN_CORE_LANE.vhd
Note: LANE0 ADC busy_clear stream_done_seen='1' wr_count=0
Time: 159598 ns  Iteration: 0  Process: /tb_AI_TRIGGER_TOP/dut/u_DUT/\gen_lanes(0)\/u_LANE/line__191  File: /home/work1/Works/AI-Trigger-System/HDL/rtl/CNN_CORE_LANE.vhd
   140 | 0x003febba    |     -2.534180 |     0 |    0 |      1.015
Note: DIST chunk_start seq=141 lane=1 busy='0'
Time: 159858 ns  Iteration: 0  Process: /tb_AI_TRIGGER_TOP/dut/u_DUT/u_DIST/line__134  File: /home/work1/Works/AI-Trigger-System/HDL/rtl/ADC_CHUNK_DISTRIBUTOR.vhd
Note: LANE1 ADC chunk_accept count=13 fifo_full='0'
Time: 159858 ns  Iteration: 0  Process: /tb_AI_TRIGGER_TOP/dut/u_DUT/\gen_lanes(1)\/u_LANE/line__191  File: /home/work1/Works/AI-Trigger-System/HDL/rtl/CNN_CORE_LANE.vhd
Note: LANE1 ADC busy_clear stream_done_seen='1' wr_count=0
Time: 160614 ns  Iteration: 0  Process: /tb_AI_TRIGGER_TOP/dut/u_DUT/\gen_lanes(1)\/u_LANE/line__191  File: /home/work1/Works/AI-Trigger-System/HDL/rtl/CNN_CORE_LANE.vhd
   141 | 0x003feb8f    |     -2.555176 |     0 |    0 |      1.010
Note: DIST chunk_start seq=142 lane=2 busy='0'
Time: 160870 ns  Iteration: 0  Process: /tb_AI_TRIGGER_TOP/dut/u_DUT/u_DIST/line__134  File: /home/work1/Works/AI-Trigger-System/HDL/rtl/ADC_CHUNK_DISTRIBUTOR.vhd
Note: LANE2 ADC chunk_accept count=13 fifo_full='0'
Time: 160870 ns  Iteration: 0  Process: /tb_AI_TRIGGER_TOP/dut/u_DUT/\gen_lanes(2)\/u_LANE/line__191  File: /home/work1/Works/AI-Trigger-System/HDL/rtl/CNN_CORE_LANE.vhd
Note: LANE2 ADC busy_clear stream_done_seen='1' wr_count=0
Time: 161626 ns  Iteration: 0  Process: /tb_AI_TRIGGER_TOP/dut/u_DUT/\gen_lanes(2)\/u_LANE/line__191  File: /home/work1/Works/AI-Trigger-System/HDL/rtl/CNN_CORE_LANE.vhd
   142 | 0x003febaf    |     -2.539551 |     0 |    0 |      1.015
Note: DIST chunk_start seq=143 lane=3 busy='0'
Time: 161886 ns  Iteration: 0  Process: /tb_AI_TRIGGER_TOP/dut/u_DUT/u_DIST/line__134  File: /home/work1/Works/AI-Trigger-System/HDL/rtl/ADC_CHUNK_DISTRIBUTOR.vhd
Note: LANE3 ADC chunk_accept count=13 fifo_full='0'
Time: 161886 ns  Iteration: 0  Process: /tb_AI_TRIGGER_TOP/dut/u_DUT/\gen_lanes(3)\/u_LANE/line__191  File: /home/work1/Works/AI-Trigger-System/HDL/rtl/CNN_CORE_LANE.vhd
Note: LANE3 ADC busy_clear stream_done_seen='1' wr_count=0
Time: 162642 ns  Iteration: 0  Process: /tb_AI_TRIGGER_TOP/dut/u_DUT/\gen_lanes(3)\/u_LANE/line__191  File: /home/work1/Works/AI-Trigger-System/HDL/rtl/CNN_CORE_LANE.vhd
   143 | 0x003fec11    |     -2.491699 |     0 |    0 |      1.015
Note: DIST chunk_start seq=144 lane=4 busy='0'
Time: 162902 ns  Iteration: 0  Process: /tb_AI_TRIGGER_TOP/dut/u_DUT/u_DIST/line__134  File: /home/work1/Works/AI-Trigger-System/HDL/rtl/ADC_CHUNK_DISTRIBUTOR.vhd
Note: LANE4 ADC chunk_accept count=13 fifo_full='0'
Time: 162902 ns  Iteration: 0  Process: /tb_AI_TRIGGER_TOP/dut/u_DUT/\gen_lanes(4)\/u_LANE/line__191  File: /home/work1/Works/AI-Trigger-System/HDL/rtl/CNN_CORE_LANE.vhd
Note: LANE4 ADC busy_clear stream_done_seen='1' wr_count=0
Time: 163658 ns  Iteration: 0  Process: /tb_AI_TRIGGER_TOP/dut/u_DUT/\gen_lanes(4)\/u_LANE/line__191  File: /home/work1/Works/AI-Trigger-System/HDL/rtl/CNN_CORE_LANE.vhd
   144 | 0x003febcb    |     -2.525879 |     0 |    0 |      1.015
Note: DIST chunk_start seq=145 lane=0 busy='0'
Time: 163918 ns  Iteration: 0  Process: /tb_AI_TRIGGER_TOP/dut/u_DUT/u_DIST/line__134  File: /home/work1/Works/AI-Trigger-System/HDL/rtl/ADC_CHUNK_DISTRIBUTOR.vhd
Note: LANE0 ADC chunk_accept count=14 fifo_full='0'
Time: 163918 ns  Iteration: 0  Process: /tb_AI_TRIGGER_TOP/dut/u_DUT/\gen_lanes(0)\/u_LANE/line__191  File: /home/work1/Works/AI-Trigger-System/HDL/rtl/CNN_CORE_LANE.vhd
Note: LANE0 ADC busy_clear stream_done_seen='0' wr_count=0
Time: 164674 ns  Iteration: 0  Process: /tb_AI_TRIGGER_TOP/dut/u_DUT/\gen_lanes(0)\/u_LANE/line__191  File: /home/work1/Works/AI-Trigger-System/HDL/rtl/CNN_CORE_LANE.vhd
   145 | 0x003fed5a    |     -2.331055 |     0 |    0 |      1.010
Note: DIST chunk_start seq=146 lane=1 busy='0'
Time: 164930 ns  Iteration: 0  Process: /tb_AI_TRIGGER_TOP/dut/u_DUT/u_DIST/line__134  File: /home/work1/Works/AI-Trigger-System/HDL/rtl/ADC_CHUNK_DISTRIBUTOR.vhd
Note: LANE1 ADC chunk_accept count=14 fifo_full='0'
Time: 164930 ns  Iteration: 0  Process: /tb_AI_TRIGGER_TOP/dut/u_DUT/\gen_lanes(1)\/u_LANE/line__191  File: /home/work1/Works/AI-Trigger-System/HDL/rtl/CNN_CORE_LANE.vhd
Note: LANE1 ADC busy_clear stream_done_seen='0' wr_count=0
Time: 165686 ns  Iteration: 0  Process: /tb_AI_TRIGGER_TOP/dut/u_DUT/\gen_lanes(1)\/u_LANE/line__191  File: /home/work1/Works/AI-Trigger-System/HDL/rtl/CNN_CORE_LANE.vhd
   146 | 0x003fecea    |     -2.385742 |     0 |    0 |      1.015
Note: DIST chunk_start seq=147 lane=2 busy='0'
Time: 165946 ns  Iteration: 0  Process: /tb_AI_TRIGGER_TOP/dut/u_DUT/u_DIST/line__134  File: /home/work1/Works/AI-Trigger-System/HDL/rtl/ADC_CHUNK_DISTRIBUTOR.vhd
Note: LANE2 ADC chunk_accept count=14 fifo_full='0'
Time: 165946 ns  Iteration: 0  Process: /tb_AI_TRIGGER_TOP/dut/u_DUT/\gen_lanes(2)\/u_LANE/line__191  File: /home/work1/Works/AI-Trigger-System/HDL/rtl/CNN_CORE_LANE.vhd
Note: LANE2 ADC busy_clear stream_done_seen='0' wr_count=0
Time: 166702 ns  Iteration: 0  Process: /tb_AI_TRIGGER_TOP/dut/u_DUT/\gen_lanes(2)\/u_LANE/line__191  File: /home/work1/Works/AI-Trigger-System/HDL/rtl/CNN_CORE_LANE.vhd
   147 | 0x003febf2    |     -2.506836 |     0 |    0 |      1.015
Note: DIST chunk_start seq=148 lane=3 busy='0'
Time: 166962 ns  Iteration: 0  Process: /tb_AI_TRIGGER_TOP/dut/u_DUT/u_DIST/line__134  File: /home/work1/Works/AI-Trigger-System/HDL/rtl/ADC_CHUNK_DISTRIBUTOR.vhd
Note: LANE3 ADC chunk_accept count=14 fifo_full='0'
Time: 166962 ns  Iteration: 0  Process: /tb_AI_TRIGGER_TOP/dut/u_DUT/\gen_lanes(3)\/u_LANE/line__191  File: /home/work1/Works/AI-Trigger-System/HDL/rtl/CNN_CORE_LANE.vhd
Note: LANE3 ADC busy_clear stream_done_seen='0' wr_count=0
Time: 167718 ns  Iteration: 0  Process: /tb_AI_TRIGGER_TOP/dut/u_DUT/\gen_lanes(3)\/u_LANE/line__191  File: /home/work1/Works/AI-Trigger-System/HDL/rtl/CNN_CORE_LANE.vhd
   148 | 0x003febf1    |     -2.507324 |     0 |    0 |      1.015
Note: DIST chunk_start seq=149 lane=4 busy='0'
Time: 167978 ns  Iteration: 0  Process: /tb_AI_TRIGGER_TOP/dut/u_DUT/u_DIST/line__134  File: /home/work1/Works/AI-Trigger-System/HDL/rtl/ADC_CHUNK_DISTRIBUTOR.vhd
Note: LANE4 ADC chunk_accept count=14 fifo_full='0'
Time: 167978 ns  Iteration: 0  Process: /tb_AI_TRIGGER_TOP/dut/u_DUT/\gen_lanes(4)\/u_LANE/line__191  File: /home/work1/Works/AI-Trigger-System/HDL/rtl/CNN_CORE_LANE.vhd
Note: LANE4 ADC busy_clear stream_done_seen='0' wr_count=0
Time: 168734 ns  Iteration: 0  Process: /tb_AI_TRIGGER_TOP/dut/u_DUT/\gen_lanes(4)\/u_LANE/line__191  File: /home/work1/Works/AI-Trigger-System/HDL/rtl/CNN_CORE_LANE.vhd
   149 | 0x003fec83    |     -2.436035 |     0 |    0 |      1.010
Note: DIST chunk_start seq=150 lane=0 busy='0'
Time: 168990 ns  Iteration: 0  Process: /tb_AI_TRIGGER_TOP/dut/u_DUT/u_DIST/line__134  File: /home/work1/Works/AI-Trigger-System/HDL/rtl/ADC_CHUNK_DISTRIBUTOR.vhd
Note: LANE0 ADC chunk_accept count=15 fifo_full='0'
Time: 168990 ns  Iteration: 0  Process: /tb_AI_TRIGGER_TOP/dut/u_DUT/\gen_lanes(0)\/u_LANE/line__191  File: /home/work1/Works/AI-Trigger-System/HDL/rtl/CNN_CORE_LANE.vhd
Note: LANE0 ADC busy_clear stream_done_seen='1' wr_count=0
Time: 169746 ns  Iteration: 0  Process: /tb_AI_TRIGGER_TOP/dut/u_DUT/\gen_lanes(0)\/u_LANE/line__191  File: /home/work1/Works/AI-Trigger-System/HDL/rtl/CNN_CORE_LANE.vhd
   150 | 0x003fec5b    |     -2.455566 |     0 |    0 |      1.015
Note: DIST chunk_start seq=151 lane=1 busy='0'
Time: 170006 ns  Iteration: 0  Process: /tb_AI_TRIGGER_TOP/dut/u_DUT/u_DIST/line__134  File: /home/work1/Works/AI-Trigger-System/HDL/rtl/ADC_CHUNK_DISTRIBUTOR.vhd
Note: LANE1 ADC chunk_accept count=15 fifo_full='0'
Time: 170006 ns  Iteration: 0  Process: /tb_AI_TRIGGER_TOP/dut/u_DUT/\gen_lanes(1)\/u_LANE/line__191  File: /home/work1/Works/AI-Trigger-System/HDL/rtl/CNN_CORE_LANE.vhd
Note: LANE1 ADC busy_clear stream_done_seen='1' wr_count=0
Time: 170762 ns  Iteration: 0  Process: /tb_AI_TRIGGER_TOP/dut/u_DUT/\gen_lanes(1)\/u_LANE/line__191  File: /home/work1/Works/AI-Trigger-System/HDL/rtl/CNN_CORE_LANE.vhd
   151 | 0x003fed02    |     -2.374023 |     0 |    0 |      1.015
Note: DIST chunk_start seq=152 lane=2 busy='0'
Time: 171022 ns  Iteration: 0  Process: /tb_AI_TRIGGER_TOP/dut/u_DUT/u_DIST/line__134  File: /home/work1/Works/AI-Trigger-System/HDL/rtl/ADC_CHUNK_DISTRIBUTOR.vhd
Note: LANE2 ADC chunk_accept count=15 fifo_full='0'
Time: 171022 ns  Iteration: 0  Process: /tb_AI_TRIGGER_TOP/dut/u_DUT/\gen_lanes(2)\/u_LANE/line__191  File: /home/work1/Works/AI-Trigger-System/HDL/rtl/CNN_CORE_LANE.vhd
Note: LANE2 ADC busy_clear stream_done_seen='1' wr_count=0
Time: 171778 ns  Iteration: 0  Process: /tb_AI_TRIGGER_TOP/dut/u_DUT/\gen_lanes(2)\/u_LANE/line__191  File: /home/work1/Works/AI-Trigger-System/HDL/rtl/CNN_CORE_LANE.vhd
   152 | 0x003fecbf    |     -2.406738 |     0 |    0 |      1.015
Note: DIST chunk_start seq=153 lane=3 busy='0'
Time: 172038 ns  Iteration: 0  Process: /tb_AI_TRIGGER_TOP/dut/u_DUT/u_DIST/line__134  File: /home/work1/Works/AI-Trigger-System/HDL/rtl/ADC_CHUNK_DISTRIBUTOR.vhd
Note: LANE3 ADC chunk_accept count=15 fifo_full='0'
Time: 172038 ns  Iteration: 0  Process: /tb_AI_TRIGGER_TOP/dut/u_DUT/\gen_lanes(3)\/u_LANE/line__191  File: /home/work1/Works/AI-Trigger-System/HDL/rtl/CNN_CORE_LANE.vhd
Note: LANE3 ADC busy_clear stream_done_seen='1' wr_count=0
Time: 172794 ns  Iteration: 0  Process: /tb_AI_TRIGGER_TOP/dut/u_DUT/\gen_lanes(3)\/u_LANE/line__191  File: /home/work1/Works/AI-Trigger-System/HDL/rtl/CNN_CORE_LANE.vhd
   153 | 0x003feb7f    |     -2.562988 |     0 |    0 |      1.010
Note: DIST chunk_start seq=154 lane=4 busy='0'
Time: 173050 ns  Iteration: 0  Process: /tb_AI_TRIGGER_TOP/dut/u_DUT/u_DIST/line__134  File: /home/work1/Works/AI-Trigger-System/HDL/rtl/ADC_CHUNK_DISTRIBUTOR.vhd
Note: LANE4 ADC chunk_accept count=15 fifo_full='0'
Time: 173050 ns  Iteration: 0  Process: /tb_AI_TRIGGER_TOP/dut/u_DUT/\gen_lanes(4)\/u_LANE/line__191  File: /home/work1/Works/AI-Trigger-System/HDL/rtl/CNN_CORE_LANE.vhd
Note: LANE4 ADC busy_clear stream_done_seen='1' wr_count=0
Time: 173806 ns  Iteration: 0  Process: /tb_AI_TRIGGER_TOP/dut/u_DUT/\gen_lanes(4)\/u_LANE/line__191  File: /home/work1/Works/AI-Trigger-System/HDL/rtl/CNN_CORE_LANE.vhd
   154 | 0x003febef    |     -2.508301 |     0 |    0 |      1.015
Note: DIST chunk_start seq=155 lane=0 busy='0'
Time: 174066 ns  Iteration: 0  Process: /tb_AI_TRIGGER_TOP/dut/u_DUT/u_DIST/line__134  File: /home/work1/Works/AI-Trigger-System/HDL/rtl/ADC_CHUNK_DISTRIBUTOR.vhd
Note: LANE0 ADC chunk_accept count=0 fifo_full='0'
Time: 174066 ns  Iteration: 0  Process: /tb_AI_TRIGGER_TOP/dut/u_DUT/\gen_lanes(0)\/u_LANE/line__191  File: /home/work1/Works/AI-Trigger-System/HDL/rtl/CNN_CORE_LANE.vhd
Note: LANE0 ADC busy_clear stream_done_seen='0' wr_count=0
Time: 174822 ns  Iteration: 0  Process: /tb_AI_TRIGGER_TOP/dut/u_DUT/\gen_lanes(0)\/u_LANE/line__191  File: /home/work1/Works/AI-Trigger-System/HDL/rtl/CNN_CORE_LANE.vhd
   155 | 0x003fecc1    |     -2.405762 |     0 |    0 |      1.015
Note: DIST chunk_start seq=156 lane=1 busy='0'
Time: 175082 ns  Iteration: 0  Process: /tb_AI_TRIGGER_TOP/dut/u_DUT/u_DIST/line__134  File: /home/work1/Works/AI-Trigger-System/HDL/rtl/ADC_CHUNK_DISTRIBUTOR.vhd
Note: LANE1 ADC chunk_accept count=0 fifo_full='0'
Time: 175082 ns  Iteration: 0  Process: /tb_AI_TRIGGER_TOP/dut/u_DUT/\gen_lanes(1)\/u_LANE/line__191  File: /home/work1/Works/AI-Trigger-System/HDL/rtl/CNN_CORE_LANE.vhd
Note: LANE1 ADC busy_clear stream_done_seen='0' wr_count=0
Time: 175838 ns  Iteration: 0  Process: /tb_AI_TRIGGER_TOP/dut/u_DUT/\gen_lanes(1)\/u_LANE/line__191  File: /home/work1/Works/AI-Trigger-System/HDL/rtl/CNN_CORE_LANE.vhd
   156 | 0x003fecb2    |     -2.413086 |     0 |    0 |      1.015
Note: DIST chunk_start seq=157 lane=2 busy='0'
Time: 176098 ns  Iteration: 0  Process: /tb_AI_TRIGGER_TOP/dut/u_DUT/u_DIST/line__134  File: /home/work1/Works/AI-Trigger-System/HDL/rtl/ADC_CHUNK_DISTRIBUTOR.vhd
Note: LANE2 ADC chunk_accept count=0 fifo_full='0'
Time: 176098 ns  Iteration: 0  Process: /tb_AI_TRIGGER_TOP/dut/u_DUT/\gen_lanes(2)\/u_LANE/line__191  File: /home/work1/Works/AI-Trigger-System/HDL/rtl/CNN_CORE_LANE.vhd
Note: LANE2 ADC busy_clear stream_done_seen='0' wr_count=0
Time: 176854 ns  Iteration: 0  Process: /tb_AI_TRIGGER_TOP/dut/u_DUT/\gen_lanes(2)\/u_LANE/line__191  File: /home/work1/Works/AI-Trigger-System/HDL/rtl/CNN_CORE_LANE.vhd
   157 | 0x003fecf3    |     -2.381348 |     0 |    0 |      1.010
Note: DIST chunk_start seq=158 lane=3 busy='0'
Time: 177110 ns  Iteration: 0  Process: /tb_AI_TRIGGER_TOP/dut/u_DUT/u_DIST/line__134  File: /home/work1/Works/AI-Trigger-System/HDL/rtl/ADC_CHUNK_DISTRIBUTOR.vhd
Note: LANE3 ADC chunk_accept count=0 fifo_full='0'
Time: 177110 ns  Iteration: 0  Process: /tb_AI_TRIGGER_TOP/dut/u_DUT/\gen_lanes(3)\/u_LANE/line__191  File: /home/work1/Works/AI-Trigger-System/HDL/rtl/CNN_CORE_LANE.vhd
Note: LANE3 ADC busy_clear stream_done_seen='0' wr_count=0
Time: 177866 ns  Iteration: 0  Process: /tb_AI_TRIGGER_TOP/dut/u_DUT/\gen_lanes(3)\/u_LANE/line__191  File: /home/work1/Works/AI-Trigger-System/HDL/rtl/CNN_CORE_LANE.vhd
   158 | 0x003fed45    |     -2.341309 |     0 |    0 |      1.015
Note: DIST chunk_start seq=159 lane=4 busy='0'
Time: 178126 ns  Iteration: 0  Process: /tb_AI_TRIGGER_TOP/dut/u_DUT/u_DIST/line__134  File: /home/work1/Works/AI-Trigger-System/HDL/rtl/ADC_CHUNK_DISTRIBUTOR.vhd
Note: LANE4 ADC chunk_accept count=0 fifo_full='0'
Time: 178126 ns  Iteration: 0  Process: /tb_AI_TRIGGER_TOP/dut/u_DUT/\gen_lanes(4)\/u_LANE/line__191  File: /home/work1/Works/AI-Trigger-System/HDL/rtl/CNN_CORE_LANE.vhd
Note: LANE4 ADC busy_clear stream_done_seen='0' wr_count=0
Time: 178882 ns  Iteration: 0  Process: /tb_AI_TRIGGER_TOP/dut/u_DUT/\gen_lanes(4)\/u_LANE/line__191  File: /home/work1/Works/AI-Trigger-System/HDL/rtl/CNN_CORE_LANE.vhd
   159 | 0x003fec72    |     -2.444336 |     0 |    0 |      1.015
Note: LANE0 ADC chunk_accept count=1 fifo_full='0'
Time: 179142 ns  Iteration: 0  Process: /tb_AI_TRIGGER_TOP/dut/u_DUT/\gen_lanes(0)\/u_LANE/line__191  File: /home/work1/Works/AI-Trigger-System/HDL/rtl/CNN_CORE_LANE.vhd
Note: LANE0 ADC busy_clear stream_done_seen='1' wr_count=0
Time: 179898 ns  Iteration: 0  Process: /tb_AI_TRIGGER_TOP/dut/u_DUT/\gen_lanes(0)\/u_LANE/line__191  File: /home/work1/Works/AI-Trigger-System/HDL/rtl/CNN_CORE_LANE.vhd
   160 | 0x003fec79    |     -2.440918 |     0 |    0 |      1.015
Note: LANE1 ADC chunk_accept count=1 fifo_full='0'
Time: 180158 ns  Iteration: 0  Process: /tb_AI_TRIGGER_TOP/dut/u_DUT/\gen_lanes(1)\/u_LANE/line__191  File: /home/work1/Works/AI-Trigger-System/HDL/rtl/CNN_CORE_LANE.vhd
Note: LANE1 ADC busy_clear stream_done_seen='1' wr_count=0
Time: 180914 ns  Iteration: 0  Process: /tb_AI_TRIGGER_TOP/dut/u_DUT/\gen_lanes(1)\/u_LANE/line__191  File: /home/work1/Works/AI-Trigger-System/HDL/rtl/CNN_CORE_LANE.vhd
   161 | 0x003fed31    |     -2.351074 |     0 |    0 |      1.010
Note: LANE2 ADC chunk_accept count=1 fifo_full='0'
Time: 181170 ns  Iteration: 0  Process: /tb_AI_TRIGGER_TOP/dut/u_DUT/\gen_lanes(2)\/u_LANE/line__191  File: /home/work1/Works/AI-Trigger-System/HDL/rtl/CNN_CORE_LANE.vhd
Note: LANE2 ADC busy_clear stream_done_seen='1' wr_count=0
Time: 181926 ns  Iteration: 0  Process: /tb_AI_TRIGGER_TOP/dut/u_DUT/\gen_lanes(2)\/u_LANE/line__191  File: /home/work1/Works/AI-Trigger-System/HDL/rtl/CNN_CORE_LANE.vhd
   162 | 0x003fed33    |     -2.350098 |     0 |    0 |      1.015
Note: LANE3 ADC chunk_accept count=1 fifo_full='0'
Time: 182186 ns  Iteration: 0  Process: /tb_AI_TRIGGER_TOP/dut/u_DUT/\gen_lanes(3)\/u_LANE/line__191  File: /home/work1/Works/AI-Trigger-System/HDL/rtl/CNN_CORE_LANE.vhd
Note: LANE3 ADC busy_clear stream_done_seen='1' wr_count=0
Time: 182942 ns  Iteration: 0  Process: /tb_AI_TRIGGER_TOP/dut/u_DUT/\gen_lanes(3)\/u_LANE/line__191  File: /home/work1/Works/AI-Trigger-System/HDL/rtl/CNN_CORE_LANE.vhd
   163 | 0x003fecdf    |     -2.391113 |     0 |    0 |      1.015
Note: LANE4 ADC chunk_accept count=1 fifo_full='0'
Time: 183202 ns  Iteration: 0  Process: /tb_AI_TRIGGER_TOP/dut/u_DUT/\gen_lanes(4)\/u_LANE/line__191  File: /home/work1/Works/AI-Trigger-System/HDL/rtl/CNN_CORE_LANE.vhd
Note: LANE4 ADC busy_clear stream_done_seen='1' wr_count=0
Time: 183958 ns  Iteration: 0  Process: /tb_AI_TRIGGER_TOP/dut/u_DUT/\gen_lanes(4)\/u_LANE/line__191  File: /home/work1/Works/AI-Trigger-System/HDL/rtl/CNN_CORE_LANE.vhd
   164 | 0x003fedc7    |     -2.277832 |     0 |    0 |      1.015
Note: LANE0 ADC chunk_accept count=2 fifo_full='0'
Time: 184218 ns  Iteration: 0  Process: /tb_AI_TRIGGER_TOP/dut/u_DUT/\gen_lanes(0)\/u_LANE/line__191  File: /home/work1/Works/AI-Trigger-System/HDL/rtl/CNN_CORE_LANE.vhd
Note: LANE0 ADC busy_clear stream_done_seen='0' wr_count=0
Time: 184974 ns  Iteration: 0  Process: /tb_AI_TRIGGER_TOP/dut/u_DUT/\gen_lanes(0)\/u_LANE/line__191  File: /home/work1/Works/AI-Trigger-System/HDL/rtl/CNN_CORE_LANE.vhd
   165 | 0x003fece0    |     -2.390625 |     0 |    0 |      1.010
Note: LANE1 ADC chunk_accept count=2 fifo_full='0'
Time: 185230 ns  Iteration: 0  Process: /tb_AI_TRIGGER_TOP/dut/u_DUT/\gen_lanes(1)\/u_LANE/line__191  File: /home/work1/Works/AI-Trigger-System/HDL/rtl/CNN_CORE_LANE.vhd
Note: LANE1 ADC busy_clear stream_done_seen='0' wr_count=0
Time: 185986 ns  Iteration: 0  Process: /tb_AI_TRIGGER_TOP/dut/u_DUT/\gen_lanes(1)\/u_LANE/line__191  File: /home/work1/Works/AI-Trigger-System/HDL/rtl/CNN_CORE_LANE.vhd
   166 | 0x003fecec    |     -2.384766 |     0 |    0 |      1.015
Note: LANE2 ADC chunk_accept count=2 fifo_full='0'
Time: 186246 ns  Iteration: 0  Process: /tb_AI_TRIGGER_TOP/dut/u_DUT/\gen_lanes(2)\/u_LANE/line__191  File: /home/work1/Works/AI-Trigger-System/HDL/rtl/CNN_CORE_LANE.vhd
Note: LANE2 ADC busy_clear stream_done_seen='0' wr_count=0
Time: 187002 ns  Iteration: 0  Process: /tb_AI_TRIGGER_TOP/dut/u_DUT/\gen_lanes(2)\/u_LANE/line__191  File: /home/work1/Works/AI-Trigger-System/HDL/rtl/CNN_CORE_LANE.vhd
   167 | 0x003fed88    |     -2.308594 |     0 |    0 |      1.015
Note: LANE3 ADC chunk_accept count=2 fifo_full='0'
Time: 187262 ns  Iteration: 0  Process: /tb_AI_TRIGGER_TOP/dut/u_DUT/\gen_lanes(3)\/u_LANE/line__191  File: /home/work1/Works/AI-Trigger-System/HDL/rtl/CNN_CORE_LANE.vhd
Note: LANE3 ADC busy_clear stream_done_seen='0' wr_count=0
Time: 188018 ns  Iteration: 0  Process: /tb_AI_TRIGGER_TOP/dut/u_DUT/\gen_lanes(3)\/u_LANE/line__191  File: /home/work1/Works/AI-Trigger-System/HDL/rtl/CNN_CORE_LANE.vhd
   168 | 0x003fed52    |     -2.334961 |     0 |    0 |      1.015
Note: LANE4 ADC chunk_accept count=2 fifo_full='0'
Time: 188278 ns  Iteration: 0  Process: /tb_AI_TRIGGER_TOP/dut/u_DUT/\gen_lanes(4)\/u_LANE/line__191  File: /home/work1/Works/AI-Trigger-System/HDL/rtl/CNN_CORE_LANE.vhd
Note: LANE4 ADC busy_clear stream_done_seen='0' wr_count=0
Time: 189034 ns  Iteration: 0  Process: /tb_AI_TRIGGER_TOP/dut/u_DUT/\gen_lanes(4)\/u_LANE/line__191  File: /home/work1/Works/AI-Trigger-System/HDL/rtl/CNN_CORE_LANE.vhd
   169 | 0x003fed1a    |     -2.362305 |     0 |    0 |      1.010
Note: LANE0 ADC chunk_accept count=3 fifo_full='0'
Time: 189290 ns  Iteration: 0  Process: /tb_AI_TRIGGER_TOP/dut/u_DUT/\gen_lanes(0)\/u_LANE/line__191  File: /home/work1/Works/AI-Trigger-System/HDL/rtl/CNN_CORE_LANE.vhd
Note: LANE0 ADC busy_clear stream_done_seen='1' wr_count=0
Time: 190046 ns  Iteration: 0  Process: /tb_AI_TRIGGER_TOP/dut/u_DUT/\gen_lanes(0)\/u_LANE/line__191  File: /home/work1/Works/AI-Trigger-System/HDL/rtl/CNN_CORE_LANE.vhd
   170 | 0x003fedc7    |     -2.277832 |     0 |    0 |      1.015
Note: LANE1 ADC chunk_accept count=3 fifo_full='0'
Time: 190306 ns  Iteration: 0  Process: /tb_AI_TRIGGER_TOP/dut/u_DUT/\gen_lanes(1)\/u_LANE/line__191  File: /home/work1/Works/AI-Trigger-System/HDL/rtl/CNN_CORE_LANE.vhd
Note: LANE1 ADC busy_clear stream_done_seen='1' wr_count=0
Time: 191062 ns  Iteration: 0  Process: /tb_AI_TRIGGER_TOP/dut/u_DUT/\gen_lanes(1)\/u_LANE/line__191  File: /home/work1/Works/AI-Trigger-System/HDL/rtl/CNN_CORE_LANE.vhd
   171 | 0x003fecee    |     -2.383789 |     0 |    0 |      1.015
Note: LANE2 ADC chunk_accept count=3 fifo_full='0'
Time: 191322 ns  Iteration: 0  Process: /tb_AI_TRIGGER_TOP/dut/u_DUT/\gen_lanes(2)\/u_LANE/line__191  File: /home/work1/Works/AI-Trigger-System/HDL/rtl/CNN_CORE_LANE.vhd
Note: LANE2 ADC busy_clear stream_done_seen='1' wr_count=0
Time: 192078 ns  Iteration: 0  Process: /tb_AI_TRIGGER_TOP/dut/u_DUT/\gen_lanes(2)\/u_LANE/line__191  File: /home/work1/Works/AI-Trigger-System/HDL/rtl/CNN_CORE_LANE.vhd
   172 | 0x003fed50    |     -2.335938 |     0 |    0 |      1.015
Note: LANE3 ADC chunk_accept count=3 fifo_full='0'
Time: 192338 ns  Iteration: 0  Process: /tb_AI_TRIGGER_TOP/dut/u_DUT/\gen_lanes(3)\/u_LANE/line__191  File: /home/work1/Works/AI-Trigger-System/HDL/rtl/CNN_CORE_LANE.vhd
Note: LANE3 ADC busy_clear stream_done_seen='1' wr_count=0
Time: 193094 ns  Iteration: 0  Process: /tb_AI_TRIGGER_TOP/dut/u_DUT/\gen_lanes(3)\/u_LANE/line__191  File: /home/work1/Works/AI-Trigger-System/HDL/rtl/CNN_CORE_LANE.vhd
   173 | 0x003fedac    |     -2.291016 |     0 |    0 |      1.010
Note: LANE4 ADC chunk_accept count=3 fifo_full='0'
Time: 193350 ns  Iteration: 0  Process: /tb_AI_TRIGGER_TOP/dut/u_DUT/\gen_lanes(4)\/u_LANE/line__191  File: /home/work1/Works/AI-Trigger-System/HDL/rtl/CNN_CORE_LANE.vhd
Note: LANE4 ADC busy_clear stream_done_seen='1' wr_count=0
Time: 194106 ns  Iteration: 0  Process: /tb_AI_TRIGGER_TOP/dut/u_DUT/\gen_lanes(4)\/u_LANE/line__191  File: /home/work1/Works/AI-Trigger-System/HDL/rtl/CNN_CORE_LANE.vhd
   174 | 0x003fedcd    |     -2.274902 |     0 |    0 |      1.015
Note: LANE0 ADC chunk_accept count=4 fifo_full='0'
Time: 194366 ns  Iteration: 0  Process: /tb_AI_TRIGGER_TOP/dut/u_DUT/\gen_lanes(0)\/u_LANE/line__191  File: /home/work1/Works/AI-Trigger-System/HDL/rtl/CNN_CORE_LANE.vhd
Note: LANE0 ADC busy_clear stream_done_seen='0' wr_count=0
Time: 195122 ns  Iteration: 0  Process: /tb_AI_TRIGGER_TOP/dut/u_DUT/\gen_lanes(0)\/u_LANE/line__191  File: /home/work1/Works/AI-Trigger-System/HDL/rtl/CNN_CORE_LANE.vhd
   175 | 0x003fed4a    |     -2.338867 |     0 |    0 |      1.015
Note: LANE1 ADC chunk_accept count=4 fifo_full='0'
Time: 195382 ns  Iteration: 0  Process: /tb_AI_TRIGGER_TOP/dut/u_DUT/\gen_lanes(1)\/u_LANE/line__191  File: /home/work1/Works/AI-Trigger-System/HDL/rtl/CNN_CORE_LANE.vhd
Note: LANE1 ADC busy_clear stream_done_seen='0' wr_count=0
Time: 196138 ns  Iteration: 0  Process: /tb_AI_TRIGGER_TOP/dut/u_DUT/\gen_lanes(1)\/u_LANE/line__191  File: /home/work1/Works/AI-Trigger-System/HDL/rtl/CNN_CORE_LANE.vhd
   176 | 0x003fed59    |     -2.331543 |     0 |    0 |      1.015
Note: LANE2 ADC chunk_accept count=4 fifo_full='0'
Time: 196398 ns  Iteration: 0  Process: /tb_AI_TRIGGER_TOP/dut/u_DUT/\gen_lanes(2)\/u_LANE/line__191  File: /home/work1/Works/AI-Trigger-System/HDL/rtl/CNN_CORE_LANE.vhd
Note: LANE2 ADC busy_clear stream_done_seen='0' wr_count=0
Time: 197154 ns  Iteration: 0  Process: /tb_AI_TRIGGER_TOP/dut/u_DUT/\gen_lanes(2)\/u_LANE/line__191  File: /home/work1/Works/AI-Trigger-System/HDL/rtl/CNN_CORE_LANE.vhd
   177 | 0x003fecff    |     -2.375488 |     0 |    0 |      1.010
Note: LANE3 ADC chunk_accept count=4 fifo_full='0'
Time: 197410 ns  Iteration: 0  Process: /tb_AI_TRIGGER_TOP/dut/u_DUT/\gen_lanes(3)\/u_LANE/line__191  File: /home/work1/Works/AI-Trigger-System/HDL/rtl/CNN_CORE_LANE.vhd
Note: LANE3 ADC busy_clear stream_done_seen='0' wr_count=0
Time: 198166 ns  Iteration: 0  Process: /tb_AI_TRIGGER_TOP/dut/u_DUT/\gen_lanes(3)\/u_LANE/line__191  File: /home/work1/Works/AI-Trigger-System/HDL/rtl/CNN_CORE_LANE.vhd
   178 | 0x003fed7c    |     -2.314453 |     0 |    0 |      1.015
Note: LANE4 ADC chunk_accept count=4 fifo_full='0'
Time: 198426 ns  Iteration: 0  Process: /tb_AI_TRIGGER_TOP/dut/u_DUT/\gen_lanes(4)\/u_LANE/line__191  File: /home/work1/Works/AI-Trigger-System/HDL/rtl/CNN_CORE_LANE.vhd
Note: LANE4 ADC busy_clear stream_done_seen='0' wr_count=0
Time: 199182 ns  Iteration: 0  Process: /tb_AI_TRIGGER_TOP/dut/u_DUT/\gen_lanes(4)\/u_LANE/line__191  File: /home/work1/Works/AI-Trigger-System/HDL/rtl/CNN_CORE_LANE.vhd
   179 | 0x003fed78    |     -2.316406 |     0 |    0 |      1.015
Note: LANE0 ADC chunk_accept count=5 fifo_full='0'
Time: 199442 ns  Iteration: 0  Process: /tb_AI_TRIGGER_TOP/dut/u_DUT/\gen_lanes(0)\/u_LANE/line__191  File: /home/work1/Works/AI-Trigger-System/HDL/rtl/CNN_CORE_LANE.vhd
Note: LANE0 ADC busy_clear stream_done_seen='1' wr_count=0
Time: 200198 ns  Iteration: 0  Process: /tb_AI_TRIGGER_TOP/dut/u_DUT/\gen_lanes(0)\/u_LANE/line__191  File: /home/work1/Works/AI-Trigger-System/HDL/rtl/CNN_CORE_LANE.vhd
   180 | 0x003fed4d    |     -2.337402 |     0 |    0 |      1.015
Note: LANE1 ADC chunk_accept count=5 fifo_full='0'
Time: 200458 ns  Iteration: 0  Process: /tb_AI_TRIGGER_TOP/dut/u_DUT/\gen_lanes(1)\/u_LANE/line__191  File: /home/work1/Works/AI-Trigger-System/HDL/rtl/CNN_CORE_LANE.vhd
Note: LANE1 ADC busy_clear stream_done_seen='1' wr_count=0
Time: 201214 ns  Iteration: 0  Process: /tb_AI_TRIGGER_TOP/dut/u_DUT/\gen_lanes(1)\/u_LANE/line__191  File: /home/work1/Works/AI-Trigger-System/HDL/rtl/CNN_CORE_LANE.vhd
   181 | 0x003fed8f    |     -2.305176 |     0 |    0 |      1.010
Note: LANE2 ADC chunk_accept count=5 fifo_full='0'
Time: 201470 ns  Iteration: 0  Process: /tb_AI_TRIGGER_TOP/dut/u_DUT/\gen_lanes(2)\/u_LANE/line__191  File: /home/work1/Works/AI-Trigger-System/HDL/rtl/CNN_CORE_LANE.vhd
Note: LANE2 ADC busy_clear stream_done_seen='1' wr_count=0
Time: 202226 ns  Iteration: 0  Process: /tb_AI_TRIGGER_TOP/dut/u_DUT/\gen_lanes(2)\/u_LANE/line__191  File: /home/work1/Works/AI-Trigger-System/HDL/rtl/CNN_CORE_LANE.vhd
   182 | 0x003fed24    |     -2.357422 |     0 |    0 |      1.015
Note: LANE3 ADC chunk_accept count=5 fifo_full='0'
Time: 202486 ns  Iteration: 0  Process: /tb_AI_TRIGGER_TOP/dut/u_DUT/\gen_lanes(3)\/u_LANE/line__191  File: /home/work1/Works/AI-Trigger-System/HDL/rtl/CNN_CORE_LANE.vhd
Note: LANE3 ADC busy_clear stream_done_seen='1' wr_count=0
Time: 203242 ns  Iteration: 0  Process: /tb_AI_TRIGGER_TOP/dut/u_DUT/\gen_lanes(3)\/u_LANE/line__191  File: /home/work1/Works/AI-Trigger-System/HDL/rtl/CNN_CORE_LANE.vhd
   183 | 0x003fed20    |     -2.359375 |     0 |    0 |      1.015
Note: LANE4 ADC chunk_accept count=5 fifo_full='0'
Time: 203502 ns  Iteration: 0  Process: /tb_AI_TRIGGER_TOP/dut/u_DUT/\gen_lanes(4)\/u_LANE/line__191  File: /home/work1/Works/AI-Trigger-System/HDL/rtl/CNN_CORE_LANE.vhd
Note: LANE4 ADC busy_clear stream_done_seen='1' wr_count=0
Time: 204258 ns  Iteration: 0  Process: /tb_AI_TRIGGER_TOP/dut/u_DUT/\gen_lanes(4)\/u_LANE/line__191  File: /home/work1/Works/AI-Trigger-System/HDL/rtl/CNN_CORE_LANE.vhd
   184 | 0x003fed87    |     -2.309082 |     0 |    0 |      1.015
Note: LANE0 ADC chunk_accept count=6 fifo_full='0'
Time: 204518 ns  Iteration: 0  Process: /tb_AI_TRIGGER_TOP/dut/u_DUT/\gen_lanes(0)\/u_LANE/line__191  File: /home/work1/Works/AI-Trigger-System/HDL/rtl/CNN_CORE_LANE.vhd
Note: LANE0 ADC busy_clear stream_done_seen='0' wr_count=0
Time: 205274 ns  Iteration: 0  Process: /tb_AI_TRIGGER_TOP/dut/u_DUT/\gen_lanes(0)\/u_LANE/line__191  File: /home/work1/Works/AI-Trigger-System/HDL/rtl/CNN_CORE_LANE.vhd
   185 | 0x003fed22    |     -2.358398 |     0 |    0 |      1.010
Note: LANE1 ADC chunk_accept count=6 fifo_full='0'
Time: 205530 ns  Iteration: 0  Process: /tb_AI_TRIGGER_TOP/dut/u_DUT/\gen_lanes(1)\/u_LANE/line__191  File: /home/work1/Works/AI-Trigger-System/HDL/rtl/CNN_CORE_LANE.vhd
Note: LANE1 ADC busy_clear stream_done_seen='0' wr_count=0
Time: 206286 ns  Iteration: 0  Process: /tb_AI_TRIGGER_TOP/dut/u_DUT/\gen_lanes(1)\/u_LANE/line__191  File: /home/work1/Works/AI-Trigger-System/HDL/rtl/CNN_CORE_LANE.vhd
   186 | 0x003fed8b    |     -2.307129 |     0 |    0 |      1.015
Note: LANE2 ADC chunk_accept count=6 fifo_full='0'
Time: 206546 ns  Iteration: 0  Process: /tb_AI_TRIGGER_TOP/dut/u_DUT/\gen_lanes(2)\/u_LANE/line__191  File: /home/work1/Works/AI-Trigger-System/HDL/rtl/CNN_CORE_LANE.vhd
Note: LANE2 ADC busy_clear stream_done_seen='0' wr_count=0
Time: 207302 ns  Iteration: 0  Process: /tb_AI_TRIGGER_TOP/dut/u_DUT/\gen_lanes(2)\/u_LANE/line__191  File: /home/work1/Works/AI-Trigger-System/HDL/rtl/CNN_CORE_LANE.vhd
   187 | 0x003fedf1    |     -2.257324 |     0 |    0 |      1.015
Note: LANE3 ADC chunk_accept count=6 fifo_full='0'
Time: 207562 ns  Iteration: 0  Process: /tb_AI_TRIGGER_TOP/dut/u_DUT/\gen_lanes(3)\/u_LANE/line__191  File: /home/work1/Works/AI-Trigger-System/HDL/rtl/CNN_CORE_LANE.vhd
Note: LANE3 ADC busy_clear stream_done_seen='0' wr_count=0
Time: 208318 ns  Iteration: 0  Process: /tb_AI_TRIGGER_TOP/dut/u_DUT/\gen_lanes(3)\/u_LANE/line__191  File: /home/work1/Works/AI-Trigger-System/HDL/rtl/CNN_CORE_LANE.vhd
   188 | 0x003fed02    |     -2.374023 |     0 |    0 |      1.015
Note: LANE4 ADC chunk_accept count=6 fifo_full='0'
Time: 208578 ns  Iteration: 0  Process: /tb_AI_TRIGGER_TOP/dut/u_DUT/\gen_lanes(4)\/u_LANE/line__191  File: /home/work1/Works/AI-Trigger-System/HDL/rtl/CNN_CORE_LANE.vhd
Note: LANE4 ADC busy_clear stream_done_seen='0' wr_count=0
Time: 209334 ns  Iteration: 0  Process: /tb_AI_TRIGGER_TOP/dut/u_DUT/\gen_lanes(4)\/u_LANE/line__191  File: /home/work1/Works/AI-Trigger-System/HDL/rtl/CNN_CORE_LANE.vhd
   189 | 0x003fecf5    |     -2.380371 |     0 |    0 |      1.010
Note: LANE0 ADC chunk_accept count=7 fifo_full='0'
Time: 209590 ns  Iteration: 0  Process: /tb_AI_TRIGGER_TOP/dut/u_DUT/\gen_lanes(0)\/u_LANE/line__191  File: /home/work1/Works/AI-Trigger-System/HDL/rtl/CNN_CORE_LANE.vhd
Note: LANE0 ADC busy_clear stream_done_seen='1' wr_count=0
Time: 210346 ns  Iteration: 0  Process: /tb_AI_TRIGGER_TOP/dut/u_DUT/\gen_lanes(0)\/u_LANE/line__191  File: /home/work1/Works/AI-Trigger-System/HDL/rtl/CNN_CORE_LANE.vhd
   190 | 0x003fee96    |     -2.176758 |     0 |    0 |      1.015
Note: LANE1 ADC chunk_accept count=7 fifo_full='0'
Time: 210606 ns  Iteration: 0  Process: /tb_AI_TRIGGER_TOP/dut/u_DUT/\gen_lanes(1)\/u_LANE/line__191  File: /home/work1/Works/AI-Trigger-System/HDL/rtl/CNN_CORE_LANE.vhd
Note: LANE1 ADC busy_clear stream_done_seen='1' wr_count=0
Time: 211362 ns  Iteration: 0  Process: /tb_AI_TRIGGER_TOP/dut/u_DUT/\gen_lanes(1)\/u_LANE/line__191  File: /home/work1/Works/AI-Trigger-System/HDL/rtl/CNN_CORE_LANE.vhd
   191 | 0x003fed3f    |     -2.344238 |     0 |    0 |      1.015
Note: LANE2 ADC chunk_accept count=7 fifo_full='0'
Time: 211622 ns  Iteration: 0  Process: /tb_AI_TRIGGER_TOP/dut/u_DUT/\gen_lanes(2)\/u_LANE/line__191  File: /home/work1/Works/AI-Trigger-System/HDL/rtl/CNN_CORE_LANE.vhd
Note: LANE2 ADC busy_clear stream_done_seen='1' wr_count=0
Time: 212378 ns  Iteration: 0  Process: /tb_AI_TRIGGER_TOP/dut/u_DUT/\gen_lanes(2)\/u_LANE/line__191  File: /home/work1/Works/AI-Trigger-System/HDL/rtl/CNN_CORE_LANE.vhd
   192 | 0x003fed31    |     -2.351074 |     0 |    0 |      1.015
Note: LANE3 ADC chunk_accept count=7 fifo_full='0'
Time: 212638 ns  Iteration: 0  Process: /tb_AI_TRIGGER_TOP/dut/u_DUT/\gen_lanes(3)\/u_LANE/line__191  File: /home/work1/Works/AI-Trigger-System/HDL/rtl/CNN_CORE_LANE.vhd
Note: LANE3 ADC busy_clear stream_done_seen='1' wr_count=0
Time: 213394 ns  Iteration: 0  Process: /tb_AI_TRIGGER_TOP/dut/u_DUT/\gen_lanes(3)\/u_LANE/line__191  File: /home/work1/Works/AI-Trigger-System/HDL/rtl/CNN_CORE_LANE.vhd
   193 | 0x003feed8    |     -2.144531 |     0 |    0 |      1.010
Note: LANE4 ADC chunk_accept count=7 fifo_full='0'
Time: 213650 ns  Iteration: 0  Process: /tb_AI_TRIGGER_TOP/dut/u_DUT/\gen_lanes(4)\/u_LANE/line__191  File: /home/work1/Works/AI-Trigger-System/HDL/rtl/CNN_CORE_LANE.vhd
Note: LANE4 ADC busy_clear stream_done_seen='1' wr_count=0
Time: 214406 ns  Iteration: 0  Process: /tb_AI_TRIGGER_TOP/dut/u_DUT/\gen_lanes(4)\/u_LANE/line__191  File: /home/work1/Works/AI-Trigger-System/HDL/rtl/CNN_CORE_LANE.vhd
   194 | 0x003fed6d    |     -2.321777 |     0 |    0 |      1.015
Note: LANE0 ADC chunk_accept count=8 fifo_full='0'
Time: 214666 ns  Iteration: 0  Process: /tb_AI_TRIGGER_TOP/dut/u_DUT/\gen_lanes(0)\/u_LANE/line__191  File: /home/work1/Works/AI-Trigger-System/HDL/rtl/CNN_CORE_LANE.vhd
Note: LANE0 ADC busy_clear stream_done_seen='0' wr_count=0
Time: 215422 ns  Iteration: 0  Process: /tb_AI_TRIGGER_TOP/dut/u_DUT/\gen_lanes(0)\/u_LANE/line__191  File: /home/work1/Works/AI-Trigger-System/HDL/rtl/CNN_CORE_LANE.vhd
   195 | 0x003fed14    |     -2.365234 |     0 |    0 |      1.015
Note: LANE1 ADC chunk_accept count=8 fifo_full='0'
Time: 215682 ns  Iteration: 0  Process: /tb_AI_TRIGGER_TOP/dut/u_DUT/\gen_lanes(1)\/u_LANE/line__191  File: /home/work1/Works/AI-Trigger-System/HDL/rtl/CNN_CORE_LANE.vhd
Note: LANE1 ADC busy_clear stream_done_seen='0' wr_count=0
Time: 216438 ns  Iteration: 0  Process: /tb_AI_TRIGGER_TOP/dut/u_DUT/\gen_lanes(1)\/u_LANE/line__191  File: /home/work1/Works/AI-Trigger-System/HDL/rtl/CNN_CORE_LANE.vhd
   196 | 0x003fef25    |     -2.106934 |     0 |    0 |      1.015
Note: LANE2 ADC chunk_accept count=8 fifo_full='0'
Time: 216698 ns  Iteration: 0  Process: /tb_AI_TRIGGER_TOP/dut/u_DUT/\gen_lanes(2)\/u_LANE/line__191  File: /home/work1/Works/AI-Trigger-System/HDL/rtl/CNN_CORE_LANE.vhd
Note: LANE2 ADC busy_clear stream_done_seen='0' wr_count=0
Time: 217454 ns  Iteration: 0  Process: /tb_AI_TRIGGER_TOP/dut/u_DUT/\gen_lanes(2)\/u_LANE/line__191  File: /home/work1/Works/AI-Trigger-System/HDL/rtl/CNN_CORE_LANE.vhd
   197 | 0x003fed12    |     -2.366211 |     0 |    0 |      1.010
Note: LANE3 ADC chunk_accept count=8 fifo_full='0'
Time: 217710 ns  Iteration: 0  Process: /tb_AI_TRIGGER_TOP/dut/u_DUT/\gen_lanes(3)\/u_LANE/line__191  File: /home/work1/Works/AI-Trigger-System/HDL/rtl/CNN_CORE_LANE.vhd
Note: LANE3 ADC busy_clear stream_done_seen='0' wr_count=0
Time: 218466 ns  Iteration: 0  Process: /tb_AI_TRIGGER_TOP/dut/u_DUT/\gen_lanes(3)\/u_LANE/line__191  File: /home/work1/Works/AI-Trigger-System/HDL/rtl/CNN_CORE_LANE.vhd
   198 | 0x003fedad    |     -2.290527 |     0 |    0 |      1.015
Note: LANE4 ADC chunk_accept count=8 fifo_full='0'
Time: 218726 ns  Iteration: 0  Process: /tb_AI_TRIGGER_TOP/dut/u_DUT/\gen_lanes(4)\/u_LANE/line__191  File: /home/work1/Works/AI-Trigger-System/HDL/rtl/CNN_CORE_LANE.vhd
Note: LANE4 ADC busy_clear stream_done_seen='0' wr_count=0
Time: 219482 ns  Iteration: 0  Process: /tb_AI_TRIGGER_TOP/dut/u_DUT/\gen_lanes(4)\/u_LANE/line__191  File: /home/work1/Works/AI-Trigger-System/HDL/rtl/CNN_CORE_LANE.vhd
   199 | 0x003feee4    |     -2.138672 |     0 |    0 |      1.015
   200 | 0x003fedee    |     -2.258789 |     0 |    0 |      1.015
   201 | 0x003fed6f    |     -2.320801 |     0 |    0 |      1.010
   202 | 0x003fef8d    |     -2.056152 |     0 |    0 |      1.015
   203 | 0x003fed37    |     -2.348145 |     0 |    0 |      1.015
   204 | 0x003fed99    |     -2.300293 |     0 |    0 |      1.015
   205 | 0x003fefd3    |     -2.021973 |     0 |    0 |      1.010
   206 | 0x003feeb5    |     -2.161621 |     0 |    0 |      1.015
   207 | 0x003fed6b    |     -2.322754 |     0 |    0 |      1.015
   208 | 0x003fef84    |     -2.060547 |     0 |    0 |      1.015
   209 | 0x003fed4e    |     -2.336914 |     0 |    0 |      1.010
   210 | 0x003feddb    |     -2.268066 |     0 |    0 |      1.015
   211 | 0x003fefd8    |     -2.019531 |     0 |    0 |      1.015
   212 | 0x003fee81    |     -2.187012 |     0 |    0 |      1.015
   213 | 0x003fed78    |     -2.316406 |     0 |    0 |      1.010
   214 | 0x003feedd    |     -2.142090 |     0 |    0 |      1.015
   215 | 0x003fecfb    |     -2.377441 |     0 |    0 |      1.015
   216 | 0x003fed78    |     -2.316406 |     0 |    0 |      1.015
   217 | 0x003feef5    |     -2.130371 |     0 |    0 |      1.010
   218 | 0x003fee2a    |     -2.229492 |     0 |    0 |      1.015
   219 | 0x003fed0e    |     -2.368164 |     0 |    0 |      1.015
   220 | 0x003fedf7    |     -2.254395 |     0 |    0 |      1.015
   221 | 0x003fecec    |     -2.384766 |     0 |    0 |      1.010
   222 | 0x003fed2f    |     -2.352051 |     0 |    0 |      1.015
   223 | 0x003fee59    |     -2.206543 |     0 |    0 |      1.015
   224 | 0x003fed74    |     -2.318359 |     0 |    0 |      1.015
   225 | 0x003fec9f    |     -2.422363 |     0 |    0 |      1.010
   226 | 0x003fed89    |     -2.308105 |     0 |    0 |      1.015
   227 | 0x003fec61    |     -2.452637 |     0 |    0 |      1.015
   228 | 0x003fec85    |     -2.435059 |     0 |    0 |      1.015
   229 | 0x003fed53    |     -2.334473 |     0 |    0 |      1.010
   230 | 0x003fecaa    |     -2.416992 |     0 |    0 |      1.015
   231 | 0x003febda    |     -2.518555 |     0 |    0 |      1.015
   232 | 0x003fed08    |     -2.371094 |     0 |    0 |      1.015
   233 | 0x003fec8b    |     -2.432129 |     0 |    0 |      1.010
   234 | 0x003fec60    |     -2.453125 |     0 |    0 |      1.015
   235 | 0x003fece7    |     -2.387207 |     0 |    0 |      1.015
   236 | 0x003fecbc    |     -2.408203 |     0 |    0 |      1.015
   237 | 0x003febf2    |     -2.506836 |     0 |    0 |      1.010
   238 | 0x003fecaa    |     -2.416992 |     0 |    0 |      1.015
   239 | 0x003fec7b    |     -2.439941 |     0 |    0 |      1.015
   240 | 0x003fec3d    |     -2.470215 |     0 |    0 |      1.015
   241 | 0x003fecc4    |     -2.404297 |     0 |    0 |      1.010
   242 | 0x003fec94    |     -2.427734 |     0 |    0 |      1.015
   243 | 0x003febc1    |     -2.530762 |     0 |    0 |      1.015
   244 | 0x003fec5a    |     -2.456055 |     0 |    0 |      1.015
   245 | 0x003feccd    |     -2.399902 |     0 |    0 |      1.010
   246 | 0x003fec78    |     -2.441406 |     0 |    0 |      1.015
   247 | 0x003fec93    |     -2.428223 |     0 |    0 |      1.015
   248 | 0x003feca9    |     -2.417480 |     0 |    0 |      1.015
   249 | 0x003fec20    |     -2.484375 |     0 |    0 |      1.010
   250 | 0x003fec37    |     -2.473145 |     0 |    0 |      1.015
   251 | 0x003fecf5    |     -2.380371 |     0 |    0 |      1.015
   252 | 0x003fecb4    |     -2.412109 |     0 |    0 |      1.015
   253 | 0x003fecc8    |     -2.402344 |     0 |    0 |      1.010
   254 | 0x003fecfb    |     -2.377441 |     0 |    0 |      1.015
   255 | 0x003fec7c    |     -2.439453 |     0 |    0 |      1.015
   256 | 0x003fec03    |     -2.498535 |     0 |    0 |      1.015
   257 | 0x003fed08    |     -2.371094 |     0 |    0 |      1.010
   258 | 0x003fecfa    |     -2.377930 |     0 |    0 |      1.015
   259 | 0x003feca2    |     -2.420898 |     0 |    0 |      1.015
   260 | 0x003fecb3    |     -2.412598 |     0 |    0 |      1.015
   261 | 0x003fec99    |     -2.425293 |     0 |    0 |      1.010
   262 | 0x003fec8b    |     -2.432129 |     0 |    0 |      1.015
   263 | 0x003fed24    |     -2.357422 |     0 |    0 |      1.015
   264 | 0x003fed28    |     -2.355469 |     0 |    0 |      1.015
   265 | 0x003fece0    |     -2.390625 |     0 |    0 |      1.010
   266 | 0x003fecc5    |     -2.403809 |     0 |    0 |      1.015
   267 | 0x003fecf0    |     -2.382812 |     0 |    0 |      1.015
   268 | 0x003fece1    |     -2.390137 |     0 |    0 |      1.015
   269 | 0x003fece6    |     -2.387695 |     0 |    0 |      1.010
   270 | 0x003feda9    |     -2.292480 |     0 |    0 |      1.015
   271 | 0x003fed48    |     -2.339844 |     0 |    0 |      1.015
   272 | 0x003fecc6    |     -2.403320 |     0 |    0 |      1.015
   273 | 0x003fed46    |     -2.340820 |     0 |    0 |      1.010
   274 | 0x003fedc8    |     -2.277344 |     0 |    0 |      1.015
   275 | 0x003fecea    |     -2.385742 |     0 |    0 |      1.015
   276 | 0x003fed8d    |     -2.306152 |     0 |    0 |      1.015
   277 | 0x003fedb3    |     -2.287598 |     0 |    0 |      1.010
   278 | 0x003fec63    |     -2.451660 |     0 |    0 |      1.015
   279 | 0x003fed61    |     -2.327637 |     0 |    0 |      1.015
   280 | 0x003fed7a    |     -2.315430 |     0 |    0 |      1.015
   281 | 0x003fec8d    |     -2.431152 |     0 |    0 |      1.010
   282 | 0x003fed2f    |     -2.352051 |     0 |    0 |      1.015
   283 | 0x003fed52    |     -2.334961 |     0 |    0 |      1.015
   284 | 0x003fec5d    |     -2.454590 |     0 |    0 |      1.015
   285 | 0x003fed3e    |     -2.344727 |     0 |    0 |      1.010
   286 | 0x003fed35    |     -2.349121 |     0 |    0 |      1.015
   287 | 0x003feca5    |     -2.419434 |     0 |    0 |      1.015
   288 | 0x003fecd3    |     -2.396973 |     0 |    0 |      1.015
   289 | 0x003fed3b    |     -2.346191 |     0 |    0 |      1.010
   290 | 0x003fec9c    |     -2.423828 |     0 |    0 |      1.015
   291 | 0x003fecd6    |     -2.395508 |     0 |    0 |      1.015
   292 | 0x003fed51    |     -2.335449 |     0 |    0 |      1.015
   293 | 0x003fec7d    |     -2.438965 |     0 |    0 |      1.010
   294 | 0x003fed76    |     -2.317383 |     0 |    0 |      1.015
   295 | 0x003fed2e    |     -2.352539 |     0 |    0 |      1.015
   296 | 0x003fecf2    |     -2.381836 |     0 |    0 |      1.015
   297 | 0x003fecb1    |     -2.413574 |     0 |    0 |      1.010
   298 | 0x003fed86    |     -2.309570 |     0 |    0 |      1.015
   299 | 0x003fec98    |     -2.425781 |     0 |    0 |      1.015
   300 | 0x003fed99    |     -2.300293 |     0 |    0 |      1.015
   301 | 0x003fecf7    |     -2.379395 |     0 |    0 |      1.010
   302 | 0x003fecca    |     -2.401367 |     0 |    0 |      1.015
   303 | 0x003fecbd    |     -2.407715 |     0 |    0 |      1.015
   304 | 0x003fedb1    |     -2.288574 |     0 |    0 |      1.015
   305 | 0x003fecc6    |     -2.403320 |     0 |    0 |      1.010
   306 | 0x003fedae    |     -2.290039 |     0 |    0 |      1.015
   307 | 0x003fed58    |     -2.332031 |     0 |    0 |      1.015
   308 | 0x003fed16    |     -2.364258 |     0 |    0 |      1.015
   309 | 0x003fed25    |     -2.356934 |     0 |    0 |      1.010
   310 | 0x003fedad    |     -2.290527 |     0 |    0 |      1.015
   311 | 0x003fecd3    |     -2.396973 |     0 |    0 |      1.015
   312 | 0x003fed79    |     -2.315918 |     0 |    0 |      1.015
   313 | 0x003fed22    |     -2.358398 |     0 |    0 |      1.010
   314 | 0x003fecf1    |     -2.382324 |     0 |    0 |      1.015
   315 | 0x003fecf9    |     -2.378418 |     0 |    0 |      1.015
   316 | 0x003fedd3    |     -2.271973 |     0 |    0 |      1.015
   317 | 0x003fed48    |     -2.339844 |     0 |    0 |      1.010
   318 | 0x003fed3d    |     -2.345215 |     0 |    0 |      1.015
   319 | 0x003feddb    |     -2.268066 |     0 |    0 |      1.015
   320 | 0x003fed2b    |     -2.354004 |     0 |    0 |      1.015
   321 | 0x003fed03    |     -2.373535 |     0 |    0 |      1.010
   322 | 0x003fee2b    |     -2.229004 |     0 |    0 |      1.015
   323 | 0x003fee8b    |     -2.182129 |     0 |    0 |      1.015
   324 | 0x003fed3e    |     -2.344727 |     0 |    0 |      1.015
   325 | 0x003fed98    |     -2.300781 |     0 |    0 |      1.010
   326 | 0x003feddc    |     -2.267578 |     0 |    0 |      1.015
   327 | 0x003fed50    |     -2.335938 |     0 |    0 |      1.015
   328 | 0x003fee12    |     -2.241211 |     0 |    0 |      1.015
   329 | 0x003feeac    |     -2.166016 |     0 |    0 |      1.010
   330 | 0x003fedab    |     -2.291504 |     0 |    0 |      1.015
   331 | 0x003fee23    |     -2.232910 |     0 |    0 |      1.015
   332 | 0x003fee1f    |     -2.234863 |     0 |    0 |      1.015
   333 | 0x003fed50    |     -2.335938 |     0 |    0 |      1.010
   334 | 0x003fee47    |     -2.215332 |     0 |    0 |      1.015
   335 | 0x003fee90    |     -2.179688 |     0 |    0 |      1.015
   336 | 0x003fedf9    |     -2.253418 |     0 |    0 |      1.015
   337 | 0x003fede1    |     -2.265137 |     0 |    0 |      1.010
   338 | 0x003fee3b    |     -2.221191 |     0 |    0 |      1.015
   339 | 0x003fed82    |     -2.311523 |     0 |    0 |      1.015
   340 | 0x003fee83    |     -2.186035 |     0 |    0 |      1.015
   341 | 0x003fee1e    |     -2.235352 |     0 |    0 |      1.010
   342 | 0x003fedfa    |     -2.252930 |     0 |    0 |      1.015
   343 | 0x003fee55    |     -2.208496 |     0 |    0 |      1.015
   344 | 0x003fedd7    |     -2.270020 |     0 |    0 |      1.015
   345 | 0x003fed72    |     -2.319336 |     0 |    0 |      1.010
   346 | 0x003fee60    |     -2.203125 |     0 |    0 |      1.015
   347 | 0x003fed75    |     -2.317871 |     0 |    0 |      1.015
   348 | 0x003fedc9    |     -2.276855 |     0 |    0 |      1.015
   349 | 0x003fee34    |     -2.224609 |     0 |    0 |      1.010
   350 | 0x003fed66    |     -2.325195 |     0 |    0 |      1.015
   351 | 0x003fed76    |     -2.317383 |     0 |    0 |      1.015
   352 | 0x003fedc6    |     -2.278320 |     0 |    0 |      1.015
   353 | 0x003fed4d    |     -2.337402 |     0 |    0 |      1.010
   354 | 0x003fed72    |     -2.319336 |     0 |    0 |      1.015
   355 | 0x003fedd7    |     -2.270020 |     0 |    0 |      1.015
   356 | 0x003fecf1    |     -2.382324 |     0 |    0 |      1.015
   357 | 0x003fed4f    |     -2.336426 |     0 |    0 |      1.010
   358 | 0x003fed9f    |     -2.297363 |     0 |    0 |      1.015
   359 | 0x003fed3a    |     -2.346680 |     0 |    0 |      1.015
   360 | 0x003fed4d    |     -2.337402 |     0 |    0 |      1.015
   361 | 0x003fee11    |     -2.241699 |     0 |    0 |      1.010
   362 | 0x003fed18    |     -2.363281 |     0 |    0 |      1.015
   363 | 0x003feda2    |     -2.295898 |     0 |    0 |      1.015
   364 | 0x003fed5d    |     -2.329590 |     0 |    0 |      1.015
   365 | 0x003fed62    |     -2.327148 |     0 |    0 |      1.010
   366 | 0x003fed44    |     -2.341797 |     0 |    0 |      1.015
   367 | 0x003fedbb    |     -2.283691 |     0 |    0 |      1.015
   368 | 0x003fed00    |     -2.375000 |     0 |    0 |      1.015
   369 | 0x003fedbe    |     -2.282227 |     0 |    0 |      1.010
   370 | 0x003fecf9    |     -2.378418 |     0 |    0 |      1.015
   371 | 0x003fed4b    |     -2.338379 |     0 |    0 |      1.015
   372 | 0x003fecc0    |     -2.406250 |     0 |    0 |      1.015
   373 | 0x003fedc4    |     -2.279297 |     0 |    0 |      1.010
   374 | 0x003fed90    |     -2.304688 |     0 |    0 |      1.015
   375 | 0x003fedf5    |     -2.255371 |     0 |    0 |      1.015
   376 | 0x003fed09    |     -2.370605 |     0 |    0 |      1.015
   377 | 0x003fed21    |     -2.358887 |     0 |    0 |      1.010
   378 | 0x003fed26    |     -2.356445 |     0 |    0 |      1.015
   379 | 0x003fed9e    |     -2.297852 |     0 |    0 |      1.015
   380 | 0x003fed49    |     -2.339355 |     0 |    0 |      1.015
   381 | 0x003fed4b    |     -2.338379 |     0 |    0 |      1.010
   382 | 0x003fed0d    |     -2.368652 |     0 |    0 |      1.015
   383 | 0x003fed3d    |     -2.345215 |     0 |    0 |      1.015
   384 | 0x003feca8    |     -2.417969 |     0 |    0 |      1.015
   385 | 0x003fed15    |     -2.364746 |     0 |    0 |      1.010
   386 | 0x003fed92    |     -2.303711 |     0 |    0 |      1.015
   387 | 0x003fed5b    |     -2.330566 |     0 |    0 |      1.015
   388 | 0x003fed29    |     -2.354980 |     0 |    0 |      1.015
   389 | 0x003feca2    |     -2.420898 |     0 |    0 |      1.010
   390 | 0x003fecf4    |     -2.380859 |     0 |    0 |      1.015
   391 | 0x003fed50    |     -2.335938 |     0 |    0 |      1.015
   392 | 0x003fed62    |     -2.327148 |     0 |    0 |      1.015
   393 | 0x003fecf8    |     -2.378906 |     0 |    0 |      1.010
   394 | 0x003fed89    |     -2.308105 |     0 |    0 |      1.015
   395 | 0x003fed3d    |     -2.345215 |     0 |    0 |      1.015
   396 | 0x003fecb9    |     -2.409668 |     0 |    0 |      1.015
   397 | 0x003fecad    |     -2.415527 |     0 |    0 |      1.010
   398 | 0x003fedcd    |     -2.274902 |     0 |    0 |      1.015
   399 | 0x003fec63    |     -2.451660 |     0 |    0 |      1.015
   400 | 0x003fed0e    |     -2.368164 |     0 |    0 |      1.015
   401 | 0x003fed5b    |     -2.330566 |     0 |    0 |      1.010
   402 | 0x003fed0c    |     -2.369141 |     0 |    0 |      1.015
   403 | 0x003fecb6    |     -2.411133 |     0 |    0 |      1.015
   404 | 0x003fedaa    |     -2.291992 |     0 |    0 |      1.015
   405 | 0x003fecad    |     -2.415527 |     0 |    0 |      1.010
   406 | 0x003fecd8    |     -2.394531 |     0 |    0 |      1.015
   407 | 0x003fed9a    |     -2.299805 |     0 |    0 |      1.015
   408 | 0x003fec91    |     -2.429199 |     0 |    0 |      1.015
   409 | 0x003fec6d    |     -2.446777 |     0 |    0 |      1.010
   410 | 0x003fed5f    |     -2.328613 |     0 |    0 |      1.015
   411 | 0x003fec00    |     -2.500000 |     0 |    0 |      1.015
   412 | 0x003fec8e    |     -2.430664 |     0 |    0 |      1.015
   413 | 0x003fedc3    |     -2.279785 |     0 |    0 |      1.010
   414 | 0x003fecad    |     -2.415527 |     0 |    0 |      1.015
   415 | 0x003fec95    |     -2.427246 |     0 |    0 |      1.015
   416 | 0x003fedb6    |     -2.286133 |     0 |    0 |      1.015
   417 | 0x003fec3c    |     -2.470703 |     0 |    0 |      1.010
   418 | 0x003fec8c    |     -2.431641 |     0 |    0 |      1.015
   419 | 0x003fed2b    |     -2.354004 |     0 |    0 |      1.015
   420 | 0x003fec9e    |     -2.422852 |     0 |    0 |      1.015
   421 | 0x003fec75    |     -2.442871 |     0 |    0 |      1.010
   422 | 0x003fed42    |     -2.342773 |     0 |    0 |      1.015
   423 | 0x003feb92    |     -2.553711 |     0 |    0 |      1.015
   424 | 0x003fecc3    |     -2.404785 |     0 |    0 |      1.015
   425 | 0x003fed09    |     -2.370605 |     0 |    0 |      1.010
   426 | 0x003fec44    |     -2.466797 |     0 |    0 |      1.015
   427 | 0x003fec93    |     -2.428223 |     0 |    0 |      1.015
   428 | 0x003fedb5    |     -2.286621 |     0 |    0 |      1.015
   429 | 0x003febcd    |     -2.524902 |     0 |    0 |      1.010
   430 | 0x003fecdc    |     -2.392578 |     0 |    0 |      1.015
   431 | 0x003fecf7    |     -2.379395 |     0 |    0 |      1.015
   432 | 0x003fec57    |     -2.457520 |     0 |    0 |      1.015
   433 | 0x003fec9d    |     -2.423340 |     0 |    0 |      1.010
   434 | 0x003fed8e    |     -2.305664 |     0 |    0 |      1.015
   435 | 0x003febb5    |     -2.536621 |     0 |    0 |      1.015
   436 | 0x003fecc6    |     -2.403320 |     0 |    0 |      1.015
   437 | 0x003fecfb    |     -2.377441 |     0 |    0 |      1.010
   438 | 0x003fec2c    |     -2.478516 |     0 |    0 |      1.015
   439 | 0x003fecd0    |     -2.398438 |     0 |    0 |      1.015
   440 | 0x003fecfa    |     -2.377930 |     0 |    0 |      1.015
   441 | 0x003fec05    |     -2.497559 |     0 |    0 |      1.010
   442 | 0x003feca3    |     -2.420410 |     0 |    0 |      1.015
   443 | 0x003fece5    |     -2.388184 |     0 |    0 |      1.015
   444 | 0x003fec4a    |     -2.463867 |     0 |    0 |      1.015
   445 | 0x003fecf9    |     -2.378418 |     0 |    0 |      1.010
   446 | 0x003fed3b    |     -2.346191 |     0 |    0 |      1.015
   447 | 0x003fec87    |     -2.434082 |     0 |    0 |      1.015
   448 | 0x003fec3e    |     -2.469727 |     0 |    0 |      1.015
   449 | 0x003fed6a    |     -2.323242 |     0 |    0 |      1.010
   450 | 0x003fecb8    |     -2.410156 |     0 |    0 |      1.015
   451 | 0x003fecf3    |     -2.381348 |     0 |    0 |      1.015
   452 | 0x003fed24    |     -2.357422 |     0 |    0 |      1.015
   453 | 0x003fecfc    |     -2.376953 |     0 |    0 |      1.010
   454 | 0x003fec63    |     -2.451660 |     0 |    0 |      1.015
   455 | 0x003fed83    |     -2.311035 |     0 |    0 |      1.015
   456 | 0x003fecb7    |     -2.410645 |     0 |    0 |      1.015
   457 | 0x003fecba    |     -2.409180 |     0 |    0 |      1.010
   458 | 0x003fed30    |     -2.351562 |     0 |    0 |      1.015
   459 | 0x003fed6f    |     -2.320801 |     0 |    0 |      1.015
   460 | 0x003fec7a    |     -2.440430 |     0 |    0 |      1.015
   461 | 0x003fedb1    |     -2.288574 |     0 |    0 |      1.010
   462 | 0x003fed1a    |     -2.362305 |     0 |    0 |      1.015
   463 | 0x003feca6    |     -2.418945 |     0 |    0 |      1.015
   464 | 0x003fed35    |     -2.349121 |     0 |    0 |      1.015
   465 | 0x003feddc    |     -2.267578 |     0 |    0 |      1.010
   466 | 0x003fed17    |     -2.363770 |     0 |    0 |      1.015
   467 | 0x003fedc8    |     -2.277344 |     0 |    0 |      1.015
   468 | 0x003fed76    |     -2.317383 |     0 |    0 |      1.015
   469 | 0x003feceb    |     -2.385254 |     0 |    0 |      1.010
   470 | 0x003fed39    |     -2.347168 |     0 |    0 |      1.015
   471 | 0x003fee1e    |     -2.235352 |     0 |    0 |      1.015
   472 | 0x003fed2a    |     -2.354492 |     0 |    0 |      1.015
   473 | 0x003fedb6    |     -2.286133 |     0 |    0 |      1.010
   474 | 0x003fedc8    |     -2.277344 |     0 |    0 |      1.015
   475 | 0x003fed4f    |     -2.336426 |     0 |    0 |      1.015
   476 | 0x003fed69    |     -2.323730 |     0 |    0 |      1.015
   477 | 0x003fee04    |     -2.248047 |     0 |    0 |      1.010
   478 | 0x003fedac    |     -2.291016 |     0 |    0 |      1.015
   479 | 0x003fee0f    |     -2.242676 |     0 |    0 |      1.015
   480 | 0x003fedcc    |     -2.275391 |     0 |    0 |      1.015
   481 | 0x003fed8f    |     -2.305176 |     0 |    0 |      1.010
   482 | 0x003fed4e    |     -2.336914 |     0 |    0 |      1.015
   483 | 0x003fedd4    |     -2.271484 |     0 |    0 |      1.015
   484 | 0x003fed92    |     -2.303711 |     0 |    0 |      1.015
   485 | 0x003fed3f    |     -2.344238 |     0 |    0 |      1.010
   486 | 0x003fed63    |     -2.326660 |     0 |    0 |      1.015
   487 | 0x003fedbd    |     -2.282715 |     0 |    0 |      1.015
   488 | 0x003fed98    |     -2.300781 |     0 |    0 |      1.015
   489 | 0x003fed33    |     -2.350098 |     0 |    0 |      1.010
   490 | 0x003fed6c    |     -2.322266 |     0 |    0 |      1.015
   491 | 0x003fed52    |     -2.334961 |     0 |    0 |      1.015
   492 | 0x003fed32    |     -2.350586 |     0 |    0 |      1.015
   493 | 0x003fed8f    |     -2.305176 |     0 |    0 |      1.010
   494 | 0x003fed76    |     -2.317383 |     0 |    0 |      1.015
   495 | 0x003fed15    |     -2.364746 |     0 |    0 |      1.015
   496 | 0x003fecdf    |     -2.391113 |     0 |    0 |      1.015
   497 | 0x003fecb8    |     -2.410156 |     0 |    0 |      1.010
   498 | 0x003fecd9    |     -2.394043 |     0 |    0 |      1.015
   499 | 0x003fed35    |     -2.349121 |     0 |    0 |      1.015
   500 | 0x003feccc    |     -2.400391 |     0 |    0 |      1.015
   501 | 0x003fecb0    |     -2.414062 |     0 |    0 |      1.010
   502 | 0x003fed03    |     -2.373535 |     0 |    0 |      1.015
   503 | 0x003fecb6    |     -2.411133 |     0 |    0 |      1.015
   504 | 0x003fec15    |     -2.489746 |     0 |    0 |      1.015
   505 | 0x003feca6    |     -2.418945 |     0 |    0 |      1.010
   506 | 0x003fec87    |     -2.434082 |     0 |    0 |      1.015
   507 | 0x003fec57    |     -2.457520 |     0 |    0 |      1.015
   508 | 0x003fecaf    |     -2.414551 |     0 |    0 |      1.015
   509 | 0x003fec6a    |     -2.448242 |     0 |    0 |      1.010
   510 | 0x003fec10    |     -2.492188 |     0 |    0 |      1.015
   511 | 0x003fec5a    |     -2.456055 |     0 |    0 |      1.015
   512 | 0x003fec21    |     -2.483887 |     0 |    0 |      1.015
   513 | 0x003fec58    |     -2.457031 |     0 |    0 |      1.010
   514 | 0x003fed09    |     -2.370605 |     0 |    0 |      1.015
   515 | 0x003fec5f    |     -2.453613 |     0 |    0 |      1.015
   516 | 0x003febe6    |     -2.512695 |     0 |    0 |      1.015
   517 | 0x003fec89    |     -2.433105 |     0 |    0 |      1.010
   518 | 0x003fec73    |     -2.443848 |     0 |    0 |      1.015
   519 | 0x003fec3d    |     -2.470215 |     0 |    0 |      1.015
   520 | 0x003fecee    |     -2.383789 |     0 |    0 |      1.015
   521 | 0x003feca1    |     -2.421387 |     0 |    0 |      1.010
   522 | 0x003fec31    |     -2.476074 |     0 |    0 |      1.015
   523 | 0x003fec83    |     -2.436035 |     0 |    0 |      1.015
   524 | 0x003fecc3    |     -2.404785 |     0 |    0 |      1.015
   525 | 0x003fec5c    |     -2.455078 |     0 |    0 |      1.010
   526 | 0x003feca7    |     -2.418457 |     0 |    0 |      1.015
   527 | 0x003fecb0    |     -2.414062 |     0 |    0 |      1.015
   528 | 0x003fec9a    |     -2.424805 |     0 |    0 |      1.015
   529 | 0x003fec93    |     -2.428223 |     0 |    0 |      1.010
   530 | 0x003fece9    |     -2.386230 |     0 |    0 |      1.015
   531 | 0x003fecc4    |     -2.404297 |     0 |    0 |      1.015
   532 | 0x003fecb1    |     -2.413574 |     0 |    0 |      1.015
   533 | 0x003fecb8    |     -2.410156 |     0 |    0 |      1.010
   534 | 0x003feca4    |     -2.419922 |     0 |    0 |      1.015
   535 | 0x003fed13    |     -2.365723 |     0 |    0 |      1.015
   536 | 0x003fed25    |     -2.356934 |     0 |    0 |      1.015
   537 | 0x003fece2    |     -2.389648 |     0 |    0 |      1.010
   538 | 0x003fed3f    |     -2.344238 |     0 |    0 |      1.015
   539 | 0x003fecf8    |     -2.378906 |     0 |    0 |      1.015
   540 | 0x003fed81    |     -2.312012 |     0 |    0 |      1.015
   541 | 0x003fed41    |     -2.343262 |     0 |    0 |      1.010
   542 | 0x003fed83    |     -2.311035 |     0 |    0 |      1.015
   543 | 0x003fed1e    |     -2.360352 |     0 |    0 |      1.015
   544 | 0x003fed48    |     -2.339844 |     0 |    0 |      1.015
   545 | 0x003fed5a    |     -2.331055 |     0 |    0 |      1.010
   546 | 0x003fee18    |     -2.238281 |     0 |    0 |      1.015
   547 | 0x003fecf0    |     -2.382812 |     0 |    0 |      1.015
   548 | 0x003fed08    |     -2.371094 |     0 |    0 |      1.015
   549 | 0x003fee4f    |     -2.211426 |     0 |    0 |      1.010
   550 | 0x003fed24    |     -2.357422 |     0 |    0 |      1.015
   551 | 0x003fed2d    |     -2.353027 |     0 |    0 |      1.015
   552 | 0x003fee45    |     -2.216309 |     0 |    0 |      1.015
   553 | 0x003fedcd    |     -2.274902 |     0 |    0 |      1.010
   554 | 0x003fed91    |     -2.304199 |     0 |    0 |      1.015
   555 | 0x003fee6d    |     -2.196777 |     0 |    0 |      1.015
   556 | 0x003feda0    |     -2.296875 |     0 |    0 |      1.015
   557 | 0x003feda5    |     -2.294434 |     0 |    0 |      1.010
   558 | 0x003fee4a    |     -2.213867 |     0 |    0 |      1.015
   559 | 0x003fedb2    |     -2.288086 |     0 |    0 |      1.015
   560 | 0x003fed6a    |     -2.323242 |     0 |    0 |      1.015
   561 | 0x003feeb2    |     -2.163086 |     0 |    0 |      1.010
   562 | 0x003fed4e    |     -2.336914 |     0 |    0 |      1.015
   563 | 0x003fee0f    |     -2.242676 |     0 |    0 |      1.015
   564 | 0x003fedf8    |     -2.253906 |     0 |    0 |      1.015
   565 | 0x003fed90    |     -2.304688 |     0 |    0 |      1.010
   566 | 0x003fed9c    |     -2.298828 |     0 |    0 |      1.015
   567 | 0x003fee7f    |     -2.187988 |     0 |    0 |      1.015
   568 | 0x003fed3d    |     -2.345215 |     0 |    0 |      1.015
   569 | 0x003fed73    |     -2.318848 |     0 |    0 |      1.010
   570 | 0x003fed85    |     -2.310059 |     0 |    0 |      1.015
   571 | 0x003fed2d    |     -2.353027 |     0 |    0 |      1.015
   572 | 0x003fed5a    |     -2.331055 |     0 |    0 |      1.015
   573 | 0x003fedc3    |     -2.279785 |     0 |    0 |      1.010
   574 | 0x003fed50    |     -2.335938 |     0 |    0 |      1.015
   575 | 0x003fed4d    |     -2.337402 |     0 |    0 |      1.015
   576 | 0x003fed3a    |     -2.346680 |     0 |    0 |      1.015
   577 | 0x003fed2e    |     -2.352539 |     0 |    0 |      1.010
   578 | 0x003fed2a    |     -2.354492 |     0 |    0 |      1.015
   579 | 0x003feda0    |     -2.296875 |     0 |    0 |      1.015
   580 | 0x003fed99    |     -2.300293 |     0 |    0 |      1.015
   581 | 0x003fecdd    |     -2.392090 |     0 |    0 |      1.010
   582 | 0x003fed20    |     -2.359375 |     0 |    0 |      1.015
   583 | 0x003fed27    |     -2.355957 |     0 |    0 |      1.015
   584 | 0x003fecce    |     -2.399414 |     0 |    0 |      1.015
   585 | 0x003fed93    |     -2.303223 |     0 |    0 |      1.010
   586 | 0x003fed0a    |     -2.370117 |     0 |    0 |      1.015
   587 | 0x003fecaf    |     -2.414551 |     0 |    0 |      1.015
   588 | 0x003fecc3    |     -2.404785 |     0 |    0 |      1.015
   589 | 0x003fed60    |     -2.328125 |     0 |    0 |      1.010
   590 | 0x003fecf6    |     -2.379883 |     0 |    0 |      1.015
   591 | 0x003fed29    |     -2.354980 |     0 |    0 |      1.015
   592 | 0x003fed52    |     -2.334961 |     0 |    0 |      1.015
   593 | 0x003fecb5    |     -2.411621 |     0 |    0 |      1.010
   594 | 0x003feca8    |     -2.417969 |     0 |    0 |      1.015
   595 | 0x003fed12    |     -2.366211 |     0 |    0 |      1.015
   596 | 0x003fed0e    |     -2.368164 |     0 |    0 |      1.015
   597 | 0x003fed53    |     -2.334473 |     0 |    0 |      1.010
   598 | 0x003fed31    |     -2.351074 |     0 |    0 |      1.015
   599 | 0x003fecb6    |     -2.411133 |     0 |    0 |      1.015
   600 | 0x003fec95    |     -2.427246 |     0 |    0 |      1.015
   601 | 0x003fed79    |     -2.315918 |     0 |    0 |      1.010
   602 | 0x003fed7d    |     -2.313965 |     0 |    0 |      1.015
   603 | 0x003fed1e    |     -2.360352 |     0 |    0 |      1.015
   604 | 0x003fed2f    |     -2.352051 |     0 |    0 |      1.015
   605 | 0x003fed69    |     -2.323730 |     0 |    0 |      1.010
   606 | 0x003fec47    |     -2.465332 |     0 |    0 |      1.015
   607 | 0x003fed4b    |     -2.338379 |     0 |    0 |      1.015
   608 | 0x003fed99    |     -2.300293 |     0 |    0 |      1.015
   609 | 0x003feced    |     -2.384277 |     0 |    0 |      1.010
   610 | 0x003fecef    |     -2.383301 |     0 |    0 |      1.015
   611 | 0x003fed96    |     -2.301758 |     0 |    0 |      1.015
   612 | 0x003fec22    |     -2.483398 |     0 |    0 |      1.015
   613 | 0x003fed25    |     -2.356934 |     0 |    0 |      1.010
   614 | 0x003fed86    |     -2.309570 |     0 |    0 |      1.015
   615 | 0x003fec5b    |     -2.455566 |     0 |    0 |      1.015
   616 | 0x003fece2    |     -2.389648 |     0 |    0 |      1.015
   617 | 0x003fed60    |     -2.328125 |     0 |    0 |      1.010
   618 | 0x003fec00    |     -2.500000 |     0 |    0 |      1.015
   619 | 0x003fecae    |     -2.415039 |     0 |    0 |      1.015
   620 | 0x003fed82    |     -2.311523 |     0 |    0 |      1.015
   621 | 0x003fec23    |     -2.482910 |     0 |    0 |      1.010
   622 | 0x003fecbe    |     -2.407227 |     0 |    0 |      1.015
   623 | 0x003fed68    |     -2.324219 |     0 |    0 |      1.015
   624 | 0x003fec67    |     -2.449707 |     0 |    0 |      1.015
   625 | 0x003fec92    |     -2.428711 |     0 |    0 |      1.010
   626 | 0x003fed8d    |     -2.306152 |     0 |    0 |      1.015
   627 | 0x003fec5b    |     -2.455566 |     0 |    0 |      1.015
   628 | 0x003fed0b    |     -2.369629 |     0 |    0 |      1.015
   629 | 0x003fed6f    |     -2.320801 |     0 |    0 |      1.010
   630 | 0x003fecd8    |     -2.394531 |     0 |    0 |      1.015
   631 | 0x003fec97    |     -2.426270 |     0 |    0 |      1.015
   632 | 0x003fedef    |     -2.258301 |     0 |    0 |      1.015
   633 | 0x003fecba    |     -2.409180 |     0 |    0 |      1.010
   634 | 0x003fed16    |     -2.364258 |     0 |    0 |      1.015
   635 | 0x003fed86    |     -2.309570 |     0 |    0 |      1.015
   636 | 0x003fed13    |     -2.365723 |     0 |    0 |      1.015
   637 | 0x003fed83    |     -2.311035 |     0 |    0 |      1.010
   638 | 0x003fee09    |     -2.245605 |     0 |    0 |      1.015
   639 | 0x003fecfe    |     -2.375977 |     0 |    0 |      1.015
   640 | 0x003fed99    |     -2.300293 |     0 |    0 |      1.015
   641 | 0x003fee0f    |     -2.242676 |     0 |    0 |      1.010
   642 | 0x003fed82    |     -2.311523 |     0 |    0 |      1.015
   643 | 0x003fee21    |     -2.233887 |     0 |    0 |      1.015
   644 | 0x003fee34    |     -2.224609 |     0 |    0 |      1.015
   645 | 0x003fed74    |     -2.318359 |     0 |    0 |      1.010
   646 | 0x003fedd1    |     -2.272949 |     0 |    0 |      1.015
   647 | 0x003fedf3    |     -2.256348 |     0 |    0 |      1.015
   648 | 0x003fed7b    |     -2.314941 |     0 |    0 |      1.015
   649 | 0x003fee96    |     -2.176758 |     0 |    0 |      1.010
   650 | 0x003fee11    |     -2.241699 |     0 |    0 |      1.015
   651 | 0x003fed4b    |     -2.338379 |     0 |    0 |      1.015
   652 | 0x003feda2    |     -2.295898 |     0 |    0 |      1.015
   653 | 0x003fee3a    |     -2.221680 |     0 |    0 |      1.010
   654 | 0x003fed40    |     -2.343750 |     0 |    0 |      1.015
   655 | 0x003fee65    |     -2.200684 |     0 |    0 |      1.015
   656 | 0x003fed8d    |     -2.306152 |     0 |    0 |      1.015
   657 | 0x003fed0b    |     -2.369629 |     0 |    0 |      1.010
   658 | 0x003fed63    |     -2.326660 |     0 |    0 |      1.015
   659 | 0x003fedc1    |     -2.280762 |     0 |    0 |      1.015
   660 | 0x003fed3c    |     -2.345703 |     0 |    0 |      1.015
   661 | 0x003fee06    |     -2.247070 |     0 |    0 |      1.010
   662 | 0x003fed31    |     -2.351074 |     0 |    0 |      1.015
   663 | 0x003feceb    |     -2.385254 |     0 |    0 |      1.015
   664 | 0x003fed92    |     -2.303711 |     0 |    0 |      1.015
   665 | 0x003fed6f    |     -2.320801 |     0 |    0 |      1.010
   666 | 0x003fece1    |     -2.390137 |     0 |    0 |      1.015
   667 | 0x003fed95    |     -2.302246 |     0 |    0 |      1.015
   668 | 0x003feccf    |     -2.398926 |     0 |    0 |      1.015
   669 | 0x003feca6    |     -2.418945 |     0 |    0 |      1.010
   670 | 0x003fedcb    |     -2.275879 |     0 |    0 |      1.015
   671 | 0x003fecd9    |     -2.394043 |     0 |    0 |      1.015
   672 | 0x003fecaa    |     -2.416992 |     0 |    0 |      1.015
   673 | 0x003fed3b    |     -2.346191 |     0 |    0 |      1.010
   674 | 0x003fed1a    |     -2.362305 |     0 |    0 |      1.015
   675 | 0x003fece9    |     -2.386230 |     0 |    0 |      1.015
   676 | 0x003fed86    |     -2.309570 |     0 |    0 |      1.015
   677 | 0x003feca0    |     -2.421875 |     0 |    0 |      1.010
   678 | 0x003fed16    |     -2.364258 |     0 |    0 |      1.015
   679 | 0x003fed76    |     -2.317383 |     0 |    0 |      1.015
   680 | 0x003fed9f    |     -2.297363 |     0 |    0 |      1.015
   681 | 0x003fed56    |     -2.333008 |     0 |    0 |      1.010
   682 | 0x003fee25    |     -2.231934 |     0 |    0 |      1.015
   683 | 0x003fed6a    |     -2.323242 |     0 |    0 |      1.015
   684 | 0x003fed97    |     -2.301270 |     0 |    0 |      1.015
   685 | 0x003fee51    |     -2.210449 |     0 |    0 |      1.010
   686 | 0x003fee40    |     -2.218750 |     0 |    0 |      1.015
   687 | 0x003fedaa    |     -2.291992 |     0 |    0 |      1.015
   688 | 0x003fee71    |     -2.194824 |     0 |    0 |      1.015
   689 | 0x003fee1e    |     -2.235352 |     0 |    0 |      1.010
   690 | 0x003fee51    |     -2.210449 |     0 |    0 |      1.015
   691 | 0x003feea3    |     -2.170410 |     0 |    0 |      1.015
   692 | 0x003fee9a    |     -2.174805 |     0 |    0 |      1.015
   693 | 0x003fee09    |     -2.245605 |     0 |    0 |      1.010
   694 | 0x003fee7b    |     -2.189941 |     0 |    0 |      1.015
   695 | 0x003feeb7    |     -2.160645 |     0 |    0 |      1.015
   696 | 0x003fee78    |     -2.191406 |     0 |    0 |      1.015
   697 | 0x003feed2    |     -2.147461 |     0 |    0 |      1.010
   698 | 0x003feea1    |     -2.171387 |     0 |    0 |      1.015
   699 | 0x003fedf7    |     -2.254395 |     0 |    0 |      1.015
   700 | 0x003fef08    |     -2.121094 |     0 |    0 |      1.015
   701 | 0x003feeda    |     -2.143555 |     0 |    0 |      1.010
   702 | 0x003fef51    |     -2.085449 |     0 |    0 |      1.015
   703 | 0x003feefc    |     -2.126953 |     0 |    0 |      1.015
   704 | 0x003fee90    |     -2.179688 |     0 |    0 |      1.015
   705 | 0x003fee66    |     -2.200195 |     0 |    0 |      1.010
   706 | 0x003fef06    |     -2.122070 |     0 |    0 |      1.015
   707 | 0x003feeb5    |     -2.161621 |     0 |    0 |      1.015
   708 | 0x003fef6a    |     -2.073242 |     0 |    0 |      1.015
   709 | 0x003fee6c    |     -2.197266 |     0 |    0 |      1.010
   710 | 0x003fee91    |     -2.179199 |     0 |    0 |      1.015
   711 | 0x003fee49    |     -2.214355 |     0 |    0 |      1.015
   712 | 0x003fee74    |     -2.193359 |     0 |    0 |      1.015
   713 | 0x003feecf    |     -2.148926 |     0 |    0 |      1.010
   714 | 0x003fefbb    |     -2.033691 |     0 |    0 |      1.015
   715 | 0x003fedde    |     -2.266602 |     0 |    0 |      1.015
   716 | 0x003fee57    |     -2.207520 |     0 |    0 |      1.015
   717 | 0x003fee3a    |     -2.221680 |     0 |    0 |      1.010
   718 | 0x003fee0f    |     -2.242676 |     0 |    0 |      1.015
   719 | 0x003fee2a    |     -2.229492 |     0 |    0 |      1.015
   720 | 0x003feef8    |     -2.128906 |     0 |    0 |      1.015
   721 | 0x003fed4f    |     -2.336426 |     0 |    0 |      1.010
   722 | 0x003fee1d    |     -2.235840 |     0 |    0 |      1.015
   723 | 0x003fedd2    |     -2.272461 |     0 |    0 |      1.015
   724 | 0x003fecea    |     -2.385742 |     0 |    0 |      1.015
   725 | 0x003fee08    |     -2.246094 |     0 |    0 |      1.010
   726 | 0x003fee7d    |     -2.188965 |     0 |    0 |      1.015
   727 | 0x003feca6    |     -2.418945 |     0 |    0 |      1.015
   728 | 0x003fedc7    |     -2.277832 |     0 |    0 |      1.015
   729 | 0x003fedc1    |     -2.280762 |     0 |    0 |      1.010
   730 | 0x003fecb9    |     -2.409668 |     0 |    0 |      1.015
   731 | 0x003fedb3    |     -2.287598 |     0 |    0 |      1.015
   732 | 0x003fee75    |     -2.192871 |     0 |    0 |      1.015
   733 | 0x003fed1e    |     -2.360352 |     0 |    0 |      1.010
   734 | 0x003fed98    |     -2.300781 |     0 |    0 |      1.015
   735 | 0x003feda9    |     -2.292480 |     0 |    0 |      1.015
   736 | 0x003fecd1    |     -2.397949 |     0 |    0 |      1.015
   737 | 0x003fed79    |     -2.315918 |     0 |    0 |      1.010
   738 | 0x003fed9a    |     -2.299805 |     0 |    0 |      1.015
   739 | 0x003fec89    |     -2.433105 |     0 |    0 |      1.015
   740 | 0x003fed81    |     -2.312012 |     0 |    0 |      1.015
   741 | 0x003fed4d    |     -2.337402 |     0 |    0 |      1.010
   742 | 0x003fec8e    |     -2.430664 |     0 |    0 |      1.015
   743 | 0x003fed52    |     -2.334961 |     0 |    0 |      1.015
   744 | 0x003fed59    |     -2.331543 |     0 |    0 |      1.015

=============================================================
                    SIMULATION SUMMARY
=============================================================
Top module:       AI_TRIGGER_TOP
CNN cores:        5 (parallel, round-robin)
ADC_SRC_CLK:      250.0 MHz (4.000 ns period)
CLK_ADC:          250.0 MHz (4.000 ns period)
CLK_CNN:          200.0 MHz (5.000 ns period)
CNN_THRESH:       0 raw (0.0000 float)
Score threshold:  0.0000 float
-------------------------------------------------------------
Samples sent:     745
Results received: 745
Output drain:     8192 quiet CLK_CNN cycles
Chunk overflows:  0 (should be 0 in normal operation)
ADC input overflows: 0
Events saved:     30
Event batches:    1920
Dropped triggers: 0
Ring misses:      0
Correct:          715 / 745 (95.97%)
-------------------------------------------------------------
Avg latency:      202.7 CLK_CNN cycles  (1.014 us)
Total sim time:   814.020 us
Throughput:       915210.93 samples/sec
=============================================================
Results saved to: /home/work1/Works/AI-Trigger-System/build/real_noise_scan/signal_10rms_offset/scores.csv
Events saved to:  /home/work1/Works/AI-Trigger-System/build/real_noise_scan/signal_10rms_offset/events.csv
Simulation complete.
$finish called at time : 814226 ns : File "/home/work1/Works/AI-Trigger-System/HDL/sim/tb_ai_trigger_top.sv" Line 284
INFO: xsimkernel Simulation Memory Usage: 166952 KB (Peak: 194156 KB), Simulation CPU Usage: 18320 ms
